index,aoi,id,resolution,Mask,Sat,Dark,Shadow,Veg,Bare,Water,Unknown,Cl_Med,Cl_High,Cl_Cirrus,Snow,Total_pixels,NoData_pixels,NoData_pc,aoi_width,aoi_height,runtime,Cl_all,Mask_diff,Sat_diff,Dark_diff,Shadow_diff,Veg_diff,Bare_diff,Water_diff,Unknown_diff,Cl_Med_diff,Cl_High_diff,Cl_Cirrus_diff,Snow_diff,Cl_all_diff,diff_max,tile_size
4224,palawan_outer_east_small_1000_0,S2A_MSIL2A_20230601T021611_R003_T50PQT_20230601T103139,20,,0.0,0.0,0.0,0.0,0.0,0.0,0.0,100.0,0.0,0.0,0.0,2500,0,0.0,1000.0000000009313,1000.0000000002328,0.3785109519958496,100.0,,0.0,0.0,0.0,0.0,0.0,0.0,0.0,0.0,0.0,0.0,0.0,0.0,0.0,1000.0
4231,palawan_outer_east_small_1000_0,S2A_MSIL2A_20230601T021611_R003_T50PQT_20230601T103139,50,,0.0,0.0,0.0,0.0,0.0,0.0,0.0,100.0,0.0,0.0,0.0,400,0,0.0,1000.0000000009313,1000.0000000002328,0.39967989921569824,100.0,,0.0,0.0,0.0,0.0,0.0,0.0,0.0,0.0,0.0,0.0,0.0,0.0,0.0,1000.0
4238,palawan_outer_east_small_1000_0,S2A_MSIL2A_20230601T021611_R003_T50PQT_20230601T103139,100,,0.0,0.0,0.0,0.0,0.0,0.0,0.0,100.0,0.0,0.0,0.0,100,0,0.0,1000.0000000009313,1000.0000000002328,0.36876654624938965,100.0,,0.0,0.0,0.0,0.0,0.0,0.0,0.0,0.0,0.0,0.0,0.0,0.0,0.0,1000.0
4245,palawan_outer_east_small_1000_0,S2A_MSIL2A_20230601T021611_R003_T50PQT_20230601T103139,200,,0.0,0.0,0.0,0.0,0.0,0.0,0.0,100.0,0.0,0.0,0.0,25,0,0.0,1000.0000000009313,1000.0000000002328,0.3984496593475342,100.0,,0.0,0.0,0.0,0.0,0.0,0.0,0.0,0.0,0.0,0.0,0.0,0.0,0.0,1000.0
4252,palawan_outer_east_small_1000_0,S2A_MSIL2A_20230601T021611_R003_T50PQT_20230601T103139,500,,0.0,0.0,0.0,0.0,0.0,0.0,0.0,100.0,0.0,0.0,0.0,4,0,0.0,1000.0000000009313,1000.0000000002328,0.3740196228027344,100.0,,0.0,0.0,0.0,0.0,0.0,0.0,0.0,0.0,0.0,0.0,0.0,0.0,0.0,1000.0
4259,palawan_outer_east_small_1000_0,S2A_MSIL2A_20230601T021611_R003_T50PQT_20230601T103139,1000,,0.0,0.0,0.0,0.0,0.0,0.0,0.0,100.0,0.0,0.0,0.0,1,0,0.0,1000.0000000009313,1000.0000000002328,0.40525388717651367,100.0,,0.0,0.0,0.0,0.0,0.0,0.0,0.0,0.0,0.0,0.0,0.0,0.0,0.0,1000.0
4226,palawan_outer_east_small_1000_0,S2A_MSIL2A_20230611T021541_R003_T50PQT_20230611T092421,20,,0.0,0.0,0.0,0.0,0.0,0.0,0.0,100.0,0.0,0.0,0.0,2500,0,0.0,1000.0000000009313,1000.0000000002328,0.3785109519958496,100.0,,0.0,0.0,0.0,0.0,0.0,0.0,0.0,0.0,0.0,0.0,0.0,0.0,0.0,1000.0
4233,palawan_outer_east_small_1000_0,S2A_MSIL2A_20230611T021541_R003_T50PQT_20230611T092421,50,,0.0,0.0,0.0,0.0,0.0,0.0,0.0,100.0,0.0,0.0,0.0,400,0,0.0,1000.0000000009313,1000.0000000002328,0.39967989921569824,100.0,,0.0,0.0,0.0,0.0,0.0,0.0,0.0,0.0,0.0,0.0,0.0,0.0,0.0,1000.0
4240,palawan_outer_east_small_1000_0,S2A_MSIL2A_20230611T021541_R003_T50PQT_20230611T092421,100,,0.0,0.0,0.0,0.0,0.0,0.0,0.0,100.0,0.0,0.0,0.0,100,0,0.0,1000.0000000009313,1000.0000000002328,0.36876654624938965,100.0,,0.0,0.0,0.0,0.0,0.0,0.0,0.0,0.0,0.0,0.0,0.0,0.0,0.0,1000.0
4247,palawan_outer_east_small_1000_0,S2A_MSIL2A_20230611T021541_R003_T50PQT_20230611T092421,200,,0.0,0.0,0.0,0.0,0.0,0.0,0.0,100.0,0.0,0.0,0.0,25,0,0.0,1000.0000000009313,1000.0000000002328,0.3984496593475342,100.0,,0.0,0.0,0.0,0.0,0.0,0.0,0.0,0.0,0.0,0.0,0.0,0.0,0.0,1000.0
4254,palawan_outer_east_small_1000_0,S2A_MSIL2A_20230611T021541_R003_T50PQT_20230611T092421,500,,0.0,0.0,0.0,0.0,0.0,0.0,0.0,100.0,0.0,0.0,0.0,4,0,0.0,1000.0000000009313,1000.0000000002328,0.3740196228027344,100.0,,0.0,0.0,0.0,0.0,0.0,0.0,0.0,0.0,0.0,0.0,0.0,0.0,0.0,1000.0
4261,palawan_outer_east_small_1000_0,S2A_MSIL2A_20230611T021541_R003_T50PQT_20230611T092421,1000,,0.0,0.0,0.0,0.0,0.0,0.0,0.0,100.0,0.0,0.0,0.0,1,0,0.0,1000.0000000009313,1000.0000000002328,0.40525388717651367,100.0,,0.0,0.0,0.0,0.0,0.0,0.0,0.0,0.0,0.0,0.0,0.0,0.0,0.0,1000.0
4228,palawan_outer_east_small_1000_0,S2A_MSIL2A_20230621T021541_R003_T50PQT_20230621T085836,20,,0.0,0.0,0.0,0.0,0.0,5.12,0.0,0.0,0.0,94.88,0.0,2500,0,0.0,1000.0000000009313,1000.0000000002328,0.3785109519958496,94.88,,0.0,0.0,0.0,0.0,0.0,0.0,0.0,0.0,0.0,0.0,0.0,0.0,0.0,1000.0
4235,palawan_outer_east_small_1000_0,S2A_MSIL2A_20230621T021541_R003_T50PQT_20230621T085836,50,,0.0,0.0,0.0,0.0,0.0,5.0,0.0,0.0,0.0,95.0,0.0,400,0,0.0,1000.0000000009313,1000.0000000002328,0.39967989921569824,95.0,,0.0,0.0,0.0,0.0,0.0,-0.1200000000000001,0.0,0.0,0.0,0.12000000000000455,0.0,0.12000000000000455,0.12000000000000455,1000.0
4242,palawan_outer_east_small_1000_0,S2A_MSIL2A_20230621T021541_R003_T50PQT_20230621T085836,100,,0.0,0.0,0.0,0.0,0.0,3.0,0.0,0.0,0.0,97.0,0.0,100,0,0.0,1000.0000000009313,1000.0000000002328,0.36876654624938965,97.0,,0.0,0.0,0.0,0.0,0.0,-2.12,0.0,0.0,0.0,2.1200000000000045,0.0,2.1200000000000045,2.1200000000000045,1000.0
4249,palawan_outer_east_small_1000_0,S2A_MSIL2A_20230621T021541_R003_T50PQT_20230621T085836,200,,0.0,0.0,0.0,0.0,0.0,0.0,0.0,0.0,0.0,100.0,0.0,25,0,0.0,1000.0000000009313,1000.0000000002328,0.3984496593475342,100.0,,0.0,0.0,0.0,0.0,0.0,-5.12,0.0,0.0,0.0,5.1200000000000045,0.0,5.1200000000000045,5.1200000000000045,1000.0
4256,palawan_outer_east_small_1000_0,S2A_MSIL2A_20230621T021541_R003_T50PQT_20230621T085836,500,,0.0,0.0,0.0,0.0,0.0,0.0,0.0,0.0,0.0,100.0,0.0,4,0,0.0,1000.0000000009313,1000.0000000002328,0.3740196228027344,100.0,,0.0,0.0,0.0,0.0,0.0,-5.12,0.0,0.0,0.0,5.1200000000000045,0.0,5.1200000000000045,5.1200000000000045,1000.0
4263,palawan_outer_east_small_1000_0,S2A_MSIL2A_20230621T021541_R003_T50PQT_20230621T085836,1000,,0.0,0.0,0.0,0.0,0.0,0.0,0.0,0.0,0.0,100.0,0.0,1,0,0.0,1000.0000000009313,1000.0000000002328,0.40525388717651367,100.0,,0.0,0.0,0.0,0.0,0.0,-5.12,0.0,0.0,0.0,5.1200000000000045,0.0,5.1200000000000045,5.1200000000000045,1000.0
4230,palawan_outer_east_small_1000_0,S2A_MSIL2A_20230701T021541_R003_T50PQT_20230701T082624,20,,0.0,0.0,0.0,0.0,0.0,100.0,0.0,0.0,0.0,0.0,0.0,2500,0,0.0,1000.0000000009313,1000.0000000002328,0.3785109519958496,0.0,,0.0,0.0,0.0,0.0,0.0,0.0,0.0,0.0,0.0,0.0,0.0,0.0,0.0,1000.0
4237,palawan_outer_east_small_1000_0,S2A_MSIL2A_20230701T021541_R003_T50PQT_20230701T082624,50,,0.0,0.0,0.0,0.0,0.0,100.0,0.0,0.0,0.0,0.0,0.0,400,0,0.0,1000.0000000009313,1000.0000000002328,0.39967989921569824,0.0,,0.0,0.0,0.0,0.0,0.0,0.0,0.0,0.0,0.0,0.0,0.0,0.0,0.0,1000.0
4244,palawan_outer_east_small_1000_0,S2A_MSIL2A_20230701T021541_R003_T50PQT_20230701T082624,100,,0.0,0.0,0.0,0.0,0.0,100.0,0.0,0.0,0.0,0.0,0.0,100,0,0.0,1000.0000000009313,1000.0000000002328,0.36876654624938965,0.0,,0.0,0.0,0.0,0.0,0.0,0.0,0.0,0.0,0.0,0.0,0.0,0.0,0.0,1000.0
4251,palawan_outer_east_small_1000_0,S2A_MSIL2A_20230701T021541_R003_T50PQT_20230701T082624,200,,0.0,0.0,0.0,0.0,0.0,100.0,0.0,0.0,0.0,0.0,0.0,25,0,0.0,1000.0000000009313,1000.0000000002328,0.3984496593475342,0.0,,0.0,0.0,0.0,0.0,0.0,0.0,0.0,0.0,0.0,0.0,0.0,0.0,0.0,1000.0
4258,palawan_outer_east_small_1000_0,S2A_MSIL2A_20230701T021541_R003_T50PQT_20230701T082624,500,,0.0,0.0,0.0,0.0,0.0,100.0,0.0,0.0,0.0,0.0,0.0,4,0,0.0,1000.0000000009313,1000.0000000002328,0.3740196228027344,0.0,,0.0,0.0,0.0,0.0,0.0,0.0,0.0,0.0,0.0,0.0,0.0,0.0,0.0,1000.0
4265,palawan_outer_east_small_1000_0,S2A_MSIL2A_20230701T021541_R003_T50PQT_20230701T082624,1000,,0.0,0.0,0.0,0.0,0.0,100.0,0.0,0.0,0.0,0.0,0.0,1,0,0.0,1000.0000000009313,1000.0000000002328,0.40525388717651367,0.0,,0.0,0.0,0.0,0.0,0.0,0.0,0.0,0.0,0.0,0.0,0.0,0.0,0.0,1000.0
4225,palawan_outer_east_small_1000_0,S2B_MSIL2A_20230606T021539_R003_T50PQT_20230606T073506,20,,0.0,0.0,0.0,0.0,0.0,100.0,0.0,0.0,0.0,0.0,0.0,2500,0,0.0,1000.0000000009313,1000.0000000002328,0.3785109519958496,0.0,,0.0,0.0,0.0,0.0,0.0,0.0,0.0,0.0,0.0,0.0,0.0,0.0,0.0,1000.0
4232,palawan_outer_east_small_1000_0,S2B_MSIL2A_20230606T021539_R003_T50PQT_20230606T073506,50,,0.0,0.0,0.0,0.0,0.0,100.0,0.0,0.0,0.0,0.0,0.0,400,0,0.0,1000.0000000009313,1000.0000000002328,0.39967989921569824,0.0,,0.0,0.0,0.0,0.0,0.0,0.0,0.0,0.0,0.0,0.0,0.0,0.0,0.0,1000.0
4239,palawan_outer_east_small_1000_0,S2B_MSIL2A_20230606T021539_R003_T50PQT_20230606T073506,100,,0.0,0.0,0.0,0.0,0.0,100.0,0.0,0.0,0.0,0.0,0.0,100,0,0.0,1000.0000000009313,1000.0000000002328,0.36876654624938965,0.0,,0.0,0.0,0.0,0.0,0.0,0.0,0.0,0.0,0.0,0.0,0.0,0.0,0.0,1000.0
4246,palawan_outer_east_small_1000_0,S2B_MSIL2A_20230606T021539_R003_T50PQT_20230606T073506,200,,0.0,0.0,0.0,0.0,0.0,100.0,0.0,0.0,0.0,0.0,0.0,25,0,0.0,1000.0000000009313,1000.0000000002328,0.3984496593475342,0.0,,0.0,0.0,0.0,0.0,0.0,0.0,0.0,0.0,0.0,0.0,0.0,0.0,0.0,1000.0
4253,palawan_outer_east_small_1000_0,S2B_MSIL2A_20230606T021539_R003_T50PQT_20230606T073506,500,,0.0,0.0,0.0,0.0,0.0,100.0,0.0,0.0,0.0,0.0,0.0,4,0,0.0,1000.0000000009313,1000.0000000002328,0.3740196228027344,0.0,,0.0,0.0,0.0,0.0,0.0,0.0,0.0,0.0,0.0,0.0,0.0,0.0,0.0,1000.0
4260,palawan_outer_east_small_1000_0,S2B_MSIL2A_20230606T021539_R003_T50PQT_20230606T073506,1000,,0.0,0.0,0.0,0.0,0.0,100.0,0.0,0.0,0.0,0.0,0.0,1,0,0.0,1000.0000000009313,1000.0000000002328,0.40525388717651367,0.0,,0.0,0.0,0.0,0.0,0.0,0.0,0.0,0.0,0.0,0.0,0.0,0.0,0.0,1000.0
4227,palawan_outer_east_small_1000_0,S2B_MSIL2A_20230616T021539_R003_T50PQT_20230616T083239,20,,0.0,0.0,0.0,0.0,0.0,0.0,0.0,0.0,0.0,100.0,0.0,2500,0,0.0,1000.0000000009313,1000.0000000002328,0.3785109519958496,100.0,,0.0,0.0,0.0,0.0,0.0,0.0,0.0,0.0,0.0,0.0,0.0,0.0,0.0,1000.0
4234,palawan_outer_east_small_1000_0,S2B_MSIL2A_20230616T021539_R003_T50PQT_20230616T083239,50,,0.0,0.0,0.0,0.0,0.0,0.0,0.0,0.0,0.0,100.0,0.0,400,0,0.0,1000.0000000009313,1000.0000000002328,0.39967989921569824,100.0,,0.0,0.0,0.0,0.0,0.0,0.0,0.0,0.0,0.0,0.0,0.0,0.0,0.0,1000.0
4241,palawan_outer_east_small_1000_0,S2B_MSIL2A_20230616T021539_R003_T50PQT_20230616T083239,100,,0.0,0.0,0.0,0.0,0.0,0.0,0.0,0.0,0.0,100.0,0.0,100,0,0.0,1000.0000000009313,1000.0000000002328,0.36876654624938965,100.0,,0.0,0.0,0.0,0.0,0.0,0.0,0.0,0.0,0.0,0.0,0.0,0.0,0.0,1000.0
4248,palawan_outer_east_small_1000_0,S2B_MSIL2A_20230616T021539_R003_T50PQT_20230616T083239,200,,0.0,0.0,0.0,0.0,0.0,0.0,0.0,0.0,0.0,100.0,0.0,25,0,0.0,1000.0000000009313,1000.0000000002328,0.3984496593475342,100.0,,0.0,0.0,0.0,0.0,0.0,0.0,0.0,0.0,0.0,0.0,0.0,0.0,0.0,1000.0
4255,palawan_outer_east_small_1000_0,S2B_MSIL2A_20230616T021539_R003_T50PQT_20230616T083239,500,,0.0,0.0,0.0,0.0,0.0,0.0,0.0,0.0,0.0,100.0,0.0,4,0,0.0,1000.0000000009313,1000.0000000002328,0.3740196228027344,100.0,,0.0,0.0,0.0,0.0,0.0,0.0,0.0,0.0,0.0,0.0,0.0,0.0,0.0,1000.0
4262,palawan_outer_east_small_1000_0,S2B_MSIL2A_20230616T021539_R003_T50PQT_20230616T083239,1000,,0.0,0.0,0.0,0.0,0.0,0.0,0.0,0.0,0.0,100.0,0.0,1,0,0.0,1000.0000000009313,1000.0000000002328,0.40525388717651367,100.0,,0.0,0.0,0.0,0.0,0.0,0.0,0.0,0.0,0.0,0.0,0.0,0.0,0.0,1000.0
4229,palawan_outer_east_small_1000_0,S2B_MSIL2A_20230626T021539_R003_T50PQT_20230626T074054,20,,0.0,0.0,0.0,0.0,0.0,0.0,0.0,83.28,0.0,16.72,0.0,2500,0,0.0,1000.0000000009313,1000.0000000002328,0.3785109519958496,100.0,,0.0,0.0,0.0,0.0,0.0,0.0,0.0,0.0,0.0,0.0,0.0,0.0,0.0,1000.0
4236,palawan_outer_east_small_1000_0,S2B_MSIL2A_20230626T021539_R003_T50PQT_20230626T074054,50,,0.0,0.0,0.0,0.0,0.0,0.0,0.0,81.75,0.0,18.25,0.0,400,0,0.0,1000.0000000009313,1000.0000000002328,0.39967989921569824,100.0,,0.0,0.0,0.0,0.0,0.0,0.0,0.0,-1.5300000000000011,0.0,1.5300000000000011,0.0,0.0,0.0,1000.0
4243,palawan_outer_east_small_1000_0,S2B_MSIL2A_20230626T021539_R003_T50PQT_20230626T074054,100,,0.0,0.0,0.0,0.0,0.0,0.0,0.0,75.0,0.0,25.0,0.0,100,0,0.0,1000.0000000009313,1000.0000000002328,0.36876654624938965,100.0,,0.0,0.0,0.0,0.0,0.0,0.0,0.0,-8.280000000000001,0.0,8.280000000000001,0.0,0.0,0.0,1000.0
4250,palawan_outer_east_small_1000_0,S2B_MSIL2A_20230626T021539_R003_T50PQT_20230626T074054,200,,0.0,0.0,0.0,0.0,0.0,0.0,0.0,68.0,0.0,32.0,0.0,25,0,0.0,1000.0000000009313,1000.0000000002328,0.3984496593475342,100.0,,0.0,0.0,0.0,0.0,0.0,0.0,0.0,-15.280000000000001,0.0,15.280000000000001,0.0,0.0,0.0,1000.0
4257,palawan_outer_east_small_1000_0,S2B_MSIL2A_20230626T021539_R003_T50PQT_20230626T074054,500,,0.0,0.0,0.0,0.0,0.0,0.0,0.0,50.0,0.0,50.0,0.0,4,0,0.0,1000.0000000009313,1000.0000000002328,0.3740196228027344,100.0,,0.0,0.0,0.0,0.0,0.0,0.0,0.0,-33.28,0.0,33.28,0.0,0.0,0.0,1000.0
4264,palawan_outer_east_small_1000_0,S2B_MSIL2A_20230626T021539_R003_T50PQT_20230626T074054,1000,,0.0,0.0,0.0,0.0,0.0,0.0,0.0,100.0,0.0,0.0,0.0,1,0,0.0,1000.0000000009313,1000.0000000002328,0.40525388717651367,100.0,,0.0,0.0,0.0,0.0,0.0,0.0,0.0,16.72,0.0,-16.72,0.0,0.0,0.0,1000.0
4266,palawan_outer_east_small_1000_1,S2A_MSIL2A_20230601T021611_R003_T50PQT_20230601T103139,20,,0.0,0.0,0.0,0.0,0.0,0.0,0.0,100.0,0.0,0.0,0.0,2500,0,0.0,1000.0000000004657,1000.0000000002328,0.38070249557495117,100.0,,0.0,0.0,0.0,0.0,0.0,0.0,0.0,0.0,0.0,0.0,0.0,0.0,0.0,1000.0
4273,palawan_outer_east_small_1000_1,S2A_MSIL2A_20230601T021611_R003_T50PQT_20230601T103139,50,,0.0,0.0,0.0,0.0,0.0,0.0,0.0,100.0,0.0,0.0,0.0,400,0,0.0,1000.0000000004657,1000.0000000002328,0.5368714332580566,100.0,,0.0,0.0,0.0,0.0,0.0,0.0,0.0,0.0,0.0,0.0,0.0,0.0,0.0,1000.0
4280,palawan_outer_east_small_1000_1,S2A_MSIL2A_20230601T021611_R003_T50PQT_20230601T103139,100,,0.0,0.0,0.0,0.0,0.0,0.0,0.0,100.0,0.0,0.0,0.0,100,0,0.0,1000.0000000004657,1000.0000000002328,0.36331820487976074,100.0,,0.0,0.0,0.0,0.0,0.0,0.0,0.0,0.0,0.0,0.0,0.0,0.0,0.0,1000.0
4287,palawan_outer_east_small_1000_1,S2A_MSIL2A_20230601T021611_R003_T50PQT_20230601T103139,200,,0.0,0.0,0.0,0.0,0.0,0.0,0.0,100.0,0.0,0.0,0.0,25,0,0.0,1000.0000000004657,1000.0000000002328,0.3824343681335449,100.0,,0.0,0.0,0.0,0.0,0.0,0.0,0.0,0.0,0.0,0.0,0.0,0.0,0.0,1000.0
4294,palawan_outer_east_small_1000_1,S2A_MSIL2A_20230601T021611_R003_T50PQT_20230601T103139,500,,0.0,0.0,0.0,0.0,0.0,0.0,0.0,100.0,0.0,0.0,0.0,4,0,0.0,1000.0000000004657,1000.0000000002328,0.38349437713623047,100.0,,0.0,0.0,0.0,0.0,0.0,0.0,0.0,0.0,0.0,0.0,0.0,0.0,0.0,1000.0
4301,palawan_outer_east_small_1000_1,S2A_MSIL2A_20230601T021611_R003_T50PQT_20230601T103139,1000,,0.0,0.0,0.0,0.0,0.0,0.0,0.0,100.0,0.0,0.0,0.0,1,0,0.0,1000.0000000004657,1000.0000000002328,0.42561912536621094,100.0,,0.0,0.0,0.0,0.0,0.0,0.0,0.0,0.0,0.0,0.0,0.0,0.0,0.0,1000.0
4268,palawan_outer_east_small_1000_1,S2A_MSIL2A_20230611T021541_R003_T50PQT_20230611T092421,20,,0.0,0.0,0.0,0.0,0.0,0.0,0.0,100.0,0.0,0.0,0.0,2500,0,0.0,1000.0000000004657,1000.0000000002328,0.38070249557495117,100.0,,0.0,0.0,0.0,0.0,0.0,0.0,0.0,0.0,0.0,0.0,0.0,0.0,0.0,1000.0
4275,palawan_outer_east_small_1000_1,S2A_MSIL2A_20230611T021541_R003_T50PQT_20230611T092421,50,,0.0,0.0,0.0,0.0,0.0,0.0,0.0,100.0,0.0,0.0,0.0,400,0,0.0,1000.0000000004657,1000.0000000002328,0.5368714332580566,100.0,,0.0,0.0,0.0,0.0,0.0,0.0,0.0,0.0,0.0,0.0,0.0,0.0,0.0,1000.0
4282,palawan_outer_east_small_1000_1,S2A_MSIL2A_20230611T021541_R003_T50PQT_20230611T092421,100,,0.0,0.0,0.0,0.0,0.0,0.0,0.0,100.0,0.0,0.0,0.0,100,0,0.0,1000.0000000004657,1000.0000000002328,0.36331820487976074,100.0,,0.0,0.0,0.0,0.0,0.0,0.0,0.0,0.0,0.0,0.0,0.0,0.0,0.0,1000.0
4289,palawan_outer_east_small_1000_1,S2A_MSIL2A_20230611T021541_R003_T50PQT_20230611T092421,200,,0.0,0.0,0.0,0.0,0.0,0.0,0.0,100.0,0.0,0.0,0.0,25,0,0.0,1000.0000000004657,1000.0000000002328,0.3824343681335449,100.0,,0.0,0.0,0.0,0.0,0.0,0.0,0.0,0.0,0.0,0.0,0.0,0.0,0.0,1000.0
4296,palawan_outer_east_small_1000_1,S2A_MSIL2A_20230611T021541_R003_T50PQT_20230611T092421,500,,0.0,0.0,0.0,0.0,0.0,0.0,0.0,100.0,0.0,0.0,0.0,4,0,0.0,1000.0000000004657,1000.0000000002328,0.38349437713623047,100.0,,0.0,0.0,0.0,0.0,0.0,0.0,0.0,0.0,0.0,0.0,0.0,0.0,0.0,1000.0
4303,palawan_outer_east_small_1000_1,S2A_MSIL2A_20230611T021541_R003_T50PQT_20230611T092421,1000,,0.0,0.0,0.0,0.0,0.0,0.0,0.0,100.0,0.0,0.0,0.0,1,0,0.0,1000.0000000004657,1000.0000000002328,0.42561912536621094,100.0,,0.0,0.0,0.0,0.0,0.0,0.0,0.0,0.0,0.0,0.0,0.0,0.0,0.0,1000.0
4270,palawan_outer_east_small_1000_1,S2A_MSIL2A_20230621T021541_R003_T50PQT_20230621T085836,20,,0.0,0.0,0.0,0.0,0.0,38.4,0.0,0.0,0.0,61.6,0.0,2500,0,0.0,1000.0000000004657,1000.0000000002328,0.38070249557495117,61.6,,0.0,0.0,0.0,0.0,0.0,0.0,0.0,0.0,0.0,0.0,0.0,0.0,0.0,1000.0
4277,palawan_outer_east_small_1000_1,S2A_MSIL2A_20230621T021541_R003_T50PQT_20230621T085836,50,,0.0,0.0,0.0,0.0,0.0,40.0,0.0,0.0,0.0,60.0,0.0,400,0,0.0,1000.0000000004657,1000.0000000002328,0.5368714332580566,60.0,,0.0,0.0,0.0,0.0,0.0,1.6000000000000014,0.0,0.0,0.0,-1.6000000000000014,0.0,-1.6000000000000014,1.6000000000000014,1000.0
4284,palawan_outer_east_small_1000_1,S2A_MSIL2A_20230621T021541_R003_T50PQT_20230621T085836,100,,0.0,0.0,0.0,0.0,0.0,39.0,0.0,0.0,0.0,61.0,0.0,100,0,0.0,1000.0000000004657,1000.0000000002328,0.36331820487976074,61.0,,0.0,0.0,0.0,0.0,0.0,0.6000000000000014,0.0,0.0,0.0,-0.6000000000000014,0.0,-0.6000000000000014,0.6000000000000014,1000.0
4291,palawan_outer_east_small_1000_1,S2A_MSIL2A_20230621T021541_R003_T50PQT_20230621T085836,200,,0.0,0.0,0.0,0.0,0.0,48.0,0.0,0.0,0.0,52.0,0.0,25,0,0.0,1000.0000000004657,1000.0000000002328,0.3824343681335449,52.0,,0.0,0.0,0.0,0.0,0.0,9.600000000000001,0.0,0.0,0.0,-9.600000000000001,0.0,-9.600000000000001,9.600000000000001,1000.0
4298,palawan_outer_east_small_1000_1,S2A_MSIL2A_20230621T021541_R003_T50PQT_20230621T085836,500,,0.0,0.0,0.0,0.0,0.0,50.0,0.0,0.0,0.0,50.0,0.0,4,0,0.0,1000.0000000004657,1000.0000000002328,0.38349437713623047,50.0,,0.0,0.0,0.0,0.0,0.0,11.600000000000001,0.0,0.0,0.0,-11.600000000000001,0.0,-11.600000000000001,11.600000000000001,1000.0
4305,palawan_outer_east_small_1000_1,S2A_MSIL2A_20230621T021541_R003_T50PQT_20230621T085836,1000,,0.0,0.0,0.0,0.0,0.0,100.0,0.0,0.0,0.0,0.0,0.0,1,0,0.0,1000.0000000004657,1000.0000000002328,0.42561912536621094,0.0,,0.0,0.0,0.0,0.0,0.0,61.6,0.0,0.0,0.0,-61.6,0.0,-61.6,61.6,1000.0
4272,palawan_outer_east_small_1000_1,S2A_MSIL2A_20230701T021541_R003_T50PQT_20230701T082624,20,,0.0,0.0,0.0,0.0,0.0,100.0,0.0,0.0,0.0,0.0,0.0,2500,0,0.0,1000.0000000004657,1000.0000000002328,0.38070249557495117,0.0,,0.0,0.0,0.0,0.0,0.0,0.0,0.0,0.0,0.0,0.0,0.0,0.0,0.0,1000.0
4279,palawan_outer_east_small_1000_1,S2A_MSIL2A_20230701T021541_R003_T50PQT_20230701T082624,50,,0.0,0.0,0.0,0.0,0.0,100.0,0.0,0.0,0.0,0.0,0.0,400,0,0.0,1000.0000000004657,1000.0000000002328,0.5368714332580566,0.0,,0.0,0.0,0.0,0.0,0.0,0.0,0.0,0.0,0.0,0.0,0.0,0.0,0.0,1000.0
4286,palawan_outer_east_small_1000_1,S2A_MSIL2A_20230701T021541_R003_T50PQT_20230701T082624,100,,0.0,0.0,0.0,0.0,0.0,100.0,0.0,0.0,0.0,0.0,0.0,100,0,0.0,1000.0000000004657,1000.0000000002328,0.36331820487976074,0.0,,0.0,0.0,0.0,0.0,0.0,0.0,0.0,0.0,0.0,0.0,0.0,0.0,0.0,1000.0
4293,palawan_outer_east_small_1000_1,S2A_MSIL2A_20230701T021541_R003_T50PQT_20230701T082624,200,,0.0,0.0,0.0,0.0,0.0,100.0,0.0,0.0,0.0,0.0,0.0,25,0,0.0,1000.0000000004657,1000.0000000002328,0.3824343681335449,0.0,,0.0,0.0,0.0,0.0,0.0,0.0,0.0,0.0,0.0,0.0,0.0,0.0,0.0,1000.0
4300,palawan_outer_east_small_1000_1,S2A_MSIL2A_20230701T021541_R003_T50PQT_20230701T082624,500,,0.0,0.0,0.0,0.0,0.0,100.0,0.0,0.0,0.0,0.0,0.0,4,0,0.0,1000.0000000004657,1000.0000000002328,0.38349437713623047,0.0,,0.0,0.0,0.0,0.0,0.0,0.0,0.0,0.0,0.0,0.0,0.0,0.0,0.0,1000.0
4307,palawan_outer_east_small_1000_1,S2A_MSIL2A_20230701T021541_R003_T50PQT_20230701T082624,1000,,0.0,0.0,0.0,0.0,0.0,100.0,0.0,0.0,0.0,0.0,0.0,1,0,0.0,1000.0000000004657,1000.0000000002328,0.42561912536621094,0.0,,0.0,0.0,0.0,0.0,0.0,0.0,0.0,0.0,0.0,0.0,0.0,0.0,0.0,1000.0
4267,palawan_outer_east_small_1000_1,S2B_MSIL2A_20230606T021539_R003_T50PQT_20230606T073506,20,,0.0,0.0,0.0,0.0,0.0,100.0,0.0,0.0,0.0,0.0,0.0,2500,0,0.0,1000.0000000004657,1000.0000000002328,0.38070249557495117,0.0,,0.0,0.0,0.0,0.0,0.0,0.0,0.0,0.0,0.0,0.0,0.0,0.0,0.0,1000.0
4274,palawan_outer_east_small_1000_1,S2B_MSIL2A_20230606T021539_R003_T50PQT_20230606T073506,50,,0.0,0.0,0.0,0.0,0.0,100.0,0.0,0.0,0.0,0.0,0.0,400,0,0.0,1000.0000000004657,1000.0000000002328,0.5368714332580566,0.0,,0.0,0.0,0.0,0.0,0.0,0.0,0.0,0.0,0.0,0.0,0.0,0.0,0.0,1000.0
4281,palawan_outer_east_small_1000_1,S2B_MSIL2A_20230606T021539_R003_T50PQT_20230606T073506,100,,0.0,0.0,0.0,0.0,0.0,100.0,0.0,0.0,0.0,0.0,0.0,100,0,0.0,1000.0000000004657,1000.0000000002328,0.36331820487976074,0.0,,0.0,0.0,0.0,0.0,0.0,0.0,0.0,0.0,0.0,0.0,0.0,0.0,0.0,1000.0
4288,palawan_outer_east_small_1000_1,S2B_MSIL2A_20230606T021539_R003_T50PQT_20230606T073506,200,,0.0,0.0,0.0,0.0,0.0,100.0,0.0,0.0,0.0,0.0,0.0,25,0,0.0,1000.0000000004657,1000.0000000002328,0.3824343681335449,0.0,,0.0,0.0,0.0,0.0,0.0,0.0,0.0,0.0,0.0,0.0,0.0,0.0,0.0,1000.0
4295,palawan_outer_east_small_1000_1,S2B_MSIL2A_20230606T021539_R003_T50PQT_20230606T073506,500,,0.0,0.0,0.0,0.0,0.0,100.0,0.0,0.0,0.0,0.0,0.0,4,0,0.0,1000.0000000004657,1000.0000000002328,0.38349437713623047,0.0,,0.0,0.0,0.0,0.0,0.0,0.0,0.0,0.0,0.0,0.0,0.0,0.0,0.0,1000.0
4302,palawan_outer_east_small_1000_1,S2B_MSIL2A_20230606T021539_R003_T50PQT_20230606T073506,1000,,0.0,0.0,0.0,0.0,0.0,100.0,0.0,0.0,0.0,0.0,0.0,1,0,0.0,1000.0000000004657,1000.0000000002328,0.42561912536621094,0.0,,0.0,0.0,0.0,0.0,0.0,0.0,0.0,0.0,0.0,0.0,0.0,0.0,0.0,1000.0
4269,palawan_outer_east_small_1000_1,S2B_MSIL2A_20230616T021539_R003_T50PQT_20230616T083239,20,,0.0,0.0,0.0,0.0,0.0,0.0,0.0,0.0,0.0,100.0,0.0,2500,0,0.0,1000.0000000004657,1000.0000000002328,0.38070249557495117,100.0,,0.0,0.0,0.0,0.0,0.0,0.0,0.0,0.0,0.0,0.0,0.0,0.0,0.0,1000.0
4276,palawan_outer_east_small_1000_1,S2B_MSIL2A_20230616T021539_R003_T50PQT_20230616T083239,50,,0.0,0.0,0.0,0.0,0.0,0.0,0.0,0.0,0.0,100.0,0.0,400,0,0.0,1000.0000000004657,1000.0000000002328,0.5368714332580566,100.0,,0.0,0.0,0.0,0.0,0.0,0.0,0.0,0.0,0.0,0.0,0.0,0.0,0.0,1000.0
4283,palawan_outer_east_small_1000_1,S2B_MSIL2A_20230616T021539_R003_T50PQT_20230616T083239,100,,0.0,0.0,0.0,0.0,0.0,0.0,0.0,0.0,0.0,100.0,0.0,100,0,0.0,1000.0000000004657,1000.0000000002328,0.36331820487976074,100.0,,0.0,0.0,0.0,0.0,0.0,0.0,0.0,0.0,0.0,0.0,0.0,0.0,0.0,1000.0
4290,palawan_outer_east_small_1000_1,S2B_MSIL2A_20230616T021539_R003_T50PQT_20230616T083239,200,,0.0,0.0,0.0,0.0,0.0,0.0,0.0,0.0,0.0,100.0,0.0,25,0,0.0,1000.0000000004657,1000.0000000002328,0.3824343681335449,100.0,,0.0,0.0,0.0,0.0,0.0,0.0,0.0,0.0,0.0,0.0,0.0,0.0,0.0,1000.0
4297,palawan_outer_east_small_1000_1,S2B_MSIL2A_20230616T021539_R003_T50PQT_20230616T083239,500,,0.0,0.0,0.0,0.0,0.0,0.0,0.0,0.0,0.0,100.0,0.0,4,0,0.0,1000.0000000004657,1000.0000000002328,0.38349437713623047,100.0,,0.0,0.0,0.0,0.0,0.0,0.0,0.0,0.0,0.0,0.0,0.0,0.0,0.0,1000.0
4304,palawan_outer_east_small_1000_1,S2B_MSIL2A_20230616T021539_R003_T50PQT_20230616T083239,1000,,0.0,0.0,0.0,0.0,0.0,0.0,0.0,0.0,0.0,100.0,0.0,1,0,0.0,1000.0000000004657,1000.0000000002328,0.42561912536621094,100.0,,0.0,0.0,0.0,0.0,0.0,0.0,0.0,0.0,0.0,0.0,0.0,0.0,0.0,1000.0
4271,palawan_outer_east_small_1000_1,S2B_MSIL2A_20230626T021539_R003_T50PQT_20230626T074054,20,,0.0,0.0,0.0,0.0,0.0,0.0,0.0,99.92,0.0,0.08,0.0,2500,0,0.0,1000.0000000004657,1000.0000000002328,0.38070249557495117,100.0,,0.0,0.0,0.0,0.0,0.0,0.0,0.0,0.0,0.0,0.0,0.0,0.0,0.0,1000.0
4278,palawan_outer_east_small_1000_1,S2B_MSIL2A_20230626T021539_R003_T50PQT_20230626T074054,50,,0.0,0.0,0.0,0.0,0.0,0.0,0.0,100.0,0.0,0.0,0.0,400,0,0.0,1000.0000000004657,1000.0000000002328,0.5368714332580566,100.0,,0.0,0.0,0.0,0.0,0.0,0.0,0.0,0.0799999999999983,0.0,-0.08,0.0,0.0,0.0,1000.0
4285,palawan_outer_east_small_1000_1,S2B_MSIL2A_20230626T021539_R003_T50PQT_20230626T074054,100,,0.0,0.0,0.0,0.0,0.0,0.0,0.0,99.0,0.0,1.0,0.0,100,0,0.0,1000.0000000004657,1000.0000000002328,0.36331820487976074,100.0,,0.0,0.0,0.0,0.0,0.0,0.0,0.0,-0.9200000000000017,0.0,0.92,0.0,0.0,0.0,1000.0
4292,palawan_outer_east_small_1000_1,S2B_MSIL2A_20230626T021539_R003_T50PQT_20230626T074054,200,,0.0,0.0,0.0,0.0,0.0,0.0,0.0,96.0,0.0,4.0,0.0,25,0,0.0,1000.0000000004657,1000.0000000002328,0.3824343681335449,100.0,,0.0,0.0,0.0,0.0,0.0,0.0,0.0,-3.9200000000000017,0.0,3.92,0.0,0.0,0.0,1000.0
4299,palawan_outer_east_small_1000_1,S2B_MSIL2A_20230626T021539_R003_T50PQT_20230626T074054,500,,0.0,0.0,0.0,0.0,0.0,0.0,0.0,75.0,0.0,25.0,0.0,4,0,0.0,1000.0000000004657,1000.0000000002328,0.38349437713623047,100.0,,0.0,0.0,0.0,0.0,0.0,0.0,0.0,-24.92,0.0,24.92,0.0,0.0,0.0,1000.0
4306,palawan_outer_east_small_1000_1,S2B_MSIL2A_20230626T021539_R003_T50PQT_20230626T074054,1000,,0.0,0.0,0.0,0.0,0.0,0.0,0.0,100.0,0.0,0.0,0.0,1,0,0.0,1000.0000000004657,1000.0000000002328,0.42561912536621094,100.0,,0.0,0.0,0.0,0.0,0.0,0.0,0.0,0.0799999999999983,0.0,-0.08,0.0,0.0,0.0,1000.0
4644,palawan_outer_east_small_1000_10,S2A_MSIL2A_20230601T021611_R003_T50PQT_20230601T103139,20,,0.0,0.0,0.0,0.0,0.0,0.0,0.0,100.0,0.0,0.0,0.0,2500,0,0.0,1000.0000000002328,1000.0,0.40540003776550293,100.0,,0.0,0.0,0.0,0.0,0.0,0.0,0.0,0.0,0.0,0.0,0.0,0.0,0.0,1000.0
4651,palawan_outer_east_small_1000_10,S2A_MSIL2A_20230601T021611_R003_T50PQT_20230601T103139,50,,0.0,0.0,0.0,0.0,0.0,0.0,0.0,100.0,0.0,0.0,0.0,400,0,0.0,1000.0000000002328,1000.0,0.38106513023376465,100.0,,0.0,0.0,0.0,0.0,0.0,0.0,0.0,0.0,0.0,0.0,0.0,0.0,0.0,1000.0
4658,palawan_outer_east_small_1000_10,S2A_MSIL2A_20230601T021611_R003_T50PQT_20230601T103139,100,,0.0,0.0,0.0,0.0,0.0,0.0,0.0,100.0,0.0,0.0,0.0,100,0,0.0,1000.0000000002328,1000.0,0.38816404342651367,100.0,,0.0,0.0,0.0,0.0,0.0,0.0,0.0,0.0,0.0,0.0,0.0,0.0,0.0,1000.0
4665,palawan_outer_east_small_1000_10,S2A_MSIL2A_20230601T021611_R003_T50PQT_20230601T103139,200,,0.0,0.0,0.0,0.0,0.0,0.0,0.0,100.0,0.0,0.0,0.0,25,0,0.0,1000.0000000002328,1000.0,1.1248619556427002,100.0,,0.0,0.0,0.0,0.0,0.0,0.0,0.0,0.0,0.0,0.0,0.0,0.0,0.0,1000.0
4672,palawan_outer_east_small_1000_10,S2A_MSIL2A_20230601T021611_R003_T50PQT_20230601T103139,500,,0.0,0.0,0.0,0.0,0.0,0.0,0.0,100.0,0.0,0.0,0.0,4,0,0.0,1000.0000000002328,1000.0,0.39586877822875977,100.0,,0.0,0.0,0.0,0.0,0.0,0.0,0.0,0.0,0.0,0.0,0.0,0.0,0.0,1000.0
4679,palawan_outer_east_small_1000_10,S2A_MSIL2A_20230601T021611_R003_T50PQT_20230601T103139,1000,,0.0,0.0,0.0,0.0,0.0,0.0,0.0,100.0,0.0,0.0,0.0,1,0,0.0,1000.0000000002328,1000.0,0.3925590515136719,100.0,,0.0,0.0,0.0,0.0,0.0,0.0,0.0,0.0,0.0,0.0,0.0,0.0,0.0,1000.0
4646,palawan_outer_east_small_1000_10,S2A_MSIL2A_20230611T021541_R003_T50PQT_20230611T092421,20,,0.0,0.0,0.0,0.0,0.0,0.0,0.0,100.0,0.0,0.0,0.0,2500,0,0.0,1000.0000000002328,1000.0,0.40540003776550293,100.0,,0.0,0.0,0.0,0.0,0.0,0.0,0.0,0.0,0.0,0.0,0.0,0.0,0.0,1000.0
4653,palawan_outer_east_small_1000_10,S2A_MSIL2A_20230611T021541_R003_T50PQT_20230611T092421,50,,0.0,0.0,0.0,0.0,0.0,0.0,0.0,100.0,0.0,0.0,0.0,400,0,0.0,1000.0000000002328,1000.0,0.38106513023376465,100.0,,0.0,0.0,0.0,0.0,0.0,0.0,0.0,0.0,0.0,0.0,0.0,0.0,0.0,1000.0
4660,palawan_outer_east_small_1000_10,S2A_MSIL2A_20230611T021541_R003_T50PQT_20230611T092421,100,,0.0,0.0,0.0,0.0,0.0,0.0,0.0,100.0,0.0,0.0,0.0,100,0,0.0,1000.0000000002328,1000.0,0.38816404342651367,100.0,,0.0,0.0,0.0,0.0,0.0,0.0,0.0,0.0,0.0,0.0,0.0,0.0,0.0,1000.0
4667,palawan_outer_east_small_1000_10,S2A_MSIL2A_20230611T021541_R003_T50PQT_20230611T092421,200,,0.0,0.0,0.0,0.0,0.0,0.0,0.0,100.0,0.0,0.0,0.0,25,0,0.0,1000.0000000002328,1000.0,1.1248619556427002,100.0,,0.0,0.0,0.0,0.0,0.0,0.0,0.0,0.0,0.0,0.0,0.0,0.0,0.0,1000.0
4674,palawan_outer_east_small_1000_10,S2A_MSIL2A_20230611T021541_R003_T50PQT_20230611T092421,500,,0.0,0.0,0.0,0.0,0.0,0.0,0.0,100.0,0.0,0.0,0.0,4,0,0.0,1000.0000000002328,1000.0,0.39586877822875977,100.0,,0.0,0.0,0.0,0.0,0.0,0.0,0.0,0.0,0.0,0.0,0.0,0.0,0.0,1000.0
4681,palawan_outer_east_small_1000_10,S2A_MSIL2A_20230611T021541_R003_T50PQT_20230611T092421,1000,,0.0,0.0,0.0,0.0,0.0,0.0,0.0,100.0,0.0,0.0,0.0,1,0,0.0,1000.0000000002328,1000.0,0.3925590515136719,100.0,,0.0,0.0,0.0,0.0,0.0,0.0,0.0,0.0,0.0,0.0,0.0,0.0,0.0,1000.0
4648,palawan_outer_east_small_1000_10,S2A_MSIL2A_20230621T021541_R003_T50PQT_20230621T085836,20,,0.0,0.04,0.0,31.44,0.08,67.96,0.24,0.24,0.0,0.0,0.0,2500,0,0.0,1000.0000000002328,1000.0,0.40540003776550293,0.24,,0.0,0.0,0.0,0.0,0.0,0.0,0.0,0.0,0.0,0.0,0.0,0.0,0.0,1000.0
4655,palawan_outer_east_small_1000_10,S2A_MSIL2A_20230621T021541_R003_T50PQT_20230621T085836,50,,0.0,0.0,0.0,33.5,0.0,66.25,0.0,0.25,0.0,0.0,0.0,400,0,0.0,1000.0000000002328,1000.0,0.38106513023376465,0.25,,0.0,-0.04,0.0,2.0599999999999987,-0.08,-1.7099999999999937,-0.24,0.010000000000000009,0.0,0.0,0.0,0.010000000000000009,2.0599999999999987,1000.0
4662,palawan_outer_east_small_1000_10,S2A_MSIL2A_20230621T021541_R003_T50PQT_20230621T085836,100,,0.0,0.0,0.0,37.0,0.0,61.0,1.0,1.0,0.0,0.0,0.0,100,0,0.0,1000.0000000002328,1000.0,0.38816404342651367,1.0,,0.0,-0.04,0.0,5.559999999999999,-0.08,-6.959999999999994,0.76,0.76,0.0,0.0,0.0,0.76,6.959999999999994,1000.0
4669,palawan_outer_east_small_1000_10,S2A_MSIL2A_20230621T021541_R003_T50PQT_20230621T085836,200,,0.0,0.0,0.0,40.0,4.0,56.0,0.0,0.0,0.0,0.0,0.0,25,0,0.0,1000.0000000002328,1000.0,1.1248619556427002,0.0,,0.0,-0.04,0.0,8.559999999999999,3.92,-11.959999999999994,-0.24,-0.24,0.0,0.0,0.0,-0.24,11.959999999999994,1000.0
4676,palawan_outer_east_small_1000_10,S2A_MSIL2A_20230621T021541_R003_T50PQT_20230621T085836,500,,0.0,0.0,0.0,50.0,0.0,50.0,0.0,0.0,0.0,0.0,0.0,4,0,0.0,1000.0000000002328,1000.0,0.39586877822875977,0.0,,0.0,-0.04,0.0,18.56,-0.08,-17.959999999999994,-0.24,-0.24,0.0,0.0,0.0,-0.24,18.56,1000.0
4683,palawan_outer_east_small_1000_10,S2A_MSIL2A_20230621T021541_R003_T50PQT_20230621T085836,1000,,0.0,0.0,0.0,0.0,0.0,100.0,0.0,0.0,0.0,0.0,0.0,1,0,0.0,1000.0000000002328,1000.0,0.3925590515136719,0.0,,0.0,-0.04,0.0,-31.44,-0.08,32.040000000000006,-0.24,-0.24,0.0,0.0,0.0,-0.24,32.040000000000006,1000.0
4650,palawan_outer_east_small_1000_10,S2A_MSIL2A_20230701T021541_R003_T50PQT_20230701T082624,20,,0.0,0.0,0.0,1.44,0.0,10.92,0.04,22.08,13.92,51.6,0.0,2500,0,0.0,1000.0000000002328,1000.0,0.40540003776550293,87.6,,0.0,0.0,0.0,0.0,0.0,0.0,0.0,0.0,0.0,0.0,0.0,0.0,0.0,1000.0
4657,palawan_outer_east_small_1000_10,S2A_MSIL2A_20230701T021541_R003_T50PQT_20230701T082624,50,,0.0,0.0,0.0,1.75,0.0,10.5,0.25,21.75,12.25,53.5,0.0,400,0,0.0,1000.0000000002328,1000.0,0.38106513023376465,87.5,,0.0,0.0,0.0,0.31000000000000005,0.0,-0.41999999999999993,0.21,-0.3299999999999983,-1.67,1.8999999999999986,0.0,-0.09999999999999432,0.41999999999999993,1000.0
4664,palawan_outer_east_small_1000_10,S2A_MSIL2A_20230701T021541_R003_T50PQT_20230701T082624,100,,0.0,0.0,0.0,3.0,0.0,11.0,0.0,21.0,10.0,55.0,0.0,100,0,0.0,1000.0000000002328,1000.0,0.38816404342651367,86.0,,0.0,0.0,0.0,1.56,0.0,0.08000000000000007,-0.04,-1.0799999999999983,-3.92,3.3999999999999986,0.0,-1.5999999999999943,1.5999999999999943,1000.0
4671,palawan_outer_east_small_1000_10,S2A_MSIL2A_20230701T021541_R003_T50PQT_20230701T082624,200,,0.0,0.0,0.0,0.0,0.0,8.0,4.0,24.0,4.0,60.0,0.0,25,0,0.0,1000.0000000002328,1000.0,1.1248619556427002,88.0,,0.0,0.0,0.0,-1.44,0.0,-2.92,3.96,1.9200000000000017,-9.92,8.399999999999999,0.0,0.4000000000000057,3.96,1000.0
4678,palawan_outer_east_small_1000_10,S2A_MSIL2A_20230701T021541_R003_T50PQT_20230701T082624,500,,0.0,0.0,0.0,0.0,0.0,0.0,0.0,50.0,0.0,50.0,0.0,4,0,0.0,1000.0000000002328,1000.0,0.39586877822875977,100.0,,0.0,0.0,0.0,-1.44,0.0,-10.92,-0.04,27.92,-13.92,-1.6000000000000014,0.0,12.400000000000006,12.400000000000006,1000.0
4685,palawan_outer_east_small_1000_10,S2A_MSIL2A_20230701T021541_R003_T50PQT_20230701T082624,1000,,0.0,0.0,0.0,0.0,0.0,0.0,0.0,0.0,0.0,100.0,0.0,1,0,0.0,1000.0000000002328,1000.0,0.3925590515136719,100.0,,0.0,0.0,0.0,-1.44,0.0,-10.92,-0.04,-22.08,-13.92,48.4,0.0,12.400000000000006,12.400000000000006,1000.0
4645,palawan_outer_east_small_1000_10,S2B_MSIL2A_20230606T021539_R003_T50PQT_20230606T073506,20,,0.0,0.24,0.0,31.28,0.56,67.88,0.04,0.0,0.0,0.0,0.0,2500,0,0.0,1000.0000000002328,1000.0,0.40540003776550293,0.0,,0.0,0.0,0.0,0.0,0.0,0.0,0.0,0.0,0.0,0.0,0.0,0.0,0.0,1000.0
4652,palawan_outer_east_small_1000_10,S2B_MSIL2A_20230606T021539_R003_T50PQT_20230606T073506,50,,0.0,0.25,0.0,33.5,0.5,65.75,0.0,0.0,0.0,0.0,0.0,400,0,0.0,1000.0000000002328,1000.0,0.38106513023376465,0.0,,0.0,0.010000000000000009,0.0,2.219999999999999,-0.06000000000000005,-2.1299999999999955,-0.04,0.0,0.0,0.0,0.0,0.0,2.219999999999999,1000.0
4659,palawan_outer_east_small_1000_10,S2B_MSIL2A_20230606T021539_R003_T50PQT_20230606T073506,100,,0.0,0.0,0.0,36.0,2.0,62.0,0.0,0.0,0.0,0.0,0.0,100,0,0.0,1000.0000000002328,1000.0,0.38816404342651367,0.0,,0.0,-0.24,0.0,4.719999999999999,1.44,-5.8799999999999955,-0.04,0.0,0.0,0.0,0.0,0.0,5.8799999999999955,1000.0
4666,palawan_outer_east_small_1000_10,S2B_MSIL2A_20230606T021539_R003_T50PQT_20230606T073506,200,,0.0,0.0,0.0,40.0,4.0,56.0,0.0,0.0,0.0,0.0,0.0,25,0,0.0,1000.0000000002328,1000.0,1.1248619556427002,0.0,,0.0,-0.24,0.0,8.719999999999999,3.44,-11.879999999999995,-0.04,0.0,0.0,0.0,0.0,0.0,11.879999999999995,1000.0
4673,palawan_outer_east_small_1000_10,S2B_MSIL2A_20230606T021539_R003_T50PQT_20230606T073506,500,,0.0,0.0,0.0,50.0,0.0,50.0,0.0,0.0,0.0,0.0,0.0,4,0,0.0,1000.0000000002328,1000.0,0.39586877822875977,0.0,,0.0,-0.24,0.0,18.72,-0.56,-17.879999999999995,-0.04,0.0,0.0,0.0,0.0,0.0,18.72,1000.0
4680,palawan_outer_east_small_1000_10,S2B_MSIL2A_20230606T021539_R003_T50PQT_20230606T073506,1000,,0.0,0.0,0.0,0.0,0.0,100.0,0.0,0.0,0.0,0.0,0.0,1,0,0.0,1000.0000000002328,1000.0,0.3925590515136719,0.0,,0.0,-0.24,0.0,-31.28,-0.56,32.120000000000005,-0.04,0.0,0.0,0.0,0.0,0.0,32.120000000000005,1000.0
4647,palawan_outer_east_small_1000_10,S2B_MSIL2A_20230616T021539_R003_T50PQT_20230616T083239,20,,0.0,0.0,0.0,0.0,0.0,0.0,0.0,21.52,50.0,28.48,0.0,2500,0,0.0,1000.0000000002328,1000.0,0.40540003776550293,100.0,,0.0,0.0,0.0,0.0,0.0,0.0,0.0,0.0,0.0,0.0,0.0,0.0,0.0,1000.0
4654,palawan_outer_east_small_1000_10,S2B_MSIL2A_20230616T021539_R003_T50PQT_20230616T083239,50,,0.0,0.0,0.0,0.0,0.0,0.0,0.0,21.75,51.5,26.75,0.0,400,0,0.0,1000.0000000002328,1000.0,0.38106513023376465,100.0,,0.0,0.0,0.0,0.0,0.0,0.0,0.0,0.23000000000000043,1.5,-1.7300000000000004,0.0,0.0,0.0,1000.0
4661,palawan_outer_east_small_1000_10,S2B_MSIL2A_20230616T021539_R003_T50PQT_20230616T083239,100,,0.0,0.0,0.0,0.0,0.0,0.0,0.0,23.0,52.0,25.0,0.0,100,0,0.0,1000.0000000002328,1000.0,0.38816404342651367,100.0,,0.0,0.0,0.0,0.0,0.0,0.0,0.0,1.4800000000000004,2.0,-3.4800000000000004,0.0,0.0,0.0,1000.0
4668,palawan_outer_east_small_1000_10,S2B_MSIL2A_20230616T021539_R003_T50PQT_20230616T083239,200,,0.0,0.0,0.0,0.0,0.0,0.0,0.0,28.0,68.0,4.0,0.0,25,0,0.0,1000.0000000002328,1000.0,1.1248619556427002,100.0,,0.0,0.0,0.0,0.0,0.0,0.0,0.0,6.48,18.0,-24.48,0.0,0.0,0.0,1000.0
4675,palawan_outer_east_small_1000_10,S2B_MSIL2A_20230616T021539_R003_T50PQT_20230616T083239,500,,0.0,0.0,0.0,0.0,0.0,0.0,0.0,0.0,100.0,0.0,0.0,4,0,0.0,1000.0000000002328,1000.0,0.39586877822875977,100.0,,0.0,0.0,0.0,0.0,0.0,0.0,0.0,-21.52,50.0,-28.48,0.0,0.0,0.0,1000.0
4682,palawan_outer_east_small_1000_10,S2B_MSIL2A_20230616T021539_R003_T50PQT_20230616T083239,1000,,0.0,0.0,0.0,0.0,0.0,0.0,0.0,0.0,100.0,0.0,0.0,1,0,0.0,1000.0000000002328,1000.0,0.3925590515136719,100.0,,0.0,0.0,0.0,0.0,0.0,0.0,0.0,-21.52,50.0,-28.48,0.0,0.0,0.0,1000.0
4649,palawan_outer_east_small_1000_10,S2B_MSIL2A_20230626T021539_R003_T50PQT_20230626T074054,20,,0.0,0.0,0.0,0.0,0.04,0.0,0.0,14.96,0.04,84.96,0.0,2500,0,0.0,1000.0000000002328,1000.0,0.40540003776550293,99.96,,0.0,0.0,0.0,0.0,0.0,0.0,0.0,0.0,0.0,0.0,0.0,0.0,0.0,1000.0
4656,palawan_outer_east_small_1000_10,S2B_MSIL2A_20230626T021539_R003_T50PQT_20230626T074054,50,,0.0,0.0,0.0,0.0,0.25,0.0,0.0,13.75,0.0,86.0,0.0,400,0,0.0,1000.0000000002328,1000.0,0.38106513023376465,99.75,,0.0,0.0,0.0,0.0,0.21,0.0,0.0,-1.2100000000000009,-0.04,1.0400000000000063,0.0,-0.20999999999999375,0.21,1000.0
4663,palawan_outer_east_small_1000_10,S2B_MSIL2A_20230626T021539_R003_T50PQT_20230626T074054,100,,0.0,0.0,0.0,0.0,0.0,0.0,0.0,15.0,0.0,85.0,0.0,100,0,0.0,1000.0000000002328,1000.0,0.38816404342651367,100.0,,0.0,0.0,0.0,0.0,-0.04,0.0,0.0,0.03999999999999915,-0.04,0.04000000000000625,0.0,0.04000000000000625,0.04000000000000625,1000.0
4670,palawan_outer_east_small_1000_10,S2B_MSIL2A_20230626T021539_R003_T50PQT_20230626T074054,200,,0.0,0.0,0.0,0.0,0.0,0.0,0.0,16.0,0.0,84.0,0.0,25,0,0.0,1000.0000000002328,1000.0,1.1248619556427002,100.0,,0.0,0.0,0.0,0.0,-0.04,0.0,0.0,1.0399999999999991,-0.04,-0.9599999999999937,0.0,0.04000000000000625,0.04000000000000625,1000.0
4677,palawan_outer_east_small_1000_10,S2B_MSIL2A_20230626T021539_R003_T50PQT_20230626T074054,500,,0.0,0.0,0.0,0.0,0.0,0.0,0.0,0.0,0.0,100.0,0.0,4,0,0.0,1000.0000000002328,1000.0,0.39586877822875977,100.0,,0.0,0.0,0.0,0.0,-0.04,0.0,0.0,-14.96,-0.04,15.040000000000006,0.0,0.04000000000000625,0.04000000000000625,1000.0
4684,palawan_outer_east_small_1000_10,S2B_MSIL2A_20230626T021539_R003_T50PQT_20230626T074054,1000,,0.0,0.0,0.0,0.0,0.0,0.0,0.0,0.0,0.0,100.0,0.0,1,0,0.0,1000.0000000002328,1000.0,0.3925590515136719,100.0,,0.0,0.0,0.0,0.0,-0.04,0.0,0.0,-14.96,-0.04,15.040000000000006,0.0,0.04000000000000625,0.04000000000000625,1000.0
4686,palawan_outer_east_small_1000_11,S2A_MSIL2A_20230601T021611_R003_T50PQT_20230601T103139,20,,0.0,0.0,0.0,0.0,0.0,0.0,0.0,100.0,0.0,0.0,0.0,2500,0,0.0,1000.0000000016298,1000.0,0.37375473976135254,100.0,,0.0,0.0,0.0,0.0,0.0,0.0,0.0,0.0,0.0,0.0,0.0,0.0,0.0,1000.0
4693,palawan_outer_east_small_1000_11,S2A_MSIL2A_20230601T021611_R003_T50PQT_20230601T103139,50,,0.0,0.0,0.0,0.0,0.0,0.0,0.0,100.0,0.0,0.0,0.0,400,0,0.0,1000.0000000016298,1000.0,0.4307410717010498,100.0,,0.0,0.0,0.0,0.0,0.0,0.0,0.0,0.0,0.0,0.0,0.0,0.0,0.0,1000.0
4700,palawan_outer_east_small_1000_11,S2A_MSIL2A_20230601T021611_R003_T50PQT_20230601T103139,100,,0.0,0.0,0.0,0.0,0.0,0.0,0.0,100.0,0.0,0.0,0.0,100,0,0.0,1000.0000000016298,1000.0,0.42710089683532715,100.0,,0.0,0.0,0.0,0.0,0.0,0.0,0.0,0.0,0.0,0.0,0.0,0.0,0.0,1000.0
4707,palawan_outer_east_small_1000_11,S2A_MSIL2A_20230601T021611_R003_T50PQT_20230601T103139,200,,0.0,0.0,0.0,0.0,0.0,0.0,0.0,100.0,0.0,0.0,0.0,25,0,0.0,1000.0000000016298,1000.0,0.40752172470092773,100.0,,0.0,0.0,0.0,0.0,0.0,0.0,0.0,0.0,0.0,0.0,0.0,0.0,0.0,1000.0
4714,palawan_outer_east_small_1000_11,S2A_MSIL2A_20230601T021611_R003_T50PQT_20230601T103139,500,,0.0,0.0,0.0,0.0,0.0,0.0,0.0,100.0,0.0,0.0,0.0,4,0,0.0,1000.0000000016298,1000.0,0.3805811405181885,100.0,,0.0,0.0,0.0,0.0,0.0,0.0,0.0,0.0,0.0,0.0,0.0,0.0,0.0,1000.0
4721,palawan_outer_east_small_1000_11,S2A_MSIL2A_20230601T021611_R003_T50PQT_20230601T103139,1000,,0.0,0.0,0.0,0.0,0.0,0.0,0.0,100.0,0.0,0.0,0.0,1,0,0.0,1000.0000000016298,1000.0,0.3959829807281494,100.0,,0.0,0.0,0.0,0.0,0.0,0.0,0.0,0.0,0.0,0.0,0.0,0.0,0.0,1000.0
4688,palawan_outer_east_small_1000_11,S2A_MSIL2A_20230611T021541_R003_T50PQT_20230611T092421,20,,0.0,0.0,0.0,0.0,0.0,0.0,0.0,100.0,0.0,0.0,0.0,2500,0,0.0,1000.0000000016298,1000.0,0.37375473976135254,100.0,,0.0,0.0,0.0,0.0,0.0,0.0,0.0,0.0,0.0,0.0,0.0,0.0,0.0,1000.0
4695,palawan_outer_east_small_1000_11,S2A_MSIL2A_20230611T021541_R003_T50PQT_20230611T092421,50,,0.0,0.0,0.0,0.0,0.0,0.0,0.0,100.0,0.0,0.0,0.0,400,0,0.0,1000.0000000016298,1000.0,0.4307410717010498,100.0,,0.0,0.0,0.0,0.0,0.0,0.0,0.0,0.0,0.0,0.0,0.0,0.0,0.0,1000.0
4702,palawan_outer_east_small_1000_11,S2A_MSIL2A_20230611T021541_R003_T50PQT_20230611T092421,100,,0.0,0.0,0.0,0.0,0.0,0.0,0.0,100.0,0.0,0.0,0.0,100,0,0.0,1000.0000000016298,1000.0,0.42710089683532715,100.0,,0.0,0.0,0.0,0.0,0.0,0.0,0.0,0.0,0.0,0.0,0.0,0.0,0.0,1000.0
4709,palawan_outer_east_small_1000_11,S2A_MSIL2A_20230611T021541_R003_T50PQT_20230611T092421,200,,0.0,0.0,0.0,0.0,0.0,0.0,0.0,100.0,0.0,0.0,0.0,25,0,0.0,1000.0000000016298,1000.0,0.40752172470092773,100.0,,0.0,0.0,0.0,0.0,0.0,0.0,0.0,0.0,0.0,0.0,0.0,0.0,0.0,1000.0
4716,palawan_outer_east_small_1000_11,S2A_MSIL2A_20230611T021541_R003_T50PQT_20230611T092421,500,,0.0,0.0,0.0,0.0,0.0,0.0,0.0,100.0,0.0,0.0,0.0,4,0,0.0,1000.0000000016298,1000.0,0.3805811405181885,100.0,,0.0,0.0,0.0,0.0,0.0,0.0,0.0,0.0,0.0,0.0,0.0,0.0,0.0,1000.0
4723,palawan_outer_east_small_1000_11,S2A_MSIL2A_20230611T021541_R003_T50PQT_20230611T092421,1000,,0.0,0.0,0.0,0.0,0.0,0.0,0.0,100.0,0.0,0.0,0.0,1,0,0.0,1000.0000000016298,1000.0,0.3959829807281494,100.0,,0.0,0.0,0.0,0.0,0.0,0.0,0.0,0.0,0.0,0.0,0.0,0.0,0.0,1000.0
4690,palawan_outer_east_small_1000_11,S2A_MSIL2A_20230621T021541_R003_T50PQT_20230621T085836,20,,0.0,0.0,1.56,0.6,0.0,97.84,0.0,0.0,0.0,0.0,0.0,2500,0,0.0,1000.0000000016298,1000.0,0.37375473976135254,0.0,,0.0,0.0,0.0,0.0,0.0,0.0,0.0,0.0,0.0,0.0,0.0,0.0,0.0,1000.0
4697,palawan_outer_east_small_1000_11,S2A_MSIL2A_20230621T021541_R003_T50PQT_20230621T085836,50,,0.0,0.0,0.0,1.0,0.0,99.0,0.0,0.0,0.0,0.0,0.0,400,0,0.0,1000.0000000016298,1000.0,0.4307410717010498,0.0,,0.0,0.0,-1.56,0.4,0.0,1.1599999999999966,0.0,0.0,0.0,0.0,0.0,0.0,1.56,1000.0
4704,palawan_outer_east_small_1000_11,S2A_MSIL2A_20230621T021541_R003_T50PQT_20230621T085836,100,,0.0,0.0,0.0,1.0,0.0,99.0,0.0,0.0,0.0,0.0,0.0,100,0,0.0,1000.0000000016298,1000.0,0.42710089683532715,0.0,,0.0,0.0,-1.56,0.4,0.0,1.1599999999999966,0.0,0.0,0.0,0.0,0.0,0.0,1.56,1000.0
4711,palawan_outer_east_small_1000_11,S2A_MSIL2A_20230621T021541_R003_T50PQT_20230621T085836,200,,0.0,0.0,0.0,0.0,0.0,100.0,0.0,0.0,0.0,0.0,0.0,25,0,0.0,1000.0000000016298,1000.0,0.40752172470092773,0.0,,0.0,0.0,-1.56,-0.6,0.0,2.1599999999999966,0.0,0.0,0.0,0.0,0.0,0.0,2.1599999999999966,1000.0
4718,palawan_outer_east_small_1000_11,S2A_MSIL2A_20230621T021541_R003_T50PQT_20230621T085836,500,,0.0,0.0,0.0,0.0,0.0,100.0,0.0,0.0,0.0,0.0,0.0,4,0,0.0,1000.0000000016298,1000.0,0.3805811405181885,0.0,,0.0,0.0,-1.56,-0.6,0.0,2.1599999999999966,0.0,0.0,0.0,0.0,0.0,0.0,2.1599999999999966,1000.0
4725,palawan_outer_east_small_1000_11,S2A_MSIL2A_20230621T021541_R003_T50PQT_20230621T085836,1000,,0.0,0.0,0.0,0.0,0.0,100.0,0.0,0.0,0.0,0.0,0.0,1,0,0.0,1000.0000000016298,1000.0,0.3959829807281494,0.0,,0.0,0.0,-1.56,-0.6,0.0,2.1599999999999966,0.0,0.0,0.0,0.0,0.0,0.0,2.1599999999999966,1000.0
4692,palawan_outer_east_small_1000_11,S2A_MSIL2A_20230701T021541_R003_T50PQT_20230701T082624,20,,0.0,0.0,0.0,0.0,0.0,23.6,0.0,11.16,14.92,50.32,0.0,2500,0,0.0,1000.0000000016298,1000.0,0.37375473976135254,76.4,,0.0,0.0,0.0,0.0,0.0,0.0,0.0,0.0,0.0,0.0,0.0,0.0,0.0,1000.0
4699,palawan_outer_east_small_1000_11,S2A_MSIL2A_20230701T021541_R003_T50PQT_20230701T082624,50,,0.0,0.0,0.0,0.0,0.0,24.75,0.0,11.25,16.0,48.0,0.0,400,0,0.0,1000.0000000016298,1000.0,0.4307410717010498,75.25,,0.0,0.0,0.0,0.0,0.0,1.1499999999999986,0.0,0.08999999999999986,1.08,-2.3200000000000003,0.0,-1.1500000000000057,1.1500000000000057,1000.0
4706,palawan_outer_east_small_1000_11,S2A_MSIL2A_20230701T021541_R003_T50PQT_20230701T082624,100,,0.0,0.0,0.0,0.0,0.0,22.0,0.0,13.0,19.0,46.0,0.0,100,0,0.0,1000.0000000016298,1000.0,0.42710089683532715,78.0,,0.0,0.0,0.0,0.0,0.0,-1.6000000000000014,0.0,1.8399999999999999,4.08,-4.32,0.0,1.5999999999999943,1.6000000000000014,1000.0
4713,palawan_outer_east_small_1000_11,S2A_MSIL2A_20230701T021541_R003_T50PQT_20230701T082624,200,,0.0,0.0,0.0,0.0,0.0,28.0,0.0,16.0,20.0,36.0,0.0,25,0,0.0,1000.0000000016298,1000.0,0.40752172470092773,72.0,,0.0,0.0,0.0,0.0,0.0,4.399999999999999,0.0,4.84,5.08,-14.32,0.0,-4.400000000000006,4.400000000000006,1000.0
4720,palawan_outer_east_small_1000_11,S2A_MSIL2A_20230701T021541_R003_T50PQT_20230701T082624,500,,0.0,0.0,0.0,0.0,0.0,25.0,0.0,0.0,50.0,25.0,0.0,4,0,0.0,1000.0000000016298,1000.0,0.3805811405181885,75.0,,0.0,0.0,0.0,0.0,0.0,1.3999999999999986,0.0,-11.16,35.08,-25.32,0.0,-1.4000000000000057,1.4000000000000057,1000.0
4727,palawan_outer_east_small_1000_11,S2A_MSIL2A_20230701T021541_R003_T50PQT_20230701T082624,1000,,0.0,0.0,0.0,0.0,0.0,0.0,0.0,100.0,0.0,0.0,0.0,1,0,0.0,1000.0000000016298,1000.0,0.3959829807281494,100.0,,0.0,0.0,0.0,0.0,0.0,-23.6,0.0,88.84,-14.92,-50.32,0.0,23.599999999999994,23.6,1000.0
4687,palawan_outer_east_small_1000_11,S2B_MSIL2A_20230606T021539_R003_T50PQT_20230606T073506,20,,0.0,0.0,0.0,0.6,0.0,99.4,0.0,0.0,0.0,0.0,0.0,2500,0,0.0,1000.0000000016298,1000.0,0.37375473976135254,0.0,,0.0,0.0,0.0,0.0,0.0,0.0,0.0,0.0,0.0,0.0,0.0,0.0,0.0,1000.0
4694,palawan_outer_east_small_1000_11,S2B_MSIL2A_20230606T021539_R003_T50PQT_20230606T073506,50,,0.0,0.0,0.0,1.0,0.0,99.0,0.0,0.0,0.0,0.0,0.0,400,0,0.0,1000.0000000016298,1000.0,0.4307410717010498,0.0,,0.0,0.0,0.0,0.4,0.0,-0.4000000000000057,0.0,0.0,0.0,0.0,0.0,0.0,0.4000000000000057,1000.0
4701,palawan_outer_east_small_1000_11,S2B_MSIL2A_20230606T021539_R003_T50PQT_20230606T073506,100,,0.0,0.0,0.0,1.0,0.0,99.0,0.0,0.0,0.0,0.0,0.0,100,0,0.0,1000.0000000016298,1000.0,0.42710089683532715,0.0,,0.0,0.0,0.0,0.4,0.0,-0.4000000000000057,0.0,0.0,0.0,0.0,0.0,0.0,0.4000000000000057,1000.0
4708,palawan_outer_east_small_1000_11,S2B_MSIL2A_20230606T021539_R003_T50PQT_20230606T073506,200,,0.0,0.0,0.0,0.0,0.0,100.0,0.0,0.0,0.0,0.0,0.0,25,0,0.0,1000.0000000016298,1000.0,0.40752172470092773,0.0,,0.0,0.0,0.0,-0.6,0.0,0.5999999999999943,0.0,0.0,0.0,0.0,0.0,0.0,0.6,1000.0
4715,palawan_outer_east_small_1000_11,S2B_MSIL2A_20230606T021539_R003_T50PQT_20230606T073506,500,,0.0,0.0,0.0,0.0,0.0,100.0,0.0,0.0,0.0,0.0,0.0,4,0,0.0,1000.0000000016298,1000.0,0.3805811405181885,0.0,,0.0,0.0,0.0,-0.6,0.0,0.5999999999999943,0.0,0.0,0.0,0.0,0.0,0.0,0.6,1000.0
4722,palawan_outer_east_small_1000_11,S2B_MSIL2A_20230606T021539_R003_T50PQT_20230606T073506,1000,,0.0,0.0,0.0,0.0,0.0,100.0,0.0,0.0,0.0,0.0,0.0,1,0,0.0,1000.0000000016298,1000.0,0.3959829807281494,0.0,,0.0,0.0,0.0,-0.6,0.0,0.5999999999999943,0.0,0.0,0.0,0.0,0.0,0.0,0.6,1000.0
4689,palawan_outer_east_small_1000_11,S2B_MSIL2A_20230616T021539_R003_T50PQT_20230616T083239,20,,0.0,0.0,0.0,0.0,0.0,0.0,0.0,0.0,0.0,100.0,0.0,2500,0,0.0,1000.0000000016298,1000.0,0.37375473976135254,100.0,,0.0,0.0,0.0,0.0,0.0,0.0,0.0,0.0,0.0,0.0,0.0,0.0,0.0,1000.0
4696,palawan_outer_east_small_1000_11,S2B_MSIL2A_20230616T021539_R003_T50PQT_20230616T083239,50,,0.0,0.0,0.0,0.0,0.0,0.0,0.0,0.0,0.0,100.0,0.0,400,0,0.0,1000.0000000016298,1000.0,0.4307410717010498,100.0,,0.0,0.0,0.0,0.0,0.0,0.0,0.0,0.0,0.0,0.0,0.0,0.0,0.0,1000.0
4703,palawan_outer_east_small_1000_11,S2B_MSIL2A_20230616T021539_R003_T50PQT_20230616T083239,100,,0.0,0.0,0.0,0.0,0.0,0.0,0.0,0.0,0.0,100.0,0.0,100,0,0.0,1000.0000000016298,1000.0,0.42710089683532715,100.0,,0.0,0.0,0.0,0.0,0.0,0.0,0.0,0.0,0.0,0.0,0.0,0.0,0.0,1000.0
4710,palawan_outer_east_small_1000_11,S2B_MSIL2A_20230616T021539_R003_T50PQT_20230616T083239,200,,0.0,0.0,0.0,0.0,0.0,0.0,0.0,0.0,0.0,100.0,0.0,25,0,0.0,1000.0000000016298,1000.0,0.40752172470092773,100.0,,0.0,0.0,0.0,0.0,0.0,0.0,0.0,0.0,0.0,0.0,0.0,0.0,0.0,1000.0
4717,palawan_outer_east_small_1000_11,S2B_MSIL2A_20230616T021539_R003_T50PQT_20230616T083239,500,,0.0,0.0,0.0,0.0,0.0,0.0,0.0,0.0,0.0,100.0,0.0,4,0,0.0,1000.0000000016298,1000.0,0.3805811405181885,100.0,,0.0,0.0,0.0,0.0,0.0,0.0,0.0,0.0,0.0,0.0,0.0,0.0,0.0,1000.0
4724,palawan_outer_east_small_1000_11,S2B_MSIL2A_20230616T021539_R003_T50PQT_20230616T083239,1000,,0.0,0.0,0.0,0.0,0.0,0.0,0.0,0.0,0.0,100.0,0.0,1,0,0.0,1000.0000000016298,1000.0,0.3959829807281494,100.0,,0.0,0.0,0.0,0.0,0.0,0.0,0.0,0.0,0.0,0.0,0.0,0.0,0.0,1000.0
4691,palawan_outer_east_small_1000_11,S2B_MSIL2A_20230626T021539_R003_T50PQT_20230626T074054,20,,0.0,0.0,0.0,0.0,0.0,0.0,0.0,2.24,0.0,97.76,0.0,2500,0,0.0,1000.0000000016298,1000.0,0.37375473976135254,100.0,,0.0,0.0,0.0,0.0,0.0,0.0,0.0,0.0,0.0,0.0,0.0,0.0,0.0,1000.0
4698,palawan_outer_east_small_1000_11,S2B_MSIL2A_20230626T021539_R003_T50PQT_20230626T074054,50,,0.0,0.0,0.0,0.0,0.0,0.0,0.0,2.0,0.0,98.0,0.0,400,0,0.0,1000.0000000016298,1000.0,0.4307410717010498,100.0,,0.0,0.0,0.0,0.0,0.0,0.0,0.0,-0.2400000000000002,0.0,0.23999999999999488,0.0,0.0,0.0,1000.0
4705,palawan_outer_east_small_1000_11,S2B_MSIL2A_20230626T021539_R003_T50PQT_20230626T074054,100,,0.0,0.0,0.0,0.0,0.0,0.0,0.0,3.0,0.0,97.0,0.0,100,0,0.0,1000.0000000016298,1000.0,0.42710089683532715,100.0,,0.0,0.0,0.0,0.0,0.0,0.0,0.0,0.7599999999999998,0.0,-0.7600000000000051,0.0,0.0,0.0,1000.0
4712,palawan_outer_east_small_1000_11,S2B_MSIL2A_20230626T021539_R003_T50PQT_20230626T074054,200,,0.0,0.0,0.0,0.0,0.0,0.0,0.0,4.0,0.0,96.0,0.0,25,0,0.0,1000.0000000016298,1000.0,0.40752172470092773,100.0,,0.0,0.0,0.0,0.0,0.0,0.0,0.0,1.7599999999999998,0.0,-1.7600000000000051,0.0,0.0,0.0,1000.0
4719,palawan_outer_east_small_1000_11,S2B_MSIL2A_20230626T021539_R003_T50PQT_20230626T074054,500,,0.0,0.0,0.0,0.0,0.0,0.0,0.0,0.0,0.0,100.0,0.0,4,0,0.0,1000.0000000016298,1000.0,0.3805811405181885,100.0,,0.0,0.0,0.0,0.0,0.0,0.0,0.0,-2.24,0.0,2.239999999999995,0.0,0.0,0.0,1000.0
4726,palawan_outer_east_small_1000_11,S2B_MSIL2A_20230626T021539_R003_T50PQT_20230626T074054,1000,,0.0,0.0,0.0,0.0,0.0,0.0,0.0,0.0,0.0,100.0,0.0,1,0,0.0,1000.0000000016298,1000.0,0.3959829807281494,100.0,,0.0,0.0,0.0,0.0,0.0,0.0,0.0,-2.24,0.0,2.239999999999995,0.0,0.0,0.0,1000.0
4728,palawan_outer_east_small_1000_12,S2A_MSIL2A_20230601T021611_R003_T50PQT_20230601T103139,20,,0.0,0.0,0.0,0.0,0.0,0.0,0.0,100.0,0.0,0.0,0.0,2500,0,0.0,1000.0000000016298,1000.0000000002328,0.40001606941223145,100.0,,0.0,0.0,0.0,0.0,0.0,0.0,0.0,0.0,0.0,0.0,0.0,0.0,0.0,1000.0
4735,palawan_outer_east_small_1000_12,S2A_MSIL2A_20230601T021611_R003_T50PQT_20230601T103139,50,,0.0,0.0,0.0,0.0,0.0,0.0,0.0,100.0,0.0,0.0,0.0,400,0,0.0,1000.0000000016298,1000.0000000002328,0.38854479789733887,100.0,,0.0,0.0,0.0,0.0,0.0,0.0,0.0,0.0,0.0,0.0,0.0,0.0,0.0,1000.0
4742,palawan_outer_east_small_1000_12,S2A_MSIL2A_20230601T021611_R003_T50PQT_20230601T103139,100,,0.0,0.0,0.0,0.0,0.0,0.0,0.0,100.0,0.0,0.0,0.0,100,0,0.0,1000.0000000016298,1000.0000000002328,0.38315796852111816,100.0,,0.0,0.0,0.0,0.0,0.0,0.0,0.0,0.0,0.0,0.0,0.0,0.0,0.0,1000.0
4749,palawan_outer_east_small_1000_12,S2A_MSIL2A_20230601T021611_R003_T50PQT_20230601T103139,200,,0.0,0.0,0.0,0.0,0.0,0.0,0.0,100.0,0.0,0.0,0.0,25,0,0.0,1000.0000000016298,1000.0000000002328,0.4104912281036377,100.0,,0.0,0.0,0.0,0.0,0.0,0.0,0.0,0.0,0.0,0.0,0.0,0.0,0.0,1000.0
4756,palawan_outer_east_small_1000_12,S2A_MSIL2A_20230601T021611_R003_T50PQT_20230601T103139,500,,0.0,0.0,0.0,0.0,0.0,0.0,0.0,100.0,0.0,0.0,0.0,4,0,0.0,1000.0000000016298,1000.0000000002328,0.42044496536254883,100.0,,0.0,0.0,0.0,0.0,0.0,0.0,0.0,0.0,0.0,0.0,0.0,0.0,0.0,1000.0
4763,palawan_outer_east_small_1000_12,S2A_MSIL2A_20230601T021611_R003_T50PQT_20230601T103139,1000,,0.0,0.0,0.0,0.0,0.0,0.0,0.0,100.0,0.0,0.0,0.0,1,0,0.0,1000.0000000016298,1000.0000000002328,0.3680765628814697,100.0,,0.0,0.0,0.0,0.0,0.0,0.0,0.0,0.0,0.0,0.0,0.0,0.0,0.0,1000.0
4730,palawan_outer_east_small_1000_12,S2A_MSIL2A_20230611T021541_R003_T50PQT_20230611T092421,20,,0.0,0.0,0.0,0.0,0.0,0.0,0.0,100.0,0.0,0.0,0.0,2500,0,0.0,1000.0000000016298,1000.0000000002328,0.40001606941223145,100.0,,0.0,0.0,0.0,0.0,0.0,0.0,0.0,0.0,0.0,0.0,0.0,0.0,0.0,1000.0
4737,palawan_outer_east_small_1000_12,S2A_MSIL2A_20230611T021541_R003_T50PQT_20230611T092421,50,,0.0,0.0,0.0,0.0,0.0,0.0,0.0,100.0,0.0,0.0,0.0,400,0,0.0,1000.0000000016298,1000.0000000002328,0.38854479789733887,100.0,,0.0,0.0,0.0,0.0,0.0,0.0,0.0,0.0,0.0,0.0,0.0,0.0,0.0,1000.0
4744,palawan_outer_east_small_1000_12,S2A_MSIL2A_20230611T021541_R003_T50PQT_20230611T092421,100,,0.0,0.0,0.0,0.0,0.0,0.0,0.0,100.0,0.0,0.0,0.0,100,0,0.0,1000.0000000016298,1000.0000000002328,0.38315796852111816,100.0,,0.0,0.0,0.0,0.0,0.0,0.0,0.0,0.0,0.0,0.0,0.0,0.0,0.0,1000.0
4751,palawan_outer_east_small_1000_12,S2A_MSIL2A_20230611T021541_R003_T50PQT_20230611T092421,200,,0.0,0.0,0.0,0.0,0.0,0.0,0.0,100.0,0.0,0.0,0.0,25,0,0.0,1000.0000000016298,1000.0000000002328,0.4104912281036377,100.0,,0.0,0.0,0.0,0.0,0.0,0.0,0.0,0.0,0.0,0.0,0.0,0.0,0.0,1000.0
4758,palawan_outer_east_small_1000_12,S2A_MSIL2A_20230611T021541_R003_T50PQT_20230611T092421,500,,0.0,0.0,0.0,0.0,0.0,0.0,0.0,100.0,0.0,0.0,0.0,4,0,0.0,1000.0000000016298,1000.0000000002328,0.42044496536254883,100.0,,0.0,0.0,0.0,0.0,0.0,0.0,0.0,0.0,0.0,0.0,0.0,0.0,0.0,1000.0
4765,palawan_outer_east_small_1000_12,S2A_MSIL2A_20230611T021541_R003_T50PQT_20230611T092421,1000,,0.0,0.0,0.0,0.0,0.0,0.0,0.0,100.0,0.0,0.0,0.0,1,0,0.0,1000.0000000016298,1000.0000000002328,0.3680765628814697,100.0,,0.0,0.0,0.0,0.0,0.0,0.0,0.0,0.0,0.0,0.0,0.0,0.0,0.0,1000.0
4732,palawan_outer_east_small_1000_12,S2A_MSIL2A_20230621T021541_R003_T50PQT_20230621T085836,20,,0.0,0.0,0.0,0.0,0.0,94.48,0.0,5.52,0.0,0.0,0.0,2500,0,0.0,1000.0000000016298,1000.0000000002328,0.40001606941223145,5.52,,0.0,0.0,0.0,0.0,0.0,0.0,0.0,0.0,0.0,0.0,0.0,0.0,0.0,1000.0
4739,palawan_outer_east_small_1000_12,S2A_MSIL2A_20230621T021541_R003_T50PQT_20230621T085836,50,,0.0,0.0,0.0,0.0,0.0,94.0,0.0,6.0,0.0,0.0,0.0,400,0,0.0,1000.0000000016298,1000.0000000002328,0.38854479789733887,6.0,,0.0,0.0,0.0,0.0,0.0,-0.480000000000004,0.0,0.4800000000000004,0.0,0.0,0.0,0.4800000000000004,0.480000000000004,1000.0
4746,palawan_outer_east_small_1000_12,S2A_MSIL2A_20230621T021541_R003_T50PQT_20230621T085836,100,,0.0,0.0,0.0,0.0,0.0,95.0,0.0,5.0,0.0,0.0,0.0,100,0,0.0,1000.0000000016298,1000.0000000002328,0.38315796852111816,5.0,,0.0,0.0,0.0,0.0,0.0,0.519999999999996,0.0,-0.5199999999999996,0.0,0.0,0.0,-0.5199999999999996,0.5199999999999996,1000.0
4753,palawan_outer_east_small_1000_12,S2A_MSIL2A_20230621T021541_R003_T50PQT_20230621T085836,200,,0.0,0.0,0.0,0.0,0.0,100.0,0.0,0.0,0.0,0.0,0.0,25,0,0.0,1000.0000000016298,1000.0000000002328,0.4104912281036377,0.0,,0.0,0.0,0.0,0.0,0.0,5.519999999999996,0.0,-5.52,0.0,0.0,0.0,-5.52,5.52,1000.0
4760,palawan_outer_east_small_1000_12,S2A_MSIL2A_20230621T021541_R003_T50PQT_20230621T085836,500,,0.0,0.0,0.0,0.0,0.0,75.0,0.0,25.0,0.0,0.0,0.0,4,0,0.0,1000.0000000016298,1000.0000000002328,0.42044496536254883,25.0,,0.0,0.0,0.0,0.0,0.0,-19.480000000000004,0.0,19.48,0.0,0.0,0.0,19.48,19.480000000000004,1000.0
4767,palawan_outer_east_small_1000_12,S2A_MSIL2A_20230621T021541_R003_T50PQT_20230621T085836,1000,,0.0,0.0,0.0,0.0,0.0,100.0,0.0,0.0,0.0,0.0,0.0,1,0,0.0,1000.0000000016298,1000.0000000002328,0.3680765628814697,0.0,,0.0,0.0,0.0,0.0,0.0,5.519999999999996,0.0,-5.52,0.0,0.0,0.0,-5.52,5.52,1000.0
4734,palawan_outer_east_small_1000_12,S2A_MSIL2A_20230701T021541_R003_T50PQT_20230701T082624,20,,0.0,0.0,0.0,0.0,0.0,54.64,0.0,0.96,0.0,44.4,0.0,2500,0,0.0,1000.0000000016298,1000.0000000002328,0.40001606941223145,45.36,,0.0,0.0,0.0,0.0,0.0,0.0,0.0,0.0,0.0,0.0,0.0,0.0,0.0,1000.0
4741,palawan_outer_east_small_1000_12,S2A_MSIL2A_20230701T021541_R003_T50PQT_20230701T082624,50,,0.0,0.0,0.0,0.0,0.0,55.75,0.0,0.75,0.0,43.5,0.0,400,0,0.0,1000.0000000016298,1000.0000000002328,0.38854479789733887,44.25,,0.0,0.0,0.0,0.0,0.0,1.1099999999999994,0.0,-0.20999999999999996,0.0,-0.8999999999999986,0.0,-1.1099999999999994,1.1099999999999994,1000.0
4748,palawan_outer_east_small_1000_12,S2A_MSIL2A_20230701T021541_R003_T50PQT_20230701T082624,100,,0.0,0.0,0.0,0.0,0.0,56.0,0.0,1.0,0.0,43.0,0.0,100,0,0.0,1000.0000000016298,1000.0000000002328,0.38315796852111816,44.0,,0.0,0.0,0.0,0.0,0.0,1.3599999999999994,0.0,0.040000000000000036,0.0,-1.3999999999999986,0.0,-1.3599999999999994,1.3599999999999994,1000.0
4755,palawan_outer_east_small_1000_12,S2A_MSIL2A_20230701T021541_R003_T50PQT_20230701T082624,200,,0.0,0.0,0.0,0.0,0.0,68.0,0.0,0.0,0.0,32.0,0.0,25,0,0.0,1000.0000000016298,1000.0000000002328,0.4104912281036377,32.0,,0.0,0.0,0.0,0.0,0.0,13.36,0.0,-0.96,0.0,-12.399999999999999,0.0,-13.36,13.36,1000.0
4762,palawan_outer_east_small_1000_12,S2A_MSIL2A_20230701T021541_R003_T50PQT_20230701T082624,500,,0.0,0.0,0.0,0.0,0.0,75.0,0.0,0.0,0.0,25.0,0.0,4,0,0.0,1000.0000000016298,1000.0000000002328,0.42044496536254883,25.0,,0.0,0.0,0.0,0.0,0.0,20.36,0.0,-0.96,0.0,-19.4,0.0,-20.36,20.36,1000.0
4769,palawan_outer_east_small_1000_12,S2A_MSIL2A_20230701T021541_R003_T50PQT_20230701T082624,1000,,0.0,0.0,0.0,0.0,0.0,100.0,0.0,0.0,0.0,0.0,0.0,1,0,0.0,1000.0000000016298,1000.0000000002328,0.3680765628814697,0.0,,0.0,0.0,0.0,0.0,0.0,45.36,0.0,-0.96,0.0,-44.4,0.0,-45.36,45.36,1000.0
4729,palawan_outer_east_small_1000_12,S2B_MSIL2A_20230606T021539_R003_T50PQT_20230606T073506,20,,0.0,0.0,0.0,0.0,0.0,100.0,0.0,0.0,0.0,0.0,0.0,2500,0,0.0,1000.0000000016298,1000.0000000002328,0.40001606941223145,0.0,,0.0,0.0,0.0,0.0,0.0,0.0,0.0,0.0,0.0,0.0,0.0,0.0,0.0,1000.0
4736,palawan_outer_east_small_1000_12,S2B_MSIL2A_20230606T021539_R003_T50PQT_20230606T073506,50,,0.0,0.0,0.0,0.0,0.0,100.0,0.0,0.0,0.0,0.0,0.0,400,0,0.0,1000.0000000016298,1000.0000000002328,0.38854479789733887,0.0,,0.0,0.0,0.0,0.0,0.0,0.0,0.0,0.0,0.0,0.0,0.0,0.0,0.0,1000.0
4743,palawan_outer_east_small_1000_12,S2B_MSIL2A_20230606T021539_R003_T50PQT_20230606T073506,100,,0.0,0.0,0.0,0.0,0.0,100.0,0.0,0.0,0.0,0.0,0.0,100,0,0.0,1000.0000000016298,1000.0000000002328,0.38315796852111816,0.0,,0.0,0.0,0.0,0.0,0.0,0.0,0.0,0.0,0.0,0.0,0.0,0.0,0.0,1000.0
4750,palawan_outer_east_small_1000_12,S2B_MSIL2A_20230606T021539_R003_T50PQT_20230606T073506,200,,0.0,0.0,0.0,0.0,0.0,100.0,0.0,0.0,0.0,0.0,0.0,25,0,0.0,1000.0000000016298,1000.0000000002328,0.4104912281036377,0.0,,0.0,0.0,0.0,0.0,0.0,0.0,0.0,0.0,0.0,0.0,0.0,0.0,0.0,1000.0
4757,palawan_outer_east_small_1000_12,S2B_MSIL2A_20230606T021539_R003_T50PQT_20230606T073506,500,,0.0,0.0,0.0,0.0,0.0,100.0,0.0,0.0,0.0,0.0,0.0,4,0,0.0,1000.0000000016298,1000.0000000002328,0.42044496536254883,0.0,,0.0,0.0,0.0,0.0,0.0,0.0,0.0,0.0,0.0,0.0,0.0,0.0,0.0,1000.0
4764,palawan_outer_east_small_1000_12,S2B_MSIL2A_20230606T021539_R003_T50PQT_20230606T073506,1000,,0.0,0.0,0.0,0.0,0.0,100.0,0.0,0.0,0.0,0.0,0.0,1,0,0.0,1000.0000000016298,1000.0000000002328,0.3680765628814697,0.0,,0.0,0.0,0.0,0.0,0.0,0.0,0.0,0.0,0.0,0.0,0.0,0.0,0.0,1000.0
4731,palawan_outer_east_small_1000_12,S2B_MSIL2A_20230616T021539_R003_T50PQT_20230616T083239,20,,0.0,0.0,0.0,0.0,0.0,0.0,0.0,0.0,0.0,100.0,0.0,2500,0,0.0,1000.0000000016298,1000.0000000002328,0.40001606941223145,100.0,,0.0,0.0,0.0,0.0,0.0,0.0,0.0,0.0,0.0,0.0,0.0,0.0,0.0,1000.0
4738,palawan_outer_east_small_1000_12,S2B_MSIL2A_20230616T021539_R003_T50PQT_20230616T083239,50,,0.0,0.0,0.0,0.0,0.0,0.0,0.0,0.0,0.0,100.0,0.0,400,0,0.0,1000.0000000016298,1000.0000000002328,0.38854479789733887,100.0,,0.0,0.0,0.0,0.0,0.0,0.0,0.0,0.0,0.0,0.0,0.0,0.0,0.0,1000.0
4745,palawan_outer_east_small_1000_12,S2B_MSIL2A_20230616T021539_R003_T50PQT_20230616T083239,100,,0.0,0.0,0.0,0.0,0.0,0.0,0.0,0.0,0.0,100.0,0.0,100,0,0.0,1000.0000000016298,1000.0000000002328,0.38315796852111816,100.0,,0.0,0.0,0.0,0.0,0.0,0.0,0.0,0.0,0.0,0.0,0.0,0.0,0.0,1000.0
4752,palawan_outer_east_small_1000_12,S2B_MSIL2A_20230616T021539_R003_T50PQT_20230616T083239,200,,0.0,0.0,0.0,0.0,0.0,0.0,0.0,0.0,0.0,100.0,0.0,25,0,0.0,1000.0000000016298,1000.0000000002328,0.4104912281036377,100.0,,0.0,0.0,0.0,0.0,0.0,0.0,0.0,0.0,0.0,0.0,0.0,0.0,0.0,1000.0
4759,palawan_outer_east_small_1000_12,S2B_MSIL2A_20230616T021539_R003_T50PQT_20230616T083239,500,,0.0,0.0,0.0,0.0,0.0,0.0,0.0,0.0,0.0,100.0,0.0,4,0,0.0,1000.0000000016298,1000.0000000002328,0.42044496536254883,100.0,,0.0,0.0,0.0,0.0,0.0,0.0,0.0,0.0,0.0,0.0,0.0,0.0,0.0,1000.0
4766,palawan_outer_east_small_1000_12,S2B_MSIL2A_20230616T021539_R003_T50PQT_20230616T083239,1000,,0.0,0.0,0.0,0.0,0.0,0.0,0.0,0.0,0.0,100.0,0.0,1,0,0.0,1000.0000000016298,1000.0000000002328,0.3680765628814697,100.0,,0.0,0.0,0.0,0.0,0.0,0.0,0.0,0.0,0.0,0.0,0.0,0.0,0.0,1000.0
4733,palawan_outer_east_small_1000_12,S2B_MSIL2A_20230626T021539_R003_T50PQT_20230626T074054,20,,0.0,0.0,0.0,0.0,0.0,0.0,0.0,51.2,0.0,48.8,0.0,2500,0,0.0,1000.0000000016298,1000.0000000002328,0.40001606941223145,100.0,,0.0,0.0,0.0,0.0,0.0,0.0,0.0,0.0,0.0,0.0,0.0,0.0,0.0,1000.0
4740,palawan_outer_east_small_1000_12,S2B_MSIL2A_20230626T021539_R003_T50PQT_20230626T074054,50,,0.0,0.0,0.0,0.0,0.0,0.0,0.0,50.0,0.0,50.0,0.0,400,0,0.0,1000.0000000016298,1000.0000000002328,0.38854479789733887,100.0,,0.0,0.0,0.0,0.0,0.0,0.0,0.0,-1.2000000000000028,0.0,1.2000000000000028,0.0,0.0,0.0,1000.0
4747,palawan_outer_east_small_1000_12,S2B_MSIL2A_20230626T021539_R003_T50PQT_20230626T074054,100,,0.0,0.0,0.0,0.0,0.0,0.0,0.0,45.0,0.0,55.0,0.0,100,0,0.0,1000.0000000016298,1000.0000000002328,0.38315796852111816,100.0,,0.0,0.0,0.0,0.0,0.0,0.0,0.0,-6.200000000000003,0.0,6.200000000000003,0.0,0.0,0.0,1000.0
4754,palawan_outer_east_small_1000_12,S2B_MSIL2A_20230626T021539_R003_T50PQT_20230626T074054,200,,0.0,0.0,0.0,0.0,0.0,0.0,0.0,36.0,0.0,64.0,0.0,25,0,0.0,1000.0000000016298,1000.0000000002328,0.4104912281036377,100.0,,0.0,0.0,0.0,0.0,0.0,0.0,0.0,-15.200000000000003,0.0,15.200000000000003,0.0,0.0,0.0,1000.0
4761,palawan_outer_east_small_1000_12,S2B_MSIL2A_20230626T021539_R003_T50PQT_20230626T074054,500,,0.0,0.0,0.0,0.0,0.0,0.0,0.0,50.0,0.0,50.0,0.0,4,0,0.0,1000.0000000016298,1000.0000000002328,0.42044496536254883,100.0,,0.0,0.0,0.0,0.0,0.0,0.0,0.0,-1.2000000000000028,0.0,1.2000000000000028,0.0,0.0,0.0,1000.0
4768,palawan_outer_east_small_1000_12,S2B_MSIL2A_20230626T021539_R003_T50PQT_20230626T074054,1000,,0.0,0.0,0.0,0.0,0.0,0.0,0.0,0.0,0.0,100.0,0.0,1,0,0.0,1000.0000000016298,1000.0000000002328,0.3680765628814697,100.0,,0.0,0.0,0.0,0.0,0.0,0.0,0.0,-51.2,0.0,51.2,0.0,0.0,0.0,1000.0
4770,palawan_outer_east_small_1000_13,S2A_MSIL2A_20230601T021611_R003_T50PQT_20230601T103139,20,,0.0,0.0,0.0,0.0,0.0,0.0,0.0,100.0,0.0,0.0,0.0,2500,0,0.0,1000.0000000018626,1000.0000000002328,0.5583655834197998,100.0,,0.0,0.0,0.0,0.0,0.0,0.0,0.0,0.0,0.0,0.0,0.0,0.0,0.0,1000.0
4777,palawan_outer_east_small_1000_13,S2A_MSIL2A_20230601T021611_R003_T50PQT_20230601T103139,50,,0.0,0.0,0.0,0.0,0.0,0.0,0.0,100.0,0.0,0.0,0.0,400,0,0.0,1000.0000000018626,1000.0000000002328,0.3733029365539551,100.0,,0.0,0.0,0.0,0.0,0.0,0.0,0.0,0.0,0.0,0.0,0.0,0.0,0.0,1000.0
4784,palawan_outer_east_small_1000_13,S2A_MSIL2A_20230601T021611_R003_T50PQT_20230601T103139,100,,0.0,0.0,0.0,0.0,0.0,0.0,0.0,100.0,0.0,0.0,0.0,100,0,0.0,1000.0000000018626,1000.0000000002328,0.3905951976776123,100.0,,0.0,0.0,0.0,0.0,0.0,0.0,0.0,0.0,0.0,0.0,0.0,0.0,0.0,1000.0
4791,palawan_outer_east_small_1000_13,S2A_MSIL2A_20230601T021611_R003_T50PQT_20230601T103139,200,,0.0,0.0,0.0,0.0,0.0,0.0,0.0,100.0,0.0,0.0,0.0,25,0,0.0,1000.0000000018626,1000.0000000002328,0.4152657985687256,100.0,,0.0,0.0,0.0,0.0,0.0,0.0,0.0,0.0,0.0,0.0,0.0,0.0,0.0,1000.0
4798,palawan_outer_east_small_1000_13,S2A_MSIL2A_20230601T021611_R003_T50PQT_20230601T103139,500,,0.0,0.0,0.0,0.0,0.0,0.0,0.0,100.0,0.0,0.0,0.0,4,0,0.0,1000.0000000018626,1000.0000000002328,0.48705339431762695,100.0,,0.0,0.0,0.0,0.0,0.0,0.0,0.0,0.0,0.0,0.0,0.0,0.0,0.0,1000.0
4805,palawan_outer_east_small_1000_13,S2A_MSIL2A_20230601T021611_R003_T50PQT_20230601T103139,1000,,0.0,0.0,0.0,0.0,0.0,0.0,0.0,100.0,0.0,0.0,0.0,1,0,0.0,1000.0000000018626,1000.0000000002328,0.3987858295440674,100.0,,0.0,0.0,0.0,0.0,0.0,0.0,0.0,0.0,0.0,0.0,0.0,0.0,0.0,1000.0
4772,palawan_outer_east_small_1000_13,S2A_MSIL2A_20230611T021541_R003_T50PQT_20230611T092421,20,,0.0,0.0,0.0,0.0,0.0,0.0,0.0,100.0,0.0,0.0,0.0,2500,0,0.0,1000.0000000018626,1000.0000000002328,0.5583655834197998,100.0,,0.0,0.0,0.0,0.0,0.0,0.0,0.0,0.0,0.0,0.0,0.0,0.0,0.0,1000.0
4779,palawan_outer_east_small_1000_13,S2A_MSIL2A_20230611T021541_R003_T50PQT_20230611T092421,50,,0.0,0.0,0.0,0.0,0.0,0.0,0.0,100.0,0.0,0.0,0.0,400,0,0.0,1000.0000000018626,1000.0000000002328,0.3733029365539551,100.0,,0.0,0.0,0.0,0.0,0.0,0.0,0.0,0.0,0.0,0.0,0.0,0.0,0.0,1000.0
4786,palawan_outer_east_small_1000_13,S2A_MSIL2A_20230611T021541_R003_T50PQT_20230611T092421,100,,0.0,0.0,0.0,0.0,0.0,0.0,0.0,100.0,0.0,0.0,0.0,100,0,0.0,1000.0000000018626,1000.0000000002328,0.3905951976776123,100.0,,0.0,0.0,0.0,0.0,0.0,0.0,0.0,0.0,0.0,0.0,0.0,0.0,0.0,1000.0
4793,palawan_outer_east_small_1000_13,S2A_MSIL2A_20230611T021541_R003_T50PQT_20230611T092421,200,,0.0,0.0,0.0,0.0,0.0,0.0,0.0,96.0,0.0,4.0,0.0,25,0,0.0,1000.0000000018626,1000.0000000002328,0.4152657985687256,100.0,,0.0,0.0,0.0,0.0,0.0,0.0,0.0,-4.0,0.0,4.0,0.0,0.0,0.0,1000.0
4800,palawan_outer_east_small_1000_13,S2A_MSIL2A_20230611T021541_R003_T50PQT_20230611T092421,500,,0.0,0.0,0.0,0.0,0.0,0.0,0.0,75.0,0.0,25.0,0.0,4,0,0.0,1000.0000000018626,1000.0000000002328,0.48705339431762695,100.0,,0.0,0.0,0.0,0.0,0.0,0.0,0.0,-25.0,0.0,25.0,0.0,0.0,0.0,1000.0
4807,palawan_outer_east_small_1000_13,S2A_MSIL2A_20230611T021541_R003_T50PQT_20230611T092421,1000,,0.0,0.0,0.0,0.0,0.0,0.0,0.0,100.0,0.0,0.0,0.0,1,0,0.0,1000.0000000018626,1000.0000000002328,0.3987858295440674,100.0,,0.0,0.0,0.0,0.0,0.0,0.0,0.0,0.0,0.0,0.0,0.0,0.0,0.0,1000.0
4774,palawan_outer_east_small_1000_13,S2A_MSIL2A_20230621T021541_R003_T50PQT_20230621T085836,20,,0.0,0.0,0.0,0.0,0.0,99.8,0.0,0.2,0.0,0.0,0.0,2500,0,0.0,1000.0000000018626,1000.0000000002328,0.5583655834197998,0.2,,0.0,0.0,0.0,0.0,0.0,0.0,0.0,0.0,0.0,0.0,0.0,0.0,0.0,1000.0
4781,palawan_outer_east_small_1000_13,S2A_MSIL2A_20230621T021541_R003_T50PQT_20230621T085836,50,,0.0,0.0,0.0,0.0,0.0,99.75,0.0,0.25,0.0,0.0,0.0,400,0,0.0,1000.0000000018626,1000.0000000002328,0.3733029365539551,0.25,,0.0,0.0,0.0,0.0,0.0,-0.04999999999999716,0.0,0.04999999999999999,0.0,0.0,0.0,0.04999999999999999,0.04999999999999999,1000.0
4788,palawan_outer_east_small_1000_13,S2A_MSIL2A_20230621T021541_R003_T50PQT_20230621T085836,100,,0.0,0.0,0.0,0.0,0.0,100.0,0.0,0.0,0.0,0.0,0.0,100,0,0.0,1000.0000000018626,1000.0000000002328,0.3905951976776123,0.0,,0.0,0.0,0.0,0.0,0.0,0.20000000000000284,0.0,-0.2,0.0,0.0,0.0,-0.2,0.20000000000000284,1000.0
4795,palawan_outer_east_small_1000_13,S2A_MSIL2A_20230621T021541_R003_T50PQT_20230621T085836,200,,0.0,0.0,0.0,0.0,0.0,100.0,0.0,0.0,0.0,0.0,0.0,25,0,0.0,1000.0000000018626,1000.0000000002328,0.4152657985687256,0.0,,0.0,0.0,0.0,0.0,0.0,0.20000000000000284,0.0,-0.2,0.0,0.0,0.0,-0.2,0.20000000000000284,1000.0
4802,palawan_outer_east_small_1000_13,S2A_MSIL2A_20230621T021541_R003_T50PQT_20230621T085836,500,,0.0,0.0,0.0,0.0,0.0,100.0,0.0,0.0,0.0,0.0,0.0,4,0,0.0,1000.0000000018626,1000.0000000002328,0.48705339431762695,0.0,,0.0,0.0,0.0,0.0,0.0,0.20000000000000284,0.0,-0.2,0.0,0.0,0.0,-0.2,0.20000000000000284,1000.0
4809,palawan_outer_east_small_1000_13,S2A_MSIL2A_20230621T021541_R003_T50PQT_20230621T085836,1000,,0.0,0.0,0.0,0.0,0.0,100.0,0.0,0.0,0.0,0.0,0.0,1,0,0.0,1000.0000000018626,1000.0000000002328,0.3987858295440674,0.0,,0.0,0.0,0.0,0.0,0.0,0.20000000000000284,0.0,-0.2,0.0,0.0,0.0,-0.2,0.20000000000000284,1000.0
4776,palawan_outer_east_small_1000_13,S2A_MSIL2A_20230701T021541_R003_T50PQT_20230701T082624,20,,0.0,0.0,0.0,0.0,0.0,57.52,0.0,0.0,0.0,42.48,0.0,2500,0,0.0,1000.0000000018626,1000.0000000002328,0.5583655834197998,42.48,,0.0,0.0,0.0,0.0,0.0,0.0,0.0,0.0,0.0,0.0,0.0,0.0,0.0,1000.0
4783,palawan_outer_east_small_1000_13,S2A_MSIL2A_20230701T021541_R003_T50PQT_20230701T082624,50,,0.0,0.0,0.0,0.0,0.0,59.75,0.0,0.0,0.0,40.25,0.0,400,0,0.0,1000.0000000018626,1000.0000000002328,0.3733029365539551,40.25,,0.0,0.0,0.0,0.0,0.0,2.229999999999997,0.0,0.0,0.0,-2.229999999999997,0.0,-2.229999999999997,2.229999999999997,1000.0
4790,palawan_outer_east_small_1000_13,S2A_MSIL2A_20230701T021541_R003_T50PQT_20230701T082624,100,,0.0,0.0,0.0,0.0,0.0,56.0,0.0,0.0,0.0,44.0,0.0,100,0,0.0,1000.0000000018626,1000.0000000002328,0.3905951976776123,44.0,,0.0,0.0,0.0,0.0,0.0,-1.5200000000000031,0.0,0.0,0.0,1.5200000000000031,0.0,1.5200000000000031,1.5200000000000031,1000.0
4797,palawan_outer_east_small_1000_13,S2A_MSIL2A_20230701T021541_R003_T50PQT_20230701T082624,200,,0.0,0.0,0.0,0.0,0.0,68.0,0.0,0.0,0.0,32.0,0.0,25,0,0.0,1000.0000000018626,1000.0000000002328,0.4152657985687256,32.0,,0.0,0.0,0.0,0.0,0.0,10.479999999999997,0.0,0.0,0.0,-10.479999999999997,0.0,-10.479999999999997,10.479999999999997,1000.0
4804,palawan_outer_east_small_1000_13,S2A_MSIL2A_20230701T021541_R003_T50PQT_20230701T082624,500,,0.0,0.0,0.0,0.0,0.0,100.0,0.0,0.0,0.0,0.0,0.0,4,0,0.0,1000.0000000018626,1000.0000000002328,0.48705339431762695,0.0,,0.0,0.0,0.0,0.0,0.0,42.48,0.0,0.0,0.0,-42.48,0.0,-42.48,42.48,1000.0
4811,palawan_outer_east_small_1000_13,S2A_MSIL2A_20230701T021541_R003_T50PQT_20230701T082624,1000,,0.0,0.0,0.0,0.0,0.0,100.0,0.0,0.0,0.0,0.0,0.0,1,0,0.0,1000.0000000018626,1000.0000000002328,0.3987858295440674,0.0,,0.0,0.0,0.0,0.0,0.0,42.48,0.0,0.0,0.0,-42.48,0.0,-42.48,42.48,1000.0
4771,palawan_outer_east_small_1000_13,S2B_MSIL2A_20230606T021539_R003_T50PQT_20230606T073506,20,,0.0,0.0,0.0,0.0,0.0,100.0,0.0,0.0,0.0,0.0,0.0,2500,0,0.0,1000.0000000018626,1000.0000000002328,0.5583655834197998,0.0,,0.0,0.0,0.0,0.0,0.0,0.0,0.0,0.0,0.0,0.0,0.0,0.0,0.0,1000.0
4778,palawan_outer_east_small_1000_13,S2B_MSIL2A_20230606T021539_R003_T50PQT_20230606T073506,50,,0.0,0.0,0.0,0.0,0.0,100.0,0.0,0.0,0.0,0.0,0.0,400,0,0.0,1000.0000000018626,1000.0000000002328,0.3733029365539551,0.0,,0.0,0.0,0.0,0.0,0.0,0.0,0.0,0.0,0.0,0.0,0.0,0.0,0.0,1000.0
4785,palawan_outer_east_small_1000_13,S2B_MSIL2A_20230606T021539_R003_T50PQT_20230606T073506,100,,0.0,0.0,0.0,0.0,0.0,100.0,0.0,0.0,0.0,0.0,0.0,100,0,0.0,1000.0000000018626,1000.0000000002328,0.3905951976776123,0.0,,0.0,0.0,0.0,0.0,0.0,0.0,0.0,0.0,0.0,0.0,0.0,0.0,0.0,1000.0
4792,palawan_outer_east_small_1000_13,S2B_MSIL2A_20230606T021539_R003_T50PQT_20230606T073506,200,,0.0,0.0,0.0,0.0,0.0,100.0,0.0,0.0,0.0,0.0,0.0,25,0,0.0,1000.0000000018626,1000.0000000002328,0.4152657985687256,0.0,,0.0,0.0,0.0,0.0,0.0,0.0,0.0,0.0,0.0,0.0,0.0,0.0,0.0,1000.0
4799,palawan_outer_east_small_1000_13,S2B_MSIL2A_20230606T021539_R003_T50PQT_20230606T073506,500,,0.0,0.0,0.0,0.0,0.0,100.0,0.0,0.0,0.0,0.0,0.0,4,0,0.0,1000.0000000018626,1000.0000000002328,0.48705339431762695,0.0,,0.0,0.0,0.0,0.0,0.0,0.0,0.0,0.0,0.0,0.0,0.0,0.0,0.0,1000.0
4806,palawan_outer_east_small_1000_13,S2B_MSIL2A_20230606T021539_R003_T50PQT_20230606T073506,1000,,0.0,0.0,0.0,0.0,0.0,100.0,0.0,0.0,0.0,0.0,0.0,1,0,0.0,1000.0000000018626,1000.0000000002328,0.3987858295440674,0.0,,0.0,0.0,0.0,0.0,0.0,0.0,0.0,0.0,0.0,0.0,0.0,0.0,0.0,1000.0
4773,palawan_outer_east_small_1000_13,S2B_MSIL2A_20230616T021539_R003_T50PQT_20230616T083239,20,,0.0,0.0,0.0,0.0,0.0,0.0,0.0,0.0,0.0,100.0,0.0,2500,0,0.0,1000.0000000018626,1000.0000000002328,0.5583655834197998,100.0,,0.0,0.0,0.0,0.0,0.0,0.0,0.0,0.0,0.0,0.0,0.0,0.0,0.0,1000.0
4780,palawan_outer_east_small_1000_13,S2B_MSIL2A_20230616T021539_R003_T50PQT_20230616T083239,50,,0.0,0.0,0.0,0.0,0.0,0.0,0.0,0.0,0.0,100.0,0.0,400,0,0.0,1000.0000000018626,1000.0000000002328,0.3733029365539551,100.0,,0.0,0.0,0.0,0.0,0.0,0.0,0.0,0.0,0.0,0.0,0.0,0.0,0.0,1000.0
4787,palawan_outer_east_small_1000_13,S2B_MSIL2A_20230616T021539_R003_T50PQT_20230616T083239,100,,0.0,0.0,0.0,0.0,0.0,0.0,0.0,0.0,0.0,100.0,0.0,100,0,0.0,1000.0000000018626,1000.0000000002328,0.3905951976776123,100.0,,0.0,0.0,0.0,0.0,0.0,0.0,0.0,0.0,0.0,0.0,0.0,0.0,0.0,1000.0
4794,palawan_outer_east_small_1000_13,S2B_MSIL2A_20230616T021539_R003_T50PQT_20230616T083239,200,,0.0,0.0,0.0,0.0,0.0,0.0,0.0,0.0,0.0,100.0,0.0,25,0,0.0,1000.0000000018626,1000.0000000002328,0.4152657985687256,100.0,,0.0,0.0,0.0,0.0,0.0,0.0,0.0,0.0,0.0,0.0,0.0,0.0,0.0,1000.0
4801,palawan_outer_east_small_1000_13,S2B_MSIL2A_20230616T021539_R003_T50PQT_20230616T083239,500,,0.0,0.0,0.0,0.0,0.0,0.0,0.0,0.0,0.0,100.0,0.0,4,0,0.0,1000.0000000018626,1000.0000000002328,0.48705339431762695,100.0,,0.0,0.0,0.0,0.0,0.0,0.0,0.0,0.0,0.0,0.0,0.0,0.0,0.0,1000.0
4808,palawan_outer_east_small_1000_13,S2B_MSIL2A_20230616T021539_R003_T50PQT_20230616T083239,1000,,0.0,0.0,0.0,0.0,0.0,0.0,0.0,0.0,0.0,100.0,0.0,1,0,0.0,1000.0000000018626,1000.0000000002328,0.3987858295440674,100.0,,0.0,0.0,0.0,0.0,0.0,0.0,0.0,0.0,0.0,0.0,0.0,0.0,0.0,1000.0
4775,palawan_outer_east_small_1000_13,S2B_MSIL2A_20230626T021539_R003_T50PQT_20230626T074054,20,,0.0,0.0,0.0,0.0,0.0,0.0,0.0,97.12,0.0,2.88,0.0,2500,0,0.0,1000.0000000018626,1000.0000000002328,0.5583655834197998,100.0,,0.0,0.0,0.0,0.0,0.0,0.0,0.0,0.0,0.0,0.0,0.0,0.0,0.0,1000.0
4782,palawan_outer_east_small_1000_13,S2B_MSIL2A_20230626T021539_R003_T50PQT_20230626T074054,50,,0.0,0.0,0.0,0.0,0.0,0.0,0.0,97.0,0.0,3.0,0.0,400,0,0.0,1000.0000000018626,1000.0000000002328,0.3733029365539551,100.0,,0.0,0.0,0.0,0.0,0.0,0.0,0.0,-0.12000000000000455,0.0,0.1200000000000001,0.0,0.0,0.0,1000.0
4789,palawan_outer_east_small_1000_13,S2B_MSIL2A_20230626T021539_R003_T50PQT_20230626T074054,100,,0.0,0.0,0.0,0.0,0.0,0.0,0.0,97.0,0.0,3.0,0.0,100,0,0.0,1000.0000000018626,1000.0000000002328,0.3905951976776123,100.0,,0.0,0.0,0.0,0.0,0.0,0.0,0.0,-0.12000000000000455,0.0,0.1200000000000001,0.0,0.0,0.0,1000.0
4796,palawan_outer_east_small_1000_13,S2B_MSIL2A_20230626T021539_R003_T50PQT_20230626T074054,200,,0.0,0.0,0.0,0.0,0.0,0.0,0.0,100.0,0.0,0.0,0.0,25,0,0.0,1000.0000000018626,1000.0000000002328,0.4152657985687256,100.0,,0.0,0.0,0.0,0.0,0.0,0.0,0.0,2.8799999999999955,0.0,-2.88,0.0,0.0,0.0,1000.0
4803,palawan_outer_east_small_1000_13,S2B_MSIL2A_20230626T021539_R003_T50PQT_20230626T074054,500,,0.0,0.0,0.0,0.0,0.0,0.0,0.0,100.0,0.0,0.0,0.0,4,0,0.0,1000.0000000018626,1000.0000000002328,0.48705339431762695,100.0,,0.0,0.0,0.0,0.0,0.0,0.0,0.0,2.8799999999999955,0.0,-2.88,0.0,0.0,0.0,1000.0
4810,palawan_outer_east_small_1000_13,S2B_MSIL2A_20230626T021539_R003_T50PQT_20230626T074054,1000,,0.0,0.0,0.0,0.0,0.0,0.0,0.0,100.0,0.0,0.0,0.0,1,0,0.0,1000.0000000018626,1000.0000000002328,0.3987858295440674,100.0,,0.0,0.0,0.0,0.0,0.0,0.0,0.0,2.8799999999999955,0.0,-2.88,0.0,0.0,0.0,1000.0
4812,palawan_outer_east_small_1000_14,S2A_MSIL2A_20230601T021611_R003_T50PQT_20230601T103139,20,,0.0,0.0,0.0,0.0,0.0,0.0,0.0,100.0,0.0,0.0,0.0,2500,0,0.0,1000.0000000016298,1000.0,0.3921337127685547,100.0,,0.0,0.0,0.0,0.0,0.0,0.0,0.0,0.0,0.0,0.0,0.0,0.0,0.0,1000.0
4819,palawan_outer_east_small_1000_14,S2A_MSIL2A_20230601T021611_R003_T50PQT_20230601T103139,50,,0.0,0.0,0.0,0.0,0.0,0.0,0.0,100.0,0.0,0.0,0.0,400,0,0.0,1000.0000000016298,1000.0,0.39220666885375977,100.0,,0.0,0.0,0.0,0.0,0.0,0.0,0.0,0.0,0.0,0.0,0.0,0.0,0.0,1000.0
4826,palawan_outer_east_small_1000_14,S2A_MSIL2A_20230601T021611_R003_T50PQT_20230601T103139,100,,0.0,0.0,0.0,0.0,0.0,0.0,0.0,100.0,0.0,0.0,0.0,100,0,0.0,1000.0000000016298,1000.0,0.4515848159790039,100.0,,0.0,0.0,0.0,0.0,0.0,0.0,0.0,0.0,0.0,0.0,0.0,0.0,0.0,1000.0
4833,palawan_outer_east_small_1000_14,S2A_MSIL2A_20230601T021611_R003_T50PQT_20230601T103139,200,,0.0,0.0,0.0,0.0,0.0,0.0,0.0,100.0,0.0,0.0,0.0,25,0,0.0,1000.0000000016298,1000.0,0.4055361747741699,100.0,,0.0,0.0,0.0,0.0,0.0,0.0,0.0,0.0,0.0,0.0,0.0,0.0,0.0,1000.0
4840,palawan_outer_east_small_1000_14,S2A_MSIL2A_20230601T021611_R003_T50PQT_20230601T103139,500,,0.0,0.0,0.0,0.0,0.0,0.0,0.0,100.0,0.0,0.0,0.0,4,0,0.0,1000.0000000016298,1000.0,0.3838229179382324,100.0,,0.0,0.0,0.0,0.0,0.0,0.0,0.0,0.0,0.0,0.0,0.0,0.0,0.0,1000.0
4847,palawan_outer_east_small_1000_14,S2A_MSIL2A_20230601T021611_R003_T50PQT_20230601T103139,1000,,0.0,0.0,0.0,0.0,0.0,0.0,0.0,100.0,0.0,0.0,0.0,1,0,0.0,1000.0000000016298,1000.0,0.4052281379699707,100.0,,0.0,0.0,0.0,0.0,0.0,0.0,0.0,0.0,0.0,0.0,0.0,0.0,0.0,1000.0
4814,palawan_outer_east_small_1000_14,S2A_MSIL2A_20230611T021541_R003_T50PQT_20230611T092421,20,,0.0,0.0,0.0,0.0,0.0,0.0,0.0,71.68,0.0,28.32,0.0,2500,0,0.0,1000.0000000016298,1000.0,0.3921337127685547,100.0,,0.0,0.0,0.0,0.0,0.0,0.0,0.0,0.0,0.0,0.0,0.0,0.0,0.0,1000.0
4821,palawan_outer_east_small_1000_14,S2A_MSIL2A_20230611T021541_R003_T50PQT_20230611T092421,50,,0.0,0.0,0.0,0.0,0.0,0.0,0.0,70.75,0.0,29.25,0.0,400,0,0.0,1000.0000000016298,1000.0,0.39220666885375977,100.0,,0.0,0.0,0.0,0.0,0.0,0.0,0.0,-0.9300000000000068,0.0,0.9299999999999997,0.0,0.0,0.0,1000.0
4828,palawan_outer_east_small_1000_14,S2A_MSIL2A_20230611T021541_R003_T50PQT_20230611T092421,100,,0.0,0.0,0.0,0.0,0.0,0.0,0.0,69.0,0.0,31.0,0.0,100,0,0.0,1000.0000000016298,1000.0,0.4515848159790039,100.0,,0.0,0.0,0.0,0.0,0.0,0.0,0.0,-2.680000000000007,0.0,2.6799999999999997,0.0,0.0,0.0,1000.0
4835,palawan_outer_east_small_1000_14,S2A_MSIL2A_20230611T021541_R003_T50PQT_20230611T092421,200,,0.0,0.0,0.0,0.0,0.0,0.0,0.0,60.0,0.0,40.0,0.0,25,0,0.0,1000.0000000016298,1000.0,0.4055361747741699,100.0,,0.0,0.0,0.0,0.0,0.0,0.0,0.0,-11.680000000000007,0.0,11.68,0.0,0.0,0.0,1000.0
4842,palawan_outer_east_small_1000_14,S2A_MSIL2A_20230611T021541_R003_T50PQT_20230611T092421,500,,0.0,0.0,0.0,0.0,0.0,0.0,0.0,50.0,0.0,50.0,0.0,4,0,0.0,1000.0000000016298,1000.0,0.3838229179382324,100.0,,0.0,0.0,0.0,0.0,0.0,0.0,0.0,-21.680000000000007,0.0,21.68,0.0,0.0,0.0,1000.0
4849,palawan_outer_east_small_1000_14,S2A_MSIL2A_20230611T021541_R003_T50PQT_20230611T092421,1000,,0.0,0.0,0.0,0.0,0.0,0.0,0.0,0.0,0.0,100.0,0.0,1,0,0.0,1000.0000000016298,1000.0,0.4052281379699707,100.0,,0.0,0.0,0.0,0.0,0.0,0.0,0.0,-71.68,0.0,71.68,0.0,0.0,0.0,1000.0
4816,palawan_outer_east_small_1000_14,S2A_MSIL2A_20230621T021541_R003_T50PQT_20230621T085836,20,,0.0,0.0,0.0,0.0,0.0,0.0,0.0,48.72,1.68,49.6,0.0,2500,0,0.0,1000.0000000016298,1000.0,0.3921337127685547,100.0,,0.0,0.0,0.0,0.0,0.0,0.0,0.0,0.0,0.0,0.0,0.0,0.0,0.0,1000.0
4823,palawan_outer_east_small_1000_14,S2A_MSIL2A_20230621T021541_R003_T50PQT_20230621T085836,50,,0.0,0.0,0.0,0.0,0.0,0.0,0.0,48.5,1.5,50.0,0.0,400,0,0.0,1000.0000000016298,1000.0,0.39220666885375977,100.0,,0.0,0.0,0.0,0.0,0.0,0.0,0.0,-0.21999999999999886,-0.17999999999999994,0.3999999999999986,0.0,0.0,0.0,1000.0
4830,palawan_outer_east_small_1000_14,S2A_MSIL2A_20230621T021541_R003_T50PQT_20230621T085836,100,,0.0,0.0,0.0,0.0,0.0,0.0,0.0,46.0,0.0,54.0,0.0,100,0,0.0,1000.0000000016298,1000.0,0.4515848159790039,100.0,,0.0,0.0,0.0,0.0,0.0,0.0,0.0,-2.719999999999999,-1.68,4.399999999999999,0.0,0.0,0.0,1000.0
4837,palawan_outer_east_small_1000_14,S2A_MSIL2A_20230621T021541_R003_T50PQT_20230621T085836,200,,0.0,0.0,0.0,0.0,0.0,0.0,0.0,44.0,0.0,56.0,0.0,25,0,0.0,1000.0000000016298,1000.0,0.4055361747741699,100.0,,0.0,0.0,0.0,0.0,0.0,0.0,0.0,-4.719999999999999,-1.68,6.399999999999999,0.0,0.0,0.0,1000.0
4844,palawan_outer_east_small_1000_14,S2A_MSIL2A_20230621T021541_R003_T50PQT_20230621T085836,500,,0.0,0.0,0.0,0.0,0.0,0.0,0.0,50.0,0.0,50.0,0.0,4,0,0.0,1000.0000000016298,1000.0,0.3838229179382324,100.0,,0.0,0.0,0.0,0.0,0.0,0.0,0.0,1.2800000000000011,-1.68,0.3999999999999986,0.0,0.0,0.0,1000.0
4851,palawan_outer_east_small_1000_14,S2A_MSIL2A_20230621T021541_R003_T50PQT_20230621T085836,1000,,0.0,0.0,0.0,0.0,0.0,0.0,0.0,100.0,0.0,0.0,0.0,1,0,0.0,1000.0000000016298,1000.0,0.4052281379699707,100.0,,0.0,0.0,0.0,0.0,0.0,0.0,0.0,51.28,-1.68,-49.6,0.0,0.0,0.0,1000.0
4818,palawan_outer_east_small_1000_14,S2A_MSIL2A_20230701T021541_R003_T50PQT_20230701T082624,20,,0.0,0.0,0.0,1.04,0.0,9.96,0.0,0.2,0.0,88.8,0.0,2500,0,0.0,1000.0000000016298,1000.0,0.3921337127685547,89.0,,0.0,0.0,0.0,0.0,0.0,0.0,0.0,0.0,0.0,0.0,0.0,0.0,0.0,1000.0
4825,palawan_outer_east_small_1000_14,S2A_MSIL2A_20230701T021541_R003_T50PQT_20230701T082624,50,,0.0,0.0,0.0,1.25,0.0,9.5,0.0,0.0,0.0,89.25,0.0,400,0,0.0,1000.0000000016298,1000.0,0.39220666885375977,89.25,,0.0,0.0,0.0,0.20999999999999996,0.0,-0.46000000000000085,0.0,-0.2,0.0,0.45000000000000284,0.0,0.25,0.46000000000000085,1000.0
4832,palawan_outer_east_small_1000_14,S2A_MSIL2A_20230701T021541_R003_T50PQT_20230701T082624,100,,0.0,0.0,0.0,2.0,0.0,10.0,0.0,0.0,0.0,88.0,0.0,100,0,0.0,1000.0000000016298,1000.0,0.4515848159790039,88.0,,0.0,0.0,0.0,0.96,0.0,0.03999999999999915,0.0,-0.2,0.0,-0.7999999999999972,0.0,-1.0,1.0,1000.0
4839,palawan_outer_east_small_1000_14,S2A_MSIL2A_20230701T021541_R003_T50PQT_20230701T082624,200,,0.0,0.0,0.0,0.0,0.0,8.0,0.0,0.0,0.0,92.0,0.0,25,0,0.0,1000.0000000016298,1000.0,0.4055361747741699,92.0,,0.0,0.0,0.0,-1.04,0.0,-1.9600000000000009,0.0,-0.2,0.0,3.200000000000003,0.0,3.0,3.0,1000.0
4846,palawan_outer_east_small_1000_14,S2A_MSIL2A_20230701T021541_R003_T50PQT_20230701T082624,500,,0.0,0.0,0.0,0.0,0.0,0.0,0.0,0.0,0.0,100.0,0.0,4,0,0.0,1000.0000000016298,1000.0,0.3838229179382324,100.0,,0.0,0.0,0.0,-1.04,0.0,-9.96,0.0,-0.2,0.0,11.200000000000003,0.0,11.0,11.0,1000.0
4853,palawan_outer_east_small_1000_14,S2A_MSIL2A_20230701T021541_R003_T50PQT_20230701T082624,1000,,0.0,0.0,0.0,0.0,0.0,0.0,0.0,0.0,0.0,100.0,0.0,1,0,0.0,1000.0000000016298,1000.0,0.4052281379699707,100.0,,0.0,0.0,0.0,-1.04,0.0,-9.96,0.0,-0.2,0.0,11.200000000000003,0.0,11.0,11.0,1000.0
4813,palawan_outer_east_small_1000_14,S2B_MSIL2A_20230606T021539_R003_T50PQT_20230606T073506,20,,0.0,0.0,0.0,27.32,1.24,71.44,0.0,0.0,0.0,0.0,0.0,2500,0,0.0,1000.0000000016298,1000.0,0.3921337127685547,0.0,,0.0,0.0,0.0,0.0,0.0,0.0,0.0,0.0,0.0,0.0,0.0,0.0,0.0,1000.0
4820,palawan_outer_east_small_1000_14,S2B_MSIL2A_20230606T021539_R003_T50PQT_20230606T073506,50,,0.0,0.0,0.0,26.0,0.5,73.5,0.0,0.0,0.0,0.0,0.0,400,0,0.0,1000.0000000016298,1000.0,0.39220666885375977,0.0,,0.0,0.0,0.0,-1.3200000000000003,-0.74,2.0600000000000023,0.0,0.0,0.0,0.0,0.0,0.0,2.0600000000000023,1000.0
4827,palawan_outer_east_small_1000_14,S2B_MSIL2A_20230606T021539_R003_T50PQT_20230606T073506,100,,0.0,0.0,0.0,23.0,0.0,77.0,0.0,0.0,0.0,0.0,0.0,100,0,0.0,1000.0000000016298,1000.0,0.4515848159790039,0.0,,0.0,0.0,0.0,-4.32,-1.24,5.560000000000002,0.0,0.0,0.0,0.0,0.0,0.0,5.560000000000002,1000.0
4834,palawan_outer_east_small_1000_14,S2B_MSIL2A_20230606T021539_R003_T50PQT_20230606T073506,200,,0.0,0.0,0.0,12.0,0.0,88.0,0.0,0.0,0.0,0.0,0.0,25,0,0.0,1000.0000000016298,1000.0,0.4055361747741699,0.0,,0.0,0.0,0.0,-15.32,-1.24,16.560000000000002,0.0,0.0,0.0,0.0,0.0,0.0,16.560000000000002,1000.0
4841,palawan_outer_east_small_1000_14,S2B_MSIL2A_20230606T021539_R003_T50PQT_20230606T073506,500,,0.0,0.0,0.0,0.0,0.0,100.0,0.0,0.0,0.0,0.0,0.0,4,0,0.0,1000.0000000016298,1000.0,0.3838229179382324,0.0,,0.0,0.0,0.0,-27.32,-1.24,28.560000000000002,0.0,0.0,0.0,0.0,0.0,0.0,28.560000000000002,1000.0
4848,palawan_outer_east_small_1000_14,S2B_MSIL2A_20230606T021539_R003_T50PQT_20230606T073506,1000,,0.0,0.0,0.0,0.0,0.0,100.0,0.0,0.0,0.0,0.0,0.0,1,0,0.0,1000.0000000016298,1000.0,0.4052281379699707,0.0,,0.0,0.0,0.0,-27.32,-1.24,28.560000000000002,0.0,0.0,0.0,0.0,0.0,0.0,28.560000000000002,1000.0
4815,palawan_outer_east_small_1000_14,S2B_MSIL2A_20230616T021539_R003_T50PQT_20230616T083239,20,,0.0,0.0,0.0,0.0,0.0,0.0,0.0,0.56,0.0,99.44,0.0,2500,0,0.0,1000.0000000016298,1000.0,0.3921337127685547,100.0,,0.0,0.0,0.0,0.0,0.0,0.0,0.0,0.0,0.0,0.0,0.0,0.0,0.0,1000.0
4822,palawan_outer_east_small_1000_14,S2B_MSIL2A_20230616T021539_R003_T50PQT_20230616T083239,50,,0.0,0.0,0.0,0.0,0.0,0.0,0.0,0.0,0.0,100.0,0.0,400,0,0.0,1000.0000000016298,1000.0,0.39220666885375977,100.0,,0.0,0.0,0.0,0.0,0.0,0.0,0.0,-0.56,0.0,0.5600000000000023,0.0,0.0,0.0,1000.0
4829,palawan_outer_east_small_1000_14,S2B_MSIL2A_20230616T021539_R003_T50PQT_20230616T083239,100,,0.0,0.0,0.0,0.0,0.0,0.0,0.0,0.0,0.0,100.0,0.0,100,0,0.0,1000.0000000016298,1000.0,0.4515848159790039,100.0,,0.0,0.0,0.0,0.0,0.0,0.0,0.0,-0.56,0.0,0.5600000000000023,0.0,0.0,0.0,1000.0
4836,palawan_outer_east_small_1000_14,S2B_MSIL2A_20230616T021539_R003_T50PQT_20230616T083239,200,,0.0,0.0,0.0,0.0,0.0,0.0,0.0,0.0,0.0,100.0,0.0,25,0,0.0,1000.0000000016298,1000.0,0.4055361747741699,100.0,,0.0,0.0,0.0,0.0,0.0,0.0,0.0,-0.56,0.0,0.5600000000000023,0.0,0.0,0.0,1000.0
4843,palawan_outer_east_small_1000_14,S2B_MSIL2A_20230616T021539_R003_T50PQT_20230616T083239,500,,0.0,0.0,0.0,0.0,0.0,0.0,0.0,0.0,0.0,100.0,0.0,4,0,0.0,1000.0000000016298,1000.0,0.3838229179382324,100.0,,0.0,0.0,0.0,0.0,0.0,0.0,0.0,-0.56,0.0,0.5600000000000023,0.0,0.0,0.0,1000.0
4850,palawan_outer_east_small_1000_14,S2B_MSIL2A_20230616T021539_R003_T50PQT_20230616T083239,1000,,0.0,0.0,0.0,0.0,0.0,0.0,0.0,0.0,0.0,100.0,0.0,1,0,0.0,1000.0000000016298,1000.0,0.4052281379699707,100.0,,0.0,0.0,0.0,0.0,0.0,0.0,0.0,-0.56,0.0,0.5600000000000023,0.0,0.0,0.0,1000.0
4817,palawan_outer_east_small_1000_14,S2B_MSIL2A_20230626T021539_R003_T50PQT_20230626T074054,20,,0.0,0.0,0.0,0.0,0.0,0.0,0.0,10.56,1.08,88.36,0.0,2500,0,0.0,1000.0000000016298,1000.0,0.3921337127685547,100.0,,0.0,0.0,0.0,0.0,0.0,0.0,0.0,0.0,0.0,0.0,0.0,0.0,0.0,1000.0
4824,palawan_outer_east_small_1000_14,S2B_MSIL2A_20230626T021539_R003_T50PQT_20230626T074054,50,,0.0,0.0,0.0,0.0,0.0,0.0,0.0,11.0,1.0,88.0,0.0,400,0,0.0,1000.0000000016298,1000.0,0.39220666885375977,100.0,,0.0,0.0,0.0,0.0,0.0,0.0,0.0,0.4399999999999995,-0.08000000000000007,-0.35999999999999943,0.0,0.0,0.0,1000.0
4831,palawan_outer_east_small_1000_14,S2B_MSIL2A_20230626T021539_R003_T50PQT_20230626T074054,100,,0.0,0.0,0.0,0.0,0.0,0.0,0.0,13.0,0.0,87.0,0.0,100,0,0.0,1000.0000000016298,1000.0,0.4515848159790039,100.0,,0.0,0.0,0.0,0.0,0.0,0.0,0.0,2.4399999999999995,-1.08,-1.3599999999999994,0.0,0.0,0.0,1000.0
4838,palawan_outer_east_small_1000_14,S2B_MSIL2A_20230626T021539_R003_T50PQT_20230626T074054,200,,0.0,0.0,0.0,0.0,0.0,0.0,0.0,12.0,0.0,88.0,0.0,25,0,0.0,1000.0000000016298,1000.0,0.4055361747741699,100.0,,0.0,0.0,0.0,0.0,0.0,0.0,0.0,1.4399999999999995,-1.08,-0.35999999999999943,0.0,0.0,0.0,1000.0
4845,palawan_outer_east_small_1000_14,S2B_MSIL2A_20230626T021539_R003_T50PQT_20230626T074054,500,,0.0,0.0,0.0,0.0,0.0,0.0,0.0,25.0,0.0,75.0,0.0,4,0,0.0,1000.0000000016298,1000.0,0.3838229179382324,100.0,,0.0,0.0,0.0,0.0,0.0,0.0,0.0,14.44,-1.08,-13.36,0.0,0.0,0.0,1000.0
4852,palawan_outer_east_small_1000_14,S2B_MSIL2A_20230626T021539_R003_T50PQT_20230626T074054,1000,,0.0,0.0,0.0,0.0,0.0,0.0,0.0,0.0,0.0,100.0,0.0,1,0,0.0,1000.0000000016298,1000.0,0.4052281379699707,100.0,,0.0,0.0,0.0,0.0,0.0,0.0,0.0,-10.56,-1.08,11.64,0.0,0.0,0.0,1000.0
4854,palawan_outer_east_small_1000_15,S2A_MSIL2A_20230601T021611_R003_T50PQT_20230601T103139,20,,0.0,0.0,0.0,0.0,0.0,0.0,0.0,100.0,0.0,0.0,0.0,2500,0,0.0,1000.0000000009313,1000.0,0.3755826950073242,100.0,,0.0,0.0,0.0,0.0,0.0,0.0,0.0,0.0,0.0,0.0,0.0,0.0,0.0,1000.0
4861,palawan_outer_east_small_1000_15,S2A_MSIL2A_20230601T021611_R003_T50PQT_20230601T103139,50,,0.0,0.0,0.0,0.0,0.0,0.0,0.0,100.0,0.0,0.0,0.0,400,0,0.0,1000.0000000009313,1000.0,0.383134126663208,100.0,,0.0,0.0,0.0,0.0,0.0,0.0,0.0,0.0,0.0,0.0,0.0,0.0,0.0,1000.0
4868,palawan_outer_east_small_1000_15,S2A_MSIL2A_20230601T021611_R003_T50PQT_20230601T103139,100,,0.0,0.0,0.0,0.0,0.0,0.0,0.0,100.0,0.0,0.0,0.0,100,0,0.0,1000.0000000009313,1000.0,0.3970785140991211,100.0,,0.0,0.0,0.0,0.0,0.0,0.0,0.0,0.0,0.0,0.0,0.0,0.0,0.0,1000.0
4875,palawan_outer_east_small_1000_15,S2A_MSIL2A_20230601T021611_R003_T50PQT_20230601T103139,200,,0.0,0.0,0.0,0.0,0.0,0.0,0.0,100.0,0.0,0.0,0.0,25,0,0.0,1000.0000000009313,1000.0,0.5119819641113281,100.0,,0.0,0.0,0.0,0.0,0.0,0.0,0.0,0.0,0.0,0.0,0.0,0.0,0.0,1000.0
4882,palawan_outer_east_small_1000_15,S2A_MSIL2A_20230601T021611_R003_T50PQT_20230601T103139,500,,0.0,0.0,0.0,0.0,0.0,0.0,0.0,100.0,0.0,0.0,0.0,4,0,0.0,1000.0000000009313,1000.0,0.3936176300048828,100.0,,0.0,0.0,0.0,0.0,0.0,0.0,0.0,0.0,0.0,0.0,0.0,0.0,0.0,1000.0
4889,palawan_outer_east_small_1000_15,S2A_MSIL2A_20230601T021611_R003_T50PQT_20230601T103139,1000,,0.0,0.0,0.0,0.0,0.0,0.0,0.0,100.0,0.0,0.0,0.0,1,0,0.0,1000.0000000009313,1000.0,0.3747372627258301,100.0,,0.0,0.0,0.0,0.0,0.0,0.0,0.0,0.0,0.0,0.0,0.0,0.0,0.0,1000.0
4856,palawan_outer_east_small_1000_15,S2A_MSIL2A_20230611T021541_R003_T50PQT_20230611T092421,20,,0.0,0.0,0.0,0.0,0.0,0.0,0.0,99.76,0.0,0.24,0.0,2500,0,0.0,1000.0000000009313,1000.0,0.3755826950073242,100.0,,0.0,0.0,0.0,0.0,0.0,0.0,0.0,0.0,0.0,0.0,0.0,0.0,0.0,1000.0
4863,palawan_outer_east_small_1000_15,S2A_MSIL2A_20230611T021541_R003_T50PQT_20230611T092421,50,,0.0,0.0,0.0,0.0,0.0,0.0,0.0,99.75,0.0,0.25,0.0,400,0,0.0,1000.0000000009313,1000.0,0.383134126663208,100.0,,0.0,0.0,0.0,0.0,0.0,0.0,0.0,-0.010000000000005116,0.0,0.010000000000000009,0.0,0.0,0.0,1000.0
4870,palawan_outer_east_small_1000_15,S2A_MSIL2A_20230611T021541_R003_T50PQT_20230611T092421,100,,0.0,0.0,0.0,0.0,0.0,0.0,0.0,100.0,0.0,0.0,0.0,100,0,0.0,1000.0000000009313,1000.0,0.3970785140991211,100.0,,0.0,0.0,0.0,0.0,0.0,0.0,0.0,0.23999999999999488,0.0,-0.24,0.0,0.0,0.0,1000.0
4877,palawan_outer_east_small_1000_15,S2A_MSIL2A_20230611T021541_R003_T50PQT_20230611T092421,200,,0.0,0.0,0.0,0.0,0.0,0.0,0.0,96.0,0.0,4.0,0.0,25,0,0.0,1000.0000000009313,1000.0,0.5119819641113281,100.0,,0.0,0.0,0.0,0.0,0.0,0.0,0.0,-3.760000000000005,0.0,3.76,0.0,0.0,0.0,1000.0
4884,palawan_outer_east_small_1000_15,S2A_MSIL2A_20230611T021541_R003_T50PQT_20230611T092421,500,,0.0,0.0,0.0,0.0,0.0,0.0,0.0,100.0,0.0,0.0,0.0,4,0,0.0,1000.0000000009313,1000.0,0.3936176300048828,100.0,,0.0,0.0,0.0,0.0,0.0,0.0,0.0,0.23999999999999488,0.0,-0.24,0.0,0.0,0.0,1000.0
4891,palawan_outer_east_small_1000_15,S2A_MSIL2A_20230611T021541_R003_T50PQT_20230611T092421,1000,,0.0,0.0,0.0,0.0,0.0,0.0,0.0,100.0,0.0,0.0,0.0,1,0,0.0,1000.0000000009313,1000.0,0.3747372627258301,100.0,,0.0,0.0,0.0,0.0,0.0,0.0,0.0,0.23999999999999488,0.0,-0.24,0.0,0.0,0.0,1000.0
4858,palawan_outer_east_small_1000_15,S2A_MSIL2A_20230621T021541_R003_T50PQT_20230621T085836,20,,0.0,0.0,0.0,0.0,0.0,0.0,0.0,77.52,18.4,4.08,0.0,2500,0,0.0,1000.0000000009313,1000.0,0.3755826950073242,99.99999999999999,,0.0,0.0,0.0,0.0,0.0,0.0,0.0,0.0,0.0,0.0,0.0,0.0,0.0,1000.0
4865,palawan_outer_east_small_1000_15,S2A_MSIL2A_20230621T021541_R003_T50PQT_20230621T085836,50,,0.0,0.0,0.0,0.0,0.0,0.0,0.0,79.0,17.25,3.75,0.0,400,0,0.0,1000.0000000009313,1000.0,0.383134126663208,100.0,,0.0,0.0,0.0,0.0,0.0,0.0,0.0,1.480000000000004,-1.1499999999999986,-0.33000000000000007,0.0,1.4210854715202004e-14,1.4210854715202004e-14,1000.0
4872,palawan_outer_east_small_1000_15,S2A_MSIL2A_20230621T021541_R003_T50PQT_20230621T085836,100,,0.0,0.0,0.0,0.0,0.0,0.0,0.0,79.0,15.0,6.0,0.0,100,0,0.0,1000.0000000009313,1000.0,0.3970785140991211,100.0,,0.0,0.0,0.0,0.0,0.0,0.0,0.0,1.480000000000004,-3.3999999999999986,1.92,0.0,1.4210854715202004e-14,1.4210854715202004e-14,1000.0
4879,palawan_outer_east_small_1000_15,S2A_MSIL2A_20230621T021541_R003_T50PQT_20230621T085836,200,,0.0,0.0,0.0,0.0,0.0,0.0,0.0,80.0,12.0,8.0,0.0,25,0,0.0,1000.0000000009313,1000.0,0.5119819641113281,100.0,,0.0,0.0,0.0,0.0,0.0,0.0,0.0,2.480000000000004,-6.399999999999999,3.92,0.0,1.4210854715202004e-14,1.4210854715202004e-14,1000.0
4886,palawan_outer_east_small_1000_15,S2A_MSIL2A_20230621T021541_R003_T50PQT_20230621T085836,500,,0.0,0.0,0.0,0.0,0.0,0.0,0.0,100.0,0.0,0.0,0.0,4,0,0.0,1000.0000000009313,1000.0,0.3936176300048828,100.0,,0.0,0.0,0.0,0.0,0.0,0.0,0.0,22.480000000000004,-18.4,-4.08,0.0,1.4210854715202004e-14,1.4210854715202004e-14,1000.0
4893,palawan_outer_east_small_1000_15,S2A_MSIL2A_20230621T021541_R003_T50PQT_20230621T085836,1000,,0.0,0.0,0.0,0.0,0.0,0.0,0.0,100.0,0.0,0.0,0.0,1,0,0.0,1000.0000000009313,1000.0,0.3747372627258301,100.0,,0.0,0.0,0.0,0.0,0.0,0.0,0.0,22.480000000000004,-18.4,-4.08,0.0,1.4210854715202004e-14,1.4210854715202004e-14,1000.0
4860,palawan_outer_east_small_1000_15,S2A_MSIL2A_20230701T021541_R003_T50PQT_20230701T082624,20,,0.0,0.0,2.48,52.48,0.96,0.0,0.0,0.0,0.0,44.08,0.0,2500,0,0.0,1000.0000000009313,1000.0,0.3755826950073242,44.08,,0.0,0.0,0.0,0.0,0.0,0.0,0.0,0.0,0.0,0.0,0.0,0.0,0.0,1000.0
4867,palawan_outer_east_small_1000_15,S2A_MSIL2A_20230701T021541_R003_T50PQT_20230701T082624,50,,0.0,0.0,2.75,52.5,1.0,0.0,0.0,0.0,0.0,43.75,0.0,400,0,0.0,1000.0000000009313,1000.0,0.383134126663208,43.75,,0.0,0.0,0.27,0.020000000000003126,0.040000000000000036,0.0,0.0,0.0,0.0,-0.3299999999999983,0.0,-0.3299999999999983,0.3299999999999983,1000.0
4874,palawan_outer_east_small_1000_15,S2A_MSIL2A_20230701T021541_R003_T50PQT_20230701T082624,100,,0.0,0.0,2.0,52.0,0.0,0.0,0.0,0.0,0.0,46.0,0.0,100,0,0.0,1000.0000000009313,1000.0,0.3970785140991211,46.0,,0.0,0.0,-0.48,-0.4799999999999969,-0.96,0.0,0.0,0.0,0.0,1.9200000000000017,0.0,1.9200000000000017,1.9200000000000017,1000.0
4881,palawan_outer_east_small_1000_15,S2A_MSIL2A_20230701T021541_R003_T50PQT_20230701T082624,200,,0.0,0.0,4.0,56.0,0.0,0.0,0.0,0.0,0.0,40.0,0.0,25,0,0.0,1000.0000000009313,1000.0,0.5119819641113281,40.0,,0.0,0.0,1.52,3.520000000000003,-0.96,0.0,0.0,0.0,0.0,-4.079999999999998,0.0,-4.079999999999998,4.079999999999998,1000.0
4888,palawan_outer_east_small_1000_15,S2A_MSIL2A_20230701T021541_R003_T50PQT_20230701T082624,500,,0.0,0.0,0.0,50.0,0.0,0.0,0.0,0.0,0.0,50.0,0.0,4,0,0.0,1000.0000000009313,1000.0,0.3936176300048828,50.0,,0.0,0.0,-2.48,-2.479999999999997,-0.96,0.0,0.0,0.0,0.0,5.920000000000002,0.0,5.920000000000002,5.920000000000002,1000.0
4895,palawan_outer_east_small_1000_15,S2A_MSIL2A_20230701T021541_R003_T50PQT_20230701T082624,1000,,0.0,0.0,0.0,100.0,0.0,0.0,0.0,0.0,0.0,0.0,0.0,1,0,0.0,1000.0000000009313,1000.0,0.3747372627258301,0.0,,0.0,0.0,-2.48,47.52,-0.96,0.0,0.0,0.0,0.0,-44.08,0.0,-44.08,47.52,1000.0
4855,palawan_outer_east_small_1000_15,S2B_MSIL2A_20230606T021539_R003_T50PQT_20230606T073506,20,,0.0,0.0,0.0,97.44,2.56,0.0,0.0,0.0,0.0,0.0,0.0,2500,0,0.0,1000.0000000009313,1000.0,0.3755826950073242,0.0,,0.0,0.0,0.0,0.0,0.0,0.0,0.0,0.0,0.0,0.0,0.0,0.0,0.0,1000.0
4862,palawan_outer_east_small_1000_15,S2B_MSIL2A_20230606T021539_R003_T50PQT_20230606T073506,50,,0.0,0.0,0.0,97.0,3.0,0.0,0.0,0.0,0.0,0.0,0.0,400,0,0.0,1000.0000000009313,1000.0,0.383134126663208,0.0,,0.0,0.0,0.0,-0.4399999999999977,0.43999999999999995,0.0,0.0,0.0,0.0,0.0,0.0,0.0,0.43999999999999995,1000.0
4869,palawan_outer_east_small_1000_15,S2B_MSIL2A_20230606T021539_R003_T50PQT_20230606T073506,100,,0.0,0.0,0.0,99.0,1.0,0.0,0.0,0.0,0.0,0.0,0.0,100,0,0.0,1000.0000000009313,1000.0,0.3970785140991211,0.0,,0.0,0.0,0.0,1.5600000000000023,-1.56,0.0,0.0,0.0,0.0,0.0,0.0,0.0,1.5600000000000023,1000.0
4876,palawan_outer_east_small_1000_15,S2B_MSIL2A_20230606T021539_R003_T50PQT_20230606T073506,200,,0.0,0.0,0.0,92.0,8.0,0.0,0.0,0.0,0.0,0.0,0.0,25,0,0.0,1000.0000000009313,1000.0,0.5119819641113281,0.0,,0.0,0.0,0.0,-5.439999999999998,5.4399999999999995,0.0,0.0,0.0,0.0,0.0,0.0,0.0,5.4399999999999995,1000.0
4883,palawan_outer_east_small_1000_15,S2B_MSIL2A_20230606T021539_R003_T50PQT_20230606T073506,500,,0.0,0.0,0.0,100.0,0.0,0.0,0.0,0.0,0.0,0.0,0.0,4,0,0.0,1000.0000000009313,1000.0,0.3936176300048828,0.0,,0.0,0.0,0.0,2.5600000000000023,-2.56,0.0,0.0,0.0,0.0,0.0,0.0,0.0,2.5600000000000023,1000.0
4890,palawan_outer_east_small_1000_15,S2B_MSIL2A_20230606T021539_R003_T50PQT_20230606T073506,1000,,0.0,0.0,0.0,100.0,0.0,0.0,0.0,0.0,0.0,0.0,0.0,1,0,0.0,1000.0000000009313,1000.0,0.3747372627258301,0.0,,0.0,0.0,0.0,2.5600000000000023,-2.56,0.0,0.0,0.0,0.0,0.0,0.0,0.0,2.5600000000000023,1000.0
4857,palawan_outer_east_small_1000_15,S2B_MSIL2A_20230616T021539_R003_T50PQT_20230616T083239,20,,0.0,0.0,0.0,0.0,0.0,0.0,0.0,2.64,0.0,97.36,0.0,2500,0,0.0,1000.0000000009313,1000.0,0.3755826950073242,100.0,,0.0,0.0,0.0,0.0,0.0,0.0,0.0,0.0,0.0,0.0,0.0,0.0,0.0,1000.0
4864,palawan_outer_east_small_1000_15,S2B_MSIL2A_20230616T021539_R003_T50PQT_20230616T083239,50,,0.0,0.0,0.0,0.0,0.0,0.0,0.0,3.0,0.0,97.0,0.0,400,0,0.0,1000.0000000009313,1000.0,0.383134126663208,100.0,,0.0,0.0,0.0,0.0,0.0,0.0,0.0,0.3599999999999999,0.0,-0.35999999999999943,0.0,0.0,0.0,1000.0
4871,palawan_outer_east_small_1000_15,S2B_MSIL2A_20230616T021539_R003_T50PQT_20230616T083239,100,,0.0,0.0,0.0,0.0,0.0,0.0,0.0,3.0,0.0,97.0,0.0,100,0,0.0,1000.0000000009313,1000.0,0.3970785140991211,100.0,,0.0,0.0,0.0,0.0,0.0,0.0,0.0,0.3599999999999999,0.0,-0.35999999999999943,0.0,0.0,0.0,1000.0
4878,palawan_outer_east_small_1000_15,S2B_MSIL2A_20230616T021539_R003_T50PQT_20230616T083239,200,,0.0,0.0,0.0,0.0,0.0,0.0,0.0,0.0,0.0,100.0,0.0,25,0,0.0,1000.0000000009313,1000.0,0.5119819641113281,100.0,,0.0,0.0,0.0,0.0,0.0,0.0,0.0,-2.64,0.0,2.6400000000000006,0.0,0.0,0.0,1000.0
4885,palawan_outer_east_small_1000_15,S2B_MSIL2A_20230616T021539_R003_T50PQT_20230616T083239,500,,0.0,0.0,0.0,0.0,0.0,0.0,0.0,0.0,0.0,100.0,0.0,4,0,0.0,1000.0000000009313,1000.0,0.3936176300048828,100.0,,0.0,0.0,0.0,0.0,0.0,0.0,0.0,-2.64,0.0,2.6400000000000006,0.0,0.0,0.0,1000.0
4892,palawan_outer_east_small_1000_15,S2B_MSIL2A_20230616T021539_R003_T50PQT_20230616T083239,1000,,0.0,0.0,0.0,0.0,0.0,0.0,0.0,0.0,0.0,100.0,0.0,1,0,0.0,1000.0000000009313,1000.0,0.3747372627258301,100.0,,0.0,0.0,0.0,0.0,0.0,0.0,0.0,-2.64,0.0,2.6400000000000006,0.0,0.0,0.0,1000.0
4859,palawan_outer_east_small_1000_15,S2B_MSIL2A_20230626T021539_R003_T50PQT_20230626T074054,20,,0.0,0.0,0.0,0.0,0.0,0.0,0.0,31.52,44.12,24.36,0.0,2500,0,0.0,1000.0000000009313,1000.0,0.3755826950073242,100.0,,0.0,0.0,0.0,0.0,0.0,0.0,0.0,0.0,0.0,0.0,0.0,0.0,0.0,1000.0
4866,palawan_outer_east_small_1000_15,S2B_MSIL2A_20230626T021539_R003_T50PQT_20230626T074054,50,,0.0,0.0,0.0,0.0,0.0,0.0,0.0,31.25,42.5,26.25,0.0,400,0,0.0,1000.0000000009313,1000.0,0.383134126663208,100.0,,0.0,0.0,0.0,0.0,0.0,0.0,0.0,-0.2699999999999996,-1.6199999999999974,1.8900000000000006,0.0,0.0,0.0,1000.0
4873,palawan_outer_east_small_1000_15,S2B_MSIL2A_20230626T021539_R003_T50PQT_20230626T074054,100,,0.0,0.0,0.0,0.0,0.0,0.0,0.0,31.0,40.0,29.0,0.0,100,0,0.0,1000.0000000009313,1000.0,0.3970785140991211,100.0,,0.0,0.0,0.0,0.0,0.0,0.0,0.0,-0.5199999999999996,-4.119999999999997,4.640000000000001,0.0,0.0,0.0,1000.0
4880,palawan_outer_east_small_1000_15,S2B_MSIL2A_20230626T021539_R003_T50PQT_20230626T074054,200,,0.0,0.0,0.0,0.0,0.0,0.0,0.0,32.0,32.0,36.0,0.0,25,0,0.0,1000.0000000009313,1000.0,0.5119819641113281,100.0,,0.0,0.0,0.0,0.0,0.0,0.0,0.0,0.4800000000000004,-12.119999999999997,11.64,0.0,0.0,0.0,1000.0
4887,palawan_outer_east_small_1000_15,S2B_MSIL2A_20230626T021539_R003_T50PQT_20230626T074054,500,,0.0,0.0,0.0,0.0,0.0,0.0,0.0,50.0,25.0,25.0,0.0,4,0,0.0,1000.0000000009313,1000.0,0.3936176300048828,100.0,,0.0,0.0,0.0,0.0,0.0,0.0,0.0,18.48,-19.119999999999997,0.6400000000000006,0.0,0.0,0.0,1000.0
4894,palawan_outer_east_small_1000_15,S2B_MSIL2A_20230626T021539_R003_T50PQT_20230626T074054,1000,,0.0,0.0,0.0,0.0,0.0,0.0,0.0,0.0,0.0,100.0,0.0,1,0,0.0,1000.0000000009313,1000.0,0.3747372627258301,100.0,,0.0,0.0,0.0,0.0,0.0,0.0,0.0,-31.52,-44.12,75.64,0.0,0.0,0.0,1000.0
4896,palawan_outer_east_small_1000_16,S2A_MSIL2A_20230601T021611_R003_T50PQT_20230601T103139,20,,0.0,0.0,0.0,0.0,0.0,0.0,0.0,100.0,0.0,0.0,0.0,2500,0,0.0,1000.0000000016298,1000.0000000004657,0.39969325065612793,100.0,,0.0,0.0,0.0,0.0,0.0,0.0,0.0,0.0,0.0,0.0,0.0,0.0,0.0,1000.0
4903,palawan_outer_east_small_1000_16,S2A_MSIL2A_20230601T021611_R003_T50PQT_20230601T103139,50,,0.0,0.0,0.0,0.0,0.0,0.0,0.0,100.0,0.0,0.0,0.0,400,0,0.0,1000.0000000016298,1000.0000000004657,0.3825809955596924,100.0,,0.0,0.0,0.0,0.0,0.0,0.0,0.0,0.0,0.0,0.0,0.0,0.0,0.0,1000.0
4910,palawan_outer_east_small_1000_16,S2A_MSIL2A_20230601T021611_R003_T50PQT_20230601T103139,100,,0.0,0.0,0.0,0.0,0.0,0.0,0.0,100.0,0.0,0.0,0.0,100,0,0.0,1000.0000000016298,1000.0000000004657,0.3802194595336914,100.0,,0.0,0.0,0.0,0.0,0.0,0.0,0.0,0.0,0.0,0.0,0.0,0.0,0.0,1000.0
4917,palawan_outer_east_small_1000_16,S2A_MSIL2A_20230601T021611_R003_T50PQT_20230601T103139,200,,0.0,0.0,0.0,0.0,0.0,0.0,0.0,100.0,0.0,0.0,0.0,25,0,0.0,1000.0000000016298,1000.0000000004657,0.374375581741333,100.0,,0.0,0.0,0.0,0.0,0.0,0.0,0.0,0.0,0.0,0.0,0.0,0.0,0.0,1000.0
4924,palawan_outer_east_small_1000_16,S2A_MSIL2A_20230601T021611_R003_T50PQT_20230601T103139,500,,0.0,0.0,0.0,0.0,0.0,0.0,0.0,100.0,0.0,0.0,0.0,4,0,0.0,1000.0000000016298,1000.0000000004657,0.3765101432800293,100.0,,0.0,0.0,0.0,0.0,0.0,0.0,0.0,0.0,0.0,0.0,0.0,0.0,0.0,1000.0
4931,palawan_outer_east_small_1000_16,S2A_MSIL2A_20230601T021611_R003_T50PQT_20230601T103139,1000,,0.0,0.0,0.0,0.0,0.0,0.0,0.0,100.0,0.0,0.0,0.0,1,0,0.0,1000.0000000016298,1000.0000000004657,0.4212656021118164,100.0,,0.0,0.0,0.0,0.0,0.0,0.0,0.0,0.0,0.0,0.0,0.0,0.0,0.0,1000.0
4898,palawan_outer_east_small_1000_16,S2A_MSIL2A_20230611T021541_R003_T50PQT_20230611T092421,20,,0.0,0.0,0.0,0.0,0.0,0.0,0.0,99.24,0.76,0.0,0.0,2500,0,0.0,1000.0000000016298,1000.0000000004657,0.39969325065612793,100.0,,0.0,0.0,0.0,0.0,0.0,0.0,0.0,0.0,0.0,0.0,0.0,0.0,0.0,1000.0
4905,palawan_outer_east_small_1000_16,S2A_MSIL2A_20230611T021541_R003_T50PQT_20230611T092421,50,,0.0,0.0,0.0,0.0,0.0,0.0,0.0,99.0,1.0,0.0,0.0,400,0,0.0,1000.0000000016298,1000.0000000004657,0.3825809955596924,100.0,,0.0,0.0,0.0,0.0,0.0,0.0,0.0,-0.23999999999999488,0.24,0.0,0.0,0.0,0.0,1000.0
4912,palawan_outer_east_small_1000_16,S2A_MSIL2A_20230611T021541_R003_T50PQT_20230611T092421,100,,0.0,0.0,0.0,0.0,0.0,0.0,0.0,100.0,0.0,0.0,0.0,100,0,0.0,1000.0000000016298,1000.0000000004657,0.3802194595336914,100.0,,0.0,0.0,0.0,0.0,0.0,0.0,0.0,0.7600000000000051,-0.76,0.0,0.0,0.0,0.0,1000.0
4919,palawan_outer_east_small_1000_16,S2A_MSIL2A_20230611T021541_R003_T50PQT_20230611T092421,200,,0.0,0.0,0.0,0.0,0.0,0.0,0.0,100.0,0.0,0.0,0.0,25,0,0.0,1000.0000000016298,1000.0000000004657,0.374375581741333,100.0,,0.0,0.0,0.0,0.0,0.0,0.0,0.0,0.7600000000000051,-0.76,0.0,0.0,0.0,0.0,1000.0
4926,palawan_outer_east_small_1000_16,S2A_MSIL2A_20230611T021541_R003_T50PQT_20230611T092421,500,,0.0,0.0,0.0,0.0,0.0,0.0,0.0,100.0,0.0,0.0,0.0,4,0,0.0,1000.0000000016298,1000.0000000004657,0.3765101432800293,100.0,,0.0,0.0,0.0,0.0,0.0,0.0,0.0,0.7600000000000051,-0.76,0.0,0.0,0.0,0.0,1000.0
4933,palawan_outer_east_small_1000_16,S2A_MSIL2A_20230611T021541_R003_T50PQT_20230611T092421,1000,,0.0,0.0,0.0,0.0,0.0,0.0,0.0,100.0,0.0,0.0,0.0,1,0,0.0,1000.0000000016298,1000.0000000004657,0.4212656021118164,100.0,,0.0,0.0,0.0,0.0,0.0,0.0,0.0,0.7600000000000051,-0.76,0.0,0.0,0.0,0.0,1000.0
4900,palawan_outer_east_small_1000_16,S2A_MSIL2A_20230621T021541_R003_T50PQT_20230621T085836,20,,0.0,0.0,0.0,42.96,0.92,1.4,1.96,14.2,28.28,10.28,0.0,2500,0,0.0,1000.0000000016298,1000.0000000004657,0.39969325065612793,52.760000000000005,,0.0,0.0,0.0,0.0,0.0,0.0,0.0,0.0,0.0,0.0,0.0,0.0,0.0,1000.0
4907,palawan_outer_east_small_1000_16,S2A_MSIL2A_20230621T021541_R003_T50PQT_20230621T085836,50,,0.0,0.0,0.0,40.75,1.5,1.75,2.5,15.25,27.5,10.75,0.0,400,0,0.0,1000.0000000016298,1000.0000000004657,0.3825809955596924,53.5,,0.0,0.0,0.0,-2.210000000000001,0.58,0.3500000000000001,0.54,1.0500000000000007,-0.7800000000000011,0.47000000000000064,0.0,0.7399999999999949,2.210000000000001,1000.0
4914,palawan_outer_east_small_1000_16,S2A_MSIL2A_20230621T021541_R003_T50PQT_20230621T085836,100,,0.0,0.0,0.0,37.0,0.0,1.0,4.0,14.0,32.0,12.0,0.0,100,0,0.0,1000.0000000016298,1000.0000000004657,0.3802194595336914,58.0,,0.0,0.0,0.0,-5.960000000000001,-0.92,-0.3999999999999999,2.04,-0.1999999999999993,3.719999999999999,1.7200000000000006,0.0,5.239999999999995,5.960000000000001,1000.0
4921,palawan_outer_east_small_1000_16,S2A_MSIL2A_20230621T021541_R003_T50PQT_20230621T085836,200,,0.0,0.0,0.0,36.0,0.0,8.0,0.0,20.0,24.0,12.0,0.0,25,0,0.0,1000.0000000016298,1000.0000000004657,0.374375581741333,56.0,,0.0,0.0,0.0,-6.960000000000001,-0.92,6.6,-1.96,5.800000000000001,-4.280000000000001,1.7200000000000006,0.0,3.239999999999995,6.960000000000001,1000.0
4928,palawan_outer_east_small_1000_16,S2A_MSIL2A_20230621T021541_R003_T50PQT_20230621T085836,500,,0.0,0.0,0.0,25.0,0.0,25.0,0.0,25.0,0.0,25.0,0.0,4,0,0.0,1000.0000000016298,1000.0000000004657,0.3765101432800293,50.0,,0.0,0.0,0.0,-17.96,-0.92,23.6,-1.96,10.8,-28.28,14.72,0.0,-2.760000000000005,23.6,1000.0
4935,palawan_outer_east_small_1000_16,S2A_MSIL2A_20230621T021541_R003_T50PQT_20230621T085836,1000,,0.0,0.0,0.0,100.0,0.0,0.0,0.0,0.0,0.0,0.0,0.0,1,0,0.0,1000.0000000016298,1000.0000000004657,0.4212656021118164,0.0,,0.0,0.0,0.0,57.04,-0.92,-1.4,-1.96,-14.2,-28.28,-10.28,0.0,-52.760000000000005,57.04,1000.0
4902,palawan_outer_east_small_1000_16,S2A_MSIL2A_20230701T021541_R003_T50PQT_20230701T082624,20,,0.0,0.0,16.52,4.28,0.0,0.48,0.56,14.96,19.2,44.0,0.0,2500,0,0.0,1000.0000000016298,1000.0000000004657,0.39969325065612793,78.16,,0.0,0.0,0.0,0.0,0.0,0.0,0.0,0.0,0.0,0.0,0.0,0.0,0.0,1000.0
4909,palawan_outer_east_small_1000_16,S2A_MSIL2A_20230701T021541_R003_T50PQT_20230701T082624,50,,0.0,0.0,16.75,3.75,0.0,1.0,1.0,14.5,20.0,43.0,0.0,400,0,0.0,1000.0000000016298,1000.0000000004657,0.3825809955596924,77.5,,0.0,0.0,0.23000000000000043,-0.5300000000000002,0.0,0.52,0.43999999999999995,-0.46000000000000085,0.8000000000000007,-1.0,0.0,-0.6599999999999966,0.6599999999999966,1000.0
4916,palawan_outer_east_small_1000_16,S2A_MSIL2A_20230701T021541_R003_T50PQT_20230701T082624,100,,0.0,0.0,17.0,6.0,0.0,0.0,1.0,15.0,18.0,43.0,0.0,100,0,0.0,1000.0000000016298,1000.0000000004657,0.3802194595336914,76.0,,0.0,0.0,0.4800000000000004,1.7199999999999998,0.0,-0.48,0.43999999999999995,0.03999999999999915,-1.1999999999999993,-1.0,0.0,-2.1599999999999966,2.1599999999999966,1000.0
4923,palawan_outer_east_small_1000_16,S2A_MSIL2A_20230701T021541_R003_T50PQT_20230701T082624,200,,0.0,0.0,20.0,12.0,0.0,4.0,4.0,4.0,28.0,28.0,0.0,25,0,0.0,1000.0000000016298,1000.0000000004657,0.374375581741333,60.0,,0.0,0.0,3.4800000000000004,7.72,0.0,3.52,3.44,-10.96,8.8,-16.0,0.0,-18.159999999999997,18.159999999999997,1000.0
4930,palawan_outer_east_small_1000_16,S2A_MSIL2A_20230701T021541_R003_T50PQT_20230701T082624,500,,0.0,0.0,25.0,0.0,0.0,25.0,0.0,50.0,0.0,0.0,0.0,4,0,0.0,1000.0000000016298,1000.0000000004657,0.3765101432800293,50.0,,0.0,0.0,8.48,-4.28,0.0,24.52,-0.56,35.04,-19.2,-44.0,0.0,-28.159999999999997,28.159999999999997,1000.0
4937,palawan_outer_east_small_1000_16,S2A_MSIL2A_20230701T021541_R003_T50PQT_20230701T082624,1000,,0.0,0.0,0.0,0.0,0.0,0.0,0.0,0.0,100.0,0.0,0.0,1,0,0.0,1000.0000000016298,1000.0000000004657,0.4212656021118164,100.0,,0.0,0.0,-16.52,-4.28,0.0,-0.48,-0.56,-14.96,80.8,-44.0,0.0,21.840000000000003,21.840000000000003,1000.0
4897,palawan_outer_east_small_1000_16,S2B_MSIL2A_20230606T021539_R003_T50PQT_20230606T073506,20,,0.0,0.0,3.68,89.04,1.52,4.44,0.88,0.44,0.0,0.0,0.0,2500,0,0.0,1000.0000000016298,1000.0000000004657,0.39969325065612793,0.44,,0.0,0.0,0.0,0.0,0.0,0.0,0.0,0.0,0.0,0.0,0.0,0.0,0.0,1000.0
4904,palawan_outer_east_small_1000_16,S2B_MSIL2A_20230606T021539_R003_T50PQT_20230606T073506,50,,0.0,0.0,3.5,87.5,1.75,5.75,1.25,0.25,0.0,0.0,0.0,400,0,0.0,1000.0000000016298,1000.0000000004657,0.3825809955596924,0.25,,0.0,0.0,-0.18000000000000016,-1.5400000000000063,0.22999999999999998,1.3099999999999996,0.37,-0.19,0.0,0.0,0.0,-0.19,1.5400000000000063,1000.0
4911,palawan_outer_east_small_1000_16,S2B_MSIL2A_20230606T021539_R003_T50PQT_20230606T073506,100,,0.0,0.0,3.0,90.0,0.0,7.0,0.0,0.0,0.0,0.0,0.0,100,0,0.0,1000.0000000016298,1000.0000000004657,0.3802194595336914,0.0,,0.0,0.0,-0.6800000000000002,0.9599999999999937,-1.52,2.5599999999999996,-0.88,-0.44,0.0,0.0,0.0,-0.44,2.5599999999999996,1000.0
4918,palawan_outer_east_small_1000_16,S2B_MSIL2A_20230606T021539_R003_T50PQT_20230606T073506,200,,0.0,0.0,4.0,80.0,0.0,16.0,0.0,0.0,0.0,0.0,0.0,25,0,0.0,1000.0000000016298,1000.0000000004657,0.374375581741333,0.0,,0.0,0.0,0.31999999999999984,-9.040000000000006,-1.52,11.559999999999999,-0.88,-0.44,0.0,0.0,0.0,-0.44,11.559999999999999,1000.0
4925,palawan_outer_east_small_1000_16,S2B_MSIL2A_20230606T021539_R003_T50PQT_20230606T073506,500,,0.0,0.0,0.0,50.0,0.0,50.0,0.0,0.0,0.0,0.0,0.0,4,0,0.0,1000.0000000016298,1000.0000000004657,0.3765101432800293,0.0,,0.0,0.0,-3.68,-39.040000000000006,-1.52,45.56,-0.88,-0.44,0.0,0.0,0.0,-0.44,45.56,1000.0
4932,palawan_outer_east_small_1000_16,S2B_MSIL2A_20230606T021539_R003_T50PQT_20230606T073506,1000,,0.0,0.0,0.0,100.0,0.0,0.0,0.0,0.0,0.0,0.0,0.0,1,0,0.0,1000.0000000016298,1000.0000000004657,0.4212656021118164,0.0,,0.0,0.0,-3.68,10.959999999999994,-1.52,-4.44,-0.88,-0.44,0.0,0.0,0.0,-0.44,10.959999999999994,1000.0
4899,palawan_outer_east_small_1000_16,S2B_MSIL2A_20230616T021539_R003_T50PQT_20230616T083239,20,,0.0,0.0,0.0,0.0,0.0,0.0,0.0,29.88,58.44,11.68,0.0,2500,0,0.0,1000.0000000016298,1000.0000000004657,0.39969325065612793,100.0,,0.0,0.0,0.0,0.0,0.0,0.0,0.0,0.0,0.0,0.0,0.0,0.0,0.0,1000.0
4906,palawan_outer_east_small_1000_16,S2B_MSIL2A_20230616T021539_R003_T50PQT_20230616T083239,50,,0.0,0.0,0.0,0.0,0.0,0.0,0.0,30.25,57.75,12.0,0.0,400,0,0.0,1000.0000000016298,1000.0000000004657,0.3825809955596924,100.0,,0.0,0.0,0.0,0.0,0.0,0.0,0.0,0.370000000000001,-0.6899999999999977,0.3200000000000003,0.0,0.0,0.0,1000.0
4913,palawan_outer_east_small_1000_16,S2B_MSIL2A_20230616T021539_R003_T50PQT_20230616T083239,100,,0.0,0.0,0.0,0.0,0.0,0.0,0.0,28.0,54.0,18.0,0.0,100,0,0.0,1000.0000000016298,1000.0000000004657,0.3802194595336914,100.0,,0.0,0.0,0.0,0.0,0.0,0.0,0.0,-1.879999999999999,-4.439999999999998,6.32,0.0,0.0,0.0,1000.0
4920,palawan_outer_east_small_1000_16,S2B_MSIL2A_20230616T021539_R003_T50PQT_20230616T083239,200,,0.0,0.0,0.0,0.0,0.0,0.0,0.0,40.0,48.0,12.0,0.0,25,0,0.0,1000.0000000016298,1000.0000000004657,0.374375581741333,100.0,,0.0,0.0,0.0,0.0,0.0,0.0,0.0,10.120000000000001,-10.439999999999998,0.3200000000000003,0.0,0.0,0.0,1000.0
4927,palawan_outer_east_small_1000_16,S2B_MSIL2A_20230616T021539_R003_T50PQT_20230616T083239,500,,0.0,0.0,0.0,0.0,0.0,0.0,0.0,50.0,50.0,0.0,0.0,4,0,0.0,1000.0000000016298,1000.0000000004657,0.3765101432800293,100.0,,0.0,0.0,0.0,0.0,0.0,0.0,0.0,20.12,-8.439999999999998,-11.68,0.0,0.0,0.0,1000.0
4934,palawan_outer_east_small_1000_16,S2B_MSIL2A_20230616T021539_R003_T50PQT_20230616T083239,1000,,0.0,0.0,0.0,0.0,0.0,0.0,0.0,0.0,100.0,0.0,0.0,1,0,0.0,1000.0000000016298,1000.0000000004657,0.4212656021118164,100.0,,0.0,0.0,0.0,0.0,0.0,0.0,0.0,-29.88,41.56,-11.68,0.0,0.0,0.0,1000.0
4901,palawan_outer_east_small_1000_16,S2B_MSIL2A_20230626T021539_R003_T50PQT_20230626T074054,20,,0.0,0.0,0.0,0.0,0.0,0.0,0.0,27.84,59.76,12.4,0.0,2500,0,0.0,1000.0000000016298,1000.0000000004657,0.39969325065612793,100.0,,0.0,0.0,0.0,0.0,0.0,0.0,0.0,0.0,0.0,0.0,0.0,0.0,0.0,1000.0
4908,palawan_outer_east_small_1000_16,S2B_MSIL2A_20230626T021539_R003_T50PQT_20230626T074054,50,,0.0,0.0,0.0,0.0,0.0,0.0,0.0,27.25,60.75,12.0,0.0,400,0,0.0,1000.0000000016298,1000.0000000004657,0.3825809955596924,100.0,,0.0,0.0,0.0,0.0,0.0,0.0,0.0,-0.5899999999999999,0.990000000000002,-0.40000000000000036,0.0,0.0,0.0,1000.0
4915,palawan_outer_east_small_1000_16,S2B_MSIL2A_20230626T021539_R003_T50PQT_20230626T074054,100,,0.0,0.0,0.0,0.0,0.0,0.0,0.0,26.0,66.0,8.0,0.0,100,0,0.0,1000.0000000016298,1000.0000000004657,0.3802194595336914,100.0,,0.0,0.0,0.0,0.0,0.0,0.0,0.0,-1.8399999999999999,6.240000000000002,-4.4,0.0,0.0,0.0,1000.0
4922,palawan_outer_east_small_1000_16,S2B_MSIL2A_20230626T021539_R003_T50PQT_20230626T074054,200,,0.0,0.0,0.0,0.0,0.0,0.0,0.0,36.0,56.0,8.0,0.0,25,0,0.0,1000.0000000016298,1000.0000000004657,0.374375581741333,100.0,,0.0,0.0,0.0,0.0,0.0,0.0,0.0,8.16,-3.759999999999998,-4.4,0.0,0.0,0.0,1000.0
4929,palawan_outer_east_small_1000_16,S2B_MSIL2A_20230626T021539_R003_T50PQT_20230626T074054,500,,0.0,0.0,0.0,0.0,0.0,0.0,0.0,0.0,75.0,25.0,0.0,4,0,0.0,1000.0000000016298,1000.0000000004657,0.3765101432800293,100.0,,0.0,0.0,0.0,0.0,0.0,0.0,0.0,-27.84,15.240000000000002,12.6,0.0,0.0,0.0,1000.0
4936,palawan_outer_east_small_1000_16,S2B_MSIL2A_20230626T021539_R003_T50PQT_20230626T074054,1000,,0.0,0.0,0.0,0.0,0.0,0.0,0.0,0.0,100.0,0.0,0.0,1,0,0.0,1000.0000000016298,1000.0000000004657,0.4212656021118164,100.0,,0.0,0.0,0.0,0.0,0.0,0.0,0.0,-27.84,40.24,-12.4,0.0,0.0,0.0,1000.0
4938,palawan_outer_east_small_1000_17,S2A_MSIL2A_20230601T021611_R003_T50PQT_20230601T103139,20,,0.0,0.0,0.0,0.0,0.0,0.0,0.0,100.0,0.0,0.0,0.0,2500,0,0.0,1000.0000000002328,1000.0,0.3873932361602783,100.0,,0.0,0.0,0.0,0.0,0.0,0.0,0.0,0.0,0.0,0.0,0.0,0.0,0.0,1000.0
4945,palawan_outer_east_small_1000_17,S2A_MSIL2A_20230601T021611_R003_T50PQT_20230601T103139,50,,0.0,0.0,0.0,0.0,0.0,0.0,0.0,100.0,0.0,0.0,0.0,400,0,0.0,1000.0000000002328,1000.0,0.4536418914794922,100.0,,0.0,0.0,0.0,0.0,0.0,0.0,0.0,0.0,0.0,0.0,0.0,0.0,0.0,1000.0
4952,palawan_outer_east_small_1000_17,S2A_MSIL2A_20230601T021611_R003_T50PQT_20230601T103139,100,,0.0,0.0,0.0,0.0,0.0,0.0,0.0,100.0,0.0,0.0,0.0,100,0,0.0,1000.0000000002328,1000.0,0.3941326141357422,100.0,,0.0,0.0,0.0,0.0,0.0,0.0,0.0,0.0,0.0,0.0,0.0,0.0,0.0,1000.0
4959,palawan_outer_east_small_1000_17,S2A_MSIL2A_20230601T021611_R003_T50PQT_20230601T103139,200,,0.0,0.0,0.0,0.0,0.0,0.0,0.0,100.0,0.0,0.0,0.0,25,0,0.0,1000.0000000002328,1000.0,0.3783440589904785,100.0,,0.0,0.0,0.0,0.0,0.0,0.0,0.0,0.0,0.0,0.0,0.0,0.0,0.0,1000.0
4966,palawan_outer_east_small_1000_17,S2A_MSIL2A_20230601T021611_R003_T50PQT_20230601T103139,500,,0.0,0.0,0.0,0.0,0.0,0.0,0.0,100.0,0.0,0.0,0.0,4,0,0.0,1000.0000000002328,1000.0,0.41783857345581055,100.0,,0.0,0.0,0.0,0.0,0.0,0.0,0.0,0.0,0.0,0.0,0.0,0.0,0.0,1000.0
4973,palawan_outer_east_small_1000_17,S2A_MSIL2A_20230601T021611_R003_T50PQT_20230601T103139,1000,,0.0,0.0,0.0,0.0,0.0,0.0,0.0,100.0,0.0,0.0,0.0,1,0,0.0,1000.0000000002328,1000.0,0.42057061195373535,100.0,,0.0,0.0,0.0,0.0,0.0,0.0,0.0,0.0,0.0,0.0,0.0,0.0,0.0,1000.0
4940,palawan_outer_east_small_1000_17,S2A_MSIL2A_20230611T021541_R003_T50PQT_20230611T092421,20,,0.0,0.0,0.0,0.0,0.0,0.0,0.0,100.0,0.0,0.0,0.0,2500,0,0.0,1000.0000000002328,1000.0,0.3873932361602783,100.0,,0.0,0.0,0.0,0.0,0.0,0.0,0.0,0.0,0.0,0.0,0.0,0.0,0.0,1000.0
4947,palawan_outer_east_small_1000_17,S2A_MSIL2A_20230611T021541_R003_T50PQT_20230611T092421,50,,0.0,0.0,0.0,0.0,0.0,0.0,0.0,100.0,0.0,0.0,0.0,400,0,0.0,1000.0000000002328,1000.0,0.4536418914794922,100.0,,0.0,0.0,0.0,0.0,0.0,0.0,0.0,0.0,0.0,0.0,0.0,0.0,0.0,1000.0
4954,palawan_outer_east_small_1000_17,S2A_MSIL2A_20230611T021541_R003_T50PQT_20230611T092421,100,,0.0,0.0,0.0,0.0,0.0,0.0,0.0,100.0,0.0,0.0,0.0,100,0,0.0,1000.0000000002328,1000.0,0.3941326141357422,100.0,,0.0,0.0,0.0,0.0,0.0,0.0,0.0,0.0,0.0,0.0,0.0,0.0,0.0,1000.0
4961,palawan_outer_east_small_1000_17,S2A_MSIL2A_20230611T021541_R003_T50PQT_20230611T092421,200,,0.0,0.0,0.0,0.0,0.0,0.0,0.0,100.0,0.0,0.0,0.0,25,0,0.0,1000.0000000002328,1000.0,0.3783440589904785,100.0,,0.0,0.0,0.0,0.0,0.0,0.0,0.0,0.0,0.0,0.0,0.0,0.0,0.0,1000.0
4968,palawan_outer_east_small_1000_17,S2A_MSIL2A_20230611T021541_R003_T50PQT_20230611T092421,500,,0.0,0.0,0.0,0.0,0.0,0.0,0.0,100.0,0.0,0.0,0.0,4,0,0.0,1000.0000000002328,1000.0,0.41783857345581055,100.0,,0.0,0.0,0.0,0.0,0.0,0.0,0.0,0.0,0.0,0.0,0.0,0.0,0.0,1000.0
4975,palawan_outer_east_small_1000_17,S2A_MSIL2A_20230611T021541_R003_T50PQT_20230611T092421,1000,,0.0,0.0,0.0,0.0,0.0,0.0,0.0,100.0,0.0,0.0,0.0,1,0,0.0,1000.0000000002328,1000.0,0.42057061195373535,100.0,,0.0,0.0,0.0,0.0,0.0,0.0,0.0,0.0,0.0,0.0,0.0,0.0,0.0,1000.0
4942,palawan_outer_east_small_1000_17,S2A_MSIL2A_20230621T021541_R003_T50PQT_20230621T085836,20,,0.0,0.0,0.0,40.04,5.12,53.32,1.52,0.0,0.0,0.0,0.0,2500,0,0.0,1000.0000000002328,1000.0,0.3873932361602783,0.0,,0.0,0.0,0.0,0.0,0.0,0.0,0.0,0.0,0.0,0.0,0.0,0.0,0.0,1000.0
4949,palawan_outer_east_small_1000_17,S2A_MSIL2A_20230621T021541_R003_T50PQT_20230621T085836,50,,0.0,0.0,0.0,40.0,5.5,53.25,1.25,0.0,0.0,0.0,0.0,400,0,0.0,1000.0000000002328,1000.0,0.4536418914794922,0.0,,0.0,0.0,0.0,-0.03999999999999915,0.3799999999999999,-0.07000000000000028,-0.27,0.0,0.0,0.0,0.0,0.0,0.3799999999999999,1000.0
4956,palawan_outer_east_small_1000_17,S2A_MSIL2A_20230621T021541_R003_T50PQT_20230621T085836,100,,0.0,0.0,0.0,43.0,7.0,49.0,1.0,0.0,0.0,0.0,0.0,100,0,0.0,1000.0000000002328,1000.0,0.3941326141357422,0.0,,0.0,0.0,0.0,2.960000000000001,1.88,-4.32,-0.52,0.0,0.0,0.0,0.0,0.0,4.32,1000.0
4963,palawan_outer_east_small_1000_17,S2A_MSIL2A_20230621T021541_R003_T50PQT_20230621T085836,200,,0.0,0.0,0.0,36.0,4.0,56.0,4.0,0.0,0.0,0.0,0.0,25,0,0.0,1000.0000000002328,1000.0,0.3783440589904785,0.0,,0.0,0.0,0.0,-4.039999999999999,-1.12,2.6799999999999997,2.48,0.0,0.0,0.0,0.0,0.0,4.039999999999999,1000.0
4970,palawan_outer_east_small_1000_17,S2A_MSIL2A_20230621T021541_R003_T50PQT_20230621T085836,500,,0.0,0.0,0.0,25.0,0.0,75.0,0.0,0.0,0.0,0.0,0.0,4,0,0.0,1000.0000000002328,1000.0,0.41783857345581055,0.0,,0.0,0.0,0.0,-15.04,-5.12,21.68,-1.52,0.0,0.0,0.0,0.0,0.0,21.68,1000.0
4977,palawan_outer_east_small_1000_17,S2A_MSIL2A_20230621T021541_R003_T50PQT_20230621T085836,1000,,0.0,0.0,0.0,0.0,0.0,100.0,0.0,0.0,0.0,0.0,0.0,1,0,0.0,1000.0000000002328,1000.0,0.42057061195373535,0.0,,0.0,0.0,0.0,-40.04,-5.12,46.68,-1.52,0.0,0.0,0.0,0.0,0.0,46.68,1000.0
4944,palawan_outer_east_small_1000_17,S2A_MSIL2A_20230701T021541_R003_T50PQT_20230701T082624,20,,0.0,0.0,0.0,31.08,3.48,45.2,4.68,7.36,1.76,6.44,0.0,2500,0,0.0,1000.0000000002328,1000.0,0.3873932361602783,15.560000000000002,,0.0,0.0,0.0,0.0,0.0,0.0,0.0,0.0,0.0,0.0,0.0,0.0,0.0,1000.0
4951,palawan_outer_east_small_1000_17,S2A_MSIL2A_20230701T021541_R003_T50PQT_20230701T082624,50,,0.0,0.0,0.0,32.25,2.75,46.5,3.75,7.25,1.0,6.5,0.0,400,0,0.0,1000.0000000002328,1000.0,0.4536418914794922,14.75,,0.0,0.0,0.0,1.1700000000000017,-0.73,1.2999999999999972,-0.9299999999999997,-0.11000000000000032,-0.76,0.05999999999999961,0.0,-0.8100000000000023,1.2999999999999972,1000.0
4958,palawan_outer_east_small_1000_17,S2A_MSIL2A_20230701T021541_R003_T50PQT_20230701T082624,100,,0.0,0.0,0.0,33.0,4.0,44.0,3.0,7.0,2.0,7.0,0.0,100,0,0.0,1000.0000000002328,1000.0,0.3941326141357422,16.0,,0.0,0.0,0.0,1.9200000000000017,0.52,-1.2000000000000028,-1.6799999999999997,-0.3600000000000003,0.24,0.5599999999999996,0.0,0.4399999999999977,1.9200000000000017,1000.0
4965,palawan_outer_east_small_1000_17,S2A_MSIL2A_20230701T021541_R003_T50PQT_20230701T082624,200,,0.0,0.0,0.0,24.0,12.0,56.0,0.0,4.0,0.0,4.0,0.0,25,0,0.0,1000.0000000002328,1000.0,0.3783440589904785,8.0,,0.0,0.0,0.0,-7.079999999999998,8.52,10.799999999999997,-4.68,-3.3600000000000003,-1.76,-2.4400000000000004,0.0,-7.560000000000002,10.799999999999997,1000.0
4972,palawan_outer_east_small_1000_17,S2A_MSIL2A_20230701T021541_R003_T50PQT_20230701T082624,500,,0.0,0.0,0.0,25.0,0.0,75.0,0.0,0.0,0.0,0.0,0.0,4,0,0.0,1000.0000000002328,1000.0,0.41783857345581055,0.0,,0.0,0.0,0.0,-6.079999999999998,-3.48,29.799999999999997,-4.68,-7.36,-1.76,-6.44,0.0,-15.560000000000002,29.799999999999997,1000.0
4979,palawan_outer_east_small_1000_17,S2A_MSIL2A_20230701T021541_R003_T50PQT_20230701T082624,1000,,0.0,0.0,0.0,0.0,0.0,100.0,0.0,0.0,0.0,0.0,0.0,1,0,0.0,1000.0000000002328,1000.0,0.42057061195373535,0.0,,0.0,0.0,0.0,-31.08,-3.48,54.8,-4.68,-7.36,-1.76,-6.44,0.0,-15.560000000000002,54.8,1000.0
4939,palawan_outer_east_small_1000_17,S2B_MSIL2A_20230606T021539_R003_T50PQT_20230606T073506,20,,0.0,0.04,15.4,25.84,6.6,42.88,0.56,8.16,0.52,0.0,0.0,2500,0,0.0,1000.0000000002328,1000.0,0.3873932361602783,8.68,,0.0,0.0,0.0,0.0,0.0,0.0,0.0,0.0,0.0,0.0,0.0,0.0,0.0,1000.0
4946,palawan_outer_east_small_1000_17,S2B_MSIL2A_20230606T021539_R003_T50PQT_20230606T073506,50,,0.0,0.0,15.5,25.75,6.75,42.0,0.25,9.25,0.5,0.0,0.0,400,0,0.0,1000.0000000002328,1000.0,0.4536418914794922,9.75,,0.0,-0.04,0.09999999999999964,-0.08999999999999986,0.15000000000000036,-0.8800000000000026,-0.31000000000000005,1.0899999999999999,-0.020000000000000018,0.0,0.0,1.0700000000000003,1.0700000000000003,1000.0
4953,palawan_outer_east_small_1000_17,S2B_MSIL2A_20230606T021539_R003_T50PQT_20230606T073506,100,,0.0,0.0,17.0,27.0,9.0,36.0,0.0,11.0,0.0,0.0,0.0,100,0,0.0,1000.0000000002328,1000.0,0.3941326141357422,11.0,,0.0,-0.04,1.5999999999999996,1.1600000000000001,2.4000000000000004,-6.880000000000003,-0.56,2.84,-0.52,0.0,0.0,2.3200000000000003,6.880000000000003,1000.0
4960,palawan_outer_east_small_1000_17,S2B_MSIL2A_20230606T021539_R003_T50PQT_20230606T073506,200,,0.0,0.0,16.0,20.0,8.0,44.0,4.0,8.0,0.0,0.0,0.0,25,0,0.0,1000.0000000002328,1000.0,0.3783440589904785,8.0,,0.0,-0.04,0.5999999999999996,-5.84,1.4000000000000004,1.1199999999999974,3.44,-0.16000000000000014,-0.52,0.0,0.0,-0.6799999999999997,5.84,1000.0
4967,palawan_outer_east_small_1000_17,S2B_MSIL2A_20230606T021539_R003_T50PQT_20230606T073506,500,,0.0,0.0,0.0,25.0,0.0,75.0,0.0,0.0,0.0,0.0,0.0,4,0,0.0,1000.0000000002328,1000.0,0.41783857345581055,0.0,,0.0,-0.04,-15.4,-0.8399999999999999,-6.6,32.12,-0.56,-8.16,-0.52,0.0,0.0,-8.68,32.12,1000.0
4974,palawan_outer_east_small_1000_17,S2B_MSIL2A_20230606T021539_R003_T50PQT_20230606T073506,1000,,0.0,0.0,100.0,0.0,0.0,0.0,0.0,0.0,0.0,0.0,0.0,1,0,0.0,1000.0000000002328,1000.0,0.42057061195373535,0.0,,0.0,-0.04,84.6,-25.84,-6.6,-42.88,-0.56,-8.16,-0.52,0.0,0.0,-8.68,84.6,1000.0
4941,palawan_outer_east_small_1000_17,S2B_MSIL2A_20230616T021539_R003_T50PQT_20230616T083239,20,,0.0,0.0,0.0,0.0,0.0,0.0,0.0,16.92,45.16,37.92,0.0,2500,0,0.0,1000.0000000002328,1000.0,0.3873932361602783,100.0,,0.0,0.0,0.0,0.0,0.0,0.0,0.0,0.0,0.0,0.0,0.0,0.0,0.0,1000.0
4948,palawan_outer_east_small_1000_17,S2B_MSIL2A_20230616T021539_R003_T50PQT_20230616T083239,50,,0.0,0.0,0.0,0.0,0.0,0.0,0.0,17.0,44.5,38.5,0.0,400,0,0.0,1000.0000000002328,1000.0,0.4536418914794922,100.0,,0.0,0.0,0.0,0.0,0.0,0.0,0.0,0.0799999999999983,-0.6599999999999966,0.5799999999999983,0.0,0.0,0.0,1000.0
4955,palawan_outer_east_small_1000_17,S2B_MSIL2A_20230616T021539_R003_T50PQT_20230616T083239,100,,0.0,0.0,0.0,0.0,0.0,0.0,0.0,19.0,48.0,33.0,0.0,100,0,0.0,1000.0000000002328,1000.0,0.3941326141357422,100.0,,0.0,0.0,0.0,0.0,0.0,0.0,0.0,2.0799999999999983,2.8400000000000034,-4.920000000000002,0.0,0.0,0.0,1000.0
4962,palawan_outer_east_small_1000_17,S2B_MSIL2A_20230616T021539_R003_T50PQT_20230616T083239,200,,0.0,0.0,0.0,0.0,0.0,0.0,0.0,24.0,44.0,32.0,0.0,25,0,0.0,1000.0000000002328,1000.0,0.3783440589904785,100.0,,0.0,0.0,0.0,0.0,0.0,0.0,0.0,7.079999999999998,-1.1599999999999966,-5.920000000000002,0.0,0.0,0.0,1000.0
4969,palawan_outer_east_small_1000_17,S2B_MSIL2A_20230616T021539_R003_T50PQT_20230616T083239,500,,0.0,0.0,0.0,0.0,0.0,0.0,0.0,50.0,25.0,25.0,0.0,4,0,0.0,1000.0000000002328,1000.0,0.41783857345581055,100.0,,0.0,0.0,0.0,0.0,0.0,0.0,0.0,33.08,-20.159999999999997,-12.920000000000002,0.0,0.0,0.0,1000.0
4976,palawan_outer_east_small_1000_17,S2B_MSIL2A_20230616T021539_R003_T50PQT_20230616T083239,1000,,0.0,0.0,0.0,0.0,0.0,0.0,0.0,0.0,0.0,100.0,0.0,1,0,0.0,1000.0000000002328,1000.0,0.42057061195373535,100.0,,0.0,0.0,0.0,0.0,0.0,0.0,0.0,-16.92,-45.16,62.08,0.0,0.0,0.0,1000.0
4943,palawan_outer_east_small_1000_17,S2B_MSIL2A_20230626T021539_R003_T50PQT_20230626T074054,20,,0.0,0.0,4.28,0.0,0.04,23.32,0.0,0.36,0.0,72.0,0.0,2500,0,0.0,1000.0000000002328,1000.0,0.3873932361602783,72.36,,0.0,0.0,0.0,0.0,0.0,0.0,0.0,0.0,0.0,0.0,0.0,0.0,0.0,1000.0
4950,palawan_outer_east_small_1000_17,S2B_MSIL2A_20230626T021539_R003_T50PQT_20230626T074054,50,,0.0,0.0,4.25,0.0,0.0,24.75,0.0,0.5,0.0,70.5,0.0,400,0,0.0,1000.0000000002328,1000.0,0.4536418914794922,71.0,,0.0,0.0,-0.03000000000000025,0.0,-0.04,1.4299999999999997,0.0,0.14,0.0,-1.5,0.0,-1.3599999999999994,1.4299999999999997,1000.0
4957,palawan_outer_east_small_1000_17,S2B_MSIL2A_20230626T021539_R003_T50PQT_20230626T074054,100,,0.0,0.0,4.0,0.0,0.0,24.0,0.0,2.0,0.0,70.0,0.0,100,0,0.0,1000.0000000002328,1000.0,0.3941326141357422,72.0,,0.0,0.0,-0.28000000000000025,0.0,-0.04,0.6799999999999997,0.0,1.6400000000000001,0.0,-2.0,0.0,-0.35999999999999943,0.6799999999999997,1000.0
4964,palawan_outer_east_small_1000_17,S2B_MSIL2A_20230626T021539_R003_T50PQT_20230626T074054,200,,0.0,0.0,4.0,0.0,0.0,32.0,0.0,0.0,0.0,64.0,0.0,25,0,0.0,1000.0000000002328,1000.0,0.3783440589904785,64.0,,0.0,0.0,-0.28000000000000025,0.0,-0.04,8.68,0.0,-0.36,0.0,-8.0,0.0,-8.36,8.68,1000.0
4971,palawan_outer_east_small_1000_17,S2B_MSIL2A_20230626T021539_R003_T50PQT_20230626T074054,500,,0.0,0.0,0.0,0.0,0.0,75.0,0.0,0.0,0.0,25.0,0.0,4,0,0.0,1000.0000000002328,1000.0,0.41783857345581055,25.0,,0.0,0.0,-4.28,0.0,-0.04,51.68,0.0,-0.36,0.0,-47.0,0.0,-47.36,51.68,1000.0
4978,palawan_outer_east_small_1000_17,S2B_MSIL2A_20230626T021539_R003_T50PQT_20230626T074054,1000,,0.0,0.0,0.0,0.0,0.0,100.0,0.0,0.0,0.0,0.0,0.0,1,0,0.0,1000.0000000002328,1000.0,0.42057061195373535,0.0,,0.0,0.0,-4.28,0.0,-0.04,76.68,0.0,-0.36,0.0,-72.0,0.0,-72.36,76.68,1000.0
4980,palawan_outer_east_small_1000_18,S2A_MSIL2A_20230601T021611_R003_T50PQT_20230601T103139,20,,0.0,0.0,0.0,0.0,0.0,0.0,0.0,100.0,0.0,0.0,0.0,2500,0,0.0,1000.0000000006985,1000.0000000002328,0.3857588768005371,100.0,,0.0,0.0,0.0,0.0,0.0,0.0,0.0,0.0,0.0,0.0,0.0,0.0,0.0,1000.0
4987,palawan_outer_east_small_1000_18,S2A_MSIL2A_20230601T021611_R003_T50PQT_20230601T103139,50,,0.0,0.0,0.0,0.0,0.0,0.0,0.0,100.0,0.0,0.0,0.0,400,0,0.0,1000.0000000006985,1000.0000000002328,0.3851151466369629,100.0,,0.0,0.0,0.0,0.0,0.0,0.0,0.0,0.0,0.0,0.0,0.0,0.0,0.0,1000.0
4994,palawan_outer_east_small_1000_18,S2A_MSIL2A_20230601T021611_R003_T50PQT_20230601T103139,100,,0.0,0.0,0.0,0.0,0.0,0.0,0.0,100.0,0.0,0.0,0.0,100,0,0.0,1000.0000000006985,1000.0000000002328,0.39600515365600586,100.0,,0.0,0.0,0.0,0.0,0.0,0.0,0.0,0.0,0.0,0.0,0.0,0.0,0.0,1000.0
5001,palawan_outer_east_small_1000_18,S2A_MSIL2A_20230601T021611_R003_T50PQT_20230601T103139,200,,0.0,0.0,0.0,0.0,0.0,0.0,0.0,100.0,0.0,0.0,0.0,25,0,0.0,1000.0000000006985,1000.0000000002328,0.41803812980651855,100.0,,0.0,0.0,0.0,0.0,0.0,0.0,0.0,0.0,0.0,0.0,0.0,0.0,0.0,1000.0
5008,palawan_outer_east_small_1000_18,S2A_MSIL2A_20230601T021611_R003_T50PQT_20230601T103139,500,,0.0,0.0,0.0,0.0,0.0,0.0,0.0,100.0,0.0,0.0,0.0,4,0,0.0,1000.0000000006985,1000.0000000002328,0.424910306930542,100.0,,0.0,0.0,0.0,0.0,0.0,0.0,0.0,0.0,0.0,0.0,0.0,0.0,0.0,1000.0
5015,palawan_outer_east_small_1000_18,S2A_MSIL2A_20230601T021611_R003_T50PQT_20230601T103139,1000,,0.0,0.0,0.0,0.0,0.0,0.0,0.0,100.0,0.0,0.0,0.0,1,0,0.0,1000.0000000006985,1000.0000000002328,0.3899667263031006,100.0,,0.0,0.0,0.0,0.0,0.0,0.0,0.0,0.0,0.0,0.0,0.0,0.0,0.0,1000.0
4982,palawan_outer_east_small_1000_18,S2A_MSIL2A_20230611T021541_R003_T50PQT_20230611T092421,20,,0.0,0.0,0.0,0.0,0.0,0.0,0.0,100.0,0.0,0.0,0.0,2500,0,0.0,1000.0000000006985,1000.0000000002328,0.3857588768005371,100.0,,0.0,0.0,0.0,0.0,0.0,0.0,0.0,0.0,0.0,0.0,0.0,0.0,0.0,1000.0
4989,palawan_outer_east_small_1000_18,S2A_MSIL2A_20230611T021541_R003_T50PQT_20230611T092421,50,,0.0,0.0,0.0,0.0,0.0,0.0,0.0,100.0,0.0,0.0,0.0,400,0,0.0,1000.0000000006985,1000.0000000002328,0.3851151466369629,100.0,,0.0,0.0,0.0,0.0,0.0,0.0,0.0,0.0,0.0,0.0,0.0,0.0,0.0,1000.0
4996,palawan_outer_east_small_1000_18,S2A_MSIL2A_20230611T021541_R003_T50PQT_20230611T092421,100,,0.0,0.0,0.0,0.0,0.0,0.0,0.0,100.0,0.0,0.0,0.0,100,0,0.0,1000.0000000006985,1000.0000000002328,0.39600515365600586,100.0,,0.0,0.0,0.0,0.0,0.0,0.0,0.0,0.0,0.0,0.0,0.0,0.0,0.0,1000.0
5003,palawan_outer_east_small_1000_18,S2A_MSIL2A_20230611T021541_R003_T50PQT_20230611T092421,200,,0.0,0.0,0.0,0.0,0.0,0.0,0.0,100.0,0.0,0.0,0.0,25,0,0.0,1000.0000000006985,1000.0000000002328,0.41803812980651855,100.0,,0.0,0.0,0.0,0.0,0.0,0.0,0.0,0.0,0.0,0.0,0.0,0.0,0.0,1000.0
5010,palawan_outer_east_small_1000_18,S2A_MSIL2A_20230611T021541_R003_T50PQT_20230611T092421,500,,0.0,0.0,0.0,0.0,0.0,0.0,0.0,100.0,0.0,0.0,0.0,4,0,0.0,1000.0000000006985,1000.0000000002328,0.424910306930542,100.0,,0.0,0.0,0.0,0.0,0.0,0.0,0.0,0.0,0.0,0.0,0.0,0.0,0.0,1000.0
5017,palawan_outer_east_small_1000_18,S2A_MSIL2A_20230611T021541_R003_T50PQT_20230611T092421,1000,,0.0,0.0,0.0,0.0,0.0,0.0,0.0,100.0,0.0,0.0,0.0,1,0,0.0,1000.0000000006985,1000.0000000002328,0.3899667263031006,100.0,,0.0,0.0,0.0,0.0,0.0,0.0,0.0,0.0,0.0,0.0,0.0,0.0,0.0,1000.0
4984,palawan_outer_east_small_1000_18,S2A_MSIL2A_20230621T021541_R003_T50PQT_20230621T085836,20,,0.0,0.0,0.0,0.52,0.0,99.48,0.0,0.0,0.0,0.0,0.0,2500,0,0.0,1000.0000000006985,1000.0000000002328,0.3857588768005371,0.0,,0.0,0.0,0.0,0.0,0.0,0.0,0.0,0.0,0.0,0.0,0.0,0.0,0.0,1000.0
4991,palawan_outer_east_small_1000_18,S2A_MSIL2A_20230621T021541_R003_T50PQT_20230621T085836,50,,0.0,0.0,0.0,0.0,0.0,100.0,0.0,0.0,0.0,0.0,0.0,400,0,0.0,1000.0000000006985,1000.0000000002328,0.3851151466369629,0.0,,0.0,0.0,0.0,-0.52,0.0,0.519999999999996,0.0,0.0,0.0,0.0,0.0,0.0,0.52,1000.0
4998,palawan_outer_east_small_1000_18,S2A_MSIL2A_20230621T021541_R003_T50PQT_20230621T085836,100,,0.0,0.0,0.0,0.0,0.0,100.0,0.0,0.0,0.0,0.0,0.0,100,0,0.0,1000.0000000006985,1000.0000000002328,0.39600515365600586,0.0,,0.0,0.0,0.0,-0.52,0.0,0.519999999999996,0.0,0.0,0.0,0.0,0.0,0.0,0.52,1000.0
5005,palawan_outer_east_small_1000_18,S2A_MSIL2A_20230621T021541_R003_T50PQT_20230621T085836,200,,0.0,0.0,0.0,0.0,0.0,100.0,0.0,0.0,0.0,0.0,0.0,25,0,0.0,1000.0000000006985,1000.0000000002328,0.41803812980651855,0.0,,0.0,0.0,0.0,-0.52,0.0,0.519999999999996,0.0,0.0,0.0,0.0,0.0,0.0,0.52,1000.0
5012,palawan_outer_east_small_1000_18,S2A_MSIL2A_20230621T021541_R003_T50PQT_20230621T085836,500,,0.0,0.0,0.0,0.0,0.0,100.0,0.0,0.0,0.0,0.0,0.0,4,0,0.0,1000.0000000006985,1000.0000000002328,0.424910306930542,0.0,,0.0,0.0,0.0,-0.52,0.0,0.519999999999996,0.0,0.0,0.0,0.0,0.0,0.0,0.52,1000.0
5019,palawan_outer_east_small_1000_18,S2A_MSIL2A_20230621T021541_R003_T50PQT_20230621T085836,1000,,0.0,0.0,0.0,0.0,0.0,100.0,0.0,0.0,0.0,0.0,0.0,1,0,0.0,1000.0000000006985,1000.0000000002328,0.3899667263031006,0.0,,0.0,0.0,0.0,-0.52,0.0,0.519999999999996,0.0,0.0,0.0,0.0,0.0,0.0,0.52,1000.0
4986,palawan_outer_east_small_1000_18,S2A_MSIL2A_20230701T021541_R003_T50PQT_20230701T082624,20,,0.0,0.0,0.0,0.0,0.0,91.04,0.0,5.52,3.12,0.32,0.0,2500,0,0.0,1000.0000000006985,1000.0000000002328,0.3857588768005371,8.96,,0.0,0.0,0.0,0.0,0.0,0.0,0.0,0.0,0.0,0.0,0.0,0.0,0.0,1000.0
4993,palawan_outer_east_small_1000_18,S2A_MSIL2A_20230701T021541_R003_T50PQT_20230701T082624,50,,0.0,0.0,0.0,0.0,0.0,92.25,0.0,5.0,2.75,0.0,0.0,400,0,0.0,1000.0000000006985,1000.0000000002328,0.3851151466369629,7.75,,0.0,0.0,0.0,0.0,0.0,1.2099999999999937,0.0,-0.5199999999999996,-0.3700000000000001,-0.32,0.0,-1.2100000000000009,1.2100000000000009,1000.0
5000,palawan_outer_east_small_1000_18,S2A_MSIL2A_20230701T021541_R003_T50PQT_20230701T082624,100,,0.0,0.0,0.0,0.0,0.0,91.0,0.0,5.0,4.0,0.0,0.0,100,0,0.0,1000.0000000006985,1000.0000000002328,0.39600515365600586,9.0,,0.0,0.0,0.0,0.0,0.0,-0.04000000000000625,0.0,-0.5199999999999996,0.8799999999999999,-0.32,0.0,0.03999999999999915,0.04000000000000625,1000.0
5007,palawan_outer_east_small_1000_18,S2A_MSIL2A_20230701T021541_R003_T50PQT_20230701T082624,200,,0.0,0.0,0.0,0.0,0.0,92.0,0.0,8.0,0.0,0.0,0.0,25,0,0.0,1000.0000000006985,1000.0000000002328,0.41803812980651855,8.0,,0.0,0.0,0.0,0.0,0.0,0.9599999999999937,0.0,2.4800000000000004,-3.12,-0.32,0.0,-0.9600000000000009,0.9600000000000009,1000.0
5014,palawan_outer_east_small_1000_18,S2A_MSIL2A_20230701T021541_R003_T50PQT_20230701T082624,500,,0.0,0.0,0.0,0.0,0.0,100.0,0.0,0.0,0.0,0.0,0.0,4,0,0.0,1000.0000000006985,1000.0000000002328,0.424910306930542,0.0,,0.0,0.0,0.0,0.0,0.0,8.959999999999994,0.0,-5.52,-3.12,-0.32,0.0,-8.96,8.96,1000.0
5021,palawan_outer_east_small_1000_18,S2A_MSIL2A_20230701T021541_R003_T50PQT_20230701T082624,1000,,0.0,0.0,0.0,0.0,0.0,100.0,0.0,0.0,0.0,0.0,0.0,1,0,0.0,1000.0000000006985,1000.0000000002328,0.3899667263031006,0.0,,0.0,0.0,0.0,0.0,0.0,8.959999999999994,0.0,-5.52,-3.12,-0.32,0.0,-8.96,8.96,1000.0
4981,palawan_outer_east_small_1000_18,S2B_MSIL2A_20230606T021539_R003_T50PQT_20230606T073506,20,,0.0,0.0,0.0,0.52,0.04,99.44,0.0,0.0,0.0,0.0,0.0,2500,0,0.0,1000.0000000006985,1000.0000000002328,0.3857588768005371,0.0,,0.0,0.0,0.0,0.0,0.0,0.0,0.0,0.0,0.0,0.0,0.0,0.0,0.0,1000.0
4988,palawan_outer_east_small_1000_18,S2B_MSIL2A_20230606T021539_R003_T50PQT_20230606T073506,50,,0.0,0.0,0.0,0.0,0.0,100.0,0.0,0.0,0.0,0.0,0.0,400,0,0.0,1000.0000000006985,1000.0000000002328,0.3851151466369629,0.0,,0.0,0.0,0.0,-0.52,-0.04,0.5600000000000023,0.0,0.0,0.0,0.0,0.0,0.0,0.5600000000000023,1000.0
4995,palawan_outer_east_small_1000_18,S2B_MSIL2A_20230606T021539_R003_T50PQT_20230606T073506,100,,0.0,0.0,0.0,0.0,0.0,100.0,0.0,0.0,0.0,0.0,0.0,100,0,0.0,1000.0000000006985,1000.0000000002328,0.39600515365600586,0.0,,0.0,0.0,0.0,-0.52,-0.04,0.5600000000000023,0.0,0.0,0.0,0.0,0.0,0.0,0.5600000000000023,1000.0
5002,palawan_outer_east_small_1000_18,S2B_MSIL2A_20230606T021539_R003_T50PQT_20230606T073506,200,,0.0,0.0,0.0,0.0,0.0,100.0,0.0,0.0,0.0,0.0,0.0,25,0,0.0,1000.0000000006985,1000.0000000002328,0.41803812980651855,0.0,,0.0,0.0,0.0,-0.52,-0.04,0.5600000000000023,0.0,0.0,0.0,0.0,0.0,0.0,0.5600000000000023,1000.0
5009,palawan_outer_east_small_1000_18,S2B_MSIL2A_20230606T021539_R003_T50PQT_20230606T073506,500,,0.0,0.0,0.0,0.0,0.0,100.0,0.0,0.0,0.0,0.0,0.0,4,0,0.0,1000.0000000006985,1000.0000000002328,0.424910306930542,0.0,,0.0,0.0,0.0,-0.52,-0.04,0.5600000000000023,0.0,0.0,0.0,0.0,0.0,0.0,0.5600000000000023,1000.0
5016,palawan_outer_east_small_1000_18,S2B_MSIL2A_20230606T021539_R003_T50PQT_20230606T073506,1000,,0.0,0.0,0.0,0.0,0.0,100.0,0.0,0.0,0.0,0.0,0.0,1,0,0.0,1000.0000000006985,1000.0000000002328,0.3899667263031006,0.0,,0.0,0.0,0.0,-0.52,-0.04,0.5600000000000023,0.0,0.0,0.0,0.0,0.0,0.0,0.5600000000000023,1000.0
4983,palawan_outer_east_small_1000_18,S2B_MSIL2A_20230616T021539_R003_T50PQT_20230616T083239,20,,0.0,0.0,0.0,0.0,0.0,0.0,0.0,0.0,0.0,100.0,0.0,2500,0,0.0,1000.0000000006985,1000.0000000002328,0.3857588768005371,100.0,,0.0,0.0,0.0,0.0,0.0,0.0,0.0,0.0,0.0,0.0,0.0,0.0,0.0,1000.0
4990,palawan_outer_east_small_1000_18,S2B_MSIL2A_20230616T021539_R003_T50PQT_20230616T083239,50,,0.0,0.0,0.0,0.0,0.0,0.0,0.0,0.0,0.0,100.0,0.0,400,0,0.0,1000.0000000006985,1000.0000000002328,0.3851151466369629,100.0,,0.0,0.0,0.0,0.0,0.0,0.0,0.0,0.0,0.0,0.0,0.0,0.0,0.0,1000.0
4997,palawan_outer_east_small_1000_18,S2B_MSIL2A_20230616T021539_R003_T50PQT_20230616T083239,100,,0.0,0.0,0.0,0.0,0.0,0.0,0.0,0.0,0.0,100.0,0.0,100,0,0.0,1000.0000000006985,1000.0000000002328,0.39600515365600586,100.0,,0.0,0.0,0.0,0.0,0.0,0.0,0.0,0.0,0.0,0.0,0.0,0.0,0.0,1000.0
5004,palawan_outer_east_small_1000_18,S2B_MSIL2A_20230616T021539_R003_T50PQT_20230616T083239,200,,0.0,0.0,0.0,0.0,0.0,0.0,0.0,0.0,0.0,100.0,0.0,25,0,0.0,1000.0000000006985,1000.0000000002328,0.41803812980651855,100.0,,0.0,0.0,0.0,0.0,0.0,0.0,0.0,0.0,0.0,0.0,0.0,0.0,0.0,1000.0
5011,palawan_outer_east_small_1000_18,S2B_MSIL2A_20230616T021539_R003_T50PQT_20230616T083239,500,,0.0,0.0,0.0,0.0,0.0,0.0,0.0,0.0,0.0,100.0,0.0,4,0,0.0,1000.0000000006985,1000.0000000002328,0.424910306930542,100.0,,0.0,0.0,0.0,0.0,0.0,0.0,0.0,0.0,0.0,0.0,0.0,0.0,0.0,1000.0
5018,palawan_outer_east_small_1000_18,S2B_MSIL2A_20230616T021539_R003_T50PQT_20230616T083239,1000,,0.0,0.0,0.0,0.0,0.0,0.0,0.0,0.0,0.0,100.0,0.0,1,0,0.0,1000.0000000006985,1000.0000000002328,0.3899667263031006,100.0,,0.0,0.0,0.0,0.0,0.0,0.0,0.0,0.0,0.0,0.0,0.0,0.0,0.0,1000.0
4985,palawan_outer_east_small_1000_18,S2B_MSIL2A_20230626T021539_R003_T50PQT_20230626T074054,20,,0.0,0.0,0.0,0.0,0.0,0.6,0.0,0.0,0.0,99.4,0.0,2500,0,0.0,1000.0000000006985,1000.0000000002328,0.3857588768005371,99.4,,0.0,0.0,0.0,0.0,0.0,0.0,0.0,0.0,0.0,0.0,0.0,0.0,0.0,1000.0
4992,palawan_outer_east_small_1000_18,S2B_MSIL2A_20230626T021539_R003_T50PQT_20230626T074054,50,,0.0,0.0,0.0,0.0,0.0,0.75,0.0,0.0,0.0,99.25,0.0,400,0,0.0,1000.0000000006985,1000.0000000002328,0.3851151466369629,99.25,,0.0,0.0,0.0,0.0,0.0,0.15000000000000002,0.0,0.0,0.0,-0.15000000000000568,0.0,-0.15000000000000568,0.15000000000000568,1000.0
4999,palawan_outer_east_small_1000_18,S2B_MSIL2A_20230626T021539_R003_T50PQT_20230626T074054,100,,0.0,0.0,0.0,0.0,0.0,2.0,0.0,0.0,0.0,98.0,0.0,100,0,0.0,1000.0000000006985,1000.0000000002328,0.39600515365600586,98.0,,0.0,0.0,0.0,0.0,0.0,1.4,0.0,0.0,0.0,-1.4000000000000057,0.0,-1.4000000000000057,1.4000000000000057,1000.0
5006,palawan_outer_east_small_1000_18,S2B_MSIL2A_20230626T021539_R003_T50PQT_20230626T074054,200,,0.0,0.0,0.0,0.0,0.0,0.0,0.0,0.0,0.0,100.0,0.0,25,0,0.0,1000.0000000006985,1000.0000000002328,0.41803812980651855,100.0,,0.0,0.0,0.0,0.0,0.0,-0.6,0.0,0.0,0.0,0.5999999999999943,0.0,0.5999999999999943,0.6,1000.0
5013,palawan_outer_east_small_1000_18,S2B_MSIL2A_20230626T021539_R003_T50PQT_20230626T074054,500,,0.0,0.0,0.0,0.0,0.0,0.0,0.0,0.0,0.0,100.0,0.0,4,0,0.0,1000.0000000006985,1000.0000000002328,0.424910306930542,100.0,,0.0,0.0,0.0,0.0,0.0,-0.6,0.0,0.0,0.0,0.5999999999999943,0.0,0.5999999999999943,0.6,1000.0
5020,palawan_outer_east_small_1000_18,S2B_MSIL2A_20230626T021539_R003_T50PQT_20230626T074054,1000,,0.0,0.0,0.0,0.0,0.0,0.0,0.0,0.0,0.0,100.0,0.0,1,0,0.0,1000.0000000006985,1000.0000000002328,0.3899667263031006,100.0,,0.0,0.0,0.0,0.0,0.0,-0.6,0.0,0.0,0.0,0.5999999999999943,0.0,0.5999999999999943,0.6,1000.0
5022,palawan_outer_east_small_1000_19,S2A_MSIL2A_20230601T021611_R003_T50PQT_20230601T103139,20,,0.0,0.0,0.0,0.0,0.0,0.0,0.0,100.0,0.0,0.0,0.0,2500,0,0.0,1000.0000000020955,1000.0,0.370624303817749,100.0,,0.0,0.0,0.0,0.0,0.0,0.0,0.0,0.0,0.0,0.0,0.0,0.0,0.0,1000.0
5029,palawan_outer_east_small_1000_19,S2A_MSIL2A_20230601T021611_R003_T50PQT_20230601T103139,50,,0.0,0.0,0.0,0.0,0.0,0.0,0.0,100.0,0.0,0.0,0.0,400,0,0.0,1000.0000000020955,1000.0,0.41356968879699707,100.0,,0.0,0.0,0.0,0.0,0.0,0.0,0.0,0.0,0.0,0.0,0.0,0.0,0.0,1000.0
5036,palawan_outer_east_small_1000_19,S2A_MSIL2A_20230601T021611_R003_T50PQT_20230601T103139,100,,0.0,0.0,0.0,0.0,0.0,0.0,0.0,100.0,0.0,0.0,0.0,100,0,0.0,1000.0000000020955,1000.0,0.41655588150024414,100.0,,0.0,0.0,0.0,0.0,0.0,0.0,0.0,0.0,0.0,0.0,0.0,0.0,0.0,1000.0
5043,palawan_outer_east_small_1000_19,S2A_MSIL2A_20230601T021611_R003_T50PQT_20230601T103139,200,,0.0,0.0,0.0,0.0,0.0,0.0,0.0,100.0,0.0,0.0,0.0,25,0,0.0,1000.0000000020955,1000.0,0.4088761806488037,100.0,,0.0,0.0,0.0,0.0,0.0,0.0,0.0,0.0,0.0,0.0,0.0,0.0,0.0,1000.0
5050,palawan_outer_east_small_1000_19,S2A_MSIL2A_20230601T021611_R003_T50PQT_20230601T103139,500,,0.0,0.0,0.0,0.0,0.0,0.0,0.0,100.0,0.0,0.0,0.0,4,0,0.0,1000.0000000020955,1000.0,0.39246606826782227,100.0,,0.0,0.0,0.0,0.0,0.0,0.0,0.0,0.0,0.0,0.0,0.0,0.0,0.0,1000.0
5057,palawan_outer_east_small_1000_19,S2A_MSIL2A_20230601T021611_R003_T50PQT_20230601T103139,1000,,0.0,0.0,0.0,0.0,0.0,0.0,0.0,100.0,0.0,0.0,0.0,1,0,0.0,1000.0000000020955,1000.0,0.3891425132751465,100.0,,0.0,0.0,0.0,0.0,0.0,0.0,0.0,0.0,0.0,0.0,0.0,0.0,0.0,1000.0
5024,palawan_outer_east_small_1000_19,S2A_MSIL2A_20230611T021541_R003_T50PQT_20230611T092421,20,,0.0,0.0,0.0,0.0,0.0,0.0,0.0,100.0,0.0,0.0,0.0,2500,0,0.0,1000.0000000020955,1000.0,0.370624303817749,100.0,,0.0,0.0,0.0,0.0,0.0,0.0,0.0,0.0,0.0,0.0,0.0,0.0,0.0,1000.0
5031,palawan_outer_east_small_1000_19,S2A_MSIL2A_20230611T021541_R003_T50PQT_20230611T092421,50,,0.0,0.0,0.0,0.0,0.0,0.0,0.0,100.0,0.0,0.0,0.0,400,0,0.0,1000.0000000020955,1000.0,0.41356968879699707,100.0,,0.0,0.0,0.0,0.0,0.0,0.0,0.0,0.0,0.0,0.0,0.0,0.0,0.0,1000.0
5038,palawan_outer_east_small_1000_19,S2A_MSIL2A_20230611T021541_R003_T50PQT_20230611T092421,100,,0.0,0.0,0.0,0.0,0.0,0.0,0.0,100.0,0.0,0.0,0.0,100,0,0.0,1000.0000000020955,1000.0,0.41655588150024414,100.0,,0.0,0.0,0.0,0.0,0.0,0.0,0.0,0.0,0.0,0.0,0.0,0.0,0.0,1000.0
5045,palawan_outer_east_small_1000_19,S2A_MSIL2A_20230611T021541_R003_T50PQT_20230611T092421,200,,0.0,0.0,0.0,0.0,0.0,0.0,0.0,100.0,0.0,0.0,0.0,25,0,0.0,1000.0000000020955,1000.0,0.4088761806488037,100.0,,0.0,0.0,0.0,0.0,0.0,0.0,0.0,0.0,0.0,0.0,0.0,0.0,0.0,1000.0
5052,palawan_outer_east_small_1000_19,S2A_MSIL2A_20230611T021541_R003_T50PQT_20230611T092421,500,,0.0,0.0,0.0,0.0,0.0,0.0,0.0,100.0,0.0,0.0,0.0,4,0,0.0,1000.0000000020955,1000.0,0.39246606826782227,100.0,,0.0,0.0,0.0,0.0,0.0,0.0,0.0,0.0,0.0,0.0,0.0,0.0,0.0,1000.0
5059,palawan_outer_east_small_1000_19,S2A_MSIL2A_20230611T021541_R003_T50PQT_20230611T092421,1000,,0.0,0.0,0.0,0.0,0.0,0.0,0.0,100.0,0.0,0.0,0.0,1,0,0.0,1000.0000000020955,1000.0,0.3891425132751465,100.0,,0.0,0.0,0.0,0.0,0.0,0.0,0.0,0.0,0.0,0.0,0.0,0.0,0.0,1000.0
5026,palawan_outer_east_small_1000_19,S2A_MSIL2A_20230621T021541_R003_T50PQT_20230621T085836,20,,0.0,0.0,0.0,0.0,0.0,79.0,0.0,21.0,0.0,0.0,0.0,2500,0,0.0,1000.0000000020955,1000.0,0.370624303817749,21.0,,0.0,0.0,0.0,0.0,0.0,0.0,0.0,0.0,0.0,0.0,0.0,0.0,0.0,1000.0
5033,palawan_outer_east_small_1000_19,S2A_MSIL2A_20230621T021541_R003_T50PQT_20230621T085836,50,,0.0,0.0,0.0,0.0,0.0,79.0,0.0,21.0,0.0,0.0,0.0,400,0,0.0,1000.0000000020955,1000.0,0.41356968879699707,21.0,,0.0,0.0,0.0,0.0,0.0,0.0,0.0,0.0,0.0,0.0,0.0,0.0,0.0,1000.0
5040,palawan_outer_east_small_1000_19,S2A_MSIL2A_20230621T021541_R003_T50PQT_20230621T085836,100,,0.0,0.0,0.0,0.0,0.0,79.0,0.0,21.0,0.0,0.0,0.0,100,0,0.0,1000.0000000020955,1000.0,0.41655588150024414,21.0,,0.0,0.0,0.0,0.0,0.0,0.0,0.0,0.0,0.0,0.0,0.0,0.0,0.0,1000.0
5047,palawan_outer_east_small_1000_19,S2A_MSIL2A_20230621T021541_R003_T50PQT_20230621T085836,200,,0.0,0.0,0.0,0.0,0.0,76.0,0.0,24.0,0.0,0.0,0.0,25,0,0.0,1000.0000000020955,1000.0,0.4088761806488037,24.0,,0.0,0.0,0.0,0.0,0.0,-3.0,0.0,3.0,0.0,0.0,0.0,3.0,3.0,1000.0
5054,palawan_outer_east_small_1000_19,S2A_MSIL2A_20230621T021541_R003_T50PQT_20230621T085836,500,,0.0,0.0,0.0,0.0,0.0,75.0,0.0,25.0,0.0,0.0,0.0,4,0,0.0,1000.0000000020955,1000.0,0.39246606826782227,25.0,,0.0,0.0,0.0,0.0,0.0,-4.0,0.0,4.0,0.0,0.0,0.0,4.0,4.0,1000.0
5061,palawan_outer_east_small_1000_19,S2A_MSIL2A_20230621T021541_R003_T50PQT_20230621T085836,1000,,0.0,0.0,0.0,0.0,0.0,100.0,0.0,0.0,0.0,0.0,0.0,1,0,0.0,1000.0000000020955,1000.0,0.3891425132751465,0.0,,0.0,0.0,0.0,0.0,0.0,21.0,0.0,-21.0,0.0,0.0,0.0,-21.0,21.0,1000.0
5028,palawan_outer_east_small_1000_19,S2A_MSIL2A_20230701T021541_R003_T50PQT_20230701T082624,20,,0.0,0.0,0.0,0.0,0.0,100.0,0.0,0.0,0.0,0.0,0.0,2500,0,0.0,1000.0000000020955,1000.0,0.370624303817749,0.0,,0.0,0.0,0.0,0.0,0.0,0.0,0.0,0.0,0.0,0.0,0.0,0.0,0.0,1000.0
5035,palawan_outer_east_small_1000_19,S2A_MSIL2A_20230701T021541_R003_T50PQT_20230701T082624,50,,0.0,0.0,0.0,0.0,0.0,100.0,0.0,0.0,0.0,0.0,0.0,400,0,0.0,1000.0000000020955,1000.0,0.41356968879699707,0.0,,0.0,0.0,0.0,0.0,0.0,0.0,0.0,0.0,0.0,0.0,0.0,0.0,0.0,1000.0
5042,palawan_outer_east_small_1000_19,S2A_MSIL2A_20230701T021541_R003_T50PQT_20230701T082624,100,,0.0,0.0,0.0,0.0,0.0,100.0,0.0,0.0,0.0,0.0,0.0,100,0,0.0,1000.0000000020955,1000.0,0.41655588150024414,0.0,,0.0,0.0,0.0,0.0,0.0,0.0,0.0,0.0,0.0,0.0,0.0,0.0,0.0,1000.0
5049,palawan_outer_east_small_1000_19,S2A_MSIL2A_20230701T021541_R003_T50PQT_20230701T082624,200,,0.0,0.0,0.0,0.0,0.0,100.0,0.0,0.0,0.0,0.0,0.0,25,0,0.0,1000.0000000020955,1000.0,0.4088761806488037,0.0,,0.0,0.0,0.0,0.0,0.0,0.0,0.0,0.0,0.0,0.0,0.0,0.0,0.0,1000.0
5056,palawan_outer_east_small_1000_19,S2A_MSIL2A_20230701T021541_R003_T50PQT_20230701T082624,500,,0.0,0.0,0.0,0.0,0.0,100.0,0.0,0.0,0.0,0.0,0.0,4,0,0.0,1000.0000000020955,1000.0,0.39246606826782227,0.0,,0.0,0.0,0.0,0.0,0.0,0.0,0.0,0.0,0.0,0.0,0.0,0.0,0.0,1000.0
5063,palawan_outer_east_small_1000_19,S2A_MSIL2A_20230701T021541_R003_T50PQT_20230701T082624,1000,,0.0,0.0,0.0,0.0,0.0,100.0,0.0,0.0,0.0,0.0,0.0,1,0,0.0,1000.0000000020955,1000.0,0.3891425132751465,0.0,,0.0,0.0,0.0,0.0,0.0,0.0,0.0,0.0,0.0,0.0,0.0,0.0,0.0,1000.0
5023,palawan_outer_east_small_1000_19,S2B_MSIL2A_20230606T021539_R003_T50PQT_20230606T073506,20,,0.0,0.0,0.0,0.0,0.0,100.0,0.0,0.0,0.0,0.0,0.0,2500,0,0.0,1000.0000000020955,1000.0,0.370624303817749,0.0,,0.0,0.0,0.0,0.0,0.0,0.0,0.0,0.0,0.0,0.0,0.0,0.0,0.0,1000.0
5030,palawan_outer_east_small_1000_19,S2B_MSIL2A_20230606T021539_R003_T50PQT_20230606T073506,50,,0.0,0.0,0.0,0.0,0.0,100.0,0.0,0.0,0.0,0.0,0.0,400,0,0.0,1000.0000000020955,1000.0,0.41356968879699707,0.0,,0.0,0.0,0.0,0.0,0.0,0.0,0.0,0.0,0.0,0.0,0.0,0.0,0.0,1000.0
5037,palawan_outer_east_small_1000_19,S2B_MSIL2A_20230606T021539_R003_T50PQT_20230606T073506,100,,0.0,0.0,0.0,0.0,0.0,100.0,0.0,0.0,0.0,0.0,0.0,100,0,0.0,1000.0000000020955,1000.0,0.41655588150024414,0.0,,0.0,0.0,0.0,0.0,0.0,0.0,0.0,0.0,0.0,0.0,0.0,0.0,0.0,1000.0
5044,palawan_outer_east_small_1000_19,S2B_MSIL2A_20230606T021539_R003_T50PQT_20230606T073506,200,,0.0,0.0,0.0,0.0,0.0,100.0,0.0,0.0,0.0,0.0,0.0,25,0,0.0,1000.0000000020955,1000.0,0.4088761806488037,0.0,,0.0,0.0,0.0,0.0,0.0,0.0,0.0,0.0,0.0,0.0,0.0,0.0,0.0,1000.0
5051,palawan_outer_east_small_1000_19,S2B_MSIL2A_20230606T021539_R003_T50PQT_20230606T073506,500,,0.0,0.0,0.0,0.0,0.0,100.0,0.0,0.0,0.0,0.0,0.0,4,0,0.0,1000.0000000020955,1000.0,0.39246606826782227,0.0,,0.0,0.0,0.0,0.0,0.0,0.0,0.0,0.0,0.0,0.0,0.0,0.0,0.0,1000.0
5058,palawan_outer_east_small_1000_19,S2B_MSIL2A_20230606T021539_R003_T50PQT_20230606T073506,1000,,0.0,0.0,0.0,0.0,0.0,100.0,0.0,0.0,0.0,0.0,0.0,1,0,0.0,1000.0000000020955,1000.0,0.3891425132751465,0.0,,0.0,0.0,0.0,0.0,0.0,0.0,0.0,0.0,0.0,0.0,0.0,0.0,0.0,1000.0
5025,palawan_outer_east_small_1000_19,S2B_MSIL2A_20230616T021539_R003_T50PQT_20230616T083239,20,,0.0,0.0,0.0,0.0,0.0,0.0,0.0,0.0,0.0,100.0,0.0,2500,0,0.0,1000.0000000020955,1000.0,0.370624303817749,100.0,,0.0,0.0,0.0,0.0,0.0,0.0,0.0,0.0,0.0,0.0,0.0,0.0,0.0,1000.0
5032,palawan_outer_east_small_1000_19,S2B_MSIL2A_20230616T021539_R003_T50PQT_20230616T083239,50,,0.0,0.0,0.0,0.0,0.0,0.0,0.0,0.0,0.0,100.0,0.0,400,0,0.0,1000.0000000020955,1000.0,0.41356968879699707,100.0,,0.0,0.0,0.0,0.0,0.0,0.0,0.0,0.0,0.0,0.0,0.0,0.0,0.0,1000.0
5039,palawan_outer_east_small_1000_19,S2B_MSIL2A_20230616T021539_R003_T50PQT_20230616T083239,100,,0.0,0.0,0.0,0.0,0.0,0.0,0.0,0.0,0.0,100.0,0.0,100,0,0.0,1000.0000000020955,1000.0,0.41655588150024414,100.0,,0.0,0.0,0.0,0.0,0.0,0.0,0.0,0.0,0.0,0.0,0.0,0.0,0.0,1000.0
5046,palawan_outer_east_small_1000_19,S2B_MSIL2A_20230616T021539_R003_T50PQT_20230616T083239,200,,0.0,0.0,0.0,0.0,0.0,0.0,0.0,0.0,0.0,100.0,0.0,25,0,0.0,1000.0000000020955,1000.0,0.4088761806488037,100.0,,0.0,0.0,0.0,0.0,0.0,0.0,0.0,0.0,0.0,0.0,0.0,0.0,0.0,1000.0
5053,palawan_outer_east_small_1000_19,S2B_MSIL2A_20230616T021539_R003_T50PQT_20230616T083239,500,,0.0,0.0,0.0,0.0,0.0,0.0,0.0,0.0,0.0,100.0,0.0,4,0,0.0,1000.0000000020955,1000.0,0.39246606826782227,100.0,,0.0,0.0,0.0,0.0,0.0,0.0,0.0,0.0,0.0,0.0,0.0,0.0,0.0,1000.0
5060,palawan_outer_east_small_1000_19,S2B_MSIL2A_20230616T021539_R003_T50PQT_20230616T083239,1000,,0.0,0.0,0.0,0.0,0.0,0.0,0.0,0.0,0.0,100.0,0.0,1,0,0.0,1000.0000000020955,1000.0,0.3891425132751465,100.0,,0.0,0.0,0.0,0.0,0.0,0.0,0.0,0.0,0.0,0.0,0.0,0.0,0.0,1000.0
5027,palawan_outer_east_small_1000_19,S2B_MSIL2A_20230626T021539_R003_T50PQT_20230626T074054,20,,0.0,0.0,0.0,0.0,0.0,0.0,0.0,54.44,0.0,45.56,0.0,2500,0,0.0,1000.0000000020955,1000.0,0.370624303817749,100.0,,0.0,0.0,0.0,0.0,0.0,0.0,0.0,0.0,0.0,0.0,0.0,0.0,0.0,1000.0
5034,palawan_outer_east_small_1000_19,S2B_MSIL2A_20230626T021539_R003_T50PQT_20230626T074054,50,,0.0,0.0,0.0,0.0,0.0,0.0,0.0,53.5,0.0,46.5,0.0,400,0,0.0,1000.0000000020955,1000.0,0.41356968879699707,100.0,,0.0,0.0,0.0,0.0,0.0,0.0,0.0,-0.9399999999999977,0.0,0.9399999999999977,0.0,0.0,0.0,1000.0
5041,palawan_outer_east_small_1000_19,S2B_MSIL2A_20230626T021539_R003_T50PQT_20230626T074054,100,,0.0,0.0,0.0,0.0,0.0,0.0,0.0,48.0,0.0,52.0,0.0,100,0,0.0,1000.0000000020955,1000.0,0.41655588150024414,100.0,,0.0,0.0,0.0,0.0,0.0,0.0,0.0,-6.439999999999998,0.0,6.439999999999998,0.0,0.0,0.0,1000.0
5048,palawan_outer_east_small_1000_19,S2B_MSIL2A_20230626T021539_R003_T50PQT_20230626T074054,200,,0.0,0.0,0.0,0.0,0.0,0.0,0.0,44.0,0.0,56.0,0.0,25,0,0.0,1000.0000000020955,1000.0,0.4088761806488037,100.0,,0.0,0.0,0.0,0.0,0.0,0.0,0.0,-10.439999999999998,0.0,10.439999999999998,0.0,0.0,0.0,1000.0
5055,palawan_outer_east_small_1000_19,S2B_MSIL2A_20230626T021539_R003_T50PQT_20230626T074054,500,,0.0,0.0,0.0,0.0,0.0,0.0,0.0,50.0,0.0,50.0,0.0,4,0,0.0,1000.0000000020955,1000.0,0.39246606826782227,100.0,,0.0,0.0,0.0,0.0,0.0,0.0,0.0,-4.439999999999998,0.0,4.439999999999998,0.0,0.0,0.0,1000.0
5062,palawan_outer_east_small_1000_19,S2B_MSIL2A_20230626T021539_R003_T50PQT_20230626T074054,1000,,0.0,0.0,0.0,0.0,0.0,0.0,0.0,0.0,0.0,100.0,0.0,1,0,0.0,1000.0000000020955,1000.0,0.3891425132751465,100.0,,0.0,0.0,0.0,0.0,0.0,0.0,0.0,-54.44,0.0,54.44,0.0,0.0,0.0,1000.0
4308,palawan_outer_east_small_1000_2,S2A_MSIL2A_20230601T021611_R003_T50PQT_20230601T103139,20,,0.0,0.0,0.0,0.0,0.0,0.0,0.0,100.0,0.0,0.0,0.0,2500,0,0.0,1000.0000000017462,1000.0000000002328,0.8880875110626221,100.0,,0.0,0.0,0.0,0.0,0.0,0.0,0.0,0.0,0.0,0.0,0.0,0.0,0.0,1000.0
4315,palawan_outer_east_small_1000_2,S2A_MSIL2A_20230601T021611_R003_T50PQT_20230601T103139,50,,0.0,0.0,0.0,0.0,0.0,0.0,0.0,100.0,0.0,0.0,0.0,400,0,0.0,1000.0000000017462,1000.0000000002328,0.5836036205291748,100.0,,0.0,0.0,0.0,0.0,0.0,0.0,0.0,0.0,0.0,0.0,0.0,0.0,0.0,1000.0
4322,palawan_outer_east_small_1000_2,S2A_MSIL2A_20230601T021611_R003_T50PQT_20230601T103139,100,,0.0,0.0,0.0,0.0,0.0,0.0,0.0,100.0,0.0,0.0,0.0,100,0,0.0,1000.0000000017462,1000.0000000002328,0.37452197074890137,100.0,,0.0,0.0,0.0,0.0,0.0,0.0,0.0,0.0,0.0,0.0,0.0,0.0,0.0,1000.0
4329,palawan_outer_east_small_1000_2,S2A_MSIL2A_20230601T021611_R003_T50PQT_20230601T103139,200,,0.0,0.0,0.0,0.0,0.0,0.0,0.0,100.0,0.0,0.0,0.0,25,0,0.0,1000.0000000017462,1000.0000000002328,0.3741455078125,100.0,,0.0,0.0,0.0,0.0,0.0,0.0,0.0,0.0,0.0,0.0,0.0,0.0,0.0,1000.0
4336,palawan_outer_east_small_1000_2,S2A_MSIL2A_20230601T021611_R003_T50PQT_20230601T103139,500,,0.0,0.0,0.0,0.0,0.0,0.0,0.0,100.0,0.0,0.0,0.0,4,0,0.0,1000.0000000017462,1000.0000000002328,0.3981468677520752,100.0,,0.0,0.0,0.0,0.0,0.0,0.0,0.0,0.0,0.0,0.0,0.0,0.0,0.0,1000.0
4343,palawan_outer_east_small_1000_2,S2A_MSIL2A_20230601T021611_R003_T50PQT_20230601T103139,1000,,0.0,0.0,0.0,0.0,0.0,0.0,0.0,100.0,0.0,0.0,0.0,1,0,0.0,1000.0000000017462,1000.0000000002328,0.4284641742706299,100.0,,0.0,0.0,0.0,0.0,0.0,0.0,0.0,0.0,0.0,0.0,0.0,0.0,0.0,1000.0
4310,palawan_outer_east_small_1000_2,S2A_MSIL2A_20230611T021541_R003_T50PQT_20230611T092421,20,,0.0,0.0,0.0,0.0,0.0,0.0,0.0,100.0,0.0,0.0,0.0,2500,0,0.0,1000.0000000017462,1000.0000000002328,0.8880875110626221,100.0,,0.0,0.0,0.0,0.0,0.0,0.0,0.0,0.0,0.0,0.0,0.0,0.0,0.0,1000.0
4317,palawan_outer_east_small_1000_2,S2A_MSIL2A_20230611T021541_R003_T50PQT_20230611T092421,50,,0.0,0.0,0.0,0.0,0.0,0.0,0.0,100.0,0.0,0.0,0.0,400,0,0.0,1000.0000000017462,1000.0000000002328,0.5836036205291748,100.0,,0.0,0.0,0.0,0.0,0.0,0.0,0.0,0.0,0.0,0.0,0.0,0.0,0.0,1000.0
4324,palawan_outer_east_small_1000_2,S2A_MSIL2A_20230611T021541_R003_T50PQT_20230611T092421,100,,0.0,0.0,0.0,0.0,0.0,0.0,0.0,100.0,0.0,0.0,0.0,100,0,0.0,1000.0000000017462,1000.0000000002328,0.37452197074890137,100.0,,0.0,0.0,0.0,0.0,0.0,0.0,0.0,0.0,0.0,0.0,0.0,0.0,0.0,1000.0
4331,palawan_outer_east_small_1000_2,S2A_MSIL2A_20230611T021541_R003_T50PQT_20230611T092421,200,,0.0,0.0,0.0,0.0,0.0,0.0,0.0,100.0,0.0,0.0,0.0,25,0,0.0,1000.0000000017462,1000.0000000002328,0.3741455078125,100.0,,0.0,0.0,0.0,0.0,0.0,0.0,0.0,0.0,0.0,0.0,0.0,0.0,0.0,1000.0
4338,palawan_outer_east_small_1000_2,S2A_MSIL2A_20230611T021541_R003_T50PQT_20230611T092421,500,,0.0,0.0,0.0,0.0,0.0,0.0,0.0,100.0,0.0,0.0,0.0,4,0,0.0,1000.0000000017462,1000.0000000002328,0.3981468677520752,100.0,,0.0,0.0,0.0,0.0,0.0,0.0,0.0,0.0,0.0,0.0,0.0,0.0,0.0,1000.0
4345,palawan_outer_east_small_1000_2,S2A_MSIL2A_20230611T021541_R003_T50PQT_20230611T092421,1000,,0.0,0.0,0.0,0.0,0.0,0.0,0.0,100.0,0.0,0.0,0.0,1,0,0.0,1000.0000000017462,1000.0000000002328,0.4284641742706299,100.0,,0.0,0.0,0.0,0.0,0.0,0.0,0.0,0.0,0.0,0.0,0.0,0.0,0.0,1000.0
4312,palawan_outer_east_small_1000_2,S2A_MSIL2A_20230621T021541_R003_T50PQT_20230621T085836,20,,0.0,0.8,5.08,12.24,0.96,57.52,1.84,6.52,0.28,14.76,0.0,2500,0,0.0,1000.0000000017462,1000.0000000002328,0.8880875110626221,21.56,,0.0,0.0,0.0,0.0,0.0,0.0,0.0,0.0,0.0,0.0,0.0,0.0,0.0,1000.0
4319,palawan_outer_east_small_1000_2,S2A_MSIL2A_20230621T021541_R003_T50PQT_20230621T085836,50,,0.0,0.75,3.75,11.0,1.5,58.25,2.75,6.0,0.5,15.5,0.0,400,0,0.0,1000.0000000017462,1000.0000000002328,0.5836036205291748,22.0,,0.0,-0.050000000000000044,-1.33,-1.2400000000000002,0.54,0.7299999999999969,0.9099999999999999,-0.5199999999999996,0.21999999999999997,0.7400000000000002,0.0,0.4400000000000013,1.33,1000.0
4326,palawan_outer_east_small_1000_2,S2A_MSIL2A_20230621T021541_R003_T50PQT_20230621T085836,100,,0.0,2.0,3.0,12.0,1.0,56.0,1.0,4.0,1.0,20.0,0.0,100,0,0.0,1000.0000000017462,1000.0000000002328,0.37452197074890137,25.0,,0.0,1.2,-2.08,-0.2400000000000002,0.040000000000000036,-1.5200000000000031,-0.8400000000000001,-2.5199999999999996,0.72,5.24,0.0,3.4400000000000013,3.4400000000000013,1000.0
4333,palawan_outer_east_small_1000_2,S2A_MSIL2A_20230621T021541_R003_T50PQT_20230621T085836,200,,0.0,0.0,0.0,12.0,0.0,64.0,0.0,4.0,0.0,20.0,0.0,25,0,0.0,1000.0000000017462,1000.0000000002328,0.3741455078125,24.0,,0.0,-0.8,-5.08,-0.2400000000000002,-0.96,6.479999999999997,-1.84,-2.5199999999999996,-0.28,5.24,0.0,2.4400000000000013,6.479999999999997,1000.0
4340,palawan_outer_east_small_1000_2,S2A_MSIL2A_20230621T021541_R003_T50PQT_20230621T085836,500,,0.0,0.0,0.0,0.0,0.0,100.0,0.0,0.0,0.0,0.0,0.0,4,0,0.0,1000.0000000017462,1000.0000000002328,0.3981468677520752,0.0,,0.0,-0.8,-5.08,-12.24,-0.96,42.48,-1.84,-6.52,-0.28,-14.76,0.0,-21.56,42.48,1000.0
4347,palawan_outer_east_small_1000_2,S2A_MSIL2A_20230621T021541_R003_T50PQT_20230621T085836,1000,,0.0,0.0,0.0,0.0,0.0,0.0,0.0,0.0,0.0,100.0,0.0,1,0,0.0,1000.0000000017462,1000.0000000002328,0.4284641742706299,100.0,,0.0,-0.8,-5.08,-12.24,-0.96,-57.52,-1.84,-6.52,-0.28,85.24,0.0,78.44,78.44,1000.0
4314,palawan_outer_east_small_1000_2,S2A_MSIL2A_20230701T021541_R003_T50PQT_20230701T082624,20,,0.0,0.0,20.96,9.64,0.16,46.56,0.0,8.84,4.68,9.16,0.0,2500,0,0.0,1000.0000000017462,1000.0000000002328,0.8880875110626221,22.68,,0.0,0.0,0.0,0.0,0.0,0.0,0.0,0.0,0.0,0.0,0.0,0.0,0.0,1000.0
4321,palawan_outer_east_small_1000_2,S2A_MSIL2A_20230701T021541_R003_T50PQT_20230701T082624,50,,0.0,0.0,20.25,8.25,0.25,47.75,0.0,9.25,4.5,9.75,0.0,400,0,0.0,1000.0000000017462,1000.0000000002328,0.5836036205291748,23.5,,0.0,0.0,-0.7100000000000009,-1.3900000000000006,0.09,1.1899999999999977,0.0,0.41000000000000014,-0.17999999999999972,0.5899999999999999,0.0,0.8200000000000003,1.3900000000000006,1000.0
4328,palawan_outer_east_small_1000_2,S2A_MSIL2A_20230701T021541_R003_T50PQT_20230701T082624,100,,0.0,0.0,20.0,8.0,0.0,52.0,0.0,9.0,3.0,8.0,0.0,100,0,0.0,1000.0000000017462,1000.0000000002328,0.37452197074890137,20.0,,0.0,0.0,-0.9600000000000009,-1.6400000000000006,-0.16,5.439999999999998,0.0,0.16000000000000014,-1.6799999999999997,-1.1600000000000001,0.0,-2.6799999999999997,5.439999999999998,1000.0
4335,palawan_outer_east_small_1000_2,S2A_MSIL2A_20230701T021541_R003_T50PQT_20230701T082624,200,,0.0,0.0,20.0,0.0,0.0,64.0,0.0,8.0,0.0,8.0,0.0,25,0,0.0,1000.0000000017462,1000.0000000002328,0.3741455078125,16.0,,0.0,0.0,-0.9600000000000009,-9.64,-0.16,17.439999999999998,0.0,-0.8399999999999999,-4.68,-1.1600000000000001,0.0,-6.68,17.439999999999998,1000.0
4342,palawan_outer_east_small_1000_2,S2A_MSIL2A_20230701T021541_R003_T50PQT_20230701T082624,500,,0.0,0.0,0.0,0.0,0.0,100.0,0.0,0.0,0.0,0.0,0.0,4,0,0.0,1000.0000000017462,1000.0000000002328,0.3981468677520752,0.0,,0.0,0.0,-20.96,-9.64,-0.16,53.44,0.0,-8.84,-4.68,-9.16,0.0,-22.68,53.44,1000.0
4349,palawan_outer_east_small_1000_2,S2A_MSIL2A_20230701T021541_R003_T50PQT_20230701T082624,1000,,0.0,0.0,0.0,0.0,0.0,100.0,0.0,0.0,0.0,0.0,0.0,1,0,0.0,1000.0000000017462,1000.0000000002328,0.4284641742706299,0.0,,0.0,0.0,-20.96,-9.64,-0.16,53.44,0.0,-8.84,-4.68,-9.16,0.0,-22.68,53.44,1000.0
4309,palawan_outer_east_small_1000_2,S2B_MSIL2A_20230606T021539_R003_T50PQT_20230606T073506,20,,0.0,1.12,0.0,24.48,0.6,72.44,1.36,0.0,0.0,0.0,0.0,2500,0,0.0,1000.0000000017462,1000.0000000002328,0.8880875110626221,0.0,,0.0,0.0,0.0,0.0,0.0,0.0,0.0,0.0,0.0,0.0,0.0,0.0,0.0,1000.0
4316,palawan_outer_east_small_1000_2,S2B_MSIL2A_20230606T021539_R003_T50PQT_20230606T073506,50,,0.0,1.25,0.0,22.0,1.0,74.0,1.75,0.0,0.0,0.0,0.0,400,0,0.0,1000.0000000017462,1000.0000000002328,0.5836036205291748,0.0,,0.0,0.1299999999999999,0.0,-2.4800000000000004,0.4,1.5600000000000023,0.3899999999999999,0.0,0.0,0.0,0.0,0.0,2.4800000000000004,1000.0
4323,palawan_outer_east_small_1000_2,S2B_MSIL2A_20230606T021539_R003_T50PQT_20230606T073506,100,,0.0,2.0,0.0,20.0,1.0,76.0,1.0,0.0,0.0,0.0,0.0,100,0,0.0,1000.0000000017462,1000.0000000002328,0.37452197074890137,0.0,,0.0,0.8799999999999999,0.0,-4.48,0.4,3.5600000000000023,-0.3600000000000001,0.0,0.0,0.0,0.0,0.0,4.48,1000.0
4330,palawan_outer_east_small_1000_2,S2B_MSIL2A_20230606T021539_R003_T50PQT_20230606T073506,200,,0.0,0.0,0.0,16.0,0.0,84.0,0.0,0.0,0.0,0.0,0.0,25,0,0.0,1000.0000000017462,1000.0000000002328,0.3741455078125,0.0,,0.0,-1.12,0.0,-8.48,-0.6,11.560000000000002,-1.36,0.0,0.0,0.0,0.0,0.0,11.560000000000002,1000.0
4337,palawan_outer_east_small_1000_2,S2B_MSIL2A_20230606T021539_R003_T50PQT_20230606T073506,500,,0.0,0.0,0.0,0.0,0.0,100.0,0.0,0.0,0.0,0.0,0.0,4,0,0.0,1000.0000000017462,1000.0000000002328,0.3981468677520752,0.0,,0.0,-1.12,0.0,-24.48,-0.6,27.560000000000002,-1.36,0.0,0.0,0.0,0.0,0.0,27.560000000000002,1000.0
4344,palawan_outer_east_small_1000_2,S2B_MSIL2A_20230606T021539_R003_T50PQT_20230606T073506,1000,,0.0,0.0,0.0,0.0,0.0,100.0,0.0,0.0,0.0,0.0,0.0,1,0,0.0,1000.0000000017462,1000.0000000002328,0.4284641742706299,0.0,,0.0,-1.12,0.0,-24.48,-0.6,27.560000000000002,-1.36,0.0,0.0,0.0,0.0,0.0,27.560000000000002,1000.0
4311,palawan_outer_east_small_1000_2,S2B_MSIL2A_20230616T021539_R003_T50PQT_20230616T083239,20,,0.0,0.0,0.0,0.0,0.0,0.0,0.0,0.0,0.0,100.0,0.0,2500,0,0.0,1000.0000000017462,1000.0000000002328,0.8880875110626221,100.0,,0.0,0.0,0.0,0.0,0.0,0.0,0.0,0.0,0.0,0.0,0.0,0.0,0.0,1000.0
4318,palawan_outer_east_small_1000_2,S2B_MSIL2A_20230616T021539_R003_T50PQT_20230616T083239,50,,0.0,0.0,0.0,0.0,0.0,0.0,0.0,0.0,0.0,100.0,0.0,400,0,0.0,1000.0000000017462,1000.0000000002328,0.5836036205291748,100.0,,0.0,0.0,0.0,0.0,0.0,0.0,0.0,0.0,0.0,0.0,0.0,0.0,0.0,1000.0
4325,palawan_outer_east_small_1000_2,S2B_MSIL2A_20230616T021539_R003_T50PQT_20230616T083239,100,,0.0,0.0,0.0,0.0,0.0,0.0,0.0,0.0,0.0,100.0,0.0,100,0,0.0,1000.0000000017462,1000.0000000002328,0.37452197074890137,100.0,,0.0,0.0,0.0,0.0,0.0,0.0,0.0,0.0,0.0,0.0,0.0,0.0,0.0,1000.0
4332,palawan_outer_east_small_1000_2,S2B_MSIL2A_20230616T021539_R003_T50PQT_20230616T083239,200,,0.0,0.0,0.0,0.0,0.0,0.0,0.0,0.0,0.0,100.0,0.0,25,0,0.0,1000.0000000017462,1000.0000000002328,0.3741455078125,100.0,,0.0,0.0,0.0,0.0,0.0,0.0,0.0,0.0,0.0,0.0,0.0,0.0,0.0,1000.0
4339,palawan_outer_east_small_1000_2,S2B_MSIL2A_20230616T021539_R003_T50PQT_20230616T083239,500,,0.0,0.0,0.0,0.0,0.0,0.0,0.0,0.0,0.0,100.0,0.0,4,0,0.0,1000.0000000017462,1000.0000000002328,0.3981468677520752,100.0,,0.0,0.0,0.0,0.0,0.0,0.0,0.0,0.0,0.0,0.0,0.0,0.0,0.0,1000.0
4346,palawan_outer_east_small_1000_2,S2B_MSIL2A_20230616T021539_R003_T50PQT_20230616T083239,1000,,0.0,0.0,0.0,0.0,0.0,0.0,0.0,0.0,0.0,100.0,0.0,1,0,0.0,1000.0000000017462,1000.0000000002328,0.4284641742706299,100.0,,0.0,0.0,0.0,0.0,0.0,0.0,0.0,0.0,0.0,0.0,0.0,0.0,0.0,1000.0
4313,palawan_outer_east_small_1000_2,S2B_MSIL2A_20230626T021539_R003_T50PQT_20230626T074054,20,,0.0,0.0,0.0,0.0,0.0,0.0,0.0,91.32,0.0,8.68,0.0,2500,0,0.0,1000.0000000017462,1000.0000000002328,0.8880875110626221,100.0,,0.0,0.0,0.0,0.0,0.0,0.0,0.0,0.0,0.0,0.0,0.0,0.0,0.0,1000.0
4320,palawan_outer_east_small_1000_2,S2B_MSIL2A_20230626T021539_R003_T50PQT_20230626T074054,50,,0.0,0.0,0.0,0.0,0.0,0.0,0.0,91.5,0.0,8.5,0.0,400,0,0.0,1000.0000000017462,1000.0000000002328,0.5836036205291748,100.0,,0.0,0.0,0.0,0.0,0.0,0.0,0.0,0.18000000000000682,0.0,-0.17999999999999972,0.0,0.0,0.0,1000.0
4327,palawan_outer_east_small_1000_2,S2B_MSIL2A_20230626T021539_R003_T50PQT_20230626T074054,100,,0.0,0.0,0.0,0.0,0.0,0.0,0.0,97.0,0.0,3.0,0.0,100,0,0.0,1000.0000000017462,1000.0000000002328,0.37452197074890137,100.0,,0.0,0.0,0.0,0.0,0.0,0.0,0.0,5.680000000000007,0.0,-5.68,0.0,0.0,0.0,1000.0
4334,palawan_outer_east_small_1000_2,S2B_MSIL2A_20230626T021539_R003_T50PQT_20230626T074054,200,,0.0,0.0,0.0,0.0,0.0,0.0,0.0,92.0,0.0,8.0,0.0,25,0,0.0,1000.0000000017462,1000.0000000002328,0.3741455078125,100.0,,0.0,0.0,0.0,0.0,0.0,0.0,0.0,0.6800000000000068,0.0,-0.6799999999999997,0.0,0.0,0.0,1000.0
4341,palawan_outer_east_small_1000_2,S2B_MSIL2A_20230626T021539_R003_T50PQT_20230626T074054,500,,0.0,0.0,0.0,0.0,0.0,0.0,0.0,75.0,0.0,25.0,0.0,4,0,0.0,1000.0000000017462,1000.0000000002328,0.3981468677520752,100.0,,0.0,0.0,0.0,0.0,0.0,0.0,0.0,-16.319999999999993,0.0,16.32,0.0,0.0,0.0,1000.0
4348,palawan_outer_east_small_1000_2,S2B_MSIL2A_20230626T021539_R003_T50PQT_20230626T074054,1000,,0.0,0.0,0.0,0.0,0.0,0.0,0.0,100.0,0.0,0.0,0.0,1,0,0.0,1000.0000000017462,1000.0000000002328,0.4284641742706299,100.0,,0.0,0.0,0.0,0.0,0.0,0.0,0.0,8.680000000000007,0.0,-8.68,0.0,0.0,0.0,1000.0
5064,palawan_outer_east_small_1000_20,S2A_MSIL2A_20230601T021611_R003_T50PQT_20230601T103139,20,,0.0,0.0,0.0,0.0,0.0,0.0,0.0,100.0,0.0,0.0,0.0,2500,0,0.0,1000.0000000018626,1000.0000000002328,0.3691396713256836,100.0,,0.0,0.0,0.0,0.0,0.0,0.0,0.0,0.0,0.0,0.0,0.0,0.0,0.0,1000.0
5071,palawan_outer_east_small_1000_20,S2A_MSIL2A_20230601T021611_R003_T50PQT_20230601T103139,50,,0.0,0.0,0.0,0.0,0.0,0.0,0.0,100.0,0.0,0.0,0.0,400,0,0.0,1000.0000000018626,1000.0000000002328,0.37567734718322754,100.0,,0.0,0.0,0.0,0.0,0.0,0.0,0.0,0.0,0.0,0.0,0.0,0.0,0.0,1000.0
5078,palawan_outer_east_small_1000_20,S2A_MSIL2A_20230601T021611_R003_T50PQT_20230601T103139,100,,0.0,0.0,0.0,0.0,0.0,0.0,0.0,100.0,0.0,0.0,0.0,100,0,0.0,1000.0000000018626,1000.0000000002328,0.3773987293243408,100.0,,0.0,0.0,0.0,0.0,0.0,0.0,0.0,0.0,0.0,0.0,0.0,0.0,0.0,1000.0
5085,palawan_outer_east_small_1000_20,S2A_MSIL2A_20230601T021611_R003_T50PQT_20230601T103139,200,,0.0,0.0,0.0,0.0,0.0,0.0,0.0,100.0,0.0,0.0,0.0,25,0,0.0,1000.0000000018626,1000.0000000002328,0.8960156440734863,100.0,,0.0,0.0,0.0,0.0,0.0,0.0,0.0,0.0,0.0,0.0,0.0,0.0,0.0,1000.0
5092,palawan_outer_east_small_1000_20,S2A_MSIL2A_20230601T021611_R003_T50PQT_20230601T103139,500,,0.0,0.0,0.0,0.0,0.0,0.0,0.0,100.0,0.0,0.0,0.0,4,0,0.0,1000.0000000018626,1000.0000000002328,0.42587852478027344,100.0,,0.0,0.0,0.0,0.0,0.0,0.0,0.0,0.0,0.0,0.0,0.0,0.0,0.0,1000.0
5099,palawan_outer_east_small_1000_20,S2A_MSIL2A_20230601T021611_R003_T50PQT_20230601T103139,1000,,0.0,0.0,0.0,0.0,0.0,0.0,0.0,100.0,0.0,0.0,0.0,1,0,0.0,1000.0000000018626,1000.0000000002328,0.40584468841552734,100.0,,0.0,0.0,0.0,0.0,0.0,0.0,0.0,0.0,0.0,0.0,0.0,0.0,0.0,1000.0
5066,palawan_outer_east_small_1000_20,S2A_MSIL2A_20230611T021541_R003_T50PQT_20230611T092421,20,,0.0,0.0,0.0,0.0,0.0,0.0,0.0,34.68,0.0,65.32,0.0,2500,0,0.0,1000.0000000018626,1000.0000000002328,0.3691396713256836,100.0,,0.0,0.0,0.0,0.0,0.0,0.0,0.0,0.0,0.0,0.0,0.0,0.0,0.0,1000.0
5073,palawan_outer_east_small_1000_20,S2A_MSIL2A_20230611T021541_R003_T50PQT_20230611T092421,50,,0.0,0.0,0.0,0.0,0.0,0.0,0.0,33.75,0.0,66.25,0.0,400,0,0.0,1000.0000000018626,1000.0000000002328,0.37567734718322754,100.0,,0.0,0.0,0.0,0.0,0.0,0.0,0.0,-0.9299999999999997,0.0,0.9300000000000068,0.0,0.0,0.0,1000.0
5080,palawan_outer_east_small_1000_20,S2A_MSIL2A_20230611T021541_R003_T50PQT_20230611T092421,100,,0.0,0.0,0.0,0.0,0.0,0.0,0.0,37.0,0.0,63.0,0.0,100,0,0.0,1000.0000000018626,1000.0000000002328,0.3773987293243408,100.0,,0.0,0.0,0.0,0.0,0.0,0.0,0.0,2.3200000000000003,0.0,-2.319999999999993,0.0,0.0,0.0,1000.0
5087,palawan_outer_east_small_1000_20,S2A_MSIL2A_20230611T021541_R003_T50PQT_20230611T092421,200,,0.0,0.0,0.0,0.0,0.0,0.0,0.0,32.0,0.0,68.0,0.0,25,0,0.0,1000.0000000018626,1000.0000000002328,0.8960156440734863,100.0,,0.0,0.0,0.0,0.0,0.0,0.0,0.0,-2.6799999999999997,0.0,2.680000000000007,0.0,0.0,0.0,1000.0
5094,palawan_outer_east_small_1000_20,S2A_MSIL2A_20230611T021541_R003_T50PQT_20230611T092421,500,,0.0,0.0,0.0,0.0,0.0,0.0,0.0,25.0,0.0,75.0,0.0,4,0,0.0,1000.0000000018626,1000.0000000002328,0.42587852478027344,100.0,,0.0,0.0,0.0,0.0,0.0,0.0,0.0,-9.68,0.0,9.680000000000007,0.0,0.0,0.0,1000.0
5101,palawan_outer_east_small_1000_20,S2A_MSIL2A_20230611T021541_R003_T50PQT_20230611T092421,1000,,0.0,0.0,0.0,0.0,0.0,0.0,0.0,0.0,0.0,100.0,0.0,1,0,0.0,1000.0000000018626,1000.0000000002328,0.40584468841552734,100.0,,0.0,0.0,0.0,0.0,0.0,0.0,0.0,-34.68,0.0,34.68000000000001,0.0,0.0,0.0,1000.0
5068,palawan_outer_east_small_1000_20,S2A_MSIL2A_20230621T021541_R003_T50PQT_20230621T085836,20,,0.0,0.0,0.0,0.0,0.0,99.12,0.0,0.88,0.0,0.0,0.0,2500,0,0.0,1000.0000000018626,1000.0000000002328,0.3691396713256836,0.88,,0.0,0.0,0.0,0.0,0.0,0.0,0.0,0.0,0.0,0.0,0.0,0.0,0.0,1000.0
5075,palawan_outer_east_small_1000_20,S2A_MSIL2A_20230621T021541_R003_T50PQT_20230621T085836,50,,0.0,0.0,0.0,0.0,0.0,99.5,0.0,0.5,0.0,0.0,0.0,400,0,0.0,1000.0000000018626,1000.0000000002328,0.37567734718322754,0.5,,0.0,0.0,0.0,0.0,0.0,0.37999999999999545,0.0,-0.38,0.0,0.0,0.0,-0.38,0.38,1000.0
5082,palawan_outer_east_small_1000_20,S2A_MSIL2A_20230621T021541_R003_T50PQT_20230621T085836,100,,0.0,0.0,0.0,0.0,0.0,100.0,0.0,0.0,0.0,0.0,0.0,100,0,0.0,1000.0000000018626,1000.0000000002328,0.3773987293243408,0.0,,0.0,0.0,0.0,0.0,0.0,0.8799999999999955,0.0,-0.88,0.0,0.0,0.0,-0.88,0.88,1000.0
5089,palawan_outer_east_small_1000_20,S2A_MSIL2A_20230621T021541_R003_T50PQT_20230621T085836,200,,0.0,0.0,0.0,0.0,0.0,100.0,0.0,0.0,0.0,0.0,0.0,25,0,0.0,1000.0000000018626,1000.0000000002328,0.8960156440734863,0.0,,0.0,0.0,0.0,0.0,0.0,0.8799999999999955,0.0,-0.88,0.0,0.0,0.0,-0.88,0.88,1000.0
5096,palawan_outer_east_small_1000_20,S2A_MSIL2A_20230621T021541_R003_T50PQT_20230621T085836,500,,0.0,0.0,0.0,0.0,0.0,100.0,0.0,0.0,0.0,0.0,0.0,4,0,0.0,1000.0000000018626,1000.0000000002328,0.42587852478027344,0.0,,0.0,0.0,0.0,0.0,0.0,0.8799999999999955,0.0,-0.88,0.0,0.0,0.0,-0.88,0.88,1000.0
5103,palawan_outer_east_small_1000_20,S2A_MSIL2A_20230621T021541_R003_T50PQT_20230621T085836,1000,,0.0,0.0,0.0,0.0,0.0,100.0,0.0,0.0,0.0,0.0,0.0,1,0,0.0,1000.0000000018626,1000.0000000002328,0.40584468841552734,0.0,,0.0,0.0,0.0,0.0,0.0,0.8799999999999955,0.0,-0.88,0.0,0.0,0.0,-0.88,0.88,1000.0
5070,palawan_outer_east_small_1000_20,S2A_MSIL2A_20230701T021541_R003_T50PQT_20230701T082624,20,,0.0,0.0,0.0,0.0,0.0,99.96,0.0,0.04,0.0,0.0,0.0,2500,0,0.0,1000.0000000018626,1000.0000000002328,0.3691396713256836,0.04,,0.0,0.0,0.0,0.0,0.0,0.0,0.0,0.0,0.0,0.0,0.0,0.0,0.0,1000.0
5077,palawan_outer_east_small_1000_20,S2A_MSIL2A_20230701T021541_R003_T50PQT_20230701T082624,50,,0.0,0.0,0.0,0.0,0.0,99.75,0.0,0.25,0.0,0.0,0.0,400,0,0.0,1000.0000000018626,1000.0000000002328,0.37567734718322754,0.25,,0.0,0.0,0.0,0.0,0.0,-0.20999999999999375,0.0,0.21,0.0,0.0,0.0,0.21,0.21,1000.0
5084,palawan_outer_east_small_1000_20,S2A_MSIL2A_20230701T021541_R003_T50PQT_20230701T082624,100,,0.0,0.0,0.0,0.0,0.0,100.0,0.0,0.0,0.0,0.0,0.0,100,0,0.0,1000.0000000018626,1000.0000000002328,0.3773987293243408,0.0,,0.0,0.0,0.0,0.0,0.0,0.04000000000000625,0.0,-0.04,0.0,0.0,0.0,-0.04,0.04000000000000625,1000.0
5091,palawan_outer_east_small_1000_20,S2A_MSIL2A_20230701T021541_R003_T50PQT_20230701T082624,200,,0.0,0.0,0.0,0.0,0.0,100.0,0.0,0.0,0.0,0.0,0.0,25,0,0.0,1000.0000000018626,1000.0000000002328,0.8960156440734863,0.0,,0.0,0.0,0.0,0.0,0.0,0.04000000000000625,0.0,-0.04,0.0,0.0,0.0,-0.04,0.04000000000000625,1000.0
5098,palawan_outer_east_small_1000_20,S2A_MSIL2A_20230701T021541_R003_T50PQT_20230701T082624,500,,0.0,0.0,0.0,0.0,0.0,100.0,0.0,0.0,0.0,0.0,0.0,4,0,0.0,1000.0000000018626,1000.0000000002328,0.42587852478027344,0.0,,0.0,0.0,0.0,0.0,0.0,0.04000000000000625,0.0,-0.04,0.0,0.0,0.0,-0.04,0.04000000000000625,1000.0
5105,palawan_outer_east_small_1000_20,S2A_MSIL2A_20230701T021541_R003_T50PQT_20230701T082624,1000,,0.0,0.0,0.0,0.0,0.0,100.0,0.0,0.0,0.0,0.0,0.0,1,0,0.0,1000.0000000018626,1000.0000000002328,0.40584468841552734,0.0,,0.0,0.0,0.0,0.0,0.0,0.04000000000000625,0.0,-0.04,0.0,0.0,0.0,-0.04,0.04000000000000625,1000.0
5065,palawan_outer_east_small_1000_20,S2B_MSIL2A_20230606T021539_R003_T50PQT_20230606T073506,20,,0.0,0.0,0.0,0.0,0.0,100.0,0.0,0.0,0.0,0.0,0.0,2500,0,0.0,1000.0000000018626,1000.0000000002328,0.3691396713256836,0.0,,0.0,0.0,0.0,0.0,0.0,0.0,0.0,0.0,0.0,0.0,0.0,0.0,0.0,1000.0
5072,palawan_outer_east_small_1000_20,S2B_MSIL2A_20230606T021539_R003_T50PQT_20230606T073506,50,,0.0,0.0,0.0,0.0,0.0,100.0,0.0,0.0,0.0,0.0,0.0,400,0,0.0,1000.0000000018626,1000.0000000002328,0.37567734718322754,0.0,,0.0,0.0,0.0,0.0,0.0,0.0,0.0,0.0,0.0,0.0,0.0,0.0,0.0,1000.0
5079,palawan_outer_east_small_1000_20,S2B_MSIL2A_20230606T021539_R003_T50PQT_20230606T073506,100,,0.0,0.0,0.0,0.0,0.0,100.0,0.0,0.0,0.0,0.0,0.0,100,0,0.0,1000.0000000018626,1000.0000000002328,0.3773987293243408,0.0,,0.0,0.0,0.0,0.0,0.0,0.0,0.0,0.0,0.0,0.0,0.0,0.0,0.0,1000.0
5086,palawan_outer_east_small_1000_20,S2B_MSIL2A_20230606T021539_R003_T50PQT_20230606T073506,200,,0.0,0.0,0.0,0.0,0.0,100.0,0.0,0.0,0.0,0.0,0.0,25,0,0.0,1000.0000000018626,1000.0000000002328,0.8960156440734863,0.0,,0.0,0.0,0.0,0.0,0.0,0.0,0.0,0.0,0.0,0.0,0.0,0.0,0.0,1000.0
5093,palawan_outer_east_small_1000_20,S2B_MSIL2A_20230606T021539_R003_T50PQT_20230606T073506,500,,0.0,0.0,0.0,0.0,0.0,100.0,0.0,0.0,0.0,0.0,0.0,4,0,0.0,1000.0000000018626,1000.0000000002328,0.42587852478027344,0.0,,0.0,0.0,0.0,0.0,0.0,0.0,0.0,0.0,0.0,0.0,0.0,0.0,0.0,1000.0
5100,palawan_outer_east_small_1000_20,S2B_MSIL2A_20230606T021539_R003_T50PQT_20230606T073506,1000,,0.0,0.0,0.0,0.0,0.0,100.0,0.0,0.0,0.0,0.0,0.0,1,0,0.0,1000.0000000018626,1000.0000000002328,0.40584468841552734,0.0,,0.0,0.0,0.0,0.0,0.0,0.0,0.0,0.0,0.0,0.0,0.0,0.0,0.0,1000.0
5067,palawan_outer_east_small_1000_20,S2B_MSIL2A_20230616T021539_R003_T50PQT_20230616T083239,20,,0.0,0.0,0.0,0.0,0.0,0.0,0.0,0.0,0.0,100.0,0.0,2500,0,0.0,1000.0000000018626,1000.0000000002328,0.3691396713256836,100.0,,0.0,0.0,0.0,0.0,0.0,0.0,0.0,0.0,0.0,0.0,0.0,0.0,0.0,1000.0
5074,palawan_outer_east_small_1000_20,S2B_MSIL2A_20230616T021539_R003_T50PQT_20230616T083239,50,,0.0,0.0,0.0,0.0,0.0,0.0,0.0,0.0,0.0,100.0,0.0,400,0,0.0,1000.0000000018626,1000.0000000002328,0.37567734718322754,100.0,,0.0,0.0,0.0,0.0,0.0,0.0,0.0,0.0,0.0,0.0,0.0,0.0,0.0,1000.0
5081,palawan_outer_east_small_1000_20,S2B_MSIL2A_20230616T021539_R003_T50PQT_20230616T083239,100,,0.0,0.0,0.0,0.0,0.0,0.0,0.0,0.0,0.0,100.0,0.0,100,0,0.0,1000.0000000018626,1000.0000000002328,0.3773987293243408,100.0,,0.0,0.0,0.0,0.0,0.0,0.0,0.0,0.0,0.0,0.0,0.0,0.0,0.0,1000.0
5088,palawan_outer_east_small_1000_20,S2B_MSIL2A_20230616T021539_R003_T50PQT_20230616T083239,200,,0.0,0.0,0.0,0.0,0.0,0.0,0.0,0.0,0.0,100.0,0.0,25,0,0.0,1000.0000000018626,1000.0000000002328,0.8960156440734863,100.0,,0.0,0.0,0.0,0.0,0.0,0.0,0.0,0.0,0.0,0.0,0.0,0.0,0.0,1000.0
5095,palawan_outer_east_small_1000_20,S2B_MSIL2A_20230616T021539_R003_T50PQT_20230616T083239,500,,0.0,0.0,0.0,0.0,0.0,0.0,0.0,0.0,0.0,100.0,0.0,4,0,0.0,1000.0000000018626,1000.0000000002328,0.42587852478027344,100.0,,0.0,0.0,0.0,0.0,0.0,0.0,0.0,0.0,0.0,0.0,0.0,0.0,0.0,1000.0
5102,palawan_outer_east_small_1000_20,S2B_MSIL2A_20230616T021539_R003_T50PQT_20230616T083239,1000,,0.0,0.0,0.0,0.0,0.0,0.0,0.0,0.0,0.0,100.0,0.0,1,0,0.0,1000.0000000018626,1000.0000000002328,0.40584468841552734,100.0,,0.0,0.0,0.0,0.0,0.0,0.0,0.0,0.0,0.0,0.0,0.0,0.0,0.0,1000.0
5069,palawan_outer_east_small_1000_20,S2B_MSIL2A_20230626T021539_R003_T50PQT_20230626T074054,20,,0.0,0.0,0.0,0.0,0.0,0.0,0.0,99.52,0.0,0.48,0.0,2500,0,0.0,1000.0000000018626,1000.0000000002328,0.3691396713256836,100.0,,0.0,0.0,0.0,0.0,0.0,0.0,0.0,0.0,0.0,0.0,0.0,0.0,0.0,1000.0
5076,palawan_outer_east_small_1000_20,S2B_MSIL2A_20230626T021539_R003_T50PQT_20230626T074054,50,,0.0,0.0,0.0,0.0,0.0,0.0,0.0,99.5,0.0,0.5,0.0,400,0,0.0,1000.0000000018626,1000.0000000002328,0.37567734718322754,100.0,,0.0,0.0,0.0,0.0,0.0,0.0,0.0,-0.01999999999999602,0.0,0.020000000000000018,0.0,0.0,0.0,1000.0
5083,palawan_outer_east_small_1000_20,S2B_MSIL2A_20230626T021539_R003_T50PQT_20230626T074054,100,,0.0,0.0,0.0,0.0,0.0,0.0,0.0,100.0,0.0,0.0,0.0,100,0,0.0,1000.0000000018626,1000.0000000002328,0.3773987293243408,100.0,,0.0,0.0,0.0,0.0,0.0,0.0,0.0,0.480000000000004,0.0,-0.48,0.0,0.0,0.0,1000.0
5090,palawan_outer_east_small_1000_20,S2B_MSIL2A_20230626T021539_R003_T50PQT_20230626T074054,200,,0.0,0.0,0.0,0.0,0.0,0.0,0.0,100.0,0.0,0.0,0.0,25,0,0.0,1000.0000000018626,1000.0000000002328,0.8960156440734863,100.0,,0.0,0.0,0.0,0.0,0.0,0.0,0.0,0.480000000000004,0.0,-0.48,0.0,0.0,0.0,1000.0
5097,palawan_outer_east_small_1000_20,S2B_MSIL2A_20230626T021539_R003_T50PQT_20230626T074054,500,,0.0,0.0,0.0,0.0,0.0,0.0,0.0,100.0,0.0,0.0,0.0,4,0,0.0,1000.0000000018626,1000.0000000002328,0.42587852478027344,100.0,,0.0,0.0,0.0,0.0,0.0,0.0,0.0,0.480000000000004,0.0,-0.48,0.0,0.0,0.0,1000.0
5104,palawan_outer_east_small_1000_20,S2B_MSIL2A_20230626T021539_R003_T50PQT_20230626T074054,1000,,0.0,0.0,0.0,0.0,0.0,0.0,0.0,100.0,0.0,0.0,0.0,1,0,0.0,1000.0000000018626,1000.0000000002328,0.40584468841552734,100.0,,0.0,0.0,0.0,0.0,0.0,0.0,0.0,0.480000000000004,0.0,-0.48,0.0,0.0,0.0,1000.0
5106,palawan_outer_east_small_1000_21,S2A_MSIL2A_20230601T021611_R003_T50PQT_20230601T103139,20,,0.0,0.0,0.0,0.0,0.0,0.0,0.0,100.0,0.0,0.0,0.0,2500,0,0.0,1000.0000000011642,1000.0,0.39018940925598145,100.0,,0.0,0.0,0.0,0.0,0.0,0.0,0.0,0.0,0.0,0.0,0.0,0.0,0.0,1000.0
5113,palawan_outer_east_small_1000_21,S2A_MSIL2A_20230601T021611_R003_T50PQT_20230601T103139,50,,0.0,0.0,0.0,0.0,0.0,0.0,0.0,100.0,0.0,0.0,0.0,400,0,0.0,1000.0000000011642,1000.0,0.39555811882019043,100.0,,0.0,0.0,0.0,0.0,0.0,0.0,0.0,0.0,0.0,0.0,0.0,0.0,0.0,1000.0
5120,palawan_outer_east_small_1000_21,S2A_MSIL2A_20230601T021611_R003_T50PQT_20230601T103139,100,,0.0,0.0,0.0,0.0,0.0,0.0,0.0,100.0,0.0,0.0,0.0,100,0,0.0,1000.0000000011642,1000.0,0.45257139205932617,100.0,,0.0,0.0,0.0,0.0,0.0,0.0,0.0,0.0,0.0,0.0,0.0,0.0,0.0,1000.0
5127,palawan_outer_east_small_1000_21,S2A_MSIL2A_20230601T021611_R003_T50PQT_20230601T103139,200,,0.0,0.0,0.0,0.0,0.0,0.0,0.0,100.0,0.0,0.0,0.0,25,0,0.0,1000.0000000011642,1000.0,0.4188706874847412,100.0,,0.0,0.0,0.0,0.0,0.0,0.0,0.0,0.0,0.0,0.0,0.0,0.0,0.0,1000.0
5134,palawan_outer_east_small_1000_21,S2A_MSIL2A_20230601T021611_R003_T50PQT_20230601T103139,500,,0.0,0.0,0.0,0.0,0.0,0.0,0.0,100.0,0.0,0.0,0.0,4,0,0.0,1000.0000000011642,1000.0,0.3845071792602539,100.0,,0.0,0.0,0.0,0.0,0.0,0.0,0.0,0.0,0.0,0.0,0.0,0.0,0.0,1000.0
5141,palawan_outer_east_small_1000_21,S2A_MSIL2A_20230601T021611_R003_T50PQT_20230601T103139,1000,,0.0,0.0,0.0,0.0,0.0,0.0,0.0,100.0,0.0,0.0,0.0,1,0,0.0,1000.0000000011642,1000.0,0.38091397285461426,100.0,,0.0,0.0,0.0,0.0,0.0,0.0,0.0,0.0,0.0,0.0,0.0,0.0,0.0,1000.0
5108,palawan_outer_east_small_1000_21,S2A_MSIL2A_20230611T021541_R003_T50PQT_20230611T092421,20,,0.0,0.0,0.0,0.0,0.0,0.0,0.0,9.24,0.0,90.76,0.0,2500,0,0.0,1000.0000000011642,1000.0,0.39018940925598145,100.0,,0.0,0.0,0.0,0.0,0.0,0.0,0.0,0.0,0.0,0.0,0.0,0.0,0.0,1000.0
5115,palawan_outer_east_small_1000_21,S2A_MSIL2A_20230611T021541_R003_T50PQT_20230611T092421,50,,0.0,0.0,0.0,0.0,0.0,0.0,0.0,8.0,0.0,92.0,0.0,400,0,0.0,1000.0000000011642,1000.0,0.39555811882019043,100.0,,0.0,0.0,0.0,0.0,0.0,0.0,0.0,-1.2400000000000002,0.0,1.2399999999999949,0.0,0.0,0.0,1000.0
5122,palawan_outer_east_small_1000_21,S2A_MSIL2A_20230611T021541_R003_T50PQT_20230611T092421,100,,0.0,0.0,0.0,0.0,0.0,0.0,0.0,6.0,0.0,94.0,0.0,100,0,0.0,1000.0000000011642,1000.0,0.45257139205932617,100.0,,0.0,0.0,0.0,0.0,0.0,0.0,0.0,-3.24,0.0,3.239999999999995,0.0,0.0,0.0,1000.0
5129,palawan_outer_east_small_1000_21,S2A_MSIL2A_20230611T021541_R003_T50PQT_20230611T092421,200,,0.0,0.0,0.0,0.0,0.0,0.0,0.0,0.0,0.0,100.0,0.0,25,0,0.0,1000.0000000011642,1000.0,0.4188706874847412,100.0,,0.0,0.0,0.0,0.0,0.0,0.0,0.0,-9.24,0.0,9.239999999999995,0.0,0.0,0.0,1000.0
5136,palawan_outer_east_small_1000_21,S2A_MSIL2A_20230611T021541_R003_T50PQT_20230611T092421,500,,0.0,0.0,0.0,0.0,0.0,0.0,0.0,25.0,0.0,75.0,0.0,4,0,0.0,1000.0000000011642,1000.0,0.3845071792602539,100.0,,0.0,0.0,0.0,0.0,0.0,0.0,0.0,15.76,0.0,-15.760000000000005,0.0,0.0,0.0,1000.0
5143,palawan_outer_east_small_1000_21,S2A_MSIL2A_20230611T021541_R003_T50PQT_20230611T092421,1000,,0.0,0.0,0.0,0.0,0.0,0.0,0.0,0.0,0.0,100.0,0.0,1,0,0.0,1000.0000000011642,1000.0,0.38091397285461426,100.0,,0.0,0.0,0.0,0.0,0.0,0.0,0.0,-9.24,0.0,9.239999999999995,0.0,0.0,0.0,1000.0
5110,palawan_outer_east_small_1000_21,S2A_MSIL2A_20230621T021541_R003_T50PQT_20230621T085836,20,,0.0,0.0,0.0,0.0,0.0,0.68,0.0,44.44,16.8,38.08,0.0,2500,0,0.0,1000.0000000011642,1000.0,0.39018940925598145,99.32,,0.0,0.0,0.0,0.0,0.0,0.0,0.0,0.0,0.0,0.0,0.0,0.0,0.0,1000.0
5117,palawan_outer_east_small_1000_21,S2A_MSIL2A_20230621T021541_R003_T50PQT_20230621T085836,50,,0.0,0.0,0.0,0.0,0.0,0.75,0.0,45.25,16.0,38.0,0.0,400,0,0.0,1000.0000000011642,1000.0,0.39555811882019043,99.25,,0.0,0.0,0.0,0.0,0.0,0.06999999999999995,0.0,0.8100000000000023,-0.8000000000000007,-0.0799999999999983,0.0,-0.06999999999999318,0.06999999999999995,1000.0
5124,palawan_outer_east_small_1000_21,S2A_MSIL2A_20230621T021541_R003_T50PQT_20230621T085836,100,,0.0,0.0,0.0,0.0,0.0,0.0,0.0,43.0,16.0,41.0,0.0,100,0,0.0,1000.0000000011642,1000.0,0.45257139205932617,100.0,,0.0,0.0,0.0,0.0,0.0,-0.68,0.0,-1.4399999999999977,-0.8000000000000007,2.9200000000000017,0.0,0.6800000000000068,0.6800000000000068,1000.0
5131,palawan_outer_east_small_1000_21,S2A_MSIL2A_20230621T021541_R003_T50PQT_20230621T085836,200,,0.0,0.0,0.0,0.0,0.0,0.0,0.0,44.0,12.0,44.0,0.0,25,0,0.0,1000.0000000011642,1000.0,0.4188706874847412,100.0,,0.0,0.0,0.0,0.0,0.0,-0.68,0.0,-0.4399999999999977,-4.800000000000001,5.920000000000002,0.0,0.6800000000000068,0.6800000000000068,1000.0
5138,palawan_outer_east_small_1000_21,S2A_MSIL2A_20230621T021541_R003_T50PQT_20230621T085836,500,,0.0,0.0,0.0,0.0,0.0,0.0,0.0,100.0,0.0,0.0,0.0,4,0,0.0,1000.0000000011642,1000.0,0.3845071792602539,100.0,,0.0,0.0,0.0,0.0,0.0,-0.68,0.0,55.56,-16.8,-38.08,0.0,0.6800000000000068,0.6800000000000068,1000.0
5145,palawan_outer_east_small_1000_21,S2A_MSIL2A_20230621T021541_R003_T50PQT_20230621T085836,1000,,0.0,0.0,0.0,0.0,0.0,0.0,0.0,0.0,0.0,100.0,0.0,1,0,0.0,1000.0000000011642,1000.0,0.38091397285461426,100.0,,0.0,0.0,0.0,0.0,0.0,-0.68,0.0,-44.44,-16.8,61.92,0.0,0.6800000000000068,0.6800000000000068,1000.0
5112,palawan_outer_east_small_1000_21,S2A_MSIL2A_20230701T021541_R003_T50PQT_20230701T082624,20,,0.0,0.0,0.0,1.52,0.0,42.12,0.52,12.36,6.96,36.52,0.0,2500,0,0.0,1000.0000000011642,1000.0,0.39018940925598145,55.84,,0.0,0.0,0.0,0.0,0.0,0.0,0.0,0.0,0.0,0.0,0.0,0.0,0.0,1000.0
5119,palawan_outer_east_small_1000_21,S2A_MSIL2A_20230701T021541_R003_T50PQT_20230701T082624,50,,0.0,0.0,0.0,1.0,0.0,42.75,0.25,12.0,8.5,35.5,0.0,400,0,0.0,1000.0000000011642,1000.0,0.39555811882019043,56.0,,0.0,0.0,0.0,-0.52,0.0,0.6300000000000026,-0.27,-0.35999999999999943,1.54,-1.0200000000000031,0.0,0.1599999999999966,0.6300000000000026,1000.0
5126,palawan_outer_east_small_1000_21,S2A_MSIL2A_20230701T021541_R003_T50PQT_20230701T082624,100,,0.0,0.0,0.0,0.0,0.0,41.0,0.0,11.0,9.0,39.0,0.0,100,0,0.0,1000.0000000011642,1000.0,0.45257139205932617,59.0,,0.0,0.0,0.0,-1.52,0.0,-1.1199999999999974,-0.52,-1.3599999999999994,2.04,2.479999999999997,0.0,3.1599999999999966,3.1599999999999966,1000.0
5133,palawan_outer_east_small_1000_21,S2A_MSIL2A_20230701T021541_R003_T50PQT_20230701T082624,200,,0.0,0.0,0.0,0.0,0.0,48.0,0.0,12.0,16.0,24.0,0.0,25,0,0.0,1000.0000000011642,1000.0,0.4188706874847412,52.0,,0.0,0.0,0.0,-1.52,0.0,5.880000000000003,-0.52,-0.35999999999999943,9.04,-12.520000000000003,0.0,-3.8400000000000034,5.880000000000003,1000.0
5140,palawan_outer_east_small_1000_21,S2A_MSIL2A_20230701T021541_R003_T50PQT_20230701T082624,500,,0.0,0.0,0.0,0.0,0.0,75.0,0.0,0.0,25.0,0.0,0.0,4,0,0.0,1000.0000000011642,1000.0,0.3845071792602539,25.0,,0.0,0.0,0.0,-1.52,0.0,32.88,-0.52,-12.36,18.04,-36.52,0.0,-30.840000000000003,32.88,1000.0
5147,palawan_outer_east_small_1000_21,S2A_MSIL2A_20230701T021541_R003_T50PQT_20230701T082624,1000,,0.0,0.0,0.0,0.0,0.0,0.0,0.0,0.0,100.0,0.0,0.0,1,0,0.0,1000.0000000011642,1000.0,0.38091397285461426,100.0,,0.0,0.0,0.0,-1.52,0.0,-42.12,-0.52,-12.36,93.04,-36.52,0.0,44.16,44.16,1000.0
5107,palawan_outer_east_small_1000_21,S2B_MSIL2A_20230606T021539_R003_T50PQT_20230606T073506,20,,0.0,0.88,0.0,7.4,0.0,91.72,0.0,0.0,0.0,0.0,0.0,2500,0,0.0,1000.0000000011642,1000.0,0.39018940925598145,0.0,,0.0,0.0,0.0,0.0,0.0,0.0,0.0,0.0,0.0,0.0,0.0,0.0,0.0,1000.0
5114,palawan_outer_east_small_1000_21,S2B_MSIL2A_20230606T021539_R003_T50PQT_20230606T073506,50,,0.0,0.75,0.0,6.5,0.0,92.75,0.0,0.0,0.0,0.0,0.0,400,0,0.0,1000.0000000011642,1000.0,0.39555811882019043,0.0,,0.0,-0.13,0.0,-0.9000000000000004,0.0,1.0300000000000011,0.0,0.0,0.0,0.0,0.0,0.0,1.0300000000000011,1000.0
5121,palawan_outer_east_small_1000_21,S2B_MSIL2A_20230606T021539_R003_T50PQT_20230606T073506,100,,0.0,1.0,0.0,4.0,0.0,95.0,0.0,0.0,0.0,0.0,0.0,100,0,0.0,1000.0000000011642,1000.0,0.45257139205932617,0.0,,0.0,0.12,0.0,-3.4000000000000004,0.0,3.280000000000001,0.0,0.0,0.0,0.0,0.0,0.0,3.4000000000000004,1000.0
5128,palawan_outer_east_small_1000_21,S2B_MSIL2A_20230606T021539_R003_T50PQT_20230606T073506,200,,0.0,0.0,0.0,4.0,0.0,96.0,0.0,0.0,0.0,0.0,0.0,25,0,0.0,1000.0000000011642,1000.0,0.4188706874847412,0.0,,0.0,-0.88,0.0,-3.4000000000000004,0.0,4.280000000000001,0.0,0.0,0.0,0.0,0.0,0.0,4.280000000000001,1000.0
5135,palawan_outer_east_small_1000_21,S2B_MSIL2A_20230606T021539_R003_T50PQT_20230606T073506,500,,0.0,0.0,0.0,0.0,0.0,100.0,0.0,0.0,0.0,0.0,0.0,4,0,0.0,1000.0000000011642,1000.0,0.3845071792602539,0.0,,0.0,-0.88,0.0,-7.4,0.0,8.280000000000001,0.0,0.0,0.0,0.0,0.0,0.0,8.280000000000001,1000.0
5142,palawan_outer_east_small_1000_21,S2B_MSIL2A_20230606T021539_R003_T50PQT_20230606T073506,1000,,0.0,0.0,0.0,0.0,0.0,100.0,0.0,0.0,0.0,0.0,0.0,1,0,0.0,1000.0000000011642,1000.0,0.38091397285461426,0.0,,0.0,-0.88,0.0,-7.4,0.0,8.280000000000001,0.0,0.0,0.0,0.0,0.0,0.0,8.280000000000001,1000.0
5109,palawan_outer_east_small_1000_21,S2B_MSIL2A_20230616T021539_R003_T50PQT_20230616T083239,20,,0.0,0.0,0.0,0.0,0.0,0.0,0.0,0.08,0.0,99.92,0.0,2500,0,0.0,1000.0000000011642,1000.0,0.39018940925598145,100.0,,0.0,0.0,0.0,0.0,0.0,0.0,0.0,0.0,0.0,0.0,0.0,0.0,0.0,1000.0
5116,palawan_outer_east_small_1000_21,S2B_MSIL2A_20230616T021539_R003_T50PQT_20230616T083239,50,,0.0,0.0,0.0,0.0,0.0,0.0,0.0,0.0,0.0,100.0,0.0,400,0,0.0,1000.0000000011642,1000.0,0.39555811882019043,100.0,,0.0,0.0,0.0,0.0,0.0,0.0,0.0,-0.08,0.0,0.0799999999999983,0.0,0.0,0.0,1000.0
5123,palawan_outer_east_small_1000_21,S2B_MSIL2A_20230616T021539_R003_T50PQT_20230616T083239,100,,0.0,0.0,0.0,0.0,0.0,0.0,0.0,0.0,0.0,100.0,0.0,100,0,0.0,1000.0000000011642,1000.0,0.45257139205932617,100.0,,0.0,0.0,0.0,0.0,0.0,0.0,0.0,-0.08,0.0,0.0799999999999983,0.0,0.0,0.0,1000.0
5130,palawan_outer_east_small_1000_21,S2B_MSIL2A_20230616T021539_R003_T50PQT_20230616T083239,200,,0.0,0.0,0.0,0.0,0.0,0.0,0.0,0.0,0.0,100.0,0.0,25,0,0.0,1000.0000000011642,1000.0,0.4188706874847412,100.0,,0.0,0.0,0.0,0.0,0.0,0.0,0.0,-0.08,0.0,0.0799999999999983,0.0,0.0,0.0,1000.0
5137,palawan_outer_east_small_1000_21,S2B_MSIL2A_20230616T021539_R003_T50PQT_20230616T083239,500,,0.0,0.0,0.0,0.0,0.0,0.0,0.0,0.0,0.0,100.0,0.0,4,0,0.0,1000.0000000011642,1000.0,0.3845071792602539,100.0,,0.0,0.0,0.0,0.0,0.0,0.0,0.0,-0.08,0.0,0.0799999999999983,0.0,0.0,0.0,1000.0
5144,palawan_outer_east_small_1000_21,S2B_MSIL2A_20230616T021539_R003_T50PQT_20230616T083239,1000,,0.0,0.0,0.0,0.0,0.0,0.0,0.0,0.0,0.0,100.0,0.0,1,0,0.0,1000.0000000011642,1000.0,0.38091397285461426,100.0,,0.0,0.0,0.0,0.0,0.0,0.0,0.0,-0.08,0.0,0.0799999999999983,0.0,0.0,0.0,1000.0
5111,palawan_outer_east_small_1000_21,S2B_MSIL2A_20230626T021539_R003_T50PQT_20230626T074054,20,,0.0,0.0,0.0,0.0,0.0,0.0,0.0,77.16,0.0,22.84,0.0,2500,0,0.0,1000.0000000011642,1000.0,0.39018940925598145,100.0,,0.0,0.0,0.0,0.0,0.0,0.0,0.0,0.0,0.0,0.0,0.0,0.0,0.0,1000.0
5118,palawan_outer_east_small_1000_21,S2B_MSIL2A_20230626T021539_R003_T50PQT_20230626T074054,50,,0.0,0.0,0.0,0.0,0.0,0.0,0.0,79.25,0.0,20.75,0.0,400,0,0.0,1000.0000000011642,1000.0,0.39555811882019043,100.0,,0.0,0.0,0.0,0.0,0.0,0.0,0.0,2.0900000000000034,0.0,-2.09,0.0,0.0,0.0,1000.0
5125,palawan_outer_east_small_1000_21,S2B_MSIL2A_20230626T021539_R003_T50PQT_20230626T074054,100,,0.0,0.0,0.0,0.0,0.0,0.0,0.0,81.0,0.0,19.0,0.0,100,0,0.0,1000.0000000011642,1000.0,0.45257139205932617,100.0,,0.0,0.0,0.0,0.0,0.0,0.0,0.0,3.8400000000000034,0.0,-3.84,0.0,0.0,0.0,1000.0
5132,palawan_outer_east_small_1000_21,S2B_MSIL2A_20230626T021539_R003_T50PQT_20230626T074054,200,,0.0,0.0,0.0,0.0,0.0,0.0,0.0,88.0,0.0,12.0,0.0,25,0,0.0,1000.0000000011642,1000.0,0.4188706874847412,100.0,,0.0,0.0,0.0,0.0,0.0,0.0,0.0,10.840000000000003,0.0,-10.84,0.0,0.0,0.0,1000.0
5139,palawan_outer_east_small_1000_21,S2B_MSIL2A_20230626T021539_R003_T50PQT_20230626T074054,500,,0.0,0.0,0.0,0.0,0.0,0.0,0.0,100.0,0.0,0.0,0.0,4,0,0.0,1000.0000000011642,1000.0,0.3845071792602539,100.0,,0.0,0.0,0.0,0.0,0.0,0.0,0.0,22.840000000000003,0.0,-22.84,0.0,0.0,0.0,1000.0
5146,palawan_outer_east_small_1000_21,S2B_MSIL2A_20230626T021539_R003_T50PQT_20230626T074054,1000,,0.0,0.0,0.0,0.0,0.0,0.0,0.0,100.0,0.0,0.0,0.0,1,0,0.0,1000.0000000011642,1000.0,0.38091397285461426,100.0,,0.0,0.0,0.0,0.0,0.0,0.0,0.0,22.840000000000003,0.0,-22.84,0.0,0.0,0.0,1000.0
5148,palawan_outer_east_small_1000_22,S2A_MSIL2A_20230601T021611_R003_T50PQT_20230601T103139,20,,0.0,0.0,0.0,0.0,0.0,0.0,0.0,100.0,0.0,0.0,0.0,2500,0,0.0,1000.0000000020955,999.9999999997672,0.38330793380737305,100.0,,0.0,0.0,0.0,0.0,0.0,0.0,0.0,0.0,0.0,0.0,0.0,0.0,0.0,1000.0
5155,palawan_outer_east_small_1000_22,S2A_MSIL2A_20230601T021611_R003_T50PQT_20230601T103139,50,,0.0,0.0,0.0,0.0,0.0,0.0,0.0,100.0,0.0,0.0,0.0,400,0,0.0,1000.0000000020955,999.9999999997672,0.37571263313293457,100.0,,0.0,0.0,0.0,0.0,0.0,0.0,0.0,0.0,0.0,0.0,0.0,0.0,0.0,1000.0
5162,palawan_outer_east_small_1000_22,S2A_MSIL2A_20230601T021611_R003_T50PQT_20230601T103139,100,,0.0,0.0,0.0,0.0,0.0,0.0,0.0,100.0,0.0,0.0,0.0,100,0,0.0,1000.0000000020955,999.9999999997672,0.5667238235473633,100.0,,0.0,0.0,0.0,0.0,0.0,0.0,0.0,0.0,0.0,0.0,0.0,0.0,0.0,1000.0
5169,palawan_outer_east_small_1000_22,S2A_MSIL2A_20230601T021611_R003_T50PQT_20230601T103139,200,,0.0,0.0,0.0,0.0,0.0,0.0,0.0,100.0,0.0,0.0,0.0,25,0,0.0,1000.0000000020955,999.9999999997672,0.38012099266052246,100.0,,0.0,0.0,0.0,0.0,0.0,0.0,0.0,0.0,0.0,0.0,0.0,0.0,0.0,1000.0
5176,palawan_outer_east_small_1000_22,S2A_MSIL2A_20230601T021611_R003_T50PQT_20230601T103139,500,,0.0,0.0,0.0,0.0,0.0,0.0,0.0,100.0,0.0,0.0,0.0,4,0,0.0,1000.0000000020955,999.9999999997672,0.3782835006713867,100.0,,0.0,0.0,0.0,0.0,0.0,0.0,0.0,0.0,0.0,0.0,0.0,0.0,0.0,1000.0
5183,palawan_outer_east_small_1000_22,S2A_MSIL2A_20230601T021611_R003_T50PQT_20230601T103139,1000,,0.0,0.0,0.0,0.0,0.0,0.0,0.0,100.0,0.0,0.0,0.0,1,0,0.0,1000.0000000020955,999.9999999997672,0.3638448715209961,100.0,,0.0,0.0,0.0,0.0,0.0,0.0,0.0,0.0,0.0,0.0,0.0,0.0,0.0,1000.0
5150,palawan_outer_east_small_1000_22,S2A_MSIL2A_20230611T021541_R003_T50PQT_20230611T092421,20,,0.0,0.0,0.0,0.0,0.0,0.0,0.0,44.6,0.64,54.76,0.0,2500,0,0.0,1000.0000000020955,999.9999999997672,0.38330793380737305,100.0,,0.0,0.0,0.0,0.0,0.0,0.0,0.0,0.0,0.0,0.0,0.0,0.0,0.0,1000.0
5157,palawan_outer_east_small_1000_22,S2A_MSIL2A_20230611T021541_R003_T50PQT_20230611T092421,50,,0.0,0.0,0.0,0.0,0.0,0.0,0.0,42.25,0.5,57.25,0.0,400,0,0.0,1000.0000000020955,999.9999999997672,0.37571263313293457,100.0,,0.0,0.0,0.0,0.0,0.0,0.0,0.0,-2.3500000000000014,-0.14,2.490000000000002,0.0,0.0,0.0,1000.0
5164,palawan_outer_east_small_1000_22,S2A_MSIL2A_20230611T021541_R003_T50PQT_20230611T092421,100,,0.0,0.0,0.0,0.0,0.0,0.0,0.0,38.0,1.0,61.0,0.0,100,0,0.0,1000.0000000020955,999.9999999997672,0.5667238235473633,100.0,,0.0,0.0,0.0,0.0,0.0,0.0,0.0,-6.600000000000001,0.36,6.240000000000002,0.0,0.0,0.0,1000.0
5171,palawan_outer_east_small_1000_22,S2A_MSIL2A_20230611T021541_R003_T50PQT_20230611T092421,200,,0.0,0.0,0.0,0.0,0.0,0.0,0.0,32.0,0.0,68.0,0.0,25,0,0.0,1000.0000000020955,999.9999999997672,0.38012099266052246,100.0,,0.0,0.0,0.0,0.0,0.0,0.0,0.0,-12.600000000000001,-0.64,13.240000000000002,0.0,0.0,0.0,1000.0
5178,palawan_outer_east_small_1000_22,S2A_MSIL2A_20230611T021541_R003_T50PQT_20230611T092421,500,,0.0,0.0,0.0,0.0,0.0,0.0,0.0,25.0,0.0,75.0,0.0,4,0,0.0,1000.0000000020955,999.9999999997672,0.3782835006713867,100.0,,0.0,0.0,0.0,0.0,0.0,0.0,0.0,-19.6,-0.64,20.240000000000002,0.0,0.0,0.0,1000.0
5185,palawan_outer_east_small_1000_22,S2A_MSIL2A_20230611T021541_R003_T50PQT_20230611T092421,1000,,0.0,0.0,0.0,0.0,0.0,0.0,0.0,100.0,0.0,0.0,0.0,1,0,0.0,1000.0000000020955,999.9999999997672,0.3638448715209961,100.0,,0.0,0.0,0.0,0.0,0.0,0.0,0.0,55.4,-0.64,-54.76,0.0,0.0,0.0,1000.0
5152,palawan_outer_east_small_1000_22,S2A_MSIL2A_20230621T021541_R003_T50PQT_20230621T085836,20,,0.0,0.0,19.68,0.0,0.0,1.84,0.0,34.8,17.64,26.04,0.0,2500,0,0.0,1000.0000000020955,999.9999999997672,0.38330793380737305,78.47999999999999,,0.0,0.0,0.0,0.0,0.0,0.0,0.0,0.0,0.0,0.0,0.0,0.0,0.0,1000.0
5159,palawan_outer_east_small_1000_22,S2A_MSIL2A_20230621T021541_R003_T50PQT_20230621T085836,50,,0.0,0.0,20.75,0.0,0.0,1.75,0.0,34.25,17.5,25.75,0.0,400,0,0.0,1000.0000000020955,999.9999999997672,0.37571263313293457,77.5,,0.0,0.0,1.0700000000000003,0.0,0.0,-0.09000000000000008,0.0,-0.5499999999999972,-0.14000000000000057,-0.28999999999999915,0.0,-0.9799999999999898,1.0700000000000003,1000.0
5166,palawan_outer_east_small_1000_22,S2A_MSIL2A_20230621T021541_R003_T50PQT_20230621T085836,100,,0.0,0.0,21.0,0.0,0.0,0.0,0.0,35.0,18.0,26.0,0.0,100,0,0.0,1000.0000000020955,999.9999999997672,0.5667238235473633,79.0,,0.0,0.0,1.3200000000000003,0.0,0.0,-1.84,0.0,0.20000000000000284,0.35999999999999943,-0.03999999999999915,0.0,0.5200000000000102,1.84,1000.0
5173,palawan_outer_east_small_1000_22,S2A_MSIL2A_20230621T021541_R003_T50PQT_20230621T085836,200,,0.0,0.0,24.0,0.0,0.0,4.0,0.0,12.0,24.0,36.0,0.0,25,0,0.0,1000.0000000020955,999.9999999997672,0.38012099266052246,72.0,,0.0,0.0,4.32,0.0,0.0,2.16,0.0,-22.799999999999997,6.359999999999999,9.96,0.0,-6.47999999999999,6.47999999999999,1000.0
5180,palawan_outer_east_small_1000_22,S2A_MSIL2A_20230621T021541_R003_T50PQT_20230621T085836,500,,0.0,0.0,25.0,0.0,0.0,25.0,0.0,25.0,0.0,25.0,0.0,4,0,0.0,1000.0000000020955,999.9999999997672,0.3782835006713867,50.0,,0.0,0.0,5.32,0.0,0.0,23.16,0.0,-9.799999999999997,-17.64,-1.0399999999999991,0.0,-28.47999999999999,28.47999999999999,1000.0
5187,palawan_outer_east_small_1000_22,S2A_MSIL2A_20230621T021541_R003_T50PQT_20230621T085836,1000,,0.0,0.0,100.0,0.0,0.0,0.0,0.0,0.0,0.0,0.0,0.0,1,0,0.0,1000.0000000020955,999.9999999997672,0.3638448715209961,0.0,,0.0,0.0,80.32,0.0,0.0,-1.84,0.0,-34.8,-17.64,-26.04,0.0,-78.47999999999999,80.32,1000.0
5154,palawan_outer_east_small_1000_22,S2A_MSIL2A_20230701T021541_R003_T50PQT_20230701T082624,20,,0.0,0.68,0.52,26.96,1.36,5.96,0.44,5.12,0.48,58.48,0.0,2500,0,0.0,1000.0000000020955,999.9999999997672,0.38330793380737305,64.08,,0.0,0.0,0.0,0.0,0.0,0.0,0.0,0.0,0.0,0.0,0.0,0.0,0.0,1000.0
5161,palawan_outer_east_small_1000_22,S2A_MSIL2A_20230701T021541_R003_T50PQT_20230701T082624,50,,0.0,0.75,0.0,26.5,0.75,6.0,0.75,5.25,0.25,59.75,0.0,400,0,0.0,1000.0000000020955,999.9999999997672,0.37571263313293457,65.25,,0.0,0.06999999999999995,-0.52,-0.46000000000000085,-0.6100000000000001,0.040000000000000036,0.31,0.1299999999999999,-0.22999999999999998,1.2700000000000031,0.0,1.1700000000000017,1.1700000000000017,1000.0
5168,palawan_outer_east_small_1000_22,S2A_MSIL2A_20230701T021541_R003_T50PQT_20230701T082624,100,,0.0,0.0,0.0,24.0,1.0,7.0,0.0,6.0,1.0,61.0,0.0,100,0,0.0,1000.0000000020955,999.9999999997672,0.5667238235473633,68.0,,0.0,-0.68,-0.52,-2.960000000000001,-0.3600000000000001,1.04,-0.44,0.8799999999999999,0.52,2.520000000000003,0.0,3.9200000000000017,3.9200000000000017,1000.0
5175,palawan_outer_east_small_1000_22,S2A_MSIL2A_20230701T021541_R003_T50PQT_20230701T082624,200,,0.0,0.0,0.0,20.0,4.0,8.0,0.0,4.0,0.0,64.0,0.0,25,0,0.0,1000.0000000020955,999.9999999997672,0.38012099266052246,68.0,,0.0,-0.68,-0.52,-6.960000000000001,2.6399999999999997,2.04,-0.44,-1.12,-0.48,5.520000000000003,0.0,3.9200000000000017,6.960000000000001,1000.0
5182,palawan_outer_east_small_1000_22,S2A_MSIL2A_20230701T021541_R003_T50PQT_20230701T082624,500,,0.0,0.0,0.0,25.0,0.0,0.0,0.0,0.0,0.0,75.0,0.0,4,0,0.0,1000.0000000020955,999.9999999997672,0.3782835006713867,75.0,,0.0,-0.68,-0.52,-1.9600000000000009,-1.36,-5.96,-0.44,-5.12,-0.48,16.520000000000003,0.0,10.920000000000002,10.920000000000002,1000.0
5189,palawan_outer_east_small_1000_22,S2A_MSIL2A_20230701T021541_R003_T50PQT_20230701T082624,1000,,0.0,0.0,0.0,0.0,0.0,0.0,0.0,0.0,0.0,100.0,0.0,1,0,0.0,1000.0000000020955,999.9999999997672,0.3638448715209961,100.0,,0.0,-0.68,-0.52,-26.96,-1.36,-5.96,-0.44,-5.12,-0.48,41.52,0.0,35.92,35.92,1000.0
5149,palawan_outer_east_small_1000_22,S2B_MSIL2A_20230606T021539_R003_T50PQT_20230606T073506,20,,0.0,0.56,0.0,82.04,3.24,13.16,1.0,0.0,0.0,0.0,0.0,2500,0,0.0,1000.0000000020955,999.9999999997672,0.38330793380737305,0.0,,0.0,0.0,0.0,0.0,0.0,0.0,0.0,0.0,0.0,0.0,0.0,0.0,0.0,1000.0
5156,palawan_outer_east_small_1000_22,S2B_MSIL2A_20230606T021539_R003_T50PQT_20230606T073506,50,,0.0,0.25,0.0,81.5,2.75,14.0,1.5,0.0,0.0,0.0,0.0,400,0,0.0,1000.0000000020955,999.9999999997672,0.37571263313293457,0.0,,0.0,-0.31000000000000005,0.0,-0.5400000000000063,-0.4900000000000002,0.8399999999999999,0.5,0.0,0.0,0.0,0.0,0.0,0.8399999999999999,1000.0
5163,palawan_outer_east_small_1000_22,S2B_MSIL2A_20230606T021539_R003_T50PQT_20230606T073506,100,,0.0,0.0,0.0,80.0,6.0,14.0,0.0,0.0,0.0,0.0,0.0,100,0,0.0,1000.0000000020955,999.9999999997672,0.5667238235473633,0.0,,0.0,-0.56,0.0,-2.0400000000000063,2.76,0.8399999999999999,-1.0,0.0,0.0,0.0,0.0,0.0,2.76,1000.0
5170,palawan_outer_east_small_1000_22,S2B_MSIL2A_20230606T021539_R003_T50PQT_20230606T073506,200,,0.0,0.0,0.0,76.0,4.0,16.0,4.0,0.0,0.0,0.0,0.0,25,0,0.0,1000.0000000020955,999.9999999997672,0.38012099266052246,0.0,,0.0,-0.56,0.0,-6.040000000000006,0.7599999999999998,2.84,3.0,0.0,0.0,0.0,0.0,0.0,6.040000000000006,1000.0
5177,palawan_outer_east_small_1000_22,S2B_MSIL2A_20230606T021539_R003_T50PQT_20230606T073506,500,,0.0,0.0,0.0,50.0,0.0,50.0,0.0,0.0,0.0,0.0,0.0,4,0,0.0,1000.0000000020955,999.9999999997672,0.3782835006713867,0.0,,0.0,-0.56,0.0,-32.040000000000006,-3.24,36.84,-1.0,0.0,0.0,0.0,0.0,0.0,36.84,1000.0
5184,palawan_outer_east_small_1000_22,S2B_MSIL2A_20230606T021539_R003_T50PQT_20230606T073506,1000,,0.0,0.0,0.0,100.0,0.0,0.0,0.0,0.0,0.0,0.0,0.0,1,0,0.0,1000.0000000020955,999.9999999997672,0.3638448715209961,0.0,,0.0,-0.56,0.0,17.959999999999994,-3.24,-13.16,-1.0,0.0,0.0,0.0,0.0,0.0,17.959999999999994,1000.0
5151,palawan_outer_east_small_1000_22,S2B_MSIL2A_20230616T021539_R003_T50PQT_20230616T083239,20,,0.0,0.0,0.0,0.0,0.08,0.0,0.0,6.6,0.28,93.04,0.0,2500,0,0.0,1000.0000000020955,999.9999999997672,0.38330793380737305,99.92,,0.0,0.0,0.0,0.0,0.0,0.0,0.0,0.0,0.0,0.0,0.0,0.0,0.0,1000.0
5158,palawan_outer_east_small_1000_22,S2B_MSIL2A_20230616T021539_R003_T50PQT_20230616T083239,50,,0.0,0.0,0.0,0.0,0.25,0.0,0.0,6.25,0.25,93.25,0.0,400,0,0.0,1000.0000000020955,999.9999999997672,0.37571263313293457,99.75,,0.0,0.0,0.0,0.0,0.16999999999999998,0.0,0.0,-0.34999999999999964,-0.030000000000000027,0.20999999999999375,0.0,-0.1700000000000017,0.1700000000000017,1000.0
5165,palawan_outer_east_small_1000_22,S2B_MSIL2A_20230616T021539_R003_T50PQT_20230616T083239,100,,0.0,0.0,0.0,0.0,0.0,0.0,0.0,6.0,1.0,93.0,0.0,100,0,0.0,1000.0000000020955,999.9999999997672,0.5667238235473633,100.0,,0.0,0.0,0.0,0.0,-0.08,0.0,0.0,-0.5999999999999996,0.72,-0.04000000000000625,0.0,0.0799999999999983,0.08,1000.0
5172,palawan_outer_east_small_1000_22,S2B_MSIL2A_20230616T021539_R003_T50PQT_20230616T083239,200,,0.0,0.0,0.0,0.0,0.0,0.0,0.0,4.0,0.0,96.0,0.0,25,0,0.0,1000.0000000020955,999.9999999997672,0.38012099266052246,100.0,,0.0,0.0,0.0,0.0,-0.08,0.0,0.0,-2.5999999999999996,-0.28,2.9599999999999937,0.0,0.0799999999999983,0.08,1000.0
5179,palawan_outer_east_small_1000_22,S2B_MSIL2A_20230616T021539_R003_T50PQT_20230616T083239,500,,0.0,0.0,0.0,0.0,0.0,0.0,0.0,0.0,0.0,100.0,0.0,4,0,0.0,1000.0000000020955,999.9999999997672,0.3782835006713867,100.0,,0.0,0.0,0.0,0.0,-0.08,0.0,0.0,-6.6,-0.28,6.959999999999994,0.0,0.0799999999999983,0.08,1000.0
5186,palawan_outer_east_small_1000_22,S2B_MSIL2A_20230616T021539_R003_T50PQT_20230616T083239,1000,,0.0,0.0,0.0,0.0,0.0,0.0,0.0,0.0,0.0,100.0,0.0,1,0,0.0,1000.0000000020955,999.9999999997672,0.3638448715209961,100.0,,0.0,0.0,0.0,0.0,-0.08,0.0,0.0,-6.6,-0.28,6.959999999999994,0.0,0.0799999999999983,0.08,1000.0
5153,palawan_outer_east_small_1000_22,S2B_MSIL2A_20230626T021539_R003_T50PQT_20230626T074054,20,,0.0,0.0,0.0,0.0,0.0,0.0,0.0,39.88,20.08,40.04,0.0,2500,0,0.0,1000.0000000020955,999.9999999997672,0.38330793380737305,100.0,,0.0,0.0,0.0,0.0,0.0,0.0,0.0,0.0,0.0,0.0,0.0,0.0,0.0,1000.0
5160,palawan_outer_east_small_1000_22,S2B_MSIL2A_20230626T021539_R003_T50PQT_20230626T074054,50,,0.0,0.0,0.0,0.0,0.0,0.0,0.0,40.5,19.5,40.0,0.0,400,0,0.0,1000.0000000020955,999.9999999997672,0.37571263313293457,100.0,,0.0,0.0,0.0,0.0,0.0,0.0,0.0,0.6199999999999974,-0.5799999999999983,-0.03999999999999915,0.0,0.0,0.0,1000.0
5167,palawan_outer_east_small_1000_22,S2B_MSIL2A_20230626T021539_R003_T50PQT_20230626T074054,100,,0.0,0.0,0.0,0.0,0.0,0.0,0.0,41.0,18.0,41.0,0.0,100,0,0.0,1000.0000000020955,999.9999999997672,0.5667238235473633,100.0,,0.0,0.0,0.0,0.0,0.0,0.0,0.0,1.1199999999999974,-2.0799999999999983,0.9600000000000009,0.0,0.0,0.0,1000.0
5174,palawan_outer_east_small_1000_22,S2B_MSIL2A_20230626T021539_R003_T50PQT_20230626T074054,200,,0.0,0.0,0.0,0.0,0.0,0.0,0.0,40.0,16.0,44.0,0.0,25,0,0.0,1000.0000000020955,999.9999999997672,0.38012099266052246,100.0,,0.0,0.0,0.0,0.0,0.0,0.0,0.0,0.11999999999999744,-4.079999999999998,3.960000000000001,0.0,0.0,0.0,1000.0
5181,palawan_outer_east_small_1000_22,S2B_MSIL2A_20230626T021539_R003_T50PQT_20230626T074054,500,,0.0,0.0,0.0,0.0,0.0,0.0,0.0,75.0,0.0,25.0,0.0,4,0,0.0,1000.0000000020955,999.9999999997672,0.3782835006713867,100.0,,0.0,0.0,0.0,0.0,0.0,0.0,0.0,35.12,-20.08,-15.04,0.0,0.0,0.0,1000.0
5188,palawan_outer_east_small_1000_22,S2B_MSIL2A_20230626T021539_R003_T50PQT_20230626T074054,1000,,0.0,0.0,0.0,0.0,0.0,0.0,0.0,0.0,0.0,100.0,0.0,1,0,0.0,1000.0000000020955,999.9999999997672,0.3638448715209961,100.0,,0.0,0.0,0.0,0.0,0.0,0.0,0.0,-39.88,-20.08,59.96,0.0,0.0,0.0,1000.0
5190,palawan_outer_east_small_1000_23,S2A_MSIL2A_20230601T021611_R003_T50PQT_20230601T103139,20,,0.0,0.0,0.0,0.0,0.0,0.0,0.0,100.0,0.0,0.0,0.0,2500,0,0.0,1000.0000000011642,1000.0000000002328,0.45924901962280273,100.0,,0.0,0.0,0.0,0.0,0.0,0.0,0.0,0.0,0.0,0.0,0.0,0.0,0.0,1000.0
5197,palawan_outer_east_small_1000_23,S2A_MSIL2A_20230601T021611_R003_T50PQT_20230601T103139,50,,0.0,0.0,0.0,0.0,0.0,0.0,0.0,100.0,0.0,0.0,0.0,400,0,0.0,1000.0000000011642,1000.0000000002328,0.3880887031555176,100.0,,0.0,0.0,0.0,0.0,0.0,0.0,0.0,0.0,0.0,0.0,0.0,0.0,0.0,1000.0
5204,palawan_outer_east_small_1000_23,S2A_MSIL2A_20230601T021611_R003_T50PQT_20230601T103139,100,,0.0,0.0,0.0,0.0,0.0,0.0,0.0,100.0,0.0,0.0,0.0,100,0,0.0,1000.0000000011642,1000.0000000002328,0.42470598220825195,100.0,,0.0,0.0,0.0,0.0,0.0,0.0,0.0,0.0,0.0,0.0,0.0,0.0,0.0,1000.0
5211,palawan_outer_east_small_1000_23,S2A_MSIL2A_20230601T021611_R003_T50PQT_20230601T103139,200,,0.0,0.0,0.0,0.0,0.0,0.0,0.0,100.0,0.0,0.0,0.0,25,0,0.0,1000.0000000011642,1000.0000000002328,0.42842721939086914,100.0,,0.0,0.0,0.0,0.0,0.0,0.0,0.0,0.0,0.0,0.0,0.0,0.0,0.0,1000.0
5218,palawan_outer_east_small_1000_23,S2A_MSIL2A_20230601T021611_R003_T50PQT_20230601T103139,500,,0.0,0.0,0.0,0.0,0.0,0.0,0.0,100.0,0.0,0.0,0.0,4,0,0.0,1000.0000000011642,1000.0000000002328,0.4171628952026367,100.0,,0.0,0.0,0.0,0.0,0.0,0.0,0.0,0.0,0.0,0.0,0.0,0.0,0.0,1000.0
5225,palawan_outer_east_small_1000_23,S2A_MSIL2A_20230601T021611_R003_T50PQT_20230601T103139,1000,,0.0,0.0,0.0,0.0,0.0,0.0,0.0,100.0,0.0,0.0,0.0,1,0,0.0,1000.0000000011642,1000.0000000002328,0.6526811122894287,100.0,,0.0,0.0,0.0,0.0,0.0,0.0,0.0,0.0,0.0,0.0,0.0,0.0,0.0,1000.0
5192,palawan_outer_east_small_1000_23,S2A_MSIL2A_20230611T021541_R003_T50PQT_20230611T092421,20,,0.0,0.0,0.0,0.0,0.0,0.0,0.0,99.24,0.76,0.0,0.0,2500,0,0.0,1000.0000000011642,1000.0000000002328,0.45924901962280273,100.0,,0.0,0.0,0.0,0.0,0.0,0.0,0.0,0.0,0.0,0.0,0.0,0.0,0.0,1000.0
5199,palawan_outer_east_small_1000_23,S2A_MSIL2A_20230611T021541_R003_T50PQT_20230611T092421,50,,0.0,0.0,0.0,0.0,0.0,0.0,0.0,99.25,0.75,0.0,0.0,400,0,0.0,1000.0000000011642,1000.0000000002328,0.3880887031555176,100.0,,0.0,0.0,0.0,0.0,0.0,0.0,0.0,0.010000000000005116,-0.010000000000000009,0.0,0.0,0.0,0.0,1000.0
5206,palawan_outer_east_small_1000_23,S2A_MSIL2A_20230611T021541_R003_T50PQT_20230611T092421,100,,0.0,0.0,0.0,0.0,0.0,0.0,0.0,100.0,0.0,0.0,0.0,100,0,0.0,1000.0000000011642,1000.0000000002328,0.42470598220825195,100.0,,0.0,0.0,0.0,0.0,0.0,0.0,0.0,0.7600000000000051,-0.76,0.0,0.0,0.0,0.0,1000.0
5213,palawan_outer_east_small_1000_23,S2A_MSIL2A_20230611T021541_R003_T50PQT_20230611T092421,200,,0.0,0.0,0.0,0.0,0.0,0.0,0.0,96.0,0.0,4.0,0.0,25,0,0.0,1000.0000000011642,1000.0000000002328,0.42842721939086914,100.0,,0.0,0.0,0.0,0.0,0.0,0.0,0.0,-3.239999999999995,-0.76,4.0,0.0,0.0,0.0,1000.0
5220,palawan_outer_east_small_1000_23,S2A_MSIL2A_20230611T021541_R003_T50PQT_20230611T092421,500,,0.0,0.0,0.0,0.0,0.0,0.0,0.0,100.0,0.0,0.0,0.0,4,0,0.0,1000.0000000011642,1000.0000000002328,0.4171628952026367,100.0,,0.0,0.0,0.0,0.0,0.0,0.0,0.0,0.7600000000000051,-0.76,0.0,0.0,0.0,0.0,1000.0
5227,palawan_outer_east_small_1000_23,S2A_MSIL2A_20230611T021541_R003_T50PQT_20230611T092421,1000,,0.0,0.0,0.0,0.0,0.0,0.0,0.0,100.0,0.0,0.0,0.0,1,0,0.0,1000.0000000011642,1000.0000000002328,0.6526811122894287,100.0,,0.0,0.0,0.0,0.0,0.0,0.0,0.0,0.7600000000000051,-0.76,0.0,0.0,0.0,0.0,1000.0
5194,palawan_outer_east_small_1000_23,S2A_MSIL2A_20230621T021541_R003_T50PQT_20230621T085836,20,,0.0,0.0,0.4,0.04,0.0,87.08,0.04,3.52,0.0,8.92,0.0,2500,0,0.0,1000.0000000011642,1000.0000000002328,0.45924901962280273,12.44,,0.0,0.0,0.0,0.0,0.0,0.0,0.0,0.0,0.0,0.0,0.0,0.0,0.0,1000.0
5201,palawan_outer_east_small_1000_23,S2A_MSIL2A_20230621T021541_R003_T50PQT_20230621T085836,50,,0.0,0.0,0.75,0.0,0.0,86.75,0.0,3.5,0.0,9.0,0.0,400,0,0.0,1000.0000000011642,1000.0000000002328,0.3880887031555176,12.5,,0.0,0.0,0.35,-0.04,0.0,-0.3299999999999983,-0.04,-0.020000000000000018,0.0,0.08000000000000007,0.0,0.0600000000000005,0.35,1000.0
5208,palawan_outer_east_small_1000_23,S2A_MSIL2A_20230621T021541_R003_T50PQT_20230621T085836,100,,0.0,0.0,2.0,0.0,0.0,82.0,0.0,5.0,0.0,11.0,0.0,100,0,0.0,1000.0000000011642,1000.0000000002328,0.42470598220825195,16.0,,0.0,0.0,1.6,-0.04,0.0,-5.079999999999998,-0.04,1.48,0.0,2.08,0.0,3.5600000000000005,5.079999999999998,1000.0
5215,palawan_outer_east_small_1000_23,S2A_MSIL2A_20230621T021541_R003_T50PQT_20230621T085836,200,,0.0,0.0,4.0,0.0,0.0,84.0,0.0,4.0,0.0,8.0,0.0,25,0,0.0,1000.0000000011642,1000.0000000002328,0.42842721939086914,12.0,,0.0,0.0,3.6,-0.04,0.0,-3.0799999999999983,-0.04,0.48,0.0,-0.9199999999999999,0.0,-0.4399999999999995,3.6,1000.0
5222,palawan_outer_east_small_1000_23,S2A_MSIL2A_20230621T021541_R003_T50PQT_20230621T085836,500,,0.0,0.0,0.0,0.0,0.0,100.0,0.0,0.0,0.0,0.0,0.0,4,0,0.0,1000.0000000011642,1000.0000000002328,0.4171628952026367,0.0,,0.0,0.0,-0.4,-0.04,0.0,12.920000000000002,-0.04,-3.52,0.0,-8.92,0.0,-12.44,12.920000000000002,1000.0
5229,palawan_outer_east_small_1000_23,S2A_MSIL2A_20230621T021541_R003_T50PQT_20230621T085836,1000,,0.0,0.0,0.0,0.0,0.0,100.0,0.0,0.0,0.0,0.0,0.0,1,0,0.0,1000.0000000011642,1000.0000000002328,0.6526811122894287,0.0,,0.0,0.0,-0.4,-0.04,0.0,12.920000000000002,-0.04,-3.52,0.0,-8.92,0.0,-12.44,12.920000000000002,1000.0
5196,palawan_outer_east_small_1000_23,S2A_MSIL2A_20230701T021541_R003_T50PQT_20230701T082624,20,,0.0,0.0,0.32,1.48,0.56,86.84,0.12,6.24,2.92,1.52,0.0,2500,0,0.0,1000.0000000011642,1000.0000000002328,0.45924901962280273,10.68,,0.0,0.0,0.0,0.0,0.0,0.0,0.0,0.0,0.0,0.0,0.0,0.0,0.0,1000.0
5203,palawan_outer_east_small_1000_23,S2A_MSIL2A_20230701T021541_R003_T50PQT_20230701T082624,50,,0.0,0.0,0.0,1.5,0.75,88.25,0.0,5.25,2.25,2.0,0.0,400,0,0.0,1000.0000000011642,1000.0000000002328,0.3880887031555176,9.5,,0.0,0.0,-0.32,0.020000000000000018,0.18999999999999995,1.4099999999999966,-0.12,-0.9900000000000002,-0.6699999999999999,0.48,0.0,-1.1799999999999997,1.4099999999999966,1000.0
5210,palawan_outer_east_small_1000_23,S2A_MSIL2A_20230701T021541_R003_T50PQT_20230701T082624,100,,0.0,0.0,0.0,3.0,1.0,83.0,0.0,8.0,2.0,3.0,0.0,100,0,0.0,1000.0000000011642,1000.0000000002328,0.42470598220825195,13.0,,0.0,0.0,-0.32,1.52,0.43999999999999995,-3.8400000000000034,-0.12,1.7599999999999998,-0.9199999999999999,1.48,0.0,2.3200000000000003,3.8400000000000034,1000.0
5217,palawan_outer_east_small_1000_23,S2A_MSIL2A_20230701T021541_R003_T50PQT_20230701T082624,200,,0.0,0.0,0.0,4.0,0.0,88.0,0.0,4.0,0.0,4.0,0.0,25,0,0.0,1000.0000000011642,1000.0000000002328,0.42842721939086914,8.0,,0.0,0.0,-0.32,2.52,-0.56,1.1599999999999966,-0.12,-2.24,-2.92,2.48,0.0,-2.6799999999999997,2.6799999999999997,1000.0
5224,palawan_outer_east_small_1000_23,S2A_MSIL2A_20230701T021541_R003_T50PQT_20230701T082624,500,,0.0,0.0,0.0,0.0,0.0,100.0,0.0,0.0,0.0,0.0,0.0,4,0,0.0,1000.0000000011642,1000.0000000002328,0.4171628952026367,0.0,,0.0,0.0,-0.32,-1.48,-0.56,13.159999999999997,-0.12,-6.24,-2.92,-1.52,0.0,-10.68,13.159999999999997,1000.0
5231,palawan_outer_east_small_1000_23,S2A_MSIL2A_20230701T021541_R003_T50PQT_20230701T082624,1000,,0.0,0.0,0.0,0.0,0.0,100.0,0.0,0.0,0.0,0.0,0.0,1,0,0.0,1000.0000000011642,1000.0000000002328,0.6526811122894287,0.0,,0.0,0.0,-0.32,-1.48,-0.56,13.159999999999997,-0.12,-6.24,-2.92,-1.52,0.0,-10.68,13.159999999999997,1000.0
5191,palawan_outer_east_small_1000_23,S2B_MSIL2A_20230606T021539_R003_T50PQT_20230606T073506,20,,0.0,0.0,0.0,1.76,0.84,97.4,0.0,0.0,0.0,0.0,0.0,2500,0,0.0,1000.0000000011642,1000.0000000002328,0.45924901962280273,0.0,,0.0,0.0,0.0,0.0,0.0,0.0,0.0,0.0,0.0,0.0,0.0,0.0,0.0,1000.0
5198,palawan_outer_east_small_1000_23,S2B_MSIL2A_20230606T021539_R003_T50PQT_20230606T073506,50,,0.0,0.0,0.0,1.75,0.75,97.5,0.0,0.0,0.0,0.0,0.0,400,0,0.0,1000.0000000011642,1000.0000000002328,0.3880887031555176,0.0,,0.0,0.0,0.0,-0.010000000000000009,-0.08999999999999997,0.09999999999999432,0.0,0.0,0.0,0.0,0.0,0.0,0.09999999999999432,1000.0
5205,palawan_outer_east_small_1000_23,S2B_MSIL2A_20230606T021539_R003_T50PQT_20230606T073506,100,,0.0,0.0,0.0,4.0,0.0,96.0,0.0,0.0,0.0,0.0,0.0,100,0,0.0,1000.0000000011642,1000.0000000002328,0.42470598220825195,0.0,,0.0,0.0,0.0,2.24,-0.84,-1.4000000000000057,0.0,0.0,0.0,0.0,0.0,0.0,2.24,1000.0
5212,palawan_outer_east_small_1000_23,S2B_MSIL2A_20230606T021539_R003_T50PQT_20230606T073506,200,,0.0,0.0,0.0,4.0,0.0,96.0,0.0,0.0,0.0,0.0,0.0,25,0,0.0,1000.0000000011642,1000.0000000002328,0.42842721939086914,0.0,,0.0,0.0,0.0,2.24,-0.84,-1.4000000000000057,0.0,0.0,0.0,0.0,0.0,0.0,2.24,1000.0
5219,palawan_outer_east_small_1000_23,S2B_MSIL2A_20230606T021539_R003_T50PQT_20230606T073506,500,,0.0,0.0,0.0,0.0,0.0,100.0,0.0,0.0,0.0,0.0,0.0,4,0,0.0,1000.0000000011642,1000.0000000002328,0.4171628952026367,0.0,,0.0,0.0,0.0,-1.76,-0.84,2.5999999999999943,0.0,0.0,0.0,0.0,0.0,0.0,2.5999999999999943,1000.0
5226,palawan_outer_east_small_1000_23,S2B_MSIL2A_20230606T021539_R003_T50PQT_20230606T073506,1000,,0.0,0.0,0.0,0.0,0.0,100.0,0.0,0.0,0.0,0.0,0.0,1,0,0.0,1000.0000000011642,1000.0000000002328,0.6526811122894287,0.0,,0.0,0.0,0.0,-1.76,-0.84,2.5999999999999943,0.0,0.0,0.0,0.0,0.0,0.0,2.5999999999999943,1000.0
5193,palawan_outer_east_small_1000_23,S2B_MSIL2A_20230616T021539_R003_T50PQT_20230616T083239,20,,0.0,0.0,0.0,0.0,0.0,0.0,0.0,17.08,8.04,74.88,0.0,2500,0,0.0,1000.0000000011642,1000.0000000002328,0.45924901962280273,100.0,,0.0,0.0,0.0,0.0,0.0,0.0,0.0,0.0,0.0,0.0,0.0,0.0,0.0,1000.0
5200,palawan_outer_east_small_1000_23,S2B_MSIL2A_20230616T021539_R003_T50PQT_20230616T083239,50,,0.0,0.0,0.0,0.0,0.0,0.0,0.0,17.75,5.75,76.5,0.0,400,0,0.0,1000.0000000011642,1000.0000000002328,0.3880887031555176,100.0,,0.0,0.0,0.0,0.0,0.0,0.0,0.0,0.6700000000000017,-2.289999999999999,1.6200000000000045,0.0,0.0,0.0,1000.0
5207,palawan_outer_east_small_1000_23,S2B_MSIL2A_20230616T021539_R003_T50PQT_20230616T083239,100,,0.0,0.0,0.0,0.0,0.0,0.0,0.0,21.0,3.0,76.0,0.0,100,0,0.0,1000.0000000011642,1000.0000000002328,0.42470598220825195,100.0,,0.0,0.0,0.0,0.0,0.0,0.0,0.0,3.9200000000000017,-5.039999999999999,1.1200000000000045,0.0,0.0,0.0,1000.0
5214,palawan_outer_east_small_1000_23,S2B_MSIL2A_20230616T021539_R003_T50PQT_20230616T083239,200,,0.0,0.0,0.0,0.0,0.0,0.0,0.0,16.0,0.0,84.0,0.0,25,0,0.0,1000.0000000011642,1000.0000000002328,0.42842721939086914,100.0,,0.0,0.0,0.0,0.0,0.0,0.0,0.0,-1.0799999999999983,-8.04,9.120000000000005,0.0,0.0,0.0,1000.0
5221,palawan_outer_east_small_1000_23,S2B_MSIL2A_20230616T021539_R003_T50PQT_20230616T083239,500,,0.0,0.0,0.0,0.0,0.0,0.0,0.0,0.0,0.0,100.0,0.0,4,0,0.0,1000.0000000011642,1000.0000000002328,0.4171628952026367,100.0,,0.0,0.0,0.0,0.0,0.0,0.0,0.0,-17.08,-8.04,25.120000000000005,0.0,0.0,0.0,1000.0
5228,palawan_outer_east_small_1000_23,S2B_MSIL2A_20230616T021539_R003_T50PQT_20230616T083239,1000,,0.0,0.0,0.0,0.0,0.0,0.0,0.0,0.0,0.0,100.0,0.0,1,0,0.0,1000.0000000011642,1000.0000000002328,0.6526811122894287,100.0,,0.0,0.0,0.0,0.0,0.0,0.0,0.0,-17.08,-8.04,25.120000000000005,0.0,0.0,0.0,1000.0
5195,palawan_outer_east_small_1000_23,S2B_MSIL2A_20230626T021539_R003_T50PQT_20230626T074054,20,,0.0,0.0,0.0,0.0,0.0,7.04,0.0,14.64,11.52,66.8,0.0,2500,0,0.0,1000.0000000011642,1000.0000000002328,0.45924901962280273,92.96,,0.0,0.0,0.0,0.0,0.0,0.0,0.0,0.0,0.0,0.0,0.0,0.0,0.0,1000.0
5202,palawan_outer_east_small_1000_23,S2B_MSIL2A_20230626T021539_R003_T50PQT_20230626T074054,50,,0.0,0.0,0.0,0.0,0.0,7.0,0.0,13.0,11.75,68.25,0.0,400,0,0.0,1000.0000000011642,1000.0000000002328,0.3880887031555176,93.0,,0.0,0.0,0.0,0.0,0.0,-0.040000000000000036,0.0,-1.6400000000000006,0.23000000000000043,1.4500000000000028,0.0,0.04000000000000625,0.04000000000000625,1000.0
5209,palawan_outer_east_small_1000_23,S2B_MSIL2A_20230626T021539_R003_T50PQT_20230626T074054,100,,0.0,0.0,0.0,0.0,0.0,4.0,0.0,15.0,14.0,67.0,0.0,100,0,0.0,1000.0000000011642,1000.0000000002328,0.42470598220825195,96.0,,0.0,0.0,0.0,0.0,0.0,-3.04,0.0,0.35999999999999943,2.4800000000000004,0.20000000000000284,0.0,3.0400000000000063,3.0400000000000063,1000.0
5216,palawan_outer_east_small_1000_23,S2B_MSIL2A_20230626T021539_R003_T50PQT_20230626T074054,200,,0.0,0.0,0.0,0.0,0.0,8.0,0.0,16.0,8.0,68.0,0.0,25,0,0.0,1000.0000000011642,1000.0000000002328,0.42842721939086914,92.0,,0.0,0.0,0.0,0.0,0.0,0.96,0.0,1.3599999999999994,-3.5199999999999996,1.2000000000000028,0.0,-0.9599999999999937,0.96,1000.0
5223,palawan_outer_east_small_1000_23,S2B_MSIL2A_20230626T021539_R003_T50PQT_20230626T074054,500,,0.0,0.0,0.0,0.0,0.0,25.0,0.0,25.0,0.0,50.0,0.0,4,0,0.0,1000.0000000011642,1000.0000000002328,0.4171628952026367,75.0,,0.0,0.0,0.0,0.0,0.0,17.96,0.0,10.36,-11.52,-16.799999999999997,0.0,-17.959999999999994,17.96,1000.0
5230,palawan_outer_east_small_1000_23,S2B_MSIL2A_20230626T021539_R003_T50PQT_20230626T074054,1000,,0.0,0.0,0.0,0.0,0.0,0.0,0.0,0.0,0.0,100.0,0.0,1,0,0.0,1000.0000000011642,1000.0000000002328,0.6526811122894287,100.0,,0.0,0.0,0.0,0.0,0.0,-7.04,0.0,-14.64,-11.52,33.2,0.0,7.040000000000006,7.040000000000006,1000.0
5232,palawan_outer_east_small_1000_24,S2A_MSIL2A_20230601T021611_R003_T50PQT_20230601T103139,20,,0.0,0.0,0.0,0.0,0.0,0.0,0.0,100.0,0.0,0.0,0.0,2500,0,0.0,1000.0000000001164,1000.0,0.39911937713623047,100.0,,0.0,0.0,0.0,0.0,0.0,0.0,0.0,0.0,0.0,0.0,0.0,0.0,0.0,1000.0
5239,palawan_outer_east_small_1000_24,S2A_MSIL2A_20230601T021611_R003_T50PQT_20230601T103139,50,,0.0,0.0,0.0,0.0,0.0,0.0,0.0,100.0,0.0,0.0,0.0,400,0,0.0,1000.0000000001164,1000.0,0.39904308319091797,100.0,,0.0,0.0,0.0,0.0,0.0,0.0,0.0,0.0,0.0,0.0,0.0,0.0,0.0,1000.0
5246,palawan_outer_east_small_1000_24,S2A_MSIL2A_20230601T021611_R003_T50PQT_20230601T103139,100,,0.0,0.0,0.0,0.0,0.0,0.0,0.0,100.0,0.0,0.0,0.0,100,0,0.0,1000.0000000001164,1000.0,0.3915572166442871,100.0,,0.0,0.0,0.0,0.0,0.0,0.0,0.0,0.0,0.0,0.0,0.0,0.0,0.0,1000.0
5253,palawan_outer_east_small_1000_24,S2A_MSIL2A_20230601T021611_R003_T50PQT_20230601T103139,200,,0.0,0.0,0.0,0.0,0.0,0.0,0.0,100.0,0.0,0.0,0.0,25,0,0.0,1000.0000000001164,1000.0,0.36537742614746094,100.0,,0.0,0.0,0.0,0.0,0.0,0.0,0.0,0.0,0.0,0.0,0.0,0.0,0.0,1000.0
5260,palawan_outer_east_small_1000_24,S2A_MSIL2A_20230601T021611_R003_T50PQT_20230601T103139,500,,0.0,0.0,0.0,0.0,0.0,0.0,0.0,100.0,0.0,0.0,0.0,4,0,0.0,1000.0000000001164,1000.0,0.39726781845092773,100.0,,0.0,0.0,0.0,0.0,0.0,0.0,0.0,0.0,0.0,0.0,0.0,0.0,0.0,1000.0
5267,palawan_outer_east_small_1000_24,S2A_MSIL2A_20230601T021611_R003_T50PQT_20230601T103139,1000,,0.0,0.0,0.0,0.0,0.0,0.0,0.0,100.0,0.0,0.0,0.0,1,0,0.0,1000.0000000001164,1000.0,0.40306639671325684,100.0,,0.0,0.0,0.0,0.0,0.0,0.0,0.0,0.0,0.0,0.0,0.0,0.0,0.0,1000.0
5234,palawan_outer_east_small_1000_24,S2A_MSIL2A_20230611T021541_R003_T50PQT_20230611T092421,20,,0.0,0.0,0.0,0.0,0.0,0.0,0.0,100.0,0.0,0.0,0.0,2500,0,0.0,1000.0000000001164,1000.0,0.39911937713623047,100.0,,0.0,0.0,0.0,0.0,0.0,0.0,0.0,0.0,0.0,0.0,0.0,0.0,0.0,1000.0
5241,palawan_outer_east_small_1000_24,S2A_MSIL2A_20230611T021541_R003_T50PQT_20230611T092421,50,,0.0,0.0,0.0,0.0,0.0,0.0,0.0,100.0,0.0,0.0,0.0,400,0,0.0,1000.0000000001164,1000.0,0.39904308319091797,100.0,,0.0,0.0,0.0,0.0,0.0,0.0,0.0,0.0,0.0,0.0,0.0,0.0,0.0,1000.0
5248,palawan_outer_east_small_1000_24,S2A_MSIL2A_20230611T021541_R003_T50PQT_20230611T092421,100,,0.0,0.0,0.0,0.0,0.0,0.0,0.0,100.0,0.0,0.0,0.0,100,0,0.0,1000.0000000001164,1000.0,0.3915572166442871,100.0,,0.0,0.0,0.0,0.0,0.0,0.0,0.0,0.0,0.0,0.0,0.0,0.0,0.0,1000.0
5255,palawan_outer_east_small_1000_24,S2A_MSIL2A_20230611T021541_R003_T50PQT_20230611T092421,200,,0.0,0.0,0.0,0.0,0.0,0.0,0.0,100.0,0.0,0.0,0.0,25,0,0.0,1000.0000000001164,1000.0,0.36537742614746094,100.0,,0.0,0.0,0.0,0.0,0.0,0.0,0.0,0.0,0.0,0.0,0.0,0.0,0.0,1000.0
5262,palawan_outer_east_small_1000_24,S2A_MSIL2A_20230611T021541_R003_T50PQT_20230611T092421,500,,0.0,0.0,0.0,0.0,0.0,0.0,0.0,100.0,0.0,0.0,0.0,4,0,0.0,1000.0000000001164,1000.0,0.39726781845092773,100.0,,0.0,0.0,0.0,0.0,0.0,0.0,0.0,0.0,0.0,0.0,0.0,0.0,0.0,1000.0
5269,palawan_outer_east_small_1000_24,S2A_MSIL2A_20230611T021541_R003_T50PQT_20230611T092421,1000,,0.0,0.0,0.0,0.0,0.0,0.0,0.0,100.0,0.0,0.0,0.0,1,0,0.0,1000.0000000001164,1000.0,0.40306639671325684,100.0,,0.0,0.0,0.0,0.0,0.0,0.0,0.0,0.0,0.0,0.0,0.0,0.0,0.0,1000.0
5236,palawan_outer_east_small_1000_24,S2A_MSIL2A_20230621T021541_R003_T50PQT_20230621T085836,20,,0.0,0.0,0.0,0.0,0.0,100.0,0.0,0.0,0.0,0.0,0.0,2500,0,0.0,1000.0000000001164,1000.0,0.39911937713623047,0.0,,0.0,0.0,0.0,0.0,0.0,0.0,0.0,0.0,0.0,0.0,0.0,0.0,0.0,1000.0
5243,palawan_outer_east_small_1000_24,S2A_MSIL2A_20230621T021541_R003_T50PQT_20230621T085836,50,,0.0,0.0,0.0,0.0,0.0,100.0,0.0,0.0,0.0,0.0,0.0,400,0,0.0,1000.0000000001164,1000.0,0.39904308319091797,0.0,,0.0,0.0,0.0,0.0,0.0,0.0,0.0,0.0,0.0,0.0,0.0,0.0,0.0,1000.0
5250,palawan_outer_east_small_1000_24,S2A_MSIL2A_20230621T021541_R003_T50PQT_20230621T085836,100,,0.0,0.0,0.0,0.0,0.0,100.0,0.0,0.0,0.0,0.0,0.0,100,0,0.0,1000.0000000001164,1000.0,0.3915572166442871,0.0,,0.0,0.0,0.0,0.0,0.0,0.0,0.0,0.0,0.0,0.0,0.0,0.0,0.0,1000.0
5257,palawan_outer_east_small_1000_24,S2A_MSIL2A_20230621T021541_R003_T50PQT_20230621T085836,200,,0.0,0.0,0.0,0.0,0.0,100.0,0.0,0.0,0.0,0.0,0.0,25,0,0.0,1000.0000000001164,1000.0,0.36537742614746094,0.0,,0.0,0.0,0.0,0.0,0.0,0.0,0.0,0.0,0.0,0.0,0.0,0.0,0.0,1000.0
5264,palawan_outer_east_small_1000_24,S2A_MSIL2A_20230621T021541_R003_T50PQT_20230621T085836,500,,0.0,0.0,0.0,0.0,0.0,100.0,0.0,0.0,0.0,0.0,0.0,4,0,0.0,1000.0000000001164,1000.0,0.39726781845092773,0.0,,0.0,0.0,0.0,0.0,0.0,0.0,0.0,0.0,0.0,0.0,0.0,0.0,0.0,1000.0
5271,palawan_outer_east_small_1000_24,S2A_MSIL2A_20230621T021541_R003_T50PQT_20230621T085836,1000,,0.0,0.0,0.0,0.0,0.0,100.0,0.0,0.0,0.0,0.0,0.0,1,0,0.0,1000.0000000001164,1000.0,0.40306639671325684,0.0,,0.0,0.0,0.0,0.0,0.0,0.0,0.0,0.0,0.0,0.0,0.0,0.0,0.0,1000.0
5238,palawan_outer_east_small_1000_24,S2A_MSIL2A_20230701T021541_R003_T50PQT_20230701T082624,20,,0.0,0.0,0.0,0.0,0.0,68.96,0.0,0.0,0.0,31.04,0.0,2500,0,0.0,1000.0000000001164,1000.0,0.39911937713623047,31.04,,0.0,0.0,0.0,0.0,0.0,0.0,0.0,0.0,0.0,0.0,0.0,0.0,0.0,1000.0
5245,palawan_outer_east_small_1000_24,S2A_MSIL2A_20230701T021541_R003_T50PQT_20230701T082624,50,,0.0,0.0,0.0,0.0,0.0,67.0,0.0,0.0,0.0,33.0,0.0,400,0,0.0,1000.0000000001164,1000.0,0.39904308319091797,33.0,,0.0,0.0,0.0,0.0,0.0,-1.9599999999999937,0.0,0.0,0.0,1.9600000000000009,0.0,1.9600000000000009,1.9600000000000009,1000.0
5252,palawan_outer_east_small_1000_24,S2A_MSIL2A_20230701T021541_R003_T50PQT_20230701T082624,100,,0.0,0.0,0.0,0.0,0.0,67.0,0.0,0.0,0.0,33.0,0.0,100,0,0.0,1000.0000000001164,1000.0,0.3915572166442871,33.0,,0.0,0.0,0.0,0.0,0.0,-1.9599999999999937,0.0,0.0,0.0,1.9600000000000009,0.0,1.9600000000000009,1.9600000000000009,1000.0
5259,palawan_outer_east_small_1000_24,S2A_MSIL2A_20230701T021541_R003_T50PQT_20230701T082624,200,,0.0,0.0,0.0,0.0,0.0,60.0,0.0,0.0,0.0,40.0,0.0,25,0,0.0,1000.0000000001164,1000.0,0.36537742614746094,40.0,,0.0,0.0,0.0,0.0,0.0,-8.959999999999994,0.0,0.0,0.0,8.96,0.0,8.96,8.96,1000.0
5266,palawan_outer_east_small_1000_24,S2A_MSIL2A_20230701T021541_R003_T50PQT_20230701T082624,500,,0.0,0.0,0.0,0.0,0.0,25.0,0.0,0.0,0.0,75.0,0.0,4,0,0.0,1000.0000000001164,1000.0,0.39726781845092773,75.0,,0.0,0.0,0.0,0.0,0.0,-43.959999999999994,0.0,0.0,0.0,43.96,0.0,43.96,43.96,1000.0
5273,palawan_outer_east_small_1000_24,S2A_MSIL2A_20230701T021541_R003_T50PQT_20230701T082624,1000,,0.0,0.0,0.0,0.0,0.0,0.0,0.0,0.0,0.0,100.0,0.0,1,0,0.0,1000.0000000001164,1000.0,0.40306639671325684,100.0,,0.0,0.0,0.0,0.0,0.0,-68.96,0.0,0.0,0.0,68.96000000000001,0.0,68.96000000000001,68.96000000000001,1000.0
5233,palawan_outer_east_small_1000_24,S2B_MSIL2A_20230606T021539_R003_T50PQT_20230606T073506,20,,0.0,0.0,0.0,0.0,0.0,99.16,0.0,0.84,0.0,0.0,0.0,2500,0,0.0,1000.0000000001164,1000.0,0.39911937713623047,0.84,,0.0,0.0,0.0,0.0,0.0,0.0,0.0,0.0,0.0,0.0,0.0,0.0,0.0,1000.0
5240,palawan_outer_east_small_1000_24,S2B_MSIL2A_20230606T021539_R003_T50PQT_20230606T073506,50,,0.0,0.0,0.0,0.0,0.0,100.0,0.0,0.0,0.0,0.0,0.0,400,0,0.0,1000.0000000001164,1000.0,0.39904308319091797,0.0,,0.0,0.0,0.0,0.0,0.0,0.8400000000000034,0.0,-0.84,0.0,0.0,0.0,-0.84,0.8400000000000034,1000.0
5247,palawan_outer_east_small_1000_24,S2B_MSIL2A_20230606T021539_R003_T50PQT_20230606T073506,100,,0.0,0.0,0.0,0.0,0.0,99.0,0.0,1.0,0.0,0.0,0.0,100,0,0.0,1000.0000000001164,1000.0,0.3915572166442871,1.0,,0.0,0.0,0.0,0.0,0.0,-0.1599999999999966,0.0,0.16000000000000003,0.0,0.0,0.0,0.16000000000000003,0.16000000000000003,1000.0
5254,palawan_outer_east_small_1000_24,S2B_MSIL2A_20230606T021539_R003_T50PQT_20230606T073506,200,,0.0,0.0,0.0,0.0,0.0,100.0,0.0,0.0,0.0,0.0,0.0,25,0,0.0,1000.0000000001164,1000.0,0.36537742614746094,0.0,,0.0,0.0,0.0,0.0,0.0,0.8400000000000034,0.0,-0.84,0.0,0.0,0.0,-0.84,0.8400000000000034,1000.0
5261,palawan_outer_east_small_1000_24,S2B_MSIL2A_20230606T021539_R003_T50PQT_20230606T073506,500,,0.0,0.0,0.0,0.0,0.0,100.0,0.0,0.0,0.0,0.0,0.0,4,0,0.0,1000.0000000001164,1000.0,0.39726781845092773,0.0,,0.0,0.0,0.0,0.0,0.0,0.8400000000000034,0.0,-0.84,0.0,0.0,0.0,-0.84,0.8400000000000034,1000.0
5268,palawan_outer_east_small_1000_24,S2B_MSIL2A_20230606T021539_R003_T50PQT_20230606T073506,1000,,0.0,0.0,0.0,0.0,0.0,100.0,0.0,0.0,0.0,0.0,0.0,1,0,0.0,1000.0000000001164,1000.0,0.40306639671325684,0.0,,0.0,0.0,0.0,0.0,0.0,0.8400000000000034,0.0,-0.84,0.0,0.0,0.0,-0.84,0.8400000000000034,1000.0
5235,palawan_outer_east_small_1000_24,S2B_MSIL2A_20230616T021539_R003_T50PQT_20230616T083239,20,,0.0,0.0,0.0,0.0,0.0,0.0,0.0,8.2,0.6,91.2,0.0,2500,0,0.0,1000.0000000001164,1000.0,0.39911937713623047,100.0,,0.0,0.0,0.0,0.0,0.0,0.0,0.0,0.0,0.0,0.0,0.0,0.0,0.0,1000.0
5242,palawan_outer_east_small_1000_24,S2B_MSIL2A_20230616T021539_R003_T50PQT_20230616T083239,50,,0.0,0.0,0.0,0.0,0.0,0.0,0.0,8.25,0.5,91.25,0.0,400,0,0.0,1000.0000000001164,1000.0,0.39904308319091797,100.0,,0.0,0.0,0.0,0.0,0.0,0.0,0.0,0.05000000000000071,-0.09999999999999998,0.04999999999999716,0.0,0.0,0.0,1000.0
5249,palawan_outer_east_small_1000_24,S2B_MSIL2A_20230616T021539_R003_T50PQT_20230616T083239,100,,0.0,0.0,0.0,0.0,0.0,0.0,0.0,9.0,1.0,90.0,0.0,100,0,0.0,1000.0000000001164,1000.0,0.3915572166442871,100.0,,0.0,0.0,0.0,0.0,0.0,0.0,0.0,0.8000000000000007,0.4,-1.2000000000000028,0.0,0.0,0.0,1000.0
5256,palawan_outer_east_small_1000_24,S2B_MSIL2A_20230616T021539_R003_T50PQT_20230616T083239,200,,0.0,0.0,0.0,0.0,0.0,0.0,0.0,4.0,0.0,96.0,0.0,25,0,0.0,1000.0000000001164,1000.0,0.36537742614746094,100.0,,0.0,0.0,0.0,0.0,0.0,0.0,0.0,-4.199999999999999,-0.6,4.799999999999997,0.0,0.0,0.0,1000.0
5263,palawan_outer_east_small_1000_24,S2B_MSIL2A_20230616T021539_R003_T50PQT_20230616T083239,500,,0.0,0.0,0.0,0.0,0.0,0.0,0.0,0.0,0.0,100.0,0.0,4,0,0.0,1000.0000000001164,1000.0,0.39726781845092773,100.0,,0.0,0.0,0.0,0.0,0.0,0.0,0.0,-8.2,-0.6,8.799999999999997,0.0,0.0,0.0,1000.0
5270,palawan_outer_east_small_1000_24,S2B_MSIL2A_20230616T021539_R003_T50PQT_20230616T083239,1000,,0.0,0.0,0.0,0.0,0.0,0.0,0.0,0.0,0.0,100.0,0.0,1,0,0.0,1000.0000000001164,1000.0,0.40306639671325684,100.0,,0.0,0.0,0.0,0.0,0.0,0.0,0.0,-8.2,-0.6,8.799999999999997,0.0,0.0,0.0,1000.0
5237,palawan_outer_east_small_1000_24,S2B_MSIL2A_20230626T021539_R003_T50PQT_20230626T074054,20,,0.0,0.0,0.0,0.0,0.0,38.8,0.0,0.0,0.0,61.2,0.0,2500,0,0.0,1000.0000000001164,1000.0,0.39911937713623047,61.2,,0.0,0.0,0.0,0.0,0.0,0.0,0.0,0.0,0.0,0.0,0.0,0.0,0.0,1000.0
5244,palawan_outer_east_small_1000_24,S2B_MSIL2A_20230626T021539_R003_T50PQT_20230626T074054,50,,0.0,0.0,0.0,0.0,0.0,38.25,0.0,0.0,0.0,61.75,0.0,400,0,0.0,1000.0000000001164,1000.0,0.39904308319091797,61.75,,0.0,0.0,0.0,0.0,0.0,-0.5499999999999972,0.0,0.0,0.0,0.5499999999999972,0.0,0.5499999999999972,0.5499999999999972,1000.0
5251,palawan_outer_east_small_1000_24,S2B_MSIL2A_20230626T021539_R003_T50PQT_20230626T074054,100,,0.0,0.0,0.0,0.0,0.0,42.0,0.0,0.0,0.0,58.0,0.0,100,0,0.0,1000.0000000001164,1000.0,0.3915572166442871,58.0,,0.0,0.0,0.0,0.0,0.0,3.200000000000003,0.0,0.0,0.0,-3.200000000000003,0.0,-3.200000000000003,3.200000000000003,1000.0
5258,palawan_outer_east_small_1000_24,S2B_MSIL2A_20230626T021539_R003_T50PQT_20230626T074054,200,,0.0,0.0,0.0,0.0,0.0,32.0,0.0,0.0,0.0,68.0,0.0,25,0,0.0,1000.0000000001164,1000.0,0.36537742614746094,68.0,,0.0,0.0,0.0,0.0,0.0,-6.799999999999997,0.0,0.0,0.0,6.799999999999997,0.0,6.799999999999997,6.799999999999997,1000.0
5265,palawan_outer_east_small_1000_24,S2B_MSIL2A_20230626T021539_R003_T50PQT_20230626T074054,500,,0.0,0.0,0.0,0.0,0.0,25.0,0.0,0.0,0.0,75.0,0.0,4,0,0.0,1000.0000000001164,1000.0,0.39726781845092773,75.0,,0.0,0.0,0.0,0.0,0.0,-13.799999999999997,0.0,0.0,0.0,13.799999999999997,0.0,13.799999999999997,13.799999999999997,1000.0
5272,palawan_outer_east_small_1000_24,S2B_MSIL2A_20230626T021539_R003_T50PQT_20230626T074054,1000,,0.0,0.0,0.0,0.0,0.0,0.0,0.0,0.0,0.0,100.0,0.0,1,0,0.0,1000.0000000001164,1000.0,0.40306639671325684,100.0,,0.0,0.0,0.0,0.0,0.0,-38.8,0.0,0.0,0.0,38.8,0.0,38.8,38.8,1000.0
5274,palawan_outer_east_small_1000_25,S2A_MSIL2A_20230601T021611_R003_T50PQT_20230601T103139,20,,0.0,0.0,0.0,0.0,0.0,0.0,0.0,100.0,0.0,0.0,0.0,2500,0,0.0,1000.0000000001164,1000.0000000004657,0.37154340744018555,100.0,,0.0,0.0,0.0,0.0,0.0,0.0,0.0,0.0,0.0,0.0,0.0,0.0,0.0,1000.0
5281,palawan_outer_east_small_1000_25,S2A_MSIL2A_20230601T021611_R003_T50PQT_20230601T103139,50,,0.0,0.0,0.0,0.0,0.0,0.0,0.0,100.0,0.0,0.0,0.0,400,0,0.0,1000.0000000001164,1000.0000000004657,0.4055194854736328,100.0,,0.0,0.0,0.0,0.0,0.0,0.0,0.0,0.0,0.0,0.0,0.0,0.0,0.0,1000.0
5288,palawan_outer_east_small_1000_25,S2A_MSIL2A_20230601T021611_R003_T50PQT_20230601T103139,100,,0.0,0.0,0.0,0.0,0.0,0.0,0.0,100.0,0.0,0.0,0.0,100,0,0.0,1000.0000000001164,1000.0000000004657,0.4048926830291748,100.0,,0.0,0.0,0.0,0.0,0.0,0.0,0.0,0.0,0.0,0.0,0.0,0.0,0.0,1000.0
5295,palawan_outer_east_small_1000_25,S2A_MSIL2A_20230601T021611_R003_T50PQT_20230601T103139,200,,0.0,0.0,0.0,0.0,0.0,0.0,0.0,100.0,0.0,0.0,0.0,25,0,0.0,1000.0000000001164,1000.0000000004657,0.39873576164245605,100.0,,0.0,0.0,0.0,0.0,0.0,0.0,0.0,0.0,0.0,0.0,0.0,0.0,0.0,1000.0
5302,palawan_outer_east_small_1000_25,S2A_MSIL2A_20230601T021611_R003_T50PQT_20230601T103139,500,,0.0,0.0,0.0,0.0,0.0,0.0,0.0,100.0,0.0,0.0,0.0,4,0,0.0,1000.0000000001164,1000.0000000004657,0.41701316833496094,100.0,,0.0,0.0,0.0,0.0,0.0,0.0,0.0,0.0,0.0,0.0,0.0,0.0,0.0,1000.0
5309,palawan_outer_east_small_1000_25,S2A_MSIL2A_20230601T021611_R003_T50PQT_20230601T103139,1000,,0.0,0.0,0.0,0.0,0.0,0.0,0.0,100.0,0.0,0.0,0.0,1,0,0.0,1000.0000000001164,1000.0000000004657,0.3638570308685303,100.0,,0.0,0.0,0.0,0.0,0.0,0.0,0.0,0.0,0.0,0.0,0.0,0.0,0.0,1000.0
5276,palawan_outer_east_small_1000_25,S2A_MSIL2A_20230611T021541_R003_T50PQT_20230611T092421,20,,0.0,0.0,0.0,0.0,0.0,0.0,0.0,100.0,0.0,0.0,0.0,2500,0,0.0,1000.0000000001164,1000.0000000004657,0.37154340744018555,100.0,,0.0,0.0,0.0,0.0,0.0,0.0,0.0,0.0,0.0,0.0,0.0,0.0,0.0,1000.0
5283,palawan_outer_east_small_1000_25,S2A_MSIL2A_20230611T021541_R003_T50PQT_20230611T092421,50,,0.0,0.0,0.0,0.0,0.0,0.0,0.0,100.0,0.0,0.0,0.0,400,0,0.0,1000.0000000001164,1000.0000000004657,0.4055194854736328,100.0,,0.0,0.0,0.0,0.0,0.0,0.0,0.0,0.0,0.0,0.0,0.0,0.0,0.0,1000.0
5290,palawan_outer_east_small_1000_25,S2A_MSIL2A_20230611T021541_R003_T50PQT_20230611T092421,100,,0.0,0.0,0.0,0.0,0.0,0.0,0.0,100.0,0.0,0.0,0.0,100,0,0.0,1000.0000000001164,1000.0000000004657,0.4048926830291748,100.0,,0.0,0.0,0.0,0.0,0.0,0.0,0.0,0.0,0.0,0.0,0.0,0.0,0.0,1000.0
5297,palawan_outer_east_small_1000_25,S2A_MSIL2A_20230611T021541_R003_T50PQT_20230611T092421,200,,0.0,0.0,0.0,0.0,0.0,0.0,0.0,100.0,0.0,0.0,0.0,25,0,0.0,1000.0000000001164,1000.0000000004657,0.39873576164245605,100.0,,0.0,0.0,0.0,0.0,0.0,0.0,0.0,0.0,0.0,0.0,0.0,0.0,0.0,1000.0
5304,palawan_outer_east_small_1000_25,S2A_MSIL2A_20230611T021541_R003_T50PQT_20230611T092421,500,,0.0,0.0,0.0,0.0,0.0,0.0,0.0,100.0,0.0,0.0,0.0,4,0,0.0,1000.0000000001164,1000.0000000004657,0.41701316833496094,100.0,,0.0,0.0,0.0,0.0,0.0,0.0,0.0,0.0,0.0,0.0,0.0,0.0,0.0,1000.0
5311,palawan_outer_east_small_1000_25,S2A_MSIL2A_20230611T021541_R003_T50PQT_20230611T092421,1000,,0.0,0.0,0.0,0.0,0.0,0.0,0.0,100.0,0.0,0.0,0.0,1,0,0.0,1000.0000000001164,1000.0000000004657,0.3638570308685303,100.0,,0.0,0.0,0.0,0.0,0.0,0.0,0.0,0.0,0.0,0.0,0.0,0.0,0.0,1000.0
5278,palawan_outer_east_small_1000_25,S2A_MSIL2A_20230621T021541_R003_T50PQT_20230621T085836,20,,0.0,0.0,0.0,0.0,0.0,100.0,0.0,0.0,0.0,0.0,0.0,2500,0,0.0,1000.0000000001164,1000.0000000004657,0.37154340744018555,0.0,,0.0,0.0,0.0,0.0,0.0,0.0,0.0,0.0,0.0,0.0,0.0,0.0,0.0,1000.0
5285,palawan_outer_east_small_1000_25,S2A_MSIL2A_20230621T021541_R003_T50PQT_20230621T085836,50,,0.0,0.0,0.0,0.0,0.0,100.0,0.0,0.0,0.0,0.0,0.0,400,0,0.0,1000.0000000001164,1000.0000000004657,0.4055194854736328,0.0,,0.0,0.0,0.0,0.0,0.0,0.0,0.0,0.0,0.0,0.0,0.0,0.0,0.0,1000.0
5292,palawan_outer_east_small_1000_25,S2A_MSIL2A_20230621T021541_R003_T50PQT_20230621T085836,100,,0.0,0.0,0.0,0.0,0.0,100.0,0.0,0.0,0.0,0.0,0.0,100,0,0.0,1000.0000000001164,1000.0000000004657,0.4048926830291748,0.0,,0.0,0.0,0.0,0.0,0.0,0.0,0.0,0.0,0.0,0.0,0.0,0.0,0.0,1000.0
5299,palawan_outer_east_small_1000_25,S2A_MSIL2A_20230621T021541_R003_T50PQT_20230621T085836,200,,0.0,0.0,0.0,0.0,0.0,100.0,0.0,0.0,0.0,0.0,0.0,25,0,0.0,1000.0000000001164,1000.0000000004657,0.39873576164245605,0.0,,0.0,0.0,0.0,0.0,0.0,0.0,0.0,0.0,0.0,0.0,0.0,0.0,0.0,1000.0
5306,palawan_outer_east_small_1000_25,S2A_MSIL2A_20230621T021541_R003_T50PQT_20230621T085836,500,,0.0,0.0,0.0,0.0,0.0,100.0,0.0,0.0,0.0,0.0,0.0,4,0,0.0,1000.0000000001164,1000.0000000004657,0.41701316833496094,0.0,,0.0,0.0,0.0,0.0,0.0,0.0,0.0,0.0,0.0,0.0,0.0,0.0,0.0,1000.0
5313,palawan_outer_east_small_1000_25,S2A_MSIL2A_20230621T021541_R003_T50PQT_20230621T085836,1000,,0.0,0.0,0.0,0.0,0.0,100.0,0.0,0.0,0.0,0.0,0.0,1,0,0.0,1000.0000000001164,1000.0000000004657,0.3638570308685303,0.0,,0.0,0.0,0.0,0.0,0.0,0.0,0.0,0.0,0.0,0.0,0.0,0.0,0.0,1000.0
5280,palawan_outer_east_small_1000_25,S2A_MSIL2A_20230701T021541_R003_T50PQT_20230701T082624,20,,0.0,0.0,0.0,0.0,0.0,95.44,0.0,0.0,0.0,4.56,0.0,2500,0,0.0,1000.0000000001164,1000.0000000004657,0.37154340744018555,4.56,,0.0,0.0,0.0,0.0,0.0,0.0,0.0,0.0,0.0,0.0,0.0,0.0,0.0,1000.0
5287,palawan_outer_east_small_1000_25,S2A_MSIL2A_20230701T021541_R003_T50PQT_20230701T082624,50,,0.0,0.0,0.0,0.0,0.0,94.75,0.0,0.0,0.0,5.25,0.0,400,0,0.0,1000.0000000001164,1000.0000000004657,0.4055194854736328,5.25,,0.0,0.0,0.0,0.0,0.0,-0.6899999999999977,0.0,0.0,0.0,0.6900000000000004,0.0,0.6900000000000004,0.6900000000000004,1000.0
5294,palawan_outer_east_small_1000_25,S2A_MSIL2A_20230701T021541_R003_T50PQT_20230701T082624,100,,0.0,0.0,0.0,0.0,0.0,93.0,0.0,0.0,0.0,7.0,0.0,100,0,0.0,1000.0000000001164,1000.0000000004657,0.4048926830291748,7.0,,0.0,0.0,0.0,0.0,0.0,-2.4399999999999977,0.0,0.0,0.0,2.4400000000000004,0.0,2.4400000000000004,2.4400000000000004,1000.0
5301,palawan_outer_east_small_1000_25,S2A_MSIL2A_20230701T021541_R003_T50PQT_20230701T082624,200,,0.0,0.0,0.0,0.0,0.0,80.0,0.0,0.0,0.0,20.0,0.0,25,0,0.0,1000.0000000001164,1000.0000000004657,0.39873576164245605,20.0,,0.0,0.0,0.0,0.0,0.0,-15.439999999999998,0.0,0.0,0.0,15.440000000000001,0.0,15.440000000000001,15.440000000000001,1000.0
5308,palawan_outer_east_small_1000_25,S2A_MSIL2A_20230701T021541_R003_T50PQT_20230701T082624,500,,0.0,0.0,0.0,0.0,0.0,50.0,0.0,0.0,0.0,50.0,0.0,4,0,0.0,1000.0000000001164,1000.0000000004657,0.41701316833496094,50.0,,0.0,0.0,0.0,0.0,0.0,-45.44,0.0,0.0,0.0,45.44,0.0,45.44,45.44,1000.0
5315,palawan_outer_east_small_1000_25,S2A_MSIL2A_20230701T021541_R003_T50PQT_20230701T082624,1000,,0.0,0.0,0.0,0.0,0.0,100.0,0.0,0.0,0.0,0.0,0.0,1,0,0.0,1000.0000000001164,1000.0000000004657,0.3638570308685303,0.0,,0.0,0.0,0.0,0.0,0.0,4.560000000000002,0.0,0.0,0.0,-4.56,0.0,-4.56,4.560000000000002,1000.0
5275,palawan_outer_east_small_1000_25,S2B_MSIL2A_20230606T021539_R003_T50PQT_20230606T073506,20,,0.0,0.0,0.0,0.0,0.0,100.0,0.0,0.0,0.0,0.0,0.0,2500,0,0.0,1000.0000000001164,1000.0000000004657,0.37154340744018555,0.0,,0.0,0.0,0.0,0.0,0.0,0.0,0.0,0.0,0.0,0.0,0.0,0.0,0.0,1000.0
5282,palawan_outer_east_small_1000_25,S2B_MSIL2A_20230606T021539_R003_T50PQT_20230606T073506,50,,0.0,0.0,0.0,0.0,0.0,100.0,0.0,0.0,0.0,0.0,0.0,400,0,0.0,1000.0000000001164,1000.0000000004657,0.4055194854736328,0.0,,0.0,0.0,0.0,0.0,0.0,0.0,0.0,0.0,0.0,0.0,0.0,0.0,0.0,1000.0
5289,palawan_outer_east_small_1000_25,S2B_MSIL2A_20230606T021539_R003_T50PQT_20230606T073506,100,,0.0,0.0,0.0,0.0,0.0,100.0,0.0,0.0,0.0,0.0,0.0,100,0,0.0,1000.0000000001164,1000.0000000004657,0.4048926830291748,0.0,,0.0,0.0,0.0,0.0,0.0,0.0,0.0,0.0,0.0,0.0,0.0,0.0,0.0,1000.0
5296,palawan_outer_east_small_1000_25,S2B_MSIL2A_20230606T021539_R003_T50PQT_20230606T073506,200,,0.0,0.0,0.0,0.0,0.0,100.0,0.0,0.0,0.0,0.0,0.0,25,0,0.0,1000.0000000001164,1000.0000000004657,0.39873576164245605,0.0,,0.0,0.0,0.0,0.0,0.0,0.0,0.0,0.0,0.0,0.0,0.0,0.0,0.0,1000.0
5303,palawan_outer_east_small_1000_25,S2B_MSIL2A_20230606T021539_R003_T50PQT_20230606T073506,500,,0.0,0.0,0.0,0.0,0.0,100.0,0.0,0.0,0.0,0.0,0.0,4,0,0.0,1000.0000000001164,1000.0000000004657,0.41701316833496094,0.0,,0.0,0.0,0.0,0.0,0.0,0.0,0.0,0.0,0.0,0.0,0.0,0.0,0.0,1000.0
5310,palawan_outer_east_small_1000_25,S2B_MSIL2A_20230606T021539_R003_T50PQT_20230606T073506,1000,,0.0,0.0,0.0,0.0,0.0,100.0,0.0,0.0,0.0,0.0,0.0,1,0,0.0,1000.0000000001164,1000.0000000004657,0.3638570308685303,0.0,,0.0,0.0,0.0,0.0,0.0,0.0,0.0,0.0,0.0,0.0,0.0,0.0,0.0,1000.0
5277,palawan_outer_east_small_1000_25,S2B_MSIL2A_20230616T021539_R003_T50PQT_20230616T083239,20,,0.0,0.0,0.0,0.0,0.0,0.0,0.0,0.0,0.0,100.0,0.0,2500,0,0.0,1000.0000000001164,1000.0000000004657,0.37154340744018555,100.0,,0.0,0.0,0.0,0.0,0.0,0.0,0.0,0.0,0.0,0.0,0.0,0.0,0.0,1000.0
5284,palawan_outer_east_small_1000_25,S2B_MSIL2A_20230616T021539_R003_T50PQT_20230616T083239,50,,0.0,0.0,0.0,0.0,0.0,0.0,0.0,0.0,0.0,100.0,0.0,400,0,0.0,1000.0000000001164,1000.0000000004657,0.4055194854736328,100.0,,0.0,0.0,0.0,0.0,0.0,0.0,0.0,0.0,0.0,0.0,0.0,0.0,0.0,1000.0
5291,palawan_outer_east_small_1000_25,S2B_MSIL2A_20230616T021539_R003_T50PQT_20230616T083239,100,,0.0,0.0,0.0,0.0,0.0,0.0,0.0,0.0,0.0,100.0,0.0,100,0,0.0,1000.0000000001164,1000.0000000004657,0.4048926830291748,100.0,,0.0,0.0,0.0,0.0,0.0,0.0,0.0,0.0,0.0,0.0,0.0,0.0,0.0,1000.0
5298,palawan_outer_east_small_1000_25,S2B_MSIL2A_20230616T021539_R003_T50PQT_20230616T083239,200,,0.0,0.0,0.0,0.0,0.0,0.0,0.0,0.0,0.0,100.0,0.0,25,0,0.0,1000.0000000001164,1000.0000000004657,0.39873576164245605,100.0,,0.0,0.0,0.0,0.0,0.0,0.0,0.0,0.0,0.0,0.0,0.0,0.0,0.0,1000.0
5305,palawan_outer_east_small_1000_25,S2B_MSIL2A_20230616T021539_R003_T50PQT_20230616T083239,500,,0.0,0.0,0.0,0.0,0.0,0.0,0.0,0.0,0.0,100.0,0.0,4,0,0.0,1000.0000000001164,1000.0000000004657,0.41701316833496094,100.0,,0.0,0.0,0.0,0.0,0.0,0.0,0.0,0.0,0.0,0.0,0.0,0.0,0.0,1000.0
5312,palawan_outer_east_small_1000_25,S2B_MSIL2A_20230616T021539_R003_T50PQT_20230616T083239,1000,,0.0,0.0,0.0,0.0,0.0,0.0,0.0,0.0,0.0,100.0,0.0,1,0,0.0,1000.0000000001164,1000.0000000004657,0.3638570308685303,100.0,,0.0,0.0,0.0,0.0,0.0,0.0,0.0,0.0,0.0,0.0,0.0,0.0,0.0,1000.0
5279,palawan_outer_east_small_1000_25,S2B_MSIL2A_20230626T021539_R003_T50PQT_20230626T074054,20,,0.0,0.0,0.0,0.0,0.0,0.0,0.0,0.0,0.0,100.0,0.0,2500,0,0.0,1000.0000000001164,1000.0000000004657,0.37154340744018555,100.0,,0.0,0.0,0.0,0.0,0.0,0.0,0.0,0.0,0.0,0.0,0.0,0.0,0.0,1000.0
5286,palawan_outer_east_small_1000_25,S2B_MSIL2A_20230626T021539_R003_T50PQT_20230626T074054,50,,0.0,0.0,0.0,0.0,0.0,0.0,0.0,0.0,0.0,100.0,0.0,400,0,0.0,1000.0000000001164,1000.0000000004657,0.4055194854736328,100.0,,0.0,0.0,0.0,0.0,0.0,0.0,0.0,0.0,0.0,0.0,0.0,0.0,0.0,1000.0
5293,palawan_outer_east_small_1000_25,S2B_MSIL2A_20230626T021539_R003_T50PQT_20230626T074054,100,,0.0,0.0,0.0,0.0,0.0,0.0,0.0,0.0,0.0,100.0,0.0,100,0,0.0,1000.0000000001164,1000.0000000004657,0.4048926830291748,100.0,,0.0,0.0,0.0,0.0,0.0,0.0,0.0,0.0,0.0,0.0,0.0,0.0,0.0,1000.0
5300,palawan_outer_east_small_1000_25,S2B_MSIL2A_20230626T021539_R003_T50PQT_20230626T074054,200,,0.0,0.0,0.0,0.0,0.0,0.0,0.0,0.0,0.0,100.0,0.0,25,0,0.0,1000.0000000001164,1000.0000000004657,0.39873576164245605,100.0,,0.0,0.0,0.0,0.0,0.0,0.0,0.0,0.0,0.0,0.0,0.0,0.0,0.0,1000.0
5307,palawan_outer_east_small_1000_25,S2B_MSIL2A_20230626T021539_R003_T50PQT_20230626T074054,500,,0.0,0.0,0.0,0.0,0.0,0.0,0.0,0.0,0.0,100.0,0.0,4,0,0.0,1000.0000000001164,1000.0000000004657,0.41701316833496094,100.0,,0.0,0.0,0.0,0.0,0.0,0.0,0.0,0.0,0.0,0.0,0.0,0.0,0.0,1000.0
5314,palawan_outer_east_small_1000_25,S2B_MSIL2A_20230626T021539_R003_T50PQT_20230626T074054,1000,,0.0,0.0,0.0,0.0,0.0,0.0,0.0,0.0,0.0,100.0,0.0,1,0,0.0,1000.0000000001164,1000.0000000004657,0.3638570308685303,100.0,,0.0,0.0,0.0,0.0,0.0,0.0,0.0,0.0,0.0,0.0,0.0,0.0,0.0,1000.0
5316,palawan_outer_east_small_1000_26,S2A_MSIL2A_20230601T021611_R003_T50PQT_20230601T103139,20,,0.0,0.0,0.0,0.0,0.0,0.0,0.0,100.0,0.0,0.0,0.0,2500,0,0.0,999.9999999990687,1000.0,0.49918270111083984,100.0,,0.0,0.0,0.0,0.0,0.0,0.0,0.0,0.0,0.0,0.0,0.0,0.0,0.0,1000.0
5323,palawan_outer_east_small_1000_26,S2A_MSIL2A_20230601T021611_R003_T50PQT_20230601T103139,50,,0.0,0.0,0.0,0.0,0.0,0.0,0.0,100.0,0.0,0.0,0.0,400,0,0.0,999.9999999990687,1000.0,0.3710176944732666,100.0,,0.0,0.0,0.0,0.0,0.0,0.0,0.0,0.0,0.0,0.0,0.0,0.0,0.0,1000.0
5330,palawan_outer_east_small_1000_26,S2A_MSIL2A_20230601T021611_R003_T50PQT_20230601T103139,100,,0.0,0.0,0.0,0.0,0.0,0.0,0.0,100.0,0.0,0.0,0.0,100,0,0.0,999.9999999990687,1000.0,0.3918275833129883,100.0,,0.0,0.0,0.0,0.0,0.0,0.0,0.0,0.0,0.0,0.0,0.0,0.0,0.0,1000.0
5337,palawan_outer_east_small_1000_26,S2A_MSIL2A_20230601T021611_R003_T50PQT_20230601T103139,200,,0.0,0.0,0.0,0.0,0.0,0.0,0.0,100.0,0.0,0.0,0.0,25,0,0.0,999.9999999990687,1000.0,0.4018230438232422,100.0,,0.0,0.0,0.0,0.0,0.0,0.0,0.0,0.0,0.0,0.0,0.0,0.0,0.0,1000.0
5344,palawan_outer_east_small_1000_26,S2A_MSIL2A_20230601T021611_R003_T50PQT_20230601T103139,500,,0.0,0.0,0.0,0.0,0.0,0.0,0.0,100.0,0.0,0.0,0.0,4,0,0.0,999.9999999990687,1000.0,0.37057018280029297,100.0,,0.0,0.0,0.0,0.0,0.0,0.0,0.0,0.0,0.0,0.0,0.0,0.0,0.0,1000.0
5351,palawan_outer_east_small_1000_26,S2A_MSIL2A_20230601T021611_R003_T50PQT_20230601T103139,1000,,0.0,0.0,0.0,0.0,0.0,0.0,0.0,100.0,0.0,0.0,0.0,1,0,0.0,999.9999999990687,1000.0,0.40386271476745605,100.0,,0.0,0.0,0.0,0.0,0.0,0.0,0.0,0.0,0.0,0.0,0.0,0.0,0.0,1000.0
5318,palawan_outer_east_small_1000_26,S2A_MSIL2A_20230611T021541_R003_T50PQT_20230611T092421,20,,0.0,0.0,0.0,0.0,0.0,0.0,0.0,98.88,0.0,1.12,0.0,2500,0,0.0,999.9999999990687,1000.0,0.49918270111083984,100.0,,0.0,0.0,0.0,0.0,0.0,0.0,0.0,0.0,0.0,0.0,0.0,0.0,0.0,1000.0
5325,palawan_outer_east_small_1000_26,S2A_MSIL2A_20230611T021541_R003_T50PQT_20230611T092421,50,,0.0,0.0,0.0,0.0,0.0,0.0,0.0,99.5,0.0,0.5,0.0,400,0,0.0,999.9999999990687,1000.0,0.3710176944732666,100.0,,0.0,0.0,0.0,0.0,0.0,0.0,0.0,0.6200000000000045,0.0,-0.6200000000000001,0.0,0.0,0.0,1000.0
5332,palawan_outer_east_small_1000_26,S2A_MSIL2A_20230611T021541_R003_T50PQT_20230611T092421,100,,0.0,0.0,0.0,0.0,0.0,0.0,0.0,100.0,0.0,0.0,0.0,100,0,0.0,999.9999999990687,1000.0,0.3918275833129883,100.0,,0.0,0.0,0.0,0.0,0.0,0.0,0.0,1.1200000000000045,0.0,-1.12,0.0,0.0,0.0,1000.0
5339,palawan_outer_east_small_1000_26,S2A_MSIL2A_20230611T021541_R003_T50PQT_20230611T092421,200,,0.0,0.0,0.0,0.0,0.0,0.0,0.0,100.0,0.0,0.0,0.0,25,0,0.0,999.9999999990687,1000.0,0.4018230438232422,100.0,,0.0,0.0,0.0,0.0,0.0,0.0,0.0,1.1200000000000045,0.0,-1.12,0.0,0.0,0.0,1000.0
5346,palawan_outer_east_small_1000_26,S2A_MSIL2A_20230611T021541_R003_T50PQT_20230611T092421,500,,0.0,0.0,0.0,0.0,0.0,0.0,0.0,100.0,0.0,0.0,0.0,4,0,0.0,999.9999999990687,1000.0,0.37057018280029297,100.0,,0.0,0.0,0.0,0.0,0.0,0.0,0.0,1.1200000000000045,0.0,-1.12,0.0,0.0,0.0,1000.0
5353,palawan_outer_east_small_1000_26,S2A_MSIL2A_20230611T021541_R003_T50PQT_20230611T092421,1000,,0.0,0.0,0.0,0.0,0.0,0.0,0.0,100.0,0.0,0.0,0.0,1,0,0.0,999.9999999990687,1000.0,0.40386271476745605,100.0,,0.0,0.0,0.0,0.0,0.0,0.0,0.0,1.1200000000000045,0.0,-1.12,0.0,0.0,0.0,1000.0
5320,palawan_outer_east_small_1000_26,S2A_MSIL2A_20230621T021541_R003_T50PQT_20230621T085836,20,,0.0,0.0,0.0,0.0,0.0,98.96,0.0,1.04,0.0,0.0,0.0,2500,0,0.0,999.9999999990687,1000.0,0.49918270111083984,1.04,,0.0,0.0,0.0,0.0,0.0,0.0,0.0,0.0,0.0,0.0,0.0,0.0,0.0,1000.0
5327,palawan_outer_east_small_1000_26,S2A_MSIL2A_20230621T021541_R003_T50PQT_20230621T085836,50,,0.0,0.0,0.0,0.0,0.0,99.5,0.0,0.5,0.0,0.0,0.0,400,0,0.0,999.9999999990687,1000.0,0.3710176944732666,0.5,,0.0,0.0,0.0,0.0,0.0,0.5400000000000063,0.0,-0.54,0.0,0.0,0.0,-0.54,0.5400000000000063,1000.0
5334,palawan_outer_east_small_1000_26,S2A_MSIL2A_20230621T021541_R003_T50PQT_20230621T085836,100,,0.0,0.0,0.0,0.0,0.0,99.0,0.0,1.0,0.0,0.0,0.0,100,0,0.0,999.9999999990687,1000.0,0.3918275833129883,1.0,,0.0,0.0,0.0,0.0,0.0,0.04000000000000625,0.0,-0.040000000000000036,0.0,0.0,0.0,-0.040000000000000036,0.04000000000000625,1000.0
5341,palawan_outer_east_small_1000_26,S2A_MSIL2A_20230621T021541_R003_T50PQT_20230621T085836,200,,0.0,0.0,0.0,0.0,0.0,100.0,0.0,0.0,0.0,0.0,0.0,25,0,0.0,999.9999999990687,1000.0,0.4018230438232422,0.0,,0.0,0.0,0.0,0.0,0.0,1.0400000000000063,0.0,-1.04,0.0,0.0,0.0,-1.04,1.0400000000000063,1000.0
5348,palawan_outer_east_small_1000_26,S2A_MSIL2A_20230621T021541_R003_T50PQT_20230621T085836,500,,0.0,0.0,0.0,0.0,0.0,100.0,0.0,0.0,0.0,0.0,0.0,4,0,0.0,999.9999999990687,1000.0,0.37057018280029297,0.0,,0.0,0.0,0.0,0.0,0.0,1.0400000000000063,0.0,-1.04,0.0,0.0,0.0,-1.04,1.0400000000000063,1000.0
5355,palawan_outer_east_small_1000_26,S2A_MSIL2A_20230621T021541_R003_T50PQT_20230621T085836,1000,,0.0,0.0,0.0,0.0,0.0,100.0,0.0,0.0,0.0,0.0,0.0,1,0,0.0,999.9999999990687,1000.0,0.40386271476745605,0.0,,0.0,0.0,0.0,0.0,0.0,1.0400000000000063,0.0,-1.04,0.0,0.0,0.0,-1.04,1.0400000000000063,1000.0
5322,palawan_outer_east_small_1000_26,S2A_MSIL2A_20230701T021541_R003_T50PQT_20230701T082624,20,,0.0,0.0,0.0,0.0,0.0,97.6,0.0,0.0,0.0,2.4,0.0,2500,0,0.0,999.9999999990687,1000.0,0.49918270111083984,2.4,,0.0,0.0,0.0,0.0,0.0,0.0,0.0,0.0,0.0,0.0,0.0,0.0,0.0,1000.0
5329,palawan_outer_east_small_1000_26,S2A_MSIL2A_20230701T021541_R003_T50PQT_20230701T082624,50,,0.0,0.0,0.0,0.0,0.0,97.25,0.0,0.0,0.0,2.75,0.0,400,0,0.0,999.9999999990687,1000.0,0.3710176944732666,2.75,,0.0,0.0,0.0,0.0,0.0,-0.3499999999999943,0.0,0.0,0.0,0.3500000000000001,0.0,0.3500000000000001,0.3500000000000001,1000.0
5336,palawan_outer_east_small_1000_26,S2A_MSIL2A_20230701T021541_R003_T50PQT_20230701T082624,100,,0.0,0.0,0.0,0.0,0.0,97.0,0.0,0.0,0.0,3.0,0.0,100,0,0.0,999.9999999990687,1000.0,0.3918275833129883,3.0,,0.0,0.0,0.0,0.0,0.0,-0.5999999999999943,0.0,0.0,0.0,0.6000000000000001,0.0,0.6000000000000001,0.6000000000000001,1000.0
5343,palawan_outer_east_small_1000_26,S2A_MSIL2A_20230701T021541_R003_T50PQT_20230701T082624,200,,0.0,0.0,0.0,0.0,0.0,96.0,0.0,0.0,0.0,4.0,0.0,25,0,0.0,999.9999999990687,1000.0,0.4018230438232422,4.0,,0.0,0.0,0.0,0.0,0.0,-1.5999999999999943,0.0,0.0,0.0,1.6,0.0,1.6,1.6,1000.0
5350,palawan_outer_east_small_1000_26,S2A_MSIL2A_20230701T021541_R003_T50PQT_20230701T082624,500,,0.0,0.0,0.0,0.0,0.0,100.0,0.0,0.0,0.0,0.0,0.0,4,0,0.0,999.9999999990687,1000.0,0.37057018280029297,0.0,,0.0,0.0,0.0,0.0,0.0,2.4000000000000057,0.0,0.0,0.0,-2.4,0.0,-2.4,2.4000000000000057,1000.0
5357,palawan_outer_east_small_1000_26,S2A_MSIL2A_20230701T021541_R003_T50PQT_20230701T082624,1000,,0.0,0.0,0.0,0.0,0.0,100.0,0.0,0.0,0.0,0.0,0.0,1,0,0.0,999.9999999990687,1000.0,0.40386271476745605,0.0,,0.0,0.0,0.0,0.0,0.0,2.4000000000000057,0.0,0.0,0.0,-2.4,0.0,-2.4,2.4000000000000057,1000.0
5317,palawan_outer_east_small_1000_26,S2B_MSIL2A_20230606T021539_R003_T50PQT_20230606T073506,20,,0.0,0.0,0.0,0.0,0.0,100.0,0.0,0.0,0.0,0.0,0.0,2500,0,0.0,999.9999999990687,1000.0,0.49918270111083984,0.0,,0.0,0.0,0.0,0.0,0.0,0.0,0.0,0.0,0.0,0.0,0.0,0.0,0.0,1000.0
5324,palawan_outer_east_small_1000_26,S2B_MSIL2A_20230606T021539_R003_T50PQT_20230606T073506,50,,0.0,0.0,0.0,0.0,0.0,100.0,0.0,0.0,0.0,0.0,0.0,400,0,0.0,999.9999999990687,1000.0,0.3710176944732666,0.0,,0.0,0.0,0.0,0.0,0.0,0.0,0.0,0.0,0.0,0.0,0.0,0.0,0.0,1000.0
5331,palawan_outer_east_small_1000_26,S2B_MSIL2A_20230606T021539_R003_T50PQT_20230606T073506,100,,0.0,0.0,0.0,0.0,0.0,100.0,0.0,0.0,0.0,0.0,0.0,100,0,0.0,999.9999999990687,1000.0,0.3918275833129883,0.0,,0.0,0.0,0.0,0.0,0.0,0.0,0.0,0.0,0.0,0.0,0.0,0.0,0.0,1000.0
5338,palawan_outer_east_small_1000_26,S2B_MSIL2A_20230606T021539_R003_T50PQT_20230606T073506,200,,0.0,0.0,0.0,0.0,0.0,100.0,0.0,0.0,0.0,0.0,0.0,25,0,0.0,999.9999999990687,1000.0,0.4018230438232422,0.0,,0.0,0.0,0.0,0.0,0.0,0.0,0.0,0.0,0.0,0.0,0.0,0.0,0.0,1000.0
5345,palawan_outer_east_small_1000_26,S2B_MSIL2A_20230606T021539_R003_T50PQT_20230606T073506,500,,0.0,0.0,0.0,0.0,0.0,100.0,0.0,0.0,0.0,0.0,0.0,4,0,0.0,999.9999999990687,1000.0,0.37057018280029297,0.0,,0.0,0.0,0.0,0.0,0.0,0.0,0.0,0.0,0.0,0.0,0.0,0.0,0.0,1000.0
5352,palawan_outer_east_small_1000_26,S2B_MSIL2A_20230606T021539_R003_T50PQT_20230606T073506,1000,,0.0,0.0,0.0,0.0,0.0,100.0,0.0,0.0,0.0,0.0,0.0,1,0,0.0,999.9999999990687,1000.0,0.40386271476745605,0.0,,0.0,0.0,0.0,0.0,0.0,0.0,0.0,0.0,0.0,0.0,0.0,0.0,0.0,1000.0
5319,palawan_outer_east_small_1000_26,S2B_MSIL2A_20230616T021539_R003_T50PQT_20230616T083239,20,,0.0,0.0,0.0,0.0,0.0,0.0,0.0,0.04,0.0,99.96,0.0,2500,0,0.0,999.9999999990687,1000.0,0.49918270111083984,100.0,,0.0,0.0,0.0,0.0,0.0,0.0,0.0,0.0,0.0,0.0,0.0,0.0,0.0,1000.0
5326,palawan_outer_east_small_1000_26,S2B_MSIL2A_20230616T021539_R003_T50PQT_20230616T083239,50,,0.0,0.0,0.0,0.0,0.0,0.0,0.0,0.0,0.0,100.0,0.0,400,0,0.0,999.9999999990687,1000.0,0.3710176944732666,100.0,,0.0,0.0,0.0,0.0,0.0,0.0,0.0,-0.04,0.0,0.04000000000000625,0.0,0.0,0.0,1000.0
5333,palawan_outer_east_small_1000_26,S2B_MSIL2A_20230616T021539_R003_T50PQT_20230616T083239,100,,0.0,0.0,0.0,0.0,0.0,0.0,0.0,0.0,0.0,100.0,0.0,100,0,0.0,999.9999999990687,1000.0,0.3918275833129883,100.0,,0.0,0.0,0.0,0.0,0.0,0.0,0.0,-0.04,0.0,0.04000000000000625,0.0,0.0,0.0,1000.0
5340,palawan_outer_east_small_1000_26,S2B_MSIL2A_20230616T021539_R003_T50PQT_20230616T083239,200,,0.0,0.0,0.0,0.0,0.0,0.0,0.0,0.0,0.0,100.0,0.0,25,0,0.0,999.9999999990687,1000.0,0.4018230438232422,100.0,,0.0,0.0,0.0,0.0,0.0,0.0,0.0,-0.04,0.0,0.04000000000000625,0.0,0.0,0.0,1000.0
5347,palawan_outer_east_small_1000_26,S2B_MSIL2A_20230616T021539_R003_T50PQT_20230616T083239,500,,0.0,0.0,0.0,0.0,0.0,0.0,0.0,0.0,0.0,100.0,0.0,4,0,0.0,999.9999999990687,1000.0,0.37057018280029297,100.0,,0.0,0.0,0.0,0.0,0.0,0.0,0.0,-0.04,0.0,0.04000000000000625,0.0,0.0,0.0,1000.0
5354,palawan_outer_east_small_1000_26,S2B_MSIL2A_20230616T021539_R003_T50PQT_20230616T083239,1000,,0.0,0.0,0.0,0.0,0.0,0.0,0.0,0.0,0.0,100.0,0.0,1,0,0.0,999.9999999990687,1000.0,0.40386271476745605,100.0,,0.0,0.0,0.0,0.0,0.0,0.0,0.0,-0.04,0.0,0.04000000000000625,0.0,0.0,0.0,1000.0
5321,palawan_outer_east_small_1000_26,S2B_MSIL2A_20230626T021539_R003_T50PQT_20230626T074054,20,,0.0,0.0,0.0,0.0,0.0,0.0,0.0,16.8,0.0,83.2,0.0,2500,0,0.0,999.9999999990687,1000.0,0.49918270111083984,100.0,,0.0,0.0,0.0,0.0,0.0,0.0,0.0,0.0,0.0,0.0,0.0,0.0,0.0,1000.0
5328,palawan_outer_east_small_1000_26,S2B_MSIL2A_20230626T021539_R003_T50PQT_20230626T074054,50,,0.0,0.0,0.0,0.0,0.0,0.0,0.0,15.5,0.0,84.5,0.0,400,0,0.0,999.9999999990687,1000.0,0.3710176944732666,100.0,,0.0,0.0,0.0,0.0,0.0,0.0,0.0,-1.3000000000000007,0.0,1.2999999999999972,0.0,0.0,0.0,1000.0
5335,palawan_outer_east_small_1000_26,S2B_MSIL2A_20230626T021539_R003_T50PQT_20230626T074054,100,,0.0,0.0,0.0,0.0,0.0,0.0,0.0,11.0,0.0,89.0,0.0,100,0,0.0,999.9999999990687,1000.0,0.3918275833129883,100.0,,0.0,0.0,0.0,0.0,0.0,0.0,0.0,-5.800000000000001,0.0,5.799999999999997,0.0,0.0,0.0,1000.0
5342,palawan_outer_east_small_1000_26,S2B_MSIL2A_20230626T021539_R003_T50PQT_20230626T074054,200,,0.0,0.0,0.0,0.0,0.0,0.0,0.0,8.0,0.0,92.0,0.0,25,0,0.0,999.9999999990687,1000.0,0.4018230438232422,100.0,,0.0,0.0,0.0,0.0,0.0,0.0,0.0,-8.8,0.0,8.799999999999997,0.0,0.0,0.0,1000.0
5349,palawan_outer_east_small_1000_26,S2B_MSIL2A_20230626T021539_R003_T50PQT_20230626T074054,500,,0.0,0.0,0.0,0.0,0.0,0.0,0.0,0.0,0.0,100.0,0.0,4,0,0.0,999.9999999990687,1000.0,0.37057018280029297,100.0,,0.0,0.0,0.0,0.0,0.0,0.0,0.0,-16.8,0.0,16.799999999999997,0.0,0.0,0.0,1000.0
5356,palawan_outer_east_small_1000_26,S2B_MSIL2A_20230626T021539_R003_T50PQT_20230626T074054,1000,,0.0,0.0,0.0,0.0,0.0,0.0,0.0,0.0,0.0,100.0,0.0,1,0,0.0,999.9999999990687,1000.0,0.40386271476745605,100.0,,0.0,0.0,0.0,0.0,0.0,0.0,0.0,-16.8,0.0,16.799999999999997,0.0,0.0,0.0,1000.0
5358,palawan_outer_east_small_1000_27,S2A_MSIL2A_20230601T021611_R003_T50PQT_20230601T103139,20,,0.0,0.0,0.0,0.0,0.0,0.0,0.0,100.0,0.0,0.0,0.0,2500,0,0.0,999.9999999997672,1000.0000000002328,0.3725111484527588,100.0,,0.0,0.0,0.0,0.0,0.0,0.0,0.0,0.0,0.0,0.0,0.0,0.0,0.0,1000.0
5365,palawan_outer_east_small_1000_27,S2A_MSIL2A_20230601T021611_R003_T50PQT_20230601T103139,50,,0.0,0.0,0.0,0.0,0.0,0.0,0.0,100.0,0.0,0.0,0.0,400,0,0.0,999.9999999997672,1000.0000000002328,0.41432857513427734,100.0,,0.0,0.0,0.0,0.0,0.0,0.0,0.0,0.0,0.0,0.0,0.0,0.0,0.0,1000.0
5372,palawan_outer_east_small_1000_27,S2A_MSIL2A_20230601T021611_R003_T50PQT_20230601T103139,100,,0.0,0.0,0.0,0.0,0.0,0.0,0.0,100.0,0.0,0.0,0.0,100,0,0.0,999.9999999997672,1000.0000000002328,0.38267064094543457,100.0,,0.0,0.0,0.0,0.0,0.0,0.0,0.0,0.0,0.0,0.0,0.0,0.0,0.0,1000.0
5379,palawan_outer_east_small_1000_27,S2A_MSIL2A_20230601T021611_R003_T50PQT_20230601T103139,200,,0.0,0.0,0.0,0.0,0.0,0.0,0.0,100.0,0.0,0.0,0.0,25,0,0.0,999.9999999997672,1000.0000000002328,0.39513587951660156,100.0,,0.0,0.0,0.0,0.0,0.0,0.0,0.0,0.0,0.0,0.0,0.0,0.0,0.0,1000.0
5386,palawan_outer_east_small_1000_27,S2A_MSIL2A_20230601T021611_R003_T50PQT_20230601T103139,500,,0.0,0.0,0.0,0.0,0.0,0.0,0.0,100.0,0.0,0.0,0.0,4,0,0.0,999.9999999997672,1000.0000000002328,0.4278895854949951,100.0,,0.0,0.0,0.0,0.0,0.0,0.0,0.0,0.0,0.0,0.0,0.0,0.0,0.0,1000.0
5393,palawan_outer_east_small_1000_27,S2A_MSIL2A_20230601T021611_R003_T50PQT_20230601T103139,1000,,0.0,0.0,0.0,0.0,0.0,0.0,0.0,100.0,0.0,0.0,0.0,1,0,0.0,999.9999999997672,1000.0000000002328,0.44014954566955566,100.0,,0.0,0.0,0.0,0.0,0.0,0.0,0.0,0.0,0.0,0.0,0.0,0.0,0.0,1000.0
5360,palawan_outer_east_small_1000_27,S2A_MSIL2A_20230611T021541_R003_T50PQT_20230611T092421,20,,0.0,0.0,0.0,0.0,0.0,0.0,0.0,2.56,0.0,97.44,0.0,2500,0,0.0,999.9999999997672,1000.0000000002328,0.3725111484527588,100.0,,0.0,0.0,0.0,0.0,0.0,0.0,0.0,0.0,0.0,0.0,0.0,0.0,0.0,1000.0
5367,palawan_outer_east_small_1000_27,S2A_MSIL2A_20230611T021541_R003_T50PQT_20230611T092421,50,,0.0,0.0,0.0,0.0,0.0,0.0,0.0,3.25,0.0,96.75,0.0,400,0,0.0,999.9999999997672,1000.0000000002328,0.41432857513427734,100.0,,0.0,0.0,0.0,0.0,0.0,0.0,0.0,0.69,0.0,-0.6899999999999977,0.0,0.0,0.0,1000.0
5374,palawan_outer_east_small_1000_27,S2A_MSIL2A_20230611T021541_R003_T50PQT_20230611T092421,100,,0.0,0.0,0.0,0.0,0.0,0.0,0.0,9.0,0.0,91.0,0.0,100,0,0.0,999.9999999997672,1000.0000000002328,0.38267064094543457,100.0,,0.0,0.0,0.0,0.0,0.0,0.0,0.0,6.4399999999999995,0.0,-6.439999999999998,0.0,0.0,0.0,1000.0
5381,palawan_outer_east_small_1000_27,S2A_MSIL2A_20230611T021541_R003_T50PQT_20230611T092421,200,,0.0,0.0,0.0,0.0,0.0,0.0,0.0,4.0,0.0,96.0,0.0,25,0,0.0,999.9999999997672,1000.0000000002328,0.39513587951660156,100.0,,0.0,0.0,0.0,0.0,0.0,0.0,0.0,1.44,0.0,-1.4399999999999977,0.0,0.0,0.0,1000.0
5388,palawan_outer_east_small_1000_27,S2A_MSIL2A_20230611T021541_R003_T50PQT_20230611T092421,500,,0.0,0.0,0.0,0.0,0.0,0.0,0.0,0.0,0.0,100.0,0.0,4,0,0.0,999.9999999997672,1000.0000000002328,0.4278895854949951,100.0,,0.0,0.0,0.0,0.0,0.0,0.0,0.0,-2.56,0.0,2.5600000000000023,0.0,0.0,0.0,1000.0
5395,palawan_outer_east_small_1000_27,S2A_MSIL2A_20230611T021541_R003_T50PQT_20230611T092421,1000,,0.0,0.0,0.0,0.0,0.0,0.0,0.0,0.0,0.0,100.0,0.0,1,0,0.0,999.9999999997672,1000.0000000002328,0.44014954566955566,100.0,,0.0,0.0,0.0,0.0,0.0,0.0,0.0,-2.56,0.0,2.5600000000000023,0.0,0.0,0.0,1000.0
5362,palawan_outer_east_small_1000_27,S2A_MSIL2A_20230621T021541_R003_T50PQT_20230621T085836,20,,0.0,0.0,0.0,0.0,0.0,100.0,0.0,0.0,0.0,0.0,0.0,2500,0,0.0,999.9999999997672,1000.0000000002328,0.3725111484527588,0.0,,0.0,0.0,0.0,0.0,0.0,0.0,0.0,0.0,0.0,0.0,0.0,0.0,0.0,1000.0
5369,palawan_outer_east_small_1000_27,S2A_MSIL2A_20230621T021541_R003_T50PQT_20230621T085836,50,,0.0,0.0,0.0,0.0,0.0,100.0,0.0,0.0,0.0,0.0,0.0,400,0,0.0,999.9999999997672,1000.0000000002328,0.41432857513427734,0.0,,0.0,0.0,0.0,0.0,0.0,0.0,0.0,0.0,0.0,0.0,0.0,0.0,0.0,1000.0
5376,palawan_outer_east_small_1000_27,S2A_MSIL2A_20230621T021541_R003_T50PQT_20230621T085836,100,,0.0,0.0,0.0,0.0,0.0,100.0,0.0,0.0,0.0,0.0,0.0,100,0,0.0,999.9999999997672,1000.0000000002328,0.38267064094543457,0.0,,0.0,0.0,0.0,0.0,0.0,0.0,0.0,0.0,0.0,0.0,0.0,0.0,0.0,1000.0
5383,palawan_outer_east_small_1000_27,S2A_MSIL2A_20230621T021541_R003_T50PQT_20230621T085836,200,,0.0,0.0,0.0,0.0,0.0,100.0,0.0,0.0,0.0,0.0,0.0,25,0,0.0,999.9999999997672,1000.0000000002328,0.39513587951660156,0.0,,0.0,0.0,0.0,0.0,0.0,0.0,0.0,0.0,0.0,0.0,0.0,0.0,0.0,1000.0
5390,palawan_outer_east_small_1000_27,S2A_MSIL2A_20230621T021541_R003_T50PQT_20230621T085836,500,,0.0,0.0,0.0,0.0,0.0,100.0,0.0,0.0,0.0,0.0,0.0,4,0,0.0,999.9999999997672,1000.0000000002328,0.4278895854949951,0.0,,0.0,0.0,0.0,0.0,0.0,0.0,0.0,0.0,0.0,0.0,0.0,0.0,0.0,1000.0
5397,palawan_outer_east_small_1000_27,S2A_MSIL2A_20230621T021541_R003_T50PQT_20230621T085836,1000,,0.0,0.0,0.0,0.0,0.0,100.0,0.0,0.0,0.0,0.0,0.0,1,0,0.0,999.9999999997672,1000.0000000002328,0.44014954566955566,0.0,,0.0,0.0,0.0,0.0,0.0,0.0,0.0,0.0,0.0,0.0,0.0,0.0,0.0,1000.0
5364,palawan_outer_east_small_1000_27,S2A_MSIL2A_20230701T021541_R003_T50PQT_20230701T082624,20,,0.0,0.0,0.0,0.0,0.0,99.16,0.0,0.0,0.0,0.84,0.0,2500,0,0.0,999.9999999997672,1000.0000000002328,0.3725111484527588,0.84,,0.0,0.0,0.0,0.0,0.0,0.0,0.0,0.0,0.0,0.0,0.0,0.0,0.0,1000.0
5371,palawan_outer_east_small_1000_27,S2A_MSIL2A_20230701T021541_R003_T50PQT_20230701T082624,50,,0.0,0.0,0.0,0.0,0.0,98.75,0.0,0.0,0.0,1.25,0.0,400,0,0.0,999.9999999997672,1000.0000000002328,0.41432857513427734,1.25,,0.0,0.0,0.0,0.0,0.0,-0.4099999999999966,0.0,0.0,0.0,0.41000000000000003,0.0,0.41000000000000003,0.41000000000000003,1000.0
5378,palawan_outer_east_small_1000_27,S2A_MSIL2A_20230701T021541_R003_T50PQT_20230701T082624,100,,0.0,0.0,0.0,0.0,0.0,98.0,0.0,0.0,0.0,2.0,0.0,100,0,0.0,999.9999999997672,1000.0000000002328,0.38267064094543457,2.0,,0.0,0.0,0.0,0.0,0.0,-1.1599999999999966,0.0,0.0,0.0,1.1600000000000001,0.0,1.1600000000000001,1.1600000000000001,1000.0
5385,palawan_outer_east_small_1000_27,S2A_MSIL2A_20230701T021541_R003_T50PQT_20230701T082624,200,,0.0,0.0,0.0,0.0,0.0,92.0,0.0,0.0,0.0,8.0,0.0,25,0,0.0,999.9999999997672,1000.0000000002328,0.39513587951660156,8.0,,0.0,0.0,0.0,0.0,0.0,-7.159999999999997,0.0,0.0,0.0,7.16,0.0,7.16,7.16,1000.0
5392,palawan_outer_east_small_1000_27,S2A_MSIL2A_20230701T021541_R003_T50PQT_20230701T082624,500,,0.0,0.0,0.0,0.0,0.0,100.0,0.0,0.0,0.0,0.0,0.0,4,0,0.0,999.9999999997672,1000.0000000002328,0.4278895854949951,0.0,,0.0,0.0,0.0,0.0,0.0,0.8400000000000034,0.0,0.0,0.0,-0.84,0.0,-0.84,0.8400000000000034,1000.0
5399,palawan_outer_east_small_1000_27,S2A_MSIL2A_20230701T021541_R003_T50PQT_20230701T082624,1000,,0.0,0.0,0.0,0.0,0.0,100.0,0.0,0.0,0.0,0.0,0.0,1,0,0.0,999.9999999997672,1000.0000000002328,0.44014954566955566,0.0,,0.0,0.0,0.0,0.0,0.0,0.8400000000000034,0.0,0.0,0.0,-0.84,0.0,-0.84,0.8400000000000034,1000.0
5359,palawan_outer_east_small_1000_27,S2B_MSIL2A_20230606T021539_R003_T50PQT_20230606T073506,20,,0.0,0.0,0.0,0.0,0.0,100.0,0.0,0.0,0.0,0.0,0.0,2500,0,0.0,999.9999999997672,1000.0000000002328,0.3725111484527588,0.0,,0.0,0.0,0.0,0.0,0.0,0.0,0.0,0.0,0.0,0.0,0.0,0.0,0.0,1000.0
5366,palawan_outer_east_small_1000_27,S2B_MSIL2A_20230606T021539_R003_T50PQT_20230606T073506,50,,0.0,0.0,0.0,0.0,0.0,100.0,0.0,0.0,0.0,0.0,0.0,400,0,0.0,999.9999999997672,1000.0000000002328,0.41432857513427734,0.0,,0.0,0.0,0.0,0.0,0.0,0.0,0.0,0.0,0.0,0.0,0.0,0.0,0.0,1000.0
5373,palawan_outer_east_small_1000_27,S2B_MSIL2A_20230606T021539_R003_T50PQT_20230606T073506,100,,0.0,0.0,0.0,0.0,0.0,100.0,0.0,0.0,0.0,0.0,0.0,100,0,0.0,999.9999999997672,1000.0000000002328,0.38267064094543457,0.0,,0.0,0.0,0.0,0.0,0.0,0.0,0.0,0.0,0.0,0.0,0.0,0.0,0.0,1000.0
5380,palawan_outer_east_small_1000_27,S2B_MSIL2A_20230606T021539_R003_T50PQT_20230606T073506,200,,0.0,0.0,0.0,0.0,0.0,100.0,0.0,0.0,0.0,0.0,0.0,25,0,0.0,999.9999999997672,1000.0000000002328,0.39513587951660156,0.0,,0.0,0.0,0.0,0.0,0.0,0.0,0.0,0.0,0.0,0.0,0.0,0.0,0.0,1000.0
5387,palawan_outer_east_small_1000_27,S2B_MSIL2A_20230606T021539_R003_T50PQT_20230606T073506,500,,0.0,0.0,0.0,0.0,0.0,100.0,0.0,0.0,0.0,0.0,0.0,4,0,0.0,999.9999999997672,1000.0000000002328,0.4278895854949951,0.0,,0.0,0.0,0.0,0.0,0.0,0.0,0.0,0.0,0.0,0.0,0.0,0.0,0.0,1000.0
5394,palawan_outer_east_small_1000_27,S2B_MSIL2A_20230606T021539_R003_T50PQT_20230606T073506,1000,,0.0,0.0,0.0,0.0,0.0,100.0,0.0,0.0,0.0,0.0,0.0,1,0,0.0,999.9999999997672,1000.0000000002328,0.44014954566955566,0.0,,0.0,0.0,0.0,0.0,0.0,0.0,0.0,0.0,0.0,0.0,0.0,0.0,0.0,1000.0
5361,palawan_outer_east_small_1000_27,S2B_MSIL2A_20230616T021539_R003_T50PQT_20230616T083239,20,,0.0,0.0,0.0,0.0,0.0,0.0,0.0,0.0,0.0,100.0,0.0,2500,0,0.0,999.9999999997672,1000.0000000002328,0.3725111484527588,100.0,,0.0,0.0,0.0,0.0,0.0,0.0,0.0,0.0,0.0,0.0,0.0,0.0,0.0,1000.0
5368,palawan_outer_east_small_1000_27,S2B_MSIL2A_20230616T021539_R003_T50PQT_20230616T083239,50,,0.0,0.0,0.0,0.0,0.0,0.0,0.0,0.0,0.0,100.0,0.0,400,0,0.0,999.9999999997672,1000.0000000002328,0.41432857513427734,100.0,,0.0,0.0,0.0,0.0,0.0,0.0,0.0,0.0,0.0,0.0,0.0,0.0,0.0,1000.0
5375,palawan_outer_east_small_1000_27,S2B_MSIL2A_20230616T021539_R003_T50PQT_20230616T083239,100,,0.0,0.0,0.0,0.0,0.0,0.0,0.0,0.0,0.0,100.0,0.0,100,0,0.0,999.9999999997672,1000.0000000002328,0.38267064094543457,100.0,,0.0,0.0,0.0,0.0,0.0,0.0,0.0,0.0,0.0,0.0,0.0,0.0,0.0,1000.0
5382,palawan_outer_east_small_1000_27,S2B_MSIL2A_20230616T021539_R003_T50PQT_20230616T083239,200,,0.0,0.0,0.0,0.0,0.0,0.0,0.0,0.0,0.0,100.0,0.0,25,0,0.0,999.9999999997672,1000.0000000002328,0.39513587951660156,100.0,,0.0,0.0,0.0,0.0,0.0,0.0,0.0,0.0,0.0,0.0,0.0,0.0,0.0,1000.0
5389,palawan_outer_east_small_1000_27,S2B_MSIL2A_20230616T021539_R003_T50PQT_20230616T083239,500,,0.0,0.0,0.0,0.0,0.0,0.0,0.0,0.0,0.0,100.0,0.0,4,0,0.0,999.9999999997672,1000.0000000002328,0.4278895854949951,100.0,,0.0,0.0,0.0,0.0,0.0,0.0,0.0,0.0,0.0,0.0,0.0,0.0,0.0,1000.0
5396,palawan_outer_east_small_1000_27,S2B_MSIL2A_20230616T021539_R003_T50PQT_20230616T083239,1000,,0.0,0.0,0.0,0.0,0.0,0.0,0.0,0.0,0.0,100.0,0.0,1,0,0.0,999.9999999997672,1000.0000000002328,0.44014954566955566,100.0,,0.0,0.0,0.0,0.0,0.0,0.0,0.0,0.0,0.0,0.0,0.0,0.0,0.0,1000.0
5363,palawan_outer_east_small_1000_27,S2B_MSIL2A_20230626T021539_R003_T50PQT_20230626T074054,20,,0.0,0.0,0.0,0.0,0.0,0.0,0.0,94.92,0.0,5.08,0.0,2500,0,0.0,999.9999999997672,1000.0000000002328,0.3725111484527588,100.0,,0.0,0.0,0.0,0.0,0.0,0.0,0.0,0.0,0.0,0.0,0.0,0.0,0.0,1000.0
5370,palawan_outer_east_small_1000_27,S2B_MSIL2A_20230626T021539_R003_T50PQT_20230626T074054,50,,0.0,0.0,0.0,0.0,0.0,0.0,0.0,93.25,0.0,6.75,0.0,400,0,0.0,999.9999999997672,1000.0000000002328,0.41432857513427734,100.0,,0.0,0.0,0.0,0.0,0.0,0.0,0.0,-1.6700000000000017,0.0,1.67,0.0,0.0,0.0,1000.0
5377,palawan_outer_east_small_1000_27,S2B_MSIL2A_20230626T021539_R003_T50PQT_20230626T074054,100,,0.0,0.0,0.0,0.0,0.0,0.0,0.0,93.0,0.0,7.0,0.0,100,0,0.0,999.9999999997672,1000.0000000002328,0.38267064094543457,100.0,,0.0,0.0,0.0,0.0,0.0,0.0,0.0,-1.9200000000000017,0.0,1.92,0.0,0.0,0.0,1000.0
5384,palawan_outer_east_small_1000_27,S2B_MSIL2A_20230626T021539_R003_T50PQT_20230626T074054,200,,0.0,0.0,0.0,0.0,0.0,0.0,0.0,88.0,0.0,12.0,0.0,25,0,0.0,999.9999999997672,1000.0000000002328,0.39513587951660156,100.0,,0.0,0.0,0.0,0.0,0.0,0.0,0.0,-6.920000000000002,0.0,6.92,0.0,0.0,0.0,1000.0
5391,palawan_outer_east_small_1000_27,S2B_MSIL2A_20230626T021539_R003_T50PQT_20230626T074054,500,,0.0,0.0,0.0,0.0,0.0,0.0,0.0,75.0,0.0,25.0,0.0,4,0,0.0,999.9999999997672,1000.0000000002328,0.4278895854949951,100.0,,0.0,0.0,0.0,0.0,0.0,0.0,0.0,-19.92,0.0,19.92,0.0,0.0,0.0,1000.0
5398,palawan_outer_east_small_1000_27,S2B_MSIL2A_20230626T021539_R003_T50PQT_20230626T074054,1000,,0.0,0.0,0.0,0.0,0.0,0.0,0.0,100.0,0.0,0.0,0.0,1,0,0.0,999.9999999997672,1000.0000000002328,0.44014954566955566,100.0,,0.0,0.0,0.0,0.0,0.0,0.0,0.0,5.079999999999998,0.0,-5.08,0.0,0.0,0.0,1000.0
5400,palawan_outer_east_small_1000_28,S2A_MSIL2A_20230601T021611_R003_T50PQT_20230601T103139,20,,0.0,0.0,0.0,0.0,0.0,0.0,0.0,100.0,0.0,0.0,0.0,2500,0,0.0,1000.0000000004657,1000.0000000002328,0.4293491840362549,100.0,,0.0,0.0,0.0,0.0,0.0,0.0,0.0,0.0,0.0,0.0,0.0,0.0,0.0,1000.0
5407,palawan_outer_east_small_1000_28,S2A_MSIL2A_20230601T021611_R003_T50PQT_20230601T103139,50,,0.0,0.0,0.0,0.0,0.0,0.0,0.0,100.0,0.0,0.0,0.0,400,0,0.0,1000.0000000004657,1000.0000000002328,0.38407444953918457,100.0,,0.0,0.0,0.0,0.0,0.0,0.0,0.0,0.0,0.0,0.0,0.0,0.0,0.0,1000.0
5414,palawan_outer_east_small_1000_28,S2A_MSIL2A_20230601T021611_R003_T50PQT_20230601T103139,100,,0.0,0.0,0.0,0.0,0.0,0.0,0.0,100.0,0.0,0.0,0.0,100,0,0.0,1000.0000000004657,1000.0000000002328,0.3728828430175781,100.0,,0.0,0.0,0.0,0.0,0.0,0.0,0.0,0.0,0.0,0.0,0.0,0.0,0.0,1000.0
5421,palawan_outer_east_small_1000_28,S2A_MSIL2A_20230601T021611_R003_T50PQT_20230601T103139,200,,0.0,0.0,0.0,0.0,0.0,0.0,0.0,100.0,0.0,0.0,0.0,25,0,0.0,1000.0000000004657,1000.0000000002328,0.5375635623931885,100.0,,0.0,0.0,0.0,0.0,0.0,0.0,0.0,0.0,0.0,0.0,0.0,0.0,0.0,1000.0
5428,palawan_outer_east_small_1000_28,S2A_MSIL2A_20230601T021611_R003_T50PQT_20230601T103139,500,,0.0,0.0,0.0,0.0,0.0,0.0,0.0,100.0,0.0,0.0,0.0,4,0,0.0,1000.0000000004657,1000.0000000002328,0.394726037979126,100.0,,0.0,0.0,0.0,0.0,0.0,0.0,0.0,0.0,0.0,0.0,0.0,0.0,0.0,1000.0
5435,palawan_outer_east_small_1000_28,S2A_MSIL2A_20230601T021611_R003_T50PQT_20230601T103139,1000,,0.0,0.0,0.0,0.0,0.0,0.0,0.0,100.0,0.0,0.0,0.0,1,0,0.0,1000.0000000004657,1000.0000000002328,0.36937642097473145,100.0,,0.0,0.0,0.0,0.0,0.0,0.0,0.0,0.0,0.0,0.0,0.0,0.0,0.0,1000.0
5402,palawan_outer_east_small_1000_28,S2A_MSIL2A_20230611T021541_R003_T50PQT_20230611T092421,20,,0.0,0.0,0.0,0.0,0.0,0.0,0.0,3.88,0.12,96.0,0.0,2500,0,0.0,1000.0000000004657,1000.0000000002328,0.4293491840362549,100.0,,0.0,0.0,0.0,0.0,0.0,0.0,0.0,0.0,0.0,0.0,0.0,0.0,0.0,1000.0
5409,palawan_outer_east_small_1000_28,S2A_MSIL2A_20230611T021541_R003_T50PQT_20230611T092421,50,,0.0,0.0,0.0,0.0,0.0,0.0,0.0,4.25,0.0,95.75,0.0,400,0,0.0,1000.0000000004657,1000.0000000002328,0.38407444953918457,100.0,,0.0,0.0,0.0,0.0,0.0,0.0,0.0,0.3700000000000001,-0.12,-0.25,0.0,0.0,0.0,1000.0
5416,palawan_outer_east_small_1000_28,S2A_MSIL2A_20230611T021541_R003_T50PQT_20230611T092421,100,,0.0,0.0,0.0,0.0,0.0,0.0,0.0,4.0,0.0,96.0,0.0,100,0,0.0,1000.0000000004657,1000.0000000002328,0.3728828430175781,100.0,,0.0,0.0,0.0,0.0,0.0,0.0,0.0,0.1200000000000001,-0.12,0.0,0.0,0.0,0.0,1000.0
5423,palawan_outer_east_small_1000_28,S2A_MSIL2A_20230611T021541_R003_T50PQT_20230611T092421,200,,0.0,0.0,0.0,0.0,0.0,0.0,0.0,4.0,0.0,96.0,0.0,25,0,0.0,1000.0000000004657,1000.0000000002328,0.5375635623931885,100.0,,0.0,0.0,0.0,0.0,0.0,0.0,0.0,0.1200000000000001,-0.12,0.0,0.0,0.0,0.0,1000.0
5430,palawan_outer_east_small_1000_28,S2A_MSIL2A_20230611T021541_R003_T50PQT_20230611T092421,500,,0.0,0.0,0.0,0.0,0.0,0.0,0.0,0.0,0.0,100.0,0.0,4,0,0.0,1000.0000000004657,1000.0000000002328,0.394726037979126,100.0,,0.0,0.0,0.0,0.0,0.0,0.0,0.0,-3.88,-0.12,4.0,0.0,0.0,0.0,1000.0
5437,palawan_outer_east_small_1000_28,S2A_MSIL2A_20230611T021541_R003_T50PQT_20230611T092421,1000,,0.0,0.0,0.0,0.0,0.0,0.0,0.0,0.0,0.0,100.0,0.0,1,0,0.0,1000.0000000004657,1000.0000000002328,0.36937642097473145,100.0,,0.0,0.0,0.0,0.0,0.0,0.0,0.0,-3.88,-0.12,4.0,0.0,0.0,0.0,1000.0
5404,palawan_outer_east_small_1000_28,S2A_MSIL2A_20230621T021541_R003_T50PQT_20230621T085836,20,,0.0,0.0,0.0,0.0,0.0,0.0,0.0,58.12,34.36,7.52,0.0,2500,0,0.0,1000.0000000004657,1000.0000000002328,0.4293491840362549,99.99999999999999,,0.0,0.0,0.0,0.0,0.0,0.0,0.0,0.0,0.0,0.0,0.0,0.0,0.0,1000.0
5411,palawan_outer_east_small_1000_28,S2A_MSIL2A_20230621T021541_R003_T50PQT_20230621T085836,50,,0.0,0.0,0.0,0.0,0.0,0.0,0.0,59.0,35.25,5.75,0.0,400,0,0.0,1000.0000000004657,1000.0000000002328,0.38407444953918457,100.0,,0.0,0.0,0.0,0.0,0.0,0.0,0.0,0.8800000000000026,0.8900000000000006,-1.7699999999999996,0.0,1.4210854715202004e-14,1.4210854715202004e-14,1000.0
5418,palawan_outer_east_small_1000_28,S2A_MSIL2A_20230621T021541_R003_T50PQT_20230621T085836,100,,0.0,0.0,0.0,0.0,0.0,0.0,0.0,55.0,40.0,5.0,0.0,100,0,0.0,1000.0000000004657,1000.0000000002328,0.3728828430175781,100.0,,0.0,0.0,0.0,0.0,0.0,0.0,0.0,-3.1199999999999974,5.640000000000001,-2.5199999999999996,0.0,1.4210854715202004e-14,1.4210854715202004e-14,1000.0
5425,palawan_outer_east_small_1000_28,S2A_MSIL2A_20230621T021541_R003_T50PQT_20230621T085836,200,,0.0,0.0,0.0,0.0,0.0,0.0,0.0,52.0,44.0,4.0,0.0,25,0,0.0,1000.0000000004657,1000.0000000002328,0.5375635623931885,100.0,,0.0,0.0,0.0,0.0,0.0,0.0,0.0,-6.119999999999997,9.64,-3.5199999999999996,0.0,1.4210854715202004e-14,1.4210854715202004e-14,1000.0
5432,palawan_outer_east_small_1000_28,S2A_MSIL2A_20230621T021541_R003_T50PQT_20230621T085836,500,,0.0,0.0,0.0,0.0,0.0,0.0,0.0,50.0,50.0,0.0,0.0,4,0,0.0,1000.0000000004657,1000.0000000002328,0.394726037979126,100.0,,0.0,0.0,0.0,0.0,0.0,0.0,0.0,-8.119999999999997,15.64,-7.52,0.0,1.4210854715202004e-14,1.4210854715202004e-14,1000.0
5439,palawan_outer_east_small_1000_28,S2A_MSIL2A_20230621T021541_R003_T50PQT_20230621T085836,1000,,0.0,0.0,0.0,0.0,0.0,0.0,0.0,0.0,100.0,0.0,0.0,1,0,0.0,1000.0000000004657,1000.0000000002328,0.36937642097473145,100.0,,0.0,0.0,0.0,0.0,0.0,0.0,0.0,-58.12,65.64,-7.52,0.0,1.4210854715202004e-14,1.4210854715202004e-14,1000.0
5406,palawan_outer_east_small_1000_28,S2A_MSIL2A_20230701T021541_R003_T50PQT_20230701T082624,20,,0.0,0.0,0.08,0.0,0.0,3.04,0.0,28.48,58.12,10.28,0.0,2500,0,0.0,1000.0000000004657,1000.0000000002328,0.4293491840362549,96.88,,0.0,0.0,0.0,0.0,0.0,0.0,0.0,0.0,0.0,0.0,0.0,0.0,0.0,1000.0
5413,palawan_outer_east_small_1000_28,S2A_MSIL2A_20230701T021541_R003_T50PQT_20230701T082624,50,,0.0,0.0,0.0,0.0,0.0,2.5,0.0,26.75,59.75,11.0,0.0,400,0,0.0,1000.0000000004657,1000.0000000002328,0.38407444953918457,97.5,,0.0,0.0,-0.08,0.0,0.0,-0.54,0.0,-1.7300000000000004,1.6300000000000026,0.7200000000000006,0.0,0.6200000000000045,0.6200000000000045,1000.0
5420,palawan_outer_east_small_1000_28,S2A_MSIL2A_20230701T021541_R003_T50PQT_20230701T082624,100,,0.0,0.0,1.0,0.0,0.0,3.0,0.0,26.0,58.0,12.0,0.0,100,0,0.0,1000.0000000004657,1000.0000000002328,0.3728828430175781,96.0,,0.0,0.0,0.92,0.0,0.0,-0.040000000000000036,0.0,-2.4800000000000004,-0.11999999999999744,1.7200000000000006,0.0,-0.8799999999999955,0.92,1000.0
5427,palawan_outer_east_small_1000_28,S2A_MSIL2A_20230701T021541_R003_T50PQT_20230701T082624,200,,0.0,0.0,0.0,0.0,0.0,0.0,0.0,20.0,64.0,16.0,0.0,25,0,0.0,1000.0000000004657,1000.0000000002328,0.5375635623931885,100.0,,0.0,0.0,-0.08,0.0,0.0,-3.04,0.0,-8.48,5.880000000000003,5.720000000000001,0.0,3.1200000000000045,3.1200000000000045,1000.0
5434,palawan_outer_east_small_1000_28,S2A_MSIL2A_20230701T021541_R003_T50PQT_20230701T082624,500,,0.0,0.0,0.0,0.0,0.0,0.0,0.0,50.0,50.0,0.0,0.0,4,0,0.0,1000.0000000004657,1000.0000000002328,0.394726037979126,100.0,,0.0,0.0,-0.08,0.0,0.0,-3.04,0.0,21.52,-8.119999999999997,-10.28,0.0,3.1200000000000045,3.1200000000000045,1000.0
5441,palawan_outer_east_small_1000_28,S2A_MSIL2A_20230701T021541_R003_T50PQT_20230701T082624,1000,,0.0,0.0,0.0,0.0,0.0,0.0,0.0,0.0,100.0,0.0,0.0,1,0,0.0,1000.0000000004657,1000.0000000002328,0.36937642097473145,100.0,,0.0,0.0,-0.08,0.0,0.0,-3.04,0.0,-28.48,41.88,-10.28,0.0,3.1200000000000045,3.1200000000000045,1000.0
5401,palawan_outer_east_small_1000_28,S2B_MSIL2A_20230606T021539_R003_T50PQT_20230606T073506,20,,0.0,0.04,0.0,31.84,2.44,64.76,0.92,0.0,0.0,0.0,0.0,2500,0,0.0,1000.0000000004657,1000.0000000002328,0.4293491840362549,0.0,,0.0,0.0,0.0,0.0,0.0,0.0,0.0,0.0,0.0,0.0,0.0,0.0,0.0,1000.0
5408,palawan_outer_east_small_1000_28,S2B_MSIL2A_20230606T021539_R003_T50PQT_20230606T073506,50,,0.0,0.0,0.0,34.0,2.25,63.25,0.5,0.0,0.0,0.0,0.0,400,0,0.0,1000.0000000004657,1000.0000000002328,0.38407444953918457,0.0,,0.0,-0.04,0.0,2.16,-0.18999999999999995,-1.5100000000000051,-0.42000000000000004,0.0,0.0,0.0,0.0,0.0,2.16,1000.0
5415,palawan_outer_east_small_1000_28,S2B_MSIL2A_20230606T021539_R003_T50PQT_20230606T073506,100,,0.0,0.0,0.0,36.0,3.0,60.0,1.0,0.0,0.0,0.0,0.0,100,0,0.0,1000.0000000004657,1000.0000000002328,0.3728828430175781,0.0,,0.0,-0.04,0.0,4.16,0.56,-4.760000000000005,0.07999999999999996,0.0,0.0,0.0,0.0,0.0,4.760000000000005,1000.0
5422,palawan_outer_east_small_1000_28,S2B_MSIL2A_20230606T021539_R003_T50PQT_20230606T073506,200,,0.0,0.0,0.0,40.0,0.0,56.0,4.0,0.0,0.0,0.0,0.0,25,0,0.0,1000.0000000004657,1000.0000000002328,0.5375635623931885,0.0,,0.0,-0.04,0.0,8.16,-2.44,-8.760000000000005,3.08,0.0,0.0,0.0,0.0,0.0,8.760000000000005,1000.0
5429,palawan_outer_east_small_1000_28,S2B_MSIL2A_20230606T021539_R003_T50PQT_20230606T073506,500,,0.0,0.0,0.0,25.0,0.0,75.0,0.0,0.0,0.0,0.0,0.0,4,0,0.0,1000.0000000004657,1000.0000000002328,0.394726037979126,0.0,,0.0,-0.04,0.0,-6.84,-2.44,10.239999999999995,-0.92,0.0,0.0,0.0,0.0,0.0,10.239999999999995,1000.0
5436,palawan_outer_east_small_1000_28,S2B_MSIL2A_20230606T021539_R003_T50PQT_20230606T073506,1000,,0.0,0.0,0.0,0.0,0.0,0.0,100.0,0.0,0.0,0.0,0.0,1,0,0.0,1000.0000000004657,1000.0000000002328,0.36937642097473145,0.0,,0.0,-0.04,0.0,-31.84,-2.44,-64.76,99.08,0.0,0.0,0.0,0.0,0.0,99.08,1000.0
5403,palawan_outer_east_small_1000_28,S2B_MSIL2A_20230616T021539_R003_T50PQT_20230616T083239,20,,0.0,0.0,0.0,0.0,0.0,0.0,0.0,18.32,6.52,75.16,0.0,2500,0,0.0,1000.0000000004657,1000.0000000002328,0.4293491840362549,100.0,,0.0,0.0,0.0,0.0,0.0,0.0,0.0,0.0,0.0,0.0,0.0,0.0,0.0,1000.0
5410,palawan_outer_east_small_1000_28,S2B_MSIL2A_20230616T021539_R003_T50PQT_20230616T083239,50,,0.0,0.0,0.0,0.0,0.0,0.0,0.0,19.0,6.75,74.25,0.0,400,0,0.0,1000.0000000004657,1000.0000000002328,0.38407444953918457,100.0,,0.0,0.0,0.0,0.0,0.0,0.0,0.0,0.6799999999999997,0.23000000000000043,-0.9099999999999966,0.0,0.0,0.0,1000.0
5417,palawan_outer_east_small_1000_28,S2B_MSIL2A_20230616T021539_R003_T50PQT_20230616T083239,100,,0.0,0.0,0.0,0.0,0.0,0.0,0.0,18.0,9.0,73.0,0.0,100,0,0.0,1000.0000000004657,1000.0000000002328,0.3728828430175781,100.0,,0.0,0.0,0.0,0.0,0.0,0.0,0.0,-0.3200000000000003,2.4800000000000004,-2.1599999999999966,0.0,0.0,0.0,1000.0
5424,palawan_outer_east_small_1000_28,S2B_MSIL2A_20230616T021539_R003_T50PQT_20230616T083239,200,,0.0,0.0,0.0,0.0,0.0,0.0,0.0,16.0,16.0,68.0,0.0,25,0,0.0,1000.0000000004657,1000.0000000002328,0.5375635623931885,100.0,,0.0,0.0,0.0,0.0,0.0,0.0,0.0,-2.3200000000000003,9.48,-7.159999999999997,0.0,0.0,0.0,1000.0
5431,palawan_outer_east_small_1000_28,S2B_MSIL2A_20230616T021539_R003_T50PQT_20230616T083239,500,,0.0,0.0,0.0,0.0,0.0,0.0,0.0,50.0,0.0,50.0,0.0,4,0,0.0,1000.0000000004657,1000.0000000002328,0.394726037979126,100.0,,0.0,0.0,0.0,0.0,0.0,0.0,0.0,31.68,-6.52,-25.159999999999997,0.0,0.0,0.0,1000.0
5438,palawan_outer_east_small_1000_28,S2B_MSIL2A_20230616T021539_R003_T50PQT_20230616T083239,1000,,0.0,0.0,0.0,0.0,0.0,0.0,0.0,0.0,100.0,0.0,0.0,1,0,0.0,1000.0000000004657,1000.0000000002328,0.36937642097473145,100.0,,0.0,0.0,0.0,0.0,0.0,0.0,0.0,-18.32,93.48,-75.16,0.0,0.0,0.0,1000.0
5405,palawan_outer_east_small_1000_28,S2B_MSIL2A_20230626T021539_R003_T50PQT_20230626T074054,20,,0.0,0.0,0.0,0.0,0.0,0.0,0.0,90.48,6.52,3.0,0.0,2500,0,0.0,1000.0000000004657,1000.0000000002328,0.4293491840362549,100.0,,0.0,0.0,0.0,0.0,0.0,0.0,0.0,0.0,0.0,0.0,0.0,0.0,0.0,1000.0
5412,palawan_outer_east_small_1000_28,S2B_MSIL2A_20230626T021539_R003_T50PQT_20230626T074054,50,,0.0,0.0,0.0,0.0,0.0,0.0,0.0,90.5,6.5,3.0,0.0,400,0,0.0,1000.0000000004657,1000.0000000002328,0.38407444953918457,100.0,,0.0,0.0,0.0,0.0,0.0,0.0,0.0,0.01999999999999602,-0.019999999999999574,0.0,0.0,0.0,0.0,1000.0
5419,palawan_outer_east_small_1000_28,S2B_MSIL2A_20230626T021539_R003_T50PQT_20230626T074054,100,,0.0,0.0,0.0,0.0,0.0,0.0,0.0,88.0,9.0,3.0,0.0,100,0,0.0,1000.0000000004657,1000.0000000002328,0.3728828430175781,100.0,,0.0,0.0,0.0,0.0,0.0,0.0,0.0,-2.480000000000004,2.4800000000000004,0.0,0.0,0.0,0.0,1000.0
5426,palawan_outer_east_small_1000_28,S2B_MSIL2A_20230626T021539_R003_T50PQT_20230626T074054,200,,0.0,0.0,0.0,0.0,0.0,0.0,0.0,88.0,12.0,0.0,0.0,25,0,0.0,1000.0000000004657,1000.0000000002328,0.5375635623931885,100.0,,0.0,0.0,0.0,0.0,0.0,0.0,0.0,-2.480000000000004,5.48,-3.0,0.0,0.0,0.0,1000.0
5433,palawan_outer_east_small_1000_28,S2B_MSIL2A_20230626T021539_R003_T50PQT_20230626T074054,500,,0.0,0.0,0.0,0.0,0.0,0.0,0.0,75.0,25.0,0.0,0.0,4,0,0.0,1000.0000000004657,1000.0000000002328,0.394726037979126,100.0,,0.0,0.0,0.0,0.0,0.0,0.0,0.0,-15.480000000000004,18.48,-3.0,0.0,0.0,0.0,1000.0
5440,palawan_outer_east_small_1000_28,S2B_MSIL2A_20230626T021539_R003_T50PQT_20230626T074054,1000,,0.0,0.0,0.0,0.0,0.0,0.0,0.0,100.0,0.0,0.0,0.0,1,0,0.0,1000.0000000004657,1000.0000000002328,0.36937642097473145,100.0,,0.0,0.0,0.0,0.0,0.0,0.0,0.0,9.519999999999996,-6.52,-3.0,0.0,0.0,0.0,1000.0
5442,palawan_outer_east_small_1000_29,S2A_MSIL2A_20230601T021611_R003_T50PQT_20230601T103139,20,,0.0,0.0,0.0,0.0,0.0,0.0,0.0,100.0,0.0,0.0,0.0,2500,0,0.0,1000.0000000009313,1000.0,0.38081979751586914,100.0,,0.0,0.0,0.0,0.0,0.0,0.0,0.0,0.0,0.0,0.0,0.0,0.0,0.0,1000.0
5449,palawan_outer_east_small_1000_29,S2A_MSIL2A_20230601T021611_R003_T50PQT_20230601T103139,50,,0.0,0.0,0.0,0.0,0.0,0.0,0.0,100.0,0.0,0.0,0.0,400,0,0.0,1000.0000000009313,1000.0,0.38729405403137207,100.0,,0.0,0.0,0.0,0.0,0.0,0.0,0.0,0.0,0.0,0.0,0.0,0.0,0.0,1000.0
5456,palawan_outer_east_small_1000_29,S2A_MSIL2A_20230601T021611_R003_T50PQT_20230601T103139,100,,0.0,0.0,0.0,0.0,0.0,0.0,0.0,100.0,0.0,0.0,0.0,100,0,0.0,1000.0000000009313,1000.0,0.37790417671203613,100.0,,0.0,0.0,0.0,0.0,0.0,0.0,0.0,0.0,0.0,0.0,0.0,0.0,0.0,1000.0
5463,palawan_outer_east_small_1000_29,S2A_MSIL2A_20230601T021611_R003_T50PQT_20230601T103139,200,,0.0,0.0,0.0,0.0,0.0,0.0,0.0,100.0,0.0,0.0,0.0,25,0,0.0,1000.0000000009313,1000.0,0.3775358200073242,100.0,,0.0,0.0,0.0,0.0,0.0,0.0,0.0,0.0,0.0,0.0,0.0,0.0,0.0,1000.0
5470,palawan_outer_east_small_1000_29,S2A_MSIL2A_20230601T021611_R003_T50PQT_20230601T103139,500,,0.0,0.0,0.0,0.0,0.0,0.0,0.0,100.0,0.0,0.0,0.0,4,0,0.0,1000.0000000009313,1000.0,0.376392126083374,100.0,,0.0,0.0,0.0,0.0,0.0,0.0,0.0,0.0,0.0,0.0,0.0,0.0,0.0,1000.0
5477,palawan_outer_east_small_1000_29,S2A_MSIL2A_20230601T021611_R003_T50PQT_20230601T103139,1000,,0.0,0.0,0.0,0.0,0.0,0.0,0.0,100.0,0.0,0.0,0.0,1,0,0.0,1000.0000000009313,1000.0,0.3633275032043457,100.0,,0.0,0.0,0.0,0.0,0.0,0.0,0.0,0.0,0.0,0.0,0.0,0.0,0.0,1000.0
5444,palawan_outer_east_small_1000_29,S2A_MSIL2A_20230611T021541_R003_T50PQT_20230611T092421,20,,0.0,0.0,0.0,0.0,0.0,0.0,0.0,0.0,0.0,100.0,0.0,2500,0,0.0,1000.0000000009313,1000.0,0.38081979751586914,100.0,,0.0,0.0,0.0,0.0,0.0,0.0,0.0,0.0,0.0,0.0,0.0,0.0,0.0,1000.0
5451,palawan_outer_east_small_1000_29,S2A_MSIL2A_20230611T021541_R003_T50PQT_20230611T092421,50,,0.0,0.0,0.0,0.0,0.0,0.0,0.0,0.0,0.0,100.0,0.0,400,0,0.0,1000.0000000009313,1000.0,0.38729405403137207,100.0,,0.0,0.0,0.0,0.0,0.0,0.0,0.0,0.0,0.0,0.0,0.0,0.0,0.0,1000.0
5458,palawan_outer_east_small_1000_29,S2A_MSIL2A_20230611T021541_R003_T50PQT_20230611T092421,100,,0.0,0.0,0.0,0.0,0.0,0.0,0.0,0.0,0.0,100.0,0.0,100,0,0.0,1000.0000000009313,1000.0,0.37790417671203613,100.0,,0.0,0.0,0.0,0.0,0.0,0.0,0.0,0.0,0.0,0.0,0.0,0.0,0.0,1000.0
5465,palawan_outer_east_small_1000_29,S2A_MSIL2A_20230611T021541_R003_T50PQT_20230611T092421,200,,0.0,0.0,0.0,0.0,0.0,0.0,0.0,0.0,0.0,100.0,0.0,25,0,0.0,1000.0000000009313,1000.0,0.3775358200073242,100.0,,0.0,0.0,0.0,0.0,0.0,0.0,0.0,0.0,0.0,0.0,0.0,0.0,0.0,1000.0
5472,palawan_outer_east_small_1000_29,S2A_MSIL2A_20230611T021541_R003_T50PQT_20230611T092421,500,,0.0,0.0,0.0,0.0,0.0,0.0,0.0,0.0,0.0,100.0,0.0,4,0,0.0,1000.0000000009313,1000.0,0.376392126083374,100.0,,0.0,0.0,0.0,0.0,0.0,0.0,0.0,0.0,0.0,0.0,0.0,0.0,0.0,1000.0
5479,palawan_outer_east_small_1000_29,S2A_MSIL2A_20230611T021541_R003_T50PQT_20230611T092421,1000,,0.0,0.0,0.0,0.0,0.0,0.0,0.0,0.0,0.0,100.0,0.0,1,0,0.0,1000.0000000009313,1000.0,0.3633275032043457,100.0,,0.0,0.0,0.0,0.0,0.0,0.0,0.0,0.0,0.0,0.0,0.0,0.0,0.0,1000.0
5446,palawan_outer_east_small_1000_29,S2A_MSIL2A_20230621T021541_R003_T50PQT_20230621T085836,20,,0.0,0.0,6.2,0.0,0.0,33.04,0.0,48.28,8.0,4.48,0.0,2500,0,0.0,1000.0000000009313,1000.0,0.38081979751586914,60.760000000000005,,0.0,0.0,0.0,0.0,0.0,0.0,0.0,0.0,0.0,0.0,0.0,0.0,0.0,1000.0
5453,palawan_outer_east_small_1000_29,S2A_MSIL2A_20230621T021541_R003_T50PQT_20230621T085836,50,,0.0,0.0,4.75,0.0,0.0,31.5,0.0,49.0,9.25,5.5,0.0,400,0,0.0,1000.0000000009313,1000.0,0.38729405403137207,63.75,,0.0,0.0,-1.4500000000000002,0.0,0.0,-1.5399999999999991,0.0,0.7199999999999989,1.25,1.0199999999999996,0.0,2.989999999999995,2.989999999999995,1000.0
5460,palawan_outer_east_small_1000_29,S2A_MSIL2A_20230621T021541_R003_T50PQT_20230621T085836,100,,0.0,0.0,5.0,0.0,0.0,34.0,0.0,48.0,9.0,4.0,0.0,100,0,0.0,1000.0000000009313,1000.0,0.37790417671203613,61.0,,0.0,0.0,-1.2000000000000002,0.0,0.0,0.9600000000000009,0.0,-0.28000000000000114,1.0,-0.4800000000000004,0.0,0.23999999999999488,1.2000000000000002,1000.0
5467,palawan_outer_east_small_1000_29,S2A_MSIL2A_20230621T021541_R003_T50PQT_20230621T085836,200,,0.0,0.0,0.0,0.0,0.0,16.0,0.0,64.0,12.0,8.0,0.0,25,0,0.0,1000.0000000009313,1000.0,0.3775358200073242,84.0,,0.0,0.0,-6.2,0.0,0.0,-17.04,0.0,15.719999999999999,4.0,3.5199999999999996,0.0,23.239999999999995,23.239999999999995,1000.0
5474,palawan_outer_east_small_1000_29,S2A_MSIL2A_20230621T021541_R003_T50PQT_20230621T085836,500,,0.0,0.0,0.0,0.0,0.0,25.0,0.0,75.0,0.0,0.0,0.0,4,0,0.0,1000.0000000009313,1000.0,0.376392126083374,75.0,,0.0,0.0,-6.2,0.0,0.0,-8.04,0.0,26.72,-8.0,-4.48,0.0,14.239999999999995,14.239999999999995,1000.0
5481,palawan_outer_east_small_1000_29,S2A_MSIL2A_20230621T021541_R003_T50PQT_20230621T085836,1000,,0.0,0.0,0.0,0.0,0.0,0.0,0.0,100.0,0.0,0.0,0.0,1,0,0.0,1000.0000000009313,1000.0,0.3633275032043457,100.0,,0.0,0.0,-6.2,0.0,0.0,-33.04,0.0,51.72,-8.0,-4.48,0.0,39.239999999999995,39.239999999999995,1000.0
5448,palawan_outer_east_small_1000_29,S2A_MSIL2A_20230701T021541_R003_T50PQT_20230701T082624,20,,0.0,0.0,0.0,2.36,0.0,31.56,0.56,4.68,0.28,60.56,0.0,2500,0,0.0,1000.0000000009313,1000.0,0.38081979751586914,65.52,,0.0,0.0,0.0,0.0,0.0,0.0,0.0,0.0,0.0,0.0,0.0,0.0,0.0,1000.0
5455,palawan_outer_east_small_1000_29,S2A_MSIL2A_20230701T021541_R003_T50PQT_20230701T082624,50,,0.0,0.0,0.0,1.75,0.0,31.25,0.5,5.75,0.5,60.25,0.0,400,0,0.0,1000.0000000009313,1000.0,0.38729405403137207,66.5,,0.0,0.0,0.0,-0.6099999999999999,0.0,-0.3099999999999987,-0.06000000000000005,1.0700000000000003,0.21999999999999997,-0.3100000000000023,0.0,0.980000000000004,0.980000000000004,1000.0
5462,palawan_outer_east_small_1000_29,S2A_MSIL2A_20230701T021541_R003_T50PQT_20230701T082624,100,,0.0,0.0,0.0,1.0,0.0,28.0,1.0,8.0,1.0,61.0,0.0,100,0,0.0,1000.0000000009313,1000.0,0.37790417671203613,70.0,,0.0,0.0,0.0,-1.3599999999999999,0.0,-3.5599999999999987,0.43999999999999995,3.3200000000000003,0.72,0.4399999999999977,0.0,4.480000000000004,4.480000000000004,1000.0
5469,palawan_outer_east_small_1000_29,S2A_MSIL2A_20230701T021541_R003_T50PQT_20230701T082624,200,,0.0,0.0,0.0,0.0,0.0,28.0,0.0,12.0,4.0,56.0,0.0,25,0,0.0,1000.0000000009313,1000.0,0.3775358200073242,72.0,,0.0,0.0,0.0,-2.36,0.0,-3.5599999999999987,-0.56,7.32,3.7199999999999998,-4.560000000000002,0.0,6.480000000000004,6.480000000000004,1000.0
5476,palawan_outer_east_small_1000_29,S2A_MSIL2A_20230701T021541_R003_T50PQT_20230701T082624,500,,0.0,0.0,0.0,0.0,0.0,25.0,0.0,25.0,0.0,50.0,0.0,4,0,0.0,1000.0000000009313,1000.0,0.376392126083374,75.0,,0.0,0.0,0.0,-2.36,0.0,-6.559999999999999,-0.56,20.32,-0.28,-10.560000000000002,0.0,9.480000000000004,9.480000000000004,1000.0
5483,palawan_outer_east_small_1000_29,S2A_MSIL2A_20230701T021541_R003_T50PQT_20230701T082624,1000,,0.0,0.0,0.0,0.0,0.0,0.0,0.0,0.0,0.0,100.0,0.0,1,0,0.0,1000.0000000009313,1000.0,0.3633275032043457,100.0,,0.0,0.0,0.0,-2.36,0.0,-31.56,-0.56,-4.68,-0.28,39.44,0.0,34.480000000000004,34.480000000000004,1000.0
5443,palawan_outer_east_small_1000_29,S2B_MSIL2A_20230606T021539_R003_T50PQT_20230606T073506,20,,0.0,0.0,0.0,3.32,0.88,94.76,1.04,0.0,0.0,0.0,0.0,2500,0,0.0,1000.0000000009313,1000.0,0.38081979751586914,0.0,,0.0,0.0,0.0,0.0,0.0,0.0,0.0,0.0,0.0,0.0,0.0,0.0,0.0,1000.0
5450,palawan_outer_east_small_1000_29,S2B_MSIL2A_20230606T021539_R003_T50PQT_20230606T073506,50,,0.0,0.0,0.0,2.5,0.25,96.5,0.75,0.0,0.0,0.0,0.0,400,0,0.0,1000.0000000009313,1000.0,0.38729405403137207,0.0,,0.0,0.0,0.0,-0.8199999999999998,-0.63,1.7399999999999949,-0.29000000000000004,0.0,0.0,0.0,0.0,0.0,1.7399999999999949,1000.0
5457,palawan_outer_east_small_1000_29,S2B_MSIL2A_20230606T021539_R003_T50PQT_20230606T073506,100,,0.0,0.0,0.0,3.0,0.0,96.0,1.0,0.0,0.0,0.0,0.0,100,0,0.0,1000.0000000009313,1000.0,0.37790417671203613,0.0,,0.0,0.0,0.0,-0.31999999999999984,-0.88,1.2399999999999949,-0.040000000000000036,0.0,0.0,0.0,0.0,0.0,1.2399999999999949,1000.0
5464,palawan_outer_east_small_1000_29,S2B_MSIL2A_20230606T021539_R003_T50PQT_20230606T073506,200,,0.0,0.0,0.0,0.0,0.0,100.0,0.0,0.0,0.0,0.0,0.0,25,0,0.0,1000.0000000009313,1000.0,0.3775358200073242,0.0,,0.0,0.0,0.0,-3.32,-0.88,5.239999999999995,-1.04,0.0,0.0,0.0,0.0,0.0,5.239999999999995,1000.0
5471,palawan_outer_east_small_1000_29,S2B_MSIL2A_20230606T021539_R003_T50PQT_20230606T073506,500,,0.0,0.0,0.0,0.0,0.0,100.0,0.0,0.0,0.0,0.0,0.0,4,0,0.0,1000.0000000009313,1000.0,0.376392126083374,0.0,,0.0,0.0,0.0,-3.32,-0.88,5.239999999999995,-1.04,0.0,0.0,0.0,0.0,0.0,5.239999999999995,1000.0
5478,palawan_outer_east_small_1000_29,S2B_MSIL2A_20230606T021539_R003_T50PQT_20230606T073506,1000,,0.0,0.0,0.0,0.0,0.0,100.0,0.0,0.0,0.0,0.0,0.0,1,0,0.0,1000.0000000009313,1000.0,0.3633275032043457,0.0,,0.0,0.0,0.0,-3.32,-0.88,5.239999999999995,-1.04,0.0,0.0,0.0,0.0,0.0,5.239999999999995,1000.0
5445,palawan_outer_east_small_1000_29,S2B_MSIL2A_20230616T021539_R003_T50PQT_20230616T083239,20,,0.0,0.0,0.0,0.0,0.0,0.0,0.0,0.0,0.0,100.0,0.0,2500,0,0.0,1000.0000000009313,1000.0,0.38081979751586914,100.0,,0.0,0.0,0.0,0.0,0.0,0.0,0.0,0.0,0.0,0.0,0.0,0.0,0.0,1000.0
5452,palawan_outer_east_small_1000_29,S2B_MSIL2A_20230616T021539_R003_T50PQT_20230616T083239,50,,0.0,0.0,0.0,0.0,0.0,0.0,0.0,0.0,0.0,100.0,0.0,400,0,0.0,1000.0000000009313,1000.0,0.38729405403137207,100.0,,0.0,0.0,0.0,0.0,0.0,0.0,0.0,0.0,0.0,0.0,0.0,0.0,0.0,1000.0
5459,palawan_outer_east_small_1000_29,S2B_MSIL2A_20230616T021539_R003_T50PQT_20230616T083239,100,,0.0,0.0,0.0,0.0,0.0,0.0,0.0,0.0,0.0,100.0,0.0,100,0,0.0,1000.0000000009313,1000.0,0.37790417671203613,100.0,,0.0,0.0,0.0,0.0,0.0,0.0,0.0,0.0,0.0,0.0,0.0,0.0,0.0,1000.0
5466,palawan_outer_east_small_1000_29,S2B_MSIL2A_20230616T021539_R003_T50PQT_20230616T083239,200,,0.0,0.0,0.0,0.0,0.0,0.0,0.0,0.0,0.0,100.0,0.0,25,0,0.0,1000.0000000009313,1000.0,0.3775358200073242,100.0,,0.0,0.0,0.0,0.0,0.0,0.0,0.0,0.0,0.0,0.0,0.0,0.0,0.0,1000.0
5473,palawan_outer_east_small_1000_29,S2B_MSIL2A_20230616T021539_R003_T50PQT_20230616T083239,500,,0.0,0.0,0.0,0.0,0.0,0.0,0.0,0.0,0.0,100.0,0.0,4,0,0.0,1000.0000000009313,1000.0,0.376392126083374,100.0,,0.0,0.0,0.0,0.0,0.0,0.0,0.0,0.0,0.0,0.0,0.0,0.0,0.0,1000.0
5480,palawan_outer_east_small_1000_29,S2B_MSIL2A_20230616T021539_R003_T50PQT_20230616T083239,1000,,0.0,0.0,0.0,0.0,0.0,0.0,0.0,0.0,0.0,100.0,0.0,1,0,0.0,1000.0000000009313,1000.0,0.3633275032043457,100.0,,0.0,0.0,0.0,0.0,0.0,0.0,0.0,0.0,0.0,0.0,0.0,0.0,0.0,1000.0
5447,palawan_outer_east_small_1000_29,S2B_MSIL2A_20230626T021539_R003_T50PQT_20230626T074054,20,,0.0,0.0,0.0,0.0,0.0,0.0,0.0,49.2,0.0,50.8,0.0,2500,0,0.0,1000.0000000009313,1000.0,0.38081979751586914,100.0,,0.0,0.0,0.0,0.0,0.0,0.0,0.0,0.0,0.0,0.0,0.0,0.0,0.0,1000.0
5454,palawan_outer_east_small_1000_29,S2B_MSIL2A_20230626T021539_R003_T50PQT_20230626T074054,50,,0.0,0.0,0.0,0.0,0.0,0.0,0.0,51.75,0.0,48.25,0.0,400,0,0.0,1000.0000000009313,1000.0,0.38729405403137207,100.0,,0.0,0.0,0.0,0.0,0.0,0.0,0.0,2.549999999999997,0.0,-2.549999999999997,0.0,0.0,0.0,1000.0
5461,palawan_outer_east_small_1000_29,S2B_MSIL2A_20230626T021539_R003_T50PQT_20230626T074054,100,,0.0,0.0,0.0,0.0,0.0,0.0,0.0,57.0,0.0,43.0,0.0,100,0,0.0,1000.0000000009313,1000.0,0.37790417671203613,100.0,,0.0,0.0,0.0,0.0,0.0,0.0,0.0,7.799999999999997,0.0,-7.799999999999997,0.0,0.0,0.0,1000.0
5468,palawan_outer_east_small_1000_29,S2B_MSIL2A_20230626T021539_R003_T50PQT_20230626T074054,200,,0.0,0.0,0.0,0.0,0.0,0.0,0.0,56.0,0.0,44.0,0.0,25,0,0.0,1000.0000000009313,1000.0,0.3775358200073242,100.0,,0.0,0.0,0.0,0.0,0.0,0.0,0.0,6.799999999999997,0.0,-6.799999999999997,0.0,0.0,0.0,1000.0
5475,palawan_outer_east_small_1000_29,S2B_MSIL2A_20230626T021539_R003_T50PQT_20230626T074054,500,,0.0,0.0,0.0,0.0,0.0,0.0,0.0,75.0,0.0,25.0,0.0,4,0,0.0,1000.0000000009313,1000.0,0.376392126083374,100.0,,0.0,0.0,0.0,0.0,0.0,0.0,0.0,25.799999999999997,0.0,-25.799999999999997,0.0,0.0,0.0,1000.0
5482,palawan_outer_east_small_1000_29,S2B_MSIL2A_20230626T021539_R003_T50PQT_20230626T074054,1000,,0.0,0.0,0.0,0.0,0.0,0.0,0.0,0.0,0.0,100.0,0.0,1,0,0.0,1000.0000000009313,1000.0,0.3633275032043457,100.0,,0.0,0.0,0.0,0.0,0.0,0.0,0.0,-49.2,0.0,49.2,0.0,0.0,0.0,1000.0
4350,palawan_outer_east_small_1000_3,S2A_MSIL2A_20230601T021611_R003_T50PQT_20230601T103139,20,,0.0,0.0,0.0,0.0,0.0,0.0,0.0,100.0,0.0,0.0,0.0,2500,0,0.0,1000.0000000017462,1000.0000000002328,0.40587949752807617,100.0,,0.0,0.0,0.0,0.0,0.0,0.0,0.0,0.0,0.0,0.0,0.0,0.0,0.0,1000.0
4357,palawan_outer_east_small_1000_3,S2A_MSIL2A_20230601T021611_R003_T50PQT_20230601T103139,50,,0.0,0.0,0.0,0.0,0.0,0.0,0.0,100.0,0.0,0.0,0.0,400,0,0.0,1000.0000000017462,1000.0000000002328,0.39920520782470703,100.0,,0.0,0.0,0.0,0.0,0.0,0.0,0.0,0.0,0.0,0.0,0.0,0.0,0.0,1000.0
4364,palawan_outer_east_small_1000_3,S2A_MSIL2A_20230601T021611_R003_T50PQT_20230601T103139,100,,0.0,0.0,0.0,0.0,0.0,0.0,0.0,100.0,0.0,0.0,0.0,100,0,0.0,1000.0000000017462,1000.0000000002328,0.37252140045166016,100.0,,0.0,0.0,0.0,0.0,0.0,0.0,0.0,0.0,0.0,0.0,0.0,0.0,0.0,1000.0
4371,palawan_outer_east_small_1000_3,S2A_MSIL2A_20230601T021611_R003_T50PQT_20230601T103139,200,,0.0,0.0,0.0,0.0,0.0,0.0,0.0,100.0,0.0,0.0,0.0,25,0,0.0,1000.0000000017462,1000.0000000002328,0.4112977981567383,100.0,,0.0,0.0,0.0,0.0,0.0,0.0,0.0,0.0,0.0,0.0,0.0,0.0,0.0,1000.0
4378,palawan_outer_east_small_1000_3,S2A_MSIL2A_20230601T021611_R003_T50PQT_20230601T103139,500,,0.0,0.0,0.0,0.0,0.0,0.0,0.0,100.0,0.0,0.0,0.0,4,0,0.0,1000.0000000017462,1000.0000000002328,0.3789212703704834,100.0,,0.0,0.0,0.0,0.0,0.0,0.0,0.0,0.0,0.0,0.0,0.0,0.0,0.0,1000.0
4385,palawan_outer_east_small_1000_3,S2A_MSIL2A_20230601T021611_R003_T50PQT_20230601T103139,1000,,0.0,0.0,0.0,0.0,0.0,0.0,0.0,100.0,0.0,0.0,0.0,1,0,0.0,1000.0000000017462,1000.0000000002328,0.705700159072876,100.0,,0.0,0.0,0.0,0.0,0.0,0.0,0.0,0.0,0.0,0.0,0.0,0.0,0.0,1000.0
4352,palawan_outer_east_small_1000_3,S2A_MSIL2A_20230611T021541_R003_T50PQT_20230611T092421,20,,0.0,0.0,0.0,0.0,0.0,0.0,0.0,100.0,0.0,0.0,0.0,2500,0,0.0,1000.0000000017462,1000.0000000002328,0.40587949752807617,100.0,,0.0,0.0,0.0,0.0,0.0,0.0,0.0,0.0,0.0,0.0,0.0,0.0,0.0,1000.0
4359,palawan_outer_east_small_1000_3,S2A_MSIL2A_20230611T021541_R003_T50PQT_20230611T092421,50,,0.0,0.0,0.0,0.0,0.0,0.0,0.0,100.0,0.0,0.0,0.0,400,0,0.0,1000.0000000017462,1000.0000000002328,0.39920520782470703,100.0,,0.0,0.0,0.0,0.0,0.0,0.0,0.0,0.0,0.0,0.0,0.0,0.0,0.0,1000.0
4366,palawan_outer_east_small_1000_3,S2A_MSIL2A_20230611T021541_R003_T50PQT_20230611T092421,100,,0.0,0.0,0.0,0.0,0.0,0.0,0.0,100.0,0.0,0.0,0.0,100,0,0.0,1000.0000000017462,1000.0000000002328,0.37252140045166016,100.0,,0.0,0.0,0.0,0.0,0.0,0.0,0.0,0.0,0.0,0.0,0.0,0.0,0.0,1000.0
4373,palawan_outer_east_small_1000_3,S2A_MSIL2A_20230611T021541_R003_T50PQT_20230611T092421,200,,0.0,0.0,0.0,0.0,0.0,0.0,0.0,100.0,0.0,0.0,0.0,25,0,0.0,1000.0000000017462,1000.0000000002328,0.4112977981567383,100.0,,0.0,0.0,0.0,0.0,0.0,0.0,0.0,0.0,0.0,0.0,0.0,0.0,0.0,1000.0
4380,palawan_outer_east_small_1000_3,S2A_MSIL2A_20230611T021541_R003_T50PQT_20230611T092421,500,,0.0,0.0,0.0,0.0,0.0,0.0,0.0,100.0,0.0,0.0,0.0,4,0,0.0,1000.0000000017462,1000.0000000002328,0.3789212703704834,100.0,,0.0,0.0,0.0,0.0,0.0,0.0,0.0,0.0,0.0,0.0,0.0,0.0,0.0,1000.0
4387,palawan_outer_east_small_1000_3,S2A_MSIL2A_20230611T021541_R003_T50PQT_20230611T092421,1000,,0.0,0.0,0.0,0.0,0.0,0.0,0.0,100.0,0.0,0.0,0.0,1,0,0.0,1000.0000000017462,1000.0000000002328,0.705700159072876,100.0,,0.0,0.0,0.0,0.0,0.0,0.0,0.0,0.0,0.0,0.0,0.0,0.0,0.0,1000.0
4354,palawan_outer_east_small_1000_3,S2A_MSIL2A_20230621T021541_R003_T50PQT_20230621T085836,20,,0.0,0.0,27.84,11.48,1.96,35.96,0.36,10.0,12.4,0.0,0.0,2500,0,0.0,1000.0000000017462,1000.0000000002328,0.40587949752807617,22.4,,0.0,0.0,0.0,0.0,0.0,0.0,0.0,0.0,0.0,0.0,0.0,0.0,0.0,1000.0
4361,palawan_outer_east_small_1000_3,S2A_MSIL2A_20230621T021541_R003_T50PQT_20230621T085836,50,,0.0,0.0,26.5,11.25,1.75,38.25,0.75,10.25,11.25,0.0,0.0,400,0,0.0,1000.0000000017462,1000.0000000002328,0.39920520782470703,21.5,,0.0,0.0,-1.3399999999999999,-0.23000000000000043,-0.20999999999999996,2.289999999999999,0.39,0.25,-1.1500000000000004,0.0,0.0,-0.8999999999999986,2.289999999999999,1000.0
4368,palawan_outer_east_small_1000_3,S2A_MSIL2A_20230621T021541_R003_T50PQT_20230621T085836,100,,0.0,0.0,23.0,9.0,4.0,40.0,0.0,12.0,12.0,0.0,0.0,100,0,0.0,1000.0000000017462,1000.0000000002328,0.37252140045166016,24.0,,0.0,0.0,-4.84,-2.4800000000000004,2.04,4.039999999999999,-0.36,2.0,-0.40000000000000036,0.0,0.0,1.6000000000000014,4.84,1000.0
4375,palawan_outer_east_small_1000_3,S2A_MSIL2A_20230621T021541_R003_T50PQT_20230621T085836,200,,0.0,0.0,20.0,16.0,4.0,48.0,0.0,8.0,4.0,0.0,0.0,25,0,0.0,1000.0000000017462,1000.0000000002328,0.4112977981567383,12.0,,0.0,0.0,-7.84,4.52,2.04,12.04,-0.36,-2.0,-8.4,0.0,0.0,-10.399999999999999,12.04,1000.0
4382,palawan_outer_east_small_1000_3,S2A_MSIL2A_20230621T021541_R003_T50PQT_20230621T085836,500,,0.0,0.0,25.0,0.0,0.0,75.0,0.0,0.0,0.0,0.0,0.0,4,0,0.0,1000.0000000017462,1000.0000000002328,0.3789212703704834,0.0,,0.0,0.0,-2.84,-11.48,-1.96,39.04,-0.36,-10.0,-12.4,0.0,0.0,-22.4,39.04,1000.0
4389,palawan_outer_east_small_1000_3,S2A_MSIL2A_20230621T021541_R003_T50PQT_20230621T085836,1000,,0.0,0.0,0.0,0.0,0.0,100.0,0.0,0.0,0.0,0.0,0.0,1,0,0.0,1000.0000000017462,1000.0000000002328,0.705700159072876,0.0,,0.0,0.0,-27.84,-11.48,-1.96,64.03999999999999,-0.36,-10.0,-12.4,0.0,0.0,-22.4,64.03999999999999,1000.0
4356,palawan_outer_east_small_1000_3,S2A_MSIL2A_20230701T021541_R003_T50PQT_20230701T082624,20,,0.0,0.0,8.88,25.16,0.12,6.16,0.76,23.68,9.24,26.0,0.0,2500,0,0.0,1000.0000000017462,1000.0000000002328,0.40587949752807617,58.92,,0.0,0.0,0.0,0.0,0.0,0.0,0.0,0.0,0.0,0.0,0.0,0.0,0.0,1000.0
4363,palawan_outer_east_small_1000_3,S2A_MSIL2A_20230701T021541_R003_T50PQT_20230701T082624,50,,0.0,0.0,9.0,23.5,0.0,5.75,0.75,25.0,10.25,25.75,0.0,400,0,0.0,1000.0000000017462,1000.0000000002328,0.39920520782470703,61.0,,0.0,0.0,0.11999999999999922,-1.6600000000000001,-0.12,-0.41000000000000014,-0.010000000000000009,1.3200000000000003,1.0099999999999998,-0.25,0.0,2.0799999999999983,2.0799999999999983,1000.0
4370,palawan_outer_east_small_1000_3,S2A_MSIL2A_20230701T021541_R003_T50PQT_20230701T082624,100,,0.0,0.0,9.0,25.0,0.0,6.0,0.0,23.0,13.0,24.0,0.0,100,0,0.0,1000.0000000017462,1000.0000000002328,0.37252140045166016,60.0,,0.0,0.0,0.11999999999999922,-0.16000000000000014,-0.12,-0.16000000000000014,-0.76,-0.6799999999999997,3.76,-2.0,0.0,1.0799999999999983,1.0799999999999983,1000.0
4377,palawan_outer_east_small_1000_3,S2A_MSIL2A_20230701T021541_R003_T50PQT_20230701T082624,200,,0.0,0.0,8.0,24.0,0.0,8.0,0.0,32.0,16.0,12.0,0.0,25,0,0.0,1000.0000000017462,1000.0000000002328,0.4112977981567383,60.0,,0.0,0.0,-0.8800000000000008,-1.1600000000000001,-0.12,1.8399999999999999,-0.76,8.32,6.76,-14.0,0.0,1.0799999999999983,1.8399999999999999,1000.0
4384,palawan_outer_east_small_1000_3,S2A_MSIL2A_20230701T021541_R003_T50PQT_20230701T082624,500,,0.0,0.0,25.0,0.0,0.0,0.0,0.0,50.0,25.0,0.0,0.0,4,0,0.0,1000.0000000017462,1000.0000000002328,0.3789212703704834,75.0,,0.0,0.0,16.119999999999997,-25.16,-0.12,-6.16,-0.76,26.32,15.76,-26.0,0.0,16.08,25.16,1000.0
4391,palawan_outer_east_small_1000_3,S2A_MSIL2A_20230701T021541_R003_T50PQT_20230701T082624,1000,,0.0,0.0,0.0,0.0,0.0,0.0,0.0,100.0,0.0,0.0,0.0,1,0,0.0,1000.0000000017462,1000.0000000002328,0.705700159072876,100.0,,0.0,0.0,-8.88,-25.16,-0.12,-6.16,-0.76,76.32,-9.24,-26.0,0.0,41.08,41.08,1000.0
4351,palawan_outer_east_small_1000_3,S2B_MSIL2A_20230606T021539_R003_T50PQT_20230606T073506,20,,0.0,0.0,0.0,58.96,1.72,38.28,1.04,0.0,0.0,0.0,0.0,2500,0,0.0,1000.0000000017462,1000.0000000002328,0.40587949752807617,0.0,,0.0,0.0,0.0,0.0,0.0,0.0,0.0,0.0,0.0,0.0,0.0,0.0,0.0,1000.0
4358,palawan_outer_east_small_1000_3,S2B_MSIL2A_20230606T021539_R003_T50PQT_20230606T073506,50,,0.0,0.0,0.0,56.75,1.5,40.25,1.5,0.0,0.0,0.0,0.0,400,0,0.0,1000.0000000017462,1000.0000000002328,0.39920520782470703,0.0,,0.0,0.0,0.0,-2.210000000000001,-0.21999999999999997,1.9699999999999989,0.45999999999999996,0.0,0.0,0.0,0.0,0.0,2.210000000000001,1000.0
4365,palawan_outer_east_small_1000_3,S2B_MSIL2A_20230606T021539_R003_T50PQT_20230606T073506,100,,0.0,0.0,0.0,54.0,3.0,42.0,1.0,0.0,0.0,0.0,0.0,100,0,0.0,1000.0000000017462,1000.0000000002328,0.37252140045166016,0.0,,0.0,0.0,0.0,-4.960000000000001,1.28,3.719999999999999,-0.040000000000000036,0.0,0.0,0.0,0.0,0.0,4.960000000000001,1000.0
4372,palawan_outer_east_small_1000_3,S2B_MSIL2A_20230606T021539_R003_T50PQT_20230606T073506,200,,0.0,0.0,0.0,48.0,0.0,52.0,0.0,0.0,0.0,0.0,0.0,25,0,0.0,1000.0000000017462,1000.0000000002328,0.4112977981567383,0.0,,0.0,0.0,0.0,-10.96,-1.72,13.719999999999999,-1.04,0.0,0.0,0.0,0.0,0.0,13.719999999999999,1000.0
4379,palawan_outer_east_small_1000_3,S2B_MSIL2A_20230606T021539_R003_T50PQT_20230606T073506,500,,0.0,0.0,0.0,25.0,0.0,75.0,0.0,0.0,0.0,0.0,0.0,4,0,0.0,1000.0000000017462,1000.0000000002328,0.3789212703704834,0.0,,0.0,0.0,0.0,-33.96,-1.72,36.72,-1.04,0.0,0.0,0.0,0.0,0.0,36.72,1000.0
4386,palawan_outer_east_small_1000_3,S2B_MSIL2A_20230606T021539_R003_T50PQT_20230606T073506,1000,,0.0,0.0,0.0,0.0,0.0,100.0,0.0,0.0,0.0,0.0,0.0,1,0,0.0,1000.0000000017462,1000.0000000002328,0.705700159072876,0.0,,0.0,0.0,0.0,-58.96,-1.72,61.72,-1.04,0.0,0.0,0.0,0.0,0.0,61.72,1000.0
4353,palawan_outer_east_small_1000_3,S2B_MSIL2A_20230616T021539_R003_T50PQT_20230616T083239,20,,0.0,0.0,0.0,0.0,0.0,0.0,0.0,15.32,12.28,72.4,0.0,2500,0,0.0,1000.0000000017462,1000.0000000002328,0.40587949752807617,100.0,,0.0,0.0,0.0,0.0,0.0,0.0,0.0,0.0,0.0,0.0,0.0,0.0,0.0,1000.0
4360,palawan_outer_east_small_1000_3,S2B_MSIL2A_20230616T021539_R003_T50PQT_20230616T083239,50,,0.0,0.0,0.0,0.0,0.0,0.0,0.0,15.0,11.25,73.75,0.0,400,0,0.0,1000.0000000017462,1000.0000000002328,0.39920520782470703,100.0,,0.0,0.0,0.0,0.0,0.0,0.0,0.0,-0.3200000000000003,-1.0299999999999994,1.3499999999999943,0.0,0.0,0.0,1000.0
4367,palawan_outer_east_small_1000_3,S2B_MSIL2A_20230616T021539_R003_T50PQT_20230616T083239,100,,0.0,0.0,0.0,0.0,0.0,0.0,0.0,15.0,10.0,75.0,0.0,100,0,0.0,1000.0000000017462,1000.0000000002328,0.37252140045166016,100.0,,0.0,0.0,0.0,0.0,0.0,0.0,0.0,-0.3200000000000003,-2.2799999999999994,2.5999999999999943,0.0,0.0,0.0,1000.0
4374,palawan_outer_east_small_1000_3,S2B_MSIL2A_20230616T021539_R003_T50PQT_20230616T083239,200,,0.0,0.0,0.0,0.0,0.0,0.0,0.0,12.0,8.0,80.0,0.0,25,0,0.0,1000.0000000017462,1000.0000000002328,0.4112977981567383,100.0,,0.0,0.0,0.0,0.0,0.0,0.0,0.0,-3.3200000000000003,-4.279999999999999,7.599999999999994,0.0,0.0,0.0,1000.0
4381,palawan_outer_east_small_1000_3,S2B_MSIL2A_20230616T021539_R003_T50PQT_20230616T083239,500,,0.0,0.0,0.0,0.0,0.0,0.0,0.0,0.0,0.0,100.0,0.0,4,0,0.0,1000.0000000017462,1000.0000000002328,0.3789212703704834,100.0,,0.0,0.0,0.0,0.0,0.0,0.0,0.0,-15.32,-12.28,27.599999999999994,0.0,0.0,0.0,1000.0
4388,palawan_outer_east_small_1000_3,S2B_MSIL2A_20230616T021539_R003_T50PQT_20230616T083239,1000,,0.0,0.0,0.0,0.0,0.0,0.0,0.0,0.0,0.0,100.0,0.0,1,0,0.0,1000.0000000017462,1000.0000000002328,0.705700159072876,100.0,,0.0,0.0,0.0,0.0,0.0,0.0,0.0,-15.32,-12.28,27.599999999999994,0.0,0.0,0.0,1000.0
4355,palawan_outer_east_small_1000_3,S2B_MSIL2A_20230626T021539_R003_T50PQT_20230626T074054,20,,0.0,0.0,0.0,0.0,0.0,0.0,0.0,10.84,0.72,88.44,0.0,2500,0,0.0,1000.0000000017462,1000.0000000002328,0.40587949752807617,100.0,,0.0,0.0,0.0,0.0,0.0,0.0,0.0,0.0,0.0,0.0,0.0,0.0,0.0,1000.0
4362,palawan_outer_east_small_1000_3,S2B_MSIL2A_20230626T021539_R003_T50PQT_20230626T074054,50,,0.0,0.0,0.0,0.0,0.0,0.0,0.0,9.5,0.0,90.5,0.0,400,0,0.0,1000.0000000017462,1000.0000000002328,0.39920520782470703,100.0,,0.0,0.0,0.0,0.0,0.0,0.0,0.0,-1.3399999999999999,-0.72,2.0600000000000023,0.0,0.0,0.0,1000.0
4369,palawan_outer_east_small_1000_3,S2B_MSIL2A_20230626T021539_R003_T50PQT_20230626T074054,100,,0.0,0.0,0.0,0.0,0.0,0.0,0.0,9.0,0.0,91.0,0.0,100,0,0.0,1000.0000000017462,1000.0000000002328,0.37252140045166016,100.0,,0.0,0.0,0.0,0.0,0.0,0.0,0.0,-1.8399999999999999,-0.72,2.5600000000000023,0.0,0.0,0.0,1000.0
4376,palawan_outer_east_small_1000_3,S2B_MSIL2A_20230626T021539_R003_T50PQT_20230626T074054,200,,0.0,0.0,0.0,0.0,0.0,0.0,0.0,4.0,0.0,96.0,0.0,25,0,0.0,1000.0000000017462,1000.0000000002328,0.4112977981567383,100.0,,0.0,0.0,0.0,0.0,0.0,0.0,0.0,-6.84,-0.72,7.560000000000002,0.0,0.0,0.0,1000.0
4383,palawan_outer_east_small_1000_3,S2B_MSIL2A_20230626T021539_R003_T50PQT_20230626T074054,500,,0.0,0.0,0.0,0.0,0.0,0.0,0.0,0.0,0.0,100.0,0.0,4,0,0.0,1000.0000000017462,1000.0000000002328,0.3789212703704834,100.0,,0.0,0.0,0.0,0.0,0.0,0.0,0.0,-10.84,-0.72,11.560000000000002,0.0,0.0,0.0,1000.0
4390,palawan_outer_east_small_1000_3,S2B_MSIL2A_20230626T021539_R003_T50PQT_20230626T074054,1000,,0.0,0.0,0.0,0.0,0.0,0.0,0.0,0.0,0.0,100.0,0.0,1,0,0.0,1000.0000000017462,1000.0000000002328,0.705700159072876,100.0,,0.0,0.0,0.0,0.0,0.0,0.0,0.0,-10.84,-0.72,11.560000000000002,0.0,0.0,0.0,1000.0
5484,palawan_outer_east_small_1000_30,S2A_MSIL2A_20230601T021611_R003_T50PQT_20230601T103139,20,,0.0,0.0,0.0,0.0,0.0,0.0,0.0,100.0,0.0,0.0,0.0,2500,0,0.0,1000.0000000015134,1000.0000000002328,0.38325953483581543,100.0,,0.0,0.0,0.0,0.0,0.0,0.0,0.0,0.0,0.0,0.0,0.0,0.0,0.0,1000.0
5491,palawan_outer_east_small_1000_30,S2A_MSIL2A_20230601T021611_R003_T50PQT_20230601T103139,50,,0.0,0.0,0.0,0.0,0.0,0.0,0.0,100.0,0.0,0.0,0.0,400,0,0.0,1000.0000000015134,1000.0000000002328,0.4050943851470947,100.0,,0.0,0.0,0.0,0.0,0.0,0.0,0.0,0.0,0.0,0.0,0.0,0.0,0.0,1000.0
5498,palawan_outer_east_small_1000_30,S2A_MSIL2A_20230601T021611_R003_T50PQT_20230601T103139,100,,0.0,0.0,0.0,0.0,0.0,0.0,0.0,100.0,0.0,0.0,0.0,100,0,0.0,1000.0000000015134,1000.0000000002328,0.43302297592163086,100.0,,0.0,0.0,0.0,0.0,0.0,0.0,0.0,0.0,0.0,0.0,0.0,0.0,0.0,1000.0
5505,palawan_outer_east_small_1000_30,S2A_MSIL2A_20230601T021611_R003_T50PQT_20230601T103139,200,,0.0,0.0,0.0,0.0,0.0,0.0,0.0,100.0,0.0,0.0,0.0,25,0,0.0,1000.0000000015134,1000.0000000002328,0.37210941314697266,100.0,,0.0,0.0,0.0,0.0,0.0,0.0,0.0,0.0,0.0,0.0,0.0,0.0,0.0,1000.0
5512,palawan_outer_east_small_1000_30,S2A_MSIL2A_20230601T021611_R003_T50PQT_20230601T103139,500,,0.0,0.0,0.0,0.0,0.0,0.0,0.0,100.0,0.0,0.0,0.0,4,0,0.0,1000.0000000015134,1000.0000000002328,0.4579029083251953,100.0,,0.0,0.0,0.0,0.0,0.0,0.0,0.0,0.0,0.0,0.0,0.0,0.0,0.0,1000.0
5519,palawan_outer_east_small_1000_30,S2A_MSIL2A_20230601T021611_R003_T50PQT_20230601T103139,1000,,0.0,0.0,0.0,0.0,0.0,0.0,0.0,100.0,0.0,0.0,0.0,1,0,0.0,1000.0000000015134,1000.0000000002328,0.36956024169921875,100.0,,0.0,0.0,0.0,0.0,0.0,0.0,0.0,0.0,0.0,0.0,0.0,0.0,0.0,1000.0
5486,palawan_outer_east_small_1000_30,S2A_MSIL2A_20230611T021541_R003_T50PQT_20230611T092421,20,,0.0,0.0,0.0,0.0,0.0,0.0,0.0,64.32,0.0,35.68,0.0,2500,0,0.0,1000.0000000015134,1000.0000000002328,0.38325953483581543,100.0,,0.0,0.0,0.0,0.0,0.0,0.0,0.0,0.0,0.0,0.0,0.0,0.0,0.0,1000.0
5493,palawan_outer_east_small_1000_30,S2A_MSIL2A_20230611T021541_R003_T50PQT_20230611T092421,50,,0.0,0.0,0.0,0.0,0.0,0.0,0.0,61.5,0.0,38.5,0.0,400,0,0.0,1000.0000000015134,1000.0000000002328,0.4050943851470947,100.0,,0.0,0.0,0.0,0.0,0.0,0.0,0.0,-2.819999999999993,0.0,2.8200000000000003,0.0,0.0,0.0,1000.0
5500,palawan_outer_east_small_1000_30,S2A_MSIL2A_20230611T021541_R003_T50PQT_20230611T092421,100,,0.0,0.0,0.0,0.0,0.0,0.0,0.0,59.0,0.0,41.0,0.0,100,0,0.0,1000.0000000015134,1000.0000000002328,0.43302297592163086,100.0,,0.0,0.0,0.0,0.0,0.0,0.0,0.0,-5.319999999999993,0.0,5.32,0.0,0.0,0.0,1000.0
5507,palawan_outer_east_small_1000_30,S2A_MSIL2A_20230611T021541_R003_T50PQT_20230611T092421,200,,0.0,0.0,0.0,0.0,0.0,0.0,0.0,48.0,0.0,52.0,0.0,25,0,0.0,1000.0000000015134,1000.0000000002328,0.37210941314697266,100.0,,0.0,0.0,0.0,0.0,0.0,0.0,0.0,-16.319999999999993,0.0,16.32,0.0,0.0,0.0,1000.0
5514,palawan_outer_east_small_1000_30,S2A_MSIL2A_20230611T021541_R003_T50PQT_20230611T092421,500,,0.0,0.0,0.0,0.0,0.0,0.0,0.0,25.0,0.0,75.0,0.0,4,0,0.0,1000.0000000015134,1000.0000000002328,0.4579029083251953,100.0,,0.0,0.0,0.0,0.0,0.0,0.0,0.0,-39.31999999999999,0.0,39.32,0.0,0.0,0.0,1000.0
5521,palawan_outer_east_small_1000_30,S2A_MSIL2A_20230611T021541_R003_T50PQT_20230611T092421,1000,,0.0,0.0,0.0,0.0,0.0,0.0,0.0,0.0,0.0,100.0,0.0,1,0,0.0,1000.0000000015134,1000.0000000002328,0.36956024169921875,100.0,,0.0,0.0,0.0,0.0,0.0,0.0,0.0,-64.32,0.0,64.32,0.0,0.0,0.0,1000.0
5488,palawan_outer_east_small_1000_30,S2A_MSIL2A_20230621T021541_R003_T50PQT_20230621T085836,20,,0.0,0.0,0.24,0.12,0.0,90.72,0.0,8.92,0.0,0.0,0.0,2500,0,0.0,1000.0000000015134,1000.0000000002328,0.38325953483581543,8.92,,0.0,0.0,0.0,0.0,0.0,0.0,0.0,0.0,0.0,0.0,0.0,0.0,0.0,1000.0
5495,palawan_outer_east_small_1000_30,S2A_MSIL2A_20230621T021541_R003_T50PQT_20230621T085836,50,,0.0,0.0,0.25,0.25,0.0,89.0,0.0,10.5,0.0,0.0,0.0,400,0,0.0,1000.0000000015134,1000.0000000002328,0.4050943851470947,10.5,,0.0,0.0,0.010000000000000009,0.13,0.0,-1.7199999999999989,0.0,1.58,0.0,0.0,0.0,1.58,1.7199999999999989,1000.0
5502,palawan_outer_east_small_1000_30,S2A_MSIL2A_20230621T021541_R003_T50PQT_20230621T085836,100,,0.0,0.0,1.0,0.0,0.0,87.0,0.0,12.0,0.0,0.0,0.0,100,0,0.0,1000.0000000015134,1000.0000000002328,0.43302297592163086,12.0,,0.0,0.0,0.76,-0.12,0.0,-3.719999999999999,0.0,3.08,0.0,0.0,0.0,3.08,3.719999999999999,1000.0
5509,palawan_outer_east_small_1000_30,S2A_MSIL2A_20230621T021541_R003_T50PQT_20230621T085836,200,,0.0,0.0,0.0,0.0,0.0,92.0,0.0,8.0,0.0,0.0,0.0,25,0,0.0,1000.0000000015134,1000.0000000002328,0.37210941314697266,8.0,,0.0,0.0,-0.24,-0.12,0.0,1.2800000000000011,0.0,-0.9199999999999999,0.0,0.0,0.0,-0.9199999999999999,1.2800000000000011,1000.0
5516,palawan_outer_east_small_1000_30,S2A_MSIL2A_20230621T021541_R003_T50PQT_20230621T085836,500,,0.0,0.0,0.0,0.0,0.0,100.0,0.0,0.0,0.0,0.0,0.0,4,0,0.0,1000.0000000015134,1000.0000000002328,0.4579029083251953,0.0,,0.0,0.0,-0.24,-0.12,0.0,9.280000000000001,0.0,-8.92,0.0,0.0,0.0,-8.92,9.280000000000001,1000.0
5523,palawan_outer_east_small_1000_30,S2A_MSIL2A_20230621T021541_R003_T50PQT_20230621T085836,1000,,0.0,0.0,0.0,0.0,0.0,100.0,0.0,0.0,0.0,0.0,0.0,1,0,0.0,1000.0000000015134,1000.0000000002328,0.36956024169921875,0.0,,0.0,0.0,-0.24,-0.12,0.0,9.280000000000001,0.0,-8.92,0.0,0.0,0.0,-8.92,9.280000000000001,1000.0
5490,palawan_outer_east_small_1000_30,S2A_MSIL2A_20230701T021541_R003_T50PQT_20230701T082624,20,,0.0,0.0,0.0,0.36,0.0,41.24,0.0,0.0,0.0,58.4,0.0,2500,0,0.0,1000.0000000015134,1000.0000000002328,0.38325953483581543,58.4,,0.0,0.0,0.0,0.0,0.0,0.0,0.0,0.0,0.0,0.0,0.0,0.0,0.0,1000.0
5497,palawan_outer_east_small_1000_30,S2A_MSIL2A_20230701T021541_R003_T50PQT_20230701T082624,50,,0.0,0.0,0.0,0.25,0.0,40.5,0.0,0.0,0.0,59.25,0.0,400,0,0.0,1000.0000000015134,1000.0000000002328,0.4050943851470947,59.25,,0.0,0.0,0.0,-0.10999999999999999,0.0,-0.740000000000002,0.0,0.0,0.0,0.8500000000000014,0.0,0.8500000000000014,0.8500000000000014,1000.0
5504,palawan_outer_east_small_1000_30,S2A_MSIL2A_20230701T021541_R003_T50PQT_20230701T082624,100,,0.0,0.0,0.0,1.0,0.0,42.0,0.0,0.0,0.0,57.0,0.0,100,0,0.0,1000.0000000015134,1000.0000000002328,0.43302297592163086,57.0,,0.0,0.0,0.0,0.64,0.0,0.759999999999998,0.0,0.0,0.0,-1.3999999999999986,0.0,-1.3999999999999986,1.3999999999999986,1000.0
5511,palawan_outer_east_small_1000_30,S2A_MSIL2A_20230701T021541_R003_T50PQT_20230701T082624,200,,0.0,0.0,0.0,0.0,0.0,28.0,0.0,0.0,0.0,72.0,0.0,25,0,0.0,1000.0000000015134,1000.0000000002328,0.37210941314697266,72.0,,0.0,0.0,0.0,-0.36,0.0,-13.240000000000002,0.0,0.0,0.0,13.600000000000001,0.0,13.600000000000001,13.600000000000001,1000.0
5518,palawan_outer_east_small_1000_30,S2A_MSIL2A_20230701T021541_R003_T50PQT_20230701T082624,500,,0.0,0.0,0.0,0.0,0.0,25.0,0.0,0.0,0.0,75.0,0.0,4,0,0.0,1000.0000000015134,1000.0000000002328,0.4579029083251953,75.0,,0.0,0.0,0.0,-0.36,0.0,-16.240000000000002,0.0,0.0,0.0,16.6,0.0,16.6,16.6,1000.0
5525,palawan_outer_east_small_1000_30,S2A_MSIL2A_20230701T021541_R003_T50PQT_20230701T082624,1000,,0.0,0.0,0.0,0.0,0.0,0.0,0.0,0.0,0.0,100.0,0.0,1,0,0.0,1000.0000000015134,1000.0000000002328,0.36956024169921875,100.0,,0.0,0.0,0.0,-0.36,0.0,-41.24,0.0,0.0,0.0,41.6,0.0,41.6,41.6,1000.0
5485,palawan_outer_east_small_1000_30,S2B_MSIL2A_20230606T021539_R003_T50PQT_20230606T073506,20,,0.0,0.0,0.0,0.92,0.56,98.52,0.0,0.0,0.0,0.0,0.0,2500,0,0.0,1000.0000000015134,1000.0000000002328,0.38325953483581543,0.0,,0.0,0.0,0.0,0.0,0.0,0.0,0.0,0.0,0.0,0.0,0.0,0.0,0.0,1000.0
5492,palawan_outer_east_small_1000_30,S2B_MSIL2A_20230606T021539_R003_T50PQT_20230606T073506,50,,0.0,0.0,0.0,1.25,0.75,98.0,0.0,0.0,0.0,0.0,0.0,400,0,0.0,1000.0000000015134,1000.0000000002328,0.4050943851470947,0.0,,0.0,0.0,0.0,0.32999999999999996,0.18999999999999995,-0.519999999999996,0.0,0.0,0.0,0.0,0.0,0.0,0.519999999999996,1000.0
5499,palawan_outer_east_small_1000_30,S2B_MSIL2A_20230606T021539_R003_T50PQT_20230606T073506,100,,0.0,0.0,0.0,2.0,0.0,98.0,0.0,0.0,0.0,0.0,0.0,100,0,0.0,1000.0000000015134,1000.0000000002328,0.43302297592163086,0.0,,0.0,0.0,0.0,1.08,-0.56,-0.519999999999996,0.0,0.0,0.0,0.0,0.0,0.0,1.08,1000.0
5506,palawan_outer_east_small_1000_30,S2B_MSIL2A_20230606T021539_R003_T50PQT_20230606T073506,200,,0.0,0.0,0.0,0.0,0.0,100.0,0.0,0.0,0.0,0.0,0.0,25,0,0.0,1000.0000000015134,1000.0000000002328,0.37210941314697266,0.0,,0.0,0.0,0.0,-0.92,-0.56,1.480000000000004,0.0,0.0,0.0,0.0,0.0,0.0,1.480000000000004,1000.0
5513,palawan_outer_east_small_1000_30,S2B_MSIL2A_20230606T021539_R003_T50PQT_20230606T073506,500,,0.0,0.0,0.0,0.0,0.0,100.0,0.0,0.0,0.0,0.0,0.0,4,0,0.0,1000.0000000015134,1000.0000000002328,0.4579029083251953,0.0,,0.0,0.0,0.0,-0.92,-0.56,1.480000000000004,0.0,0.0,0.0,0.0,0.0,0.0,1.480000000000004,1000.0
5520,palawan_outer_east_small_1000_30,S2B_MSIL2A_20230606T021539_R003_T50PQT_20230606T073506,1000,,0.0,0.0,0.0,0.0,0.0,100.0,0.0,0.0,0.0,0.0,0.0,1,0,0.0,1000.0000000015134,1000.0000000002328,0.36956024169921875,0.0,,0.0,0.0,0.0,-0.92,-0.56,1.480000000000004,0.0,0.0,0.0,0.0,0.0,0.0,1.480000000000004,1000.0
5487,palawan_outer_east_small_1000_30,S2B_MSIL2A_20230616T021539_R003_T50PQT_20230616T083239,20,,0.0,0.0,0.0,0.0,0.0,0.0,0.0,0.08,0.0,99.92,0.0,2500,0,0.0,1000.0000000015134,1000.0000000002328,0.38325953483581543,100.0,,0.0,0.0,0.0,0.0,0.0,0.0,0.0,0.0,0.0,0.0,0.0,0.0,0.0,1000.0
5494,palawan_outer_east_small_1000_30,S2B_MSIL2A_20230616T021539_R003_T50PQT_20230616T083239,50,,0.0,0.0,0.0,0.0,0.0,0.0,0.0,0.0,0.0,100.0,0.0,400,0,0.0,1000.0000000015134,1000.0000000002328,0.4050943851470947,100.0,,0.0,0.0,0.0,0.0,0.0,0.0,0.0,-0.08,0.0,0.0799999999999983,0.0,0.0,0.0,1000.0
5501,palawan_outer_east_small_1000_30,S2B_MSIL2A_20230616T021539_R003_T50PQT_20230616T083239,100,,0.0,0.0,0.0,0.0,0.0,0.0,0.0,0.0,0.0,100.0,0.0,100,0,0.0,1000.0000000015134,1000.0000000002328,0.43302297592163086,100.0,,0.0,0.0,0.0,0.0,0.0,0.0,0.0,-0.08,0.0,0.0799999999999983,0.0,0.0,0.0,1000.0
5508,palawan_outer_east_small_1000_30,S2B_MSIL2A_20230616T021539_R003_T50PQT_20230616T083239,200,,0.0,0.0,0.0,0.0,0.0,0.0,0.0,0.0,0.0,100.0,0.0,25,0,0.0,1000.0000000015134,1000.0000000002328,0.37210941314697266,100.0,,0.0,0.0,0.0,0.0,0.0,0.0,0.0,-0.08,0.0,0.0799999999999983,0.0,0.0,0.0,1000.0
5515,palawan_outer_east_small_1000_30,S2B_MSIL2A_20230616T021539_R003_T50PQT_20230616T083239,500,,0.0,0.0,0.0,0.0,0.0,0.0,0.0,0.0,0.0,100.0,0.0,4,0,0.0,1000.0000000015134,1000.0000000002328,0.4579029083251953,100.0,,0.0,0.0,0.0,0.0,0.0,0.0,0.0,-0.08,0.0,0.0799999999999983,0.0,0.0,0.0,1000.0
5522,palawan_outer_east_small_1000_30,S2B_MSIL2A_20230616T021539_R003_T50PQT_20230616T083239,1000,,0.0,0.0,0.0,0.0,0.0,0.0,0.0,0.0,0.0,100.0,0.0,1,0,0.0,1000.0000000015134,1000.0000000002328,0.36956024169921875,100.0,,0.0,0.0,0.0,0.0,0.0,0.0,0.0,-0.08,0.0,0.0799999999999983,0.0,0.0,0.0,1000.0
5489,palawan_outer_east_small_1000_30,S2B_MSIL2A_20230626T021539_R003_T50PQT_20230626T074054,20,,0.0,0.0,0.0,0.0,0.0,0.92,0.0,18.08,0.0,81.0,0.0,2500,0,0.0,1000.0000000015134,1000.0000000002328,0.38325953483581543,99.08,,0.0,0.0,0.0,0.0,0.0,0.0,0.0,0.0,0.0,0.0,0.0,0.0,0.0,1000.0
5496,palawan_outer_east_small_1000_30,S2B_MSIL2A_20230626T021539_R003_T50PQT_20230626T074054,50,,0.0,0.0,0.0,0.0,0.0,0.75,0.0,20.5,0.0,78.75,0.0,400,0,0.0,1000.0000000015134,1000.0000000002328,0.4050943851470947,99.25,,0.0,0.0,0.0,0.0,0.0,-0.17000000000000004,0.0,2.4200000000000017,0.0,-2.25,0.0,0.1700000000000017,0.1700000000000017,1000.0
5503,palawan_outer_east_small_1000_30,S2B_MSIL2A_20230626T021539_R003_T50PQT_20230626T074054,100,,0.0,0.0,0.0,0.0,0.0,1.0,0.0,21.0,0.0,78.0,0.0,100,0,0.0,1000.0000000015134,1000.0000000002328,0.43302297592163086,99.0,,0.0,0.0,0.0,0.0,0.0,0.07999999999999996,0.0,2.9200000000000017,0.0,-3.0,0.0,-0.0799999999999983,0.07999999999999996,1000.0
5510,palawan_outer_east_small_1000_30,S2B_MSIL2A_20230626T021539_R003_T50PQT_20230626T074054,200,,0.0,0.0,0.0,0.0,0.0,0.0,0.0,28.0,0.0,72.0,0.0,25,0,0.0,1000.0000000015134,1000.0000000002328,0.37210941314697266,100.0,,0.0,0.0,0.0,0.0,0.0,-0.92,0.0,9.920000000000002,0.0,-9.0,0.0,0.9200000000000017,0.9200000000000017,1000.0
5517,palawan_outer_east_small_1000_30,S2B_MSIL2A_20230626T021539_R003_T50PQT_20230626T074054,500,,0.0,0.0,0.0,0.0,0.0,0.0,0.0,50.0,0.0,50.0,0.0,4,0,0.0,1000.0000000015134,1000.0000000002328,0.4579029083251953,100.0,,0.0,0.0,0.0,0.0,0.0,-0.92,0.0,31.92,0.0,-31.0,0.0,0.9200000000000017,0.9200000000000017,1000.0
5524,palawan_outer_east_small_1000_30,S2B_MSIL2A_20230626T021539_R003_T50PQT_20230626T074054,1000,,0.0,0.0,0.0,0.0,0.0,0.0,0.0,100.0,0.0,0.0,0.0,1,0,0.0,1000.0000000015134,1000.0000000002328,0.36956024169921875,100.0,,0.0,0.0,0.0,0.0,0.0,-0.92,0.0,81.92,0.0,-81.0,0.0,0.9200000000000017,0.9200000000000017,1000.0
5526,palawan_outer_east_small_1000_31,S2A_MSIL2A_20230601T021611_R003_T50PQT_20230601T103139,20,,0.0,0.0,0.0,0.0,0.0,0.0,0.0,100.0,0.0,0.0,0.0,2500,0,0.0,1000.0000000015134,999.9999999997672,0.38101673126220703,100.0,,0.0,0.0,0.0,0.0,0.0,0.0,0.0,0.0,0.0,0.0,0.0,0.0,0.0,1000.0
5533,palawan_outer_east_small_1000_31,S2A_MSIL2A_20230601T021611_R003_T50PQT_20230601T103139,50,,0.0,0.0,0.0,0.0,0.0,0.0,0.0,100.0,0.0,0.0,0.0,400,0,0.0,1000.0000000015134,999.9999999997672,0.385007381439209,100.0,,0.0,0.0,0.0,0.0,0.0,0.0,0.0,0.0,0.0,0.0,0.0,0.0,0.0,1000.0
5540,palawan_outer_east_small_1000_31,S2A_MSIL2A_20230601T021611_R003_T50PQT_20230601T103139,100,,0.0,0.0,0.0,0.0,0.0,0.0,0.0,100.0,0.0,0.0,0.0,100,0,0.0,1000.0000000015134,999.9999999997672,0.38921523094177246,100.0,,0.0,0.0,0.0,0.0,0.0,0.0,0.0,0.0,0.0,0.0,0.0,0.0,0.0,1000.0
5547,palawan_outer_east_small_1000_31,S2A_MSIL2A_20230601T021611_R003_T50PQT_20230601T103139,200,,0.0,0.0,0.0,0.0,0.0,0.0,0.0,100.0,0.0,0.0,0.0,25,0,0.0,1000.0000000015134,999.9999999997672,0.5819706916809082,100.0,,0.0,0.0,0.0,0.0,0.0,0.0,0.0,0.0,0.0,0.0,0.0,0.0,0.0,1000.0
5554,palawan_outer_east_small_1000_31,S2A_MSIL2A_20230601T021611_R003_T50PQT_20230601T103139,500,,0.0,0.0,0.0,0.0,0.0,0.0,0.0,100.0,0.0,0.0,0.0,4,0,0.0,1000.0000000015134,999.9999999997672,0.378570556640625,100.0,,0.0,0.0,0.0,0.0,0.0,0.0,0.0,0.0,0.0,0.0,0.0,0.0,0.0,1000.0
5561,palawan_outer_east_small_1000_31,S2A_MSIL2A_20230601T021611_R003_T50PQT_20230601T103139,1000,,0.0,0.0,0.0,0.0,0.0,0.0,0.0,100.0,0.0,0.0,0.0,1,0,0.0,1000.0000000015134,999.9999999997672,0.4246673583984375,100.0,,0.0,0.0,0.0,0.0,0.0,0.0,0.0,0.0,0.0,0.0,0.0,0.0,0.0,1000.0
5528,palawan_outer_east_small_1000_31,S2A_MSIL2A_20230611T021541_R003_T50PQT_20230611T092421,20,,0.0,0.0,0.0,0.0,0.0,0.0,0.0,100.0,0.0,0.0,0.0,2500,0,0.0,1000.0000000015134,999.9999999997672,0.38101673126220703,100.0,,0.0,0.0,0.0,0.0,0.0,0.0,0.0,0.0,0.0,0.0,0.0,0.0,0.0,1000.0
5535,palawan_outer_east_small_1000_31,S2A_MSIL2A_20230611T021541_R003_T50PQT_20230611T092421,50,,0.0,0.0,0.0,0.0,0.0,0.0,0.0,100.0,0.0,0.0,0.0,400,0,0.0,1000.0000000015134,999.9999999997672,0.385007381439209,100.0,,0.0,0.0,0.0,0.0,0.0,0.0,0.0,0.0,0.0,0.0,0.0,0.0,0.0,1000.0
5542,palawan_outer_east_small_1000_31,S2A_MSIL2A_20230611T021541_R003_T50PQT_20230611T092421,100,,0.0,0.0,0.0,0.0,0.0,0.0,0.0,100.0,0.0,0.0,0.0,100,0,0.0,1000.0000000015134,999.9999999997672,0.38921523094177246,100.0,,0.0,0.0,0.0,0.0,0.0,0.0,0.0,0.0,0.0,0.0,0.0,0.0,0.0,1000.0
5549,palawan_outer_east_small_1000_31,S2A_MSIL2A_20230611T021541_R003_T50PQT_20230611T092421,200,,0.0,0.0,0.0,0.0,0.0,0.0,0.0,100.0,0.0,0.0,0.0,25,0,0.0,1000.0000000015134,999.9999999997672,0.5819706916809082,100.0,,0.0,0.0,0.0,0.0,0.0,0.0,0.0,0.0,0.0,0.0,0.0,0.0,0.0,1000.0
5556,palawan_outer_east_small_1000_31,S2A_MSIL2A_20230611T021541_R003_T50PQT_20230611T092421,500,,0.0,0.0,0.0,0.0,0.0,0.0,0.0,100.0,0.0,0.0,0.0,4,0,0.0,1000.0000000015134,999.9999999997672,0.378570556640625,100.0,,0.0,0.0,0.0,0.0,0.0,0.0,0.0,0.0,0.0,0.0,0.0,0.0,0.0,1000.0
5563,palawan_outer_east_small_1000_31,S2A_MSIL2A_20230611T021541_R003_T50PQT_20230611T092421,1000,,0.0,0.0,0.0,0.0,0.0,0.0,0.0,100.0,0.0,0.0,0.0,1,0,0.0,1000.0000000015134,999.9999999997672,0.4246673583984375,100.0,,0.0,0.0,0.0,0.0,0.0,0.0,0.0,0.0,0.0,0.0,0.0,0.0,0.0,1000.0
5530,palawan_outer_east_small_1000_31,S2A_MSIL2A_20230621T021541_R003_T50PQT_20230621T085836,20,,0.0,0.0,0.0,0.0,0.0,100.0,0.0,0.0,0.0,0.0,0.0,2500,0,0.0,1000.0000000015134,999.9999999997672,0.38101673126220703,0.0,,0.0,0.0,0.0,0.0,0.0,0.0,0.0,0.0,0.0,0.0,0.0,0.0,0.0,1000.0
5537,palawan_outer_east_small_1000_31,S2A_MSIL2A_20230621T021541_R003_T50PQT_20230621T085836,50,,0.0,0.0,0.0,0.0,0.0,100.0,0.0,0.0,0.0,0.0,0.0,400,0,0.0,1000.0000000015134,999.9999999997672,0.385007381439209,0.0,,0.0,0.0,0.0,0.0,0.0,0.0,0.0,0.0,0.0,0.0,0.0,0.0,0.0,1000.0
5544,palawan_outer_east_small_1000_31,S2A_MSIL2A_20230621T021541_R003_T50PQT_20230621T085836,100,,0.0,0.0,0.0,0.0,0.0,100.0,0.0,0.0,0.0,0.0,0.0,100,0,0.0,1000.0000000015134,999.9999999997672,0.38921523094177246,0.0,,0.0,0.0,0.0,0.0,0.0,0.0,0.0,0.0,0.0,0.0,0.0,0.0,0.0,1000.0
5551,palawan_outer_east_small_1000_31,S2A_MSIL2A_20230621T021541_R003_T50PQT_20230621T085836,200,,0.0,0.0,0.0,0.0,0.0,100.0,0.0,0.0,0.0,0.0,0.0,25,0,0.0,1000.0000000015134,999.9999999997672,0.5819706916809082,0.0,,0.0,0.0,0.0,0.0,0.0,0.0,0.0,0.0,0.0,0.0,0.0,0.0,0.0,1000.0
5558,palawan_outer_east_small_1000_31,S2A_MSIL2A_20230621T021541_R003_T50PQT_20230621T085836,500,,0.0,0.0,0.0,0.0,0.0,100.0,0.0,0.0,0.0,0.0,0.0,4,0,0.0,1000.0000000015134,999.9999999997672,0.378570556640625,0.0,,0.0,0.0,0.0,0.0,0.0,0.0,0.0,0.0,0.0,0.0,0.0,0.0,0.0,1000.0
5565,palawan_outer_east_small_1000_31,S2A_MSIL2A_20230621T021541_R003_T50PQT_20230621T085836,1000,,0.0,0.0,0.0,0.0,0.0,100.0,0.0,0.0,0.0,0.0,0.0,1,0,0.0,1000.0000000015134,999.9999999997672,0.4246673583984375,0.0,,0.0,0.0,0.0,0.0,0.0,0.0,0.0,0.0,0.0,0.0,0.0,0.0,0.0,1000.0
5532,palawan_outer_east_small_1000_31,S2A_MSIL2A_20230701T021541_R003_T50PQT_20230701T082624,20,,0.0,0.0,0.0,0.0,0.0,0.0,0.0,0.0,0.0,100.0,0.0,2500,0,0.0,1000.0000000015134,999.9999999997672,0.38101673126220703,100.0,,0.0,0.0,0.0,0.0,0.0,0.0,0.0,0.0,0.0,0.0,0.0,0.0,0.0,1000.0
5539,palawan_outer_east_small_1000_31,S2A_MSIL2A_20230701T021541_R003_T50PQT_20230701T082624,50,,0.0,0.0,0.0,0.0,0.0,0.0,0.0,0.0,0.0,100.0,0.0,400,0,0.0,1000.0000000015134,999.9999999997672,0.385007381439209,100.0,,0.0,0.0,0.0,0.0,0.0,0.0,0.0,0.0,0.0,0.0,0.0,0.0,0.0,1000.0
5546,palawan_outer_east_small_1000_31,S2A_MSIL2A_20230701T021541_R003_T50PQT_20230701T082624,100,,0.0,0.0,0.0,0.0,0.0,0.0,0.0,0.0,0.0,100.0,0.0,100,0,0.0,1000.0000000015134,999.9999999997672,0.38921523094177246,100.0,,0.0,0.0,0.0,0.0,0.0,0.0,0.0,0.0,0.0,0.0,0.0,0.0,0.0,1000.0
5553,palawan_outer_east_small_1000_31,S2A_MSIL2A_20230701T021541_R003_T50PQT_20230701T082624,200,,0.0,0.0,0.0,0.0,0.0,0.0,0.0,0.0,0.0,100.0,0.0,25,0,0.0,1000.0000000015134,999.9999999997672,0.5819706916809082,100.0,,0.0,0.0,0.0,0.0,0.0,0.0,0.0,0.0,0.0,0.0,0.0,0.0,0.0,1000.0
5560,palawan_outer_east_small_1000_31,S2A_MSIL2A_20230701T021541_R003_T50PQT_20230701T082624,500,,0.0,0.0,0.0,0.0,0.0,0.0,0.0,0.0,0.0,100.0,0.0,4,0,0.0,1000.0000000015134,999.9999999997672,0.378570556640625,100.0,,0.0,0.0,0.0,0.0,0.0,0.0,0.0,0.0,0.0,0.0,0.0,0.0,0.0,1000.0
5567,palawan_outer_east_small_1000_31,S2A_MSIL2A_20230701T021541_R003_T50PQT_20230701T082624,1000,,0.0,0.0,0.0,0.0,0.0,0.0,0.0,0.0,0.0,100.0,0.0,1,0,0.0,1000.0000000015134,999.9999999997672,0.4246673583984375,100.0,,0.0,0.0,0.0,0.0,0.0,0.0,0.0,0.0,0.0,0.0,0.0,0.0,0.0,1000.0
5527,palawan_outer_east_small_1000_31,S2B_MSIL2A_20230606T021539_R003_T50PQT_20230606T073506,20,,0.0,0.0,0.0,0.0,0.0,100.0,0.0,0.0,0.0,0.0,0.0,2500,0,0.0,1000.0000000015134,999.9999999997672,0.38101673126220703,0.0,,0.0,0.0,0.0,0.0,0.0,0.0,0.0,0.0,0.0,0.0,0.0,0.0,0.0,1000.0
5534,palawan_outer_east_small_1000_31,S2B_MSIL2A_20230606T021539_R003_T50PQT_20230606T073506,50,,0.0,0.0,0.0,0.0,0.0,100.0,0.0,0.0,0.0,0.0,0.0,400,0,0.0,1000.0000000015134,999.9999999997672,0.385007381439209,0.0,,0.0,0.0,0.0,0.0,0.0,0.0,0.0,0.0,0.0,0.0,0.0,0.0,0.0,1000.0
5541,palawan_outer_east_small_1000_31,S2B_MSIL2A_20230606T021539_R003_T50PQT_20230606T073506,100,,0.0,0.0,0.0,0.0,0.0,100.0,0.0,0.0,0.0,0.0,0.0,100,0,0.0,1000.0000000015134,999.9999999997672,0.38921523094177246,0.0,,0.0,0.0,0.0,0.0,0.0,0.0,0.0,0.0,0.0,0.0,0.0,0.0,0.0,1000.0
5548,palawan_outer_east_small_1000_31,S2B_MSIL2A_20230606T021539_R003_T50PQT_20230606T073506,200,,0.0,0.0,0.0,0.0,0.0,100.0,0.0,0.0,0.0,0.0,0.0,25,0,0.0,1000.0000000015134,999.9999999997672,0.5819706916809082,0.0,,0.0,0.0,0.0,0.0,0.0,0.0,0.0,0.0,0.0,0.0,0.0,0.0,0.0,1000.0
5555,palawan_outer_east_small_1000_31,S2B_MSIL2A_20230606T021539_R003_T50PQT_20230606T073506,500,,0.0,0.0,0.0,0.0,0.0,100.0,0.0,0.0,0.0,0.0,0.0,4,0,0.0,1000.0000000015134,999.9999999997672,0.378570556640625,0.0,,0.0,0.0,0.0,0.0,0.0,0.0,0.0,0.0,0.0,0.0,0.0,0.0,0.0,1000.0
5562,palawan_outer_east_small_1000_31,S2B_MSIL2A_20230606T021539_R003_T50PQT_20230606T073506,1000,,0.0,0.0,0.0,0.0,0.0,100.0,0.0,0.0,0.0,0.0,0.0,1,0,0.0,1000.0000000015134,999.9999999997672,0.4246673583984375,0.0,,0.0,0.0,0.0,0.0,0.0,0.0,0.0,0.0,0.0,0.0,0.0,0.0,0.0,1000.0
5529,palawan_outer_east_small_1000_31,S2B_MSIL2A_20230616T021539_R003_T50PQT_20230616T083239,20,,0.0,0.0,0.0,0.0,0.0,0.0,0.0,0.0,0.0,100.0,0.0,2500,0,0.0,1000.0000000015134,999.9999999997672,0.38101673126220703,100.0,,0.0,0.0,0.0,0.0,0.0,0.0,0.0,0.0,0.0,0.0,0.0,0.0,0.0,1000.0
5536,palawan_outer_east_small_1000_31,S2B_MSIL2A_20230616T021539_R003_T50PQT_20230616T083239,50,,0.0,0.0,0.0,0.0,0.0,0.0,0.0,0.0,0.0,100.0,0.0,400,0,0.0,1000.0000000015134,999.9999999997672,0.385007381439209,100.0,,0.0,0.0,0.0,0.0,0.0,0.0,0.0,0.0,0.0,0.0,0.0,0.0,0.0,1000.0
5543,palawan_outer_east_small_1000_31,S2B_MSIL2A_20230616T021539_R003_T50PQT_20230616T083239,100,,0.0,0.0,0.0,0.0,0.0,0.0,0.0,0.0,0.0,100.0,0.0,100,0,0.0,1000.0000000015134,999.9999999997672,0.38921523094177246,100.0,,0.0,0.0,0.0,0.0,0.0,0.0,0.0,0.0,0.0,0.0,0.0,0.0,0.0,1000.0
5550,palawan_outer_east_small_1000_31,S2B_MSIL2A_20230616T021539_R003_T50PQT_20230616T083239,200,,0.0,0.0,0.0,0.0,0.0,0.0,0.0,0.0,0.0,100.0,0.0,25,0,0.0,1000.0000000015134,999.9999999997672,0.5819706916809082,100.0,,0.0,0.0,0.0,0.0,0.0,0.0,0.0,0.0,0.0,0.0,0.0,0.0,0.0,1000.0
5557,palawan_outer_east_small_1000_31,S2B_MSIL2A_20230616T021539_R003_T50PQT_20230616T083239,500,,0.0,0.0,0.0,0.0,0.0,0.0,0.0,0.0,0.0,100.0,0.0,4,0,0.0,1000.0000000015134,999.9999999997672,0.378570556640625,100.0,,0.0,0.0,0.0,0.0,0.0,0.0,0.0,0.0,0.0,0.0,0.0,0.0,0.0,1000.0
5564,palawan_outer_east_small_1000_31,S2B_MSIL2A_20230616T021539_R003_T50PQT_20230616T083239,1000,,0.0,0.0,0.0,0.0,0.0,0.0,0.0,0.0,0.0,100.0,0.0,1,0,0.0,1000.0000000015134,999.9999999997672,0.4246673583984375,100.0,,0.0,0.0,0.0,0.0,0.0,0.0,0.0,0.0,0.0,0.0,0.0,0.0,0.0,1000.0
5531,palawan_outer_east_small_1000_31,S2B_MSIL2A_20230626T021539_R003_T50PQT_20230626T074054,20,,0.0,0.0,0.0,0.0,0.0,0.16,0.0,0.0,0.0,99.84,0.0,2500,0,0.0,1000.0000000015134,999.9999999997672,0.38101673126220703,99.84,,0.0,0.0,0.0,0.0,0.0,0.0,0.0,0.0,0.0,0.0,0.0,0.0,0.0,1000.0
5538,palawan_outer_east_small_1000_31,S2B_MSIL2A_20230626T021539_R003_T50PQT_20230626T074054,50,,0.0,0.0,0.0,0.0,0.0,0.0,0.0,0.0,0.0,100.0,0.0,400,0,0.0,1000.0000000015134,999.9999999997672,0.385007381439209,100.0,,0.0,0.0,0.0,0.0,0.0,-0.16,0.0,0.0,0.0,0.1599999999999966,0.0,0.1599999999999966,0.16,1000.0
5545,palawan_outer_east_small_1000_31,S2B_MSIL2A_20230626T021539_R003_T50PQT_20230626T074054,100,,0.0,0.0,0.0,0.0,0.0,0.0,0.0,0.0,0.0,100.0,0.0,100,0,0.0,1000.0000000015134,999.9999999997672,0.38921523094177246,100.0,,0.0,0.0,0.0,0.0,0.0,-0.16,0.0,0.0,0.0,0.1599999999999966,0.0,0.1599999999999966,0.16,1000.0
5552,palawan_outer_east_small_1000_31,S2B_MSIL2A_20230626T021539_R003_T50PQT_20230626T074054,200,,0.0,0.0,0.0,0.0,0.0,0.0,0.0,0.0,0.0,100.0,0.0,25,0,0.0,1000.0000000015134,999.9999999997672,0.5819706916809082,100.0,,0.0,0.0,0.0,0.0,0.0,-0.16,0.0,0.0,0.0,0.1599999999999966,0.0,0.1599999999999966,0.16,1000.0
5559,palawan_outer_east_small_1000_31,S2B_MSIL2A_20230626T021539_R003_T50PQT_20230626T074054,500,,0.0,0.0,0.0,0.0,0.0,0.0,0.0,0.0,0.0,100.0,0.0,4,0,0.0,1000.0000000015134,999.9999999997672,0.378570556640625,100.0,,0.0,0.0,0.0,0.0,0.0,-0.16,0.0,0.0,0.0,0.1599999999999966,0.0,0.1599999999999966,0.16,1000.0
5566,palawan_outer_east_small_1000_31,S2B_MSIL2A_20230626T021539_R003_T50PQT_20230626T074054,1000,,0.0,0.0,0.0,0.0,0.0,0.0,0.0,0.0,0.0,100.0,0.0,1,0,0.0,1000.0000000015134,999.9999999997672,0.4246673583984375,100.0,,0.0,0.0,0.0,0.0,0.0,-0.16,0.0,0.0,0.0,0.1599999999999966,0.0,0.1599999999999966,0.16,1000.0
5568,palawan_outer_east_small_1000_32,S2A_MSIL2A_20230601T021611_R003_T50PQT_20230601T103139,20,,0.0,0.0,0.0,0.0,0.0,0.0,0.0,100.0,0.0,0.0,0.0,2500,0,0.0,1000.0000000010477,1000.0000000002328,0.38505101203918457,100.0,,0.0,0.0,0.0,0.0,0.0,0.0,0.0,0.0,0.0,0.0,0.0,0.0,0.0,1000.0
5575,palawan_outer_east_small_1000_32,S2A_MSIL2A_20230601T021611_R003_T50PQT_20230601T103139,50,,0.0,0.0,0.0,0.0,0.0,0.0,0.0,100.0,0.0,0.0,0.0,400,0,0.0,1000.0000000010477,1000.0000000002328,0.3878030776977539,100.0,,0.0,0.0,0.0,0.0,0.0,0.0,0.0,0.0,0.0,0.0,0.0,0.0,0.0,1000.0
5582,palawan_outer_east_small_1000_32,S2A_MSIL2A_20230601T021611_R003_T50PQT_20230601T103139,100,,0.0,0.0,0.0,0.0,0.0,0.0,0.0,100.0,0.0,0.0,0.0,100,0,0.0,1000.0000000010477,1000.0000000002328,0.40157485008239746,100.0,,0.0,0.0,0.0,0.0,0.0,0.0,0.0,0.0,0.0,0.0,0.0,0.0,0.0,1000.0
5589,palawan_outer_east_small_1000_32,S2A_MSIL2A_20230601T021611_R003_T50PQT_20230601T103139,200,,0.0,0.0,0.0,0.0,0.0,0.0,0.0,100.0,0.0,0.0,0.0,25,0,0.0,1000.0000000010477,1000.0000000002328,0.39261603355407715,100.0,,0.0,0.0,0.0,0.0,0.0,0.0,0.0,0.0,0.0,0.0,0.0,0.0,0.0,1000.0
5596,palawan_outer_east_small_1000_32,S2A_MSIL2A_20230601T021611_R003_T50PQT_20230601T103139,500,,0.0,0.0,0.0,0.0,0.0,0.0,0.0,100.0,0.0,0.0,0.0,4,0,0.0,1000.0000000010477,1000.0000000002328,0.42570924758911133,100.0,,0.0,0.0,0.0,0.0,0.0,0.0,0.0,0.0,0.0,0.0,0.0,0.0,0.0,1000.0
5603,palawan_outer_east_small_1000_32,S2A_MSIL2A_20230601T021611_R003_T50PQT_20230601T103139,1000,,0.0,0.0,0.0,0.0,0.0,0.0,0.0,100.0,0.0,0.0,0.0,1,0,0.0,1000.0000000010477,1000.0000000002328,0.3850090503692627,100.0,,0.0,0.0,0.0,0.0,0.0,0.0,0.0,0.0,0.0,0.0,0.0,0.0,0.0,1000.0
5570,palawan_outer_east_small_1000_32,S2A_MSIL2A_20230611T021541_R003_T50PQT_20230611T092421,20,,0.0,0.0,0.0,0.0,0.0,0.0,0.0,100.0,0.0,0.0,0.0,2500,0,0.0,1000.0000000010477,1000.0000000002328,0.38505101203918457,100.0,,0.0,0.0,0.0,0.0,0.0,0.0,0.0,0.0,0.0,0.0,0.0,0.0,0.0,1000.0
5577,palawan_outer_east_small_1000_32,S2A_MSIL2A_20230611T021541_R003_T50PQT_20230611T092421,50,,0.0,0.0,0.0,0.0,0.0,0.0,0.0,100.0,0.0,0.0,0.0,400,0,0.0,1000.0000000010477,1000.0000000002328,0.3878030776977539,100.0,,0.0,0.0,0.0,0.0,0.0,0.0,0.0,0.0,0.0,0.0,0.0,0.0,0.0,1000.0
5584,palawan_outer_east_small_1000_32,S2A_MSIL2A_20230611T021541_R003_T50PQT_20230611T092421,100,,0.0,0.0,0.0,0.0,0.0,0.0,0.0,100.0,0.0,0.0,0.0,100,0,0.0,1000.0000000010477,1000.0000000002328,0.40157485008239746,100.0,,0.0,0.0,0.0,0.0,0.0,0.0,0.0,0.0,0.0,0.0,0.0,0.0,0.0,1000.0
5591,palawan_outer_east_small_1000_32,S2A_MSIL2A_20230611T021541_R003_T50PQT_20230611T092421,200,,0.0,0.0,0.0,0.0,0.0,0.0,0.0,100.0,0.0,0.0,0.0,25,0,0.0,1000.0000000010477,1000.0000000002328,0.39261603355407715,100.0,,0.0,0.0,0.0,0.0,0.0,0.0,0.0,0.0,0.0,0.0,0.0,0.0,0.0,1000.0
5598,palawan_outer_east_small_1000_32,S2A_MSIL2A_20230611T021541_R003_T50PQT_20230611T092421,500,,0.0,0.0,0.0,0.0,0.0,0.0,0.0,100.0,0.0,0.0,0.0,4,0,0.0,1000.0000000010477,1000.0000000002328,0.42570924758911133,100.0,,0.0,0.0,0.0,0.0,0.0,0.0,0.0,0.0,0.0,0.0,0.0,0.0,0.0,1000.0
5605,palawan_outer_east_small_1000_32,S2A_MSIL2A_20230611T021541_R003_T50PQT_20230611T092421,1000,,0.0,0.0,0.0,0.0,0.0,0.0,0.0,100.0,0.0,0.0,0.0,1,0,0.0,1000.0000000010477,1000.0000000002328,0.3850090503692627,100.0,,0.0,0.0,0.0,0.0,0.0,0.0,0.0,0.0,0.0,0.0,0.0,0.0,0.0,1000.0
5572,palawan_outer_east_small_1000_32,S2A_MSIL2A_20230621T021541_R003_T50PQT_20230621T085836,20,,0.0,0.0,17.12,0.0,0.0,82.6,0.0,0.28,0.0,0.0,0.0,2500,0,0.0,1000.0000000010477,1000.0000000002328,0.38505101203918457,0.28,,0.0,0.0,0.0,0.0,0.0,0.0,0.0,0.0,0.0,0.0,0.0,0.0,0.0,1000.0
5579,palawan_outer_east_small_1000_32,S2A_MSIL2A_20230621T021541_R003_T50PQT_20230621T085836,50,,0.0,0.0,16.25,0.0,0.0,83.25,0.0,0.5,0.0,0.0,0.0,400,0,0.0,1000.0000000010477,1000.0000000002328,0.3878030776977539,0.5,,0.0,0.0,-0.870000000000001,0.0,0.0,0.6500000000000057,0.0,0.21999999999999997,0.0,0.0,0.0,0.21999999999999997,0.870000000000001,1000.0
5586,palawan_outer_east_small_1000_32,S2A_MSIL2A_20230621T021541_R003_T50PQT_20230621T085836,100,,0.0,0.0,15.0,0.0,0.0,85.0,0.0,0.0,0.0,0.0,0.0,100,0,0.0,1000.0000000010477,1000.0000000002328,0.40157485008239746,0.0,,0.0,0.0,-2.120000000000001,0.0,0.0,2.4000000000000057,0.0,-0.28,0.0,0.0,0.0,-0.28,2.4000000000000057,1000.0
5593,palawan_outer_east_small_1000_32,S2A_MSIL2A_20230621T021541_R003_T50PQT_20230621T085836,200,,0.0,0.0,20.0,0.0,0.0,80.0,0.0,0.0,0.0,0.0,0.0,25,0,0.0,1000.0000000010477,1000.0000000002328,0.39261603355407715,0.0,,0.0,0.0,2.879999999999999,0.0,0.0,-2.5999999999999943,0.0,-0.28,0.0,0.0,0.0,-0.28,2.879999999999999,1000.0
5600,palawan_outer_east_small_1000_32,S2A_MSIL2A_20230621T021541_R003_T50PQT_20230621T085836,500,,0.0,0.0,25.0,0.0,0.0,75.0,0.0,0.0,0.0,0.0,0.0,4,0,0.0,1000.0000000010477,1000.0000000002328,0.42570924758911133,0.0,,0.0,0.0,7.879999999999999,0.0,0.0,-7.599999999999994,0.0,-0.28,0.0,0.0,0.0,-0.28,7.879999999999999,1000.0
5607,palawan_outer_east_small_1000_32,S2A_MSIL2A_20230621T021541_R003_T50PQT_20230621T085836,1000,,0.0,0.0,0.0,0.0,0.0,100.0,0.0,0.0,0.0,0.0,0.0,1,0,0.0,1000.0000000010477,1000.0000000002328,0.3850090503692627,0.0,,0.0,0.0,-17.12,0.0,0.0,17.400000000000006,0.0,-0.28,0.0,0.0,0.0,-0.28,17.400000000000006,1000.0
5574,palawan_outer_east_small_1000_32,S2A_MSIL2A_20230701T021541_R003_T50PQT_20230701T082624,20,,0.0,0.0,0.0,0.0,0.0,2.68,0.0,0.48,0.0,96.84,0.0,2500,0,0.0,1000.0000000010477,1000.0000000002328,0.38505101203918457,97.32000000000001,,0.0,0.0,0.0,0.0,0.0,0.0,0.0,0.0,0.0,0.0,0.0,0.0,0.0,1000.0
5581,palawan_outer_east_small_1000_32,S2A_MSIL2A_20230701T021541_R003_T50PQT_20230701T082624,50,,0.0,0.0,0.0,0.0,0.0,1.75,0.0,0.75,0.0,97.5,0.0,400,0,0.0,1000.0000000010477,1000.0000000002328,0.3878030776977539,98.25,,0.0,0.0,0.0,0.0,0.0,-0.9300000000000002,0.0,0.27,0.0,0.6599999999999966,0.0,0.9299999999999926,0.9300000000000002,1000.0
5588,palawan_outer_east_small_1000_32,S2A_MSIL2A_20230701T021541_R003_T50PQT_20230701T082624,100,,0.0,0.0,0.0,0.0,0.0,2.0,0.0,1.0,0.0,97.0,0.0,100,0,0.0,1000.0000000010477,1000.0000000002328,0.40157485008239746,98.0,,0.0,0.0,0.0,0.0,0.0,-0.6800000000000002,0.0,0.52,0.0,0.1599999999999966,0.0,0.6799999999999926,0.6800000000000002,1000.0
5595,palawan_outer_east_small_1000_32,S2A_MSIL2A_20230701T021541_R003_T50PQT_20230701T082624,200,,0.0,0.0,0.0,0.0,0.0,0.0,0.0,0.0,0.0,100.0,0.0,25,0,0.0,1000.0000000010477,1000.0000000002328,0.39261603355407715,100.0,,0.0,0.0,0.0,0.0,0.0,-2.68,0.0,-0.48,0.0,3.1599999999999966,0.0,2.6799999999999926,2.68,1000.0
5602,palawan_outer_east_small_1000_32,S2A_MSIL2A_20230701T021541_R003_T50PQT_20230701T082624,500,,0.0,0.0,0.0,0.0,0.0,0.0,0.0,0.0,0.0,100.0,0.0,4,0,0.0,1000.0000000010477,1000.0000000002328,0.42570924758911133,100.0,,0.0,0.0,0.0,0.0,0.0,-2.68,0.0,-0.48,0.0,3.1599999999999966,0.0,2.6799999999999926,2.68,1000.0
5609,palawan_outer_east_small_1000_32,S2A_MSIL2A_20230701T021541_R003_T50PQT_20230701T082624,1000,,0.0,0.0,0.0,0.0,0.0,0.0,0.0,0.0,0.0,100.0,0.0,1,0,0.0,1000.0000000010477,1000.0000000002328,0.3850090503692627,100.0,,0.0,0.0,0.0,0.0,0.0,-2.68,0.0,-0.48,0.0,3.1599999999999966,0.0,2.6799999999999926,2.68,1000.0
5569,palawan_outer_east_small_1000_32,S2B_MSIL2A_20230606T021539_R003_T50PQT_20230606T073506,20,,0.0,0.36,0.0,11.96,0.6,86.72,0.36,0.0,0.0,0.0,0.0,2500,0,0.0,1000.0000000010477,1000.0000000002328,0.38505101203918457,0.0,,0.0,0.0,0.0,0.0,0.0,0.0,0.0,0.0,0.0,0.0,0.0,0.0,0.0,1000.0
5576,palawan_outer_east_small_1000_32,S2B_MSIL2A_20230606T021539_R003_T50PQT_20230606T073506,50,,0.0,0.5,0.0,12.0,0.5,86.75,0.25,0.0,0.0,0.0,0.0,400,0,0.0,1000.0000000010477,1000.0000000002328,0.3878030776977539,0.0,,0.0,0.14,0.0,0.03999999999999915,-0.09999999999999998,0.030000000000001137,-0.10999999999999999,0.0,0.0,0.0,0.0,0.0,0.14,1000.0
5583,palawan_outer_east_small_1000_32,S2B_MSIL2A_20230606T021539_R003_T50PQT_20230606T073506,100,,0.0,0.0,0.0,11.0,0.0,89.0,0.0,0.0,0.0,0.0,0.0,100,0,0.0,1000.0000000010477,1000.0000000002328,0.40157485008239746,0.0,,0.0,-0.36,0.0,-0.9600000000000009,-0.6,2.280000000000001,-0.36,0.0,0.0,0.0,0.0,0.0,2.280000000000001,1000.0
5590,palawan_outer_east_small_1000_32,S2B_MSIL2A_20230606T021539_R003_T50PQT_20230606T073506,200,,0.0,0.0,0.0,16.0,0.0,84.0,0.0,0.0,0.0,0.0,0.0,25,0,0.0,1000.0000000010477,1000.0000000002328,0.39261603355407715,0.0,,0.0,-0.36,0.0,4.039999999999999,-0.6,-2.719999999999999,-0.36,0.0,0.0,0.0,0.0,0.0,4.039999999999999,1000.0
5597,palawan_outer_east_small_1000_32,S2B_MSIL2A_20230606T021539_R003_T50PQT_20230606T073506,500,,0.0,0.0,0.0,0.0,0.0,100.0,0.0,0.0,0.0,0.0,0.0,4,0,0.0,1000.0000000010477,1000.0000000002328,0.42570924758911133,0.0,,0.0,-0.36,0.0,-11.96,-0.6,13.280000000000001,-0.36,0.0,0.0,0.0,0.0,0.0,13.280000000000001,1000.0
5604,palawan_outer_east_small_1000_32,S2B_MSIL2A_20230606T021539_R003_T50PQT_20230606T073506,1000,,0.0,0.0,0.0,0.0,0.0,100.0,0.0,0.0,0.0,0.0,0.0,1,0,0.0,1000.0000000010477,1000.0000000002328,0.3850090503692627,0.0,,0.0,-0.36,0.0,-11.96,-0.6,13.280000000000001,-0.36,0.0,0.0,0.0,0.0,0.0,13.280000000000001,1000.0
5571,palawan_outer_east_small_1000_32,S2B_MSIL2A_20230616T021539_R003_T50PQT_20230616T083239,20,,0.0,0.0,0.0,0.0,0.0,0.0,0.0,4.52,0.0,95.48,0.0,2500,0,0.0,1000.0000000010477,1000.0000000002328,0.38505101203918457,100.0,,0.0,0.0,0.0,0.0,0.0,0.0,0.0,0.0,0.0,0.0,0.0,0.0,0.0,1000.0
5578,palawan_outer_east_small_1000_32,S2B_MSIL2A_20230616T021539_R003_T50PQT_20230616T083239,50,,0.0,0.0,0.0,0.0,0.0,0.0,0.0,3.75,0.0,96.25,0.0,400,0,0.0,1000.0000000010477,1000.0000000002328,0.3878030776977539,100.0,,0.0,0.0,0.0,0.0,0.0,0.0,0.0,-0.7699999999999996,0.0,0.769999999999996,0.0,0.0,0.0,1000.0
5585,palawan_outer_east_small_1000_32,S2B_MSIL2A_20230616T021539_R003_T50PQT_20230616T083239,100,,0.0,0.0,0.0,0.0,0.0,0.0,0.0,0.0,0.0,100.0,0.0,100,0,0.0,1000.0000000010477,1000.0000000002328,0.40157485008239746,100.0,,0.0,0.0,0.0,0.0,0.0,0.0,0.0,-4.52,0.0,4.519999999999996,0.0,0.0,0.0,1000.0
5592,palawan_outer_east_small_1000_32,S2B_MSIL2A_20230616T021539_R003_T50PQT_20230616T083239,200,,0.0,0.0,0.0,0.0,0.0,0.0,0.0,0.0,0.0,100.0,0.0,25,0,0.0,1000.0000000010477,1000.0000000002328,0.39261603355407715,100.0,,0.0,0.0,0.0,0.0,0.0,0.0,0.0,-4.52,0.0,4.519999999999996,0.0,0.0,0.0,1000.0
5599,palawan_outer_east_small_1000_32,S2B_MSIL2A_20230616T021539_R003_T50PQT_20230616T083239,500,,0.0,0.0,0.0,0.0,0.0,0.0,0.0,0.0,0.0,100.0,0.0,4,0,0.0,1000.0000000010477,1000.0000000002328,0.42570924758911133,100.0,,0.0,0.0,0.0,0.0,0.0,0.0,0.0,-4.52,0.0,4.519999999999996,0.0,0.0,0.0,1000.0
5606,palawan_outer_east_small_1000_32,S2B_MSIL2A_20230616T021539_R003_T50PQT_20230616T083239,1000,,0.0,0.0,0.0,0.0,0.0,0.0,0.0,0.0,0.0,100.0,0.0,1,0,0.0,1000.0000000010477,1000.0000000002328,0.3850090503692627,100.0,,0.0,0.0,0.0,0.0,0.0,0.0,0.0,-4.52,0.0,4.519999999999996,0.0,0.0,0.0,1000.0
5573,palawan_outer_east_small_1000_32,S2B_MSIL2A_20230626T021539_R003_T50PQT_20230626T074054,20,,0.0,0.0,0.0,0.0,0.0,0.0,0.0,6.24,5.2,88.56,0.0,2500,0,0.0,1000.0000000010477,1000.0000000002328,0.38505101203918457,100.0,,0.0,0.0,0.0,0.0,0.0,0.0,0.0,0.0,0.0,0.0,0.0,0.0,0.0,1000.0
5580,palawan_outer_east_small_1000_32,S2B_MSIL2A_20230626T021539_R003_T50PQT_20230626T074054,50,,0.0,0.0,0.0,0.0,0.0,0.0,0.0,6.0,5.25,88.75,0.0,400,0,0.0,1000.0000000010477,1000.0000000002328,0.3878030776977539,100.0,,0.0,0.0,0.0,0.0,0.0,0.0,0.0,-0.2400000000000002,0.04999999999999982,0.18999999999999773,0.0,0.0,0.0,1000.0
5587,palawan_outer_east_small_1000_32,S2B_MSIL2A_20230626T021539_R003_T50PQT_20230626T074054,100,,0.0,0.0,0.0,0.0,0.0,0.0,0.0,6.0,3.0,91.0,0.0,100,0,0.0,1000.0000000010477,1000.0000000002328,0.40157485008239746,100.0,,0.0,0.0,0.0,0.0,0.0,0.0,0.0,-0.2400000000000002,-2.2,2.4399999999999977,0.0,0.0,0.0,1000.0
5594,palawan_outer_east_small_1000_32,S2B_MSIL2A_20230626T021539_R003_T50PQT_20230626T074054,200,,0.0,0.0,0.0,0.0,0.0,0.0,0.0,4.0,8.0,88.0,0.0,25,0,0.0,1000.0000000010477,1000.0000000002328,0.39261603355407715,100.0,,0.0,0.0,0.0,0.0,0.0,0.0,0.0,-2.24,2.8,-0.5600000000000023,0.0,0.0,0.0,1000.0
5601,palawan_outer_east_small_1000_32,S2B_MSIL2A_20230626T021539_R003_T50PQT_20230626T074054,500,,0.0,0.0,0.0,0.0,0.0,0.0,0.0,25.0,0.0,75.0,0.0,4,0,0.0,1000.0000000010477,1000.0000000002328,0.42570924758911133,100.0,,0.0,0.0,0.0,0.0,0.0,0.0,0.0,18.759999999999998,-5.2,-13.560000000000002,0.0,0.0,0.0,1000.0
5608,palawan_outer_east_small_1000_32,S2B_MSIL2A_20230626T021539_R003_T50PQT_20230626T074054,1000,,0.0,0.0,0.0,0.0,0.0,0.0,0.0,0.0,0.0,100.0,0.0,1,0,0.0,1000.0000000010477,1000.0000000002328,0.3850090503692627,100.0,,0.0,0.0,0.0,0.0,0.0,0.0,0.0,-6.24,-5.2,11.439999999999998,0.0,0.0,0.0,1000.0
5610,palawan_outer_east_small_1000_33,S2A_MSIL2A_20230601T021611_R003_T50PQT_20230601T103139,20,,0.0,0.0,0.0,0.0,0.0,0.0,0.0,100.0,0.0,0.0,0.0,2500,0,0.0,1000.000000001397,1000.0000000002328,0.5661237239837646,100.0,,0.0,0.0,0.0,0.0,0.0,0.0,0.0,0.0,0.0,0.0,0.0,0.0,0.0,1000.0
5617,palawan_outer_east_small_1000_33,S2A_MSIL2A_20230601T021611_R003_T50PQT_20230601T103139,50,,0.0,0.0,0.0,0.0,0.0,0.0,0.0,100.0,0.0,0.0,0.0,400,0,0.0,1000.000000001397,1000.0000000002328,0.4741244316101074,100.0,,0.0,0.0,0.0,0.0,0.0,0.0,0.0,0.0,0.0,0.0,0.0,0.0,0.0,1000.0
5624,palawan_outer_east_small_1000_33,S2A_MSIL2A_20230601T021611_R003_T50PQT_20230601T103139,100,,0.0,0.0,0.0,0.0,0.0,0.0,0.0,100.0,0.0,0.0,0.0,100,0,0.0,1000.000000001397,1000.0000000002328,0.3913559913635254,100.0,,0.0,0.0,0.0,0.0,0.0,0.0,0.0,0.0,0.0,0.0,0.0,0.0,0.0,1000.0
5631,palawan_outer_east_small_1000_33,S2A_MSIL2A_20230601T021611_R003_T50PQT_20230601T103139,200,,0.0,0.0,0.0,0.0,0.0,0.0,0.0,100.0,0.0,0.0,0.0,25,0,0.0,1000.000000001397,1000.0000000002328,0.42982029914855957,100.0,,0.0,0.0,0.0,0.0,0.0,0.0,0.0,0.0,0.0,0.0,0.0,0.0,0.0,1000.0
5638,palawan_outer_east_small_1000_33,S2A_MSIL2A_20230601T021611_R003_T50PQT_20230601T103139,500,,0.0,0.0,0.0,0.0,0.0,0.0,0.0,100.0,0.0,0.0,0.0,4,0,0.0,1000.000000001397,1000.0000000002328,0.3814389705657959,100.0,,0.0,0.0,0.0,0.0,0.0,0.0,0.0,0.0,0.0,0.0,0.0,0.0,0.0,1000.0
5645,palawan_outer_east_small_1000_33,S2A_MSIL2A_20230601T021611_R003_T50PQT_20230601T103139,1000,,0.0,0.0,0.0,0.0,0.0,0.0,0.0,100.0,0.0,0.0,0.0,1,0,0.0,1000.000000001397,1000.0000000002328,0.3668224811553955,100.0,,0.0,0.0,0.0,0.0,0.0,0.0,0.0,0.0,0.0,0.0,0.0,0.0,0.0,1000.0
5612,palawan_outer_east_small_1000_33,S2A_MSIL2A_20230611T021541_R003_T50PQT_20230611T092421,20,,0.0,0.0,0.0,0.0,0.0,0.0,0.0,83.64,0.04,16.32,0.0,2500,0,0.0,1000.000000001397,1000.0000000002328,0.5661237239837646,100.0,,0.0,0.0,0.0,0.0,0.0,0.0,0.0,0.0,0.0,0.0,0.0,0.0,0.0,1000.0
5619,palawan_outer_east_small_1000_33,S2A_MSIL2A_20230611T021541_R003_T50PQT_20230611T092421,50,,0.0,0.0,0.0,0.0,0.0,0.0,0.0,83.5,0.25,16.25,0.0,400,0,0.0,1000.000000001397,1000.0000000002328,0.4741244316101074,100.0,,0.0,0.0,0.0,0.0,0.0,0.0,0.0,-0.14000000000000057,0.21,-0.07000000000000028,0.0,0.0,0.0,1000.0
5626,palawan_outer_east_small_1000_33,S2A_MSIL2A_20230611T021541_R003_T50PQT_20230611T092421,100,,0.0,0.0,0.0,0.0,0.0,0.0,0.0,88.0,0.0,12.0,0.0,100,0,0.0,1000.000000001397,1000.0000000002328,0.3913559913635254,100.0,,0.0,0.0,0.0,0.0,0.0,0.0,0.0,4.359999999999999,-0.04,-4.32,0.0,0.0,0.0,1000.0
5633,palawan_outer_east_small_1000_33,S2A_MSIL2A_20230611T021541_R003_T50PQT_20230611T092421,200,,0.0,0.0,0.0,0.0,0.0,0.0,0.0,88.0,0.0,12.0,0.0,25,0,0.0,1000.000000001397,1000.0000000002328,0.42982029914855957,100.0,,0.0,0.0,0.0,0.0,0.0,0.0,0.0,4.359999999999999,-0.04,-4.32,0.0,0.0,0.0,1000.0
5640,palawan_outer_east_small_1000_33,S2A_MSIL2A_20230611T021541_R003_T50PQT_20230611T092421,500,,0.0,0.0,0.0,0.0,0.0,0.0,0.0,100.0,0.0,0.0,0.0,4,0,0.0,1000.000000001397,1000.0000000002328,0.3814389705657959,100.0,,0.0,0.0,0.0,0.0,0.0,0.0,0.0,16.36,-0.04,-16.32,0.0,0.0,0.0,1000.0
5647,palawan_outer_east_small_1000_33,S2A_MSIL2A_20230611T021541_R003_T50PQT_20230611T092421,1000,,0.0,0.0,0.0,0.0,0.0,0.0,0.0,100.0,0.0,0.0,0.0,1,0,0.0,1000.000000001397,1000.0000000002328,0.3668224811553955,100.0,,0.0,0.0,0.0,0.0,0.0,0.0,0.0,16.36,-0.04,-16.32,0.0,0.0,0.0,1000.0
5614,palawan_outer_east_small_1000_33,S2A_MSIL2A_20230621T021541_R003_T50PQT_20230621T085836,20,,0.0,0.36,36.68,5.68,0.36,54.36,2.24,0.32,0.0,0.0,0.0,2500,0,0.0,1000.000000001397,1000.0000000002328,0.5661237239837646,0.32,,0.0,0.0,0.0,0.0,0.0,0.0,0.0,0.0,0.0,0.0,0.0,0.0,0.0,1000.0
5621,palawan_outer_east_small_1000_33,S2A_MSIL2A_20230621T021541_R003_T50PQT_20230621T085836,50,,0.0,0.25,38.75,6.25,0.0,53.0,1.5,0.25,0.0,0.0,0.0,400,0,0.0,1000.000000001397,1000.0000000002328,0.4741244316101074,0.25,,0.0,-0.10999999999999999,2.0700000000000003,0.5700000000000003,-0.36,-1.3599999999999994,-0.7400000000000002,-0.07,0.0,0.0,0.0,-0.07,2.0700000000000003,1000.0
5628,palawan_outer_east_small_1000_33,S2A_MSIL2A_20230621T021541_R003_T50PQT_20230621T085836,100,,0.0,0.0,43.0,5.0,0.0,50.0,2.0,0.0,0.0,0.0,0.0,100,0,0.0,1000.000000001397,1000.0000000002328,0.3913559913635254,0.0,,0.0,-0.36,6.32,-0.6799999999999997,-0.36,-4.359999999999999,-0.2400000000000002,-0.32,0.0,0.0,0.0,-0.32,6.32,1000.0
5635,palawan_outer_east_small_1000_33,S2A_MSIL2A_20230621T021541_R003_T50PQT_20230621T085836,200,,0.0,0.0,56.0,4.0,0.0,40.0,0.0,0.0,0.0,0.0,0.0,25,0,0.0,1000.000000001397,1000.0000000002328,0.42982029914855957,0.0,,0.0,-0.36,19.32,-1.6799999999999997,-0.36,-14.36,-2.24,-0.32,0.0,0.0,0.0,-0.32,19.32,1000.0
5642,palawan_outer_east_small_1000_33,S2A_MSIL2A_20230621T021541_R003_T50PQT_20230621T085836,500,,0.0,0.0,75.0,25.0,0.0,0.0,0.0,0.0,0.0,0.0,0.0,4,0,0.0,1000.000000001397,1000.0000000002328,0.3814389705657959,0.0,,0.0,-0.36,38.32,19.32,-0.36,-54.36,-2.24,-0.32,0.0,0.0,0.0,-0.32,54.36,1000.0
5649,palawan_outer_east_small_1000_33,S2A_MSIL2A_20230621T021541_R003_T50PQT_20230621T085836,1000,,0.0,0.0,100.0,0.0,0.0,0.0,0.0,0.0,0.0,0.0,0.0,1,0,0.0,1000.000000001397,1000.0000000002328,0.3668224811553955,0.0,,0.0,-0.36,63.32,-5.68,-0.36,-54.36,-2.24,-0.32,0.0,0.0,0.0,-0.32,63.32,1000.0
5616,palawan_outer_east_small_1000_33,S2A_MSIL2A_20230701T021541_R003_T50PQT_20230701T082624,20,,0.0,0.0,0.0,0.0,0.0,18.4,0.0,6.16,2.6,72.84,0.0,2500,0,0.0,1000.000000001397,1000.0000000002328,0.5661237239837646,81.60000000000001,,0.0,0.0,0.0,0.0,0.0,0.0,0.0,0.0,0.0,0.0,0.0,0.0,0.0,1000.0
5623,palawan_outer_east_small_1000_33,S2A_MSIL2A_20230701T021541_R003_T50PQT_20230701T082624,50,,0.0,0.0,0.0,0.0,0.0,17.0,0.0,5.75,2.5,74.75,0.0,400,0,0.0,1000.000000001397,1000.0000000002328,0.4741244316101074,83.0,,0.0,0.0,0.0,0.0,0.0,-1.3999999999999986,0.0,-0.41000000000000014,-0.10000000000000009,1.9099999999999966,0.0,1.3999999999999915,1.3999999999999986,1000.0
5630,palawan_outer_east_small_1000_33,S2A_MSIL2A_20230701T021541_R003_T50PQT_20230701T082624,100,,0.0,0.0,0.0,0.0,0.0,17.0,0.0,6.0,1.0,76.0,0.0,100,0,0.0,1000.000000001397,1000.0000000002328,0.3913559913635254,83.0,,0.0,0.0,0.0,0.0,0.0,-1.3999999999999986,0.0,-0.16000000000000014,-1.6,3.1599999999999966,0.0,1.3999999999999915,1.3999999999999986,1000.0
5637,palawan_outer_east_small_1000_33,S2A_MSIL2A_20230701T021541_R003_T50PQT_20230701T082624,200,,0.0,0.0,0.0,0.0,0.0,12.0,0.0,8.0,0.0,80.0,0.0,25,0,0.0,1000.000000001397,1000.0000000002328,0.42982029914855957,88.0,,0.0,0.0,0.0,0.0,0.0,-6.399999999999999,0.0,1.8399999999999999,-2.6,7.159999999999997,0.0,6.3999999999999915,6.399999999999999,1000.0
5644,palawan_outer_east_small_1000_33,S2A_MSIL2A_20230701T021541_R003_T50PQT_20230701T082624,500,,0.0,0.0,0.0,0.0,0.0,0.0,0.0,0.0,0.0,100.0,0.0,4,0,0.0,1000.000000001397,1000.0000000002328,0.3814389705657959,100.0,,0.0,0.0,0.0,0.0,0.0,-18.4,0.0,-6.16,-2.6,27.159999999999997,0.0,18.39999999999999,18.4,1000.0
5651,palawan_outer_east_small_1000_33,S2A_MSIL2A_20230701T021541_R003_T50PQT_20230701T082624,1000,,0.0,0.0,0.0,0.0,0.0,0.0,0.0,0.0,0.0,100.0,0.0,1,0,0.0,1000.000000001397,1000.0000000002328,0.3668224811553955,100.0,,0.0,0.0,0.0,0.0,0.0,-18.4,0.0,-6.16,-2.6,27.159999999999997,0.0,18.39999999999999,18.4,1000.0
5611,palawan_outer_east_small_1000_33,S2B_MSIL2A_20230606T021539_R003_T50PQT_20230606T073506,20,,0.0,1.2,0.0,38.56,1.8,57.28,1.16,0.0,0.0,0.0,0.0,2500,0,0.0,1000.000000001397,1000.0000000002328,0.5661237239837646,0.0,,0.0,0.0,0.0,0.0,0.0,0.0,0.0,0.0,0.0,0.0,0.0,0.0,0.0,1000.0
5618,palawan_outer_east_small_1000_33,S2B_MSIL2A_20230606T021539_R003_T50PQT_20230606T073506,50,,0.0,1.0,0.0,40.5,0.5,56.75,1.25,0.0,0.0,0.0,0.0,400,0,0.0,1000.000000001397,1000.0000000002328,0.4741244316101074,0.0,,0.0,-0.19999999999999996,0.0,1.9399999999999977,-1.3,-0.5300000000000011,0.09000000000000008,0.0,0.0,0.0,0.0,0.0,1.9399999999999977,1000.0
5625,palawan_outer_east_small_1000_33,S2B_MSIL2A_20230606T021539_R003_T50PQT_20230606T073506,100,,0.0,0.0,0.0,42.0,1.0,56.0,1.0,0.0,0.0,0.0,0.0,100,0,0.0,1000.000000001397,1000.0000000002328,0.3913559913635254,0.0,,0.0,-1.2,0.0,3.4399999999999977,-0.8,-1.2800000000000011,-0.15999999999999992,0.0,0.0,0.0,0.0,0.0,3.4399999999999977,1000.0
5632,palawan_outer_east_small_1000_33,S2B_MSIL2A_20230606T021539_R003_T50PQT_20230606T073506,200,,0.0,0.0,0.0,52.0,4.0,44.0,0.0,0.0,0.0,0.0,0.0,25,0,0.0,1000.000000001397,1000.0000000002328,0.42982029914855957,0.0,,0.0,-1.2,0.0,13.439999999999998,2.2,-13.280000000000001,-1.16,0.0,0.0,0.0,0.0,0.0,13.439999999999998,1000.0
5639,palawan_outer_east_small_1000_33,S2B_MSIL2A_20230606T021539_R003_T50PQT_20230606T073506,500,,0.0,0.0,0.0,50.0,0.0,25.0,25.0,0.0,0.0,0.0,0.0,4,0,0.0,1000.000000001397,1000.0000000002328,0.3814389705657959,0.0,,0.0,-1.2,0.0,11.439999999999998,-1.8,-32.28,23.84,0.0,0.0,0.0,0.0,0.0,32.28,1000.0
5646,palawan_outer_east_small_1000_33,S2B_MSIL2A_20230606T021539_R003_T50PQT_20230606T073506,1000,,0.0,0.0,0.0,100.0,0.0,0.0,0.0,0.0,0.0,0.0,0.0,1,0,0.0,1000.000000001397,1000.0000000002328,0.3668224811553955,0.0,,0.0,-1.2,0.0,61.44,-1.8,-57.28,-1.16,0.0,0.0,0.0,0.0,0.0,61.44,1000.0
5613,palawan_outer_east_small_1000_33,S2B_MSIL2A_20230616T021539_R003_T50PQT_20230616T083239,20,,0.0,0.0,0.0,0.0,0.0,0.0,0.0,29.84,39.52,30.64,0.0,2500,0,0.0,1000.000000001397,1000.0000000002328,0.5661237239837646,100.0,,0.0,0.0,0.0,0.0,0.0,0.0,0.0,0.0,0.0,0.0,0.0,0.0,0.0,1000.0
5620,palawan_outer_east_small_1000_33,S2B_MSIL2A_20230616T021539_R003_T50PQT_20230616T083239,50,,0.0,0.0,0.0,0.0,0.0,0.0,0.0,29.25,41.25,29.5,0.0,400,0,0.0,1000.000000001397,1000.0000000002328,0.4741244316101074,100.0,,0.0,0.0,0.0,0.0,0.0,0.0,0.0,-0.5899999999999999,1.7299999999999969,-1.1400000000000006,0.0,0.0,0.0,1000.0
5627,palawan_outer_east_small_1000_33,S2B_MSIL2A_20230616T021539_R003_T50PQT_20230616T083239,100,,0.0,0.0,0.0,0.0,0.0,0.0,0.0,35.0,40.0,25.0,0.0,100,0,0.0,1000.000000001397,1000.0000000002328,0.3913559913635254,100.0,,0.0,0.0,0.0,0.0,0.0,0.0,0.0,5.16,0.4799999999999969,-5.640000000000001,0.0,0.0,0.0,1000.0
5634,palawan_outer_east_small_1000_33,S2B_MSIL2A_20230616T021539_R003_T50PQT_20230616T083239,200,,0.0,0.0,0.0,0.0,0.0,0.0,0.0,44.0,40.0,16.0,0.0,25,0,0.0,1000.000000001397,1000.0000000002328,0.42982029914855957,100.0,,0.0,0.0,0.0,0.0,0.0,0.0,0.0,14.16,0.4799999999999969,-14.64,0.0,0.0,0.0,1000.0
5641,palawan_outer_east_small_1000_33,S2B_MSIL2A_20230616T021539_R003_T50PQT_20230616T083239,500,,0.0,0.0,0.0,0.0,0.0,0.0,0.0,25.0,50.0,25.0,0.0,4,0,0.0,1000.000000001397,1000.0000000002328,0.3814389705657959,100.0,,0.0,0.0,0.0,0.0,0.0,0.0,0.0,-4.84,10.479999999999997,-5.640000000000001,0.0,0.0,0.0,1000.0
5648,palawan_outer_east_small_1000_33,S2B_MSIL2A_20230616T021539_R003_T50PQT_20230616T083239,1000,,0.0,0.0,0.0,0.0,0.0,0.0,0.0,0.0,100.0,0.0,0.0,1,0,0.0,1000.000000001397,1000.0000000002328,0.3668224811553955,100.0,,0.0,0.0,0.0,0.0,0.0,0.0,0.0,-29.84,60.48,-30.64,0.0,0.0,0.0,1000.0
5615,palawan_outer_east_small_1000_33,S2B_MSIL2A_20230626T021539_R003_T50PQT_20230626T074054,20,,0.0,0.0,0.0,0.0,0.0,0.0,0.0,26.68,22.76,50.56,0.0,2500,0,0.0,1000.000000001397,1000.0000000002328,0.5661237239837646,100.0,,0.0,0.0,0.0,0.0,0.0,0.0,0.0,0.0,0.0,0.0,0.0,0.0,0.0,1000.0
5622,palawan_outer_east_small_1000_33,S2B_MSIL2A_20230626T021539_R003_T50PQT_20230626T074054,50,,0.0,0.0,0.0,0.0,0.0,0.0,0.0,28.5,22.5,49.0,0.0,400,0,0.0,1000.000000001397,1000.0000000002328,0.4741244316101074,100.0,,0.0,0.0,0.0,0.0,0.0,0.0,0.0,1.8200000000000003,-0.26000000000000156,-1.5600000000000023,0.0,0.0,0.0,1000.0
5629,palawan_outer_east_small_1000_33,S2B_MSIL2A_20230626T021539_R003_T50PQT_20230626T074054,100,,0.0,0.0,0.0,0.0,0.0,0.0,0.0,29.0,25.0,46.0,0.0,100,0,0.0,1000.000000001397,1000.0000000002328,0.3913559913635254,100.0,,0.0,0.0,0.0,0.0,0.0,0.0,0.0,2.3200000000000003,2.2399999999999984,-4.560000000000002,0.0,0.0,0.0,1000.0
5636,palawan_outer_east_small_1000_33,S2B_MSIL2A_20230626T021539_R003_T50PQT_20230626T074054,200,,0.0,0.0,0.0,0.0,0.0,0.0,0.0,28.0,32.0,40.0,0.0,25,0,0.0,1000.000000001397,1000.0000000002328,0.42982029914855957,100.0,,0.0,0.0,0.0,0.0,0.0,0.0,0.0,1.3200000000000003,9.239999999999998,-10.560000000000002,0.0,0.0,0.0,1000.0
5643,palawan_outer_east_small_1000_33,S2B_MSIL2A_20230626T021539_R003_T50PQT_20230626T074054,500,,0.0,0.0,0.0,0.0,0.0,0.0,0.0,75.0,0.0,25.0,0.0,4,0,0.0,1000.000000001397,1000.0000000002328,0.3814389705657959,100.0,,0.0,0.0,0.0,0.0,0.0,0.0,0.0,48.32,-22.76,-25.560000000000002,0.0,0.0,0.0,1000.0
5650,palawan_outer_east_small_1000_33,S2B_MSIL2A_20230626T021539_R003_T50PQT_20230626T074054,1000,,0.0,0.0,0.0,0.0,0.0,0.0,0.0,0.0,100.0,0.0,0.0,1,0,0.0,1000.000000001397,1000.0000000002328,0.3668224811553955,100.0,,0.0,0.0,0.0,0.0,0.0,0.0,0.0,-26.68,77.24,-50.56,0.0,0.0,0.0,1000.0
5652,palawan_outer_east_small_1000_34,S2A_MSIL2A_20230601T021611_R003_T50PQT_20230601T103139,20,,0.0,0.0,0.0,0.0,0.0,0.0,0.0,100.0,0.0,0.0,0.0,2500,0,0.0,1000.0000000011642,1000.0000000004657,0.4019961357116699,100.0,,0.0,0.0,0.0,0.0,0.0,0.0,0.0,0.0,0.0,0.0,0.0,0.0,0.0,1000.0
5659,palawan_outer_east_small_1000_34,S2A_MSIL2A_20230601T021611_R003_T50PQT_20230601T103139,50,,0.0,0.0,0.0,0.0,0.0,0.0,0.0,100.0,0.0,0.0,0.0,400,0,0.0,1000.0000000011642,1000.0000000004657,0.39339232444763184,100.0,,0.0,0.0,0.0,0.0,0.0,0.0,0.0,0.0,0.0,0.0,0.0,0.0,0.0,1000.0
5666,palawan_outer_east_small_1000_34,S2A_MSIL2A_20230601T021611_R003_T50PQT_20230601T103139,100,,0.0,0.0,0.0,0.0,0.0,0.0,0.0,100.0,0.0,0.0,0.0,100,0,0.0,1000.0000000011642,1000.0000000004657,0.5022242069244385,100.0,,0.0,0.0,0.0,0.0,0.0,0.0,0.0,0.0,0.0,0.0,0.0,0.0,0.0,1000.0
5673,palawan_outer_east_small_1000_34,S2A_MSIL2A_20230601T021611_R003_T50PQT_20230601T103139,200,,0.0,0.0,0.0,0.0,0.0,0.0,0.0,100.0,0.0,0.0,0.0,25,0,0.0,1000.0000000011642,1000.0000000004657,0.3995835781097412,100.0,,0.0,0.0,0.0,0.0,0.0,0.0,0.0,0.0,0.0,0.0,0.0,0.0,0.0,1000.0
5680,palawan_outer_east_small_1000_34,S2A_MSIL2A_20230601T021611_R003_T50PQT_20230601T103139,500,,0.0,0.0,0.0,0.0,0.0,0.0,0.0,100.0,0.0,0.0,0.0,4,0,0.0,1000.0000000011642,1000.0000000004657,0.4028046131134033,100.0,,0.0,0.0,0.0,0.0,0.0,0.0,0.0,0.0,0.0,0.0,0.0,0.0,0.0,1000.0
5687,palawan_outer_east_small_1000_34,S2A_MSIL2A_20230601T021611_R003_T50PQT_20230601T103139,1000,,0.0,0.0,0.0,0.0,0.0,0.0,0.0,100.0,0.0,0.0,0.0,1,0,0.0,1000.0000000011642,1000.0000000004657,0.3993692398071289,100.0,,0.0,0.0,0.0,0.0,0.0,0.0,0.0,0.0,0.0,0.0,0.0,0.0,0.0,1000.0
5654,palawan_outer_east_small_1000_34,S2A_MSIL2A_20230611T021541_R003_T50PQT_20230611T092421,20,,0.0,0.0,0.0,0.0,0.0,0.0,0.0,2.0,0.0,98.0,0.0,2500,0,0.0,1000.0000000011642,1000.0000000004657,0.4019961357116699,100.0,,0.0,0.0,0.0,0.0,0.0,0.0,0.0,0.0,0.0,0.0,0.0,0.0,0.0,1000.0
5661,palawan_outer_east_small_1000_34,S2A_MSIL2A_20230611T021541_R003_T50PQT_20230611T092421,50,,0.0,0.0,0.0,0.0,0.0,0.0,0.0,1.75,0.0,98.25,0.0,400,0,0.0,1000.0000000011642,1000.0000000004657,0.39339232444763184,100.0,,0.0,0.0,0.0,0.0,0.0,0.0,0.0,-0.25,0.0,0.25,0.0,0.0,0.0,1000.0
5668,palawan_outer_east_small_1000_34,S2A_MSIL2A_20230611T021541_R003_T50PQT_20230611T092421,100,,0.0,0.0,0.0,0.0,0.0,0.0,0.0,4.0,0.0,96.0,0.0,100,0,0.0,1000.0000000011642,1000.0000000004657,0.5022242069244385,100.0,,0.0,0.0,0.0,0.0,0.0,0.0,0.0,2.0,0.0,-2.0,0.0,0.0,0.0,1000.0
5675,palawan_outer_east_small_1000_34,S2A_MSIL2A_20230611T021541_R003_T50PQT_20230611T092421,200,,0.0,0.0,0.0,0.0,0.0,0.0,0.0,0.0,0.0,100.0,0.0,25,0,0.0,1000.0000000011642,1000.0000000004657,0.3995835781097412,100.0,,0.0,0.0,0.0,0.0,0.0,0.0,0.0,-2.0,0.0,2.0,0.0,0.0,0.0,1000.0
5682,palawan_outer_east_small_1000_34,S2A_MSIL2A_20230611T021541_R003_T50PQT_20230611T092421,500,,0.0,0.0,0.0,0.0,0.0,0.0,0.0,0.0,0.0,100.0,0.0,4,0,0.0,1000.0000000011642,1000.0000000004657,0.4028046131134033,100.0,,0.0,0.0,0.0,0.0,0.0,0.0,0.0,-2.0,0.0,2.0,0.0,0.0,0.0,1000.0
5689,palawan_outer_east_small_1000_34,S2A_MSIL2A_20230611T021541_R003_T50PQT_20230611T092421,1000,,0.0,0.0,0.0,0.0,0.0,0.0,0.0,0.0,0.0,100.0,0.0,1,0,0.0,1000.0000000011642,1000.0000000004657,0.3993692398071289,100.0,,0.0,0.0,0.0,0.0,0.0,0.0,0.0,-2.0,0.0,2.0,0.0,0.0,0.0,1000.0
5656,palawan_outer_east_small_1000_34,S2A_MSIL2A_20230621T021541_R003_T50PQT_20230621T085836,20,,0.0,0.0,0.0,0.08,0.04,99.8,0.0,0.08,0.0,0.0,0.0,2500,0,0.0,1000.0000000011642,1000.0000000004657,0.4019961357116699,0.08,,0.0,0.0,0.0,0.0,0.0,0.0,0.0,0.0,0.0,0.0,0.0,0.0,0.0,1000.0
5663,palawan_outer_east_small_1000_34,S2A_MSIL2A_20230621T021541_R003_T50PQT_20230621T085836,50,,0.0,0.0,0.0,0.25,0.25,99.5,0.0,0.0,0.0,0.0,0.0,400,0,0.0,1000.0000000011642,1000.0000000004657,0.39339232444763184,0.0,,0.0,0.0,0.0,0.16999999999999998,0.21,-0.29999999999999716,0.0,-0.08,0.0,0.0,0.0,-0.08,0.29999999999999716,1000.0
5670,palawan_outer_east_small_1000_34,S2A_MSIL2A_20230621T021541_R003_T50PQT_20230621T085836,100,,0.0,0.0,0.0,1.0,1.0,98.0,0.0,0.0,0.0,0.0,0.0,100,0,0.0,1000.0000000011642,1000.0000000004657,0.5022242069244385,0.0,,0.0,0.0,0.0,0.92,0.96,-1.7999999999999972,0.0,-0.08,0.0,0.0,0.0,-0.08,1.7999999999999972,1000.0
5677,palawan_outer_east_small_1000_34,S2A_MSIL2A_20230621T021541_R003_T50PQT_20230621T085836,200,,0.0,0.0,0.0,0.0,0.0,100.0,0.0,0.0,0.0,0.0,0.0,25,0,0.0,1000.0000000011642,1000.0000000004657,0.3995835781097412,0.0,,0.0,0.0,0.0,-0.08,-0.04,0.20000000000000284,0.0,-0.08,0.0,0.0,0.0,-0.08,0.20000000000000284,1000.0
5684,palawan_outer_east_small_1000_34,S2A_MSIL2A_20230621T021541_R003_T50PQT_20230621T085836,500,,0.0,0.0,0.0,0.0,0.0,100.0,0.0,0.0,0.0,0.0,0.0,4,0,0.0,1000.0000000011642,1000.0000000004657,0.4028046131134033,0.0,,0.0,0.0,0.0,-0.08,-0.04,0.20000000000000284,0.0,-0.08,0.0,0.0,0.0,-0.08,0.20000000000000284,1000.0
5691,palawan_outer_east_small_1000_34,S2A_MSIL2A_20230621T021541_R003_T50PQT_20230621T085836,1000,,0.0,0.0,0.0,0.0,0.0,100.0,0.0,0.0,0.0,0.0,0.0,1,0,0.0,1000.0000000011642,1000.0000000004657,0.3993692398071289,0.0,,0.0,0.0,0.0,-0.08,-0.04,0.20000000000000284,0.0,-0.08,0.0,0.0,0.0,-0.08,0.20000000000000284,1000.0
5658,palawan_outer_east_small_1000_34,S2A_MSIL2A_20230701T021541_R003_T50PQT_20230701T082624,20,,0.0,0.0,0.0,0.0,0.0,16.16,0.0,6.96,0.2,76.68,0.0,2500,0,0.0,1000.0000000011642,1000.0000000004657,0.4019961357116699,83.84,,0.0,0.0,0.0,0.0,0.0,0.0,0.0,0.0,0.0,0.0,0.0,0.0,0.0,1000.0
5665,palawan_outer_east_small_1000_34,S2A_MSIL2A_20230701T021541_R003_T50PQT_20230701T082624,50,,0.0,0.0,0.0,0.0,0.0,14.0,0.0,8.0,0.25,77.75,0.0,400,0,0.0,1000.0000000011642,1000.0000000004657,0.39339232444763184,86.0,,0.0,0.0,0.0,0.0,0.0,-2.16,0.0,1.04,0.04999999999999999,1.0699999999999932,0.0,2.1599999999999966,2.16,1000.0
5672,palawan_outer_east_small_1000_34,S2A_MSIL2A_20230701T021541_R003_T50PQT_20230701T082624,100,,0.0,0.0,0.0,0.0,0.0,13.0,0.0,9.0,2.0,76.0,0.0,100,0,0.0,1000.0000000011642,1000.0000000004657,0.5022242069244385,87.0,,0.0,0.0,0.0,0.0,0.0,-3.16,0.0,2.04,1.8,-0.6800000000000068,0.0,3.1599999999999966,3.16,1000.0
5679,palawan_outer_east_small_1000_34,S2A_MSIL2A_20230701T021541_R003_T50PQT_20230701T082624,200,,0.0,0.0,0.0,0.0,0.0,8.0,0.0,12.0,0.0,80.0,0.0,25,0,0.0,1000.0000000011642,1000.0000000004657,0.3995835781097412,92.0,,0.0,0.0,0.0,0.0,0.0,-8.16,0.0,5.04,-0.2,3.319999999999993,0.0,8.159999999999997,8.16,1000.0
5686,palawan_outer_east_small_1000_34,S2A_MSIL2A_20230701T021541_R003_T50PQT_20230701T082624,500,,0.0,0.0,0.0,0.0,0.0,0.0,0.0,25.0,0.0,75.0,0.0,4,0,0.0,1000.0000000011642,1000.0000000004657,0.4028046131134033,100.0,,0.0,0.0,0.0,0.0,0.0,-16.16,0.0,18.04,-0.2,-1.6800000000000068,0.0,16.159999999999997,16.16,1000.0
5693,palawan_outer_east_small_1000_34,S2A_MSIL2A_20230701T021541_R003_T50PQT_20230701T082624,1000,,0.0,0.0,0.0,0.0,0.0,0.0,0.0,0.0,0.0,100.0,0.0,1,0,0.0,1000.0000000011642,1000.0000000004657,0.3993692398071289,100.0,,0.0,0.0,0.0,0.0,0.0,-16.16,0.0,-6.96,-0.2,23.319999999999993,0.0,16.159999999999997,16.16,1000.0
5653,palawan_outer_east_small_1000_34,S2B_MSIL2A_20230606T021539_R003_T50PQT_20230606T073506,20,,0.0,0.0,0.0,0.2,0.56,99.24,0.0,0.0,0.0,0.0,0.0,2500,0,0.0,1000.0000000011642,1000.0000000004657,0.4019961357116699,0.0,,0.0,0.0,0.0,0.0,0.0,0.0,0.0,0.0,0.0,0.0,0.0,0.0,0.0,1000.0
5660,palawan_outer_east_small_1000_34,S2B_MSIL2A_20230606T021539_R003_T50PQT_20230606T073506,50,,0.0,0.0,0.0,0.75,0.25,99.0,0.0,0.0,0.0,0.0,0.0,400,0,0.0,1000.0000000011642,1000.0000000004657,0.39339232444763184,0.0,,0.0,0.0,0.0,0.55,-0.31000000000000005,-0.23999999999999488,0.0,0.0,0.0,0.0,0.0,0.0,0.55,1000.0
5667,palawan_outer_east_small_1000_34,S2B_MSIL2A_20230606T021539_R003_T50PQT_20230606T073506,100,,0.0,0.0,0.0,2.0,0.0,98.0,0.0,0.0,0.0,0.0,0.0,100,0,0.0,1000.0000000011642,1000.0000000004657,0.5022242069244385,0.0,,0.0,0.0,0.0,1.8,-0.56,-1.2399999999999949,0.0,0.0,0.0,0.0,0.0,0.0,1.8,1000.0
5674,palawan_outer_east_small_1000_34,S2B_MSIL2A_20230606T021539_R003_T50PQT_20230606T073506,200,,0.0,0.0,0.0,0.0,4.0,96.0,0.0,0.0,0.0,0.0,0.0,25,0,0.0,1000.0000000011642,1000.0000000004657,0.3995835781097412,0.0,,0.0,0.0,0.0,-0.2,3.44,-3.239999999999995,0.0,0.0,0.0,0.0,0.0,0.0,3.44,1000.0
5681,palawan_outer_east_small_1000_34,S2B_MSIL2A_20230606T021539_R003_T50PQT_20230606T073506,500,,0.0,0.0,0.0,0.0,0.0,100.0,0.0,0.0,0.0,0.0,0.0,4,0,0.0,1000.0000000011642,1000.0000000004657,0.4028046131134033,0.0,,0.0,0.0,0.0,-0.2,-0.56,0.7600000000000051,0.0,0.0,0.0,0.0,0.0,0.0,0.7600000000000051,1000.0
5688,palawan_outer_east_small_1000_34,S2B_MSIL2A_20230606T021539_R003_T50PQT_20230606T073506,1000,,0.0,0.0,0.0,0.0,0.0,100.0,0.0,0.0,0.0,0.0,0.0,1,0,0.0,1000.0000000011642,1000.0000000004657,0.3993692398071289,0.0,,0.0,0.0,0.0,-0.2,-0.56,0.7600000000000051,0.0,0.0,0.0,0.0,0.0,0.0,0.7600000000000051,1000.0
5655,palawan_outer_east_small_1000_34,S2B_MSIL2A_20230616T021539_R003_T50PQT_20230616T083239,20,,0.0,0.0,0.0,0.0,0.0,0.0,0.0,0.0,0.0,100.0,0.0,2500,0,0.0,1000.0000000011642,1000.0000000004657,0.4019961357116699,100.0,,0.0,0.0,0.0,0.0,0.0,0.0,0.0,0.0,0.0,0.0,0.0,0.0,0.0,1000.0
5662,palawan_outer_east_small_1000_34,S2B_MSIL2A_20230616T021539_R003_T50PQT_20230616T083239,50,,0.0,0.0,0.0,0.0,0.0,0.0,0.0,0.0,0.0,100.0,0.0,400,0,0.0,1000.0000000011642,1000.0000000004657,0.39339232444763184,100.0,,0.0,0.0,0.0,0.0,0.0,0.0,0.0,0.0,0.0,0.0,0.0,0.0,0.0,1000.0
5669,palawan_outer_east_small_1000_34,S2B_MSIL2A_20230616T021539_R003_T50PQT_20230616T083239,100,,0.0,0.0,0.0,0.0,0.0,0.0,0.0,0.0,0.0,100.0,0.0,100,0,0.0,1000.0000000011642,1000.0000000004657,0.5022242069244385,100.0,,0.0,0.0,0.0,0.0,0.0,0.0,0.0,0.0,0.0,0.0,0.0,0.0,0.0,1000.0
5676,palawan_outer_east_small_1000_34,S2B_MSIL2A_20230616T021539_R003_T50PQT_20230616T083239,200,,0.0,0.0,0.0,0.0,0.0,0.0,0.0,0.0,0.0,100.0,0.0,25,0,0.0,1000.0000000011642,1000.0000000004657,0.3995835781097412,100.0,,0.0,0.0,0.0,0.0,0.0,0.0,0.0,0.0,0.0,0.0,0.0,0.0,0.0,1000.0
5683,palawan_outer_east_small_1000_34,S2B_MSIL2A_20230616T021539_R003_T50PQT_20230616T083239,500,,0.0,0.0,0.0,0.0,0.0,0.0,0.0,0.0,0.0,100.0,0.0,4,0,0.0,1000.0000000011642,1000.0000000004657,0.4028046131134033,100.0,,0.0,0.0,0.0,0.0,0.0,0.0,0.0,0.0,0.0,0.0,0.0,0.0,0.0,1000.0
5690,palawan_outer_east_small_1000_34,S2B_MSIL2A_20230616T021539_R003_T50PQT_20230616T083239,1000,,0.0,0.0,0.0,0.0,0.0,0.0,0.0,0.0,0.0,100.0,0.0,1,0,0.0,1000.0000000011642,1000.0000000004657,0.3993692398071289,100.0,,0.0,0.0,0.0,0.0,0.0,0.0,0.0,0.0,0.0,0.0,0.0,0.0,0.0,1000.0
5657,palawan_outer_east_small_1000_34,S2B_MSIL2A_20230626T021539_R003_T50PQT_20230626T074054,20,,0.0,0.0,0.0,0.0,0.0,0.0,0.0,5.72,0.0,94.28,0.0,2500,0,0.0,1000.0000000011642,1000.0000000004657,0.4019961357116699,100.0,,0.0,0.0,0.0,0.0,0.0,0.0,0.0,0.0,0.0,0.0,0.0,0.0,0.0,1000.0
5664,palawan_outer_east_small_1000_34,S2B_MSIL2A_20230626T021539_R003_T50PQT_20230626T074054,50,,0.0,0.0,0.0,0.0,0.0,0.0,0.0,4.5,0.0,95.5,0.0,400,0,0.0,1000.0000000011642,1000.0000000004657,0.39339232444763184,100.0,,0.0,0.0,0.0,0.0,0.0,0.0,0.0,-1.2199999999999998,0.0,1.2199999999999989,0.0,0.0,0.0,1000.0
5671,palawan_outer_east_small_1000_34,S2B_MSIL2A_20230626T021539_R003_T50PQT_20230626T074054,100,,0.0,0.0,0.0,0.0,0.0,0.0,0.0,4.0,0.0,96.0,0.0,100,0,0.0,1000.0000000011642,1000.0000000004657,0.5022242069244385,100.0,,0.0,0.0,0.0,0.0,0.0,0.0,0.0,-1.7199999999999998,0.0,1.7199999999999989,0.0,0.0,0.0,1000.0
5678,palawan_outer_east_small_1000_34,S2B_MSIL2A_20230626T021539_R003_T50PQT_20230626T074054,200,,0.0,0.0,0.0,0.0,0.0,0.0,0.0,0.0,0.0,100.0,0.0,25,0,0.0,1000.0000000011642,1000.0000000004657,0.3995835781097412,100.0,,0.0,0.0,0.0,0.0,0.0,0.0,0.0,-5.72,0.0,5.719999999999999,0.0,0.0,0.0,1000.0
5685,palawan_outer_east_small_1000_34,S2B_MSIL2A_20230626T021539_R003_T50PQT_20230626T074054,500,,0.0,0.0,0.0,0.0,0.0,0.0,0.0,0.0,0.0,100.0,0.0,4,0,0.0,1000.0000000011642,1000.0000000004657,0.4028046131134033,100.0,,0.0,0.0,0.0,0.0,0.0,0.0,0.0,-5.72,0.0,5.719999999999999,0.0,0.0,0.0,1000.0
5692,palawan_outer_east_small_1000_34,S2B_MSIL2A_20230626T021539_R003_T50PQT_20230626T074054,1000,,0.0,0.0,0.0,0.0,0.0,0.0,0.0,0.0,0.0,100.0,0.0,1,0,0.0,1000.0000000011642,1000.0000000004657,0.3993692398071289,100.0,,0.0,0.0,0.0,0.0,0.0,0.0,0.0,-5.72,0.0,5.719999999999999,0.0,0.0,0.0,1000.0
5694,palawan_outer_east_small_1000_35,S2A_MSIL2A_20230601T021611_R003_T50PQT_20230601T103139,20,,0.0,0.0,0.0,0.0,0.0,0.0,0.0,100.0,0.0,0.0,0.0,2500,0,0.0,1000.0000000023283,1000.0000000002328,0.3972632884979248,100.0,,0.0,0.0,0.0,0.0,0.0,0.0,0.0,0.0,0.0,0.0,0.0,0.0,0.0,1000.0
5701,palawan_outer_east_small_1000_35,S2A_MSIL2A_20230601T021611_R003_T50PQT_20230601T103139,50,,0.0,0.0,0.0,0.0,0.0,0.0,0.0,100.0,0.0,0.0,0.0,400,0,0.0,1000.0000000023283,1000.0000000002328,0.5149548053741455,100.0,,0.0,0.0,0.0,0.0,0.0,0.0,0.0,0.0,0.0,0.0,0.0,0.0,0.0,1000.0
5708,palawan_outer_east_small_1000_35,S2A_MSIL2A_20230601T021611_R003_T50PQT_20230601T103139,100,,0.0,0.0,0.0,0.0,0.0,0.0,0.0,100.0,0.0,0.0,0.0,100,0,0.0,1000.0000000023283,1000.0000000002328,0.39293432235717773,100.0,,0.0,0.0,0.0,0.0,0.0,0.0,0.0,0.0,0.0,0.0,0.0,0.0,0.0,1000.0
5715,palawan_outer_east_small_1000_35,S2A_MSIL2A_20230601T021611_R003_T50PQT_20230601T103139,200,,0.0,0.0,0.0,0.0,0.0,0.0,0.0,100.0,0.0,0.0,0.0,25,0,0.0,1000.0000000023283,1000.0000000002328,0.407346248626709,100.0,,0.0,0.0,0.0,0.0,0.0,0.0,0.0,0.0,0.0,0.0,0.0,0.0,0.0,1000.0
5722,palawan_outer_east_small_1000_35,S2A_MSIL2A_20230601T021611_R003_T50PQT_20230601T103139,500,,0.0,0.0,0.0,0.0,0.0,0.0,0.0,100.0,0.0,0.0,0.0,4,0,0.0,1000.0000000023283,1000.0000000002328,0.3715231418609619,100.0,,0.0,0.0,0.0,0.0,0.0,0.0,0.0,0.0,0.0,0.0,0.0,0.0,0.0,1000.0
5729,palawan_outer_east_small_1000_35,S2A_MSIL2A_20230601T021611_R003_T50PQT_20230601T103139,1000,,0.0,0.0,0.0,0.0,0.0,0.0,0.0,100.0,0.0,0.0,0.0,1,0,0.0,1000.0000000023283,1000.0000000002328,0.4195442199707031,100.0,,0.0,0.0,0.0,0.0,0.0,0.0,0.0,0.0,0.0,0.0,0.0,0.0,0.0,1000.0
5696,palawan_outer_east_small_1000_35,S2A_MSIL2A_20230611T021541_R003_T50PQT_20230611T092421,20,,0.0,0.0,0.0,0.0,0.0,0.0,0.0,0.0,0.0,100.0,0.0,2500,0,0.0,1000.0000000023283,1000.0000000002328,0.3972632884979248,100.0,,0.0,0.0,0.0,0.0,0.0,0.0,0.0,0.0,0.0,0.0,0.0,0.0,0.0,1000.0
5703,palawan_outer_east_small_1000_35,S2A_MSIL2A_20230611T021541_R003_T50PQT_20230611T092421,50,,0.0,0.0,0.0,0.0,0.0,0.0,0.0,0.0,0.0,100.0,0.0,400,0,0.0,1000.0000000023283,1000.0000000002328,0.5149548053741455,100.0,,0.0,0.0,0.0,0.0,0.0,0.0,0.0,0.0,0.0,0.0,0.0,0.0,0.0,1000.0
5710,palawan_outer_east_small_1000_35,S2A_MSIL2A_20230611T021541_R003_T50PQT_20230611T092421,100,,0.0,0.0,0.0,0.0,0.0,0.0,0.0,0.0,0.0,100.0,0.0,100,0,0.0,1000.0000000023283,1000.0000000002328,0.39293432235717773,100.0,,0.0,0.0,0.0,0.0,0.0,0.0,0.0,0.0,0.0,0.0,0.0,0.0,0.0,1000.0
5717,palawan_outer_east_small_1000_35,S2A_MSIL2A_20230611T021541_R003_T50PQT_20230611T092421,200,,0.0,0.0,0.0,0.0,0.0,0.0,0.0,0.0,0.0,100.0,0.0,25,0,0.0,1000.0000000023283,1000.0000000002328,0.407346248626709,100.0,,0.0,0.0,0.0,0.0,0.0,0.0,0.0,0.0,0.0,0.0,0.0,0.0,0.0,1000.0
5724,palawan_outer_east_small_1000_35,S2A_MSIL2A_20230611T021541_R003_T50PQT_20230611T092421,500,,0.0,0.0,0.0,0.0,0.0,0.0,0.0,0.0,0.0,100.0,0.0,4,0,0.0,1000.0000000023283,1000.0000000002328,0.3715231418609619,100.0,,0.0,0.0,0.0,0.0,0.0,0.0,0.0,0.0,0.0,0.0,0.0,0.0,0.0,1000.0
5731,palawan_outer_east_small_1000_35,S2A_MSIL2A_20230611T021541_R003_T50PQT_20230611T092421,1000,,0.0,0.0,0.0,0.0,0.0,0.0,0.0,0.0,0.0,100.0,0.0,1,0,0.0,1000.0000000023283,1000.0000000002328,0.4195442199707031,100.0,,0.0,0.0,0.0,0.0,0.0,0.0,0.0,0.0,0.0,0.0,0.0,0.0,0.0,1000.0
5698,palawan_outer_east_small_1000_35,S2A_MSIL2A_20230621T021541_R003_T50PQT_20230621T085836,20,,0.0,0.0,0.0,0.0,0.0,29.52,0.0,20.36,12.48,37.64,0.0,2500,0,0.0,1000.0000000023283,1000.0000000002328,0.3972632884979248,70.48,,0.0,0.0,0.0,0.0,0.0,0.0,0.0,0.0,0.0,0.0,0.0,0.0,0.0,1000.0
5705,palawan_outer_east_small_1000_35,S2A_MSIL2A_20230621T021541_R003_T50PQT_20230621T085836,50,,0.0,0.0,0.0,0.0,0.0,30.25,0.0,19.75,12.0,38.0,0.0,400,0,0.0,1000.0000000023283,1000.0000000002328,0.5149548053741455,69.75,,0.0,0.0,0.0,0.0,0.0,0.7300000000000004,0.0,-0.6099999999999994,-0.4800000000000004,0.35999999999999943,0.0,-0.730000000000004,0.730000000000004,1000.0
5712,palawan_outer_east_small_1000_35,S2A_MSIL2A_20230621T021541_R003_T50PQT_20230621T085836,100,,0.0,0.0,0.0,0.0,0.0,27.0,0.0,21.0,16.0,36.0,0.0,100,0,0.0,1000.0000000023283,1000.0000000002328,0.39293432235717773,73.0,,0.0,0.0,0.0,0.0,0.0,-2.5199999999999996,0.0,0.6400000000000006,3.5199999999999996,-1.6400000000000006,0.0,2.519999999999996,2.5199999999999996,1000.0
5719,palawan_outer_east_small_1000_35,S2A_MSIL2A_20230621T021541_R003_T50PQT_20230621T085836,200,,0.0,0.0,0.0,0.0,0.0,32.0,0.0,8.0,16.0,44.0,0.0,25,0,0.0,1000.0000000023283,1000.0000000002328,0.407346248626709,68.0,,0.0,0.0,0.0,0.0,0.0,2.4800000000000004,0.0,-12.36,3.5199999999999996,6.359999999999999,0.0,-2.480000000000004,2.480000000000004,1000.0
5726,palawan_outer_east_small_1000_35,S2A_MSIL2A_20230621T021541_R003_T50PQT_20230621T085836,500,,0.0,0.0,0.0,0.0,0.0,50.0,0.0,25.0,0.0,25.0,0.0,4,0,0.0,1000.0000000023283,1000.0000000002328,0.3715231418609619,50.0,,0.0,0.0,0.0,0.0,0.0,20.48,0.0,4.640000000000001,-12.48,-12.64,0.0,-20.480000000000004,20.480000000000004,1000.0
5733,palawan_outer_east_small_1000_35,S2A_MSIL2A_20230621T021541_R003_T50PQT_20230621T085836,1000,,0.0,0.0,0.0,0.0,0.0,0.0,0.0,0.0,0.0,100.0,0.0,1,0,0.0,1000.0000000023283,1000.0000000002328,0.4195442199707031,100.0,,0.0,0.0,0.0,0.0,0.0,-29.52,0.0,-20.36,-12.48,62.36,0.0,29.519999999999996,29.52,1000.0
5700,palawan_outer_east_small_1000_35,S2A_MSIL2A_20230701T021541_R003_T50PQT_20230701T082624,20,,0.0,0.0,0.0,0.0,0.0,0.0,0.0,11.52,11.96,76.52,0.0,2500,0,0.0,1000.0000000023283,1000.0000000002328,0.3972632884979248,100.0,,0.0,0.0,0.0,0.0,0.0,0.0,0.0,0.0,0.0,0.0,0.0,0.0,0.0,1000.0
5707,palawan_outer_east_small_1000_35,S2A_MSIL2A_20230701T021541_R003_T50PQT_20230701T082624,50,,0.0,0.0,0.0,0.0,0.0,0.0,0.0,11.0,10.0,79.0,0.0,400,0,0.0,1000.0000000023283,1000.0000000002328,0.5149548053741455,100.0,,0.0,0.0,0.0,0.0,0.0,0.0,0.0,-0.5199999999999996,-1.9600000000000009,2.480000000000004,0.0,0.0,0.0,1000.0
5714,palawan_outer_east_small_1000_35,S2A_MSIL2A_20230701T021541_R003_T50PQT_20230701T082624,100,,0.0,0.0,0.0,0.0,0.0,0.0,0.0,10.0,9.0,81.0,0.0,100,0,0.0,1000.0000000023283,1000.0000000002328,0.39293432235717773,100.0,,0.0,0.0,0.0,0.0,0.0,0.0,0.0,-1.5199999999999996,-2.960000000000001,4.480000000000004,0.0,0.0,0.0,1000.0
5721,palawan_outer_east_small_1000_35,S2A_MSIL2A_20230701T021541_R003_T50PQT_20230701T082624,200,,0.0,0.0,0.0,0.0,0.0,0.0,0.0,8.0,0.0,92.0,0.0,25,0,0.0,1000.0000000023283,1000.0000000002328,0.407346248626709,100.0,,0.0,0.0,0.0,0.0,0.0,0.0,0.0,-3.5199999999999996,-11.96,15.480000000000004,0.0,0.0,0.0,1000.0
5728,palawan_outer_east_small_1000_35,S2A_MSIL2A_20230701T021541_R003_T50PQT_20230701T082624,500,,0.0,0.0,0.0,0.0,0.0,0.0,0.0,0.0,0.0,100.0,0.0,4,0,0.0,1000.0000000023283,1000.0000000002328,0.3715231418609619,100.0,,0.0,0.0,0.0,0.0,0.0,0.0,0.0,-11.52,-11.96,23.480000000000004,0.0,0.0,0.0,1000.0
5735,palawan_outer_east_small_1000_35,S2A_MSIL2A_20230701T021541_R003_T50PQT_20230701T082624,1000,,0.0,0.0,0.0,0.0,0.0,0.0,0.0,0.0,0.0,100.0,0.0,1,0,0.0,1000.0000000023283,1000.0000000002328,0.4195442199707031,100.0,,0.0,0.0,0.0,0.0,0.0,0.0,0.0,-11.52,-11.96,23.480000000000004,0.0,0.0,0.0,1000.0
5695,palawan_outer_east_small_1000_35,S2B_MSIL2A_20230606T021539_R003_T50PQT_20230606T073506,20,,0.0,0.0,0.0,2.56,1.2,95.04,1.2,0.0,0.0,0.0,0.0,2500,0,0.0,1000.0000000023283,1000.0000000002328,0.3972632884979248,0.0,,0.0,0.0,0.0,0.0,0.0,0.0,0.0,0.0,0.0,0.0,0.0,0.0,0.0,1000.0
5702,palawan_outer_east_small_1000_35,S2B_MSIL2A_20230606T021539_R003_T50PQT_20230606T073506,50,,0.0,0.0,0.0,3.0,0.75,96.25,0.0,0.0,0.0,0.0,0.0,400,0,0.0,1000.0000000023283,1000.0000000002328,0.5149548053741455,0.0,,0.0,0.0,0.0,0.43999999999999995,-0.44999999999999996,1.2099999999999937,-1.2,0.0,0.0,0.0,0.0,0.0,1.2099999999999937,1000.0
5709,palawan_outer_east_small_1000_35,S2B_MSIL2A_20230606T021539_R003_T50PQT_20230606T073506,100,,0.0,0.0,0.0,6.0,1.0,93.0,0.0,0.0,0.0,0.0,0.0,100,0,0.0,1000.0000000023283,1000.0000000002328,0.39293432235717773,0.0,,0.0,0.0,0.0,3.44,-0.19999999999999996,-2.0400000000000063,-1.2,0.0,0.0,0.0,0.0,0.0,3.44,1000.0
5716,palawan_outer_east_small_1000_35,S2B_MSIL2A_20230606T021539_R003_T50PQT_20230606T073506,200,,0.0,0.0,0.0,0.0,8.0,88.0,4.0,0.0,0.0,0.0,0.0,25,0,0.0,1000.0000000023283,1000.0000000002328,0.407346248626709,0.0,,0.0,0.0,0.0,-2.56,6.8,-7.040000000000006,2.8,0.0,0.0,0.0,0.0,0.0,7.040000000000006,1000.0
5723,palawan_outer_east_small_1000_35,S2B_MSIL2A_20230606T021539_R003_T50PQT_20230606T073506,500,,0.0,0.0,0.0,0.0,0.0,100.0,0.0,0.0,0.0,0.0,0.0,4,0,0.0,1000.0000000023283,1000.0000000002328,0.3715231418609619,0.0,,0.0,0.0,0.0,-2.56,-1.2,4.959999999999994,-1.2,0.0,0.0,0.0,0.0,0.0,4.959999999999994,1000.0
5730,palawan_outer_east_small_1000_35,S2B_MSIL2A_20230606T021539_R003_T50PQT_20230606T073506,1000,,0.0,0.0,0.0,0.0,0.0,100.0,0.0,0.0,0.0,0.0,0.0,1,0,0.0,1000.0000000023283,1000.0000000002328,0.4195442199707031,0.0,,0.0,0.0,0.0,-2.56,-1.2,4.959999999999994,-1.2,0.0,0.0,0.0,0.0,0.0,4.959999999999994,1000.0
5697,palawan_outer_east_small_1000_35,S2B_MSIL2A_20230616T021539_R003_T50PQT_20230616T083239,20,,0.0,0.0,0.0,0.0,0.0,0.0,0.0,27.6,21.0,51.4,0.0,2500,0,0.0,1000.0000000023283,1000.0000000002328,0.3972632884979248,100.0,,0.0,0.0,0.0,0.0,0.0,0.0,0.0,0.0,0.0,0.0,0.0,0.0,0.0,1000.0
5704,palawan_outer_east_small_1000_35,S2B_MSIL2A_20230616T021539_R003_T50PQT_20230616T083239,50,,0.0,0.0,0.0,0.0,0.0,0.0,0.0,26.75,21.25,52.0,0.0,400,0,0.0,1000.0000000023283,1000.0000000002328,0.5149548053741455,100.0,,0.0,0.0,0.0,0.0,0.0,0.0,0.0,-0.8500000000000014,0.25,0.6000000000000014,0.0,0.0,0.0,1000.0
5711,palawan_outer_east_small_1000_35,S2B_MSIL2A_20230616T021539_R003_T50PQT_20230616T083239,100,,0.0,0.0,0.0,0.0,0.0,0.0,0.0,32.0,23.0,45.0,0.0,100,0,0.0,1000.0000000023283,1000.0000000002328,0.39293432235717773,100.0,,0.0,0.0,0.0,0.0,0.0,0.0,0.0,4.399999999999999,2.0,-6.399999999999999,0.0,0.0,0.0,1000.0
5718,palawan_outer_east_small_1000_35,S2B_MSIL2A_20230616T021539_R003_T50PQT_20230616T083239,200,,0.0,0.0,0.0,0.0,0.0,0.0,0.0,28.0,16.0,56.0,0.0,25,0,0.0,1000.0000000023283,1000.0000000002328,0.407346248626709,100.0,,0.0,0.0,0.0,0.0,0.0,0.0,0.0,0.3999999999999986,-5.0,4.600000000000001,0.0,0.0,0.0,1000.0
5725,palawan_outer_east_small_1000_35,S2B_MSIL2A_20230616T021539_R003_T50PQT_20230616T083239,500,,0.0,0.0,0.0,0.0,0.0,0.0,0.0,25.0,25.0,50.0,0.0,4,0,0.0,1000.0000000023283,1000.0000000002328,0.3715231418609619,100.0,,0.0,0.0,0.0,0.0,0.0,0.0,0.0,-2.6000000000000014,4.0,-1.3999999999999986,0.0,0.0,0.0,1000.0
5732,palawan_outer_east_small_1000_35,S2B_MSIL2A_20230616T021539_R003_T50PQT_20230616T083239,1000,,0.0,0.0,0.0,0.0,0.0,0.0,0.0,0.0,0.0,100.0,0.0,1,0,0.0,1000.0000000023283,1000.0000000002328,0.4195442199707031,100.0,,0.0,0.0,0.0,0.0,0.0,0.0,0.0,-27.6,-21.0,48.6,0.0,0.0,0.0,1000.0
5699,palawan_outer_east_small_1000_35,S2B_MSIL2A_20230626T021539_R003_T50PQT_20230626T074054,20,,0.0,0.0,0.0,0.0,0.0,0.0,0.0,95.0,5.0,0.0,0.0,2500,0,0.0,1000.0000000023283,1000.0000000002328,0.3972632884979248,100.0,,0.0,0.0,0.0,0.0,0.0,0.0,0.0,0.0,0.0,0.0,0.0,0.0,0.0,1000.0
5706,palawan_outer_east_small_1000_35,S2B_MSIL2A_20230626T021539_R003_T50PQT_20230626T074054,50,,0.0,0.0,0.0,0.0,0.0,0.0,0.0,94.5,5.5,0.0,0.0,400,0,0.0,1000.0000000023283,1000.0000000002328,0.5149548053741455,100.0,,0.0,0.0,0.0,0.0,0.0,0.0,0.0,-0.5,0.5,0.0,0.0,0.0,0.0,1000.0
5713,palawan_outer_east_small_1000_35,S2B_MSIL2A_20230626T021539_R003_T50PQT_20230626T074054,100,,0.0,0.0,0.0,0.0,0.0,0.0,0.0,93.0,7.0,0.0,0.0,100,0,0.0,1000.0000000023283,1000.0000000002328,0.39293432235717773,100.0,,0.0,0.0,0.0,0.0,0.0,0.0,0.0,-2.0,2.0,0.0,0.0,0.0,0.0,1000.0
5720,palawan_outer_east_small_1000_35,S2B_MSIL2A_20230626T021539_R003_T50PQT_20230626T074054,200,,0.0,0.0,0.0,0.0,0.0,0.0,0.0,92.0,8.0,0.0,0.0,25,0,0.0,1000.0000000023283,1000.0000000002328,0.407346248626709,100.0,,0.0,0.0,0.0,0.0,0.0,0.0,0.0,-3.0,3.0,0.0,0.0,0.0,0.0,1000.0
5727,palawan_outer_east_small_1000_35,S2B_MSIL2A_20230626T021539_R003_T50PQT_20230626T074054,500,,0.0,0.0,0.0,0.0,0.0,0.0,0.0,100.0,0.0,0.0,0.0,4,0,0.0,1000.0000000023283,1000.0000000002328,0.3715231418609619,100.0,,0.0,0.0,0.0,0.0,0.0,0.0,0.0,5.0,-5.0,0.0,0.0,0.0,0.0,1000.0
5734,palawan_outer_east_small_1000_35,S2B_MSIL2A_20230626T021539_R003_T50PQT_20230626T074054,1000,,0.0,0.0,0.0,0.0,0.0,0.0,0.0,100.0,0.0,0.0,0.0,1,0,0.0,1000.0000000023283,1000.0000000002328,0.4195442199707031,100.0,,0.0,0.0,0.0,0.0,0.0,0.0,0.0,5.0,-5.0,0.0,0.0,0.0,0.0,1000.0
5736,palawan_outer_east_small_1000_36,S2A_MSIL2A_20230601T021611_R003_T50PQT_20230601T103139,20,,0.0,0.0,0.0,0.0,0.0,0.0,0.0,100.0,0.0,0.0,0.0,2500,0,0.0,1000.0000000004657,1000.0,0.39154577255249023,100.0,,0.0,0.0,0.0,0.0,0.0,0.0,0.0,0.0,0.0,0.0,0.0,0.0,0.0,1000.0
5743,palawan_outer_east_small_1000_36,S2A_MSIL2A_20230601T021611_R003_T50PQT_20230601T103139,50,,0.0,0.0,0.0,0.0,0.0,0.0,0.0,100.0,0.0,0.0,0.0,400,0,0.0,1000.0000000004657,1000.0,0.3821902275085449,100.0,,0.0,0.0,0.0,0.0,0.0,0.0,0.0,0.0,0.0,0.0,0.0,0.0,0.0,1000.0
5750,palawan_outer_east_small_1000_36,S2A_MSIL2A_20230601T021611_R003_T50PQT_20230601T103139,100,,0.0,0.0,0.0,0.0,0.0,0.0,0.0,100.0,0.0,0.0,0.0,100,0,0.0,1000.0000000004657,1000.0,0.3811194896697998,100.0,,0.0,0.0,0.0,0.0,0.0,0.0,0.0,0.0,0.0,0.0,0.0,0.0,0.0,1000.0
5757,palawan_outer_east_small_1000_36,S2A_MSIL2A_20230601T021611_R003_T50PQT_20230601T103139,200,,0.0,0.0,0.0,0.0,0.0,0.0,0.0,100.0,0.0,0.0,0.0,25,0,0.0,1000.0000000004657,1000.0,0.3767967224121094,100.0,,0.0,0.0,0.0,0.0,0.0,0.0,0.0,0.0,0.0,0.0,0.0,0.0,0.0,1000.0
5764,palawan_outer_east_small_1000_36,S2A_MSIL2A_20230601T021611_R003_T50PQT_20230601T103139,500,,0.0,0.0,0.0,0.0,0.0,0.0,0.0,100.0,0.0,0.0,0.0,4,0,0.0,1000.0000000004657,1000.0,0.4022824764251709,100.0,,0.0,0.0,0.0,0.0,0.0,0.0,0.0,0.0,0.0,0.0,0.0,0.0,0.0,1000.0
5771,palawan_outer_east_small_1000_36,S2A_MSIL2A_20230601T021611_R003_T50PQT_20230601T103139,1000,,0.0,0.0,0.0,0.0,0.0,0.0,0.0,100.0,0.0,0.0,0.0,1,0,0.0,1000.0000000004657,1000.0,0.36936092376708984,100.0,,0.0,0.0,0.0,0.0,0.0,0.0,0.0,0.0,0.0,0.0,0.0,0.0,0.0,1000.0
5738,palawan_outer_east_small_1000_36,S2A_MSIL2A_20230611T021541_R003_T50PQT_20230611T092421,20,,0.0,0.0,0.0,0.0,0.0,0.0,0.0,0.0,0.0,100.0,0.0,2500,0,0.0,1000.0000000004657,1000.0,0.39154577255249023,100.0,,0.0,0.0,0.0,0.0,0.0,0.0,0.0,0.0,0.0,0.0,0.0,0.0,0.0,1000.0
5745,palawan_outer_east_small_1000_36,S2A_MSIL2A_20230611T021541_R003_T50PQT_20230611T092421,50,,0.0,0.0,0.0,0.0,0.0,0.0,0.0,0.0,0.0,100.0,0.0,400,0,0.0,1000.0000000004657,1000.0,0.3821902275085449,100.0,,0.0,0.0,0.0,0.0,0.0,0.0,0.0,0.0,0.0,0.0,0.0,0.0,0.0,1000.0
5752,palawan_outer_east_small_1000_36,S2A_MSIL2A_20230611T021541_R003_T50PQT_20230611T092421,100,,0.0,0.0,0.0,0.0,0.0,0.0,0.0,0.0,0.0,100.0,0.0,100,0,0.0,1000.0000000004657,1000.0,0.3811194896697998,100.0,,0.0,0.0,0.0,0.0,0.0,0.0,0.0,0.0,0.0,0.0,0.0,0.0,0.0,1000.0
5759,palawan_outer_east_small_1000_36,S2A_MSIL2A_20230611T021541_R003_T50PQT_20230611T092421,200,,0.0,0.0,0.0,0.0,0.0,0.0,0.0,0.0,0.0,100.0,0.0,25,0,0.0,1000.0000000004657,1000.0,0.3767967224121094,100.0,,0.0,0.0,0.0,0.0,0.0,0.0,0.0,0.0,0.0,0.0,0.0,0.0,0.0,1000.0
5766,palawan_outer_east_small_1000_36,S2A_MSIL2A_20230611T021541_R003_T50PQT_20230611T092421,500,,0.0,0.0,0.0,0.0,0.0,0.0,0.0,0.0,0.0,100.0,0.0,4,0,0.0,1000.0000000004657,1000.0,0.4022824764251709,100.0,,0.0,0.0,0.0,0.0,0.0,0.0,0.0,0.0,0.0,0.0,0.0,0.0,0.0,1000.0
5773,palawan_outer_east_small_1000_36,S2A_MSIL2A_20230611T021541_R003_T50PQT_20230611T092421,1000,,0.0,0.0,0.0,0.0,0.0,0.0,0.0,0.0,0.0,100.0,0.0,1,0,0.0,1000.0000000004657,1000.0,0.36936092376708984,100.0,,0.0,0.0,0.0,0.0,0.0,0.0,0.0,0.0,0.0,0.0,0.0,0.0,0.0,1000.0
5740,palawan_outer_east_small_1000_36,S2A_MSIL2A_20230621T021541_R003_T50PQT_20230621T085836,20,,0.0,0.0,0.0,0.0,0.0,21.6,0.0,71.96,5.96,0.48,0.0,2500,0,0.0,1000.0000000004657,1000.0,0.39154577255249023,78.39999999999999,,0.0,0.0,0.0,0.0,0.0,0.0,0.0,0.0,0.0,0.0,0.0,0.0,0.0,1000.0
5747,palawan_outer_east_small_1000_36,S2A_MSIL2A_20230621T021541_R003_T50PQT_20230621T085836,50,,0.0,0.0,0.0,0.0,0.0,23.75,0.0,71.25,4.5,0.5,0.0,400,0,0.0,1000.0000000004657,1000.0,0.3821902275085449,76.25,,0.0,0.0,0.0,0.0,0.0,2.1499999999999986,0.0,-0.7099999999999937,-1.46,0.020000000000000018,0.0,-2.1499999999999915,2.1499999999999986,1000.0
5754,palawan_outer_east_small_1000_36,S2A_MSIL2A_20230621T021541_R003_T50PQT_20230621T085836,100,,0.0,0.0,0.0,0.0,0.0,24.0,0.0,72.0,3.0,1.0,0.0,100,0,0.0,1000.0000000004657,1000.0,0.3811194896697998,76.0,,0.0,0.0,0.0,0.0,0.0,2.3999999999999986,0.0,0.04000000000000625,-2.96,0.52,0.0,-2.3999999999999915,2.3999999999999986,1000.0
5761,palawan_outer_east_small_1000_36,S2A_MSIL2A_20230621T021541_R003_T50PQT_20230621T085836,200,,0.0,0.0,0.0,0.0,0.0,28.0,0.0,72.0,0.0,0.0,0.0,25,0,0.0,1000.0000000004657,1000.0,0.3767967224121094,72.0,,0.0,0.0,0.0,0.0,0.0,6.399999999999999,0.0,0.04000000000000625,-5.96,-0.48,0.0,-6.3999999999999915,6.399999999999999,1000.0
5768,palawan_outer_east_small_1000_36,S2A_MSIL2A_20230621T021541_R003_T50PQT_20230621T085836,500,,0.0,0.0,0.0,0.0,0.0,50.0,0.0,50.0,0.0,0.0,0.0,4,0,0.0,1000.0000000004657,1000.0,0.4022824764251709,50.0,,0.0,0.0,0.0,0.0,0.0,28.4,0.0,-21.959999999999994,-5.96,-0.48,0.0,-28.39999999999999,28.4,1000.0
5775,palawan_outer_east_small_1000_36,S2A_MSIL2A_20230621T021541_R003_T50PQT_20230621T085836,1000,,0.0,0.0,0.0,0.0,0.0,100.0,0.0,0.0,0.0,0.0,0.0,1,0,0.0,1000.0000000004657,1000.0,0.36936092376708984,0.0,,0.0,0.0,0.0,0.0,0.0,78.4,0.0,-71.96,-5.96,-0.48,0.0,-78.39999999999999,78.4,1000.0
5742,palawan_outer_east_small_1000_36,S2A_MSIL2A_20230701T021541_R003_T50PQT_20230701T082624,20,,0.0,0.0,0.0,0.0,0.0,0.0,0.0,3.32,1.8,94.88,0.0,2500,0,0.0,1000.0000000004657,1000.0,0.39154577255249023,100.0,,0.0,0.0,0.0,0.0,0.0,0.0,0.0,0.0,0.0,0.0,0.0,0.0,0.0,1000.0
5749,palawan_outer_east_small_1000_36,S2A_MSIL2A_20230701T021541_R003_T50PQT_20230701T082624,50,,0.0,0.0,0.0,0.0,0.0,0.0,0.0,3.0,2.0,95.0,0.0,400,0,0.0,1000.0000000004657,1000.0,0.3821902275085449,100.0,,0.0,0.0,0.0,0.0,0.0,0.0,0.0,-0.31999999999999984,0.19999999999999996,0.12000000000000455,0.0,0.0,0.0,1000.0
5756,palawan_outer_east_small_1000_36,S2A_MSIL2A_20230701T021541_R003_T50PQT_20230701T082624,100,,0.0,0.0,0.0,0.0,0.0,0.0,0.0,4.0,3.0,93.0,0.0,100,0,0.0,1000.0000000004657,1000.0,0.3811194896697998,100.0,,0.0,0.0,0.0,0.0,0.0,0.0,0.0,0.6800000000000002,1.2,-1.8799999999999955,0.0,0.0,0.0,1000.0
5763,palawan_outer_east_small_1000_36,S2A_MSIL2A_20230701T021541_R003_T50PQT_20230701T082624,200,,0.0,0.0,0.0,0.0,0.0,0.0,0.0,4.0,0.0,96.0,0.0,25,0,0.0,1000.0000000004657,1000.0,0.3767967224121094,100.0,,0.0,0.0,0.0,0.0,0.0,0.0,0.0,0.6800000000000002,-1.8,1.1200000000000045,0.0,0.0,0.0,1000.0
5770,palawan_outer_east_small_1000_36,S2A_MSIL2A_20230701T021541_R003_T50PQT_20230701T082624,500,,0.0,0.0,0.0,0.0,0.0,0.0,0.0,0.0,0.0,100.0,0.0,4,0,0.0,1000.0000000004657,1000.0,0.4022824764251709,100.0,,0.0,0.0,0.0,0.0,0.0,0.0,0.0,-3.32,-1.8,5.1200000000000045,0.0,0.0,0.0,1000.0
5777,palawan_outer_east_small_1000_36,S2A_MSIL2A_20230701T021541_R003_T50PQT_20230701T082624,1000,,0.0,0.0,0.0,0.0,0.0,0.0,0.0,0.0,0.0,100.0,0.0,1,0,0.0,1000.0000000004657,1000.0,0.36936092376708984,100.0,,0.0,0.0,0.0,0.0,0.0,0.0,0.0,-3.32,-1.8,5.1200000000000045,0.0,0.0,0.0,1000.0
5737,palawan_outer_east_small_1000_36,S2B_MSIL2A_20230606T021539_R003_T50PQT_20230606T073506,20,,0.0,0.0,0.0,0.0,0.0,100.0,0.0,0.0,0.0,0.0,0.0,2500,0,0.0,1000.0000000004657,1000.0,0.39154577255249023,0.0,,0.0,0.0,0.0,0.0,0.0,0.0,0.0,0.0,0.0,0.0,0.0,0.0,0.0,1000.0
5744,palawan_outer_east_small_1000_36,S2B_MSIL2A_20230606T021539_R003_T50PQT_20230606T073506,50,,0.0,0.0,0.0,0.0,0.0,100.0,0.0,0.0,0.0,0.0,0.0,400,0,0.0,1000.0000000004657,1000.0,0.3821902275085449,0.0,,0.0,0.0,0.0,0.0,0.0,0.0,0.0,0.0,0.0,0.0,0.0,0.0,0.0,1000.0
5751,palawan_outer_east_small_1000_36,S2B_MSIL2A_20230606T021539_R003_T50PQT_20230606T073506,100,,0.0,0.0,0.0,0.0,0.0,100.0,0.0,0.0,0.0,0.0,0.0,100,0,0.0,1000.0000000004657,1000.0,0.3811194896697998,0.0,,0.0,0.0,0.0,0.0,0.0,0.0,0.0,0.0,0.0,0.0,0.0,0.0,0.0,1000.0
5758,palawan_outer_east_small_1000_36,S2B_MSIL2A_20230606T021539_R003_T50PQT_20230606T073506,200,,0.0,0.0,0.0,0.0,0.0,100.0,0.0,0.0,0.0,0.0,0.0,25,0,0.0,1000.0000000004657,1000.0,0.3767967224121094,0.0,,0.0,0.0,0.0,0.0,0.0,0.0,0.0,0.0,0.0,0.0,0.0,0.0,0.0,1000.0
5765,palawan_outer_east_small_1000_36,S2B_MSIL2A_20230606T021539_R003_T50PQT_20230606T073506,500,,0.0,0.0,0.0,0.0,0.0,100.0,0.0,0.0,0.0,0.0,0.0,4,0,0.0,1000.0000000004657,1000.0,0.4022824764251709,0.0,,0.0,0.0,0.0,0.0,0.0,0.0,0.0,0.0,0.0,0.0,0.0,0.0,0.0,1000.0
5772,palawan_outer_east_small_1000_36,S2B_MSIL2A_20230606T021539_R003_T50PQT_20230606T073506,1000,,0.0,0.0,0.0,0.0,0.0,100.0,0.0,0.0,0.0,0.0,0.0,1,0,0.0,1000.0000000004657,1000.0,0.36936092376708984,0.0,,0.0,0.0,0.0,0.0,0.0,0.0,0.0,0.0,0.0,0.0,0.0,0.0,0.0,1000.0
5739,palawan_outer_east_small_1000_36,S2B_MSIL2A_20230616T021539_R003_T50PQT_20230616T083239,20,,0.0,0.0,0.0,0.0,0.0,0.0,0.0,0.0,0.0,100.0,0.0,2500,0,0.0,1000.0000000004657,1000.0,0.39154577255249023,100.0,,0.0,0.0,0.0,0.0,0.0,0.0,0.0,0.0,0.0,0.0,0.0,0.0,0.0,1000.0
5746,palawan_outer_east_small_1000_36,S2B_MSIL2A_20230616T021539_R003_T50PQT_20230616T083239,50,,0.0,0.0,0.0,0.0,0.0,0.0,0.0,0.0,0.0,100.0,0.0,400,0,0.0,1000.0000000004657,1000.0,0.3821902275085449,100.0,,0.0,0.0,0.0,0.0,0.0,0.0,0.0,0.0,0.0,0.0,0.0,0.0,0.0,1000.0
5753,palawan_outer_east_small_1000_36,S2B_MSIL2A_20230616T021539_R003_T50PQT_20230616T083239,100,,0.0,0.0,0.0,0.0,0.0,0.0,0.0,0.0,0.0,100.0,0.0,100,0,0.0,1000.0000000004657,1000.0,0.3811194896697998,100.0,,0.0,0.0,0.0,0.0,0.0,0.0,0.0,0.0,0.0,0.0,0.0,0.0,0.0,1000.0
5760,palawan_outer_east_small_1000_36,S2B_MSIL2A_20230616T021539_R003_T50PQT_20230616T083239,200,,0.0,0.0,0.0,0.0,0.0,0.0,0.0,0.0,0.0,100.0,0.0,25,0,0.0,1000.0000000004657,1000.0,0.3767967224121094,100.0,,0.0,0.0,0.0,0.0,0.0,0.0,0.0,0.0,0.0,0.0,0.0,0.0,0.0,1000.0
5767,palawan_outer_east_small_1000_36,S2B_MSIL2A_20230616T021539_R003_T50PQT_20230616T083239,500,,0.0,0.0,0.0,0.0,0.0,0.0,0.0,0.0,0.0,100.0,0.0,4,0,0.0,1000.0000000004657,1000.0,0.4022824764251709,100.0,,0.0,0.0,0.0,0.0,0.0,0.0,0.0,0.0,0.0,0.0,0.0,0.0,0.0,1000.0
5774,palawan_outer_east_small_1000_36,S2B_MSIL2A_20230616T021539_R003_T50PQT_20230616T083239,1000,,0.0,0.0,0.0,0.0,0.0,0.0,0.0,0.0,0.0,100.0,0.0,1,0,0.0,1000.0000000004657,1000.0,0.36936092376708984,100.0,,0.0,0.0,0.0,0.0,0.0,0.0,0.0,0.0,0.0,0.0,0.0,0.0,0.0,1000.0
5741,palawan_outer_east_small_1000_36,S2B_MSIL2A_20230626T021539_R003_T50PQT_20230626T074054,20,,0.0,0.0,0.0,0.0,0.0,0.0,0.0,100.0,0.0,0.0,0.0,2500,0,0.0,1000.0000000004657,1000.0,0.39154577255249023,100.0,,0.0,0.0,0.0,0.0,0.0,0.0,0.0,0.0,0.0,0.0,0.0,0.0,0.0,1000.0
5748,palawan_outer_east_small_1000_36,S2B_MSIL2A_20230626T021539_R003_T50PQT_20230626T074054,50,,0.0,0.0,0.0,0.0,0.0,0.0,0.0,100.0,0.0,0.0,0.0,400,0,0.0,1000.0000000004657,1000.0,0.3821902275085449,100.0,,0.0,0.0,0.0,0.0,0.0,0.0,0.0,0.0,0.0,0.0,0.0,0.0,0.0,1000.0
5755,palawan_outer_east_small_1000_36,S2B_MSIL2A_20230626T021539_R003_T50PQT_20230626T074054,100,,0.0,0.0,0.0,0.0,0.0,0.0,0.0,100.0,0.0,0.0,0.0,100,0,0.0,1000.0000000004657,1000.0,0.3811194896697998,100.0,,0.0,0.0,0.0,0.0,0.0,0.0,0.0,0.0,0.0,0.0,0.0,0.0,0.0,1000.0
5762,palawan_outer_east_small_1000_36,S2B_MSIL2A_20230626T021539_R003_T50PQT_20230626T074054,200,,0.0,0.0,0.0,0.0,0.0,0.0,0.0,100.0,0.0,0.0,0.0,25,0,0.0,1000.0000000004657,1000.0,0.3767967224121094,100.0,,0.0,0.0,0.0,0.0,0.0,0.0,0.0,0.0,0.0,0.0,0.0,0.0,0.0,1000.0
5769,palawan_outer_east_small_1000_36,S2B_MSIL2A_20230626T021539_R003_T50PQT_20230626T074054,500,,0.0,0.0,0.0,0.0,0.0,0.0,0.0,100.0,0.0,0.0,0.0,4,0,0.0,1000.0000000004657,1000.0,0.4022824764251709,100.0,,0.0,0.0,0.0,0.0,0.0,0.0,0.0,0.0,0.0,0.0,0.0,0.0,0.0,1000.0
5776,palawan_outer_east_small_1000_36,S2B_MSIL2A_20230626T021539_R003_T50PQT_20230626T074054,1000,,0.0,0.0,0.0,0.0,0.0,0.0,0.0,100.0,0.0,0.0,0.0,1,0,0.0,1000.0000000004657,1000.0,0.36936092376708984,100.0,,0.0,0.0,0.0,0.0,0.0,0.0,0.0,0.0,0.0,0.0,0.0,0.0,0.0,1000.0
5778,palawan_outer_east_small_1000_37,S2A_MSIL2A_20230601T021611_R003_T50PQT_20230601T103139,20,,0.0,0.0,0.0,0.0,0.0,0.0,0.0,100.0,0.0,0.0,0.0,2500,0,0.0,1000.0000000002328,1000.0,0.38059449195861816,100.0,,0.0,0.0,0.0,0.0,0.0,0.0,0.0,0.0,0.0,0.0,0.0,0.0,0.0,1000.0
5785,palawan_outer_east_small_1000_37,S2A_MSIL2A_20230601T021611_R003_T50PQT_20230601T103139,50,,0.0,0.0,0.0,0.0,0.0,0.0,0.0,100.0,0.0,0.0,0.0,400,0,0.0,1000.0000000002328,1000.0,0.39029836654663086,100.0,,0.0,0.0,0.0,0.0,0.0,0.0,0.0,0.0,0.0,0.0,0.0,0.0,0.0,1000.0
5792,palawan_outer_east_small_1000_37,S2A_MSIL2A_20230601T021611_R003_T50PQT_20230601T103139,100,,0.0,0.0,0.0,0.0,0.0,0.0,0.0,100.0,0.0,0.0,0.0,100,0,0.0,1000.0000000002328,1000.0,0.3682713508605957,100.0,,0.0,0.0,0.0,0.0,0.0,0.0,0.0,0.0,0.0,0.0,0.0,0.0,0.0,1000.0
5799,palawan_outer_east_small_1000_37,S2A_MSIL2A_20230601T021611_R003_T50PQT_20230601T103139,200,,0.0,0.0,0.0,0.0,0.0,0.0,0.0,100.0,0.0,0.0,0.0,25,0,0.0,1000.0000000002328,1000.0,0.4286661148071289,100.0,,0.0,0.0,0.0,0.0,0.0,0.0,0.0,0.0,0.0,0.0,0.0,0.0,0.0,1000.0
5806,palawan_outer_east_small_1000_37,S2A_MSIL2A_20230601T021611_R003_T50PQT_20230601T103139,500,,0.0,0.0,0.0,0.0,0.0,0.0,0.0,100.0,0.0,0.0,0.0,4,0,0.0,1000.0000000002328,1000.0,0.3976318836212158,100.0,,0.0,0.0,0.0,0.0,0.0,0.0,0.0,0.0,0.0,0.0,0.0,0.0,0.0,1000.0
5813,palawan_outer_east_small_1000_37,S2A_MSIL2A_20230601T021611_R003_T50PQT_20230601T103139,1000,,0.0,0.0,0.0,0.0,0.0,0.0,0.0,100.0,0.0,0.0,0.0,1,0,0.0,1000.0000000002328,1000.0,0.5369472503662109,100.0,,0.0,0.0,0.0,0.0,0.0,0.0,0.0,0.0,0.0,0.0,0.0,0.0,0.0,1000.0
5780,palawan_outer_east_small_1000_37,S2A_MSIL2A_20230611T021541_R003_T50PQT_20230611T092421,20,,0.0,0.0,0.0,0.0,0.0,0.0,0.0,6.88,0.0,93.12,0.0,2500,0,0.0,1000.0000000002328,1000.0,0.38059449195861816,100.0,,0.0,0.0,0.0,0.0,0.0,0.0,0.0,0.0,0.0,0.0,0.0,0.0,0.0,1000.0
5787,palawan_outer_east_small_1000_37,S2A_MSIL2A_20230611T021541_R003_T50PQT_20230611T092421,50,,0.0,0.0,0.0,0.0,0.0,0.0,0.0,5.75,0.0,94.25,0.0,400,0,0.0,1000.0000000002328,1000.0,0.39029836654663086,100.0,,0.0,0.0,0.0,0.0,0.0,0.0,0.0,-1.13,0.0,1.1299999999999955,0.0,0.0,0.0,1000.0
5794,palawan_outer_east_small_1000_37,S2A_MSIL2A_20230611T021541_R003_T50PQT_20230611T092421,100,,0.0,0.0,0.0,0.0,0.0,0.0,0.0,5.0,0.0,95.0,0.0,100,0,0.0,1000.0000000002328,1000.0,0.3682713508605957,100.0,,0.0,0.0,0.0,0.0,0.0,0.0,0.0,-1.88,0.0,1.8799999999999955,0.0,0.0,0.0,1000.0
5801,palawan_outer_east_small_1000_37,S2A_MSIL2A_20230611T021541_R003_T50PQT_20230611T092421,200,,0.0,0.0,0.0,0.0,0.0,0.0,0.0,4.0,0.0,96.0,0.0,25,0,0.0,1000.0000000002328,1000.0,0.4286661148071289,100.0,,0.0,0.0,0.0,0.0,0.0,0.0,0.0,-2.88,0.0,2.8799999999999955,0.0,0.0,0.0,1000.0
5808,palawan_outer_east_small_1000_37,S2A_MSIL2A_20230611T021541_R003_T50PQT_20230611T092421,500,,0.0,0.0,0.0,0.0,0.0,0.0,0.0,0.0,0.0,100.0,0.0,4,0,0.0,1000.0000000002328,1000.0,0.3976318836212158,100.0,,0.0,0.0,0.0,0.0,0.0,0.0,0.0,-6.88,0.0,6.8799999999999955,0.0,0.0,0.0,1000.0
5815,palawan_outer_east_small_1000_37,S2A_MSIL2A_20230611T021541_R003_T50PQT_20230611T092421,1000,,0.0,0.0,0.0,0.0,0.0,0.0,0.0,0.0,0.0,100.0,0.0,1,0,0.0,1000.0000000002328,1000.0,0.5369472503662109,100.0,,0.0,0.0,0.0,0.0,0.0,0.0,0.0,-6.88,0.0,6.8799999999999955,0.0,0.0,0.0,1000.0
5782,palawan_outer_east_small_1000_37,S2A_MSIL2A_20230621T021541_R003_T50PQT_20230621T085836,20,,0.0,0.0,0.0,0.0,0.04,95.08,0.0,4.88,0.0,0.0,0.0,2500,0,0.0,1000.0000000002328,1000.0,0.38059449195861816,4.88,,0.0,0.0,0.0,0.0,0.0,0.0,0.0,0.0,0.0,0.0,0.0,0.0,0.0,1000.0
5789,palawan_outer_east_small_1000_37,S2A_MSIL2A_20230621T021541_R003_T50PQT_20230621T085836,50,,0.0,0.0,0.0,0.0,0.0,94.25,0.0,5.75,0.0,0.0,0.0,400,0,0.0,1000.0000000002328,1000.0,0.39029836654663086,5.75,,0.0,0.0,0.0,0.0,-0.04,-0.8299999999999983,0.0,0.8700000000000001,0.0,0.0,0.0,0.8700000000000001,0.8700000000000001,1000.0
5796,palawan_outer_east_small_1000_37,S2A_MSIL2A_20230621T021541_R003_T50PQT_20230621T085836,100,,0.0,0.0,0.0,0.0,0.0,90.0,0.0,10.0,0.0,0.0,0.0,100,0,0.0,1000.0000000002328,1000.0,0.3682713508605957,10.0,,0.0,0.0,0.0,0.0,-0.04,-5.079999999999998,0.0,5.12,0.0,0.0,0.0,5.12,5.12,1000.0
5803,palawan_outer_east_small_1000_37,S2A_MSIL2A_20230621T021541_R003_T50PQT_20230621T085836,200,,0.0,0.0,0.0,0.0,0.0,88.0,0.0,12.0,0.0,0.0,0.0,25,0,0.0,1000.0000000002328,1000.0,0.4286661148071289,12.0,,0.0,0.0,0.0,0.0,-0.04,-7.079999999999998,0.0,7.12,0.0,0.0,0.0,7.12,7.12,1000.0
5810,palawan_outer_east_small_1000_37,S2A_MSIL2A_20230621T021541_R003_T50PQT_20230621T085836,500,,0.0,0.0,0.0,0.0,0.0,100.0,0.0,0.0,0.0,0.0,0.0,4,0,0.0,1000.0000000002328,1000.0,0.3976318836212158,0.0,,0.0,0.0,0.0,0.0,-0.04,4.920000000000002,0.0,-4.88,0.0,0.0,0.0,-4.88,4.920000000000002,1000.0
5817,palawan_outer_east_small_1000_37,S2A_MSIL2A_20230621T021541_R003_T50PQT_20230621T085836,1000,,0.0,0.0,0.0,0.0,0.0,100.0,0.0,0.0,0.0,0.0,0.0,1,0,0.0,1000.0000000002328,1000.0,0.5369472503662109,0.0,,0.0,0.0,0.0,0.0,-0.04,4.920000000000002,0.0,-4.88,0.0,0.0,0.0,-4.88,4.920000000000002,1000.0
5784,palawan_outer_east_small_1000_37,S2A_MSIL2A_20230701T021541_R003_T50PQT_20230701T082624,20,,0.0,0.0,0.0,0.0,0.0,0.0,0.0,0.0,0.0,100.0,0.0,2500,0,0.0,1000.0000000002328,1000.0,0.38059449195861816,100.0,,0.0,0.0,0.0,0.0,0.0,0.0,0.0,0.0,0.0,0.0,0.0,0.0,0.0,1000.0
5791,palawan_outer_east_small_1000_37,S2A_MSIL2A_20230701T021541_R003_T50PQT_20230701T082624,50,,0.0,0.0,0.0,0.0,0.0,0.0,0.0,0.0,0.0,100.0,0.0,400,0,0.0,1000.0000000002328,1000.0,0.39029836654663086,100.0,,0.0,0.0,0.0,0.0,0.0,0.0,0.0,0.0,0.0,0.0,0.0,0.0,0.0,1000.0
5798,palawan_outer_east_small_1000_37,S2A_MSIL2A_20230701T021541_R003_T50PQT_20230701T082624,100,,0.0,0.0,0.0,0.0,0.0,0.0,0.0,0.0,0.0,100.0,0.0,100,0,0.0,1000.0000000002328,1000.0,0.3682713508605957,100.0,,0.0,0.0,0.0,0.0,0.0,0.0,0.0,0.0,0.0,0.0,0.0,0.0,0.0,1000.0
5805,palawan_outer_east_small_1000_37,S2A_MSIL2A_20230701T021541_R003_T50PQT_20230701T082624,200,,0.0,0.0,0.0,0.0,0.0,0.0,0.0,0.0,0.0,100.0,0.0,25,0,0.0,1000.0000000002328,1000.0,0.4286661148071289,100.0,,0.0,0.0,0.0,0.0,0.0,0.0,0.0,0.0,0.0,0.0,0.0,0.0,0.0,1000.0
5812,palawan_outer_east_small_1000_37,S2A_MSIL2A_20230701T021541_R003_T50PQT_20230701T082624,500,,0.0,0.0,0.0,0.0,0.0,0.0,0.0,0.0,0.0,100.0,0.0,4,0,0.0,1000.0000000002328,1000.0,0.3976318836212158,100.0,,0.0,0.0,0.0,0.0,0.0,0.0,0.0,0.0,0.0,0.0,0.0,0.0,0.0,1000.0
5819,palawan_outer_east_small_1000_37,S2A_MSIL2A_20230701T021541_R003_T50PQT_20230701T082624,1000,,0.0,0.0,0.0,0.0,0.0,0.0,0.0,0.0,0.0,100.0,0.0,1,0,0.0,1000.0000000002328,1000.0,0.5369472503662109,100.0,,0.0,0.0,0.0,0.0,0.0,0.0,0.0,0.0,0.0,0.0,0.0,0.0,0.0,1000.0
5779,palawan_outer_east_small_1000_37,S2B_MSIL2A_20230606T021539_R003_T50PQT_20230606T073506,20,,0.0,0.0,0.0,0.0,0.28,99.72,0.0,0.0,0.0,0.0,0.0,2500,0,0.0,1000.0000000002328,1000.0,0.38059449195861816,0.0,,0.0,0.0,0.0,0.0,0.0,0.0,0.0,0.0,0.0,0.0,0.0,0.0,0.0,1000.0
5786,palawan_outer_east_small_1000_37,S2B_MSIL2A_20230606T021539_R003_T50PQT_20230606T073506,50,,0.0,0.0,0.0,0.0,0.0,100.0,0.0,0.0,0.0,0.0,0.0,400,0,0.0,1000.0000000002328,1000.0,0.39029836654663086,0.0,,0.0,0.0,0.0,0.0,-0.28,0.28000000000000114,0.0,0.0,0.0,0.0,0.0,0.0,0.28000000000000114,1000.0
5793,palawan_outer_east_small_1000_37,S2B_MSIL2A_20230606T021539_R003_T50PQT_20230606T073506,100,,0.0,0.0,0.0,0.0,0.0,100.0,0.0,0.0,0.0,0.0,0.0,100,0,0.0,1000.0000000002328,1000.0,0.3682713508605957,0.0,,0.0,0.0,0.0,0.0,-0.28,0.28000000000000114,0.0,0.0,0.0,0.0,0.0,0.0,0.28000000000000114,1000.0
5800,palawan_outer_east_small_1000_37,S2B_MSIL2A_20230606T021539_R003_T50PQT_20230606T073506,200,,0.0,0.0,0.0,0.0,0.0,100.0,0.0,0.0,0.0,0.0,0.0,25,0,0.0,1000.0000000002328,1000.0,0.4286661148071289,0.0,,0.0,0.0,0.0,0.0,-0.28,0.28000000000000114,0.0,0.0,0.0,0.0,0.0,0.0,0.28000000000000114,1000.0
5807,palawan_outer_east_small_1000_37,S2B_MSIL2A_20230606T021539_R003_T50PQT_20230606T073506,500,,0.0,0.0,0.0,0.0,0.0,100.0,0.0,0.0,0.0,0.0,0.0,4,0,0.0,1000.0000000002328,1000.0,0.3976318836212158,0.0,,0.0,0.0,0.0,0.0,-0.28,0.28000000000000114,0.0,0.0,0.0,0.0,0.0,0.0,0.28000000000000114,1000.0
5814,palawan_outer_east_small_1000_37,S2B_MSIL2A_20230606T021539_R003_T50PQT_20230606T073506,1000,,0.0,0.0,0.0,0.0,0.0,100.0,0.0,0.0,0.0,0.0,0.0,1,0,0.0,1000.0000000002328,1000.0,0.5369472503662109,0.0,,0.0,0.0,0.0,0.0,-0.28,0.28000000000000114,0.0,0.0,0.0,0.0,0.0,0.0,0.28000000000000114,1000.0
5781,palawan_outer_east_small_1000_37,S2B_MSIL2A_20230616T021539_R003_T50PQT_20230616T083239,20,,0.0,0.0,0.0,0.0,0.0,0.0,0.0,0.04,0.0,99.96,0.0,2500,0,0.0,1000.0000000002328,1000.0,0.38059449195861816,100.0,,0.0,0.0,0.0,0.0,0.0,0.0,0.0,0.0,0.0,0.0,0.0,0.0,0.0,1000.0
5788,palawan_outer_east_small_1000_37,S2B_MSIL2A_20230616T021539_R003_T50PQT_20230616T083239,50,,0.0,0.0,0.0,0.0,0.0,0.0,0.0,0.0,0.0,100.0,0.0,400,0,0.0,1000.0000000002328,1000.0,0.39029836654663086,100.0,,0.0,0.0,0.0,0.0,0.0,0.0,0.0,-0.04,0.0,0.04000000000000625,0.0,0.0,0.0,1000.0
5795,palawan_outer_east_small_1000_37,S2B_MSIL2A_20230616T021539_R003_T50PQT_20230616T083239,100,,0.0,0.0,0.0,0.0,0.0,0.0,0.0,0.0,0.0,100.0,0.0,100,0,0.0,1000.0000000002328,1000.0,0.3682713508605957,100.0,,0.0,0.0,0.0,0.0,0.0,0.0,0.0,-0.04,0.0,0.04000000000000625,0.0,0.0,0.0,1000.0
5802,palawan_outer_east_small_1000_37,S2B_MSIL2A_20230616T021539_R003_T50PQT_20230616T083239,200,,0.0,0.0,0.0,0.0,0.0,0.0,0.0,0.0,0.0,100.0,0.0,25,0,0.0,1000.0000000002328,1000.0,0.4286661148071289,100.0,,0.0,0.0,0.0,0.0,0.0,0.0,0.0,-0.04,0.0,0.04000000000000625,0.0,0.0,0.0,1000.0
5809,palawan_outer_east_small_1000_37,S2B_MSIL2A_20230616T021539_R003_T50PQT_20230616T083239,500,,0.0,0.0,0.0,0.0,0.0,0.0,0.0,0.0,0.0,100.0,0.0,4,0,0.0,1000.0000000002328,1000.0,0.3976318836212158,100.0,,0.0,0.0,0.0,0.0,0.0,0.0,0.0,-0.04,0.0,0.04000000000000625,0.0,0.0,0.0,1000.0
5816,palawan_outer_east_small_1000_37,S2B_MSIL2A_20230616T021539_R003_T50PQT_20230616T083239,1000,,0.0,0.0,0.0,0.0,0.0,0.0,0.0,0.0,0.0,100.0,0.0,1,0,0.0,1000.0000000002328,1000.0,0.5369472503662109,100.0,,0.0,0.0,0.0,0.0,0.0,0.0,0.0,-0.04,0.0,0.04000000000000625,0.0,0.0,0.0,1000.0
5783,palawan_outer_east_small_1000_37,S2B_MSIL2A_20230626T021539_R003_T50PQT_20230626T074054,20,,0.0,0.0,0.0,0.0,0.0,0.0,0.0,97.28,0.0,2.72,0.0,2500,0,0.0,1000.0000000002328,1000.0,0.38059449195861816,100.0,,0.0,0.0,0.0,0.0,0.0,0.0,0.0,0.0,0.0,0.0,0.0,0.0,0.0,1000.0
5790,palawan_outer_east_small_1000_37,S2B_MSIL2A_20230626T021539_R003_T50PQT_20230626T074054,50,,0.0,0.0,0.0,0.0,0.0,0.0,0.0,98.25,0.0,1.75,0.0,400,0,0.0,1000.0000000002328,1000.0,0.39029836654663086,100.0,,0.0,0.0,0.0,0.0,0.0,0.0,0.0,0.9699999999999989,0.0,-0.9700000000000002,0.0,0.0,0.0,1000.0
5797,palawan_outer_east_small_1000_37,S2B_MSIL2A_20230626T021539_R003_T50PQT_20230626T074054,100,,0.0,0.0,0.0,0.0,0.0,0.0,0.0,99.0,0.0,1.0,0.0,100,0,0.0,1000.0000000002328,1000.0,0.3682713508605957,100.0,,0.0,0.0,0.0,0.0,0.0,0.0,0.0,1.7199999999999989,0.0,-1.7200000000000002,0.0,0.0,0.0,1000.0
5804,palawan_outer_east_small_1000_37,S2B_MSIL2A_20230626T021539_R003_T50PQT_20230626T074054,200,,0.0,0.0,0.0,0.0,0.0,0.0,0.0,100.0,0.0,0.0,0.0,25,0,0.0,1000.0000000002328,1000.0,0.4286661148071289,100.0,,0.0,0.0,0.0,0.0,0.0,0.0,0.0,2.719999999999999,0.0,-2.72,0.0,0.0,0.0,1000.0
5811,palawan_outer_east_small_1000_37,S2B_MSIL2A_20230626T021539_R003_T50PQT_20230626T074054,500,,0.0,0.0,0.0,0.0,0.0,0.0,0.0,100.0,0.0,0.0,0.0,4,0,0.0,1000.0000000002328,1000.0,0.3976318836212158,100.0,,0.0,0.0,0.0,0.0,0.0,0.0,0.0,2.719999999999999,0.0,-2.72,0.0,0.0,0.0,1000.0
5818,palawan_outer_east_small_1000_37,S2B_MSIL2A_20230626T021539_R003_T50PQT_20230626T074054,1000,,0.0,0.0,0.0,0.0,0.0,0.0,0.0,100.0,0.0,0.0,0.0,1,0,0.0,1000.0000000002328,1000.0,0.5369472503662109,100.0,,0.0,0.0,0.0,0.0,0.0,0.0,0.0,2.719999999999999,0.0,-2.72,0.0,0.0,0.0,1000.0
5820,palawan_outer_east_small_1000_38,S2A_MSIL2A_20230601T021611_R003_T50PQT_20230601T103139,20,,0.0,0.0,0.0,0.0,0.0,0.0,0.0,100.0,0.0,0.0,0.0,2500,0,0.0,1000.0000000002328,1000.0000000002328,0.3875877857208252,100.0,,0.0,0.0,0.0,0.0,0.0,0.0,0.0,0.0,0.0,0.0,0.0,0.0,0.0,1000.0
5827,palawan_outer_east_small_1000_38,S2A_MSIL2A_20230601T021611_R003_T50PQT_20230601T103139,50,,0.0,0.0,0.0,0.0,0.0,0.0,0.0,100.0,0.0,0.0,0.0,400,0,0.0,1000.0000000002328,1000.0000000002328,0.4503748416900635,100.0,,0.0,0.0,0.0,0.0,0.0,0.0,0.0,0.0,0.0,0.0,0.0,0.0,0.0,1000.0
5834,palawan_outer_east_small_1000_38,S2A_MSIL2A_20230601T021611_R003_T50PQT_20230601T103139,100,,0.0,0.0,0.0,0.0,0.0,0.0,0.0,100.0,0.0,0.0,0.0,100,0,0.0,1000.0000000002328,1000.0000000002328,0.3971078395843506,100.0,,0.0,0.0,0.0,0.0,0.0,0.0,0.0,0.0,0.0,0.0,0.0,0.0,0.0,1000.0
5841,palawan_outer_east_small_1000_38,S2A_MSIL2A_20230601T021611_R003_T50PQT_20230601T103139,200,,0.0,0.0,0.0,0.0,0.0,0.0,0.0,100.0,0.0,0.0,0.0,25,0,0.0,1000.0000000002328,1000.0000000002328,0.3671717643737793,100.0,,0.0,0.0,0.0,0.0,0.0,0.0,0.0,0.0,0.0,0.0,0.0,0.0,0.0,1000.0
5848,palawan_outer_east_small_1000_38,S2A_MSIL2A_20230601T021611_R003_T50PQT_20230601T103139,500,,0.0,0.0,0.0,0.0,0.0,0.0,0.0,100.0,0.0,0.0,0.0,4,0,0.0,1000.0000000002328,1000.0000000002328,0.38784241676330566,100.0,,0.0,0.0,0.0,0.0,0.0,0.0,0.0,0.0,0.0,0.0,0.0,0.0,0.0,1000.0
5855,palawan_outer_east_small_1000_38,S2A_MSIL2A_20230601T021611_R003_T50PQT_20230601T103139,1000,,0.0,0.0,0.0,0.0,0.0,0.0,0.0,100.0,0.0,0.0,0.0,1,0,0.0,1000.0000000002328,1000.0000000002328,0.4001796245574951,100.0,,0.0,0.0,0.0,0.0,0.0,0.0,0.0,0.0,0.0,0.0,0.0,0.0,0.0,1000.0
5822,palawan_outer_east_small_1000_38,S2A_MSIL2A_20230611T021541_R003_T50PQT_20230611T092421,20,,0.0,0.0,0.0,0.0,0.0,0.0,0.0,71.4,0.0,28.6,0.0,2500,0,0.0,1000.0000000002328,1000.0000000002328,0.3875877857208252,100.0,,0.0,0.0,0.0,0.0,0.0,0.0,0.0,0.0,0.0,0.0,0.0,0.0,0.0,1000.0
5829,palawan_outer_east_small_1000_38,S2A_MSIL2A_20230611T021541_R003_T50PQT_20230611T092421,50,,0.0,0.0,0.0,0.0,0.0,0.0,0.0,70.25,0.0,29.75,0.0,400,0,0.0,1000.0000000002328,1000.0000000002328,0.4503748416900635,100.0,,0.0,0.0,0.0,0.0,0.0,0.0,0.0,-1.1500000000000057,0.0,1.1499999999999986,0.0,0.0,0.0,1000.0
5836,palawan_outer_east_small_1000_38,S2A_MSIL2A_20230611T021541_R003_T50PQT_20230611T092421,100,,0.0,0.0,0.0,0.0,0.0,0.0,0.0,66.0,0.0,34.0,0.0,100,0,0.0,1000.0000000002328,1000.0000000002328,0.3971078395843506,100.0,,0.0,0.0,0.0,0.0,0.0,0.0,0.0,-5.400000000000006,0.0,5.399999999999999,0.0,0.0,0.0,1000.0
5843,palawan_outer_east_small_1000_38,S2A_MSIL2A_20230611T021541_R003_T50PQT_20230611T092421,200,,0.0,0.0,0.0,0.0,0.0,0.0,0.0,56.0,0.0,44.0,0.0,25,0,0.0,1000.0000000002328,1000.0000000002328,0.3671717643737793,100.0,,0.0,0.0,0.0,0.0,0.0,0.0,0.0,-15.400000000000006,0.0,15.399999999999999,0.0,0.0,0.0,1000.0
5850,palawan_outer_east_small_1000_38,S2A_MSIL2A_20230611T021541_R003_T50PQT_20230611T092421,500,,0.0,0.0,0.0,0.0,0.0,0.0,0.0,25.0,0.0,75.0,0.0,4,0,0.0,1000.0000000002328,1000.0000000002328,0.38784241676330566,100.0,,0.0,0.0,0.0,0.0,0.0,0.0,0.0,-46.400000000000006,0.0,46.4,0.0,0.0,0.0,1000.0
5857,palawan_outer_east_small_1000_38,S2A_MSIL2A_20230611T021541_R003_T50PQT_20230611T092421,1000,,0.0,0.0,0.0,0.0,0.0,0.0,0.0,0.0,0.0,100.0,0.0,1,0,0.0,1000.0000000002328,1000.0000000002328,0.4001796245574951,100.0,,0.0,0.0,0.0,0.0,0.0,0.0,0.0,-71.4,0.0,71.4,0.0,0.0,0.0,1000.0
5824,palawan_outer_east_small_1000_38,S2A_MSIL2A_20230621T021541_R003_T50PQT_20230621T085836,20,,0.0,0.0,0.0,0.0,0.0,100.0,0.0,0.0,0.0,0.0,0.0,2500,0,0.0,1000.0000000002328,1000.0000000002328,0.3875877857208252,0.0,,0.0,0.0,0.0,0.0,0.0,0.0,0.0,0.0,0.0,0.0,0.0,0.0,0.0,1000.0
5831,palawan_outer_east_small_1000_38,S2A_MSIL2A_20230621T021541_R003_T50PQT_20230621T085836,50,,0.0,0.0,0.0,0.0,0.0,100.0,0.0,0.0,0.0,0.0,0.0,400,0,0.0,1000.0000000002328,1000.0000000002328,0.4503748416900635,0.0,,0.0,0.0,0.0,0.0,0.0,0.0,0.0,0.0,0.0,0.0,0.0,0.0,0.0,1000.0
5838,palawan_outer_east_small_1000_38,S2A_MSIL2A_20230621T021541_R003_T50PQT_20230621T085836,100,,0.0,0.0,0.0,0.0,0.0,100.0,0.0,0.0,0.0,0.0,0.0,100,0,0.0,1000.0000000002328,1000.0000000002328,0.3971078395843506,0.0,,0.0,0.0,0.0,0.0,0.0,0.0,0.0,0.0,0.0,0.0,0.0,0.0,0.0,1000.0
5845,palawan_outer_east_small_1000_38,S2A_MSIL2A_20230621T021541_R003_T50PQT_20230621T085836,200,,0.0,0.0,0.0,0.0,0.0,100.0,0.0,0.0,0.0,0.0,0.0,25,0,0.0,1000.0000000002328,1000.0000000002328,0.3671717643737793,0.0,,0.0,0.0,0.0,0.0,0.0,0.0,0.0,0.0,0.0,0.0,0.0,0.0,0.0,1000.0
5852,palawan_outer_east_small_1000_38,S2A_MSIL2A_20230621T021541_R003_T50PQT_20230621T085836,500,,0.0,0.0,0.0,0.0,0.0,100.0,0.0,0.0,0.0,0.0,0.0,4,0,0.0,1000.0000000002328,1000.0000000002328,0.38784241676330566,0.0,,0.0,0.0,0.0,0.0,0.0,0.0,0.0,0.0,0.0,0.0,0.0,0.0,0.0,1000.0
5859,palawan_outer_east_small_1000_38,S2A_MSIL2A_20230621T021541_R003_T50PQT_20230621T085836,1000,,0.0,0.0,0.0,0.0,0.0,100.0,0.0,0.0,0.0,0.0,0.0,1,0,0.0,1000.0000000002328,1000.0000000002328,0.4001796245574951,0.0,,0.0,0.0,0.0,0.0,0.0,0.0,0.0,0.0,0.0,0.0,0.0,0.0,0.0,1000.0
5826,palawan_outer_east_small_1000_38,S2A_MSIL2A_20230701T021541_R003_T50PQT_20230701T082624,20,,0.0,0.0,0.0,0.0,0.0,0.0,0.0,0.0,0.0,100.0,0.0,2500,0,0.0,1000.0000000002328,1000.0000000002328,0.3875877857208252,100.0,,0.0,0.0,0.0,0.0,0.0,0.0,0.0,0.0,0.0,0.0,0.0,0.0,0.0,1000.0
5833,palawan_outer_east_small_1000_38,S2A_MSIL2A_20230701T021541_R003_T50PQT_20230701T082624,50,,0.0,0.0,0.0,0.0,0.0,0.0,0.0,0.0,0.0,100.0,0.0,400,0,0.0,1000.0000000002328,1000.0000000002328,0.4503748416900635,100.0,,0.0,0.0,0.0,0.0,0.0,0.0,0.0,0.0,0.0,0.0,0.0,0.0,0.0,1000.0
5840,palawan_outer_east_small_1000_38,S2A_MSIL2A_20230701T021541_R003_T50PQT_20230701T082624,100,,0.0,0.0,0.0,0.0,0.0,0.0,0.0,0.0,0.0,100.0,0.0,100,0,0.0,1000.0000000002328,1000.0000000002328,0.3971078395843506,100.0,,0.0,0.0,0.0,0.0,0.0,0.0,0.0,0.0,0.0,0.0,0.0,0.0,0.0,1000.0
5847,palawan_outer_east_small_1000_38,S2A_MSIL2A_20230701T021541_R003_T50PQT_20230701T082624,200,,0.0,0.0,0.0,0.0,0.0,0.0,0.0,0.0,0.0,100.0,0.0,25,0,0.0,1000.0000000002328,1000.0000000002328,0.3671717643737793,100.0,,0.0,0.0,0.0,0.0,0.0,0.0,0.0,0.0,0.0,0.0,0.0,0.0,0.0,1000.0
5854,palawan_outer_east_small_1000_38,S2A_MSIL2A_20230701T021541_R003_T50PQT_20230701T082624,500,,0.0,0.0,0.0,0.0,0.0,0.0,0.0,0.0,0.0,100.0,0.0,4,0,0.0,1000.0000000002328,1000.0000000002328,0.38784241676330566,100.0,,0.0,0.0,0.0,0.0,0.0,0.0,0.0,0.0,0.0,0.0,0.0,0.0,0.0,1000.0
5861,palawan_outer_east_small_1000_38,S2A_MSIL2A_20230701T021541_R003_T50PQT_20230701T082624,1000,,0.0,0.0,0.0,0.0,0.0,0.0,0.0,0.0,0.0,100.0,0.0,1,0,0.0,1000.0000000002328,1000.0000000002328,0.4001796245574951,100.0,,0.0,0.0,0.0,0.0,0.0,0.0,0.0,0.0,0.0,0.0,0.0,0.0,0.0,1000.0
5821,palawan_outer_east_small_1000_38,S2B_MSIL2A_20230606T021539_R003_T50PQT_20230606T073506,20,,0.0,0.0,0.0,0.0,0.0,100.0,0.0,0.0,0.0,0.0,0.0,2500,0,0.0,1000.0000000002328,1000.0000000002328,0.3875877857208252,0.0,,0.0,0.0,0.0,0.0,0.0,0.0,0.0,0.0,0.0,0.0,0.0,0.0,0.0,1000.0
5828,palawan_outer_east_small_1000_38,S2B_MSIL2A_20230606T021539_R003_T50PQT_20230606T073506,50,,0.0,0.0,0.0,0.0,0.0,100.0,0.0,0.0,0.0,0.0,0.0,400,0,0.0,1000.0000000002328,1000.0000000002328,0.4503748416900635,0.0,,0.0,0.0,0.0,0.0,0.0,0.0,0.0,0.0,0.0,0.0,0.0,0.0,0.0,1000.0
5835,palawan_outer_east_small_1000_38,S2B_MSIL2A_20230606T021539_R003_T50PQT_20230606T073506,100,,0.0,0.0,0.0,0.0,0.0,100.0,0.0,0.0,0.0,0.0,0.0,100,0,0.0,1000.0000000002328,1000.0000000002328,0.3971078395843506,0.0,,0.0,0.0,0.0,0.0,0.0,0.0,0.0,0.0,0.0,0.0,0.0,0.0,0.0,1000.0
5842,palawan_outer_east_small_1000_38,S2B_MSIL2A_20230606T021539_R003_T50PQT_20230606T073506,200,,0.0,0.0,0.0,0.0,0.0,100.0,0.0,0.0,0.0,0.0,0.0,25,0,0.0,1000.0000000002328,1000.0000000002328,0.3671717643737793,0.0,,0.0,0.0,0.0,0.0,0.0,0.0,0.0,0.0,0.0,0.0,0.0,0.0,0.0,1000.0
5849,palawan_outer_east_small_1000_38,S2B_MSIL2A_20230606T021539_R003_T50PQT_20230606T073506,500,,0.0,0.0,0.0,0.0,0.0,100.0,0.0,0.0,0.0,0.0,0.0,4,0,0.0,1000.0000000002328,1000.0000000002328,0.38784241676330566,0.0,,0.0,0.0,0.0,0.0,0.0,0.0,0.0,0.0,0.0,0.0,0.0,0.0,0.0,1000.0
5856,palawan_outer_east_small_1000_38,S2B_MSIL2A_20230606T021539_R003_T50PQT_20230606T073506,1000,,0.0,0.0,0.0,0.0,0.0,100.0,0.0,0.0,0.0,0.0,0.0,1,0,0.0,1000.0000000002328,1000.0000000002328,0.4001796245574951,0.0,,0.0,0.0,0.0,0.0,0.0,0.0,0.0,0.0,0.0,0.0,0.0,0.0,0.0,1000.0
5823,palawan_outer_east_small_1000_38,S2B_MSIL2A_20230616T021539_R003_T50PQT_20230616T083239,20,,0.0,0.0,0.0,0.0,0.0,0.0,0.0,0.0,0.0,100.0,0.0,2500,0,0.0,1000.0000000002328,1000.0000000002328,0.3875877857208252,100.0,,0.0,0.0,0.0,0.0,0.0,0.0,0.0,0.0,0.0,0.0,0.0,0.0,0.0,1000.0
5830,palawan_outer_east_small_1000_38,S2B_MSIL2A_20230616T021539_R003_T50PQT_20230616T083239,50,,0.0,0.0,0.0,0.0,0.0,0.0,0.0,0.0,0.0,100.0,0.0,400,0,0.0,1000.0000000002328,1000.0000000002328,0.4503748416900635,100.0,,0.0,0.0,0.0,0.0,0.0,0.0,0.0,0.0,0.0,0.0,0.0,0.0,0.0,1000.0
5837,palawan_outer_east_small_1000_38,S2B_MSIL2A_20230616T021539_R003_T50PQT_20230616T083239,100,,0.0,0.0,0.0,0.0,0.0,0.0,0.0,0.0,0.0,100.0,0.0,100,0,0.0,1000.0000000002328,1000.0000000002328,0.3971078395843506,100.0,,0.0,0.0,0.0,0.0,0.0,0.0,0.0,0.0,0.0,0.0,0.0,0.0,0.0,1000.0
5844,palawan_outer_east_small_1000_38,S2B_MSIL2A_20230616T021539_R003_T50PQT_20230616T083239,200,,0.0,0.0,0.0,0.0,0.0,0.0,0.0,0.0,0.0,100.0,0.0,25,0,0.0,1000.0000000002328,1000.0000000002328,0.3671717643737793,100.0,,0.0,0.0,0.0,0.0,0.0,0.0,0.0,0.0,0.0,0.0,0.0,0.0,0.0,1000.0
5851,palawan_outer_east_small_1000_38,S2B_MSIL2A_20230616T021539_R003_T50PQT_20230616T083239,500,,0.0,0.0,0.0,0.0,0.0,0.0,0.0,0.0,0.0,100.0,0.0,4,0,0.0,1000.0000000002328,1000.0000000002328,0.38784241676330566,100.0,,0.0,0.0,0.0,0.0,0.0,0.0,0.0,0.0,0.0,0.0,0.0,0.0,0.0,1000.0
5858,palawan_outer_east_small_1000_38,S2B_MSIL2A_20230616T021539_R003_T50PQT_20230616T083239,1000,,0.0,0.0,0.0,0.0,0.0,0.0,0.0,0.0,0.0,100.0,0.0,1,0,0.0,1000.0000000002328,1000.0000000002328,0.4001796245574951,100.0,,0.0,0.0,0.0,0.0,0.0,0.0,0.0,0.0,0.0,0.0,0.0,0.0,0.0,1000.0
5825,palawan_outer_east_small_1000_38,S2B_MSIL2A_20230626T021539_R003_T50PQT_20230626T074054,20,,0.0,0.0,0.0,0.0,0.0,0.0,0.0,6.2,0.0,93.8,0.0,2500,0,0.0,1000.0000000002328,1000.0000000002328,0.3875877857208252,100.0,,0.0,0.0,0.0,0.0,0.0,0.0,0.0,0.0,0.0,0.0,0.0,0.0,0.0,1000.0
5832,palawan_outer_east_small_1000_38,S2B_MSIL2A_20230626T021539_R003_T50PQT_20230626T074054,50,,0.0,0.0,0.0,0.0,0.0,0.0,0.0,7.5,0.0,92.5,0.0,400,0,0.0,1000.0000000002328,1000.0000000002328,0.4503748416900635,100.0,,0.0,0.0,0.0,0.0,0.0,0.0,0.0,1.2999999999999998,0.0,-1.2999999999999972,0.0,0.0,0.0,1000.0
5839,palawan_outer_east_small_1000_38,S2B_MSIL2A_20230626T021539_R003_T50PQT_20230626T074054,100,,0.0,0.0,0.0,0.0,0.0,0.0,0.0,11.0,0.0,89.0,0.0,100,0,0.0,1000.0000000002328,1000.0000000002328,0.3971078395843506,100.0,,0.0,0.0,0.0,0.0,0.0,0.0,0.0,4.8,0.0,-4.799999999999997,0.0,0.0,0.0,1000.0
5846,palawan_outer_east_small_1000_38,S2B_MSIL2A_20230626T021539_R003_T50PQT_20230626T074054,200,,0.0,0.0,0.0,0.0,0.0,0.0,0.0,20.0,0.0,80.0,0.0,25,0,0.0,1000.0000000002328,1000.0000000002328,0.3671717643737793,100.0,,0.0,0.0,0.0,0.0,0.0,0.0,0.0,13.8,0.0,-13.799999999999997,0.0,0.0,0.0,1000.0
5853,palawan_outer_east_small_1000_38,S2B_MSIL2A_20230626T021539_R003_T50PQT_20230626T074054,500,,0.0,0.0,0.0,0.0,0.0,0.0,0.0,25.0,0.0,75.0,0.0,4,0,0.0,1000.0000000002328,1000.0000000002328,0.38784241676330566,100.0,,0.0,0.0,0.0,0.0,0.0,0.0,0.0,18.8,0.0,-18.799999999999997,0.0,0.0,0.0,1000.0
5860,palawan_outer_east_small_1000_38,S2B_MSIL2A_20230626T021539_R003_T50PQT_20230626T074054,1000,,0.0,0.0,0.0,0.0,0.0,0.0,0.0,0.0,0.0,100.0,0.0,1,0,0.0,1000.0000000002328,1000.0000000002328,0.4001796245574951,100.0,,0.0,0.0,0.0,0.0,0.0,0.0,0.0,-6.2,0.0,6.200000000000003,0.0,0.0,0.0,1000.0
5862,palawan_outer_east_small_1000_39,S2A_MSIL2A_20230601T021611_R003_T50PQT_20230601T103139,20,,0.0,0.0,0.0,0.0,0.0,0.0,0.0,100.0,0.0,0.0,0.0,2500,0,0.0,1000.0000000002328,1000.0,0.9109489917755127,100.0,,0.0,0.0,0.0,0.0,0.0,0.0,0.0,0.0,0.0,0.0,0.0,0.0,0.0,1000.0
5869,palawan_outer_east_small_1000_39,S2A_MSIL2A_20230601T021611_R003_T50PQT_20230601T103139,50,,0.0,0.0,0.0,0.0,0.0,0.0,0.0,100.0,0.0,0.0,0.0,400,0,0.0,1000.0000000002328,1000.0,0.41589927673339844,100.0,,0.0,0.0,0.0,0.0,0.0,0.0,0.0,0.0,0.0,0.0,0.0,0.0,0.0,1000.0
5876,palawan_outer_east_small_1000_39,S2A_MSIL2A_20230601T021611_R003_T50PQT_20230601T103139,100,,0.0,0.0,0.0,0.0,0.0,0.0,0.0,100.0,0.0,0.0,0.0,100,0,0.0,1000.0000000002328,1000.0,0.3842442035675049,100.0,,0.0,0.0,0.0,0.0,0.0,0.0,0.0,0.0,0.0,0.0,0.0,0.0,0.0,1000.0
5883,palawan_outer_east_small_1000_39,S2A_MSIL2A_20230601T021611_R003_T50PQT_20230601T103139,200,,0.0,0.0,0.0,0.0,0.0,0.0,0.0,100.0,0.0,0.0,0.0,25,0,0.0,1000.0000000002328,1000.0,0.3746366500854492,100.0,,0.0,0.0,0.0,0.0,0.0,0.0,0.0,0.0,0.0,0.0,0.0,0.0,0.0,1000.0
5890,palawan_outer_east_small_1000_39,S2A_MSIL2A_20230601T021611_R003_T50PQT_20230601T103139,500,,0.0,0.0,0.0,0.0,0.0,0.0,0.0,100.0,0.0,0.0,0.0,4,0,0.0,1000.0000000002328,1000.0,0.3803670406341553,100.0,,0.0,0.0,0.0,0.0,0.0,0.0,0.0,0.0,0.0,0.0,0.0,0.0,0.0,1000.0
5897,palawan_outer_east_small_1000_39,S2A_MSIL2A_20230601T021611_R003_T50PQT_20230601T103139,1000,,0.0,0.0,0.0,0.0,0.0,0.0,0.0,100.0,0.0,0.0,0.0,1,0,0.0,1000.0000000002328,1000.0,0.6202082633972168,100.0,,0.0,0.0,0.0,0.0,0.0,0.0,0.0,0.0,0.0,0.0,0.0,0.0,0.0,1000.0
5864,palawan_outer_east_small_1000_39,S2A_MSIL2A_20230611T021541_R003_T50PQT_20230611T092421,20,,0.0,0.0,0.0,0.0,0.0,0.0,0.0,82.32,0.0,17.68,0.0,2500,0,0.0,1000.0000000002328,1000.0,0.9109489917755127,100.0,,0.0,0.0,0.0,0.0,0.0,0.0,0.0,0.0,0.0,0.0,0.0,0.0,0.0,1000.0
5871,palawan_outer_east_small_1000_39,S2A_MSIL2A_20230611T021541_R003_T50PQT_20230611T092421,50,,0.0,0.0,0.0,0.0,0.0,0.0,0.0,81.0,0.0,19.0,0.0,400,0,0.0,1000.0000000002328,1000.0,0.41589927673339844,100.0,,0.0,0.0,0.0,0.0,0.0,0.0,0.0,-1.3199999999999932,0.0,1.3200000000000003,0.0,0.0,0.0,1000.0
5878,palawan_outer_east_small_1000_39,S2A_MSIL2A_20230611T021541_R003_T50PQT_20230611T092421,100,,0.0,0.0,0.0,0.0,0.0,0.0,0.0,83.0,0.0,17.0,0.0,100,0,0.0,1000.0000000002328,1000.0,0.3842442035675049,100.0,,0.0,0.0,0.0,0.0,0.0,0.0,0.0,0.6800000000000068,0.0,-0.6799999999999997,0.0,0.0,0.0,1000.0
5885,palawan_outer_east_small_1000_39,S2A_MSIL2A_20230611T021541_R003_T50PQT_20230611T092421,200,,0.0,0.0,0.0,0.0,0.0,0.0,0.0,72.0,0.0,28.0,0.0,25,0,0.0,1000.0000000002328,1000.0,0.3746366500854492,100.0,,0.0,0.0,0.0,0.0,0.0,0.0,0.0,-10.319999999999993,0.0,10.32,0.0,0.0,0.0,1000.0
5892,palawan_outer_east_small_1000_39,S2A_MSIL2A_20230611T021541_R003_T50PQT_20230611T092421,500,,0.0,0.0,0.0,0.0,0.0,0.0,0.0,75.0,0.0,25.0,0.0,4,0,0.0,1000.0000000002328,1000.0,0.3803670406341553,100.0,,0.0,0.0,0.0,0.0,0.0,0.0,0.0,-7.319999999999993,0.0,7.32,0.0,0.0,0.0,1000.0
5899,palawan_outer_east_small_1000_39,S2A_MSIL2A_20230611T021541_R003_T50PQT_20230611T092421,1000,,0.0,0.0,0.0,0.0,0.0,0.0,0.0,0.0,0.0,100.0,0.0,1,0,0.0,1000.0000000002328,1000.0,0.6202082633972168,100.0,,0.0,0.0,0.0,0.0,0.0,0.0,0.0,-82.32,0.0,82.32,0.0,0.0,0.0,1000.0
5866,palawan_outer_east_small_1000_39,S2A_MSIL2A_20230621T021541_R003_T50PQT_20230621T085836,20,,0.0,0.0,30.84,0.0,0.0,66.32,0.0,2.84,0.0,0.0,0.0,2500,0,0.0,1000.0000000002328,1000.0,0.9109489917755127,2.84,,0.0,0.0,0.0,0.0,0.0,0.0,0.0,0.0,0.0,0.0,0.0,0.0,0.0,1000.0
5873,palawan_outer_east_small_1000_39,S2A_MSIL2A_20230621T021541_R003_T50PQT_20230621T085836,50,,0.0,0.0,29.25,0.0,0.0,68.25,0.0,2.5,0.0,0.0,0.0,400,0,0.0,1000.0000000002328,1000.0,0.41589927673339844,2.5,,0.0,0.0,-1.5899999999999999,0.0,0.0,1.9300000000000068,0.0,-0.33999999999999986,0.0,0.0,0.0,-0.33999999999999986,1.9300000000000068,1000.0
5880,palawan_outer_east_small_1000_39,S2A_MSIL2A_20230621T021541_R003_T50PQT_20230621T085836,100,,0.0,0.0,26.0,0.0,0.0,72.0,0.0,2.0,0.0,0.0,0.0,100,0,0.0,1000.0000000002328,1000.0,0.3842442035675049,2.0,,0.0,0.0,-4.84,0.0,0.0,5.680000000000007,0.0,-0.8399999999999999,0.0,0.0,0.0,-0.8399999999999999,5.680000000000007,1000.0
5887,palawan_outer_east_small_1000_39,S2A_MSIL2A_20230621T021541_R003_T50PQT_20230621T085836,200,,0.0,0.0,16.0,0.0,0.0,76.0,0.0,8.0,0.0,0.0,0.0,25,0,0.0,1000.0000000002328,1000.0,0.3746366500854492,8.0,,0.0,0.0,-14.84,0.0,0.0,9.680000000000007,0.0,5.16,0.0,0.0,0.0,5.16,14.84,1000.0
5894,palawan_outer_east_small_1000_39,S2A_MSIL2A_20230621T021541_R003_T50PQT_20230621T085836,500,,0.0,0.0,0.0,0.0,0.0,75.0,0.0,25.0,0.0,0.0,0.0,4,0,0.0,1000.0000000002328,1000.0,0.3803670406341553,25.0,,0.0,0.0,-30.84,0.0,0.0,8.680000000000007,0.0,22.16,0.0,0.0,0.0,22.16,30.84,1000.0
5901,palawan_outer_east_small_1000_39,S2A_MSIL2A_20230621T021541_R003_T50PQT_20230621T085836,1000,,0.0,0.0,0.0,0.0,0.0,100.0,0.0,0.0,0.0,0.0,0.0,1,0,0.0,1000.0000000002328,1000.0,0.6202082633972168,0.0,,0.0,0.0,-30.84,0.0,0.0,33.68000000000001,0.0,-2.84,0.0,0.0,0.0,-2.84,33.68000000000001,1000.0
5868,palawan_outer_east_small_1000_39,S2A_MSIL2A_20230701T021541_R003_T50PQT_20230701T082624,20,,0.0,0.0,0.0,0.0,0.0,0.0,0.0,0.04,0.0,99.96,0.0,2500,0,0.0,1000.0000000002328,1000.0,0.9109489917755127,100.0,,0.0,0.0,0.0,0.0,0.0,0.0,0.0,0.0,0.0,0.0,0.0,0.0,0.0,1000.0
5875,palawan_outer_east_small_1000_39,S2A_MSIL2A_20230701T021541_R003_T50PQT_20230701T082624,50,,0.0,0.0,0.0,0.0,0.0,0.0,0.0,0.0,0.0,100.0,0.0,400,0,0.0,1000.0000000002328,1000.0,0.41589927673339844,100.0,,0.0,0.0,0.0,0.0,0.0,0.0,0.0,-0.04,0.0,0.04000000000000625,0.0,0.0,0.0,1000.0
5882,palawan_outer_east_small_1000_39,S2A_MSIL2A_20230701T021541_R003_T50PQT_20230701T082624,100,,0.0,0.0,0.0,0.0,0.0,0.0,0.0,0.0,0.0,100.0,0.0,100,0,0.0,1000.0000000002328,1000.0,0.3842442035675049,100.0,,0.0,0.0,0.0,0.0,0.0,0.0,0.0,-0.04,0.0,0.04000000000000625,0.0,0.0,0.0,1000.0
5889,palawan_outer_east_small_1000_39,S2A_MSIL2A_20230701T021541_R003_T50PQT_20230701T082624,200,,0.0,0.0,0.0,0.0,0.0,0.0,0.0,0.0,0.0,100.0,0.0,25,0,0.0,1000.0000000002328,1000.0,0.3746366500854492,100.0,,0.0,0.0,0.0,0.0,0.0,0.0,0.0,-0.04,0.0,0.04000000000000625,0.0,0.0,0.0,1000.0
5896,palawan_outer_east_small_1000_39,S2A_MSIL2A_20230701T021541_R003_T50PQT_20230701T082624,500,,0.0,0.0,0.0,0.0,0.0,0.0,0.0,0.0,0.0,100.0,0.0,4,0,0.0,1000.0000000002328,1000.0,0.3803670406341553,100.0,,0.0,0.0,0.0,0.0,0.0,0.0,0.0,-0.04,0.0,0.04000000000000625,0.0,0.0,0.0,1000.0
5903,palawan_outer_east_small_1000_39,S2A_MSIL2A_20230701T021541_R003_T50PQT_20230701T082624,1000,,0.0,0.0,0.0,0.0,0.0,0.0,0.0,0.0,0.0,100.0,0.0,1,0,0.0,1000.0000000002328,1000.0,0.6202082633972168,100.0,,0.0,0.0,0.0,0.0,0.0,0.0,0.0,-0.04,0.0,0.04000000000000625,0.0,0.0,0.0,1000.0
5863,palawan_outer_east_small_1000_39,S2B_MSIL2A_20230606T021539_R003_T50PQT_20230606T073506,20,,0.0,3.48,0.0,20.16,2.16,73.68,0.52,0.0,0.0,0.0,0.0,2500,0,0.0,1000.0000000002328,1000.0,0.9109489917755127,0.0,,0.0,0.0,0.0,0.0,0.0,0.0,0.0,0.0,0.0,0.0,0.0,0.0,0.0,1000.0
5870,palawan_outer_east_small_1000_39,S2B_MSIL2A_20230606T021539_R003_T50PQT_20230606T073506,50,,0.0,3.25,0.0,19.25,2.25,74.5,0.75,0.0,0.0,0.0,0.0,400,0,0.0,1000.0000000002328,1000.0,0.41589927673339844,0.0,,0.0,-0.22999999999999998,0.0,-0.9100000000000001,0.08999999999999986,0.8199999999999932,0.22999999999999998,0.0,0.0,0.0,0.0,0.0,0.9100000000000001,1000.0
5877,palawan_outer_east_small_1000_39,S2B_MSIL2A_20230606T021539_R003_T50PQT_20230606T073506,100,,0.0,2.0,0.0,17.0,1.0,78.0,2.0,0.0,0.0,0.0,0.0,100,0,0.0,1000.0000000002328,1000.0,0.3842442035675049,0.0,,0.0,-1.48,0.0,-3.16,-1.1600000000000001,4.319999999999993,1.48,0.0,0.0,0.0,0.0,0.0,4.319999999999993,1000.0
5884,palawan_outer_east_small_1000_39,S2B_MSIL2A_20230606T021539_R003_T50PQT_20230606T073506,200,,0.0,4.0,0.0,12.0,8.0,76.0,0.0,0.0,0.0,0.0,0.0,25,0,0.0,1000.0000000002328,1000.0,0.3746366500854492,0.0,,0.0,0.52,0.0,-8.16,5.84,2.319999999999993,-0.52,0.0,0.0,0.0,0.0,0.0,8.16,1000.0
5891,palawan_outer_east_small_1000_39,S2B_MSIL2A_20230606T021539_R003_T50PQT_20230606T073506,500,,0.0,0.0,0.0,0.0,25.0,75.0,0.0,0.0,0.0,0.0,0.0,4,0,0.0,1000.0000000002328,1000.0,0.3803670406341553,0.0,,0.0,-3.48,0.0,-20.16,22.84,1.3199999999999932,-0.52,0.0,0.0,0.0,0.0,0.0,22.84,1000.0
5898,palawan_outer_east_small_1000_39,S2B_MSIL2A_20230606T021539_R003_T50PQT_20230606T073506,1000,,0.0,0.0,0.0,0.0,0.0,100.0,0.0,0.0,0.0,0.0,0.0,1,0,0.0,1000.0000000002328,1000.0,0.6202082633972168,0.0,,0.0,-3.48,0.0,-20.16,-2.16,26.319999999999993,-0.52,0.0,0.0,0.0,0.0,0.0,26.319999999999993,1000.0
5865,palawan_outer_east_small_1000_39,S2B_MSIL2A_20230616T021539_R003_T50PQT_20230616T083239,20,,0.0,0.0,0.0,0.0,0.0,0.0,0.0,1.68,0.0,98.32,0.0,2500,0,0.0,1000.0000000002328,1000.0,0.9109489917755127,100.0,,0.0,0.0,0.0,0.0,0.0,0.0,0.0,0.0,0.0,0.0,0.0,0.0,0.0,1000.0
5872,palawan_outer_east_small_1000_39,S2B_MSIL2A_20230616T021539_R003_T50PQT_20230616T083239,50,,0.0,0.0,0.0,0.0,0.0,0.0,0.0,1.5,0.0,98.5,0.0,400,0,0.0,1000.0000000002328,1000.0,0.41589927673339844,100.0,,0.0,0.0,0.0,0.0,0.0,0.0,0.0,-0.17999999999999994,0.0,0.18000000000000682,0.0,0.0,0.0,1000.0
5879,palawan_outer_east_small_1000_39,S2B_MSIL2A_20230616T021539_R003_T50PQT_20230616T083239,100,,0.0,0.0,0.0,0.0,0.0,0.0,0.0,1.0,0.0,99.0,0.0,100,0,0.0,1000.0000000002328,1000.0,0.3842442035675049,100.0,,0.0,0.0,0.0,0.0,0.0,0.0,0.0,-0.6799999999999999,0.0,0.6800000000000068,0.0,0.0,0.0,1000.0
5886,palawan_outer_east_small_1000_39,S2B_MSIL2A_20230616T021539_R003_T50PQT_20230616T083239,200,,0.0,0.0,0.0,0.0,0.0,0.0,0.0,0.0,0.0,100.0,0.0,25,0,0.0,1000.0000000002328,1000.0,0.3746366500854492,100.0,,0.0,0.0,0.0,0.0,0.0,0.0,0.0,-1.68,0.0,1.6800000000000068,0.0,0.0,0.0,1000.0
5893,palawan_outer_east_small_1000_39,S2B_MSIL2A_20230616T021539_R003_T50PQT_20230616T083239,500,,0.0,0.0,0.0,0.0,0.0,0.0,0.0,25.0,0.0,75.0,0.0,4,0,0.0,1000.0000000002328,1000.0,0.3803670406341553,100.0,,0.0,0.0,0.0,0.0,0.0,0.0,0.0,23.32,0.0,-23.319999999999993,0.0,0.0,0.0,1000.0
5900,palawan_outer_east_small_1000_39,S2B_MSIL2A_20230616T021539_R003_T50PQT_20230616T083239,1000,,0.0,0.0,0.0,0.0,0.0,0.0,0.0,0.0,0.0,100.0,0.0,1,0,0.0,1000.0000000002328,1000.0,0.6202082633972168,100.0,,0.0,0.0,0.0,0.0,0.0,0.0,0.0,-1.68,0.0,1.6800000000000068,0.0,0.0,0.0,1000.0
5867,palawan_outer_east_small_1000_39,S2B_MSIL2A_20230626T021539_R003_T50PQT_20230626T074054,20,,0.0,0.0,0.0,0.0,0.0,0.0,0.0,6.88,5.44,87.68,0.0,2500,0,0.0,1000.0000000002328,1000.0,0.9109489917755127,100.0,,0.0,0.0,0.0,0.0,0.0,0.0,0.0,0.0,0.0,0.0,0.0,0.0,0.0,1000.0
5874,palawan_outer_east_small_1000_39,S2B_MSIL2A_20230626T021539_R003_T50PQT_20230626T074054,50,,0.0,0.0,0.0,0.0,0.0,0.0,0.0,6.0,4.75,89.25,0.0,400,0,0.0,1000.0000000002328,1000.0,0.41589927673339844,100.0,,0.0,0.0,0.0,0.0,0.0,0.0,0.0,-0.8799999999999999,-0.6900000000000004,1.5699999999999932,0.0,0.0,0.0,1000.0
5881,palawan_outer_east_small_1000_39,S2B_MSIL2A_20230626T021539_R003_T50PQT_20230626T074054,100,,0.0,0.0,0.0,0.0,0.0,0.0,0.0,6.0,3.0,91.0,0.0,100,0,0.0,1000.0000000002328,1000.0,0.3842442035675049,100.0,,0.0,0.0,0.0,0.0,0.0,0.0,0.0,-0.8799999999999999,-2.4400000000000004,3.319999999999993,0.0,0.0,0.0,1000.0
5888,palawan_outer_east_small_1000_39,S2B_MSIL2A_20230626T021539_R003_T50PQT_20230626T074054,200,,0.0,0.0,0.0,0.0,0.0,0.0,0.0,0.0,4.0,96.0,0.0,25,0,0.0,1000.0000000002328,1000.0,0.3746366500854492,100.0,,0.0,0.0,0.0,0.0,0.0,0.0,0.0,-6.88,-1.4400000000000004,8.319999999999993,0.0,0.0,0.0,1000.0
5895,palawan_outer_east_small_1000_39,S2B_MSIL2A_20230626T021539_R003_T50PQT_20230626T074054,500,,0.0,0.0,0.0,0.0,0.0,0.0,0.0,25.0,0.0,75.0,0.0,4,0,0.0,1000.0000000002328,1000.0,0.3803670406341553,100.0,,0.0,0.0,0.0,0.0,0.0,0.0,0.0,18.12,-5.44,-12.680000000000007,0.0,0.0,0.0,1000.0
5902,palawan_outer_east_small_1000_39,S2B_MSIL2A_20230626T021539_R003_T50PQT_20230626T074054,1000,,0.0,0.0,0.0,0.0,0.0,0.0,0.0,0.0,0.0,100.0,0.0,1,0,0.0,1000.0000000002328,1000.0,0.6202082633972168,100.0,,0.0,0.0,0.0,0.0,0.0,0.0,0.0,-6.88,-5.44,12.319999999999993,0.0,0.0,0.0,1000.0
4392,palawan_outer_east_small_1000_4,S2A_MSIL2A_20230601T021611_R003_T50PQT_20230601T103139,20,,0.0,0.0,0.0,0.0,0.0,0.0,0.0,100.0,0.0,0.0,0.0,2500,0,0.0,1000.0000000016298,1000.0,0.37719297409057617,100.0,,0.0,0.0,0.0,0.0,0.0,0.0,0.0,0.0,0.0,0.0,0.0,0.0,0.0,1000.0
4399,palawan_outer_east_small_1000_4,S2A_MSIL2A_20230601T021611_R003_T50PQT_20230601T103139,50,,0.0,0.0,0.0,0.0,0.0,0.0,0.0,100.0,0.0,0.0,0.0,400,0,0.0,1000.0000000016298,1000.0,0.39861440658569336,100.0,,0.0,0.0,0.0,0.0,0.0,0.0,0.0,0.0,0.0,0.0,0.0,0.0,0.0,1000.0
4406,palawan_outer_east_small_1000_4,S2A_MSIL2A_20230601T021611_R003_T50PQT_20230601T103139,100,,0.0,0.0,0.0,0.0,0.0,0.0,0.0,100.0,0.0,0.0,0.0,100,0,0.0,1000.0000000016298,1000.0,0.3678934574127197,100.0,,0.0,0.0,0.0,0.0,0.0,0.0,0.0,0.0,0.0,0.0,0.0,0.0,0.0,1000.0
4413,palawan_outer_east_small_1000_4,S2A_MSIL2A_20230601T021611_R003_T50PQT_20230601T103139,200,,0.0,0.0,0.0,0.0,0.0,0.0,0.0,100.0,0.0,0.0,0.0,25,0,0.0,1000.0000000016298,1000.0,0.4624032974243164,100.0,,0.0,0.0,0.0,0.0,0.0,0.0,0.0,0.0,0.0,0.0,0.0,0.0,0.0,1000.0
4420,palawan_outer_east_small_1000_4,S2A_MSIL2A_20230601T021611_R003_T50PQT_20230601T103139,500,,0.0,0.0,0.0,0.0,0.0,0.0,0.0,100.0,0.0,0.0,0.0,4,0,0.0,1000.0000000016298,1000.0,0.3929715156555176,100.0,,0.0,0.0,0.0,0.0,0.0,0.0,0.0,0.0,0.0,0.0,0.0,0.0,0.0,1000.0
4427,palawan_outer_east_small_1000_4,S2A_MSIL2A_20230601T021611_R003_T50PQT_20230601T103139,1000,,0.0,0.0,0.0,0.0,0.0,0.0,0.0,100.0,0.0,0.0,0.0,1,0,0.0,1000.0000000016298,1000.0,0.41669297218322754,100.0,,0.0,0.0,0.0,0.0,0.0,0.0,0.0,0.0,0.0,0.0,0.0,0.0,0.0,1000.0
4394,palawan_outer_east_small_1000_4,S2A_MSIL2A_20230611T021541_R003_T50PQT_20230611T092421,20,,0.0,0.0,0.0,0.0,0.0,0.0,0.0,100.0,0.0,0.0,0.0,2500,0,0.0,1000.0000000016298,1000.0,0.37719297409057617,100.0,,0.0,0.0,0.0,0.0,0.0,0.0,0.0,0.0,0.0,0.0,0.0,0.0,0.0,1000.0
4401,palawan_outer_east_small_1000_4,S2A_MSIL2A_20230611T021541_R003_T50PQT_20230611T092421,50,,0.0,0.0,0.0,0.0,0.0,0.0,0.0,100.0,0.0,0.0,0.0,400,0,0.0,1000.0000000016298,1000.0,0.39861440658569336,100.0,,0.0,0.0,0.0,0.0,0.0,0.0,0.0,0.0,0.0,0.0,0.0,0.0,0.0,1000.0
4408,palawan_outer_east_small_1000_4,S2A_MSIL2A_20230611T021541_R003_T50PQT_20230611T092421,100,,0.0,0.0,0.0,0.0,0.0,0.0,0.0,100.0,0.0,0.0,0.0,100,0,0.0,1000.0000000016298,1000.0,0.3678934574127197,100.0,,0.0,0.0,0.0,0.0,0.0,0.0,0.0,0.0,0.0,0.0,0.0,0.0,0.0,1000.0
4415,palawan_outer_east_small_1000_4,S2A_MSIL2A_20230611T021541_R003_T50PQT_20230611T092421,200,,0.0,0.0,0.0,0.0,0.0,0.0,0.0,100.0,0.0,0.0,0.0,25,0,0.0,1000.0000000016298,1000.0,0.4624032974243164,100.0,,0.0,0.0,0.0,0.0,0.0,0.0,0.0,0.0,0.0,0.0,0.0,0.0,0.0,1000.0
4422,palawan_outer_east_small_1000_4,S2A_MSIL2A_20230611T021541_R003_T50PQT_20230611T092421,500,,0.0,0.0,0.0,0.0,0.0,0.0,0.0,100.0,0.0,0.0,0.0,4,0,0.0,1000.0000000016298,1000.0,0.3929715156555176,100.0,,0.0,0.0,0.0,0.0,0.0,0.0,0.0,0.0,0.0,0.0,0.0,0.0,0.0,1000.0
4429,palawan_outer_east_small_1000_4,S2A_MSIL2A_20230611T021541_R003_T50PQT_20230611T092421,1000,,0.0,0.0,0.0,0.0,0.0,0.0,0.0,100.0,0.0,0.0,0.0,1,0,0.0,1000.0000000016298,1000.0,0.41669297218322754,100.0,,0.0,0.0,0.0,0.0,0.0,0.0,0.0,0.0,0.0,0.0,0.0,0.0,0.0,1000.0
4396,palawan_outer_east_small_1000_4,S2A_MSIL2A_20230621T021541_R003_T50PQT_20230621T085836,20,,0.0,0.0,45.04,23.44,0.24,30.24,1.04,0.0,0.0,0.0,0.0,2500,0,0.0,1000.0000000016298,1000.0,0.37719297409057617,0.0,,0.0,0.0,0.0,0.0,0.0,0.0,0.0,0.0,0.0,0.0,0.0,0.0,0.0,1000.0
4403,palawan_outer_east_small_1000_4,S2A_MSIL2A_20230621T021541_R003_T50PQT_20230621T085836,50,,0.0,0.0,46.75,21.75,0.0,30.25,1.25,0.0,0.0,0.0,0.0,400,0,0.0,1000.0000000016298,1000.0,0.39861440658569336,0.0,,0.0,0.0,1.7100000000000009,-1.6900000000000013,-0.24,0.010000000000001563,0.20999999999999996,0.0,0.0,0.0,0.0,0.0,1.7100000000000009,1000.0
4410,palawan_outer_east_small_1000_4,S2A_MSIL2A_20230621T021541_R003_T50PQT_20230621T085836,100,,0.0,0.0,50.0,22.0,0.0,27.0,1.0,0.0,0.0,0.0,0.0,100,0,0.0,1000.0000000016298,1000.0,0.3678934574127197,0.0,,0.0,0.0,4.960000000000001,-1.4400000000000013,-0.24,-3.2399999999999984,-0.040000000000000036,0.0,0.0,0.0,0.0,0.0,4.960000000000001,1000.0
4417,palawan_outer_east_small_1000_4,S2A_MSIL2A_20230621T021541_R003_T50PQT_20230621T085836,200,,0.0,0.0,52.0,12.0,0.0,36.0,0.0,0.0,0.0,0.0,0.0,25,0,0.0,1000.0000000016298,1000.0,0.4624032974243164,0.0,,0.0,0.0,6.960000000000001,-11.440000000000001,-0.24,5.760000000000002,-1.04,0.0,0.0,0.0,0.0,0.0,11.440000000000001,1000.0
4424,palawan_outer_east_small_1000_4,S2A_MSIL2A_20230621T021541_R003_T50PQT_20230621T085836,500,,0.0,0.0,25.0,0.0,0.0,75.0,0.0,0.0,0.0,0.0,0.0,4,0,0.0,1000.0000000016298,1000.0,0.3929715156555176,0.0,,0.0,0.0,-20.04,-23.44,-0.24,44.760000000000005,-1.04,0.0,0.0,0.0,0.0,0.0,44.760000000000005,1000.0
4431,palawan_outer_east_small_1000_4,S2A_MSIL2A_20230621T021541_R003_T50PQT_20230621T085836,1000,,0.0,0.0,100.0,0.0,0.0,0.0,0.0,0.0,0.0,0.0,0.0,1,0,0.0,1000.0000000016298,1000.0,0.41669297218322754,0.0,,0.0,0.0,54.96,-23.44,-0.24,-30.24,-1.04,0.0,0.0,0.0,0.0,0.0,54.96,1000.0
4398,palawan_outer_east_small_1000_4,S2A_MSIL2A_20230701T021541_R003_T50PQT_20230701T082624,20,,0.0,0.0,0.0,1.88,0.04,2.04,0.2,8.0,1.92,85.92,0.0,2500,0,0.0,1000.0000000016298,1000.0,0.37719297409057617,95.84,,0.0,0.0,0.0,0.0,0.0,0.0,0.0,0.0,0.0,0.0,0.0,0.0,0.0,1000.0
4405,palawan_outer_east_small_1000_4,S2A_MSIL2A_20230701T021541_R003_T50PQT_20230701T082624,50,,0.0,0.0,0.0,1.75,0.0,2.25,0.25,8.0,1.0,86.75,0.0,400,0,0.0,1000.0000000016298,1000.0,0.39861440658569336,95.75,,0.0,0.0,0.0,-0.1299999999999999,-0.04,0.20999999999999996,0.04999999999999999,0.0,-0.9199999999999999,0.8299999999999983,0.0,-0.09000000000000341,0.20999999999999996,1000.0
4412,palawan_outer_east_small_1000_4,S2A_MSIL2A_20230701T021541_R003_T50PQT_20230701T082624,100,,0.0,0.0,0.0,1.0,0.0,5.0,1.0,6.0,1.0,86.0,0.0,100,0,0.0,1000.0000000016298,1000.0,0.3678934574127197,93.0,,0.0,0.0,0.0,-0.8799999999999999,-0.04,2.96,0.8,-2.0,-0.9199999999999999,0.0799999999999983,0.0,-2.8400000000000034,2.96,1000.0
4419,palawan_outer_east_small_1000_4,S2A_MSIL2A_20230701T021541_R003_T50PQT_20230701T082624,200,,0.0,0.0,0.0,0.0,0.0,4.0,0.0,4.0,0.0,92.0,0.0,25,0,0.0,1000.0000000016298,1000.0,0.4624032974243164,96.0,,0.0,0.0,0.0,-1.88,-0.04,1.96,-0.2,-4.0,-1.92,6.079999999999998,0.0,0.1599999999999966,1.96,1000.0
4426,palawan_outer_east_small_1000_4,S2A_MSIL2A_20230701T021541_R003_T50PQT_20230701T082624,500,,0.0,0.0,0.0,0.0,0.0,0.0,0.0,0.0,0.0,100.0,0.0,4,0,0.0,1000.0000000016298,1000.0,0.3929715156555176,100.0,,0.0,0.0,0.0,-1.88,-0.04,-2.04,-0.2,-8.0,-1.92,14.079999999999998,0.0,4.159999999999997,4.159999999999997,1000.0
4433,palawan_outer_east_small_1000_4,S2A_MSIL2A_20230701T021541_R003_T50PQT_20230701T082624,1000,,0.0,0.0,0.0,0.0,0.0,0.0,0.0,0.0,0.0,100.0,0.0,1,0,0.0,1000.0000000016298,1000.0,0.41669297218322754,100.0,,0.0,0.0,0.0,-1.88,-0.04,-2.04,-0.2,-8.0,-1.92,14.079999999999998,0.0,4.159999999999997,4.159999999999997,1000.0
4393,palawan_outer_east_small_1000_4,S2B_MSIL2A_20230606T021539_R003_T50PQT_20230606T073506,20,,0.0,0.0,6.52,44.24,2.16,35.84,7.68,3.56,0.0,0.0,0.0,2500,0,0.0,1000.0000000016298,1000.0,0.37719297409057617,3.56,,0.0,0.0,0.0,0.0,0.0,0.0,0.0,0.0,0.0,0.0,0.0,0.0,0.0,1000.0
4400,palawan_outer_east_small_1000_4,S2B_MSIL2A_20230606T021539_R003_T50PQT_20230606T073506,50,,0.0,0.0,6.0,43.25,3.5,37.0,7.5,2.75,0.0,0.0,0.0,400,0,0.0,1000.0000000016298,1000.0,0.39861440658569336,2.75,,0.0,0.0,-0.5199999999999996,-0.990000000000002,1.3399999999999999,1.1599999999999966,-0.17999999999999972,-0.81,0.0,0.0,0.0,-0.81,1.3399999999999999,1000.0
4407,palawan_outer_east_small_1000_4,S2B_MSIL2A_20230606T021539_R003_T50PQT_20230606T073506,100,,0.0,0.0,6.0,48.0,3.0,34.0,6.0,3.0,0.0,0.0,0.0,100,0,0.0,1000.0000000016298,1000.0,0.3678934574127197,3.0,,0.0,0.0,-0.5199999999999996,3.759999999999998,0.8399999999999999,-1.8400000000000034,-1.6799999999999997,-0.56,0.0,0.0,0.0,-0.56,3.759999999999998,1000.0
4414,palawan_outer_east_small_1000_4,S2B_MSIL2A_20230606T021539_R003_T50PQT_20230606T073506,200,,0.0,0.0,4.0,40.0,0.0,44.0,0.0,12.0,0.0,0.0,0.0,25,0,0.0,1000.0000000016298,1000.0,0.4624032974243164,12.0,,0.0,0.0,-2.5199999999999996,-4.240000000000002,-2.16,8.159999999999997,-7.68,8.44,0.0,0.0,0.0,8.44,8.44,1000.0
4421,palawan_outer_east_small_1000_4,S2B_MSIL2A_20230606T021539_R003_T50PQT_20230606T073506,500,,0.0,0.0,0.0,25.0,0.0,75.0,0.0,0.0,0.0,0.0,0.0,4,0,0.0,1000.0000000016298,1000.0,0.3929715156555176,0.0,,0.0,0.0,-6.52,-19.240000000000002,-2.16,39.16,-7.68,-3.56,0.0,0.0,0.0,-3.56,39.16,1000.0
4428,palawan_outer_east_small_1000_4,S2B_MSIL2A_20230606T021539_R003_T50PQT_20230606T073506,1000,,0.0,0.0,0.0,100.0,0.0,0.0,0.0,0.0,0.0,0.0,0.0,1,0,0.0,1000.0000000016298,1000.0,0.41669297218322754,0.0,,0.0,0.0,-6.52,55.76,-2.16,-35.84,-7.68,-3.56,0.0,0.0,0.0,-3.56,55.76,1000.0
4395,palawan_outer_east_small_1000_4,S2B_MSIL2A_20230616T021539_R003_T50PQT_20230616T083239,20,,0.0,0.0,0.0,0.0,0.0,0.0,0.0,29.4,23.08,47.52,0.0,2500,0,0.0,1000.0000000016298,1000.0,0.37719297409057617,100.0,,0.0,0.0,0.0,0.0,0.0,0.0,0.0,0.0,0.0,0.0,0.0,0.0,0.0,1000.0
4402,palawan_outer_east_small_1000_4,S2B_MSIL2A_20230616T021539_R003_T50PQT_20230616T083239,50,,0.0,0.0,0.0,0.0,0.0,0.0,0.0,28.0,22.75,49.25,0.0,400,0,0.0,1000.0000000016298,1000.0,0.39861440658569336,100.0,,0.0,0.0,0.0,0.0,0.0,0.0,0.0,-1.3999999999999986,-0.3299999999999983,1.7299999999999969,0.0,0.0,0.0,1000.0
4409,palawan_outer_east_small_1000_4,S2B_MSIL2A_20230616T021539_R003_T50PQT_20230616T083239,100,,0.0,0.0,0.0,0.0,0.0,0.0,0.0,31.0,21.0,48.0,0.0,100,0,0.0,1000.0000000016298,1000.0,0.3678934574127197,100.0,,0.0,0.0,0.0,0.0,0.0,0.0,0.0,1.6000000000000014,-2.0799999999999983,0.4799999999999969,0.0,0.0,0.0,1000.0
4416,palawan_outer_east_small_1000_4,S2B_MSIL2A_20230616T021539_R003_T50PQT_20230616T083239,200,,0.0,0.0,0.0,0.0,0.0,0.0,0.0,24.0,16.0,60.0,0.0,25,0,0.0,1000.0000000016298,1000.0,0.4624032974243164,100.0,,0.0,0.0,0.0,0.0,0.0,0.0,0.0,-5.399999999999999,-7.079999999999998,12.479999999999997,0.0,0.0,0.0,1000.0
4423,palawan_outer_east_small_1000_4,S2B_MSIL2A_20230616T021539_R003_T50PQT_20230616T083239,500,,0.0,0.0,0.0,0.0,0.0,0.0,0.0,25.0,0.0,75.0,0.0,4,0,0.0,1000.0000000016298,1000.0,0.3929715156555176,100.0,,0.0,0.0,0.0,0.0,0.0,0.0,0.0,-4.399999999999999,-23.08,27.479999999999997,0.0,0.0,0.0,1000.0
4430,palawan_outer_east_small_1000_4,S2B_MSIL2A_20230616T021539_R003_T50PQT_20230616T083239,1000,,0.0,0.0,0.0,0.0,0.0,0.0,0.0,0.0,0.0,100.0,0.0,1,0,0.0,1000.0000000016298,1000.0,0.41669297218322754,100.0,,0.0,0.0,0.0,0.0,0.0,0.0,0.0,-29.4,-23.08,52.48,0.0,0.0,0.0,1000.0
4397,palawan_outer_east_small_1000_4,S2B_MSIL2A_20230626T021539_R003_T50PQT_20230626T074054,20,,0.0,0.0,0.12,0.0,0.0,0.0,0.0,24.92,0.0,74.96,0.0,2500,0,0.0,1000.0000000016298,1000.0,0.37719297409057617,99.88,,0.0,0.0,0.0,0.0,0.0,0.0,0.0,0.0,0.0,0.0,0.0,0.0,0.0,1000.0
4404,palawan_outer_east_small_1000_4,S2B_MSIL2A_20230626T021539_R003_T50PQT_20230626T074054,50,,0.0,0.0,0.25,0.0,0.0,0.0,0.0,23.25,0.0,76.5,0.0,400,0,0.0,1000.0000000016298,1000.0,0.39861440658569336,99.75,,0.0,0.0,0.13,0.0,0.0,0.0,0.0,-1.6700000000000017,0.0,1.5400000000000063,0.0,-0.12999999999999545,0.13,1000.0
4411,palawan_outer_east_small_1000_4,S2B_MSIL2A_20230626T021539_R003_T50PQT_20230626T074054,100,,0.0,0.0,1.0,0.0,0.0,0.0,0.0,22.0,0.0,77.0,0.0,100,0,0.0,1000.0000000016298,1000.0,0.3678934574127197,99.0,,0.0,0.0,0.88,0.0,0.0,0.0,0.0,-2.9200000000000017,0.0,2.0400000000000063,0.0,-0.8799999999999955,0.88,1000.0
4418,palawan_outer_east_small_1000_4,S2B_MSIL2A_20230626T021539_R003_T50PQT_20230626T074054,200,,0.0,0.0,0.0,0.0,0.0,0.0,0.0,16.0,0.0,84.0,0.0,25,0,0.0,1000.0000000016298,1000.0,0.4624032974243164,100.0,,0.0,0.0,-0.12,0.0,0.0,0.0,0.0,-8.920000000000002,0.0,9.040000000000006,0.0,0.12000000000000455,0.12000000000000455,1000.0
4425,palawan_outer_east_small_1000_4,S2B_MSIL2A_20230626T021539_R003_T50PQT_20230626T074054,500,,0.0,0.0,0.0,0.0,0.0,0.0,0.0,0.0,0.0,100.0,0.0,4,0,0.0,1000.0000000016298,1000.0,0.3929715156555176,100.0,,0.0,0.0,-0.12,0.0,0.0,0.0,0.0,-24.92,0.0,25.040000000000006,0.0,0.12000000000000455,0.12000000000000455,1000.0
4432,palawan_outer_east_small_1000_4,S2B_MSIL2A_20230626T021539_R003_T50PQT_20230626T074054,1000,,0.0,0.0,0.0,0.0,0.0,0.0,0.0,0.0,0.0,100.0,0.0,1,0,0.0,1000.0000000016298,1000.0,0.41669297218322754,100.0,,0.0,0.0,-0.12,0.0,0.0,0.0,0.0,-24.92,0.0,25.040000000000006,0.0,0.12000000000000455,0.12000000000000455,1000.0
5904,palawan_outer_east_small_1000_40,S2A_MSIL2A_20230601T021611_R003_T50PQT_20230601T103139,20,,0.0,0.0,0.0,0.0,0.0,0.0,0.0,100.0,0.0,0.0,0.0,2500,0,0.0,999.9999999995343,1000.0000000002328,0.37851405143737793,100.0,,0.0,0.0,0.0,0.0,0.0,0.0,0.0,0.0,0.0,0.0,0.0,0.0,0.0,1000.0
5911,palawan_outer_east_small_1000_40,S2A_MSIL2A_20230601T021611_R003_T50PQT_20230601T103139,50,,0.0,0.0,0.0,0.0,0.0,0.0,0.0,100.0,0.0,0.0,0.0,400,0,0.0,999.9999999995343,1000.0000000002328,0.37545061111450195,100.0,,0.0,0.0,0.0,0.0,0.0,0.0,0.0,0.0,0.0,0.0,0.0,0.0,0.0,1000.0
5918,palawan_outer_east_small_1000_40,S2A_MSIL2A_20230601T021611_R003_T50PQT_20230601T103139,100,,0.0,0.0,0.0,0.0,0.0,0.0,0.0,100.0,0.0,0.0,0.0,100,0,0.0,999.9999999995343,1000.0000000002328,0.3794419765472412,100.0,,0.0,0.0,0.0,0.0,0.0,0.0,0.0,0.0,0.0,0.0,0.0,0.0,0.0,1000.0
5925,palawan_outer_east_small_1000_40,S2A_MSIL2A_20230601T021611_R003_T50PQT_20230601T103139,200,,0.0,0.0,0.0,0.0,0.0,0.0,0.0,100.0,0.0,0.0,0.0,25,0,0.0,999.9999999995343,1000.0000000002328,0.43534040451049805,100.0,,0.0,0.0,0.0,0.0,0.0,0.0,0.0,0.0,0.0,0.0,0.0,0.0,0.0,1000.0
5932,palawan_outer_east_small_1000_40,S2A_MSIL2A_20230601T021611_R003_T50PQT_20230601T103139,500,,0.0,0.0,0.0,0.0,0.0,0.0,0.0,100.0,0.0,0.0,0.0,4,0,0.0,999.9999999995343,1000.0000000002328,0.39495301246643066,100.0,,0.0,0.0,0.0,0.0,0.0,0.0,0.0,0.0,0.0,0.0,0.0,0.0,0.0,1000.0
5939,palawan_outer_east_small_1000_40,S2A_MSIL2A_20230601T021611_R003_T50PQT_20230601T103139,1000,,0.0,0.0,0.0,0.0,0.0,0.0,0.0,100.0,0.0,0.0,0.0,1,0,0.0,999.9999999995343,1000.0000000002328,0.6974554061889648,100.0,,0.0,0.0,0.0,0.0,0.0,0.0,0.0,0.0,0.0,0.0,0.0,0.0,0.0,1000.0
5906,palawan_outer_east_small_1000_40,S2A_MSIL2A_20230611T021541_R003_T50PQT_20230611T092421,20,,0.0,0.0,0.0,0.0,0.0,0.0,0.0,74.08,0.0,25.92,0.0,2500,0,0.0,999.9999999995343,1000.0000000002328,0.37851405143737793,100.0,,0.0,0.0,0.0,0.0,0.0,0.0,0.0,0.0,0.0,0.0,0.0,0.0,0.0,1000.0
5913,palawan_outer_east_small_1000_40,S2A_MSIL2A_20230611T021541_R003_T50PQT_20230611T092421,50,,0.0,0.0,0.0,0.0,0.0,0.0,0.0,73.5,0.0,26.5,0.0,400,0,0.0,999.9999999995343,1000.0000000002328,0.37545061111450195,100.0,,0.0,0.0,0.0,0.0,0.0,0.0,0.0,-0.5799999999999983,0.0,0.5799999999999983,0.0,0.0,0.0,1000.0
5920,palawan_outer_east_small_1000_40,S2A_MSIL2A_20230611T021541_R003_T50PQT_20230611T092421,100,,0.0,0.0,0.0,0.0,0.0,0.0,0.0,74.0,0.0,26.0,0.0,100,0,0.0,999.9999999995343,1000.0000000002328,0.3794419765472412,100.0,,0.0,0.0,0.0,0.0,0.0,0.0,0.0,-0.0799999999999983,0.0,0.0799999999999983,0.0,0.0,0.0,1000.0
5927,palawan_outer_east_small_1000_40,S2A_MSIL2A_20230611T021541_R003_T50PQT_20230611T092421,200,,0.0,0.0,0.0,0.0,0.0,0.0,0.0,68.0,0.0,32.0,0.0,25,0,0.0,999.9999999995343,1000.0000000002328,0.43534040451049805,100.0,,0.0,0.0,0.0,0.0,0.0,0.0,0.0,-6.079999999999998,0.0,6.079999999999998,0.0,0.0,0.0,1000.0
5934,palawan_outer_east_small_1000_40,S2A_MSIL2A_20230611T021541_R003_T50PQT_20230611T092421,500,,0.0,0.0,0.0,0.0,0.0,0.0,0.0,75.0,0.0,25.0,0.0,4,0,0.0,999.9999999995343,1000.0000000002328,0.39495301246643066,100.0,,0.0,0.0,0.0,0.0,0.0,0.0,0.0,0.9200000000000017,0.0,-0.9200000000000017,0.0,0.0,0.0,1000.0
5941,palawan_outer_east_small_1000_40,S2A_MSIL2A_20230611T021541_R003_T50PQT_20230611T092421,1000,,0.0,0.0,0.0,0.0,0.0,0.0,0.0,100.0,0.0,0.0,0.0,1,0,0.0,999.9999999995343,1000.0000000002328,0.6974554061889648,100.0,,0.0,0.0,0.0,0.0,0.0,0.0,0.0,25.92,0.0,-25.92,0.0,0.0,0.0,1000.0
5908,palawan_outer_east_small_1000_40,S2A_MSIL2A_20230621T021541_R003_T50PQT_20230621T085836,20,,0.0,0.0,37.52,0.0,0.0,62.48,0.0,0.0,0.0,0.0,0.0,2500,0,0.0,999.9999999995343,1000.0000000002328,0.37851405143737793,0.0,,0.0,0.0,0.0,0.0,0.0,0.0,0.0,0.0,0.0,0.0,0.0,0.0,0.0,1000.0
5915,palawan_outer_east_small_1000_40,S2A_MSIL2A_20230621T021541_R003_T50PQT_20230621T085836,50,,0.0,0.0,37.0,0.0,0.0,63.0,0.0,0.0,0.0,0.0,0.0,400,0,0.0,999.9999999995343,1000.0000000002328,0.37545061111450195,0.0,,0.0,0.0,-0.5200000000000031,0.0,0.0,0.5200000000000031,0.0,0.0,0.0,0.0,0.0,0.0,0.5200000000000031,1000.0
5922,palawan_outer_east_small_1000_40,S2A_MSIL2A_20230621T021541_R003_T50PQT_20230621T085836,100,,0.0,0.0,40.0,0.0,0.0,60.0,0.0,0.0,0.0,0.0,0.0,100,0,0.0,999.9999999995343,1000.0000000002328,0.3794419765472412,0.0,,0.0,0.0,2.479999999999997,0.0,0.0,-2.479999999999997,0.0,0.0,0.0,0.0,0.0,0.0,2.479999999999997,1000.0
5929,palawan_outer_east_small_1000_40,S2A_MSIL2A_20230621T021541_R003_T50PQT_20230621T085836,200,,0.0,0.0,28.0,0.0,0.0,72.0,0.0,0.0,0.0,0.0,0.0,25,0,0.0,999.9999999995343,1000.0000000002328,0.43534040451049805,0.0,,0.0,0.0,-9.520000000000003,0.0,0.0,9.520000000000003,0.0,0.0,0.0,0.0,0.0,0.0,9.520000000000003,1000.0
5936,palawan_outer_east_small_1000_40,S2A_MSIL2A_20230621T021541_R003_T50PQT_20230621T085836,500,,0.0,0.0,25.0,0.0,0.0,75.0,0.0,0.0,0.0,0.0,0.0,4,0,0.0,999.9999999995343,1000.0000000002328,0.39495301246643066,0.0,,0.0,0.0,-12.520000000000003,0.0,0.0,12.520000000000003,0.0,0.0,0.0,0.0,0.0,0.0,12.520000000000003,1000.0
5943,palawan_outer_east_small_1000_40,S2A_MSIL2A_20230621T021541_R003_T50PQT_20230621T085836,1000,,0.0,0.0,0.0,0.0,0.0,100.0,0.0,0.0,0.0,0.0,0.0,1,0,0.0,999.9999999995343,1000.0000000002328,0.6974554061889648,0.0,,0.0,0.0,-37.52,0.0,0.0,37.52,0.0,0.0,0.0,0.0,0.0,0.0,37.52,1000.0
5910,palawan_outer_east_small_1000_40,S2A_MSIL2A_20230701T021541_R003_T50PQT_20230701T082624,20,,0.0,0.0,0.0,0.0,0.0,0.0,0.0,4.44,0.0,95.56,0.0,2500,0,0.0,999.9999999995343,1000.0000000002328,0.37851405143737793,100.0,,0.0,0.0,0.0,0.0,0.0,0.0,0.0,0.0,0.0,0.0,0.0,0.0,0.0,1000.0
5917,palawan_outer_east_small_1000_40,S2A_MSIL2A_20230701T021541_R003_T50PQT_20230701T082624,50,,0.0,0.0,0.0,0.0,0.0,0.0,0.0,5.0,0.0,95.0,0.0,400,0,0.0,999.9999999995343,1000.0000000002328,0.37545061111450195,100.0,,0.0,0.0,0.0,0.0,0.0,0.0,0.0,0.5599999999999996,0.0,-0.5600000000000023,0.0,0.0,0.0,1000.0
5924,palawan_outer_east_small_1000_40,S2A_MSIL2A_20230701T021541_R003_T50PQT_20230701T082624,100,,0.0,0.0,0.0,0.0,0.0,0.0,0.0,5.0,0.0,95.0,0.0,100,0,0.0,999.9999999995343,1000.0000000002328,0.3794419765472412,100.0,,0.0,0.0,0.0,0.0,0.0,0.0,0.0,0.5599999999999996,0.0,-0.5600000000000023,0.0,0.0,0.0,1000.0
5931,palawan_outer_east_small_1000_40,S2A_MSIL2A_20230701T021541_R003_T50PQT_20230701T082624,200,,0.0,0.0,0.0,0.0,0.0,0.0,0.0,8.0,0.0,92.0,0.0,25,0,0.0,999.9999999995343,1000.0000000002328,0.43534040451049805,100.0,,0.0,0.0,0.0,0.0,0.0,0.0,0.0,3.5599999999999996,0.0,-3.5600000000000023,0.0,0.0,0.0,1000.0
5938,palawan_outer_east_small_1000_40,S2A_MSIL2A_20230701T021541_R003_T50PQT_20230701T082624,500,,0.0,0.0,0.0,0.0,0.0,0.0,0.0,0.0,0.0,100.0,0.0,4,0,0.0,999.9999999995343,1000.0000000002328,0.39495301246643066,100.0,,0.0,0.0,0.0,0.0,0.0,0.0,0.0,-4.44,0.0,4.439999999999998,0.0,0.0,0.0,1000.0
5945,palawan_outer_east_small_1000_40,S2A_MSIL2A_20230701T021541_R003_T50PQT_20230701T082624,1000,,0.0,0.0,0.0,0.0,0.0,0.0,0.0,0.0,0.0,100.0,0.0,1,0,0.0,999.9999999995343,1000.0000000002328,0.6974554061889648,100.0,,0.0,0.0,0.0,0.0,0.0,0.0,0.0,-4.44,0.0,4.439999999999998,0.0,0.0,0.0,1000.0
5905,palawan_outer_east_small_1000_40,S2B_MSIL2A_20230606T021539_R003_T50PQT_20230606T073506,20,,0.0,0.0,0.0,30.08,0.92,67.84,1.16,0.0,0.0,0.0,0.0,2500,0,0.0,999.9999999995343,1000.0000000002328,0.37851405143737793,0.0,,0.0,0.0,0.0,0.0,0.0,0.0,0.0,0.0,0.0,0.0,0.0,0.0,0.0,1000.0
5912,palawan_outer_east_small_1000_40,S2B_MSIL2A_20230606T021539_R003_T50PQT_20230606T073506,50,,0.0,0.0,0.0,29.25,0.5,68.75,1.5,0.0,0.0,0.0,0.0,400,0,0.0,999.9999999995343,1000.0000000002328,0.37545061111450195,0.0,,0.0,0.0,0.0,-0.8299999999999983,-0.42000000000000004,0.9099999999999966,0.3400000000000001,0.0,0.0,0.0,0.0,0.0,0.9099999999999966,1000.0
5919,palawan_outer_east_small_1000_40,S2B_MSIL2A_20230606T021539_R003_T50PQT_20230606T073506,100,,0.0,0.0,0.0,32.0,0.0,67.0,1.0,0.0,0.0,0.0,0.0,100,0,0.0,999.9999999995343,1000.0000000002328,0.3794419765472412,0.0,,0.0,0.0,0.0,1.9200000000000017,-0.92,-0.8400000000000034,-0.15999999999999992,0.0,0.0,0.0,0.0,0.0,1.9200000000000017,1000.0
5926,palawan_outer_east_small_1000_40,S2B_MSIL2A_20230606T021539_R003_T50PQT_20230606T073506,200,,0.0,0.0,0.0,24.0,0.0,76.0,0.0,0.0,0.0,0.0,0.0,25,0,0.0,999.9999999995343,1000.0000000002328,0.43534040451049805,0.0,,0.0,0.0,0.0,-6.079999999999998,-0.92,8.159999999999997,-1.16,0.0,0.0,0.0,0.0,0.0,8.159999999999997,1000.0
5933,palawan_outer_east_small_1000_40,S2B_MSIL2A_20230606T021539_R003_T50PQT_20230606T073506,500,,0.0,0.0,0.0,0.0,0.0,100.0,0.0,0.0,0.0,0.0,0.0,4,0,0.0,999.9999999995343,1000.0000000002328,0.39495301246643066,0.0,,0.0,0.0,0.0,-30.08,-0.92,32.16,-1.16,0.0,0.0,0.0,0.0,0.0,32.16,1000.0
5940,palawan_outer_east_small_1000_40,S2B_MSIL2A_20230606T021539_R003_T50PQT_20230606T073506,1000,,0.0,0.0,0.0,0.0,0.0,100.0,0.0,0.0,0.0,0.0,0.0,1,0,0.0,999.9999999995343,1000.0000000002328,0.6974554061889648,0.0,,0.0,0.0,0.0,-30.08,-0.92,32.16,-1.16,0.0,0.0,0.0,0.0,0.0,32.16,1000.0
5907,palawan_outer_east_small_1000_40,S2B_MSIL2A_20230616T021539_R003_T50PQT_20230616T083239,20,,0.0,0.0,0.0,0.0,0.0,0.0,0.0,12.44,6.24,81.32,0.0,2500,0,0.0,999.9999999995343,1000.0000000002328,0.37851405143737793,100.0,,0.0,0.0,0.0,0.0,0.0,0.0,0.0,0.0,0.0,0.0,0.0,0.0,0.0,1000.0
5914,palawan_outer_east_small_1000_40,S2B_MSIL2A_20230616T021539_R003_T50PQT_20230616T083239,50,,0.0,0.0,0.0,0.0,0.0,0.0,0.0,12.5,5.25,82.25,0.0,400,0,0.0,999.9999999995343,1000.0000000002328,0.37545061111450195,100.0,,0.0,0.0,0.0,0.0,0.0,0.0,0.0,0.0600000000000005,-0.9900000000000002,0.9300000000000068,0.0,0.0,0.0,1000.0
5921,palawan_outer_east_small_1000_40,S2B_MSIL2A_20230616T021539_R003_T50PQT_20230616T083239,100,,0.0,0.0,0.0,0.0,0.0,0.0,0.0,12.0,5.0,83.0,0.0,100,0,0.0,999.9999999995343,1000.0000000002328,0.3794419765472412,100.0,,0.0,0.0,0.0,0.0,0.0,0.0,0.0,-0.4399999999999995,-1.2400000000000002,1.6800000000000068,0.0,0.0,0.0,1000.0
5928,palawan_outer_east_small_1000_40,S2B_MSIL2A_20230616T021539_R003_T50PQT_20230616T083239,200,,0.0,0.0,0.0,0.0,0.0,0.0,0.0,8.0,4.0,88.0,0.0,25,0,0.0,999.9999999995343,1000.0000000002328,0.43534040451049805,100.0,,0.0,0.0,0.0,0.0,0.0,0.0,0.0,-4.4399999999999995,-2.24,6.680000000000007,0.0,0.0,0.0,1000.0
5935,palawan_outer_east_small_1000_40,S2B_MSIL2A_20230616T021539_R003_T50PQT_20230616T083239,500,,0.0,0.0,0.0,0.0,0.0,0.0,0.0,0.0,0.0,100.0,0.0,4,0,0.0,999.9999999995343,1000.0000000002328,0.39495301246643066,100.0,,0.0,0.0,0.0,0.0,0.0,0.0,0.0,-12.44,-6.24,18.680000000000007,0.0,0.0,0.0,1000.0
5942,palawan_outer_east_small_1000_40,S2B_MSIL2A_20230616T021539_R003_T50PQT_20230616T083239,1000,,0.0,0.0,0.0,0.0,0.0,0.0,0.0,0.0,0.0,100.0,0.0,1,0,0.0,999.9999999995343,1000.0000000002328,0.6974554061889648,100.0,,0.0,0.0,0.0,0.0,0.0,0.0,0.0,-12.44,-6.24,18.680000000000007,0.0,0.0,0.0,1000.0
5909,palawan_outer_east_small_1000_40,S2B_MSIL2A_20230626T021539_R003_T50PQT_20230626T074054,20,,0.0,0.0,0.0,0.0,0.0,0.0,0.0,10.64,6.56,82.8,0.0,2500,0,0.0,999.9999999995343,1000.0000000002328,0.37851405143737793,100.0,,0.0,0.0,0.0,0.0,0.0,0.0,0.0,0.0,0.0,0.0,0.0,0.0,0.0,1000.0
5916,palawan_outer_east_small_1000_40,S2B_MSIL2A_20230626T021539_R003_T50PQT_20230626T074054,50,,0.0,0.0,0.0,0.0,0.0,0.0,0.0,9.25,7.0,83.75,0.0,400,0,0.0,999.9999999995343,1000.0000000002328,0.37545061111450195,100.0,,0.0,0.0,0.0,0.0,0.0,0.0,0.0,-1.3900000000000006,0.4400000000000004,0.9500000000000028,0.0,0.0,0.0,1000.0
5923,palawan_outer_east_small_1000_40,S2B_MSIL2A_20230626T021539_R003_T50PQT_20230626T074054,100,,0.0,0.0,0.0,0.0,0.0,0.0,0.0,12.0,7.0,81.0,0.0,100,0,0.0,999.9999999995343,1000.0000000002328,0.3794419765472412,100.0,,0.0,0.0,0.0,0.0,0.0,0.0,0.0,1.3599999999999994,0.4400000000000004,-1.7999999999999972,0.0,0.0,0.0,1000.0
5930,palawan_outer_east_small_1000_40,S2B_MSIL2A_20230626T021539_R003_T50PQT_20230626T074054,200,,0.0,0.0,0.0,0.0,0.0,0.0,0.0,4.0,8.0,88.0,0.0,25,0,0.0,999.9999999995343,1000.0000000002328,0.43534040451049805,100.0,,0.0,0.0,0.0,0.0,0.0,0.0,0.0,-6.640000000000001,1.4400000000000004,5.200000000000003,0.0,0.0,0.0,1000.0
5937,palawan_outer_east_small_1000_40,S2B_MSIL2A_20230626T021539_R003_T50PQT_20230626T074054,500,,0.0,0.0,0.0,0.0,0.0,0.0,0.0,0.0,0.0,100.0,0.0,4,0,0.0,999.9999999995343,1000.0000000002328,0.39495301246643066,100.0,,0.0,0.0,0.0,0.0,0.0,0.0,0.0,-10.64,-6.56,17.200000000000003,0.0,0.0,0.0,1000.0
5944,palawan_outer_east_small_1000_40,S2B_MSIL2A_20230626T021539_R003_T50PQT_20230626T074054,1000,,0.0,0.0,0.0,0.0,0.0,0.0,0.0,0.0,0.0,100.0,0.0,1,0,0.0,999.9999999995343,1000.0000000002328,0.6974554061889648,100.0,,0.0,0.0,0.0,0.0,0.0,0.0,0.0,-10.64,-6.56,17.200000000000003,0.0,0.0,0.0,1000.0
5946,palawan_outer_east_small_1000_41,S2A_MSIL2A_20230601T021611_R003_T50PQT_20230601T103139,20,,0.0,0.0,0.0,0.0,0.0,0.0,0.0,100.0,0.0,0.0,0.0,2500,0,0.0,1000.0000000002328,1000.0000000004657,0.3980906009674072,100.0,,0.0,0.0,0.0,0.0,0.0,0.0,0.0,0.0,0.0,0.0,0.0,0.0,0.0,1000.0
5953,palawan_outer_east_small_1000_41,S2A_MSIL2A_20230601T021611_R003_T50PQT_20230601T103139,50,,0.0,0.0,0.0,0.0,0.0,0.0,0.0,100.0,0.0,0.0,0.0,400,0,0.0,1000.0000000002328,1000.0000000004657,0.36856794357299805,100.0,,0.0,0.0,0.0,0.0,0.0,0.0,0.0,0.0,0.0,0.0,0.0,0.0,0.0,1000.0
5960,palawan_outer_east_small_1000_41,S2A_MSIL2A_20230601T021611_R003_T50PQT_20230601T103139,100,,0.0,0.0,0.0,0.0,0.0,0.0,0.0,100.0,0.0,0.0,0.0,100,0,0.0,1000.0000000002328,1000.0000000004657,0.45791172981262207,100.0,,0.0,0.0,0.0,0.0,0.0,0.0,0.0,0.0,0.0,0.0,0.0,0.0,0.0,1000.0
5967,palawan_outer_east_small_1000_41,S2A_MSIL2A_20230601T021611_R003_T50PQT_20230601T103139,200,,0.0,0.0,0.0,0.0,0.0,0.0,0.0,100.0,0.0,0.0,0.0,25,0,0.0,1000.0000000002328,1000.0000000004657,0.4412827491760254,100.0,,0.0,0.0,0.0,0.0,0.0,0.0,0.0,0.0,0.0,0.0,0.0,0.0,0.0,1000.0
5974,palawan_outer_east_small_1000_41,S2A_MSIL2A_20230601T021611_R003_T50PQT_20230601T103139,500,,0.0,0.0,0.0,0.0,0.0,0.0,0.0,100.0,0.0,0.0,0.0,4,0,0.0,1000.0000000002328,1000.0000000004657,0.40261316299438477,100.0,,0.0,0.0,0.0,0.0,0.0,0.0,0.0,0.0,0.0,0.0,0.0,0.0,0.0,1000.0
5981,palawan_outer_east_small_1000_41,S2A_MSIL2A_20230601T021611_R003_T50PQT_20230601T103139,1000,,0.0,0.0,0.0,0.0,0.0,0.0,0.0,100.0,0.0,0.0,0.0,1,0,0.0,1000.0000000002328,1000.0000000004657,0.4046950340270996,100.0,,0.0,0.0,0.0,0.0,0.0,0.0,0.0,0.0,0.0,0.0,0.0,0.0,0.0,1000.0
5948,palawan_outer_east_small_1000_41,S2A_MSIL2A_20230611T021541_R003_T50PQT_20230611T092421,20,,0.0,0.0,0.0,0.0,0.0,0.0,0.0,23.04,0.0,76.96,0.0,2500,0,0.0,1000.0000000002328,1000.0000000004657,0.3980906009674072,100.0,,0.0,0.0,0.0,0.0,0.0,0.0,0.0,0.0,0.0,0.0,0.0,0.0,0.0,1000.0
5955,palawan_outer_east_small_1000_41,S2A_MSIL2A_20230611T021541_R003_T50PQT_20230611T092421,50,,0.0,0.0,0.0,0.0,0.0,0.0,0.0,23.0,0.0,77.0,0.0,400,0,0.0,1000.0000000002328,1000.0000000004657,0.36856794357299805,100.0,,0.0,0.0,0.0,0.0,0.0,0.0,0.0,-0.03999999999999915,0.0,0.04000000000000625,0.0,0.0,0.0,1000.0
5962,palawan_outer_east_small_1000_41,S2A_MSIL2A_20230611T021541_R003_T50PQT_20230611T092421,100,,0.0,0.0,0.0,0.0,0.0,0.0,0.0,25.0,0.0,75.0,0.0,100,0,0.0,1000.0000000002328,1000.0000000004657,0.45791172981262207,100.0,,0.0,0.0,0.0,0.0,0.0,0.0,0.0,1.9600000000000009,0.0,-1.9599999999999937,0.0,0.0,0.0,1000.0
5969,palawan_outer_east_small_1000_41,S2A_MSIL2A_20230611T021541_R003_T50PQT_20230611T092421,200,,0.0,0.0,0.0,0.0,0.0,0.0,0.0,28.0,0.0,72.0,0.0,25,0,0.0,1000.0000000002328,1000.0000000004657,0.4412827491760254,100.0,,0.0,0.0,0.0,0.0,0.0,0.0,0.0,4.960000000000001,0.0,-4.959999999999994,0.0,0.0,0.0,1000.0
5976,palawan_outer_east_small_1000_41,S2A_MSIL2A_20230611T021541_R003_T50PQT_20230611T092421,500,,0.0,0.0,0.0,0.0,0.0,0.0,0.0,50.0,0.0,50.0,0.0,4,0,0.0,1000.0000000002328,1000.0000000004657,0.40261316299438477,100.0,,0.0,0.0,0.0,0.0,0.0,0.0,0.0,26.96,0.0,-26.959999999999994,0.0,0.0,0.0,1000.0
5983,palawan_outer_east_small_1000_41,S2A_MSIL2A_20230611T021541_R003_T50PQT_20230611T092421,1000,,0.0,0.0,0.0,0.0,0.0,0.0,0.0,0.0,0.0,100.0,0.0,1,0,0.0,1000.0000000002328,1000.0000000004657,0.4046950340270996,100.0,,0.0,0.0,0.0,0.0,0.0,0.0,0.0,-23.04,0.0,23.040000000000006,0.0,0.0,0.0,1000.0
5950,palawan_outer_east_small_1000_41,S2A_MSIL2A_20230621T021541_R003_T50PQT_20230621T085836,20,,0.0,0.0,0.0,0.0,0.0,100.0,0.0,0.0,0.0,0.0,0.0,2500,0,0.0,1000.0000000002328,1000.0000000004657,0.3980906009674072,0.0,,0.0,0.0,0.0,0.0,0.0,0.0,0.0,0.0,0.0,0.0,0.0,0.0,0.0,1000.0
5957,palawan_outer_east_small_1000_41,S2A_MSIL2A_20230621T021541_R003_T50PQT_20230621T085836,50,,0.0,0.0,0.0,0.0,0.0,100.0,0.0,0.0,0.0,0.0,0.0,400,0,0.0,1000.0000000002328,1000.0000000004657,0.36856794357299805,0.0,,0.0,0.0,0.0,0.0,0.0,0.0,0.0,0.0,0.0,0.0,0.0,0.0,0.0,1000.0
5964,palawan_outer_east_small_1000_41,S2A_MSIL2A_20230621T021541_R003_T50PQT_20230621T085836,100,,0.0,0.0,0.0,0.0,0.0,100.0,0.0,0.0,0.0,0.0,0.0,100,0,0.0,1000.0000000002328,1000.0000000004657,0.45791172981262207,0.0,,0.0,0.0,0.0,0.0,0.0,0.0,0.0,0.0,0.0,0.0,0.0,0.0,0.0,1000.0
5971,palawan_outer_east_small_1000_41,S2A_MSIL2A_20230621T021541_R003_T50PQT_20230621T085836,200,,0.0,0.0,0.0,0.0,0.0,100.0,0.0,0.0,0.0,0.0,0.0,25,0,0.0,1000.0000000002328,1000.0000000004657,0.4412827491760254,0.0,,0.0,0.0,0.0,0.0,0.0,0.0,0.0,0.0,0.0,0.0,0.0,0.0,0.0,1000.0
5978,palawan_outer_east_small_1000_41,S2A_MSIL2A_20230621T021541_R003_T50PQT_20230621T085836,500,,0.0,0.0,0.0,0.0,0.0,100.0,0.0,0.0,0.0,0.0,0.0,4,0,0.0,1000.0000000002328,1000.0000000004657,0.40261316299438477,0.0,,0.0,0.0,0.0,0.0,0.0,0.0,0.0,0.0,0.0,0.0,0.0,0.0,0.0,1000.0
5985,palawan_outer_east_small_1000_41,S2A_MSIL2A_20230621T021541_R003_T50PQT_20230621T085836,1000,,0.0,0.0,0.0,0.0,0.0,100.0,0.0,0.0,0.0,0.0,0.0,1,0,0.0,1000.0000000002328,1000.0000000004657,0.4046950340270996,0.0,,0.0,0.0,0.0,0.0,0.0,0.0,0.0,0.0,0.0,0.0,0.0,0.0,0.0,1000.0
5952,palawan_outer_east_small_1000_41,S2A_MSIL2A_20230701T021541_R003_T50PQT_20230701T082624,20,,0.0,0.0,0.0,0.0,0.0,0.0,0.0,0.0,0.0,100.0,0.0,2500,0,0.0,1000.0000000002328,1000.0000000004657,0.3980906009674072,100.0,,0.0,0.0,0.0,0.0,0.0,0.0,0.0,0.0,0.0,0.0,0.0,0.0,0.0,1000.0
5959,palawan_outer_east_small_1000_41,S2A_MSIL2A_20230701T021541_R003_T50PQT_20230701T082624,50,,0.0,0.0,0.0,0.0,0.0,0.0,0.0,0.0,0.0,100.0,0.0,400,0,0.0,1000.0000000002328,1000.0000000004657,0.36856794357299805,100.0,,0.0,0.0,0.0,0.0,0.0,0.0,0.0,0.0,0.0,0.0,0.0,0.0,0.0,1000.0
5966,palawan_outer_east_small_1000_41,S2A_MSIL2A_20230701T021541_R003_T50PQT_20230701T082624,100,,0.0,0.0,0.0,0.0,0.0,0.0,0.0,0.0,0.0,100.0,0.0,100,0,0.0,1000.0000000002328,1000.0000000004657,0.45791172981262207,100.0,,0.0,0.0,0.0,0.0,0.0,0.0,0.0,0.0,0.0,0.0,0.0,0.0,0.0,1000.0
5973,palawan_outer_east_small_1000_41,S2A_MSIL2A_20230701T021541_R003_T50PQT_20230701T082624,200,,0.0,0.0,0.0,0.0,0.0,0.0,0.0,0.0,0.0,100.0,0.0,25,0,0.0,1000.0000000002328,1000.0000000004657,0.4412827491760254,100.0,,0.0,0.0,0.0,0.0,0.0,0.0,0.0,0.0,0.0,0.0,0.0,0.0,0.0,1000.0
5980,palawan_outer_east_small_1000_41,S2A_MSIL2A_20230701T021541_R003_T50PQT_20230701T082624,500,,0.0,0.0,0.0,0.0,0.0,0.0,0.0,0.0,0.0,100.0,0.0,4,0,0.0,1000.0000000002328,1000.0000000004657,0.40261316299438477,100.0,,0.0,0.0,0.0,0.0,0.0,0.0,0.0,0.0,0.0,0.0,0.0,0.0,0.0,1000.0
5987,palawan_outer_east_small_1000_41,S2A_MSIL2A_20230701T021541_R003_T50PQT_20230701T082624,1000,,0.0,0.0,0.0,0.0,0.0,0.0,0.0,0.0,0.0,100.0,0.0,1,0,0.0,1000.0000000002328,1000.0000000004657,0.4046950340270996,100.0,,0.0,0.0,0.0,0.0,0.0,0.0,0.0,0.0,0.0,0.0,0.0,0.0,0.0,1000.0
5947,palawan_outer_east_small_1000_41,S2B_MSIL2A_20230606T021539_R003_T50PQT_20230606T073506,20,,0.0,0.0,0.0,0.0,0.0,100.0,0.0,0.0,0.0,0.0,0.0,2500,0,0.0,1000.0000000002328,1000.0000000004657,0.3980906009674072,0.0,,0.0,0.0,0.0,0.0,0.0,0.0,0.0,0.0,0.0,0.0,0.0,0.0,0.0,1000.0
5954,palawan_outer_east_small_1000_41,S2B_MSIL2A_20230606T021539_R003_T50PQT_20230606T073506,50,,0.0,0.0,0.0,0.0,0.0,100.0,0.0,0.0,0.0,0.0,0.0,400,0,0.0,1000.0000000002328,1000.0000000004657,0.36856794357299805,0.0,,0.0,0.0,0.0,0.0,0.0,0.0,0.0,0.0,0.0,0.0,0.0,0.0,0.0,1000.0
5961,palawan_outer_east_small_1000_41,S2B_MSIL2A_20230606T021539_R003_T50PQT_20230606T073506,100,,0.0,0.0,0.0,0.0,0.0,100.0,0.0,0.0,0.0,0.0,0.0,100,0,0.0,1000.0000000002328,1000.0000000004657,0.45791172981262207,0.0,,0.0,0.0,0.0,0.0,0.0,0.0,0.0,0.0,0.0,0.0,0.0,0.0,0.0,1000.0
5968,palawan_outer_east_small_1000_41,S2B_MSIL2A_20230606T021539_R003_T50PQT_20230606T073506,200,,0.0,0.0,0.0,0.0,0.0,100.0,0.0,0.0,0.0,0.0,0.0,25,0,0.0,1000.0000000002328,1000.0000000004657,0.4412827491760254,0.0,,0.0,0.0,0.0,0.0,0.0,0.0,0.0,0.0,0.0,0.0,0.0,0.0,0.0,1000.0
5975,palawan_outer_east_small_1000_41,S2B_MSIL2A_20230606T021539_R003_T50PQT_20230606T073506,500,,0.0,0.0,0.0,0.0,0.0,100.0,0.0,0.0,0.0,0.0,0.0,4,0,0.0,1000.0000000002328,1000.0000000004657,0.40261316299438477,0.0,,0.0,0.0,0.0,0.0,0.0,0.0,0.0,0.0,0.0,0.0,0.0,0.0,0.0,1000.0
5982,palawan_outer_east_small_1000_41,S2B_MSIL2A_20230606T021539_R003_T50PQT_20230606T073506,1000,,0.0,0.0,0.0,0.0,0.0,100.0,0.0,0.0,0.0,0.0,0.0,1,0,0.0,1000.0000000002328,1000.0000000004657,0.4046950340270996,0.0,,0.0,0.0,0.0,0.0,0.0,0.0,0.0,0.0,0.0,0.0,0.0,0.0,0.0,1000.0
5949,palawan_outer_east_small_1000_41,S2B_MSIL2A_20230616T021539_R003_T50PQT_20230616T083239,20,,0.0,0.0,0.0,0.0,0.0,0.0,0.0,0.0,0.0,100.0,0.0,2500,0,0.0,1000.0000000002328,1000.0000000004657,0.3980906009674072,100.0,,0.0,0.0,0.0,0.0,0.0,0.0,0.0,0.0,0.0,0.0,0.0,0.0,0.0,1000.0
5956,palawan_outer_east_small_1000_41,S2B_MSIL2A_20230616T021539_R003_T50PQT_20230616T083239,50,,0.0,0.0,0.0,0.0,0.0,0.0,0.0,0.0,0.0,100.0,0.0,400,0,0.0,1000.0000000002328,1000.0000000004657,0.36856794357299805,100.0,,0.0,0.0,0.0,0.0,0.0,0.0,0.0,0.0,0.0,0.0,0.0,0.0,0.0,1000.0
5963,palawan_outer_east_small_1000_41,S2B_MSIL2A_20230616T021539_R003_T50PQT_20230616T083239,100,,0.0,0.0,0.0,0.0,0.0,0.0,0.0,0.0,0.0,100.0,0.0,100,0,0.0,1000.0000000002328,1000.0000000004657,0.45791172981262207,100.0,,0.0,0.0,0.0,0.0,0.0,0.0,0.0,0.0,0.0,0.0,0.0,0.0,0.0,1000.0
5970,palawan_outer_east_small_1000_41,S2B_MSIL2A_20230616T021539_R003_T50PQT_20230616T083239,200,,0.0,0.0,0.0,0.0,0.0,0.0,0.0,0.0,0.0,100.0,0.0,25,0,0.0,1000.0000000002328,1000.0000000004657,0.4412827491760254,100.0,,0.0,0.0,0.0,0.0,0.0,0.0,0.0,0.0,0.0,0.0,0.0,0.0,0.0,1000.0
5977,palawan_outer_east_small_1000_41,S2B_MSIL2A_20230616T021539_R003_T50PQT_20230616T083239,500,,0.0,0.0,0.0,0.0,0.0,0.0,0.0,0.0,0.0,100.0,0.0,4,0,0.0,1000.0000000002328,1000.0000000004657,0.40261316299438477,100.0,,0.0,0.0,0.0,0.0,0.0,0.0,0.0,0.0,0.0,0.0,0.0,0.0,0.0,1000.0
5984,palawan_outer_east_small_1000_41,S2B_MSIL2A_20230616T021539_R003_T50PQT_20230616T083239,1000,,0.0,0.0,0.0,0.0,0.0,0.0,0.0,0.0,0.0,100.0,0.0,1,0,0.0,1000.0000000002328,1000.0000000004657,0.4046950340270996,100.0,,0.0,0.0,0.0,0.0,0.0,0.0,0.0,0.0,0.0,0.0,0.0,0.0,0.0,1000.0
5951,palawan_outer_east_small_1000_41,S2B_MSIL2A_20230626T021539_R003_T50PQT_20230626T074054,20,,0.0,0.0,0.0,0.0,0.0,0.0,0.0,0.0,0.0,100.0,0.0,2500,0,0.0,1000.0000000002328,1000.0000000004657,0.3980906009674072,100.0,,0.0,0.0,0.0,0.0,0.0,0.0,0.0,0.0,0.0,0.0,0.0,0.0,0.0,1000.0
5958,palawan_outer_east_small_1000_41,S2B_MSIL2A_20230626T021539_R003_T50PQT_20230626T074054,50,,0.0,0.0,0.0,0.0,0.0,0.0,0.0,0.0,0.0,100.0,0.0,400,0,0.0,1000.0000000002328,1000.0000000004657,0.36856794357299805,100.0,,0.0,0.0,0.0,0.0,0.0,0.0,0.0,0.0,0.0,0.0,0.0,0.0,0.0,1000.0
5965,palawan_outer_east_small_1000_41,S2B_MSIL2A_20230626T021539_R003_T50PQT_20230626T074054,100,,0.0,0.0,0.0,0.0,0.0,0.0,0.0,0.0,0.0,100.0,0.0,100,0,0.0,1000.0000000002328,1000.0000000004657,0.45791172981262207,100.0,,0.0,0.0,0.0,0.0,0.0,0.0,0.0,0.0,0.0,0.0,0.0,0.0,0.0,1000.0
5972,palawan_outer_east_small_1000_41,S2B_MSIL2A_20230626T021539_R003_T50PQT_20230626T074054,200,,0.0,0.0,0.0,0.0,0.0,0.0,0.0,0.0,0.0,100.0,0.0,25,0,0.0,1000.0000000002328,1000.0000000004657,0.4412827491760254,100.0,,0.0,0.0,0.0,0.0,0.0,0.0,0.0,0.0,0.0,0.0,0.0,0.0,0.0,1000.0
5979,palawan_outer_east_small_1000_41,S2B_MSIL2A_20230626T021539_R003_T50PQT_20230626T074054,500,,0.0,0.0,0.0,0.0,0.0,0.0,0.0,0.0,0.0,100.0,0.0,4,0,0.0,1000.0000000002328,1000.0000000004657,0.40261316299438477,100.0,,0.0,0.0,0.0,0.0,0.0,0.0,0.0,0.0,0.0,0.0,0.0,0.0,0.0,1000.0
5986,palawan_outer_east_small_1000_41,S2B_MSIL2A_20230626T021539_R003_T50PQT_20230626T074054,1000,,0.0,0.0,0.0,0.0,0.0,0.0,0.0,0.0,0.0,100.0,0.0,1,0,0.0,1000.0000000002328,1000.0000000004657,0.4046950340270996,100.0,,0.0,0.0,0.0,0.0,0.0,0.0,0.0,0.0,0.0,0.0,0.0,0.0,0.0,1000.0
4434,palawan_outer_east_small_1000_5,S2A_MSIL2A_20230601T021611_R003_T50PQT_20230601T103139,20,,0.0,0.0,0.0,0.0,0.0,0.0,0.0,100.0,0.0,0.0,0.0,2500,0,0.0,1000.0000000006985,1000.0000000002328,0.38633108139038086,100.0,,0.0,0.0,0.0,0.0,0.0,0.0,0.0,0.0,0.0,0.0,0.0,0.0,0.0,1000.0
4441,palawan_outer_east_small_1000_5,S2A_MSIL2A_20230601T021611_R003_T50PQT_20230601T103139,50,,0.0,0.0,0.0,0.0,0.0,0.0,0.0,100.0,0.0,0.0,0.0,400,0,0.0,1000.0000000006985,1000.0000000002328,0.4153785705566406,100.0,,0.0,0.0,0.0,0.0,0.0,0.0,0.0,0.0,0.0,0.0,0.0,0.0,0.0,1000.0
4448,palawan_outer_east_small_1000_5,S2A_MSIL2A_20230601T021611_R003_T50PQT_20230601T103139,100,,0.0,0.0,0.0,0.0,0.0,0.0,0.0,100.0,0.0,0.0,0.0,100,0,0.0,1000.0000000006985,1000.0000000002328,0.6078755855560303,100.0,,0.0,0.0,0.0,0.0,0.0,0.0,0.0,0.0,0.0,0.0,0.0,0.0,0.0,1000.0
4455,palawan_outer_east_small_1000_5,S2A_MSIL2A_20230601T021611_R003_T50PQT_20230601T103139,200,,0.0,0.0,0.0,0.0,0.0,0.0,0.0,100.0,0.0,0.0,0.0,25,0,0.0,1000.0000000006985,1000.0000000002328,0.4170420169830322,100.0,,0.0,0.0,0.0,0.0,0.0,0.0,0.0,0.0,0.0,0.0,0.0,0.0,0.0,1000.0
4462,palawan_outer_east_small_1000_5,S2A_MSIL2A_20230601T021611_R003_T50PQT_20230601T103139,500,,0.0,0.0,0.0,0.0,0.0,0.0,0.0,100.0,0.0,0.0,0.0,4,0,0.0,1000.0000000006985,1000.0000000002328,0.39875221252441406,100.0,,0.0,0.0,0.0,0.0,0.0,0.0,0.0,0.0,0.0,0.0,0.0,0.0,0.0,1000.0
4469,palawan_outer_east_small_1000_5,S2A_MSIL2A_20230601T021611_R003_T50PQT_20230601T103139,1000,,0.0,0.0,0.0,0.0,0.0,0.0,0.0,100.0,0.0,0.0,0.0,1,0,0.0,1000.0000000006985,1000.0000000002328,0.44677305221557617,100.0,,0.0,0.0,0.0,0.0,0.0,0.0,0.0,0.0,0.0,0.0,0.0,0.0,0.0,1000.0
4436,palawan_outer_east_small_1000_5,S2A_MSIL2A_20230611T021541_R003_T50PQT_20230611T092421,20,,0.0,0.0,0.0,0.0,0.0,0.0,0.0,100.0,0.0,0.0,0.0,2500,0,0.0,1000.0000000006985,1000.0000000002328,0.38633108139038086,100.0,,0.0,0.0,0.0,0.0,0.0,0.0,0.0,0.0,0.0,0.0,0.0,0.0,0.0,1000.0
4443,palawan_outer_east_small_1000_5,S2A_MSIL2A_20230611T021541_R003_T50PQT_20230611T092421,50,,0.0,0.0,0.0,0.0,0.0,0.0,0.0,100.0,0.0,0.0,0.0,400,0,0.0,1000.0000000006985,1000.0000000002328,0.4153785705566406,100.0,,0.0,0.0,0.0,0.0,0.0,0.0,0.0,0.0,0.0,0.0,0.0,0.0,0.0,1000.0
4450,palawan_outer_east_small_1000_5,S2A_MSIL2A_20230611T021541_R003_T50PQT_20230611T092421,100,,0.0,0.0,0.0,0.0,0.0,0.0,0.0,100.0,0.0,0.0,0.0,100,0,0.0,1000.0000000006985,1000.0000000002328,0.6078755855560303,100.0,,0.0,0.0,0.0,0.0,0.0,0.0,0.0,0.0,0.0,0.0,0.0,0.0,0.0,1000.0
4457,palawan_outer_east_small_1000_5,S2A_MSIL2A_20230611T021541_R003_T50PQT_20230611T092421,200,,0.0,0.0,0.0,0.0,0.0,0.0,0.0,100.0,0.0,0.0,0.0,25,0,0.0,1000.0000000006985,1000.0000000002328,0.4170420169830322,100.0,,0.0,0.0,0.0,0.0,0.0,0.0,0.0,0.0,0.0,0.0,0.0,0.0,0.0,1000.0
4464,palawan_outer_east_small_1000_5,S2A_MSIL2A_20230611T021541_R003_T50PQT_20230611T092421,500,,0.0,0.0,0.0,0.0,0.0,0.0,0.0,100.0,0.0,0.0,0.0,4,0,0.0,1000.0000000006985,1000.0000000002328,0.39875221252441406,100.0,,0.0,0.0,0.0,0.0,0.0,0.0,0.0,0.0,0.0,0.0,0.0,0.0,0.0,1000.0
4471,palawan_outer_east_small_1000_5,S2A_MSIL2A_20230611T021541_R003_T50PQT_20230611T092421,1000,,0.0,0.0,0.0,0.0,0.0,0.0,0.0,100.0,0.0,0.0,0.0,1,0,0.0,1000.0000000006985,1000.0000000002328,0.44677305221557617,100.0,,0.0,0.0,0.0,0.0,0.0,0.0,0.0,0.0,0.0,0.0,0.0,0.0,0.0,1000.0
4438,palawan_outer_east_small_1000_5,S2A_MSIL2A_20230621T021541_R003_T50PQT_20230621T085836,20,,0.0,0.0,0.0,0.24,0.0,99.76,0.0,0.0,0.0,0.0,0.0,2500,0,0.0,1000.0000000006985,1000.0000000002328,0.38633108139038086,0.0,,0.0,0.0,0.0,0.0,0.0,0.0,0.0,0.0,0.0,0.0,0.0,0.0,0.0,1000.0
4445,palawan_outer_east_small_1000_5,S2A_MSIL2A_20230621T021541_R003_T50PQT_20230621T085836,50,,0.0,0.0,0.0,0.25,0.0,99.75,0.0,0.0,0.0,0.0,0.0,400,0,0.0,1000.0000000006985,1000.0000000002328,0.4153785705566406,0.0,,0.0,0.0,0.0,0.010000000000000009,0.0,-0.010000000000005116,0.0,0.0,0.0,0.0,0.0,0.0,0.010000000000005116,1000.0
4452,palawan_outer_east_small_1000_5,S2A_MSIL2A_20230621T021541_R003_T50PQT_20230621T085836,100,,0.0,0.0,0.0,1.0,0.0,99.0,0.0,0.0,0.0,0.0,0.0,100,0,0.0,1000.0000000006985,1000.0000000002328,0.6078755855560303,0.0,,0.0,0.0,0.0,0.76,0.0,-0.7600000000000051,0.0,0.0,0.0,0.0,0.0,0.0,0.7600000000000051,1000.0
4459,palawan_outer_east_small_1000_5,S2A_MSIL2A_20230621T021541_R003_T50PQT_20230621T085836,200,,0.0,0.0,0.0,0.0,0.0,100.0,0.0,0.0,0.0,0.0,0.0,25,0,0.0,1000.0000000006985,1000.0000000002328,0.4170420169830322,0.0,,0.0,0.0,0.0,-0.24,0.0,0.23999999999999488,0.0,0.0,0.0,0.0,0.0,0.0,0.24,1000.0
4466,palawan_outer_east_small_1000_5,S2A_MSIL2A_20230621T021541_R003_T50PQT_20230621T085836,500,,0.0,0.0,0.0,0.0,0.0,100.0,0.0,0.0,0.0,0.0,0.0,4,0,0.0,1000.0000000006985,1000.0000000002328,0.39875221252441406,0.0,,0.0,0.0,0.0,-0.24,0.0,0.23999999999999488,0.0,0.0,0.0,0.0,0.0,0.0,0.24,1000.0
4473,palawan_outer_east_small_1000_5,S2A_MSIL2A_20230621T021541_R003_T50PQT_20230621T085836,1000,,0.0,0.0,0.0,0.0,0.0,100.0,0.0,0.0,0.0,0.0,0.0,1,0,0.0,1000.0000000006985,1000.0000000002328,0.44677305221557617,0.0,,0.0,0.0,0.0,-0.24,0.0,0.23999999999999488,0.0,0.0,0.0,0.0,0.0,0.0,0.24,1000.0
4440,palawan_outer_east_small_1000_5,S2A_MSIL2A_20230701T021541_R003_T50PQT_20230701T082624,20,,0.0,0.0,0.0,0.0,0.0,0.0,0.0,17.2,21.76,61.04,0.0,2500,0,0.0,1000.0000000006985,1000.0000000002328,0.38633108139038086,100.0,,0.0,0.0,0.0,0.0,0.0,0.0,0.0,0.0,0.0,0.0,0.0,0.0,0.0,1000.0
4447,palawan_outer_east_small_1000_5,S2A_MSIL2A_20230701T021541_R003_T50PQT_20230701T082624,50,,0.0,0.0,0.0,0.0,0.0,0.0,0.0,16.75,19.75,63.5,0.0,400,0,0.0,1000.0000000006985,1000.0000000002328,0.4153785705566406,100.0,,0.0,0.0,0.0,0.0,0.0,0.0,0.0,-0.4499999999999993,-2.0100000000000016,2.460000000000001,0.0,0.0,0.0,1000.0
4454,palawan_outer_east_small_1000_5,S2A_MSIL2A_20230701T021541_R003_T50PQT_20230701T082624,100,,0.0,0.0,0.0,0.0,0.0,0.0,0.0,17.0,19.0,64.0,0.0,100,0,0.0,1000.0000000006985,1000.0000000002328,0.6078755855560303,100.0,,0.0,0.0,0.0,0.0,0.0,0.0,0.0,-0.1999999999999993,-2.7600000000000016,2.960000000000001,0.0,0.0,0.0,1000.0
4461,palawan_outer_east_small_1000_5,S2A_MSIL2A_20230701T021541_R003_T50PQT_20230701T082624,200,,0.0,0.0,0.0,0.0,0.0,0.0,0.0,20.0,4.0,76.0,0.0,25,0,0.0,1000.0000000006985,1000.0000000002328,0.4170420169830322,100.0,,0.0,0.0,0.0,0.0,0.0,0.0,0.0,2.8000000000000007,-17.76,14.96,0.0,0.0,0.0,1000.0
4468,palawan_outer_east_small_1000_5,S2A_MSIL2A_20230701T021541_R003_T50PQT_20230701T082624,500,,0.0,0.0,0.0,0.0,0.0,0.0,0.0,0.0,0.0,100.0,0.0,4,0,0.0,1000.0000000006985,1000.0000000002328,0.39875221252441406,100.0,,0.0,0.0,0.0,0.0,0.0,0.0,0.0,-17.2,-21.76,38.96,0.0,0.0,0.0,1000.0
4475,palawan_outer_east_small_1000_5,S2A_MSIL2A_20230701T021541_R003_T50PQT_20230701T082624,1000,,0.0,0.0,0.0,0.0,0.0,0.0,0.0,0.0,0.0,100.0,0.0,1,0,0.0,1000.0000000006985,1000.0000000002328,0.44677305221557617,100.0,,0.0,0.0,0.0,0.0,0.0,0.0,0.0,-17.2,-21.76,38.96,0.0,0.0,0.0,1000.0
4435,palawan_outer_east_small_1000_5,S2B_MSIL2A_20230606T021539_R003_T50PQT_20230606T073506,20,,0.0,0.0,0.0,0.08,0.0,99.92,0.0,0.0,0.0,0.0,0.0,2500,0,0.0,1000.0000000006985,1000.0000000002328,0.38633108139038086,0.0,,0.0,0.0,0.0,0.0,0.0,0.0,0.0,0.0,0.0,0.0,0.0,0.0,0.0,1000.0
4442,palawan_outer_east_small_1000_5,S2B_MSIL2A_20230606T021539_R003_T50PQT_20230606T073506,50,,0.0,0.0,0.0,0.25,0.0,99.75,0.0,0.0,0.0,0.0,0.0,400,0,0.0,1000.0000000006985,1000.0000000002328,0.4153785705566406,0.0,,0.0,0.0,0.0,0.16999999999999998,0.0,-0.1700000000000017,0.0,0.0,0.0,0.0,0.0,0.0,0.1700000000000017,1000.0
4449,palawan_outer_east_small_1000_5,S2B_MSIL2A_20230606T021539_R003_T50PQT_20230606T073506,100,,0.0,0.0,0.0,0.0,0.0,100.0,0.0,0.0,0.0,0.0,0.0,100,0,0.0,1000.0000000006985,1000.0000000002328,0.6078755855560303,0.0,,0.0,0.0,0.0,-0.08,0.0,0.0799999999999983,0.0,0.0,0.0,0.0,0.0,0.0,0.08,1000.0
4456,palawan_outer_east_small_1000_5,S2B_MSIL2A_20230606T021539_R003_T50PQT_20230606T073506,200,,0.0,0.0,0.0,0.0,0.0,100.0,0.0,0.0,0.0,0.0,0.0,25,0,0.0,1000.0000000006985,1000.0000000002328,0.4170420169830322,0.0,,0.0,0.0,0.0,-0.08,0.0,0.0799999999999983,0.0,0.0,0.0,0.0,0.0,0.0,0.08,1000.0
4463,palawan_outer_east_small_1000_5,S2B_MSIL2A_20230606T021539_R003_T50PQT_20230606T073506,500,,0.0,0.0,0.0,0.0,0.0,100.0,0.0,0.0,0.0,0.0,0.0,4,0,0.0,1000.0000000006985,1000.0000000002328,0.39875221252441406,0.0,,0.0,0.0,0.0,-0.08,0.0,0.0799999999999983,0.0,0.0,0.0,0.0,0.0,0.0,0.08,1000.0
4470,palawan_outer_east_small_1000_5,S2B_MSIL2A_20230606T021539_R003_T50PQT_20230606T073506,1000,,0.0,0.0,0.0,0.0,0.0,100.0,0.0,0.0,0.0,0.0,0.0,1,0,0.0,1000.0000000006985,1000.0000000002328,0.44677305221557617,0.0,,0.0,0.0,0.0,-0.08,0.0,0.0799999999999983,0.0,0.0,0.0,0.0,0.0,0.0,0.08,1000.0
4437,palawan_outer_east_small_1000_5,S2B_MSIL2A_20230616T021539_R003_T50PQT_20230616T083239,20,,0.0,0.0,0.0,0.0,0.0,0.0,0.0,2.68,0.0,97.32,0.0,2500,0,0.0,1000.0000000006985,1000.0000000002328,0.38633108139038086,100.0,,0.0,0.0,0.0,0.0,0.0,0.0,0.0,0.0,0.0,0.0,0.0,0.0,0.0,1000.0
4444,palawan_outer_east_small_1000_5,S2B_MSIL2A_20230616T021539_R003_T50PQT_20230616T083239,50,,0.0,0.0,0.0,0.0,0.0,0.0,0.0,3.25,0.0,96.75,0.0,400,0,0.0,1000.0000000006985,1000.0000000002328,0.4153785705566406,100.0,,0.0,0.0,0.0,0.0,0.0,0.0,0.0,0.5699999999999998,0.0,-0.5699999999999932,0.0,0.0,0.0,1000.0
4451,palawan_outer_east_small_1000_5,S2B_MSIL2A_20230616T021539_R003_T50PQT_20230616T083239,100,,0.0,0.0,0.0,0.0,0.0,0.0,0.0,3.0,0.0,97.0,0.0,100,0,0.0,1000.0000000006985,1000.0000000002328,0.6078755855560303,100.0,,0.0,0.0,0.0,0.0,0.0,0.0,0.0,0.31999999999999984,0.0,-0.3199999999999932,0.0,0.0,0.0,1000.0
4458,palawan_outer_east_small_1000_5,S2B_MSIL2A_20230616T021539_R003_T50PQT_20230616T083239,200,,0.0,0.0,0.0,0.0,0.0,0.0,0.0,4.0,0.0,96.0,0.0,25,0,0.0,1000.0000000006985,1000.0000000002328,0.4170420169830322,100.0,,0.0,0.0,0.0,0.0,0.0,0.0,0.0,1.3199999999999998,0.0,-1.3199999999999932,0.0,0.0,0.0,1000.0
4465,palawan_outer_east_small_1000_5,S2B_MSIL2A_20230616T021539_R003_T50PQT_20230616T083239,500,,0.0,0.0,0.0,0.0,0.0,0.0,0.0,0.0,0.0,100.0,0.0,4,0,0.0,1000.0000000006985,1000.0000000002328,0.39875221252441406,100.0,,0.0,0.0,0.0,0.0,0.0,0.0,0.0,-2.68,0.0,2.680000000000007,0.0,0.0,0.0,1000.0
4472,palawan_outer_east_small_1000_5,S2B_MSIL2A_20230616T021539_R003_T50PQT_20230616T083239,1000,,0.0,0.0,0.0,0.0,0.0,0.0,0.0,0.0,0.0,100.0,0.0,1,0,0.0,1000.0000000006985,1000.0000000002328,0.44677305221557617,100.0,,0.0,0.0,0.0,0.0,0.0,0.0,0.0,-2.68,0.0,2.680000000000007,0.0,0.0,0.0,1000.0
4439,palawan_outer_east_small_1000_5,S2B_MSIL2A_20230626T021539_R003_T50PQT_20230626T074054,20,,0.0,0.0,0.0,0.0,0.0,0.0,0.0,97.12,0.0,2.88,0.0,2500,0,0.0,1000.0000000006985,1000.0000000002328,0.38633108139038086,100.0,,0.0,0.0,0.0,0.0,0.0,0.0,0.0,0.0,0.0,0.0,0.0,0.0,0.0,1000.0
4446,palawan_outer_east_small_1000_5,S2B_MSIL2A_20230626T021539_R003_T50PQT_20230626T074054,50,,0.0,0.0,0.0,0.0,0.0,0.0,0.0,96.5,0.0,3.5,0.0,400,0,0.0,1000.0000000006985,1000.0000000002328,0.4153785705566406,100.0,,0.0,0.0,0.0,0.0,0.0,0.0,0.0,-0.6200000000000045,0.0,0.6200000000000001,0.0,0.0,0.0,1000.0
4453,palawan_outer_east_small_1000_5,S2B_MSIL2A_20230626T021539_R003_T50PQT_20230626T074054,100,,0.0,0.0,0.0,0.0,0.0,0.0,0.0,95.0,0.0,5.0,0.0,100,0,0.0,1000.0000000006985,1000.0000000002328,0.6078755855560303,100.0,,0.0,0.0,0.0,0.0,0.0,0.0,0.0,-2.1200000000000045,0.0,2.12,0.0,0.0,0.0,1000.0
4460,palawan_outer_east_small_1000_5,S2B_MSIL2A_20230626T021539_R003_T50PQT_20230626T074054,200,,0.0,0.0,0.0,0.0,0.0,0.0,0.0,92.0,0.0,8.0,0.0,25,0,0.0,1000.0000000006985,1000.0000000002328,0.4170420169830322,100.0,,0.0,0.0,0.0,0.0,0.0,0.0,0.0,-5.1200000000000045,0.0,5.12,0.0,0.0,0.0,1000.0
4467,palawan_outer_east_small_1000_5,S2B_MSIL2A_20230626T021539_R003_T50PQT_20230626T074054,500,,0.0,0.0,0.0,0.0,0.0,0.0,0.0,100.0,0.0,0.0,0.0,4,0,0.0,1000.0000000006985,1000.0000000002328,0.39875221252441406,100.0,,0.0,0.0,0.0,0.0,0.0,0.0,0.0,2.8799999999999955,0.0,-2.88,0.0,0.0,0.0,1000.0
4474,palawan_outer_east_small_1000_5,S2B_MSIL2A_20230626T021539_R003_T50PQT_20230626T074054,1000,,0.0,0.0,0.0,0.0,0.0,0.0,0.0,100.0,0.0,0.0,0.0,1,0,0.0,1000.0000000006985,1000.0000000002328,0.44677305221557617,100.0,,0.0,0.0,0.0,0.0,0.0,0.0,0.0,2.8799999999999955,0.0,-2.88,0.0,0.0,0.0,1000.0
4476,palawan_outer_east_small_1000_6,S2A_MSIL2A_20230601T021611_R003_T50PQT_20230601T103139,20,,0.0,0.0,0.0,0.0,0.0,0.0,0.0,100.0,0.0,0.0,0.0,2500,0,0.0,999.9999999991851,1000.0000000002328,0.4160726070404053,100.0,,0.0,0.0,0.0,0.0,0.0,0.0,0.0,0.0,0.0,0.0,0.0,0.0,0.0,1000.0
4483,palawan_outer_east_small_1000_6,S2A_MSIL2A_20230601T021611_R003_T50PQT_20230601T103139,50,,0.0,0.0,0.0,0.0,0.0,0.0,0.0,100.0,0.0,0.0,0.0,400,0,0.0,999.9999999991851,1000.0000000002328,0.4099082946777344,100.0,,0.0,0.0,0.0,0.0,0.0,0.0,0.0,0.0,0.0,0.0,0.0,0.0,0.0,1000.0
4490,palawan_outer_east_small_1000_6,S2A_MSIL2A_20230601T021611_R003_T50PQT_20230601T103139,100,,0.0,0.0,0.0,0.0,0.0,0.0,0.0,100.0,0.0,0.0,0.0,100,0,0.0,999.9999999991851,1000.0000000002328,0.43532752990722656,100.0,,0.0,0.0,0.0,0.0,0.0,0.0,0.0,0.0,0.0,0.0,0.0,0.0,0.0,1000.0
4497,palawan_outer_east_small_1000_6,S2A_MSIL2A_20230601T021611_R003_T50PQT_20230601T103139,200,,0.0,0.0,0.0,0.0,0.0,0.0,0.0,100.0,0.0,0.0,0.0,25,0,0.0,999.9999999991851,1000.0000000002328,0.38413095474243164,100.0,,0.0,0.0,0.0,0.0,0.0,0.0,0.0,0.0,0.0,0.0,0.0,0.0,0.0,1000.0
4504,palawan_outer_east_small_1000_6,S2A_MSIL2A_20230601T021611_R003_T50PQT_20230601T103139,500,,0.0,0.0,0.0,0.0,0.0,0.0,0.0,100.0,0.0,0.0,0.0,4,0,0.0,999.9999999991851,1000.0000000002328,0.3809034824371338,100.0,,0.0,0.0,0.0,0.0,0.0,0.0,0.0,0.0,0.0,0.0,0.0,0.0,0.0,1000.0
4511,palawan_outer_east_small_1000_6,S2A_MSIL2A_20230601T021611_R003_T50PQT_20230601T103139,1000,,0.0,0.0,0.0,0.0,0.0,0.0,0.0,100.0,0.0,0.0,0.0,1,0,0.0,999.9999999991851,1000.0000000002328,0.4084906578063965,100.0,,0.0,0.0,0.0,0.0,0.0,0.0,0.0,0.0,0.0,0.0,0.0,0.0,0.0,1000.0
4478,palawan_outer_east_small_1000_6,S2A_MSIL2A_20230611T021541_R003_T50PQT_20230611T092421,20,,0.0,0.0,0.0,0.0,0.0,0.0,0.0,100.0,0.0,0.0,0.0,2500,0,0.0,999.9999999991851,1000.0000000002328,0.4160726070404053,100.0,,0.0,0.0,0.0,0.0,0.0,0.0,0.0,0.0,0.0,0.0,0.0,0.0,0.0,1000.0
4485,palawan_outer_east_small_1000_6,S2A_MSIL2A_20230611T021541_R003_T50PQT_20230611T092421,50,,0.0,0.0,0.0,0.0,0.0,0.0,0.0,100.0,0.0,0.0,0.0,400,0,0.0,999.9999999991851,1000.0000000002328,0.4099082946777344,100.0,,0.0,0.0,0.0,0.0,0.0,0.0,0.0,0.0,0.0,0.0,0.0,0.0,0.0,1000.0
4492,palawan_outer_east_small_1000_6,S2A_MSIL2A_20230611T021541_R003_T50PQT_20230611T092421,100,,0.0,0.0,0.0,0.0,0.0,0.0,0.0,100.0,0.0,0.0,0.0,100,0,0.0,999.9999999991851,1000.0000000002328,0.43532752990722656,100.0,,0.0,0.0,0.0,0.0,0.0,0.0,0.0,0.0,0.0,0.0,0.0,0.0,0.0,1000.0
4499,palawan_outer_east_small_1000_6,S2A_MSIL2A_20230611T021541_R003_T50PQT_20230611T092421,200,,0.0,0.0,0.0,0.0,0.0,0.0,0.0,100.0,0.0,0.0,0.0,25,0,0.0,999.9999999991851,1000.0000000002328,0.38413095474243164,100.0,,0.0,0.0,0.0,0.0,0.0,0.0,0.0,0.0,0.0,0.0,0.0,0.0,0.0,1000.0
4506,palawan_outer_east_small_1000_6,S2A_MSIL2A_20230611T021541_R003_T50PQT_20230611T092421,500,,0.0,0.0,0.0,0.0,0.0,0.0,0.0,100.0,0.0,0.0,0.0,4,0,0.0,999.9999999991851,1000.0000000002328,0.3809034824371338,100.0,,0.0,0.0,0.0,0.0,0.0,0.0,0.0,0.0,0.0,0.0,0.0,0.0,0.0,1000.0
4513,palawan_outer_east_small_1000_6,S2A_MSIL2A_20230611T021541_R003_T50PQT_20230611T092421,1000,,0.0,0.0,0.0,0.0,0.0,0.0,0.0,100.0,0.0,0.0,0.0,1,0,0.0,999.9999999991851,1000.0000000002328,0.4084906578063965,100.0,,0.0,0.0,0.0,0.0,0.0,0.0,0.0,0.0,0.0,0.0,0.0,0.0,0.0,1000.0
4480,palawan_outer_east_small_1000_6,S2A_MSIL2A_20230621T021541_R003_T50PQT_20230621T085836,20,,0.0,0.0,15.76,3.08,0.28,65.84,0.92,10.28,3.84,0.0,0.0,2500,0,0.0,999.9999999991851,1000.0000000002328,0.4160726070404053,14.12,,0.0,0.0,0.0,0.0,0.0,0.0,0.0,0.0,0.0,0.0,0.0,0.0,0.0,1000.0
4487,palawan_outer_east_small_1000_6,S2A_MSIL2A_20230621T021541_R003_T50PQT_20230621T085836,50,,0.0,0.0,14.25,3.5,0.5,67.75,1.0,9.25,3.75,0.0,0.0,400,0,0.0,999.9999999991851,1000.0000000002328,0.4099082946777344,13.0,,0.0,0.0,-1.5099999999999998,0.41999999999999993,0.21999999999999997,1.9099999999999966,0.07999999999999996,-1.0299999999999994,-0.08999999999999986,0.0,0.0,-1.1199999999999992,1.9099999999999966,1000.0
4494,palawan_outer_east_small_1000_6,S2A_MSIL2A_20230621T021541_R003_T50PQT_20230621T085836,100,,0.0,0.0,14.0,2.0,0.0,71.0,1.0,7.0,5.0,0.0,0.0,100,0,0.0,999.9999999991851,1000.0000000002328,0.43532752990722656,12.0,,0.0,0.0,-1.7599999999999998,-1.08,-0.28,5.159999999999997,0.07999999999999996,-3.2799999999999994,1.1600000000000001,0.0,0.0,-2.119999999999999,5.159999999999997,1000.0
4501,palawan_outer_east_small_1000_6,S2A_MSIL2A_20230621T021541_R003_T50PQT_20230621T085836,200,,0.0,0.0,12.0,0.0,0.0,80.0,0.0,4.0,4.0,0.0,0.0,25,0,0.0,999.9999999991851,1000.0000000002328,0.38413095474243164,8.0,,0.0,0.0,-3.76,-3.08,-0.28,14.159999999999997,-0.92,-6.279999999999999,0.16000000000000014,0.0,0.0,-6.119999999999999,14.159999999999997,1000.0
4508,palawan_outer_east_small_1000_6,S2A_MSIL2A_20230621T021541_R003_T50PQT_20230621T085836,500,,0.0,0.0,0.0,0.0,0.0,75.0,0.0,25.0,0.0,0.0,0.0,4,0,0.0,999.9999999991851,1000.0000000002328,0.3809034824371338,25.0,,0.0,0.0,-15.76,-3.08,-0.28,9.159999999999997,-0.92,14.72,-3.84,0.0,0.0,10.88,15.76,1000.0
4515,palawan_outer_east_small_1000_6,S2A_MSIL2A_20230621T021541_R003_T50PQT_20230621T085836,1000,,0.0,0.0,0.0,0.0,0.0,100.0,0.0,0.0,0.0,0.0,0.0,1,0,0.0,999.9999999991851,1000.0000000002328,0.4084906578063965,0.0,,0.0,0.0,-15.76,-3.08,-0.28,34.16,-0.92,-10.28,-3.84,0.0,0.0,-14.12,34.16,1000.0
4482,palawan_outer_east_small_1000_6,S2A_MSIL2A_20230701T021541_R003_T50PQT_20230701T082624,20,,0.0,0.0,0.0,0.0,0.0,0.0,0.0,2.96,0.24,96.8,0.0,2500,0,0.0,999.9999999991851,1000.0000000002328,0.4160726070404053,100.0,,0.0,0.0,0.0,0.0,0.0,0.0,0.0,0.0,0.0,0.0,0.0,0.0,0.0,1000.0
4489,palawan_outer_east_small_1000_6,S2A_MSIL2A_20230701T021541_R003_T50PQT_20230701T082624,50,,0.0,0.0,0.0,0.0,0.0,0.0,0.0,2.5,0.5,97.0,0.0,400,0,0.0,999.9999999991851,1000.0000000002328,0.4099082946777344,100.0,,0.0,0.0,0.0,0.0,0.0,0.0,0.0,-0.45999999999999996,0.26,0.20000000000000284,0.0,0.0,0.0,1000.0
4496,palawan_outer_east_small_1000_6,S2A_MSIL2A_20230701T021541_R003_T50PQT_20230701T082624,100,,0.0,0.0,0.0,0.0,0.0,0.0,0.0,4.0,1.0,95.0,0.0,100,0,0.0,999.9999999991851,1000.0000000002328,0.43532752990722656,100.0,,0.0,0.0,0.0,0.0,0.0,0.0,0.0,1.04,0.76,-1.7999999999999972,0.0,0.0,0.0,1000.0
4503,palawan_outer_east_small_1000_6,S2A_MSIL2A_20230701T021541_R003_T50PQT_20230701T082624,200,,0.0,0.0,0.0,0.0,0.0,0.0,0.0,4.0,0.0,96.0,0.0,25,0,0.0,999.9999999991851,1000.0000000002328,0.38413095474243164,100.0,,0.0,0.0,0.0,0.0,0.0,0.0,0.0,1.04,-0.24,-0.7999999999999972,0.0,0.0,0.0,1000.0
4510,palawan_outer_east_small_1000_6,S2A_MSIL2A_20230701T021541_R003_T50PQT_20230701T082624,500,,0.0,0.0,0.0,0.0,0.0,0.0,0.0,0.0,0.0,100.0,0.0,4,0,0.0,999.9999999991851,1000.0000000002328,0.3809034824371338,100.0,,0.0,0.0,0.0,0.0,0.0,0.0,0.0,-2.96,-0.24,3.200000000000003,0.0,0.0,0.0,1000.0
4517,palawan_outer_east_small_1000_6,S2A_MSIL2A_20230701T021541_R003_T50PQT_20230701T082624,1000,,0.0,0.0,0.0,0.0,0.0,0.0,0.0,0.0,0.0,100.0,0.0,1,0,0.0,999.9999999991851,1000.0000000002328,0.4084906578063965,100.0,,0.0,0.0,0.0,0.0,0.0,0.0,0.0,-2.96,-0.24,3.200000000000003,0.0,0.0,0.0,1000.0
4477,palawan_outer_east_small_1000_6,S2B_MSIL2A_20230606T021539_R003_T50PQT_20230606T073506,20,,0.0,0.56,0.0,30.4,0.6,68.12,0.32,0.0,0.0,0.0,0.0,2500,0,0.0,999.9999999991851,1000.0000000002328,0.4160726070404053,0.0,,0.0,0.0,0.0,0.0,0.0,0.0,0.0,0.0,0.0,0.0,0.0,0.0,0.0,1000.0
4484,palawan_outer_east_small_1000_6,S2B_MSIL2A_20230606T021539_R003_T50PQT_20230606T073506,50,,0.0,0.5,0.0,28.75,0.25,69.75,0.75,0.0,0.0,0.0,0.0,400,0,0.0,999.9999999991851,1000.0000000002328,0.4099082946777344,0.0,,0.0,-0.06000000000000005,0.0,-1.6499999999999986,-0.35,1.6299999999999955,0.43,0.0,0.0,0.0,0.0,0.0,1.6499999999999986,1000.0
4491,palawan_outer_east_small_1000_6,S2B_MSIL2A_20230606T021539_R003_T50PQT_20230606T073506,100,,0.0,0.0,0.0,26.0,1.0,73.0,0.0,0.0,0.0,0.0,0.0,100,0,0.0,999.9999999991851,1000.0000000002328,0.43532752990722656,0.0,,0.0,-0.56,0.0,-4.399999999999999,0.4,4.8799999999999955,-0.32,0.0,0.0,0.0,0.0,0.0,4.8799999999999955,1000.0
4498,palawan_outer_east_small_1000_6,S2B_MSIL2A_20230606T021539_R003_T50PQT_20230606T073506,200,,0.0,4.0,0.0,20.0,0.0,76.0,0.0,0.0,0.0,0.0,0.0,25,0,0.0,999.9999999991851,1000.0000000002328,0.38413095474243164,0.0,,0.0,3.44,0.0,-10.399999999999999,-0.6,7.8799999999999955,-0.32,0.0,0.0,0.0,0.0,0.0,10.399999999999999,1000.0
4505,palawan_outer_east_small_1000_6,S2B_MSIL2A_20230606T021539_R003_T50PQT_20230606T073506,500,,0.0,0.0,0.0,25.0,0.0,75.0,0.0,0.0,0.0,0.0,0.0,4,0,0.0,999.9999999991851,1000.0000000002328,0.3809034824371338,0.0,,0.0,-0.56,0.0,-5.399999999999999,-0.6,6.8799999999999955,-0.32,0.0,0.0,0.0,0.0,0.0,6.8799999999999955,1000.0
4512,palawan_outer_east_small_1000_6,S2B_MSIL2A_20230606T021539_R003_T50PQT_20230606T073506,1000,,0.0,0.0,0.0,0.0,0.0,100.0,0.0,0.0,0.0,0.0,0.0,1,0,0.0,999.9999999991851,1000.0000000002328,0.4084906578063965,0.0,,0.0,-0.56,0.0,-30.4,-0.6,31.879999999999995,-0.32,0.0,0.0,0.0,0.0,0.0,31.879999999999995,1000.0
4479,palawan_outer_east_small_1000_6,S2B_MSIL2A_20230616T021539_R003_T50PQT_20230616T083239,20,,0.0,0.0,0.0,0.0,0.0,0.0,0.0,4.64,0.0,95.36,0.0,2500,0,0.0,999.9999999991851,1000.0000000002328,0.4160726070404053,100.0,,0.0,0.0,0.0,0.0,0.0,0.0,0.0,0.0,0.0,0.0,0.0,0.0,0.0,1000.0
4486,palawan_outer_east_small_1000_6,S2B_MSIL2A_20230616T021539_R003_T50PQT_20230616T083239,50,,0.0,0.0,0.0,0.0,0.0,0.0,0.0,4.75,0.0,95.25,0.0,400,0,0.0,999.9999999991851,1000.0000000002328,0.4099082946777344,100.0,,0.0,0.0,0.0,0.0,0.0,0.0,0.0,0.11000000000000032,0.0,-0.10999999999999943,0.0,0.0,0.0,1000.0
4493,palawan_outer_east_small_1000_6,S2B_MSIL2A_20230616T021539_R003_T50PQT_20230616T083239,100,,0.0,0.0,0.0,0.0,0.0,0.0,0.0,2.0,0.0,98.0,0.0,100,0,0.0,999.9999999991851,1000.0000000002328,0.43532752990722656,100.0,,0.0,0.0,0.0,0.0,0.0,0.0,0.0,-2.6399999999999997,0.0,2.6400000000000006,0.0,0.0,0.0,1000.0
4500,palawan_outer_east_small_1000_6,S2B_MSIL2A_20230616T021539_R003_T50PQT_20230616T083239,200,,0.0,0.0,0.0,0.0,0.0,0.0,0.0,4.0,0.0,96.0,0.0,25,0,0.0,999.9999999991851,1000.0000000002328,0.38413095474243164,100.0,,0.0,0.0,0.0,0.0,0.0,0.0,0.0,-0.6399999999999997,0.0,0.6400000000000006,0.0,0.0,0.0,1000.0
4507,palawan_outer_east_small_1000_6,S2B_MSIL2A_20230616T021539_R003_T50PQT_20230616T083239,500,,0.0,0.0,0.0,0.0,0.0,0.0,0.0,0.0,0.0,100.0,0.0,4,0,0.0,999.9999999991851,1000.0000000002328,0.3809034824371338,100.0,,0.0,0.0,0.0,0.0,0.0,0.0,0.0,-4.64,0.0,4.640000000000001,0.0,0.0,0.0,1000.0
4514,palawan_outer_east_small_1000_6,S2B_MSIL2A_20230616T021539_R003_T50PQT_20230616T083239,1000,,0.0,0.0,0.0,0.0,0.0,0.0,0.0,0.0,0.0,100.0,0.0,1,0,0.0,999.9999999991851,1000.0000000002328,0.4084906578063965,100.0,,0.0,0.0,0.0,0.0,0.0,0.0,0.0,-4.64,0.0,4.640000000000001,0.0,0.0,0.0,1000.0
4481,palawan_outer_east_small_1000_6,S2B_MSIL2A_20230626T021539_R003_T50PQT_20230626T074054,20,,0.0,0.0,0.0,0.0,0.0,0.0,0.0,100.0,0.0,0.0,0.0,2500,0,0.0,999.9999999991851,1000.0000000002328,0.4160726070404053,100.0,,0.0,0.0,0.0,0.0,0.0,0.0,0.0,0.0,0.0,0.0,0.0,0.0,0.0,1000.0
4488,palawan_outer_east_small_1000_6,S2B_MSIL2A_20230626T021539_R003_T50PQT_20230626T074054,50,,0.0,0.0,0.0,0.0,0.0,0.0,0.0,100.0,0.0,0.0,0.0,400,0,0.0,999.9999999991851,1000.0000000002328,0.4099082946777344,100.0,,0.0,0.0,0.0,0.0,0.0,0.0,0.0,0.0,0.0,0.0,0.0,0.0,0.0,1000.0
4495,palawan_outer_east_small_1000_6,S2B_MSIL2A_20230626T021539_R003_T50PQT_20230626T074054,100,,0.0,0.0,0.0,0.0,0.0,0.0,0.0,100.0,0.0,0.0,0.0,100,0,0.0,999.9999999991851,1000.0000000002328,0.43532752990722656,100.0,,0.0,0.0,0.0,0.0,0.0,0.0,0.0,0.0,0.0,0.0,0.0,0.0,0.0,1000.0
4502,palawan_outer_east_small_1000_6,S2B_MSIL2A_20230626T021539_R003_T50PQT_20230626T074054,200,,0.0,0.0,0.0,0.0,0.0,0.0,0.0,100.0,0.0,0.0,0.0,25,0,0.0,999.9999999991851,1000.0000000002328,0.38413095474243164,100.0,,0.0,0.0,0.0,0.0,0.0,0.0,0.0,0.0,0.0,0.0,0.0,0.0,0.0,1000.0
4509,palawan_outer_east_small_1000_6,S2B_MSIL2A_20230626T021539_R003_T50PQT_20230626T074054,500,,0.0,0.0,0.0,0.0,0.0,0.0,0.0,100.0,0.0,0.0,0.0,4,0,0.0,999.9999999991851,1000.0000000002328,0.3809034824371338,100.0,,0.0,0.0,0.0,0.0,0.0,0.0,0.0,0.0,0.0,0.0,0.0,0.0,0.0,1000.0
4516,palawan_outer_east_small_1000_6,S2B_MSIL2A_20230626T021539_R003_T50PQT_20230626T074054,1000,,0.0,0.0,0.0,0.0,0.0,0.0,0.0,100.0,0.0,0.0,0.0,1,0,0.0,999.9999999991851,1000.0000000002328,0.4084906578063965,100.0,,0.0,0.0,0.0,0.0,0.0,0.0,0.0,0.0,0.0,0.0,0.0,0.0,0.0,1000.0
4518,palawan_outer_east_small_1000_7,S2A_MSIL2A_20230601T021611_R003_T50PQT_20230601T103139,20,,0.0,0.0,0.0,0.0,0.0,0.0,0.0,100.0,0.0,0.0,0.0,2500,0,0.0,1000.0000000009313,1000.0,0.45621609687805176,100.0,,0.0,0.0,0.0,0.0,0.0,0.0,0.0,0.0,0.0,0.0,0.0,0.0,0.0,1000.0
4525,palawan_outer_east_small_1000_7,S2A_MSIL2A_20230601T021611_R003_T50PQT_20230601T103139,50,,0.0,0.0,0.0,0.0,0.0,0.0,0.0,100.0,0.0,0.0,0.0,400,0,0.0,1000.0000000009313,1000.0,0.468109130859375,100.0,,0.0,0.0,0.0,0.0,0.0,0.0,0.0,0.0,0.0,0.0,0.0,0.0,0.0,1000.0
4532,palawan_outer_east_small_1000_7,S2A_MSIL2A_20230601T021611_R003_T50PQT_20230601T103139,100,,0.0,0.0,0.0,0.0,0.0,0.0,0.0,100.0,0.0,0.0,0.0,100,0,0.0,1000.0000000009313,1000.0,0.40961360931396484,100.0,,0.0,0.0,0.0,0.0,0.0,0.0,0.0,0.0,0.0,0.0,0.0,0.0,0.0,1000.0
4539,palawan_outer_east_small_1000_7,S2A_MSIL2A_20230601T021611_R003_T50PQT_20230601T103139,200,,0.0,0.0,0.0,0.0,0.0,0.0,0.0,100.0,0.0,0.0,0.0,25,0,0.0,1000.0000000009313,1000.0,0.39931678771972656,100.0,,0.0,0.0,0.0,0.0,0.0,0.0,0.0,0.0,0.0,0.0,0.0,0.0,0.0,1000.0
4546,palawan_outer_east_small_1000_7,S2A_MSIL2A_20230601T021611_R003_T50PQT_20230601T103139,500,,0.0,0.0,0.0,0.0,0.0,0.0,0.0,100.0,0.0,0.0,0.0,4,0,0.0,1000.0000000009313,1000.0,0.3757181167602539,100.0,,0.0,0.0,0.0,0.0,0.0,0.0,0.0,0.0,0.0,0.0,0.0,0.0,0.0,1000.0
4553,palawan_outer_east_small_1000_7,S2A_MSIL2A_20230601T021611_R003_T50PQT_20230601T103139,1000,,0.0,0.0,0.0,0.0,0.0,0.0,0.0,100.0,0.0,0.0,0.0,1,0,0.0,1000.0000000009313,1000.0,0.3635828495025635,100.0,,0.0,0.0,0.0,0.0,0.0,0.0,0.0,0.0,0.0,0.0,0.0,0.0,0.0,1000.0
4520,palawan_outer_east_small_1000_7,S2A_MSIL2A_20230611T021541_R003_T50PQT_20230611T092421,20,,0.0,0.0,0.0,0.0,0.0,0.0,0.0,84.0,0.0,16.0,0.0,2500,0,0.0,1000.0000000009313,1000.0,0.45621609687805176,100.0,,0.0,0.0,0.0,0.0,0.0,0.0,0.0,0.0,0.0,0.0,0.0,0.0,0.0,1000.0
4527,palawan_outer_east_small_1000_7,S2A_MSIL2A_20230611T021541_R003_T50PQT_20230611T092421,50,,0.0,0.0,0.0,0.0,0.0,0.0,0.0,82.75,0.0,17.25,0.0,400,0,0.0,1000.0000000009313,1000.0,0.468109130859375,100.0,,0.0,0.0,0.0,0.0,0.0,0.0,0.0,-1.25,0.0,1.25,0.0,0.0,0.0,1000.0
4534,palawan_outer_east_small_1000_7,S2A_MSIL2A_20230611T021541_R003_T50PQT_20230611T092421,100,,0.0,0.0,0.0,0.0,0.0,0.0,0.0,80.0,0.0,20.0,0.0,100,0,0.0,1000.0000000009313,1000.0,0.40961360931396484,100.0,,0.0,0.0,0.0,0.0,0.0,0.0,0.0,-4.0,0.0,4.0,0.0,0.0,0.0,1000.0
4541,palawan_outer_east_small_1000_7,S2A_MSIL2A_20230611T021541_R003_T50PQT_20230611T092421,200,,0.0,0.0,0.0,0.0,0.0,0.0,0.0,76.0,0.0,24.0,0.0,25,0,0.0,1000.0000000009313,1000.0,0.39931678771972656,100.0,,0.0,0.0,0.0,0.0,0.0,0.0,0.0,-8.0,0.0,8.0,0.0,0.0,0.0,1000.0
4548,palawan_outer_east_small_1000_7,S2A_MSIL2A_20230611T021541_R003_T50PQT_20230611T092421,500,,0.0,0.0,0.0,0.0,0.0,0.0,0.0,50.0,0.0,50.0,0.0,4,0,0.0,1000.0000000009313,1000.0,0.3757181167602539,100.0,,0.0,0.0,0.0,0.0,0.0,0.0,0.0,-34.0,0.0,34.0,0.0,0.0,0.0,1000.0
4555,palawan_outer_east_small_1000_7,S2A_MSIL2A_20230611T021541_R003_T50PQT_20230611T092421,1000,,0.0,0.0,0.0,0.0,0.0,0.0,0.0,100.0,0.0,0.0,0.0,1,0,0.0,1000.0000000009313,1000.0,0.3635828495025635,100.0,,0.0,0.0,0.0,0.0,0.0,0.0,0.0,16.0,0.0,-16.0,0.0,0.0,0.0,1000.0
4522,palawan_outer_east_small_1000_7,S2A_MSIL2A_20230621T021541_R003_T50PQT_20230621T085836,20,,0.0,0.0,0.0,0.0,0.0,0.28,0.0,21.52,20.56,57.64,0.0,2500,0,0.0,1000.0000000009313,1000.0,0.45621609687805176,99.72,,0.0,0.0,0.0,0.0,0.0,0.0,0.0,0.0,0.0,0.0,0.0,0.0,0.0,1000.0
4529,palawan_outer_east_small_1000_7,S2A_MSIL2A_20230621T021541_R003_T50PQT_20230621T085836,50,,0.0,0.0,0.0,0.0,0.0,0.0,0.0,22.25,20.0,57.75,0.0,400,0,0.0,1000.0000000009313,1000.0,0.468109130859375,100.0,,0.0,0.0,0.0,0.0,0.0,-0.28,0.0,0.7300000000000004,-0.5599999999999987,0.10999999999999943,0.0,0.28000000000000114,0.28000000000000114,1000.0
4536,palawan_outer_east_small_1000_7,S2A_MSIL2A_20230621T021541_R003_T50PQT_20230621T085836,100,,0.0,0.0,0.0,0.0,0.0,0.0,0.0,20.0,18.0,62.0,0.0,100,0,0.0,1000.0000000009313,1000.0,0.40961360931396484,100.0,,0.0,0.0,0.0,0.0,0.0,-0.28,0.0,-1.5199999999999996,-2.5599999999999987,4.359999999999999,0.0,0.28000000000000114,0.28000000000000114,1000.0
4543,palawan_outer_east_small_1000_7,S2A_MSIL2A_20230621T021541_R003_T50PQT_20230621T085836,200,,0.0,0.0,0.0,0.0,0.0,0.0,0.0,28.0,16.0,56.0,0.0,25,0,0.0,1000.0000000009313,1000.0,0.39931678771972656,100.0,,0.0,0.0,0.0,0.0,0.0,-0.28,0.0,6.48,-4.559999999999999,-1.6400000000000006,0.0,0.28000000000000114,0.28000000000000114,1000.0
4550,palawan_outer_east_small_1000_7,S2A_MSIL2A_20230621T021541_R003_T50PQT_20230621T085836,500,,0.0,0.0,0.0,0.0,0.0,0.0,0.0,25.0,25.0,50.0,0.0,4,0,0.0,1000.0000000009313,1000.0,0.3757181167602539,100.0,,0.0,0.0,0.0,0.0,0.0,-0.28,0.0,3.4800000000000004,4.440000000000001,-7.640000000000001,0.0,0.28000000000000114,0.28000000000000114,1000.0
4557,palawan_outer_east_small_1000_7,S2A_MSIL2A_20230621T021541_R003_T50PQT_20230621T085836,1000,,0.0,0.0,0.0,0.0,0.0,0.0,0.0,0.0,0.0,100.0,0.0,1,0,0.0,1000.0000000009313,1000.0,0.3635828495025635,100.0,,0.0,0.0,0.0,0.0,0.0,-0.28,0.0,-21.52,-20.56,42.36,0.0,0.28000000000000114,0.28000000000000114,1000.0
4524,palawan_outer_east_small_1000_7,S2A_MSIL2A_20230701T021541_R003_T50PQT_20230701T082624,20,,0.0,0.76,4.64,25.2,0.0,43.72,0.0,0.0,0.0,25.68,0.0,2500,0,0.0,1000.0000000009313,1000.0,0.45621609687805176,25.68,,0.0,0.0,0.0,0.0,0.0,0.0,0.0,0.0,0.0,0.0,0.0,0.0,0.0,1000.0
4531,palawan_outer_east_small_1000_7,S2A_MSIL2A_20230701T021541_R003_T50PQT_20230701T082624,50,,0.0,1.0,4.0,24.5,0.0,43.75,0.0,0.0,0.0,26.75,0.0,400,0,0.0,1000.0000000009313,1000.0,0.468109130859375,26.75,,0.0,0.24,-0.6399999999999997,-0.6999999999999993,0.0,0.030000000000001137,0.0,0.0,0.0,1.0700000000000003,0.0,1.0700000000000003,1.0700000000000003,1000.0
4538,palawan_outer_east_small_1000_7,S2A_MSIL2A_20230701T021541_R003_T50PQT_20230701T082624,100,,0.0,1.0,5.0,21.0,0.0,47.0,0.0,0.0,0.0,26.0,0.0,100,0,0.0,1000.0000000009313,1000.0,0.40961360931396484,26.0,,0.0,0.24,0.3600000000000003,-4.199999999999999,0.0,3.280000000000001,0.0,0.0,0.0,0.3200000000000003,0.0,0.3200000000000003,4.199999999999999,1000.0
4545,palawan_outer_east_small_1000_7,S2A_MSIL2A_20230701T021541_R003_T50PQT_20230701T082624,200,,0.0,0.0,4.0,24.0,0.0,40.0,0.0,0.0,0.0,32.0,0.0,25,0,0.0,1000.0000000009313,1000.0,0.39931678771972656,32.0,,0.0,-0.76,-0.6399999999999997,-1.1999999999999993,0.0,-3.719999999999999,0.0,0.0,0.0,6.32,0.0,6.32,6.32,1000.0
4552,palawan_outer_east_small_1000_7,S2A_MSIL2A_20230701T021541_R003_T50PQT_20230701T082624,500,,0.0,0.0,0.0,0.0,0.0,50.0,0.0,0.0,0.0,50.0,0.0,4,0,0.0,1000.0000000009313,1000.0,0.3757181167602539,50.0,,0.0,-0.76,-4.64,-25.2,0.0,6.280000000000001,0.0,0.0,0.0,24.32,0.0,24.32,25.2,1000.0
4559,palawan_outer_east_small_1000_7,S2A_MSIL2A_20230701T021541_R003_T50PQT_20230701T082624,1000,,0.0,0.0,0.0,0.0,0.0,0.0,0.0,0.0,0.0,100.0,0.0,1,0,0.0,1000.0000000009313,1000.0,0.3635828495025635,100.0,,0.0,-0.76,-4.64,-25.2,0.0,-43.72,0.0,0.0,0.0,74.32,0.0,74.32,74.32,1000.0
4519,palawan_outer_east_small_1000_7,S2B_MSIL2A_20230606T021539_R003_T50PQT_20230606T073506,20,,0.0,1.76,0.0,53.8,0.0,44.44,0.0,0.0,0.0,0.0,0.0,2500,0,0.0,1000.0000000009313,1000.0,0.45621609687805176,0.0,,0.0,0.0,0.0,0.0,0.0,0.0,0.0,0.0,0.0,0.0,0.0,0.0,0.0,1000.0
4526,palawan_outer_east_small_1000_7,S2B_MSIL2A_20230606T021539_R003_T50PQT_20230606T073506,50,,0.0,1.75,0.0,54.25,0.0,44.0,0.0,0.0,0.0,0.0,0.0,400,0,0.0,1000.0000000009313,1000.0,0.468109130859375,0.0,,0.0,-0.010000000000000009,0.0,0.45000000000000284,0.0,-0.4399999999999977,0.0,0.0,0.0,0.0,0.0,0.0,0.45000000000000284,1000.0
4533,palawan_outer_east_small_1000_7,S2B_MSIL2A_20230606T021539_R003_T50PQT_20230606T073506,100,,0.0,2.0,0.0,49.0,0.0,49.0,0.0,0.0,0.0,0.0,0.0,100,0,0.0,1000.0000000009313,1000.0,0.40961360931396484,0.0,,0.0,0.24,0.0,-4.799999999999997,0.0,4.560000000000002,0.0,0.0,0.0,0.0,0.0,0.0,4.799999999999997,1000.0
4540,palawan_outer_east_small_1000_7,S2B_MSIL2A_20230606T021539_R003_T50PQT_20230606T073506,200,,0.0,4.0,0.0,56.0,0.0,40.0,0.0,0.0,0.0,0.0,0.0,25,0,0.0,1000.0000000009313,1000.0,0.39931678771972656,0.0,,0.0,2.24,0.0,2.200000000000003,0.0,-4.439999999999998,0.0,0.0,0.0,0.0,0.0,0.0,4.439999999999998,1000.0
4547,palawan_outer_east_small_1000_7,S2B_MSIL2A_20230606T021539_R003_T50PQT_20230606T073506,500,,0.0,0.0,0.0,50.0,0.0,50.0,0.0,0.0,0.0,0.0,0.0,4,0,0.0,1000.0000000009313,1000.0,0.3757181167602539,0.0,,0.0,-1.76,0.0,-3.799999999999997,0.0,5.560000000000002,0.0,0.0,0.0,0.0,0.0,0.0,5.560000000000002,1000.0
4554,palawan_outer_east_small_1000_7,S2B_MSIL2A_20230606T021539_R003_T50PQT_20230606T073506,1000,,0.0,0.0,0.0,100.0,0.0,0.0,0.0,0.0,0.0,0.0,0.0,1,0,0.0,1000.0000000009313,1000.0,0.3635828495025635,0.0,,0.0,-1.76,0.0,46.2,0.0,-44.44,0.0,0.0,0.0,0.0,0.0,0.0,46.2,1000.0
4521,palawan_outer_east_small_1000_7,S2B_MSIL2A_20230616T021539_R003_T50PQT_20230616T083239,20,,0.0,0.0,0.0,0.0,0.0,0.0,0.0,0.0,0.0,100.0,0.0,2500,0,0.0,1000.0000000009313,1000.0,0.45621609687805176,100.0,,0.0,0.0,0.0,0.0,0.0,0.0,0.0,0.0,0.0,0.0,0.0,0.0,0.0,1000.0
4528,palawan_outer_east_small_1000_7,S2B_MSIL2A_20230616T021539_R003_T50PQT_20230616T083239,50,,0.0,0.0,0.0,0.0,0.0,0.0,0.0,0.0,0.0,100.0,0.0,400,0,0.0,1000.0000000009313,1000.0,0.468109130859375,100.0,,0.0,0.0,0.0,0.0,0.0,0.0,0.0,0.0,0.0,0.0,0.0,0.0,0.0,1000.0
4535,palawan_outer_east_small_1000_7,S2B_MSIL2A_20230616T021539_R003_T50PQT_20230616T083239,100,,0.0,0.0,0.0,0.0,0.0,0.0,0.0,0.0,0.0,100.0,0.0,100,0,0.0,1000.0000000009313,1000.0,0.40961360931396484,100.0,,0.0,0.0,0.0,0.0,0.0,0.0,0.0,0.0,0.0,0.0,0.0,0.0,0.0,1000.0
4542,palawan_outer_east_small_1000_7,S2B_MSIL2A_20230616T021539_R003_T50PQT_20230616T083239,200,,0.0,0.0,0.0,0.0,0.0,0.0,0.0,0.0,0.0,100.0,0.0,25,0,0.0,1000.0000000009313,1000.0,0.39931678771972656,100.0,,0.0,0.0,0.0,0.0,0.0,0.0,0.0,0.0,0.0,0.0,0.0,0.0,0.0,1000.0
4549,palawan_outer_east_small_1000_7,S2B_MSIL2A_20230616T021539_R003_T50PQT_20230616T083239,500,,0.0,0.0,0.0,0.0,0.0,0.0,0.0,0.0,0.0,100.0,0.0,4,0,0.0,1000.0000000009313,1000.0,0.3757181167602539,100.0,,0.0,0.0,0.0,0.0,0.0,0.0,0.0,0.0,0.0,0.0,0.0,0.0,0.0,1000.0
4556,palawan_outer_east_small_1000_7,S2B_MSIL2A_20230616T021539_R003_T50PQT_20230616T083239,1000,,0.0,0.0,0.0,0.0,0.0,0.0,0.0,0.0,0.0,100.0,0.0,1,0,0.0,1000.0000000009313,1000.0,0.3635828495025635,100.0,,0.0,0.0,0.0,0.0,0.0,0.0,0.0,0.0,0.0,0.0,0.0,0.0,0.0,1000.0
4523,palawan_outer_east_small_1000_7,S2B_MSIL2A_20230626T021539_R003_T50PQT_20230626T074054,20,,0.0,0.0,0.0,0.0,0.0,0.0,0.0,6.52,0.44,93.04,0.0,2500,0,0.0,1000.0000000009313,1000.0,0.45621609687805176,100.0,,0.0,0.0,0.0,0.0,0.0,0.0,0.0,0.0,0.0,0.0,0.0,0.0,0.0,1000.0
4530,palawan_outer_east_small_1000_7,S2B_MSIL2A_20230626T021539_R003_T50PQT_20230626T074054,50,,0.0,0.0,0.0,0.0,0.0,0.0,0.0,6.25,0.25,93.5,0.0,400,0,0.0,1000.0000000009313,1000.0,0.468109130859375,100.0,,0.0,0.0,0.0,0.0,0.0,0.0,0.0,-0.2699999999999996,-0.19,0.45999999999999375,0.0,0.0,0.0,1000.0
4537,palawan_outer_east_small_1000_7,S2B_MSIL2A_20230626T021539_R003_T50PQT_20230626T074054,100,,0.0,0.0,0.0,0.0,0.0,0.0,0.0,4.0,0.0,96.0,0.0,100,0,0.0,1000.0000000009313,1000.0,0.40961360931396484,100.0,,0.0,0.0,0.0,0.0,0.0,0.0,0.0,-2.5199999999999996,-0.44,2.9599999999999937,0.0,0.0,0.0,1000.0
4544,palawan_outer_east_small_1000_7,S2B_MSIL2A_20230626T021539_R003_T50PQT_20230626T074054,200,,0.0,0.0,0.0,0.0,0.0,0.0,0.0,0.0,0.0,100.0,0.0,25,0,0.0,1000.0000000009313,1000.0,0.39931678771972656,100.0,,0.0,0.0,0.0,0.0,0.0,0.0,0.0,-6.52,-0.44,6.959999999999994,0.0,0.0,0.0,1000.0
4551,palawan_outer_east_small_1000_7,S2B_MSIL2A_20230626T021539_R003_T50PQT_20230626T074054,500,,0.0,0.0,0.0,0.0,0.0,0.0,0.0,0.0,0.0,100.0,0.0,4,0,0.0,1000.0000000009313,1000.0,0.3757181167602539,100.0,,0.0,0.0,0.0,0.0,0.0,0.0,0.0,-6.52,-0.44,6.959999999999994,0.0,0.0,0.0,1000.0
4558,palawan_outer_east_small_1000_7,S2B_MSIL2A_20230626T021539_R003_T50PQT_20230626T074054,1000,,0.0,0.0,0.0,0.0,0.0,0.0,0.0,0.0,0.0,100.0,0.0,1,0,0.0,1000.0000000009313,1000.0,0.3635828495025635,100.0,,0.0,0.0,0.0,0.0,0.0,0.0,0.0,-6.52,-0.44,6.959999999999994,0.0,0.0,0.0,1000.0
4560,palawan_outer_east_small_1000_8,S2A_MSIL2A_20230601T021611_R003_T50PQT_20230601T103139,20,,0.0,0.0,0.0,0.0,0.0,0.0,0.0,100.0,0.0,0.0,0.0,2500,0,0.0,1000.0000000004657,1000.0000000002328,0.39033937454223633,100.0,,0.0,0.0,0.0,0.0,0.0,0.0,0.0,0.0,0.0,0.0,0.0,0.0,0.0,1000.0
4567,palawan_outer_east_small_1000_8,S2A_MSIL2A_20230601T021611_R003_T50PQT_20230601T103139,50,,0.0,0.0,0.0,0.0,0.0,0.0,0.0,100.0,0.0,0.0,0.0,400,0,0.0,1000.0000000004657,1000.0000000002328,0.4807131290435791,100.0,,0.0,0.0,0.0,0.0,0.0,0.0,0.0,0.0,0.0,0.0,0.0,0.0,0.0,1000.0
4574,palawan_outer_east_small_1000_8,S2A_MSIL2A_20230601T021611_R003_T50PQT_20230601T103139,100,,0.0,0.0,0.0,0.0,0.0,0.0,0.0,100.0,0.0,0.0,0.0,100,0,0.0,1000.0000000004657,1000.0000000002328,0.39223623275756836,100.0,,0.0,0.0,0.0,0.0,0.0,0.0,0.0,0.0,0.0,0.0,0.0,0.0,0.0,1000.0
4581,palawan_outer_east_small_1000_8,S2A_MSIL2A_20230601T021611_R003_T50PQT_20230601T103139,200,,0.0,0.0,0.0,0.0,0.0,0.0,0.0,100.0,0.0,0.0,0.0,25,0,0.0,1000.0000000004657,1000.0000000002328,0.3941030502319336,100.0,,0.0,0.0,0.0,0.0,0.0,0.0,0.0,0.0,0.0,0.0,0.0,0.0,0.0,1000.0
4588,palawan_outer_east_small_1000_8,S2A_MSIL2A_20230601T021611_R003_T50PQT_20230601T103139,500,,0.0,0.0,0.0,0.0,0.0,0.0,0.0,100.0,0.0,0.0,0.0,4,0,0.0,1000.0000000004657,1000.0000000002328,0.3992476463317871,100.0,,0.0,0.0,0.0,0.0,0.0,0.0,0.0,0.0,0.0,0.0,0.0,0.0,0.0,1000.0
4595,palawan_outer_east_small_1000_8,S2A_MSIL2A_20230601T021611_R003_T50PQT_20230601T103139,1000,,0.0,0.0,0.0,0.0,0.0,0.0,0.0,100.0,0.0,0.0,0.0,1,0,0.0,1000.0000000004657,1000.0000000002328,0.392627477645874,100.0,,0.0,0.0,0.0,0.0,0.0,0.0,0.0,0.0,0.0,0.0,0.0,0.0,0.0,1000.0
4562,palawan_outer_east_small_1000_8,S2A_MSIL2A_20230611T021541_R003_T50PQT_20230611T092421,20,,0.0,0.0,0.0,0.0,0.0,0.0,0.0,100.0,0.0,0.0,0.0,2500,0,0.0,1000.0000000004657,1000.0000000002328,0.39033937454223633,100.0,,0.0,0.0,0.0,0.0,0.0,0.0,0.0,0.0,0.0,0.0,0.0,0.0,0.0,1000.0
4569,palawan_outer_east_small_1000_8,S2A_MSIL2A_20230611T021541_R003_T50PQT_20230611T092421,50,,0.0,0.0,0.0,0.0,0.0,0.0,0.0,100.0,0.0,0.0,0.0,400,0,0.0,1000.0000000004657,1000.0000000002328,0.4807131290435791,100.0,,0.0,0.0,0.0,0.0,0.0,0.0,0.0,0.0,0.0,0.0,0.0,0.0,0.0,1000.0
4576,palawan_outer_east_small_1000_8,S2A_MSIL2A_20230611T021541_R003_T50PQT_20230611T092421,100,,0.0,0.0,0.0,0.0,0.0,0.0,0.0,100.0,0.0,0.0,0.0,100,0,0.0,1000.0000000004657,1000.0000000002328,0.39223623275756836,100.0,,0.0,0.0,0.0,0.0,0.0,0.0,0.0,0.0,0.0,0.0,0.0,0.0,0.0,1000.0
4583,palawan_outer_east_small_1000_8,S2A_MSIL2A_20230611T021541_R003_T50PQT_20230611T092421,200,,0.0,0.0,0.0,0.0,0.0,0.0,0.0,100.0,0.0,0.0,0.0,25,0,0.0,1000.0000000004657,1000.0000000002328,0.3941030502319336,100.0,,0.0,0.0,0.0,0.0,0.0,0.0,0.0,0.0,0.0,0.0,0.0,0.0,0.0,1000.0
4590,palawan_outer_east_small_1000_8,S2A_MSIL2A_20230611T021541_R003_T50PQT_20230611T092421,500,,0.0,0.0,0.0,0.0,0.0,0.0,0.0,100.0,0.0,0.0,0.0,4,0,0.0,1000.0000000004657,1000.0000000002328,0.3992476463317871,100.0,,0.0,0.0,0.0,0.0,0.0,0.0,0.0,0.0,0.0,0.0,0.0,0.0,0.0,1000.0
4597,palawan_outer_east_small_1000_8,S2A_MSIL2A_20230611T021541_R003_T50PQT_20230611T092421,1000,,0.0,0.0,0.0,0.0,0.0,0.0,0.0,100.0,0.0,0.0,0.0,1,0,0.0,1000.0000000004657,1000.0000000002328,0.392627477645874,100.0,,0.0,0.0,0.0,0.0,0.0,0.0,0.0,0.0,0.0,0.0,0.0,0.0,0.0,1000.0
4564,palawan_outer_east_small_1000_8,S2A_MSIL2A_20230621T021541_R003_T50PQT_20230621T085836,20,,0.0,0.0,18.92,0.0,0.0,11.6,0.0,26.8,31.56,11.12,0.0,2500,0,0.0,1000.0000000004657,1000.0000000002328,0.39033937454223633,69.48,,0.0,0.0,0.0,0.0,0.0,0.0,0.0,0.0,0.0,0.0,0.0,0.0,0.0,1000.0
4571,palawan_outer_east_small_1000_8,S2A_MSIL2A_20230621T021541_R003_T50PQT_20230621T085836,50,,0.0,0.0,19.0,0.0,0.0,9.25,0.0,28.5,32.5,10.75,0.0,400,0,0.0,1000.0000000004657,1000.0000000002328,0.4807131290435791,71.75,,0.0,0.0,0.0799999999999983,0.0,0.0,-2.3499999999999996,0.0,1.6999999999999993,0.9400000000000013,-0.3699999999999992,0.0,2.269999999999996,2.3499999999999996,1000.0
4578,palawan_outer_east_small_1000_8,S2A_MSIL2A_20230621T021541_R003_T50PQT_20230621T085836,100,,0.0,0.0,19.0,0.0,0.0,8.0,0.0,31.0,29.0,13.0,0.0,100,0,0.0,1000.0000000004657,1000.0000000002328,0.39223623275756836,73.0,,0.0,0.0,0.0799999999999983,0.0,0.0,-3.5999999999999996,0.0,4.199999999999999,-2.5599999999999987,1.8800000000000008,0.0,3.519999999999996,3.5999999999999996,1000.0
4585,palawan_outer_east_small_1000_8,S2A_MSIL2A_20230621T021541_R003_T50PQT_20230621T085836,200,,0.0,0.0,16.0,0.0,0.0,0.0,0.0,40.0,32.0,12.0,0.0,25,0,0.0,1000.0000000004657,1000.0000000002328,0.3941030502319336,84.0,,0.0,0.0,-2.9200000000000017,0.0,0.0,-11.6,0.0,13.2,0.4400000000000013,0.8800000000000008,0.0,14.519999999999996,14.519999999999996,1000.0
4592,palawan_outer_east_small_1000_8,S2A_MSIL2A_20230621T021541_R003_T50PQT_20230621T085836,500,,0.0,0.0,0.0,0.0,0.0,0.0,0.0,100.0,0.0,0.0,0.0,4,0,0.0,1000.0000000004657,1000.0000000002328,0.3992476463317871,100.0,,0.0,0.0,-18.92,0.0,0.0,-11.6,0.0,73.2,-31.56,-11.12,0.0,30.519999999999996,30.519999999999996,1000.0
4599,palawan_outer_east_small_1000_8,S2A_MSIL2A_20230621T021541_R003_T50PQT_20230621T085836,1000,,0.0,0.0,0.0,0.0,0.0,0.0,0.0,0.0,0.0,100.0,0.0,1,0,0.0,1000.0000000004657,1000.0000000002328,0.392627477645874,100.0,,0.0,0.0,-18.92,0.0,0.0,-11.6,0.0,-26.8,-31.56,88.88,0.0,30.519999999999996,30.519999999999996,1000.0
4566,palawan_outer_east_small_1000_8,S2A_MSIL2A_20230701T021541_R003_T50PQT_20230701T082624,20,,0.0,0.0,8.76,55.0,0.04,16.84,0.0,0.0,0.0,19.36,0.0,2500,0,0.0,1000.0000000004657,1000.0000000002328,0.39033937454223633,19.36,,0.0,0.0,0.0,0.0,0.0,0.0,0.0,0.0,0.0,0.0,0.0,0.0,0.0,1000.0
4573,palawan_outer_east_small_1000_8,S2A_MSIL2A_20230701T021541_R003_T50PQT_20230701T082624,50,,0.0,0.0,9.5,54.75,0.25,14.5,0.0,0.0,0.0,21.0,0.0,400,0,0.0,1000.0000000004657,1000.0000000002328,0.4807131290435791,21.0,,0.0,0.0,0.7400000000000002,-0.25,0.21,-2.34,0.0,0.0,0.0,1.6400000000000006,0.0,1.6400000000000006,2.34,1000.0
4580,palawan_outer_east_small_1000_8,S2A_MSIL2A_20230701T021541_R003_T50PQT_20230701T082624,100,,0.0,0.0,9.0,57.0,0.0,15.0,0.0,0.0,0.0,19.0,0.0,100,0,0.0,1000.0000000004657,1000.0000000002328,0.39223623275756836,19.0,,0.0,0.0,0.2400000000000002,2.0,-0.04,-1.8399999999999999,0.0,0.0,0.0,-0.35999999999999943,0.0,-0.35999999999999943,2.0,1000.0
4587,palawan_outer_east_small_1000_8,S2A_MSIL2A_20230701T021541_R003_T50PQT_20230701T082624,200,,0.0,0.0,12.0,60.0,0.0,0.0,0.0,0.0,0.0,28.0,0.0,25,0,0.0,1000.0000000004657,1000.0000000002328,0.3941030502319336,28.0,,0.0,0.0,3.24,5.0,-0.04,-16.84,0.0,0.0,0.0,8.64,0.0,8.64,16.84,1000.0
4594,palawan_outer_east_small_1000_8,S2A_MSIL2A_20230701T021541_R003_T50PQT_20230701T082624,500,,0.0,0.0,0.0,25.0,0.0,0.0,0.0,0.0,0.0,75.0,0.0,4,0,0.0,1000.0000000004657,1000.0000000002328,0.3992476463317871,75.0,,0.0,0.0,-8.76,-30.0,-0.04,-16.84,0.0,0.0,0.0,55.64,0.0,55.64,55.64,1000.0
4601,palawan_outer_east_small_1000_8,S2A_MSIL2A_20230701T021541_R003_T50PQT_20230701T082624,1000,,0.0,0.0,0.0,0.0,0.0,0.0,0.0,0.0,0.0,100.0,0.0,1,0,0.0,1000.0000000004657,1000.0000000002328,0.392627477645874,100.0,,0.0,0.0,-8.76,-55.0,-0.04,-16.84,0.0,0.0,0.0,80.64,0.0,80.64,80.64,1000.0
4561,palawan_outer_east_small_1000_8,S2B_MSIL2A_20230606T021539_R003_T50PQT_20230606T073506,20,,0.0,0.04,0.0,83.4,0.32,16.0,0.24,0.0,0.0,0.0,0.0,2500,0,0.0,1000.0000000004657,1000.0000000002328,0.39033937454223633,0.0,,0.0,0.0,0.0,0.0,0.0,0.0,0.0,0.0,0.0,0.0,0.0,0.0,0.0,1000.0
4568,palawan_outer_east_small_1000_8,S2B_MSIL2A_20230606T021539_R003_T50PQT_20230606T073506,50,,0.0,0.0,0.0,85.0,0.5,14.25,0.25,0.0,0.0,0.0,0.0,400,0,0.0,1000.0000000004657,1000.0000000002328,0.4807131290435791,0.0,,0.0,-0.04,0.0,1.5999999999999943,0.18,-1.75,0.010000000000000009,0.0,0.0,0.0,0.0,0.0,1.75,1000.0
4575,palawan_outer_east_small_1000_8,S2B_MSIL2A_20230606T021539_R003_T50PQT_20230606T073506,100,,0.0,0.0,0.0,85.0,1.0,13.0,1.0,0.0,0.0,0.0,0.0,100,0,0.0,1000.0000000004657,1000.0000000002328,0.39223623275756836,0.0,,0.0,-0.04,0.0,1.5999999999999943,0.6799999999999999,-3.0,0.76,0.0,0.0,0.0,0.0,0.0,3.0,1000.0
4582,palawan_outer_east_small_1000_8,S2B_MSIL2A_20230606T021539_R003_T50PQT_20230606T073506,200,,0.0,0.0,0.0,96.0,4.0,0.0,0.0,0.0,0.0,0.0,0.0,25,0,0.0,1000.0000000004657,1000.0000000002328,0.3941030502319336,0.0,,0.0,-0.04,0.0,12.599999999999994,3.68,-16.0,-0.24,0.0,0.0,0.0,0.0,0.0,16.0,1000.0
4589,palawan_outer_east_small_1000_8,S2B_MSIL2A_20230606T021539_R003_T50PQT_20230606T073506,500,,0.0,0.0,0.0,100.0,0.0,0.0,0.0,0.0,0.0,0.0,0.0,4,0,0.0,1000.0000000004657,1000.0000000002328,0.3992476463317871,0.0,,0.0,-0.04,0.0,16.599999999999994,-0.32,-16.0,-0.24,0.0,0.0,0.0,0.0,0.0,16.599999999999994,1000.0
4596,palawan_outer_east_small_1000_8,S2B_MSIL2A_20230606T021539_R003_T50PQT_20230606T073506,1000,,0.0,0.0,0.0,100.0,0.0,0.0,0.0,0.0,0.0,0.0,0.0,1,0,0.0,1000.0000000004657,1000.0000000002328,0.392627477645874,0.0,,0.0,-0.04,0.0,16.599999999999994,-0.32,-16.0,-0.24,0.0,0.0,0.0,0.0,0.0,16.599999999999994,1000.0
4563,palawan_outer_east_small_1000_8,S2B_MSIL2A_20230616T021539_R003_T50PQT_20230616T083239,20,,0.0,0.0,0.0,0.0,0.0,0.0,0.0,0.4,0.0,99.6,0.0,2500,0,0.0,1000.0000000004657,1000.0000000002328,0.39033937454223633,100.0,,0.0,0.0,0.0,0.0,0.0,0.0,0.0,0.0,0.0,0.0,0.0,0.0,0.0,1000.0
4570,palawan_outer_east_small_1000_8,S2B_MSIL2A_20230616T021539_R003_T50PQT_20230616T083239,50,,0.0,0.0,0.0,0.0,0.0,0.0,0.0,0.5,0.0,99.5,0.0,400,0,0.0,1000.0000000004657,1000.0000000002328,0.4807131290435791,100.0,,0.0,0.0,0.0,0.0,0.0,0.0,0.0,0.09999999999999998,0.0,-0.09999999999999432,0.0,0.0,0.0,1000.0
4577,palawan_outer_east_small_1000_8,S2B_MSIL2A_20230616T021539_R003_T50PQT_20230616T083239,100,,0.0,0.0,0.0,0.0,0.0,0.0,0.0,0.0,0.0,100.0,0.0,100,0,0.0,1000.0000000004657,1000.0000000002328,0.39223623275756836,100.0,,0.0,0.0,0.0,0.0,0.0,0.0,0.0,-0.4,0.0,0.4000000000000057,0.0,0.0,0.0,1000.0
4584,palawan_outer_east_small_1000_8,S2B_MSIL2A_20230616T021539_R003_T50PQT_20230616T083239,200,,0.0,0.0,0.0,0.0,0.0,0.0,0.0,0.0,0.0,100.0,0.0,25,0,0.0,1000.0000000004657,1000.0000000002328,0.3941030502319336,100.0,,0.0,0.0,0.0,0.0,0.0,0.0,0.0,-0.4,0.0,0.4000000000000057,0.0,0.0,0.0,1000.0
4591,palawan_outer_east_small_1000_8,S2B_MSIL2A_20230616T021539_R003_T50PQT_20230616T083239,500,,0.0,0.0,0.0,0.0,0.0,0.0,0.0,0.0,0.0,100.0,0.0,4,0,0.0,1000.0000000004657,1000.0000000002328,0.3992476463317871,100.0,,0.0,0.0,0.0,0.0,0.0,0.0,0.0,-0.4,0.0,0.4000000000000057,0.0,0.0,0.0,1000.0
4598,palawan_outer_east_small_1000_8,S2B_MSIL2A_20230616T021539_R003_T50PQT_20230616T083239,1000,,0.0,0.0,0.0,0.0,0.0,0.0,0.0,0.0,0.0,100.0,0.0,1,0,0.0,1000.0000000004657,1000.0000000002328,0.392627477645874,100.0,,0.0,0.0,0.0,0.0,0.0,0.0,0.0,-0.4,0.0,0.4000000000000057,0.0,0.0,0.0,1000.0
4565,palawan_outer_east_small_1000_8,S2B_MSIL2A_20230626T021539_R003_T50PQT_20230626T074054,20,,0.0,0.0,0.0,0.0,0.0,0.0,0.0,38.24,18.52,43.24,0.0,2500,0,0.0,1000.0000000004657,1000.0000000002328,0.39033937454223633,100.0,,0.0,0.0,0.0,0.0,0.0,0.0,0.0,0.0,0.0,0.0,0.0,0.0,0.0,1000.0
4572,palawan_outer_east_small_1000_8,S2B_MSIL2A_20230626T021539_R003_T50PQT_20230626T074054,50,,0.0,0.0,0.0,0.0,0.0,0.0,0.0,36.25,19.75,44.0,0.0,400,0,0.0,1000.0000000004657,1000.0000000002328,0.4807131290435791,100.0,,0.0,0.0,0.0,0.0,0.0,0.0,0.0,-1.990000000000002,1.2300000000000004,0.759999999999998,0.0,0.0,0.0,1000.0
4579,palawan_outer_east_small_1000_8,S2B_MSIL2A_20230626T021539_R003_T50PQT_20230626T074054,100,,0.0,0.0,0.0,0.0,0.0,0.0,0.0,37.0,17.0,46.0,0.0,100,0,0.0,1000.0000000004657,1000.0000000002328,0.39223623275756836,100.0,,0.0,0.0,0.0,0.0,0.0,0.0,0.0,-1.240000000000002,-1.5199999999999996,2.759999999999998,0.0,0.0,0.0,1000.0
4586,palawan_outer_east_small_1000_8,S2B_MSIL2A_20230626T021539_R003_T50PQT_20230626T074054,200,,0.0,0.0,0.0,0.0,0.0,0.0,0.0,36.0,20.0,44.0,0.0,25,0,0.0,1000.0000000004657,1000.0000000002328,0.3941030502319336,100.0,,0.0,0.0,0.0,0.0,0.0,0.0,0.0,-2.240000000000002,1.4800000000000004,0.759999999999998,0.0,0.0,0.0,1000.0
4593,palawan_outer_east_small_1000_8,S2B_MSIL2A_20230626T021539_R003_T50PQT_20230626T074054,500,,0.0,0.0,0.0,0.0,0.0,0.0,0.0,75.0,25.0,0.0,0.0,4,0,0.0,1000.0000000004657,1000.0000000002328,0.3992476463317871,100.0,,0.0,0.0,0.0,0.0,0.0,0.0,0.0,36.76,6.48,-43.24,0.0,0.0,0.0,1000.0
4600,palawan_outer_east_small_1000_8,S2B_MSIL2A_20230626T021539_R003_T50PQT_20230626T074054,1000,,0.0,0.0,0.0,0.0,0.0,0.0,0.0,100.0,0.0,0.0,0.0,1,0,0.0,1000.0000000004657,1000.0000000002328,0.392627477645874,100.0,,0.0,0.0,0.0,0.0,0.0,0.0,0.0,61.76,-18.52,-43.24,0.0,0.0,0.0,1000.0
4602,palawan_outer_east_small_1000_9,S2A_MSIL2A_20230601T021611_R003_T50PQT_20230601T103139,20,,0.0,0.0,0.0,0.0,0.0,0.0,0.0,100.0,0.0,0.0,0.0,2500,0,0.0,1000.0000000011642,1000.0000000004657,0.4208378791809082,100.0,,0.0,0.0,0.0,0.0,0.0,0.0,0.0,0.0,0.0,0.0,0.0,0.0,0.0,1000.0
4609,palawan_outer_east_small_1000_9,S2A_MSIL2A_20230601T021611_R003_T50PQT_20230601T103139,50,,0.0,0.0,0.0,0.0,0.0,0.0,0.0,100.0,0.0,0.0,0.0,400,0,0.0,1000.0000000011642,1000.0000000004657,0.37177252769470215,100.0,,0.0,0.0,0.0,0.0,0.0,0.0,0.0,0.0,0.0,0.0,0.0,0.0,0.0,1000.0
4616,palawan_outer_east_small_1000_9,S2A_MSIL2A_20230601T021611_R003_T50PQT_20230601T103139,100,,0.0,0.0,0.0,0.0,0.0,0.0,0.0,100.0,0.0,0.0,0.0,100,0,0.0,1000.0000000011642,1000.0000000004657,0.37573933601379395,100.0,,0.0,0.0,0.0,0.0,0.0,0.0,0.0,0.0,0.0,0.0,0.0,0.0,0.0,1000.0
4623,palawan_outer_east_small_1000_9,S2A_MSIL2A_20230601T021611_R003_T50PQT_20230601T103139,200,,0.0,0.0,0.0,0.0,0.0,0.0,0.0,100.0,0.0,0.0,0.0,25,0,0.0,1000.0000000011642,1000.0000000004657,0.38439154624938965,100.0,,0.0,0.0,0.0,0.0,0.0,0.0,0.0,0.0,0.0,0.0,0.0,0.0,0.0,1000.0
4630,palawan_outer_east_small_1000_9,S2A_MSIL2A_20230601T021611_R003_T50PQT_20230601T103139,500,,0.0,0.0,0.0,0.0,0.0,0.0,0.0,100.0,0.0,0.0,0.0,4,0,0.0,1000.0000000011642,1000.0000000004657,0.39424610137939453,100.0,,0.0,0.0,0.0,0.0,0.0,0.0,0.0,0.0,0.0,0.0,0.0,0.0,0.0,1000.0
4637,palawan_outer_east_small_1000_9,S2A_MSIL2A_20230601T021611_R003_T50PQT_20230601T103139,1000,,0.0,0.0,0.0,0.0,0.0,0.0,0.0,100.0,0.0,0.0,0.0,1,0,0.0,1000.0000000011642,1000.0000000004657,0.38321685791015625,100.0,,0.0,0.0,0.0,0.0,0.0,0.0,0.0,0.0,0.0,0.0,0.0,0.0,0.0,1000.0
4604,palawan_outer_east_small_1000_9,S2A_MSIL2A_20230611T021541_R003_T50PQT_20230611T092421,20,,0.0,0.0,0.0,0.0,0.0,0.0,0.0,100.0,0.0,0.0,0.0,2500,0,0.0,1000.0000000011642,1000.0000000004657,0.4208378791809082,100.0,,0.0,0.0,0.0,0.0,0.0,0.0,0.0,0.0,0.0,0.0,0.0,0.0,0.0,1000.0
4611,palawan_outer_east_small_1000_9,S2A_MSIL2A_20230611T021541_R003_T50PQT_20230611T092421,50,,0.0,0.0,0.0,0.0,0.0,0.0,0.0,100.0,0.0,0.0,0.0,400,0,0.0,1000.0000000011642,1000.0000000004657,0.37177252769470215,100.0,,0.0,0.0,0.0,0.0,0.0,0.0,0.0,0.0,0.0,0.0,0.0,0.0,0.0,1000.0
4618,palawan_outer_east_small_1000_9,S2A_MSIL2A_20230611T021541_R003_T50PQT_20230611T092421,100,,0.0,0.0,0.0,0.0,0.0,0.0,0.0,100.0,0.0,0.0,0.0,100,0,0.0,1000.0000000011642,1000.0000000004657,0.37573933601379395,100.0,,0.0,0.0,0.0,0.0,0.0,0.0,0.0,0.0,0.0,0.0,0.0,0.0,0.0,1000.0
4625,palawan_outer_east_small_1000_9,S2A_MSIL2A_20230611T021541_R003_T50PQT_20230611T092421,200,,0.0,0.0,0.0,0.0,0.0,0.0,0.0,100.0,0.0,0.0,0.0,25,0,0.0,1000.0000000011642,1000.0000000004657,0.38439154624938965,100.0,,0.0,0.0,0.0,0.0,0.0,0.0,0.0,0.0,0.0,0.0,0.0,0.0,0.0,1000.0
4632,palawan_outer_east_small_1000_9,S2A_MSIL2A_20230611T021541_R003_T50PQT_20230611T092421,500,,0.0,0.0,0.0,0.0,0.0,0.0,0.0,100.0,0.0,0.0,0.0,4,0,0.0,1000.0000000011642,1000.0000000004657,0.39424610137939453,100.0,,0.0,0.0,0.0,0.0,0.0,0.0,0.0,0.0,0.0,0.0,0.0,0.0,0.0,1000.0
4639,palawan_outer_east_small_1000_9,S2A_MSIL2A_20230611T021541_R003_T50PQT_20230611T092421,1000,,0.0,0.0,0.0,0.0,0.0,0.0,0.0,100.0,0.0,0.0,0.0,1,0,0.0,1000.0000000011642,1000.0000000004657,0.38321685791015625,100.0,,0.0,0.0,0.0,0.0,0.0,0.0,0.0,0.0,0.0,0.0,0.0,0.0,0.0,1000.0
4606,palawan_outer_east_small_1000_9,S2A_MSIL2A_20230621T021541_R003_T50PQT_20230621T085836,20,,0.0,0.0,9.28,24.56,0.4,14.56,0.12,17.12,31.28,2.68,0.0,2500,0,0.0,1000.0000000011642,1000.0000000004657,0.4208378791809082,51.080000000000005,,0.0,0.0,0.0,0.0,0.0,0.0,0.0,0.0,0.0,0.0,0.0,0.0,0.0,1000.0
4613,palawan_outer_east_small_1000_9,S2A_MSIL2A_20230621T021541_R003_T50PQT_20230621T085836,50,,0.0,0.0,10.0,24.5,0.25,12.75,0.25,16.25,34.0,2.0,0.0,400,0,0.0,1000.0000000011642,1000.0000000004657,0.37177252769470215,52.25,,0.0,0.0,0.7200000000000006,-0.05999999999999872,-0.15000000000000002,-1.8100000000000005,0.13,-0.870000000000001,2.719999999999999,-0.6800000000000002,0.0,1.1699999999999946,1.8100000000000005,1000.0
4620,palawan_outer_east_small_1000_9,S2A_MSIL2A_20230621T021541_R003_T50PQT_20230621T085836,100,,0.0,0.0,11.0,20.0,0.0,12.0,0.0,17.0,38.0,2.0,0.0,100,0,0.0,1000.0000000011642,1000.0000000004657,0.37573933601379395,57.0,,0.0,0.0,1.7200000000000006,-4.559999999999999,-0.4,-2.5600000000000005,-0.12,-0.120000000000001,6.719999999999999,-0.6800000000000002,0.0,5.919999999999995,5.919999999999995,1000.0
4627,palawan_outer_east_small_1000_9,S2A_MSIL2A_20230621T021541_R003_T50PQT_20230621T085836,200,,0.0,0.0,12.0,20.0,0.0,0.0,0.0,12.0,56.0,0.0,0.0,25,0,0.0,1000.0000000011642,1000.0000000004657,0.38439154624938965,68.0,,0.0,0.0,2.7200000000000006,-4.559999999999999,-0.4,-14.56,-0.12,-5.120000000000001,24.72,-2.68,0.0,16.919999999999995,16.919999999999995,1000.0
4634,palawan_outer_east_small_1000_9,S2A_MSIL2A_20230621T021541_R003_T50PQT_20230621T085836,500,,0.0,0.0,0.0,0.0,0.0,0.0,0.0,25.0,75.0,0.0,0.0,4,0,0.0,1000.0000000011642,1000.0000000004657,0.39424610137939453,100.0,,0.0,0.0,-9.28,-24.56,-0.4,-14.56,-0.12,7.879999999999999,43.72,-2.68,0.0,48.919999999999995,48.919999999999995,1000.0
4641,palawan_outer_east_small_1000_9,S2A_MSIL2A_20230621T021541_R003_T50PQT_20230621T085836,1000,,0.0,0.0,0.0,0.0,0.0,0.0,0.0,0.0,100.0,0.0,0.0,1,0,0.0,1000.0000000011642,1000.0000000004657,0.38321685791015625,100.0,,0.0,0.0,-9.28,-24.56,-0.4,-14.56,-0.12,-17.12,68.72,-2.68,0.0,48.919999999999995,48.919999999999995,1000.0
4608,palawan_outer_east_small_1000_9,S2A_MSIL2A_20230701T021541_R003_T50PQT_20230701T082624,20,,0.0,0.0,6.28,3.64,0.04,11.4,0.76,5.44,0.44,72.0,0.0,2500,0,0.0,1000.0000000011642,1000.0000000004657,0.4208378791809082,77.88,,0.0,0.0,0.0,0.0,0.0,0.0,0.0,0.0,0.0,0.0,0.0,0.0,0.0,1000.0
4615,palawan_outer_east_small_1000_9,S2A_MSIL2A_20230701T021541_R003_T50PQT_20230701T082624,50,,0.0,0.0,7.0,3.5,0.0,9.5,0.5,5.5,0.25,73.75,0.0,400,0,0.0,1000.0000000011642,1000.0000000004657,0.37177252769470215,79.5,,0.0,0.0,0.7199999999999998,-0.14000000000000012,-0.04,-1.9000000000000004,-0.26,0.05999999999999961,-0.19,1.75,0.0,1.6200000000000045,1.9000000000000004,1000.0
4622,palawan_outer_east_small_1000_9,S2A_MSIL2A_20230701T021541_R003_T50PQT_20230701T082624,100,,0.0,0.0,8.0,2.0,0.0,13.0,0.0,5.0,0.0,72.0,0.0,100,0,0.0,1000.0000000011642,1000.0000000004657,0.37573933601379395,77.0,,0.0,0.0,1.7199999999999998,-1.6400000000000001,-0.04,1.5999999999999996,-0.76,-0.4400000000000004,-0.44,0.0,0.0,-0.8799999999999955,1.7199999999999998,1000.0
4629,palawan_outer_east_small_1000_9,S2A_MSIL2A_20230701T021541_R003_T50PQT_20230701T082624,200,,0.0,0.0,8.0,4.0,0.0,0.0,4.0,0.0,0.0,84.0,0.0,25,0,0.0,1000.0000000011642,1000.0000000004657,0.38439154624938965,84.0,,0.0,0.0,1.7199999999999998,0.3599999999999999,-0.04,-11.4,3.24,-5.44,-0.44,12.0,0.0,6.1200000000000045,11.4,1000.0
4636,palawan_outer_east_small_1000_9,S2A_MSIL2A_20230701T021541_R003_T50PQT_20230701T082624,500,,0.0,0.0,0.0,0.0,0.0,0.0,0.0,0.0,0.0,100.0,0.0,4,0,0.0,1000.0000000011642,1000.0000000004657,0.39424610137939453,100.0,,0.0,0.0,-6.28,-3.64,-0.04,-11.4,-0.76,-5.44,-0.44,28.0,0.0,22.120000000000005,22.120000000000005,1000.0
4643,palawan_outer_east_small_1000_9,S2A_MSIL2A_20230701T021541_R003_T50PQT_20230701T082624,1000,,0.0,0.0,0.0,0.0,0.0,0.0,0.0,0.0,0.0,100.0,0.0,1,0,0.0,1000.0000000011642,1000.0000000004657,0.38321685791015625,100.0,,0.0,0.0,-6.28,-3.64,-0.04,-11.4,-0.76,-5.44,-0.44,28.0,0.0,22.120000000000005,22.120000000000005,1000.0
4603,palawan_outer_east_small_1000_9,S2B_MSIL2A_20230606T021539_R003_T50PQT_20230606T073506,20,,0.0,0.0,17.68,64.68,0.84,16.56,0.24,0.0,0.0,0.0,0.0,2500,0,0.0,1000.0000000011642,1000.0000000004657,0.4208378791809082,0.0,,0.0,0.0,0.0,0.0,0.0,0.0,0.0,0.0,0.0,0.0,0.0,0.0,0.0,1000.0
4610,palawan_outer_east_small_1000_9,S2B_MSIL2A_20230606T021539_R003_T50PQT_20230606T073506,50,,0.0,0.0,17.5,67.5,1.0,13.75,0.25,0.0,0.0,0.0,0.0,400,0,0.0,1000.0000000011642,1000.0000000004657,0.37177252769470215,0.0,,0.0,0.0,-0.17999999999999972,2.819999999999993,0.16000000000000003,-2.8099999999999987,0.010000000000000009,0.0,0.0,0.0,0.0,0.0,2.819999999999993,1000.0
4617,palawan_outer_east_small_1000_9,S2B_MSIL2A_20230606T021539_R003_T50PQT_20230606T073506,100,,0.0,0.0,18.0,68.0,1.0,13.0,0.0,0.0,0.0,0.0,0.0,100,0,0.0,1000.0000000011642,1000.0000000004657,0.37573933601379395,0.0,,0.0,0.0,0.3200000000000003,3.319999999999993,0.16000000000000003,-3.5599999999999987,-0.24,0.0,0.0,0.0,0.0,0.0,3.5599999999999987,1000.0
4624,palawan_outer_east_small_1000_9,S2B_MSIL2A_20230606T021539_R003_T50PQT_20230606T073506,200,,0.0,0.0,16.0,84.0,0.0,0.0,0.0,0.0,0.0,0.0,0.0,25,0,0.0,1000.0000000011642,1000.0000000004657,0.38439154624938965,0.0,,0.0,0.0,-1.6799999999999997,19.319999999999993,-0.84,-16.56,-0.24,0.0,0.0,0.0,0.0,0.0,19.319999999999993,1000.0
4631,palawan_outer_east_small_1000_9,S2B_MSIL2A_20230606T021539_R003_T50PQT_20230606T073506,500,,0.0,0.0,0.0,100.0,0.0,0.0,0.0,0.0,0.0,0.0,0.0,4,0,0.0,1000.0000000011642,1000.0000000004657,0.39424610137939453,0.0,,0.0,0.0,-17.68,35.31999999999999,-0.84,-16.56,-0.24,0.0,0.0,0.0,0.0,0.0,35.31999999999999,1000.0
4638,palawan_outer_east_small_1000_9,S2B_MSIL2A_20230606T021539_R003_T50PQT_20230606T073506,1000,,0.0,0.0,0.0,100.0,0.0,0.0,0.0,0.0,0.0,0.0,0.0,1,0,0.0,1000.0000000011642,1000.0000000004657,0.38321685791015625,0.0,,0.0,0.0,-17.68,35.31999999999999,-0.84,-16.56,-0.24,0.0,0.0,0.0,0.0,0.0,35.31999999999999,1000.0
4605,palawan_outer_east_small_1000_9,S2B_MSIL2A_20230616T021539_R003_T50PQT_20230616T083239,20,,0.0,0.0,0.0,0.0,0.0,0.0,0.0,9.24,3.52,87.24,0.0,2500,0,0.0,1000.0000000011642,1000.0000000004657,0.4208378791809082,100.0,,0.0,0.0,0.0,0.0,0.0,0.0,0.0,0.0,0.0,0.0,0.0,0.0,0.0,1000.0
4612,palawan_outer_east_small_1000_9,S2B_MSIL2A_20230616T021539_R003_T50PQT_20230616T083239,50,,0.0,0.0,0.0,0.0,0.0,0.0,0.0,9.25,4.25,86.5,0.0,400,0,0.0,1000.0000000011642,1000.0000000004657,0.37177252769470215,100.0,,0.0,0.0,0.0,0.0,0.0,0.0,0.0,0.009999999999999787,0.73,-0.7399999999999949,0.0,0.0,0.0,1000.0
4619,palawan_outer_east_small_1000_9,S2B_MSIL2A_20230616T021539_R003_T50PQT_20230616T083239,100,,0.0,0.0,0.0,0.0,0.0,0.0,0.0,8.0,4.0,88.0,0.0,100,0,0.0,1000.0000000011642,1000.0000000004657,0.37573933601379395,100.0,,0.0,0.0,0.0,0.0,0.0,0.0,0.0,-1.2400000000000002,0.48,0.7600000000000051,0.0,0.0,0.0,1000.0
4626,palawan_outer_east_small_1000_9,S2B_MSIL2A_20230616T021539_R003_T50PQT_20230616T083239,200,,0.0,0.0,0.0,0.0,0.0,0.0,0.0,12.0,4.0,84.0,0.0,25,0,0.0,1000.0000000011642,1000.0000000004657,0.38439154624938965,100.0,,0.0,0.0,0.0,0.0,0.0,0.0,0.0,2.76,0.48,-3.239999999999995,0.0,0.0,0.0,1000.0
4633,palawan_outer_east_small_1000_9,S2B_MSIL2A_20230616T021539_R003_T50PQT_20230616T083239,500,,0.0,0.0,0.0,0.0,0.0,0.0,0.0,0.0,25.0,75.0,0.0,4,0,0.0,1000.0000000011642,1000.0000000004657,0.39424610137939453,100.0,,0.0,0.0,0.0,0.0,0.0,0.0,0.0,-9.24,21.48,-12.239999999999995,0.0,0.0,0.0,1000.0
4640,palawan_outer_east_small_1000_9,S2B_MSIL2A_20230616T021539_R003_T50PQT_20230616T083239,1000,,0.0,0.0,0.0,0.0,0.0,0.0,0.0,0.0,0.0,100.0,0.0,1,0,0.0,1000.0000000011642,1000.0000000004657,0.38321685791015625,100.0,,0.0,0.0,0.0,0.0,0.0,0.0,0.0,-9.24,-3.52,12.760000000000005,0.0,0.0,0.0,1000.0
4607,palawan_outer_east_small_1000_9,S2B_MSIL2A_20230626T021539_R003_T50PQT_20230626T074054,20,,0.0,0.0,0.0,0.0,0.0,0.0,0.0,26.84,25.4,47.76,0.0,2500,0,0.0,1000.0000000011642,1000.0000000004657,0.4208378791809082,100.0,,0.0,0.0,0.0,0.0,0.0,0.0,0.0,0.0,0.0,0.0,0.0,0.0,0.0,1000.0
4614,palawan_outer_east_small_1000_9,S2B_MSIL2A_20230626T021539_R003_T50PQT_20230626T074054,50,,0.0,0.0,0.0,0.0,0.0,0.0,0.0,27.0,27.5,45.5,0.0,400,0,0.0,1000.0000000011642,1000.0000000004657,0.37177252769470215,100.0,,0.0,0.0,0.0,0.0,0.0,0.0,0.0,0.16000000000000014,2.1000000000000014,-2.259999999999998,0.0,0.0,0.0,1000.0
4621,palawan_outer_east_small_1000_9,S2B_MSIL2A_20230626T021539_R003_T50PQT_20230626T074054,100,,0.0,0.0,0.0,0.0,0.0,0.0,0.0,26.0,30.0,44.0,0.0,100,0,0.0,1000.0000000011642,1000.0000000004657,0.37573933601379395,100.0,,0.0,0.0,0.0,0.0,0.0,0.0,0.0,-0.8399999999999999,4.600000000000001,-3.759999999999998,0.0,0.0,0.0,1000.0
4628,palawan_outer_east_small_1000_9,S2B_MSIL2A_20230626T021539_R003_T50PQT_20230626T074054,200,,0.0,0.0,0.0,0.0,0.0,0.0,0.0,16.0,44.0,40.0,0.0,25,0,0.0,1000.0000000011642,1000.0000000004657,0.38439154624938965,100.0,,0.0,0.0,0.0,0.0,0.0,0.0,0.0,-10.84,18.6,-7.759999999999998,0.0,0.0,0.0,1000.0
4635,palawan_outer_east_small_1000_9,S2B_MSIL2A_20230626T021539_R003_T50PQT_20230626T074054,500,,0.0,0.0,0.0,0.0,0.0,0.0,0.0,25.0,50.0,25.0,0.0,4,0,0.0,1000.0000000011642,1000.0000000004657,0.39424610137939453,100.0,,0.0,0.0,0.0,0.0,0.0,0.0,0.0,-1.8399999999999999,24.6,-22.759999999999998,0.0,0.0,0.0,1000.0
4642,palawan_outer_east_small_1000_9,S2B_MSIL2A_20230626T021539_R003_T50PQT_20230626T074054,1000,,0.0,0.0,0.0,0.0,0.0,0.0,0.0,0.0,100.0,0.0,0.0,1,0,0.0,1000.0000000011642,1000.0000000004657,0.38321685791015625,100.0,,0.0,0.0,0.0,0.0,0.0,0.0,0.0,-26.84,74.6,-47.76,0.0,0.0,0.0,1000.0
5988,palawan_outer_east_small_2000_0,S2A_MSIL2A_20230601T021611_R003_T50PQT_20230601T103139,20,,0.0,0.0,0.0,0.0,0.0,0.0,0.0,100.0,0.0,0.0,0.0,10000,0,0.0,2000.0000000006985,2000.0,0.3977658748626709,100.0,,0.0,0.0,0.0,0.0,0.0,0.0,0.0,0.0,0.0,0.0,0.0,0.0,0.0,2000.0
5995,palawan_outer_east_small_2000_0,S2A_MSIL2A_20230601T021611_R003_T50PQT_20230601T103139,50,,0.0,0.0,0.0,0.0,0.0,0.0,0.0,100.0,0.0,0.0,0.0,1600,0,0.0,2000.0000000006985,2000.0,0.4896221160888672,100.0,,0.0,0.0,0.0,0.0,0.0,0.0,0.0,0.0,0.0,0.0,0.0,0.0,0.0,2000.0
6002,palawan_outer_east_small_2000_0,S2A_MSIL2A_20230601T021611_R003_T50PQT_20230601T103139,100,,0.0,0.0,0.0,0.0,0.0,0.0,0.0,100.0,0.0,0.0,0.0,400,0,0.0,2000.0000000006985,2000.0,0.4072098731994629,100.0,,0.0,0.0,0.0,0.0,0.0,0.0,0.0,0.0,0.0,0.0,0.0,0.0,0.0,2000.0
6009,palawan_outer_east_small_2000_0,S2A_MSIL2A_20230601T021611_R003_T50PQT_20230601T103139,200,,0.0,0.0,0.0,0.0,0.0,0.0,0.0,100.0,0.0,0.0,0.0,100,0,0.0,2000.0000000006985,2000.0,0.3879854679107666,100.0,,0.0,0.0,0.0,0.0,0.0,0.0,0.0,0.0,0.0,0.0,0.0,0.0,0.0,2000.0
6016,palawan_outer_east_small_2000_0,S2A_MSIL2A_20230601T021611_R003_T50PQT_20230601T103139,500,,0.0,0.0,0.0,0.0,0.0,0.0,0.0,100.0,0.0,0.0,0.0,16,0,0.0,2000.0000000006985,2000.0,0.3700873851776123,100.0,,0.0,0.0,0.0,0.0,0.0,0.0,0.0,0.0,0.0,0.0,0.0,0.0,0.0,2000.0
6023,palawan_outer_east_small_2000_0,S2A_MSIL2A_20230601T021611_R003_T50PQT_20230601T103139,1000,,0.0,0.0,0.0,0.0,0.0,0.0,0.0,100.0,0.0,0.0,0.0,4,0,0.0,2000.0000000006985,2000.0,0.4016258716583252,100.0,,0.0,0.0,0.0,0.0,0.0,0.0,0.0,0.0,0.0,0.0,0.0,0.0,0.0,2000.0
5990,palawan_outer_east_small_2000_0,S2A_MSIL2A_20230611T021541_R003_T50PQT_20230611T092421,20,,0.0,0.0,0.0,0.0,0.0,0.0,0.0,96.0,0.0,4.0,0.0,10000,0,0.0,2000.0000000006985,2000.0,0.3977658748626709,100.0,,0.0,0.0,0.0,0.0,0.0,0.0,0.0,0.0,0.0,0.0,0.0,0.0,0.0,2000.0
5997,palawan_outer_east_small_2000_0,S2A_MSIL2A_20230611T021541_R003_T50PQT_20230611T092421,50,,0.0,0.0,0.0,0.0,0.0,0.0,0.0,95.6875,0.0,4.3125,0.0,1600,0,0.0,2000.0000000006985,2000.0,0.4896221160888672,100.0,,0.0,0.0,0.0,0.0,0.0,0.0,0.0,-0.3125,0.0,0.3125,0.0,0.0,0.0,2000.0
6004,palawan_outer_east_small_2000_0,S2A_MSIL2A_20230611T021541_R003_T50PQT_20230611T092421,100,,0.0,0.0,0.0,0.0,0.0,0.0,0.0,95.0,0.0,5.0,0.0,400,0,0.0,2000.0000000006985,2000.0,0.4072098731994629,100.0,,0.0,0.0,0.0,0.0,0.0,0.0,0.0,-1.0,0.0,1.0,0.0,0.0,0.0,2000.0
6011,palawan_outer_east_small_2000_0,S2A_MSIL2A_20230611T021541_R003_T50PQT_20230611T092421,200,,0.0,0.0,0.0,0.0,0.0,0.0,0.0,94.0,0.0,6.0,0.0,100,0,0.0,2000.0000000006985,2000.0,0.3879854679107666,100.0,,0.0,0.0,0.0,0.0,0.0,0.0,0.0,-2.0,0.0,2.0,0.0,0.0,0.0,2000.0
6018,palawan_outer_east_small_2000_0,S2A_MSIL2A_20230611T021541_R003_T50PQT_20230611T092421,500,,0.0,0.0,0.0,0.0,0.0,0.0,0.0,87.5,0.0,12.5,0.0,16,0,0.0,2000.0000000006985,2000.0,0.3700873851776123,100.0,,0.0,0.0,0.0,0.0,0.0,0.0,0.0,-8.5,0.0,8.5,0.0,0.0,0.0,2000.0
6025,palawan_outer_east_small_2000_0,S2A_MSIL2A_20230611T021541_R003_T50PQT_20230611T092421,1000,,0.0,0.0,0.0,0.0,0.0,0.0,0.0,100.0,0.0,0.0,0.0,4,0,0.0,2000.0000000006985,2000.0,0.4016258716583252,100.0,,0.0,0.0,0.0,0.0,0.0,0.0,0.0,4.0,0.0,-4.0,0.0,0.0,0.0,2000.0
5992,palawan_outer_east_small_2000_0,S2A_MSIL2A_20230621T021541_R003_T50PQT_20230621T085836,20,,0.0,0.0,4.73,0.0,0.0,13.85,0.0,12.08,13.03,56.31,0.0,10000,0,0.0,2000.0000000006985,2000.0,0.3977658748626709,81.42,,0.0,0.0,0.0,0.0,0.0,0.0,0.0,0.0,0.0,0.0,0.0,0.0,0.0,2000.0
5999,palawan_outer_east_small_2000_0,S2A_MSIL2A_20230621T021541_R003_T50PQT_20230621T085836,50,,0.0,0.0,4.75,0.0,0.0,13.5625,0.0,12.6875,13.125,55.875,0.0,1600,0,0.0,2000.0000000006985,2000.0,0.4896221160888672,81.6875,,0.0,0.0,0.019999999999999574,0.0,0.0,-0.28749999999999964,0.0,0.6074999999999999,0.09500000000000064,-0.4350000000000023,0.0,0.2674999999999983,0.28749999999999964,2000.0
6006,palawan_outer_east_small_2000_0,S2A_MSIL2A_20230621T021541_R003_T50PQT_20230621T085836,100,,0.0,0.0,4.75,0.0,0.0,12.5,0.0,12.75,11.75,58.25,0.0,400,0,0.0,2000.0000000006985,2000.0,0.4072098731994629,82.75,,0.0,0.0,0.019999999999999574,0.0,0.0,-1.3499999999999996,0.0,0.6699999999999999,-1.2799999999999994,1.9399999999999977,0.0,1.3299999999999983,1.3499999999999996,2000.0
6013,palawan_outer_east_small_2000_0,S2A_MSIL2A_20230621T021541_R003_T50PQT_20230621T085836,200,,0.0,0.0,4.0,0.0,0.0,12.0,0.0,17.0,12.0,55.0,0.0,100,0,0.0,2000.0000000006985,2000.0,0.3879854679107666,84.0,,0.0,0.0,-0.7300000000000004,0.0,0.0,-1.8499999999999996,0.0,4.92,-1.0299999999999994,-1.3100000000000023,0.0,2.5799999999999983,2.5799999999999983,2000.0
6020,palawan_outer_east_small_2000_0,S2A_MSIL2A_20230621T021541_R003_T50PQT_20230621T085836,500,,0.0,0.0,0.0,0.0,0.0,12.5,0.0,31.25,6.25,50.0,0.0,16,0,0.0,2000.0000000006985,2000.0,0.3700873851776123,87.5,,0.0,0.0,-4.73,0.0,0.0,-1.3499999999999996,0.0,19.17,-6.779999999999999,-6.310000000000002,0.0,6.079999999999998,6.079999999999998,2000.0
6027,palawan_outer_east_small_2000_0,S2A_MSIL2A_20230621T021541_R003_T50PQT_20230621T085836,1000,,0.0,0.0,0.0,0.0,0.0,25.0,0.0,0.0,0.0,75.0,0.0,4,0,0.0,2000.0000000006985,2000.0,0.4016258716583252,75.0,,0.0,0.0,-4.73,0.0,0.0,11.15,0.0,-12.08,-13.03,18.689999999999998,0.0,-6.420000000000002,11.15,2000.0
5994,palawan_outer_east_small_2000_0,S2A_MSIL2A_20230701T021541_R003_T50PQT_20230701T082624,20,,0.0,0.19,3.35,20.05,0.01,65.14,0.0,0.0,0.0,11.26,0.0,10000,0,0.0,2000.0000000006985,2000.0,0.3977658748626709,11.26,,0.0,0.0,0.0,0.0,0.0,0.0,0.0,0.0,0.0,0.0,0.0,0.0,0.0,2000.0
6001,palawan_outer_east_small_2000_0,S2A_MSIL2A_20230701T021541_R003_T50PQT_20230701T082624,50,,0.0,0.25,3.375,19.8125,0.0625,64.5625,0.0,0.0,0.0,11.9375,0.0,1600,0,0.0,2000.0000000006985,2000.0,0.4896221160888672,11.9375,,0.0,0.06,0.02499999999999991,-0.2375000000000007,0.0525,-0.5775000000000006,0.0,0.0,0.0,0.6775000000000002,0.0,0.6775000000000002,0.6775000000000002,2000.0
6008,palawan_outer_east_small_2000_0,S2A_MSIL2A_20230701T021541_R003_T50PQT_20230701T082624,100,,0.0,0.25,3.5,19.5,0.0,65.5,0.0,0.0,0.0,11.25,0.0,400,0,0.0,2000.0000000006985,2000.0,0.4072098731994629,11.25,,0.0,0.06,0.1499999999999999,-0.5500000000000007,-0.01,0.35999999999999943,0.0,0.0,0.0,-0.009999999999999787,0.0,-0.009999999999999787,0.5500000000000007,2000.0
6015,palawan_outer_east_small_2000_0,S2A_MSIL2A_20230701T021541_R003_T50PQT_20230701T082624,200,,0.0,0.0,4.0,21.0,0.0,60.0,0.0,0.0,0.0,15.0,0.0,100,0,0.0,2000.0000000006985,2000.0,0.3879854679107666,15.0,,0.0,-0.19,0.6499999999999999,0.9499999999999993,-0.01,-5.140000000000001,0.0,0.0,0.0,3.74,0.0,3.74,5.140000000000001,2000.0
6022,palawan_outer_east_small_2000_0,S2A_MSIL2A_20230701T021541_R003_T50PQT_20230701T082624,500,,0.0,0.0,0.0,6.25,0.0,62.5,0.0,0.0,0.0,31.25,0.0,16,0,0.0,2000.0000000006985,2000.0,0.3700873851776123,31.25,,0.0,-0.19,-3.35,-13.8,-0.01,-2.6400000000000006,0.0,0.0,0.0,19.990000000000002,0.0,19.990000000000002,19.990000000000002,2000.0
6029,palawan_outer_east_small_2000_0,S2A_MSIL2A_20230701T021541_R003_T50PQT_20230701T082624,1000,,0.0,0.0,0.0,0.0,0.0,50.0,0.0,0.0,0.0,50.0,0.0,4,0,0.0,2000.0000000006985,2000.0,0.4016258716583252,50.0,,0.0,-0.19,-3.35,-20.05,-0.01,-15.14,0.0,0.0,0.0,38.74,0.0,38.74,38.74,2000.0
5989,palawan_outer_east_small_2000_0,S2B_MSIL2A_20230606T021539_R003_T50PQT_20230606T073506,20,,0.0,0.45,0.0,34.3,0.08,65.11,0.06,0.0,0.0,0.0,0.0,10000,0,0.0,2000.0000000006985,2000.0,0.3977658748626709,0.0,,0.0,0.0,0.0,0.0,0.0,0.0,0.0,0.0,0.0,0.0,0.0,0.0,0.0,2000.0
5996,palawan_outer_east_small_2000_0,S2B_MSIL2A_20230606T021539_R003_T50PQT_20230606T073506,50,,0.0,0.4375,0.0,34.8125,0.125,64.5625,0.0625,0.0,0.0,0.0,0.0,1600,0,0.0,2000.0000000006985,2000.0,0.4896221160888672,0.0,,0.0,-0.012500000000000011,0.0,0.5125000000000028,0.045,-0.5474999999999994,0.0025000000000000022,0.0,0.0,0.0,0.0,0.0,0.5474999999999994,2000.0
6003,palawan_outer_east_small_2000_0,S2B_MSIL2A_20230606T021539_R003_T50PQT_20230606T073506,100,,0.0,0.5,0.0,33.5,0.25,65.5,0.25,0.0,0.0,0.0,0.0,400,0,0.0,2000.0000000006985,2000.0,0.4072098731994629,0.0,,0.0,0.04999999999999999,0.0,-0.7999999999999972,0.16999999999999998,0.39000000000000057,0.19,0.0,0.0,0.0,0.0,0.0,0.7999999999999972,2000.0
6010,palawan_outer_east_small_2000_0,S2B_MSIL2A_20230606T021539_R003_T50PQT_20230606T073506,200,,0.0,1.0,0.0,38.0,1.0,60.0,0.0,0.0,0.0,0.0,0.0,100,0,0.0,2000.0000000006985,2000.0,0.3879854679107666,0.0,,0.0,0.55,0.0,3.700000000000003,0.92,-5.109999999999999,-0.06,0.0,0.0,0.0,0.0,0.0,5.109999999999999,2000.0
6017,palawan_outer_east_small_2000_0,S2B_MSIL2A_20230606T021539_R003_T50PQT_20230606T073506,500,,0.0,0.0,0.0,37.5,0.0,62.5,0.0,0.0,0.0,0.0,0.0,16,0,0.0,2000.0000000006985,2000.0,0.3700873851776123,0.0,,0.0,-0.45,0.0,3.200000000000003,-0.08,-2.6099999999999994,-0.06,0.0,0.0,0.0,0.0,0.0,3.200000000000003,2000.0
6024,palawan_outer_east_small_2000_0,S2B_MSIL2A_20230606T021539_R003_T50PQT_20230606T073506,1000,,0.0,0.0,0.0,50.0,0.0,50.0,0.0,0.0,0.0,0.0,0.0,4,0,0.0,2000.0000000006985,2000.0,0.4016258716583252,0.0,,0.0,-0.45,0.0,15.700000000000003,-0.08,-15.11,-0.06,0.0,0.0,0.0,0.0,0.0,15.700000000000003,2000.0
5991,palawan_outer_east_small_2000_0,S2B_MSIL2A_20230616T021539_R003_T50PQT_20230616T083239,20,,0.0,0.0,0.0,0.0,0.0,0.0,0.0,0.1,0.0,99.9,0.0,10000,0,0.0,2000.0000000006985,2000.0,0.3977658748626709,100.0,,0.0,0.0,0.0,0.0,0.0,0.0,0.0,0.0,0.0,0.0,0.0,0.0,0.0,2000.0
5998,palawan_outer_east_small_2000_0,S2B_MSIL2A_20230616T021539_R003_T50PQT_20230616T083239,50,,0.0,0.0,0.0,0.0,0.0,0.0,0.0,0.125,0.0,99.875,0.0,1600,0,0.0,2000.0000000006985,2000.0,0.4896221160888672,100.0,,0.0,0.0,0.0,0.0,0.0,0.0,0.0,0.024999999999999994,0.0,-0.025000000000005684,0.0,0.0,0.0,2000.0
6005,palawan_outer_east_small_2000_0,S2B_MSIL2A_20230616T021539_R003_T50PQT_20230616T083239,100,,0.0,0.0,0.0,0.0,0.0,0.0,0.0,0.0,0.0,100.0,0.0,400,0,0.0,2000.0000000006985,2000.0,0.4072098731994629,100.0,,0.0,0.0,0.0,0.0,0.0,0.0,0.0,-0.1,0.0,0.09999999999999432,0.0,0.0,0.0,2000.0
6012,palawan_outer_east_small_2000_0,S2B_MSIL2A_20230616T021539_R003_T50PQT_20230616T083239,200,,0.0,0.0,0.0,0.0,0.0,0.0,0.0,0.0,0.0,100.0,0.0,100,0,0.0,2000.0000000006985,2000.0,0.3879854679107666,100.0,,0.0,0.0,0.0,0.0,0.0,0.0,0.0,-0.1,0.0,0.09999999999999432,0.0,0.0,0.0,2000.0
6019,palawan_outer_east_small_2000_0,S2B_MSIL2A_20230616T021539_R003_T50PQT_20230616T083239,500,,0.0,0.0,0.0,0.0,0.0,0.0,0.0,0.0,0.0,100.0,0.0,16,0,0.0,2000.0000000006985,2000.0,0.3700873851776123,100.0,,0.0,0.0,0.0,0.0,0.0,0.0,0.0,-0.1,0.0,0.09999999999999432,0.0,0.0,0.0,2000.0
6026,palawan_outer_east_small_2000_0,S2B_MSIL2A_20230616T021539_R003_T50PQT_20230616T083239,1000,,0.0,0.0,0.0,0.0,0.0,0.0,0.0,0.0,0.0,100.0,0.0,4,0,0.0,2000.0000000006985,2000.0,0.4016258716583252,100.0,,0.0,0.0,0.0,0.0,0.0,0.0,0.0,-0.1,0.0,0.09999999999999432,0.0,0.0,0.0,2000.0
5993,palawan_outer_east_small_2000_0,S2B_MSIL2A_20230626T021539_R003_T50PQT_20230626T074054,20,,0.0,0.0,0.0,0.0,0.0,0.0,0.0,56.99,4.74,38.27,0.0,10000,0,0.0,2000.0000000006985,2000.0,0.3977658748626709,100.0,,0.0,0.0,0.0,0.0,0.0,0.0,0.0,0.0,0.0,0.0,0.0,0.0,0.0,2000.0
6000,palawan_outer_east_small_2000_0,S2B_MSIL2A_20230626T021539_R003_T50PQT_20230626T074054,50,,0.0,0.0,0.0,0.0,0.0,0.0,0.0,56.0625,5.0,38.9375,0.0,1600,0,0.0,2000.0000000006985,2000.0,0.4896221160888672,100.0,,0.0,0.0,0.0,0.0,0.0,0.0,0.0,-0.927500000000002,0.2599999999999998,0.6674999999999969,0.0,0.0,0.0,2000.0
6007,palawan_outer_east_small_2000_0,S2B_MSIL2A_20230626T021539_R003_T50PQT_20230626T074054,100,,0.0,0.0,0.0,0.0,0.0,0.0,0.0,53.75,4.25,42.0,0.0,400,0,0.0,2000.0000000006985,2000.0,0.4072098731994629,100.0,,0.0,0.0,0.0,0.0,0.0,0.0,0.0,-3.240000000000002,-0.4900000000000002,3.729999999999997,0.0,0.0,0.0,2000.0
6014,palawan_outer_east_small_2000_0,S2B_MSIL2A_20230626T021539_R003_T50PQT_20230626T074054,200,,0.0,0.0,0.0,0.0,0.0,0.0,0.0,50.0,5.0,45.0,0.0,100,0,0.0,2000.0000000006985,2000.0,0.3879854679107666,100.0,,0.0,0.0,0.0,0.0,0.0,0.0,0.0,-6.990000000000002,0.2599999999999998,6.729999999999997,0.0,0.0,0.0,2000.0
6021,palawan_outer_east_small_2000_0,S2B_MSIL2A_20230626T021539_R003_T50PQT_20230626T074054,500,,0.0,0.0,0.0,0.0,0.0,0.0,0.0,50.0,6.25,43.75,0.0,16,0,0.0,2000.0000000006985,2000.0,0.3700873851776123,100.0,,0.0,0.0,0.0,0.0,0.0,0.0,0.0,-6.990000000000002,1.5099999999999998,5.479999999999997,0.0,0.0,0.0,2000.0
6028,palawan_outer_east_small_2000_0,S2B_MSIL2A_20230626T021539_R003_T50PQT_20230626T074054,1000,,0.0,0.0,0.0,0.0,0.0,0.0,0.0,75.0,0.0,25.0,0.0,4,0,0.0,2000.0000000006985,2000.0,0.4016258716583252,100.0,,0.0,0.0,0.0,0.0,0.0,0.0,0.0,18.009999999999998,-4.74,-13.270000000000003,0.0,0.0,0.0,2000.0
6030,palawan_outer_east_small_2000_1,S2A_MSIL2A_20230601T021611_R003_T50PQT_20230601T103139,20,,0.0,0.0,0.0,0.0,0.0,0.0,0.0,100.0,0.0,0.0,0.0,10000,0,0.0,2000.0000000001164,2000.0,0.39571452140808105,100.0,,0.0,0.0,0.0,0.0,0.0,0.0,0.0,0.0,0.0,0.0,0.0,0.0,0.0,2000.0
6037,palawan_outer_east_small_2000_1,S2A_MSIL2A_20230601T021611_R003_T50PQT_20230601T103139,50,,0.0,0.0,0.0,0.0,0.0,0.0,0.0,100.0,0.0,0.0,0.0,1600,0,0.0,2000.0000000001164,2000.0,0.37983131408691406,100.0,,0.0,0.0,0.0,0.0,0.0,0.0,0.0,0.0,0.0,0.0,0.0,0.0,0.0,2000.0
6044,palawan_outer_east_small_2000_1,S2A_MSIL2A_20230601T021611_R003_T50PQT_20230601T103139,100,,0.0,0.0,0.0,0.0,0.0,0.0,0.0,100.0,0.0,0.0,0.0,400,0,0.0,2000.0000000001164,2000.0,0.40863871574401855,100.0,,0.0,0.0,0.0,0.0,0.0,0.0,0.0,0.0,0.0,0.0,0.0,0.0,0.0,2000.0
6051,palawan_outer_east_small_2000_1,S2A_MSIL2A_20230601T021611_R003_T50PQT_20230601T103139,200,,0.0,0.0,0.0,0.0,0.0,0.0,0.0,100.0,0.0,0.0,0.0,100,0,0.0,2000.0000000001164,2000.0,0.38248109817504883,100.0,,0.0,0.0,0.0,0.0,0.0,0.0,0.0,0.0,0.0,0.0,0.0,0.0,0.0,2000.0
6058,palawan_outer_east_small_2000_1,S2A_MSIL2A_20230601T021611_R003_T50PQT_20230601T103139,500,,0.0,0.0,0.0,0.0,0.0,0.0,0.0,100.0,0.0,0.0,0.0,16,0,0.0,2000.0000000001164,2000.0,0.4478933811187744,100.0,,0.0,0.0,0.0,0.0,0.0,0.0,0.0,0.0,0.0,0.0,0.0,0.0,0.0,2000.0
6065,palawan_outer_east_small_2000_1,S2A_MSIL2A_20230601T021611_R003_T50PQT_20230601T103139,1000,,0.0,0.0,0.0,0.0,0.0,0.0,0.0,100.0,0.0,0.0,0.0,4,0,0.0,2000.0000000001164,2000.0,0.37364745140075684,100.0,,0.0,0.0,0.0,0.0,0.0,0.0,0.0,0.0,0.0,0.0,0.0,0.0,0.0,2000.0
6032,palawan_outer_east_small_2000_1,S2A_MSIL2A_20230611T021541_R003_T50PQT_20230611T092421,20,,0.0,0.0,0.0,0.0,0.0,0.0,0.0,100.0,0.0,0.0,0.0,10000,0,0.0,2000.0000000001164,2000.0,0.39571452140808105,100.0,,0.0,0.0,0.0,0.0,0.0,0.0,0.0,0.0,0.0,0.0,0.0,0.0,0.0,2000.0
6039,palawan_outer_east_small_2000_1,S2A_MSIL2A_20230611T021541_R003_T50PQT_20230611T092421,50,,0.0,0.0,0.0,0.0,0.0,0.0,0.0,100.0,0.0,0.0,0.0,1600,0,0.0,2000.0000000001164,2000.0,0.37983131408691406,100.0,,0.0,0.0,0.0,0.0,0.0,0.0,0.0,0.0,0.0,0.0,0.0,0.0,0.0,2000.0
6046,palawan_outer_east_small_2000_1,S2A_MSIL2A_20230611T021541_R003_T50PQT_20230611T092421,100,,0.0,0.0,0.0,0.0,0.0,0.0,0.0,100.0,0.0,0.0,0.0,400,0,0.0,2000.0000000001164,2000.0,0.40863871574401855,100.0,,0.0,0.0,0.0,0.0,0.0,0.0,0.0,0.0,0.0,0.0,0.0,0.0,0.0,2000.0
6053,palawan_outer_east_small_2000_1,S2A_MSIL2A_20230611T021541_R003_T50PQT_20230611T092421,200,,0.0,0.0,0.0,0.0,0.0,0.0,0.0,100.0,0.0,0.0,0.0,100,0,0.0,2000.0000000001164,2000.0,0.38248109817504883,100.0,,0.0,0.0,0.0,0.0,0.0,0.0,0.0,0.0,0.0,0.0,0.0,0.0,0.0,2000.0
6060,palawan_outer_east_small_2000_1,S2A_MSIL2A_20230611T021541_R003_T50PQT_20230611T092421,500,,0.0,0.0,0.0,0.0,0.0,0.0,0.0,100.0,0.0,0.0,0.0,16,0,0.0,2000.0000000001164,2000.0,0.4478933811187744,100.0,,0.0,0.0,0.0,0.0,0.0,0.0,0.0,0.0,0.0,0.0,0.0,0.0,0.0,2000.0
6067,palawan_outer_east_small_2000_1,S2A_MSIL2A_20230611T021541_R003_T50PQT_20230611T092421,1000,,0.0,0.0,0.0,0.0,0.0,0.0,0.0,100.0,0.0,0.0,0.0,4,0,0.0,2000.0000000001164,2000.0,0.37364745140075684,100.0,,0.0,0.0,0.0,0.0,0.0,0.0,0.0,0.0,0.0,0.0,0.0,0.0,0.0,2000.0
6034,palawan_outer_east_small_2000_1,S2A_MSIL2A_20230621T021541_R003_T50PQT_20230621T085836,20,,0.0,0.21,10.55,19.93,0.85,44.0,0.64,8.47,10.99,4.36,0.0,10000,0,0.0,2000.0000000001164,2000.0,0.39571452140808105,23.82,,0.0,0.0,0.0,0.0,0.0,0.0,0.0,0.0,0.0,0.0,0.0,0.0,0.0,2000.0
6041,palawan_outer_east_small_2000_1,S2A_MSIL2A_20230621T021541_R003_T50PQT_20230621T085836,50,,0.0,0.1875,10.0625,20.0625,0.875,43.875,0.9375,8.1875,11.4375,4.375,0.0,1600,0,0.0,2000.0000000001164,2000.0,0.37983131408691406,24.0,,0.0,-0.022499999999999992,-0.4875000000000007,0.13250000000000028,0.025000000000000022,-0.125,0.2975,-0.28250000000000064,0.4474999999999998,0.01499999999999968,0.0,0.17999999999999972,0.4875000000000007,2000.0
6048,palawan_outer_east_small_2000_1,S2A_MSIL2A_20230621T021541_R003_T50PQT_20230621T085836,100,,0.0,0.5,9.25,19.5,1.25,42.25,0.5,8.5,12.75,5.5,0.0,400,0,0.0,2000.0000000001164,2000.0,0.40863871574401855,26.75,,0.0,0.29000000000000004,-1.3000000000000007,-0.4299999999999997,0.4,-1.75,-0.14,0.02999999999999936,1.7599999999999998,1.1399999999999997,0.0,2.9299999999999997,2.9299999999999997,2000.0
6055,palawan_outer_east_small_2000_1,S2A_MSIL2A_20230621T021541_R003_T50PQT_20230621T085836,200,,0.0,0.0,8.0,22.0,2.0,42.0,0.0,6.0,15.0,5.0,0.0,100,0,0.0,2000.0000000001164,2000.0,0.38248109817504883,26.0,,0.0,-0.21,-2.5500000000000007,2.0700000000000003,1.15,-2.0,-0.64,-2.4700000000000006,4.01,0.6399999999999997,0.0,2.1799999999999997,2.5500000000000007,2000.0
6062,palawan_outer_east_small_2000_1,S2A_MSIL2A_20230621T021541_R003_T50PQT_20230621T085836,500,,0.0,0.0,6.25,12.5,0.0,56.25,0.0,6.25,18.75,0.0,0.0,16,0,0.0,2000.0000000001164,2000.0,0.4478933811187744,25.0,,0.0,-0.21,-4.300000000000001,-7.43,-0.85,12.25,-0.64,-2.2200000000000006,7.76,-4.36,0.0,1.1799999999999997,12.25,2000.0
6069,palawan_outer_east_small_2000_1,S2A_MSIL2A_20230621T021541_R003_T50PQT_20230621T085836,1000,,0.0,0.0,0.0,0.0,0.0,50.0,0.0,0.0,25.0,25.0,0.0,4,0,0.0,2000.0000000001164,2000.0,0.37364745140075684,50.0,,0.0,-0.21,-10.55,-19.93,-0.85,6.0,-0.64,-8.47,14.01,20.64,0.0,26.18,26.18,2000.0
6036,palawan_outer_east_small_2000_1,S2A_MSIL2A_20230701T021541_R003_T50PQT_20230701T082624,20,,0.0,0.0,9.03,9.97,0.08,18.76,0.39,15.01,7.07,39.69,0.0,10000,0,0.0,2000.0000000001164,2000.0,0.39571452140808105,61.769999999999996,,0.0,0.0,0.0,0.0,0.0,0.0,0.0,0.0,0.0,0.0,0.0,0.0,0.0,2000.0
6043,palawan_outer_east_small_2000_1,S2A_MSIL2A_20230701T021541_R003_T50PQT_20230701T082624,50,,0.0,0.0,9.0625,9.25,0.0625,18.375,0.375,15.375,6.8125,40.6875,0.0,1600,0,0.0,2000.0000000001164,2000.0,0.37983131408691406,62.875,,0.0,0.0,0.03250000000000064,-0.7200000000000006,-0.0175,-0.38500000000000156,-0.015000000000000013,0.3650000000000002,-0.2575000000000003,0.9975000000000023,0.0,1.105000000000004,1.105000000000004,2000.0
6050,palawan_outer_east_small_2000_1,S2A_MSIL2A_20230701T021541_R003_T50PQT_20230701T082624,100,,0.0,0.0,9.25,9.5,0.0,20.5,0.0,14.5,6.5,39.75,0.0,400,0,0.0,2000.0000000001164,2000.0,0.40863871574401855,60.75,,0.0,0.0,0.22000000000000064,-0.47000000000000064,-0.08,1.7399999999999984,-0.39,-0.5099999999999998,-0.5700000000000003,0.060000000000002274,0.0,-1.019999999999996,1.7399999999999984,2000.0
6057,palawan_outer_east_small_2000_1,S2A_MSIL2A_20230701T021541_R003_T50PQT_20230701T082624,200,,0.0,0.0,9.0,7.0,0.0,20.0,2.0,16.0,5.0,41.0,0.0,100,0,0.0,2000.0000000001164,2000.0,0.38248109817504883,62.0,,0.0,0.0,-0.02999999999999936,-2.9700000000000006,-0.08,1.2399999999999984,1.6099999999999999,0.9900000000000002,-2.0700000000000003,1.3100000000000023,0.0,0.23000000000000398,2.9700000000000006,2000.0
6064,palawan_outer_east_small_2000_1,S2A_MSIL2A_20230701T021541_R003_T50PQT_20230701T082624,500,,0.0,0.0,6.25,0.0,0.0,25.0,0.0,25.0,6.25,37.5,0.0,16,0,0.0,2000.0000000001164,2000.0,0.4478933811187744,68.75,,0.0,0.0,-2.7799999999999994,-9.97,-0.08,6.239999999999998,-0.39,9.99,-0.8200000000000003,-2.1899999999999977,0.0,6.980000000000004,9.97,2000.0
6071,palawan_outer_east_small_2000_1,S2A_MSIL2A_20230701T021541_R003_T50PQT_20230701T082624,1000,,0.0,0.0,0.0,0.0,0.0,25.0,0.0,25.0,0.0,50.0,0.0,4,0,0.0,2000.0000000001164,2000.0,0.37364745140075684,75.0,,0.0,0.0,-9.03,-9.97,-0.08,6.239999999999998,-0.39,9.99,-7.07,10.310000000000002,0.0,13.230000000000004,13.230000000000004,2000.0
6031,palawan_outer_east_small_2000_1,S2B_MSIL2A_20230606T021539_R003_T50PQT_20230606T073506,20,,0.0,0.34,4.42,44.85,0.93,48.79,0.67,0.0,0.0,0.0,0.0,10000,0,0.0,2000.0000000001164,2000.0,0.39571452140808105,0.0,,0.0,0.0,0.0,0.0,0.0,0.0,0.0,0.0,0.0,0.0,0.0,0.0,0.0,2000.0
6038,palawan_outer_east_small_2000_1,S2B_MSIL2A_20230606T021539_R003_T50PQT_20230606T073506,50,,0.0,0.375,4.375,44.9375,1.0,48.4375,0.875,0.0,0.0,0.0,0.0,1600,0,0.0,2000.0000000001164,2000.0,0.37983131408691406,0.0,,0.0,0.034999999999999976,-0.04499999999999993,0.08749999999999858,0.06999999999999995,-0.35249999999999915,0.20499999999999996,0.0,0.0,0.0,0.0,0.0,0.35249999999999915,2000.0
6045,palawan_outer_east_small_2000_1,S2B_MSIL2A_20230606T021539_R003_T50PQT_20230606T073506,100,,0.0,0.5,4.5,44.5,1.75,48.25,0.5,0.0,0.0,0.0,0.0,400,0,0.0,2000.0000000001164,2000.0,0.40863871574401855,0.0,,0.0,0.15999999999999998,0.08000000000000007,-0.3500000000000014,0.82,-0.5399999999999991,-0.17000000000000004,0.0,0.0,0.0,0.0,0.0,0.82,2000.0
6052,palawan_outer_east_small_2000_1,S2B_MSIL2A_20230606T021539_R003_T50PQT_20230606T073506,200,,0.0,0.0,4.0,47.0,1.0,48.0,0.0,0.0,0.0,0.0,0.0,100,0,0.0,2000.0000000001164,2000.0,0.38248109817504883,0.0,,0.0,-0.34,-0.41999999999999993,2.1499999999999986,0.06999999999999995,-0.7899999999999991,-0.67,0.0,0.0,0.0,0.0,0.0,2.1499999999999986,2000.0
6059,palawan_outer_east_small_2000_1,S2B_MSIL2A_20230606T021539_R003_T50PQT_20230606T073506,500,,0.0,0.0,0.0,43.75,0.0,56.25,0.0,0.0,0.0,0.0,0.0,16,0,0.0,2000.0000000001164,2000.0,0.4478933811187744,0.0,,0.0,-0.34,-4.42,-1.1000000000000014,-0.93,7.460000000000001,-0.67,0.0,0.0,0.0,0.0,0.0,7.460000000000001,2000.0
6066,palawan_outer_east_small_2000_1,S2B_MSIL2A_20230606T021539_R003_T50PQT_20230606T073506,1000,,0.0,0.0,0.0,25.0,0.0,75.0,0.0,0.0,0.0,0.0,0.0,4,0,0.0,2000.0000000001164,2000.0,0.37364745140075684,0.0,,0.0,-0.34,-4.42,-19.85,-0.93,26.21,-0.67,0.0,0.0,0.0,0.0,0.0,26.21,2000.0
6033,palawan_outer_east_small_2000_1,S2B_MSIL2A_20230616T021539_R003_T50PQT_20230616T083239,20,,0.0,0.0,0.0,0.0,0.0,0.0,0.0,11.52,16.45,72.03,0.0,10000,0,0.0,2000.0000000001164,2000.0,0.39571452140808105,100.0,,0.0,0.0,0.0,0.0,0.0,0.0,0.0,0.0,0.0,0.0,0.0,0.0,0.0,2000.0
6040,palawan_outer_east_small_2000_1,S2B_MSIL2A_20230616T021539_R003_T50PQT_20230616T083239,50,,0.0,0.0,0.0,0.0,0.0,0.0,0.0,11.5,16.75,71.75,0.0,1600,0,0.0,2000.0000000001164,2000.0,0.37983131408691406,100.0,,0.0,0.0,0.0,0.0,0.0,0.0,0.0,-0.019999999999999574,0.3000000000000007,-0.28000000000000114,0.0,0.0,0.0,2000.0
6047,palawan_outer_east_small_2000_1,S2B_MSIL2A_20230616T021539_R003_T50PQT_20230616T083239,100,,0.0,0.0,0.0,0.0,0.0,0.0,0.0,11.5,16.5,72.0,0.0,400,0,0.0,2000.0000000001164,2000.0,0.40863871574401855,100.0,,0.0,0.0,0.0,0.0,0.0,0.0,0.0,-0.019999999999999574,0.05000000000000071,-0.030000000000001137,0.0,0.0,0.0,2000.0
6054,palawan_outer_east_small_2000_1,S2B_MSIL2A_20230616T021539_R003_T50PQT_20230616T083239,200,,0.0,0.0,0.0,0.0,0.0,0.0,0.0,13.0,20.0,67.0,0.0,100,0,0.0,2000.0000000001164,2000.0,0.38248109817504883,100.0,,0.0,0.0,0.0,0.0,0.0,0.0,0.0,1.4800000000000004,3.5500000000000007,-5.030000000000001,0.0,0.0,0.0,2000.0
6061,palawan_outer_east_small_2000_1,S2B_MSIL2A_20230616T021539_R003_T50PQT_20230616T083239,500,,0.0,0.0,0.0,0.0,0.0,0.0,0.0,0.0,31.25,68.75,0.0,16,0,0.0,2000.0000000001164,2000.0,0.4478933811187744,100.0,,0.0,0.0,0.0,0.0,0.0,0.0,0.0,-11.52,14.8,-3.280000000000001,0.0,0.0,0.0,2000.0
6068,palawan_outer_east_small_2000_1,S2B_MSIL2A_20230616T021539_R003_T50PQT_20230616T083239,1000,,0.0,0.0,0.0,0.0,0.0,0.0,0.0,0.0,25.0,75.0,0.0,4,0,0.0,2000.0000000001164,2000.0,0.37364745140075684,100.0,,0.0,0.0,0.0,0.0,0.0,0.0,0.0,-11.52,8.55,2.969999999999999,0.0,0.0,0.0,2000.0
6035,palawan_outer_east_small_2000_1,S2B_MSIL2A_20230626T021539_R003_T50PQT_20230626T074054,20,,0.0,0.0,0.0,0.0,0.01,0.0,0.0,35.99,6.54,57.46,0.0,10000,0,0.0,2000.0000000001164,2000.0,0.39571452140808105,99.99000000000001,,0.0,0.0,0.0,0.0,0.0,0.0,0.0,0.0,0.0,0.0,0.0,0.0,0.0,2000.0
6042,palawan_outer_east_small_2000_1,S2B_MSIL2A_20230626T021539_R003_T50PQT_20230626T074054,50,,0.0,0.0,0.0,0.0,0.0625,0.0,0.0,35.4375,6.875,57.625,0.0,1600,0,0.0,2000.0000000001164,2000.0,0.37983131408691406,99.9375,,0.0,0.0,0.0,0.0,0.0525,0.0,0.0,-0.552500000000002,0.33499999999999996,0.16499999999999915,0.0,-0.052500000000009095,0.052500000000009095,2000.0
6049,palawan_outer_east_small_2000_1,S2B_MSIL2A_20230626T021539_R003_T50PQT_20230626T074054,100,,0.0,0.0,0.0,0.0,0.0,0.0,0.0,36.75,7.5,55.75,0.0,400,0,0.0,2000.0000000001164,2000.0,0.40863871574401855,100.0,,0.0,0.0,0.0,0.0,-0.01,0.0,0.0,0.759999999999998,0.96,-1.7100000000000009,0.0,0.009999999999990905,0.01,2000.0
6056,palawan_outer_east_small_2000_1,S2B_MSIL2A_20230626T021539_R003_T50PQT_20230626T074054,200,,0.0,0.0,0.0,0.0,0.0,0.0,0.0,32.0,11.0,57.0,0.0,100,0,0.0,2000.0000000001164,2000.0,0.38248109817504883,100.0,,0.0,0.0,0.0,0.0,-0.01,0.0,0.0,-3.990000000000002,4.46,-0.46000000000000085,0.0,0.009999999999990905,0.01,2000.0
6063,palawan_outer_east_small_2000_1,S2B_MSIL2A_20230626T021539_R003_T50PQT_20230626T074054,500,,0.0,0.0,0.0,0.0,0.0,0.0,0.0,25.0,12.5,62.5,0.0,16,0,0.0,2000.0000000001164,2000.0,0.4478933811187744,100.0,,0.0,0.0,0.0,0.0,-0.01,0.0,0.0,-10.990000000000002,5.96,5.039999999999999,0.0,0.009999999999990905,0.01,2000.0
6070,palawan_outer_east_small_2000_1,S2B_MSIL2A_20230626T021539_R003_T50PQT_20230626T074054,1000,,0.0,0.0,0.0,0.0,0.0,0.0,0.0,25.0,25.0,50.0,0.0,4,0,0.0,2000.0000000001164,2000.0,0.37364745140075684,100.0,,0.0,0.0,0.0,0.0,-0.01,0.0,0.0,-10.990000000000002,18.46,-7.460000000000001,0.0,0.009999999999990905,0.01,2000.0
6408,palawan_outer_east_small_2000_10,S2A_MSIL2A_20230601T021611_R003_T50PQT_20230601T103139,20,,0.0,0.0,0.0,0.0,0.0,0.0,0.0,100.0,0.0,0.0,0.0,10000,0,0.0,2000.0000000009313,2000.0000000002328,0.371549129486084,100.0,,0.0,0.0,0.0,0.0,0.0,0.0,0.0,0.0,0.0,0.0,0.0,0.0,0.0,2000.0
6415,palawan_outer_east_small_2000_10,S2A_MSIL2A_20230601T021611_R003_T50PQT_20230601T103139,50,,0.0,0.0,0.0,0.0,0.0,0.0,0.0,100.0,0.0,0.0,0.0,1600,0,0.0,2000.0000000009313,2000.0000000002328,0.4157264232635498,100.0,,0.0,0.0,0.0,0.0,0.0,0.0,0.0,0.0,0.0,0.0,0.0,0.0,0.0,2000.0
6422,palawan_outer_east_small_2000_10,S2A_MSIL2A_20230601T021611_R003_T50PQT_20230601T103139,100,,0.0,0.0,0.0,0.0,0.0,0.0,0.0,100.0,0.0,0.0,0.0,400,0,0.0,2000.0000000009313,2000.0000000002328,0.39044880867004395,100.0,,0.0,0.0,0.0,0.0,0.0,0.0,0.0,0.0,0.0,0.0,0.0,0.0,0.0,2000.0
6429,palawan_outer_east_small_2000_10,S2A_MSIL2A_20230601T021611_R003_T50PQT_20230601T103139,200,,0.0,0.0,0.0,0.0,0.0,0.0,0.0,100.0,0.0,0.0,0.0,100,0,0.0,2000.0000000009313,2000.0000000002328,0.3877127170562744,100.0,,0.0,0.0,0.0,0.0,0.0,0.0,0.0,0.0,0.0,0.0,0.0,0.0,0.0,2000.0
6436,palawan_outer_east_small_2000_10,S2A_MSIL2A_20230601T021611_R003_T50PQT_20230601T103139,500,,0.0,0.0,0.0,0.0,0.0,0.0,0.0,100.0,0.0,0.0,0.0,16,0,0.0,2000.0000000009313,2000.0000000002328,0.4069392681121826,100.0,,0.0,0.0,0.0,0.0,0.0,0.0,0.0,0.0,0.0,0.0,0.0,0.0,0.0,2000.0
6443,palawan_outer_east_small_2000_10,S2A_MSIL2A_20230601T021611_R003_T50PQT_20230601T103139,1000,,0.0,0.0,0.0,0.0,0.0,0.0,0.0,100.0,0.0,0.0,0.0,4,0,0.0,2000.0000000009313,2000.0000000002328,0.3927946090698242,100.0,,0.0,0.0,0.0,0.0,0.0,0.0,0.0,0.0,0.0,0.0,0.0,0.0,0.0,2000.0
6410,palawan_outer_east_small_2000_10,S2A_MSIL2A_20230611T021541_R003_T50PQT_20230611T092421,20,,0.0,0.0,0.0,0.0,0.0,0.0,0.0,85.01,0.01,14.98,0.0,10000,0,0.0,2000.0000000009313,2000.0000000002328,0.371549129486084,100.00000000000001,,0.0,0.0,0.0,0.0,0.0,0.0,0.0,0.0,0.0,0.0,0.0,0.0,0.0,2000.0
6417,palawan_outer_east_small_2000_10,S2A_MSIL2A_20230611T021541_R003_T50PQT_20230611T092421,50,,0.0,0.0,0.0,0.0,0.0,0.0,0.0,84.5,0.0625,15.4375,0.0,1600,0,0.0,2000.0000000009313,2000.0000000002328,0.4157264232635498,100.0,,0.0,0.0,0.0,0.0,0.0,0.0,0.0,-0.5100000000000051,0.0525,0.4574999999999996,0.0,-1.4210854715202004e-14,1.4210854715202004e-14,2000.0
6424,palawan_outer_east_small_2000_10,S2A_MSIL2A_20230611T021541_R003_T50PQT_20230611T092421,100,,0.0,0.0,0.0,0.0,0.0,0.0,0.0,86.25,0.0,13.75,0.0,400,0,0.0,2000.0000000009313,2000.0000000002328,0.39044880867004395,100.0,,0.0,0.0,0.0,0.0,0.0,0.0,0.0,1.2399999999999949,-0.01,-1.2300000000000004,0.0,-1.4210854715202004e-14,1.4210854715202004e-14,2000.0
6431,palawan_outer_east_small_2000_10,S2A_MSIL2A_20230611T021541_R003_T50PQT_20230611T092421,200,,0.0,0.0,0.0,0.0,0.0,0.0,0.0,82.0,0.0,18.0,0.0,100,0,0.0,2000.0000000009313,2000.0000000002328,0.3877127170562744,100.0,,0.0,0.0,0.0,0.0,0.0,0.0,0.0,-3.010000000000005,-0.01,3.0199999999999996,0.0,-1.4210854715202004e-14,1.4210854715202004e-14,2000.0
6438,palawan_outer_east_small_2000_10,S2A_MSIL2A_20230611T021541_R003_T50PQT_20230611T092421,500,,0.0,0.0,0.0,0.0,0.0,0.0,0.0,87.5,0.0,12.5,0.0,16,0,0.0,2000.0000000009313,2000.0000000002328,0.4069392681121826,100.0,,0.0,0.0,0.0,0.0,0.0,0.0,0.0,2.489999999999995,-0.01,-2.4800000000000004,0.0,-1.4210854715202004e-14,1.4210854715202004e-14,2000.0
6445,palawan_outer_east_small_2000_10,S2A_MSIL2A_20230611T021541_R003_T50PQT_20230611T092421,1000,,0.0,0.0,0.0,0.0,0.0,0.0,0.0,75.0,0.0,25.0,0.0,4,0,0.0,2000.0000000009313,2000.0000000002328,0.3927946090698242,100.0,,0.0,0.0,0.0,0.0,0.0,0.0,0.0,-10.010000000000005,-0.01,10.02,0.0,-1.4210854715202004e-14,1.4210854715202004e-14,2000.0
6412,palawan_outer_east_small_2000_10,S2A_MSIL2A_20230621T021541_R003_T50PQT_20230621T085836,20,,0.0,0.09,30.54,1.42,0.09,66.44,0.56,0.86,0.0,0.0,0.0,10000,0,0.0,2000.0000000009313,2000.0000000002328,0.371549129486084,0.86,,0.0,0.0,0.0,0.0,0.0,0.0,0.0,0.0,0.0,0.0,0.0,0.0,0.0,2000.0
6419,palawan_outer_east_small_2000_10,S2A_MSIL2A_20230621T021541_R003_T50PQT_20230621T085836,50,,0.0,0.0625,30.3125,1.5625,0.0,66.875,0.375,0.8125,0.0,0.0,0.0,1600,0,0.0,2000.0000000009313,2000.0000000002328,0.4157264232635498,0.8125,,0.0,-0.027499999999999997,-0.22749999999999915,0.14250000000000007,-0.09,0.4350000000000023,-0.18500000000000005,-0.04749999999999999,0.0,0.0,0.0,-0.04749999999999999,0.4350000000000023,2000.0
6426,palawan_outer_east_small_2000_10,S2A_MSIL2A_20230621T021541_R003_T50PQT_20230621T085836,100,,0.0,0.0,31.0,1.25,0.0,66.75,0.5,0.5,0.0,0.0,0.0,400,0,0.0,2000.0000000009313,2000.0000000002328,0.39044880867004395,0.5,,0.0,-0.09,0.46000000000000085,-0.16999999999999993,-0.09,0.3100000000000023,-0.06000000000000005,-0.36,0.0,0.0,0.0,-0.36,0.46000000000000085,2000.0
6433,palawan_outer_east_small_2000_10,S2A_MSIL2A_20230621T021541_R003_T50PQT_20230621T085836,200,,0.0,0.0,30.0,1.0,0.0,67.0,0.0,2.0,0.0,0.0,0.0,100,0,0.0,2000.0000000009313,2000.0000000002328,0.3877127170562744,2.0,,0.0,-0.09,-0.5399999999999991,-0.41999999999999993,-0.09,0.5600000000000023,-0.56,1.1400000000000001,0.0,0.0,0.0,1.1400000000000001,1.1400000000000001,2000.0
6440,palawan_outer_east_small_2000_10,S2A_MSIL2A_20230621T021541_R003_T50PQT_20230621T085836,500,,0.0,0.0,31.25,6.25,0.0,56.25,0.0,6.25,0.0,0.0,0.0,16,0,0.0,2000.0000000009313,2000.0000000002328,0.4069392681121826,6.25,,0.0,-0.09,0.7100000000000009,4.83,-0.09,-10.189999999999998,-0.56,5.39,0.0,0.0,0.0,5.39,10.189999999999998,2000.0
6447,palawan_outer_east_small_2000_10,S2A_MSIL2A_20230621T021541_R003_T50PQT_20230621T085836,1000,,0.0,0.0,25.0,0.0,0.0,75.0,0.0,0.0,0.0,0.0,0.0,4,0,0.0,2000.0000000009313,2000.0000000002328,0.3927946090698242,0.0,,0.0,-0.09,-5.539999999999999,-1.42,-0.09,8.560000000000002,-0.56,-0.86,0.0,0.0,0.0,-0.86,8.560000000000002,2000.0
6414,palawan_outer_east_small_2000_10,S2A_MSIL2A_20230701T021541_R003_T50PQT_20230701T082624,20,,0.0,0.0,0.0,0.0,0.0,5.27,0.0,2.78,0.65,91.3,0.0,10000,0,0.0,2000.0000000009313,2000.0000000002328,0.371549129486084,94.72999999999999,,0.0,0.0,0.0,0.0,0.0,0.0,0.0,0.0,0.0,0.0,0.0,0.0,0.0,2000.0
6421,palawan_outer_east_small_2000_10,S2A_MSIL2A_20230701T021541_R003_T50PQT_20230701T082624,50,,0.0,0.0,0.0,0.0,0.0,4.6875,0.0,2.875,0.625,91.8125,0.0,1600,0,0.0,2000.0000000009313,2000.0000000002328,0.4157264232635498,95.3125,,0.0,0.0,0.0,0.0,0.0,-0.5824999999999996,0.0,0.0950000000000002,-0.025000000000000022,0.5125000000000028,0.0,0.5825000000000102,0.5825000000000102,2000.0
6428,palawan_outer_east_small_2000_10,S2A_MSIL2A_20230701T021541_R003_T50PQT_20230701T082624,100,,0.0,0.0,0.0,0.0,0.0,4.75,0.0,3.0,0.25,92.0,0.0,400,0,0.0,2000.0000000009313,2000.0000000002328,0.39044880867004395,95.25,,0.0,0.0,0.0,0.0,0.0,-0.5199999999999996,0.0,0.2200000000000002,-0.4,0.7000000000000028,0.0,0.5200000000000102,0.5200000000000102,2000.0
6435,palawan_outer_east_small_2000_10,S2A_MSIL2A_20230701T021541_R003_T50PQT_20230701T082624,200,,0.0,0.0,0.0,0.0,0.0,3.0,0.0,4.0,0.0,93.0,0.0,100,0,0.0,2000.0000000009313,2000.0000000002328,0.3877127170562744,97.0,,0.0,0.0,0.0,0.0,0.0,-2.2699999999999996,0.0,1.2200000000000002,-0.65,1.7000000000000028,0.0,2.2700000000000102,2.2700000000000102,2000.0
6442,palawan_outer_east_small_2000_10,S2A_MSIL2A_20230701T021541_R003_T50PQT_20230701T082624,500,,0.0,0.0,0.0,0.0,0.0,0.0,0.0,0.0,0.0,100.0,0.0,16,0,0.0,2000.0000000009313,2000.0000000002328,0.4069392681121826,100.0,,0.0,0.0,0.0,0.0,0.0,-5.27,0.0,-2.78,-0.65,8.700000000000003,0.0,5.27000000000001,5.27000000000001,2000.0
6449,palawan_outer_east_small_2000_10,S2A_MSIL2A_20230701T021541_R003_T50PQT_20230701T082624,1000,,0.0,0.0,0.0,0.0,0.0,0.0,0.0,0.0,0.0,100.0,0.0,4,0,0.0,2000.0000000009313,2000.0000000002328,0.3927946090698242,100.0,,0.0,0.0,0.0,0.0,0.0,-5.27,0.0,-2.78,-0.65,8.700000000000003,0.0,5.27000000000001,5.27000000000001,2000.0
6409,palawan_outer_east_small_2000_10,S2B_MSIL2A_20230606T021539_R003_T50PQT_20230606T073506,20,,0.0,1.26,0.0,25.19,1.37,71.38,0.8,0.0,0.0,0.0,0.0,10000,0,0.0,2000.0000000009313,2000.0000000002328,0.371549129486084,0.0,,0.0,0.0,0.0,0.0,0.0,0.0,0.0,0.0,0.0,0.0,0.0,0.0,0.0,2000.0
6416,palawan_outer_east_small_2000_10,S2B_MSIL2A_20230606T021539_R003_T50PQT_20230606T073506,50,,0.0,1.1875,0.0,25.25,0.9375,71.6875,0.9375,0.0,0.0,0.0,0.0,1600,0,0.0,2000.0000000009313,2000.0000000002328,0.4157264232635498,0.0,,0.0,-0.07250000000000001,0.0,0.05999999999999872,-0.4325000000000001,0.30750000000000455,0.13749999999999996,0.0,0.0,0.0,0.0,0.0,0.4325000000000001,2000.0
6423,palawan_outer_east_small_2000_10,S2B_MSIL2A_20230606T021539_R003_T50PQT_20230606T073506,100,,0.0,0.5,0.0,25.5,0.5,72.5,1.0,0.0,0.0,0.0,0.0,400,0,0.0,2000.0000000009313,2000.0000000002328,0.39044880867004395,0.0,,0.0,-0.76,0.0,0.3099999999999987,-0.8700000000000001,1.1200000000000045,0.19999999999999996,0.0,0.0,0.0,0.0,0.0,1.1200000000000045,2000.0
6430,palawan_outer_east_small_2000_10,S2B_MSIL2A_20230606T021539_R003_T50PQT_20230606T073506,200,,0.0,1.0,0.0,26.0,3.0,70.0,0.0,0.0,0.0,0.0,0.0,100,0,0.0,2000.0000000009313,2000.0000000002328,0.3877127170562744,0.0,,0.0,-0.26,0.0,0.8099999999999987,1.63,-1.3799999999999955,-0.8,0.0,0.0,0.0,0.0,0.0,1.63,2000.0
6437,palawan_outer_east_small_2000_10,S2B_MSIL2A_20230606T021539_R003_T50PQT_20230606T073506,500,,0.0,0.0,0.0,12.5,6.25,75.0,6.25,0.0,0.0,0.0,0.0,16,0,0.0,2000.0000000009313,2000.0000000002328,0.4069392681121826,0.0,,0.0,-1.26,0.0,-12.690000000000001,4.88,3.6200000000000045,5.45,0.0,0.0,0.0,0.0,0.0,12.690000000000001,2000.0
6444,palawan_outer_east_small_2000_10,S2B_MSIL2A_20230606T021539_R003_T50PQT_20230606T073506,1000,,0.0,0.0,0.0,25.0,0.0,75.0,0.0,0.0,0.0,0.0,0.0,4,0,0.0,2000.0000000009313,2000.0000000002328,0.3927946090698242,0.0,,0.0,-1.26,0.0,-0.19000000000000128,-1.37,3.6200000000000045,-0.8,0.0,0.0,0.0,0.0,0.0,3.6200000000000045,2000.0
6411,palawan_outer_east_small_2000_10,S2B_MSIL2A_20230616T021539_R003_T50PQT_20230616T083239,20,,0.0,0.0,0.0,0.0,0.0,0.0,0.0,12.12,11.44,76.44,0.0,10000,0,0.0,2000.0000000009313,2000.0000000002328,0.371549129486084,100.0,,0.0,0.0,0.0,0.0,0.0,0.0,0.0,0.0,0.0,0.0,0.0,0.0,0.0,2000.0
6418,palawan_outer_east_small_2000_10,S2B_MSIL2A_20230616T021539_R003_T50PQT_20230616T083239,50,,0.0,0.0,0.0,0.0,0.0,0.0,0.0,11.75,11.625,76.625,0.0,1600,0,0.0,2000.0000000009313,2000.0000000002328,0.4157264232635498,100.0,,0.0,0.0,0.0,0.0,0.0,0.0,0.0,-0.3699999999999992,0.1850000000000005,0.18500000000000227,0.0,0.0,0.0,2000.0
6425,palawan_outer_east_small_2000_10,S2B_MSIL2A_20230616T021539_R003_T50PQT_20230616T083239,100,,0.0,0.0,0.0,0.0,0.0,0.0,0.0,12.0,11.25,76.75,0.0,400,0,0.0,2000.0000000009313,2000.0000000002328,0.39044880867004395,100.0,,0.0,0.0,0.0,0.0,0.0,0.0,0.0,-0.11999999999999922,-0.1899999999999995,0.3100000000000023,0.0,0.0,0.0,2000.0
6432,palawan_outer_east_small_2000_10,S2B_MSIL2A_20230616T021539_R003_T50PQT_20230616T083239,200,,0.0,0.0,0.0,0.0,0.0,0.0,0.0,13.0,11.0,76.0,0.0,100,0,0.0,2000.0000000009313,2000.0000000002328,0.3877127170562744,100.0,,0.0,0.0,0.0,0.0,0.0,0.0,0.0,0.8800000000000008,-0.4399999999999995,-0.4399999999999977,0.0,0.0,0.0,2000.0
6439,palawan_outer_east_small_2000_10,S2B_MSIL2A_20230616T021539_R003_T50PQT_20230616T083239,500,,0.0,0.0,0.0,0.0,0.0,0.0,0.0,12.5,12.5,75.0,0.0,16,0,0.0,2000.0000000009313,2000.0000000002328,0.4069392681121826,100.0,,0.0,0.0,0.0,0.0,0.0,0.0,0.0,0.3800000000000008,1.0600000000000005,-1.4399999999999977,0.0,0.0,0.0,2000.0
6446,palawan_outer_east_small_2000_10,S2B_MSIL2A_20230616T021539_R003_T50PQT_20230616T083239,1000,,0.0,0.0,0.0,0.0,0.0,0.0,0.0,0.0,25.0,75.0,0.0,4,0,0.0,2000.0000000009313,2000.0000000002328,0.3927946090698242,100.0,,0.0,0.0,0.0,0.0,0.0,0.0,0.0,-12.12,13.56,-1.4399999999999977,0.0,0.0,0.0,2000.0
6413,palawan_outer_east_small_2000_10,S2B_MSIL2A_20230626T021539_R003_T50PQT_20230626T074054,20,,0.0,0.0,0.0,0.0,0.0,0.0,0.0,12.61,9.99,77.4,0.0,10000,0,0.0,2000.0000000009313,2000.0000000002328,0.371549129486084,100.0,,0.0,0.0,0.0,0.0,0.0,0.0,0.0,0.0,0.0,0.0,0.0,0.0,0.0,2000.0
6420,palawan_outer_east_small_2000_10,S2B_MSIL2A_20230626T021539_R003_T50PQT_20230626T074054,50,,0.0,0.0,0.0,0.0,0.0,0.0,0.0,12.4375,9.875,77.6875,0.0,1600,0,0.0,2000.0000000009313,2000.0000000002328,0.4157264232635498,100.0,,0.0,0.0,0.0,0.0,0.0,0.0,0.0,-0.17249999999999943,-0.11500000000000021,0.2874999999999943,0.0,0.0,0.0,2000.0
6427,palawan_outer_east_small_2000_10,S2B_MSIL2A_20230626T021539_R003_T50PQT_20230626T074054,100,,0.0,0.0,0.0,0.0,0.0,0.0,0.0,13.25,9.5,77.25,0.0,400,0,0.0,2000.0000000009313,2000.0000000002328,0.39044880867004395,100.0,,0.0,0.0,0.0,0.0,0.0,0.0,0.0,0.6400000000000006,-0.4900000000000002,-0.15000000000000568,0.0,0.0,0.0,2000.0
6434,palawan_outer_east_small_2000_10,S2B_MSIL2A_20230626T021539_R003_T50PQT_20230626T074054,200,,0.0,0.0,0.0,0.0,0.0,0.0,0.0,9.0,13.0,78.0,0.0,100,0,0.0,2000.0000000009313,2000.0000000002328,0.3877127170562744,100.0,,0.0,0.0,0.0,0.0,0.0,0.0,0.0,-3.6099999999999994,3.01,0.5999999999999943,0.0,0.0,0.0,2000.0
6441,palawan_outer_east_small_2000_10,S2B_MSIL2A_20230626T021539_R003_T50PQT_20230626T074054,500,,0.0,0.0,0.0,0.0,0.0,0.0,0.0,31.25,0.0,68.75,0.0,16,0,0.0,2000.0000000009313,2000.0000000002328,0.4069392681121826,100.0,,0.0,0.0,0.0,0.0,0.0,0.0,0.0,18.64,-9.99,-8.650000000000006,0.0,0.0,0.0,2000.0
6448,palawan_outer_east_small_2000_10,S2B_MSIL2A_20230626T021539_R003_T50PQT_20230626T074054,1000,,0.0,0.0,0.0,0.0,0.0,0.0,0.0,0.0,25.0,75.0,0.0,4,0,0.0,2000.0000000009313,2000.0000000002328,0.3927946090698242,100.0,,0.0,0.0,0.0,0.0,0.0,0.0,0.0,-12.61,15.01,-2.4000000000000057,0.0,0.0,0.0,2000.0
6450,palawan_outer_east_small_2000_11,S2A_MSIL2A_20230601T021611_R003_T50PQT_20230601T103139,20,,0.0,0.0,0.0,0.0,0.0,0.0,0.0,100.0,0.0,0.0,0.0,10000,0,0.0,2000.0000000006985,2000.0,0.38895368576049805,100.0,,0.0,0.0,0.0,0.0,0.0,0.0,0.0,0.0,0.0,0.0,0.0,0.0,0.0,2000.0
6457,palawan_outer_east_small_2000_11,S2A_MSIL2A_20230601T021611_R003_T50PQT_20230601T103139,50,,0.0,0.0,0.0,0.0,0.0,0.0,0.0,100.0,0.0,0.0,0.0,1600,0,0.0,2000.0000000006985,2000.0,0.3878509998321533,100.0,,0.0,0.0,0.0,0.0,0.0,0.0,0.0,0.0,0.0,0.0,0.0,0.0,0.0,2000.0
6464,palawan_outer_east_small_2000_11,S2A_MSIL2A_20230601T021611_R003_T50PQT_20230601T103139,100,,0.0,0.0,0.0,0.0,0.0,0.0,0.0,100.0,0.0,0.0,0.0,400,0,0.0,2000.0000000006985,2000.0,0.3989906311035156,100.0,,0.0,0.0,0.0,0.0,0.0,0.0,0.0,0.0,0.0,0.0,0.0,0.0,0.0,2000.0
6471,palawan_outer_east_small_2000_11,S2A_MSIL2A_20230601T021611_R003_T50PQT_20230601T103139,200,,0.0,0.0,0.0,0.0,0.0,0.0,0.0,100.0,0.0,0.0,0.0,100,0,0.0,2000.0000000006985,2000.0,0.36515021324157715,100.0,,0.0,0.0,0.0,0.0,0.0,0.0,0.0,0.0,0.0,0.0,0.0,0.0,0.0,2000.0
6478,palawan_outer_east_small_2000_11,S2A_MSIL2A_20230601T021611_R003_T50PQT_20230601T103139,500,,0.0,0.0,0.0,0.0,0.0,0.0,0.0,100.0,0.0,0.0,0.0,16,0,0.0,2000.0000000006985,2000.0,0.5101292133331299,100.0,,0.0,0.0,0.0,0.0,0.0,0.0,0.0,0.0,0.0,0.0,0.0,0.0,0.0,2000.0
6485,palawan_outer_east_small_2000_11,S2A_MSIL2A_20230601T021611_R003_T50PQT_20230601T103139,1000,,0.0,0.0,0.0,0.0,0.0,0.0,0.0,100.0,0.0,0.0,0.0,4,0,0.0,2000.0000000006985,2000.0,0.49654507637023926,100.0,,0.0,0.0,0.0,0.0,0.0,0.0,0.0,0.0,0.0,0.0,0.0,0.0,0.0,2000.0
6452,palawan_outer_east_small_2000_11,S2A_MSIL2A_20230611T021541_R003_T50PQT_20230611T092421,20,,0.0,0.0,0.0,0.0,0.0,0.0,0.0,6.26,0.0,93.74,0.0,10000,0,0.0,2000.0000000006985,2000.0,0.38895368576049805,100.0,,0.0,0.0,0.0,0.0,0.0,0.0,0.0,0.0,0.0,0.0,0.0,0.0,0.0,2000.0
6459,palawan_outer_east_small_2000_11,S2A_MSIL2A_20230611T021541_R003_T50PQT_20230611T092421,50,,0.0,0.0,0.0,0.0,0.0,0.0,0.0,6.1875,0.0,93.8125,0.0,1600,0,0.0,2000.0000000006985,2000.0,0.3878509998321533,100.0,,0.0,0.0,0.0,0.0,0.0,0.0,0.0,-0.07249999999999979,0.0,0.07250000000000512,0.0,0.0,0.0,2000.0
6466,palawan_outer_east_small_2000_11,S2A_MSIL2A_20230611T021541_R003_T50PQT_20230611T092421,100,,0.0,0.0,0.0,0.0,0.0,0.0,0.0,7.25,0.0,92.75,0.0,400,0,0.0,2000.0000000006985,2000.0,0.3989906311035156,100.0,,0.0,0.0,0.0,0.0,0.0,0.0,0.0,0.9900000000000002,0.0,-0.9899999999999949,0.0,0.0,0.0,2000.0
6473,palawan_outer_east_small_2000_11,S2A_MSIL2A_20230611T021541_R003_T50PQT_20230611T092421,200,,0.0,0.0,0.0,0.0,0.0,0.0,0.0,7.0,0.0,93.0,0.0,100,0,0.0,2000.0000000006985,2000.0,0.36515021324157715,100.0,,0.0,0.0,0.0,0.0,0.0,0.0,0.0,0.7400000000000002,0.0,-0.7399999999999949,0.0,0.0,0.0,2000.0
6480,palawan_outer_east_small_2000_11,S2A_MSIL2A_20230611T021541_R003_T50PQT_20230611T092421,500,,0.0,0.0,0.0,0.0,0.0,0.0,0.0,12.5,0.0,87.5,0.0,16,0,0.0,2000.0000000006985,2000.0,0.5101292133331299,100.0,,0.0,0.0,0.0,0.0,0.0,0.0,0.0,6.24,0.0,-6.239999999999995,0.0,0.0,0.0,2000.0
6487,palawan_outer_east_small_2000_11,S2A_MSIL2A_20230611T021541_R003_T50PQT_20230611T092421,1000,,0.0,0.0,0.0,0.0,0.0,0.0,0.0,0.0,0.0,100.0,0.0,4,0,0.0,2000.0000000006985,2000.0,0.49654507637023926,100.0,,0.0,0.0,0.0,0.0,0.0,0.0,0.0,-6.26,0.0,6.260000000000005,0.0,0.0,0.0,2000.0
6454,palawan_outer_east_small_2000_11,S2A_MSIL2A_20230621T021541_R003_T50PQT_20230621T085836,20,,0.0,0.0,0.0,0.02,0.01,99.95,0.0,0.02,0.0,0.0,0.0,10000,0,0.0,2000.0000000006985,2000.0,0.38895368576049805,0.02,,0.0,0.0,0.0,0.0,0.0,0.0,0.0,0.0,0.0,0.0,0.0,0.0,0.0,2000.0
6461,palawan_outer_east_small_2000_11,S2A_MSIL2A_20230621T021541_R003_T50PQT_20230621T085836,50,,0.0,0.0,0.0,0.0625,0.0625,99.875,0.0,0.0,0.0,0.0,0.0,1600,0,0.0,2000.0000000006985,2000.0,0.3878509998321533,0.0,,0.0,0.0,0.0,0.042499999999999996,0.0525,-0.07500000000000284,0.0,-0.02,0.0,0.0,0.0,-0.02,0.07500000000000284,2000.0
6468,palawan_outer_east_small_2000_11,S2A_MSIL2A_20230621T021541_R003_T50PQT_20230621T085836,100,,0.0,0.0,0.0,0.25,0.25,99.5,0.0,0.0,0.0,0.0,0.0,400,0,0.0,2000.0000000006985,2000.0,0.3989906311035156,0.0,,0.0,0.0,0.0,0.23,0.24,-0.45000000000000284,0.0,-0.02,0.0,0.0,0.0,-0.02,0.45000000000000284,2000.0
6475,palawan_outer_east_small_2000_11,S2A_MSIL2A_20230621T021541_R003_T50PQT_20230621T085836,200,,0.0,0.0,0.0,0.0,0.0,100.0,0.0,0.0,0.0,0.0,0.0,100,0,0.0,2000.0000000006985,2000.0,0.36515021324157715,0.0,,0.0,0.0,0.0,-0.02,-0.01,0.04999999999999716,0.0,-0.02,0.0,0.0,0.0,-0.02,0.04999999999999716,2000.0
6482,palawan_outer_east_small_2000_11,S2A_MSIL2A_20230621T021541_R003_T50PQT_20230621T085836,500,,0.0,0.0,0.0,0.0,0.0,100.0,0.0,0.0,0.0,0.0,0.0,16,0,0.0,2000.0000000006985,2000.0,0.5101292133331299,0.0,,0.0,0.0,0.0,-0.02,-0.01,0.04999999999999716,0.0,-0.02,0.0,0.0,0.0,-0.02,0.04999999999999716,2000.0
6489,palawan_outer_east_small_2000_11,S2A_MSIL2A_20230621T021541_R003_T50PQT_20230621T085836,1000,,0.0,0.0,0.0,0.0,0.0,100.0,0.0,0.0,0.0,0.0,0.0,4,0,0.0,2000.0000000006985,2000.0,0.49654507637023926,0.0,,0.0,0.0,0.0,-0.02,-0.01,0.04999999999999716,0.0,-0.02,0.0,0.0,0.0,-0.02,0.04999999999999716,2000.0
6456,palawan_outer_east_small_2000_11,S2A_MSIL2A_20230701T021541_R003_T50PQT_20230701T082624,20,,0.0,0.0,0.0,0.0,0.0,11.34,0.0,1.74,0.05,86.87,0.0,10000,0,0.0,2000.0000000006985,2000.0,0.38895368576049805,88.66000000000001,,0.0,0.0,0.0,0.0,0.0,0.0,0.0,0.0,0.0,0.0,0.0,0.0,0.0,2000.0
6463,palawan_outer_east_small_2000_11,S2A_MSIL2A_20230701T021541_R003_T50PQT_20230701T082624,50,,0.0,0.0,0.0,0.0,0.0,10.3125,0.0,2.0,0.0625,87.625,0.0,1600,0,0.0,2000.0000000006985,2000.0,0.3878509998321533,89.6875,,0.0,0.0,0.0,0.0,0.0,-1.0274999999999999,0.0,0.26,0.012499999999999997,0.7549999999999955,0.0,1.0274999999999892,1.0274999999999999,2000.0
6470,palawan_outer_east_small_2000_11,S2A_MSIL2A_20230701T021541_R003_T50PQT_20230701T082624,100,,0.0,0.0,0.0,0.0,0.0,10.0,0.0,2.25,0.5,87.25,0.0,400,0,0.0,2000.0000000006985,2000.0,0.3989906311035156,90.0,,0.0,0.0,0.0,0.0,0.0,-1.3399999999999999,0.0,0.51,0.45,0.37999999999999545,0.0,1.3399999999999892,1.3399999999999999,2000.0
6477,palawan_outer_east_small_2000_11,S2A_MSIL2A_20230701T021541_R003_T50PQT_20230701T082624,200,,0.0,0.0,0.0,0.0,0.0,7.0,0.0,3.0,0.0,90.0,0.0,100,0,0.0,2000.0000000006985,2000.0,0.36515021324157715,93.0,,0.0,0.0,0.0,0.0,0.0,-4.34,0.0,1.26,-0.05,3.1299999999999955,0.0,4.339999999999989,4.34,2000.0
6484,palawan_outer_east_small_2000_11,S2A_MSIL2A_20230701T021541_R003_T50PQT_20230701T082624,500,,0.0,0.0,0.0,0.0,0.0,0.0,0.0,6.25,0.0,93.75,0.0,16,0,0.0,2000.0000000006985,2000.0,0.5101292133331299,100.0,,0.0,0.0,0.0,0.0,0.0,-11.34,0.0,4.51,-0.05,6.8799999999999955,0.0,11.33999999999999,11.34,2000.0
6491,palawan_outer_east_small_2000_11,S2A_MSIL2A_20230701T021541_R003_T50PQT_20230701T082624,1000,,0.0,0.0,0.0,0.0,0.0,0.0,0.0,0.0,0.0,100.0,0.0,4,0,0.0,2000.0000000006985,2000.0,0.49654507637023926,100.0,,0.0,0.0,0.0,0.0,0.0,-11.34,0.0,-1.74,-0.05,13.129999999999995,0.0,11.33999999999999,11.34,2000.0
6451,palawan_outer_east_small_2000_11,S2B_MSIL2A_20230606T021539_R003_T50PQT_20230606T073506,20,,0.0,0.0,0.0,0.05,0.14,99.81,0.0,0.0,0.0,0.0,0.0,10000,0,0.0,2000.0000000006985,2000.0,0.38895368576049805,0.0,,0.0,0.0,0.0,0.0,0.0,0.0,0.0,0.0,0.0,0.0,0.0,0.0,0.0,2000.0
6458,palawan_outer_east_small_2000_11,S2B_MSIL2A_20230606T021539_R003_T50PQT_20230606T073506,50,,0.0,0.0,0.0,0.1875,0.0625,99.75,0.0,0.0,0.0,0.0,0.0,1600,0,0.0,2000.0000000006985,2000.0,0.3878509998321533,0.0,,0.0,0.0,0.0,0.1375,-0.07750000000000001,-0.060000000000002274,0.0,0.0,0.0,0.0,0.0,0.0,0.1375,2000.0
6465,palawan_outer_east_small_2000_11,S2B_MSIL2A_20230606T021539_R003_T50PQT_20230606T073506,100,,0.0,0.0,0.0,0.5,0.0,99.5,0.0,0.0,0.0,0.0,0.0,400,0,0.0,2000.0000000006985,2000.0,0.3989906311035156,0.0,,0.0,0.0,0.0,0.45,-0.14,-0.3100000000000023,0.0,0.0,0.0,0.0,0.0,0.0,0.45,2000.0
6472,palawan_outer_east_small_2000_11,S2B_MSIL2A_20230606T021539_R003_T50PQT_20230606T073506,200,,0.0,0.0,0.0,0.0,1.0,99.0,0.0,0.0,0.0,0.0,0.0,100,0,0.0,2000.0000000006985,2000.0,0.36515021324157715,0.0,,0.0,0.0,0.0,-0.05,0.86,-0.8100000000000023,0.0,0.0,0.0,0.0,0.0,0.0,0.86,2000.0
6479,palawan_outer_east_small_2000_11,S2B_MSIL2A_20230606T021539_R003_T50PQT_20230606T073506,500,,0.0,0.0,0.0,0.0,0.0,100.0,0.0,0.0,0.0,0.0,0.0,16,0,0.0,2000.0000000006985,2000.0,0.5101292133331299,0.0,,0.0,0.0,0.0,-0.05,-0.14,0.18999999999999773,0.0,0.0,0.0,0.0,0.0,0.0,0.18999999999999773,2000.0
6486,palawan_outer_east_small_2000_11,S2B_MSIL2A_20230606T021539_R003_T50PQT_20230606T073506,1000,,0.0,0.0,0.0,0.0,0.0,100.0,0.0,0.0,0.0,0.0,0.0,4,0,0.0,2000.0000000006985,2000.0,0.49654507637023926,0.0,,0.0,0.0,0.0,-0.05,-0.14,0.18999999999999773,0.0,0.0,0.0,0.0,0.0,0.0,0.18999999999999773,2000.0
6453,palawan_outer_east_small_2000_11,S2B_MSIL2A_20230616T021539_R003_T50PQT_20230616T083239,20,,0.0,0.0,0.0,0.0,0.0,0.0,0.0,0.0,0.0,100.0,0.0,10000,0,0.0,2000.0000000006985,2000.0,0.38895368576049805,100.0,,0.0,0.0,0.0,0.0,0.0,0.0,0.0,0.0,0.0,0.0,0.0,0.0,0.0,2000.0
6460,palawan_outer_east_small_2000_11,S2B_MSIL2A_20230616T021539_R003_T50PQT_20230616T083239,50,,0.0,0.0,0.0,0.0,0.0,0.0,0.0,0.0,0.0,100.0,0.0,1600,0,0.0,2000.0000000006985,2000.0,0.3878509998321533,100.0,,0.0,0.0,0.0,0.0,0.0,0.0,0.0,0.0,0.0,0.0,0.0,0.0,0.0,2000.0
6467,palawan_outer_east_small_2000_11,S2B_MSIL2A_20230616T021539_R003_T50PQT_20230616T083239,100,,0.0,0.0,0.0,0.0,0.0,0.0,0.0,0.0,0.0,100.0,0.0,400,0,0.0,2000.0000000006985,2000.0,0.3989906311035156,100.0,,0.0,0.0,0.0,0.0,0.0,0.0,0.0,0.0,0.0,0.0,0.0,0.0,0.0,2000.0
6474,palawan_outer_east_small_2000_11,S2B_MSIL2A_20230616T021539_R003_T50PQT_20230616T083239,200,,0.0,0.0,0.0,0.0,0.0,0.0,0.0,0.0,0.0,100.0,0.0,100,0,0.0,2000.0000000006985,2000.0,0.36515021324157715,100.0,,0.0,0.0,0.0,0.0,0.0,0.0,0.0,0.0,0.0,0.0,0.0,0.0,0.0,2000.0
6481,palawan_outer_east_small_2000_11,S2B_MSIL2A_20230616T021539_R003_T50PQT_20230616T083239,500,,0.0,0.0,0.0,0.0,0.0,0.0,0.0,0.0,0.0,100.0,0.0,16,0,0.0,2000.0000000006985,2000.0,0.5101292133331299,100.0,,0.0,0.0,0.0,0.0,0.0,0.0,0.0,0.0,0.0,0.0,0.0,0.0,0.0,2000.0
6488,palawan_outer_east_small_2000_11,S2B_MSIL2A_20230616T021539_R003_T50PQT_20230616T083239,1000,,0.0,0.0,0.0,0.0,0.0,0.0,0.0,0.0,0.0,100.0,0.0,4,0,0.0,2000.0000000006985,2000.0,0.49654507637023926,100.0,,0.0,0.0,0.0,0.0,0.0,0.0,0.0,0.0,0.0,0.0,0.0,0.0,0.0,2000.0
6455,palawan_outer_east_small_2000_11,S2B_MSIL2A_20230626T021539_R003_T50PQT_20230626T074054,20,,0.0,0.0,0.0,0.0,0.0,2.39,0.0,1.43,0.0,96.18,0.0,10000,0,0.0,2000.0000000006985,2000.0,0.38895368576049805,97.61000000000001,,0.0,0.0,0.0,0.0,0.0,0.0,0.0,0.0,0.0,0.0,0.0,0.0,0.0,2000.0
6462,palawan_outer_east_small_2000_11,S2B_MSIL2A_20230626T021539_R003_T50PQT_20230626T074054,50,,0.0,0.0,0.0,0.0,0.0,2.5,0.0,1.125,0.0,96.375,0.0,1600,0,0.0,2000.0000000006985,2000.0,0.3878509998321533,97.5,,0.0,0.0,0.0,0.0,0.0,0.10999999999999988,0.0,-0.30499999999999994,0.0,0.19499999999999318,0.0,-0.11000000000001364,0.11000000000001364,2000.0
6469,palawan_outer_east_small_2000_11,S2B_MSIL2A_20230626T021539_R003_T50PQT_20230626T074054,100,,0.0,0.0,0.0,0.0,0.0,2.5,0.0,1.0,0.0,96.5,0.0,400,0,0.0,2000.0000000006985,2000.0,0.3989906311035156,97.5,,0.0,0.0,0.0,0.0,0.0,0.10999999999999988,0.0,-0.42999999999999994,0.0,0.3199999999999932,0.0,-0.11000000000001364,0.11000000000001364,2000.0
6476,palawan_outer_east_small_2000_11,S2B_MSIL2A_20230626T021539_R003_T50PQT_20230626T074054,200,,0.0,0.0,0.0,0.0,0.0,2.0,0.0,0.0,0.0,98.0,0.0,100,0,0.0,2000.0000000006985,2000.0,0.36515021324157715,98.0,,0.0,0.0,0.0,0.0,0.0,-0.3900000000000001,0.0,-1.43,0.0,1.8199999999999932,0.0,0.38999999999998636,0.3900000000000001,2000.0
6483,palawan_outer_east_small_2000_11,S2B_MSIL2A_20230626T021539_R003_T50PQT_20230626T074054,500,,0.0,0.0,0.0,0.0,0.0,0.0,0.0,0.0,0.0,100.0,0.0,16,0,0.0,2000.0000000006985,2000.0,0.5101292133331299,100.0,,0.0,0.0,0.0,0.0,0.0,-2.39,0.0,-1.43,0.0,3.819999999999993,0.0,2.3899999999999864,2.39,2000.0
6490,palawan_outer_east_small_2000_11,S2B_MSIL2A_20230626T021539_R003_T50PQT_20230626T074054,1000,,0.0,0.0,0.0,0.0,0.0,0.0,0.0,0.0,0.0,100.0,0.0,4,0,0.0,2000.0000000006985,2000.0,0.49654507637023926,100.0,,0.0,0.0,0.0,0.0,0.0,-2.39,0.0,-1.43,0.0,3.819999999999993,0.0,2.3899999999999864,2.39,2000.0
6072,palawan_outer_east_small_2000_2,S2A_MSIL2A_20230601T021611_R003_T50PQT_20230601T103139,20,,0.0,0.0,0.0,0.0,0.0,0.0,0.0,100.0,0.0,0.0,0.0,10000,0,0.0,2000.0000000003492,2000.0,0.37496328353881836,100.0,,0.0,0.0,0.0,0.0,0.0,0.0,0.0,0.0,0.0,0.0,0.0,0.0,0.0,2000.0
6079,palawan_outer_east_small_2000_2,S2A_MSIL2A_20230601T021611_R003_T50PQT_20230601T103139,50,,0.0,0.0,0.0,0.0,0.0,0.0,0.0,100.0,0.0,0.0,0.0,1600,0,0.0,2000.0000000003492,2000.0,0.387831449508667,100.0,,0.0,0.0,0.0,0.0,0.0,0.0,0.0,0.0,0.0,0.0,0.0,0.0,0.0,2000.0
6086,palawan_outer_east_small_2000_2,S2A_MSIL2A_20230601T021611_R003_T50PQT_20230601T103139,100,,0.0,0.0,0.0,0.0,0.0,0.0,0.0,100.0,0.0,0.0,0.0,400,0,0.0,2000.0000000003492,2000.0,0.4141380786895752,100.0,,0.0,0.0,0.0,0.0,0.0,0.0,0.0,0.0,0.0,0.0,0.0,0.0,0.0,2000.0
6093,palawan_outer_east_small_2000_2,S2A_MSIL2A_20230601T021611_R003_T50PQT_20230601T103139,200,,0.0,0.0,0.0,0.0,0.0,0.0,0.0,100.0,0.0,0.0,0.0,100,0,0.0,2000.0000000003492,2000.0,0.3897559642791748,100.0,,0.0,0.0,0.0,0.0,0.0,0.0,0.0,0.0,0.0,0.0,0.0,0.0,0.0,2000.0
6100,palawan_outer_east_small_2000_2,S2A_MSIL2A_20230601T021611_R003_T50PQT_20230601T103139,500,,0.0,0.0,0.0,0.0,0.0,0.0,0.0,100.0,0.0,0.0,0.0,16,0,0.0,2000.0000000003492,2000.0,0.38274145126342773,100.0,,0.0,0.0,0.0,0.0,0.0,0.0,0.0,0.0,0.0,0.0,0.0,0.0,0.0,2000.0
6107,palawan_outer_east_small_2000_2,S2A_MSIL2A_20230601T021611_R003_T50PQT_20230601T103139,1000,,0.0,0.0,0.0,0.0,0.0,0.0,0.0,100.0,0.0,0.0,0.0,4,0,0.0,2000.0000000003492,2000.0,0.40456175804138184,100.0,,0.0,0.0,0.0,0.0,0.0,0.0,0.0,0.0,0.0,0.0,0.0,0.0,0.0,2000.0
6074,palawan_outer_east_small_2000_2,S2A_MSIL2A_20230611T021541_R003_T50PQT_20230611T092421,20,,0.0,0.0,0.0,0.0,0.0,0.0,0.0,100.0,0.0,0.0,0.0,10000,0,0.0,2000.0000000003492,2000.0,0.37496328353881836,100.0,,0.0,0.0,0.0,0.0,0.0,0.0,0.0,0.0,0.0,0.0,0.0,0.0,0.0,2000.0
6081,palawan_outer_east_small_2000_2,S2A_MSIL2A_20230611T021541_R003_T50PQT_20230611T092421,50,,0.0,0.0,0.0,0.0,0.0,0.0,0.0,100.0,0.0,0.0,0.0,1600,0,0.0,2000.0000000003492,2000.0,0.387831449508667,100.0,,0.0,0.0,0.0,0.0,0.0,0.0,0.0,0.0,0.0,0.0,0.0,0.0,0.0,2000.0
6088,palawan_outer_east_small_2000_2,S2A_MSIL2A_20230611T021541_R003_T50PQT_20230611T092421,100,,0.0,0.0,0.0,0.0,0.0,0.0,0.0,100.0,0.0,0.0,0.0,400,0,0.0,2000.0000000003492,2000.0,0.4141380786895752,100.0,,0.0,0.0,0.0,0.0,0.0,0.0,0.0,0.0,0.0,0.0,0.0,0.0,0.0,2000.0
6095,palawan_outer_east_small_2000_2,S2A_MSIL2A_20230611T021541_R003_T50PQT_20230611T092421,200,,0.0,0.0,0.0,0.0,0.0,0.0,0.0,100.0,0.0,0.0,0.0,100,0,0.0,2000.0000000003492,2000.0,0.3897559642791748,100.0,,0.0,0.0,0.0,0.0,0.0,0.0,0.0,0.0,0.0,0.0,0.0,0.0,0.0,2000.0
6102,palawan_outer_east_small_2000_2,S2A_MSIL2A_20230611T021541_R003_T50PQT_20230611T092421,500,,0.0,0.0,0.0,0.0,0.0,0.0,0.0,100.0,0.0,0.0,0.0,16,0,0.0,2000.0000000003492,2000.0,0.38274145126342773,100.0,,0.0,0.0,0.0,0.0,0.0,0.0,0.0,0.0,0.0,0.0,0.0,0.0,0.0,2000.0
6109,palawan_outer_east_small_2000_2,S2A_MSIL2A_20230611T021541_R003_T50PQT_20230611T092421,1000,,0.0,0.0,0.0,0.0,0.0,0.0,0.0,100.0,0.0,0.0,0.0,4,0,0.0,2000.0000000003492,2000.0,0.40456175804138184,100.0,,0.0,0.0,0.0,0.0,0.0,0.0,0.0,0.0,0.0,0.0,0.0,0.0,0.0,2000.0
6076,palawan_outer_east_small_2000_2,S2A_MSIL2A_20230621T021541_R003_T50PQT_20230621T085836,20,,0.0,0.0,11.65,6.07,0.06,80.58,0.26,1.38,0.0,0.0,0.0,10000,0,0.0,2000.0000000003492,2000.0,0.37496328353881836,1.38,,0.0,0.0,0.0,0.0,0.0,0.0,0.0,0.0,0.0,0.0,0.0,0.0,0.0,2000.0
6083,palawan_outer_east_small_2000_2,S2A_MSIL2A_20230621T021541_R003_T50PQT_20230621T085836,50,,0.0,0.0,11.6875,5.75,0.0,80.75,0.3125,1.5,0.0,0.0,0.0,1600,0,0.0,2000.0000000003492,2000.0,0.387831449508667,1.5,,0.0,0.0,0.037499999999999645,-0.3200000000000003,-0.06,0.1700000000000017,0.05249999999999999,0.1200000000000001,0.0,0.0,0.0,0.1200000000000001,0.3200000000000003,2000.0
6090,palawan_outer_east_small_2000_2,S2A_MSIL2A_20230621T021541_R003_T50PQT_20230621T085836,100,,0.0,0.0,12.5,6.0,0.0,80.0,0.25,1.25,0.0,0.0,0.0,400,0,0.0,2000.0000000003492,2000.0,0.4141380786895752,1.25,,0.0,0.0,0.8499999999999996,-0.07000000000000028,-0.06,-0.5799999999999983,-0.010000000000000009,-0.1299999999999999,0.0,0.0,0.0,-0.1299999999999999,0.8499999999999996,2000.0
6097,palawan_outer_east_small_2000_2,S2A_MSIL2A_20230621T021541_R003_T50PQT_20230621T085836,200,,0.0,0.0,13.0,3.0,0.0,84.0,0.0,0.0,0.0,0.0,0.0,100,0,0.0,2000.0000000003492,2000.0,0.3897559642791748,0.0,,0.0,0.0,1.3499999999999996,-3.0700000000000003,-0.06,3.4200000000000017,-0.26,-1.38,0.0,0.0,0.0,-1.38,3.4200000000000017,2000.0
6104,palawan_outer_east_small_2000_2,S2A_MSIL2A_20230621T021541_R003_T50PQT_20230621T085836,500,,0.0,0.0,6.25,0.0,0.0,87.5,0.0,6.25,0.0,0.0,0.0,16,0,0.0,2000.0000000003492,2000.0,0.38274145126342773,6.25,,0.0,0.0,-5.4,-6.07,-0.06,6.920000000000002,-0.26,4.87,0.0,0.0,0.0,4.87,6.920000000000002,2000.0
6111,palawan_outer_east_small_2000_2,S2A_MSIL2A_20230621T021541_R003_T50PQT_20230621T085836,1000,,0.0,0.0,25.0,0.0,0.0,75.0,0.0,0.0,0.0,0.0,0.0,4,0,0.0,2000.0000000003492,2000.0,0.40456175804138184,0.0,,0.0,0.0,13.35,-6.07,-0.06,-5.579999999999998,-0.26,-1.38,0.0,0.0,0.0,-1.38,13.35,2000.0
6078,palawan_outer_east_small_2000_2,S2A_MSIL2A_20230701T021541_R003_T50PQT_20230701T082624,20,,0.0,0.0,0.0,0.47,0.01,20.07,0.05,9.33,9.65,60.42,0.0,10000,0,0.0,2000.0000000003492,2000.0,0.37496328353881836,79.4,,0.0,0.0,0.0,0.0,0.0,0.0,0.0,0.0,0.0,0.0,0.0,0.0,0.0,2000.0
6085,palawan_outer_east_small_2000_2,S2A_MSIL2A_20230701T021541_R003_T50PQT_20230701T082624,50,,0.0,0.0,0.0,0.4375,0.0,20.6875,0.0625,9.1875,9.1875,60.4375,0.0,1600,0,0.0,2000.0000000003492,2000.0,0.387831449508667,78.8125,,0.0,0.0,0.0,-0.03249999999999997,-0.01,0.6174999999999997,0.012499999999999997,-0.14250000000000007,-0.46250000000000036,0.017499999999998295,0.0,-0.5875000000000057,0.6174999999999997,2000.0
6092,palawan_outer_east_small_2000_2,S2A_MSIL2A_20230701T021541_R003_T50PQT_20230701T082624,100,,0.0,0.0,0.0,0.25,0.0,20.75,0.25,9.25,9.75,59.75,0.0,400,0,0.0,2000.0000000003492,2000.0,0.4141380786895752,78.75,,0.0,0.0,0.0,-0.21999999999999997,-0.01,0.6799999999999997,0.2,-0.08000000000000007,0.09999999999999964,-0.6700000000000017,0.0,-0.6500000000000057,0.6799999999999997,2000.0
6099,palawan_outer_east_small_2000_2,S2A_MSIL2A_20230701T021541_R003_T50PQT_20230701T082624,200,,0.0,0.0,0.0,0.0,0.0,25.0,0.0,10.0,6.0,59.0,0.0,100,0,0.0,2000.0000000003492,2000.0,0.3897559642791748,75.0,,0.0,0.0,0.0,-0.47,-0.01,4.93,-0.05,0.6699999999999999,-3.6500000000000004,-1.4200000000000017,0.0,-4.400000000000006,4.93,2000.0
6106,palawan_outer_east_small_2000_2,S2A_MSIL2A_20230701T021541_R003_T50PQT_20230701T082624,500,,0.0,0.0,0.0,0.0,0.0,25.0,0.0,0.0,12.5,62.5,0.0,16,0,0.0,2000.0000000003492,2000.0,0.38274145126342773,75.0,,0.0,0.0,0.0,-0.47,-0.01,4.93,-0.05,-9.33,2.8499999999999996,2.0799999999999983,0.0,-4.400000000000006,4.93,2000.0
6113,palawan_outer_east_small_2000_2,S2A_MSIL2A_20230701T021541_R003_T50PQT_20230701T082624,1000,,0.0,0.0,0.0,0.0,0.0,25.0,0.0,25.0,0.0,50.0,0.0,4,0,0.0,2000.0000000003492,2000.0,0.40456175804138184,75.0,,0.0,0.0,0.0,-0.47,-0.01,4.93,-0.05,15.67,-9.65,-10.420000000000002,0.0,-4.400000000000006,4.93,2000.0
6073,palawan_outer_east_small_2000_2,S2B_MSIL2A_20230606T021539_R003_T50PQT_20230606T073506,20,,0.0,0.0,1.63,11.23,0.54,83.79,1.92,0.89,0.0,0.0,0.0,10000,0,0.0,2000.0000000003492,2000.0,0.37496328353881836,0.89,,0.0,0.0,0.0,0.0,0.0,0.0,0.0,0.0,0.0,0.0,0.0,0.0,0.0,2000.0
6080,palawan_outer_east_small_2000_2,S2B_MSIL2A_20230606T021539_R003_T50PQT_20230606T073506,50,,0.0,0.0,1.5,11.125,0.875,83.9375,1.875,0.6875,0.0,0.0,0.0,1600,0,0.0,2000.0000000003492,2000.0,0.387831449508667,0.6875,,0.0,0.0,-0.1299999999999999,-0.10500000000000043,0.33499999999999996,0.14749999999999375,-0.04499999999999993,-0.2025,0.0,0.0,0.0,-0.2025,0.33499999999999996,2000.0
6087,palawan_outer_east_small_2000_2,S2B_MSIL2A_20230606T021539_R003_T50PQT_20230606T073506,100,,0.0,0.0,1.5,12.25,0.75,83.25,1.5,0.75,0.0,0.0,0.0,400,0,0.0,2000.0000000003492,2000.0,0.4141380786895752,0.75,,0.0,0.0,-0.1299999999999999,1.0199999999999996,0.20999999999999996,-0.5400000000000063,-0.41999999999999993,-0.14,0.0,0.0,0.0,-0.14,1.0199999999999996,2000.0
6094,palawan_outer_east_small_2000_2,S2B_MSIL2A_20230606T021539_R003_T50PQT_20230606T073506,200,,0.0,0.0,1.0,10.0,0.0,86.0,0.0,3.0,0.0,0.0,0.0,100,0,0.0,2000.0000000003492,2000.0,0.3897559642791748,3.0,,0.0,0.0,-0.6299999999999999,-1.2300000000000004,-0.54,2.2099999999999937,-1.92,2.11,0.0,0.0,0.0,2.11,2.2099999999999937,2000.0
6101,palawan_outer_east_small_2000_2,S2B_MSIL2A_20230606T021539_R003_T50PQT_20230606T073506,500,,0.0,0.0,0.0,6.25,0.0,93.75,0.0,0.0,0.0,0.0,0.0,16,0,0.0,2000.0000000003492,2000.0,0.38274145126342773,0.0,,0.0,0.0,-1.63,-4.98,-0.54,9.959999999999994,-1.92,-0.89,0.0,0.0,0.0,-0.89,9.959999999999994,2000.0
6108,palawan_outer_east_small_2000_2,S2B_MSIL2A_20230606T021539_R003_T50PQT_20230606T073506,1000,,0.0,0.0,0.0,25.0,0.0,75.0,0.0,0.0,0.0,0.0,0.0,4,0,0.0,2000.0000000003492,2000.0,0.40456175804138184,0.0,,0.0,0.0,-1.63,13.77,-0.54,-8.790000000000006,-1.92,-0.89,0.0,0.0,0.0,-0.89,13.77,2000.0
6075,palawan_outer_east_small_2000_2,S2B_MSIL2A_20230616T021539_R003_T50PQT_20230616T083239,20,,0.0,0.0,0.0,0.0,0.0,0.0,0.0,8.02,5.77,86.21,0.0,10000,0,0.0,2000.0000000003492,2000.0,0.37496328353881836,100.0,,0.0,0.0,0.0,0.0,0.0,0.0,0.0,0.0,0.0,0.0,0.0,0.0,0.0,2000.0
6082,palawan_outer_east_small_2000_2,S2B_MSIL2A_20230616T021539_R003_T50PQT_20230616T083239,50,,0.0,0.0,0.0,0.0,0.0,0.0,0.0,7.8125,5.6875,86.5,0.0,1600,0,0.0,2000.0000000003492,2000.0,0.387831449508667,100.0,,0.0,0.0,0.0,0.0,0.0,0.0,0.0,-0.20749999999999957,-0.08249999999999957,0.29000000000000625,0.0,0.0,0.0,2000.0
6089,palawan_outer_east_small_2000_2,S2B_MSIL2A_20230616T021539_R003_T50PQT_20230616T083239,100,,0.0,0.0,0.0,0.0,0.0,0.0,0.0,8.5,5.25,86.25,0.0,400,0,0.0,2000.0000000003492,2000.0,0.4141380786895752,100.0,,0.0,0.0,0.0,0.0,0.0,0.0,0.0,0.4800000000000004,-0.5199999999999996,0.04000000000000625,0.0,0.0,0.0,2000.0
6096,palawan_outer_east_small_2000_2,S2B_MSIL2A_20230616T021539_R003_T50PQT_20230616T083239,200,,0.0,0.0,0.0,0.0,0.0,0.0,0.0,7.0,4.0,89.0,0.0,100,0,0.0,2000.0000000003492,2000.0,0.3897559642791748,100.0,,0.0,0.0,0.0,0.0,0.0,0.0,0.0,-1.0199999999999996,-1.7699999999999996,2.7900000000000063,0.0,0.0,0.0,2000.0
6103,palawan_outer_east_small_2000_2,S2B_MSIL2A_20230616T021539_R003_T50PQT_20230616T083239,500,,0.0,0.0,0.0,0.0,0.0,0.0,0.0,6.25,0.0,93.75,0.0,16,0,0.0,2000.0000000003492,2000.0,0.38274145126342773,100.0,,0.0,0.0,0.0,0.0,0.0,0.0,0.0,-1.7699999999999996,-5.77,7.540000000000006,0.0,0.0,0.0,2000.0
6110,palawan_outer_east_small_2000_2,S2B_MSIL2A_20230616T021539_R003_T50PQT_20230616T083239,1000,,0.0,0.0,0.0,0.0,0.0,0.0,0.0,0.0,0.0,100.0,0.0,4,0,0.0,2000.0000000003492,2000.0,0.40456175804138184,100.0,,0.0,0.0,0.0,0.0,0.0,0.0,0.0,-8.02,-5.77,13.790000000000006,0.0,0.0,0.0,2000.0
6077,palawan_outer_east_small_2000_2,S2B_MSIL2A_20230626T021539_R003_T50PQT_20230626T074054,20,,0.0,0.0,0.03,0.0,0.0,0.0,0.0,43.87,0.0,56.1,0.0,10000,0,0.0,2000.0000000003492,2000.0,0.37496328353881836,99.97,,0.0,0.0,0.0,0.0,0.0,0.0,0.0,0.0,0.0,0.0,0.0,0.0,0.0,2000.0
6084,palawan_outer_east_small_2000_2,S2B_MSIL2A_20230626T021539_R003_T50PQT_20230626T074054,50,,0.0,0.0,0.0625,0.0,0.0,0.0,0.0,42.9375,0.0,57.0,0.0,1600,0,0.0,2000.0000000003492,2000.0,0.387831449508667,99.9375,,0.0,0.0,0.0325,0.0,0.0,0.0,0.0,-0.9324999999999974,0.0,0.8999999999999986,0.0,-0.03249999999999886,0.0325,2000.0
6091,palawan_outer_east_small_2000_2,S2B_MSIL2A_20230626T021539_R003_T50PQT_20230626T074054,100,,0.0,0.0,0.25,0.0,0.0,0.0,0.0,41.25,0.0,58.5,0.0,400,0,0.0,2000.0000000003492,2000.0,0.4141380786895752,99.75,,0.0,0.0,0.22,0.0,0.0,0.0,0.0,-2.6199999999999974,0.0,2.3999999999999986,0.0,-0.21999999999999886,0.22,2000.0
6098,palawan_outer_east_small_2000_2,S2B_MSIL2A_20230626T021539_R003_T50PQT_20230626T074054,200,,0.0,0.0,0.0,0.0,0.0,0.0,0.0,37.0,0.0,63.0,0.0,100,0,0.0,2000.0000000003492,2000.0,0.3897559642791748,100.0,,0.0,0.0,-0.03,0.0,0.0,0.0,0.0,-6.869999999999997,0.0,6.899999999999999,0.0,0.030000000000001137,0.030000000000001137,2000.0
6105,palawan_outer_east_small_2000_2,S2B_MSIL2A_20230626T021539_R003_T50PQT_20230626T074054,500,,0.0,0.0,0.0,0.0,0.0,0.0,0.0,37.5,0.0,62.5,0.0,16,0,0.0,2000.0000000003492,2000.0,0.38274145126342773,100.0,,0.0,0.0,-0.03,0.0,0.0,0.0,0.0,-6.369999999999997,0.0,6.399999999999999,0.0,0.030000000000001137,0.030000000000001137,2000.0
6112,palawan_outer_east_small_2000_2,S2B_MSIL2A_20230626T021539_R003_T50PQT_20230626T074054,1000,,0.0,0.0,0.0,0.0,0.0,0.0,0.0,25.0,0.0,75.0,0.0,4,0,0.0,2000.0000000003492,2000.0,0.40456175804138184,100.0,,0.0,0.0,-0.03,0.0,0.0,0.0,0.0,-18.869999999999997,0.0,18.9,0.0,0.030000000000001137,0.030000000000001137,2000.0
6114,palawan_outer_east_small_2000_3,S2A_MSIL2A_20230601T021611_R003_T50PQT_20230601T103139,20,,0.0,0.0,0.0,0.0,0.0,0.0,0.0,100.0,0.0,0.0,0.0,10000,0,0.0,2000.0,2000.0000000002328,0.40351319313049316,100.0,,0.0,0.0,0.0,0.0,0.0,0.0,0.0,0.0,0.0,0.0,0.0,0.0,0.0,2000.0
6121,palawan_outer_east_small_2000_3,S2A_MSIL2A_20230601T021611_R003_T50PQT_20230601T103139,50,,0.0,0.0,0.0,0.0,0.0,0.0,0.0,100.0,0.0,0.0,0.0,1600,0,0.0,2000.0,2000.0000000002328,0.38642239570617676,100.0,,0.0,0.0,0.0,0.0,0.0,0.0,0.0,0.0,0.0,0.0,0.0,0.0,0.0,2000.0
6128,palawan_outer_east_small_2000_3,S2A_MSIL2A_20230601T021611_R003_T50PQT_20230601T103139,100,,0.0,0.0,0.0,0.0,0.0,0.0,0.0,100.0,0.0,0.0,0.0,400,0,0.0,2000.0,2000.0000000002328,0.39566564559936523,100.0,,0.0,0.0,0.0,0.0,0.0,0.0,0.0,0.0,0.0,0.0,0.0,0.0,0.0,2000.0
6135,palawan_outer_east_small_2000_3,S2A_MSIL2A_20230601T021611_R003_T50PQT_20230601T103139,200,,0.0,0.0,0.0,0.0,0.0,0.0,0.0,100.0,0.0,0.0,0.0,100,0,0.0,2000.0,2000.0000000002328,0.4126894474029541,100.0,,0.0,0.0,0.0,0.0,0.0,0.0,0.0,0.0,0.0,0.0,0.0,0.0,0.0,2000.0
6142,palawan_outer_east_small_2000_3,S2A_MSIL2A_20230601T021611_R003_T50PQT_20230601T103139,500,,0.0,0.0,0.0,0.0,0.0,0.0,0.0,100.0,0.0,0.0,0.0,16,0,0.0,2000.0,2000.0000000002328,0.7325725555419922,100.0,,0.0,0.0,0.0,0.0,0.0,0.0,0.0,0.0,0.0,0.0,0.0,0.0,0.0,2000.0
6149,palawan_outer_east_small_2000_3,S2A_MSIL2A_20230601T021611_R003_T50PQT_20230601T103139,1000,,0.0,0.0,0.0,0.0,0.0,0.0,0.0,100.0,0.0,0.0,0.0,4,0,0.0,2000.0,2000.0000000002328,0.523963212966919,100.0,,0.0,0.0,0.0,0.0,0.0,0.0,0.0,0.0,0.0,0.0,0.0,0.0,0.0,2000.0
6116,palawan_outer_east_small_2000_3,S2A_MSIL2A_20230611T021541_R003_T50PQT_20230611T092421,20,,0.0,0.0,0.0,0.0,0.0,0.0,0.0,100.0,0.0,0.0,0.0,10000,0,0.0,2000.0,2000.0000000002328,0.40351319313049316,100.0,,0.0,0.0,0.0,0.0,0.0,0.0,0.0,0.0,0.0,0.0,0.0,0.0,0.0,2000.0
6123,palawan_outer_east_small_2000_3,S2A_MSIL2A_20230611T021541_R003_T50PQT_20230611T092421,50,,0.0,0.0,0.0,0.0,0.0,0.0,0.0,100.0,0.0,0.0,0.0,1600,0,0.0,2000.0,2000.0000000002328,0.38642239570617676,100.0,,0.0,0.0,0.0,0.0,0.0,0.0,0.0,0.0,0.0,0.0,0.0,0.0,0.0,2000.0
6130,palawan_outer_east_small_2000_3,S2A_MSIL2A_20230611T021541_R003_T50PQT_20230611T092421,100,,0.0,0.0,0.0,0.0,0.0,0.0,0.0,100.0,0.0,0.0,0.0,400,0,0.0,2000.0,2000.0000000002328,0.39566564559936523,100.0,,0.0,0.0,0.0,0.0,0.0,0.0,0.0,0.0,0.0,0.0,0.0,0.0,0.0,2000.0
6137,palawan_outer_east_small_2000_3,S2A_MSIL2A_20230611T021541_R003_T50PQT_20230611T092421,200,,0.0,0.0,0.0,0.0,0.0,0.0,0.0,99.0,0.0,1.0,0.0,100,0,0.0,2000.0,2000.0000000002328,0.4126894474029541,100.0,,0.0,0.0,0.0,0.0,0.0,0.0,0.0,-1.0,0.0,1.0,0.0,0.0,0.0,2000.0
6144,palawan_outer_east_small_2000_3,S2A_MSIL2A_20230611T021541_R003_T50PQT_20230611T092421,500,,0.0,0.0,0.0,0.0,0.0,0.0,0.0,93.75,0.0,6.25,0.0,16,0,0.0,2000.0,2000.0000000002328,0.7325725555419922,100.0,,0.0,0.0,0.0,0.0,0.0,0.0,0.0,-6.25,0.0,6.25,0.0,0.0,0.0,2000.0
6151,palawan_outer_east_small_2000_3,S2A_MSIL2A_20230611T021541_R003_T50PQT_20230611T092421,1000,,0.0,0.0,0.0,0.0,0.0,0.0,0.0,100.0,0.0,0.0,0.0,4,0,0.0,2000.0,2000.0000000002328,0.523963212966919,100.0,,0.0,0.0,0.0,0.0,0.0,0.0,0.0,0.0,0.0,0.0,0.0,0.0,0.0,2000.0
6118,palawan_outer_east_small_2000_3,S2A_MSIL2A_20230621T021541_R003_T50PQT_20230621T085836,20,,0.0,0.02,6.28,6.14,0.24,70.75,0.8,7.73,8.04,0.0,0.0,10000,0,0.0,2000.0,2000.0000000002328,0.40351319313049316,15.77,,0.0,0.0,0.0,0.0,0.0,0.0,0.0,0.0,0.0,0.0,0.0,0.0,0.0,2000.0
6125,palawan_outer_east_small_2000_3,S2A_MSIL2A_20230621T021541_R003_T50PQT_20230621T085836,50,,0.0,0.0,5.875,6.3125,0.375,71.8125,0.75,7.1875,7.6875,0.0,0.0,1600,0,0.0,2000.0,2000.0000000002328,0.38642239570617676,14.875,,0.0,-0.02,-0.40500000000000025,0.17250000000000032,0.135,1.0625,-0.050000000000000044,-0.5425000000000004,-0.35249999999999915,0.0,0.0,-0.8949999999999996,1.0625,2000.0
6132,palawan_outer_east_small_2000_3,S2A_MSIL2A_20230621T021541_R003_T50PQT_20230621T085836,100,,0.0,0.0,5.75,6.0,0.25,73.5,0.75,7.0,6.75,0.0,0.0,400,0,0.0,2000.0,2000.0000000002328,0.39566564559936523,13.75,,0.0,-0.02,-0.5300000000000002,-0.13999999999999968,0.010000000000000009,2.75,-0.050000000000000044,-0.7300000000000004,-1.2899999999999991,0.0,0.0,-2.0199999999999996,2.75,2000.0
6139,palawan_outer_east_small_2000_3,S2A_MSIL2A_20230621T021541_R003_T50PQT_20230621T085836,200,,0.0,0.0,6.0,3.0,0.0,80.0,1.0,6.0,4.0,0.0,0.0,100,0,0.0,2000.0,2000.0000000002328,0.4126894474029541,10.0,,0.0,-0.02,-0.28000000000000025,-3.1399999999999997,-0.24,9.25,0.19999999999999996,-1.7300000000000004,-4.039999999999999,0.0,0.0,-5.77,9.25,2000.0
6146,palawan_outer_east_small_2000_3,S2A_MSIL2A_20230621T021541_R003_T50PQT_20230621T085836,500,,0.0,0.0,0.0,0.0,0.0,87.5,0.0,6.25,6.25,0.0,0.0,16,0,0.0,2000.0,2000.0000000002328,0.7325725555419922,12.5,,0.0,-0.02,-6.28,-6.14,-0.24,16.75,-0.8,-1.4800000000000004,-1.7899999999999991,0.0,0.0,-3.2699999999999996,16.75,2000.0
6153,palawan_outer_east_small_2000_3,S2A_MSIL2A_20230621T021541_R003_T50PQT_20230621T085836,1000,,0.0,0.0,0.0,0.0,0.0,100.0,0.0,0.0,0.0,0.0,0.0,4,0,0.0,2000.0,2000.0000000002328,0.523963212966919,0.0,,0.0,-0.02,-6.28,-6.14,-0.24,29.25,-0.8,-7.73,-8.04,0.0,0.0,-15.77,29.25,2000.0
6120,palawan_outer_east_small_2000_3,S2A_MSIL2A_20230701T021541_R003_T50PQT_20230701T082624,20,,0.0,0.0,0.0,2.63,0.0,38.01,0.0,0.74,0.06,58.56,0.0,10000,0,0.0,2000.0,2000.0000000002328,0.40351319313049316,59.36,,0.0,0.0,0.0,0.0,0.0,0.0,0.0,0.0,0.0,0.0,0.0,0.0,0.0,2000.0
6127,palawan_outer_east_small_2000_3,S2A_MSIL2A_20230701T021541_R003_T50PQT_20230701T082624,50,,0.0,0.0,0.0,2.625,0.0,38.9375,0.0,0.625,0.125,57.6875,0.0,1600,0,0.0,2000.0,2000.0000000002328,0.38642239570617676,58.4375,,0.0,0.0,0.0,-0.004999999999999893,0.0,0.927500000000002,0.0,-0.11499999999999999,0.065,-0.8725000000000023,0.0,-0.9224999999999994,0.927500000000002,2000.0
6134,palawan_outer_east_small_2000_3,S2A_MSIL2A_20230701T021541_R003_T50PQT_20230701T082624,100,,0.0,0.0,0.0,2.0,0.0,37.5,0.0,1.0,0.25,59.25,0.0,400,0,0.0,2000.0,2000.0000000002328,0.39566564559936523,60.5,,0.0,0.0,0.0,-0.6299999999999999,0.0,-0.509999999999998,0.0,0.26,0.19,0.6899999999999977,0.0,1.1400000000000006,1.1400000000000006,2000.0
6141,palawan_outer_east_small_2000_3,S2A_MSIL2A_20230701T021541_R003_T50PQT_20230701T082624,200,,0.0,0.0,0.0,1.0,0.0,44.0,0.0,1.0,0.0,54.0,0.0,100,0,0.0,2000.0,2000.0000000002328,0.4126894474029541,55.0,,0.0,0.0,0.0,-1.63,0.0,5.990000000000002,0.0,0.26,-0.06,-4.560000000000002,0.0,-4.359999999999999,5.990000000000002,2000.0
6148,palawan_outer_east_small_2000_3,S2A_MSIL2A_20230701T021541_R003_T50PQT_20230701T082624,500,,0.0,0.0,0.0,0.0,0.0,56.25,0.0,0.0,0.0,43.75,0.0,16,0,0.0,2000.0,2000.0000000002328,0.7325725555419922,43.75,,0.0,0.0,0.0,-2.63,0.0,18.240000000000002,0.0,-0.74,-0.06,-14.810000000000002,0.0,-15.61,18.240000000000002,2000.0
6155,palawan_outer_east_small_2000_3,S2A_MSIL2A_20230701T021541_R003_T50PQT_20230701T082624,1000,,0.0,0.0,0.0,0.0,0.0,50.0,0.0,0.0,0.0,50.0,0.0,4,0,0.0,2000.0,2000.0000000002328,0.523963212966919,50.0,,0.0,0.0,0.0,-2.63,0.0,11.990000000000002,0.0,-0.74,-0.06,-8.560000000000002,0.0,-9.36,11.990000000000002,2000.0
6115,palawan_outer_east_small_2000_3,S2B_MSIL2A_20230606T021539_R003_T50PQT_20230606T073506,20,,0.0,0.21,0.0,27.88,0.25,71.46,0.2,0.0,0.0,0.0,0.0,10000,0,0.0,2000.0,2000.0000000002328,0.40351319313049316,0.0,,0.0,0.0,0.0,0.0,0.0,0.0,0.0,0.0,0.0,0.0,0.0,0.0,0.0,2000.0
6122,palawan_outer_east_small_2000_3,S2B_MSIL2A_20230606T021539_R003_T50PQT_20230606T073506,50,,0.0,0.1875,0.0,26.8125,0.25,72.4375,0.3125,0.0,0.0,0.0,0.0,1600,0,0.0,2000.0,2000.0000000002328,0.38642239570617676,0.0,,0.0,-0.022499999999999992,0.0,-1.067499999999999,0.0,0.9775000000000063,0.11249999999999999,0.0,0.0,0.0,0.0,0.0,1.067499999999999,2000.0
6129,palawan_outer_east_small_2000_3,S2B_MSIL2A_20230606T021539_R003_T50PQT_20230606T073506,100,,0.0,0.25,0.0,25.5,0.25,74.0,0.0,0.0,0.0,0.0,0.0,400,0,0.0,2000.0,2000.0000000002328,0.39566564559936523,0.0,,0.0,0.04000000000000001,0.0,-2.379999999999999,0.0,2.5400000000000063,-0.2,0.0,0.0,0.0,0.0,0.0,2.5400000000000063,2000.0
6136,palawan_outer_east_small_2000_3,S2B_MSIL2A_20230606T021539_R003_T50PQT_20230606T073506,200,,0.0,1.0,0.0,20.0,0.0,79.0,0.0,0.0,0.0,0.0,0.0,100,0,0.0,2000.0,2000.0000000002328,0.4126894474029541,0.0,,0.0,0.79,0.0,-7.879999999999999,-0.25,7.540000000000006,-0.2,0.0,0.0,0.0,0.0,0.0,7.879999999999999,2000.0
6143,palawan_outer_east_small_2000_3,S2B_MSIL2A_20230606T021539_R003_T50PQT_20230606T073506,500,,0.0,0.0,0.0,12.5,0.0,87.5,0.0,0.0,0.0,0.0,0.0,16,0,0.0,2000.0,2000.0000000002328,0.7325725555419922,0.0,,0.0,-0.21,0.0,-15.379999999999999,-0.25,16.040000000000006,-0.2,0.0,0.0,0.0,0.0,0.0,16.040000000000006,2000.0
6150,palawan_outer_east_small_2000_3,S2B_MSIL2A_20230606T021539_R003_T50PQT_20230606T073506,1000,,0.0,0.0,0.0,0.0,0.0,100.0,0.0,0.0,0.0,0.0,0.0,4,0,0.0,2000.0,2000.0000000002328,0.523963212966919,0.0,,0.0,-0.21,0.0,-27.88,-0.25,28.540000000000006,-0.2,0.0,0.0,0.0,0.0,0.0,28.540000000000006,2000.0
6117,palawan_outer_east_small_2000_3,S2B_MSIL2A_20230616T021539_R003_T50PQT_20230616T083239,20,,0.0,0.0,0.0,0.0,0.0,0.0,0.0,5.54,7.4,87.06,0.0,10000,0,0.0,2000.0,2000.0000000002328,0.40351319313049316,100.0,,0.0,0.0,0.0,0.0,0.0,0.0,0.0,0.0,0.0,0.0,0.0,0.0,0.0,2000.0
6124,palawan_outer_east_small_2000_3,S2B_MSIL2A_20230616T021539_R003_T50PQT_20230616T083239,50,,0.0,0.0,0.0,0.0,0.0,0.0,0.0,5.625,6.9375,87.4375,0.0,1600,0,0.0,2000.0,2000.0000000002328,0.38642239570617676,100.0,,0.0,0.0,0.0,0.0,0.0,0.0,0.0,0.08499999999999996,-0.46250000000000036,0.3774999999999977,0.0,0.0,0.0,2000.0
6131,palawan_outer_east_small_2000_3,S2B_MSIL2A_20230616T021539_R003_T50PQT_20230616T083239,100,,0.0,0.0,0.0,0.0,0.0,0.0,0.0,5.0,6.25,88.75,0.0,400,0,0.0,2000.0,2000.0000000002328,0.39566564559936523,100.0,,0.0,0.0,0.0,0.0,0.0,0.0,0.0,-0.54,-1.1500000000000004,1.6899999999999977,0.0,0.0,0.0,2000.0
6138,palawan_outer_east_small_2000_3,S2B_MSIL2A_20230616T021539_R003_T50PQT_20230616T083239,200,,0.0,0.0,0.0,0.0,0.0,0.0,0.0,5.0,5.0,90.0,0.0,100,0,0.0,2000.0,2000.0000000002328,0.4126894474029541,100.0,,0.0,0.0,0.0,0.0,0.0,0.0,0.0,-0.54,-2.4000000000000004,2.9399999999999977,0.0,0.0,0.0,2000.0
6145,palawan_outer_east_small_2000_3,S2B_MSIL2A_20230616T021539_R003_T50PQT_20230616T083239,500,,0.0,0.0,0.0,0.0,0.0,0.0,0.0,0.0,6.25,93.75,0.0,16,0,0.0,2000.0,2000.0000000002328,0.7325725555419922,100.0,,0.0,0.0,0.0,0.0,0.0,0.0,0.0,-5.54,-1.1500000000000004,6.689999999999998,0.0,0.0,0.0,2000.0
6152,palawan_outer_east_small_2000_3,S2B_MSIL2A_20230616T021539_R003_T50PQT_20230616T083239,1000,,0.0,0.0,0.0,0.0,0.0,0.0,0.0,0.0,0.0,100.0,0.0,4,0,0.0,2000.0,2000.0000000002328,0.523963212966919,100.0,,0.0,0.0,0.0,0.0,0.0,0.0,0.0,-5.54,-7.4,12.939999999999998,0.0,0.0,0.0,2000.0
6119,palawan_outer_east_small_2000_3,S2B_MSIL2A_20230626T021539_R003_T50PQT_20230626T074054,20,,0.0,0.0,0.0,0.0,0.0,0.0,0.0,99.28,0.0,0.72,0.0,10000,0,0.0,2000.0,2000.0000000002328,0.40351319313049316,100.0,,0.0,0.0,0.0,0.0,0.0,0.0,0.0,0.0,0.0,0.0,0.0,0.0,0.0,2000.0
6126,palawan_outer_east_small_2000_3,S2B_MSIL2A_20230626T021539_R003_T50PQT_20230626T074054,50,,0.0,0.0,0.0,0.0,0.0,0.0,0.0,99.25,0.0,0.75,0.0,1600,0,0.0,2000.0,2000.0000000002328,0.38642239570617676,100.0,,0.0,0.0,0.0,0.0,0.0,0.0,0.0,-0.030000000000001137,0.0,0.030000000000000027,0.0,0.0,0.0,2000.0
6133,palawan_outer_east_small_2000_3,S2B_MSIL2A_20230626T021539_R003_T50PQT_20230626T074054,100,,0.0,0.0,0.0,0.0,0.0,0.0,0.0,99.25,0.0,0.75,0.0,400,0,0.0,2000.0,2000.0000000002328,0.39566564559936523,100.0,,0.0,0.0,0.0,0.0,0.0,0.0,0.0,-0.030000000000001137,0.0,0.030000000000000027,0.0,0.0,0.0,2000.0
6140,palawan_outer_east_small_2000_3,S2B_MSIL2A_20230626T021539_R003_T50PQT_20230626T074054,200,,0.0,0.0,0.0,0.0,0.0,0.0,0.0,100.0,0.0,0.0,0.0,100,0,0.0,2000.0,2000.0000000002328,0.4126894474029541,100.0,,0.0,0.0,0.0,0.0,0.0,0.0,0.0,0.7199999999999989,0.0,-0.72,0.0,0.0,0.0,2000.0
6147,palawan_outer_east_small_2000_3,S2B_MSIL2A_20230626T021539_R003_T50PQT_20230626T074054,500,,0.0,0.0,0.0,0.0,0.0,0.0,0.0,100.0,0.0,0.0,0.0,16,0,0.0,2000.0,2000.0000000002328,0.7325725555419922,100.0,,0.0,0.0,0.0,0.0,0.0,0.0,0.0,0.7199999999999989,0.0,-0.72,0.0,0.0,0.0,2000.0
6154,palawan_outer_east_small_2000_3,S2B_MSIL2A_20230626T021539_R003_T50PQT_20230626T074054,1000,,0.0,0.0,0.0,0.0,0.0,0.0,0.0,100.0,0.0,0.0,0.0,4,0,0.0,2000.0,2000.0000000002328,0.523963212966919,100.0,,0.0,0.0,0.0,0.0,0.0,0.0,0.0,0.7199999999999989,0.0,-0.72,0.0,0.0,0.0,2000.0
6156,palawan_outer_east_small_2000_4,S2A_MSIL2A_20230601T021611_R003_T50PQT_20230601T103139,20,,0.0,0.0,0.0,0.0,0.0,0.0,0.0,100.0,0.0,0.0,0.0,10000,0,0.0,2000.0000000020955,2000.0,0.39692187309265137,100.0,,0.0,0.0,0.0,0.0,0.0,0.0,0.0,0.0,0.0,0.0,0.0,0.0,0.0,2000.0
6163,palawan_outer_east_small_2000_4,S2A_MSIL2A_20230601T021611_R003_T50PQT_20230601T103139,50,,0.0,0.0,0.0,0.0,0.0,0.0,0.0,100.0,0.0,0.0,0.0,1600,0,0.0,2000.0000000020955,2000.0,0.38649988174438477,100.0,,0.0,0.0,0.0,0.0,0.0,0.0,0.0,0.0,0.0,0.0,0.0,0.0,0.0,2000.0
6170,palawan_outer_east_small_2000_4,S2A_MSIL2A_20230601T021611_R003_T50PQT_20230601T103139,100,,0.0,0.0,0.0,0.0,0.0,0.0,0.0,100.0,0.0,0.0,0.0,400,0,0.0,2000.0000000020955,2000.0,0.40632057189941406,100.0,,0.0,0.0,0.0,0.0,0.0,0.0,0.0,0.0,0.0,0.0,0.0,0.0,0.0,2000.0
6177,palawan_outer_east_small_2000_4,S2A_MSIL2A_20230601T021611_R003_T50PQT_20230601T103139,200,,0.0,0.0,0.0,0.0,0.0,0.0,0.0,100.0,0.0,0.0,0.0,100,0,0.0,2000.0000000020955,2000.0,0.38048267364501953,100.0,,0.0,0.0,0.0,0.0,0.0,0.0,0.0,0.0,0.0,0.0,0.0,0.0,0.0,2000.0
6184,palawan_outer_east_small_2000_4,S2A_MSIL2A_20230601T021611_R003_T50PQT_20230601T103139,500,,0.0,0.0,0.0,0.0,0.0,0.0,0.0,100.0,0.0,0.0,0.0,16,0,0.0,2000.0000000020955,2000.0,0.47553443908691406,100.0,,0.0,0.0,0.0,0.0,0.0,0.0,0.0,0.0,0.0,0.0,0.0,0.0,0.0,2000.0
6191,palawan_outer_east_small_2000_4,S2A_MSIL2A_20230601T021611_R003_T50PQT_20230601T103139,1000,,0.0,0.0,0.0,0.0,0.0,0.0,0.0,100.0,0.0,0.0,0.0,4,0,0.0,2000.0000000020955,2000.0,0.37670350074768066,100.0,,0.0,0.0,0.0,0.0,0.0,0.0,0.0,0.0,0.0,0.0,0.0,0.0,0.0,2000.0
6158,palawan_outer_east_small_2000_4,S2A_MSIL2A_20230611T021541_R003_T50PQT_20230611T092421,20,,0.0,0.0,0.0,0.0,0.0,0.0,0.0,56.32,0.16,43.52,0.0,10000,0,0.0,2000.0000000020955,2000.0,0.39692187309265137,100.0,,0.0,0.0,0.0,0.0,0.0,0.0,0.0,0.0,0.0,0.0,0.0,0.0,0.0,2000.0
6165,palawan_outer_east_small_2000_4,S2A_MSIL2A_20230611T021541_R003_T50PQT_20230611T092421,50,,0.0,0.0,0.0,0.0,0.0,0.0,0.0,55.1875,0.125,44.6875,0.0,1600,0,0.0,2000.0000000020955,2000.0,0.38649988174438477,100.0,,0.0,0.0,0.0,0.0,0.0,0.0,0.0,-1.1325000000000003,-0.035,1.1674999999999969,0.0,0.0,0.0,2000.0
6172,palawan_outer_east_small_2000_4,S2A_MSIL2A_20230611T021541_R003_T50PQT_20230611T092421,100,,0.0,0.0,0.0,0.0,0.0,0.0,0.0,53.25,0.25,46.5,0.0,400,0,0.0,2000.0000000020955,2000.0,0.40632057189941406,100.0,,0.0,0.0,0.0,0.0,0.0,0.0,0.0,-3.0700000000000003,0.09,2.979999999999997,0.0,0.0,0.0,2000.0
6179,palawan_outer_east_small_2000_4,S2A_MSIL2A_20230611T021541_R003_T50PQT_20230611T092421,200,,0.0,0.0,0.0,0.0,0.0,0.0,0.0,47.0,0.0,53.0,0.0,100,0,0.0,2000.0000000020955,2000.0,0.38048267364501953,100.0,,0.0,0.0,0.0,0.0,0.0,0.0,0.0,-9.32,-0.16,9.479999999999997,0.0,0.0,0.0,2000.0
6186,palawan_outer_east_small_2000_4,S2A_MSIL2A_20230611T021541_R003_T50PQT_20230611T092421,500,,0.0,0.0,0.0,0.0,0.0,0.0,0.0,50.0,0.0,50.0,0.0,16,0,0.0,2000.0000000020955,2000.0,0.47553443908691406,100.0,,0.0,0.0,0.0,0.0,0.0,0.0,0.0,-6.32,-0.16,6.479999999999997,0.0,0.0,0.0,2000.0
6193,palawan_outer_east_small_2000_4,S2A_MSIL2A_20230611T021541_R003_T50PQT_20230611T092421,1000,,0.0,0.0,0.0,0.0,0.0,0.0,0.0,50.0,0.0,50.0,0.0,4,0,0.0,2000.0000000020955,2000.0,0.37670350074768066,100.0,,0.0,0.0,0.0,0.0,0.0,0.0,0.0,-6.32,-0.16,6.479999999999997,0.0,0.0,0.0,2000.0
6160,palawan_outer_east_small_2000_4,S2A_MSIL2A_20230621T021541_R003_T50PQT_20230621T085836,20,,0.0,0.0,4.92,0.0,0.0,0.63,0.0,51.37,13.63,29.45,0.0,10000,0,0.0,2000.0000000020955,2000.0,0.39692187309265137,94.45,,0.0,0.0,0.0,0.0,0.0,0.0,0.0,0.0,0.0,0.0,0.0,0.0,0.0,2000.0
6167,palawan_outer_east_small_2000_4,S2A_MSIL2A_20230621T021541_R003_T50PQT_20230621T085836,50,,0.0,0.0,5.1875,0.0,0.0,0.625,0.0,51.75,13.0625,29.375,0.0,1600,0,0.0,2000.0000000020955,2000.0,0.38649988174438477,94.1875,,0.0,0.0,0.26750000000000007,0.0,0.0,-0.0050000000000000044,0.0,0.38000000000000256,-0.5675000000000008,-0.07499999999999929,0.0,-0.26250000000000284,0.26750000000000007,2000.0
6174,palawan_outer_east_small_2000_4,S2A_MSIL2A_20230621T021541_R003_T50PQT_20230621T085836,100,,0.0,0.0,5.25,0.0,0.0,0.0,0.0,50.75,12.25,31.75,0.0,400,0,0.0,2000.0000000020955,2000.0,0.40632057189941406,94.75,,0.0,0.0,0.33000000000000007,0.0,0.0,-0.63,0.0,-0.6199999999999974,-1.3800000000000008,2.3000000000000007,0.0,0.29999999999999716,0.63,2000.0
6181,palawan_outer_east_small_2000_4,S2A_MSIL2A_20230621T021541_R003_T50PQT_20230621T085836,200,,0.0,0.0,6.0,0.0,0.0,1.0,0.0,45.0,12.0,36.0,0.0,100,0,0.0,2000.0000000020955,2000.0,0.38048267364501953,93.0,,0.0,0.0,1.08,0.0,0.0,0.37,0.0,-6.369999999999997,-1.6300000000000008,6.550000000000001,0.0,-1.4500000000000028,1.4500000000000028,2000.0
6188,palawan_outer_east_small_2000_4,S2A_MSIL2A_20230621T021541_R003_T50PQT_20230621T085836,500,,0.0,0.0,6.25,0.0,0.0,6.25,0.0,68.75,0.0,18.75,0.0,16,0,0.0,2000.0000000020955,2000.0,0.47553443908691406,87.5,,0.0,0.0,1.33,0.0,0.0,5.62,0.0,17.380000000000003,-13.63,-10.7,0.0,-6.950000000000003,6.950000000000003,2000.0
6195,palawan_outer_east_small_2000_4,S2A_MSIL2A_20230621T021541_R003_T50PQT_20230621T085836,1000,,0.0,0.0,25.0,0.0,0.0,0.0,0.0,50.0,0.0,25.0,0.0,4,0,0.0,2000.0000000020955,2000.0,0.37670350074768066,75.0,,0.0,0.0,20.08,0.0,0.0,-0.63,0.0,-1.3699999999999974,-13.63,-4.449999999999999,0.0,-19.450000000000003,20.08,2000.0
6162,palawan_outer_east_small_2000_4,S2A_MSIL2A_20230701T021541_R003_T50PQT_20230701T082624,20,,0.0,0.17,0.75,20.5,0.58,14.51,0.24,4.42,1.86,56.97,0.0,10000,0,0.0,2000.0000000020955,2000.0,0.39692187309265137,63.25,,0.0,0.0,0.0,0.0,0.0,0.0,0.0,0.0,0.0,0.0,0.0,0.0,0.0,2000.0
6169,palawan_outer_east_small_2000_4,S2A_MSIL2A_20230701T021541_R003_T50PQT_20230701T082624,50,,0.0,0.1875,0.6875,20.3125,0.4375,14.5625,0.25,4.3125,2.1875,57.0625,0.0,1600,0,0.0,2000.0000000020955,2000.0,0.38649988174438477,63.5625,,0.0,0.017499999999999988,-0.0625,-0.1875,-0.14249999999999996,0.05250000000000021,0.010000000000000009,-0.10749999999999993,0.3274999999999999,0.09250000000000114,0.0,0.3125,0.3125,2000.0
6176,palawan_outer_east_small_2000_4,S2A_MSIL2A_20230701T021541_R003_T50PQT_20230701T082624,100,,0.0,0.0,0.5,19.5,0.25,14.5,0.0,4.25,2.5,58.5,0.0,400,0,0.0,2000.0000000020955,2000.0,0.40632057189941406,65.25,,0.0,-0.17,-0.25,-1.0,-0.32999999999999996,-0.009999999999999787,-0.24,-0.16999999999999993,0.6399999999999999,1.5300000000000011,0.0,2.0,2.0,2000.0
6183,palawan_outer_east_small_2000_4,S2A_MSIL2A_20230701T021541_R003_T50PQT_20230701T082624,200,,0.0,0.0,1.0,19.0,1.0,16.0,0.0,4.0,4.0,55.0,0.0,100,0,0.0,2000.0000000020955,2000.0,0.38048267364501953,63.0,,0.0,-0.17,0.25,-1.5,0.42000000000000004,1.4900000000000002,-0.24,-0.41999999999999993,2.1399999999999997,-1.9699999999999989,0.0,-0.25,1.5,2000.0
6190,palawan_outer_east_small_2000_4,S2A_MSIL2A_20230701T021541_R003_T50PQT_20230701T082624,500,,0.0,0.0,0.0,18.75,0.0,18.75,0.0,0.0,6.25,56.25,0.0,16,0,0.0,2000.0000000020955,2000.0,0.47553443908691406,62.5,,0.0,-0.17,-0.75,-1.75,-0.58,4.24,-0.24,-4.42,4.39,-0.7199999999999989,0.0,-0.75,4.24,2000.0
6197,palawan_outer_east_small_2000_4,S2A_MSIL2A_20230701T021541_R003_T50PQT_20230701T082624,1000,,0.0,0.0,0.0,25.0,0.0,0.0,0.0,0.0,25.0,50.0,0.0,4,0,0.0,2000.0000000020955,2000.0,0.37670350074768066,75.0,,0.0,-0.17,-0.75,4.5,-0.58,-14.51,-0.24,-4.42,23.14,-6.969999999999999,0.0,11.75,14.51,2000.0
6157,palawan_outer_east_small_2000_4,S2B_MSIL2A_20230606T021539_R003_T50PQT_20230606T073506,20,,0.0,0.36,0.0,53.55,1.76,44.08,0.25,0.0,0.0,0.0,0.0,10000,0,0.0,2000.0000000020955,2000.0,0.39692187309265137,0.0,,0.0,0.0,0.0,0.0,0.0,0.0,0.0,0.0,0.0,0.0,0.0,0.0,0.0,2000.0
6164,palawan_outer_east_small_2000_4,S2B_MSIL2A_20230606T021539_R003_T50PQT_20230606T073506,50,,0.0,0.25,0.0,52.75,1.5625,45.0625,0.375,0.0,0.0,0.0,0.0,1600,0,0.0,2000.0000000020955,2000.0,0.38649988174438477,0.0,,0.0,-0.10999999999999999,0.0,-0.7999999999999972,-0.1975,0.9825000000000017,0.125,0.0,0.0,0.0,0.0,0.0,0.9825000000000017,2000.0
6171,palawan_outer_east_small_2000_4,S2B_MSIL2A_20230606T021539_R003_T50PQT_20230606T073506,100,,0.0,0.25,0.0,51.5,1.75,46.5,0.0,0.0,0.0,0.0,0.0,400,0,0.0,2000.0000000020955,2000.0,0.40632057189941406,0.0,,0.0,-0.10999999999999999,0.0,-2.049999999999997,-0.010000000000000009,2.4200000000000017,-0.25,0.0,0.0,0.0,0.0,0.0,2.4200000000000017,2000.0
6178,palawan_outer_east_small_2000_4,S2B_MSIL2A_20230606T021539_R003_T50PQT_20230606T073506,200,,0.0,0.0,0.0,46.0,3.0,50.0,1.0,0.0,0.0,0.0,0.0,100,0,0.0,2000.0000000020955,2000.0,0.38048267364501953,0.0,,0.0,-0.36,0.0,-7.549999999999997,1.24,5.920000000000002,0.75,0.0,0.0,0.0,0.0,0.0,7.549999999999997,2000.0
6185,palawan_outer_east_small_2000_4,S2B_MSIL2A_20230606T021539_R003_T50PQT_20230606T073506,500,,0.0,0.0,0.0,37.5,0.0,62.5,0.0,0.0,0.0,0.0,0.0,16,0,0.0,2000.0000000020955,2000.0,0.47553443908691406,0.0,,0.0,-0.36,0.0,-16.049999999999997,-1.76,18.42,-0.25,0.0,0.0,0.0,0.0,0.0,18.42,2000.0
6192,palawan_outer_east_small_2000_4,S2B_MSIL2A_20230606T021539_R003_T50PQT_20230606T073506,1000,,0.0,0.0,0.0,50.0,0.0,50.0,0.0,0.0,0.0,0.0,0.0,4,0,0.0,2000.0000000020955,2000.0,0.37670350074768066,0.0,,0.0,-0.36,0.0,-3.549999999999997,-1.76,5.920000000000002,-0.25,0.0,0.0,0.0,0.0,0.0,5.920000000000002,2000.0
6159,palawan_outer_east_small_2000_4,S2B_MSIL2A_20230616T021539_R003_T50PQT_20230616T083239,20,,0.0,0.0,0.0,0.0,0.02,0.0,0.0,2.47,0.07,97.44,0.0,10000,0,0.0,2000.0000000020955,2000.0,0.39692187309265137,99.98,,0.0,0.0,0.0,0.0,0.0,0.0,0.0,0.0,0.0,0.0,0.0,0.0,0.0,2000.0
6166,palawan_outer_east_small_2000_4,S2B_MSIL2A_20230616T021539_R003_T50PQT_20230616T083239,50,,0.0,0.0,0.0,0.0,0.0625,0.0,0.0,2.3125,0.0625,97.5625,0.0,1600,0,0.0,2000.0000000020955,2000.0,0.38649988174438477,99.9375,,0.0,0.0,0.0,0.0,0.042499999999999996,0.0,0.0,-0.1575000000000002,-0.007500000000000007,0.12250000000000227,0.0,-0.04250000000000398,0.04250000000000398,2000.0
6173,palawan_outer_east_small_2000_4,S2B_MSIL2A_20230616T021539_R003_T50PQT_20230616T083239,100,,0.0,0.0,0.0,0.0,0.0,0.0,0.0,2.25,0.25,97.5,0.0,400,0,0.0,2000.0000000020955,2000.0,0.40632057189941406,100.0,,0.0,0.0,0.0,0.0,-0.02,0.0,0.0,-0.2200000000000002,0.18,0.060000000000002274,0.0,0.01999999999999602,0.02,2000.0
6180,palawan_outer_east_small_2000_4,S2B_MSIL2A_20230616T021539_R003_T50PQT_20230616T083239,200,,0.0,0.0,0.0,0.0,0.0,0.0,0.0,1.0,0.0,99.0,0.0,100,0,0.0,2000.0000000020955,2000.0,0.38048267364501953,100.0,,0.0,0.0,0.0,0.0,-0.02,0.0,0.0,-1.4700000000000002,-0.07,1.5600000000000023,0.0,0.01999999999999602,0.02,2000.0
6187,palawan_outer_east_small_2000_4,S2B_MSIL2A_20230616T021539_R003_T50PQT_20230616T083239,500,,0.0,0.0,0.0,0.0,0.0,0.0,0.0,0.0,0.0,100.0,0.0,16,0,0.0,2000.0000000020955,2000.0,0.47553443908691406,100.0,,0.0,0.0,0.0,0.0,-0.02,0.0,0.0,-2.47,-0.07,2.5600000000000023,0.0,0.01999999999999602,0.02,2000.0
6194,palawan_outer_east_small_2000_4,S2B_MSIL2A_20230616T021539_R003_T50PQT_20230616T083239,1000,,0.0,0.0,0.0,0.0,0.0,0.0,0.0,0.0,0.0,100.0,0.0,4,0,0.0,2000.0000000020955,2000.0,0.37670350074768066,100.0,,0.0,0.0,0.0,0.0,-0.02,0.0,0.0,-2.47,-0.07,2.5600000000000023,0.0,0.01999999999999602,0.02,2000.0
6161,palawan_outer_east_small_2000_4,S2B_MSIL2A_20230626T021539_R003_T50PQT_20230626T074054,20,,0.0,0.0,0.0,0.0,0.0,0.0,0.0,39.78,16.32,43.9,0.0,10000,0,0.0,2000.0000000020955,2000.0,0.39692187309265137,100.0,,0.0,0.0,0.0,0.0,0.0,0.0,0.0,0.0,0.0,0.0,0.0,0.0,0.0,2000.0
6168,palawan_outer_east_small_2000_4,S2B_MSIL2A_20230626T021539_R003_T50PQT_20230626T074054,50,,0.0,0.0,0.0,0.0,0.0,0.0,0.0,40.5,15.75,43.75,0.0,1600,0,0.0,2000.0000000020955,2000.0,0.38649988174438477,100.0,,0.0,0.0,0.0,0.0,0.0,0.0,0.0,0.7199999999999989,-0.5700000000000003,-0.14999999999999858,0.0,0.0,0.0,2000.0
6175,palawan_outer_east_small_2000_4,S2B_MSIL2A_20230626T021539_R003_T50PQT_20230626T074054,100,,0.0,0.0,0.0,0.0,0.0,0.0,0.0,41.5,14.5,44.0,0.0,400,0,0.0,2000.0000000020955,2000.0,0.40632057189941406,100.0,,0.0,0.0,0.0,0.0,0.0,0.0,0.0,1.7199999999999989,-1.8200000000000003,0.10000000000000142,0.0,0.0,0.0,2000.0
6182,palawan_outer_east_small_2000_4,S2B_MSIL2A_20230626T021539_R003_T50PQT_20230626T074054,200,,0.0,0.0,0.0,0.0,0.0,0.0,0.0,43.0,12.0,45.0,0.0,100,0,0.0,2000.0000000020955,2000.0,0.38048267364501953,100.0,,0.0,0.0,0.0,0.0,0.0,0.0,0.0,3.219999999999999,-4.32,1.1000000000000014,0.0,0.0,0.0,2000.0
6189,palawan_outer_east_small_2000_4,S2B_MSIL2A_20230626T021539_R003_T50PQT_20230626T074054,500,,0.0,0.0,0.0,0.0,0.0,0.0,0.0,62.5,6.25,31.25,0.0,16,0,0.0,2000.0000000020955,2000.0,0.47553443908691406,100.0,,0.0,0.0,0.0,0.0,0.0,0.0,0.0,22.72,-10.07,-12.649999999999999,0.0,0.0,0.0,2000.0
6196,palawan_outer_east_small_2000_4,S2B_MSIL2A_20230626T021539_R003_T50PQT_20230626T074054,1000,,0.0,0.0,0.0,0.0,0.0,0.0,0.0,25.0,0.0,75.0,0.0,4,0,0.0,2000.0000000020955,2000.0,0.37670350074768066,100.0,,0.0,0.0,0.0,0.0,0.0,0.0,0.0,-14.780000000000001,-16.32,31.1,0.0,0.0,0.0,2000.0
6198,palawan_outer_east_small_2000_5,S2A_MSIL2A_20230601T021611_R003_T50PQT_20230601T103139,20,,0.0,0.0,0.0,0.0,0.0,0.0,0.0,100.0,0.0,0.0,0.0,10000,0,0.0,2000.0000000020955,2000.0000000002328,0.37845420837402344,100.0,,0.0,0.0,0.0,0.0,0.0,0.0,0.0,0.0,0.0,0.0,0.0,0.0,0.0,2000.0
6205,palawan_outer_east_small_2000_5,S2A_MSIL2A_20230601T021611_R003_T50PQT_20230601T103139,50,,0.0,0.0,0.0,0.0,0.0,0.0,0.0,100.0,0.0,0.0,0.0,1600,0,0.0,2000.0000000020955,2000.0000000002328,0.38512396812438965,100.0,,0.0,0.0,0.0,0.0,0.0,0.0,0.0,0.0,0.0,0.0,0.0,0.0,0.0,2000.0
6212,palawan_outer_east_small_2000_5,S2A_MSIL2A_20230601T021611_R003_T50PQT_20230601T103139,100,,0.0,0.0,0.0,0.0,0.0,0.0,0.0,100.0,0.0,0.0,0.0,400,0,0.0,2000.0000000020955,2000.0000000002328,0.3948554992675781,100.0,,0.0,0.0,0.0,0.0,0.0,0.0,0.0,0.0,0.0,0.0,0.0,0.0,0.0,2000.0
6219,palawan_outer_east_small_2000_5,S2A_MSIL2A_20230601T021611_R003_T50PQT_20230601T103139,200,,0.0,0.0,0.0,0.0,0.0,0.0,0.0,100.0,0.0,0.0,0.0,100,0,0.0,2000.0000000020955,2000.0000000002328,0.3654470443725586,100.0,,0.0,0.0,0.0,0.0,0.0,0.0,0.0,0.0,0.0,0.0,0.0,0.0,0.0,2000.0
6226,palawan_outer_east_small_2000_5,S2A_MSIL2A_20230601T021611_R003_T50PQT_20230601T103139,500,,0.0,0.0,0.0,0.0,0.0,0.0,0.0,100.0,0.0,0.0,0.0,16,0,0.0,2000.0000000020955,2000.0000000002328,0.3931729793548584,100.0,,0.0,0.0,0.0,0.0,0.0,0.0,0.0,0.0,0.0,0.0,0.0,0.0,0.0,2000.0
6233,palawan_outer_east_small_2000_5,S2A_MSIL2A_20230601T021611_R003_T50PQT_20230601T103139,1000,,0.0,0.0,0.0,0.0,0.0,0.0,0.0,100.0,0.0,0.0,0.0,4,0,0.0,2000.0000000020955,2000.0000000002328,0.38193225860595703,100.0,,0.0,0.0,0.0,0.0,0.0,0.0,0.0,0.0,0.0,0.0,0.0,0.0,0.0,2000.0
6200,palawan_outer_east_small_2000_5,S2A_MSIL2A_20230611T021541_R003_T50PQT_20230611T092421,20,,0.0,0.0,0.0,0.0,0.0,0.0,0.0,99.62,0.38,0.0,0.0,10000,0,0.0,2000.0000000020955,2000.0000000002328,0.37845420837402344,100.0,,0.0,0.0,0.0,0.0,0.0,0.0,0.0,0.0,0.0,0.0,0.0,0.0,0.0,2000.0
6207,palawan_outer_east_small_2000_5,S2A_MSIL2A_20230611T021541_R003_T50PQT_20230611T092421,50,,0.0,0.0,0.0,0.0,0.0,0.0,0.0,99.5625,0.4375,0.0,0.0,1600,0,0.0,2000.0000000020955,2000.0000000002328,0.38512396812438965,100.0,,0.0,0.0,0.0,0.0,0.0,0.0,0.0,-0.05750000000000455,0.057499999999999996,0.0,0.0,0.0,0.0,2000.0
6214,palawan_outer_east_small_2000_5,S2A_MSIL2A_20230611T021541_R003_T50PQT_20230611T092421,100,,0.0,0.0,0.0,0.0,0.0,0.0,0.0,100.0,0.0,0.0,0.0,400,0,0.0,2000.0000000020955,2000.0000000002328,0.3948554992675781,100.0,,0.0,0.0,0.0,0.0,0.0,0.0,0.0,0.37999999999999545,-0.38,0.0,0.0,0.0,0.0,2000.0
6221,palawan_outer_east_small_2000_5,S2A_MSIL2A_20230611T021541_R003_T50PQT_20230611T092421,200,,0.0,0.0,0.0,0.0,0.0,0.0,0.0,99.0,0.0,1.0,0.0,100,0,0.0,2000.0000000020955,2000.0000000002328,0.3654470443725586,100.0,,0.0,0.0,0.0,0.0,0.0,0.0,0.0,-0.6200000000000045,-0.38,1.0,0.0,0.0,0.0,2000.0
6228,palawan_outer_east_small_2000_5,S2A_MSIL2A_20230611T021541_R003_T50PQT_20230611T092421,500,,0.0,0.0,0.0,0.0,0.0,0.0,0.0,100.0,0.0,0.0,0.0,16,0,0.0,2000.0000000020955,2000.0000000002328,0.3931729793548584,100.0,,0.0,0.0,0.0,0.0,0.0,0.0,0.0,0.37999999999999545,-0.38,0.0,0.0,0.0,0.0,2000.0
6235,palawan_outer_east_small_2000_5,S2A_MSIL2A_20230611T021541_R003_T50PQT_20230611T092421,1000,,0.0,0.0,0.0,0.0,0.0,0.0,0.0,100.0,0.0,0.0,0.0,4,0,0.0,2000.0000000020955,2000.0000000002328,0.38193225860595703,100.0,,0.0,0.0,0.0,0.0,0.0,0.0,0.0,0.37999999999999545,-0.38,0.0,0.0,0.0,0.0,2000.0
6202,palawan_outer_east_small_2000_5,S2A_MSIL2A_20230621T021541_R003_T50PQT_20230621T085836,20,,0.0,0.0,0.1,20.76,1.51,60.45,0.88,4.43,7.07,4.8,0.0,10000,0,0.0,2000.0000000020955,2000.0000000002328,0.37845420837402344,16.3,,0.0,0.0,0.0,0.0,0.0,0.0,0.0,0.0,0.0,0.0,0.0,0.0,0.0,2000.0
6209,palawan_outer_east_small_2000_5,S2A_MSIL2A_20230621T021541_R003_T50PQT_20230621T085836,50,,0.0,0.0,0.1875,20.1875,1.75,60.4375,0.9375,4.6875,6.875,4.9375,0.0,1600,0,0.0,2000.0000000020955,2000.0000000002328,0.38512396812438965,16.5,,0.0,0.0,0.0875,-0.5725000000000016,0.24,-0.012500000000002842,0.057499999999999996,0.2575000000000003,-0.19500000000000028,0.13750000000000018,0.0,0.1999999999999993,0.5725000000000016,2000.0
6216,palawan_outer_east_small_2000_5,S2A_MSIL2A_20230621T021541_R003_T50PQT_20230621T085836,100,,0.0,0.0,0.5,20.0,1.75,58.0,1.25,4.75,8.0,5.75,0.0,400,0,0.0,2000.0000000020955,2000.0000000002328,0.3948554992675781,18.5,,0.0,0.0,0.4,-0.7600000000000016,0.24,-2.450000000000003,0.37,0.3200000000000003,0.9299999999999997,0.9500000000000002,0.0,2.1999999999999993,2.450000000000003,2000.0
6223,palawan_outer_east_small_2000_5,S2A_MSIL2A_20230621T021541_R003_T50PQT_20230621T085836,200,,0.0,0.0,1.0,18.0,1.0,62.0,1.0,6.0,6.0,5.0,0.0,100,0,0.0,2000.0000000020955,2000.0000000002328,0.3654470443725586,17.0,,0.0,0.0,0.9,-2.7600000000000016,-0.51,1.5499999999999972,0.12,1.5700000000000003,-1.0700000000000003,0.20000000000000018,0.0,0.6999999999999993,2.7600000000000016,2000.0
6230,palawan_outer_east_small_2000_5,S2A_MSIL2A_20230621T021541_R003_T50PQT_20230621T085836,500,,0.0,0.0,0.0,12.5,0.0,75.0,0.0,6.25,0.0,6.25,0.0,16,0,0.0,2000.0000000020955,2000.0000000002328,0.3931729793548584,12.5,,0.0,0.0,-0.1,-8.260000000000002,-1.51,14.549999999999997,-0.88,1.8200000000000003,-7.07,1.4500000000000002,0.0,-3.8000000000000007,14.549999999999997,2000.0
6237,palawan_outer_east_small_2000_5,S2A_MSIL2A_20230621T021541_R003_T50PQT_20230621T085836,1000,,0.0,0.0,0.0,25.0,0.0,75.0,0.0,0.0,0.0,0.0,0.0,4,0,0.0,2000.0000000020955,2000.0000000002328,0.38193225860595703,0.0,,0.0,0.0,-0.1,4.239999999999998,-1.51,14.549999999999997,-0.88,-4.43,-7.07,-4.8,0.0,-16.3,16.3,2000.0
6204,palawan_outer_east_small_2000_5,S2A_MSIL2A_20230701T021541_R003_T50PQT_20230701T082624,20,,0.0,0.0,4.21,9.21,1.01,50.37,1.34,7.14,5.97,20.75,0.0,10000,0,0.0,2000.0000000020955,2000.0000000002328,0.37845420837402344,33.86,,0.0,0.0,0.0,0.0,0.0,0.0,0.0,0.0,0.0,0.0,0.0,0.0,0.0,2000.0
6211,palawan_outer_east_small_2000_5,S2A_MSIL2A_20230701T021541_R003_T50PQT_20230701T082624,50,,0.0,0.0,4.1875,9.375,0.875,50.6875,1.1875,6.75,5.8125,21.125,0.0,1600,0,0.0,2000.0000000020955,2000.0000000002328,0.38512396812438965,33.6875,,0.0,0.0,-0.022499999999999964,0.16499999999999915,-0.135,0.31750000000000256,-0.15250000000000008,-0.3899999999999997,-0.15749999999999975,0.375,0.0,-0.17249999999999943,0.31750000000000256,2000.0
6218,palawan_outer_east_small_2000_5,S2A_MSIL2A_20230701T021541_R003_T50PQT_20230701T082624,100,,0.0,0.0,4.25,10.5,1.25,48.5,1.0,7.5,5.5,21.5,0.0,400,0,0.0,2000.0000000020955,2000.0000000002328,0.3948554992675781,34.5,,0.0,0.0,0.040000000000000036,1.2899999999999991,0.24,-1.8699999999999974,-0.3400000000000001,0.3600000000000003,-0.46999999999999975,0.75,0.0,0.6400000000000006,1.8699999999999974,2000.0
6225,palawan_outer_east_small_2000_5,S2A_MSIL2A_20230701T021541_R003_T50PQT_20230701T082624,200,,0.0,0.0,5.0,10.0,3.0,52.0,1.0,3.0,7.0,19.0,0.0,100,0,0.0,2000.0000000020955,2000.0000000002328,0.3654470443725586,29.0,,0.0,0.0,0.79,0.7899999999999991,1.99,1.6300000000000026,-0.3400000000000001,-4.14,1.0300000000000002,-1.75,0.0,-4.859999999999999,4.859999999999999,2000.0
6232,palawan_outer_east_small_2000_5,S2A_MSIL2A_20230701T021541_R003_T50PQT_20230701T082624,500,,0.0,0.0,6.25,6.25,0.0,56.25,0.0,12.5,0.0,18.75,0.0,16,0,0.0,2000.0000000020955,2000.0000000002328,0.3931729793548584,31.25,,0.0,0.0,2.04,-2.960000000000001,-1.01,5.880000000000003,-1.34,5.36,-5.97,-2.0,0.0,-2.6099999999999994,5.880000000000003,2000.0
6239,palawan_outer_east_small_2000_5,S2A_MSIL2A_20230701T021541_R003_T50PQT_20230701T082624,1000,,0.0,0.0,0.0,0.0,0.0,50.0,0.0,0.0,25.0,25.0,0.0,4,0,0.0,2000.0000000020955,2000.0000000002328,0.38193225860595703,50.0,,0.0,0.0,-4.21,-9.21,-1.01,-0.36999999999999744,-1.34,-7.14,19.03,4.25,0.0,16.14,16.14,2000.0
6199,palawan_outer_east_small_2000_5,S2B_MSIL2A_20230606T021539_R003_T50PQT_20230606T073506,20,,0.0,0.01,4.77,29.16,2.24,60.97,0.36,2.36,0.13,0.0,0.0,10000,0,0.0,2000.0000000020955,2000.0000000002328,0.37845420837402344,2.4899999999999998,,0.0,0.0,0.0,0.0,0.0,0.0,0.0,0.0,0.0,0.0,0.0,0.0,0.0,2000.0
6206,palawan_outer_east_small_2000_5,S2B_MSIL2A_20230606T021539_R003_T50PQT_20230606T073506,50,,0.0,0.0,4.75,28.75,2.3125,61.3125,0.375,2.375,0.125,0.0,0.0,1600,0,0.0,2000.0000000020955,2000.0000000002328,0.38512396812438965,2.5,,0.0,-0.01,-0.019999999999999574,-0.41000000000000014,0.07249999999999979,0.34250000000000114,0.015000000000000013,0.015000000000000124,-0.0050000000000000044,0.0,0.0,0.010000000000000231,0.41000000000000014,2000.0
6213,palawan_outer_east_small_2000_5,S2B_MSIL2A_20230606T021539_R003_T50PQT_20230606T073506,100,,0.0,0.0,5.0,30.25,2.25,59.5,0.0,3.0,0.0,0.0,0.0,400,0,0.0,2000.0000000020955,2000.0000000002328,0.3948554992675781,3.0,,0.0,-0.01,0.23000000000000043,1.0899999999999999,0.009999999999999787,-1.4699999999999989,-0.36,0.6400000000000001,-0.13,0.0,0.0,0.5100000000000002,1.4699999999999989,2000.0
6220,palawan_outer_east_small_2000_5,S2B_MSIL2A_20230606T021539_R003_T50PQT_20230606T073506,200,,0.0,0.0,5.0,26.0,2.0,64.0,1.0,2.0,0.0,0.0,0.0,100,0,0.0,2000.0000000020955,2000.0000000002328,0.3654470443725586,2.0,,0.0,-0.01,0.23000000000000043,-3.16,-0.2400000000000002,3.030000000000001,0.64,-0.3599999999999999,-0.13,0.0,0.0,-0.48999999999999977,3.16,2000.0
6227,palawan_outer_east_small_2000_5,S2B_MSIL2A_20230606T021539_R003_T50PQT_20230606T073506,500,,0.0,0.0,0.0,18.75,0.0,81.25,0.0,0.0,0.0,0.0,0.0,16,0,0.0,2000.0000000020955,2000.0000000002328,0.3931729793548584,0.0,,0.0,-0.01,-4.77,-10.41,-2.24,20.28,-0.36,-2.36,-0.13,0.0,0.0,-2.4899999999999998,20.28,2000.0
6234,palawan_outer_east_small_2000_5,S2B_MSIL2A_20230606T021539_R003_T50PQT_20230606T073506,1000,,0.0,0.0,25.0,25.0,0.0,50.0,0.0,0.0,0.0,0.0,0.0,4,0,0.0,2000.0000000020955,2000.0000000002328,0.38193225860595703,0.0,,0.0,-0.01,20.23,-4.16,-2.24,-10.969999999999999,-0.36,-2.36,-0.13,0.0,0.0,-2.4899999999999998,20.23,2000.0
6201,palawan_outer_east_small_2000_5,S2B_MSIL2A_20230616T021539_R003_T50PQT_20230616T083239,20,,0.0,0.0,0.0,0.0,0.0,0.0,0.0,18.02,28.06,53.92,0.0,10000,0,0.0,2000.0000000020955,2000.0000000002328,0.37845420837402344,100.0,,0.0,0.0,0.0,0.0,0.0,0.0,0.0,0.0,0.0,0.0,0.0,0.0,0.0,2000.0
6208,palawan_outer_east_small_2000_5,S2B_MSIL2A_20230616T021539_R003_T50PQT_20230616T083239,50,,0.0,0.0,0.0,0.0,0.0,0.0,0.0,18.3125,27.125,54.5625,0.0,1600,0,0.0,2000.0000000020955,2000.0000000002328,0.38512396812438965,100.0,,0.0,0.0,0.0,0.0,0.0,0.0,0.0,0.2925000000000004,-0.9349999999999987,0.6424999999999983,0.0,0.0,0.0,2000.0
6215,palawan_outer_east_small_2000_5,S2B_MSIL2A_20230616T021539_R003_T50PQT_20230616T083239,100,,0.0,0.0,0.0,0.0,0.0,0.0,0.0,19.25,26.5,54.25,0.0,400,0,0.0,2000.0000000020955,2000.0000000002328,0.3948554992675781,100.0,,0.0,0.0,0.0,0.0,0.0,0.0,0.0,1.2300000000000004,-1.5599999999999987,0.3299999999999983,0.0,0.0,0.0,2000.0
6222,palawan_outer_east_small_2000_5,S2B_MSIL2A_20230616T021539_R003_T50PQT_20230616T083239,200,,0.0,0.0,0.0,0.0,0.0,0.0,0.0,21.0,23.0,56.0,0.0,100,0,0.0,2000.0000000020955,2000.0000000002328,0.3654470443725586,100.0,,0.0,0.0,0.0,0.0,0.0,0.0,0.0,2.9800000000000004,-5.059999999999999,2.0799999999999983,0.0,0.0,0.0,2000.0
6229,palawan_outer_east_small_2000_5,S2B_MSIL2A_20230616T021539_R003_T50PQT_20230616T083239,500,,0.0,0.0,0.0,0.0,0.0,0.0,0.0,25.0,18.75,56.25,0.0,16,0,0.0,2000.0000000020955,2000.0000000002328,0.3931729793548584,100.0,,0.0,0.0,0.0,0.0,0.0,0.0,0.0,6.98,-9.309999999999999,2.3299999999999983,0.0,0.0,0.0,2000.0
6236,palawan_outer_east_small_2000_5,S2B_MSIL2A_20230616T021539_R003_T50PQT_20230616T083239,1000,,0.0,0.0,0.0,0.0,0.0,0.0,0.0,0.0,25.0,75.0,0.0,4,0,0.0,2000.0000000020955,2000.0000000002328,0.38193225860595703,100.0,,0.0,0.0,0.0,0.0,0.0,0.0,0.0,-18.02,-3.0599999999999987,21.08,0.0,0.0,0.0,2000.0
6203,palawan_outer_east_small_2000_5,S2B_MSIL2A_20230626T021539_R003_T50PQT_20230626T074054,20,,0.0,0.0,1.07,0.0,0.01,17.29,0.0,10.71,17.82,53.1,0.0,10000,0,0.0,2000.0000000020955,2000.0000000002328,0.37845420837402344,81.63,,0.0,0.0,0.0,0.0,0.0,0.0,0.0,0.0,0.0,0.0,0.0,0.0,0.0,2000.0
6210,palawan_outer_east_small_2000_5,S2B_MSIL2A_20230626T021539_R003_T50PQT_20230626T074054,50,,0.0,0.0,1.0625,0.0,0.0,17.5,0.0,10.1875,18.125,53.125,0.0,1600,0,0.0,2000.0000000020955,2000.0000000002328,0.38512396812438965,81.4375,,0.0,0.0,-0.007500000000000062,0.0,-0.01,0.21000000000000085,0.0,-0.5225000000000009,0.3049999999999997,0.02499999999999858,0.0,-0.19249999999999545,0.21000000000000085,2000.0
6217,palawan_outer_east_small_2000_5,S2B_MSIL2A_20230626T021539_R003_T50PQT_20230626T074054,100,,0.0,0.0,1.0,0.0,0.0,17.5,0.0,10.75,20.0,50.75,0.0,400,0,0.0,2000.0000000020955,2000.0000000002328,0.3948554992675781,81.5,,0.0,0.0,-0.07000000000000006,0.0,-0.01,0.21000000000000085,0.0,0.03999999999999915,2.1799999999999997,-2.3500000000000014,0.0,-0.12999999999999545,0.21000000000000085,2000.0
6224,palawan_outer_east_small_2000_5,S2B_MSIL2A_20230626T021539_R003_T50PQT_20230626T074054,200,,0.0,0.0,1.0,0.0,0.0,18.0,0.0,13.0,16.0,52.0,0.0,100,0,0.0,2000.0000000020955,2000.0000000002328,0.3654470443725586,81.0,,0.0,0.0,-0.07000000000000006,0.0,-0.01,0.7100000000000009,0.0,2.289999999999999,-1.8200000000000003,-1.1000000000000014,0.0,-0.6299999999999955,0.7100000000000009,2000.0
6231,palawan_outer_east_small_2000_5,S2B_MSIL2A_20230626T021539_R003_T50PQT_20230626T074054,500,,0.0,0.0,0.0,0.0,0.0,31.25,0.0,6.25,18.75,43.75,0.0,16,0,0.0,2000.0000000020955,2000.0000000002328,0.3931729793548584,68.75,,0.0,0.0,-1.07,0.0,-0.01,13.96,0.0,-4.460000000000001,0.9299999999999997,-9.350000000000001,0.0,-12.879999999999995,13.96,2000.0
6238,palawan_outer_east_small_2000_5,S2B_MSIL2A_20230626T021539_R003_T50PQT_20230626T074054,1000,,0.0,0.0,0.0,0.0,0.0,25.0,0.0,0.0,25.0,50.0,0.0,4,0,0.0,2000.0000000020955,2000.0000000002328,0.38193225860595703,75.0,,0.0,0.0,-1.07,0.0,-0.01,7.710000000000001,0.0,-10.71,7.18,-3.1000000000000014,0.0,-6.6299999999999955,7.710000000000001,2000.0
6240,palawan_outer_east_small_2000_6,S2A_MSIL2A_20230601T021611_R003_T50PQT_20230601T103139,20,,0.0,0.0,0.0,0.0,0.0,0.0,0.0,100.0,0.0,0.0,0.0,10000,0,0.0,2000.0000000009313,2000.0000000002328,0.42647838592529297,100.0,,0.0,0.0,0.0,0.0,0.0,0.0,0.0,0.0,0.0,0.0,0.0,0.0,0.0,2000.0
6247,palawan_outer_east_small_2000_6,S2A_MSIL2A_20230601T021611_R003_T50PQT_20230601T103139,50,,0.0,0.0,0.0,0.0,0.0,0.0,0.0,100.0,0.0,0.0,0.0,1600,0,0.0,2000.0000000009313,2000.0000000002328,0.9238874912261963,100.0,,0.0,0.0,0.0,0.0,0.0,0.0,0.0,0.0,0.0,0.0,0.0,0.0,0.0,2000.0
6254,palawan_outer_east_small_2000_6,S2A_MSIL2A_20230601T021611_R003_T50PQT_20230601T103139,100,,0.0,0.0,0.0,0.0,0.0,0.0,0.0,100.0,0.0,0.0,0.0,400,0,0.0,2000.0000000009313,2000.0000000002328,0.41780781745910645,100.0,,0.0,0.0,0.0,0.0,0.0,0.0,0.0,0.0,0.0,0.0,0.0,0.0,0.0,2000.0
6261,palawan_outer_east_small_2000_6,S2A_MSIL2A_20230601T021611_R003_T50PQT_20230601T103139,200,,0.0,0.0,0.0,0.0,0.0,0.0,0.0,100.0,0.0,0.0,0.0,100,0,0.0,2000.0000000009313,2000.0000000002328,0.4010915756225586,100.0,,0.0,0.0,0.0,0.0,0.0,0.0,0.0,0.0,0.0,0.0,0.0,0.0,0.0,2000.0
6268,palawan_outer_east_small_2000_6,S2A_MSIL2A_20230601T021611_R003_T50PQT_20230601T103139,500,,0.0,0.0,0.0,0.0,0.0,0.0,0.0,100.0,0.0,0.0,0.0,16,0,0.0,2000.0000000009313,2000.0000000002328,0.39306163787841797,100.0,,0.0,0.0,0.0,0.0,0.0,0.0,0.0,0.0,0.0,0.0,0.0,0.0,0.0,2000.0
6275,palawan_outer_east_small_2000_6,S2A_MSIL2A_20230601T021611_R003_T50PQT_20230601T103139,1000,,0.0,0.0,0.0,0.0,0.0,0.0,0.0,100.0,0.0,0.0,0.0,4,0,0.0,2000.0000000009313,2000.0000000002328,0.43083930015563965,100.0,,0.0,0.0,0.0,0.0,0.0,0.0,0.0,0.0,0.0,0.0,0.0,0.0,0.0,2000.0
6242,palawan_outer_east_small_2000_6,S2A_MSIL2A_20230611T021541_R003_T50PQT_20230611T092421,20,,0.0,0.0,0.0,0.0,0.0,0.0,0.0,99.72,0.0,0.28,0.0,10000,0,0.0,2000.0000000009313,2000.0000000002328,0.42647838592529297,100.0,,0.0,0.0,0.0,0.0,0.0,0.0,0.0,0.0,0.0,0.0,0.0,0.0,0.0,2000.0
6249,palawan_outer_east_small_2000_6,S2A_MSIL2A_20230611T021541_R003_T50PQT_20230611T092421,50,,0.0,0.0,0.0,0.0,0.0,0.0,0.0,99.875,0.0,0.125,0.0,1600,0,0.0,2000.0000000009313,2000.0000000002328,0.9238874912261963,100.0,,0.0,0.0,0.0,0.0,0.0,0.0,0.0,0.15500000000000114,0.0,-0.15500000000000003,0.0,0.0,0.0,2000.0
6256,palawan_outer_east_small_2000_6,S2A_MSIL2A_20230611T021541_R003_T50PQT_20230611T092421,100,,0.0,0.0,0.0,0.0,0.0,0.0,0.0,100.0,0.0,0.0,0.0,400,0,0.0,2000.0000000009313,2000.0000000002328,0.41780781745910645,100.0,,0.0,0.0,0.0,0.0,0.0,0.0,0.0,0.28000000000000114,0.0,-0.28,0.0,0.0,0.0,2000.0
6263,palawan_outer_east_small_2000_6,S2A_MSIL2A_20230611T021541_R003_T50PQT_20230611T092421,200,,0.0,0.0,0.0,0.0,0.0,0.0,0.0,100.0,0.0,0.0,0.0,100,0,0.0,2000.0000000009313,2000.0000000002328,0.4010915756225586,100.0,,0.0,0.0,0.0,0.0,0.0,0.0,0.0,0.28000000000000114,0.0,-0.28,0.0,0.0,0.0,2000.0
6270,palawan_outer_east_small_2000_6,S2A_MSIL2A_20230611T021541_R003_T50PQT_20230611T092421,500,,0.0,0.0,0.0,0.0,0.0,0.0,0.0,100.0,0.0,0.0,0.0,16,0,0.0,2000.0000000009313,2000.0000000002328,0.39306163787841797,100.0,,0.0,0.0,0.0,0.0,0.0,0.0,0.0,0.28000000000000114,0.0,-0.28,0.0,0.0,0.0,2000.0
6277,palawan_outer_east_small_2000_6,S2A_MSIL2A_20230611T021541_R003_T50PQT_20230611T092421,1000,,0.0,0.0,0.0,0.0,0.0,0.0,0.0,100.0,0.0,0.0,0.0,4,0,0.0,2000.0000000009313,2000.0000000002328,0.43083930015563965,100.0,,0.0,0.0,0.0,0.0,0.0,0.0,0.0,0.28000000000000114,0.0,-0.28,0.0,0.0,0.0,2000.0
6244,palawan_outer_east_small_2000_6,S2A_MSIL2A_20230621T021541_R003_T50PQT_20230621T085836,20,,0.0,0.0,0.0,0.13,0.0,94.36,0.0,5.51,0.0,0.0,0.0,10000,0,0.0,2000.0000000009313,2000.0000000002328,0.42647838592529297,5.51,,0.0,0.0,0.0,0.0,0.0,0.0,0.0,0.0,0.0,0.0,0.0,0.0,0.0,2000.0
6251,palawan_outer_east_small_2000_6,S2A_MSIL2A_20230621T021541_R003_T50PQT_20230621T085836,50,,0.0,0.0,0.0,0.0,0.0,94.625,0.0,5.375,0.0,0.0,0.0,1600,0,0.0,2000.0000000009313,2000.0000000002328,0.9238874912261963,5.375,,0.0,0.0,0.0,-0.13,0.0,0.26500000000000057,0.0,-0.1349999999999998,0.0,0.0,0.0,-0.1349999999999998,0.26500000000000057,2000.0
6258,palawan_outer_east_small_2000_6,S2A_MSIL2A_20230621T021541_R003_T50PQT_20230621T085836,100,,0.0,0.0,0.0,0.0,0.0,94.5,0.0,5.5,0.0,0.0,0.0,400,0,0.0,2000.0000000009313,2000.0000000002328,0.41780781745910645,5.5,,0.0,0.0,0.0,-0.13,0.0,0.14000000000000057,0.0,-0.009999999999999787,0.0,0.0,0.0,-0.009999999999999787,0.14000000000000057,2000.0
6265,palawan_outer_east_small_2000_6,S2A_MSIL2A_20230621T021541_R003_T50PQT_20230621T085836,200,,0.0,0.0,0.0,0.0,0.0,94.0,0.0,6.0,0.0,0.0,0.0,100,0,0.0,2000.0000000009313,2000.0000000002328,0.4010915756225586,6.0,,0.0,0.0,0.0,-0.13,0.0,-0.35999999999999943,0.0,0.4900000000000002,0.0,0.0,0.0,0.4900000000000002,0.4900000000000002,2000.0
6272,palawan_outer_east_small_2000_6,S2A_MSIL2A_20230621T021541_R003_T50PQT_20230621T085836,500,,0.0,0.0,0.0,0.0,0.0,93.75,0.0,6.25,0.0,0.0,0.0,16,0,0.0,2000.0000000009313,2000.0000000002328,0.39306163787841797,6.25,,0.0,0.0,0.0,-0.13,0.0,-0.6099999999999994,0.0,0.7400000000000002,0.0,0.0,0.0,0.7400000000000002,0.7400000000000002,2000.0
6279,palawan_outer_east_small_2000_6,S2A_MSIL2A_20230621T021541_R003_T50PQT_20230621T085836,1000,,0.0,0.0,0.0,0.0,0.0,100.0,0.0,0.0,0.0,0.0,0.0,4,0,0.0,2000.0000000009313,2000.0000000002328,0.43083930015563965,0.0,,0.0,0.0,0.0,-0.13,0.0,5.640000000000001,0.0,-5.51,0.0,0.0,0.0,-5.51,5.640000000000001,2000.0
6246,palawan_outer_east_small_2000_6,S2A_MSIL2A_20230701T021541_R003_T50PQT_20230701T082624,20,,0.0,0.0,0.0,0.0,0.0,96.02,0.0,1.38,0.78,1.82,0.0,10000,0,0.0,2000.0000000009313,2000.0000000002328,0.42647838592529297,3.9800000000000004,,0.0,0.0,0.0,0.0,0.0,0.0,0.0,0.0,0.0,0.0,0.0,0.0,0.0,2000.0
6253,palawan_outer_east_small_2000_6,S2A_MSIL2A_20230701T021541_R003_T50PQT_20230701T082624,50,,0.0,0.0,0.0,0.0,0.0,96.0625,0.0,1.25,0.6875,2.0,0.0,1600,0,0.0,2000.0000000009313,2000.0000000002328,0.9238874912261963,3.9375,,0.0,0.0,0.0,0.0,0.0,0.04250000000000398,0.0,-0.1299999999999999,-0.09250000000000003,0.17999999999999994,0.0,-0.042500000000000426,0.04250000000000398,2000.0
6260,palawan_outer_east_small_2000_6,S2A_MSIL2A_20230701T021541_R003_T50PQT_20230701T082624,100,,0.0,0.0,0.0,0.0,0.0,95.25,0.0,1.25,1.0,2.5,0.0,400,0,0.0,2000.0000000009313,2000.0000000002328,0.41780781745910645,4.75,,0.0,0.0,0.0,0.0,0.0,-0.769999999999996,0.0,-0.1299999999999999,0.21999999999999997,0.6799999999999999,0.0,0.7699999999999996,0.7699999999999996,2000.0
6267,palawan_outer_east_small_2000_6,S2A_MSIL2A_20230701T021541_R003_T50PQT_20230701T082624,200,,0.0,0.0,0.0,0.0,0.0,92.0,0.0,2.0,0.0,6.0,0.0,100,0,0.0,2000.0000000009313,2000.0000000002328,0.4010915756225586,8.0,,0.0,0.0,0.0,0.0,0.0,-4.019999999999996,0.0,0.6200000000000001,-0.78,4.18,0.0,4.02,4.02,2000.0
6274,palawan_outer_east_small_2000_6,S2A_MSIL2A_20230701T021541_R003_T50PQT_20230701T082624,500,,0.0,0.0,0.0,0.0,0.0,87.5,0.0,0.0,0.0,12.5,0.0,16,0,0.0,2000.0000000009313,2000.0000000002328,0.39306163787841797,12.5,,0.0,0.0,0.0,0.0,0.0,-8.519999999999996,0.0,-1.38,-0.78,10.68,0.0,8.52,8.52,2000.0
6281,palawan_outer_east_small_2000_6,S2A_MSIL2A_20230701T021541_R003_T50PQT_20230701T082624,1000,,0.0,0.0,0.0,0.0,0.0,100.0,0.0,0.0,0.0,0.0,0.0,4,0,0.0,2000.0000000009313,2000.0000000002328,0.43083930015563965,0.0,,0.0,0.0,0.0,0.0,0.0,3.980000000000004,0.0,-1.38,-0.78,-1.82,0.0,-3.9800000000000004,3.980000000000004,2000.0
6241,palawan_outer_east_small_2000_6,S2B_MSIL2A_20230606T021539_R003_T50PQT_20230606T073506,20,,0.0,0.0,0.0,0.13,0.01,99.86,0.0,0.0,0.0,0.0,0.0,10000,0,0.0,2000.0000000009313,2000.0000000002328,0.42647838592529297,0.0,,0.0,0.0,0.0,0.0,0.0,0.0,0.0,0.0,0.0,0.0,0.0,0.0,0.0,2000.0
6248,palawan_outer_east_small_2000_6,S2B_MSIL2A_20230606T021539_R003_T50PQT_20230606T073506,50,,0.0,0.0,0.0,0.0,0.0,100.0,0.0,0.0,0.0,0.0,0.0,1600,0,0.0,2000.0000000009313,2000.0000000002328,0.9238874912261963,0.0,,0.0,0.0,0.0,-0.13,-0.01,0.14000000000000057,0.0,0.0,0.0,0.0,0.0,0.0,0.14000000000000057,2000.0
6255,palawan_outer_east_small_2000_6,S2B_MSIL2A_20230606T021539_R003_T50PQT_20230606T073506,100,,0.0,0.0,0.0,0.0,0.0,100.0,0.0,0.0,0.0,0.0,0.0,400,0,0.0,2000.0000000009313,2000.0000000002328,0.41780781745910645,0.0,,0.0,0.0,0.0,-0.13,-0.01,0.14000000000000057,0.0,0.0,0.0,0.0,0.0,0.0,0.14000000000000057,2000.0
6262,palawan_outer_east_small_2000_6,S2B_MSIL2A_20230606T021539_R003_T50PQT_20230606T073506,200,,0.0,0.0,0.0,0.0,0.0,100.0,0.0,0.0,0.0,0.0,0.0,100,0,0.0,2000.0000000009313,2000.0000000002328,0.4010915756225586,0.0,,0.0,0.0,0.0,-0.13,-0.01,0.14000000000000057,0.0,0.0,0.0,0.0,0.0,0.0,0.14000000000000057,2000.0
6269,palawan_outer_east_small_2000_6,S2B_MSIL2A_20230606T021539_R003_T50PQT_20230606T073506,500,,0.0,0.0,0.0,0.0,0.0,100.0,0.0,0.0,0.0,0.0,0.0,16,0,0.0,2000.0000000009313,2000.0000000002328,0.39306163787841797,0.0,,0.0,0.0,0.0,-0.13,-0.01,0.14000000000000057,0.0,0.0,0.0,0.0,0.0,0.0,0.14000000000000057,2000.0
6276,palawan_outer_east_small_2000_6,S2B_MSIL2A_20230606T021539_R003_T50PQT_20230606T073506,1000,,0.0,0.0,0.0,0.0,0.0,100.0,0.0,0.0,0.0,0.0,0.0,4,0,0.0,2000.0000000009313,2000.0000000002328,0.43083930015563965,0.0,,0.0,0.0,0.0,-0.13,-0.01,0.14000000000000057,0.0,0.0,0.0,0.0,0.0,0.0,0.14000000000000057,2000.0
6243,palawan_outer_east_small_2000_6,S2B_MSIL2A_20230616T021539_R003_T50PQT_20230616T083239,20,,0.0,0.0,0.0,0.0,0.0,0.0,0.0,0.01,0.0,99.99,0.0,10000,0,0.0,2000.0000000009313,2000.0000000002328,0.42647838592529297,100.0,,0.0,0.0,0.0,0.0,0.0,0.0,0.0,0.0,0.0,0.0,0.0,0.0,0.0,2000.0
6250,palawan_outer_east_small_2000_6,S2B_MSIL2A_20230616T021539_R003_T50PQT_20230616T083239,50,,0.0,0.0,0.0,0.0,0.0,0.0,0.0,0.0,0.0,100.0,0.0,1600,0,0.0,2000.0000000009313,2000.0000000002328,0.9238874912261963,100.0,,0.0,0.0,0.0,0.0,0.0,0.0,0.0,-0.01,0.0,0.010000000000005116,0.0,0.0,0.0,2000.0
6257,palawan_outer_east_small_2000_6,S2B_MSIL2A_20230616T021539_R003_T50PQT_20230616T083239,100,,0.0,0.0,0.0,0.0,0.0,0.0,0.0,0.0,0.0,100.0,0.0,400,0,0.0,2000.0000000009313,2000.0000000002328,0.41780781745910645,100.0,,0.0,0.0,0.0,0.0,0.0,0.0,0.0,-0.01,0.0,0.010000000000005116,0.0,0.0,0.0,2000.0
6264,palawan_outer_east_small_2000_6,S2B_MSIL2A_20230616T021539_R003_T50PQT_20230616T083239,200,,0.0,0.0,0.0,0.0,0.0,0.0,0.0,0.0,0.0,100.0,0.0,100,0,0.0,2000.0000000009313,2000.0000000002328,0.4010915756225586,100.0,,0.0,0.0,0.0,0.0,0.0,0.0,0.0,-0.01,0.0,0.010000000000005116,0.0,0.0,0.0,2000.0
6271,palawan_outer_east_small_2000_6,S2B_MSIL2A_20230616T021539_R003_T50PQT_20230616T083239,500,,0.0,0.0,0.0,0.0,0.0,0.0,0.0,0.0,0.0,100.0,0.0,16,0,0.0,2000.0000000009313,2000.0000000002328,0.39306163787841797,100.0,,0.0,0.0,0.0,0.0,0.0,0.0,0.0,-0.01,0.0,0.010000000000005116,0.0,0.0,0.0,2000.0
6278,palawan_outer_east_small_2000_6,S2B_MSIL2A_20230616T021539_R003_T50PQT_20230616T083239,1000,,0.0,0.0,0.0,0.0,0.0,0.0,0.0,0.0,0.0,100.0,0.0,4,0,0.0,2000.0000000009313,2000.0000000002328,0.43083930015563965,100.0,,0.0,0.0,0.0,0.0,0.0,0.0,0.0,-0.01,0.0,0.010000000000005116,0.0,0.0,0.0,2000.0
6245,palawan_outer_east_small_2000_6,S2B_MSIL2A_20230626T021539_R003_T50PQT_20230626T074054,20,,0.0,0.0,0.0,0.0,0.0,0.15,0.0,17.81,0.0,82.04,0.0,10000,0,0.0,2000.0000000009313,2000.0000000002328,0.42647838592529297,99.85000000000001,,0.0,0.0,0.0,0.0,0.0,0.0,0.0,0.0,0.0,0.0,0.0,0.0,0.0,2000.0
6252,palawan_outer_east_small_2000_6,S2B_MSIL2A_20230626T021539_R003_T50PQT_20230626T074054,50,,0.0,0.0,0.0,0.0,0.0,0.1875,0.0,17.25,0.0,82.5625,0.0,1600,0,0.0,2000.0000000009313,2000.0000000002328,0.9238874912261963,99.8125,,0.0,0.0,0.0,0.0,0.0,0.037500000000000006,0.0,-0.5599999999999987,0.0,0.5224999999999937,0.0,-0.037500000000008527,0.037500000000008527,2000.0
6259,palawan_outer_east_small_2000_6,S2B_MSIL2A_20230626T021539_R003_T50PQT_20230626T074054,100,,0.0,0.0,0.0,0.0,0.0,0.5,0.0,14.75,0.0,84.75,0.0,400,0,0.0,2000.0000000009313,2000.0000000002328,0.41780781745910645,99.5,,0.0,0.0,0.0,0.0,0.0,0.35,0.0,-3.0599999999999987,0.0,2.7099999999999937,0.0,-0.3500000000000085,0.3500000000000085,2000.0
6266,palawan_outer_east_small_2000_6,S2B_MSIL2A_20230626T021539_R003_T50PQT_20230626T074054,200,,0.0,0.0,0.0,0.0,0.0,0.0,0.0,13.0,0.0,87.0,0.0,100,0,0.0,2000.0000000009313,2000.0000000002328,0.4010915756225586,100.0,,0.0,0.0,0.0,0.0,0.0,-0.15,0.0,-4.809999999999999,0.0,4.959999999999994,0.0,0.14999999999999147,0.15,2000.0
6273,palawan_outer_east_small_2000_6,S2B_MSIL2A_20230626T021539_R003_T50PQT_20230626T074054,500,,0.0,0.0,0.0,0.0,0.0,0.0,0.0,12.5,0.0,87.5,0.0,16,0,0.0,2000.0000000009313,2000.0000000002328,0.39306163787841797,100.0,,0.0,0.0,0.0,0.0,0.0,-0.15,0.0,-5.309999999999999,0.0,5.459999999999994,0.0,0.14999999999999147,0.15,2000.0
6280,palawan_outer_east_small_2000_6,S2B_MSIL2A_20230626T021539_R003_T50PQT_20230626T074054,1000,,0.0,0.0,0.0,0.0,0.0,0.0,0.0,0.0,0.0,100.0,0.0,4,0,0.0,2000.0000000009313,2000.0000000002328,0.43083930015563965,100.0,,0.0,0.0,0.0,0.0,0.0,-0.15,0.0,-17.81,0.0,17.959999999999994,0.0,0.14999999999999147,0.15,2000.0
6282,palawan_outer_east_small_2000_7,S2A_MSIL2A_20230601T021611_R003_T50PQT_20230601T103139,20,,0.0,0.0,0.0,0.0,0.0,0.0,0.0,100.0,0.0,0.0,0.0,10000,0,0.0,2000.0000000017462,2000.0,0.38947081565856934,100.0,,0.0,0.0,0.0,0.0,0.0,0.0,0.0,0.0,0.0,0.0,0.0,0.0,0.0,2000.0
6289,palawan_outer_east_small_2000_7,S2A_MSIL2A_20230601T021611_R003_T50PQT_20230601T103139,50,,0.0,0.0,0.0,0.0,0.0,0.0,0.0,100.0,0.0,0.0,0.0,1600,0,0.0,2000.0000000017462,2000.0,1.4155054092407227,100.0,,0.0,0.0,0.0,0.0,0.0,0.0,0.0,0.0,0.0,0.0,0.0,0.0,0.0,2000.0
6296,palawan_outer_east_small_2000_7,S2A_MSIL2A_20230601T021611_R003_T50PQT_20230601T103139,100,,0.0,0.0,0.0,0.0,0.0,0.0,0.0,100.0,0.0,0.0,0.0,400,0,0.0,2000.0000000017462,2000.0,0.40767955780029297,100.0,,0.0,0.0,0.0,0.0,0.0,0.0,0.0,0.0,0.0,0.0,0.0,0.0,0.0,2000.0
6303,palawan_outer_east_small_2000_7,S2A_MSIL2A_20230601T021611_R003_T50PQT_20230601T103139,200,,0.0,0.0,0.0,0.0,0.0,0.0,0.0,100.0,0.0,0.0,0.0,100,0,0.0,2000.0000000017462,2000.0,0.40148115158081055,100.0,,0.0,0.0,0.0,0.0,0.0,0.0,0.0,0.0,0.0,0.0,0.0,0.0,0.0,2000.0
6310,palawan_outer_east_small_2000_7,S2A_MSIL2A_20230601T021611_R003_T50PQT_20230601T103139,500,,0.0,0.0,0.0,0.0,0.0,0.0,0.0,100.0,0.0,0.0,0.0,16,0,0.0,2000.0000000017462,2000.0,0.5521407127380371,100.0,,0.0,0.0,0.0,0.0,0.0,0.0,0.0,0.0,0.0,0.0,0.0,0.0,0.0,2000.0
6317,palawan_outer_east_small_2000_7,S2A_MSIL2A_20230601T021611_R003_T50PQT_20230601T103139,1000,,0.0,0.0,0.0,0.0,0.0,0.0,0.0,100.0,0.0,0.0,0.0,4,0,0.0,2000.0000000017462,2000.0,0.5102777481079102,100.0,,0.0,0.0,0.0,0.0,0.0,0.0,0.0,0.0,0.0,0.0,0.0,0.0,0.0,2000.0
6284,palawan_outer_east_small_2000_7,S2A_MSIL2A_20230611T021541_R003_T50PQT_20230611T092421,20,,0.0,0.0,0.0,0.0,0.0,0.0,0.0,19.22,0.0,80.78,0.0,10000,0,0.0,2000.0000000017462,2000.0,0.38947081565856934,100.0,,0.0,0.0,0.0,0.0,0.0,0.0,0.0,0.0,0.0,0.0,0.0,0.0,0.0,2000.0
6291,palawan_outer_east_small_2000_7,S2A_MSIL2A_20230611T021541_R003_T50PQT_20230611T092421,50,,0.0,0.0,0.0,0.0,0.0,0.0,0.0,18.6875,0.0,81.3125,0.0,1600,0,0.0,2000.0000000017462,2000.0,1.4155054092407227,100.0,,0.0,0.0,0.0,0.0,0.0,0.0,0.0,-0.5324999999999989,0.0,0.5324999999999989,0.0,0.0,0.0,2000.0
6298,palawan_outer_east_small_2000_7,S2A_MSIL2A_20230611T021541_R003_T50PQT_20230611T092421,100,,0.0,0.0,0.0,0.0,0.0,0.0,0.0,20.0,0.0,80.0,0.0,400,0,0.0,2000.0000000017462,2000.0,0.40767955780029297,100.0,,0.0,0.0,0.0,0.0,0.0,0.0,0.0,0.7800000000000011,0.0,-0.7800000000000011,0.0,0.0,0.0,2000.0
6305,palawan_outer_east_small_2000_7,S2A_MSIL2A_20230611T021541_R003_T50PQT_20230611T092421,200,,0.0,0.0,0.0,0.0,0.0,0.0,0.0,14.0,0.0,86.0,0.0,100,0,0.0,2000.0000000017462,2000.0,0.40148115158081055,100.0,,0.0,0.0,0.0,0.0,0.0,0.0,0.0,-5.219999999999999,0.0,5.219999999999999,0.0,0.0,0.0,2000.0
6312,palawan_outer_east_small_2000_7,S2A_MSIL2A_20230611T021541_R003_T50PQT_20230611T092421,500,,0.0,0.0,0.0,0.0,0.0,0.0,0.0,6.25,0.0,93.75,0.0,16,0,0.0,2000.0000000017462,2000.0,0.5521407127380371,100.0,,0.0,0.0,0.0,0.0,0.0,0.0,0.0,-12.969999999999999,0.0,12.969999999999999,0.0,0.0,0.0,2000.0
6319,palawan_outer_east_small_2000_7,S2A_MSIL2A_20230611T021541_R003_T50PQT_20230611T092421,1000,,0.0,0.0,0.0,0.0,0.0,0.0,0.0,0.0,0.0,100.0,0.0,4,0,0.0,2000.0000000017462,2000.0,0.5102777481079102,100.0,,0.0,0.0,0.0,0.0,0.0,0.0,0.0,-19.22,0.0,19.22,0.0,0.0,0.0,2000.0
6286,palawan_outer_east_small_2000_7,S2A_MSIL2A_20230621T021541_R003_T50PQT_20230621T085836,20,,0.0,0.0,0.0,0.05003001801080648,0.010006003602161296,99.71983189913948,0.0,0.22013207924754852,0.0,0.0,0.0,10000,6,0.06,2000.0000000017462,2000.0,0.38947081565856934,0.22013207924754852,,0.0,0.0,0.0,0.0,0.0,0.0,0.0,0.0,0.0,0.0,0.0,0.0,0.0,2000.0
6293,palawan_outer_east_small_2000_7,S2A_MSIL2A_20230621T021541_R003_T50PQT_20230621T085836,50,,0.0,0.0,0.0,0.0,0.0625782227784731,99.81226533166458,0.0,0.1251564455569462,0.0,0.0,0.0,1600,2,0.125,2000.0000000017462,2000.0,1.4155054092407227,0.1251564455569462,,0.0,0.0,0.0,-0.05003001801080648,0.0525722191763118,0.09243343252509817,0.0,-0.09497563369060233,0.0,0.0,0.0,-0.09497563369060233,0.09497563369060233,2000.0
6300,palawan_outer_east_small_2000_7,S2A_MSIL2A_20230621T021541_R003_T50PQT_20230621T085836,100,,0.0,0.0,0.0,0.0,0.0,100.0,0.0,0.0,0.0,0.0,0.0,400,0,0.0,2000.0000000017462,2000.0,0.40767955780029297,0.0,,0.0,0.0,0.0,-0.05003001801080648,-0.010006003602161296,0.28016810086052146,0.0,-0.22013207924754852,0.0,0.0,0.0,-0.22013207924754852,0.28016810086052146,2000.0
6307,palawan_outer_east_small_2000_7,S2A_MSIL2A_20230621T021541_R003_T50PQT_20230621T085836,200,,0.0,0.0,0.0,0.0,0.0,100.0,0.0,0.0,0.0,0.0,0.0,100,0,0.0,2000.0000000017462,2000.0,0.40148115158081055,0.0,,0.0,0.0,0.0,-0.05003001801080648,-0.010006003602161296,0.28016810086052146,0.0,-0.22013207924754852,0.0,0.0,0.0,-0.22013207924754852,0.28016810086052146,2000.0
6314,palawan_outer_east_small_2000_7,S2A_MSIL2A_20230621T021541_R003_T50PQT_20230621T085836,500,,0.0,0.0,0.0,0.0,0.0,100.0,0.0,0.0,0.0,0.0,0.0,16,0,0.0,2000.0000000017462,2000.0,0.5521407127380371,0.0,,0.0,0.0,0.0,-0.05003001801080648,-0.010006003602161296,0.28016810086052146,0.0,-0.22013207924754852,0.0,0.0,0.0,-0.22013207924754852,0.28016810086052146,2000.0
6321,palawan_outer_east_small_2000_7,S2A_MSIL2A_20230621T021541_R003_T50PQT_20230621T085836,1000,,0.0,0.0,0.0,0.0,0.0,100.0,0.0,0.0,0.0,0.0,0.0,4,0,0.0,2000.0000000017462,2000.0,0.5102777481079102,0.0,,0.0,0.0,0.0,-0.05003001801080648,-0.010006003602161296,0.28016810086052146,0.0,-0.22013207924754852,0.0,0.0,0.0,-0.22013207924754852,0.28016810086052146,2000.0
6288,palawan_outer_east_small_2000_7,S2A_MSIL2A_20230701T021541_R003_T50PQT_20230701T082624,20,,0.0,0.0,0.0,0.06,0.01,99.71,0.0,0.01,0.0,0.21,0.0,10000,0,0.0,2000.0000000017462,2000.0,0.38947081565856934,0.22,,0.0,0.0,0.0,0.0,0.0,0.0,0.0,0.0,0.0,0.0,0.0,0.0,0.0,2000.0
6295,palawan_outer_east_small_2000_7,S2A_MSIL2A_20230701T021541_R003_T50PQT_20230701T082624,50,,0.0,0.0,0.0,0.0,0.0625,99.5625,0.0,0.0625,0.0,0.3125,0.0,1600,0,0.0,2000.0000000017462,2000.0,1.4155054092407227,0.375,,0.0,0.0,0.0,-0.06,0.0525,-0.14749999999999375,0.0,0.0525,0.0,0.10250000000000001,0.0,0.155,0.155,2000.0
6302,palawan_outer_east_small_2000_7,S2A_MSIL2A_20230701T021541_R003_T50PQT_20230701T082624,100,,0.0,0.0,0.0,0.0,0.0,99.5,0.0,0.0,0.0,0.5,0.0,400,0,0.0,2000.0000000017462,2000.0,0.40767955780029297,0.5,,0.0,0.0,0.0,-0.06,-0.01,-0.20999999999999375,0.0,-0.01,0.0,0.29000000000000004,0.0,0.28,0.28,2000.0
6309,palawan_outer_east_small_2000_7,S2A_MSIL2A_20230701T021541_R003_T50PQT_20230701T082624,200,,0.0,0.0,0.0,0.0,0.0,98.0,0.0,0.0,0.0,2.0,0.0,100,0,0.0,2000.0000000017462,2000.0,0.40148115158081055,2.0,,0.0,0.0,0.0,-0.06,-0.01,-1.7099999999999937,0.0,-0.01,0.0,1.79,0.0,1.78,1.78,2000.0
6316,palawan_outer_east_small_2000_7,S2A_MSIL2A_20230701T021541_R003_T50PQT_20230701T082624,500,,0.0,0.0,0.0,0.0,0.0,100.0,0.0,0.0,0.0,0.0,0.0,16,0,0.0,2000.0000000017462,2000.0,0.5521407127380371,0.0,,0.0,0.0,0.0,-0.06,-0.01,0.29000000000000625,0.0,-0.01,0.0,-0.21,0.0,-0.22,0.29000000000000625,2000.0
6323,palawan_outer_east_small_2000_7,S2A_MSIL2A_20230701T021541_R003_T50PQT_20230701T082624,1000,,0.0,0.0,0.0,0.0,0.0,100.0,0.0,0.0,0.0,0.0,0.0,4,0,0.0,2000.0000000017462,2000.0,0.5102777481079102,0.0,,0.0,0.0,0.0,-0.06,-0.01,0.29000000000000625,0.0,-0.01,0.0,-0.21,0.0,-0.22,0.29000000000000625,2000.0
6283,palawan_outer_east_small_2000_7,S2B_MSIL2A_20230606T021539_R003_T50PQT_20230606T073506,20,,0.0,0.0,0.0,0.04,0.0,99.96,0.0,0.0,0.0,0.0,0.0,10000,0,0.0,2000.0000000017462,2000.0,0.38947081565856934,0.0,,0.0,0.0,0.0,0.0,0.0,0.0,0.0,0.0,0.0,0.0,0.0,0.0,0.0,2000.0
6290,palawan_outer_east_small_2000_7,S2B_MSIL2A_20230606T021539_R003_T50PQT_20230606T073506,50,,0.0,0.0,0.0,0.0,0.0,100.0,0.0,0.0,0.0,0.0,0.0,1600,0,0.0,2000.0000000017462,2000.0,1.4155054092407227,0.0,,0.0,0.0,0.0,-0.04,0.0,0.04000000000000625,0.0,0.0,0.0,0.0,0.0,0.0,0.04000000000000625,2000.0
6297,palawan_outer_east_small_2000_7,S2B_MSIL2A_20230606T021539_R003_T50PQT_20230606T073506,100,,0.0,0.0,0.0,0.0,0.0,100.0,0.0,0.0,0.0,0.0,0.0,400,0,0.0,2000.0000000017462,2000.0,0.40767955780029297,0.0,,0.0,0.0,0.0,-0.04,0.0,0.04000000000000625,0.0,0.0,0.0,0.0,0.0,0.0,0.04000000000000625,2000.0
6304,palawan_outer_east_small_2000_7,S2B_MSIL2A_20230606T021539_R003_T50PQT_20230606T073506,200,,0.0,0.0,0.0,0.0,0.0,100.0,0.0,0.0,0.0,0.0,0.0,100,0,0.0,2000.0000000017462,2000.0,0.40148115158081055,0.0,,0.0,0.0,0.0,-0.04,0.0,0.04000000000000625,0.0,0.0,0.0,0.0,0.0,0.0,0.04000000000000625,2000.0
6311,palawan_outer_east_small_2000_7,S2B_MSIL2A_20230606T021539_R003_T50PQT_20230606T073506,500,,0.0,0.0,0.0,0.0,0.0,100.0,0.0,0.0,0.0,0.0,0.0,16,0,0.0,2000.0000000017462,2000.0,0.5521407127380371,0.0,,0.0,0.0,0.0,-0.04,0.0,0.04000000000000625,0.0,0.0,0.0,0.0,0.0,0.0,0.04000000000000625,2000.0
6318,palawan_outer_east_small_2000_7,S2B_MSIL2A_20230606T021539_R003_T50PQT_20230606T073506,1000,,0.0,0.0,0.0,0.0,0.0,100.0,0.0,0.0,0.0,0.0,0.0,4,0,0.0,2000.0000000017462,2000.0,0.5102777481079102,0.0,,0.0,0.0,0.0,-0.04,0.0,0.04000000000000625,0.0,0.0,0.0,0.0,0.0,0.0,0.04000000000000625,2000.0
6285,palawan_outer_east_small_2000_7,S2B_MSIL2A_20230616T021539_R003_T50PQT_20230616T083239,20,,0.0,0.0,0.0,0.0,0.0,0.0,0.0,0.0,0.0,100.0,0.0,10000,0,0.0,2000.0000000017462,2000.0,0.38947081565856934,100.0,,0.0,0.0,0.0,0.0,0.0,0.0,0.0,0.0,0.0,0.0,0.0,0.0,0.0,2000.0
6292,palawan_outer_east_small_2000_7,S2B_MSIL2A_20230616T021539_R003_T50PQT_20230616T083239,50,,0.0,0.0,0.0,0.0,0.0,0.0,0.0,0.0,0.0,100.0,0.0,1600,0,0.0,2000.0000000017462,2000.0,1.4155054092407227,100.0,,0.0,0.0,0.0,0.0,0.0,0.0,0.0,0.0,0.0,0.0,0.0,0.0,0.0,2000.0
6299,palawan_outer_east_small_2000_7,S2B_MSIL2A_20230616T021539_R003_T50PQT_20230616T083239,100,,0.0,0.0,0.0,0.0,0.0,0.0,0.0,0.0,0.0,100.0,0.0,400,0,0.0,2000.0000000017462,2000.0,0.40767955780029297,100.0,,0.0,0.0,0.0,0.0,0.0,0.0,0.0,0.0,0.0,0.0,0.0,0.0,0.0,2000.0
6306,palawan_outer_east_small_2000_7,S2B_MSIL2A_20230616T021539_R003_T50PQT_20230616T083239,200,,0.0,0.0,0.0,0.0,0.0,0.0,0.0,0.0,0.0,100.0,0.0,100,0,0.0,2000.0000000017462,2000.0,0.40148115158081055,100.0,,0.0,0.0,0.0,0.0,0.0,0.0,0.0,0.0,0.0,0.0,0.0,0.0,0.0,2000.0
6313,palawan_outer_east_small_2000_7,S2B_MSIL2A_20230616T021539_R003_T50PQT_20230616T083239,500,,0.0,0.0,0.0,0.0,0.0,0.0,0.0,0.0,0.0,100.0,0.0,16,0,0.0,2000.0000000017462,2000.0,0.5521407127380371,100.0,,0.0,0.0,0.0,0.0,0.0,0.0,0.0,0.0,0.0,0.0,0.0,0.0,0.0,2000.0
6320,palawan_outer_east_small_2000_7,S2B_MSIL2A_20230616T021539_R003_T50PQT_20230616T083239,1000,,0.0,0.0,0.0,0.0,0.0,0.0,0.0,0.0,0.0,100.0,0.0,4,0,0.0,2000.0000000017462,2000.0,0.5102777481079102,100.0,,0.0,0.0,0.0,0.0,0.0,0.0,0.0,0.0,0.0,0.0,0.0,0.0,0.0,2000.0
6287,palawan_outer_east_small_2000_7,S2B_MSIL2A_20230626T021539_R003_T50PQT_20230626T074054,20,,0.0,0.0,0.0,0.0,0.0,0.0,0.0,83.08,0.0,16.92,0.0,10000,0,0.0,2000.0000000017462,2000.0,0.38947081565856934,100.0,,0.0,0.0,0.0,0.0,0.0,0.0,0.0,0.0,0.0,0.0,0.0,0.0,0.0,2000.0
6294,palawan_outer_east_small_2000_7,S2B_MSIL2A_20230626T021539_R003_T50PQT_20230626T074054,50,,0.0,0.0,0.0,0.0,0.0,0.0,0.0,82.625,0.0,17.375,0.0,1600,0,0.0,2000.0000000017462,2000.0,1.4155054092407227,100.0,,0.0,0.0,0.0,0.0,0.0,0.0,0.0,-0.4549999999999983,0.0,0.4549999999999983,0.0,0.0,0.0,2000.0
6301,palawan_outer_east_small_2000_7,S2B_MSIL2A_20230626T021539_R003_T50PQT_20230626T074054,100,,0.0,0.0,0.0,0.0,0.0,0.0,0.0,83.25,0.0,16.75,0.0,400,0,0.0,2000.0000000017462,2000.0,0.40767955780029297,100.0,,0.0,0.0,0.0,0.0,0.0,0.0,0.0,0.1700000000000017,0.0,-0.1700000000000017,0.0,0.0,0.0,2000.0
6308,palawan_outer_east_small_2000_7,S2B_MSIL2A_20230626T021539_R003_T50PQT_20230626T074054,200,,0.0,0.0,0.0,0.0,0.0,0.0,0.0,81.0,0.0,19.0,0.0,100,0,0.0,2000.0000000017462,2000.0,0.40148115158081055,100.0,,0.0,0.0,0.0,0.0,0.0,0.0,0.0,-2.0799999999999983,0.0,2.0799999999999983,0.0,0.0,0.0,2000.0
6315,palawan_outer_east_small_2000_7,S2B_MSIL2A_20230626T021539_R003_T50PQT_20230626T074054,500,,0.0,0.0,0.0,0.0,0.0,0.0,0.0,68.75,0.0,31.25,0.0,16,0,0.0,2000.0000000017462,2000.0,0.5521407127380371,100.0,,0.0,0.0,0.0,0.0,0.0,0.0,0.0,-14.329999999999998,0.0,14.329999999999998,0.0,0.0,0.0,2000.0
6322,palawan_outer_east_small_2000_7,S2B_MSIL2A_20230626T021539_R003_T50PQT_20230626T074054,1000,,0.0,0.0,0.0,0.0,0.0,0.0,0.0,75.0,0.0,25.0,0.0,4,0,0.0,2000.0000000017462,2000.0,0.5102777481079102,100.0,,0.0,0.0,0.0,0.0,0.0,0.0,0.0,-8.079999999999998,0.0,8.079999999999998,0.0,0.0,0.0,2000.0
6324,palawan_outer_east_small_2000_8,S2A_MSIL2A_20230601T021611_R003_T50PQT_20230601T103139,20,,0.0,0.0,0.0,0.0,0.0,0.0,0.0,100.0,0.0,0.0,0.0,10000,0,0.0,2000.0000000009313,2000.0,0.5525825023651123,100.0,,0.0,0.0,0.0,0.0,0.0,0.0,0.0,0.0,0.0,0.0,0.0,0.0,0.0,2000.0
6331,palawan_outer_east_small_2000_8,S2A_MSIL2A_20230601T021611_R003_T50PQT_20230601T103139,50,,0.0,0.0,0.0,0.0,0.0,0.0,0.0,100.0,0.0,0.0,0.0,1600,0,0.0,2000.0000000009313,2000.0,0.4108390808105469,100.0,,0.0,0.0,0.0,0.0,0.0,0.0,0.0,0.0,0.0,0.0,0.0,0.0,0.0,2000.0
6338,palawan_outer_east_small_2000_8,S2A_MSIL2A_20230601T021611_R003_T50PQT_20230601T103139,100,,0.0,0.0,0.0,0.0,0.0,0.0,0.0,100.0,0.0,0.0,0.0,400,0,0.0,2000.0000000009313,2000.0,0.43782544136047363,100.0,,0.0,0.0,0.0,0.0,0.0,0.0,0.0,0.0,0.0,0.0,0.0,0.0,0.0,2000.0
6345,palawan_outer_east_small_2000_8,S2A_MSIL2A_20230601T021611_R003_T50PQT_20230601T103139,200,,0.0,0.0,0.0,0.0,0.0,0.0,0.0,100.0,0.0,0.0,0.0,100,0,0.0,2000.0000000009313,2000.0,0.4821043014526367,100.0,,0.0,0.0,0.0,0.0,0.0,0.0,0.0,0.0,0.0,0.0,0.0,0.0,0.0,2000.0
6352,palawan_outer_east_small_2000_8,S2A_MSIL2A_20230601T021611_R003_T50PQT_20230601T103139,500,,0.0,0.0,0.0,0.0,0.0,0.0,0.0,100.0,0.0,0.0,0.0,16,0,0.0,2000.0000000009313,2000.0,0.37828516960144043,100.0,,0.0,0.0,0.0,0.0,0.0,0.0,0.0,0.0,0.0,0.0,0.0,0.0,0.0,2000.0
6359,palawan_outer_east_small_2000_8,S2A_MSIL2A_20230601T021611_R003_T50PQT_20230601T103139,1000,,0.0,0.0,0.0,0.0,0.0,0.0,0.0,100.0,0.0,0.0,0.0,4,0,0.0,2000.0000000009313,2000.0,0.4386763572692871,100.0,,0.0,0.0,0.0,0.0,0.0,0.0,0.0,0.0,0.0,0.0,0.0,0.0,0.0,2000.0
6326,palawan_outer_east_small_2000_8,S2A_MSIL2A_20230611T021541_R003_T50PQT_20230611T092421,20,,0.0,0.0,0.0,0.0,0.0,0.0,0.0,0.97,0.03,99.0,0.0,10000,0,0.0,2000.0000000009313,2000.0,0.5525825023651123,100.0,,0.0,0.0,0.0,0.0,0.0,0.0,0.0,0.0,0.0,0.0,0.0,0.0,0.0,2000.0
6333,palawan_outer_east_small_2000_8,S2A_MSIL2A_20230611T021541_R003_T50PQT_20230611T092421,50,,0.0,0.0,0.0,0.0,0.0,0.0,0.0,1.0625,0.0,98.9375,0.0,1600,0,0.0,2000.0000000009313,2000.0,0.4108390808105469,100.0,,0.0,0.0,0.0,0.0,0.0,0.0,0.0,0.09250000000000003,-0.03,-0.0625,0.0,0.0,0.0,2000.0
6340,palawan_outer_east_small_2000_8,S2A_MSIL2A_20230611T021541_R003_T50PQT_20230611T092421,100,,0.0,0.0,0.0,0.0,0.0,0.0,0.0,1.0,0.0,99.0,0.0,400,0,0.0,2000.0000000009313,2000.0,0.43782544136047363,100.0,,0.0,0.0,0.0,0.0,0.0,0.0,0.0,0.030000000000000027,-0.03,0.0,0.0,0.0,0.0,2000.0
6347,palawan_outer_east_small_2000_8,S2A_MSIL2A_20230611T021541_R003_T50PQT_20230611T092421,200,,0.0,0.0,0.0,0.0,0.0,0.0,0.0,1.0,0.0,99.0,0.0,100,0,0.0,2000.0000000009313,2000.0,0.4821043014526367,100.0,,0.0,0.0,0.0,0.0,0.0,0.0,0.0,0.030000000000000027,-0.03,0.0,0.0,0.0,0.0,2000.0
6354,palawan_outer_east_small_2000_8,S2A_MSIL2A_20230611T021541_R003_T50PQT_20230611T092421,500,,0.0,0.0,0.0,0.0,0.0,0.0,0.0,0.0,0.0,100.0,0.0,16,0,0.0,2000.0000000009313,2000.0,0.37828516960144043,100.0,,0.0,0.0,0.0,0.0,0.0,0.0,0.0,-0.97,-0.03,1.0,0.0,0.0,0.0,2000.0
6361,palawan_outer_east_small_2000_8,S2A_MSIL2A_20230611T021541_R003_T50PQT_20230611T092421,1000,,0.0,0.0,0.0,0.0,0.0,0.0,0.0,0.0,0.0,100.0,0.0,4,0,0.0,2000.0000000009313,2000.0,0.4386763572692871,100.0,,0.0,0.0,0.0,0.0,0.0,0.0,0.0,-0.97,-0.03,1.0,0.0,0.0,0.0,2000.0
6328,palawan_outer_east_small_2000_8,S2A_MSIL2A_20230621T021541_R003_T50PQT_20230621T085836,20,,0.0,0.0,1.55,0.0,0.0,21.04,0.0,49.68,15.2,12.53,0.0,10000,0,0.0,2000.0000000009313,2000.0,0.5525825023651123,77.41,,0.0,0.0,0.0,0.0,0.0,0.0,0.0,0.0,0.0,0.0,0.0,0.0,0.0,2000.0
6335,palawan_outer_east_small_2000_8,S2A_MSIL2A_20230621T021541_R003_T50PQT_20230621T085836,50,,0.0,0.0,1.1875,0.0,0.0,21.375,0.0,49.75,15.25,12.4375,0.0,1600,0,0.0,2000.0000000009313,2000.0,0.4108390808105469,77.4375,,0.0,0.0,-0.36250000000000004,0.0,0.0,0.33500000000000085,0.0,0.07000000000000028,0.05000000000000071,-0.09249999999999936,0.0,0.02750000000000341,0.36250000000000004,2000.0
6342,palawan_outer_east_small_2000_8,S2A_MSIL2A_20230621T021541_R003_T50PQT_20230621T085836,100,,0.0,0.0,1.25,0.0,0.0,21.25,0.0,49.0,17.0,11.5,0.0,400,0,0.0,2000.0000000009313,2000.0,0.43782544136047363,77.5,,0.0,0.0,-0.30000000000000004,0.0,0.0,0.21000000000000085,0.0,-0.6799999999999997,1.8000000000000007,-1.0299999999999994,0.0,0.09000000000000341,0.30000000000000004,2000.0
6349,palawan_outer_east_small_2000_8,S2A_MSIL2A_20230621T021541_R003_T50PQT_20230621T085836,200,,0.0,0.0,0.0,0.0,0.0,19.0,0.0,49.0,18.0,14.0,0.0,100,0,0.0,2000.0000000009313,2000.0,0.4821043014526367,81.0,,0.0,0.0,-1.55,0.0,0.0,-2.039999999999999,0.0,-0.6799999999999997,2.8000000000000007,1.4700000000000006,0.0,3.5900000000000034,3.5900000000000034,2000.0
6356,palawan_outer_east_small_2000_8,S2A_MSIL2A_20230621T021541_R003_T50PQT_20230621T085836,500,,0.0,0.0,0.0,0.0,0.0,31.25,0.0,50.0,12.5,6.25,0.0,16,0,0.0,2000.0000000009313,2000.0,0.37828516960144043,68.75,,0.0,0.0,-1.55,0.0,0.0,10.21,0.0,0.3200000000000003,-2.6999999999999993,-6.279999999999999,0.0,-8.659999999999997,10.21,2000.0
6363,palawan_outer_east_small_2000_8,S2A_MSIL2A_20230621T021541_R003_T50PQT_20230621T085836,1000,,0.0,0.0,0.0,0.0,0.0,25.0,0.0,25.0,25.0,25.0,0.0,4,0,0.0,2000.0000000009313,2000.0,0.4386763572692871,75.0,,0.0,0.0,-1.55,0.0,0.0,3.960000000000001,0.0,-24.68,9.8,12.47,0.0,-2.4099999999999966,3.960000000000001,2000.0
6330,palawan_outer_east_small_2000_8,S2A_MSIL2A_20230701T021541_R003_T50PQT_20230701T082624,20,,0.0,0.0,0.02,0.59,0.0,8.65,0.14,12.0,18.04,60.56,0.0,10000,0,0.0,2000.0000000009313,2000.0,0.5525825023651123,90.6,,0.0,0.0,0.0,0.0,0.0,0.0,0.0,0.0,0.0,0.0,0.0,0.0,0.0,2000.0
6337,palawan_outer_east_small_2000_8,S2A_MSIL2A_20230701T021541_R003_T50PQT_20230701T082624,50,,0.0,0.0,0.0,0.4375,0.0,8.4375,0.125,11.625,18.0625,61.3125,0.0,1600,0,0.0,2000.0000000009313,2000.0,0.4108390808105469,91.0,,0.0,0.0,-0.02,-0.15249999999999997,0.0,-0.21250000000000036,-0.015000000000000013,-0.375,0.022500000000000853,0.7524999999999977,0.0,0.4000000000000057,0.4000000000000057,2000.0
6344,palawan_outer_east_small_2000_8,S2A_MSIL2A_20230701T021541_R003_T50PQT_20230701T082624,100,,0.0,0.0,0.25,0.25,0.0,7.75,0.25,12.0,17.75,61.75,0.0,400,0,0.0,2000.0000000009313,2000.0,0.43782544136047363,91.5,,0.0,0.0,0.23,-0.33999999999999997,0.0,-0.9000000000000004,0.10999999999999999,0.0,-0.28999999999999915,1.1899999999999977,0.0,0.9000000000000057,0.9000000000000057,2000.0
6351,palawan_outer_east_small_2000_8,S2A_MSIL2A_20230701T021541_R003_T50PQT_20230701T082624,200,,0.0,0.0,0.0,0.0,0.0,7.0,0.0,11.0,17.0,65.0,0.0,100,0,0.0,2000.0000000009313,2000.0,0.4821043014526367,93.0,,0.0,0.0,-0.02,-0.59,0.0,-1.6500000000000004,-0.14,-1.0,-1.0399999999999991,4.439999999999998,0.0,2.4000000000000057,2.4000000000000057,2000.0
6358,palawan_outer_east_small_2000_8,S2A_MSIL2A_20230701T021541_R003_T50PQT_20230701T082624,500,,0.0,0.0,0.0,0.0,0.0,6.25,0.0,18.75,12.5,62.5,0.0,16,0,0.0,2000.0000000009313,2000.0,0.37828516960144043,93.75,,0.0,0.0,-0.02,-0.59,0.0,-2.4000000000000004,-0.14,6.75,-5.539999999999999,1.9399999999999977,0.0,3.1500000000000057,3.1500000000000057,2000.0
6365,palawan_outer_east_small_2000_8,S2A_MSIL2A_20230701T021541_R003_T50PQT_20230701T082624,1000,,0.0,0.0,0.0,0.0,0.0,0.0,0.0,0.0,25.0,75.0,0.0,4,0,0.0,2000.0000000009313,2000.0,0.4386763572692871,100.0,,0.0,0.0,-0.02,-0.59,0.0,-8.65,-0.14,-12.0,6.960000000000001,14.439999999999998,0.0,9.400000000000006,9.400000000000006,2000.0
6325,palawan_outer_east_small_2000_8,S2B_MSIL2A_20230606T021539_R003_T50PQT_20230606T073506,20,,0.0,0.01,0.0,9.43,1.13,88.64,0.79,0.0,0.0,0.0,0.0,10000,0,0.0,2000.0000000009313,2000.0,0.5525825023651123,0.0,,0.0,0.0,0.0,0.0,0.0,0.0,0.0,0.0,0.0,0.0,0.0,0.0,0.0,2000.0
6332,palawan_outer_east_small_2000_8,S2B_MSIL2A_20230606T021539_R003_T50PQT_20230606T073506,50,,0.0,0.0,0.0,9.875,0.8125,89.0,0.3125,0.0,0.0,0.0,0.0,1600,0,0.0,2000.0000000009313,2000.0,0.4108390808105469,0.0,,0.0,-0.01,0.0,0.4450000000000003,-0.3174999999999999,0.35999999999999943,-0.47750000000000004,0.0,0.0,0.0,0.0,0.0,0.47750000000000004,2000.0
6339,palawan_outer_east_small_2000_8,S2B_MSIL2A_20230606T021539_R003_T50PQT_20230606T073506,100,,0.0,0.0,0.0,11.25,1.0,87.25,0.5,0.0,0.0,0.0,0.0,400,0,0.0,2000.0000000009313,2000.0,0.43782544136047363,0.0,,0.0,-0.01,0.0,1.8200000000000003,-0.1299999999999999,-1.3900000000000006,-0.29000000000000004,0.0,0.0,0.0,0.0,0.0,1.8200000000000003,2000.0
6346,palawan_outer_east_small_2000_8,S2B_MSIL2A_20230606T021539_R003_T50PQT_20230606T073506,200,,0.0,0.0,0.0,10.0,2.0,86.0,2.0,0.0,0.0,0.0,0.0,100,0,0.0,2000.0000000009313,2000.0,0.4821043014526367,0.0,,0.0,-0.01,0.0,0.5700000000000003,0.8700000000000001,-2.6400000000000006,1.21,0.0,0.0,0.0,0.0,0.0,2.6400000000000006,2000.0
6353,palawan_outer_east_small_2000_8,S2B_MSIL2A_20230606T021539_R003_T50PQT_20230606T073506,500,,0.0,0.0,0.0,6.25,0.0,93.75,0.0,0.0,0.0,0.0,0.0,16,0,0.0,2000.0000000009313,2000.0,0.37828516960144043,0.0,,0.0,-0.01,0.0,-3.1799999999999997,-1.13,5.109999999999999,-0.79,0.0,0.0,0.0,0.0,0.0,5.109999999999999,2000.0
6360,palawan_outer_east_small_2000_8,S2B_MSIL2A_20230606T021539_R003_T50PQT_20230606T073506,1000,,0.0,0.0,0.0,0.0,0.0,75.0,25.0,0.0,0.0,0.0,0.0,4,0,0.0,2000.0000000009313,2000.0,0.4386763572692871,0.0,,0.0,-0.01,0.0,-9.43,-1.13,-13.64,24.21,0.0,0.0,0.0,0.0,0.0,24.21,2000.0
6327,palawan_outer_east_small_2000_8,S2B_MSIL2A_20230616T021539_R003_T50PQT_20230616T083239,20,,0.0,0.0,0.0,0.0,0.0,0.0,0.0,11.48,6.88,81.64,0.0,10000,0,0.0,2000.0000000009313,2000.0,0.5525825023651123,100.0,,0.0,0.0,0.0,0.0,0.0,0.0,0.0,0.0,0.0,0.0,0.0,0.0,0.0,2000.0
6334,palawan_outer_east_small_2000_8,S2B_MSIL2A_20230616T021539_R003_T50PQT_20230616T083239,50,,0.0,0.0,0.0,0.0,0.0,0.0,0.0,11.4375,7.0,81.5625,0.0,1600,0,0.0,2000.0000000009313,2000.0,0.4108390808105469,100.0,,0.0,0.0,0.0,0.0,0.0,0.0,0.0,-0.042500000000000426,0.1200000000000001,-0.07750000000000057,0.0,0.0,0.0,2000.0
6341,palawan_outer_east_small_2000_8,S2B_MSIL2A_20230616T021539_R003_T50PQT_20230616T083239,100,,0.0,0.0,0.0,0.0,0.0,0.0,0.0,12.5,8.0,79.5,0.0,400,0,0.0,2000.0000000009313,2000.0,0.43782544136047363,100.0,,0.0,0.0,0.0,0.0,0.0,0.0,0.0,1.0199999999999996,1.12,-2.1400000000000006,0.0,0.0,0.0,2000.0
6348,palawan_outer_east_small_2000_8,S2B_MSIL2A_20230616T021539_R003_T50PQT_20230616T083239,200,,0.0,0.0,0.0,0.0,0.0,0.0,0.0,11.0,8.0,81.0,0.0,100,0,0.0,2000.0000000009313,2000.0,0.4821043014526367,100.0,,0.0,0.0,0.0,0.0,0.0,0.0,0.0,-0.4800000000000004,1.12,-0.6400000000000006,0.0,0.0,0.0,2000.0
6355,palawan_outer_east_small_2000_8,S2B_MSIL2A_20230616T021539_R003_T50PQT_20230616T083239,500,,0.0,0.0,0.0,0.0,0.0,0.0,0.0,18.75,6.25,75.0,0.0,16,0,0.0,2000.0000000009313,2000.0,0.37828516960144043,100.0,,0.0,0.0,0.0,0.0,0.0,0.0,0.0,7.27,-0.6299999999999999,-6.640000000000001,0.0,0.0,0.0,2000.0
6362,palawan_outer_east_small_2000_8,S2B_MSIL2A_20230616T021539_R003_T50PQT_20230616T083239,1000,,0.0,0.0,0.0,0.0,0.0,0.0,0.0,0.0,25.0,75.0,0.0,4,0,0.0,2000.0000000009313,2000.0,0.4386763572692871,100.0,,0.0,0.0,0.0,0.0,0.0,0.0,0.0,-11.48,18.12,-6.640000000000001,0.0,0.0,0.0,2000.0
6329,palawan_outer_east_small_2000_8,S2B_MSIL2A_20230626T021539_R003_T50PQT_20230626T074054,20,,0.0,0.0,0.0,0.0,0.0,0.0,0.0,83.67,2.88,13.45,0.0,10000,0,0.0,2000.0000000009313,2000.0,0.5525825023651123,100.0,,0.0,0.0,0.0,0.0,0.0,0.0,0.0,0.0,0.0,0.0,0.0,0.0,0.0,2000.0
6336,palawan_outer_east_small_2000_8,S2B_MSIL2A_20230626T021539_R003_T50PQT_20230626T074054,50,,0.0,0.0,0.0,0.0,0.0,0.0,0.0,84.1875,3.0,12.8125,0.0,1600,0,0.0,2000.0000000009313,2000.0,0.4108390808105469,100.0,,0.0,0.0,0.0,0.0,0.0,0.0,0.0,0.5174999999999983,0.1200000000000001,-0.6374999999999993,0.0,0.0,0.0,2000.0
6343,palawan_outer_east_small_2000_8,S2B_MSIL2A_20230626T021539_R003_T50PQT_20230626T074054,100,,0.0,0.0,0.0,0.0,0.0,0.0,0.0,84.5,4.0,11.5,0.0,400,0,0.0,2000.0000000009313,2000.0,0.43782544136047363,100.0,,0.0,0.0,0.0,0.0,0.0,0.0,0.0,0.8299999999999983,1.12,-1.9499999999999993,0.0,0.0,0.0,2000.0
6350,palawan_outer_east_small_2000_8,S2B_MSIL2A_20230626T021539_R003_T50PQT_20230626T074054,200,,0.0,0.0,0.0,0.0,0.0,0.0,0.0,84.0,5.0,11.0,0.0,100,0,0.0,2000.0000000009313,2000.0,0.4821043014526367,100.0,,0.0,0.0,0.0,0.0,0.0,0.0,0.0,0.3299999999999983,2.12,-2.4499999999999993,0.0,0.0,0.0,2000.0
6357,palawan_outer_east_small_2000_8,S2B_MSIL2A_20230626T021539_R003_T50PQT_20230626T074054,500,,0.0,0.0,0.0,0.0,0.0,0.0,0.0,87.5,6.25,6.25,0.0,16,0,0.0,2000.0000000009313,2000.0,0.37828516960144043,100.0,,0.0,0.0,0.0,0.0,0.0,0.0,0.0,3.8299999999999983,3.37,-7.199999999999999,0.0,0.0,0.0,2000.0
6364,palawan_outer_east_small_2000_8,S2B_MSIL2A_20230626T021539_R003_T50PQT_20230626T074054,1000,,0.0,0.0,0.0,0.0,0.0,0.0,0.0,75.0,0.0,25.0,0.0,4,0,0.0,2000.0000000009313,2000.0,0.4386763572692871,100.0,,0.0,0.0,0.0,0.0,0.0,0.0,0.0,-8.670000000000002,-2.88,11.55,0.0,0.0,0.0,2000.0
6366,palawan_outer_east_small_2000_9,S2A_MSIL2A_20230601T021611_R003_T50PQT_20230601T103139,20,,0.0,0.0,0.0,0.0,0.0,0.0,0.0,100.0,0.0,0.0,0.0,10000,0,0.0,2000.0000000009313,2000.0000000004657,0.4006037712097168,100.0,,0.0,0.0,0.0,0.0,0.0,0.0,0.0,0.0,0.0,0.0,0.0,0.0,0.0,2000.0
6373,palawan_outer_east_small_2000_9,S2A_MSIL2A_20230601T021611_R003_T50PQT_20230601T103139,50,,0.0,0.0,0.0,0.0,0.0,0.0,0.0,100.0,0.0,0.0,0.0,1600,0,0.0,2000.0000000009313,2000.0000000004657,0.39389657974243164,100.0,,0.0,0.0,0.0,0.0,0.0,0.0,0.0,0.0,0.0,0.0,0.0,0.0,0.0,2000.0
6380,palawan_outer_east_small_2000_9,S2A_MSIL2A_20230601T021611_R003_T50PQT_20230601T103139,100,,0.0,0.0,0.0,0.0,0.0,0.0,0.0,100.0,0.0,0.0,0.0,400,0,0.0,2000.0000000009313,2000.0000000004657,0.4226691722869873,100.0,,0.0,0.0,0.0,0.0,0.0,0.0,0.0,0.0,0.0,0.0,0.0,0.0,0.0,2000.0
6387,palawan_outer_east_small_2000_9,S2A_MSIL2A_20230601T021611_R003_T50PQT_20230601T103139,200,,0.0,0.0,0.0,0.0,0.0,0.0,0.0,100.0,0.0,0.0,0.0,100,0,0.0,2000.0000000009313,2000.0000000004657,0.6057024002075195,100.0,,0.0,0.0,0.0,0.0,0.0,0.0,0.0,0.0,0.0,0.0,0.0,0.0,0.0,2000.0
6394,palawan_outer_east_small_2000_9,S2A_MSIL2A_20230601T021611_R003_T50PQT_20230601T103139,500,,0.0,0.0,0.0,0.0,0.0,0.0,0.0,100.0,0.0,0.0,0.0,16,0,0.0,2000.0000000009313,2000.0000000004657,0.3732583522796631,100.0,,0.0,0.0,0.0,0.0,0.0,0.0,0.0,0.0,0.0,0.0,0.0,0.0,0.0,2000.0
6401,palawan_outer_east_small_2000_9,S2A_MSIL2A_20230601T021611_R003_T50PQT_20230601T103139,1000,,0.0,0.0,0.0,0.0,0.0,0.0,0.0,100.0,0.0,0.0,0.0,4,0,0.0,2000.0000000009313,2000.0000000004657,0.3733947277069092,100.0,,0.0,0.0,0.0,0.0,0.0,0.0,0.0,0.0,0.0,0.0,0.0,0.0,0.0,2000.0
6368,palawan_outer_east_small_2000_9,S2A_MSIL2A_20230611T021541_R003_T50PQT_20230611T092421,20,,0.0,0.0,0.0,0.0,0.0,0.0,0.0,60.65,0.0,39.35,0.0,10000,0,0.0,2000.0000000009313,2000.0000000004657,0.4006037712097168,100.0,,0.0,0.0,0.0,0.0,0.0,0.0,0.0,0.0,0.0,0.0,0.0,0.0,0.0,2000.0
6375,palawan_outer_east_small_2000_9,S2A_MSIL2A_20230611T021541_R003_T50PQT_20230611T092421,50,,0.0,0.0,0.0,0.0,0.0,0.0,0.0,59.375,0.0,40.625,0.0,1600,0,0.0,2000.0000000009313,2000.0000000004657,0.39389657974243164,100.0,,0.0,0.0,0.0,0.0,0.0,0.0,0.0,-1.2749999999999986,0.0,1.2749999999999986,0.0,0.0,0.0,2000.0
6382,palawan_outer_east_small_2000_9,S2A_MSIL2A_20230611T021541_R003_T50PQT_20230611T092421,100,,0.0,0.0,0.0,0.0,0.0,0.0,0.0,57.5,0.0,42.5,0.0,400,0,0.0,2000.0000000009313,2000.0000000004657,0.4226691722869873,100.0,,0.0,0.0,0.0,0.0,0.0,0.0,0.0,-3.1499999999999986,0.0,3.1499999999999986,0.0,0.0,0.0,2000.0
6389,palawan_outer_east_small_2000_9,S2A_MSIL2A_20230611T021541_R003_T50PQT_20230611T092421,200,,0.0,0.0,0.0,0.0,0.0,0.0,0.0,52.0,0.0,48.0,0.0,100,0,0.0,2000.0000000009313,2000.0000000004657,0.6057024002075195,100.0,,0.0,0.0,0.0,0.0,0.0,0.0,0.0,-8.649999999999999,0.0,8.649999999999999,0.0,0.0,0.0,2000.0
6396,palawan_outer_east_small_2000_9,S2A_MSIL2A_20230611T021541_R003_T50PQT_20230611T092421,500,,0.0,0.0,0.0,0.0,0.0,0.0,0.0,37.5,0.0,62.5,0.0,16,0,0.0,2000.0000000009313,2000.0000000004657,0.3732583522796631,100.0,,0.0,0.0,0.0,0.0,0.0,0.0,0.0,-23.15,0.0,23.15,0.0,0.0,0.0,2000.0
6403,palawan_outer_east_small_2000_9,S2A_MSIL2A_20230611T021541_R003_T50PQT_20230611T092421,1000,,0.0,0.0,0.0,0.0,0.0,0.0,0.0,25.0,0.0,75.0,0.0,4,0,0.0,2000.0000000009313,2000.0000000004657,0.3733947277069092,100.0,,0.0,0.0,0.0,0.0,0.0,0.0,0.0,-35.65,0.0,35.65,0.0,0.0,0.0,2000.0
6370,palawan_outer_east_small_2000_9,S2A_MSIL2A_20230621T021541_R003_T50PQT_20230621T085836,20,,0.0,0.0,0.06,0.03,0.01,96.45,0.0,3.45,0.0,0.0,0.0,10000,0,0.0,2000.0000000009313,2000.0000000004657,0.4006037712097168,3.45,,0.0,0.0,0.0,0.0,0.0,0.0,0.0,0.0,0.0,0.0,0.0,0.0,0.0,2000.0
6377,palawan_outer_east_small_2000_9,S2A_MSIL2A_20230621T021541_R003_T50PQT_20230621T085836,50,,0.0,0.0,0.0625,0.0625,0.0,95.8125,0.0,4.0625,0.0,0.0,0.0,1600,0,0.0,2000.0000000009313,2000.0000000004657,0.39389657974243164,4.0625,,0.0,0.0,0.0025000000000000022,0.0325,-0.01,-0.6375000000000028,0.0,0.6124999999999998,0.0,0.0,0.0,0.6124999999999998,0.6375000000000028,2000.0
6384,palawan_outer_east_small_2000_9,S2A_MSIL2A_20230621T021541_R003_T50PQT_20230621T085836,100,,0.0,0.0,0.25,0.0,0.0,94.25,0.0,5.5,0.0,0.0,0.0,400,0,0.0,2000.0000000009313,2000.0000000004657,0.4226691722869873,5.5,,0.0,0.0,0.19,-0.03,-0.01,-2.200000000000003,0.0,2.05,0.0,0.0,0.0,2.05,2.200000000000003,2000.0
6391,palawan_outer_east_small_2000_9,S2A_MSIL2A_20230621T021541_R003_T50PQT_20230621T085836,200,,0.0,0.0,0.0,0.0,0.0,95.0,0.0,5.0,0.0,0.0,0.0,100,0,0.0,2000.0000000009313,2000.0000000004657,0.6057024002075195,5.0,,0.0,0.0,-0.06,-0.03,-0.01,-1.4500000000000028,0.0,1.5499999999999998,0.0,0.0,0.0,1.5499999999999998,1.5499999999999998,2000.0
6398,palawan_outer_east_small_2000_9,S2A_MSIL2A_20230621T021541_R003_T50PQT_20230621T085836,500,,0.0,0.0,0.0,0.0,0.0,100.0,0.0,0.0,0.0,0.0,0.0,16,0,0.0,2000.0000000009313,2000.0000000004657,0.3732583522796631,0.0,,0.0,0.0,-0.06,-0.03,-0.01,3.549999999999997,0.0,-3.45,0.0,0.0,0.0,-3.45,3.549999999999997,2000.0
6405,palawan_outer_east_small_2000_9,S2A_MSIL2A_20230621T021541_R003_T50PQT_20230621T085836,1000,,0.0,0.0,0.0,0.0,0.0,100.0,0.0,0.0,0.0,0.0,0.0,4,0,0.0,2000.0000000009313,2000.0000000004657,0.3733947277069092,0.0,,0.0,0.0,-0.06,-0.03,-0.01,3.549999999999997,0.0,-3.45,0.0,0.0,0.0,-3.45,3.549999999999997,2000.0
6372,palawan_outer_east_small_2000_9,S2A_MSIL2A_20230701T021541_R003_T50PQT_20230701T082624,20,,0.0,0.0,0.0,0.09,0.0,10.31,0.0,0.0,0.0,89.6,0.0,10000,0,0.0,2000.0000000009313,2000.0000000004657,0.4006037712097168,89.6,,0.0,0.0,0.0,0.0,0.0,0.0,0.0,0.0,0.0,0.0,0.0,0.0,0.0,2000.0
6379,palawan_outer_east_small_2000_9,S2A_MSIL2A_20230701T021541_R003_T50PQT_20230701T082624,50,,0.0,0.0,0.0,0.0625,0.0,10.125,0.0,0.0,0.0,89.8125,0.0,1600,0,0.0,2000.0000000009313,2000.0000000004657,0.39389657974243164,89.8125,,0.0,0.0,0.0,-0.027499999999999997,0.0,-0.1850000000000005,0.0,0.0,0.0,0.21250000000000568,0.0,0.21250000000000568,0.21250000000000568,2000.0
6386,palawan_outer_east_small_2000_9,S2A_MSIL2A_20230701T021541_R003_T50PQT_20230701T082624,100,,0.0,0.0,0.0,0.25,0.0,10.5,0.0,0.0,0.0,89.25,0.0,400,0,0.0,2000.0000000009313,2000.0000000004657,0.4226691722869873,89.25,,0.0,0.0,0.0,0.16,0.0,0.1899999999999995,0.0,0.0,0.0,-0.3499999999999943,0.0,-0.3499999999999943,0.3499999999999943,2000.0
6393,palawan_outer_east_small_2000_9,S2A_MSIL2A_20230701T021541_R003_T50PQT_20230701T082624,200,,0.0,0.0,0.0,0.0,0.0,7.0,0.0,0.0,0.0,93.0,0.0,100,0,0.0,2000.0000000009313,2000.0000000004657,0.6057024002075195,93.0,,0.0,0.0,0.0,-0.09,0.0,-3.3100000000000005,0.0,0.0,0.0,3.4000000000000057,0.0,3.4000000000000057,3.4000000000000057,2000.0
6400,palawan_outer_east_small_2000_9,S2A_MSIL2A_20230701T021541_R003_T50PQT_20230701T082624,500,,0.0,0.0,0.0,0.0,0.0,6.25,0.0,0.0,0.0,93.75,0.0,16,0,0.0,2000.0000000009313,2000.0000000004657,0.3732583522796631,93.75,,0.0,0.0,0.0,-0.09,0.0,-4.0600000000000005,0.0,0.0,0.0,4.150000000000006,0.0,4.150000000000006,4.150000000000006,2000.0
6407,palawan_outer_east_small_2000_9,S2A_MSIL2A_20230701T021541_R003_T50PQT_20230701T082624,1000,,0.0,0.0,0.0,0.0,0.0,0.0,0.0,0.0,0.0,100.0,0.0,4,0,0.0,2000.0000000009313,2000.0000000004657,0.3733947277069092,100.0,,0.0,0.0,0.0,-0.09,0.0,-10.31,0.0,0.0,0.0,10.400000000000006,0.0,10.400000000000006,10.400000000000006,2000.0
6367,palawan_outer_east_small_2000_9,S2B_MSIL2A_20230606T021539_R003_T50PQT_20230606T073506,20,,0.0,0.0,0.0,0.23,0.21,99.56,0.0,0.0,0.0,0.0,0.0,10000,0,0.0,2000.0000000009313,2000.0000000004657,0.4006037712097168,0.0,,0.0,0.0,0.0,0.0,0.0,0.0,0.0,0.0,0.0,0.0,0.0,0.0,0.0,2000.0
6374,palawan_outer_east_small_2000_9,S2B_MSIL2A_20230606T021539_R003_T50PQT_20230606T073506,50,,0.0,0.0,0.0,0.3125,0.1875,99.5,0.0,0.0,0.0,0.0,0.0,1600,0,0.0,2000.0000000009313,2000.0000000004657,0.39389657974243164,0.0,,0.0,0.0,0.0,0.08249999999999999,-0.022499999999999992,-0.060000000000002274,0.0,0.0,0.0,0.0,0.0,0.0,0.08249999999999999,2000.0
6381,palawan_outer_east_small_2000_9,S2B_MSIL2A_20230606T021539_R003_T50PQT_20230606T073506,100,,0.0,0.0,0.0,0.5,0.0,99.5,0.0,0.0,0.0,0.0,0.0,400,0,0.0,2000.0000000009313,2000.0000000004657,0.4226691722869873,0.0,,0.0,0.0,0.0,0.27,-0.21,-0.060000000000002274,0.0,0.0,0.0,0.0,0.0,0.0,0.27,2000.0
6388,palawan_outer_east_small_2000_9,S2B_MSIL2A_20230606T021539_R003_T50PQT_20230606T073506,200,,0.0,0.0,0.0,0.0,0.0,100.0,0.0,0.0,0.0,0.0,0.0,100,0,0.0,2000.0000000009313,2000.0000000004657,0.6057024002075195,0.0,,0.0,0.0,0.0,-0.23,-0.21,0.4399999999999977,0.0,0.0,0.0,0.0,0.0,0.0,0.4399999999999977,2000.0
6395,palawan_outer_east_small_2000_9,S2B_MSIL2A_20230606T021539_R003_T50PQT_20230606T073506,500,,0.0,0.0,0.0,0.0,0.0,100.0,0.0,0.0,0.0,0.0,0.0,16,0,0.0,2000.0000000009313,2000.0000000004657,0.3732583522796631,0.0,,0.0,0.0,0.0,-0.23,-0.21,0.4399999999999977,0.0,0.0,0.0,0.0,0.0,0.0,0.4399999999999977,2000.0
6402,palawan_outer_east_small_2000_9,S2B_MSIL2A_20230606T021539_R003_T50PQT_20230606T073506,1000,,0.0,0.0,0.0,0.0,0.0,100.0,0.0,0.0,0.0,0.0,0.0,4,0,0.0,2000.0000000009313,2000.0000000004657,0.3733947277069092,0.0,,0.0,0.0,0.0,-0.23,-0.21,0.4399999999999977,0.0,0.0,0.0,0.0,0.0,0.0,0.4399999999999977,2000.0
6369,palawan_outer_east_small_2000_9,S2B_MSIL2A_20230616T021539_R003_T50PQT_20230616T083239,20,,0.0,0.0,0.0,0.0,0.0,0.0,0.0,0.03,0.0,99.97,0.0,10000,0,0.0,2000.0000000009313,2000.0000000004657,0.4006037712097168,100.0,,0.0,0.0,0.0,0.0,0.0,0.0,0.0,0.0,0.0,0.0,0.0,0.0,0.0,2000.0
6376,palawan_outer_east_small_2000_9,S2B_MSIL2A_20230616T021539_R003_T50PQT_20230616T083239,50,,0.0,0.0,0.0,0.0,0.0,0.0,0.0,0.0,0.0,100.0,0.0,1600,0,0.0,2000.0000000009313,2000.0000000004657,0.39389657974243164,100.0,,0.0,0.0,0.0,0.0,0.0,0.0,0.0,-0.03,0.0,0.030000000000001137,0.0,0.0,0.0,2000.0
6383,palawan_outer_east_small_2000_9,S2B_MSIL2A_20230616T021539_R003_T50PQT_20230616T083239,100,,0.0,0.0,0.0,0.0,0.0,0.0,0.0,0.0,0.0,100.0,0.0,400,0,0.0,2000.0000000009313,2000.0000000004657,0.4226691722869873,100.0,,0.0,0.0,0.0,0.0,0.0,0.0,0.0,-0.03,0.0,0.030000000000001137,0.0,0.0,0.0,2000.0
6390,palawan_outer_east_small_2000_9,S2B_MSIL2A_20230616T021539_R003_T50PQT_20230616T083239,200,,0.0,0.0,0.0,0.0,0.0,0.0,0.0,0.0,0.0,100.0,0.0,100,0,0.0,2000.0000000009313,2000.0000000004657,0.6057024002075195,100.0,,0.0,0.0,0.0,0.0,0.0,0.0,0.0,-0.03,0.0,0.030000000000001137,0.0,0.0,0.0,2000.0
6397,palawan_outer_east_small_2000_9,S2B_MSIL2A_20230616T021539_R003_T50PQT_20230616T083239,500,,0.0,0.0,0.0,0.0,0.0,0.0,0.0,0.0,0.0,100.0,0.0,16,0,0.0,2000.0000000009313,2000.0000000004657,0.3732583522796631,100.0,,0.0,0.0,0.0,0.0,0.0,0.0,0.0,-0.03,0.0,0.030000000000001137,0.0,0.0,0.0,2000.0
6404,palawan_outer_east_small_2000_9,S2B_MSIL2A_20230616T021539_R003_T50PQT_20230616T083239,1000,,0.0,0.0,0.0,0.0,0.0,0.0,0.0,0.0,0.0,100.0,0.0,4,0,0.0,2000.0000000009313,2000.0000000004657,0.3733947277069092,100.0,,0.0,0.0,0.0,0.0,0.0,0.0,0.0,-0.03,0.0,0.030000000000001137,0.0,0.0,0.0,2000.0
6371,palawan_outer_east_small_2000_9,S2B_MSIL2A_20230626T021539_R003_T50PQT_20230626T074054,20,,0.0,0.0,0.0,0.0,0.0,0.27,0.0,30.39,0.0,69.34,0.0,10000,0,0.0,2000.0000000009313,2000.0000000004657,0.4006037712097168,99.73,,0.0,0.0,0.0,0.0,0.0,0.0,0.0,0.0,0.0,0.0,0.0,0.0,0.0,2000.0
6378,palawan_outer_east_small_2000_9,S2B_MSIL2A_20230626T021539_R003_T50PQT_20230626T074054,50,,0.0,0.0,0.0,0.0,0.0,0.1875,0.0,31.5625,0.0,68.25,0.0,1600,0,0.0,2000.0000000009313,2000.0000000004657,0.39389657974243164,99.8125,,0.0,0.0,0.0,0.0,0.0,-0.08250000000000002,0.0,1.1724999999999994,0.0,-1.0900000000000034,0.0,0.08249999999999602,0.08250000000000002,2000.0
6385,palawan_outer_east_small_2000_9,S2B_MSIL2A_20230626T021539_R003_T50PQT_20230626T074054,100,,0.0,0.0,0.0,0.0,0.0,0.25,0.0,32.75,0.0,67.0,0.0,400,0,0.0,2000.0000000009313,2000.0000000004657,0.4226691722869873,99.75,,0.0,0.0,0.0,0.0,0.0,-0.020000000000000018,0.0,2.3599999999999994,0.0,-2.3400000000000034,0.0,0.01999999999999602,0.020000000000000018,2000.0
6392,palawan_outer_east_small_2000_9,S2B_MSIL2A_20230626T021539_R003_T50PQT_20230626T074054,200,,0.0,0.0,0.0,0.0,0.0,0.0,0.0,37.0,0.0,63.0,0.0,100,0,0.0,2000.0000000009313,2000.0000000004657,0.6057024002075195,100.0,,0.0,0.0,0.0,0.0,0.0,-0.27,0.0,6.609999999999999,0.0,-6.340000000000003,0.0,0.269999999999996,0.27,2000.0
6399,palawan_outer_east_small_2000_9,S2B_MSIL2A_20230626T021539_R003_T50PQT_20230626T074054,500,,0.0,0.0,0.0,0.0,0.0,0.0,0.0,43.75,0.0,56.25,0.0,16,0,0.0,2000.0000000009313,2000.0000000004657,0.3732583522796631,100.0,,0.0,0.0,0.0,0.0,0.0,-0.27,0.0,13.36,0.0,-13.090000000000003,0.0,0.269999999999996,0.27,2000.0
6406,palawan_outer_east_small_2000_9,S2B_MSIL2A_20230626T021539_R003_T50PQT_20230626T074054,1000,,0.0,0.0,0.0,0.0,0.0,0.0,0.0,50.0,0.0,50.0,0.0,4,0,0.0,2000.0000000009313,2000.0000000004657,0.3733947277069092,100.0,,0.0,0.0,0.0,0.0,0.0,-0.27,0.0,19.61,0.0,-19.340000000000003,0.0,0.269999999999996,0.27,2000.0
6492,palawan_outer_east_small_3000_0,S2A_MSIL2A_20230601T021611_R003_T50PQT_20230601T103139,20,,0.0,0.0,0.0,0.0,0.0,0.0,0.0,100.0,0.0,0.0,0.0,22500,0,0.0,3000.0000000018626,3000.0,0.3675398826599121,100.0,,0.0,0.0,0.0,0.0,0.0,0.0,0.0,0.0,0.0,0.0,0.0,0.0,0.0,3000.0
6499,palawan_outer_east_small_3000_0,S2A_MSIL2A_20230601T021611_R003_T50PQT_20230601T103139,50,,0.0,0.0,0.0,0.0,0.0,0.0,0.0,100.0,0.0,0.0,0.0,3600,0,0.0,3000.0000000018626,3000.0,0.3939540386199951,100.0,,0.0,0.0,0.0,0.0,0.0,0.0,0.0,0.0,0.0,0.0,0.0,0.0,0.0,3000.0
6506,palawan_outer_east_small_3000_0,S2A_MSIL2A_20230601T021611_R003_T50PQT_20230601T103139,100,,0.0,0.0,0.0,0.0,0.0,0.0,0.0,100.0,0.0,0.0,0.0,900,0,0.0,3000.0000000018626,3000.0,0.3898649215698242,100.0,,0.0,0.0,0.0,0.0,0.0,0.0,0.0,0.0,0.0,0.0,0.0,0.0,0.0,3000.0
6513,palawan_outer_east_small_3000_0,S2A_MSIL2A_20230601T021611_R003_T50PQT_20230601T103139,200,,0.0,0.0,0.0,0.0,0.0,0.0,0.0,100.0,0.0,0.0,0.0,225,0,0.0,3000.0000000018626,3000.0,0.3860349655151367,100.0,,0.0,0.0,0.0,0.0,0.0,0.0,0.0,0.0,0.0,0.0,0.0,0.0,0.0,3000.0
6520,palawan_outer_east_small_3000_0,S2A_MSIL2A_20230601T021611_R003_T50PQT_20230601T103139,500,,0.0,0.0,0.0,0.0,0.0,0.0,0.0,100.0,0.0,0.0,0.0,36,0,0.0,3000.0000000018626,3000.0,0.41835975646972656,100.0,,0.0,0.0,0.0,0.0,0.0,0.0,0.0,0.0,0.0,0.0,0.0,0.0,0.0,3000.0
6527,palawan_outer_east_small_3000_0,S2A_MSIL2A_20230601T021611_R003_T50PQT_20230601T103139,1000,,0.0,0.0,0.0,0.0,0.0,0.0,0.0,100.0,0.0,0.0,0.0,9,0,0.0,3000.0000000018626,3000.0,0.3807215690612793,100.0,,0.0,0.0,0.0,0.0,0.0,0.0,0.0,0.0,0.0,0.0,0.0,0.0,0.0,3000.0
6494,palawan_outer_east_small_3000_0,S2A_MSIL2A_20230611T021541_R003_T50PQT_20230611T092421,20,,0.0,0.0,0.0,0.0,0.0,0.0,0.0,94.96444444444444,0.08444444444444445,4.9511111111111115,0.0,22500,0,0.0,3000.0000000018626,3000.0,0.3675398826599121,100.0,,0.0,0.0,0.0,0.0,0.0,0.0,0.0,0.0,0.0,0.0,0.0,0.0,0.0,3000.0
6501,palawan_outer_east_small_3000_0,S2A_MSIL2A_20230611T021541_R003_T50PQT_20230611T092421,50,,0.0,0.0,0.0,0.0,0.0,0.0,0.0,94.69444444444444,0.1111111111111111,5.194444444444445,0.0,3600,0,0.0,3000.0000000018626,3000.0,0.3939540386199951,100.0,,0.0,0.0,0.0,0.0,0.0,0.0,0.0,-0.269999999999996,0.026666666666666658,0.24333333333333318,0.0,0.0,0.0,3000.0
6508,palawan_outer_east_small_3000_0,S2A_MSIL2A_20230611T021541_R003_T50PQT_20230611T092421,100,,0.0,0.0,0.0,0.0,0.0,0.0,0.0,94.33333333333333,0.0,5.666666666666667,0.0,900,0,0.0,3000.0000000018626,3000.0,0.3898649215698242,100.0,,0.0,0.0,0.0,0.0,0.0,0.0,0.0,-0.6311111111111103,-0.08444444444444445,0.7155555555555555,0.0,0.0,0.0,3000.0
6515,palawan_outer_east_small_3000_0,S2A_MSIL2A_20230611T021541_R003_T50PQT_20230611T092421,200,,0.0,0.0,0.0,0.0,0.0,0.0,0.0,92.44444444444444,0.0,7.555555555555555,0.0,225,0,0.0,3000.0000000018626,3000.0,0.3860349655151367,100.0,,0.0,0.0,0.0,0.0,0.0,0.0,0.0,-2.519999999999996,-0.08444444444444445,2.604444444444444,0.0,0.0,0.0,3000.0
6522,palawan_outer_east_small_3000_0,S2A_MSIL2A_20230611T021541_R003_T50PQT_20230611T092421,500,,0.0,0.0,0.0,0.0,0.0,0.0,0.0,88.88888888888889,0.0,11.11111111111111,0.0,36,0,0.0,3000.0000000018626,3000.0,0.41835975646972656,100.0,,0.0,0.0,0.0,0.0,0.0,0.0,0.0,-6.075555555555553,-0.08444444444444445,6.159999999999999,0.0,0.0,0.0,3000.0
6529,palawan_outer_east_small_3000_0,S2A_MSIL2A_20230611T021541_R003_T50PQT_20230611T092421,1000,,0.0,0.0,0.0,0.0,0.0,0.0,0.0,88.88888888888889,0.0,11.11111111111111,0.0,9,0,0.0,3000.0000000018626,3000.0,0.3807215690612793,100.0,,0.0,0.0,0.0,0.0,0.0,0.0,0.0,-6.075555555555553,-0.08444444444444445,6.159999999999999,0.0,0.0,0.0,3000.0
6496,palawan_outer_east_small_3000_0,S2A_MSIL2A_20230621T021541_R003_T50PQT_20230621T085836,20,,0.0,0.08888888888888889,3.6977777777777776,8.862222222222222,0.25333333333333335,14.32,0.43555555555555553,23.6,14.671111111111111,34.07111111111111,0.0,22500,0,0.0,3000.0000000018626,3000.0,0.3675398826599121,72.34222222222222,,0.0,0.0,0.0,0.0,0.0,0.0,0.0,0.0,0.0,0.0,0.0,0.0,0.0,3000.0
6503,palawan_outer_east_small_3000_0,S2A_MSIL2A_20230621T021541_R003_T50PQT_20230621T085836,50,,0.0,0.08333333333333333,3.638888888888889,8.472222222222221,0.3611111111111111,14.11111111111111,0.6111111111111112,23.97222222222222,14.805555555555555,33.94444444444444,0.0,3600,0,0.0,3000.0000000018626,3000.0,0.3939540386199951,72.72222222222223,,0.0,-0.005555555555555564,-0.05888888888888877,-0.39000000000000057,0.10777777777777775,-0.20888888888888957,0.17555555555555563,0.37222222222222,0.13444444444444414,-0.12666666666666515,0.0,0.38000000000000966,0.39000000000000057,3000.0
6510,palawan_outer_east_small_3000_0,S2A_MSIL2A_20230621T021541_R003_T50PQT_20230621T085836,100,,0.0,0.2222222222222222,3.6666666666666665,7.666666666666667,0.1111111111111111,13.222222222222221,0.5555555555555556,23.444444444444443,14.777777777777779,36.333333333333336,0.0,900,0,0.0,3000.0000000018626,3000.0,0.3898649215698242,74.55555555555556,,0.0,0.1333333333333333,-0.03111111111111109,-1.195555555555555,-0.14222222222222225,-1.0977777777777789,0.12000000000000005,-0.15555555555555856,0.10666666666666735,2.2622222222222277,0.0,2.2133333333333383,2.2133333333333383,3000.0
6517,palawan_outer_east_small_3000_0,S2A_MSIL2A_20230621T021541_R003_T50PQT_20230621T085836,200,,0.0,0.0,3.111111111111111,7.555555555555555,0.0,13.333333333333334,0.0,25.333333333333332,15.555555555555555,35.111111111111114,0.0,225,0,0.0,3000.0000000018626,3000.0,0.3860349655151367,76.0,,0.0,-0.08888888888888889,-0.5866666666666664,-1.3066666666666666,-0.25333333333333335,-0.9866666666666664,-0.43555555555555553,1.7333333333333307,0.8844444444444441,1.0400000000000063,0.0,3.657777777777781,3.657777777777781,3000.0
6524,palawan_outer_east_small_3000_0,S2A_MSIL2A_20230621T021541_R003_T50PQT_20230621T085836,500,,0.0,0.0,0.0,2.7777777777777777,0.0,19.444444444444443,0.0,36.111111111111114,11.11111111111111,30.555555555555557,0.0,36,0,0.0,3000.0000000018626,3000.0,0.41835975646972656,77.77777777777779,,0.0,-0.08888888888888889,-3.6977777777777776,-6.084444444444444,-0.25333333333333335,5.124444444444443,-0.43555555555555553,12.511111111111113,-3.5600000000000005,-3.515555555555551,0.0,5.435555555555567,6.084444444444444,3000.0
6531,palawan_outer_east_small_3000_0,S2A_MSIL2A_20230621T021541_R003_T50PQT_20230621T085836,1000,,0.0,0.0,0.0,11.11111111111111,0.0,11.11111111111111,0.0,22.22222222222222,11.11111111111111,44.44444444444444,0.0,9,0,0.0,3000.0000000018626,3000.0,0.3807215690612793,77.77777777777777,,0.0,-0.08888888888888889,-3.6977777777777776,2.2488888888888887,-0.25333333333333335,-3.2088888888888896,-0.43555555555555553,-1.37777777777778,-3.5600000000000005,10.373333333333335,0.0,5.435555555555553,5.435555555555553,3000.0
6498,palawan_outer_east_small_3000_0,S2A_MSIL2A_20230701T021541_R003_T50PQT_20230701T082624,20,,0.0,0.08444444444444445,6.626666666666667,16.808888888888887,0.13333333333333333,36.55111111111111,0.14666666666666667,3.2711111111111113,2.7022222222222223,33.675555555555555,0.0,22500,0,0.0,3000.0000000018626,3000.0,0.3675398826599121,39.64888888888889,,0.0,0.0,0.0,0.0,0.0,0.0,0.0,0.0,0.0,0.0,0.0,0.0,0.0,3000.0
6505,palawan_outer_east_small_3000_0,S2A_MSIL2A_20230701T021541_R003_T50PQT_20230701T082624,50,,0.0,0.1111111111111111,6.694444444444445,16.5,0.16666666666666666,36.22222222222222,0.16666666666666666,3.25,2.75,34.138888888888886,0.0,3600,0,0.0,3000.0000000018626,3000.0,0.3939540386199951,40.138888888888886,,0.0,0.026666666666666658,0.06777777777777771,-0.30888888888888744,0.033333333333333326,-0.32888888888889056,0.01999999999999999,-0.021111111111111303,0.0477777777777777,0.46333333333333115,0.0,0.4899999999999949,0.4899999999999949,3000.0
6512,palawan_outer_east_small_3000_0,S2A_MSIL2A_20230701T021541_R003_T50PQT_20230701T082624,100,,0.0,0.1111111111111111,6.777777777777778,16.444444444444443,0.0,37.44444444444444,0.1111111111111111,3.2222222222222223,2.3333333333333335,33.55555555555556,0.0,900,0,0.0,3000.0000000018626,3000.0,0.3898649215698242,39.111111111111114,,0.0,0.026666666666666658,0.15111111111111075,-0.36444444444444457,-0.13333333333333333,0.8933333333333309,-0.03555555555555556,-0.04888888888888898,-0.3688888888888888,-0.11999999999999744,0.0,-0.5377777777777766,0.8933333333333309,3000.0
6519,palawan_outer_east_small_3000_0,S2A_MSIL2A_20230701T021541_R003_T50PQT_20230701T082624,200,,0.0,0.0,7.555555555555555,17.333333333333332,0.0,35.111111111111114,0.8888888888888888,1.3333333333333333,3.111111111111111,34.666666666666664,0.0,225,0,0.0,3000.0000000018626,3000.0,0.3860349655151367,39.11111111111111,,0.0,-0.08444444444444445,0.9288888888888884,0.5244444444444447,-0.13333333333333333,-1.4399999999999977,0.7422222222222221,-1.937777777777778,0.40888888888888886,0.9911111111111097,0.0,-0.5377777777777837,1.4399999999999977,3000.0
6526,palawan_outer_east_small_3000_0,S2A_MSIL2A_20230701T021541_R003_T50PQT_20230701T082624,500,,0.0,0.0,2.7777777777777777,8.333333333333334,0.0,41.666666666666664,0.0,5.555555555555555,0.0,41.666666666666664,0.0,36,0,0.0,3000.0000000018626,3000.0,0.41835975646972656,47.22222222222222,,0.0,-0.08444444444444445,-3.8488888888888892,-8.475555555555554,-0.13333333333333333,5.115555555555552,-0.14666666666666667,2.284444444444444,-2.7022222222222223,7.99111111111111,0.0,7.573333333333331,8.475555555555554,3000.0
6533,palawan_outer_east_small_3000_0,S2A_MSIL2A_20230701T021541_R003_T50PQT_20230701T082624,1000,,0.0,0.0,0.0,11.11111111111111,0.0,33.333333333333336,0.0,0.0,11.11111111111111,44.44444444444444,0.0,9,0,0.0,3000.0000000018626,3000.0,0.3807215690612793,55.55555555555556,,0.0,-0.08444444444444445,-6.626666666666667,-5.697777777777777,-0.13333333333333333,-3.2177777777777763,-0.14666666666666667,-3.2711111111111113,8.408888888888889,10.768888888888888,0.0,15.906666666666666,15.906666666666666,3000.0
6493,palawan_outer_east_small_3000_0,S2B_MSIL2A_20230606T021539_R003_T50PQT_20230606T073506,20,,0.0,0.3244444444444444,2.3733333333333335,48.906666666666666,0.7866666666666666,47.257777777777775,0.3022222222222222,0.04888888888888889,0.0,0.0,0.0,22500,0,0.0,3000.0000000018626,3000.0,0.3675398826599121,0.04888888888888889,,0.0,0.0,0.0,0.0,0.0,0.0,0.0,0.0,0.0,0.0,0.0,0.0,0.0,3000.0
6500,palawan_outer_east_small_3000_0,S2B_MSIL2A_20230606T021539_R003_T50PQT_20230606T073506,50,,0.0,0.3333333333333333,2.3333333333333335,48.80555555555556,0.8611111111111112,47.25,0.3888888888888889,0.027777777777777776,0.0,0.0,0.0,3600,0,0.0,3000.0000000018626,3000.0,0.3939540386199951,0.027777777777777776,,0.0,0.00888888888888889,-0.040000000000000036,-0.10111111111110915,0.07444444444444454,-0.007777777777775441,0.08666666666666667,-0.021111111111111115,0.0,0.0,0.0,-0.021111111111111115,0.10111111111110915,3000.0
6507,palawan_outer_east_small_3000_0,S2B_MSIL2A_20230606T021539_R003_T50PQT_20230606T073506,100,,0.0,0.4444444444444444,2.3333333333333335,48.22222222222222,0.4444444444444444,48.333333333333336,0.2222222222222222,0.0,0.0,0.0,0.0,900,0,0.0,3000.0000000018626,3000.0,0.3898649215698242,0.0,,0.0,0.12,-0.040000000000000036,-0.6844444444444449,-0.3422222222222222,1.0755555555555603,-0.08000000000000002,-0.04888888888888889,0.0,0.0,0.0,-0.04888888888888889,1.0755555555555603,3000.0
6514,palawan_outer_east_small_3000_0,S2B_MSIL2A_20230606T021539_R003_T50PQT_20230606T073506,200,,0.0,0.4444444444444444,2.2222222222222223,48.44444444444444,1.3333333333333333,47.55555555555556,0.0,0.0,0.0,0.0,0.0,225,0,0.0,3000.0000000018626,3000.0,0.3860349655151367,0.0,,0.0,0.12,-0.1511111111111112,-0.4622222222222234,0.5466666666666666,0.2977777777777817,-0.3022222222222222,-0.04888888888888889,0.0,0.0,0.0,-0.04888888888888889,0.5466666666666666,3000.0
6521,palawan_outer_east_small_3000_0,S2B_MSIL2A_20230606T021539_R003_T50PQT_20230606T073506,500,,0.0,0.0,0.0,44.44444444444444,0.0,55.55555555555556,0.0,0.0,0.0,0.0,0.0,36,0,0.0,3000.0000000018626,3000.0,0.41835975646972656,0.0,,0.0,-0.3244444444444444,-2.3733333333333335,-4.462222222222223,-0.7866666666666666,8.297777777777782,-0.3022222222222222,-0.04888888888888889,0.0,0.0,0.0,-0.04888888888888889,8.297777777777782,3000.0
6528,palawan_outer_east_small_3000_0,S2B_MSIL2A_20230606T021539_R003_T50PQT_20230606T073506,1000,,0.0,0.0,0.0,55.55555555555556,0.0,44.44444444444444,0.0,0.0,0.0,0.0,0.0,9,0,0.0,3000.0000000018626,3000.0,0.3807215690612793,0.0,,0.0,-0.3244444444444444,-2.3733333333333335,6.648888888888891,-0.7866666666666666,-2.8133333333333326,-0.3022222222222222,-0.04888888888888889,0.0,0.0,0.0,-0.04888888888888889,6.648888888888891,3000.0
6495,palawan_outer_east_small_3000_0,S2B_MSIL2A_20230616T021539_R003_T50PQT_20230616T083239,20,,0.0,0.0,0.0,0.0,0.0,0.0,0.0,4.746666666666667,6.884444444444444,88.36888888888889,0.0,22500,0,0.0,3000.0000000018626,3000.0,0.3675398826599121,100.0,,0.0,0.0,0.0,0.0,0.0,0.0,0.0,0.0,0.0,0.0,0.0,0.0,0.0,3000.0
6502,palawan_outer_east_small_3000_0,S2B_MSIL2A_20230616T021539_R003_T50PQT_20230616T083239,50,,0.0,0.0,0.0,0.0,0.0,0.0,0.0,4.777777777777778,6.888888888888889,88.33333333333333,0.0,3600,0,0.0,3000.0000000018626,3000.0,0.3939540386199951,100.0,,0.0,0.0,0.0,0.0,0.0,0.0,0.0,0.031111111111110645,0.004444444444445139,-0.035555555555561114,0.0,0.0,0.0,3000.0
6509,palawan_outer_east_small_3000_0,S2B_MSIL2A_20230616T021539_R003_T50PQT_20230616T083239,100,,0.0,0.0,0.0,0.0,0.0,0.0,0.0,4.333333333333333,6.444444444444445,89.22222222222223,0.0,900,0,0.0,3000.0000000018626,3000.0,0.3898649215698242,100.0,,0.0,0.0,0.0,0.0,0.0,0.0,0.0,-0.413333333333334,-0.4399999999999995,0.8533333333333388,0.0,0.0,0.0,3000.0
6516,palawan_outer_east_small_3000_0,S2B_MSIL2A_20230616T021539_R003_T50PQT_20230616T083239,200,,0.0,0.0,0.0,0.0,0.0,0.0,0.0,5.777777777777778,5.777777777777778,88.44444444444444,0.0,225,0,0.0,3000.0000000018626,3000.0,0.3860349655151367,100.0,,0.0,0.0,0.0,0.0,0.0,0.0,0.0,1.0311111111111106,-1.1066666666666665,0.07555555555555316,0.0,0.0,0.0,3000.0
6523,palawan_outer_east_small_3000_0,S2B_MSIL2A_20230616T021539_R003_T50PQT_20230616T083239,500,,0.0,0.0,0.0,0.0,0.0,0.0,0.0,5.555555555555555,8.333333333333334,86.11111111111111,0.0,36,0,0.0,3000.0000000018626,3000.0,0.41835975646972656,100.0,,0.0,0.0,0.0,0.0,0.0,0.0,0.0,0.8088888888888883,1.4488888888888898,-2.2577777777777754,0.0,0.0,0.0,3000.0
6530,palawan_outer_east_small_3000_0,S2B_MSIL2A_20230616T021539_R003_T50PQT_20230616T083239,1000,,0.0,0.0,0.0,0.0,0.0,0.0,0.0,0.0,11.11111111111111,88.88888888888889,0.0,9,0,0.0,3000.0000000018626,3000.0,0.3807215690612793,100.0,,0.0,0.0,0.0,0.0,0.0,0.0,0.0,-4.746666666666667,4.226666666666667,0.519999999999996,0.0,0.0,0.0,3000.0
6497,palawan_outer_east_small_3000_0,S2B_MSIL2A_20230626T021539_R003_T50PQT_20230626T074054,20,,0.0,0.0,0.0,0.0,0.0,0.0,0.0,46.22666666666667,16.59111111111111,37.18222222222222,0.0,22500,0,0.0,3000.0000000018626,3000.0,0.3675398826599121,100.0,,0.0,0.0,0.0,0.0,0.0,0.0,0.0,0.0,0.0,0.0,0.0,0.0,0.0,3000.0
6504,palawan_outer_east_small_3000_0,S2B_MSIL2A_20230626T021539_R003_T50PQT_20230626T074054,50,,0.0,0.0,0.0,0.0,0.0,0.0,0.0,45.80555555555556,16.86111111111111,37.333333333333336,0.0,3600,0,0.0,3000.0000000018626,3000.0,0.3939540386199951,100.0,,0.0,0.0,0.0,0.0,0.0,0.0,0.0,-0.42111111111110944,0.2699999999999996,0.15111111111111342,0.0,0.0,0.0,3000.0
6511,palawan_outer_east_small_3000_0,S2B_MSIL2A_20230626T021539_R003_T50PQT_20230626T074054,100,,0.0,0.0,0.0,0.0,0.0,0.0,0.0,45.333333333333336,17.0,37.666666666666664,0.0,900,0,0.0,3000.0000000018626,3000.0,0.3898649215698242,100.0,,0.0,0.0,0.0,0.0,0.0,0.0,0.0,-0.8933333333333309,0.40888888888888886,0.484444444444442,0.0,0.0,0.0,3000.0
6518,palawan_outer_east_small_3000_0,S2B_MSIL2A_20230626T021539_R003_T50PQT_20230626T074054,200,,0.0,0.0,0.0,0.0,0.0,0.0,0.0,43.111111111111114,16.88888888888889,40.0,0.0,225,0,0.0,3000.0000000018626,3000.0,0.3860349655151367,100.0,,0.0,0.0,0.0,0.0,0.0,0.0,0.0,-3.1155555555555523,0.29777777777777814,2.8177777777777777,0.0,0.0,0.0,3000.0
6525,palawan_outer_east_small_3000_0,S2B_MSIL2A_20230626T021539_R003_T50PQT_20230626T074054,500,,0.0,0.0,0.0,0.0,0.0,0.0,0.0,41.666666666666664,19.444444444444443,38.888888888888886,0.0,36,0,0.0,3000.0000000018626,3000.0,0.41835975646972656,100.0,,0.0,0.0,0.0,0.0,0.0,0.0,0.0,-4.560000000000002,2.8533333333333317,1.7066666666666634,0.0,0.0,0.0,3000.0
6532,palawan_outer_east_small_3000_0,S2B_MSIL2A_20230626T021539_R003_T50PQT_20230626T074054,1000,,0.0,0.0,0.0,0.0,0.0,0.0,0.0,44.44444444444444,22.22222222222222,33.333333333333336,0.0,9,0,0.0,3000.0000000018626,3000.0,0.3807215690612793,100.0,,0.0,0.0,0.0,0.0,0.0,0.0,0.0,-1.7822222222222237,5.63111111111111,-3.8488888888888866,0.0,0.0,0.0,3000.0
6534,palawan_outer_east_small_3000_1,S2A_MSIL2A_20230601T021611_R003_T50PQT_20230601T103139,20,,0.0,0.0,0.0,0.0,0.0,0.0,0.0,100.0,0.0,0.0,0.0,22500,0,0.0,3000.0000000012806,3000.000000000233,0.42135000228881836,100.0,,0.0,0.0,0.0,0.0,0.0,0.0,0.0,0.0,0.0,0.0,0.0,0.0,0.0,3000.0
6541,palawan_outer_east_small_3000_1,S2A_MSIL2A_20230601T021611_R003_T50PQT_20230601T103139,50,,0.0,0.0,0.0,0.0,0.0,0.0,0.0,100.0,0.0,0.0,0.0,3600,0,0.0,3000.0000000012806,3000.000000000233,0.36771607398986816,100.0,,0.0,0.0,0.0,0.0,0.0,0.0,0.0,0.0,0.0,0.0,0.0,0.0,0.0,3000.0
6548,palawan_outer_east_small_3000_1,S2A_MSIL2A_20230601T021611_R003_T50PQT_20230601T103139,100,,0.0,0.0,0.0,0.0,0.0,0.0,0.0,100.0,0.0,0.0,0.0,900,0,0.0,3000.0000000012806,3000.000000000233,0.3719651699066162,100.0,,0.0,0.0,0.0,0.0,0.0,0.0,0.0,0.0,0.0,0.0,0.0,0.0,0.0,3000.0
6555,palawan_outer_east_small_3000_1,S2A_MSIL2A_20230601T021611_R003_T50PQT_20230601T103139,200,,0.0,0.0,0.0,0.0,0.0,0.0,0.0,100.0,0.0,0.0,0.0,225,0,0.0,3000.0000000012806,3000.000000000233,0.3597681522369385,100.0,,0.0,0.0,0.0,0.0,0.0,0.0,0.0,0.0,0.0,0.0,0.0,0.0,0.0,3000.0
6562,palawan_outer_east_small_3000_1,S2A_MSIL2A_20230601T021611_R003_T50PQT_20230601T103139,500,,0.0,0.0,0.0,0.0,0.0,0.0,0.0,100.0,0.0,0.0,0.0,36,0,0.0,3000.0000000012806,3000.000000000233,0.3915681838989258,100.0,,0.0,0.0,0.0,0.0,0.0,0.0,0.0,0.0,0.0,0.0,0.0,0.0,0.0,3000.0
6569,palawan_outer_east_small_3000_1,S2A_MSIL2A_20230601T021611_R003_T50PQT_20230601T103139,1000,,0.0,0.0,0.0,0.0,0.0,0.0,0.0,100.0,0.0,0.0,0.0,9,0,0.0,3000.0000000012806,3000.000000000233,0.36925625801086426,100.0,,0.0,0.0,0.0,0.0,0.0,0.0,0.0,0.0,0.0,0.0,0.0,0.0,0.0,3000.0
6536,palawan_outer_east_small_3000_1,S2A_MSIL2A_20230611T021541_R003_T50PQT_20230611T092421,20,,0.0,0.0,0.0,0.0,0.0,0.0,0.0,100.0,0.0,0.0,0.0,22500,0,0.0,3000.0000000012806,3000.000000000233,0.42135000228881836,100.0,,0.0,0.0,0.0,0.0,0.0,0.0,0.0,0.0,0.0,0.0,0.0,0.0,0.0,3000.0
6543,palawan_outer_east_small_3000_1,S2A_MSIL2A_20230611T021541_R003_T50PQT_20230611T092421,50,,0.0,0.0,0.0,0.0,0.0,0.0,0.0,100.0,0.0,0.0,0.0,3600,0,0.0,3000.0000000012806,3000.000000000233,0.36771607398986816,100.0,,0.0,0.0,0.0,0.0,0.0,0.0,0.0,0.0,0.0,0.0,0.0,0.0,0.0,3000.0
6550,palawan_outer_east_small_3000_1,S2A_MSIL2A_20230611T021541_R003_T50PQT_20230611T092421,100,,0.0,0.0,0.0,0.0,0.0,0.0,0.0,100.0,0.0,0.0,0.0,900,0,0.0,3000.0000000012806,3000.000000000233,0.3719651699066162,100.0,,0.0,0.0,0.0,0.0,0.0,0.0,0.0,0.0,0.0,0.0,0.0,0.0,0.0,3000.0
6557,palawan_outer_east_small_3000_1,S2A_MSIL2A_20230611T021541_R003_T50PQT_20230611T092421,200,,0.0,0.0,0.0,0.0,0.0,0.0,0.0,100.0,0.0,0.0,0.0,225,0,0.0,3000.0000000012806,3000.000000000233,0.3597681522369385,100.0,,0.0,0.0,0.0,0.0,0.0,0.0,0.0,0.0,0.0,0.0,0.0,0.0,0.0,3000.0
6564,palawan_outer_east_small_3000_1,S2A_MSIL2A_20230611T021541_R003_T50PQT_20230611T092421,500,,0.0,0.0,0.0,0.0,0.0,0.0,0.0,100.0,0.0,0.0,0.0,36,0,0.0,3000.0000000012806,3000.000000000233,0.3915681838989258,100.0,,0.0,0.0,0.0,0.0,0.0,0.0,0.0,0.0,0.0,0.0,0.0,0.0,0.0,3000.0
6571,palawan_outer_east_small_3000_1,S2A_MSIL2A_20230611T021541_R003_T50PQT_20230611T092421,1000,,0.0,0.0,0.0,0.0,0.0,0.0,0.0,100.0,0.0,0.0,0.0,9,0,0.0,3000.0000000012806,3000.000000000233,0.36925625801086426,100.0,,0.0,0.0,0.0,0.0,0.0,0.0,0.0,0.0,0.0,0.0,0.0,0.0,0.0,3000.0
6538,palawan_outer_east_small_3000_1,S2A_MSIL2A_20230621T021541_R003_T50PQT_20230621T085836,20,,0.0,0.0044444444444444444,8.27111111111111,11.973333333333333,0.8222222222222222,73.11555555555556,0.3511111111111111,4.084444444444444,1.3777777777777778,0.0,0.0,22500,0,0.0,3000.0000000012806,3000.000000000233,0.42135000228881836,5.462222222222222,,0.0,0.0,0.0,0.0,0.0,0.0,0.0,0.0,0.0,0.0,0.0,0.0,0.0,3000.0
6545,palawan_outer_east_small_3000_1,S2A_MSIL2A_20230621T021541_R003_T50PQT_20230621T085836,50,,0.0,0.0,8.13888888888889,11.972222222222221,0.8055555555555556,73.30555555555556,0.3611111111111111,4.166666666666667,1.25,0.0,0.0,3600,0,0.0,3000.0000000012806,3000.000000000233,0.36771607398986816,5.416666666666667,,0.0,-0.0044444444444444444,-0.13222222222222157,-0.0011111111111112848,-0.016666666666666607,0.18999999999999773,0.010000000000000009,0.08222222222222264,-0.12777777777777777,0.0,0.0,-0.04555555555555468,0.18999999999999773,3000.0
6552,palawan_outer_east_small_3000_1,S2A_MSIL2A_20230621T021541_R003_T50PQT_20230621T085836,100,,0.0,0.0,8.11111111111111,12.555555555555555,1.2222222222222223,72.11111111111111,0.3333333333333333,4.333333333333333,1.3333333333333333,0.0,0.0,900,0,0.0,3000.0000000012806,3000.000000000233,0.3719651699066162,5.666666666666666,,0.0,-0.0044444444444444444,-0.16000000000000014,0.5822222222222226,0.40000000000000013,-1.0044444444444451,-0.01777777777777778,0.24888888888888872,-0.04444444444444451,0.0,0.0,0.20444444444444443,1.0044444444444451,3000.0
6559,palawan_outer_east_small_3000_1,S2A_MSIL2A_20230621T021541_R003_T50PQT_20230621T085836,200,,0.0,0.0,8.0,11.555555555555555,1.3333333333333333,74.66666666666667,0.4444444444444444,3.5555555555555554,0.4444444444444444,0.0,0.0,225,0,0.0,3000.0000000012806,3000.000000000233,0.3597681522369385,4.0,,0.0,-0.0044444444444444444,-0.27111111111111086,-0.41777777777777736,0.5111111111111111,1.551111111111112,0.09333333333333332,-0.528888888888889,-0.9333333333333333,0.0,0.0,-1.4622222222222216,1.551111111111112,3000.0
6566,palawan_outer_east_small_3000_1,S2A_MSIL2A_20230621T021541_R003_T50PQT_20230621T085836,500,,0.0,0.0,5.555555555555555,8.333333333333334,0.0,80.55555555555556,0.0,5.555555555555555,0.0,0.0,0.0,36,0,0.0,3000.0000000012806,3000.000000000233,0.3915681838989258,5.555555555555555,,0.0,-0.0044444444444444444,-2.7155555555555555,-3.639999999999999,-0.8222222222222222,7.439999999999998,-0.3511111111111111,1.471111111111111,-1.3777777777777778,0.0,0.0,0.09333333333333371,7.439999999999998,3000.0
6573,palawan_outer_east_small_3000_1,S2A_MSIL2A_20230621T021541_R003_T50PQT_20230621T085836,1000,,0.0,0.0,11.11111111111111,0.0,0.0,88.88888888888889,0.0,0.0,0.0,0.0,0.0,9,0,0.0,3000.0000000012806,3000.000000000233,0.36925625801086426,0.0,,0.0,-0.0044444444444444444,2.84,-11.973333333333333,-0.8222222222222222,15.773333333333326,-0.3511111111111111,-4.084444444444444,-1.3777777777777778,0.0,0.0,-5.462222222222222,15.773333333333326,3000.0
6540,palawan_outer_east_small_3000_1,S2A_MSIL2A_20230701T021541_R003_T50PQT_20230701T082624,20,,0.0,0.0,0.9866666666666667,6.6177777777777775,0.40444444444444444,37.06666666666667,0.6311111111111111,10.662222222222223,7.404444444444445,36.22666666666667,0.0,22500,0,0.0,3000.0000000012806,3000.000000000233,0.42135000228881836,54.29333333333334,,0.0,0.0,0.0,0.0,0.0,0.0,0.0,0.0,0.0,0.0,0.0,0.0,0.0,3000.0
6547,palawan_outer_east_small_3000_1,S2A_MSIL2A_20230701T021541_R003_T50PQT_20230701T082624,50,,0.0,0.0,1.0,6.583333333333333,0.3055555555555556,37.52777777777778,0.5555555555555556,10.63888888888889,7.0,36.388888888888886,0.0,3600,0,0.0,3000.0000000012806,3000.000000000233,0.36771607398986816,54.02777777777777,,0.0,0.0,0.013333333333333308,-0.0344444444444445,-0.09888888888888886,0.4611111111111086,-0.07555555555555549,-0.023333333333333428,-0.4044444444444446,0.16222222222221916,0.0,-0.2655555555555651,0.4611111111111086,3000.0
6554,palawan_outer_east_small_3000_1,S2A_MSIL2A_20230701T021541_R003_T50PQT_20230701T082624,100,,0.0,0.0,1.0,6.888888888888889,0.4444444444444444,37.22222222222222,0.4444444444444444,10.333333333333334,7.555555555555555,36.111111111111114,0.0,900,0,0.0,3000.0000000012806,3000.000000000233,0.3719651699066162,54.0,,0.0,0.0,0.013333333333333308,0.27111111111111175,0.03999999999999998,0.15555555555555145,-0.18666666666666665,-0.3288888888888888,0.15111111111111075,-0.1155555555555523,0.0,-0.29333333333333655,0.29333333333333655,3000.0
6561,palawan_outer_east_small_3000_1,S2A_MSIL2A_20230701T021541_R003_T50PQT_20230701T082624,200,,0.0,0.0,0.8888888888888888,5.333333333333333,1.3333333333333333,40.44444444444444,0.4444444444444444,12.0,4.888888888888889,34.666666666666664,0.0,225,0,0.0,3000.0000000012806,3000.000000000233,0.3597681522369385,51.55555555555556,,0.0,0.0,-0.09777777777777785,-1.2844444444444445,0.9288888888888889,3.377777777777773,-0.18666666666666665,1.3377777777777773,-2.5155555555555553,-1.5600000000000023,0.0,-2.7377777777777794,3.377777777777773,3000.0
6568,palawan_outer_east_small_3000_1,S2A_MSIL2A_20230701T021541_R003_T50PQT_20230701T082624,500,,0.0,0.0,2.7777777777777777,2.7777777777777777,0.0,41.666666666666664,0.0,11.11111111111111,8.333333333333334,33.333333333333336,0.0,36,0,0.0,3000.0000000012806,3000.000000000233,0.3915681838989258,52.77777777777778,,0.0,0.0,1.7911111111111109,-3.84,-0.40444444444444444,4.599999999999994,-0.6311111111111111,0.448888888888888,0.9288888888888893,-2.893333333333331,0.0,-1.515555555555558,4.599999999999994,3000.0
6575,palawan_outer_east_small_3000_1,S2A_MSIL2A_20230701T021541_R003_T50PQT_20230701T082624,1000,,0.0,0.0,0.0,0.0,0.0,44.44444444444444,0.0,22.22222222222222,0.0,33.333333333333336,0.0,9,0,0.0,3000.0000000012806,3000.000000000233,0.36925625801086426,55.55555555555556,,0.0,0.0,-0.9866666666666667,-6.6177777777777775,-0.40444444444444444,7.377777777777773,-0.6311111111111111,11.559999999999999,-7.404444444444445,-2.893333333333331,0.0,1.2622222222222206,7.377777777777773,3000.0
6535,palawan_outer_east_small_3000_1,S2B_MSIL2A_20230606T021539_R003_T50PQT_20230606T073506,20,,0.0,0.03111111111111111,2.4355555555555557,17.946666666666665,1.231111111111111,75.96,1.0355555555555556,1.3022222222222222,0.057777777777777775,0.0,0.0,22500,0,0.0,3000.0000000012806,3000.000000000233,0.42135000228881836,1.3599999999999999,,0.0,0.0,0.0,0.0,0.0,0.0,0.0,0.0,0.0,0.0,0.0,0.0,0.0,3000.0
6542,palawan_outer_east_small_3000_1,S2B_MSIL2A_20230606T021539_R003_T50PQT_20230606T073506,50,,0.0,0.027777777777777776,2.388888888888889,17.833333333333332,1.3611111111111112,75.97222222222223,1.0277777777777777,1.3333333333333333,0.05555555555555555,0.0,0.0,3600,0,0.0,3000.0000000012806,3000.000000000233,0.36771607398986816,1.3888888888888888,,0.0,-0.003333333333333334,-0.046666666666666856,-0.11333333333333329,0.13000000000000012,0.012222222222234791,-0.007777777777777883,0.03111111111111109,-0.0022222222222222227,0.0,0.0,0.028888888888888964,0.13000000000000012,3000.0
6549,palawan_outer_east_small_3000_1,S2B_MSIL2A_20230606T021539_R003_T50PQT_20230606T073506,100,,0.0,0.0,2.5555555555555554,18.444444444444443,1.8888888888888888,74.77777777777777,0.7777777777777778,1.5555555555555556,0.0,0.0,0.0,900,0,0.0,3000.0000000012806,3000.000000000233,0.3719651699066162,1.5555555555555556,,0.0,-0.03111111111111111,0.11999999999999966,0.49777777777777743,0.6577777777777778,-1.1822222222222223,-0.2577777777777778,0.2533333333333334,-0.057777777777777775,0.0,0.0,0.1955555555555557,1.1822222222222223,3000.0
6556,palawan_outer_east_small_3000_1,S2B_MSIL2A_20230606T021539_R003_T50PQT_20230606T073506,200,,0.0,0.0,2.2222222222222223,16.444444444444443,1.3333333333333333,77.33333333333333,0.4444444444444444,2.2222222222222223,0.0,0.0,0.0,225,0,0.0,3000.0000000012806,3000.000000000233,0.3597681522369385,2.2222222222222223,,0.0,-0.03111111111111111,-0.21333333333333337,-1.5022222222222226,0.10222222222222221,1.3733333333333348,-0.5911111111111111,0.9200000000000002,-0.057777777777777775,0.0,0.0,0.8622222222222224,1.5022222222222226,3000.0
6563,palawan_outer_east_small_3000_1,S2B_MSIL2A_20230606T021539_R003_T50PQT_20230606T073506,500,,0.0,0.0,0.0,13.88888888888889,0.0,86.11111111111111,0.0,0.0,0.0,0.0,0.0,36,0,0.0,3000.0000000012806,3000.000000000233,0.3915681838989258,0.0,,0.0,-0.03111111111111111,-2.4355555555555557,-4.057777777777776,-1.231111111111111,10.15111111111112,-1.0355555555555556,-1.3022222222222222,-0.057777777777777775,0.0,0.0,-1.3599999999999999,10.15111111111112,3000.0
6570,palawan_outer_east_small_3000_1,S2B_MSIL2A_20230606T021539_R003_T50PQT_20230606T073506,1000,,0.0,0.0,11.11111111111111,11.11111111111111,0.0,77.77777777777777,0.0,0.0,0.0,0.0,0.0,9,0,0.0,3000.0000000012806,3000.000000000233,0.36925625801086426,0.0,,0.0,-0.03111111111111111,8.675555555555555,-6.835555555555555,-1.231111111111111,1.8177777777777777,-1.0355555555555556,-1.3022222222222222,-0.057777777777777775,0.0,0.0,-1.3599999999999999,8.675555555555555,3000.0
6537,palawan_outer_east_small_3000_1,S2B_MSIL2A_20230616T021539_R003_T50PQT_20230616T083239,20,,0.0,0.0,0.0,0.0,0.0,0.0,0.0,9.537777777777778,14.502222222222223,75.96,0.0,22500,0,0.0,3000.0000000012806,3000.000000000233,0.42135000228881836,100.0,,0.0,0.0,0.0,0.0,0.0,0.0,0.0,0.0,0.0,0.0,0.0,0.0,0.0,3000.0
6544,palawan_outer_east_small_3000_1,S2B_MSIL2A_20230616T021539_R003_T50PQT_20230616T083239,50,,0.0,0.0,0.0,0.0,0.0,0.0,0.0,9.444444444444445,14.444444444444445,76.11111111111111,0.0,3600,0,0.0,3000.0000000012806,3000.000000000233,0.36771607398986816,100.0,,0.0,0.0,0.0,0.0,0.0,0.0,0.0,-0.09333333333333371,-0.05777777777777793,0.15111111111112052,0.0,0.0,0.0,3000.0
6551,palawan_outer_east_small_3000_1,S2B_MSIL2A_20230616T021539_R003_T50PQT_20230616T083239,100,,0.0,0.0,0.0,0.0,0.0,0.0,0.0,10.11111111111111,14.555555555555555,75.33333333333333,0.0,900,0,0.0,3000.0000000012806,3000.000000000233,0.3719651699066162,100.0,,0.0,0.0,0.0,0.0,0.0,0.0,0.0,0.5733333333333324,0.05333333333333279,-0.6266666666666652,0.0,0.0,0.0,3000.0
6558,palawan_outer_east_small_3000_1,S2B_MSIL2A_20230616T021539_R003_T50PQT_20230616T083239,200,,0.0,0.0,0.0,0.0,0.0,0.0,0.0,10.222222222222221,15.11111111111111,74.66666666666667,0.0,225,0,0.0,3000.0000000012806,3000.000000000233,0.3597681522369385,100.0,,0.0,0.0,0.0,0.0,0.0,0.0,0.0,0.6844444444444431,0.6088888888888881,-1.2933333333333223,0.0,0.0,0.0,3000.0
6565,palawan_outer_east_small_3000_1,S2B_MSIL2A_20230616T021539_R003_T50PQT_20230616T083239,500,,0.0,0.0,0.0,0.0,0.0,0.0,0.0,8.333333333333334,13.88888888888889,77.77777777777777,0.0,36,0,0.0,3000.0000000012806,3000.000000000233,0.3915681838989258,100.0,,0.0,0.0,0.0,0.0,0.0,0.0,0.0,-1.2044444444444444,-0.6133333333333333,1.8177777777777777,0.0,0.0,0.0,3000.0
6572,palawan_outer_east_small_3000_1,S2B_MSIL2A_20230616T021539_R003_T50PQT_20230616T083239,1000,,0.0,0.0,0.0,0.0,0.0,0.0,0.0,0.0,11.11111111111111,88.88888888888889,0.0,9,0,0.0,3000.0000000012806,3000.000000000233,0.36925625801086426,100.0,,0.0,0.0,0.0,0.0,0.0,0.0,0.0,-9.537777777777778,-3.391111111111112,12.928888888888892,0.0,0.0,0.0,3000.0
6539,palawan_outer_east_small_3000_1,S2B_MSIL2A_20230626T021539_R003_T50PQT_20230626T074054,20,,0.0,0.0,0.4888888888888889,0.0,0.008888888888888889,2.6577777777777776,0.0,28.453333333333333,0.08444444444444445,68.30666666666667,0.0,22500,0,0.0,3000.0000000012806,3000.000000000233,0.42135000228881836,96.84444444444445,,0.0,0.0,0.0,0.0,0.0,0.0,0.0,0.0,0.0,0.0,0.0,0.0,0.0,3000.0
6546,palawan_outer_east_small_3000_1,S2B_MSIL2A_20230626T021539_R003_T50PQT_20230626T074054,50,,0.0,0.0,0.5,0.0,0.027777777777777776,2.8333333333333335,0.0,27.666666666666668,0.0,68.97222222222223,0.0,3600,0,0.0,3000.0000000012806,3000.000000000233,0.36771607398986816,96.6388888888889,,0.0,0.0,0.011111111111111127,0.0,0.018888888888888886,0.1755555555555559,0.0,-0.7866666666666653,-0.08444444444444445,0.6655555555555566,0.0,-0.2055555555555486,0.2055555555555486,3000.0
6553,palawan_outer_east_small_3000_1,S2B_MSIL2A_20230626T021539_R003_T50PQT_20230626T074054,100,,0.0,0.0,0.5555555555555556,0.0,0.0,2.888888888888889,0.0,26.555555555555557,0.0,70.0,0.0,900,0,0.0,3000.0000000012806,3000.000000000233,0.3719651699066162,96.55555555555556,,0.0,0.0,0.06666666666666671,0.0,-0.008888888888888889,0.23111111111111127,0.0,-1.897777777777776,-0.08444444444444445,1.693333333333328,0.0,-0.2888888888888914,0.2888888888888914,3000.0
6560,palawan_outer_east_small_3000_1,S2B_MSIL2A_20230626T021539_R003_T50PQT_20230626T074054,200,,0.0,0.0,0.4444444444444444,0.0,0.0,3.5555555555555554,0.0,23.555555555555557,0.0,72.44444444444444,0.0,225,0,0.0,3000.0000000012806,3000.000000000233,0.3597681522369385,96.0,,0.0,0.0,-0.04444444444444445,0.0,-0.008888888888888889,0.8977777777777778,0.0,-4.897777777777776,-0.08444444444444445,4.137777777777771,0.0,-0.8444444444444485,0.8977777777777778,3000.0
6567,palawan_outer_east_small_3000_1,S2B_MSIL2A_20230626T021539_R003_T50PQT_20230626T074054,500,,0.0,0.0,0.0,0.0,0.0,8.333333333333334,0.0,22.22222222222222,0.0,69.44444444444444,0.0,36,0,0.0,3000.0000000012806,3000.000000000233,0.3915681838989258,91.66666666666666,,0.0,0.0,-0.4888888888888889,0.0,-0.008888888888888889,5.675555555555556,0.0,-6.231111111111112,-0.08444444444444445,1.137777777777771,0.0,-5.177777777777791,5.675555555555556,3000.0
6574,palawan_outer_east_small_3000_1,S2B_MSIL2A_20230626T021539_R003_T50PQT_20230626T074054,1000,,0.0,0.0,0.0,0.0,0.0,11.11111111111111,0.0,11.11111111111111,0.0,77.77777777777777,0.0,9,0,0.0,3000.0000000012806,3000.000000000233,0.36925625801086426,88.88888888888889,,0.0,0.0,-0.4888888888888889,0.0,-0.008888888888888889,8.453333333333333,0.0,-17.342222222222222,-0.08444444444444445,9.4711111111111,0.0,-7.955555555555563,8.453333333333333,3000.0
6576,palawan_outer_east_small_3000_2,S2A_MSIL2A_20230601T021611_R003_T50PQT_20230601T103139,20,,0.0,0.0,0.0,0.0,0.0,0.0,0.0,100.0,0.0,0.0,0.0,22500,0,0.0,3000.000000001397,3000.0000000004657,0.5255997180938721,100.0,,0.0,0.0,0.0,0.0,0.0,0.0,0.0,0.0,0.0,0.0,0.0,0.0,0.0,3000.0
6583,palawan_outer_east_small_3000_2,S2A_MSIL2A_20230601T021611_R003_T50PQT_20230601T103139,50,,0.0,0.0,0.0,0.0,0.0,0.0,0.0,100.0,0.0,0.0,0.0,3600,0,0.0,3000.000000001397,3000.0000000004657,0.4802360534667969,100.0,,0.0,0.0,0.0,0.0,0.0,0.0,0.0,0.0,0.0,0.0,0.0,0.0,0.0,3000.0
6590,palawan_outer_east_small_3000_2,S2A_MSIL2A_20230601T021611_R003_T50PQT_20230601T103139,100,,0.0,0.0,0.0,0.0,0.0,0.0,0.0,100.0,0.0,0.0,0.0,900,0,0.0,3000.000000001397,3000.0000000004657,0.5156199932098389,100.0,,0.0,0.0,0.0,0.0,0.0,0.0,0.0,0.0,0.0,0.0,0.0,0.0,0.0,3000.0
6597,palawan_outer_east_small_3000_2,S2A_MSIL2A_20230601T021611_R003_T50PQT_20230601T103139,200,,0.0,0.0,0.0,0.0,0.0,0.0,0.0,100.0,0.0,0.0,0.0,225,0,0.0,3000.000000001397,3000.0000000004657,1.017657995223999,100.0,,0.0,0.0,0.0,0.0,0.0,0.0,0.0,0.0,0.0,0.0,0.0,0.0,0.0,3000.0
6604,palawan_outer_east_small_3000_2,S2A_MSIL2A_20230601T021611_R003_T50PQT_20230601T103139,500,,0.0,0.0,0.0,0.0,0.0,0.0,0.0,100.0,0.0,0.0,0.0,36,0,0.0,3000.000000001397,3000.0000000004657,0.5331928730010986,100.0,,0.0,0.0,0.0,0.0,0.0,0.0,0.0,0.0,0.0,0.0,0.0,0.0,0.0,3000.0
6611,palawan_outer_east_small_3000_2,S2A_MSIL2A_20230601T021611_R003_T50PQT_20230601T103139,1000,,0.0,0.0,0.0,0.0,0.0,0.0,0.0,100.0,0.0,0.0,0.0,9,0,0.0,3000.000000001397,3000.0000000004657,0.5303246974945068,100.0,,0.0,0.0,0.0,0.0,0.0,0.0,0.0,0.0,0.0,0.0,0.0,0.0,0.0,3000.0
6578,palawan_outer_east_small_3000_2,S2A_MSIL2A_20230611T021541_R003_T50PQT_20230611T092421,20,,0.0,0.0,0.0,0.0,0.0,0.0,0.0,86.03555555555556,0.0,13.964444444444444,0.0,22500,0,0.0,3000.000000001397,3000.0000000004657,0.5255997180938721,100.0,,0.0,0.0,0.0,0.0,0.0,0.0,0.0,0.0,0.0,0.0,0.0,0.0,0.0,3000.0
6585,palawan_outer_east_small_3000_2,S2A_MSIL2A_20230611T021541_R003_T50PQT_20230611T092421,50,,0.0,0.0,0.0,0.0,0.0,0.0,0.0,85.72222222222223,0.0,14.277777777777779,0.0,3600,0,0.0,3000.000000001397,3000.0000000004657,0.4802360534667969,100.0,,0.0,0.0,0.0,0.0,0.0,0.0,0.0,-0.3133333333333326,0.0,0.31333333333333435,0.0,0.0,0.0,3000.0
6592,palawan_outer_east_small_3000_2,S2A_MSIL2A_20230611T021541_R003_T50PQT_20230611T092421,100,,0.0,0.0,0.0,0.0,0.0,0.0,0.0,85.66666666666667,0.0,14.333333333333334,0.0,900,0,0.0,3000.000000001397,3000.0000000004657,0.5156199932098389,100.0,,0.0,0.0,0.0,0.0,0.0,0.0,0.0,-0.3688888888888897,0.0,0.3688888888888897,0.0,0.0,0.0,3000.0
6599,palawan_outer_east_small_3000_2,S2A_MSIL2A_20230611T021541_R003_T50PQT_20230611T092421,200,,0.0,0.0,0.0,0.0,0.0,0.0,0.0,82.66666666666667,0.0,17.333333333333332,0.0,225,0,0.0,3000.000000001397,3000.0000000004657,1.017657995223999,100.0,,0.0,0.0,0.0,0.0,0.0,0.0,0.0,-3.3688888888888897,0.0,3.368888888888888,0.0,0.0,0.0,3000.0
6606,palawan_outer_east_small_3000_2,S2A_MSIL2A_20230611T021541_R003_T50PQT_20230611T092421,500,,0.0,0.0,0.0,0.0,0.0,0.0,0.0,75.0,0.0,25.0,0.0,36,0,0.0,3000.000000001397,3000.0000000004657,0.5331928730010986,100.0,,0.0,0.0,0.0,0.0,0.0,0.0,0.0,-11.035555555555561,0.0,11.035555555555556,0.0,0.0,0.0,3000.0
6613,palawan_outer_east_small_3000_2,S2A_MSIL2A_20230611T021541_R003_T50PQT_20230611T092421,1000,,0.0,0.0,0.0,0.0,0.0,0.0,0.0,77.77777777777777,0.0,22.22222222222222,0.0,9,0,0.0,3000.000000001397,3000.0000000004657,0.5303246974945068,100.0,,0.0,0.0,0.0,0.0,0.0,0.0,0.0,-8.25777777777779,0.0,8.257777777777777,0.0,0.0,0.0,3000.0
6580,palawan_outer_east_small_3000_2,S2A_MSIL2A_20230621T021541_R003_T50PQT_20230621T085836,20,,0.0,0.008888888888888889,3.2133333333333334,8.333333333333334,0.30666666666666664,76.72888888888889,0.4,5.822222222222222,5.1866666666666665,0.0,0.0,22500,0,0.0,3000.000000001397,3000.0000000004657,0.5255997180938721,11.008888888888889,,0.0,0.0,0.0,0.0,0.0,0.0,0.0,0.0,0.0,0.0,0.0,0.0,0.0,3000.0
6587,palawan_outer_east_small_3000_2,S2A_MSIL2A_20230621T021541_R003_T50PQT_20230621T085836,50,,0.0,0.0,3.0,8.472222222222221,0.4166666666666667,77.33333333333333,0.3333333333333333,5.444444444444445,5.0,0.0,0.0,3600,0,0.0,3000.000000001397,3000.0000000004657,0.4802360534667969,10.444444444444445,,0.0,-0.008888888888888889,-0.21333333333333337,0.1388888888888875,0.11000000000000004,0.6044444444444395,-0.06666666666666671,-0.3777777777777773,-0.18666666666666654,0.0,0.0,-0.5644444444444439,0.6044444444444395,3000.0
6594,palawan_outer_east_small_3000_2,S2A_MSIL2A_20230621T021541_R003_T50PQT_20230621T085836,100,,0.0,0.0,2.888888888888889,8.444444444444445,0.1111111111111111,77.88888888888889,0.4444444444444444,5.111111111111111,5.111111111111111,0.0,0.0,900,0,0.0,3000.000000001397,3000.0000000004657,0.5156199932098389,10.222222222222221,,0.0,-0.008888888888888889,-0.32444444444444454,0.11111111111111072,-0.19555555555555554,1.1599999999999966,0.0444444444444444,-0.7111111111111112,-0.07555555555555582,0.0,0.0,-0.7866666666666671,1.1599999999999966,3000.0
6601,palawan_outer_east_small_3000_2,S2A_MSIL2A_20230621T021541_R003_T50PQT_20230621T085836,200,,0.0,0.0,2.6666666666666665,6.666666666666667,0.0,82.22222222222223,0.4444444444444444,4.444444444444445,3.5555555555555554,0.0,0.0,225,0,0.0,3000.000000001397,3000.0000000004657,1.017657995223999,8.0,,0.0,-0.008888888888888889,-0.5466666666666669,-1.666666666666667,-0.30666666666666664,5.493333333333339,0.0444444444444444,-1.3777777777777773,-1.6311111111111112,0.0,0.0,-3.0088888888888885,5.493333333333339,3000.0
6608,palawan_outer_east_small_3000_2,S2A_MSIL2A_20230621T021541_R003_T50PQT_20230621T085836,500,,0.0,0.0,0.0,2.7777777777777777,0.0,88.88888888888889,0.0,2.7777777777777777,5.555555555555555,0.0,0.0,36,0,0.0,3000.000000001397,3000.0000000004657,0.5331928730010986,8.333333333333332,,0.0,-0.008888888888888889,-3.2133333333333334,-5.555555555555556,-0.30666666666666664,12.159999999999997,-0.4,-3.0444444444444443,0.3688888888888888,0.0,0.0,-2.6755555555555564,12.159999999999997,3000.0
6615,palawan_outer_east_small_3000_2,S2A_MSIL2A_20230621T021541_R003_T50PQT_20230621T085836,1000,,0.0,0.0,0.0,11.11111111111111,0.0,88.88888888888889,0.0,0.0,0.0,0.0,0.0,9,0,0.0,3000.000000001397,3000.0000000004657,0.5303246974945068,0.0,,0.0,-0.008888888888888889,-3.2133333333333334,2.777777777777777,-0.30666666666666664,12.159999999999997,-0.4,-5.822222222222222,-5.1866666666666665,0.0,0.0,-11.008888888888889,12.159999999999997,3000.0
6582,palawan_outer_east_small_3000_2,S2A_MSIL2A_20230701T021541_R003_T50PQT_20230701T082624,20,,0.0,0.0,0.2088888888888889,8.253333333333334,0.09777777777777778,62.217777777777776,0.16,1.1066666666666667,1.1511111111111112,26.804444444444446,0.0,22500,0,0.0,3000.000000001397,3000.0000000004657,0.5255997180938721,29.062222222222225,,0.0,0.0,0.0,0.0,0.0,0.0,0.0,0.0,0.0,0.0,0.0,0.0,0.0,3000.0
6589,palawan_outer_east_small_3000_2,S2A_MSIL2A_20230701T021541_R003_T50PQT_20230701T082624,50,,0.0,0.0,0.16666666666666666,8.277777777777779,0.027777777777777776,62.72222222222222,0.2777777777777778,1.0,1.0833333333333333,26.444444444444443,0.0,3600,0,0.0,3000.000000001397,3000.0000000004657,0.4802360534667969,28.527777777777775,,0.0,0.0,-0.042222222222222244,0.024444444444444713,-0.07,0.5044444444444451,0.11777777777777779,-0.10666666666666669,-0.06777777777777794,-0.360000000000003,0.0,-0.5344444444444498,0.5344444444444498,3000.0
6596,palawan_outer_east_small_3000_2,S2A_MSIL2A_20230701T021541_R003_T50PQT_20230701T082624,100,,0.0,0.0,0.2222222222222222,8.11111111111111,0.0,61.888888888888886,0.1111111111111111,1.1111111111111112,1.0,27.555555555555557,0.0,900,0,0.0,3000.000000001397,3000.0000000004657,0.5156199932098389,29.666666666666668,,0.0,0.0,0.013333333333333308,-0.14222222222222314,-0.09777777777777778,-0.32888888888889056,-0.0488888888888889,0.004444444444444473,-0.1511111111111112,0.7511111111111113,0.0,0.604444444444443,0.604444444444443,3000.0
6603,palawan_outer_east_small_3000_2,S2A_MSIL2A_20230701T021541_R003_T50PQT_20230701T082624,200,,0.0,0.0,0.0,7.111111111111111,0.0,66.22222222222223,0.4444444444444444,1.3333333333333333,0.0,24.88888888888889,0.0,225,0,0.0,3000.000000001397,3000.0000000004657,1.017657995223999,26.22222222222222,,0.0,0.0,-0.2088888888888889,-1.1422222222222231,-0.09777777777777778,4.004444444444452,0.2844444444444444,0.22666666666666657,-1.1511111111111112,-1.9155555555555566,0.0,-2.8400000000000034,4.004444444444452,3000.0
6610,palawan_outer_east_small_3000_2,S2A_MSIL2A_20230701T021541_R003_T50PQT_20230701T082624,500,,0.0,0.0,0.0,5.555555555555555,0.0,75.0,0.0,0.0,0.0,19.444444444444443,0.0,36,0,0.0,3000.000000001397,3000.0000000004657,0.5331928730010986,19.444444444444443,,0.0,0.0,-0.2088888888888889,-2.6977777777777785,-0.09777777777777778,12.782222222222224,-0.16,-1.1066666666666667,-1.1511111111111112,-7.360000000000003,0.0,-9.617777777777782,12.782222222222224,3000.0
6617,palawan_outer_east_small_3000_2,S2A_MSIL2A_20230701T021541_R003_T50PQT_20230701T082624,1000,,0.0,0.0,0.0,11.11111111111111,0.0,66.66666666666667,0.0,0.0,0.0,22.22222222222222,0.0,9,0,0.0,3000.000000001397,3000.0000000004657,0.5303246974945068,22.22222222222222,,0.0,0.0,-0.2088888888888889,2.857777777777777,-0.09777777777777778,4.448888888888895,-0.16,-1.1066666666666667,-1.1511111111111112,-4.582222222222224,0.0,-6.840000000000003,6.840000000000003,3000.0
6577,palawan_outer_east_small_3000_2,S2B_MSIL2A_20230606T021539_R003_T50PQT_20230606T073506,20,,0.0,0.09333333333333334,1.471111111111111,21.15111111111111,0.1111111111111111,76.71555555555555,0.13777777777777778,0.32,0.0,0.0,0.0,22500,0,0.0,3000.000000001397,3000.0000000004657,0.5255997180938721,0.32,,0.0,0.0,0.0,0.0,0.0,0.0,0.0,0.0,0.0,0.0,0.0,0.0,0.0,3000.0
6584,palawan_outer_east_small_3000_2,S2B_MSIL2A_20230606T021539_R003_T50PQT_20230606T073506,50,,0.0,0.08333333333333333,1.4444444444444444,20.583333333333332,0.1111111111111111,77.27777777777777,0.19444444444444445,0.3055555555555556,0.0,0.0,0.0,3600,0,0.0,3000.000000001397,3000.0000000004657,0.4802360534667969,0.3055555555555556,,0.0,-0.010000000000000009,-0.026666666666666616,-0.5677777777777777,0.0,0.5622222222222177,0.05666666666666667,-0.014444444444444426,0.0,0.0,0.0,-0.014444444444444426,0.5677777777777777,3000.0
6591,palawan_outer_east_small_3000_2,S2B_MSIL2A_20230606T021539_R003_T50PQT_20230606T073506,100,,0.0,0.1111111111111111,1.3333333333333333,20.333333333333332,0.1111111111111111,77.88888888888889,0.1111111111111111,0.1111111111111111,0.0,0.0,0.0,900,0,0.0,3000.000000001397,3000.0000000004657,0.5156199932098389,0.1111111111111111,,0.0,0.017777777777777767,-0.13777777777777778,-0.8177777777777777,0.0,1.173333333333332,-0.026666666666666672,-0.2088888888888889,0.0,0.0,0.0,-0.2088888888888889,1.173333333333332,3000.0
6598,palawan_outer_east_small_3000_2,S2B_MSIL2A_20230606T021539_R003_T50PQT_20230606T073506,200,,0.0,0.4444444444444444,1.3333333333333333,16.88888888888889,0.0,80.88888888888889,0.0,0.4444444444444444,0.0,0.0,0.0,225,0,0.0,3000.000000001397,3000.0000000004657,1.017657995223999,0.4444444444444444,,0.0,0.3511111111111111,-0.13777777777777778,-4.262222222222221,-0.1111111111111111,4.173333333333332,-0.13777777777777778,0.12444444444444441,0.0,0.0,0.0,0.12444444444444441,4.262222222222221,3000.0
6605,palawan_outer_east_small_3000_2,S2B_MSIL2A_20230606T021539_R003_T50PQT_20230606T073506,500,,0.0,0.0,2.7777777777777777,8.333333333333334,0.0,88.88888888888889,0.0,0.0,0.0,0.0,0.0,36,0,0.0,3000.000000001397,3000.0000000004657,0.5331928730010986,0.0,,0.0,-0.09333333333333334,1.3066666666666666,-12.817777777777776,-0.1111111111111111,12.173333333333332,-0.13777777777777778,-0.32,0.0,0.0,0.0,-0.32,12.817777777777776,3000.0
6612,palawan_outer_east_small_3000_2,S2B_MSIL2A_20230606T021539_R003_T50PQT_20230606T073506,1000,,0.0,0.0,0.0,11.11111111111111,0.0,88.88888888888889,0.0,0.0,0.0,0.0,0.0,9,0,0.0,3000.000000001397,3000.0000000004657,0.5303246974945068,0.0,,0.0,-0.09333333333333334,-1.471111111111111,-10.04,-0.1111111111111111,12.173333333333332,-0.13777777777777778,-0.32,0.0,0.0,0.0,-0.32,12.173333333333332,3000.0
6579,palawan_outer_east_small_3000_2,S2B_MSIL2A_20230616T021539_R003_T50PQT_20230616T083239,20,,0.0,0.0,0.0,0.0,0.0,0.0,0.0,4.0,6.328888888888889,89.67111111111112,0.0,22500,0,0.0,3000.000000001397,3000.0000000004657,0.5255997180938721,100.0,,0.0,0.0,0.0,0.0,0.0,0.0,0.0,0.0,0.0,0.0,0.0,0.0,0.0,3000.0
6586,palawan_outer_east_small_3000_2,S2B_MSIL2A_20230616T021539_R003_T50PQT_20230616T083239,50,,0.0,0.0,0.0,0.0,0.0,0.0,0.0,4.027777777777778,6.055555555555555,89.91666666666667,0.0,3600,0,0.0,3000.000000001397,3000.0000000004657,0.4802360534667969,100.0,,0.0,0.0,0.0,0.0,0.0,0.0,0.0,0.02777777777777768,-0.27333333333333343,0.24555555555555486,0.0,0.0,0.0,3000.0
6593,palawan_outer_east_small_3000_2,S2B_MSIL2A_20230616T021539_R003_T50PQT_20230616T083239,100,,0.0,0.0,0.0,0.0,0.0,0.0,0.0,3.888888888888889,6.222222222222222,89.88888888888889,0.0,900,0,0.0,3000.000000001397,3000.0000000004657,0.5156199932098389,100.0,,0.0,0.0,0.0,0.0,0.0,0.0,0.0,-0.11111111111111116,-0.10666666666666647,0.2177777777777692,0.0,0.0,0.0,3000.0
6600,palawan_outer_east_small_3000_2,S2B_MSIL2A_20230616T021539_R003_T50PQT_20230616T083239,200,,0.0,0.0,0.0,0.0,0.0,0.0,0.0,3.5555555555555554,4.888888888888889,91.55555555555556,0.0,225,0,0.0,3000.000000001397,3000.0000000004657,1.017657995223999,100.0,,0.0,0.0,0.0,0.0,0.0,0.0,0.0,-0.44444444444444464,-1.4399999999999995,1.8844444444444406,0.0,0.0,0.0,3000.0
6607,palawan_outer_east_small_3000_2,S2B_MSIL2A_20230616T021539_R003_T50PQT_20230616T083239,500,,0.0,0.0,0.0,0.0,0.0,0.0,0.0,0.0,5.555555555555555,94.44444444444444,0.0,36,0,0.0,3000.000000001397,3000.0000000004657,0.5331928730010986,100.0,,0.0,0.0,0.0,0.0,0.0,0.0,0.0,-4.0,-0.7733333333333334,4.773333333333326,0.0,0.0,0.0,3000.0
6614,palawan_outer_east_small_3000_2,S2B_MSIL2A_20230616T021539_R003_T50PQT_20230616T083239,1000,,0.0,0.0,0.0,0.0,0.0,0.0,0.0,0.0,0.0,100.0,0.0,9,0,0.0,3000.000000001397,3000.0000000004657,0.5303246974945068,100.0,,0.0,0.0,0.0,0.0,0.0,0.0,0.0,-4.0,-6.328888888888889,10.328888888888883,0.0,0.0,0.0,3000.0
6581,palawan_outer_east_small_3000_2,S2B_MSIL2A_20230626T021539_R003_T50PQT_20230626T074054,20,,0.0,0.0,0.0,0.0,0.0,0.0,0.0,93.85333333333334,0.0,6.1466666666666665,0.0,22500,0,0.0,3000.000000001397,3000.0000000004657,0.5255997180938721,100.0,,0.0,0.0,0.0,0.0,0.0,0.0,0.0,0.0,0.0,0.0,0.0,0.0,0.0,3000.0
6588,palawan_outer_east_small_3000_2,S2B_MSIL2A_20230626T021539_R003_T50PQT_20230626T074054,50,,0.0,0.0,0.0,0.0,0.0,0.0,0.0,93.72222222222223,0.0,6.277777777777778,0.0,3600,0,0.0,3000.000000001397,3000.0000000004657,0.4802360534667969,100.0,,0.0,0.0,0.0,0.0,0.0,0.0,0.0,-0.1311111111111103,0.0,0.13111111111111118,0.0,0.0,0.0,3000.0
6595,palawan_outer_east_small_3000_2,S2B_MSIL2A_20230626T021539_R003_T50PQT_20230626T074054,100,,0.0,0.0,0.0,0.0,0.0,0.0,0.0,94.0,0.0,6.0,0.0,900,0,0.0,3000.000000001397,3000.0000000004657,0.5156199932098389,100.0,,0.0,0.0,0.0,0.0,0.0,0.0,0.0,0.14666666666666117,0.0,-0.1466666666666665,0.0,0.0,0.0,3000.0
6602,palawan_outer_east_small_3000_2,S2B_MSIL2A_20230626T021539_R003_T50PQT_20230626T074054,200,,0.0,0.0,0.0,0.0,0.0,0.0,0.0,92.88888888888889,0.0,7.111111111111111,0.0,225,0,0.0,3000.000000001397,3000.0000000004657,1.017657995223999,100.0,,0.0,0.0,0.0,0.0,0.0,0.0,0.0,-0.9644444444444531,0.0,0.9644444444444442,0.0,0.0,0.0,3000.0
6609,palawan_outer_east_small_3000_2,S2B_MSIL2A_20230626T021539_R003_T50PQT_20230626T074054,500,,0.0,0.0,0.0,0.0,0.0,0.0,0.0,86.11111111111111,0.0,13.88888888888889,0.0,36,0,0.0,3000.000000001397,3000.0000000004657,0.5331928730010986,100.0,,0.0,0.0,0.0,0.0,0.0,0.0,0.0,-7.742222222222225,0.0,7.742222222222223,0.0,0.0,0.0,3000.0
6616,palawan_outer_east_small_3000_2,S2B_MSIL2A_20230626T021539_R003_T50PQT_20230626T074054,1000,,0.0,0.0,0.0,0.0,0.0,0.0,0.0,100.0,0.0,0.0,0.0,9,0,0.0,3000.000000001397,3000.0000000004657,0.5303246974945068,100.0,,0.0,0.0,0.0,0.0,0.0,0.0,0.0,6.146666666666661,0.0,-6.1466666666666665,0.0,0.0,0.0,3000.0
6618,palawan_outer_east_small_3000_3,S2A_MSIL2A_20230601T021611_R003_T50PQT_20230601T103139,20,,0.0,0.0,0.0,0.0,0.0,0.0,0.0,100.0,0.0,0.0,0.0,22500,0,0.0,3000.0000000004657,3000.0,0.4483339786529541,100.0,,0.0,0.0,0.0,0.0,0.0,0.0,0.0,0.0,0.0,0.0,0.0,0.0,0.0,3000.0
6625,palawan_outer_east_small_3000_3,S2A_MSIL2A_20230601T021611_R003_T50PQT_20230601T103139,50,,0.0,0.0,0.0,0.0,0.0,0.0,0.0,100.0,0.0,0.0,0.0,3600,0,0.0,3000.0000000004657,3000.0,0.38612866401672363,100.0,,0.0,0.0,0.0,0.0,0.0,0.0,0.0,0.0,0.0,0.0,0.0,0.0,0.0,3000.0
6632,palawan_outer_east_small_3000_3,S2A_MSIL2A_20230601T021611_R003_T50PQT_20230601T103139,100,,0.0,0.0,0.0,0.0,0.0,0.0,0.0,100.0,0.0,0.0,0.0,900,0,0.0,3000.0000000004657,3000.0,0.4531700611114502,100.0,,0.0,0.0,0.0,0.0,0.0,0.0,0.0,0.0,0.0,0.0,0.0,0.0,0.0,3000.0
6639,palawan_outer_east_small_3000_3,S2A_MSIL2A_20230601T021611_R003_T50PQT_20230601T103139,200,,0.0,0.0,0.0,0.0,0.0,0.0,0.0,100.0,0.0,0.0,0.0,225,0,0.0,3000.0000000004657,3000.0,0.9546260833740234,100.0,,0.0,0.0,0.0,0.0,0.0,0.0,0.0,0.0,0.0,0.0,0.0,0.0,0.0,3000.0
6646,palawan_outer_east_small_3000_3,S2A_MSIL2A_20230601T021611_R003_T50PQT_20230601T103139,500,,0.0,0.0,0.0,0.0,0.0,0.0,0.0,100.0,0.0,0.0,0.0,36,0,0.0,3000.0000000004657,3000.0,0.41463804244995117,100.0,,0.0,0.0,0.0,0.0,0.0,0.0,0.0,0.0,0.0,0.0,0.0,0.0,0.0,3000.0
6653,palawan_outer_east_small_3000_3,S2A_MSIL2A_20230601T021611_R003_T50PQT_20230601T103139,1000,,0.0,0.0,0.0,0.0,0.0,0.0,0.0,100.0,0.0,0.0,0.0,9,0,0.0,3000.0000000004657,3000.0,0.3731095790863037,100.0,,0.0,0.0,0.0,0.0,0.0,0.0,0.0,0.0,0.0,0.0,0.0,0.0,0.0,3000.0
6620,palawan_outer_east_small_3000_3,S2A_MSIL2A_20230611T021541_R003_T50PQT_20230611T092421,20,,0.0,0.0,0.0,0.0,0.0,0.0,0.0,25.351111111111113,0.1688888888888889,74.48,0.0,22500,0,0.0,3000.0000000004657,3000.0,0.4483339786529541,100.0,,0.0,0.0,0.0,0.0,0.0,0.0,0.0,0.0,0.0,0.0,0.0,0.0,0.0,3000.0
6627,palawan_outer_east_small_3000_3,S2A_MSIL2A_20230611T021541_R003_T50PQT_20230611T092421,50,,0.0,0.0,0.0,0.0,0.0,0.0,0.0,24.555555555555557,0.1388888888888889,75.30555555555556,0.0,3600,0,0.0,3000.0000000004657,3000.0,0.38612866401672363,100.0,,0.0,0.0,0.0,0.0,0.0,0.0,0.0,-0.7955555555555556,-0.03,0.8255555555555532,0.0,0.0,0.0,3000.0
6634,palawan_outer_east_small_3000_3,S2A_MSIL2A_20230611T021541_R003_T50PQT_20230611T092421,100,,0.0,0.0,0.0,0.0,0.0,0.0,0.0,23.555555555555557,0.1111111111111111,76.33333333333333,0.0,900,0,0.0,3000.0000000004657,3000.0,0.4531700611114502,100.0,,0.0,0.0,0.0,0.0,0.0,0.0,0.0,-1.7955555555555556,-0.05777777777777779,1.8533333333333246,0.0,0.0,0.0,3000.0
6641,palawan_outer_east_small_3000_3,S2A_MSIL2A_20230611T021541_R003_T50PQT_20230611T092421,200,,0.0,0.0,0.0,0.0,0.0,0.0,0.0,20.444444444444443,0.0,79.55555555555556,0.0,225,0,0.0,3000.0000000004657,3000.0,0.9546260833740234,100.0,,0.0,0.0,0.0,0.0,0.0,0.0,0.0,-4.90666666666667,-0.1688888888888889,5.075555555555553,0.0,0.0,0.0,3000.0
6648,palawan_outer_east_small_3000_3,S2A_MSIL2A_20230611T021541_R003_T50PQT_20230611T092421,500,,0.0,0.0,0.0,0.0,0.0,0.0,0.0,19.444444444444443,0.0,80.55555555555556,0.0,36,0,0.0,3000.0000000004657,3000.0,0.41463804244995117,100.0,,0.0,0.0,0.0,0.0,0.0,0.0,0.0,-5.90666666666667,-0.1688888888888889,6.075555555555553,0.0,0.0,0.0,3000.0
6655,palawan_outer_east_small_3000_3,S2A_MSIL2A_20230611T021541_R003_T50PQT_20230611T092421,1000,,0.0,0.0,0.0,0.0,0.0,0.0,0.0,22.22222222222222,0.0,77.77777777777777,0.0,9,0,0.0,3000.0000000004657,3000.0,0.3731095790863037,100.0,,0.0,0.0,0.0,0.0,0.0,0.0,0.0,-3.1288888888888913,-0.1688888888888889,3.2977777777777675,0.0,0.0,0.0,3000.0
6622,palawan_outer_east_small_3000_3,S2A_MSIL2A_20230621T021541_R003_T50PQT_20230621T085836,20,,0.0,0.0,2.9466666666666668,0.017777777777777778,0.0044444444444444444,39.95111111111111,0.0044444444444444444,32.80888888888889,10.582222222222223,13.684444444444445,0.0,22500,0,0.0,3000.0000000004657,3000.0,0.4483339786529541,57.07555555555555,,0.0,0.0,0.0,0.0,0.0,0.0,0.0,0.0,0.0,0.0,0.0,0.0,0.0,3000.0
6629,palawan_outer_east_small_3000_3,S2A_MSIL2A_20230621T021541_R003_T50PQT_20230621T085836,50,,0.0,0.0,2.9444444444444446,0.027777777777777776,0.0,39.77777777777778,0.0,33.138888888888886,10.5,13.61111111111111,0.0,3600,0,0.0,3000.0000000004657,3000.0,0.38612866401672363,57.25,,0.0,0.0,-0.0022222222222221255,0.009999999999999998,-0.0044444444444444444,-0.173333333333332,-0.0044444444444444444,0.3299999999999983,-0.08222222222222264,-0.07333333333333414,0.0,0.17444444444444684,0.17444444444444684,3000.0
6636,palawan_outer_east_small_3000_3,S2A_MSIL2A_20230621T021541_R003_T50PQT_20230621T085836,100,,0.0,0.0,3.2222222222222223,0.0,0.0,38.22222222222222,0.0,33.44444444444444,11.333333333333334,13.777777777777779,0.0,900,0,0.0,3000.0000000004657,3000.0,0.4531700611114502,58.55555555555556,,0.0,0.0,0.27555555555555555,-0.017777777777777778,-0.0044444444444444444,-1.7288888888888891,-0.0044444444444444444,0.6355555555555554,0.7511111111111113,0.09333333333333371,0.0,1.480000000000004,1.7288888888888891,3000.0
6643,palawan_outer_east_small_3000_3,S2A_MSIL2A_20230621T021541_R003_T50PQT_20230621T085836,200,,0.0,0.0,3.111111111111111,0.0,0.0,38.22222222222222,0.0,30.666666666666668,12.0,16.0,0.0,225,0,0.0,3000.0000000004657,3000.0,0.9546260833740234,58.66666666666667,,0.0,0.0,0.1644444444444444,-0.017777777777777778,-0.0044444444444444444,-1.7288888888888891,-0.0044444444444444444,-2.1422222222222196,1.4177777777777774,2.315555555555555,0.0,1.5911111111111182,1.7288888888888891,3000.0
6650,palawan_outer_east_small_3000_3,S2A_MSIL2A_20230621T021541_R003_T50PQT_20230621T085836,500,,0.0,0.0,2.7777777777777777,0.0,0.0,50.0,0.0,36.111111111111114,5.555555555555555,5.555555555555555,0.0,36,0,0.0,3000.0000000004657,3000.0,0.41463804244995117,47.22222222222223,,0.0,0.0,-0.1688888888888891,-0.017777777777777778,-0.0044444444444444444,10.04888888888889,-0.0044444444444444444,3.302222222222227,-5.026666666666667,-8.12888888888889,0.0,-9.853333333333325,10.04888888888889,3000.0
6657,palawan_outer_east_small_3000_3,S2A_MSIL2A_20230621T021541_R003_T50PQT_20230621T085836,1000,,0.0,0.0,11.11111111111111,0.0,0.0,44.44444444444444,0.0,11.11111111111111,11.11111111111111,22.22222222222222,0.0,9,0,0.0,3000.0000000004657,3000.0,0.3731095790863037,44.44444444444444,,0.0,0.0,8.164444444444444,-0.017777777777777778,-0.0044444444444444444,4.493333333333332,-0.0044444444444444444,-21.697777777777777,0.5288888888888881,8.537777777777777,0.0,-12.63111111111111,12.63111111111111,3000.0
6624,palawan_outer_east_small_3000_3,S2A_MSIL2A_20230701T021541_R003_T50PQT_20230701T082624,20,,0.0,0.07555555555555556,0.10222222222222223,3.631111111111111,0.21333333333333335,23.41777777777778,0.18222222222222223,7.9688888888888885,9.168888888888889,55.24,0.0,22500,0,0.0,3000.0000000004657,3000.0,0.4483339786529541,72.37777777777778,,0.0,0.0,0.0,0.0,0.0,0.0,0.0,0.0,0.0,0.0,0.0,0.0,0.0,3000.0
6631,palawan_outer_east_small_3000_3,S2A_MSIL2A_20230701T021541_R003_T50PQT_20230701T082624,50,,0.0,0.08333333333333333,0.0,3.4444444444444446,0.16666666666666666,23.47222222222222,0.16666666666666666,7.666666666666667,9.25,55.75,0.0,3600,0,0.0,3000.0000000004657,3000.0,0.38612866401672363,72.66666666666667,,0.0,0.007777777777777772,-0.10222222222222223,-0.18666666666666654,-0.04666666666666669,0.0544444444444423,-0.015555555555555572,-0.3022222222222215,0.08111111111111136,0.509999999999998,0.0,0.2888888888888914,0.2888888888888914,3000.0
6638,palawan_outer_east_small_3000_3,S2A_MSIL2A_20230701T021541_R003_T50PQT_20230701T082624,100,,0.0,0.0,0.1111111111111111,3.2222222222222223,0.2222222222222222,22.666666666666668,0.1111111111111111,8.11111111111111,9.222222222222221,56.333333333333336,0.0,900,0,0.0,3000.0000000004657,3000.0,0.4531700611114502,73.66666666666667,,0.0,-0.07555555555555556,0.008888888888888877,-0.40888888888888886,0.008888888888888863,-0.7511111111111113,-0.07111111111111112,0.14222222222222225,0.05333333333333279,1.0933333333333337,0.0,1.2888888888888914,1.2888888888888914,3000.0
6645,palawan_outer_east_small_3000_3,S2A_MSIL2A_20230701T021541_R003_T50PQT_20230701T082624,200,,0.0,0.0,0.0,2.6666666666666665,0.4444444444444444,22.22222222222222,0.0,7.111111111111111,9.333333333333334,58.22222222222222,0.0,225,0,0.0,3000.0000000004657,3000.0,0.9546260833740234,74.66666666666666,,0.0,-0.07555555555555556,-0.10222222222222223,-0.9644444444444447,0.23111111111111107,-1.1955555555555577,-0.18222222222222223,-0.8577777777777778,0.16444444444444528,2.9822222222222194,0.0,2.288888888888877,2.288888888888877,3000.0
6652,palawan_outer_east_small_3000_3,S2A_MSIL2A_20230701T021541_R003_T50PQT_20230701T082624,500,,0.0,0.0,0.0,2.7777777777777777,0.0,25.0,0.0,8.333333333333334,8.333333333333334,55.55555555555556,0.0,36,0,0.0,3000.0000000004657,3000.0,0.41463804244995117,72.22222222222223,,0.0,-0.07555555555555556,-0.10222222222222223,-0.8533333333333335,-0.21333333333333335,1.5822222222222209,-0.18222222222222223,0.36444444444444546,-0.8355555555555547,0.31555555555555515,0.0,-0.15555555555555145,1.5822222222222209,3000.0
6659,palawan_outer_east_small_3000_3,S2A_MSIL2A_20230701T021541_R003_T50PQT_20230701T082624,1000,,0.0,0.0,0.0,0.0,0.0,11.11111111111111,0.0,0.0,22.22222222222222,66.66666666666667,0.0,9,0,0.0,3000.0000000004657,3000.0,0.3731095790863037,88.88888888888889,,0.0,-0.07555555555555556,-0.10222222222222223,-3.631111111111111,-0.21333333333333335,-12.306666666666668,-0.18222222222222223,-7.9688888888888885,13.053333333333333,11.42666666666667,0.0,16.511111111111106,16.511111111111106,3000.0
6619,palawan_outer_east_small_3000_3,S2B_MSIL2A_20230606T021539_R003_T50PQT_20230606T073506,20,,0.0,0.16444444444444445,0.0,14.426666666666666,1.048888888888889,83.89777777777778,0.4622222222222222,0.0,0.0,0.0,0.0,22500,0,0.0,3000.0000000004657,3000.0,0.4483339786529541,0.0,,0.0,0.0,0.0,0.0,0.0,0.0,0.0,0.0,0.0,0.0,0.0,0.0,0.0,3000.0
6626,palawan_outer_east_small_3000_3,S2B_MSIL2A_20230606T021539_R003_T50PQT_20230606T073506,50,,0.0,0.1111111111111111,0.0,14.5,0.8333333333333334,84.25,0.3055555555555556,0.0,0.0,0.0,0.0,3600,0,0.0,3000.0000000004657,3000.0,0.38612866401672363,0.0,,0.0,-0.053333333333333344,0.0,0.07333333333333414,-0.2155555555555556,0.352222222222224,-0.15666666666666662,0.0,0.0,0.0,0.0,0.0,0.352222222222224,3000.0
6633,palawan_outer_east_small_3000_3,S2B_MSIL2A_20230606T021539_R003_T50PQT_20230606T073506,100,,0.0,0.1111111111111111,0.0,15.0,1.1111111111111112,83.55555555555556,0.2222222222222222,0.0,0.0,0.0,0.0,900,0,0.0,3000.0000000004657,3000.0,0.4531700611114502,0.0,,0.0,-0.053333333333333344,0.0,0.5733333333333341,0.06222222222222218,-0.3422222222222189,-0.24,0.0,0.0,0.0,0.0,0.0,0.5733333333333341,3000.0
6640,palawan_outer_east_small_3000_3,S2B_MSIL2A_20230606T021539_R003_T50PQT_20230606T073506,200,,0.0,0.0,0.0,13.777777777777779,1.3333333333333333,83.55555555555556,1.3333333333333333,0.0,0.0,0.0,0.0,225,0,0.0,3000.0000000004657,3000.0,0.9546260833740234,0.0,,0.0,-0.16444444444444445,0.0,-0.6488888888888873,0.2844444444444443,-0.3422222222222189,0.8711111111111111,0.0,0.0,0.0,0.0,0.0,0.8711111111111111,3000.0
6647,palawan_outer_east_small_3000_3,S2B_MSIL2A_20230606T021539_R003_T50PQT_20230606T073506,500,,0.0,0.0,0.0,8.333333333333334,0.0,91.66666666666667,0.0,0.0,0.0,0.0,0.0,36,0,0.0,3000.0000000004657,3000.0,0.41463804244995117,0.0,,0.0,-0.16444444444444445,0.0,-6.093333333333332,-1.048888888888889,7.768888888888895,-0.4622222222222222,0.0,0.0,0.0,0.0,0.0,7.768888888888895,3000.0
6654,palawan_outer_east_small_3000_3,S2B_MSIL2A_20230606T021539_R003_T50PQT_20230606T073506,1000,,0.0,0.0,0.0,11.11111111111111,0.0,77.77777777777777,11.11111111111111,0.0,0.0,0.0,0.0,9,0,0.0,3000.0000000004657,3000.0,0.3731095790863037,0.0,,0.0,-0.16444444444444445,0.0,-3.315555555555555,-1.048888888888889,-6.1200000000000045,10.648888888888889,0.0,0.0,0.0,0.0,0.0,10.648888888888889,3000.0
6621,palawan_outer_east_small_3000_3,S2B_MSIL2A_20230616T021539_R003_T50PQT_20230616T083239,20,,0.0,0.0,0.0,0.0,0.008888888888888889,0.0,0.0,7.7555555555555555,3.982222222222222,88.25333333333333,0.0,22500,0,0.0,3000.0000000004657,3000.0,0.4483339786529541,99.99111111111111,,0.0,0.0,0.0,0.0,0.0,0.0,0.0,0.0,0.0,0.0,0.0,0.0,0.0,3000.0
6628,palawan_outer_east_small_3000_3,S2B_MSIL2A_20230616T021539_R003_T50PQT_20230616T083239,50,,0.0,0.0,0.0,0.0,0.027777777777777776,0.0,0.0,7.75,3.7777777777777777,88.44444444444444,0.0,3600,0,0.0,3000.0000000004657,3000.0,0.38612866401672363,99.97222222222223,,0.0,0.0,0.0,0.0,0.018888888888888886,0.0,0.0,-0.005555555555555536,-0.20444444444444443,0.19111111111111256,0.0,-0.018888888888881183,0.018888888888888886,3000.0
6635,palawan_outer_east_small_3000_3,S2B_MSIL2A_20230616T021539_R003_T50PQT_20230616T083239,100,,0.0,0.0,0.0,0.0,0.0,0.0,0.0,8.555555555555555,4.0,87.44444444444444,0.0,900,0,0.0,3000.0000000004657,3000.0,0.4531700611114502,100.0,,0.0,0.0,0.0,0.0,-0.008888888888888889,0.0,0.0,0.7999999999999998,0.017777777777777892,-0.8088888888888874,0.0,0.008888888888890278,0.008888888888890278,3000.0
6642,palawan_outer_east_small_3000_3,S2B_MSIL2A_20230616T021539_R003_T50PQT_20230616T083239,200,,0.0,0.0,0.0,0.0,0.0,0.0,0.0,7.111111111111111,3.5555555555555554,89.33333333333333,0.0,225,0,0.0,3000.0000000004657,3000.0,0.9546260833740234,100.0,,0.0,0.0,0.0,0.0,-0.008888888888888889,0.0,0.0,-0.6444444444444448,-0.42666666666666675,1.0799999999999983,0.0,0.008888888888890278,0.008888888888890278,3000.0
6649,palawan_outer_east_small_3000_3,S2B_MSIL2A_20230616T021539_R003_T50PQT_20230616T083239,500,,0.0,0.0,0.0,0.0,0.0,0.0,0.0,8.333333333333334,2.7777777777777777,88.88888888888889,0.0,36,0,0.0,3000.0000000004657,3000.0,0.41463804244995117,100.0,,0.0,0.0,0.0,0.0,-0.008888888888888889,0.0,0.0,0.5777777777777784,-1.2044444444444444,0.6355555555555554,0.0,0.008888888888890278,0.008888888888890278,3000.0
6656,palawan_outer_east_small_3000_3,S2B_MSIL2A_20230616T021539_R003_T50PQT_20230616T083239,1000,,0.0,0.0,0.0,0.0,0.0,0.0,0.0,0.0,11.11111111111111,88.88888888888889,0.0,9,0,0.0,3000.0000000004657,3000.0,0.3731095790863037,100.0,,0.0,0.0,0.0,0.0,-0.008888888888888889,0.0,0.0,-7.7555555555555555,7.128888888888889,0.6355555555555554,0.0,0.008888888888890278,0.008888888888890278,3000.0
6623,palawan_outer_east_small_3000_3,S2B_MSIL2A_20230626T021539_R003_T50PQT_20230626T074054,20,,0.0,0.0,0.0,0.0,0.0,0.8844444444444445,0.0,64.63555555555556,4.791111111111111,29.68888888888889,0.0,22500,0,0.0,3000.0000000004657,3000.0,0.4483339786529541,99.11555555555555,,0.0,0.0,0.0,0.0,0.0,0.0,0.0,0.0,0.0,0.0,0.0,0.0,0.0,3000.0
6630,palawan_outer_east_small_3000_3,S2B_MSIL2A_20230626T021539_R003_T50PQT_20230626T074054,50,,0.0,0.0,0.0,0.0,0.0,0.8611111111111112,0.0,65.36111111111111,4.805555555555555,28.97222222222222,0.0,3600,0,0.0,3000.0000000004657,3000.0,0.38612866401672363,99.13888888888889,,0.0,0.0,0.0,0.0,0.0,-0.023333333333333317,0.0,0.7255555555555588,0.014444444444444038,-0.7166666666666686,0.0,0.023333333333340533,0.023333333333340533,3000.0
6637,palawan_outer_east_small_3000_3,S2B_MSIL2A_20230626T021539_R003_T50PQT_20230626T074054,100,,0.0,0.0,0.0,0.0,0.0,0.5555555555555556,0.0,66.11111111111111,5.333333333333333,28.0,0.0,900,0,0.0,3000.0000000004657,3000.0,0.4531700611114502,99.44444444444444,,0.0,0.0,0.0,0.0,0.0,-0.3288888888888889,0.0,1.4755555555555588,0.5422222222222217,-1.68888888888889,0.0,0.32888888888889767,0.32888888888889767,3000.0
6644,palawan_outer_east_small_3000_3,S2B_MSIL2A_20230626T021539_R003_T50PQT_20230626T074054,200,,0.0,0.0,0.0,0.0,0.0,0.8888888888888888,0.0,67.55555555555556,4.888888888888889,26.666666666666668,0.0,225,0,0.0,3000.0000000004657,3000.0,0.9546260833740234,99.11111111111111,,0.0,0.0,0.0,0.0,0.0,0.004444444444444362,0.0,2.9200000000000017,0.09777777777777796,-3.022222222222222,0.0,-0.004444444444430928,0.004444444444444362,3000.0
6651,palawan_outer_east_small_3000_3,S2B_MSIL2A_20230626T021539_R003_T50PQT_20230626T074054,500,,0.0,0.0,0.0,0.0,0.0,2.7777777777777777,0.0,77.77777777777777,2.7777777777777777,16.666666666666668,0.0,36,0,0.0,3000.0000000004657,3000.0,0.41463804244995117,97.22222222222221,,0.0,0.0,0.0,0.0,0.0,1.893333333333333,0.0,13.142222222222216,-2.0133333333333336,-13.022222222222222,0.0,-1.8933333333333309,1.893333333333333,3000.0
6658,palawan_outer_east_small_3000_3,S2B_MSIL2A_20230626T021539_R003_T50PQT_20230626T074054,1000,,0.0,0.0,0.0,0.0,0.0,0.0,0.0,66.66666666666667,0.0,33.333333333333336,0.0,9,0,0.0,3000.0000000004657,3000.0,0.3731095790863037,100.0,,0.0,0.0,0.0,0.0,0.0,-0.8844444444444445,0.0,2.031111111111116,-4.791111111111111,3.6444444444444457,0.0,0.8844444444444548,0.8844444444444548,3000.0
6660,palawan_outer_east_small_3000_4,S2A_MSIL2A_20230601T021611_R003_T50PQT_20230601T103139,20,,0.0,0.0,0.0,0.0,0.0,0.0,0.0,100.0,0.0,0.0,0.0,22500,0,0.0,2999.9999999996508,3000.0,0.3761577606201172,100.0,,0.0,0.0,0.0,0.0,0.0,0.0,0.0,0.0,0.0,0.0,0.0,0.0,0.0,3000.0
6667,palawan_outer_east_small_3000_4,S2A_MSIL2A_20230601T021611_R003_T50PQT_20230601T103139,50,,0.0,0.0,0.0,0.0,0.0,0.0,0.0,100.0,0.0,0.0,0.0,3600,0,0.0,2999.9999999996508,3000.0,0.42498159408569336,100.0,,0.0,0.0,0.0,0.0,0.0,0.0,0.0,0.0,0.0,0.0,0.0,0.0,0.0,3000.0
6674,palawan_outer_east_small_3000_4,S2A_MSIL2A_20230601T021611_R003_T50PQT_20230601T103139,100,,0.0,0.0,0.0,0.0,0.0,0.0,0.0,100.0,0.0,0.0,0.0,900,0,0.0,2999.9999999996508,3000.0,0.36601853370666504,100.0,,0.0,0.0,0.0,0.0,0.0,0.0,0.0,0.0,0.0,0.0,0.0,0.0,0.0,3000.0
6681,palawan_outer_east_small_3000_4,S2A_MSIL2A_20230601T021611_R003_T50PQT_20230601T103139,200,,0.0,0.0,0.0,0.0,0.0,0.0,0.0,100.0,0.0,0.0,0.0,225,0,0.0,2999.9999999996508,3000.0,0.3738892078399658,100.0,,0.0,0.0,0.0,0.0,0.0,0.0,0.0,0.0,0.0,0.0,0.0,0.0,0.0,3000.0
6688,palawan_outer_east_small_3000_4,S2A_MSIL2A_20230601T021611_R003_T50PQT_20230601T103139,500,,0.0,0.0,0.0,0.0,0.0,0.0,0.0,100.0,0.0,0.0,0.0,36,0,0.0,2999.9999999996508,3000.0,0.4136230945587158,100.0,,0.0,0.0,0.0,0.0,0.0,0.0,0.0,0.0,0.0,0.0,0.0,0.0,0.0,3000.0
6695,palawan_outer_east_small_3000_4,S2A_MSIL2A_20230601T021611_R003_T50PQT_20230601T103139,1000,,0.0,0.0,0.0,0.0,0.0,0.0,0.0,100.0,0.0,0.0,0.0,9,0,0.0,2999.9999999996508,3000.0,0.3738398551940918,100.0,,0.0,0.0,0.0,0.0,0.0,0.0,0.0,0.0,0.0,0.0,0.0,0.0,0.0,3000.0
6662,palawan_outer_east_small_3000_4,S2A_MSIL2A_20230611T021541_R003_T50PQT_20230611T092421,20,,0.0,0.0,0.0,0.0,0.0,0.0,0.0,90.03555555555556,0.0044444444444444444,9.96,0.0,22500,0,0.0,2999.9999999996508,3000.0,0.3761577606201172,100.0,,0.0,0.0,0.0,0.0,0.0,0.0,0.0,0.0,0.0,0.0,0.0,0.0,0.0,3000.0
6669,palawan_outer_east_small_3000_4,S2A_MSIL2A_20230611T021541_R003_T50PQT_20230611T092421,50,,0.0,0.0,0.0,0.0,0.0,0.0,0.0,89.75,0.027777777777777776,10.222222222222221,0.0,3600,0,0.0,2999.9999999996508,3000.0,0.42498159408569336,100.0,,0.0,0.0,0.0,0.0,0.0,0.0,0.0,-0.2855555555555611,0.02333333333333333,0.2622222222222206,0.0,0.0,0.0,3000.0
6676,palawan_outer_east_small_3000_4,S2A_MSIL2A_20230611T021541_R003_T50PQT_20230611T092421,100,,0.0,0.0,0.0,0.0,0.0,0.0,0.0,90.11111111111111,0.0,9.88888888888889,0.0,900,0,0.0,2999.9999999996508,3000.0,0.36601853370666504,100.0,,0.0,0.0,0.0,0.0,0.0,0.0,0.0,0.07555555555555316,-0.0044444444444444444,-0.07111111111111157,0.0,0.0,0.0,3000.0
6683,palawan_outer_east_small_3000_4,S2A_MSIL2A_20230611T021541_R003_T50PQT_20230611T092421,200,,0.0,0.0,0.0,0.0,0.0,0.0,0.0,87.11111111111111,0.0,12.88888888888889,0.0,225,0,0.0,2999.9999999996508,3000.0,0.3738892078399658,100.0,,0.0,0.0,0.0,0.0,0.0,0.0,0.0,-2.924444444444447,-0.0044444444444444444,2.9288888888888884,0.0,0.0,0.0,3000.0
6690,palawan_outer_east_small_3000_4,S2A_MSIL2A_20230611T021541_R003_T50PQT_20230611T092421,500,,0.0,0.0,0.0,0.0,0.0,0.0,0.0,86.11111111111111,0.0,13.88888888888889,0.0,36,0,0.0,2999.9999999996508,3000.0,0.4136230945587158,100.0,,0.0,0.0,0.0,0.0,0.0,0.0,0.0,-3.924444444444447,-0.0044444444444444444,3.9288888888888884,0.0,0.0,0.0,3000.0
6697,palawan_outer_east_small_3000_4,S2A_MSIL2A_20230611T021541_R003_T50PQT_20230611T092421,1000,,0.0,0.0,0.0,0.0,0.0,0.0,0.0,77.77777777777777,0.0,22.22222222222222,0.0,9,0,0.0,2999.9999999996508,3000.0,0.3738398551940918,100.0,,0.0,0.0,0.0,0.0,0.0,0.0,0.0,-12.25777777777779,-0.0044444444444444444,12.26222222222222,0.0,0.0,0.0,3000.0
6664,palawan_outer_east_small_3000_4,S2A_MSIL2A_20230621T021541_R003_T50PQT_20230621T085836,20,,0.0,0.04,13.573333333333334,0.6311111111111111,0.04,84.96888888888888,0.24888888888888888,0.49777777777777776,0.0,0.0,0.0,22500,0,0.0,2999.9999999996508,3000.0,0.3761577606201172,0.49777777777777776,,0.0,0.0,0.0,0.0,0.0,0.0,0.0,0.0,0.0,0.0,0.0,0.0,0.0,3000.0
6671,palawan_outer_east_small_3000_4,S2A_MSIL2A_20230621T021541_R003_T50PQT_20230621T085836,50,,0.0,0.027777777777777776,13.472222222222221,0.6944444444444444,0.0,85.22222222222223,0.16666666666666666,0.4166666666666667,0.0,0.0,0.0,3600,0,0.0,2999.9999999996508,3000.0,0.42498159408569336,0.4166666666666667,,0.0,-0.012222222222222225,-0.1011111111111127,0.06333333333333335,-0.04,0.2533333333333445,-0.08222222222222222,-0.08111111111111108,0.0,0.0,0.0,-0.08111111111111108,0.2533333333333445,3000.0
6678,palawan_outer_east_small_3000_4,S2A_MSIL2A_20230621T021541_R003_T50PQT_20230621T085836,100,,0.0,0.0,13.777777777777779,0.5555555555555556,0.0,85.11111111111111,0.2222222222222222,0.3333333333333333,0.0,0.0,0.0,900,0,0.0,2999.9999999996508,3000.0,0.36601853370666504,0.3333333333333333,,0.0,-0.04,0.20444444444444443,-0.07555555555555549,-0.04,0.14222222222223024,-0.026666666666666672,-0.16444444444444445,0.0,0.0,0.0,-0.16444444444444445,0.20444444444444443,3000.0
6685,palawan_outer_east_small_3000_4,S2A_MSIL2A_20230621T021541_R003_T50PQT_20230621T085836,200,,0.0,0.0,13.333333333333334,0.4444444444444444,0.0,85.33333333333333,0.0,0.8888888888888888,0.0,0.0,0.0,225,0,0.0,2999.9999999996508,3000.0,0.3738892078399658,0.8888888888888888,,0.0,-0.04,-0.2400000000000002,-0.18666666666666665,-0.04,0.36444444444444457,-0.24888888888888888,0.3911111111111111,0.0,0.0,0.0,0.3911111111111111,0.3911111111111111,3000.0
6692,palawan_outer_east_small_3000_4,S2A_MSIL2A_20230621T021541_R003_T50PQT_20230621T085836,500,,0.0,0.0,13.88888888888889,2.7777777777777777,0.0,80.55555555555556,0.0,2.7777777777777777,0.0,0.0,0.0,36,0,0.0,2999.9999999996508,3000.0,0.4136230945587158,2.7777777777777777,,0.0,-0.04,0.31555555555555515,2.1466666666666665,-0.04,-4.413333333333327,-0.24888888888888888,2.28,0.0,0.0,0.0,2.28,4.413333333333327,3000.0
6699,palawan_outer_east_small_3000_4,S2A_MSIL2A_20230621T021541_R003_T50PQT_20230621T085836,1000,,0.0,0.0,11.11111111111111,0.0,0.0,88.88888888888889,0.0,0.0,0.0,0.0,0.0,9,0,0.0,2999.9999999996508,3000.0,0.3738398551940918,0.0,,0.0,-0.04,-2.4622222222222234,-0.6311111111111111,-0.04,3.9200000000000017,-0.24888888888888888,-0.49777777777777776,0.0,0.0,0.0,-0.49777777777777776,3.9200000000000017,3000.0
6666,palawan_outer_east_small_3000_4,S2A_MSIL2A_20230701T021541_R003_T50PQT_20230701T082624,20,,0.0,0.0,0.0,0.0,0.0,31.453333333333333,0.0,1.2355555555555555,0.28888888888888886,67.02222222222223,0.0,22500,0,0.0,2999.9999999996508,3000.0,0.3761577606201172,68.54666666666667,,0.0,0.0,0.0,0.0,0.0,0.0,0.0,0.0,0.0,0.0,0.0,0.0,0.0,3000.0
6673,palawan_outer_east_small_3000_4,S2A_MSIL2A_20230701T021541_R003_T50PQT_20230701T082624,50,,0.0,0.0,0.0,0.0,0.0,30.86111111111111,0.0,1.2777777777777777,0.2777777777777778,67.58333333333333,0.0,3600,0,0.0,2999.9999999996508,3000.0,0.42498159408569336,69.13888888888889,,0.0,0.0,0.0,0.0,0.0,-0.5922222222222224,0.0,0.04222222222222216,-0.011111111111111072,0.5611111111111029,0.0,0.5922222222222189,0.5922222222222224,3000.0
6680,palawan_outer_east_small_3000_4,S2A_MSIL2A_20230701T021541_R003_T50PQT_20230701T082624,100,,0.0,0.0,0.0,0.0,0.0,30.666666666666668,0.0,1.3333333333333333,0.1111111111111111,67.88888888888889,0.0,900,0,0.0,2999.9999999996508,3000.0,0.36601853370666504,69.33333333333333,,0.0,0.0,0.0,0.0,0.0,-0.7866666666666653,0.0,0.09777777777777774,-0.17777777777777776,0.86666666666666,0.0,0.7866666666666617,0.7866666666666653,3000.0
6687,palawan_outer_east_small_3000_4,S2A_MSIL2A_20230701T021541_R003_T50PQT_20230701T082624,200,,0.0,0.0,0.0,0.0,0.0,27.555555555555557,0.0,1.7777777777777777,0.0,70.66666666666667,0.0,225,0,0.0,2999.9999999996508,3000.0,0.3738892078399658,72.44444444444444,,0.0,0.0,0.0,0.0,0.0,-3.897777777777776,0.0,0.5422222222222222,-0.28888888888888886,3.6444444444444457,0.0,3.897777777777776,3.897777777777776,3000.0
6694,palawan_outer_east_small_3000_4,S2A_MSIL2A_20230701T021541_R003_T50PQT_20230701T082624,500,,0.0,0.0,0.0,0.0,0.0,19.444444444444443,0.0,0.0,0.0,80.55555555555556,0.0,36,0,0.0,2999.9999999996508,3000.0,0.4136230945587158,80.55555555555556,,0.0,0.0,0.0,0.0,0.0,-12.00888888888889,0.0,-1.2355555555555555,-0.28888888888888886,13.533333333333331,0.0,12.00888888888889,12.00888888888889,3000.0
6701,palawan_outer_east_small_3000_4,S2A_MSIL2A_20230701T021541_R003_T50PQT_20230701T082624,1000,,0.0,0.0,0.0,0.0,0.0,22.22222222222222,0.0,0.0,0.0,77.77777777777777,0.0,9,0,0.0,2999.9999999996508,3000.0,0.3738398551940918,77.77777777777777,,0.0,0.0,0.0,0.0,0.0,-9.231111111111112,0.0,-1.2355555555555555,-0.28888888888888886,10.755555555555546,0.0,9.231111111111105,9.231111111111112,3000.0
6661,palawan_outer_east_small_3000_4,S2B_MSIL2A_20230606T021539_R003_T50PQT_20230606T073506,20,,0.0,0.56,0.0,11.195555555555556,0.6088888888888889,87.18666666666667,0.35555555555555557,0.09333333333333334,0.0,0.0,0.0,22500,0,0.0,2999.9999999996508,3000.0,0.3761577606201172,0.09333333333333334,,0.0,0.0,0.0,0.0,0.0,0.0,0.0,0.0,0.0,0.0,0.0,0.0,0.0,3000.0
6668,palawan_outer_east_small_3000_4,S2B_MSIL2A_20230606T021539_R003_T50PQT_20230606T073506,50,,0.0,0.5277777777777778,0.0,11.222222222222221,0.4166666666666667,87.41666666666667,0.4166666666666667,0.0,0.0,0.0,0.0,3600,0,0.0,2999.9999999996508,3000.0,0.42498159408569336,0.0,,0.0,-0.03222222222222226,0.0,0.026666666666665506,-0.19222222222222224,0.23000000000000398,0.061111111111111116,-0.09333333333333334,0.0,0.0,0.0,-0.09333333333333334,0.23000000000000398,3000.0
6675,palawan_outer_east_small_3000_4,S2B_MSIL2A_20230606T021539_R003_T50PQT_20230606T073506,100,,0.0,0.2222222222222222,0.0,11.333333333333334,0.2222222222222222,87.66666666666667,0.4444444444444444,0.1111111111111111,0.0,0.0,0.0,900,0,0.0,2999.9999999996508,3000.0,0.36601853370666504,0.1111111111111111,,0.0,-0.33777777777777784,0.0,0.137777777777778,-0.3866666666666667,0.480000000000004,0.08888888888888885,0.017777777777777767,0.0,0.0,0.0,0.017777777777777767,0.480000000000004,3000.0
6682,palawan_outer_east_small_3000_4,S2B_MSIL2A_20230606T021539_R003_T50PQT_20230606T073506,200,,0.0,0.4444444444444444,0.0,11.555555555555555,1.3333333333333333,86.66666666666667,0.0,0.0,0.0,0.0,0.0,225,0,0.0,2999.9999999996508,3000.0,0.3738892078399658,0.0,,0.0,-0.11555555555555563,0.0,0.35999999999999943,0.7244444444444443,-0.519999999999996,-0.35555555555555557,-0.09333333333333334,0.0,0.0,0.0,-0.09333333333333334,0.7244444444444443,3000.0
6689,palawan_outer_east_small_3000_4,S2B_MSIL2A_20230606T021539_R003_T50PQT_20230606T073506,500,,0.0,0.0,0.0,5.555555555555555,2.7777777777777777,88.88888888888889,2.7777777777777777,0.0,0.0,0.0,0.0,36,0,0.0,2999.9999999996508,3000.0,0.4136230945587158,0.0,,0.0,-0.56,0.0,-5.640000000000001,2.1688888888888886,1.7022222222222183,2.422222222222222,-0.09333333333333334,0.0,0.0,0.0,-0.09333333333333334,5.640000000000001,3000.0
6696,palawan_outer_east_small_3000_4,S2B_MSIL2A_20230606T021539_R003_T50PQT_20230606T073506,1000,,0.0,0.0,0.0,11.11111111111111,0.0,88.88888888888889,0.0,0.0,0.0,0.0,0.0,9,0,0.0,2999.9999999996508,3000.0,0.3738398551940918,0.0,,0.0,-0.56,0.0,-0.08444444444444521,-0.6088888888888889,1.7022222222222183,-0.35555555555555557,-0.09333333333333334,0.0,0.0,0.0,-0.09333333333333334,1.7022222222222183,3000.0
6663,palawan_outer_east_small_3000_4,S2B_MSIL2A_20230616T021539_R003_T50PQT_20230616T083239,20,,0.0,0.0,0.0,0.0,0.0,0.0,0.0,6.302222222222222,5.151111111111111,88.54666666666667,0.0,22500,0,0.0,2999.9999999996508,3000.0,0.3761577606201172,100.0,,0.0,0.0,0.0,0.0,0.0,0.0,0.0,0.0,0.0,0.0,0.0,0.0,0.0,3000.0
6670,palawan_outer_east_small_3000_4,S2B_MSIL2A_20230616T021539_R003_T50PQT_20230616T083239,50,,0.0,0.0,0.0,0.0,0.0,0.0,0.0,6.138888888888889,5.222222222222222,88.63888888888889,0.0,3600,0,0.0,2999.9999999996508,3000.0,0.42498159408569336,100.0,,0.0,0.0,0.0,0.0,0.0,0.0,0.0,-0.1633333333333331,0.07111111111111157,0.09222222222221887,0.0,0.0,0.0,3000.0
6677,palawan_outer_east_small_3000_4,S2B_MSIL2A_20230616T021539_R003_T50PQT_20230616T083239,100,,0.0,0.0,0.0,0.0,0.0,0.0,0.0,6.333333333333333,5.111111111111111,88.55555555555556,0.0,900,0,0.0,2999.9999999996508,3000.0,0.36601853370666504,100.0,,0.0,0.0,0.0,0.0,0.0,0.0,0.0,0.031111111111110645,-0.040000000000000036,0.008888888888890278,0.0,0.0,0.0,3000.0
6684,palawan_outer_east_small_3000_4,S2B_MSIL2A_20230616T021539_R003_T50PQT_20230616T083239,200,,0.0,0.0,0.0,0.0,0.0,0.0,0.0,6.222222222222222,4.888888888888889,88.88888888888889,0.0,225,0,0.0,2999.9999999996508,3000.0,0.3738892078399658,100.0,,0.0,0.0,0.0,0.0,0.0,0.0,0.0,-0.08000000000000007,-0.26222222222222147,0.3422222222222189,0.0,0.0,0.0,3000.0
6691,palawan_outer_east_small_3000_4,S2B_MSIL2A_20230616T021539_R003_T50PQT_20230616T083239,500,,0.0,0.0,0.0,0.0,0.0,0.0,0.0,5.555555555555555,5.555555555555555,88.88888888888889,0.0,36,0,0.0,2999.9999999996508,3000.0,0.4136230945587158,100.0,,0.0,0.0,0.0,0.0,0.0,0.0,0.0,-0.746666666666667,0.4044444444444446,0.3422222222222189,0.0,0.0,0.0,3000.0
6698,palawan_outer_east_small_3000_4,S2B_MSIL2A_20230616T021539_R003_T50PQT_20230616T083239,1000,,0.0,0.0,0.0,0.0,0.0,0.0,0.0,0.0,11.11111111111111,88.88888888888889,0.0,9,0,0.0,2999.9999999996508,3000.0,0.3738398551940918,100.0,,0.0,0.0,0.0,0.0,0.0,0.0,0.0,-6.302222222222222,5.96,0.3422222222222189,0.0,0.0,0.0,3000.0
6665,palawan_outer_east_small_3000_4,S2B_MSIL2A_20230626T021539_R003_T50PQT_20230626T074054,20,,0.0,0.0,0.0,0.0,0.0,4.328888888888889,0.0,8.16,4.44,83.07111111111111,0.0,22500,0,0.0,2999.9999999996508,3000.0,0.3761577606201172,95.67111111111112,,0.0,0.0,0.0,0.0,0.0,0.0,0.0,0.0,0.0,0.0,0.0,0.0,0.0,3000.0
6672,palawan_outer_east_small_3000_4,S2B_MSIL2A_20230626T021539_R003_T50PQT_20230626T074054,50,,0.0,0.0,0.0,0.0,0.0,4.25,0.0,8.083333333333334,4.388888888888889,83.27777777777777,0.0,3600,0,0.0,2999.9999999996508,3000.0,0.42498159408569336,95.75,,0.0,0.0,0.0,0.0,0.0,-0.07888888888888879,0.0,-0.07666666666666622,-0.05111111111111111,0.20666666666666345,0.0,0.07888888888888346,0.07888888888888879,3000.0
6679,palawan_outer_east_small_3000_4,S2B_MSIL2A_20230626T021539_R003_T50PQT_20230626T074054,100,,0.0,0.0,0.0,0.0,0.0,4.666666666666667,0.0,8.333333333333334,4.222222222222222,82.77777777777777,0.0,900,0,0.0,2999.9999999996508,3000.0,0.36601853370666504,95.33333333333333,,0.0,0.0,0.0,0.0,0.0,0.3377777777777782,0.0,0.17333333333333378,-0.21777777777777807,-0.29333333333333655,0.0,-0.33777777777778795,0.33777777777778795,3000.0
6686,palawan_outer_east_small_3000_4,S2B_MSIL2A_20230626T021539_R003_T50PQT_20230626T074054,200,,0.0,0.0,0.0,0.0,0.0,3.5555555555555554,0.0,7.111111111111111,5.777777777777778,83.55555555555556,0.0,225,0,0.0,2999.9999999996508,3000.0,0.3738892078399658,96.44444444444444,,0.0,0.0,0.0,0.0,0.0,-0.7733333333333334,0.0,-1.0488888888888894,1.3377777777777773,0.4844444444444491,0.0,0.7733333333333263,0.7733333333333334,3000.0
6693,palawan_outer_east_small_3000_4,S2B_MSIL2A_20230626T021539_R003_T50PQT_20230626T074054,500,,0.0,0.0,0.0,0.0,0.0,2.7777777777777777,0.0,16.666666666666668,0.0,80.55555555555556,0.0,36,0,0.0,2999.9999999996508,3000.0,0.4136230945587158,97.22222222222223,,0.0,0.0,0.0,0.0,0.0,-1.551111111111111,0.0,8.506666666666668,-4.44,-2.515555555555551,0.0,1.551111111111112,1.551111111111112,3000.0
6700,palawan_outer_east_small_3000_4,S2B_MSIL2A_20230626T021539_R003_T50PQT_20230626T074054,1000,,0.0,0.0,0.0,0.0,0.0,0.0,0.0,0.0,11.11111111111111,88.88888888888889,0.0,9,0,0.0,2999.9999999996508,3000.0,0.3738398551940918,100.0,,0.0,0.0,0.0,0.0,0.0,-4.328888888888889,0.0,-8.16,6.67111111111111,5.817777777777778,0.0,4.3288888888888835,4.328888888888889,3000.0
6702,palawan_outer_east_small_3000_5,S2A_MSIL2A_20230601T021611_R003_T50PQT_20230601T103139,20,,0.0,0.0,0.0,0.0,0.0,0.0,0.0,100.0,0.0,0.0,0.0,22500,0,0.0,3000.0000000010477,3000.0000000004657,0.5016720294952393,100.0,,0.0,0.0,0.0,0.0,0.0,0.0,0.0,0.0,0.0,0.0,0.0,0.0,0.0,3000.0
6709,palawan_outer_east_small_3000_5,S2A_MSIL2A_20230601T021611_R003_T50PQT_20230601T103139,50,,0.0,0.0,0.0,0.0,0.0,0.0,0.0,100.0,0.0,0.0,0.0,3600,0,0.0,3000.0000000010477,3000.0000000004657,0.5305588245391846,100.0,,0.0,0.0,0.0,0.0,0.0,0.0,0.0,0.0,0.0,0.0,0.0,0.0,0.0,3000.0
6716,palawan_outer_east_small_3000_5,S2A_MSIL2A_20230601T021611_R003_T50PQT_20230601T103139,100,,0.0,0.0,0.0,0.0,0.0,0.0,0.0,100.0,0.0,0.0,0.0,900,0,0.0,3000.0000000010477,3000.0000000004657,0.5392987728118896,100.0,,0.0,0.0,0.0,0.0,0.0,0.0,0.0,0.0,0.0,0.0,0.0,0.0,0.0,3000.0
6723,palawan_outer_east_small_3000_5,S2A_MSIL2A_20230601T021611_R003_T50PQT_20230601T103139,200,,0.0,0.0,0.0,0.0,0.0,0.0,0.0,100.0,0.0,0.0,0.0,225,0,0.0,3000.0000000010477,3000.0000000004657,0.5590531826019287,100.0,,0.0,0.0,0.0,0.0,0.0,0.0,0.0,0.0,0.0,0.0,0.0,0.0,0.0,3000.0
6730,palawan_outer_east_small_3000_5,S2A_MSIL2A_20230601T021611_R003_T50PQT_20230601T103139,500,,0.0,0.0,0.0,0.0,0.0,0.0,0.0,100.0,0.0,0.0,0.0,36,0,0.0,3000.0000000010477,3000.0000000004657,0.48821330070495605,100.0,,0.0,0.0,0.0,0.0,0.0,0.0,0.0,0.0,0.0,0.0,0.0,0.0,0.0,3000.0
6737,palawan_outer_east_small_3000_5,S2A_MSIL2A_20230601T021611_R003_T50PQT_20230601T103139,1000,,0.0,0.0,0.0,0.0,0.0,0.0,0.0,100.0,0.0,0.0,0.0,9,0,0.0,3000.0000000010477,3000.0000000004657,0.5954709053039551,100.0,,0.0,0.0,0.0,0.0,0.0,0.0,0.0,0.0,0.0,0.0,0.0,0.0,0.0,3000.0
6704,palawan_outer_east_small_3000_5,S2A_MSIL2A_20230611T021541_R003_T50PQT_20230611T092421,20,,0.0,0.0,0.0,0.0,0.0,0.0,0.0,4.626666666666667,0.0,95.37333333333333,0.0,22500,0,0.0,3000.0000000010477,3000.0000000004657,0.5016720294952393,100.0,,0.0,0.0,0.0,0.0,0.0,0.0,0.0,0.0,0.0,0.0,0.0,0.0,0.0,3000.0
6711,palawan_outer_east_small_3000_5,S2A_MSIL2A_20230611T021541_R003_T50PQT_20230611T092421,50,,0.0,0.0,0.0,0.0,0.0,0.0,0.0,4.388888888888889,0.0,95.61111111111111,0.0,3600,0,0.0,3000.0000000010477,3000.0000000004657,0.5305588245391846,100.0,,0.0,0.0,0.0,0.0,0.0,0.0,0.0,-0.23777777777777764,0.0,0.23777777777777942,0.0,0.0,0.0,3000.0
6718,palawan_outer_east_small_3000_5,S2A_MSIL2A_20230611T021541_R003_T50PQT_20230611T092421,100,,0.0,0.0,0.0,0.0,0.0,0.0,0.0,5.333333333333333,0.0,94.66666666666667,0.0,900,0,0.0,3000.0000000010477,3000.0000000004657,0.5392987728118896,100.0,,0.0,0.0,0.0,0.0,0.0,0.0,0.0,0.7066666666666661,0.0,-0.7066666666666634,0.0,0.0,0.0,3000.0
6725,palawan_outer_east_small_3000_5,S2A_MSIL2A_20230611T021541_R003_T50PQT_20230611T092421,200,,0.0,0.0,0.0,0.0,0.0,0.0,0.0,4.0,0.0,96.0,0.0,225,0,0.0,3000.0000000010477,3000.0000000004657,0.5590531826019287,100.0,,0.0,0.0,0.0,0.0,0.0,0.0,0.0,-0.6266666666666669,0.0,0.6266666666666652,0.0,0.0,0.0,3000.0
6732,palawan_outer_east_small_3000_5,S2A_MSIL2A_20230611T021541_R003_T50PQT_20230611T092421,500,,0.0,0.0,0.0,0.0,0.0,0.0,0.0,5.555555555555555,0.0,94.44444444444444,0.0,36,0,0.0,3000.0000000010477,3000.0000000004657,0.48821330070495605,100.0,,0.0,0.0,0.0,0.0,0.0,0.0,0.0,0.9288888888888884,0.0,-0.928888888888892,0.0,0.0,0.0,3000.0
6739,palawan_outer_east_small_3000_5,S2A_MSIL2A_20230611T021541_R003_T50PQT_20230611T092421,1000,,0.0,0.0,0.0,0.0,0.0,0.0,0.0,0.0,0.0,100.0,0.0,9,0,0.0,3000.0000000010477,3000.0000000004657,0.5954709053039551,100.0,,0.0,0.0,0.0,0.0,0.0,0.0,0.0,-4.626666666666667,0.0,4.626666666666665,0.0,0.0,0.0,3000.0
6706,palawan_outer_east_small_3000_5,S2A_MSIL2A_20230621T021541_R003_T50PQT_20230621T085836,20,,0.0,0.0,0.0,0.008891259891526629,0.0044456299457633144,99.97777185027118,0.0,0.008891259891526629,0.0,0.0,0.0,22500,6,0.02666666666666667,3000.0000000010477,3000.0000000004657,0.5016720294952393,0.008891259891526629,,0.0,0.0,0.0,0.0,0.0,0.0,0.0,0.0,0.0,0.0,0.0,0.0,0.0,3000.0
6713,palawan_outer_east_small_3000_5,S2A_MSIL2A_20230621T021541_R003_T50PQT_20230621T085836,50,,0.0,0.0,0.0,0.027793218454697052,0.027793218454697052,99.9444135630906,0.0,0.0,0.0,0.0,0.0,3600,2,0.05555555555555555,3000.0000000010477,3000.0000000004657,0.5305588245391846,0.0,,0.0,0.0,0.0,0.018901958563170423,0.023347588508933738,-0.033358287180575985,0.0,-0.008891259891526629,0.0,0.0,0.0,-0.008891259891526629,0.033358287180575985,3000.0
6720,palawan_outer_east_small_3000_5,S2A_MSIL2A_20230621T021541_R003_T50PQT_20230621T085836,100,,0.0,0.0,0.0,0.1111111111111111,0.1111111111111111,99.77777777777777,0.0,0.0,0.0,0.0,0.0,900,0,0.0,3000.0000000010477,3000.0000000004657,0.5392987728118896,0.0,,0.0,0.0,0.0,0.10221985121958448,0.1066654811653478,-0.1999940724934106,0.0,-0.008891259891526629,0.0,0.0,0.0,-0.008891259891526629,0.1999940724934106,3000.0
6727,palawan_outer_east_small_3000_5,S2A_MSIL2A_20230621T021541_R003_T50PQT_20230621T085836,200,,0.0,0.0,0.0,0.0,0.0,100.0,0.0,0.0,0.0,0.0,0.0,225,0,0.0,3000.0000000010477,3000.0000000004657,0.5590531826019287,0.0,,0.0,0.0,0.0,-0.008891259891526629,-0.0044456299457633144,0.022228149728817925,0.0,-0.008891259891526629,0.0,0.0,0.0,-0.008891259891526629,0.022228149728817925,3000.0
6734,palawan_outer_east_small_3000_5,S2A_MSIL2A_20230621T021541_R003_T50PQT_20230621T085836,500,,0.0,0.0,0.0,0.0,0.0,100.0,0.0,0.0,0.0,0.0,0.0,36,0,0.0,3000.0000000010477,3000.0000000004657,0.48821330070495605,0.0,,0.0,0.0,0.0,-0.008891259891526629,-0.0044456299457633144,0.022228149728817925,0.0,-0.008891259891526629,0.0,0.0,0.0,-0.008891259891526629,0.022228149728817925,3000.0
6741,palawan_outer_east_small_3000_5,S2A_MSIL2A_20230621T021541_R003_T50PQT_20230621T085836,1000,,0.0,0.0,0.0,0.0,0.0,100.0,0.0,0.0,0.0,0.0,0.0,9,0,0.0,3000.0000000010477,3000.0000000004657,0.5954709053039551,0.0,,0.0,0.0,0.0,-0.008891259891526629,-0.0044456299457633144,0.022228149728817925,0.0,-0.008891259891526629,0.0,0.0,0.0,-0.008891259891526629,0.022228149728817925,3000.0
6708,palawan_outer_east_small_3000_5,S2A_MSIL2A_20230701T021541_R003_T50PQT_20230701T082624,20,,0.0,0.0,0.0,0.0,0.0,37.76,0.0,0.7733333333333333,0.022222222222222223,61.44444444444444,0.0,22500,0,0.0,3000.0000000010477,3000.0000000004657,0.5016720294952393,62.239999999999995,,0.0,0.0,0.0,0.0,0.0,0.0,0.0,0.0,0.0,0.0,0.0,0.0,0.0,3000.0
6715,palawan_outer_east_small_3000_5,S2A_MSIL2A_20230701T021541_R003_T50PQT_20230701T082624,50,,0.0,0.0,0.0,0.0,0.0,37.02777777777778,0.0,0.8888888888888888,0.027777777777777776,62.05555555555556,0.0,3600,0,0.0,3000.0000000010477,3000.0000000004657,0.5305588245391846,62.97222222222222,,0.0,0.0,0.0,0.0,0.0,-0.7322222222222194,0.0,0.11555555555555552,0.005555555555555553,0.6111111111111143,0.0,0.7322222222222265,0.7322222222222265,3000.0
6722,palawan_outer_east_small_3000_5,S2A_MSIL2A_20230701T021541_R003_T50PQT_20230701T082624,100,,0.0,0.0,0.0,0.0,0.0,37.111111111111114,0.0,1.0,0.2222222222222222,61.666666666666664,0.0,900,0,0.0,3000.0000000010477,3000.0000000004657,0.5392987728118896,62.888888888888886,,0.0,0.0,0.0,0.0,0.0,-0.6488888888888837,0.0,0.22666666666666668,0.19999999999999998,0.22222222222222143,0.0,0.6488888888888908,0.6488888888888908,3000.0
6729,palawan_outer_east_small_3000_5,S2A_MSIL2A_20230701T021541_R003_T50PQT_20230701T082624,200,,0.0,0.0,0.0,0.0,0.0,33.77777777777778,0.0,1.3333333333333333,0.0,64.88888888888889,0.0,225,0,0.0,3000.0000000010477,3000.0000000004657,0.5590531826019287,66.22222222222221,,0.0,0.0,0.0,0.0,0.0,-3.9822222222222194,0.0,0.5599999999999999,-0.022222222222222223,3.444444444444443,0.0,3.9822222222222194,3.9822222222222194,3000.0
6736,palawan_outer_east_small_3000_5,S2A_MSIL2A_20230701T021541_R003_T50PQT_20230701T082624,500,,0.0,0.0,0.0,0.0,0.0,30.555555555555557,0.0,2.7777777777777777,0.0,66.66666666666667,0.0,36,0,0.0,3000.0000000010477,3000.0000000004657,0.48821330070495605,69.44444444444444,,0.0,0.0,0.0,0.0,0.0,-7.204444444444441,0.0,2.0044444444444443,-0.022222222222222223,5.2222222222222285,0.0,7.204444444444448,7.204444444444448,3000.0
6743,palawan_outer_east_small_3000_5,S2A_MSIL2A_20230701T021541_R003_T50PQT_20230701T082624,1000,,0.0,0.0,0.0,0.0,0.0,33.333333333333336,0.0,0.0,0.0,66.66666666666667,0.0,9,0,0.0,3000.0000000010477,3000.0000000004657,0.5954709053039551,66.66666666666667,,0.0,0.0,0.0,0.0,0.0,-4.426666666666662,0.0,-0.7733333333333333,-0.022222222222222223,5.2222222222222285,0.0,4.4266666666666765,4.4266666666666765,3000.0
6703,palawan_outer_east_small_3000_5,S2B_MSIL2A_20230606T021539_R003_T50PQT_20230606T073506,20,,0.0,0.0,0.0,0.022222222222222223,0.06222222222222222,99.91555555555556,0.0,0.0,0.0,0.0,0.0,22500,0,0.0,3000.0000000010477,3000.0000000004657,0.5016720294952393,0.0,,0.0,0.0,0.0,0.0,0.0,0.0,0.0,0.0,0.0,0.0,0.0,0.0,0.0,3000.0
6710,palawan_outer_east_small_3000_5,S2B_MSIL2A_20230606T021539_R003_T50PQT_20230606T073506,50,,0.0,0.0,0.0,0.08333333333333333,0.027777777777777776,99.88888888888889,0.0,0.0,0.0,0.0,0.0,3600,0,0.0,3000.0000000010477,3000.0000000004657,0.5305588245391846,0.0,,0.0,0.0,0.0,0.0611111111111111,-0.034444444444444444,-0.026666666666670835,0.0,0.0,0.0,0.0,0.0,0.0,0.0611111111111111,3000.0
6717,palawan_outer_east_small_3000_5,S2B_MSIL2A_20230606T021539_R003_T50PQT_20230606T073506,100,,0.0,0.0,0.0,0.2222222222222222,0.0,99.77777777777777,0.0,0.0,0.0,0.0,0.0,900,0,0.0,3000.0000000010477,3000.0000000004657,0.5392987728118896,0.0,,0.0,0.0,0.0,0.19999999999999998,-0.06222222222222222,-0.1377777777777851,0.0,0.0,0.0,0.0,0.0,0.0,0.19999999999999998,3000.0
6724,palawan_outer_east_small_3000_5,S2B_MSIL2A_20230606T021539_R003_T50PQT_20230606T073506,200,,0.0,0.0,0.0,0.0,0.4444444444444444,99.55555555555556,0.0,0.0,0.0,0.0,0.0,225,0,0.0,3000.0000000010477,3000.0000000004657,0.5590531826019287,0.0,,0.0,0.0,0.0,-0.022222222222222223,0.3822222222222222,-0.35999999999999943,0.0,0.0,0.0,0.0,0.0,0.0,0.3822222222222222,3000.0
6731,palawan_outer_east_small_3000_5,S2B_MSIL2A_20230606T021539_R003_T50PQT_20230606T073506,500,,0.0,0.0,0.0,0.0,0.0,100.0,0.0,0.0,0.0,0.0,0.0,36,0,0.0,3000.0000000010477,3000.0000000004657,0.48821330070495605,0.0,,0.0,0.0,0.0,-0.022222222222222223,-0.06222222222222222,0.08444444444444343,0.0,0.0,0.0,0.0,0.0,0.0,0.08444444444444343,3000.0
6738,palawan_outer_east_small_3000_5,S2B_MSIL2A_20230606T021539_R003_T50PQT_20230606T073506,1000,,0.0,0.0,0.0,0.0,0.0,100.0,0.0,0.0,0.0,0.0,0.0,9,0,0.0,3000.0000000010477,3000.0000000004657,0.5954709053039551,0.0,,0.0,0.0,0.0,-0.022222222222222223,-0.06222222222222222,0.08444444444444343,0.0,0.0,0.0,0.0,0.0,0.0,0.08444444444444343,3000.0
6705,palawan_outer_east_small_3000_5,S2B_MSIL2A_20230616T021539_R003_T50PQT_20230616T083239,20,,0.0,0.0,0.0,0.0,0.0,0.0,0.0,0.0,0.0,100.0,0.0,22500,0,0.0,3000.0000000010477,3000.0000000004657,0.5016720294952393,100.0,,0.0,0.0,0.0,0.0,0.0,0.0,0.0,0.0,0.0,0.0,0.0,0.0,0.0,3000.0
6712,palawan_outer_east_small_3000_5,S2B_MSIL2A_20230616T021539_R003_T50PQT_20230616T083239,50,,0.0,0.0,0.0,0.0,0.0,0.0,0.0,0.0,0.0,100.0,0.0,3600,0,0.0,3000.0000000010477,3000.0000000004657,0.5305588245391846,100.0,,0.0,0.0,0.0,0.0,0.0,0.0,0.0,0.0,0.0,0.0,0.0,0.0,0.0,3000.0
6719,palawan_outer_east_small_3000_5,S2B_MSIL2A_20230616T021539_R003_T50PQT_20230616T083239,100,,0.0,0.0,0.0,0.0,0.0,0.0,0.0,0.0,0.0,100.0,0.0,900,0,0.0,3000.0000000010477,3000.0000000004657,0.5392987728118896,100.0,,0.0,0.0,0.0,0.0,0.0,0.0,0.0,0.0,0.0,0.0,0.0,0.0,0.0,3000.0
6726,palawan_outer_east_small_3000_5,S2B_MSIL2A_20230616T021539_R003_T50PQT_20230616T083239,200,,0.0,0.0,0.0,0.0,0.0,0.0,0.0,0.0,0.0,100.0,0.0,225,0,0.0,3000.0000000010477,3000.0000000004657,0.5590531826019287,100.0,,0.0,0.0,0.0,0.0,0.0,0.0,0.0,0.0,0.0,0.0,0.0,0.0,0.0,3000.0
6733,palawan_outer_east_small_3000_5,S2B_MSIL2A_20230616T021539_R003_T50PQT_20230616T083239,500,,0.0,0.0,0.0,0.0,0.0,0.0,0.0,0.0,0.0,100.0,0.0,36,0,0.0,3000.0000000010477,3000.0000000004657,0.48821330070495605,100.0,,0.0,0.0,0.0,0.0,0.0,0.0,0.0,0.0,0.0,0.0,0.0,0.0,0.0,3000.0
6740,palawan_outer_east_small_3000_5,S2B_MSIL2A_20230616T021539_R003_T50PQT_20230616T083239,1000,,0.0,0.0,0.0,0.0,0.0,0.0,0.0,0.0,0.0,100.0,0.0,9,0,0.0,3000.0000000010477,3000.0000000004657,0.5954709053039551,100.0,,0.0,0.0,0.0,0.0,0.0,0.0,0.0,0.0,0.0,0.0,0.0,0.0,0.0,3000.0
6707,palawan_outer_east_small_3000_5,S2B_MSIL2A_20230626T021539_R003_T50PQT_20230626T074054,20,,0.0,0.0,0.0,0.0,0.0,3.6222222222222222,0.0,16.73777777777778,0.0,79.64,0.0,22500,0,0.0,3000.0000000010477,3000.0000000004657,0.5016720294952393,96.37777777777778,,0.0,0.0,0.0,0.0,0.0,0.0,0.0,0.0,0.0,0.0,0.0,0.0,0.0,3000.0
6714,palawan_outer_east_small_3000_5,S2B_MSIL2A_20230626T021539_R003_T50PQT_20230626T074054,50,,0.0,0.0,0.0,0.0,0.0,3.861111111111111,0.0,16.305555555555557,0.0,79.83333333333333,0.0,3600,0,0.0,3000.0000000010477,3000.0000000004657,0.5305588245391846,96.13888888888889,,0.0,0.0,0.0,0.0,0.0,0.23888888888888893,0.0,-0.4322222222222223,0.0,0.19333333333332803,0.0,-0.23888888888889426,0.23888888888889426,3000.0
6721,palawan_outer_east_small_3000_5,S2B_MSIL2A_20230626T021539_R003_T50PQT_20230626T074054,100,,0.0,0.0,0.0,0.0,0.0,4.222222222222222,0.0,16.666666666666668,0.0,79.11111111111111,0.0,900,0,0.0,3000.0000000010477,3000.0000000004657,0.5392987728118896,95.77777777777779,,0.0,0.0,0.0,0.0,0.0,0.6000000000000001,0.0,-0.07111111111111157,0.0,-0.5288888888888863,0.0,-0.5999999999999943,0.6000000000000001,3000.0
6728,palawan_outer_east_small_3000_5,S2B_MSIL2A_20230626T021539_R003_T50PQT_20230626T074054,200,,0.0,0.0,0.0,0.0,0.0,4.444444444444445,0.0,14.666666666666666,0.0,80.88888888888889,0.0,225,0,0.0,3000.0000000010477,3000.0000000004657,0.5590531826019287,95.55555555555556,,0.0,0.0,0.0,0.0,0.0,0.8222222222222224,0.0,-2.0711111111111133,0.0,1.2488888888888852,0.0,-0.8222222222222229,0.8222222222222229,3000.0
6735,palawan_outer_east_small_3000_5,S2B_MSIL2A_20230626T021539_R003_T50PQT_20230626T074054,500,,0.0,0.0,0.0,0.0,0.0,5.555555555555555,0.0,11.11111111111111,0.0,83.33333333333333,0.0,36,0,0.0,3000.0000000010477,3000.0000000004657,0.48821330070495605,94.44444444444444,,0.0,0.0,0.0,0.0,0.0,1.9333333333333331,0.0,-5.626666666666669,0.0,3.693333333333328,0.0,-1.9333333333333371,1.9333333333333371,3000.0
6742,palawan_outer_east_small_3000_5,S2B_MSIL2A_20230626T021539_R003_T50PQT_20230626T074054,1000,,0.0,0.0,0.0,0.0,0.0,11.11111111111111,0.0,11.11111111111111,0.0,77.77777777777777,0.0,9,0,0.0,3000.0000000010477,3000.0000000004657,0.5954709053039551,88.88888888888889,,0.0,0.0,0.0,0.0,0.0,7.488888888888889,0.0,-5.626666666666669,0.0,-1.862222222222229,0.0,-7.488888888888894,7.488888888888894,3000.0
6744,palawan_outer_east_small_4000_0,S2A_MSIL2A_20230601T021611_R003_T50PQT_20230601T103139,20,,0.0,0.0,0.0,0.0,0.0,0.0,0.0,100.0,0.0,0.0,0.0,40000,0,0.0,4000.000000001397,4000.0,0.4005582332611084,100.0,,0.0,0.0,0.0,0.0,0.0,0.0,0.0,0.0,0.0,0.0,0.0,0.0,0.0,4000.0
6751,palawan_outer_east_small_4000_0,S2A_MSIL2A_20230601T021611_R003_T50PQT_20230601T103139,50,,0.0,0.0,0.0,0.0,0.0,0.0,0.0,100.0,0.0,0.0,0.0,6400,0,0.0,4000.000000001397,4000.0,0.4722006320953369,100.0,,0.0,0.0,0.0,0.0,0.0,0.0,0.0,0.0,0.0,0.0,0.0,0.0,0.0,4000.0
6758,palawan_outer_east_small_4000_0,S2A_MSIL2A_20230601T021611_R003_T50PQT_20230601T103139,100,,0.0,0.0,0.0,0.0,0.0,0.0,0.0,100.0,0.0,0.0,0.0,1600,0,0.0,4000.000000001397,4000.0,0.419863224029541,100.0,,0.0,0.0,0.0,0.0,0.0,0.0,0.0,0.0,0.0,0.0,0.0,0.0,0.0,4000.0
6765,palawan_outer_east_small_4000_0,S2A_MSIL2A_20230601T021611_R003_T50PQT_20230601T103139,200,,0.0,0.0,0.0,0.0,0.0,0.0,0.0,100.0,0.0,0.0,0.0,400,0,0.0,4000.000000001397,4000.0,0.40279555320739746,100.0,,0.0,0.0,0.0,0.0,0.0,0.0,0.0,0.0,0.0,0.0,0.0,0.0,0.0,4000.0
6772,palawan_outer_east_small_4000_0,S2A_MSIL2A_20230601T021611_R003_T50PQT_20230601T103139,500,,0.0,0.0,0.0,0.0,0.0,0.0,0.0,100.0,0.0,0.0,0.0,64,0,0.0,4000.000000001397,4000.0,0.4054722785949707,100.0,,0.0,0.0,0.0,0.0,0.0,0.0,0.0,0.0,0.0,0.0,0.0,0.0,0.0,4000.0
6779,palawan_outer_east_small_4000_0,S2A_MSIL2A_20230601T021611_R003_T50PQT_20230601T103139,1000,,0.0,0.0,0.0,0.0,0.0,0.0,0.0,100.0,0.0,0.0,0.0,16,0,0.0,4000.000000001397,4000.0,0.4875495433807373,100.0,,0.0,0.0,0.0,0.0,0.0,0.0,0.0,0.0,0.0,0.0,0.0,0.0,0.0,4000.0
6746,palawan_outer_east_small_4000_0,S2A_MSIL2A_20230611T021541_R003_T50PQT_20230611T092421,20,,0.0,0.0,0.0,0.0,0.0,0.0,0.0,87.985,0.135,11.88,0.0,40000,0,0.0,4000.000000001397,4000.0,0.4005582332611084,100.0,,0.0,0.0,0.0,0.0,0.0,0.0,0.0,0.0,0.0,0.0,0.0,0.0,0.0,4000.0
6753,palawan_outer_east_small_4000_0,S2A_MSIL2A_20230611T021541_R003_T50PQT_20230611T092421,50,,0.0,0.0,0.0,0.0,0.0,0.0,0.0,87.609375,0.140625,12.25,0.0,6400,0,0.0,4000.000000001397,4000.0,0.4722006320953369,100.0,,0.0,0.0,0.0,0.0,0.0,0.0,0.0,-0.37562499999999943,0.005624999999999991,0.3699999999999992,0.0,0.0,0.0,4000.0
6760,palawan_outer_east_small_4000_0,S2A_MSIL2A_20230611T021541_R003_T50PQT_20230611T092421,100,,0.0,0.0,0.0,0.0,0.0,0.0,0.0,87.0625,0.0625,12.875,0.0,1600,0,0.0,4000.000000001397,4000.0,0.419863224029541,100.0,,0.0,0.0,0.0,0.0,0.0,0.0,0.0,-0.9224999999999994,-0.07250000000000001,0.9949999999999992,0.0,0.0,0.0,4000.0
6767,palawan_outer_east_small_4000_0,S2A_MSIL2A_20230611T021541_R003_T50PQT_20230611T092421,200,,0.0,0.0,0.0,0.0,0.0,0.0,0.0,85.0,0.0,15.0,0.0,400,0,0.0,4000.000000001397,4000.0,0.40279555320739746,100.0,,0.0,0.0,0.0,0.0,0.0,0.0,0.0,-2.9849999999999994,-0.135,3.119999999999999,0.0,0.0,0.0,4000.0
6774,palawan_outer_east_small_4000_0,S2A_MSIL2A_20230611T021541_R003_T50PQT_20230611T092421,500,,0.0,0.0,0.0,0.0,0.0,0.0,0.0,84.375,0.0,15.625,0.0,64,0,0.0,4000.000000001397,4000.0,0.4054722785949707,100.0,,0.0,0.0,0.0,0.0,0.0,0.0,0.0,-3.6099999999999994,-0.135,3.744999999999999,0.0,0.0,0.0,4000.0
6781,palawan_outer_east_small_4000_0,S2A_MSIL2A_20230611T021541_R003_T50PQT_20230611T092421,1000,,0.0,0.0,0.0,0.0,0.0,0.0,0.0,87.5,0.0,12.5,0.0,16,0,0.0,4000.000000001397,4000.0,0.4875495433807373,100.0,,0.0,0.0,0.0,0.0,0.0,0.0,0.0,-0.48499999999999943,-0.135,0.6199999999999992,0.0,0.0,0.0,4000.0
6748,palawan_outer_east_small_4000_0,S2A_MSIL2A_20230621T021541_R003_T50PQT_20230621T085836,20,,0.0,0.0525,5.075,10.1725,0.59,29.7325,0.38,19.0875,11.18,23.73,0.0,40000,0,0.0,4000.000000001397,4000.0,0.4005582332611084,53.9975,,0.0,0.0,0.0,0.0,0.0,0.0,0.0,0.0,0.0,0.0,0.0,0.0,0.0,4000.0
6755,palawan_outer_east_small_4000_0,S2A_MSIL2A_20230621T021541_R003_T50PQT_20230621T085836,50,,0.0,0.046875,5.046875,10.0625,0.65625,29.625,0.46875,19.328125,11.125,23.640625,0.0,6400,0,0.0,4000.000000001397,4000.0,0.4722006320953369,54.09375,,0.0,-0.005624999999999998,-0.028125000000000178,-0.10999999999999943,0.06625000000000003,-0.1075000000000017,0.08875,0.24062500000000142,-0.054999999999999716,-0.08937500000000043,0.0,0.09624999999999773,0.10999999999999943,4000.0
6762,palawan_outer_east_small_4000_0,S2A_MSIL2A_20230621T021541_R003_T50PQT_20230621T085836,100,,0.0,0.125,4.9375,9.875,0.75,28.1875,0.4375,19.1875,11.1875,25.3125,0.0,1600,0,0.0,4000.000000001397,4000.0,0.419863224029541,55.6875,,0.0,0.07250000000000001,-0.13750000000000018,-0.29749999999999943,0.16000000000000003,-1.5450000000000017,0.057499999999999996,0.10000000000000142,0.007500000000000284,1.5824999999999996,0.0,1.6899999999999977,1.6899999999999977,4000.0
6769,palawan_outer_east_small_4000_0,S2A_MSIL2A_20230621T021541_R003_T50PQT_20230621T085836,200,,0.0,0.0,4.75,10.0,0.75,29.25,0.25,18.5,11.25,25.25,0.0,400,0,0.0,4000.000000001397,4000.0,0.40279555320739746,55.0,,0.0,-0.0525,-0.3250000000000002,-0.17249999999999943,0.16000000000000003,-0.4825000000000017,-0.13,-0.5874999999999986,0.07000000000000028,1.5199999999999996,0.0,1.0024999999999977,1.0024999999999977,4000.0
6776,palawan_outer_east_small_4000_0,S2A_MSIL2A_20230621T021541_R003_T50PQT_20230621T085836,500,,0.0,0.0,3.125,6.25,0.0,37.5,0.0,28.125,6.25,18.75,0.0,64,0,0.0,4000.000000001397,4000.0,0.4054722785949707,53.125,,0.0,-0.0525,-1.9500000000000002,-3.9224999999999994,-0.59,7.767499999999998,-0.38,9.037500000000001,-4.93,-4.98,0.0,-0.8725000000000023,7.767499999999998,4000.0
6783,palawan_outer_east_small_4000_0,S2A_MSIL2A_20230621T021541_R003_T50PQT_20230621T085836,1000,,0.0,0.0,6.25,6.25,0.0,37.5,0.0,12.5,6.25,31.25,0.0,16,0,0.0,4000.000000001397,4000.0,0.4875495433807373,50.0,,0.0,-0.0525,1.1749999999999998,-3.9224999999999994,-0.59,7.767499999999998,-0.38,-6.587499999999999,-4.93,7.52,0.0,-3.9975000000000023,7.767499999999998,4000.0
6750,palawan_outer_east_small_4000_0,S2A_MSIL2A_20230701T021541_R003_T50PQT_20230701T082624,20,,0.0,0.09,4.335,14.9325,0.42,37.195,0.4925,6.6425,3.725,32.1675,0.0,40000,0,0.0,4000.000000001397,4000.0,0.4005582332611084,42.535,,0.0,0.0,0.0,0.0,0.0,0.0,0.0,0.0,0.0,0.0,0.0,0.0,0.0,4000.0
6757,palawan_outer_east_small_4000_0,S2A_MSIL2A_20230701T021541_R003_T50PQT_20230701T082624,50,,0.0,0.109375,4.328125,14.6875,0.359375,37.046875,0.453125,6.609375,3.703125,32.703125,0.0,6400,0,0.0,4000.000000001397,4000.0,0.4722006320953369,43.015625,,0.0,0.019375000000000003,-0.0068749999999999645,-0.24499999999999922,-0.060624999999999984,-0.14812500000000028,-0.03937499999999999,-0.03312500000000007,-0.02187500000000009,0.5356250000000031,0.0,0.4806250000000034,0.4806250000000034,4000.0
6764,palawan_outer_east_small_4000_0,S2A_MSIL2A_20230701T021541_R003_T50PQT_20230701T082624,100,,0.0,0.0625,4.375,14.75,0.375,37.25,0.25,6.5625,3.625,32.75,0.0,1600,0,0.0,4000.000000001397,4000.0,0.419863224029541,42.9375,,0.0,-0.027499999999999997,0.040000000000000036,-0.18249999999999922,-0.044999999999999984,0.054999999999999716,-0.2425,-0.08000000000000007,-0.10000000000000009,0.5825000000000031,0.0,0.4025000000000034,0.4025000000000034,4000.0
6771,palawan_outer_east_small_4000_0,S2A_MSIL2A_20230701T021541_R003_T50PQT_20230701T082624,200,,0.0,0.0,4.75,14.25,1.0,37.0,0.75,5.75,4.0,32.5,0.0,400,0,0.0,4000.000000001397,4000.0,0.40279555320739746,42.25,,0.0,-0.09,0.41500000000000004,-0.6824999999999992,0.5800000000000001,-0.19500000000000028,0.2575,-0.8925000000000001,0.2749999999999999,0.3325000000000031,0.0,-0.2849999999999966,0.6824999999999992,4000.0
6778,palawan_outer_east_small_4000_0,S2A_MSIL2A_20230701T021541_R003_T50PQT_20230701T082624,500,,0.0,0.0,3.125,7.8125,0.0,40.625,0.0,9.375,3.125,35.9375,0.0,64,0,0.0,4000.000000001397,4000.0,0.4054722785949707,48.4375,,0.0,-0.09,-1.21,-7.119999999999999,-0.42,3.4299999999999997,-0.4925,2.7325,-0.6000000000000001,3.770000000000003,0.0,5.902500000000003,7.119999999999999,4000.0
6785,palawan_outer_east_small_4000_0,S2A_MSIL2A_20230701T021541_R003_T50PQT_20230701T082624,1000,,0.0,0.0,0.0,6.25,0.0,31.25,0.0,6.25,12.5,43.75,0.0,16,0,0.0,4000.000000001397,4000.0,0.4875495433807373,62.5,,0.0,-0.09,-4.335,-8.6825,-0.42,-5.945,-0.4925,-0.39250000000000007,8.775,11.582500000000003,0.0,19.965000000000003,19.965000000000003,4000.0
6745,palawan_outer_east_small_4000_0,S2B_MSIL2A_20230606T021539_R003_T50PQT_20230606T073506,20,,0.0,0.29,2.2975,40.465,1.2525,54.7375,0.335,0.59,0.0325,0.0,0.0,40000,0,0.0,4000.000000001397,4000.0,0.4005582332611084,0.6224999999999999,,0.0,0.0,0.0,0.0,0.0,0.0,0.0,0.0,0.0,0.0,0.0,0.0,0.0,4000.0
6752,palawan_outer_east_small_4000_0,S2B_MSIL2A_20230606T021539_R003_T50PQT_20230606T073506,50,,0.0,0.265625,2.28125,40.3125,1.25,54.84375,0.421875,0.59375,0.03125,0.0,0.0,6400,0,0.0,4000.000000001397,4000.0,0.4722006320953369,0.625,,0.0,-0.02437499999999998,-0.016249999999999876,-0.1525000000000034,-0.0024999999999999467,0.10625000000000284,0.08687499999999998,0.003750000000000031,-0.0012500000000000011,0.0,0.0,0.0025000000000000577,0.1525000000000034,4000.0
6759,palawan_outer_east_small_4000_0,S2B_MSIL2A_20230606T021539_R003_T50PQT_20230606T073506,100,,0.0,0.3125,2.375,39.9375,1.5,54.9375,0.1875,0.75,0.0,0.0,0.0,1600,0,0.0,4000.000000001397,4000.0,0.419863224029541,0.75,,0.0,0.02250000000000002,0.07750000000000012,-0.5275000000000034,0.24750000000000005,0.20000000000000284,-0.14750000000000002,0.16000000000000003,-0.0325,0.0,0.0,0.12750000000000006,0.5275000000000034,4000.0
6766,palawan_outer_east_small_4000_0,S2B_MSIL2A_20230606T021539_R003_T50PQT_20230606T073506,200,,0.0,0.25,2.25,39.25,1.75,55.5,0.5,0.5,0.0,0.0,0.0,400,0,0.0,4000.000000001397,4000.0,0.40279555320739746,0.5,,0.0,-0.03999999999999998,-0.047499999999999876,-1.2150000000000034,0.49750000000000005,0.7625000000000028,0.16499999999999998,-0.08999999999999997,-0.0325,0.0,0.0,-0.12249999999999994,1.2150000000000034,4000.0
6773,palawan_outer_east_small_4000_0,S2B_MSIL2A_20230606T021539_R003_T50PQT_20230606T073506,500,,0.0,0.0,0.0,34.375,0.0,65.625,0.0,0.0,0.0,0.0,0.0,64,0,0.0,4000.000000001397,4000.0,0.4054722785949707,0.0,,0.0,-0.29,-2.2975,-6.090000000000003,-1.2525,10.887500000000003,-0.335,-0.59,-0.0325,0.0,0.0,-0.6224999999999999,10.887500000000003,4000.0
6780,palawan_outer_east_small_4000_0,S2B_MSIL2A_20230606T021539_R003_T50PQT_20230606T073506,1000,,0.0,0.0,6.25,37.5,0.0,56.25,0.0,0.0,0.0,0.0,0.0,16,0,0.0,4000.000000001397,4000.0,0.4875495433807373,0.0,,0.0,-0.29,3.9525,-2.9650000000000034,-1.2525,1.5125000000000028,-0.335,-0.59,-0.0325,0.0,0.0,-0.6224999999999999,3.9525,4000.0
6747,palawan_outer_east_small_4000_0,S2B_MSIL2A_20230616T021539_R003_T50PQT_20230616T083239,20,,0.0,0.0,0.0,0.0,0.005,0.0,0.0,8.0275,11.145,80.8225,0.0,40000,0,0.0,4000.000000001397,4000.0,0.4005582332611084,99.995,,0.0,0.0,0.0,0.0,0.0,0.0,0.0,0.0,0.0,0.0,0.0,0.0,0.0,4000.0
6754,palawan_outer_east_small_4000_0,S2B_MSIL2A_20230616T021539_R003_T50PQT_20230616T083239,50,,0.0,0.0,0.0,0.0,0.015625,0.0,0.0,8.0625,10.984375,80.9375,0.0,6400,0,0.0,4000.000000001397,4000.0,0.4722006320953369,99.984375,,0.0,0.0,0.0,0.0,0.010624999999999999,0.0,0.0,0.03500000000000014,-0.16062499999999957,0.11499999999999488,0.0,-0.010625000000004547,0.010625000000004547,4000.0
6761,palawan_outer_east_small_4000_0,S2B_MSIL2A_20230616T021539_R003_T50PQT_20230616T083239,100,,0.0,0.0,0.0,0.0,0.0,0.0,0.0,8.25,10.8125,80.9375,0.0,1600,0,0.0,4000.000000001397,4000.0,0.419863224029541,100.0,,0.0,0.0,0.0,0.0,-0.005,0.0,0.0,0.22250000000000014,-0.3324999999999996,0.11499999999999488,0.0,0.0049999999999954525,0.005,4000.0
6768,palawan_outer_east_small_4000_0,S2B_MSIL2A_20230616T021539_R003_T50PQT_20230616T083239,200,,0.0,0.0,0.0,0.0,0.0,0.0,0.0,8.75,10.75,80.5,0.0,400,0,0.0,4000.000000001397,4000.0,0.40279555320739746,100.0,,0.0,0.0,0.0,0.0,-0.005,0.0,0.0,0.7225000000000001,-0.3949999999999996,-0.3225000000000051,0.0,0.0049999999999954525,0.005,4000.0
6775,palawan_outer_east_small_4000_0,S2B_MSIL2A_20230616T021539_R003_T50PQT_20230616T083239,500,,0.0,0.0,0.0,0.0,0.0,0.0,0.0,6.25,12.5,81.25,0.0,64,0,0.0,4000.000000001397,4000.0,0.4054722785949707,100.0,,0.0,0.0,0.0,0.0,-0.005,0.0,0.0,-1.7774999999999999,1.3550000000000004,0.4274999999999949,0.0,0.0049999999999954525,0.005,4000.0
6782,palawan_outer_east_small_4000_0,S2B_MSIL2A_20230616T021539_R003_T50PQT_20230616T083239,1000,,0.0,0.0,0.0,0.0,0.0,0.0,0.0,0.0,12.5,87.5,0.0,16,0,0.0,4000.000000001397,4000.0,0.4875495433807373,100.0,,0.0,0.0,0.0,0.0,-0.005,0.0,0.0,-8.0275,1.3550000000000004,6.677499999999995,0.0,0.0049999999999954525,0.005,4000.0
6749,palawan_outer_east_small_4000_0,S2B_MSIL2A_20230626T021539_R003_T50PQT_20230626T074054,20,,0.0,0.0,0.2675,0.0,0.005,4.3225,0.0,35.8675,11.355,48.1825,0.0,40000,0,0.0,4000.000000001397,4000.0,0.4005582332611084,95.405,,0.0,0.0,0.0,0.0,0.0,0.0,0.0,0.0,0.0,0.0,0.0,0.0,0.0,4000.0
6756,palawan_outer_east_small_4000_0,S2B_MSIL2A_20230626T021539_R003_T50PQT_20230626T074054,50,,0.0,0.0,0.265625,0.0,0.015625,4.375,0.0,35.546875,11.4375,48.359375,0.0,6400,0,0.0,4000.000000001397,4000.0,0.4722006320953369,95.34375,,0.0,0.0,-0.0018750000000000155,0.0,0.010624999999999999,0.05250000000000021,0.0,-0.3206249999999997,0.08249999999999957,0.17687500000000256,0.0,-0.06125000000000114,0.06125000000000114,4000.0
6763,palawan_outer_east_small_4000_0,S2B_MSIL2A_20230626T021539_R003_T50PQT_20230626T074054,100,,0.0,0.0,0.25,0.0,0.0,4.375,0.0,35.6875,11.5625,48.125,0.0,1600,0,0.0,4000.000000001397,4000.0,0.419863224029541,95.375,,0.0,0.0,-0.017500000000000016,0.0,-0.005,0.05250000000000021,0.0,-0.17999999999999972,0.20749999999999957,-0.05749999999999744,0.0,-0.030000000000001137,0.05250000000000021,4000.0
6770,palawan_outer_east_small_4000_0,S2B_MSIL2A_20230626T021539_R003_T50PQT_20230626T074054,200,,0.0,0.0,0.25,0.0,0.0,4.5,0.0,34.5,11.0,49.75,0.0,400,0,0.0,4000.000000001397,4000.0,0.40279555320739746,95.25,,0.0,0.0,-0.017500000000000016,0.0,-0.005,0.1775000000000002,0.0,-1.3674999999999997,-0.3550000000000004,1.5675000000000026,0.0,-0.15500000000000114,0.1775000000000002,4000.0
6777,palawan_outer_east_small_4000_0,S2B_MSIL2A_20230626T021539_R003_T50PQT_20230626T074054,500,,0.0,0.0,0.0,0.0,0.0,7.8125,0.0,35.9375,10.9375,45.3125,0.0,64,0,0.0,4000.000000001397,4000.0,0.4054722785949707,92.1875,,0.0,0.0,-0.2675,0.0,-0.005,3.49,0.0,0.07000000000000028,-0.4175000000000004,-2.8699999999999974,0.0,-3.217500000000001,3.49,4000.0
6784,palawan_outer_east_small_4000_0,S2B_MSIL2A_20230626T021539_R003_T50PQT_20230626T074054,1000,,0.0,0.0,0.0,0.0,0.0,6.25,0.0,31.25,12.5,50.0,0.0,16,0,0.0,4000.000000001397,4000.0,0.4875495433807373,93.75,,0.0,0.0,-0.2675,0.0,-0.005,1.9275000000000002,0.0,-4.6175,1.1449999999999996,1.8175000000000026,0.0,-1.6550000000000011,1.9275000000000002,4000.0
6786,palawan_outer_east_small_4000_1,S2A_MSIL2A_20230601T021611_R003_T50PQT_20230601T103139,20,,0.0,0.0,0.0,0.0,0.0,0.0,0.0,100.0,0.0,0.0,0.0,40000,0,0.0,4000.000000001397,4000.0000000004657,0.38326525688171387,100.0,,0.0,0.0,0.0,0.0,0.0,0.0,0.0,0.0,0.0,0.0,0.0,0.0,0.0,4000.0
6793,palawan_outer_east_small_4000_1,S2A_MSIL2A_20230601T021611_R003_T50PQT_20230601T103139,50,,0.0,0.0,0.0,0.0,0.0,0.0,0.0,100.0,0.0,0.0,0.0,6400,0,0.0,4000.000000001397,4000.0000000004657,0.42099690437316895,100.0,,0.0,0.0,0.0,0.0,0.0,0.0,0.0,0.0,0.0,0.0,0.0,0.0,0.0,4000.0
6800,palawan_outer_east_small_4000_1,S2A_MSIL2A_20230601T021611_R003_T50PQT_20230601T103139,100,,0.0,0.0,0.0,0.0,0.0,0.0,0.0,100.0,0.0,0.0,0.0,1600,0,0.0,4000.000000001397,4000.0000000004657,0.3798062801361084,100.0,,0.0,0.0,0.0,0.0,0.0,0.0,0.0,0.0,0.0,0.0,0.0,0.0,0.0,4000.0
6807,palawan_outer_east_small_4000_1,S2A_MSIL2A_20230601T021611_R003_T50PQT_20230601T103139,200,,0.0,0.0,0.0,0.0,0.0,0.0,0.0,100.0,0.0,0.0,0.0,400,0,0.0,4000.000000001397,4000.0000000004657,0.3917672634124756,100.0,,0.0,0.0,0.0,0.0,0.0,0.0,0.0,0.0,0.0,0.0,0.0,0.0,0.0,4000.0
6814,palawan_outer_east_small_4000_1,S2A_MSIL2A_20230601T021611_R003_T50PQT_20230601T103139,500,,0.0,0.0,0.0,0.0,0.0,0.0,0.0,100.0,0.0,0.0,0.0,64,0,0.0,4000.000000001397,4000.0000000004657,0.4738459587097168,100.0,,0.0,0.0,0.0,0.0,0.0,0.0,0.0,0.0,0.0,0.0,0.0,0.0,0.0,4000.0
6821,palawan_outer_east_small_4000_1,S2A_MSIL2A_20230601T021611_R003_T50PQT_20230601T103139,1000,,0.0,0.0,0.0,0.0,0.0,0.0,0.0,100.0,0.0,0.0,0.0,16,0,0.0,4000.000000001397,4000.0000000004657,0.5574901103973389,100.0,,0.0,0.0,0.0,0.0,0.0,0.0,0.0,0.0,0.0,0.0,0.0,0.0,0.0,4000.0
6788,palawan_outer_east_small_4000_1,S2A_MSIL2A_20230611T021541_R003_T50PQT_20230611T092421,20,,0.0,0.0,0.0,0.0,0.0,0.0,0.0,79.735,0.0,20.265,0.0,40000,0,0.0,4000.000000001397,4000.0000000004657,0.38326525688171387,100.0,,0.0,0.0,0.0,0.0,0.0,0.0,0.0,0.0,0.0,0.0,0.0,0.0,0.0,4000.0
6795,palawan_outer_east_small_4000_1,S2A_MSIL2A_20230611T021541_R003_T50PQT_20230611T092421,50,,0.0,0.0,0.0,0.0,0.0,0.0,0.0,79.640625,0.0,20.359375,0.0,6400,0,0.0,4000.000000001397,4000.0000000004657,0.42099690437316895,100.0,,0.0,0.0,0.0,0.0,0.0,0.0,0.0,-0.09437499999999943,0.0,0.09437499999999943,0.0,0.0,0.0,4000.0
6802,palawan_outer_east_small_4000_1,S2A_MSIL2A_20230611T021541_R003_T50PQT_20230611T092421,100,,0.0,0.0,0.0,0.0,0.0,0.0,0.0,80.0,0.0,20.0,0.0,1600,0,0.0,4000.000000001397,4000.0000000004657,0.3798062801361084,100.0,,0.0,0.0,0.0,0.0,0.0,0.0,0.0,0.26500000000000057,0.0,-0.26500000000000057,0.0,0.0,0.0,4000.0
6809,palawan_outer_east_small_4000_1,S2A_MSIL2A_20230611T021541_R003_T50PQT_20230611T092421,200,,0.0,0.0,0.0,0.0,0.0,0.0,0.0,78.25,0.0,21.75,0.0,400,0,0.0,4000.000000001397,4000.0000000004657,0.3917672634124756,100.0,,0.0,0.0,0.0,0.0,0.0,0.0,0.0,-1.4849999999999994,0.0,1.4849999999999994,0.0,0.0,0.0,4000.0
6816,palawan_outer_east_small_4000_1,S2A_MSIL2A_20230611T021541_R003_T50PQT_20230611T092421,500,,0.0,0.0,0.0,0.0,0.0,0.0,0.0,75.0,0.0,25.0,0.0,64,0,0.0,4000.000000001397,4000.0000000004657,0.4738459587097168,100.0,,0.0,0.0,0.0,0.0,0.0,0.0,0.0,-4.734999999999999,0.0,4.734999999999999,0.0,0.0,0.0,4000.0
6823,palawan_outer_east_small_4000_1,S2A_MSIL2A_20230611T021541_R003_T50PQT_20230611T092421,1000,,0.0,0.0,0.0,0.0,0.0,0.0,0.0,75.0,0.0,25.0,0.0,16,0,0.0,4000.000000001397,4000.0000000004657,0.5574901103973389,100.0,,0.0,0.0,0.0,0.0,0.0,0.0,0.0,-4.734999999999999,0.0,4.734999999999999,0.0,0.0,0.0,4000.0
6790,palawan_outer_east_small_4000_1,S2A_MSIL2A_20230621T021541_R003_T50PQT_20230621T085836,20,,0.0,0.005000750112516878,4.483172475871381,3.0979646947042054,0.0775116267440116,86.35045256788518,0.2650397559633945,3.710556583487523,2.0103015452317847,0.0,0.0,40000,6,0.015,4000.000000001397,4000.0000000004657,0.38326525688171387,5.720858128719308,,0.0,0.0,0.0,0.0,0.0,0.0,0.0,0.0,0.0,0.0,0.0,0.0,0.0,4000.0
6797,palawan_outer_east_small_4000_1,S2A_MSIL2A_20230621T021541_R003_T50PQT_20230621T085836,50,,0.0,0.0,4.391997499218506,3.016567677399187,0.10940919037199125,86.74585808065021,0.2657080337605502,3.5479837449202876,1.9224757736792748,0.0,0.0,6400,2,0.03125,4000.000000001397,4000.0000000004657,0.42099690437316895,5.470459518599562,,0.0,-0.005000750112516878,-0.09117497665287555,-0.08139701730501825,0.031897563627979644,0.39540551276502356,0.0006682777971556697,-0.1625728385672356,-0.08782577155250992,0.0,0.0,-0.2503986101197455,0.39540551276502356,4000.0
6804,palawan_outer_east_small_4000_1,S2A_MSIL2A_20230621T021541_R003_T50PQT_20230621T085836,100,,0.0,0.0,4.5625,3.0,0.0625,87.0,0.25,3.4375,1.6875,0.0,0.0,1600,0,0.0,4000.000000001397,4000.0000000004657,0.3798062801361084,5.125,,0.0,-0.005000750112516878,0.07932752412861888,-0.09796469470420544,-0.015011626744011602,0.6495474321148151,-0.015039755963394519,-0.27305658348752315,-0.3228015452317847,0.0,0.0,-0.5958581287193079,0.6495474321148151,4000.0
6811,palawan_outer_east_small_4000_1,S2A_MSIL2A_20230621T021541_R003_T50PQT_20230621T085836,200,,0.0,0.0,4.75,1.5,0.0,89.5,0.25,3.0,1.0,0.0,0.0,400,0,0.0,4000.000000001397,4000.0000000004657,0.3917672634124756,4.0,,0.0,-0.005000750112516878,0.2668275241286189,-1.5979646947042054,-0.0775116267440116,3.149547432114815,-0.015039755963394519,-0.7105565834875232,-1.0103015452317847,0.0,0.0,-1.7208581287193079,3.149547432114815,4000.0
6818,palawan_outer_east_small_4000_1,S2A_MSIL2A_20230621T021541_R003_T50PQT_20230621T085836,500,,0.0,0.0,1.5625,0.0,0.0,92.1875,0.0,4.6875,1.5625,0.0,0.0,64,0,0.0,4000.000000001397,4000.0000000004657,0.4738459587097168,6.25,,0.0,-0.005000750112516878,-2.920672475871381,-3.0979646947042054,-0.0775116267440116,5.837047432114815,-0.2650397559633945,0.9769434165124768,-0.4478015452317847,0.0,0.0,0.5291418712806921,5.837047432114815,4000.0
6825,palawan_outer_east_small_4000_1,S2A_MSIL2A_20230621T021541_R003_T50PQT_20230621T085836,1000,,0.0,0.0,6.25,0.0,0.0,93.75,0.0,0.0,0.0,0.0,0.0,16,0,0.0,4000.000000001397,4000.0000000004657,0.5574901103973389,0.0,,0.0,-0.005000750112516878,1.7668275241286189,-3.0979646947042054,-0.0775116267440116,7.399547432114815,-0.2650397559633945,-3.710556583487523,-2.0103015452317847,0.0,0.0,-5.720858128719308,7.399547432114815,4000.0
6792,palawan_outer_east_small_4000_1,S2A_MSIL2A_20230701T021541_R003_T50PQT_20230701T082624,20,,0.0,0.0,0.0,0.79,0.005,63.4525,0.0125,2.865,2.6225,30.2525,0.0,40000,0,0.0,4000.000000001397,4000.0000000004657,0.38326525688171387,35.74,,0.0,0.0,0.0,0.0,0.0,0.0,0.0,0.0,0.0,0.0,0.0,0.0,0.0,4000.0
6799,palawan_outer_east_small_4000_1,S2A_MSIL2A_20230701T021541_R003_T50PQT_20230701T082624,50,,0.0,0.0,0.0,0.765625,0.015625,63.8125,0.015625,2.78125,2.5,30.109375,0.0,6400,0,0.0,4000.000000001397,4000.0000000004657,0.42099690437316895,35.390625,,0.0,0.0,0.0,-0.024375000000000036,0.010624999999999999,0.35999999999999943,0.0031249999999999993,-0.08375000000000021,-0.12250000000000005,-0.14312500000000128,0.0,-0.349375000000002,0.35999999999999943,4000.0
6806,palawan_outer_east_small_4000_1,S2A_MSIL2A_20230701T021541_R003_T50PQT_20230701T082624,100,,0.0,0.0,0.0,0.5625,0.0,63.25,0.0625,2.875,2.75,30.5,0.0,1600,0,0.0,4000.000000001397,4000.0000000004657,0.3798062801361084,36.125,,0.0,0.0,0.0,-0.22750000000000004,-0.005,-0.20250000000000057,0.05,0.009999999999999787,0.12749999999999995,0.24749999999999872,0.0,0.384999999999998,0.384999999999998,4000.0
6813,palawan_outer_east_small_4000_1,S2A_MSIL2A_20230701T021541_R003_T50PQT_20230701T082624,200,,0.0,0.0,0.0,0.25,0.0,64.75,0.0,3.25,1.5,30.25,0.0,400,0,0.0,4000.000000001397,4000.0000000004657,0.3917672634124756,35.0,,0.0,0.0,0.0,-0.54,-0.005,1.2974999999999994,-0.0125,0.3849999999999998,-1.1225,-0.002500000000001279,0.0,-0.740000000000002,1.2974999999999994,4000.0
6820,palawan_outer_east_small_4000_1,S2A_MSIL2A_20230701T021541_R003_T50PQT_20230701T082624,500,,0.0,0.0,0.0,0.0,0.0,67.1875,0.0,0.0,3.125,29.6875,0.0,64,0,0.0,4000.000000001397,4000.0000000004657,0.4738459587097168,32.8125,,0.0,0.0,0.0,-0.79,-0.005,3.7349999999999994,-0.0125,-2.865,0.5025,-0.5650000000000013,0.0,-2.927500000000002,3.7349999999999994,4000.0
6827,palawan_outer_east_small_4000_1,S2A_MSIL2A_20230701T021541_R003_T50PQT_20230701T082624,1000,,0.0,0.0,0.0,0.0,0.0,68.75,0.0,6.25,0.0,25.0,0.0,16,0,0.0,4000.000000001397,4000.0000000004657,0.5574901103973389,31.25,,0.0,0.0,0.0,-0.79,-0.005,5.297499999999999,-0.0125,3.385,-2.6225,-5.252500000000001,0.0,-4.490000000000002,5.297499999999999,4000.0
6787,palawan_outer_east_small_4000_1,S2B_MSIL2A_20230606T021539_R003_T50PQT_20230606T073506,20,,0.0,0.0525,0.4075,9.82,0.2,88.7675,0.53,0.2225,0.0,0.0,0.0,40000,0,0.0,4000.000000001397,4000.0000000004657,0.38326525688171387,0.2225,,0.0,0.0,0.0,0.0,0.0,0.0,0.0,0.0,0.0,0.0,0.0,0.0,0.0,4000.0
6794,palawan_outer_east_small_4000_1,S2B_MSIL2A_20230606T021539_R003_T50PQT_20230606T073506,50,,0.0,0.046875,0.375,9.484375,0.28125,89.09375,0.546875,0.171875,0.0,0.0,0.0,6400,0,0.0,4000.000000001397,4000.0000000004657,0.42099690437316895,0.171875,,0.0,-0.005624999999999998,-0.03249999999999997,-0.3356250000000003,0.08124999999999999,0.3262500000000017,0.016874999999999973,-0.050625,0.0,0.0,0.0,-0.050625,0.3356250000000003,4000.0
6801,palawan_outer_east_small_4000_1,S2B_MSIL2A_20230606T021539_R003_T50PQT_20230606T073506,100,,0.0,0.0625,0.375,9.4375,0.25,89.3125,0.375,0.1875,0.0,0.0,0.0,1600,0,0.0,4000.000000001397,4000.0000000004657,0.3798062801361084,0.1875,,0.0,0.010000000000000002,-0.03249999999999997,-0.3825000000000003,0.04999999999999999,0.5450000000000017,-0.15500000000000003,-0.035,0.0,0.0,0.0,-0.035,0.5450000000000017,4000.0
6808,palawan_outer_east_small_4000_1,S2B_MSIL2A_20230606T021539_R003_T50PQT_20230606T073506,200,,0.0,0.25,0.25,7.5,0.0,91.25,0.0,0.75,0.0,0.0,0.0,400,0,0.0,4000.000000001397,4000.0000000004657,0.3917672634124756,0.75,,0.0,0.1975,-0.15749999999999997,-2.3200000000000003,-0.2,2.4825000000000017,-0.53,0.5275,0.0,0.0,0.0,0.5275,2.4825000000000017,4000.0
6815,palawan_outer_east_small_4000_1,S2B_MSIL2A_20230606T021539_R003_T50PQT_20230606T073506,500,,0.0,0.0,0.0,4.6875,0.0,95.3125,0.0,0.0,0.0,0.0,0.0,64,0,0.0,4000.000000001397,4000.0000000004657,0.4738459587097168,0.0,,0.0,-0.0525,-0.4075,-5.1325,-0.2,6.545000000000002,-0.53,-0.2225,0.0,0.0,0.0,-0.2225,6.545000000000002,4000.0
6822,palawan_outer_east_small_4000_1,S2B_MSIL2A_20230606T021539_R003_T50PQT_20230606T073506,1000,,0.0,0.0,0.0,6.25,0.0,93.75,0.0,0.0,0.0,0.0,0.0,16,0,0.0,4000.000000001397,4000.0000000004657,0.5574901103973389,0.0,,0.0,-0.0525,-0.4075,-3.5700000000000003,-0.2,4.982500000000002,-0.53,-0.2225,0.0,0.0,0.0,-0.2225,4.982500000000002,4000.0
6789,palawan_outer_east_small_4000_1,S2B_MSIL2A_20230616T021539_R003_T50PQT_20230616T083239,20,,0.0,0.0,0.0,0.0,0.0,0.0,0.0,3.3925,3.2925,93.315,0.0,40000,0,0.0,4000.000000001397,4000.0000000004657,0.38326525688171387,100.0,,0.0,0.0,0.0,0.0,0.0,0.0,0.0,0.0,0.0,0.0,0.0,0.0,0.0,4000.0
6796,palawan_outer_east_small_4000_1,S2B_MSIL2A_20230616T021539_R003_T50PQT_20230616T083239,50,,0.0,0.0,0.0,0.0,0.0,0.0,0.0,3.359375,3.15625,93.484375,0.0,6400,0,0.0,4000.000000001397,4000.0000000004657,0.42099690437316895,100.0,,0.0,0.0,0.0,0.0,0.0,0.0,0.0,-0.03312500000000007,-0.13624999999999998,0.16937500000000227,0.0,0.0,0.0,4000.0
6803,palawan_outer_east_small_4000_1,S2B_MSIL2A_20230616T021539_R003_T50PQT_20230616T083239,100,,0.0,0.0,0.0,0.0,0.0,0.0,0.0,3.375,2.875,93.75,0.0,1600,0,0.0,4000.000000001397,4000.0000000004657,0.3798062801361084,100.0,,0.0,0.0,0.0,0.0,0.0,0.0,0.0,-0.01750000000000007,-0.4175,0.4350000000000023,0.0,0.0,0.0,4000.0
6810,palawan_outer_east_small_4000_1,S2B_MSIL2A_20230616T021539_R003_T50PQT_20230616T083239,200,,0.0,0.0,0.0,0.0,0.0,0.0,0.0,3.0,2.25,94.75,0.0,400,0,0.0,4000.000000001397,4000.0000000004657,0.3917672634124756,100.0,,0.0,0.0,0.0,0.0,0.0,0.0,0.0,-0.39250000000000007,-1.0425,1.4350000000000023,0.0,0.0,0.0,4000.0
6817,palawan_outer_east_small_4000_1,S2B_MSIL2A_20230616T021539_R003_T50PQT_20230616T083239,500,,0.0,0.0,0.0,0.0,0.0,0.0,0.0,1.5625,1.5625,96.875,0.0,64,0,0.0,4000.000000001397,4000.0000000004657,0.4738459587097168,100.0,,0.0,0.0,0.0,0.0,0.0,0.0,0.0,-1.83,-1.73,3.5600000000000023,0.0,0.0,0.0,4000.0
6824,palawan_outer_east_small_4000_1,S2B_MSIL2A_20230616T021539_R003_T50PQT_20230616T083239,1000,,0.0,0.0,0.0,0.0,0.0,0.0,0.0,0.0,0.0,100.0,0.0,16,0,0.0,4000.000000001397,4000.0000000004657,0.5574901103973389,100.0,,0.0,0.0,0.0,0.0,0.0,0.0,0.0,-3.3925,-3.2925,6.685000000000002,0.0,0.0,0.0,4000.0
6791,palawan_outer_east_small_4000_1,S2B_MSIL2A_20230626T021539_R003_T50PQT_20230626T074054,20,,0.0,0.0,0.0075,0.0,0.0,0.0375,0.0,61.01,0.0,38.945,0.0,40000,0,0.0,4000.000000001397,4000.0000000004657,0.38326525688171387,99.955,,0.0,0.0,0.0,0.0,0.0,0.0,0.0,0.0,0.0,0.0,0.0,0.0,0.0,4000.0
6798,palawan_outer_east_small_4000_1,S2B_MSIL2A_20230626T021539_R003_T50PQT_20230626T074054,50,,0.0,0.0,0.015625,0.0,0.0,0.046875,0.0,60.515625,0.0,39.421875,0.0,6400,0,0.0,4000.000000001397,4000.0000000004657,0.42099690437316895,99.9375,,0.0,0.0,0.008125,0.0,0.0,0.009375000000000001,0.0,-0.494374999999998,0.0,0.4768749999999997,0.0,-0.017499999999998295,0.017499999999998295,4000.0
6805,palawan_outer_east_small_4000_1,S2B_MSIL2A_20230626T021539_R003_T50PQT_20230626T074054,100,,0.0,0.0,0.0625,0.0,0.0,0.125,0.0,59.625,0.0,40.1875,0.0,1600,0,0.0,4000.000000001397,4000.0000000004657,0.3798062801361084,99.8125,,0.0,0.0,0.055,0.0,0.0,0.0875,0.0,-1.384999999999998,0.0,1.2424999999999997,0.0,-0.1424999999999983,0.1424999999999983,4000.0
6812,palawan_outer_east_small_4000_1,S2B_MSIL2A_20230626T021539_R003_T50PQT_20230626T074054,200,,0.0,0.0,0.0,0.0,0.0,0.0,0.0,57.75,0.0,42.25,0.0,400,0,0.0,4000.000000001397,4000.0000000004657,0.3917672634124756,100.0,,0.0,0.0,-0.0075,0.0,0.0,-0.0375,0.0,-3.259999999999998,0.0,3.3049999999999997,0.0,0.045000000000001705,0.045000000000001705,4000.0
6819,palawan_outer_east_small_4000_1,S2B_MSIL2A_20230626T021539_R003_T50PQT_20230626T074054,500,,0.0,0.0,0.0,0.0,0.0,0.0,0.0,54.6875,0.0,45.3125,0.0,64,0,0.0,4000.000000001397,4000.0000000004657,0.4738459587097168,100.0,,0.0,0.0,-0.0075,0.0,0.0,-0.0375,0.0,-6.322499999999998,0.0,6.3675,0.0,0.045000000000001705,0.045000000000001705,4000.0
6826,palawan_outer_east_small_4000_1,S2B_MSIL2A_20230626T021539_R003_T50PQT_20230626T074054,1000,,0.0,0.0,0.0,0.0,0.0,0.0,0.0,50.0,0.0,50.0,0.0,16,0,0.0,4000.000000001397,4000.0000000004657,0.5574901103973389,100.0,,0.0,0.0,-0.0075,0.0,0.0,-0.0375,0.0,-11.009999999999998,0.0,11.055,0.0,0.045000000000001705,0.045000000000001705,4000.0
6828,palawan_outer_east_small_4000_2,S2A_MSIL2A_20230601T021611_R003_T50PQT_20230601T103139,20,,0.0,0.0,0.0,0.0,0.0,0.0,0.0,100.0,0.0,0.0,0.0,40000,0,0.0,4000.0000000009313,4000.0,0.3817014694213867,100.0,,0.0,0.0,0.0,0.0,0.0,0.0,0.0,0.0,0.0,0.0,0.0,0.0,0.0,4000.0
6835,palawan_outer_east_small_4000_2,S2A_MSIL2A_20230601T021611_R003_T50PQT_20230601T103139,50,,0.0,0.0,0.0,0.0,0.0,0.0,0.0,100.0,0.0,0.0,0.0,6400,0,0.0,4000.0000000009313,4000.0,0.41089653968811035,100.0,,0.0,0.0,0.0,0.0,0.0,0.0,0.0,0.0,0.0,0.0,0.0,0.0,0.0,4000.0
6842,palawan_outer_east_small_4000_2,S2A_MSIL2A_20230601T021611_R003_T50PQT_20230601T103139,100,,0.0,0.0,0.0,0.0,0.0,0.0,0.0,100.0,0.0,0.0,0.0,1600,0,0.0,4000.0000000009313,4000.0,0.3619387149810791,100.0,,0.0,0.0,0.0,0.0,0.0,0.0,0.0,0.0,0.0,0.0,0.0,0.0,0.0,4000.0
6849,palawan_outer_east_small_4000_2,S2A_MSIL2A_20230601T021611_R003_T50PQT_20230601T103139,200,,0.0,0.0,0.0,0.0,0.0,0.0,0.0,100.0,0.0,0.0,0.0,400,0,0.0,4000.0000000009313,4000.0,0.40018510818481445,100.0,,0.0,0.0,0.0,0.0,0.0,0.0,0.0,0.0,0.0,0.0,0.0,0.0,0.0,4000.0
6856,palawan_outer_east_small_4000_2,S2A_MSIL2A_20230601T021611_R003_T50PQT_20230601T103139,500,,0.0,0.0,0.0,0.0,0.0,0.0,0.0,100.0,0.0,0.0,0.0,64,0,0.0,4000.0000000009313,4000.0,0.4680473804473877,100.0,,0.0,0.0,0.0,0.0,0.0,0.0,0.0,0.0,0.0,0.0,0.0,0.0,0.0,4000.0
6863,palawan_outer_east_small_4000_2,S2A_MSIL2A_20230601T021611_R003_T50PQT_20230601T103139,1000,,0.0,0.0,0.0,0.0,0.0,0.0,0.0,100.0,0.0,0.0,0.0,16,0,0.0,4000.0000000009313,4000.0,0.3647897243499756,100.0,,0.0,0.0,0.0,0.0,0.0,0.0,0.0,0.0,0.0,0.0,0.0,0.0,0.0,4000.0
6830,palawan_outer_east_small_4000_2,S2A_MSIL2A_20230611T021541_R003_T50PQT_20230611T092421,20,,0.0,0.0,0.0,0.0,0.0,0.0,0.0,17.1125,0.0075,82.88,0.0,40000,0,0.0,4000.0000000009313,4000.0,0.3817014694213867,100.0,,0.0,0.0,0.0,0.0,0.0,0.0,0.0,0.0,0.0,0.0,0.0,0.0,0.0,4000.0
6837,palawan_outer_east_small_4000_2,S2A_MSIL2A_20230611T021541_R003_T50PQT_20230611T092421,50,,0.0,0.0,0.0,0.0,0.0,0.0,0.0,16.734375,0.0,83.265625,0.0,6400,0,0.0,4000.0000000009313,4000.0,0.41089653968811035,100.0,,0.0,0.0,0.0,0.0,0.0,0.0,0.0,-0.3781250000000007,-0.0075,0.38562500000000455,0.0,0.0,0.0,4000.0
6844,palawan_outer_east_small_4000_2,S2A_MSIL2A_20230611T021541_R003_T50PQT_20230611T092421,100,,0.0,0.0,0.0,0.0,0.0,0.0,0.0,15.9375,0.0,84.0625,0.0,1600,0,0.0,4000.0000000009313,4000.0,0.3619387149810791,100.0,,0.0,0.0,0.0,0.0,0.0,0.0,0.0,-1.1750000000000007,-0.0075,1.1825000000000045,0.0,0.0,0.0,4000.0
6851,palawan_outer_east_small_4000_2,S2A_MSIL2A_20230611T021541_R003_T50PQT_20230611T092421,200,,0.0,0.0,0.0,0.0,0.0,0.0,0.0,14.25,0.0,85.75,0.0,400,0,0.0,4000.0000000009313,4000.0,0.40018510818481445,100.0,,0.0,0.0,0.0,0.0,0.0,0.0,0.0,-2.8625000000000007,-0.0075,2.8700000000000045,0.0,0.0,0.0,4000.0
6858,palawan_outer_east_small_4000_2,S2A_MSIL2A_20230611T021541_R003_T50PQT_20230611T092421,500,,0.0,0.0,0.0,0.0,0.0,0.0,0.0,10.9375,0.0,89.0625,0.0,64,0,0.0,4000.0000000009313,4000.0,0.4680473804473877,100.0,,0.0,0.0,0.0,0.0,0.0,0.0,0.0,-6.175000000000001,-0.0075,6.1825000000000045,0.0,0.0,0.0,4000.0
6865,palawan_outer_east_small_4000_2,S2A_MSIL2A_20230611T021541_R003_T50PQT_20230611T092421,1000,,0.0,0.0,0.0,0.0,0.0,0.0,0.0,6.25,0.0,93.75,0.0,16,0,0.0,4000.0000000009313,4000.0,0.3647897243499756,100.0,,0.0,0.0,0.0,0.0,0.0,0.0,0.0,-10.8625,-0.0075,10.870000000000005,0.0,0.0,0.0,4000.0
6832,palawan_outer_east_small_4000_2,S2A_MSIL2A_20230621T021541_R003_T50PQT_20230621T085836,20,,0.0,0.0,0.4025,0.0075,0.0025,68.4425,0.0,21.575,6.1525,3.4175,0.0,40000,0,0.0,4000.0000000009313,4000.0,0.3817014694213867,31.145,,0.0,0.0,0.0,0.0,0.0,0.0,0.0,0.0,0.0,0.0,0.0,0.0,0.0,4000.0
6839,palawan_outer_east_small_4000_2,S2A_MSIL2A_20230621T021541_R003_T50PQT_20230621T085836,50,,0.0,0.0,0.3125,0.015625,0.0,68.3125,0.0,21.796875,6.203125,3.359375,0.0,6400,0,0.0,4000.0000000009313,4000.0,0.41089653968811035,31.359375,,0.0,0.0,-0.09000000000000002,0.008125,-0.0025,-0.12999999999999545,0.0,0.2218750000000007,0.05062500000000014,-0.05812499999999998,0.0,0.21437500000000043,0.21437500000000043,4000.0
6846,palawan_outer_east_small_4000_2,S2A_MSIL2A_20230621T021541_R003_T50PQT_20230621T085836,100,,0.0,0.0,0.375,0.0,0.0,67.4375,0.0,22.25,6.8125,3.125,0.0,1600,0,0.0,4000.0000000009313,4000.0,0.3619387149810791,32.1875,,0.0,0.0,-0.027500000000000024,-0.0075,-0.0025,-1.0049999999999955,0.0,0.6750000000000007,0.6600000000000001,-0.2925,0.0,1.0425000000000004,1.0425000000000004,4000.0
6853,palawan_outer_east_small_4000_2,S2A_MSIL2A_20230621T021541_R003_T50PQT_20230621T085836,200,,0.0,0.0,0.0,0.0,0.0,66.5,0.0,22.0,8.0,3.5,0.0,400,0,0.0,4000.0000000009313,4000.0,0.40018510818481445,33.5,,0.0,0.0,-0.4025,-0.0075,-0.0025,-1.9424999999999955,0.0,0.4250000000000007,1.8475000000000001,0.08250000000000002,0.0,2.3550000000000004,2.3550000000000004,4000.0
6860,palawan_outer_east_small_4000_2,S2A_MSIL2A_20230621T021541_R003_T50PQT_20230621T085836,500,,0.0,0.0,0.0,0.0,0.0,70.3125,0.0,21.875,6.25,1.5625,0.0,64,0,0.0,4000.0000000009313,4000.0,0.4680473804473877,29.6875,,0.0,0.0,-0.4025,-0.0075,-0.0025,1.8700000000000045,0.0,0.3000000000000007,0.09750000000000014,-1.855,0.0,-1.4574999999999996,1.8700000000000045,4000.0
6867,palawan_outer_east_small_4000_2,S2A_MSIL2A_20230621T021541_R003_T50PQT_20230621T085836,1000,,0.0,0.0,0.0,0.0,0.0,68.75,0.0,12.5,12.5,6.25,0.0,16,0,0.0,4000.0000000009313,4000.0,0.3647897243499756,31.25,,0.0,0.0,-0.4025,-0.0075,-0.0025,0.30750000000000455,0.0,-9.075,6.3475,2.8325,0.0,0.10500000000000043,0.4025,4000.0
6834,palawan_outer_east_small_4000_2,S2A_MSIL2A_20230701T021541_R003_T50PQT_20230701T082624,20,,0.0,0.0,0.005,0.17,0.0,4.7475,0.035,3.01,4.51,87.5225,0.0,40000,0,0.0,4000.0000000009313,4000.0,0.3817014694213867,95.04249999999999,,0.0,0.0,0.0,0.0,0.0,0.0,0.0,0.0,0.0,0.0,0.0,0.0,0.0,4000.0
6841,palawan_outer_east_small_4000_2,S2A_MSIL2A_20230701T021541_R003_T50PQT_20230701T082624,50,,0.0,0.0,0.0,0.125,0.0,4.65625,0.03125,2.921875,4.515625,87.75,0.0,6400,0,0.0,4000.0000000009313,4000.0,0.41089653968811035,95.1875,,0.0,0.0,-0.005,-0.04500000000000001,0.0,-0.09124999999999961,-0.0037500000000000033,-0.08812499999999979,0.005625000000000213,0.22750000000000625,0.0,0.14500000000001023,0.14500000000001023,4000.0
6848,palawan_outer_east_small_4000_2,S2A_MSIL2A_20230701T021541_R003_T50PQT_20230701T082624,100,,0.0,0.0,0.0625,0.125,0.0,4.5625,0.0625,3.0,4.4375,87.75,0.0,1600,0,0.0,4000.0000000009313,4000.0,0.3619387149810791,95.1875,,0.0,0.0,0.0575,-0.04500000000000001,0.0,-0.1849999999999996,0.027499999999999997,-0.009999999999999787,-0.07249999999999979,0.22750000000000625,0.0,0.14500000000001023,0.1849999999999996,4000.0
6855,palawan_outer_east_small_4000_2,S2A_MSIL2A_20230701T021541_R003_T50PQT_20230701T082624,200,,0.0,0.0,0.0,0.0,0.0,3.5,0.0,2.75,4.25,89.5,0.0,400,0,0.0,4000.0000000009313,4000.0,0.40018510818481445,96.5,,0.0,0.0,-0.005,-0.17,0.0,-1.2474999999999996,-0.035,-0.2599999999999998,-0.2599999999999998,1.9775000000000063,0.0,1.4575000000000102,1.4575000000000102,4000.0
6862,palawan_outer_east_small_4000_2,S2A_MSIL2A_20230701T021541_R003_T50PQT_20230701T082624,500,,0.0,0.0,0.0,0.0,0.0,3.125,0.0,4.6875,3.125,89.0625,0.0,64,0,0.0,4000.0000000009313,4000.0,0.4680473804473877,96.875,,0.0,0.0,-0.005,-0.17,0.0,-1.6224999999999996,-0.035,1.6775000000000002,-1.3849999999999998,1.5400000000000063,0.0,1.8325000000000102,1.8325000000000102,4000.0
6869,palawan_outer_east_small_4000_2,S2A_MSIL2A_20230701T021541_R003_T50PQT_20230701T082624,1000,,0.0,0.0,0.0,0.0,0.0,0.0,0.0,0.0,6.25,93.75,0.0,16,0,0.0,4000.0000000009313,4000.0,0.3647897243499756,100.0,,0.0,0.0,-0.005,-0.17,0.0,-4.7475,-0.035,-3.01,1.7400000000000002,6.227500000000006,0.0,4.95750000000001,4.95750000000001,4000.0
6829,palawan_outer_east_small_4000_2,S2B_MSIL2A_20230606T021539_R003_T50PQT_20230606T073506,20,,0.0,0.0025,0.0,2.42,0.3425,97.0375,0.1975,0.0,0.0,0.0,0.0,40000,0,0.0,4000.0000000009313,4000.0,0.3817014694213867,0.0,,0.0,0.0,0.0,0.0,0.0,0.0,0.0,0.0,0.0,0.0,0.0,0.0,0.0,4000.0
6836,palawan_outer_east_small_4000_2,S2B_MSIL2A_20230606T021539_R003_T50PQT_20230606T073506,50,,0.0,0.0,0.0,2.546875,0.265625,97.109375,0.078125,0.0,0.0,0.0,0.0,6400,0,0.0,4000.0000000009313,4000.0,0.41089653968811035,0.0,,0.0,-0.0025,0.0,0.12687500000000007,-0.07687500000000003,0.07187500000000568,-0.11937500000000001,0.0,0.0,0.0,0.0,0.0,0.12687500000000007,4000.0
6843,palawan_outer_east_small_4000_2,S2B_MSIL2A_20230606T021539_R003_T50PQT_20230606T073506,100,,0.0,0.0,0.0,2.9375,0.25,96.6875,0.125,0.0,0.0,0.0,0.0,1600,0,0.0,4000.0000000009313,4000.0,0.3619387149810791,0.0,,0.0,-0.0025,0.0,0.5175000000000001,-0.09250000000000003,-0.3499999999999943,-0.07250000000000001,0.0,0.0,0.0,0.0,0.0,0.5175000000000001,4000.0
6850,palawan_outer_east_small_4000_2,S2B_MSIL2A_20230606T021539_R003_T50PQT_20230606T073506,200,,0.0,0.0,0.0,2.5,0.5,96.5,0.5,0.0,0.0,0.0,0.0,400,0,0.0,4000.0000000009313,4000.0,0.40018510818481445,0.0,,0.0,-0.0025,0.0,0.08000000000000007,0.15749999999999997,-0.5374999999999943,0.3025,0.0,0.0,0.0,0.0,0.0,0.5374999999999943,4000.0
6857,palawan_outer_east_small_4000_2,S2B_MSIL2A_20230606T021539_R003_T50PQT_20230606T073506,500,,0.0,0.0,0.0,1.5625,0.0,98.4375,0.0,0.0,0.0,0.0,0.0,64,0,0.0,4000.0000000009313,4000.0,0.4680473804473877,0.0,,0.0,-0.0025,0.0,-0.8574999999999999,-0.3425,1.4000000000000057,-0.1975,0.0,0.0,0.0,0.0,0.0,1.4000000000000057,4000.0
6864,palawan_outer_east_small_4000_2,S2B_MSIL2A_20230606T021539_R003_T50PQT_20230606T073506,1000,,0.0,0.0,0.0,0.0,0.0,93.75,6.25,0.0,0.0,0.0,0.0,16,0,0.0,4000.0000000009313,4000.0,0.3647897243499756,0.0,,0.0,-0.0025,0.0,-2.42,-0.3425,-3.2874999999999943,6.0525,0.0,0.0,0.0,0.0,0.0,6.0525,4000.0
6831,palawan_outer_east_small_4000_2,S2B_MSIL2A_20230616T021539_R003_T50PQT_20230616T083239,20,,0.0,0.0,0.0,0.0,0.0,0.0,0.0,3.275,1.765,94.96,0.0,40000,0,0.0,4000.0000000009313,4000.0,0.3817014694213867,100.0,,0.0,0.0,0.0,0.0,0.0,0.0,0.0,0.0,0.0,0.0,0.0,0.0,0.0,4000.0
6838,palawan_outer_east_small_4000_2,S2B_MSIL2A_20230616T021539_R003_T50PQT_20230616T083239,50,,0.0,0.0,0.0,0.0,0.0,0.0,0.0,3.25,1.78125,94.96875,0.0,6400,0,0.0,4000.0000000009313,4000.0,0.41089653968811035,100.0,,0.0,0.0,0.0,0.0,0.0,0.0,0.0,-0.02499999999999991,0.016250000000000098,0.008750000000006253,0.0,0.0,0.0,4000.0
6845,palawan_outer_east_small_4000_2,S2B_MSIL2A_20230616T021539_R003_T50PQT_20230616T083239,100,,0.0,0.0,0.0,0.0,0.0,0.0,0.0,3.625,2.0625,94.3125,0.0,1600,0,0.0,4000.0000000009313,4000.0,0.3619387149810791,100.0,,0.0,0.0,0.0,0.0,0.0,0.0,0.0,0.3500000000000001,0.2975000000000001,-0.6474999999999937,0.0,0.0,0.0,4000.0
6852,palawan_outer_east_small_4000_2,S2B_MSIL2A_20230616T021539_R003_T50PQT_20230616T083239,200,,0.0,0.0,0.0,0.0,0.0,0.0,0.0,3.25,2.0,94.75,0.0,400,0,0.0,4000.0000000009313,4000.0,0.40018510818481445,100.0,,0.0,0.0,0.0,0.0,0.0,0.0,0.0,-0.02499999999999991,0.2350000000000001,-0.20999999999999375,0.0,0.0,0.0,4000.0
6859,palawan_outer_east_small_4000_2,S2B_MSIL2A_20230616T021539_R003_T50PQT_20230616T083239,500,,0.0,0.0,0.0,0.0,0.0,0.0,0.0,4.6875,1.5625,93.75,0.0,64,0,0.0,4000.0000000009313,4000.0,0.4680473804473877,100.0,,0.0,0.0,0.0,0.0,0.0,0.0,0.0,1.4125,-0.2024999999999999,-1.2099999999999937,0.0,0.0,0.0,4000.0
6866,palawan_outer_east_small_4000_2,S2B_MSIL2A_20230616T021539_R003_T50PQT_20230616T083239,1000,,0.0,0.0,0.0,0.0,0.0,0.0,0.0,0.0,6.25,93.75,0.0,16,0,0.0,4000.0000000009313,4000.0,0.3647897243499756,100.0,,0.0,0.0,0.0,0.0,0.0,0.0,0.0,-3.275,4.485,-1.2099999999999937,0.0,0.0,0.0,4000.0
6833,palawan_outer_east_small_4000_2,S2B_MSIL2A_20230626T021539_R003_T50PQT_20230626T074054,20,,0.0,0.0,0.0,0.0,0.0,0.0675,0.0,72.6425,0.72,26.57,0.0,40000,0,0.0,4000.0000000009313,4000.0,0.3817014694213867,99.9325,,0.0,0.0,0.0,0.0,0.0,0.0,0.0,0.0,0.0,0.0,0.0,0.0,0.0,4000.0
6840,palawan_outer_east_small_4000_2,S2B_MSIL2A_20230626T021539_R003_T50PQT_20230626T074054,50,,0.0,0.0,0.0,0.0,0.0,0.046875,0.0,72.96875,0.75,26.234375,0.0,6400,0,0.0,4000.0000000009313,4000.0,0.41089653968811035,99.953125,,0.0,0.0,0.0,0.0,0.0,-0.020625000000000004,0.0,0.3262500000000017,0.030000000000000027,-0.3356250000000003,0.0,0.020624999999995453,0.020625000000000004,4000.0
6847,palawan_outer_east_small_4000_2,S2B_MSIL2A_20230626T021539_R003_T50PQT_20230626T074054,100,,0.0,0.0,0.0,0.0,0.0,0.0625,0.0,73.4375,1.0,25.5,0.0,1600,0,0.0,4000.0000000009313,4000.0,0.3619387149810791,99.9375,,0.0,0.0,0.0,0.0,0.0,-0.0050000000000000044,0.0,0.7950000000000017,0.28,-1.0700000000000003,0.0,0.0049999999999954525,0.0050000000000000044,4000.0
6854,palawan_outer_east_small_4000_2,S2B_MSIL2A_20230626T021539_R003_T50PQT_20230626T074054,200,,0.0,0.0,0.0,0.0,0.0,0.0,0.0,73.5,1.25,25.25,0.0,400,0,0.0,4000.0000000009313,4000.0,0.40018510818481445,100.0,,0.0,0.0,0.0,0.0,0.0,-0.0675,0.0,0.8575000000000017,0.53,-1.3200000000000003,0.0,0.06749999999999545,0.0675,4000.0
6861,palawan_outer_east_small_4000_2,S2B_MSIL2A_20230626T021539_R003_T50PQT_20230626T074054,500,,0.0,0.0,0.0,0.0,0.0,0.0,0.0,75.0,1.5625,23.4375,0.0,64,0,0.0,4000.0000000009313,4000.0,0.4680473804473877,100.0,,0.0,0.0,0.0,0.0,0.0,-0.0675,0.0,2.3575000000000017,0.8425,-3.1325000000000003,0.0,0.06749999999999545,0.0675,4000.0
6868,palawan_outer_east_small_4000_2,S2B_MSIL2A_20230626T021539_R003_T50PQT_20230626T074054,1000,,0.0,0.0,0.0,0.0,0.0,0.0,0.0,81.25,0.0,18.75,0.0,16,0,0.0,4000.0000000009313,4000.0,0.3647897243499756,100.0,,0.0,0.0,0.0,0.0,0.0,-0.0675,0.0,8.607500000000002,-0.72,-7.82,0.0,0.06749999999999545,0.0675,4000.0
6870,palawan_outer_east_small_4000_3,S2A_MSIL2A_20230601T021611_R003_T50PQT_20230601T103139,20,,0.0,0.0,0.0,0.0,0.0,0.0,0.0,100.0,0.0,0.0,0.0,40000,0,0.0,4000.0,4000.000000000233,0.38930773735046387,100.0,,0.0,0.0,0.0,0.0,0.0,0.0,0.0,0.0,0.0,0.0,0.0,0.0,0.0,4000.0
6877,palawan_outer_east_small_4000_3,S2A_MSIL2A_20230601T021611_R003_T50PQT_20230601T103139,50,,0.0,0.0,0.0,0.0,0.0,0.0,0.0,100.0,0.0,0.0,0.0,6400,0,0.0,4000.0,4000.000000000233,0.37519168853759766,100.0,,0.0,0.0,0.0,0.0,0.0,0.0,0.0,0.0,0.0,0.0,0.0,0.0,0.0,4000.0
6884,palawan_outer_east_small_4000_3,S2A_MSIL2A_20230601T021611_R003_T50PQT_20230601T103139,100,,0.0,0.0,0.0,0.0,0.0,0.0,0.0,100.0,0.0,0.0,0.0,1600,0,0.0,4000.0,4000.000000000233,0.3967461585998535,100.0,,0.0,0.0,0.0,0.0,0.0,0.0,0.0,0.0,0.0,0.0,0.0,0.0,0.0,4000.0
6891,palawan_outer_east_small_4000_3,S2A_MSIL2A_20230601T021611_R003_T50PQT_20230601T103139,200,,0.0,0.0,0.0,0.0,0.0,0.0,0.0,100.0,0.0,0.0,0.0,400,0,0.0,4000.0,4000.000000000233,0.40638113021850586,100.0,,0.0,0.0,0.0,0.0,0.0,0.0,0.0,0.0,0.0,0.0,0.0,0.0,0.0,4000.0
6898,palawan_outer_east_small_4000_3,S2A_MSIL2A_20230601T021611_R003_T50PQT_20230601T103139,500,,0.0,0.0,0.0,0.0,0.0,0.0,0.0,100.0,0.0,0.0,0.0,64,0,0.0,4000.0,4000.000000000233,0.5383689403533936,100.0,,0.0,0.0,0.0,0.0,0.0,0.0,0.0,0.0,0.0,0.0,0.0,0.0,0.0,4000.0
6905,palawan_outer_east_small_4000_3,S2A_MSIL2A_20230601T021611_R003_T50PQT_20230601T103139,1000,,0.0,0.0,0.0,0.0,0.0,0.0,0.0,100.0,0.0,0.0,0.0,16,0,0.0,4000.0,4000.000000000233,0.5357868671417236,100.0,,0.0,0.0,0.0,0.0,0.0,0.0,0.0,0.0,0.0,0.0,0.0,0.0,0.0,4000.0
6872,palawan_outer_east_small_4000_3,S2A_MSIL2A_20230611T021541_R003_T50PQT_20230611T092421,20,,0.0,0.0,0.0,0.0,0.0,0.0,0.0,26.3275,0.0025,73.67,0.0,40000,0,0.0,4000.0,4000.000000000233,0.38930773735046387,100.0,,0.0,0.0,0.0,0.0,0.0,0.0,0.0,0.0,0.0,0.0,0.0,0.0,0.0,4000.0
6879,palawan_outer_east_small_4000_3,S2A_MSIL2A_20230611T021541_R003_T50PQT_20230611T092421,50,,0.0,0.0,0.0,0.0,0.0,0.0,0.0,26.21875,0.015625,73.765625,0.0,6400,0,0.0,4000.0,4000.000000000233,0.37519168853759766,100.0,,0.0,0.0,0.0,0.0,0.0,0.0,0.0,-0.10875000000000057,0.013125,0.0956249999999983,0.0,0.0,0.0,4000.0
6886,palawan_outer_east_small_4000_3,S2A_MSIL2A_20230611T021541_R003_T50PQT_20230611T092421,100,,0.0,0.0,0.0,0.0,0.0,0.0,0.0,27.4375,0.0,72.5625,0.0,1600,0,0.0,4000.0,4000.000000000233,0.3967461585998535,100.0,,0.0,0.0,0.0,0.0,0.0,0.0,0.0,1.1099999999999994,-0.0025,-1.1075000000000017,0.0,0.0,0.0,4000.0
6893,palawan_outer_east_small_4000_3,S2A_MSIL2A_20230611T021541_R003_T50PQT_20230611T092421,200,,0.0,0.0,0.0,0.0,0.0,0.0,0.0,25.75,0.0,74.25,0.0,400,0,0.0,4000.0,4000.000000000233,0.40638113021850586,100.0,,0.0,0.0,0.0,0.0,0.0,0.0,0.0,-0.5775000000000006,-0.0025,0.5799999999999983,0.0,0.0,0.0,4000.0
6900,palawan_outer_east_small_4000_3,S2A_MSIL2A_20230611T021541_R003_T50PQT_20230611T092421,500,,0.0,0.0,0.0,0.0,0.0,0.0,0.0,28.125,0.0,71.875,0.0,64,0,0.0,4000.0,4000.000000000233,0.5383689403533936,100.0,,0.0,0.0,0.0,0.0,0.0,0.0,0.0,1.7974999999999994,-0.0025,-1.7950000000000017,0.0,0.0,0.0,4000.0
6907,palawan_outer_east_small_4000_3,S2A_MSIL2A_20230611T021541_R003_T50PQT_20230611T092421,1000,,0.0,0.0,0.0,0.0,0.0,0.0,0.0,18.75,0.0,81.25,0.0,16,0,0.0,4000.0,4000.000000000233,0.5357868671417236,100.0,,0.0,0.0,0.0,0.0,0.0,0.0,0.0,-7.577500000000001,-0.0025,7.579999999999998,0.0,0.0,0.0,4000.0
6874,palawan_outer_east_small_4000_3,S2A_MSIL2A_20230621T021541_R003_T50PQT_20230621T085836,20,,0.0,0.0225,7.635,0.36,0.025,78.4775,0.14,10.6775,2.6625,0.0,0.0,40000,0,0.0,4000.0,4000.000000000233,0.38930773735046387,13.34,,0.0,0.0,0.0,0.0,0.0,0.0,0.0,0.0,0.0,0.0,0.0,0.0,0.0,4000.0
6881,palawan_outer_east_small_4000_3,S2A_MSIL2A_20230621T021541_R003_T50PQT_20230621T085836,50,,0.0,0.015625,7.578125,0.40625,0.015625,78.515625,0.09375,10.65625,2.71875,0.0,0.0,6400,0,0.0,4000.0,4000.000000000233,0.37519168853759766,13.375,,0.0,-0.006874999999999999,-0.05687499999999979,0.04625000000000001,-0.009375000000000001,0.03812499999999375,-0.04625000000000001,-0.021250000000000213,0.05624999999999991,0.0,0.0,0.03500000000000014,0.05687499999999979,4000.0
6888,palawan_outer_east_small_4000_3,S2A_MSIL2A_20230621T021541_R003_T50PQT_20230621T085836,100,,0.0,0.0,7.75,0.375,0.0625,78.1875,0.125,10.75,2.75,0.0,0.0,1600,0,0.0,4000.0,4000.000000000233,0.3967461585998535,13.5,,0.0,-0.0225,0.11500000000000021,0.015000000000000013,0.0375,-0.29000000000000625,-0.015000000000000013,0.07249999999999979,0.08749999999999991,0.0,0.0,0.16000000000000014,0.29000000000000625,4000.0
6895,palawan_outer_east_small_4000_3,S2A_MSIL2A_20230621T021541_R003_T50PQT_20230621T085836,200,,0.0,0.0,7.5,0.25,0.0,78.25,0.0,10.75,3.25,0.0,0.0,400,0,0.0,4000.0,4000.000000000233,0.40638113021850586,14.0,,0.0,-0.0225,-0.1349999999999998,-0.10999999999999999,-0.025,-0.22750000000000625,-0.14,0.07249999999999979,0.5874999999999999,0.0,0.0,0.6600000000000001,0.6600000000000001,4000.0
6902,palawan_outer_east_small_4000_3,S2A_MSIL2A_20230621T021541_R003_T50PQT_20230621T085836,500,,0.0,0.0,7.8125,1.5625,0.0,71.875,0.0,15.625,3.125,0.0,0.0,64,0,0.0,4000.0,4000.000000000233,0.5383689403533936,18.75,,0.0,-0.0225,0.1775000000000002,1.2025000000000001,-0.025,-6.602500000000006,-0.14,4.9475,0.4624999999999999,0.0,0.0,5.41,6.602500000000006,4000.0
6909,palawan_outer_east_small_4000_3,S2A_MSIL2A_20230621T021541_R003_T50PQT_20230621T085836,1000,,0.0,0.0,6.25,0.0,0.0,75.0,0.0,18.75,0.0,0.0,0.0,16,0,0.0,4000.0,4000.000000000233,0.5357868671417236,18.75,,0.0,-0.0225,-1.3849999999999998,-0.36,-0.025,-3.4775000000000063,-0.14,8.0725,-2.6625,0.0,0.0,5.41,5.41,4000.0
6876,palawan_outer_east_small_4000_3,S2A_MSIL2A_20230701T021541_R003_T50PQT_20230701T082624,20,,0.0,0.0,0.0,0.0,0.0,4.76,0.0,1.385,0.175,93.68,0.0,40000,0,0.0,4000.0,4000.000000000233,0.38930773735046387,95.24000000000001,,0.0,0.0,0.0,0.0,0.0,0.0,0.0,0.0,0.0,0.0,0.0,0.0,0.0,4000.0
6883,palawan_outer_east_small_4000_3,S2A_MSIL2A_20230701T021541_R003_T50PQT_20230701T082624,50,,0.0,0.0,0.0,0.0,0.0,4.375,0.0,1.453125,0.171875,94.0,0.0,6400,0,0.0,4000.0,4000.000000000233,0.37519168853759766,95.625,,0.0,0.0,0.0,0.0,0.0,-0.3849999999999998,0.0,0.06812499999999999,-0.003124999999999989,0.3199999999999932,0.0,0.3849999999999909,0.3849999999999998,4000.0
6890,palawan_outer_east_small_4000_3,S2A_MSIL2A_20230701T021541_R003_T50PQT_20230701T082624,100,,0.0,0.0,0.0,0.0,0.0,4.25,0.0,1.5625,0.1875,94.0,0.0,1600,0,0.0,4000.0,4000.000000000233,0.3967461585998535,95.75,,0.0,0.0,0.0,0.0,0.0,-0.5099999999999998,0.0,0.1775,0.012500000000000011,0.3199999999999932,0.0,0.5099999999999909,0.5099999999999998,4000.0
6897,palawan_outer_east_small_4000_3,S2A_MSIL2A_20230701T021541_R003_T50PQT_20230701T082624,200,,0.0,0.0,0.0,0.0,0.0,3.0,0.0,1.75,0.0,95.25,0.0,400,0,0.0,4000.0,4000.000000000233,0.40638113021850586,97.0,,0.0,0.0,0.0,0.0,0.0,-1.7599999999999998,0.0,0.365,-0.175,1.5699999999999932,0.0,1.759999999999991,1.7599999999999998,4000.0
6904,palawan_outer_east_small_4000_3,S2A_MSIL2A_20230701T021541_R003_T50PQT_20230701T082624,500,,0.0,0.0,0.0,0.0,0.0,0.0,0.0,3.125,0.0,96.875,0.0,64,0,0.0,4000.0,4000.000000000233,0.5383689403533936,100.0,,0.0,0.0,0.0,0.0,0.0,-4.76,0.0,1.74,-0.175,3.194999999999993,0.0,4.759999999999991,4.76,4000.0
6911,palawan_outer_east_small_4000_3,S2A_MSIL2A_20230701T021541_R003_T50PQT_20230701T082624,1000,,0.0,0.0,0.0,0.0,0.0,0.0,0.0,0.0,0.0,100.0,0.0,16,0,0.0,4000.0,4000.000000000233,0.5357868671417236,100.0,,0.0,0.0,0.0,0.0,0.0,-4.76,0.0,-1.385,-0.175,6.319999999999993,0.0,4.759999999999991,4.76,4000.0
6871,palawan_outer_east_small_4000_3,S2B_MSIL2A_20230606T021539_R003_T50PQT_20230606T073506,20,,0.0,0.315,0.0,6.31,0.3775,92.7975,0.2,0.0,0.0,0.0,0.0,40000,0,0.0,4000.0,4000.000000000233,0.38930773735046387,0.0,,0.0,0.0,0.0,0.0,0.0,0.0,0.0,0.0,0.0,0.0,0.0,0.0,0.0,4000.0
6878,palawan_outer_east_small_4000_3,S2B_MSIL2A_20230606T021539_R003_T50PQT_20230606T073506,50,,0.0,0.296875,0.0,6.359375,0.25,92.859375,0.234375,0.0,0.0,0.0,0.0,6400,0,0.0,4000.0,4000.000000000233,0.37519168853759766,0.0,,0.0,-0.018125000000000002,0.0,0.04937500000000039,-0.1275,0.06187500000000057,0.03437499999999999,0.0,0.0,0.0,0.0,0.0,0.1275,4000.0
6885,palawan_outer_east_small_4000_3,S2B_MSIL2A_20230606T021539_R003_T50PQT_20230606T073506,100,,0.0,0.125,0.0,6.5,0.125,93.0,0.25,0.0,0.0,0.0,0.0,1600,0,0.0,4000.0,4000.000000000233,0.3967461585998535,0.0,,0.0,-0.19,0.0,0.1900000000000004,-0.2525,0.20250000000000057,0.04999999999999999,0.0,0.0,0.0,0.0,0.0,0.2525,4000.0
6892,palawan_outer_east_small_4000_3,S2B_MSIL2A_20230606T021539_R003_T50PQT_20230606T073506,200,,0.0,0.25,0.0,6.5,1.0,92.25,0.0,0.0,0.0,0.0,0.0,400,0,0.0,4000.0,4000.000000000233,0.40638113021850586,0.0,,0.0,-0.065,0.0,0.1900000000000004,0.6225,-0.5474999999999994,-0.2,0.0,0.0,0.0,0.0,0.0,0.6225,4000.0
6899,palawan_outer_east_small_4000_3,S2B_MSIL2A_20230606T021539_R003_T50PQT_20230606T073506,500,,0.0,0.0,0.0,3.125,1.5625,93.75,1.5625,0.0,0.0,0.0,0.0,64,0,0.0,4000.0,4000.000000000233,0.5383689403533936,0.0,,0.0,-0.315,0.0,-3.1849999999999996,1.185,0.9525000000000006,1.3625,0.0,0.0,0.0,0.0,0.0,3.1849999999999996,4000.0
6906,palawan_outer_east_small_4000_3,S2B_MSIL2A_20230606T021539_R003_T50PQT_20230606T073506,1000,,0.0,0.0,0.0,6.25,0.0,93.75,0.0,0.0,0.0,0.0,0.0,16,0,0.0,4000.0,4000.000000000233,0.5357868671417236,0.0,,0.0,-0.315,0.0,-0.05999999999999961,-0.3775,0.9525000000000006,-0.2,0.0,0.0,0.0,0.0,0.0,0.9525000000000006,4000.0
6873,palawan_outer_east_small_4000_3,S2B_MSIL2A_20230616T021539_R003_T50PQT_20230616T083239,20,,0.0,0.0,0.0,0.0,0.0,0.0,0.0,3.03,2.86,94.11,0.0,40000,0,0.0,4000.0,4000.000000000233,0.38930773735046387,100.0,,0.0,0.0,0.0,0.0,0.0,0.0,0.0,0.0,0.0,0.0,0.0,0.0,0.0,4000.0
6880,palawan_outer_east_small_4000_3,S2B_MSIL2A_20230616T021539_R003_T50PQT_20230616T083239,50,,0.0,0.0,0.0,0.0,0.0,0.0,0.0,2.9375,2.90625,94.15625,0.0,6400,0,0.0,4000.0,4000.000000000233,0.37519168853759766,100.0,,0.0,0.0,0.0,0.0,0.0,0.0,0.0,-0.0924999999999998,0.046250000000000124,0.04625000000000057,0.0,0.0,0.0,4000.0
6887,palawan_outer_east_small_4000_3,S2B_MSIL2A_20230616T021539_R003_T50PQT_20230616T083239,100,,0.0,0.0,0.0,0.0,0.0,0.0,0.0,3.0,2.8125,94.1875,0.0,1600,0,0.0,4000.0,4000.000000000233,0.3967461585998535,100.0,,0.0,0.0,0.0,0.0,0.0,0.0,0.0,-0.029999999999999805,-0.047499999999999876,0.07750000000000057,0.0,0.0,0.0,4000.0
6894,palawan_outer_east_small_4000_3,S2B_MSIL2A_20230616T021539_R003_T50PQT_20230616T083239,200,,0.0,0.0,0.0,0.0,0.0,0.0,0.0,3.25,2.75,94.0,0.0,400,0,0.0,4000.0,4000.000000000233,0.40638113021850586,100.0,,0.0,0.0,0.0,0.0,0.0,0.0,0.0,0.2200000000000002,-0.10999999999999988,-0.10999999999999943,0.0,0.0,0.0,4000.0
6901,palawan_outer_east_small_4000_3,S2B_MSIL2A_20230616T021539_R003_T50PQT_20230616T083239,500,,0.0,0.0,0.0,0.0,0.0,0.0,0.0,3.125,3.125,93.75,0.0,64,0,0.0,4000.0,4000.000000000233,0.5383689403533936,100.0,,0.0,0.0,0.0,0.0,0.0,0.0,0.0,0.0950000000000002,0.2650000000000001,-0.35999999999999943,0.0,0.0,0.0,4000.0
6908,palawan_outer_east_small_4000_3,S2B_MSIL2A_20230616T021539_R003_T50PQT_20230616T083239,1000,,0.0,0.0,0.0,0.0,0.0,0.0,0.0,0.0,6.25,93.75,0.0,16,0,0.0,4000.0,4000.000000000233,0.5357868671417236,100.0,,0.0,0.0,0.0,0.0,0.0,0.0,0.0,-3.03,3.39,-0.35999999999999943,0.0,0.0,0.0,4000.0
6875,palawan_outer_east_small_4000_3,S2B_MSIL2A_20230626T021539_R003_T50PQT_20230626T074054,20,,0.0,0.0,0.0,0.0,0.0,3.2625,0.0,10.07,2.4975,84.17,0.0,40000,0,0.0,4000.0,4000.000000000233,0.38930773735046387,96.7375,,0.0,0.0,0.0,0.0,0.0,0.0,0.0,0.0,0.0,0.0,0.0,0.0,0.0,4000.0
6882,palawan_outer_east_small_4000_3,S2B_MSIL2A_20230626T021539_R003_T50PQT_20230626T074054,50,,0.0,0.0,0.0,0.0,0.0,3.28125,0.0,10.125,2.46875,84.125,0.0,6400,0,0.0,4000.0,4000.000000000233,0.37519168853759766,96.71875,,0.0,0.0,0.0,0.0,0.0,0.018749999999999822,0.0,0.054999999999999716,-0.028750000000000053,-0.045000000000001705,0.0,-0.018749999999997158,0.018749999999999822,4000.0
6889,palawan_outer_east_small_4000_3,S2B_MSIL2A_20230626T021539_R003_T50PQT_20230626T074054,100,,0.0,0.0,0.0,0.0,0.0,3.0625,0.0,10.8125,2.375,83.75,0.0,1600,0,0.0,4000.0,4000.000000000233,0.3967461585998535,96.9375,,0.0,0.0,0.0,0.0,0.0,-0.20000000000000018,0.0,0.7424999999999997,-0.12250000000000005,-0.4200000000000017,0.0,0.20000000000000284,0.20000000000000284,4000.0
6896,palawan_outer_east_small_4000_3,S2B_MSIL2A_20230626T021539_R003_T50PQT_20230626T074054,200,,0.0,0.0,0.0,0.0,0.0,3.75,0.0,10.5,3.25,82.5,0.0,400,0,0.0,4000.0,4000.000000000233,0.40638113021850586,96.25,,0.0,0.0,0.0,0.0,0.0,0.4874999999999998,0.0,0.4299999999999997,0.7525,-1.6700000000000017,0.0,-0.48749999999999716,0.4874999999999998,4000.0
6903,palawan_outer_east_small_4000_3,S2B_MSIL2A_20230626T021539_R003_T50PQT_20230626T074054,500,,0.0,0.0,0.0,0.0,0.0,3.125,0.0,17.1875,0.0,79.6875,0.0,64,0,0.0,4000.0,4000.000000000233,0.5383689403533936,96.875,,0.0,0.0,0.0,0.0,0.0,-0.13750000000000018,0.0,7.1175,-2.4975,-4.482500000000002,0.0,0.13750000000000284,0.13750000000000284,4000.0
6910,palawan_outer_east_small_4000_3,S2B_MSIL2A_20230626T021539_R003_T50PQT_20230626T074054,1000,,0.0,0.0,0.0,0.0,0.0,6.25,0.0,6.25,6.25,81.25,0.0,16,0,0.0,4000.0,4000.000000000233,0.5357868671417236,93.75,,0.0,0.0,0.0,0.0,0.0,2.9875,0.0,-3.8200000000000003,3.7525,-2.9200000000000017,0.0,-2.987499999999997,2.9875,4000.0
