index,aoi,id,resolution,Mask,Sat,Dark,Shadow,Veg,Bare,Water,Unknown,Cl_Med,Cl_High,Cl_Cirrus,Snow,Total_pixels,NoData_pixels,NoData_pc,aoi_width,aoi_height,runtime,Cl_all,Mask_diff,Sat_diff,Dark_diff,Shadow_diff,Veg_diff,Bare_diff,Water_diff,Unknown_diff,Cl_Med_diff,Cl_High_diff,Cl_Cirrus_diff,Snow_diff,Cl_all_diff,diff_max,tile_size
14107,rdd_west_merged_12000_0,S2A_MSIL2A_20230610T110621_R137_T30TUM_20230610T202756,20,,0.0,0.0,0.8358333333333333,0.08083333333333333,0.20583333333333334,0.0,0.5944444444444444,9.388055555555555,88.81333333333333,0.08166666666666667,0.0,360000,0,0.0,12000.0,12000.000000000931,0.43406128883361816,98.28305555555555,,0.0,0.0,0.0,0.0,0.0,0.0,0.0,0.0,0.0,0.0,0.0,0.0,0.0,12000.0
14113,rdd_west_merged_12000_0,S2A_MSIL2A_20230610T110621_R137_T30TUM_20230610T202756,50,,0.0,0.0,0.8315972222222222,0.08506944444444445,0.1909722222222222,0.0,0.578125,9.36111111111111,88.86631944444444,0.08680555555555555,0.0,57600,0,0.0,12000.0,12000.000000000931,0.366579532623291,98.31423611111111,,0.0,0.0,-0.004236111111111107,0.004236111111111121,-0.01486111111111113,0.0,-0.016319444444444442,-0.026944444444444215,0.05298611111111029,0.005138888888888887,0.0,0.031180555555565093,0.031180555555565093,12000.0
14119,rdd_west_merged_12000_0,S2A_MSIL2A_20230610T110621_R137_T30TUM_20230610T202756,100,,0.0,0.0,0.7569444444444444,0.0763888888888889,0.20833333333333334,0.0,0.5486111111111112,9.32638888888889,89.02083333333333,0.0625,0.0,14400,0,0.0,12000.0,12000.000000000931,0.3445436954498291,98.40972222222221,,0.0,0.0,-0.0788888888888889,-0.004444444444444431,0.0025000000000000022,0.0,-0.04583333333333328,-0.06166666666666565,0.20749999999999602,-0.019166666666666665,0.0,0.12666666666666515,0.12666666666666515,12000.0
14125,rdd_west_merged_12000_0,S2A_MSIL2A_20230610T110621_R137_T30TUM_20230610T202756,200,,0.0,0.0,0.6388888888888888,0.027777777777777776,0.19444444444444445,0.0,0.6111111111111112,9.055555555555555,89.38888888888889,0.08333333333333333,0.0,3600,0,0.0,12000.0,12000.000000000931,0.41397833824157715,98.52777777777777,,0.0,0.0,-0.19694444444444448,-0.05305555555555555,-0.011388888888888893,0.0,0.01666666666666672,-0.3324999999999996,0.5755555555555532,0.0016666666666666635,0.0,0.24472222222222229,0.24472222222222229,12000.0
14131,rdd_west_merged_12000_0,S2A_MSIL2A_20230610T110621_R137_T30TUM_20230610T202756,500,,0.0,0.0,0.5208333333333334,0.0,0.1736111111111111,0.0,0.6944444444444444,8.333333333333334,90.27777777777777,0.0,0.0,576,0,0.0,12000.0,12000.000000000931,0.3570423126220703,98.6111111111111,,0.0,0.0,-0.31499999999999995,-0.08083333333333333,-0.032222222222222235,0.0,0.09999999999999998,-1.054722222222221,1.4644444444444389,-0.08166666666666667,0.0,0.3280555555555509,0.3280555555555509,12000.0
14137,rdd_west_merged_12000_0,S2A_MSIL2A_20230610T110621_R137_T30TUM_20230610T202756,1000,,0.0,0.0,0.0,0.0,0.0,0.0,0.6944444444444444,15.277777777777779,84.02777777777777,0.0,0.0,144,0,0.0,12000.0,12000.000000000931,0.34766554832458496,99.30555555555554,,0.0,0.0,-0.8358333333333333,-0.08083333333333333,-0.20583333333333334,0.0,0.09999999999999998,5.889722222222224,-4.785555555555561,-0.08166666666666667,0.0,1.0224999999999937,1.0224999999999937,12000.0
14109,rdd_west_merged_12000_0,S2A_MSIL2A_20230620T110621_R137_T30TUM_20230620T202552,20,,0.0,0.0,0.0,0.006111111111111111,0.3672222222222222,0.0,0.0,15.006388888888889,80.62,4.000277777777778,0.0,360000,0,0.0,12000.0,12000.000000000931,0.43406128883361816,99.62666666666668,,0.0,0.0,0.0,0.0,0.0,0.0,0.0,0.0,0.0,0.0,0.0,0.0,0.0,12000.0
14115,rdd_west_merged_12000_0,S2A_MSIL2A_20230620T110621_R137_T30TUM_20230620T202552,50,,0.0,0.0,0.0,0.006944444444444444,0.3611111111111111,0.0,0.0,14.972222222222221,80.69270833333333,3.967013888888889,0.0,57600,0,0.0,12000.0,12000.000000000931,0.366579532623291,99.63194444444443,,0.0,0.0,0.0,0.0008333333333333326,-0.006111111111111123,0.0,0.0,-0.03416666666666757,0.07270833333332405,-0.03326388888888898,0.0,0.005277777777749293,0.006111111111111123,12000.0
14121,rdd_west_merged_12000_0,S2A_MSIL2A_20230620T110621_R137_T30TUM_20230620T202552,100,,0.0,0.0,0.0,0.006944444444444444,0.3402777777777778,0.0,0.0,14.756944444444445,81.02777777777777,3.8680555555555554,0.0,14400,0,0.0,12000.0,12000.000000000931,0.3445436954498291,99.65277777777777,,0.0,0.0,0.0,0.0008333333333333326,-0.026944444444444438,0.0,0.0,-0.24944444444444436,0.4077777777777669,-0.13222222222222246,0.0,0.0261111111110921,0.026944444444444438,12000.0
14127,rdd_west_merged_12000_0,S2A_MSIL2A_20230620T110621_R137_T30TUM_20230620T202552,200,,0.0,0.0,0.0,0.0,0.25,0.0,0.0,15.027777777777779,81.13888888888889,3.5833333333333335,0.0,3600,0,0.0,12000.0,12000.000000000931,0.41397833824157715,99.74999999999999,,0.0,0.0,0.0,-0.006111111111111111,-0.11722222222222223,0.0,0.0,0.021388888888889568,0.5188888888888812,-0.41694444444444434,0.0,0.12333333333330643,0.12333333333330643,12000.0
14133,rdd_west_merged_12000_0,S2A_MSIL2A_20230620T110621_R137_T30TUM_20230620T202552,500,,0.0,0.0,0.0,0.0,0.1736111111111111,0.0,0.0,14.583333333333334,81.77083333333333,3.4722222222222223,0.0,576,0,0.0,12000.0,12000.000000000931,0.3570423126220703,99.82638888888889,,0.0,0.0,0.0,-0.006111111111111111,-0.19361111111111112,0.0,0.0,-0.4230555555555551,1.150833333333324,-0.5280555555555555,0.0,0.19972222222220637,0.19972222222220637,12000.0
14139,rdd_west_merged_12000_0,S2A_MSIL2A_20230620T110621_R137_T30TUM_20230620T202552,1000,,0.0,0.0,0.0,0.0,0.0,0.0,0.0,15.972222222222221,80.55555555555556,3.4722222222222223,0.0,144,0,0.0,12000.0,12000.000000000931,0.34766554832458496,100.0,,0.0,0.0,0.0,-0.006111111111111111,-0.3672222222222222,0.0,0.0,0.9658333333333324,-0.06444444444444741,-0.5280555555555555,0.0,0.37333333333332064,0.37333333333332064,12000.0
14111,rdd_west_merged_12000_0,S2A_MSIL2A_20230630T110621_R137_T30TUM_20230630T203024,20,,0.0,0.05444444444444444,0.0,14.890555555555556,84.92555555555556,0.04472222222222222,0.08472222222222223,0.0,0.0,0.0,0.0,360000,0,0.0,12000.0,12000.000000000931,0.43406128883361816,0.0,,0.0,0.0,0.0,0.0,0.0,0.0,0.0,0.0,0.0,0.0,0.0,0.0,0.0,12000.0
14117,rdd_west_merged_12000_0,S2A_MSIL2A_20230630T110621_R137_T30TUM_20230630T203024,50,,0.0,0.05381944444444445,0.0,14.79513888888889,85.02083333333333,0.046875,0.08333333333333333,0.0,0.0,0.0,0.0,57600,0,0.0,12000.0,12000.000000000931,0.366579532623291,0.0,,0.0,-0.0006249999999999936,0.0,-0.09541666666666693,0.09527777777776691,0.0021527777777777812,-0.0013888888888888978,0.0,0.0,0.0,0.0,0.0,0.09541666666666693,12000.0
14123,rdd_west_merged_12000_0,S2A_MSIL2A_20230630T110621_R137_T30TUM_20230630T203024,100,,0.0,0.04861111111111111,0.0,14.472222222222221,85.34027777777777,0.041666666666666664,0.09722222222222222,0.0,0.0,0.0,0.0,14400,0,0.0,12000.0,12000.000000000931,0.3445436954498291,0.0,,0.0,-0.005833333333333329,0.0,-0.4183333333333348,0.4147222222222098,-0.0030555555555555544,0.012499999999999997,0.0,0.0,0.0,0.0,0.0,0.4183333333333348,12000.0
14129,rdd_west_merged_12000_0,S2A_MSIL2A_20230630T110621_R137_T30TUM_20230630T203024,200,,0.0,0.05555555555555555,0.0,14.527777777777779,85.30555555555556,0.05555555555555555,0.05555555555555555,0.0,0.0,0.0,0.0,3600,0,0.0,12000.0,12000.000000000931,0.41397833824157715,0.0,,0.0,0.0011111111111111113,0.0,-0.36277777777777764,0.37999999999999545,0.010833333333333334,-0.029166666666666674,0.0,0.0,0.0,0.0,0.0,0.37999999999999545,12000.0
14135,rdd_west_merged_12000_0,S2A_MSIL2A_20230630T110621_R137_T30TUM_20230630T203024,500,,0.0,0.1736111111111111,0.0,14.0625,85.59027777777777,0.0,0.1736111111111111,0.0,0.0,0.0,0.0,576,0,0.0,12000.0,12000.000000000931,0.3570423126220703,0.0,,0.0,0.11916666666666667,0.0,-0.8280555555555562,0.6647222222222098,-0.04472222222222222,0.08888888888888888,0.0,0.0,0.0,0.0,0.0,0.8280555555555562,12000.0
14141,rdd_west_merged_12000_0,S2A_MSIL2A_20230630T110621_R137_T30TUM_20230630T203024,1000,,0.0,0.0,0.0,12.5,87.5,0.0,0.0,0.0,0.0,0.0,0.0,144,0,0.0,12000.0,12000.000000000931,0.34766554832458496,0.0,,0.0,-0.05444444444444444,0.0,-2.390555555555556,2.5744444444444383,-0.04472222222222222,-0.08472222222222223,0.0,0.0,0.0,0.0,0.0,2.5744444444444383,12000.0
14106,rdd_west_merged_12000_0,S2B_MSIL2A_20230605T110619_R137_T30TUM_20230605T163049,20,,0.0,0.059722222222222225,13.729166666666666,11.116666666666667,42.51222222222222,0.12361111111111112,0.26,10.209444444444445,21.963055555555556,0.026111111111111113,0.0,360000,0,0.0,12000.0,12000.000000000931,0.43406128883361816,32.19861111111111,,0.0,0.0,0.0,0.0,0.0,0.0,0.0,0.0,0.0,0.0,0.0,0.0,0.0,12000.0
14112,rdd_west_merged_12000_0,S2B_MSIL2A_20230605T110619_R137_T30TUM_20230605T163049,50,,0.0,0.057291666666666664,13.668402777777779,11.09548611111111,42.541666666666664,0.125,0.2517361111111111,10.284722222222221,21.95138888888889,0.024305555555555556,0.0,57600,0,0.0,12000.0,12000.000000000931,0.366579532623291,32.26041666666667,,0.0,-0.002430555555555561,-0.06076388888888751,-0.021180555555556424,0.029444444444443718,0.001388888888888884,-0.008263888888888904,0.07527777777777622,-0.011666666666666714,-0.0018055555555555568,0.0,0.061805555555558556,0.061805555555558556,12000.0
14118,rdd_west_merged_12000_0,S2B_MSIL2A_20230605T110619_R137_T30TUM_20230605T163049,100,,0.0,0.06944444444444445,13.604166666666666,11.083333333333334,42.604166666666664,0.1111111111111111,0.2777777777777778,10.159722222222221,22.07638888888889,0.013888888888888888,0.0,14400,0,0.0,12000.0,12000.000000000931,0.3445436954498291,32.25,,0.0,0.009722222222222222,-0.125,-0.033333333333333215,0.09194444444444372,-0.012500000000000011,0.01777777777777778,-0.04972222222222378,0.11333333333333329,-0.012222222222222225,0.0,0.05138888888888715,0.125,12000.0
14124,rdd_west_merged_12000_0,S2B_MSIL2A_20230605T110619_R137_T30TUM_20230605T163049,200,,0.0,0.05555555555555555,13.166666666666666,10.833333333333334,43.27777777777778,0.1388888888888889,0.25,10.333333333333334,21.88888888888889,0.05555555555555555,0.0,3600,0,0.0,12000.0,12000.000000000931,0.41397833824157715,32.27777777777778,,0.0,-0.004166666666666673,-0.5625,-0.2833333333333332,0.765555555555558,0.015277777777777779,-0.010000000000000009,0.12388888888888872,-0.07416666666666671,0.02944444444444444,0.0,0.07916666666666572,0.765555555555558,12000.0
14130,rdd_west_merged_12000_0,S2B_MSIL2A_20230605T110619_R137_T30TUM_20230605T163049,500,,0.0,0.0,12.847222222222221,12.5,41.31944444444444,0.1736111111111111,0.1736111111111111,10.76388888888889,22.22222222222222,0.0,0.0,576,0,0.0,12000.0,12000.000000000931,0.3570423126220703,32.986111111111114,,0.0,-0.059722222222222225,-0.8819444444444446,1.3833333333333329,-1.1927777777777777,0.04999999999999999,-0.0863888888888889,0.5544444444444441,0.25916666666666544,-0.026111111111111113,0.0,0.7875000000000014,1.3833333333333329,12000.0
14136,rdd_west_merged_12000_0,S2B_MSIL2A_20230605T110619_R137_T30TUM_20230605T163049,1000,,0.0,0.0,13.194444444444445,14.583333333333334,38.888888888888886,0.0,0.0,12.5,20.833333333333332,0.0,0.0,144,0,0.0,12000.0,12000.000000000931,0.34766554832458496,33.33333333333333,,0.0,-0.059722222222222225,-0.5347222222222214,3.466666666666667,-3.623333333333335,-0.12361111111111112,-0.26,2.290555555555555,-1.1297222222222238,-0.026111111111111113,0.0,1.1347222222222157,3.623333333333335,12000.0
14108,rdd_west_merged_12000_0,S2B_MSIL2A_20230615T110629_R137_T30TUM_20230615T205813,20,,0.0,0.23916666666666667,4.284166666666667,15.4375,74.74694444444444,0.10305555555555555,0.5655555555555556,2.9391666666666665,1.6716666666666666,0.012777777777777779,0.0,360000,0,0.0,12000.0,12000.000000000931,0.43406128883361816,4.623611111111111,,0.0,0.0,0.0,0.0,0.0,0.0,0.0,0.0,0.0,0.0,0.0,0.0,0.0,12000.0
14114,rdd_west_merged_12000_0,S2B_MSIL2A_20230615T110629_R137_T30TUM_20230615T205813,50,,0.0,0.2378472222222222,4.289930555555555,15.43923611111111,74.74479166666667,0.10069444444444445,0.5572916666666666,2.9479166666666665,1.671875,0.010416666666666666,0.0,57600,0,0.0,12000.0,12000.000000000931,0.366579532623291,4.630208333333333,,0.0,-0.0013194444444444564,0.00576388888888868,0.0017361111111107164,-0.002152777777766346,-0.0023611111111111055,-0.00826388888888896,0.008750000000000036,0.0002083333333333659,-0.0023611111111111124,0.0,0.006597222222222143,0.00826388888888896,12000.0
14120,rdd_west_merged_12000_0,S2B_MSIL2A_20230615T110629_R137_T30TUM_20230615T205813,100,,0.0,0.2569444444444444,4.201388888888889,15.145833333333334,75.19444444444444,0.09722222222222222,0.5833333333333334,2.8194444444444446,1.6736111111111112,0.027777777777777776,0.0,14400,0,0.0,12000.0,12000.000000000931,0.3445436954498291,4.520833333333333,,0.0,0.017777777777777753,-0.0827777777777774,-0.2916666666666661,0.4475000000000051,-0.005833333333333329,0.01777777777777778,-0.11972222222222184,0.0019444444444445264,0.014999999999999998,0.0,-0.10277777777777786,0.4475000000000051,12000.0
14126,rdd_west_merged_12000_0,S2B_MSIL2A_20230615T110629_R137_T30TUM_20230615T205813,200,,0.0,0.19444444444444445,4.25,15.527777777777779,74.88888888888889,0.1388888888888889,0.6388888888888888,2.7777777777777777,1.5555555555555556,0.027777777777777776,0.0,3600,0,0.0,12000.0,12000.000000000931,0.41397833824157715,4.361111111111111,,0.0,-0.04472222222222222,-0.03416666666666668,0.09027777777777857,0.14194444444444798,0.03583333333333334,0.07333333333333325,-0.1613888888888888,-0.11611111111111105,0.014999999999999998,0.0,-0.2625000000000002,0.2625000000000002,12000.0
14132,rdd_west_merged_12000_0,S2B_MSIL2A_20230615T110629_R137_T30TUM_20230615T205813,500,,0.0,0.1736111111111111,3.8194444444444446,14.756944444444445,76.73611111111111,0.0,0.5208333333333334,2.2569444444444446,1.7361111111111112,0.0,0.0,576,0,0.0,12000.0,12000.000000000931,0.3570423126220703,3.993055555555556,,0.0,-0.06555555555555556,-0.46472222222222204,-0.6805555555555554,1.9891666666666765,-0.10305555555555555,-0.04472222222222222,-0.6822222222222218,0.06444444444444453,-0.012777777777777779,0.0,-0.6305555555555551,1.9891666666666765,12000.0
14138,rdd_west_merged_12000_0,S2B_MSIL2A_20230615T110629_R137_T30TUM_20230615T205813,1000,,0.0,0.0,2.0833333333333335,18.75,72.91666666666667,0.0,1.3888888888888888,4.166666666666667,0.6944444444444444,0.0,0.0,144,0,0.0,12000.0,12000.000000000931,0.34766554832458496,4.861111111111112,,0.0,-0.23916666666666667,-2.200833333333333,3.3125,-1.8302777777777663,-0.10305555555555555,0.8233333333333333,1.2275000000000005,-0.9772222222222222,-0.012777777777777779,0.0,0.2375000000000007,3.3125,12000.0
14110,rdd_west_merged_12000_0,S2B_MSIL2A_20230625T110619_R137_T30TUM_20230625T164707,20,,0.0,0.09777777777777778,8.604722222222222,11.163055555555555,66.5275,0.03388888888888889,0.2577777777777778,6.402222222222222,6.839166666666666,0.07388888888888889,0.0,360000,0,0.0,12000.0,12000.000000000931,0.43406128883361816,13.315277777777776,,0.0,0.0,0.0,0.0,0.0,0.0,0.0,0.0,0.0,0.0,0.0,0.0,0.0,12000.0
14116,rdd_west_merged_12000_0,S2B_MSIL2A_20230625T110619_R137_T30TUM_20230625T164707,50,,0.0,0.09722222222222222,8.612847222222221,11.152777777777779,66.546875,0.03125,0.2552083333333333,6.388888888888889,6.848958333333333,0.06597222222222222,0.0,57600,0,0.0,12000.0,12000.000000000931,0.366579532623291,13.303819444444443,,0.0,-0.0005555555555555591,0.008124999999999716,-0.01027777777777672,0.01937499999999659,-0.002638888888888892,-0.0025694444444444575,-0.013333333333332753,0.009791666666666643,-0.007916666666666669,0.0,-0.01145833333333357,0.01937499999999659,12000.0
14122,rdd_west_merged_12000_0,S2B_MSIL2A_20230625T110619_R137_T30TUM_20230625T164707,100,,0.0,0.10416666666666667,8.5625,10.868055555555555,66.79861111111111,0.04861111111111111,0.2569444444444444,6.5625,6.722222222222222,0.0763888888888889,0.0,14400,0,0.0,12000.0,12000.000000000931,0.3445436954498291,13.36111111111111,,0.0,0.006388888888888888,-0.04222222222222172,-0.29499999999999993,0.27111111111111086,0.01472222222222222,-0.0008333333333333526,0.16027777777777796,-0.11694444444444407,0.0025000000000000022,0.0,0.04583333333333428,0.29499999999999993,12000.0
14128,rdd_west_merged_12000_0,S2B_MSIL2A_20230625T110619_R137_T30TUM_20230625T164707,200,,0.0,0.08333333333333333,8.722222222222221,10.86111111111111,66.77777777777777,0.05555555555555555,0.25,6.277777777777778,6.888888888888889,0.08333333333333333,0.0,3600,0,0.0,12000.0,12000.000000000931,0.41397833824157715,13.250000000000002,,0.0,-0.014444444444444454,0.11749999999999972,-0.30194444444444457,0.25027777777776805,0.02166666666666666,-0.007777777777777772,-0.12444444444444436,0.04972222222222289,0.009444444444444436,0.0,-0.06527777777777466,0.30194444444444457,12000.0
14134,rdd_west_merged_12000_0,S2B_MSIL2A_20230625T110619_R137_T30TUM_20230625T164707,500,,0.0,0.1736111111111111,7.986111111111111,10.243055555555555,67.88194444444444,0.0,0.1736111111111111,7.465277777777778,6.076388888888889,0.0,0.0,576,0,0.0,12000.0,12000.000000000931,0.3570423126220703,13.541666666666668,,0.0,0.07583333333333332,-0.618611111111111,-0.9199999999999999,1.3544444444444395,-0.03388888888888889,-0.08416666666666667,1.0630555555555556,-0.7627777777777771,-0.07388888888888889,0.0,0.22638888888889142,1.3544444444444395,12000.0
14140,rdd_west_merged_12000_0,S2B_MSIL2A_20230625T110619_R137_T30TUM_20230625T164707,1000,,0.0,0.0,9.027777777777779,9.722222222222221,66.66666666666667,0.0,0.0,5.555555555555555,8.333333333333334,0.6944444444444444,0.0,144,0,0.0,12000.0,12000.000000000931,0.34766554832458496,14.583333333333334,,0.0,-0.09777777777777778,0.42305555555555685,-1.4408333333333339,0.139166666666668,-0.03388888888888889,-0.2577777777777778,-0.8466666666666667,1.4941666666666675,0.6205555555555555,0.0,1.2680555555555575,1.4408333333333339,12000.0
14143,rdd_west_merged_12000_1,S2A_MSIL2A_20230610T110621_R137_T30TUM_20230610T202756,20,,0.0,0.0,0.12055555555555555,0.042222222222222223,1.9025,0.0,1.7272222222222222,14.582777777777778,81.25055555555555,0.37416666666666665,0.0,360000,0,0.0,12000.000000000058,12000.0,0.3840062618255615,96.2075,,0.0,0.0,0.0,0.0,0.0,0.0,0.0,0.0,0.0,0.0,0.0,0.0,0.0,12000.0
14149,rdd_west_merged_12000_1,S2A_MSIL2A_20230610T110621_R137_T30TUM_20230610T202756,50,,0.0,0.0,0.125,0.036458333333333336,1.8958333333333333,0.0,1.7482638888888888,14.621527777777779,81.21701388888889,0.3559027777777778,0.0,57600,0,0.0,12000.000000000058,12000.0,0.4464693069458008,96.19444444444443,,0.0,0.0,0.004444444444444445,-0.005763888888888888,-0.006666666666666821,0.0,0.021041666666666625,0.038750000000000284,-0.03354166666666458,-0.018263888888888857,0.0,-0.013055555555567366,0.021041666666666625,12000.0
14155,rdd_west_merged_12000_1,S2A_MSIL2A_20230610T110621_R137_T30TUM_20230610T202756,100,,0.0,0.0,0.125,0.020833333333333332,1.9722222222222223,0.0,1.7430555555555556,14.520833333333334,81.31944444444444,0.2986111111111111,0.0,14400,0,0.0,12000.000000000058,12000.0,0.3609120845794678,96.13888888888889,,0.0,0.0,0.004444444444444445,-0.02138888888888889,0.06972222222222224,0.0,0.015833333333333366,-0.06194444444444436,0.06888888888889255,-0.07555555555555554,0.0,-0.06861111111111029,0.06972222222222224,12000.0
14161,rdd_west_merged_12000_1,S2A_MSIL2A_20230610T110621_R137_T30TUM_20230610T202756,200,,0.0,0.0,0.08333333333333333,0.027777777777777776,1.5,0.0,1.9166666666666667,13.666666666666666,82.36111111111111,0.4444444444444444,0.0,3600,0,0.0,12000.000000000058,12000.0,0.9798104763031006,96.47222222222223,,0.0,0.0,-0.037222222222222226,-0.014444444444444447,-0.4025000000000001,0.0,0.18944444444444453,-0.9161111111111122,1.110555555555564,0.07027777777777777,0.0,0.2647222222222325,0.4025000000000001,12000.0
14167,rdd_west_merged_12000_1,S2A_MSIL2A_20230610T110621_R137_T30TUM_20230610T202756,500,,0.0,0.0,0.0,0.0,1.7361111111111112,0.0,2.0833333333333335,12.32638888888889,83.33333333333333,0.5208333333333334,0.0,576,0,0.0,12000.000000000058,12000.0,0.33886146545410156,96.18055555555554,,0.0,0.0,-0.12055555555555555,-0.042222222222222223,-0.16638888888888892,0.0,0.35611111111111127,-2.256388888888889,2.0827777777777783,0.14666666666666672,0.0,-0.026944444444453097,0.35611111111111127,12000.0
14173,rdd_west_merged_12000_1,S2A_MSIL2A_20230610T110621_R137_T30TUM_20230610T202756,1000,,0.0,0.0,0.0,0.0,2.0833333333333335,0.0,1.3888888888888888,10.416666666666666,85.41666666666667,0.6944444444444444,0.0,144,0,0.0,12000.000000000058,12000.0,0.5204906463623047,96.52777777777779,,0.0,0.0,-0.12055555555555555,-0.042222222222222223,0.1808333333333334,0.0,-0.3383333333333334,-4.166111111111112,4.166111111111121,0.3202777777777778,0.0,0.32027777777778965,0.3383333333333334,12000.0
14145,rdd_west_merged_12000_1,S2A_MSIL2A_20230620T110621_R137_T30TUM_20230620T202552,20,,0.0,0.0,0.0,0.2891666666666667,2.2905555555555557,0.0,0.07527777777777778,22.44972222222222,56.727777777777774,18.1675,0.0,360000,0,0.0,12000.000000000058,12000.0,0.3840062618255615,97.345,,0.0,0.0,0.0,0.0,0.0,0.0,0.0,0.0,0.0,0.0,0.0,0.0,0.0,12000.0
14151,rdd_west_merged_12000_1,S2A_MSIL2A_20230620T110621_R137_T30TUM_20230620T202552,50,,0.0,0.0,0.0,0.2881944444444444,2.265625,0.0,0.0763888888888889,22.50173611111111,56.782986111111114,18.085069444444443,0.0,57600,0,0.0,12000.000000000058,12000.0,0.4464693069458008,97.36979166666667,,0.0,0.0,0.0,-0.0009722222222222632,-0.024930555555555678,0.0,0.0011111111111111183,0.052013888888890136,0.055208333333339965,-0.08243055555555756,0.0,0.02479166666667254,0.024930555555555678,12000.0
14157,rdd_west_merged_12000_1,S2A_MSIL2A_20230620T110621_R137_T30TUM_20230620T202552,100,,0.0,0.0,0.0,0.2847222222222222,2.1597222222222223,0.0,0.08333333333333333,22.40972222222222,57.09027777777778,17.97222222222222,0.0,14400,0,0.0,12000.000000000058,12000.0,0.3609120845794678,97.47222222222223,,0.0,0.0,0.0,-0.004444444444444473,-0.13083333333333336,0.0,0.008055555555555552,-0.03999999999999915,0.36250000000000426,-0.195277777777779,0.0,0.12722222222222968,0.13083333333333336,12000.0
14163,rdd_west_merged_12000_1,S2A_MSIL2A_20230620T110621_R137_T30TUM_20230620T202552,200,,0.0,0.0,0.0,0.2222222222222222,2.4444444444444446,0.0,0.027777777777777776,21.97222222222222,57.333333333333336,18.0,0.0,3600,0,0.0,12000.000000000058,12000.0,0.9798104763031006,97.30555555555556,,0.0,0.0,0.0,-0.06694444444444447,0.15388888888888896,0.0,-0.0475,-0.47749999999999915,0.6055555555555614,-0.16750000000000043,0.0,-0.03944444444444173,0.15388888888888896,12000.0
14169,rdd_west_merged_12000_1,S2A_MSIL2A_20230620T110621_R137_T30TUM_20230620T202552,500,,0.0,0.0,0.0,0.1736111111111111,2.6041666666666665,0.0,0.0,21.70138888888889,57.986111111111114,17.53472222222222,0.0,576,0,0.0,12000.000000000058,12000.0,0.33886146545410156,97.22222222222223,,0.0,0.0,0.0,-0.11555555555555558,0.31361111111111084,0.0,-0.07527777777777778,-0.7483333333333313,1.25833333333334,-0.632777777777779,0.0,-0.12277777777777032,0.31361111111111084,12000.0
14175,rdd_west_merged_12000_1,S2A_MSIL2A_20230620T110621_R137_T30TUM_20230620T202552,1000,,0.0,0.0,0.0,0.6944444444444444,2.0833333333333335,0.0,0.0,26.38888888888889,54.166666666666664,16.666666666666668,0.0,144,0,0.0,12000.000000000058,12000.0,0.5204906463623047,97.22222222222223,,0.0,0.0,0.0,0.40527777777777774,-0.2072222222222222,0.0,-0.07527777777777778,3.9391666666666687,-2.56111111111111,-1.5008333333333326,0.0,-0.12277777777777032,0.40527777777777774,12000.0
14147,rdd_west_merged_12000_1,S2A_MSIL2A_20230630T110621_R137_T30TUM_20230630T203024,20,,0.0,0.0,0.0,6.1475,92.0663888888889,0.0,0.0,0.0,0.0,1.7861111111111112,0.0,360000,0,0.0,12000.000000000058,12000.0,0.3840062618255615,1.7861111111111112,,0.0,0.0,0.0,0.0,0.0,0.0,0.0,0.0,0.0,0.0,0.0,0.0,0.0,12000.0
14153,rdd_west_merged_12000_1,S2A_MSIL2A_20230630T110621_R137_T30TUM_20230630T203024,50,,0.0,0.0,0.0,6.128472222222222,92.11111111111111,0.0,0.0,0.0,0.0,1.7604166666666667,0.0,57600,0,0.0,12000.000000000058,12000.0,0.4464693069458008,1.7604166666666667,,0.0,0.0,0.0,-0.019027777777777644,0.04472222222221944,0.0,0.0,0.0,0.0,-0.025694444444444464,0.0,-0.025694444444444464,0.04472222222221944,12000.0
14159,rdd_west_merged_12000_1,S2A_MSIL2A_20230630T110621_R137_T30TUM_20230630T203024,100,,0.0,0.0,0.0,6.055555555555555,92.20833333333333,0.0,0.0,0.0,0.0,1.7361111111111112,0.0,14400,0,0.0,12000.000000000058,12000.0,0.3609120845794678,1.7361111111111112,,0.0,0.0,0.0,-0.0919444444444446,0.14194444444443377,0.0,0.0,0.0,0.0,-0.050000000000000044,0.0,-0.050000000000000044,0.14194444444443377,12000.0
14165,rdd_west_merged_12000_1,S2A_MSIL2A_20230630T110621_R137_T30TUM_20230630T203024,200,,0.0,0.0,0.0,6.416666666666667,91.97222222222223,0.0,0.0,0.0,0.0,1.6111111111111112,0.0,3600,0,0.0,12000.000000000058,12000.0,0.9798104763031006,1.6111111111111112,,0.0,0.0,0.0,0.269166666666667,-0.09416666666666629,0.0,0.0,0.0,0.0,-0.17500000000000004,0.0,-0.17500000000000004,0.269166666666667,12000.0
14171,rdd_west_merged_12000_1,S2A_MSIL2A_20230630T110621_R137_T30TUM_20230630T203024,500,,0.0,0.0,0.0,4.861111111111111,93.22916666666667,0.0,0.0,0.0,0.0,1.9097222222222223,0.0,576,0,0.0,12000.000000000058,12000.0,0.33886146545410156,1.9097222222222223,,0.0,0.0,0.0,-1.2863888888888892,1.1627777777777766,0.0,0.0,0.0,0.0,0.12361111111111112,0.0,0.12361111111111112,1.2863888888888892,12000.0
14177,rdd_west_merged_12000_1,S2A_MSIL2A_20230630T110621_R137_T30TUM_20230630T203024,1000,,0.0,0.0,0.0,6.25,92.36111111111111,0.0,0.0,0.0,0.0,1.3888888888888888,0.0,144,0,0.0,12000.000000000058,12000.0,0.5204906463623047,1.3888888888888888,,0.0,0.0,0.0,0.10250000000000004,0.29472222222221944,0.0,0.0,0.0,0.0,-0.39722222222222237,0.0,-0.39722222222222237,0.39722222222222237,12000.0
14142,rdd_west_merged_12000_1,S2B_MSIL2A_20230605T110619_R137_T30TUM_20230605T163049,20,,0.0,0.014722222222222222,14.419722222222223,11.21888888888889,55.68361111111111,0.0,0.5105555555555555,9.310277777777777,8.841944444444444,0.0002777777777777778,0.0,360000,0,0.0,12000.000000000058,12000.0,0.3840062618255615,18.1525,,0.0,0.0,0.0,0.0,0.0,0.0,0.0,0.0,0.0,0.0,0.0,0.0,0.0,12000.0
14148,rdd_west_merged_12000_1,S2B_MSIL2A_20230605T110619_R137_T30TUM_20230605T163049,50,,0.0,0.013888888888888888,14.442708333333334,11.23263888888889,55.638888888888886,0.0,0.5069444444444444,9.34375,8.821180555555555,0.0,0.0,57600,0,0.0,12000.000000000058,12000.0,0.4464693069458008,18.164930555555557,,0.0,-0.0008333333333333335,0.02298611111111093,0.013749999999999929,-0.04472222222222655,0.0,-0.0036111111111111205,0.03347222222222257,-0.02076388888888836,-0.0002777777777777778,0.0,0.012430555555557277,0.04472222222222655,12000.0
14154,rdd_west_merged_12000_1,S2B_MSIL2A_20230605T110619_R137_T30TUM_20230605T163049,100,,0.0,0.013888888888888888,14.465277777777779,11.166666666666666,55.604166666666664,0.0,0.5,9.340277777777779,8.909722222222221,0.0,0.0,14400,0,0.0,12000.000000000058,12000.0,0.3609120845794678,18.25,,0.0,-0.0008333333333333335,0.04555555555555557,-0.05222222222222328,-0.07944444444444798,0.0,-0.01055555555555554,0.030000000000001137,0.06777777777777771,-0.0002777777777777778,0.0,0.09750000000000014,0.09750000000000014,12000.0
14160,rdd_west_merged_12000_1,S2B_MSIL2A_20230605T110619_R137_T30TUM_20230605T163049,200,,0.0,0.027777777777777776,14.777777777777779,11.083333333333334,55.166666666666664,0.0,0.5555555555555556,9.472222222222221,8.916666666666666,0.0,0.0,3600,0,0.0,12000.000000000058,12000.0,0.9798104763031006,18.388888888888886,,0.0,0.013055555555555555,0.35805555555555557,-0.13555555555555543,-0.516944444444448,0.0,0.04500000000000004,0.161944444444444,0.07472222222222236,-0.0002777777777777778,0.0,0.23638888888888587,0.516944444444448,12000.0
14166,rdd_west_merged_12000_1,S2B_MSIL2A_20230605T110619_R137_T30TUM_20230605T163049,500,,0.0,0.0,15.79861111111111,9.54861111111111,56.94444444444444,0.0,0.3472222222222222,8.159722222222221,9.20138888888889,0.0,0.0,576,0,0.0,12000.000000000058,12000.0,0.33886146545410156,17.36111111111111,,0.0,-0.014722222222222222,1.3788888888888877,-1.6702777777777786,1.2608333333333306,0.0,-0.16333333333333333,-1.150555555555556,0.35944444444444557,-0.0002777777777777778,0.0,-0.7913888888888891,1.6702777777777786,12000.0
14172,rdd_west_merged_12000_1,S2B_MSIL2A_20230605T110619_R137_T30TUM_20230605T163049,1000,,0.0,0.0,12.5,8.333333333333334,61.80555555555556,0.0,0.6944444444444444,7.638888888888889,9.027777777777779,0.0,0.0,144,0,0.0,12000.000000000058,12000.0,0.5204906463623047,16.666666666666668,,0.0,-0.014722222222222222,-1.919722222222223,-2.8855555555555554,6.121944444444445,0.0,0.18388888888888888,-1.6713888888888881,0.18583333333333485,-0.0002777777777777778,0.0,-1.485833333333332,6.121944444444445,12000.0
14144,rdd_west_merged_12000_1,S2B_MSIL2A_20230615T110629_R137_T30TUM_20230615T205813,20,,0.0,0.06333333333333334,7.991388888888889,8.140833333333333,75.50138888888888,0.0,0.4311111111111111,4.760555555555555,3.0516666666666667,0.059722222222222225,0.0,360000,0,0.0,12000.000000000058,12000.0,0.3840062618255615,7.871944444444444,,0.0,0.0,0.0,0.0,0.0,0.0,0.0,0.0,0.0,0.0,0.0,0.0,0.0,12000.0
14150,rdd_west_merged_12000_1,S2B_MSIL2A_20230615T110629_R137_T30TUM_20230615T205813,50,,0.0,0.0625,7.954861111111111,8.21875,75.45486111111111,0.0,0.4427083333333333,4.713541666666667,3.0972222222222223,0.05555555555555555,0.0,57600,0,0.0,12000.000000000058,12000.0,0.4464693069458008,7.866319444444445,,0.0,-0.0008333333333333387,-0.0365277777777786,0.07791666666666686,-0.04652777777776862,0.0,0.011597222222222203,-0.047013888888888467,0.04555555555555557,-0.004166666666666673,0.0,-0.005624999999999325,0.07791666666666686,12000.0
14156,rdd_west_merged_12000_1,S2B_MSIL2A_20230615T110629_R137_T30TUM_20230615T205813,100,,0.0,0.0763888888888889,7.909722222222222,8.354166666666666,75.45833333333333,0.0,0.4236111111111111,4.625,3.111111111111111,0.041666666666666664,0.0,14400,0,0.0,12000.000000000058,12000.0,0.3609120845794678,7.777777777777778,,0.0,0.013055555555555556,-0.081666666666667,0.21333333333333293,-0.04305555555555429,0.0,-0.007500000000000007,-0.13555555555555543,0.05944444444444441,-0.01805555555555556,0.0,-0.09416666666666629,0.21333333333333293,12000.0
14162,rdd_west_merged_12000_1,S2B_MSIL2A_20230615T110629_R137_T30TUM_20230615T205813,200,,0.0,0.05555555555555555,8.13888888888889,7.694444444444445,75.61111111111111,0.0,0.5277777777777778,4.833333333333333,3.0,0.1388888888888889,0.0,3600,0,0.0,12000.000000000058,12000.0,0.9798104763031006,7.972222222222222,,0.0,-0.007777777777777786,0.14749999999999996,-0.4463888888888885,0.10972222222223138,0.0,0.09666666666666668,0.07277777777777761,-0.05166666666666675,0.07916666666666666,0.0,0.10027777777777835,0.4463888888888885,12000.0
14168,rdd_west_merged_12000_1,S2B_MSIL2A_20230615T110629_R137_T30TUM_20230615T205813,500,,0.0,0.1736111111111111,7.8125,6.770833333333333,77.60416666666667,0.0,0.5208333333333334,4.166666666666667,2.951388888888889,0.0,0.0,576,0,0.0,12000.000000000058,12000.0,0.33886146545410156,7.118055555555555,,0.0,0.11027777777777777,-0.17888888888888932,-1.37,2.1027777777777885,0.0,0.08972222222222226,-0.5938888888888885,-0.10027777777777791,-0.059722222222222225,0.0,-0.7538888888888886,2.1027777777777885,12000.0
14174,rdd_west_merged_12000_1,S2B_MSIL2A_20230615T110629_R137_T30TUM_20230615T205813,1000,,0.0,0.0,7.638888888888889,6.25,73.61111111111111,0.0,2.7777777777777777,6.944444444444445,2.7777777777777777,0.0,0.0,144,0,0.0,12000.000000000058,12000.0,0.5204906463623047,9.722222222222221,,0.0,-0.06333333333333334,-0.35250000000000004,-1.8908333333333331,-1.8902777777777686,0.0,2.3466666666666667,2.183888888888889,-0.27388888888888907,-0.059722222222222225,0.0,1.8502777777777775,2.3466666666666667,12000.0
14146,rdd_west_merged_12000_1,S2B_MSIL2A_20230625T110619_R137_T30TUM_20230625T164707,20,,0.0,0.0030555555555555557,2.176388888888889,6.029166666666667,89.91416666666667,0.0,0.0525,0.9363888888888889,0.8575,0.030833333333333334,0.0,360000,0,0.0,12000.000000000058,12000.0,0.3840062618255615,1.8247222222222224,,0.0,0.0,0.0,0.0,0.0,0.0,0.0,0.0,0.0,0.0,0.0,0.0,0.0,12000.0
14152,rdd_west_merged_12000_1,S2B_MSIL2A_20230625T110619_R137_T30TUM_20230625T164707,50,,0.0,0.003472222222222222,2.1753472222222223,6.020833333333333,89.92708333333333,0.0,0.04861111111111111,0.9375,0.8576388888888888,0.029513888888888888,0.0,57600,0,0.0,12000.000000000058,12000.0,0.4464693069458008,1.8246527777777777,,0.0,0.0004166666666666663,-0.0010416666666666075,-0.008333333333333748,0.012916666666654919,0.0,-0.003888888888888886,0.0011111111111110628,0.00013888888888879958,-0.001319444444444446,0.0,-6.944444444467734e-05,0.012916666666654919,12000.0
14158,rdd_west_merged_12000_1,S2B_MSIL2A_20230625T110619_R137_T30TUM_20230625T164707,100,,0.0,0.0,2.173611111111111,6.048611111111111,89.84027777777777,0.0,0.041666666666666664,1.0208333333333333,0.8472222222222222,0.027777777777777776,0.0,14400,0,0.0,12000.000000000058,12000.0,0.3609120845794678,1.895833333333333,,0.0,-0.0030555555555555557,-0.002777777777777768,0.01944444444444393,-0.07388888888890222,0.0,-0.010833333333333334,0.08444444444444432,-0.01027777777777783,-0.003055555555555558,0.0,0.07111111111111068,0.07388888888890222,12000.0
14164,rdd_west_merged_12000_1,S2B_MSIL2A_20230625T110619_R137_T30TUM_20230625T164707,200,,0.0,0.027777777777777776,2.25,5.75,90.16666666666667,0.0,0.05555555555555555,0.8333333333333334,0.8888888888888888,0.027777777777777776,0.0,3600,0,0.0,12000.000000000058,12000.0,0.9798104763031006,1.75,,0.0,0.024722222222222222,0.07361111111111107,-0.2791666666666668,0.2524999999999977,0.0,0.0030555555555555544,-0.10305555555555557,0.0313888888888888,-0.003055555555555558,0.0,-0.07472222222222236,0.2791666666666668,12000.0
14170,rdd_west_merged_12000_1,S2B_MSIL2A_20230625T110619_R137_T30TUM_20230625T164707,500,,0.0,0.0,1.9097222222222223,5.555555555555555,90.27777777777777,0.0,0.1736111111111111,1.0416666666666667,0.8680555555555556,0.1736111111111111,0.0,576,0,0.0,12000.000000000058,12000.0,0.33886146545410156,2.0833333333333335,,0.0,-0.0030555555555555557,-0.2666666666666666,-0.4736111111111114,0.3636111111110978,0.0,0.12111111111111111,0.1052777777777778,0.01055555555555554,0.14277777777777778,0.0,0.2586111111111111,0.4736111111111114,12000.0
14176,rdd_west_merged_12000_1,S2B_MSIL2A_20230625T110619_R137_T30TUM_20230625T164707,1000,,0.0,0.0,2.0833333333333335,5.555555555555555,90.27777777777777,0.0,0.0,1.3888888888888888,0.6944444444444444,0.0,0.0,144,0,0.0,12000.000000000058,12000.0,0.5204906463623047,2.083333333333333,,0.0,-0.0030555555555555557,-0.09305555555555545,-0.4736111111111114,0.3636111111110978,0.0,-0.0525,0.4524999999999999,-0.16305555555555562,-0.030833333333333334,0.0,0.2586111111111107,0.4736111111111114,12000.0
14179,rdd_west_merged_12000_2,S2A_MSIL2A_20230610T110621_R137_T30TVM_20230610T204848,20,,0.0,0.0,4.824722222222222,0.0,0.0,0.0077777777777777776,0.0,17.363611111111112,77.68777777777778,0.11611111111111111,0.0,360000,0,0.0,12000.0,12000.000000001863,0.4131934642791748,95.1675,,0.0,0.0,0.0,0.0,0.0,0.0,0.0,0.0,0.0,0.0,0.0,0.0,0.0,12000.0
14185,rdd_west_merged_12000_2,S2A_MSIL2A_20230610T110621_R137_T30TVM_20230610T204848,50,,0.0,0.0,4.807291666666667,0.0,0.0,0.006944444444444444,0.0,17.36111111111111,77.71354166666667,0.1111111111111111,0.0,57600,0,0.0,12000.0,12000.000000001863,0.38730788230895996,95.1857638888889,,0.0,0.0,-0.017430555555555394,0.0,0.0,-0.0008333333333333335,0.0,-0.002500000000001279,0.02576388888888914,-0.0050000000000000044,0.0,0.018263888888895963,0.018263888888895963,12000.0
14191,rdd_west_merged_12000_2,S2A_MSIL2A_20230610T110621_R137_T30TVM_20230610T204848,100,,0.0,0.0,4.854166666666667,0.0,0.0,0.006944444444444444,0.0,17.604166666666668,77.39583333333333,0.1388888888888889,0.0,14400,0,0.0,12000.0,12000.000000001863,0.3656349182128906,95.13888888888889,,0.0,0.0,0.029444444444444606,0.0,0.0,-0.0008333333333333335,0.0,0.24055555555555586,-0.29194444444445367,0.022777777777777786,0.0,-0.028611111111118248,0.029444444444444606,12000.0
14197,rdd_west_merged_12000_2,S2A_MSIL2A_20230610T110621_R137_T30TVM_20230610T204848,200,,0.0,0.0,4.805555555555555,0.0,0.0,0.0,0.0,17.583333333333332,77.47222222222223,0.1388888888888889,0.0,3600,0,0.0,12000.0,12000.000000001863,0.3805575370788574,95.19444444444444,,0.0,0.0,-0.019166666666666998,0.0,0.0,-0.0077777777777777776,0.0,0.21972222222222015,-0.21555555555555372,0.022777777777777786,0.0,0.026944444444438886,0.026944444444438886,12000.0
14203,rdd_west_merged_12000_2,S2A_MSIL2A_20230610T110621_R137_T30TVM_20230610T204848,500,,0.0,0.0,5.555555555555555,0.0,0.0,0.0,0.0,15.79861111111111,78.64583333333333,0.0,0.0,576,0,0.0,12000.0,12000.000000001863,0.3893849849700928,94.44444444444444,,0.0,0.0,0.730833333333333,0.0,0.0,-0.0077777777777777776,0.0,-1.5650000000000013,0.9580555555555463,-0.11611111111111111,0.0,-0.7230555555555611,0.730833333333333,12000.0
14209,rdd_west_merged_12000_2,S2A_MSIL2A_20230610T110621_R137_T30TVM_20230610T204848,1000,,0.0,0.0,4.166666666666667,0.0,0.0,0.0,0.0,15.277777777777779,79.86111111111111,0.6944444444444444,0.0,144,0,0.0,12000.0,12000.000000001863,0.4869675636291504,95.83333333333333,,0.0,0.0,-0.6580555555555554,0.0,0.0,-0.0077777777777777776,0.0,-2.0858333333333334,2.173333333333332,0.5783333333333334,0.0,0.6658333333333246,0.6658333333333246,12000.0
14181,rdd_west_merged_12000_2,S2A_MSIL2A_20230620T110621_R137_T30TVM_20230620T202730,20,,0.0,0.0,0.0,0.0,0.0,0.0,0.0,4.369166666666667,95.63083333333333,0.0,0.0,360000,0,0.0,12000.0,12000.000000001863,0.4131934642791748,100.0,,0.0,0.0,0.0,0.0,0.0,0.0,0.0,0.0,0.0,0.0,0.0,0.0,0.0,12000.0
14187,rdd_west_merged_12000_2,S2A_MSIL2A_20230620T110621_R137_T30TVM_20230620T202730,50,,0.0,0.0,0.0,0.0,0.0,0.0,0.0,4.368055555555555,95.63194444444444,0.0,0.0,57600,0,0.0,12000.0,12000.000000001863,0.38730788230895996,100.0,,0.0,0.0,0.0,0.0,0.0,0.0,0.0,-0.0011111111111112848,0.0011111111111148375,0.0,0.0,0.0,0.0,12000.0
14193,rdd_west_merged_12000_2,S2A_MSIL2A_20230620T110621_R137_T30TVM_20230620T202730,100,,0.0,0.0,0.0,0.0,0.0,0.0,0.0,4.347222222222222,95.65277777777777,0.0,0.0,14400,0,0.0,12000.0,12000.000000001863,0.3656349182128906,100.0,,0.0,0.0,0.0,0.0,0.0,0.0,0.0,-0.021944444444444322,0.021944444444443434,0.0,0.0,0.0,0.0,12000.0
14199,rdd_west_merged_12000_2,S2A_MSIL2A_20230620T110621_R137_T30TVM_20230620T202730,200,,0.0,0.0,0.0,0.0,0.0,0.0,0.0,4.666666666666667,95.33333333333333,0.0,0.0,3600,0,0.0,12000.0,12000.000000001863,0.3805575370788574,100.0,,0.0,0.0,0.0,0.0,0.0,0.0,0.0,0.2975000000000003,-0.29749999999999943,0.0,0.0,0.0,0.0,12000.0
14205,rdd_west_merged_12000_2,S2A_MSIL2A_20230620T110621_R137_T30TVM_20230620T202730,500,,0.0,0.0,0.0,0.0,0.0,0.0,0.0,4.861111111111111,95.13888888888889,0.0,0.0,576,0,0.0,12000.0,12000.000000001863,0.3893849849700928,100.0,,0.0,0.0,0.0,0.0,0.0,0.0,0.0,0.4919444444444441,-0.4919444444444423,0.0,0.0,0.0,0.0,12000.0
14211,rdd_west_merged_12000_2,S2A_MSIL2A_20230620T110621_R137_T30TVM_20230620T202730,1000,,0.0,0.0,0.0,0.0,0.0,0.0,0.0,4.861111111111111,95.13888888888889,0.0,0.0,144,0,0.0,12000.0,12000.000000001863,0.4869675636291504,100.0,,0.0,0.0,0.0,0.0,0.0,0.0,0.0,0.4919444444444441,-0.4919444444444423,0.0,0.0,0.0,0.0,12000.0
14183,rdd_west_merged_12000_2,S2A_MSIL2A_20230630T110621_R137_T30TVM_20230630T203031,20,,0.0,0.005277777777777778,0.0,12.214166666666667,87.75111111111111,0.02,0.009444444444444445,0.0,0.0,0.0,0.0,360000,0,0.0,12000.0,12000.000000001863,0.4131934642791748,0.0,,0.0,0.0,0.0,0.0,0.0,0.0,0.0,0.0,0.0,0.0,0.0,0.0,0.0,12000.0
14189,rdd_west_merged_12000_2,S2A_MSIL2A_20230630T110621_R137_T30TVM_20230630T203031,50,,0.0,0.006944444444444444,0.0,12.159722222222221,87.80729166666667,0.020833333333333332,0.005208333333333333,0.0,0.0,0.0,0.0,57600,0,0.0,12000.0,12000.000000001863,0.38730788230895996,0.0,,0.0,0.0016666666666666661,0.0,-0.05444444444444585,0.056180555555556566,0.0008333333333333318,-0.0042361111111111115,0.0,0.0,0.0,0.0,0.0,0.056180555555556566,12000.0
14195,rdd_west_merged_12000_2,S2A_MSIL2A_20230630T110621_R137_T30TVM_20230630T203031,100,,0.0,0.006944444444444444,0.0,12.48611111111111,87.48611111111111,0.020833333333333332,0.0,0.0,0.0,0.0,0.0,14400,0,0.0,12000.0,12000.000000001863,0.3656349182128906,0.0,,0.0,0.0016666666666666661,0.0,0.27194444444444343,-0.26500000000000057,0.0008333333333333318,-0.009444444444444445,0.0,0.0,0.0,0.0,0.0,0.27194444444444343,12000.0
14201,rdd_west_merged_12000_2,S2A_MSIL2A_20230630T110621_R137_T30TVM_20230630T203031,200,,0.0,0.0,0.0,12.777777777777779,87.19444444444444,0.0,0.027777777777777776,0.0,0.0,0.0,0.0,3600,0,0.0,12000.0,12000.000000001863,0.3805575370788574,0.0,,0.0,-0.005277777777777778,0.0,0.5636111111111113,-0.556666666666672,-0.02,0.018333333333333333,0.0,0.0,0.0,0.0,0.0,0.5636111111111113,12000.0
14207,rdd_west_merged_12000_2,S2A_MSIL2A_20230630T110621_R137_T30TVM_20230630T203031,500,,0.0,0.0,0.0,13.194444444444445,86.80555555555556,0.0,0.0,0.0,0.0,0.0,0.0,576,0,0.0,12000.0,12000.000000001863,0.3893849849700928,0.0,,0.0,-0.005277777777777778,0.0,0.9802777777777774,-0.9455555555555577,-0.02,-0.009444444444444445,0.0,0.0,0.0,0.0,0.0,0.9802777777777774,12000.0
14213,rdd_west_merged_12000_2,S2A_MSIL2A_20230630T110621_R137_T30TVM_20230630T203031,1000,,0.0,0.0,0.0,10.416666666666666,89.58333333333333,0.0,0.0,0.0,0.0,0.0,0.0,144,0,0.0,12000.0,12000.000000001863,0.4869675636291504,0.0,,0.0,-0.005277777777777778,0.0,-1.7975000000000012,1.8322222222222138,-0.02,-0.009444444444444445,0.0,0.0,0.0,0.0,0.0,1.8322222222222138,12000.0
14178,rdd_west_merged_12000_2,S2B_MSIL2A_20230605T110619_R137_T30TVM_20230605T165116,20,,0.0,0.04583333333333333,6.679444444444444,16.357222222222223,59.474444444444444,0.01861111111111111,0.3313888888888889,6.355,10.699722222222222,0.03833333333333333,0.0,360000,0,0.0,12000.0,12000.000000001863,0.4131934642791748,17.09305555555556,,0.0,0.0,0.0,0.0,0.0,0.0,0.0,0.0,0.0,0.0,0.0,0.0,0.0,12000.0
14184,rdd_west_merged_12000_2,S2B_MSIL2A_20230605T110619_R137_T30TVM_20230605T165116,50,,0.0,0.036458333333333336,6.699652777777778,16.33159722222222,59.53472222222222,0.022569444444444444,0.3402777777777778,6.350694444444445,10.645833333333334,0.03819444444444445,0.0,57600,0,0.0,12000.0,12000.000000001863,0.38730788230895996,17.03472222222222,,0.0,-0.009374999999999994,0.020208333333333606,-0.025625000000001563,0.06027777777777743,0.0039583333333333345,0.00888888888888889,-0.0043055555555557845,-0.05388888888888843,-0.00013888888888888284,0.0,-0.05833333333333712,0.06027777777777743,12000.0
14190,rdd_west_merged_12000_2,S2B_MSIL2A_20230605T110619_R137_T30TVM_20230605T165116,100,,0.0,0.020833333333333332,6.798611111111111,16.46527777777778,59.52777777777778,0.006944444444444444,0.2847222222222222,6.291666666666667,10.5625,0.041666666666666664,0.0,14400,0,0.0,12000.0,12000.000000001863,0.3656349182128906,16.895833333333336,,0.0,-0.024999999999999998,0.11916666666666664,0.10805555555555557,0.053333333333334565,-0.011666666666666665,-0.04666666666666669,-0.06333333333333346,-0.13722222222222236,0.003333333333333334,0.0,-0.19722222222222285,0.19722222222222285,12000.0
14196,rdd_west_merged_12000_2,S2B_MSIL2A_20230605T110619_R137_T30TVM_20230605T165116,200,,0.0,0.08333333333333333,6.75,17.02777777777778,58.861111111111114,0.027777777777777776,0.3611111111111111,6.722222222222222,10.083333333333334,0.08333333333333333,0.0,3600,0,0.0,12000.0,12000.000000001863,0.3805575370788574,16.88888888888889,,0.0,0.0375,0.07055555555555593,0.6705555555555556,-0.6133333333333297,0.009166666666666667,0.029722222222222205,0.3672222222222219,-0.6163888888888884,0.045,0.0,-0.20416666666666927,0.6705555555555556,12000.0
14202,rdd_west_merged_12000_2,S2B_MSIL2A_20230605T110619_R137_T30TVM_20230605T165116,500,,0.0,0.0,6.944444444444445,16.493055555555557,59.72222222222222,0.0,0.0,7.638888888888889,9.20138888888889,0.0,0.0,576,0,0.0,12000.0,12000.000000001863,0.3893849849700928,16.84027777777778,,0.0,-0.04583333333333333,0.26500000000000057,0.13583333333333414,0.24777777777777743,-0.01861111111111111,-0.3313888888888889,1.2838888888888889,-1.498333333333333,-0.03833333333333333,0.0,-0.25277777777778,0.3313888888888889,12000.0
14208,rdd_west_merged_12000_2,S2B_MSIL2A_20230605T110619_R137_T30TVM_20230605T165116,1000,,0.0,0.0,5.555555555555555,17.36111111111111,57.638888888888886,0.0,0.6944444444444444,7.638888888888889,11.11111111111111,0.0,0.0,144,0,0.0,12000.0,12000.000000001863,0.4869675636291504,18.75,,0.0,-0.04583333333333333,-1.1238888888888887,1.0038888888888877,-1.8355555555555583,-0.01861111111111111,0.3630555555555555,1.2838888888888889,0.41138888888888836,-0.03833333333333333,0.0,1.6569444444444414,1.8355555555555583,12000.0
14180,rdd_west_merged_12000_2,S2B_MSIL2A_20230615T110629_R137_T30TVM_20230615T203626,20,,0.0,0.6338888888888888,0.8597222222222223,13.303611111111111,75.15972222222223,0.021111111111111112,3.6213888888888888,4.087777777777778,2.290277777777778,0.0225,0.0,360000,0,0.0,12000.0,12000.000000001863,0.4131934642791748,6.400555555555556,,0.0,0.0,0.0,0.0,0.0,0.0,0.0,0.0,0.0,0.0,0.0,0.0,0.0,12000.0
14186,rdd_west_merged_12000_2,S2B_MSIL2A_20230615T110629_R137_T30TVM_20230615T203626,50,,0.0,0.6336805555555556,0.8680555555555556,13.17361111111111,75.25173611111111,0.024305555555555556,3.6336805555555554,4.076388888888889,2.3090277777777777,0.029513888888888888,0.0,57600,0,0.0,12000.0,12000.000000001863,0.38730788230895996,6.414930555555556,,0.0,-0.00020833333333325488,0.008333333333333304,-0.13000000000000078,0.09201388888888573,0.003194444444444444,0.01229166666666659,-0.011388888888888893,0.018749999999999822,0.007013888888888889,0.0,0.014375000000000249,0.13000000000000078,12000.0
14192,rdd_west_merged_12000_2,S2B_MSIL2A_20230615T110629_R137_T30TVM_20230615T203626,100,,0.0,0.6388888888888888,0.8611111111111112,13.319444444444445,75.04861111111111,0.006944444444444444,3.625,3.986111111111111,2.4722222222222223,0.041666666666666664,0.0,14400,0,0.0,12000.0,12000.000000001863,0.3656349182128906,6.500000000000001,,0.0,0.0050000000000000044,0.001388888888888884,0.015833333333333144,-0.11111111111111427,-0.014166666666666668,0.0036111111111112315,-0.10166666666666702,0.18194444444444446,0.019166666666666665,0.0,0.09944444444444489,0.11111111111111427,12000.0
14198,rdd_west_merged_12000_2,S2B_MSIL2A_20230615T110629_R137_T30TVM_20230615T203626,200,,0.0,0.5277777777777778,0.9166666666666666,14.0,74.61111111111111,0.0,3.5833333333333335,4.027777777777778,2.3333333333333335,0.0,0.0,3600,0,0.0,12000.0,12000.000000001863,0.3805575370788574,6.361111111111111,,0.0,-0.10611111111111104,0.05694444444444435,0.6963888888888885,-0.5486111111111143,-0.021111111111111112,-0.03805555555555529,-0.0600000000000005,0.043055555555555625,-0.0225,0.0,-0.03944444444444528,0.6963888888888885,12000.0
14204,rdd_west_merged_12000_2,S2B_MSIL2A_20230615T110629_R137_T30TVM_20230615T203626,500,,0.0,0.5208333333333334,0.6944444444444444,14.0625,74.30555555555556,0.0,3.4722222222222223,3.9930555555555554,2.7777777777777777,0.1736111111111111,0.0,576,0,0.0,12000.0,12000.000000001863,0.3893849849700928,6.944444444444444,,0.0,-0.11305555555555546,-0.16527777777777786,0.7588888888888885,-0.8541666666666714,-0.021111111111111112,-0.14916666666666645,-0.09472222222222282,0.4874999999999998,0.1511111111111111,0.0,0.5438888888888878,0.8541666666666714,12000.0
14210,rdd_west_merged_12000_2,S2B_MSIL2A_20230615T110629_R137_T30TVM_20230615T203626,1000,,0.0,0.6944444444444444,0.0,11.11111111111111,77.77777777777777,0.0,2.7777777777777777,4.166666666666667,3.4722222222222223,0.0,0.0,144,0,0.0,12000.0,12000.000000001863,0.4869675636291504,7.638888888888889,,0.0,0.060555555555555585,-0.8597222222222223,-2.192500000000001,2.618055555555543,-0.021111111111111112,-0.8436111111111111,0.07888888888888879,1.1819444444444445,-0.0225,0.0,1.2383333333333333,2.618055555555543,12000.0
14182,rdd_west_merged_12000_2,S2B_MSIL2A_20230625T110619_R137_T30TVM_20230625T163939,20,,0.0,0.3016666666666667,6.4527777777777775,7.938888888888889,70.74444444444444,0.021944444444444444,1.2472222222222222,6.849166666666667,6.2027777777777775,0.2411111111111111,0.0,360000,0,0.0,12000.0,12000.000000001863,0.4131934642791748,13.293055555555556,,0.0,0.0,0.0,0.0,0.0,0.0,0.0,0.0,0.0,0.0,0.0,0.0,0.0,12000.0
14188,rdd_west_merged_12000_2,S2B_MSIL2A_20230625T110619_R137_T30TVM_20230625T163939,50,,0.0,0.2951388888888889,6.453125,7.821180555555555,70.82118055555556,0.022569444444444444,1.265625,6.887152777777778,6.192708333333333,0.24131944444444445,0.0,57600,0,0.0,12000.0,12000.000000001863,0.38730788230895996,13.321180555555555,,0.0,-0.006527777777777799,0.00034722222222249854,-0.11770833333333375,0.07673611111111711,0.0006250000000000006,0.018402777777777768,0.03798611111111061,-0.010069444444444464,0.00020833333333333814,0.0,0.02812499999999929,0.11770833333333375,12000.0
14194,rdd_west_merged_12000_2,S2B_MSIL2A_20230625T110619_R137_T30TVM_20230625T163939,100,,0.0,0.2777777777777778,6.416666666666667,7.993055555555555,70.625,0.020833333333333332,1.3194444444444444,6.715277777777778,6.375,0.2569444444444444,0.0,14400,0,0.0,12000.0,12000.000000001863,0.3656349182128906,13.347222222222223,,0.0,-0.023888888888888904,-0.03611111111111054,0.05416666666666625,-0.11944444444444002,-0.0011111111111111113,0.07222222222222219,-0.1338888888888894,0.1722222222222225,0.01583333333333331,0.0,0.05416666666666714,0.11944444444444002,12000.0
14200,rdd_west_merged_12000_2,S2B_MSIL2A_20230625T110619_R137_T30TVM_20230625T163939,200,,0.0,0.3888888888888889,6.444444444444445,8.666666666666666,69.88888888888889,0.027777777777777776,1.25,6.944444444444445,6.111111111111111,0.2777777777777778,0.0,3600,0,0.0,12000.0,12000.000000001863,0.3805575370788574,13.333333333333334,,0.0,0.0872222222222222,-0.00833333333333286,0.727777777777777,-0.8555555555555543,0.005833333333333333,0.002777777777777768,0.09527777777777757,-0.09166666666666679,0.03666666666666668,0.0,0.04027777777777786,0.8555555555555543,12000.0
14206,rdd_west_merged_12000_2,S2B_MSIL2A_20230625T110619_R137_T30TVM_20230625T163939,500,,0.0,0.5208333333333334,6.25,8.854166666666666,70.3125,0.0,1.3888888888888888,6.25,6.423611111111111,0.0,0.0,576,0,0.0,12000.0,12000.000000001863,0.3893849849700928,12.67361111111111,,0.0,0.21916666666666668,-0.2027777777777775,0.915277777777777,-0.43194444444444,-0.021944444444444444,0.1416666666666666,-0.5991666666666671,0.22083333333333321,-0.2411111111111111,0.0,-0.6194444444444454,0.915277777777777,12000.0
14212,rdd_west_merged_12000_2,S2B_MSIL2A_20230625T110619_R137_T30TVM_20230625T163939,1000,,0.0,0.6944444444444444,4.861111111111111,4.861111111111111,75.0,0.0,0.6944444444444444,7.638888888888889,6.25,0.0,0.0,144,0,0.0,12000.0,12000.000000001863,0.4869675636291504,13.88888888888889,,0.0,0.3927777777777777,-1.5916666666666668,-3.0777777777777784,4.25555555555556,-0.021944444444444444,-0.5527777777777778,0.7897222222222222,0.0472222222222225,-0.2411111111111111,0.0,0.5958333333333332,4.25555555555556,12000.0
14215,rdd_west_merged_12000_3,S2A_MSIL2A_20230610T110621_R137_T30TVM_20230610T204848,20,,0.0,0.0,0.28444444444444444,0.0,0.0,0.0,0.0,5.235555555555556,94.47333333333333,0.006666666666666667,0.0,360000,0,0.0,12000.0,12000.0,0.5146615505218506,99.71555555555554,,0.0,0.0,0.0,0.0,0.0,0.0,0.0,0.0,0.0,0.0,0.0,0.0,0.0,12000.0
14221,rdd_west_merged_12000_3,S2A_MSIL2A_20230610T110621_R137_T30TVM_20230610T204848,50,,0.0,0.0,0.3003472222222222,0.0,0.0,0.0,0.0,5.227430555555555,94.46527777777777,0.006944444444444444,0.0,57600,0,0.0,12000.0,12000.0,0.4207911491394043,99.69965277777777,,0.0,0.0,0.015902777777777766,0.0,0.0,0.0,0.0,-0.008125000000000604,-0.008055555555557703,0.00027777777777777696,0.0,-0.01590277777776805,0.015902777777777766,12000.0
14227,rdd_west_merged_12000_3,S2A_MSIL2A_20230610T110621_R137_T30TVM_20230610T204848,100,,0.0,0.0,0.3194444444444444,0.0,0.0,0.0,0.0,5.180555555555555,94.49305555555556,0.006944444444444444,0.0,14400,0,0.0,12000.0,12000.0,0.38606882095336914,99.68055555555556,,0.0,0.0,0.034999999999999976,0.0,0.0,0.0,0.0,-0.055000000000000604,0.01972222222222797,0.00027777777777777696,0.0,-0.03499999999998238,0.034999999999999976,12000.0
14233,rdd_west_merged_12000_3,S2A_MSIL2A_20230610T110621_R137_T30TVM_20230610T204848,200,,0.0,0.0,0.25,0.0,0.0,0.0,0.0,5.222222222222222,94.52777777777777,0.0,0.0,3600,0,0.0,12000.0,12000.0,0.39998507499694824,99.75,,0.0,0.0,-0.034444444444444444,0.0,0.0,0.0,0.0,-0.013333333333333641,0.0544444444444423,-0.006666666666666667,0.0,0.03444444444446049,0.03444444444446049,12000.0
14239,rdd_west_merged_12000_3,S2A_MSIL2A_20230610T110621_R137_T30TVM_20230610T204848,500,,0.0,0.0,0.3472222222222222,0.0,0.0,0.0,0.0,5.381944444444445,94.27083333333333,0.0,0.0,576,0,0.0,12000.0,12000.0,0.364666223526001,99.65277777777777,,0.0,0.0,0.06277777777777777,0.0,0.0,0.0,0.0,0.14638888888888868,-0.20250000000000057,-0.006666666666666667,0.0,-0.06277777777776805,0.06277777777777777,12000.0
14245,rdd_west_merged_12000_3,S2A_MSIL2A_20230610T110621_R137_T30TVM_20230610T204848,1000,,0.0,0.0,0.0,0.0,0.0,0.0,0.0,4.166666666666667,95.83333333333333,0.0,0.0,144,0,0.0,12000.0,12000.0,0.36747288703918457,100.0,,0.0,0.0,-0.28444444444444444,0.0,0.0,0.0,0.0,-1.068888888888889,1.3599999999999994,-0.006666666666666667,0.0,0.2844444444444605,0.2844444444444605,12000.0
14217,rdd_west_merged_12000_3,S2A_MSIL2A_20230620T110621_R137_T30TVM_20230620T202730,20,,0.0,0.0,0.0,0.0,0.0,0.0,0.0,13.375277777777777,86.52833333333334,0.09638888888888889,0.0,360000,0,0.0,12000.0,12000.0,0.5146615505218506,100.00000000000001,,0.0,0.0,0.0,0.0,0.0,0.0,0.0,0.0,0.0,0.0,0.0,0.0,0.0,12000.0
14223,rdd_west_merged_12000_3,S2A_MSIL2A_20230620T110621_R137_T30TVM_20230620T202730,50,,0.0,0.0,0.0,0.0,0.0,0.0,0.0,13.411458333333334,86.48611111111111,0.10243055555555555,0.0,57600,0,0.0,12000.0,12000.0,0.4207911491394043,100.0,,0.0,0.0,0.0,0.0,0.0,0.0,0.0,0.03618055555555699,-0.04222222222222172,0.006041666666666667,0.0,-1.4210854715202004e-14,1.4210854715202004e-14,12000.0
14229,rdd_west_merged_12000_3,S2A_MSIL2A_20230620T110621_R137_T30TVM_20230620T202730,100,,0.0,0.0,0.0,0.0,0.0,0.0,0.0,13.506944444444445,86.375,0.11805555555555555,0.0,14400,0,0.0,12000.0,12000.0,0.38606882095336914,100.0,,0.0,0.0,0.0,0.0,0.0,0.0,0.0,0.1316666666666677,-0.15333333333333599,0.021666666666666667,0.0,-1.4210854715202004e-14,1.4210854715202004e-14,12000.0
14235,rdd_west_merged_12000_3,S2A_MSIL2A_20230620T110621_R137_T30TVM_20230620T202730,200,,0.0,0.0,0.0,0.0,0.0,0.0,0.0,13.277777777777779,86.61111111111111,0.1111111111111111,0.0,3600,0,0.0,12000.0,12000.0,0.39998507499694824,100.0,,0.0,0.0,0.0,0.0,0.0,0.0,0.0,-0.09749999999999837,0.08277777777777828,0.01472222222222222,0.0,-1.4210854715202004e-14,1.4210854715202004e-14,12000.0
14241,rdd_west_merged_12000_3,S2A_MSIL2A_20230620T110621_R137_T30TVM_20230620T202730,500,,0.0,0.0,0.0,0.0,0.0,0.0,0.0,13.541666666666666,86.28472222222223,0.1736111111111111,0.0,576,0,0.0,12000.0,12000.0,0.364666223526001,100.00000000000001,,0.0,0.0,0.0,0.0,0.0,0.0,0.0,0.16638888888888914,-0.24361111111110745,0.07722222222222222,0.0,0.0,0.0,12000.0
14247,rdd_west_merged_12000_3,S2A_MSIL2A_20230620T110621_R137_T30TVM_20230620T202730,1000,,0.0,0.0,0.0,0.0,0.0,0.0,0.0,11.805555555555555,88.19444444444444,0.0,0.0,144,0,0.0,12000.0,12000.0,0.36747288703918457,100.0,,0.0,0.0,0.0,0.0,0.0,0.0,0.0,-1.5697222222222216,1.6661111111111069,-0.09638888888888889,0.0,-1.4210854715202004e-14,1.4210854715202004e-14,12000.0
14219,rdd_west_merged_12000_3,S2A_MSIL2A_20230630T110621_R137_T30TVM_20230630T203031,20,,0.0,0.0,0.0,8.151111111111112,91.57111111111111,0.01138888888888889,0.011111111111111112,0.0,0.0,0.25527777777777777,0.0,360000,0,0.0,12000.0,12000.0,0.5146615505218506,0.25527777777777777,,0.0,0.0,0.0,0.0,0.0,0.0,0.0,0.0,0.0,0.0,0.0,0.0,0.0,12000.0
14225,rdd_west_merged_12000_3,S2A_MSIL2A_20230630T110621_R137_T30TVM_20230630T203031,50,,0.0,0.0,0.0,8.074652777777779,91.65277777777777,0.008680555555555556,0.012152777777777778,0.0,0.0,0.2517361111111111,0.0,57600,0,0.0,12000.0,12000.0,0.4207911491394043,0.2517361111111111,,0.0,0.0,0.0,-0.07645833333333307,0.08166666666666345,-0.0027083333333333334,0.0010416666666666664,0.0,0.0,-0.003541666666666665,0.0,-0.003541666666666665,0.08166666666666345,12000.0
14231,rdd_west_merged_12000_3,S2A_MSIL2A_20230630T110621_R137_T30TVM_20230630T203031,100,,0.0,0.0,0.0,7.951388888888889,91.75694444444444,0.013888888888888888,0.013888888888888888,0.0,0.0,0.2638888888888889,0.0,14400,0,0.0,12000.0,12000.0,0.38606882095336914,0.2638888888888889,,0.0,0.0,0.0,-0.19972222222222236,0.18583333333333485,0.0024999999999999988,0.0027777777777777766,0.0,0.0,0.008611111111111125,0.0,0.008611111111111125,0.19972222222222236,12000.0
14237,rdd_west_merged_12000_3,S2A_MSIL2A_20230630T110621_R137_T30TVM_20230630T203031,200,,0.0,0.0,0.0,8.222222222222221,91.52777777777777,0.0,0.0,0.0,0.0,0.25,0.0,3600,0,0.0,12000.0,12000.0,0.39998507499694824,0.25,,0.0,0.0,0.0,0.07111111111110979,-0.043333333333336554,-0.01138888888888889,-0.011111111111111112,0.0,0.0,-0.00527777777777777,0.0,-0.00527777777777777,0.07111111111110979,12000.0
14243,rdd_west_merged_12000_3,S2A_MSIL2A_20230630T110621_R137_T30TVM_20230630T203031,500,,0.0,0.0,0.0,6.597222222222222,93.22916666666667,0.0,0.0,0.0,0.0,0.1736111111111111,0.0,576,0,0.0,12000.0,12000.0,0.364666223526001,0.1736111111111111,,0.0,0.0,0.0,-1.5538888888888893,1.6580555555555634,-0.01138888888888889,-0.011111111111111112,0.0,0.0,-0.08166666666666667,0.0,-0.08166666666666667,1.6580555555555634,12000.0
14249,rdd_west_merged_12000_3,S2A_MSIL2A_20230630T110621_R137_T30TVM_20230630T203031,1000,,0.0,0.0,0.0,4.166666666666667,95.83333333333333,0.0,0.0,0.0,0.0,0.0,0.0,144,0,0.0,12000.0,12000.0,0.36747288703918457,0.0,,0.0,0.0,0.0,-3.9844444444444447,4.262222222222221,-0.01138888888888889,-0.011111111111111112,0.0,0.0,-0.25527777777777777,0.0,-0.25527777777777777,4.262222222222221,12000.0
14214,rdd_west_merged_12000_3,S2B_MSIL2A_20230605T110619_R137_T30TVM_20230605T165116,20,,0.0,0.06,11.413055555555555,12.67361111111111,55.525555555555556,0.06805555555555555,0.7980555555555555,10.240277777777777,9.212222222222222,0.009166666666666667,0.0,360000,0,0.0,12000.0,12000.0,0.5146615505218506,19.461666666666666,,0.0,0.0,0.0,0.0,0.0,0.0,0.0,0.0,0.0,0.0,0.0,0.0,0.0,12000.0
14220,rdd_west_merged_12000_3,S2B_MSIL2A_20230605T110619_R137_T30TVM_20230605T165116,50,,0.0,0.057291666666666664,11.375,12.71701388888889,55.546875,0.0642361111111111,0.7986111111111112,10.21875,9.211805555555555,0.010416666666666666,0.0,57600,0,0.0,12000.0,12000.0,0.4207911491394043,19.440972222222225,,0.0,-0.0027083333333333334,-0.03805555555555529,0.04340277777777857,0.021319444444444002,-0.0038194444444444448,0.0005555555555556424,-0.021527777777777146,-0.0004166666666662877,0.0012499999999999994,0.0,-0.020694444444441018,0.04340277777777857,12000.0
14226,rdd_west_merged_12000_3,S2B_MSIL2A_20230605T110619_R137_T30TVM_20230605T165116,100,,0.0,0.0625,11.402777777777779,12.652777777777779,55.763888888888886,0.0763888888888889,0.7777777777777778,10.131944444444445,9.131944444444445,0.0,0.0,14400,0,0.0,12000.0,12000.0,0.38606882095336914,19.26388888888889,,0.0,0.0025000000000000022,-0.01027777777777672,-0.02083333333333215,0.23833333333332973,0.008333333333333345,-0.020277777777777728,-0.1083333333333325,-0.080277777777777,-0.009166666666666667,0.0,-0.19777777777777672,0.23833333333332973,12000.0
14232,rdd_west_merged_12000_3,S2B_MSIL2A_20230605T110619_R137_T30TVM_20230605T165116,200,,0.0,0.19444444444444445,11.222222222222221,12.36111111111111,55.888888888888886,0.1111111111111111,0.75,10.305555555555555,9.166666666666666,0.0,0.0,3600,0,0.0,12000.0,12000.0,0.39998507499694824,19.47222222222222,,0.0,0.13444444444444445,-0.19083333333333385,-0.3125,0.36333333333332973,0.043055555555555555,-0.04805555555555552,0.06527777777777821,-0.04555555555555557,-0.009166666666666667,0.0,0.01055555555555543,0.36333333333332973,12000.0
14238,rdd_west_merged_12000_3,S2B_MSIL2A_20230605T110619_R137_T30TVM_20230605T165116,500,,0.0,0.1736111111111111,12.152777777777779,12.32638888888889,54.34027777777778,0.0,0.6944444444444444,10.069444444444445,10.243055555555555,0.0,0.0,576,0,0.0,12000.0,12000.0,0.364666223526001,20.3125,,0.0,0.11361111111111111,0.7397222222222233,-0.34722222222222143,-1.1852777777777774,-0.06805555555555555,-0.1036111111111111,-0.1708333333333325,1.0308333333333337,-0.009166666666666667,0.0,0.850833333333334,1.1852777777777774,12000.0
14244,rdd_west_merged_12000_3,S2B_MSIL2A_20230605T110619_R137_T30TVM_20230605T165116,1000,,0.0,0.0,11.11111111111111,11.11111111111111,55.55555555555556,0.0,0.6944444444444444,10.416666666666666,11.11111111111111,0.0,0.0,144,0,0.0,12000.0,12000.0,0.36747288703918457,21.52777777777778,,0.0,-0.06,-0.30194444444444457,-1.5625,0.030000000000001137,-0.06805555555555555,-0.1036111111111111,0.17638888888888893,1.898888888888889,-0.009166666666666667,0.0,2.0661111111111126,2.0661111111111126,12000.0
14216,rdd_west_merged_12000_3,S2B_MSIL2A_20230615T110629_R137_T30TVM_20230615T203626,20,,0.0,1.3091666666666666,0.7505555555555555,5.6691666666666665,68.87583333333333,0.03833333333333333,8.627777777777778,7.8244444444444445,6.799722222222222,0.105,0.0,360000,0,0.0,12000.0,12000.0,0.5146615505218506,14.729166666666668,,0.0,0.0,0.0,0.0,0.0,0.0,0.0,0.0,0.0,0.0,0.0,0.0,0.0,12000.0
14222,rdd_west_merged_12000_3,S2B_MSIL2A_20230615T110629_R137_T30TVM_20230615T203626,50,,0.0,1.3229166666666667,0.7378472222222222,5.631944444444445,68.85763888888889,0.041666666666666664,8.652777777777779,7.822916666666667,6.828125,0.10416666666666667,0.0,57600,0,0.0,12000.0,12000.0,0.4207911491394043,14.755208333333334,,0.0,0.013750000000000151,-0.012708333333333321,-0.037222222222221824,-0.018194444444446844,0.003333333333333334,0.025000000000000355,-0.0015277777777775725,0.028402777777778,-0.0008333333333333248,0.0,0.026041666666666075,0.037222222222221824,12000.0
14228,rdd_west_merged_12000_3,S2B_MSIL2A_20230615T110629_R137_T30TVM_20230615T203626,100,,0.0,1.2847222222222223,0.7291666666666666,5.361111111111111,69.01388888888889,0.034722222222222224,8.777777777777779,7.881944444444445,6.805555555555555,0.1111111111111111,0.0,14400,0,0.0,12000.0,12000.0,0.38606882095336914,14.79861111111111,,0.0,-0.02444444444444427,-0.0213888888888889,-0.30805555555555575,0.13805555555555316,-0.0036111111111111066,0.15000000000000036,0.05750000000000011,0.005833333333333357,0.006111111111111109,0.0,0.06944444444444287,0.30805555555555575,12000.0
14234,rdd_west_merged_12000_3,S2B_MSIL2A_20230615T110629_R137_T30TVM_20230615T203626,200,,0.0,1.3611111111111112,0.6666666666666666,5.888888888888889,68.36111111111111,0.05555555555555555,8.777777777777779,7.888888888888889,6.944444444444445,0.05555555555555555,0.0,3600,0,0.0,12000.0,12000.0,0.39998507499694824,14.88888888888889,,0.0,0.05194444444444457,-0.0838888888888889,0.21972222222222282,-0.5147222222222183,0.017222222222222222,0.15000000000000036,0.06444444444444475,0.14472222222222264,-0.049444444444444444,0.0,0.15972222222222143,0.5147222222222183,12000.0
14240,rdd_west_merged_12000_3,S2B_MSIL2A_20230615T110629_R137_T30TVM_20230615T203626,500,,0.0,1.3888888888888888,0.6944444444444444,4.6875,69.44444444444444,0.0,9.027777777777779,8.333333333333334,6.423611111111111,0.0,0.0,576,0,0.0,12000.0,12000.0,0.364666223526001,14.756944444444445,,0.0,0.07972222222222225,-0.05611111111111111,-0.9816666666666665,0.5686111111111103,-0.03833333333333333,0.40000000000000036,0.5088888888888894,-0.3761111111111113,-0.105,0.0,0.02777777777777679,0.9816666666666665,12000.0
14246,rdd_west_merged_12000_3,S2B_MSIL2A_20230615T110629_R137_T30TVM_20230615T203626,1000,,0.0,2.0833333333333335,0.0,5.555555555555555,72.22222222222223,0.0,6.944444444444445,7.638888888888889,5.555555555555555,0.0,0.0,144,0,0.0,12000.0,12000.0,0.36747288703918457,13.194444444444445,,0.0,0.7741666666666669,-0.7505555555555555,-0.11361111111111111,3.346388888888896,-0.03833333333333333,-1.6833333333333336,-0.18555555555555525,-1.2441666666666666,-0.105,0.0,-1.5347222222222232,3.346388888888896,12000.0
14218,rdd_west_merged_12000_3,S2B_MSIL2A_20230625T110619_R137_T30TVM_20230625T163939,20,,0.0,0.2425,4.274444444444445,5.834444444444444,83.0663888888889,0.065,1.0416666666666667,3.3519444444444444,2.0825,0.04111111111111111,0.0,360000,0,0.0,12000.0,12000.0,0.5146615505218506,5.475555555555556,,0.0,0.0,0.0,0.0,0.0,0.0,0.0,0.0,0.0,0.0,0.0,0.0,0.0,12000.0
14224,rdd_west_merged_12000_3,S2B_MSIL2A_20230625T110619_R137_T30TVM_20230625T163939,50,,0.0,0.2552083333333333,4.270833333333333,5.782986111111111,83.125,0.06076388888888889,1.0416666666666667,3.3628472222222223,2.0572916666666665,0.043402777777777776,0.0,57600,0,0.0,12000.0,12000.0,0.4207911491394043,5.463541666666667,,0.0,0.012708333333333321,-0.0036111111111116756,-0.051458333333333606,0.058611111111105174,-0.004236111111111114,0.0,0.010902777777777928,-0.0252083333333335,0.002291666666666664,0.0,-0.012013888888889213,0.058611111111105174,12000.0
14230,rdd_west_merged_12000_3,S2B_MSIL2A_20230625T110619_R137_T30TVM_20230625T163939,100,,0.0,0.24305555555555555,4.284722222222222,5.645833333333333,83.28472222222223,0.06944444444444445,1.0555555555555556,3.298611111111111,2.0625,0.05555555555555555,0.0,14400,0,0.0,12000.0,12000.0,0.38606882095336914,5.416666666666666,,0.0,0.0005555555555555591,0.010277777777777608,-0.18861111111111128,0.2183333333333337,0.004444444444444445,0.01388888888888884,-0.05333333333333323,-0.020000000000000018,0.01444444444444444,0.0,-0.0588888888888901,0.2183333333333337,12000.0
14236,rdd_west_merged_12000_3,S2B_MSIL2A_20230625T110619_R137_T30TVM_20230625T163939,200,,0.0,0.3055555555555556,4.444444444444445,5.861111111111111,82.61111111111111,0.1111111111111111,1.0833333333333333,3.5277777777777777,2.0277777777777777,0.027777777777777776,0.0,3600,0,0.0,12000.0,12000.0,0.39998507499694824,5.583333333333333,,0.0,0.06305555555555559,0.16999999999999993,0.026666666666666394,-0.45527777777778056,0.0461111111111111,0.04166666666666652,0.17583333333333329,-0.05472222222222234,-0.013333333333333336,0.0,0.10777777777777686,0.45527777777778056,12000.0
14242,rdd_west_merged_12000_3,S2B_MSIL2A_20230625T110619_R137_T30TVM_20230625T163939,500,,0.0,0.1736111111111111,3.6458333333333335,6.076388888888889,84.54861111111111,0.0,1.0416666666666667,2.6041666666666665,1.9097222222222223,0.0,0.0,576,0,0.0,12000.0,12000.0,0.364666223526001,4.513888888888889,,0.0,-0.06888888888888889,-0.6286111111111112,0.24194444444444496,1.4822222222222194,-0.065,0.0,-0.7477777777777779,-0.1727777777777777,-0.04111111111111111,0.0,-0.9616666666666669,1.4822222222222194,12000.0
14248,rdd_west_merged_12000_3,S2B_MSIL2A_20230625T110619_R137_T30TVM_20230625T163939,1000,,0.0,0.6944444444444444,3.4722222222222223,2.7777777777777777,89.58333333333333,0.0,0.0,2.0833333333333335,1.3888888888888888,0.0,0.0,144,0,0.0,12000.0,12000.0,0.36747288703918457,3.4722222222222223,,0.0,0.4519444444444444,-0.8022222222222224,-3.0566666666666666,6.516944444444434,-0.065,-1.0416666666666667,-1.268611111111111,-0.6936111111111112,-0.04111111111111111,0.0,-2.003333333333334,6.516944444444434,12000.0
13387,rdd_west_merged_6000_0,S2A_MSIL2A_20230610T110621_R137_T30TUM_20230610T202756,20,,0.0,0.0,1.8855555555555557,0.32222222222222224,0.8233333333333334,0.0,1.42,8.03,87.50333333333333,0.015555555555555555,0.0,90000,0,0.0,6000.0,6000.0,0.375870943069458,95.54888888888888,,0.0,0.0,0.0,0.0,0.0,0.0,0.0,0.0,0.0,0.0,0.0,0.0,0.0,6000.0
13393,rdd_west_merged_6000_0,S2A_MSIL2A_20230610T110621_R137_T30TUM_20230610T202756,50,,0.0,0.0,1.8819444444444444,0.3402777777777778,0.7638888888888888,0.0,1.3888888888888888,8.055555555555555,87.55555555555556,0.013888888888888888,0.0,14400,0,0.0,6000.0,6000.0,0.33742475509643555,95.625,,0.0,0.0,-0.0036111111111112315,0.018055555555555547,-0.05944444444444452,0.0,-0.03111111111111109,0.025555555555555998,0.05222222222222683,-0.001666666666666667,0.0,0.07611111111111768,0.07611111111111768,6000.0
13399,rdd_west_merged_6000_0,S2A_MSIL2A_20230610T110621_R137_T30TUM_20230610T202756,100,,0.0,0.0,1.6388888888888888,0.3055555555555556,0.8333333333333334,0.0,1.2222222222222223,7.916666666666667,88.08333333333333,0.0,0.0,3600,0,0.0,6000.0,6000.0,0.33234095573425293,96.0,,0.0,0.0,-0.2466666666666668,-0.016666666666666663,0.010000000000000009,0.0,-0.1977777777777776,-0.1133333333333324,0.5799999999999983,-0.015555555555555555,0.0,0.4511111111111177,0.4511111111111177,6000.0
13405,rdd_west_merged_6000_0,S2A_MSIL2A_20230610T110621_R137_T30TUM_20230610T202756,200,,0.0,0.0,1.4444444444444444,0.1111111111111111,0.7777777777777778,0.0,1.4444444444444444,8.222222222222221,88.0,0.0,0.0,900,0,0.0,6000.0,6000.0,0.33576130867004395,96.22222222222223,,0.0,0.0,-0.44111111111111123,-0.21111111111111114,-0.04555555555555557,0.0,0.02444444444444449,0.19222222222222207,0.4966666666666697,-0.015555555555555555,0.0,0.6733333333333462,0.6733333333333462,6000.0
13411,rdd_west_merged_6000_0,S2A_MSIL2A_20230610T110621_R137_T30TUM_20230610T202756,500,,0.0,0.0,1.3888888888888888,0.0,0.6944444444444444,0.0,1.3888888888888888,4.861111111111111,91.66666666666667,0.0,0.0,144,0,0.0,6000.0,6000.0,0.46894407272338867,96.52777777777779,,0.0,0.0,-0.4966666666666668,-0.32222222222222224,-0.12888888888888894,0.0,-0.03111111111111109,-3.1688888888888886,4.163333333333341,-0.015555555555555555,0.0,0.9788888888889034,0.9788888888889034,6000.0
13417,rdd_west_merged_6000_0,S2A_MSIL2A_20230610T110621_R137_T30TUM_20230610T202756,1000,,0.0,0.0,0.0,0.0,0.0,0.0,2.7777777777777777,8.333333333333334,88.88888888888889,0.0,0.0,36,0,0.0,6000.0,6000.0,0.31679773330688477,97.22222222222221,,0.0,0.0,-1.8855555555555557,-0.32222222222222224,-0.8233333333333334,0.0,1.3577777777777778,0.30333333333333456,1.3855555555555554,-0.015555555555555555,0.0,1.673333333333332,1.8855555555555557,6000.0
13389,rdd_west_merged_6000_0,S2A_MSIL2A_20230620T110621_R137_T30TUM_20230620T202552,20,,0.0,0.0,0.0,0.0,0.0,0.0,0.0,18.752222222222223,80.03444444444445,1.2133333333333334,0.0,90000,0,0.0,6000.0,6000.0,0.375870943069458,100.0,,0.0,0.0,0.0,0.0,0.0,0.0,0.0,0.0,0.0,0.0,0.0,0.0,0.0,6000.0
13395,rdd_west_merged_6000_0,S2A_MSIL2A_20230620T110621_R137_T30TUM_20230620T202552,50,,0.0,0.0,0.0,0.0,0.0,0.0,0.0,18.694444444444443,80.14583333333333,1.1597222222222223,0.0,14400,0,0.0,6000.0,6000.0,0.33742475509643555,100.0,,0.0,0.0,0.0,0.0,0.0,0.0,0.0,-0.057777777777779704,0.11138888888888232,-0.053611111111111054,0.0,0.0,0.0,6000.0
13401,rdd_west_merged_6000_0,S2A_MSIL2A_20230620T110621_R137_T30TUM_20230620T202552,100,,0.0,0.0,0.0,0.0,0.0,0.0,0.0,18.333333333333332,80.72222222222223,0.9444444444444444,0.0,3600,0,0.0,6000.0,6000.0,0.33234095573425293,100.0,,0.0,0.0,0.0,0.0,0.0,0.0,0.0,-0.4188888888888904,0.6877777777777823,-0.26888888888888896,0.0,0.0,0.0,6000.0
13407,rdd_west_merged_6000_0,S2A_MSIL2A_20230620T110621_R137_T30TUM_20230620T202552,200,,0.0,0.0,0.0,0.0,0.0,0.0,0.0,17.88888888888889,81.44444444444444,0.6666666666666666,0.0,900,0,0.0,6000.0,6000.0,0.33576130867004395,100.0,,0.0,0.0,0.0,0.0,0.0,0.0,0.0,-0.8633333333333333,1.4099999999999966,-0.5466666666666667,0.0,0.0,0.0,6000.0
13413,rdd_west_merged_6000_0,S2A_MSIL2A_20230620T110621_R137_T30TUM_20230620T202552,500,,0.0,0.0,0.0,0.0,0.0,0.0,0.0,18.055555555555557,81.94444444444444,0.0,0.0,144,0,0.0,6000.0,6000.0,0.46894407272338867,100.0,,0.0,0.0,0.0,0.0,0.0,0.0,0.0,-0.6966666666666654,1.9099999999999966,-1.2133333333333334,0.0,0.0,0.0,6000.0
13419,rdd_west_merged_6000_0,S2A_MSIL2A_20230620T110621_R137_T30TUM_20230620T202552,1000,,0.0,0.0,0.0,0.0,0.0,0.0,0.0,16.666666666666668,80.55555555555556,2.7777777777777777,0.0,36,0,0.0,6000.0,6000.0,0.31679773330688477,100.0,,0.0,0.0,0.0,0.0,0.0,0.0,0.0,-2.0855555555555547,0.5211111111111109,1.5644444444444443,0.0,0.0,0.0,6000.0
13391,rdd_west_merged_6000_0,S2A_MSIL2A_20230630T110621_R137_T30TUM_20230630T203024,20,,0.0,0.0,0.0,15.818888888888889,84.17333333333333,0.0,0.0077777777777777776,0.0,0.0,0.0,0.0,90000,0,0.0,6000.0,6000.0,0.375870943069458,0.0,,0.0,0.0,0.0,0.0,0.0,0.0,0.0,0.0,0.0,0.0,0.0,0.0,0.0,6000.0
13397,rdd_west_merged_6000_0,S2A_MSIL2A_20230630T110621_R137_T30TUM_20230630T203024,50,,0.0,0.0,0.0,15.73611111111111,84.24305555555556,0.0,0.020833333333333332,0.0,0.0,0.0,0.0,14400,0,0.0,6000.0,6000.0,0.33742475509643555,0.0,,0.0,0.0,0.0,-0.08277777777777828,0.06972222222222513,0.0,0.013055555555555555,0.0,0.0,0.0,0.0,0.0,0.08277777777777828,6000.0
13403,rdd_west_merged_6000_0,S2A_MSIL2A_20230630T110621_R137_T30TUM_20230630T203024,100,,0.0,0.0,0.0,15.444444444444445,84.55555555555556,0.0,0.0,0.0,0.0,0.0,0.0,3600,0,0.0,6000.0,6000.0,0.33234095573425293,0.0,,0.0,0.0,0.0,-0.37444444444444436,0.3822222222222251,0.0,-0.0077777777777777776,0.0,0.0,0.0,0.0,0.0,0.3822222222222251,6000.0
13409,rdd_west_merged_6000_0,S2A_MSIL2A_20230630T110621_R137_T30TUM_20230630T203024,200,,0.0,0.0,0.0,15.0,85.0,0.0,0.0,0.0,0.0,0.0,0.0,900,0,0.0,6000.0,6000.0,0.33576130867004395,0.0,,0.0,0.0,0.0,-0.818888888888889,0.826666666666668,0.0,-0.0077777777777777776,0.0,0.0,0.0,0.0,0.0,0.826666666666668,6000.0
13415,rdd_west_merged_6000_0,S2A_MSIL2A_20230630T110621_R137_T30TUM_20230630T203024,500,,0.0,0.0,0.0,15.972222222222221,84.02777777777777,0.0,0.0,0.0,0.0,0.0,0.0,144,0,0.0,6000.0,6000.0,0.46894407272338867,0.0,,0.0,0.0,0.0,0.15333333333333243,-0.14555555555556055,0.0,-0.0077777777777777776,0.0,0.0,0.0,0.0,0.0,0.15333333333333243,6000.0
13421,rdd_west_merged_6000_0,S2A_MSIL2A_20230630T110621_R137_T30TUM_20230630T203024,1000,,0.0,0.0,0.0,8.333333333333334,91.66666666666667,0.0,0.0,0.0,0.0,0.0,0.0,36,0,0.0,6000.0,6000.0,0.31679773330688477,0.0,,0.0,0.0,0.0,-7.485555555555555,7.493333333333339,0.0,-0.0077777777777777776,0.0,0.0,0.0,0.0,0.0,7.493333333333339,6000.0
13386,rdd_west_merged_6000_0,S2B_MSIL2A_20230605T110619_R137_T30TUM_20230605T163049,20,,0.0,0.03333333333333333,9.587777777777777,13.071111111111112,55.345555555555556,0.0,0.2877777777777778,11.068888888888889,10.605555555555556,0.0,0.0,90000,0,0.0,6000.0,6000.0,0.375870943069458,21.674444444444447,,0.0,0.0,0.0,0.0,0.0,0.0,0.0,0.0,0.0,0.0,0.0,0.0,0.0,6000.0
13392,rdd_west_merged_6000_0,S2B_MSIL2A_20230605T110619_R137_T30TUM_20230605T163049,50,,0.0,0.020833333333333332,9.520833333333334,12.881944444444445,55.49305555555556,0.0,0.3125,11.194444444444445,10.57638888888889,0.0,0.0,14400,0,0.0,6000.0,6000.0,0.33742475509643555,21.770833333333336,,0.0,-0.0125,-0.06694444444444336,-0.18916666666666693,0.14750000000000085,0.0,0.0247222222222222,0.12555555555555564,-0.029166666666666785,0.0,0.0,0.09638888888888886,0.18916666666666693,6000.0
13398,rdd_west_merged_6000_0,S2B_MSIL2A_20230605T110619_R137_T30TUM_20230605T163049,100,,0.0,0.027777777777777776,9.305555555555555,12.86111111111111,55.861111111111114,0.0,0.3055555555555556,10.86111111111111,10.777777777777779,0.0,0.0,3600,0,0.0,6000.0,6000.0,0.33234095573425293,21.63888888888889,,0.0,-0.005555555555555557,-0.28222222222222193,-0.21000000000000085,0.515555555555558,0.0,0.01777777777777778,-0.20777777777777828,0.1722222222222225,0.0,0.0,-0.03555555555555756,0.515555555555558,6000.0
13404,rdd_west_merged_6000_0,S2B_MSIL2A_20230605T110619_R137_T30TUM_20230605T163049,200,,0.0,0.0,9.444444444444445,12.777777777777779,56.55555555555556,0.0,0.3333333333333333,10.88888888888889,10.0,0.0,0.0,900,0,0.0,6000.0,6000.0,0.33576130867004395,20.88888888888889,,0.0,-0.03333333333333333,-0.14333333333333265,-0.293333333333333,1.2100000000000009,0.0,0.045555555555555516,-0.17999999999999972,-0.6055555555555561,0.0,0.0,-0.7855555555555576,1.2100000000000009,6000.0
13410,rdd_west_merged_6000_0,S2B_MSIL2A_20230605T110619_R137_T30TUM_20230605T163049,500,,0.0,0.0,8.333333333333334,17.36111111111111,53.47222222222222,0.0,0.0,11.11111111111111,9.722222222222221,0.0,0.0,144,0,0.0,6000.0,6000.0,0.46894407272338867,20.833333333333332,,0.0,-0.03333333333333333,-1.2544444444444434,4.289999999999999,-1.8733333333333348,0.0,-0.2877777777777778,0.04222222222222172,-0.8833333333333346,0.0,0.0,-0.8411111111111147,4.289999999999999,6000.0
13416,rdd_west_merged_6000_0,S2B_MSIL2A_20230605T110619_R137_T30TUM_20230605T163049,1000,,0.0,0.0,11.11111111111111,11.11111111111111,61.111111111111114,0.0,0.0,13.88888888888889,2.7777777777777777,0.0,0.0,36,0,0.0,6000.0,6000.0,0.31679773330688477,16.666666666666668,,0.0,-0.03333333333333333,1.5233333333333334,-1.9600000000000009,5.765555555555558,0.0,-0.2877777777777778,2.8200000000000003,-7.827777777777778,0.0,0.0,-5.007777777777779,5.765555555555558,6000.0
13388,rdd_west_merged_6000_0,S2B_MSIL2A_20230615T110629_R137_T30TUM_20230615T205813,20,,0.0,0.015555555555555555,2.8177777777777777,16.945555555555554,76.03444444444445,0.0,0.4577777777777778,1.9855555555555555,1.7266666666666666,0.016666666666666666,0.0,90000,0,0.0,6000.0,6000.0,0.375870943069458,3.7288888888888887,,0.0,0.0,0.0,0.0,0.0,0.0,0.0,0.0,0.0,0.0,0.0,0.0,0.0,6000.0
13394,rdd_west_merged_6000_0,S2B_MSIL2A_20230615T110629_R137_T30TUM_20230615T205813,50,,0.0,0.006944444444444444,2.8194444444444446,17.09722222222222,75.92361111111111,0.0,0.4583333333333333,2.0069444444444446,1.6597222222222223,0.027777777777777776,0.0,14400,0,0.0,6000.0,6000.0,0.33742475509643555,3.6944444444444446,,0.0,-0.008611111111111111,0.0016666666666669272,0.15166666666666728,-0.11083333333333201,0.0,0.0005555555555555314,0.021388888888889124,-0.06694444444444425,0.01111111111111111,0.0,-0.034444444444444056,0.15166666666666728,6000.0
13400,rdd_west_merged_6000_0,S2B_MSIL2A_20230615T110629_R137_T30TUM_20230615T205813,100,,0.0,0.027777777777777776,2.7777777777777777,16.72222222222222,76.72222222222223,0.0,0.4166666666666667,1.6111111111111112,1.6388888888888888,0.08333333333333333,0.0,3600,0,0.0,6000.0,6000.0,0.33234095573425293,3.3333333333333335,,0.0,0.012222222222222221,-0.040000000000000036,-0.22333333333333272,0.6877777777777823,0.0,-0.0411111111111111,-0.37444444444444436,-0.08777777777777773,0.06666666666666667,0.0,-0.3955555555555552,0.6877777777777823,6000.0
13406,rdd_west_merged_6000_0,S2B_MSIL2A_20230615T110629_R137_T30TUM_20230615T205813,200,,0.0,0.0,2.7777777777777777,17.666666666666668,75.66666666666667,0.0,0.7777777777777778,1.4444444444444444,1.6666666666666667,0.0,0.0,900,0,0.0,6000.0,6000.0,0.33576130867004395,3.111111111111111,,0.0,-0.015555555555555555,-0.040000000000000036,0.7211111111111137,-0.3677777777777749,0.0,0.32,-0.5411111111111111,-0.05999999999999983,-0.016666666666666666,0.0,-0.6177777777777775,0.7211111111111137,6000.0
13412,rdd_west_merged_6000_0,S2B_MSIL2A_20230615T110629_R137_T30TUM_20230615T205813,500,,0.0,0.0,2.0833333333333335,20.833333333333332,74.30555555555556,0.0,0.0,1.3888888888888888,1.3888888888888888,0.0,0.0,144,0,0.0,6000.0,6000.0,0.46894407272338867,2.7777777777777777,,0.0,-0.015555555555555555,-0.7344444444444442,3.887777777777778,-1.7288888888888891,0.0,-0.4577777777777778,-0.5966666666666667,-0.33777777777777773,-0.016666666666666666,0.0,-0.951111111111111,3.887777777777778,6000.0
13418,rdd_west_merged_6000_0,S2B_MSIL2A_20230615T110629_R137_T30TUM_20230615T205813,1000,,0.0,0.0,2.7777777777777777,16.666666666666668,80.55555555555556,0.0,0.0,0.0,0.0,0.0,0.0,36,0,0.0,6000.0,6000.0,0.31679773330688477,0.0,,0.0,-0.015555555555555555,-0.040000000000000036,-0.2788888888888863,4.521111111111111,0.0,-0.4577777777777778,-1.9855555555555555,-1.7266666666666666,-0.016666666666666666,0.0,-3.7288888888888887,4.521111111111111,6000.0
13390,rdd_west_merged_6000_0,S2B_MSIL2A_20230625T110619_R137_T30TUM_20230625T164707,20,,0.0,0.024444444444444446,20.82111111111111,10.176666666666666,43.13111111111111,0.0,0.18888888888888888,11.795555555555556,13.813333333333333,0.04888888888888889,0.0,90000,0,0.0,6000.0,6000.0,0.375870943069458,25.657777777777778,,0.0,0.0,0.0,0.0,0.0,0.0,0.0,0.0,0.0,0.0,0.0,0.0,0.0,6000.0
13396,rdd_west_merged_6000_0,S2B_MSIL2A_20230625T110619_R137_T30TUM_20230625T164707,50,,0.0,0.020833333333333332,20.82638888888889,10.284722222222221,42.9375,0.0,0.2013888888888889,11.791666666666666,13.902777777777779,0.034722222222222224,0.0,14400,0,0.0,6000.0,6000.0,0.33742475509643555,25.729166666666664,,0.0,-0.0036111111111111135,0.005277777777777715,0.10805555555555557,-0.1936111111111103,0.0,0.012500000000000011,-0.003888888888889497,0.08944444444444599,-0.014166666666666668,0.0,0.07138888888888673,0.1936111111111103,6000.0
13402,rdd_west_merged_6000_0,S2B_MSIL2A_20230625T110619_R137_T30TUM_20230625T164707,100,,0.0,0.027777777777777776,20.833333333333332,9.444444444444445,43.111111111111114,0.0,0.2222222222222222,12.38888888888889,13.88888888888889,0.08333333333333333,0.0,3600,0,0.0,6000.0,6000.0,0.33234095573425293,26.36111111111111,,0.0,0.0033333333333333305,0.01222222222222058,-0.7322222222222212,-0.01999999999999602,0.0,0.033333333333333326,0.5933333333333337,0.07555555555555671,0.03444444444444444,0.0,0.7033333333333331,0.7322222222222212,6000.0
13408,rdd_west_merged_6000_0,S2B_MSIL2A_20230625T110619_R137_T30TUM_20230625T164707,200,,0.0,0.0,20.22222222222222,9.666666666666666,44.44444444444444,0.0,0.2222222222222222,10.88888888888889,14.555555555555555,0.0,0.0,900,0,0.0,6000.0,6000.0,0.33576130867004395,25.444444444444443,,0.0,-0.024444444444444446,-0.5988888888888901,-0.5099999999999998,1.3133333333333326,0.0,0.033333333333333326,-0.9066666666666663,0.7422222222222228,-0.04888888888888889,0.0,-0.2133333333333347,1.3133333333333326,6000.0
13414,rdd_west_merged_6000_0,S2B_MSIL2A_20230625T110619_R137_T30TUM_20230625T164707,500,,0.0,0.0,21.52777777777778,8.333333333333334,43.75,0.0,0.0,14.583333333333334,11.805555555555555,0.0,0.0,144,0,0.0,6000.0,6000.0,0.46894407272338867,26.38888888888889,,0.0,-0.024444444444444446,0.706666666666667,-1.843333333333332,0.6188888888888897,0.0,-0.18888888888888888,2.7877777777777784,-2.007777777777777,-0.04888888888888889,0.0,0.7311111111111117,1.843333333333332,6000.0
13420,rdd_west_merged_6000_0,S2B_MSIL2A_20230625T110619_R137_T30TUM_20230625T164707,1000,,0.0,0.0,22.22222222222222,5.555555555555555,38.888888888888886,0.0,0.0,16.666666666666668,16.666666666666668,0.0,0.0,36,0,0.0,6000.0,6000.0,0.31679773330688477,33.333333333333336,,0.0,-0.024444444444444446,1.4011111111111099,-4.6211111111111105,-4.242222222222225,0.0,-0.18888888888888888,4.871111111111112,2.8533333333333353,-0.04888888888888889,0.0,7.675555555555558,7.675555555555558,6000.0
13423,rdd_west_merged_6000_1,S2A_MSIL2A_20230610T110621_R137_T30TUM_20230610T202756,20,,0.0,0.0,1.4577777777777778,0.0011111111111111111,0.0,0.0,0.9577777777777777,7.6322222222222225,89.95111111111112,0.0,0.0,90000,0,0.0,6000.0,6000.0,0.37096738815307617,97.58333333333334,,0.0,0.0,0.0,0.0,0.0,0.0,0.0,0.0,0.0,0.0,0.0,0.0,0.0,6000.0
13429,rdd_west_merged_6000_1,S2A_MSIL2A_20230610T110621_R137_T30TUM_20230610T202756,50,,0.0,0.0,1.4444444444444444,0.0,0.0,0.0,0.9236111111111112,7.506944444444445,90.125,0.0,0.0,14400,0,0.0,6000.0,6000.0,0.31958484649658203,97.63194444444444,,0.0,0.0,-0.01333333333333342,-0.0011111111111111111,0.0,0.0,-0.03416666666666657,-0.12527777777777782,0.17388888888888232,0.0,0.0,0.04861111111110006,0.04861111111110006,6000.0
13435,rdd_west_merged_6000_1,S2A_MSIL2A_20230610T110621_R137_T30TUM_20230610T202756,100,,0.0,0.0,1.3888888888888888,0.0,0.0,0.0,0.9722222222222222,7.083333333333333,90.55555555555556,0.0,0.0,3600,0,0.0,6000.0,6000.0,0.29734086990356445,97.63888888888889,,0.0,0.0,-0.068888888888889,-0.0011111111111111111,0.0,0.0,0.014444444444444482,-0.5488888888888894,0.6044444444444395,0.0,0.0,0.055555555555542924,0.068888888888889,6000.0
13441,rdd_west_merged_6000_1,S2A_MSIL2A_20230610T110621_R137_T30TUM_20230610T202756,200,,0.0,0.0,1.1111111111111112,0.0,0.0,0.0,1.0,7.777777777777778,90.11111111111111,0.0,0.0,900,0,0.0,6000.0,6000.0,0.2728545665740967,97.88888888888889,,0.0,0.0,-0.3466666666666667,-0.0011111111111111111,0.0,0.0,0.04222222222222227,0.14555555555555522,0.1599999999999966,0.0,0.0,0.3055555555555429,0.3466666666666667,6000.0
13447,rdd_west_merged_6000_1,S2A_MSIL2A_20230610T110621_R137_T30TUM_20230610T202756,500,,0.0,0.0,0.6944444444444444,0.0,0.0,0.0,1.3888888888888888,6.944444444444445,90.97222222222223,0.0,0.0,144,0,0.0,6000.0,6000.0,0.3696904182434082,97.91666666666667,,0.0,0.0,-0.7633333333333334,-0.0011111111111111111,0.0,0.0,0.4311111111111111,-0.6877777777777778,1.0211111111111109,0.0,0.0,0.3333333333333286,0.7633333333333334,6000.0
13453,rdd_west_merged_6000_1,S2A_MSIL2A_20230610T110621_R137_T30TUM_20230610T202756,1000,,0.0,0.0,0.0,0.0,0.0,0.0,0.0,13.88888888888889,86.11111111111111,0.0,0.0,36,0,0.0,6000.0,6000.0,0.2983675003051758,100.0,,0.0,0.0,-1.4577777777777778,-0.0011111111111111111,0.0,0.0,-0.9577777777777777,6.256666666666667,-3.8400000000000034,0.0,0.0,2.416666666666657,2.416666666666657,6000.0
13425,rdd_west_merged_6000_1,S2A_MSIL2A_20230620T110621_R137_T30TUM_20230620T202552,20,,0.0,0.0,0.0,0.024444444444444446,1.468888888888889,0.0,0.0,41.27333333333333,42.44555555555556,14.787777777777778,0.0,90000,0,0.0,6000.0,6000.0,0.37096738815307617,98.50666666666667,,0.0,0.0,0.0,0.0,0.0,0.0,0.0,0.0,0.0,0.0,0.0,0.0,0.0,6000.0
13431,rdd_west_merged_6000_1,S2A_MSIL2A_20230620T110621_R137_T30TUM_20230620T202552,50,,0.0,0.0,0.0,0.027777777777777776,1.4444444444444444,0.0,0.0,41.19444444444444,42.625,14.708333333333334,0.0,14400,0,0.0,6000.0,6000.0,0.31958484649658203,98.52777777777777,,0.0,0.0,0.0,0.0033333333333333305,-0.02444444444444449,0.0,0.0,-0.07888888888889056,0.1794444444444423,-0.07944444444444443,0.0,0.021111111111096648,0.02444444444444449,6000.0
13437,rdd_west_merged_6000_1,S2A_MSIL2A_20230620T110621_R137_T30TUM_20230620T202552,100,,0.0,0.0,0.0,0.027777777777777776,1.3611111111111112,0.0,0.0,40.69444444444444,43.388888888888886,14.527777777777779,0.0,3600,0,0.0,6000.0,6000.0,0.29734086990356445,98.61111111111111,,0.0,0.0,0.0,0.0033333333333333305,-0.10777777777777775,0.0,0.0,-0.5788888888888906,0.943333333333328,-0.2599999999999998,0.0,0.10444444444443945,0.10777777777777775,6000.0
13443,rdd_west_merged_6000_1,S2A_MSIL2A_20230620T110621_R137_T30TUM_20230620T202552,200,,0.0,0.0,0.0,0.0,1.0,0.0,0.0,42.22222222222222,43.111111111111114,13.666666666666666,0.0,900,0,0.0,6000.0,6000.0,0.2728545665740967,99.00000000000001,,0.0,0.0,0.0,-0.024444444444444446,-0.4688888888888889,0.0,0.0,0.948888888888888,0.6655555555555566,-1.1211111111111123,0.0,0.4933333333333394,0.4933333333333394,6000.0
13449,rdd_west_merged_6000_1,S2A_MSIL2A_20230620T110621_R137_T30TUM_20230620T202552,500,,0.0,0.0,0.0,0.0,0.6944444444444444,0.0,0.0,40.27777777777778,45.138888888888886,13.88888888888889,0.0,144,0,0.0,6000.0,6000.0,0.3696904182434082,99.30555555555554,,0.0,0.0,0.0,-0.024444444444444446,-0.7744444444444445,0.0,0.0,-0.9955555555555549,2.693333333333328,-0.8988888888888891,0.0,0.7988888888888681,0.7988888888888681,6000.0
13455,rdd_west_merged_6000_1,S2A_MSIL2A_20230620T110621_R137_T30TUM_20230620T202552,1000,,0.0,0.0,0.0,0.0,0.0,0.0,0.0,47.22222222222222,41.666666666666664,11.11111111111111,0.0,36,0,0.0,6000.0,6000.0,0.2983675003051758,100.0,,0.0,0.0,0.0,-0.024444444444444446,-1.468888888888889,0.0,0.0,5.948888888888888,-0.7788888888888934,-3.6766666666666676,0.0,1.4933333333333252,1.4933333333333252,6000.0
13427,rdd_west_merged_6000_1,S2A_MSIL2A_20230630T110621_R137_T30TUM_20230630T203024,20,,0.0,0.0022222222222222222,0.0,23.024444444444445,76.93333333333334,0.034444444444444444,0.005555555555555556,0.0,0.0,0.0,0.0,90000,0,0.0,6000.0,6000.0,0.37096738815307617,0.0,,0.0,0.0,0.0,0.0,0.0,0.0,0.0,0.0,0.0,0.0,0.0,0.0,0.0,6000.0
13433,rdd_west_merged_6000_1,S2A_MSIL2A_20230630T110621_R137_T30TUM_20230630T203024,50,,0.0,0.0,0.0,23.055555555555557,76.90972222222223,0.034722222222222224,0.0,0.0,0.0,0.0,0.0,14400,0,0.0,6000.0,6000.0,0.31958484649658203,0.0,,0.0,-0.0022222222222222222,0.0,0.03111111111111242,-0.023611111111108585,0.00027777777777777957,-0.005555555555555556,0.0,0.0,0.0,0.0,0.0,0.03111111111111242,6000.0
13439,rdd_west_merged_6000_1,S2A_MSIL2A_20230630T110621_R137_T30TUM_20230630T203024,100,,0.0,0.0,0.0,22.305555555555557,77.63888888888889,0.027777777777777776,0.027777777777777776,0.0,0.0,0.0,0.0,3600,0,0.0,6000.0,6000.0,0.29734086990356445,0.0,,0.0,-0.0022222222222222222,0.0,-0.7188888888888876,0.7055555555555486,-0.006666666666666668,0.02222222222222222,0.0,0.0,0.0,0.0,0.0,0.7188888888888876,6000.0
13445,rdd_west_merged_6000_1,S2A_MSIL2A_20230630T110621_R137_T30TUM_20230630T203024,200,,0.0,0.0,0.0,22.444444444444443,77.55555555555556,0.0,0.0,0.0,0.0,0.0,0.0,900,0,0.0,6000.0,6000.0,0.2728545665740967,0.0,,0.0,-0.0022222222222222222,0.0,-0.5800000000000018,0.62222222222222,-0.034444444444444444,-0.005555555555555556,0.0,0.0,0.0,0.0,0.0,0.62222222222222,6000.0
13451,rdd_west_merged_6000_1,S2A_MSIL2A_20230630T110621_R137_T30TUM_20230630T203024,500,,0.0,0.0,0.0,22.22222222222222,77.77777777777777,0.0,0.0,0.0,0.0,0.0,0.0,144,0,0.0,6000.0,6000.0,0.3696904182434082,0.0,,0.0,-0.0022222222222222222,0.0,-0.8022222222222233,0.8444444444444343,-0.034444444444444444,-0.005555555555555556,0.0,0.0,0.0,0.0,0.0,0.8444444444444343,6000.0
13457,rdd_west_merged_6000_1,S2A_MSIL2A_20230630T110621_R137_T30TUM_20230630T203024,1000,,0.0,0.0,0.0,22.22222222222222,77.77777777777777,0.0,0.0,0.0,0.0,0.0,0.0,36,0,0.0,6000.0,6000.0,0.2983675003051758,0.0,,0.0,-0.0022222222222222222,0.0,-0.8022222222222233,0.8444444444444343,-0.034444444444444444,-0.005555555555555556,0.0,0.0,0.0,0.0,0.0,0.8444444444444343,6000.0
13422,rdd_west_merged_6000_1,S2B_MSIL2A_20230605T110619_R137_T30TUM_20230605T163049,20,,0.0,0.0011111111111111111,21.98777777777778,17.113333333333333,37.967777777777776,0.0,0.11888888888888889,9.067777777777778,13.71,0.03333333333333333,0.0,90000,0,0.0,6000.0,6000.0,0.37096738815307617,22.811111111111114,,0.0,0.0,0.0,0.0,0.0,0.0,0.0,0.0,0.0,0.0,0.0,0.0,0.0,6000.0
13428,rdd_west_merged_6000_1,S2B_MSIL2A_20230605T110619_R137_T30TUM_20230605T163049,50,,0.0,0.0,21.97222222222222,17.083333333333332,37.958333333333336,0.0,0.1111111111111111,9.215277777777779,13.645833333333334,0.013888888888888888,0.0,14400,0,0.0,6000.0,6000.0,0.31958484649658203,22.875000000000004,,0.0,-0.0011111111111111111,-0.015555555555557987,-0.030000000000001137,-0.009444444444440592,0.0,-0.007777777777777786,0.14750000000000085,-0.06416666666666693,-0.019444444444444445,0.0,0.06388888888889,0.06388888888889,6000.0
13434,rdd_west_merged_6000_1,S2B_MSIL2A_20230605T110619_R137_T30TUM_20230605T163049,100,,0.0,0.0,22.72222222222222,16.666666666666668,37.861111111111114,0.0,0.08333333333333333,9.055555555555555,13.583333333333334,0.027777777777777776,0.0,3600,0,0.0,6000.0,6000.0,0.29734086990356445,22.666666666666668,,0.0,-0.0011111111111111111,0.734444444444442,-0.44666666666666544,-0.10666666666666202,0.0,-0.03555555555555556,-0.012222222222222356,-0.12666666666666693,-0.005555555555555557,0.0,-0.1444444444444457,0.734444444444442,6000.0
13440,rdd_west_merged_6000_1,S2B_MSIL2A_20230605T110619_R137_T30TUM_20230605T163049,200,,0.0,0.0,22.0,15.88888888888889,38.333333333333336,0.0,0.2222222222222222,9.777777777777779,13.666666666666666,0.1111111111111111,0.0,900,0,0.0,6000.0,6000.0,0.2728545665740967,23.555555555555554,,0.0,-0.0011111111111111111,0.01222222222222058,-1.224444444444444,0.3655555555555594,0.0,0.10333333333333332,0.7100000000000009,-0.04333333333333478,0.07777777777777778,0.0,0.74444444444444,1.224444444444444,6000.0
13446,rdd_west_merged_6000_1,S2B_MSIL2A_20230605T110619_R137_T30TUM_20230605T163049,500,,0.0,0.0,22.22222222222222,18.75,36.111111111111114,0.0,0.0,8.333333333333334,14.583333333333334,0.0,0.0,144,0,0.0,6000.0,6000.0,0.3696904182434082,22.916666666666668,,0.0,-0.0011111111111111111,0.234444444444442,1.6366666666666667,-1.856666666666662,0.0,-0.11888888888888889,-0.7344444444444438,0.8733333333333331,-0.03333333333333333,0.0,0.10555555555555429,1.856666666666662,6000.0
13452,rdd_west_merged_6000_1,S2B_MSIL2A_20230605T110619_R137_T30TUM_20230605T163049,1000,,0.0,0.0,16.666666666666668,25.0,25.0,0.0,0.0,19.444444444444443,13.88888888888889,0.0,0.0,36,0,0.0,6000.0,6000.0,0.2983675003051758,33.33333333333333,,0.0,-0.0011111111111111111,-5.321111111111112,7.886666666666667,-12.967777777777776,0.0,-0.11888888888888889,10.376666666666665,0.17888888888888843,-0.03333333333333333,0.0,10.522222222222215,12.967777777777776,6000.0
13424,rdd_west_merged_6000_1,S2B_MSIL2A_20230615T110629_R137_T30TUM_20230615T205813,20,,0.0,0.31333333333333335,8.248888888888889,18.464444444444446,62.34777777777778,0.027777777777777776,0.5677777777777778,6.497777777777777,3.5166666666666666,0.015555555555555555,0.0,90000,0,0.0,6000.0,6000.0,0.37096738815307617,10.03,,0.0,0.0,0.0,0.0,0.0,0.0,0.0,0.0,0.0,0.0,0.0,0.0,0.0,6000.0
13430,rdd_west_merged_6000_1,S2B_MSIL2A_20230615T110629_R137_T30TUM_20230615T205813,50,,0.0,0.3125,8.26388888888889,18.42361111111111,62.19444444444444,0.027777777777777776,0.6388888888888888,6.618055555555555,3.513888888888889,0.006944444444444444,0.0,14400,0,0.0,6000.0,6000.0,0.31958484649658203,10.13888888888889,,0.0,-0.0008333333333333526,0.015000000000000568,-0.040833333333335275,-0.15333333333333599,0.0,0.07111111111111101,0.12027777777777793,-0.002777777777777768,-0.008611111111111111,0.0,0.10888888888888992,0.15333333333333599,6000.0
13436,rdd_west_merged_6000_1,S2B_MSIL2A_20230615T110629_R137_T30TUM_20230615T205813,100,,0.0,0.3055555555555556,8.027777777777779,18.02777777777778,63.0,0.027777777777777776,0.4166666666666667,6.555555555555555,3.638888888888889,0.0,0.0,3600,0,0.0,6000.0,6000.0,0.29734086990356445,10.194444444444445,,0.0,-0.007777777777777772,-0.22111111111111015,-0.4366666666666674,0.6522222222222211,0.0,-0.15111111111111114,0.05777777777777793,0.12222222222222223,-0.015555555555555555,0.0,0.16444444444444528,0.6522222222222211,6000.0
13442,rdd_west_merged_6000_1,S2B_MSIL2A_20230615T110629_R137_T30TUM_20230615T205813,200,,0.0,0.2222222222222222,8.555555555555555,18.88888888888889,62.111111111111114,0.0,0.7777777777777778,6.222222222222222,3.2222222222222223,0.0,0.0,900,0,0.0,6000.0,6000.0,0.2728545665740967,9.444444444444445,,0.0,-0.09111111111111114,0.30666666666666664,0.4244444444444433,-0.23666666666666458,-0.027777777777777776,0.20999999999999996,-0.2755555555555551,-0.2944444444444443,-0.015555555555555555,0.0,-0.5855555555555547,0.5855555555555547,6000.0
13448,rdd_west_merged_6000_1,S2B_MSIL2A_20230615T110629_R137_T30TUM_20230615T205813,500,,0.0,0.0,8.333333333333334,15.277777777777779,65.97222222222223,0.0,0.0,5.555555555555555,4.861111111111111,0.0,0.0,144,0,0.0,6000.0,6000.0,0.3696904182434082,10.416666666666666,,0.0,-0.31333333333333335,0.08444444444444521,-3.1866666666666674,3.6244444444444497,-0.027777777777777776,-0.5677777777777778,-0.9422222222222221,1.344444444444444,-0.015555555555555555,0.0,0.3866666666666667,3.6244444444444497,6000.0
13454,rdd_west_merged_6000_1,S2B_MSIL2A_20230615T110629_R137_T30TUM_20230615T205813,1000,,0.0,0.0,2.7777777777777777,22.22222222222222,58.333333333333336,0.0,0.0,13.88888888888889,2.7777777777777777,0.0,0.0,36,0,0.0,6000.0,6000.0,0.2983675003051758,16.666666666666668,,0.0,-0.31333333333333335,-5.471111111111111,3.7577777777777754,-4.014444444444443,-0.027777777777777776,-0.5677777777777778,7.391111111111112,-0.7388888888888889,-0.015555555555555555,0.0,6.6366666666666685,6.6366666666666685,6000.0
13426,rdd_west_merged_6000_1,S2B_MSIL2A_20230625T110619_R137_T30TUM_20230625T164707,20,,0.0,0.014444444444444444,3.49,18.204444444444444,77.43888888888888,0.022222222222222223,0.21,0.5155555555555555,0.10444444444444445,0.0,0.0,90000,0,0.0,6000.0,6000.0,0.37096738815307617,0.62,,0.0,0.0,0.0,0.0,0.0,0.0,0.0,0.0,0.0,0.0,0.0,0.0,0.0,6000.0
13432,rdd_west_merged_6000_1,S2B_MSIL2A_20230625T110619_R137_T30TUM_20230625T164707,50,,0.0,0.013888888888888888,3.5069444444444446,18.22222222222222,77.46527777777777,0.013888888888888888,0.16666666666666666,0.4930555555555556,0.11805555555555555,0.0,0.0,14400,0,0.0,6000.0,6000.0,0.31958484649658203,0.6111111111111112,,0.0,-0.0005555555555555557,0.01694444444444443,0.017777777777777004,0.026388888888888573,-0.008333333333333335,-0.043333333333333335,-0.022499999999999964,0.013611111111111102,0.0,0.0,-0.008888888888888835,0.043333333333333335,6000.0
13438,rdd_west_merged_6000_1,S2B_MSIL2A_20230625T110619_R137_T30TUM_20230625T164707,100,,0.0,0.027777777777777776,3.5555555555555554,17.72222222222222,77.77777777777777,0.027777777777777776,0.2777777777777778,0.4722222222222222,0.1388888888888889,0.0,0.0,3600,0,0.0,6000.0,6000.0,0.29734086990356445,0.6111111111111112,,0.0,0.013333333333333332,0.06555555555555515,-0.482222222222223,0.3388888888888886,0.005555555555555553,0.0677777777777778,-0.043333333333333335,0.034444444444444444,0.0,0.0,-0.008888888888888835,0.482222222222223,6000.0
13444,rdd_west_merged_6000_1,S2B_MSIL2A_20230625T110619_R137_T30TUM_20230625T164707,200,,0.0,0.0,4.333333333333333,17.22222222222222,77.55555555555556,0.0,0.2222222222222222,0.5555555555555556,0.1111111111111111,0.0,0.0,900,0,0.0,6000.0,6000.0,0.2728545665740967,0.6666666666666667,,0.0,-0.014444444444444444,0.8433333333333328,-0.982222222222223,0.11666666666667425,-0.022222222222222223,0.012222222222222218,0.040000000000000036,0.006666666666666654,0.0,0.0,0.046666666666666745,0.982222222222223,6000.0
13450,rdd_west_merged_6000_1,S2B_MSIL2A_20230625T110619_R137_T30TUM_20230625T164707,500,,0.0,0.0,0.6944444444444444,16.666666666666668,81.94444444444444,0.0,0.0,0.0,0.6944444444444444,0.0,0.0,144,0,0.0,6000.0,6000.0,0.3696904182434082,0.6944444444444444,,0.0,-0.014444444444444444,-2.7955555555555556,-1.5377777777777766,4.50555555555556,-0.022222222222222223,-0.21,-0.5155555555555555,0.59,0.0,0.0,0.07444444444444442,4.50555555555556,6000.0
13456,rdd_west_merged_6000_1,S2B_MSIL2A_20230625T110619_R137_T30TUM_20230625T164707,1000,,0.0,0.0,2.7777777777777777,13.88888888888889,83.33333333333333,0.0,0.0,0.0,0.0,0.0,0.0,36,0,0.0,6000.0,6000.0,0.2983675003051758,0.0,,0.0,-0.014444444444444444,-0.7122222222222225,-4.315555555555555,5.894444444444446,-0.022222222222222223,-0.21,-0.5155555555555555,-0.10444444444444445,0.0,0.0,-0.62,5.894444444444446,6000.0
13747,rdd_west_merged_6000_10,S2A_MSIL2A_20230610T110621_R137_T30TVM_20230610T204848,20,,0.0,0.0,0.035555555555555556,0.0,0.0,0.0,0.0,2.4055555555555554,97.55888888888889,0.0,0.0,90000,0,0.0,6000.000000000058,6000.000000000931,0.39764976501464844,99.96444444444444,,0.0,0.0,0.0,0.0,0.0,0.0,0.0,0.0,0.0,0.0,0.0,0.0,0.0,6000.0
13753,rdd_west_merged_6000_10,S2A_MSIL2A_20230610T110621_R137_T30TVM_20230610T204848,50,,0.0,0.0,0.034722222222222224,0.0,0.0,0.0,0.0,2.3541666666666665,97.61111111111111,0.0,0.0,14400,0,0.0,6000.000000000058,6000.000000000931,0.9816486835479736,99.96527777777779,,0.0,0.0,-0.0008333333333333318,0.0,0.0,0.0,0.0,-0.05138888888888893,0.05222222222222683,0.0,0.0,0.0008333333333467863,0.0008333333333467863,6000.0
13759,rdd_west_merged_6000_10,S2A_MSIL2A_20230610T110621_R137_T30TVM_20230610T204848,100,,0.0,0.0,0.027777777777777776,0.0,0.0,0.0,0.0,2.2777777777777777,97.69444444444444,0.0,0.0,3600,0,0.0,6000.000000000058,6000.000000000931,0.44021177291870117,99.97222222222221,,0.0,0.0,-0.007777777777777779,0.0,0.0,0.0,0.0,-0.12777777777777777,0.13555555555555543,0.0,0.0,0.007777777777775441,0.007777777777777779,6000.0
13765,rdd_west_merged_6000_10,S2A_MSIL2A_20230610T110621_R137_T30TVM_20230610T204848,200,,0.0,0.0,0.1111111111111111,0.0,0.0,0.0,0.0,2.4444444444444446,97.44444444444444,0.0,0.0,900,0,0.0,6000.000000000058,6000.000000000931,0.35927653312683105,99.88888888888889,,0.0,0.0,0.07555555555555554,0.0,0.0,0.0,0.0,0.038888888888889195,-0.11444444444444457,0.0,0.0,-0.07555555555555316,0.07555555555555554,6000.0
13771,rdd_west_merged_6000_10,S2A_MSIL2A_20230610T110621_R137_T30TVM_20230610T204848,500,,0.0,0.0,0.0,0.0,0.0,0.0,0.0,2.0833333333333335,97.91666666666667,0.0,0.0,144,0,0.0,6000.000000000058,6000.000000000931,0.374683141708374,100.0,,0.0,0.0,-0.035555555555555556,0.0,0.0,0.0,0.0,-0.32222222222222197,0.35777777777778397,0.0,0.0,0.035555555555561114,0.035555555555561114,6000.0
13777,rdd_west_merged_6000_10,S2A_MSIL2A_20230610T110621_R137_T30TVM_20230610T204848,1000,,0.0,0.0,0.0,0.0,0.0,0.0,0.0,0.0,100.0,0.0,0.0,36,0,0.0,6000.000000000058,6000.000000000931,0.3714916706085205,100.0,,0.0,0.0,-0.035555555555555556,0.0,0.0,0.0,0.0,-2.4055555555555554,2.4411111111111126,0.0,0.0,0.035555555555561114,0.035555555555561114,6000.0
13749,rdd_west_merged_6000_10,S2A_MSIL2A_20230620T110621_R137_T30TVM_20230620T202730,20,,0.0,0.0,0.0,0.0,0.0,0.0,0.0,4.091111111111111,95.9088888888889,0.0,0.0,90000,0,0.0,6000.000000000058,6000.000000000931,0.39764976501464844,100.0,,0.0,0.0,0.0,0.0,0.0,0.0,0.0,0.0,0.0,0.0,0.0,0.0,0.0,6000.0
13755,rdd_west_merged_6000_10,S2A_MSIL2A_20230620T110621_R137_T30TVM_20230620T202730,50,,0.0,0.0,0.0,0.0,0.0,0.0,0.0,4.048611111111111,95.95138888888889,0.0,0.0,14400,0,0.0,6000.000000000058,6000.000000000931,0.9816486835479736,100.0,,0.0,0.0,0.0,0.0,0.0,0.0,0.0,-0.042500000000000426,0.04249999999998977,0.0,0.0,0.0,0.0,6000.0
13761,rdd_west_merged_6000_10,S2A_MSIL2A_20230620T110621_R137_T30TVM_20230620T202730,100,,0.0,0.0,0.0,0.0,0.0,0.0,0.0,4.055555555555555,95.94444444444444,0.0,0.0,3600,0,0.0,6000.000000000058,6000.000000000931,0.44021177291870117,100.0,,0.0,0.0,0.0,0.0,0.0,0.0,0.0,-0.035555555555555785,0.0355555555555469,0.0,0.0,0.0,0.0,6000.0
13767,rdd_west_merged_6000_10,S2A_MSIL2A_20230620T110621_R137_T30TVM_20230620T202730,200,,0.0,0.0,0.0,0.0,0.0,0.0,0.0,3.6666666666666665,96.33333333333333,0.0,0.0,900,0,0.0,6000.000000000058,6000.000000000931,0.35927653312683105,100.0,,0.0,0.0,0.0,0.0,0.0,0.0,0.0,-0.4244444444444446,0.42444444444443263,0.0,0.0,0.0,0.0,6000.0
13773,rdd_west_merged_6000_10,S2A_MSIL2A_20230620T110621_R137_T30TVM_20230620T202730,500,,0.0,0.0,0.0,0.0,0.0,0.0,0.0,2.0833333333333335,97.91666666666667,0.0,0.0,144,0,0.0,6000.000000000058,6000.000000000931,0.374683141708374,100.0,,0.0,0.0,0.0,0.0,0.0,0.0,0.0,-2.0077777777777777,2.0077777777777754,0.0,0.0,0.0,0.0,6000.0
13779,rdd_west_merged_6000_10,S2A_MSIL2A_20230620T110621_R137_T30TVM_20230620T202730,1000,,0.0,0.0,0.0,0.0,0.0,0.0,0.0,2.7777777777777777,97.22222222222223,0.0,0.0,36,0,0.0,6000.000000000058,6000.000000000931,0.3714916706085205,100.0,,0.0,0.0,0.0,0.0,0.0,0.0,0.0,-1.3133333333333335,1.3133333333333326,0.0,0.0,0.0,0.0,6000.0
13751,rdd_west_merged_6000_10,S2A_MSIL2A_20230630T110621_R137_T30TVM_20230630T203031,20,,0.0,0.0,0.0,5.628888888888889,94.02444444444444,0.0,0.0,0.0,0.0,0.3466666666666667,0.0,90000,0,0.0,6000.000000000058,6000.000000000931,0.39764976501464844,0.3466666666666667,,0.0,0.0,0.0,0.0,0.0,0.0,0.0,0.0,0.0,0.0,0.0,0.0,0.0,6000.0
13757,rdd_west_merged_6000_10,S2A_MSIL2A_20230630T110621_R137_T30TVM_20230630T203031,50,,0.0,0.0,0.0,5.520833333333333,94.15972222222223,0.0,0.0,0.0,0.0,0.3194444444444444,0.0,14400,0,0.0,6000.000000000058,6000.000000000931,0.9816486835479736,0.3194444444444444,,0.0,0.0,0.0,-0.10805555555555557,0.13527777777778738,0.0,0.0,0.0,0.0,-0.02722222222222226,0.0,-0.02722222222222226,0.13527777777778738,6000.0
13763,rdd_west_merged_6000_10,S2A_MSIL2A_20230630T110621_R137_T30TVM_20230630T203031,100,,0.0,0.0,0.0,5.638888888888889,94.05555555555556,0.0,0.0,0.0,0.0,0.3055555555555556,0.0,3600,0,0.0,6000.000000000058,6000.000000000931,0.44021177291870117,0.3055555555555556,,0.0,0.0,0.0,0.010000000000000675,0.031111111111115974,0.0,0.0,0.0,0.0,-0.0411111111111111,0.0,-0.0411111111111111,0.0411111111111111,6000.0
13769,rdd_west_merged_6000_10,S2A_MSIL2A_20230630T110621_R137_T30TVM_20230630T203031,200,,0.0,0.0,0.0,6.0,93.66666666666667,0.0,0.0,0.0,0.0,0.3333333333333333,0.0,900,0,0.0,6000.000000000058,6000.000000000931,0.35927653312683105,0.3333333333333333,,0.0,0.0,0.0,0.3711111111111114,-0.35777777777776976,0.0,0.0,0.0,0.0,-0.013333333333333364,0.0,-0.013333333333333364,0.3711111111111114,6000.0
13775,rdd_west_merged_6000_10,S2A_MSIL2A_20230630T110621_R137_T30TVM_20230630T203031,500,,0.0,0.0,0.0,5.555555555555555,93.75,0.0,0.0,0.0,0.0,0.6944444444444444,0.0,144,0,0.0,6000.000000000058,6000.000000000931,0.374683141708374,0.6944444444444444,,0.0,0.0,0.0,-0.07333333333333325,-0.27444444444444116,0.0,0.0,0.0,0.0,0.34777777777777774,0.0,0.34777777777777774,0.34777777777777774,6000.0
13781,rdd_west_merged_6000_10,S2A_MSIL2A_20230630T110621_R137_T30TVM_20230630T203031,1000,,0.0,0.0,0.0,8.333333333333334,91.66666666666667,0.0,0.0,0.0,0.0,0.0,0.0,36,0,0.0,6000.000000000058,6000.000000000931,0.3714916706085205,0.0,,0.0,0.0,0.0,2.7044444444444453,-2.3577777777777698,0.0,0.0,0.0,0.0,-0.3466666666666667,0.0,-0.3466666666666667,2.7044444444444453,6000.0
13746,rdd_west_merged_6000_10,S2B_MSIL2A_20230605T110619_R137_T30TVM_20230605T165116,20,,0.0,0.024444444444444446,15.11,11.274444444444445,50.37777777777778,0.0,0.8366666666666667,10.71,11.666666666666666,0.0,0.0,90000,0,0.0,6000.000000000058,6000.000000000931,0.39764976501464844,22.376666666666665,,0.0,0.0,0.0,0.0,0.0,0.0,0.0,0.0,0.0,0.0,0.0,0.0,0.0,6000.0
13752,rdd_west_merged_6000_10,S2B_MSIL2A_20230605T110619_R137_T30TVM_20230605T165116,50,,0.0,0.006944444444444444,15.0625,11.430555555555555,50.36805555555556,0.0,0.8055555555555556,10.659722222222221,11.666666666666666,0.0,0.0,14400,0,0.0,6000.000000000058,6000.000000000931,0.9816486835479736,22.326388888888886,,0.0,-0.0175,-0.04749999999999943,0.15611111111111065,-0.009722222222222854,0.0,-0.03111111111111109,-0.05027777777777942,0.0,0.0,0.0,-0.05027777777777942,0.15611111111111065,6000.0
13758,rdd_west_merged_6000_10,S2B_MSIL2A_20230605T110619_R137_T30TVM_20230605T165116,100,,0.0,0.027777777777777776,14.972222222222221,11.666666666666666,50.166666666666664,0.0,0.9444444444444444,10.63888888888889,11.583333333333334,0.0,0.0,3600,0,0.0,6000.000000000058,6000.000000000931,0.44021177291870117,22.22222222222222,,0.0,0.0033333333333333305,-0.137777777777778,0.39222222222222136,-0.2111111111111157,0.0,0.10777777777777775,-0.07111111111111157,-0.08333333333333215,0.0,0.0,-0.15444444444444372,0.39222222222222136,6000.0
13764,rdd_west_merged_6000_10,S2B_MSIL2A_20230605T110619_R137_T30TVM_20230605T165116,200,,0.0,0.1111111111111111,15.333333333333334,11.11111111111111,50.111111111111114,0.0,0.7777777777777778,11.555555555555555,11.0,0.0,0.0,900,0,0.0,6000.000000000058,6000.000000000931,0.35927653312683105,22.555555555555557,,0.0,0.08666666666666666,0.2233333333333345,-0.163333333333334,-0.2666666666666657,0.0,-0.05888888888888888,0.8455555555555545,-0.6666666666666661,0.0,0.0,0.17888888888889198,0.2666666666666657,6000.0
13770,rdd_west_merged_6000_10,S2B_MSIL2A_20230605T110619_R137_T30TVM_20230605T165116,500,,0.0,0.6944444444444444,14.583333333333334,11.11111111111111,47.916666666666664,0.0,0.6944444444444444,11.11111111111111,13.88888888888889,0.0,0.0,144,0,0.0,6000.000000000058,6000.000000000931,0.374683141708374,25.0,,0.0,0.6699999999999999,-0.5266666666666655,-0.163333333333334,-2.4611111111111157,0.0,-0.14222222222222225,0.40111111111110986,2.222222222222223,0.0,0.0,2.623333333333335,2.623333333333335,6000.0
13776,rdd_west_merged_6000_10,S2B_MSIL2A_20230605T110619_R137_T30TVM_20230605T165116,1000,,0.0,0.0,16.666666666666668,11.11111111111111,47.22222222222222,0.0,0.0,11.11111111111111,13.88888888888889,0.0,0.0,36,0,0.0,6000.000000000058,6000.000000000931,0.3714916706085205,25.0,,0.0,-0.024444444444444446,1.5566666666666684,-0.163333333333334,-3.1555555555555586,0.0,-0.8366666666666667,0.40111111111110986,2.222222222222223,0.0,0.0,2.623333333333335,3.1555555555555586,6000.0
13748,rdd_west_merged_6000_10,S2B_MSIL2A_20230615T110629_R137_T30TVM_20230615T203626,20,,0.0,2.283333333333333,0.27,4.148888888888889,60.94,0.0033333333333333335,9.722222222222221,12.096666666666666,10.524444444444445,0.011111111111111112,0.0,90000,0,0.0,6000.000000000058,6000.000000000931,0.39764976501464844,22.632222222222225,,0.0,0.0,0.0,0.0,0.0,0.0,0.0,0.0,0.0,0.0,0.0,0.0,0.0,6000.0
13754,rdd_west_merged_6000_10,S2B_MSIL2A_20230615T110629_R137_T30TVM_20230615T203626,50,,0.0,2.3819444444444446,0.24305555555555555,4.097222222222222,60.8125,0.0,9.722222222222221,12.097222222222221,10.631944444444445,0.013888888888888888,0.0,14400,0,0.0,6000.000000000058,6000.000000000931,0.9816486835479736,22.743055555555554,,0.0,0.09861111111111143,-0.026944444444444465,-0.05166666666666675,-0.12749999999999773,-0.0033333333333333335,0.0,0.0005555555555556424,0.10749999999999993,0.0027777777777777766,0.0,0.11083333333332845,0.12749999999999773,6000.0
13760,rdd_west_merged_6000_10,S2B_MSIL2A_20230615T110629_R137_T30TVM_20230615T203626,100,,0.0,2.1666666666666665,0.2222222222222222,4.083333333333333,60.52777777777778,0.0,10.13888888888889,12.444444444444445,10.38888888888889,0.027777777777777776,0.0,3600,0,0.0,6000.000000000058,6000.000000000931,0.44021177291870117,22.861111111111114,,0.0,-0.1166666666666667,-0.04777777777777781,-0.06555555555555603,-0.41222222222221916,-0.0033333333333333335,0.41666666666666785,0.34777777777777885,-0.13555555555555543,0.016666666666666663,0.0,0.22888888888888914,0.41666666666666785,6000.0
13766,rdd_west_merged_6000_10,S2B_MSIL2A_20230615T110629_R137_T30TVM_20230615T203626,200,,0.0,2.2222222222222223,0.2222222222222222,4.111111111111111,60.55555555555556,0.0,10.666666666666666,12.222222222222221,10.0,0.0,0.0,900,0,0.0,6000.000000000058,6000.000000000931,0.35927653312683105,22.22222222222222,,0.0,-0.061111111111110894,-0.04777777777777781,-0.037777777777778354,-0.3844444444444406,-0.0033333333333333335,0.9444444444444446,0.12555555555555564,-0.5244444444444447,-0.011111111111111112,0.0,-0.4100000000000037,0.9444444444444446,6000.0
13772,rdd_west_merged_6000_10,S2B_MSIL2A_20230615T110629_R137_T30TVM_20230615T203626,500,,0.0,2.7777777777777777,0.0,5.555555555555555,61.80555555555556,0.0,8.333333333333334,14.583333333333334,6.944444444444445,0.0,0.0,144,0,0.0,6000.000000000058,6000.000000000931,0.374683141708374,21.52777777777778,,0.0,0.49444444444444446,-0.27,1.4066666666666663,0.8655555555555594,-0.0033333333333333335,-1.3888888888888875,2.486666666666668,-3.58,-0.011111111111111112,0.0,-1.1044444444444466,1.4066666666666663,6000.0
13778,rdd_west_merged_6000_10,S2B_MSIL2A_20230615T110629_R137_T30TVM_20230615T203626,1000,,0.0,0.0,0.0,8.333333333333334,63.888888888888886,0.0,8.333333333333334,8.333333333333334,11.11111111111111,0.0,0.0,36,0,0.0,6000.000000000058,6000.000000000931,0.3714916706085205,19.444444444444443,,0.0,-2.283333333333333,-0.27,4.184444444444445,2.948888888888888,-0.0033333333333333335,-1.3888888888888875,-3.763333333333332,0.586666666666666,-0.011111111111111112,0.0,-3.1877777777777823,4.184444444444445,6000.0
13750,rdd_west_merged_6000_10,S2B_MSIL2A_20230625T110619_R137_T30TVM_20230625T163939,20,,0.0,0.2222222222222222,4.6177777777777775,3.566666666666667,81.34222222222222,0.005555555555555556,1.2933333333333332,4.87,4.072222222222222,0.01,0.0,90000,0,0.0,6000.000000000058,6000.000000000931,0.39764976501464844,8.952222222222222,,0.0,0.0,0.0,0.0,0.0,0.0,0.0,0.0,0.0,0.0,0.0,0.0,0.0,6000.0
13756,rdd_west_merged_6000_10,S2B_MSIL2A_20230625T110619_R137_T30TVM_20230625T163939,50,,0.0,0.2638888888888889,4.604166666666667,3.5208333333333335,81.38888888888889,0.0,1.2777777777777777,4.902777777777778,4.020833333333333,0.020833333333333332,0.0,14400,0,0.0,6000.000000000058,6000.000000000931,0.9816486835479736,8.944444444444445,,0.0,0.041666666666666685,-0.013611111111110574,-0.04583333333333339,0.046666666666666856,-0.005555555555555556,-0.015555555555555545,0.03277777777777757,-0.05138888888888893,0.010833333333333332,0.0,-0.007777777777777217,0.046666666666666856,6000.0
13762,rdd_west_merged_6000_10,S2B_MSIL2A_20230625T110619_R137_T30TVM_20230625T163939,100,,0.0,0.16666666666666666,4.75,3.5833333333333335,81.47222222222223,0.0,1.2777777777777777,4.611111111111111,4.111111111111111,0.027777777777777776,0.0,3600,0,0.0,6000.000000000058,6000.000000000931,0.44021177291870117,8.75,,0.0,-0.05555555555555555,0.13222222222222246,0.016666666666666607,0.13000000000000966,-0.005555555555555556,-0.015555555555555545,-0.2588888888888894,0.03888888888888875,0.017777777777777774,0.0,-0.20222222222222186,0.20222222222222186,6000.0
13768,rdd_west_merged_6000_10,S2B_MSIL2A_20230625T110619_R137_T30TVM_20230625T163939,200,,0.0,0.2222222222222222,5.222222222222222,3.4444444444444446,81.33333333333333,0.0,0.8888888888888888,5.0,3.888888888888889,0.0,0.0,900,0,0.0,6000.000000000058,6000.000000000931,0.35927653312683105,8.88888888888889,,0.0,0.0,0.6044444444444448,-0.12222222222222223,-0.008888888888890278,-0.005555555555555556,-0.4044444444444444,0.1299999999999999,-0.18333333333333313,-0.01,0.0,-0.06333333333333258,0.6044444444444448,6000.0
13774,rdd_west_merged_6000_10,S2B_MSIL2A_20230625T110619_R137_T30TVM_20230625T163939,500,,0.0,0.6944444444444444,4.166666666666667,4.861111111111111,82.63888888888889,0.0,0.6944444444444444,2.7777777777777777,4.166666666666667,0.0,0.0,144,0,0.0,6000.000000000058,6000.000000000931,0.374683141708374,6.944444444444445,,0.0,0.4722222222222222,-0.4511111111111106,1.2944444444444438,1.2966666666666669,-0.005555555555555556,-0.5988888888888888,-2.0922222222222224,0.094444444444445,-0.01,0.0,-2.007777777777777,2.007777777777777,6000.0
13780,rdd_west_merged_6000_10,S2B_MSIL2A_20230625T110619_R137_T30TVM_20230625T163939,1000,,0.0,0.0,2.7777777777777777,5.555555555555555,88.88888888888889,0.0,0.0,0.0,2.7777777777777777,0.0,0.0,36,0,0.0,6000.000000000058,6000.000000000931,0.3714916706085205,2.7777777777777777,,0.0,-0.2222222222222222,-1.8399999999999999,1.9888888888888885,7.546666666666667,-0.005555555555555556,-1.2933333333333332,-4.87,-1.2944444444444443,-0.01,0.0,-6.174444444444444,7.546666666666667,6000.0
13783,rdd_west_merged_6000_11,S2A_MSIL2A_20230610T110621_R137_T30TVM_20230610T204848,20,,0.0,0.0,0.0,0.0,0.0,0.0,0.0,4.133333333333334,95.86666666666666,0.0,0.0,90000,0,0.0,6000.000000000116,6000.000000000931,0.31601667404174805,100.0,,0.0,0.0,0.0,0.0,0.0,0.0,0.0,0.0,0.0,0.0,0.0,0.0,0.0,6000.0
13789,rdd_west_merged_6000_11,S2A_MSIL2A_20230610T110621_R137_T30TVM_20230610T204848,50,,0.0,0.0,0.0,0.0,0.0,0.0,0.0,4.083333333333333,95.91666666666667,0.0,0.0,14400,0,0.0,6000.000000000116,6000.000000000931,0.3024759292602539,100.0,,0.0,0.0,0.0,0.0,0.0,0.0,0.0,-0.05000000000000071,0.05000000000001137,0.0,0.0,0.0,0.0,6000.0
13795,rdd_west_merged_6000_11,S2A_MSIL2A_20230610T110621_R137_T30TVM_20230610T204848,100,,0.0,0.0,0.0,0.0,0.0,0.0,0.0,3.8333333333333335,96.16666666666667,0.0,0.0,3600,0,0.0,6000.000000000116,6000.000000000931,0.335101842880249,100.0,,0.0,0.0,0.0,0.0,0.0,0.0,0.0,-0.30000000000000027,0.30000000000001137,0.0,0.0,0.0,0.0,6000.0
13801,rdd_west_merged_6000_11,S2A_MSIL2A_20230610T110621_R137_T30TVM_20230610T204848,200,,0.0,0.0,0.0,0.0,0.0,0.0,0.0,3.5555555555555554,96.44444444444444,0.0,0.0,900,0,0.0,6000.000000000116,6000.000000000931,0.29324865341186523,100.0,,0.0,0.0,0.0,0.0,0.0,0.0,0.0,-0.5777777777777784,0.5777777777777828,0.0,0.0,0.0,0.0,6000.0
13807,rdd_west_merged_6000_11,S2A_MSIL2A_20230610T110621_R137_T30TVM_20230610T204848,500,,0.0,0.0,0.0,0.0,0.0,0.0,0.0,4.861111111111111,95.13888888888889,0.0,0.0,144,0,0.0,6000.000000000116,6000.000000000931,0.3471527099609375,100.0,,0.0,0.0,0.0,0.0,0.0,0.0,0.0,0.727777777777777,-0.7277777777777743,0.0,0.0,0.0,0.0,6000.0
13813,rdd_west_merged_6000_11,S2A_MSIL2A_20230610T110621_R137_T30TVM_20230610T204848,1000,,0.0,0.0,0.0,0.0,0.0,0.0,0.0,2.7777777777777777,97.22222222222223,0.0,0.0,36,0,0.0,6000.000000000116,6000.000000000931,0.3121480941772461,100.0,,0.0,0.0,0.0,0.0,0.0,0.0,0.0,-1.355555555555556,1.3555555555555685,0.0,0.0,0.0,0.0,6000.0
13785,rdd_west_merged_6000_11,S2A_MSIL2A_20230620T110621_R137_T30TVM_20230620T202730,20,,0.0,0.0,0.0,0.0,0.0,0.0,0.0,0.0,100.0,0.0,0.0,90000,0,0.0,6000.000000000116,6000.000000000931,0.31601667404174805,100.0,,0.0,0.0,0.0,0.0,0.0,0.0,0.0,0.0,0.0,0.0,0.0,0.0,0.0,6000.0
13791,rdd_west_merged_6000_11,S2A_MSIL2A_20230620T110621_R137_T30TVM_20230620T202730,50,,0.0,0.0,0.0,0.0,0.0,0.0,0.0,0.0,100.0,0.0,0.0,14400,0,0.0,6000.000000000116,6000.000000000931,0.3024759292602539,100.0,,0.0,0.0,0.0,0.0,0.0,0.0,0.0,0.0,0.0,0.0,0.0,0.0,0.0,6000.0
13797,rdd_west_merged_6000_11,S2A_MSIL2A_20230620T110621_R137_T30TVM_20230620T202730,100,,0.0,0.0,0.0,0.0,0.0,0.0,0.0,0.0,100.0,0.0,0.0,3600,0,0.0,6000.000000000116,6000.000000000931,0.335101842880249,100.0,,0.0,0.0,0.0,0.0,0.0,0.0,0.0,0.0,0.0,0.0,0.0,0.0,0.0,6000.0
13803,rdd_west_merged_6000_11,S2A_MSIL2A_20230620T110621_R137_T30TVM_20230620T202730,200,,0.0,0.0,0.0,0.0,0.0,0.0,0.0,0.0,100.0,0.0,0.0,900,0,0.0,6000.000000000116,6000.000000000931,0.29324865341186523,100.0,,0.0,0.0,0.0,0.0,0.0,0.0,0.0,0.0,0.0,0.0,0.0,0.0,0.0,6000.0
13809,rdd_west_merged_6000_11,S2A_MSIL2A_20230620T110621_R137_T30TVM_20230620T202730,500,,0.0,0.0,0.0,0.0,0.0,0.0,0.0,0.0,100.0,0.0,0.0,144,0,0.0,6000.000000000116,6000.000000000931,0.3471527099609375,100.0,,0.0,0.0,0.0,0.0,0.0,0.0,0.0,0.0,0.0,0.0,0.0,0.0,0.0,6000.0
13815,rdd_west_merged_6000_11,S2A_MSIL2A_20230620T110621_R137_T30TVM_20230620T202730,1000,,0.0,0.0,0.0,0.0,0.0,0.0,0.0,0.0,100.0,0.0,0.0,36,0,0.0,6000.000000000116,6000.000000000931,0.3121480941772461,100.0,,0.0,0.0,0.0,0.0,0.0,0.0,0.0,0.0,0.0,0.0,0.0,0.0,0.0,6000.0
13787,rdd_west_merged_6000_11,S2A_MSIL2A_20230630T110621_R137_T30TVM_20230630T203031,20,,0.0,0.0,0.0,11.042222222222222,88.3711111111111,0.042222222222222223,0.014444444444444444,0.0,0.0,0.53,0.0,90000,0,0.0,6000.000000000116,6000.000000000931,0.31601667404174805,0.53,,0.0,0.0,0.0,0.0,0.0,0.0,0.0,0.0,0.0,0.0,0.0,0.0,0.0,6000.0
13793,rdd_west_merged_6000_11,S2A_MSIL2A_20230630T110621_R137_T30TVM_20230630T203031,50,,0.0,0.0,0.0,10.993055555555555,88.42361111111111,0.027777777777777776,0.013888888888888888,0.0,0.0,0.5416666666666666,0.0,14400,0,0.0,6000.000000000116,6000.000000000931,0.3024759292602539,0.5416666666666666,,0.0,0.0,0.0,-0.04916666666666636,0.052500000000009095,-0.014444444444444447,-0.0005555555555555557,0.0,0.0,0.011666666666666603,0.0,0.011666666666666603,0.052500000000009095,6000.0
13799,rdd_west_merged_6000_11,S2A_MSIL2A_20230630T110621_R137_T30TVM_20230630T203031,100,,0.0,0.0,0.0,10.972222222222221,88.33333333333333,0.05555555555555555,0.0,0.0,0.0,0.6388888888888888,0.0,3600,0,0.0,6000.000000000116,6000.000000000931,0.335101842880249,0.6388888888888888,,0.0,0.0,0.0,-0.07000000000000028,-0.03777777777777658,0.013333333333333329,-0.014444444444444444,0.0,0.0,0.10888888888888881,0.0,0.10888888888888881,0.10888888888888881,6000.0
13805,rdd_west_merged_6000_11,S2A_MSIL2A_20230630T110621_R137_T30TVM_20230630T203031,200,,0.0,0.0,0.0,10.777777777777779,88.77777777777777,0.0,0.0,0.0,0.0,0.4444444444444444,0.0,900,0,0.0,6000.000000000116,6000.000000000931,0.29324865341186523,0.4444444444444444,,0.0,0.0,0.0,-0.26444444444444315,0.4066666666666663,-0.042222222222222223,-0.014444444444444444,0.0,0.0,-0.0855555555555556,0.0,-0.0855555555555556,0.4066666666666663,6000.0
13811,rdd_west_merged_6000_11,S2A_MSIL2A_20230630T110621_R137_T30TVM_20230630T203031,500,,0.0,0.0,0.0,6.944444444444445,93.05555555555556,0.0,0.0,0.0,0.0,0.0,0.0,144,0,0.0,6000.000000000116,6000.000000000931,0.3471527099609375,0.0,,0.0,0.0,0.0,-4.097777777777777,4.684444444444452,-0.042222222222222223,-0.014444444444444444,0.0,0.0,-0.53,0.0,-0.53,4.684444444444452,6000.0
13817,rdd_west_merged_6000_11,S2A_MSIL2A_20230630T110621_R137_T30TVM_20230630T203031,1000,,0.0,0.0,0.0,0.0,100.0,0.0,0.0,0.0,0.0,0.0,0.0,36,0,0.0,6000.000000000116,6000.000000000931,0.3121480941772461,0.0,,0.0,0.0,0.0,-11.042222222222222,11.628888888888895,-0.042222222222222223,-0.014444444444444444,0.0,0.0,-0.53,0.0,-0.53,11.628888888888895,6000.0
13782,rdd_west_merged_6000_11,S2B_MSIL2A_20230605T110619_R137_T30TVM_20230605T165116,20,,0.0,0.19555555555555557,13.035555555555556,10.677777777777777,48.327777777777776,0.11,1.4366666666666668,14.95,11.266666666666667,0.0,0.0,90000,0,0.0,6000.000000000116,6000.000000000931,0.31601667404174805,26.21666666666667,,0.0,0.0,0.0,0.0,0.0,0.0,0.0,0.0,0.0,0.0,0.0,0.0,0.0,6000.0
13788,rdd_west_merged_6000_11,S2B_MSIL2A_20230605T110619_R137_T30TVM_20230605T165116,50,,0.0,0.2152777777777778,13.027777777777779,10.666666666666666,48.3125,0.09722222222222222,1.4652777777777777,14.916666666666666,11.29861111111111,0.0,0.0,14400,0,0.0,6000.000000000116,6000.000000000931,0.3024759292602539,26.21527777777778,,0.0,0.019722222222222224,-0.007777777777777217,-0.011111111111111072,-0.015277777777775725,-0.012777777777777777,0.02861111111111092,-0.033333333333333215,0.03194444444444322,0.0,0.0,-0.0013888888888899942,0.02861111111111092,6000.0
13794,rdd_west_merged_6000_11,S2B_MSIL2A_20230605T110619_R137_T30TVM_20230605T165116,100,,0.0,0.2222222222222222,13.11111111111111,10.555555555555555,48.69444444444444,0.16666666666666666,1.3333333333333333,14.694444444444445,11.222222222222221,0.0,0.0,3600,0,0.0,6000.000000000116,6000.000000000931,0.335101842880249,25.916666666666664,,0.0,0.026666666666666644,0.07555555555555493,-0.12222222222222179,0.36666666666666714,0.05666666666666666,-0.1033333333333335,-0.25555555555555465,-0.04444444444444606,0.0,0.0,-0.30000000000000426,0.36666666666666714,6000.0
13800,rdd_west_merged_6000_11,S2B_MSIL2A_20230605T110619_R137_T30TVM_20230605T165116,200,,0.0,0.4444444444444444,12.88888888888889,10.777777777777779,48.333333333333336,0.2222222222222222,1.4444444444444444,14.333333333333334,11.555555555555555,0.0,0.0,900,0,0.0,6000.000000000116,6000.000000000931,0.29324865341186523,25.88888888888889,,0.0,0.24888888888888885,-0.1466666666666665,0.10000000000000142,0.005555555555559977,0.11222222222222221,0.007777777777777661,-0.6166666666666654,0.28888888888888786,0.0,0.0,-0.3277777777777793,0.3277777777777793,6000.0
13806,rdd_west_merged_6000_11,S2B_MSIL2A_20230605T110619_R137_T30TVM_20230605T165116,500,,0.0,0.0,15.277777777777779,9.722222222222221,47.22222222222222,0.0,0.6944444444444444,14.583333333333334,12.5,0.0,0.0,144,0,0.0,6000.000000000116,6000.000000000931,0.3471527099609375,27.083333333333336,,0.0,-0.19555555555555557,2.242222222222223,-0.9555555555555557,-1.1055555555555543,-0.11,-0.7422222222222223,-0.36666666666666536,1.2333333333333325,0.0,0.0,0.8666666666666671,2.242222222222223,6000.0
13812,rdd_west_merged_6000_11,S2B_MSIL2A_20230605T110619_R137_T30TVM_20230605T165116,1000,,0.0,0.0,16.666666666666668,5.555555555555555,52.77777777777778,0.0,0.0,11.11111111111111,13.88888888888889,0.0,0.0,36,0,0.0,6000.000000000116,6000.000000000931,0.3121480941772461,25.0,,0.0,-0.19555555555555557,3.631111111111112,-5.122222222222222,4.450000000000003,-0.11,-1.4366666666666668,-3.8388888888888886,2.622222222222222,0.0,0.0,-1.2166666666666686,5.122222222222222,6000.0
13784,rdd_west_merged_6000_11,S2B_MSIL2A_20230615T110629_R137_T30TVM_20230615T203626,20,,0.0,1.1788888888888889,1.1044444444444443,5.444444444444445,59.925555555555555,0.01,10.668888888888889,9.832222222222223,11.754444444444445,0.0811111111111111,0.0,90000,0,0.0,6000.000000000116,6000.000000000931,0.31601667404174805,21.667777777777776,,0.0,0.0,0.0,0.0,0.0,0.0,0.0,0.0,0.0,0.0,0.0,0.0,0.0,6000.0
13790,rdd_west_merged_6000_11,S2B_MSIL2A_20230615T110629_R137_T30TVM_20230615T203626,50,,0.0,1.1875,1.0902777777777777,5.479166666666667,59.826388888888886,0.013888888888888888,10.618055555555555,9.958333333333334,11.743055555555555,0.08333333333333333,0.0,14400,0,0.0,6000.000000000116,6000.000000000931,0.3024759292602539,21.78472222222222,,0.0,0.008611111111111125,-0.01416666666666666,0.03472222222222232,-0.09916666666666885,0.003888888888888888,-0.050833333333333286,0.12611111111111128,-0.011388888888889781,0.0022222222222222227,0.0,0.11694444444444585,0.11694444444444585,6000.0
13796,rdd_west_merged_6000_11,S2B_MSIL2A_20230615T110629_R137_T30TVM_20230615T203626,100,,0.0,1.3333333333333333,1.0833333333333333,4.833333333333333,60.52777777777778,0.0,10.5,9.972222222222221,11.722222222222221,0.027777777777777776,0.0,3600,0,0.0,6000.000000000116,6000.000000000931,0.335101842880249,21.72222222222222,,0.0,0.15444444444444438,-0.02111111111111108,-0.6111111111111116,0.602222222222224,-0.01,-0.16888888888888864,0.1399999999999988,-0.032222222222223706,-0.05333333333333333,0.0,0.05444444444444585,0.6111111111111116,6000.0
13802,rdd_west_merged_6000_11,S2B_MSIL2A_20230615T110629_R137_T30TVM_20230615T203626,200,,0.0,1.3333333333333333,0.6666666666666666,5.888888888888889,58.22222222222222,0.0,11.333333333333334,10.0,12.555555555555555,0.0,0.0,900,0,0.0,6000.000000000116,6000.000000000931,0.29324865341186523,22.555555555555557,,0.0,0.15444444444444438,-0.4377777777777777,0.44444444444444464,-1.7033333333333331,-0.01,0.6644444444444453,0.16777777777777736,0.8011111111111102,-0.0811111111111111,0.0,0.8877777777777816,1.7033333333333331,6000.0
13808,rdd_west_merged_6000_11,S2B_MSIL2A_20230615T110629_R137_T30TVM_20230615T203626,500,,0.0,1.3888888888888888,0.6944444444444444,2.0833333333333335,61.111111111111114,0.0,13.194444444444445,7.638888888888889,13.88888888888889,0.0,0.0,144,0,0.0,6000.000000000116,6000.000000000931,0.3471527099609375,21.52777777777778,,0.0,0.20999999999999996,-0.4099999999999999,-3.361111111111111,1.1855555555555597,-0.01,2.525555555555556,-2.1933333333333334,2.134444444444444,-0.0811111111111111,0.0,-0.13999999999999702,3.361111111111111,6000.0
13814,rdd_west_merged_6000_11,S2B_MSIL2A_20230615T110629_R137_T30TVM_20230615T203626,1000,,0.0,2.7777777777777777,0.0,2.7777777777777777,69.44444444444444,0.0,5.555555555555555,11.11111111111111,8.333333333333334,0.0,0.0,36,0,0.0,6000.000000000116,6000.000000000931,0.3121480941772461,19.444444444444443,,0.0,1.5988888888888888,-1.1044444444444443,-2.666666666666667,9.518888888888888,-0.01,-5.113333333333333,1.278888888888888,-3.421111111111111,-0.0811111111111111,0.0,-2.2233333333333327,9.518888888888888,6000.0
13786,rdd_west_merged_6000_11,S2B_MSIL2A_20230625T110619_R137_T30TVM_20230625T163939,20,,0.0,0.30333333333333334,2.76,8.4,84.18444444444444,0.09888888888888889,0.7222222222222222,2.338888888888889,1.16,0.03222222222222222,0.0,90000,0,0.0,6000.000000000116,6000.000000000931,0.31601667404174805,3.531111111111111,,0.0,0.0,0.0,0.0,0.0,0.0,0.0,0.0,0.0,0.0,0.0,0.0,0.0,6000.0
13792,rdd_west_merged_6000_11,S2B_MSIL2A_20230625T110619_R137_T30TVM_20230625T163939,50,,0.0,0.3194444444444444,2.736111111111111,8.416666666666666,84.16666666666667,0.08333333333333333,0.7708333333333334,2.326388888888889,1.1458333333333333,0.034722222222222224,0.0,14400,0,0.0,6000.000000000116,6000.000000000931,0.3024759292602539,3.5069444444444446,,0.0,0.016111111111111076,-0.023888888888888626,0.01666666666666572,-0.017777777777766346,-0.015555555555555559,0.04861111111111116,-0.012500000000000178,-0.01416666666666666,0.0025000000000000022,0.0,-0.024166666666666448,0.04861111111111116,6000.0
13798,rdd_west_merged_6000_11,S2B_MSIL2A_20230625T110619_R137_T30TVM_20230625T163939,100,,0.0,0.3611111111111111,2.6666666666666665,8.13888888888889,84.52777777777777,0.16666666666666666,0.6388888888888888,2.388888888888889,1.1111111111111112,0.0,0.0,3600,0,0.0,6000.000000000116,6000.000000000931,0.335101842880249,3.5,,0.0,0.05777777777777776,-0.09333333333333327,-0.26111111111111107,0.3433333333333337,0.06777777777777777,-0.08333333333333337,0.04999999999999982,-0.04888888888888876,-0.03222222222222222,0.0,-0.03111111111111109,0.3433333333333337,6000.0
13804,rdd_west_merged_6000_11,S2B_MSIL2A_20230625T110619_R137_T30TVM_20230625T163939,200,,0.0,0.5555555555555556,2.5555555555555554,8.333333333333334,84.11111111111111,0.2222222222222222,1.0,2.2222222222222223,1.0,0.0,0.0,900,0,0.0,6000.000000000116,6000.000000000931,0.29324865341186523,3.2222222222222223,,0.0,0.25222222222222224,-0.20444444444444443,-0.06666666666666643,-0.07333333333332348,0.12333333333333332,0.2777777777777778,-0.1166666666666667,-0.15999999999999992,-0.03222222222222222,0.0,-0.30888888888888877,0.30888888888888877,6000.0
13810,rdd_west_merged_6000_11,S2B_MSIL2A_20230625T110619_R137_T30TVM_20230625T163939,500,,0.0,0.0,2.7777777777777777,6.25,88.88888888888889,0.0,0.6944444444444444,0.6944444444444444,0.6944444444444444,0.0,0.0,144,0,0.0,6000.000000000116,6000.000000000931,0.3471527099609375,1.3888888888888888,,0.0,-0.30333333333333334,0.017777777777777892,-2.1500000000000004,4.704444444444448,-0.09888888888888889,-0.02777777777777779,-1.6444444444444446,-0.4655555555555555,-0.03222222222222222,0.0,-2.1422222222222222,4.704444444444448,6000.0
13816,rdd_west_merged_6000_11,S2B_MSIL2A_20230625T110619_R137_T30TVM_20230625T163939,1000,,0.0,0.0,0.0,0.0,94.44444444444444,0.0,0.0,5.555555555555555,0.0,0.0,0.0,36,0,0.0,6000.000000000116,6000.000000000931,0.3121480941772461,5.555555555555555,,0.0,-0.30333333333333334,-2.76,-8.4,10.260000000000005,-0.09888888888888889,-0.7222222222222222,3.2166666666666663,-1.16,-0.03222222222222222,0.0,2.0244444444444443,10.260000000000005,6000.0
13459,rdd_west_merged_6000_2,S2A_MSIL2A_20230610T110621_R137_T30TUM_20230610T202756,20,,0.0,0.0,0.0,0.0,0.0,0.0,0.0,5.671111111111111,94.32888888888888,0.0,0.0,90000,0,0.0,6000.000000000116,6000.0,0.37102246284484863,100.0,,0.0,0.0,0.0,0.0,0.0,0.0,0.0,0.0,0.0,0.0,0.0,0.0,0.0,6000.0
13465,rdd_west_merged_6000_2,S2A_MSIL2A_20230610T110621_R137_T30TUM_20230610T202756,50,,0.0,0.0,0.0,0.0,0.0,0.0,0.0,5.631944444444445,94.36805555555556,0.0,0.0,14400,0,0.0,6000.000000000116,6000.0,0.3758821487426758,100.0,,0.0,0.0,0.0,0.0,0.0,0.0,0.0,-0.03916666666666657,0.03916666666667368,0.0,0.0,0.0,0.0,6000.0
13471,rdd_west_merged_6000_2,S2A_MSIL2A_20230610T110621_R137_T30TUM_20230610T202756,100,,0.0,0.0,0.0,0.0,0.0,0.0,0.0,5.611111111111111,94.38888888888889,0.0,0.0,3600,0,0.0,6000.000000000116,6000.0,0.38088560104370117,100.0,,0.0,0.0,0.0,0.0,0.0,0.0,0.0,-0.0600000000000005,0.060000000000002274,0.0,0.0,0.0,0.0,6000.0
13477,rdd_west_merged_6000_2,S2A_MSIL2A_20230610T110621_R137_T30TUM_20230610T202756,200,,0.0,0.0,0.0,0.0,0.0,0.0,0.0,5.0,95.0,0.0,0.0,900,0,0.0,6000.000000000116,6000.0,0.3651440143585205,100.0,,0.0,0.0,0.0,0.0,0.0,0.0,0.0,-0.6711111111111112,0.6711111111111165,0.0,0.0,0.0,0.0,6000.0
13483,rdd_west_merged_6000_2,S2A_MSIL2A_20230610T110621_R137_T30TUM_20230610T202756,500,,0.0,0.0,0.0,0.0,0.0,0.0,0.0,4.861111111111111,95.13888888888889,0.0,0.0,144,0,0.0,6000.000000000116,6000.0,0.4011542797088623,100.0,,0.0,0.0,0.0,0.0,0.0,0.0,0.0,-0.8100000000000005,0.8100000000000023,0.0,0.0,0.0,0.0,6000.0
13489,rdd_west_merged_6000_2,S2A_MSIL2A_20230610T110621_R137_T30TUM_20230610T202756,1000,,0.0,0.0,0.0,0.0,0.0,0.0,0.0,0.0,100.0,0.0,0.0,36,0,0.0,6000.000000000116,6000.0,0.34447455406188965,100.0,,0.0,0.0,0.0,0.0,0.0,0.0,0.0,-5.671111111111111,5.6711111111111165,0.0,0.0,0.0,0.0,6000.0
13461,rdd_west_merged_6000_2,S2A_MSIL2A_20230620T110621_R137_T30TUM_20230620T202552,20,,0.0,0.0,0.0,1.1566666666666667,8.44,0.0,0.29444444444444445,35.38111111111111,16.176666666666666,38.55111111111111,0.0,90000,0,0.0,6000.000000000116,6000.0,0.37102246284484863,90.10888888888888,,0.0,0.0,0.0,0.0,0.0,0.0,0.0,0.0,0.0,0.0,0.0,0.0,0.0,6000.0
13467,rdd_west_merged_6000_2,S2A_MSIL2A_20230620T110621_R137_T30TUM_20230620T202552,50,,0.0,0.0,0.0,1.1527777777777777,8.347222222222221,0.0,0.2986111111111111,35.6875,16.243055555555557,38.270833333333336,0.0,14400,0,0.0,6000.000000000116,6000.0,0.3758821487426758,90.20138888888889,,0.0,0.0,0.0,-0.0038888888888890527,-0.09277777777777807,0.0,0.004166666666666652,0.3063888888888897,0.06638888888889127,-0.2802777777777763,0.0,0.09250000000000114,0.09277777777777807,6000.0
13473,rdd_west_merged_6000_2,S2A_MSIL2A_20230620T110621_R137_T30TUM_20230620T202552,100,,0.0,0.0,0.0,1.1388888888888888,7.916666666666667,0.0,0.3055555555555556,35.97222222222222,16.833333333333332,37.833333333333336,0.0,3600,0,0.0,6000.000000000116,6000.0,0.38088560104370117,90.63888888888889,,0.0,0.0,0.0,-0.017777777777777892,-0.5233333333333325,0.0,0.011111111111111127,0.5911111111111111,0.6566666666666663,-0.7177777777777763,0.0,0.5300000000000011,0.5300000000000011,6000.0
13479,rdd_west_merged_6000_2,S2A_MSIL2A_20230620T110621_R137_T30TUM_20230620T202552,200,,0.0,0.0,0.0,0.8888888888888888,8.777777777777779,0.0,0.1111111111111111,36.111111111111114,16.77777777777778,37.333333333333336,0.0,900,0,0.0,6000.000000000116,6000.0,0.3651440143585205,90.22222222222223,,0.0,0.0,0.0,-0.2677777777777779,0.33777777777777906,0.0,-0.18333333333333335,0.730000000000004,0.6011111111111127,-1.2177777777777763,0.0,0.11333333333334394,0.33777777777777906,6000.0
13485,rdd_west_merged_6000_2,S2A_MSIL2A_20230620T110621_R137_T30TUM_20230620T202552,500,,0.0,0.0,0.0,0.6944444444444444,9.722222222222221,0.0,0.0,34.72222222222222,19.444444444444443,35.416666666666664,0.0,144,0,0.0,6000.000000000116,6000.0,0.4011542797088623,89.58333333333333,,0.0,0.0,0.0,-0.4622222222222223,1.282222222222222,0.0,-0.29444444444444445,-0.6588888888888889,3.267777777777777,-3.1344444444444477,0.0,-0.525555555555556,1.282222222222222,6000.0
13491,rdd_west_merged_6000_2,S2A_MSIL2A_20230620T110621_R137_T30TUM_20230620T202552,1000,,0.0,0.0,0.0,2.7777777777777777,8.333333333333334,0.0,0.0,44.44444444444444,13.88888888888889,30.555555555555557,0.0,36,0,0.0,6000.000000000116,6000.0,0.34447455406188965,88.88888888888889,,0.0,0.0,0.0,1.621111111111111,-0.10666666666666558,0.0,-0.29444444444444445,9.063333333333333,-2.2877777777777766,-7.995555555555555,0.0,-1.2199999999999989,1.621111111111111,6000.0
13463,rdd_west_merged_6000_2,S2A_MSIL2A_20230630T110621_R137_T30TUM_20230630T203024,20,,0.0,0.0,0.0,8.448888888888888,91.55111111111111,0.0,0.0,0.0,0.0,0.0,0.0,90000,0,0.0,6000.000000000116,6000.0,0.37102246284484863,0.0,,0.0,0.0,0.0,0.0,0.0,0.0,0.0,0.0,0.0,0.0,0.0,0.0,0.0,6000.0
13469,rdd_west_merged_6000_2,S2A_MSIL2A_20230630T110621_R137_T30TUM_20230630T203024,50,,0.0,0.0,0.0,8.534722222222221,91.46527777777777,0.0,0.0,0.0,0.0,0.0,0.0,14400,0,0.0,6000.000000000116,6000.0,0.3758821487426758,0.0,,0.0,0.0,0.0,0.08583333333333343,-0.08583333333334053,0.0,0.0,0.0,0.0,0.0,0.0,0.0,0.08583333333334053,6000.0
13475,rdd_west_merged_6000_2,S2A_MSIL2A_20230630T110621_R137_T30TUM_20230630T203024,100,,0.0,0.0,0.0,8.13888888888889,91.86111111111111,0.0,0.0,0.0,0.0,0.0,0.0,3600,0,0.0,6000.000000000116,6000.0,0.38088560104370117,0.0,,0.0,0.0,0.0,-0.3099999999999987,0.3100000000000023,0.0,0.0,0.0,0.0,0.0,0.0,0.0,0.3100000000000023,6000.0
13481,rdd_west_merged_6000_2,S2A_MSIL2A_20230630T110621_R137_T30TUM_20230630T203024,200,,0.0,0.0,0.0,10.11111111111111,89.88888888888889,0.0,0.0,0.0,0.0,0.0,0.0,900,0,0.0,6000.000000000116,6000.0,0.3651440143585205,0.0,,0.0,0.0,0.0,1.6622222222222227,-1.6622222222222263,0.0,0.0,0.0,0.0,0.0,0.0,0.0,1.6622222222222263,6000.0
13487,rdd_west_merged_6000_2,S2A_MSIL2A_20230630T110621_R137_T30TUM_20230630T203024,500,,0.0,0.0,0.0,8.333333333333334,91.66666666666667,0.0,0.0,0.0,0.0,0.0,0.0,144,0,0.0,6000.000000000116,6000.0,0.4011542797088623,0.0,,0.0,0.0,0.0,-0.11555555555555408,0.11555555555555941,0.0,0.0,0.0,0.0,0.0,0.0,0.0,0.11555555555555941,6000.0
13493,rdd_west_merged_6000_2,S2A_MSIL2A_20230630T110621_R137_T30TUM_20230630T203024,1000,,0.0,0.0,0.0,11.11111111111111,88.88888888888889,0.0,0.0,0.0,0.0,0.0,0.0,36,0,0.0,6000.000000000116,6000.0,0.34447455406188965,0.0,,0.0,0.0,0.0,2.6622222222222227,-2.6622222222222263,0.0,0.0,0.0,0.0,0.0,0.0,0.0,2.6622222222222263,6000.0
13458,rdd_west_merged_6000_2,S2B_MSIL2A_20230605T110619_R137_T30TUM_20230605T163049,20,,0.0,0.013333333333333334,12.142222222222221,14.962222222222222,56.06666666666667,0.0,0.5811111111111111,9.362222222222222,6.871111111111111,0.0011111111111111111,0.0,90000,0,0.0,6000.000000000116,6000.0,0.37102246284484863,16.234444444444446,,0.0,0.0,0.0,0.0,0.0,0.0,0.0,0.0,0.0,0.0,0.0,0.0,0.0,6000.0
13464,rdd_west_merged_6000_2,S2B_MSIL2A_20230605T110619_R137_T30TUM_20230605T163049,50,,0.0,0.013888888888888888,12.194444444444445,14.92361111111111,56.09027777777778,0.0,0.6111111111111112,9.395833333333334,6.770833333333333,0.0,0.0,14400,0,0.0,6000.000000000116,6000.0,0.3758821487426758,16.166666666666668,,0.0,0.0005555555555555539,0.05222222222222328,-0.03861111111111093,0.023611111111108585,0.0,0.030000000000000027,0.033611111111111924,-0.10027777777777835,-0.0011111111111111111,0.0,-0.06777777777777771,0.06777777777777771,6000.0
13470,rdd_west_merged_6000_2,S2B_MSIL2A_20230605T110619_R137_T30TUM_20230605T163049,100,,0.0,0.027777777777777776,12.25,14.944444444444445,56.388888888888886,0.0,0.6111111111111112,9.027777777777779,6.75,0.0,0.0,3600,0,0.0,6000.000000000116,6000.0,0.38088560104370117,15.777777777777779,,0.0,0.014444444444444442,0.10777777777777864,-0.017777777777777004,0.32222222222221575,0.0,0.030000000000000027,-0.33444444444444343,-0.12111111111111139,-0.0011111111111111111,0.0,-0.456666666666667,0.456666666666667,6000.0
13476,rdd_west_merged_6000_2,S2B_MSIL2A_20230605T110619_R137_T30TUM_20230605T163049,200,,0.0,0.0,13.0,15.666666666666666,55.111111111111114,0.0,0.5555555555555556,9.444444444444445,6.222222222222222,0.0,0.0,900,0,0.0,6000.000000000116,6000.0,0.3651440143585205,15.666666666666668,,0.0,-0.013333333333333334,0.8577777777777786,0.7044444444444444,-0.9555555555555557,0.0,-0.025555555555555554,0.08222222222222264,-0.6488888888888891,-0.0011111111111111111,0.0,-0.5677777777777777,0.9555555555555557,6000.0
13482,rdd_west_merged_6000_2,S2B_MSIL2A_20230605T110619_R137_T30TUM_20230605T163049,500,,0.0,0.0,16.666666666666668,14.583333333333334,53.47222222222222,0.0,0.0,8.333333333333334,6.944444444444445,0.0,0.0,144,0,0.0,6000.000000000116,6000.0,0.4011542797088623,15.277777777777779,,0.0,-0.013333333333333334,4.5244444444444465,-0.3788888888888877,-2.5944444444444485,0.0,-0.5811111111111111,-1.028888888888888,0.07333333333333325,-0.0011111111111111111,0.0,-0.956666666666667,4.5244444444444465,6000.0
13488,rdd_west_merged_6000_2,S2B_MSIL2A_20230605T110619_R137_T30TUM_20230605T163049,1000,,0.0,0.0,11.11111111111111,11.11111111111111,63.888888888888886,0.0,0.0,11.11111111111111,2.7777777777777777,0.0,0.0,36,0,0.0,6000.000000000116,6000.0,0.34447455406188965,13.88888888888889,,0.0,-0.013333333333333334,-1.0311111111111106,-3.851111111111111,7.822222222222216,0.0,-0.5811111111111111,1.7488888888888887,-4.093333333333334,-0.0011111111111111111,0.0,-2.3455555555555563,7.822222222222216,6000.0
13460,rdd_west_merged_6000_2,S2B_MSIL2A_20230615T110629_R137_T30TUM_20230615T205813,20,,0.0,0.0044444444444444444,7.387777777777778,11.824444444444444,70.78555555555556,0.0,0.4711111111111111,6.085555555555556,3.3666666666666667,0.07444444444444444,0.0,90000,0,0.0,6000.000000000116,6000.0,0.37102246284484863,9.526666666666666,,0.0,0.0,0.0,0.0,0.0,0.0,0.0,0.0,0.0,0.0,0.0,0.0,0.0,6000.0
13466,rdd_west_merged_6000_2,S2B_MSIL2A_20230615T110629_R137_T30TUM_20230615T205813,50,,0.0,0.0,7.340277777777778,11.86111111111111,70.78472222222223,0.0,0.5,5.930555555555555,3.5,0.08333333333333333,0.0,14400,0,0.0,6000.000000000116,6000.0,0.3758821487426758,9.51388888888889,,0.0,-0.0044444444444444444,-0.04750000000000032,0.03666666666666707,-0.0008333333333325754,0.0,0.02888888888888891,-0.15500000000000025,0.1333333333333333,0.00888888888888889,0.0,-0.012777777777776222,0.04750000000000032,6000.0
13472,rdd_west_merged_6000_2,S2B_MSIL2A_20230615T110629_R137_T30TUM_20230615T205813,100,,0.0,0.0,7.111111111111111,12.25,70.77777777777777,0.0,0.4166666666666667,5.833333333333333,3.5277777777777777,0.08333333333333333,0.0,3600,0,0.0,6000.000000000116,6000.0,0.38088560104370117,9.444444444444445,,0.0,-0.0044444444444444444,-0.2766666666666673,0.42555555555555635,-0.007777777777789652,0.0,-0.054444444444444406,-0.25222222222222257,0.16111111111111098,0.00888888888888889,0.0,-0.08222222222222086,0.42555555555555635,6000.0
13478,rdd_west_merged_6000_2,S2B_MSIL2A_20230615T110629_R137_T30TUM_20230615T205813,200,,0.0,0.0,7.0,11.555555555555555,71.88888888888889,0.0,0.2222222222222222,6.222222222222222,3.0,0.1111111111111111,0.0,900,0,0.0,6000.000000000116,6000.0,0.3651440143585205,9.333333333333332,,0.0,-0.0044444444444444444,-0.387777777777778,-0.2688888888888883,1.1033333333333246,0.0,-0.24888888888888888,0.13666666666666671,-0.3666666666666667,0.03666666666666667,0.0,-0.19333333333333336,1.1033333333333246,6000.0
13484,rdd_west_merged_6000_2,S2B_MSIL2A_20230615T110629_R137_T30TUM_20230615T205813,500,,0.0,0.0,6.944444444444445,11.11111111111111,72.22222222222223,0.0,0.0,6.25,3.4722222222222223,0.0,0.0,144,0,0.0,6000.000000000116,6000.0,0.4011542797088623,9.722222222222221,,0.0,-0.0044444444444444444,-0.44333333333333336,-0.7133333333333329,1.4366666666666674,0.0,-0.4711111111111111,0.1644444444444444,0.10555555555555562,-0.07444444444444444,0.0,0.19555555555555593,1.4366666666666674,6000.0
13490,rdd_west_merged_6000_2,S2B_MSIL2A_20230615T110629_R137_T30TUM_20230615T205813,1000,,0.0,0.0,11.11111111111111,8.333333333333334,72.22222222222223,0.0,0.0,8.333333333333334,0.0,0.0,0.0,36,0,0.0,6000.000000000116,6000.0,0.34447455406188965,8.333333333333334,,0.0,-0.0044444444444444444,3.7233333333333327,-3.4911111111111097,1.4366666666666674,0.0,-0.4711111111111111,2.2477777777777783,-3.3666666666666667,-0.07444444444444444,0.0,-1.1933333333333316,3.7233333333333327,6000.0
13462,rdd_west_merged_6000_2,S2B_MSIL2A_20230625T110619_R137_T30TUM_20230625T164707,20,,0.0,0.0,0.0,8.592222222222222,91.40777777777778,0.0,0.0,0.0,0.0,0.0,0.0,90000,0,0.0,6000.000000000116,6000.0,0.37102246284484863,0.0,,0.0,0.0,0.0,0.0,0.0,0.0,0.0,0.0,0.0,0.0,0.0,0.0,0.0,6000.0
13468,rdd_west_merged_6000_2,S2B_MSIL2A_20230625T110619_R137_T30TUM_20230625T164707,50,,0.0,0.0,0.0,8.583333333333334,91.41666666666667,0.0,0.0,0.0,0.0,0.0,0.0,14400,0,0.0,6000.000000000116,6000.0,0.3758821487426758,0.0,,0.0,0.0,0.0,-0.008888888888888502,0.008888888888890278,0.0,0.0,0.0,0.0,0.0,0.0,0.0,0.008888888888890278,6000.0
13474,rdd_west_merged_6000_2,S2B_MSIL2A_20230625T110619_R137_T30TUM_20230625T164707,100,,0.0,0.0,0.0,8.5,91.5,0.0,0.0,0.0,0.0,0.0,0.0,3600,0,0.0,6000.000000000116,6000.0,0.38088560104370117,0.0,,0.0,0.0,0.0,-0.09222222222222243,0.09222222222221887,0.0,0.0,0.0,0.0,0.0,0.0,0.0,0.09222222222222243,6000.0
13480,rdd_west_merged_6000_2,S2B_MSIL2A_20230625T110619_R137_T30TUM_20230625T164707,200,,0.0,0.0,0.0,9.0,91.0,0.0,0.0,0.0,0.0,0.0,0.0,900,0,0.0,6000.000000000116,6000.0,0.3651440143585205,0.0,,0.0,0.0,0.0,0.4077777777777776,-0.4077777777777811,0.0,0.0,0.0,0.0,0.0,0.0,0.0,0.4077777777777811,6000.0
13486,rdd_west_merged_6000_2,S2B_MSIL2A_20230625T110619_R137_T30TUM_20230625T164707,500,,0.0,0.0,0.0,9.722222222222221,90.27777777777777,0.0,0.0,0.0,0.0,0.0,0.0,144,0,0.0,6000.000000000116,6000.0,0.4011542797088623,0.0,,0.0,0.0,0.0,1.129999999999999,-1.1300000000000097,0.0,0.0,0.0,0.0,0.0,0.0,0.0,1.1300000000000097,6000.0
13492,rdd_west_merged_6000_2,S2B_MSIL2A_20230625T110619_R137_T30TUM_20230625T164707,1000,,0.0,0.0,0.0,8.333333333333334,91.66666666666667,0.0,0.0,0.0,0.0,0.0,0.0,36,0,0.0,6000.000000000116,6000.0,0.34447455406188965,0.0,,0.0,0.0,0.0,-0.2588888888888885,0.2588888888888903,0.0,0.0,0.0,0.0,0.0,0.0,0.0,0.2588888888888903,6000.0
13495,rdd_west_merged_6000_3,S2A_MSIL2A_20230610T110621_R137_T30TUM_20230610T202756,20,,0.0,0.0,0.2811111111111111,0.12666666666666668,4.622222222222222,0.0,4.174444444444444,24.11111111111111,65.73777777777778,0.9466666666666667,0.0,90000,0,0.0,6000.000000000175,6000.0,0.5594980716705322,90.79555555555557,,0.0,0.0,0.0,0.0,0.0,0.0,0.0,0.0,0.0,0.0,0.0,0.0,0.0,6000.0
13501,rdd_west_merged_6000_3,S2A_MSIL2A_20230610T110621_R137_T30TUM_20230610T202756,50,,0.0,0.0,0.2847222222222222,0.10416666666666667,4.645833333333333,0.0,4.243055555555555,24.03472222222222,65.78472222222223,0.9027777777777778,0.0,14400,0,0.0,6000.000000000175,6000.0,0.28885960578918457,90.72222222222223,,0.0,0.0,0.0036111111111111205,-0.022500000000000006,0.02361111111111125,0.0,0.06861111111111118,-0.07638888888888928,0.04694444444444912,-0.043888888888888866,0.0,-0.07333333333333769,0.07333333333333769,6000.0
13507,rdd_west_merged_6000_3,S2A_MSIL2A_20230610T110621_R137_T30TUM_20230610T202756,100,,0.0,0.0,0.3055555555555556,0.08333333333333333,4.694444444444445,0.0,4.277777777777778,23.944444444444443,65.83333333333333,0.8611111111111112,0.0,3600,0,0.0,6000.000000000175,6000.0,0.4003407955169678,90.63888888888889,,0.0,0.0,0.02444444444444449,-0.04333333333333335,0.07222222222222285,0.0,0.1033333333333335,-0.16666666666666785,0.09555555555554918,-0.0855555555555555,0.0,-0.1566666666666805,0.1566666666666805,6000.0
13513,rdd_west_merged_6000_3,S2A_MSIL2A_20230610T110621_R137_T30TUM_20230610T202756,200,,0.0,0.0,0.2222222222222222,0.1111111111111111,3.888888888888889,0.0,4.888888888888889,23.666666666666668,66.11111111111111,1.1111111111111112,0.0,900,0,0.0,6000.000000000175,6000.0,0.2782285213470459,90.8888888888889,,0.0,0.0,-0.05888888888888888,-0.015555555555555572,-0.733333333333333,0.0,0.7144444444444451,-0.44444444444444287,0.37333333333333485,0.1644444444444445,0.0,0.09333333333333371,0.733333333333333,6000.0
13519,rdd_west_merged_6000_3,S2A_MSIL2A_20230610T110621_R137_T30TUM_20230610T202756,500,,0.0,0.0,0.0,0.0,4.861111111111111,0.0,5.555555555555555,22.916666666666668,65.97222222222223,0.6944444444444444,0.0,144,0,0.0,6000.000000000175,6000.0,0.2921919822692871,89.58333333333334,,0.0,0.0,-0.2811111111111111,-0.12666666666666668,0.23888888888888893,0.0,1.3811111111111112,-1.1944444444444429,0.23444444444444912,-0.25222222222222224,0.0,-1.2122222222222234,1.3811111111111112,6000.0
13525,rdd_west_merged_6000_3,S2A_MSIL2A_20230610T110621_R137_T30TUM_20230610T202756,1000,,0.0,0.0,0.0,0.0,5.555555555555555,0.0,2.7777777777777777,25.0,63.888888888888886,2.7777777777777777,0.0,36,0,0.0,6000.000000000175,6000.0,0.28367066383361816,91.66666666666666,,0.0,0.0,-0.2811111111111111,-0.12666666666666668,0.9333333333333336,0.0,-1.3966666666666665,0.8888888888888893,-1.8488888888888937,1.831111111111111,0.0,0.871111111111091,1.3966666666666665,6000.0
13497,rdd_west_merged_6000_3,S2A_MSIL2A_20230620T110621_R137_T30TUM_20230620T202552,20,,0.0,0.0,0.0,0.0,0.7222222222222222,0.0,0.006666666666666667,48.06444444444445,17.087777777777777,34.11888888888889,0.0,90000,0,0.0,6000.000000000175,6000.0,0.5594980716705322,99.27111111111111,,0.0,0.0,0.0,0.0,0.0,0.0,0.0,0.0,0.0,0.0,0.0,0.0,0.0,6000.0
13503,rdd_west_merged_6000_3,S2A_MSIL2A_20230620T110621_R137_T30TUM_20230620T202552,50,,0.0,0.0,0.0,0.0,0.7152777777777778,0.0,0.006944444444444444,48.0625,17.145833333333332,34.06944444444444,0.0,14400,0,0.0,6000.000000000175,6000.0,0.28885960578918457,99.27777777777777,,0.0,0.0,0.0,0.0,-0.00694444444444442,0.0,0.00027777777777777696,-0.001944444444447413,0.05805555555555486,-0.049444444444446844,0.0,0.006666666666660603,0.00694444444444442,6000.0
13509,rdd_west_merged_6000_3,S2A_MSIL2A_20230620T110621_R137_T30TUM_20230620T202552,100,,0.0,0.0,0.0,0.0,0.7222222222222222,0.0,0.027777777777777776,47.75,17.444444444444443,34.05555555555556,0.0,3600,0,0.0,6000.000000000175,6000.0,0.4003407955169678,99.25,,0.0,0.0,0.0,0.0,0.0,0.0,0.02111111111111111,-0.3144444444444474,0.3566666666666656,-0.06333333333333258,0.0,-0.02111111111111086,0.02111111111111111,6000.0
13515,rdd_west_merged_6000_3,S2A_MSIL2A_20230620T110621_R137_T30TUM_20230620T202552,200,,0.0,0.0,0.0,0.0,1.0,0.0,0.0,45.888888888888886,18.444444444444443,34.666666666666664,0.0,900,0,0.0,6000.000000000175,6000.0,0.2782285213470459,99.0,,0.0,0.0,0.0,0.0,0.2777777777777778,0.0,-0.006666666666666667,-2.1755555555555617,1.3566666666666656,0.5477777777777746,0.0,-0.27111111111111086,0.2777777777777778,6000.0
13521,rdd_west_merged_6000_3,S2A_MSIL2A_20230620T110621_R137_T30TUM_20230620T202552,500,,0.0,0.0,0.0,0.0,0.6944444444444444,0.0,0.0,47.22222222222222,17.36111111111111,34.72222222222222,0.0,144,0,0.0,6000.000000000175,6000.0,0.2921919822692871,99.30555555555554,,0.0,0.0,0.0,0.0,-0.02777777777777779,0.0,-0.006666666666666667,-0.842222222222226,0.27333333333333343,0.6033333333333317,0.0,0.034444444444432065,0.034444444444432065,6000.0
13527,rdd_west_merged_6000_3,S2A_MSIL2A_20230620T110621_R137_T30TUM_20230620T202552,1000,,0.0,0.0,0.0,0.0,0.0,0.0,0.0,50.0,13.88888888888889,36.111111111111114,0.0,36,0,0.0,6000.000000000175,6000.0,0.28367066383361816,100.0,,0.0,0.0,0.0,0.0,-0.7222222222222222,0.0,-0.006666666666666667,1.9355555555555526,-3.198888888888888,1.9922222222222246,0.0,0.7288888888888891,0.7288888888888891,6000.0
13499,rdd_west_merged_6000_3,S2A_MSIL2A_20230630T110621_R137_T30TUM_20230630T203024,20,,0.0,0.0,0.0,4.821111111111111,88.03444444444445,0.0,0.0,0.0,0.0,7.144444444444445,0.0,90000,0,0.0,6000.000000000175,6000.0,0.5594980716705322,7.144444444444445,,0.0,0.0,0.0,0.0,0.0,0.0,0.0,0.0,0.0,0.0,0.0,0.0,0.0,6000.0
13505,rdd_west_merged_6000_3,S2A_MSIL2A_20230630T110621_R137_T30TUM_20230630T203024,50,,0.0,0.0,0.0,4.868055555555555,88.09027777777777,0.0,0.0,0.0,0.0,7.041666666666667,0.0,14400,0,0.0,6000.000000000175,6000.0,0.28885960578918457,7.041666666666667,,0.0,0.0,0.0,0.04694444444444468,0.055833333333325186,0.0,0.0,0.0,0.0,-0.10277777777777786,0.0,-0.10277777777777786,0.10277777777777786,6000.0
13511,rdd_west_merged_6000_3,S2A_MSIL2A_20230630T110621_R137_T30TUM_20230630T203024,100,,0.0,0.0,0.0,5.0,88.05555555555556,0.0,0.0,0.0,0.0,6.944444444444445,0.0,3600,0,0.0,6000.000000000175,6000.0,0.4003407955169678,6.944444444444445,,0.0,0.0,0.0,0.17888888888888932,0.02111111111111086,0.0,0.0,0.0,0.0,-0.20000000000000018,0.0,-0.20000000000000018,0.20000000000000018,6000.0
13517,rdd_west_merged_6000_3,S2A_MSIL2A_20230630T110621_R137_T30TUM_20230630T203024,200,,0.0,0.0,0.0,5.333333333333333,88.22222222222223,0.0,0.0,0.0,0.0,6.444444444444445,0.0,900,0,0.0,6000.000000000175,6000.0,0.2782285213470459,6.444444444444445,,0.0,0.0,0.0,0.5122222222222224,0.18777777777778226,0.0,0.0,0.0,0.0,-0.7000000000000002,0.0,-0.7000000000000002,0.7000000000000002,6000.0
13523,rdd_west_merged_6000_3,S2A_MSIL2A_20230630T110621_R137_T30TUM_20230630T203024,500,,0.0,0.0,0.0,4.166666666666667,88.19444444444444,0.0,0.0,0.0,0.0,7.638888888888889,0.0,144,0,0.0,6000.000000000175,6000.0,0.2921919822692871,7.638888888888889,,0.0,0.0,0.0,-0.6544444444444437,0.1599999999999966,0.0,0.0,0.0,0.0,0.49444444444444446,0.0,0.49444444444444446,0.6544444444444437,6000.0
13529,rdd_west_merged_6000_3,S2A_MSIL2A_20230630T110621_R137_T30TUM_20230630T203024,1000,,0.0,0.0,0.0,0.0,94.44444444444444,0.0,0.0,0.0,0.0,5.555555555555555,0.0,36,0,0.0,6000.000000000175,6000.0,0.28367066383361816,5.555555555555555,,0.0,0.0,0.0,-4.821111111111111,6.409999999999997,0.0,0.0,0.0,0.0,-1.5888888888888895,0.0,-1.5888888888888895,6.409999999999997,6000.0
13494,rdd_west_merged_6000_3,S2B_MSIL2A_20230605T110619_R137_T30TUM_20230605T163049,20,,0.0,0.012222222222222223,12.238888888888889,12.581111111111111,52.51555555555556,0.0,0.5044444444444445,9.95888888888889,12.188888888888888,0.0,0.0,90000,0,0.0,6000.000000000175,6000.0,0.5594980716705322,22.147777777777776,,0.0,0.0,0.0,0.0,0.0,0.0,0.0,0.0,0.0,0.0,0.0,0.0,0.0,6000.0
13500,rdd_west_merged_6000_3,S2B_MSIL2A_20230605T110619_R137_T30TUM_20230605T163049,50,,0.0,0.006944444444444444,12.256944444444445,12.659722222222221,52.354166666666664,0.0,0.4722222222222222,10.020833333333334,12.229166666666666,0.0,0.0,14400,0,0.0,6000.000000000175,6000.0,0.28885960578918457,22.25,,0.0,-0.005277777777777779,0.018055555555555713,0.07861111111111008,-0.1613888888888937,0.0,-0.03222222222222226,0.06194444444444436,0.04027777777777786,0.0,0.0,0.10222222222222399,0.1613888888888937,6000.0
13506,rdd_west_merged_6000_3,S2B_MSIL2A_20230605T110619_R137_T30TUM_20230605T163049,100,,0.0,0.0,12.194444444444445,12.25,52.416666666666664,0.0,0.5555555555555556,10.416666666666666,12.166666666666666,0.0,0.0,3600,0,0.0,6000.000000000175,6000.0,0.4003407955169678,22.583333333333332,,0.0,-0.012222222222222223,-0.04444444444444429,-0.33111111111111136,-0.09888888888889369,0.0,0.05111111111111111,0.4577777777777765,-0.022222222222222143,0.0,0.0,0.43555555555555614,0.43555555555555614,6000.0
13512,rdd_west_merged_6000_3,S2B_MSIL2A_20230605T110619_R137_T30TUM_20230605T163049,200,,0.0,0.1111111111111111,12.222222222222221,12.777777777777779,51.44444444444444,0.0,0.5555555555555556,10.666666666666666,12.222222222222221,0.0,0.0,900,0,0.0,6000.000000000175,6000.0,0.2782285213470459,22.888888888888886,,0.0,0.09888888888888889,-0.016666666666667496,0.1966666666666672,-1.0711111111111151,0.0,0.05111111111111111,0.7077777777777765,0.033333333333333215,0.0,0.0,0.7411111111111097,1.0711111111111151,6000.0
13518,rdd_west_merged_6000_3,S2B_MSIL2A_20230605T110619_R137_T30TUM_20230605T163049,500,,0.0,0.0,11.805555555555555,11.11111111111111,54.861111111111114,0.0,0.6944444444444444,8.333333333333334,13.194444444444445,0.0,0.0,144,0,0.0,6000.000000000175,6000.0,0.2921919822692871,21.52777777777778,,0.0,-0.012222222222222223,-0.43333333333333357,-1.4700000000000006,2.3455555555555563,0.0,0.18999999999999995,-1.6255555555555556,1.0055555555555564,0.0,0.0,-0.6199999999999974,2.3455555555555563,6000.0
13524,rdd_west_merged_6000_3,S2B_MSIL2A_20230605T110619_R137_T30TUM_20230605T163049,1000,,0.0,0.0,5.555555555555555,11.11111111111111,55.55555555555556,0.0,0.0,8.333333333333334,19.444444444444443,0.0,0.0,36,0,0.0,6000.000000000175,6000.0,0.28367066383361816,27.77777777777778,,0.0,-0.012222222222222223,-6.683333333333334,-1.4700000000000006,3.039999999999999,0.0,-0.5044444444444445,-1.6255555555555556,7.255555555555555,0.0,0.0,5.630000000000003,6.683333333333334,6000.0
13496,rdd_west_merged_6000_3,S2B_MSIL2A_20230615T110629_R137_T30TUM_20230615T205813,20,,0.0,0.16,5.545555555555556,8.485555555555555,83.48555555555555,0.0,0.5055555555555555,1.4577777777777778,0.3422222222222222,0.017777777777777778,0.0,90000,0,0.0,6000.000000000175,6000.0,0.5594980716705322,1.8177777777777777,,0.0,0.0,0.0,0.0,0.0,0.0,0.0,0.0,0.0,0.0,0.0,0.0,0.0,6000.0
13502,rdd_west_merged_6000_3,S2B_MSIL2A_20230615T110629_R137_T30TUM_20230615T205813,50,,0.0,0.1527777777777778,5.513888888888889,8.555555555555555,83.40277777777777,0.0,0.5,1.5208333333333333,0.3472222222222222,0.006944444444444444,0.0,14400,0,0.0,6000.000000000175,6000.0,0.28885960578918457,1.8749999999999998,,0.0,-0.007222222222222213,-0.03166666666666629,0.07000000000000028,-0.08277777777777828,0.0,-0.005555555555555536,0.06305555555555542,0.0050000000000000044,-0.010833333333333334,0.0,0.05722222222222206,0.08277777777777828,6000.0
13508,rdd_west_merged_6000_3,S2B_MSIL2A_20230615T110629_R137_T30TUM_20230615T205813,100,,0.0,0.19444444444444445,5.416666666666667,8.583333333333334,83.5,0.0,0.4722222222222222,1.3888888888888888,0.4444444444444444,0.0,0.0,3600,0,0.0,6000.000000000175,6000.0,0.4003407955169678,1.8333333333333333,,0.0,0.034444444444444444,-0.1288888888888886,0.09777777777777885,0.014444444444450255,0.0,-0.033333333333333326,-0.068888888888889,0.10222222222222221,-0.017777777777777778,0.0,0.015555555555555545,0.1288888888888886,6000.0
13514,rdd_west_merged_6000_3,S2B_MSIL2A_20230615T110629_R137_T30TUM_20230615T205813,200,,0.0,0.1111111111111111,6.0,8.777777777777779,81.55555555555556,0.0,0.8888888888888888,1.7777777777777777,0.6666666666666666,0.2222222222222222,0.0,900,0,0.0,6000.000000000175,6000.0,0.2782285213470459,2.6666666666666665,,0.0,-0.0488888888888889,0.45444444444444443,0.2922222222222235,-1.9299999999999926,0.0,0.3833333333333333,0.31999999999999984,0.3244444444444444,0.20444444444444443,0.0,0.8488888888888888,1.9299999999999926,6000.0
13520,rdd_west_merged_6000_3,S2B_MSIL2A_20230615T110629_R137_T30TUM_20230615T205813,500,,0.0,0.0,4.861111111111111,7.638888888888889,85.41666666666667,0.0,0.6944444444444444,0.6944444444444444,0.6944444444444444,0.0,0.0,144,0,0.0,6000.000000000175,6000.0,0.2921919822692871,1.3888888888888888,,0.0,-0.16,-0.6844444444444449,-0.8466666666666658,1.9311111111111217,0.0,0.18888888888888888,-0.7633333333333334,0.3522222222222222,-0.017777777777777778,0.0,-0.4288888888888889,1.9311111111111217,6000.0
13526,rdd_west_merged_6000_3,S2B_MSIL2A_20230615T110629_R137_T30TUM_20230615T205813,1000,,0.0,0.0,2.7777777777777777,5.555555555555555,83.33333333333333,0.0,5.555555555555555,2.7777777777777777,0.0,0.0,0.0,36,0,0.0,6000.000000000175,6000.0,0.28367066383361816,2.7777777777777777,,0.0,-0.16,-2.767777777777778,-2.9299999999999997,-0.15222222222222115,0.0,5.05,1.3199999999999998,-0.3422222222222222,-0.017777777777777778,0.0,0.96,5.05,6000.0
13498,rdd_west_merged_6000_3,S2B_MSIL2A_20230625T110619_R137_T30TUM_20230625T164707,20,,0.0,0.012222222222222223,1.3144444444444445,5.754444444444444,91.99666666666667,0.0,0.0811111111111111,0.6488888888888888,0.0811111111111111,0.1111111111111111,0.0,90000,0,0.0,6000.000000000175,6000.0,0.5594980716705322,0.8411111111111111,,0.0,0.0,0.0,0.0,0.0,0.0,0.0,0.0,0.0,0.0,0.0,0.0,0.0,6000.0
13504,rdd_west_merged_6000_3,S2B_MSIL2A_20230625T110619_R137_T30TUM_20230625T164707,50,,0.0,0.013888888888888888,1.3125,5.784722222222222,91.97222222222223,0.0,0.06944444444444445,0.6527777777777778,0.0763888888888889,0.11805555555555555,0.0,14400,0,0.0,6000.000000000175,6000.0,0.28885960578918457,0.8472222222222223,,0.0,0.0016666666666666653,-0.0019444444444445264,0.03027777777777807,-0.02444444444444116,0.0,-0.011666666666666659,0.0038888888888889417,-0.004722222222222211,0.0069444444444444475,0.0,0.006111111111111178,0.03027777777777807,6000.0
13510,rdd_west_merged_6000_3,S2B_MSIL2A_20230625T110619_R137_T30TUM_20230625T164707,100,,0.0,0.0,1.2222222222222223,5.972222222222222,91.94444444444444,0.0,0.05555555555555555,0.7222222222222222,0.027777777777777776,0.05555555555555555,0.0,3600,0,0.0,6000.000000000175,6000.0,0.4003407955169678,0.8055555555555556,,0.0,-0.012222222222222223,-0.0922222222222222,0.21777777777777807,-0.05222222222222683,0.0,-0.025555555555555554,0.07333333333333336,-0.05333333333333333,-0.05555555555555555,0.0,-0.03555555555555556,0.21777777777777807,6000.0
13516,rdd_west_merged_6000_3,S2B_MSIL2A_20230625T110619_R137_T30TUM_20230625T164707,200,,0.0,0.1111111111111111,1.3333333333333333,5.333333333333333,92.44444444444444,0.0,0.1111111111111111,0.4444444444444444,0.1111111111111111,0.1111111111111111,0.0,900,0,0.0,6000.000000000175,6000.0,0.2782285213470459,0.6666666666666667,,0.0,0.09888888888888889,0.018888888888888733,-0.4211111111111112,0.44777777777777317,0.0,0.03,-0.20444444444444443,0.03,0.0,0.0,-0.1744444444444444,0.44777777777777317,6000.0
13522,rdd_west_merged_6000_3,S2B_MSIL2A_20230625T110619_R137_T30TUM_20230625T164707,500,,0.0,0.0,0.6944444444444444,5.555555555555555,92.36111111111111,0.0,0.6944444444444444,0.0,0.0,0.6944444444444444,0.0,144,0,0.0,6000.000000000175,6000.0,0.2921919822692871,0.6944444444444444,,0.0,-0.012222222222222223,-0.6200000000000001,-0.1988888888888889,0.36444444444444457,0.0,0.6133333333333333,-0.6488888888888888,-0.0811111111111111,0.5833333333333333,0.0,-0.14666666666666672,0.6200000000000001,6000.0
13528,rdd_west_merged_6000_3,S2B_MSIL2A_20230625T110619_R137_T30TUM_20230625T164707,1000,,0.0,0.0,0.0,2.7777777777777777,94.44444444444444,0.0,0.0,2.7777777777777777,0.0,0.0,0.0,36,0,0.0,6000.000000000175,6000.0,0.28367066383361816,2.7777777777777777,,0.0,-0.012222222222222223,-1.3144444444444445,-2.9766666666666666,2.447777777777773,0.0,-0.0811111111111111,2.1288888888888886,-0.0811111111111111,-0.1111111111111111,0.0,1.9366666666666665,2.9766666666666666,6000.0
13531,rdd_west_merged_6000_4,S2A_MSIL2A_20230610T110621_R137_T30TUM_20230610T202756,20,,0.0,0.0,0.0,0.0,0.0,0.0,0.0,2.013333333333333,97.98666666666666,0.0,0.0,90000,0,0.0,6000.000000000058,6000.0,0.3344569206237793,100.0,,0.0,0.0,0.0,0.0,0.0,0.0,0.0,0.0,0.0,0.0,0.0,0.0,0.0,6000.0
13537,rdd_west_merged_6000_4,S2A_MSIL2A_20230610T110621_R137_T30TUM_20230610T202756,50,,0.0,0.0,0.0,0.0,0.0,0.0,0.0,2.048611111111111,97.95138888888889,0.0,0.0,14400,0,0.0,6000.000000000058,6000.0,0.3328537940979004,100.0,,0.0,0.0,0.0,0.0,0.0,0.0,0.0,0.03527777777777796,-0.03527777777777885,0.0,0.0,0.0,0.0,6000.0
13543,rdd_west_merged_6000_4,S2A_MSIL2A_20230610T110621_R137_T30TUM_20230610T202756,100,,0.0,0.0,0.0,0.0,0.0,0.0,0.0,2.1666666666666665,97.83333333333333,0.0,0.0,3600,0,0.0,6000.000000000058,6000.0,0.32151365280151367,100.0,,0.0,0.0,0.0,0.0,0.0,0.0,0.0,0.15333333333333332,-0.15333333333333599,0.0,0.0,0.0,0.0,6000.0
13549,rdd_west_merged_6000_4,S2A_MSIL2A_20230610T110621_R137_T30TUM_20230610T202756,200,,0.0,0.0,0.0,0.0,0.0,0.0,0.0,1.3333333333333333,98.66666666666667,0.0,0.0,900,0,0.0,6000.000000000058,6000.0,0.4038054943084717,100.0,,0.0,0.0,0.0,0.0,0.0,0.0,0.0,-0.6799999999999999,0.6800000000000068,0.0,0.0,0.0,0.0,6000.0
13555,rdd_west_merged_6000_4,S2A_MSIL2A_20230610T110621_R137_T30TUM_20230610T202756,500,,0.0,0.0,0.0,0.0,0.0,0.0,0.0,1.3888888888888888,98.61111111111111,0.0,0.0,144,0,0.0,6000.000000000058,6000.0,0.400860071182251,100.0,,0.0,0.0,0.0,0.0,0.0,0.0,0.0,-0.6244444444444444,0.6244444444444497,0.0,0.0,0.0,0.0,6000.0
13561,rdd_west_merged_6000_4,S2A_MSIL2A_20230610T110621_R137_T30TUM_20230610T202756,1000,,0.0,0.0,0.0,0.0,0.0,0.0,0.0,2.7777777777777777,97.22222222222223,0.0,0.0,36,0,0.0,6000.000000000058,6000.0,0.3495950698852539,100.0,,0.0,0.0,0.0,0.0,0.0,0.0,0.0,0.7644444444444445,-0.764444444444436,0.0,0.0,0.0,0.0,6000.0
13533,rdd_west_merged_6000_4,S2A_MSIL2A_20230620T110621_R137_T30TUM_20230620T202552,20,,0.0,0.0,0.0,0.0,0.0,0.0,0.0,0.0,100.0,0.0,0.0,90000,0,0.0,6000.000000000058,6000.0,0.3344569206237793,100.0,,0.0,0.0,0.0,0.0,0.0,0.0,0.0,0.0,0.0,0.0,0.0,0.0,0.0,6000.0
13539,rdd_west_merged_6000_4,S2A_MSIL2A_20230620T110621_R137_T30TUM_20230620T202552,50,,0.0,0.0,0.0,0.0,0.0,0.0,0.0,0.0,100.0,0.0,0.0,14400,0,0.0,6000.000000000058,6000.0,0.3328537940979004,100.0,,0.0,0.0,0.0,0.0,0.0,0.0,0.0,0.0,0.0,0.0,0.0,0.0,0.0,6000.0
13545,rdd_west_merged_6000_4,S2A_MSIL2A_20230620T110621_R137_T30TUM_20230620T202552,100,,0.0,0.0,0.0,0.0,0.0,0.0,0.0,0.0,100.0,0.0,0.0,3600,0,0.0,6000.000000000058,6000.0,0.32151365280151367,100.0,,0.0,0.0,0.0,0.0,0.0,0.0,0.0,0.0,0.0,0.0,0.0,0.0,0.0,6000.0
13551,rdd_west_merged_6000_4,S2A_MSIL2A_20230620T110621_R137_T30TUM_20230620T202552,200,,0.0,0.0,0.0,0.0,0.0,0.0,0.0,0.0,100.0,0.0,0.0,900,0,0.0,6000.000000000058,6000.0,0.4038054943084717,100.0,,0.0,0.0,0.0,0.0,0.0,0.0,0.0,0.0,0.0,0.0,0.0,0.0,0.0,6000.0
13557,rdd_west_merged_6000_4,S2A_MSIL2A_20230620T110621_R137_T30TUM_20230620T202552,500,,0.0,0.0,0.0,0.0,0.0,0.0,0.0,0.0,100.0,0.0,0.0,144,0,0.0,6000.000000000058,6000.0,0.400860071182251,100.0,,0.0,0.0,0.0,0.0,0.0,0.0,0.0,0.0,0.0,0.0,0.0,0.0,0.0,6000.0
13563,rdd_west_merged_6000_4,S2A_MSIL2A_20230620T110621_R137_T30TUM_20230620T202552,1000,,0.0,0.0,0.0,0.0,0.0,0.0,0.0,0.0,100.0,0.0,0.0,36,0,0.0,6000.000000000058,6000.0,0.3495950698852539,100.0,,0.0,0.0,0.0,0.0,0.0,0.0,0.0,0.0,0.0,0.0,0.0,0.0,0.0,6000.0
13535,rdd_west_merged_6000_4,S2A_MSIL2A_20230630T110621_R137_T30TUM_20230630T203024,20,,0.0,0.20444444444444446,0.0,4.733333333333333,94.61555555555556,0.13,0.31666666666666665,0.0,0.0,0.0,0.0,90000,0,0.0,6000.000000000058,6000.0,0.3344569206237793,0.0,,0.0,0.0,0.0,0.0,0.0,0.0,0.0,0.0,0.0,0.0,0.0,0.0,0.0,6000.0
13541,rdd_west_merged_6000_4,S2A_MSIL2A_20230630T110621_R137_T30TUM_20230630T203024,50,,0.0,0.2152777777777778,0.0,4.819444444444445,94.52777777777777,0.13194444444444445,0.3055555555555556,0.0,0.0,0.0,0.0,14400,0,0.0,6000.000000000058,6000.0,0.3328537940979004,0.0,,0.0,0.010833333333333334,0.0,0.08611111111111125,-0.08777777777778795,0.001944444444444443,-0.011111111111111072,0.0,0.0,0.0,0.0,0.0,0.08777777777778795,6000.0
13547,rdd_west_merged_6000_4,S2A_MSIL2A_20230630T110621_R137_T30TUM_20230630T203024,100,,0.0,0.19444444444444445,0.0,4.722222222222222,94.61111111111111,0.1111111111111111,0.3611111111111111,0.0,0.0,0.0,0.0,3600,0,0.0,6000.000000000058,6000.0,0.32151365280151367,0.0,,0.0,-0.010000000000000009,0.0,-0.011111111111111072,-0.004444444444445139,-0.0188888888888889,0.04444444444444445,0.0,0.0,0.0,0.0,0.0,0.04444444444444445,6000.0
13553,rdd_west_merged_6000_4,S2A_MSIL2A_20230630T110621_R137_T30TUM_20230630T203024,200,,0.0,0.2222222222222222,0.0,4.222222222222222,95.11111111111111,0.2222222222222222,0.2222222222222222,0.0,0.0,0.0,0.0,900,0,0.0,6000.000000000058,6000.0,0.4038054943084717,0.0,,0.0,0.017777777777777753,0.0,-0.5111111111111111,0.49555555555555486,0.0922222222222222,-0.09444444444444444,0.0,0.0,0.0,0.0,0.0,0.5111111111111111,6000.0
13559,rdd_west_merged_6000_4,S2A_MSIL2A_20230630T110621_R137_T30TUM_20230630T203024,500,,0.0,0.6944444444444444,0.0,2.0833333333333335,96.52777777777777,0.0,0.6944444444444444,0.0,0.0,0.0,0.0,144,0,0.0,6000.000000000058,6000.0,0.400860071182251,0.0,,0.0,0.49,0.0,-2.65,1.912222222222212,-0.13,0.37777777777777777,0.0,0.0,0.0,0.0,0.0,2.65,6000.0
13565,rdd_west_merged_6000_4,S2A_MSIL2A_20230630T110621_R137_T30TUM_20230630T203024,1000,,0.0,0.0,0.0,5.555555555555555,94.44444444444444,0.0,0.0,0.0,0.0,0.0,0.0,36,0,0.0,6000.000000000058,6000.0,0.3495950698852539,0.0,,0.0,-0.20444444444444446,0.0,0.822222222222222,-0.17111111111111654,-0.13,-0.31666666666666665,0.0,0.0,0.0,0.0,0.0,0.822222222222222,6000.0
13530,rdd_west_merged_6000_4,S2B_MSIL2A_20230605T110619_R137_T30TUM_20230605T163049,20,,0.0,0.20444444444444446,2.151111111111111,13.164444444444445,71.46777777777778,0.49444444444444446,0.2688888888888889,5.015555555555555,7.233333333333333,0.0,0.0,90000,0,0.0,6000.000000000058,6000.0,0.3344569206237793,12.248888888888889,,0.0,0.0,0.0,0.0,0.0,0.0,0.0,0.0,0.0,0.0,0.0,0.0,0.0,6000.0
13536,rdd_west_merged_6000_4,S2B_MSIL2A_20230605T110619_R137_T30TUM_20230605T163049,50,,0.0,0.20833333333333334,2.138888888888889,13.333333333333334,71.39583333333333,0.5,0.2361111111111111,4.972222222222222,7.215277777777778,0.0,0.0,14400,0,0.0,6000.000000000058,6000.0,0.3328537940979004,12.1875,,0.0,0.003888888888888886,-0.012222222222222356,0.16888888888888864,-0.0719444444444548,0.005555555555555536,-0.032777777777777795,-0.043333333333333,-0.018055555555555713,0.0,0.0,-0.061388888888888715,0.16888888888888864,6000.0
13542,rdd_west_merged_6000_4,S2B_MSIL2A_20230605T110619_R137_T30TUM_20230605T163049,100,,0.0,0.25,2.0555555555555554,13.805555555555555,71.38888888888889,0.4444444444444444,0.19444444444444445,4.638888888888889,7.222222222222222,0.0,0.0,3600,0,0.0,6000.000000000058,6000.0,0.32151365280151367,11.86111111111111,,0.0,0.045555555555555544,-0.09555555555555584,0.6411111111111101,-0.07888888888889767,-0.050000000000000044,-0.07444444444444445,-0.37666666666666604,-0.011111111111111072,0.0,0.0,-0.387777777777778,0.6411111111111101,6000.0
13548,rdd_west_merged_6000_4,S2B_MSIL2A_20230605T110619_R137_T30TUM_20230605T163049,200,,0.0,0.2222222222222222,2.0,13.222222222222221,73.22222222222223,0.5555555555555556,0.1111111111111111,4.333333333333333,6.333333333333333,0.0,0.0,900,0,0.0,6000.000000000058,6000.0,0.4038054943084717,10.666666666666666,,0.0,0.017777777777777753,-0.1511111111111112,0.05777777777777615,1.7544444444444451,0.061111111111111116,-0.1577777777777778,-0.6822222222222223,-0.9000000000000004,0.0,0.0,-1.5822222222222226,1.7544444444444451,6000.0
13554,rdd_west_merged_6000_4,S2B_MSIL2A_20230605T110619_R137_T30TUM_20230605T163049,500,,0.0,0.0,2.7777777777777777,12.5,70.83333333333333,0.6944444444444444,0.6944444444444444,7.638888888888889,4.861111111111111,0.0,0.0,144,0,0.0,6000.000000000058,6000.0,0.400860071182251,12.5,,0.0,-0.20444444444444446,0.6266666666666665,-0.6644444444444453,-0.6344444444444548,0.19999999999999996,0.4255555555555555,2.623333333333334,-2.3722222222222227,0.0,0.0,0.2511111111111113,0.6644444444444453,6000.0
13560,rdd_west_merged_6000_4,S2B_MSIL2A_20230605T110619_R137_T30TUM_20230605T163049,1000,,0.0,0.0,0.0,19.444444444444443,66.66666666666667,0.0,0.0,5.555555555555555,8.333333333333334,0.0,0.0,36,0,0.0,6000.000000000058,6000.0,0.3495950698852539,13.88888888888889,,0.0,-0.20444444444444446,-2.151111111111111,6.279999999999998,-4.801111111111112,-0.49444444444444446,-0.2688888888888889,0.54,1.1000000000000005,0.0,0.0,1.6400000000000006,6.279999999999998,6000.0
13532,rdd_west_merged_6000_4,S2B_MSIL2A_20230615T110629_R137_T30TUM_20230615T205813,20,,0.0,0.32555555555555554,2.28,8.922222222222222,87.38888888888889,0.37,0.19555555555555557,0.47555555555555556,0.042222222222222223,0.0,0.0,90000,0,0.0,6000.000000000058,6000.0,0.3344569206237793,0.5177777777777778,,0.0,0.0,0.0,0.0,0.0,0.0,0.0,0.0,0.0,0.0,0.0,0.0,0.0,6000.0
13538,rdd_west_merged_6000_4,S2B_MSIL2A_20230615T110629_R137_T30TUM_20230615T205813,50,,0.0,0.3333333333333333,2.2847222222222223,8.965277777777779,87.36111111111111,0.3541666666666667,0.20833333333333334,0.4583333333333333,0.034722222222222224,0.0,0.0,14400,0,0.0,6000.000000000058,6000.0,0.3328537940979004,0.4930555555555555,,0.0,0.007777777777777772,0.004722222222222516,0.04305555555555607,-0.027777777777771462,-0.01583333333333331,0.012777777777777777,-0.01722222222222225,-0.0075,0.0,0.0,-0.024722222222222257,0.04305555555555607,6000.0
13544,rdd_west_merged_6000_4,S2B_MSIL2A_20230615T110629_R137_T30TUM_20230615T205813,100,,0.0,0.3333333333333333,2.2222222222222223,9.25,87.05555555555556,0.3055555555555556,0.2777777777777778,0.5277777777777778,0.027777777777777776,0.0,0.0,3600,0,0.0,6000.000000000058,6000.0,0.32151365280151367,0.5555555555555556,,0.0,0.007777777777777772,-0.057777777777777484,0.3277777777777775,-0.3333333333333286,-0.06444444444444442,0.08222222222222222,0.052222222222222225,-0.014444444444444447,0.0,0.0,0.0377777777777778,0.3333333333333286,6000.0
13550,rdd_west_merged_6000_4,S2B_MSIL2A_20230615T110629_R137_T30TUM_20230615T205813,200,,0.0,0.3333333333333333,2.2222222222222223,8.333333333333334,87.55555555555556,0.5555555555555556,0.1111111111111111,0.7777777777777778,0.1111111111111111,0.0,0.0,900,0,0.0,6000.000000000058,6000.0,0.4038054943084717,0.8888888888888888,,0.0,0.007777777777777772,-0.057777777777777484,-0.5888888888888886,0.1666666666666714,0.18555555555555558,-0.08444444444444446,0.3022222222222222,0.06888888888888889,0.0,0.0,0.37111111111111106,0.5888888888888886,6000.0
13556,rdd_west_merged_6000_4,S2B_MSIL2A_20230615T110629_R137_T30TUM_20230615T205813,500,,0.0,0.6944444444444444,2.0833333333333335,5.555555555555555,90.27777777777777,0.0,0.6944444444444444,0.6944444444444444,0.0,0.0,0.0,144,0,0.0,6000.000000000058,6000.0,0.400860071182251,0.6944444444444444,,0.0,0.3688888888888889,-0.19666666666666632,-3.366666666666667,2.8888888888888857,-0.37,0.4988888888888888,0.21888888888888886,-0.042222222222222223,0.0,0.0,0.17666666666666664,3.366666666666667,6000.0
13562,rdd_west_merged_6000_4,S2B_MSIL2A_20230615T110629_R137_T30TUM_20230615T205813,1000,,0.0,0.0,2.7777777777777777,11.11111111111111,80.55555555555556,0.0,2.7777777777777777,2.7777777777777777,0.0,0.0,0.0,36,0,0.0,6000.000000000058,6000.0,0.3495950698852539,2.7777777777777777,,0.0,-0.32555555555555554,0.4977777777777779,2.188888888888888,-6.833333333333329,-0.37,2.582222222222222,2.302222222222222,-0.042222222222222223,0.0,0.0,2.26,6.833333333333329,6000.0
13534,rdd_west_merged_6000_4,S2B_MSIL2A_20230625T110619_R137_T30TUM_20230625T164707,20,,0.0,0.3522222222222222,9.457777777777778,3.4811111111111113,59.47,0.09888888888888889,0.5811111111111111,12.924444444444445,13.387777777777778,0.24666666666666667,0.0,90000,0,0.0,6000.000000000058,6000.0,0.3344569206237793,26.55888888888889,,0.0,0.0,0.0,0.0,0.0,0.0,0.0,0.0,0.0,0.0,0.0,0.0,0.0,6000.0
13540,rdd_west_merged_6000_4,S2B_MSIL2A_20230625T110619_R137_T30TUM_20230625T164707,50,,0.0,0.3541666666666667,9.493055555555555,3.486111111111111,59.52777777777778,0.09027777777777778,0.5902777777777778,12.916666666666666,13.3125,0.22916666666666666,0.0,14400,0,0.0,6000.000000000058,6000.0,0.3328537940979004,26.458333333333332,,0.0,0.0019444444444444708,0.035277777777777075,0.004999999999999893,0.057777777777779704,-0.008611111111111111,0.009166666666666656,-0.007777777777778994,-0.075277777777778,-0.017500000000000016,0.0,-0.10055555555555884,0.10055555555555884,6000.0
13546,rdd_west_merged_6000_4,S2B_MSIL2A_20230625T110619_R137_T30TUM_20230625T164707,100,,0.0,0.3611111111111111,9.25,3.5,60.19444444444444,0.1388888888888889,0.4722222222222222,13.0,12.86111111111111,0.2222222222222222,0.0,3600,0,0.0,6000.000000000058,6000.0,0.32151365280151367,26.083333333333332,,0.0,0.00888888888888889,-0.20777777777777828,0.018888888888888733,0.724444444444444,0.04000000000000001,-0.10888888888888892,0.07555555555555493,-0.5266666666666673,-0.024444444444444463,0.0,-0.47555555555555884,0.724444444444444,6000.0
13552,rdd_west_merged_6000_4,S2B_MSIL2A_20230625T110619_R137_T30TUM_20230625T164707,200,,0.0,0.3333333333333333,9.444444444444445,3.0,59.888888888888886,0.2222222222222222,0.5555555555555556,13.333333333333334,12.88888888888889,0.3333333333333333,0.0,900,0,0.0,6000.000000000058,6000.0,0.4038054943084717,26.555555555555554,,0.0,-0.0188888888888889,-0.013333333333333641,-0.48111111111111127,0.41888888888888687,0.12333333333333332,-0.025555555555555554,0.40888888888888886,-0.4988888888888887,0.08666666666666664,0.0,-0.003333333333337407,0.48111111111111127,6000.0
13558,rdd_west_merged_6000_4,S2B_MSIL2A_20230625T110619_R137_T30TUM_20230625T164707,500,,0.0,0.6944444444444444,9.027777777777779,2.0833333333333335,61.111111111111114,0.0,0.6944444444444444,14.583333333333334,11.805555555555555,0.0,0.0,144,0,0.0,6000.000000000058,6000.0,0.400860071182251,26.38888888888889,,0.0,0.3422222222222222,-0.4299999999999997,-1.3977777777777778,1.6411111111111154,-0.09888888888888889,0.11333333333333329,1.6588888888888889,-1.5822222222222226,-0.24666666666666667,0.0,-0.1700000000000017,1.6411111111111154,6000.0
13564,rdd_west_merged_6000_4,S2B_MSIL2A_20230625T110619_R137_T30TUM_20230625T164707,1000,,0.0,0.0,11.11111111111111,5.555555555555555,58.333333333333336,0.0,0.0,5.555555555555555,16.666666666666668,2.7777777777777777,0.0,36,0,0.0,6000.000000000058,6000.0,0.3495950698852539,25.0,,0.0,-0.3522222222222222,1.6533333333333324,2.074444444444444,-1.1366666666666632,-0.09888888888888889,-0.5811111111111111,-7.36888888888889,3.27888888888889,2.531111111111111,0.0,-1.558888888888891,2.074444444444444,6000.0
13567,rdd_west_merged_6000_5,S2A_MSIL2A_20230610T110621_R137_T30TUM_20230610T202756,20,,0.0,0.0,0.0,0.0,0.0,0.0,0.0,19.876666666666665,79.81222222222222,0.3111111111111111,0.0,90000,0,0.0,6000.000000000058,6000.000000000931,0.35686683654785156,100.0,,0.0,0.0,0.0,0.0,0.0,0.0,0.0,0.0,0.0,0.0,0.0,0.0,0.0,6000.0
13573,rdd_west_merged_6000_5,S2A_MSIL2A_20230610T110621_R137_T30TUM_20230610T202756,50,,0.0,0.0,0.0,0.0,0.0,0.0,0.0,19.833333333333332,79.83333333333333,0.3333333333333333,0.0,14400,0,0.0,6000.000000000058,6000.000000000931,0.3326864242553711,99.99999999999999,,0.0,0.0,0.0,0.0,0.0,0.0,0.0,-0.043333333333333,0.02111111111111086,0.0222222222222222,0.0,-1.4210854715202004e-14,1.4210854715202004e-14,6000.0
13579,rdd_west_merged_6000_5,S2A_MSIL2A_20230610T110621_R137_T30TUM_20230610T202756,100,,0.0,0.0,0.0,0.0,0.0,0.0,0.0,20.13888888888889,79.61111111111111,0.25,0.0,3600,0,0.0,6000.000000000058,6000.000000000931,0.300518274307251,100.0,,0.0,0.0,0.0,0.0,0.0,0.0,0.0,0.26222222222222413,-0.20111111111110347,-0.061111111111111116,0.0,0.0,0.0,6000.0
13585,rdd_west_merged_6000_5,S2A_MSIL2A_20230610T110621_R137_T30TUM_20230610T202756,200,,0.0,0.0,0.0,0.0,0.0,0.0,0.0,18.88888888888889,80.77777777777777,0.3333333333333333,0.0,900,0,0.0,6000.000000000058,6000.000000000931,0.31812167167663574,99.99999999999999,,0.0,0.0,0.0,0.0,0.0,0.0,0.0,-0.9877777777777759,0.9655555555555537,0.0222222222222222,0.0,-1.4210854715202004e-14,1.4210854715202004e-14,6000.0
13591,rdd_west_merged_6000_5,S2A_MSIL2A_20230610T110621_R137_T30TUM_20230610T202756,500,,0.0,0.0,0.0,0.0,0.0,0.0,0.0,20.13888888888889,79.86111111111111,0.0,0.0,144,0,0.0,6000.000000000058,6000.000000000931,0.3104434013366699,100.0,,0.0,0.0,0.0,0.0,0.0,0.0,0.0,0.26222222222222413,0.04888888888889653,-0.3111111111111111,0.0,0.0,0.0,6000.0
13597,rdd_west_merged_6000_5,S2A_MSIL2A_20230610T110621_R137_T30TUM_20230610T202756,1000,,0.0,0.0,0.0,0.0,0.0,0.0,0.0,36.111111111111114,63.888888888888886,0.0,0.0,36,0,0.0,6000.000000000058,6000.000000000931,0.3261699676513672,100.0,,0.0,0.0,0.0,0.0,0.0,0.0,0.0,16.23444444444445,-15.923333333333332,-0.3111111111111111,0.0,0.0,0.0,6000.0
13569,rdd_west_merged_6000_5,S2A_MSIL2A_20230620T110621_R137_T30TUM_20230620T202552,20,,0.0,0.0,0.0,0.0,0.0,0.0,0.0,0.0,100.0,0.0,0.0,90000,0,0.0,6000.000000000058,6000.000000000931,0.35686683654785156,100.0,,0.0,0.0,0.0,0.0,0.0,0.0,0.0,0.0,0.0,0.0,0.0,0.0,0.0,6000.0
13575,rdd_west_merged_6000_5,S2A_MSIL2A_20230620T110621_R137_T30TUM_20230620T202552,50,,0.0,0.0,0.0,0.0,0.0,0.0,0.0,0.0,100.0,0.0,0.0,14400,0,0.0,6000.000000000058,6000.000000000931,0.3326864242553711,100.0,,0.0,0.0,0.0,0.0,0.0,0.0,0.0,0.0,0.0,0.0,0.0,0.0,0.0,6000.0
13581,rdd_west_merged_6000_5,S2A_MSIL2A_20230620T110621_R137_T30TUM_20230620T202552,100,,0.0,0.0,0.0,0.0,0.0,0.0,0.0,0.0,100.0,0.0,0.0,3600,0,0.0,6000.000000000058,6000.000000000931,0.300518274307251,100.0,,0.0,0.0,0.0,0.0,0.0,0.0,0.0,0.0,0.0,0.0,0.0,0.0,0.0,6000.0
13587,rdd_west_merged_6000_5,S2A_MSIL2A_20230620T110621_R137_T30TUM_20230620T202552,200,,0.0,0.0,0.0,0.0,0.0,0.0,0.0,0.0,100.0,0.0,0.0,900,0,0.0,6000.000000000058,6000.000000000931,0.31812167167663574,100.0,,0.0,0.0,0.0,0.0,0.0,0.0,0.0,0.0,0.0,0.0,0.0,0.0,0.0,6000.0
13593,rdd_west_merged_6000_5,S2A_MSIL2A_20230620T110621_R137_T30TUM_20230620T202552,500,,0.0,0.0,0.0,0.0,0.0,0.0,0.0,0.0,100.0,0.0,0.0,144,0,0.0,6000.000000000058,6000.000000000931,0.3104434013366699,100.0,,0.0,0.0,0.0,0.0,0.0,0.0,0.0,0.0,0.0,0.0,0.0,0.0,0.0,6000.0
13599,rdd_west_merged_6000_5,S2A_MSIL2A_20230620T110621_R137_T30TUM_20230620T202552,1000,,0.0,0.0,0.0,0.0,0.0,0.0,0.0,0.0,100.0,0.0,0.0,36,0,0.0,6000.000000000058,6000.000000000931,0.3261699676513672,100.0,,0.0,0.0,0.0,0.0,0.0,0.0,0.0,0.0,0.0,0.0,0.0,0.0,0.0,6000.0
13571,rdd_west_merged_6000_5,S2A_MSIL2A_20230630T110621_R137_T30TUM_20230630T203024,20,,0.0,0.011111111111111112,0.0,15.985555555555555,83.98,0.014444444444444444,0.008888888888888889,0.0,0.0,0.0,0.0,90000,0,0.0,6000.000000000058,6000.000000000931,0.35686683654785156,0.0,,0.0,0.0,0.0,0.0,0.0,0.0,0.0,0.0,0.0,0.0,0.0,0.0,0.0,6000.0
13577,rdd_west_merged_6000_5,S2A_MSIL2A_20230630T110621_R137_T30TUM_20230630T203024,50,,0.0,0.0,0.0,15.569444444444445,84.40277777777777,0.020833333333333332,0.006944444444444444,0.0,0.0,0.0,0.0,14400,0,0.0,6000.000000000058,6000.000000000931,0.3326864242553711,0.0,,0.0,-0.011111111111111112,0.0,-0.41611111111111043,0.4227777777777675,0.006388888888888888,-0.0019444444444444448,0.0,0.0,0.0,0.0,0.0,0.4227777777777675,6000.0
13583,rdd_west_merged_6000_5,S2A_MSIL2A_20230630T110621_R137_T30TUM_20230630T203024,100,,0.0,0.0,0.0,15.416666666666666,84.55555555555556,0.027777777777777776,0.0,0.0,0.0,0.0,0.0,3600,0,0.0,6000.000000000058,6000.000000000931,0.300518274307251,0.0,,0.0,-0.011111111111111112,0.0,-0.568888888888889,0.5755555555555532,0.013333333333333332,-0.008888888888888889,0.0,0.0,0.0,0.0,0.0,0.5755555555555532,6000.0
13589,rdd_west_merged_6000_5,S2A_MSIL2A_20230630T110621_R137_T30TUM_20230630T203024,200,,0.0,0.0,0.0,16.444444444444443,83.55555555555556,0.0,0.0,0.0,0.0,0.0,0.0,900,0,0.0,6000.000000000058,6000.000000000931,0.31812167167663574,0.0,,0.0,-0.011111111111111112,0.0,0.4588888888888878,-0.42444444444444684,-0.014444444444444444,-0.008888888888888889,0.0,0.0,0.0,0.0,0.0,0.4588888888888878,6000.0
13595,rdd_west_merged_6000_5,S2A_MSIL2A_20230630T110621_R137_T30TUM_20230630T203024,500,,0.0,0.0,0.0,15.972222222222221,84.02777777777777,0.0,0.0,0.0,0.0,0.0,0.0,144,0,0.0,6000.000000000058,6000.000000000931,0.3104434013366699,0.0,,0.0,-0.011111111111111112,0.0,-0.013333333333333641,0.04777777777776748,-0.014444444444444444,-0.008888888888888889,0.0,0.0,0.0,0.0,0.0,0.04777777777776748,6000.0
13601,rdd_west_merged_6000_5,S2A_MSIL2A_20230630T110621_R137_T30TUM_20230630T203024,1000,,0.0,0.0,0.0,13.88888888888889,86.11111111111111,0.0,0.0,0.0,0.0,0.0,0.0,36,0,0.0,6000.000000000058,6000.000000000931,0.3261699676513672,0.0,,0.0,-0.011111111111111112,0.0,-2.096666666666666,2.1311111111111103,-0.014444444444444444,-0.008888888888888889,0.0,0.0,0.0,0.0,0.0,2.1311111111111103,6000.0
13566,rdd_west_merged_6000_5,S2B_MSIL2A_20230605T110619_R137_T30TUM_20230605T163049,20,,0.0,0.0,21.19,1.1177777777777778,5.267777777777778,0.0,0.36444444444444446,15.685555555555556,56.303333333333335,0.07111111111111111,0.0,90000,0,0.0,6000.000000000058,6000.000000000931,0.35686683654785156,72.06,,0.0,0.0,0.0,0.0,0.0,0.0,0.0,0.0,0.0,0.0,0.0,0.0,0.0,6000.0
13572,rdd_west_merged_6000_5,S2B_MSIL2A_20230605T110619_R137_T30TUM_20230605T163049,50,,0.0,0.0,21.041666666666668,1.0833333333333333,5.319444444444445,0.0,0.3472222222222222,15.756944444444445,56.36805555555556,0.08333333333333333,0.0,14400,0,0.0,6000.000000000058,6000.000000000931,0.3326864242553711,72.20833333333333,,0.0,0.0,-0.14833333333333343,-0.0344444444444445,0.05166666666666675,0.0,-0.01722222222222225,0.0713888888888885,0.06472222222222257,0.012222222222222218,0.0,0.14833333333332632,0.14833333333333343,6000.0
13578,rdd_west_merged_6000_5,S2B_MSIL2A_20230605T110619_R137_T30TUM_20230605T163049,100,,0.0,0.0,20.333333333333332,1.0,5.305555555555555,0.0,0.5277777777777778,16.083333333333332,56.72222222222222,0.027777777777777776,0.0,3600,0,0.0,6000.000000000058,6000.000000000931,0.300518274307251,72.83333333333333,,0.0,0.0,-0.8566666666666691,-0.11777777777777776,0.037777777777777466,0.0,0.16333333333333333,0.397777777777776,0.41888888888888687,-0.043333333333333335,0.0,0.7733333333333263,0.8566666666666691,6000.0
13584,rdd_west_merged_6000_5,S2B_MSIL2A_20230605T110619_R137_T30TUM_20230605T163049,200,,0.0,0.0,19.22222222222222,1.4444444444444444,5.0,0.0,0.3333333333333333,16.333333333333332,57.55555555555556,0.1111111111111111,0.0,900,0,0.0,6000.000000000058,6000.000000000931,0.31812167167663574,74.0,,0.0,0.0,-1.9677777777777798,0.32666666666666666,-0.2677777777777779,0.0,-0.031111111111111145,0.647777777777776,1.2522222222222226,0.039999999999999994,0.0,1.9399999999999977,1.9677777777777798,6000.0
13590,rdd_west_merged_6000_5,S2B_MSIL2A_20230605T110619_R137_T30TUM_20230605T163049,500,,0.0,0.0,18.055555555555557,1.3888888888888888,4.861111111111111,0.0,0.0,15.972222222222221,59.72222222222222,0.0,0.0,144,0,0.0,6000.000000000058,6000.000000000931,0.3104434013366699,75.69444444444444,,0.0,0.0,-3.134444444444444,0.2711111111111111,-0.4066666666666672,0.0,-0.36444444444444446,0.2866666666666653,3.418888888888887,-0.07111111111111111,0.0,3.6344444444444406,3.6344444444444406,6000.0
13596,rdd_west_merged_6000_5,S2B_MSIL2A_20230605T110619_R137_T30TUM_20230605T163049,1000,,0.0,0.0,25.0,2.7777777777777777,2.7777777777777777,0.0,0.0,11.11111111111111,58.333333333333336,0.0,0.0,36,0,0.0,6000.000000000058,6000.000000000931,0.3261699676513672,69.44444444444444,,0.0,0.0,3.8099999999999987,1.66,-2.49,0.0,-0.36444444444444446,-4.574444444444445,2.030000000000001,-0.07111111111111111,0.0,-2.6155555555555594,3.8099999999999987,6000.0
13568,rdd_west_merged_6000_5,S2B_MSIL2A_20230615T110629_R137_T30TUM_20230615T205813,20,,0.0,0.3022222222222222,3.79,17.41777777777778,73.21666666666667,0.014444444444444444,1.041111111111111,2.7977777777777777,1.4011111111111112,0.01888888888888889,0.0,90000,0,0.0,6000.000000000058,6000.000000000931,0.35686683654785156,4.217777777777778,,0.0,0.0,0.0,0.0,0.0,0.0,0.0,0.0,0.0,0.0,0.0,0.0,0.0,6000.0
13574,rdd_west_merged_6000_5,S2B_MSIL2A_20230615T110629_R137_T30TUM_20230615T205813,50,,0.0,0.2986111111111111,3.7916666666666665,17.270833333333332,73.5,0.020833333333333332,0.9236111111111112,2.7083333333333335,1.4791666666666667,0.006944444444444444,0.0,14400,0,0.0,6000.000000000058,6000.000000000931,0.3326864242553711,4.194444444444445,,0.0,-0.0036111111111111205,0.0016666666666664831,-0.146944444444447,0.28333333333333144,0.006388888888888888,-0.11749999999999994,-0.08944444444444422,0.07805555555555554,-0.011944444444444445,0.0,-0.023333333333333428,0.28333333333333144,6000.0
13580,rdd_west_merged_6000_5,S2B_MSIL2A_20230615T110629_R137_T30TUM_20230615T205813,100,,0.0,0.3611111111111111,3.7777777777777777,16.583333333333332,74.0,0.05555555555555555,1.2222222222222223,2.5833333333333335,1.3888888888888888,0.027777777777777776,0.0,3600,0,0.0,6000.000000000058,6000.000000000931,0.300518274307251,4.0,,0.0,0.05888888888888888,-0.012222222222222356,-0.834444444444447,0.7833333333333314,0.04111111111111111,0.18111111111111122,-0.21444444444444422,-0.012222222222222356,0.008888888888888887,0.0,-0.21777777777777807,0.834444444444447,6000.0
13586,rdd_west_merged_6000_5,S2B_MSIL2A_20230615T110629_R137_T30TUM_20230615T205813,200,,0.0,0.2222222222222222,3.4444444444444446,17.22222222222222,74.22222222222223,0.0,0.8888888888888888,2.6666666666666665,1.2222222222222223,0.1111111111111111,0.0,900,0,0.0,6000.000000000058,6000.000000000931,0.31812167167663574,4.0,,0.0,-0.08000000000000002,-0.3455555555555554,-0.1955555555555577,1.00555555555556,-0.014444444444444444,-0.15222222222222226,-0.13111111111111118,-0.17888888888888888,0.09222222222222222,0.0,-0.21777777777777807,1.00555555555556,6000.0
13592,rdd_west_merged_6000_5,S2B_MSIL2A_20230615T110629_R137_T30TUM_20230615T205813,500,,0.0,0.0,2.7777777777777777,17.36111111111111,76.38888888888889,0.0,1.3888888888888888,1.3888888888888888,0.6944444444444444,0.0,0.0,144,0,0.0,6000.000000000058,6000.000000000931,0.3104434013366699,2.083333333333333,,0.0,-0.3022222222222222,-1.0122222222222224,-0.05666666666666842,3.172222222222217,-0.014444444444444444,0.34777777777777774,-1.4088888888888889,-0.7066666666666668,-0.01888888888888889,0.0,-2.134444444444445,3.172222222222217,6000.0
13598,rdd_west_merged_6000_5,S2B_MSIL2A_20230615T110629_R137_T30TUM_20230615T205813,1000,,0.0,0.0,0.0,25.0,72.22222222222223,0.0,2.7777777777777777,0.0,0.0,0.0,0.0,36,0,0.0,6000.000000000058,6000.000000000931,0.3261699676513672,0.0,,0.0,-0.3022222222222222,-3.79,7.582222222222221,-0.99444444444444,-0.014444444444444444,1.7366666666666666,-2.7977777777777777,-1.4011111111111112,-0.01888888888888889,0.0,-4.217777777777778,7.582222222222221,6000.0
13570,rdd_west_merged_6000_5,S2B_MSIL2A_20230625T110619_R137_T30TUM_20230625T164707,20,,0.0,0.0,0.65,12.79,86.07,0.014444444444444444,0.051111111111111114,0.37333333333333335,0.051111111111111114,0.0,0.0,90000,0,0.0,6000.000000000058,6000.000000000931,0.35686683654785156,0.42444444444444446,,0.0,0.0,0.0,0.0,0.0,0.0,0.0,0.0,0.0,0.0,0.0,0.0,0.0,6000.0
13576,rdd_west_merged_6000_5,S2B_MSIL2A_20230625T110619_R137_T30TUM_20230625T164707,50,,0.0,0.0,0.625,12.618055555555555,86.25694444444444,0.020833333333333332,0.0625,0.3541666666666667,0.0625,0.0,0.0,14400,0,0.0,6000.000000000058,6000.000000000931,0.3326864242553711,0.4166666666666667,,0.0,0.0,-0.025000000000000022,-0.1719444444444438,0.1869444444444497,0.006388888888888888,0.011388888888888886,-0.019166666666666665,0.011388888888888886,0.0,0.0,-0.007777777777777772,0.1869444444444497,6000.0
13582,rdd_west_merged_6000_5,S2B_MSIL2A_20230625T110619_R137_T30TUM_20230625T164707,100,,0.0,0.0,0.6111111111111112,12.805555555555555,86.11111111111111,0.027777777777777776,0.05555555555555555,0.3888888888888889,0.0,0.0,0.0,3600,0,0.0,6000.000000000058,6000.000000000931,0.300518274307251,0.3888888888888889,,0.0,0.0,-0.03888888888888886,0.01555555555555621,0.04111111111112109,0.013333333333333332,0.004444444444444438,0.015555555555555545,-0.051111111111111114,0.0,0.0,-0.03555555555555556,0.04111111111112109,6000.0
13588,rdd_west_merged_6000_5,S2B_MSIL2A_20230625T110619_R137_T30TUM_20230625T164707,200,,0.0,0.0,0.8888888888888888,13.555555555555555,85.22222222222223,0.0,0.0,0.3333333333333333,0.0,0.0,0.0,900,0,0.0,6000.000000000058,6000.000000000931,0.31812167167663574,0.3333333333333333,,0.0,0.0,0.23888888888888882,0.7655555555555562,-0.8477777777777646,-0.014444444444444444,-0.051111111111111114,-0.040000000000000036,-0.051111111111111114,0.0,0.0,-0.09111111111111114,0.8477777777777646,6000.0
13594,rdd_west_merged_6000_5,S2B_MSIL2A_20230625T110619_R137_T30TUM_20230625T164707,500,,0.0,0.0,0.6944444444444444,13.88888888888889,84.72222222222223,0.0,0.0,0.6944444444444444,0.0,0.0,0.0,144,0,0.0,6000.000000000058,6000.000000000931,0.3104434013366699,0.6944444444444444,,0.0,0.0,0.0444444444444444,1.0988888888888901,-1.3477777777777646,-0.014444444444444444,-0.051111111111111114,0.32111111111111107,-0.051111111111111114,0.0,0.0,0.26999999999999996,1.3477777777777646,6000.0
13600,rdd_west_merged_6000_5,S2B_MSIL2A_20230625T110619_R137_T30TUM_20230625T164707,1000,,0.0,0.0,0.0,13.88888888888889,86.11111111111111,0.0,0.0,0.0,0.0,0.0,0.0,36,0,0.0,6000.000000000058,6000.000000000931,0.3261699676513672,0.0,,0.0,0.0,-0.65,1.0988888888888901,0.04111111111112109,-0.014444444444444444,-0.051111111111111114,-0.37333333333333335,-0.051111111111111114,0.0,0.0,-0.42444444444444446,1.0988888888888901,6000.0
13603,rdd_west_merged_6000_6,S2A_MSIL2A_20230610T110621_R137_T30TUM_20230610T202756,20,,0.0,0.0,0.07555555555555556,0.0044444444444444444,0.006666666666666667,0.0,0.9277777777777778,6.507777777777778,92.47777777777777,0.0,0.0,90000,0,0.0,6000.0,6000.0,0.3686096668243408,98.98555555555555,,0.0,0.0,0.0,0.0,0.0,0.0,0.0,0.0,0.0,0.0,0.0,0.0,0.0,6000.0
13609,rdd_west_merged_6000_6,S2A_MSIL2A_20230610T110621_R137_T30TUM_20230610T202756,50,,0.0,0.0,0.06944444444444445,0.006944444444444444,0.013888888888888888,0.0,0.9236111111111112,6.479166666666667,92.50694444444444,0.0,0.0,14400,0,0.0,6000.0,6000.0,0.3370192050933838,98.98611111111111,,0.0,0.0,-0.006111111111111109,0.0024999999999999996,0.007222222222222221,0.0,-0.004166666666666652,-0.028611111111111143,0.02916666666666856,0.0,0.0,0.0005555555555645242,0.007222222222222221,6000.0
13615,rdd_west_merged_6000_6,S2A_MSIL2A_20230610T110621_R137_T30TUM_20230610T202756,100,,0.0,0.0,0.08333333333333333,0.0,0.05555555555555555,0.0,0.8888888888888888,6.611111111111111,92.36111111111111,0.0,0.0,3600,0,0.0,6000.0,6000.0,0.34349560737609863,98.97222222222223,,0.0,0.0,0.007777777777777772,-0.0044444444444444444,0.048888888888888885,0.0,-0.03888888888888897,0.10333333333333261,-0.11666666666666003,0.0,0.0,-0.013333333333321207,0.048888888888888885,6000.0
13621,rdd_west_merged_6000_6,S2A_MSIL2A_20230610T110621_R137_T30TUM_20230610T202756,200,,0.0,0.0,0.1111111111111111,0.0,0.0,0.0,0.6666666666666666,6.111111111111111,93.11111111111111,0.0,0.0,900,0,0.0,6000.0,6000.0,0.35271573066711426,99.22222222222223,,0.0,0.0,0.03555555555555555,-0.0044444444444444444,-0.006666666666666667,0.0,-0.2611111111111112,-0.3966666666666674,0.63333333333334,0.0,0.0,0.2366666666666788,0.2611111111111112,6000.0
13627,rdd_west_merged_6000_6,S2A_MSIL2A_20230610T110621_R137_T30TUM_20230610T202756,500,,0.0,0.0,0.0,0.0,0.0,0.0,0.6944444444444444,2.7777777777777777,96.52777777777777,0.0,0.0,144,0,0.0,6000.0,6000.0,0.3175177574157715,99.30555555555554,,0.0,0.0,-0.07555555555555556,-0.0044444444444444444,-0.006666666666666667,0.0,-0.2333333333333334,-3.7300000000000004,4.049999999999997,0.0,0.0,0.3199999999999932,0.3199999999999932,6000.0
13633,rdd_west_merged_6000_6,S2A_MSIL2A_20230610T110621_R137_T30TUM_20230610T202756,1000,,0.0,0.0,0.0,0.0,0.0,0.0,0.0,5.555555555555555,94.44444444444444,0.0,0.0,36,0,0.0,6000.0,6000.0,0.4311656951904297,100.0,,0.0,0.0,-0.07555555555555556,-0.0044444444444444444,-0.006666666666666667,0.0,-0.9277777777777778,-0.9522222222222227,1.9666666666666686,0.0,0.0,1.0144444444444503,1.0144444444444503,6000.0
13605,rdd_west_merged_6000_6,S2A_MSIL2A_20230620T110621_R137_T30TUM_20230620T202552,20,,0.0,0.0,0.0,0.0,0.0,0.0,0.0,5.854444444444445,94.14555555555556,0.0,0.0,90000,0,0.0,6000.0,6000.0,0.3686096668243408,100.0,,0.0,0.0,0.0,0.0,0.0,0.0,0.0,0.0,0.0,0.0,0.0,0.0,0.0,6000.0
13611,rdd_west_merged_6000_6,S2A_MSIL2A_20230620T110621_R137_T30TUM_20230620T202552,50,,0.0,0.0,0.0,0.0,0.0,0.0,0.0,5.777777777777778,94.22222222222223,0.0,0.0,14400,0,0.0,6000.0,6000.0,0.3370192050933838,100.0,,0.0,0.0,0.0,0.0,0.0,0.0,0.0,-0.0766666666666671,0.07666666666666799,0.0,0.0,0.0,0.0,6000.0
13617,rdd_west_merged_6000_6,S2A_MSIL2A_20230620T110621_R137_T30TUM_20230620T202552,100,,0.0,0.0,0.0,0.0,0.0,0.0,0.0,5.555555555555555,94.44444444444444,0.0,0.0,3600,0,0.0,6000.0,6000.0,0.34349560737609863,100.0,,0.0,0.0,0.0,0.0,0.0,0.0,0.0,-0.2988888888888894,0.2988888888888823,0.0,0.0,0.0,0.0,6000.0
13623,rdd_west_merged_6000_6,S2A_MSIL2A_20230620T110621_R137_T30TUM_20230620T202552,200,,0.0,0.0,0.0,0.0,0.0,0.0,0.0,5.666666666666667,94.33333333333333,0.0,0.0,900,0,0.0,6000.0,6000.0,0.35271573066711426,100.0,,0.0,0.0,0.0,0.0,0.0,0.0,0.0,-0.18777777777777782,0.18777777777776805,0.0,0.0,0.0,0.0,6000.0
13629,rdd_west_merged_6000_6,S2A_MSIL2A_20230620T110621_R137_T30TUM_20230620T202552,500,,0.0,0.0,0.0,0.0,0.0,0.0,0.0,4.861111111111111,95.13888888888889,0.0,0.0,144,0,0.0,6000.0,6000.0,0.3175177574157715,100.0,,0.0,0.0,0.0,0.0,0.0,0.0,0.0,-0.9933333333333341,0.9933333333333252,0.0,0.0,0.0,0.0,6000.0
13635,rdd_west_merged_6000_6,S2A_MSIL2A_20230620T110621_R137_T30TUM_20230620T202552,1000,,0.0,0.0,0.0,0.0,0.0,0.0,0.0,11.11111111111111,88.88888888888889,0.0,0.0,36,0,0.0,6000.0,6000.0,0.4311656951904297,100.0,,0.0,0.0,0.0,0.0,0.0,0.0,0.0,5.256666666666666,-5.256666666666675,0.0,0.0,0.0,0.0,6000.0
13607,rdd_west_merged_6000_6,S2A_MSIL2A_20230630T110621_R137_T30TUM_20230630T203024,20,,0.0,0.0,0.0,6.176666666666667,93.82333333333334,0.0,0.0,0.0,0.0,0.0,0.0,90000,0,0.0,6000.0,6000.0,0.3686096668243408,0.0,,0.0,0.0,0.0,0.0,0.0,0.0,0.0,0.0,0.0,0.0,0.0,0.0,0.0,6000.0
13613,rdd_west_merged_6000_6,S2A_MSIL2A_20230630T110621_R137_T30TUM_20230630T203024,50,,0.0,0.0,0.0,5.993055555555555,94.00694444444444,0.0,0.0,0.0,0.0,0.0,0.0,14400,0,0.0,6000.0,6000.0,0.3370192050933838,0.0,,0.0,0.0,0.0,-0.1836111111111114,0.18361111111110517,0.0,0.0,0.0,0.0,0.0,0.0,0.0,0.1836111111111114,6000.0
13619,rdd_west_merged_6000_6,S2A_MSIL2A_20230630T110621_R137_T30TUM_20230630T203024,100,,0.0,0.0,0.0,6.138888888888889,93.86111111111111,0.0,0.0,0.0,0.0,0.0,0.0,3600,0,0.0,6000.0,6000.0,0.34349560737609863,0.0,,0.0,0.0,0.0,-0.037777777777777466,0.03777777777777658,0.0,0.0,0.0,0.0,0.0,0.0,0.0,0.037777777777777466,6000.0
13625,rdd_west_merged_6000_6,S2A_MSIL2A_20230630T110621_R137_T30TUM_20230630T203024,200,,0.0,0.0,0.0,5.555555555555555,94.44444444444444,0.0,0.0,0.0,0.0,0.0,0.0,900,0,0.0,6000.0,6000.0,0.35271573066711426,0.0,,0.0,0.0,0.0,-0.6211111111111114,0.6211111111111052,0.0,0.0,0.0,0.0,0.0,0.0,0.0,0.6211111111111114,6000.0
13631,rdd_west_merged_6000_6,S2A_MSIL2A_20230630T110621_R137_T30TUM_20230630T203024,500,,0.0,0.0,0.0,3.4722222222222223,96.52777777777777,0.0,0.0,0.0,0.0,0.0,0.0,144,0,0.0,6000.0,6000.0,0.3175177574157715,0.0,,0.0,0.0,0.0,-2.7044444444444444,2.7044444444444338,0.0,0.0,0.0,0.0,0.0,0.0,0.0,2.7044444444444444,6000.0
13637,rdd_west_merged_6000_6,S2A_MSIL2A_20230630T110621_R137_T30TUM_20230630T203024,1000,,0.0,0.0,0.0,8.333333333333334,91.66666666666667,0.0,0.0,0.0,0.0,0.0,0.0,36,0,0.0,6000.0,6000.0,0.4311656951904297,0.0,,0.0,0.0,0.0,2.156666666666667,-2.1566666666666663,0.0,0.0,0.0,0.0,0.0,0.0,0.0,2.156666666666667,6000.0
13602,rdd_west_merged_6000_6,S2B_MSIL2A_20230605T110619_R137_T30TUM_20230605T163049,20,,0.0,0.005555555555555556,19.3,6.96,53.72555555555556,0.0,0.5533333333333333,8.8,10.655555555555555,0.0,0.0,90000,0,0.0,6000.0,6000.0,0.3686096668243408,19.455555555555556,,0.0,0.0,0.0,0.0,0.0,0.0,0.0,0.0,0.0,0.0,0.0,0.0,0.0,6000.0
13608,rdd_west_merged_6000_6,S2B_MSIL2A_20230605T110619_R137_T30TUM_20230605T163049,50,,0.0,0.0,19.26388888888889,6.826388888888889,53.86805555555556,0.0,0.5416666666666666,8.82638888888889,10.67361111111111,0.0,0.0,14400,0,0.0,6000.0,6000.0,0.3370192050933838,19.5,,0.0,-0.005555555555555556,-0.03611111111111143,-0.13361111111111068,0.1424999999999983,0.0,-0.011666666666666714,0.026388888888888573,0.018055555555555713,0.0,0.0,0.04444444444444429,0.1424999999999983,6000.0
13614,rdd_west_merged_6000_6,S2B_MSIL2A_20230605T110619_R137_T30TUM_20230605T163049,100,,0.0,0.0,19.333333333333332,7.0,53.361111111111114,0.0,0.3888888888888889,8.944444444444445,10.972222222222221,0.0,0.0,3600,0,0.0,6000.0,6000.0,0.34349560737609863,19.916666666666664,,0.0,-0.005555555555555556,0.03333333333333144,0.040000000000000036,-0.36444444444444457,0.0,-0.16444444444444445,0.14444444444444393,0.31666666666666643,0.0,0.0,0.4611111111111086,0.4611111111111086,6000.0
13620,rdd_west_merged_6000_6,S2B_MSIL2A_20230605T110619_R137_T30TUM_20230605T163049,200,,0.0,0.0,19.666666666666668,6.222222222222222,53.22222222222222,0.0,0.5555555555555556,9.0,11.333333333333334,0.0,0.0,900,0,0.0,6000.0,6000.0,0.35271573066711426,20.333333333333336,,0.0,-0.005555555555555556,0.36666666666666714,-0.7377777777777776,-0.5033333333333374,0.0,0.0022222222222222365,0.1999999999999993,0.6777777777777789,0.0,0.0,0.87777777777778,0.87777777777778,6000.0
13626,rdd_west_merged_6000_6,S2B_MSIL2A_20230605T110619_R137_T30TUM_20230605T163049,500,,0.0,0.0,18.75,4.861111111111111,56.25,0.0,0.6944444444444444,7.638888888888889,11.805555555555555,0.0,0.0,144,0,0.0,6000.0,6000.0,0.3175177574157715,19.444444444444443,,0.0,-0.005555555555555556,-0.5500000000000007,-2.0988888888888892,2.524444444444441,0.0,0.14111111111111108,-1.1611111111111114,1.1500000000000004,0.0,0.0,-0.011111111111112848,2.524444444444441,6000.0
13632,rdd_west_merged_6000_6,S2B_MSIL2A_20230605T110619_R137_T30TUM_20230605T163049,1000,,0.0,0.0,19.444444444444443,2.7777777777777777,58.333333333333336,0.0,0.0,5.555555555555555,13.88888888888889,0.0,0.0,36,0,0.0,6000.0,6000.0,0.4311656951904297,19.444444444444443,,0.0,-0.005555555555555556,0.14444444444444215,-4.182222222222222,4.607777777777777,0.0,-0.5533333333333333,-3.2444444444444454,3.2333333333333343,0.0,0.0,-0.011111111111112848,4.607777777777777,6000.0
13604,rdd_west_merged_6000_6,S2B_MSIL2A_20230615T110629_R137_T30TUM_20230615T205813,20,,0.0,0.06111111111111111,7.32,5.847777777777778,76.73222222222222,0.0,0.39222222222222225,5.4944444444444445,4.012222222222222,0.14,0.0,90000,0,0.0,6000.0,6000.0,0.3686096668243408,9.646666666666668,,0.0,0.0,0.0,0.0,0.0,0.0,0.0,0.0,0.0,0.0,0.0,0.0,0.0,6000.0
13610,rdd_west_merged_6000_6,S2B_MSIL2A_20230615T110629_R137_T30TUM_20230615T205813,50,,0.0,0.0763888888888889,7.326388888888889,5.895833333333333,76.69444444444444,0.0,0.3958333333333333,5.4375,4.041666666666667,0.13194444444444445,0.0,14400,0,0.0,6000.0,6000.0,0.3370192050933838,9.611111111111112,,0.0,0.015277777777777786,0.006388888888888999,0.048055555555555074,-0.03777777777777658,0.0,0.003611111111111065,-0.056944444444444464,0.029444444444444606,-0.008055555555555566,0.0,-0.035555555555555785,0.048055555555555074,6000.0
13616,rdd_west_merged_6000_6,S2B_MSIL2A_20230615T110629_R137_T30TUM_20230615T205813,100,,0.0,0.08333333333333333,7.361111111111111,6.083333333333333,76.47222222222223,0.0,0.5,5.611111111111111,3.8055555555555554,0.08333333333333333,0.0,3600,0,0.0,6000.0,6000.0,0.34349560737609863,9.5,,0.0,0.02222222222222222,0.04111111111111043,0.23555555555555507,-0.2599999999999909,0.0,0.10777777777777775,0.11666666666666625,-0.206666666666667,-0.056666666666666685,0.0,-0.14666666666666828,0.2599999999999909,6000.0
13622,rdd_west_merged_6000_6,S2B_MSIL2A_20230615T110629_R137_T30TUM_20230615T205813,200,,0.0,0.1111111111111111,7.555555555555555,4.333333333333333,78.22222222222223,0.0,0.3333333333333333,5.666666666666667,3.6666666666666665,0.1111111111111111,0.0,900,0,0.0,6000.0,6000.0,0.35271573066711426,9.444444444444445,,0.0,0.049999999999999996,0.23555555555555507,-1.514444444444445,1.490000000000009,0.0,-0.058888888888888935,0.1722222222222225,-0.34555555555555584,-0.02888888888888891,0.0,-0.20222222222222364,1.514444444444445,6000.0
13628,rdd_west_merged_6000_6,S2B_MSIL2A_20230615T110629_R137_T30TUM_20230615T205813,500,,0.0,0.6944444444444444,7.638888888888889,3.4722222222222223,78.47222222222223,0.0,1.3888888888888888,4.861111111111111,3.4722222222222223,0.0,0.0,144,0,0.0,6000.0,6000.0,0.3175177574157715,8.333333333333332,,0.0,0.6333333333333333,0.318888888888889,-2.3755555555555556,1.740000000000009,0.0,0.9966666666666666,-0.6333333333333337,-0.54,-0.14,0.0,-1.3133333333333361,2.3755555555555556,6000.0
13634,rdd_west_merged_6000_6,S2B_MSIL2A_20230615T110629_R137_T30TUM_20230615T205813,1000,,0.0,0.0,5.555555555555555,2.7777777777777777,77.77777777777777,0.0,0.0,5.555555555555555,8.333333333333334,0.0,0.0,36,0,0.0,6000.0,6000.0,0.4311656951904297,13.88888888888889,,0.0,-0.06111111111111111,-1.764444444444445,-3.0700000000000003,1.045555555555552,0.0,-0.39222222222222225,0.061111111111110894,4.321111111111112,-0.14,0.0,4.242222222222221,4.242222222222221,6000.0
13606,rdd_west_merged_6000_6,S2B_MSIL2A_20230625T110619_R137_T30TUM_20230625T164707,20,,0.0,0.0,6.18,5.273333333333333,82.96555555555555,0.0,0.035555555555555556,2.38,3.1555555555555554,0.01,0.0,90000,0,0.0,6000.0,6000.0,0.3686096668243408,5.545555555555556,,0.0,0.0,0.0,0.0,0.0,0.0,0.0,0.0,0.0,0.0,0.0,0.0,0.0,6000.0
13612,rdd_west_merged_6000_6,S2B_MSIL2A_20230625T110619_R137_T30TUM_20230625T164707,50,,0.0,0.0,6.173611111111111,5.3125,82.90277777777777,0.0,0.04861111111111111,2.3819444444444446,3.1805555555555554,0.0,0.0,14400,0,0.0,6000.0,6000.0,0.3370192050933838,5.5625,,0.0,0.0,-0.006388888888888999,0.03916666666666657,-0.06277777777778226,0.0,0.013055555555555556,0.0019444444444447484,0.02499999999999991,-0.01,0.0,0.01694444444444443,0.06277777777778226,6000.0
13618,rdd_west_merged_6000_6,S2B_MSIL2A_20230625T110619_R137_T30TUM_20230625T164707,100,,0.0,0.0,6.222222222222222,5.222222222222222,82.69444444444444,0.0,0.027777777777777776,2.638888888888889,3.1666666666666665,0.027777777777777776,0.0,3600,0,0.0,6000.0,6000.0,0.34349560737609863,5.833333333333333,,0.0,0.0,0.042222222222222605,-0.05111111111111111,-0.27111111111111086,0.0,-0.007777777777777779,0.25888888888888895,0.011111111111111072,0.017777777777777774,0.0,0.28777777777777747,0.28777777777777747,6000.0
13624,rdd_west_merged_6000_6,S2B_MSIL2A_20230625T110619_R137_T30TUM_20230625T164707,200,,0.0,0.0,6.222222222222222,4.888888888888889,83.22222222222223,0.0,0.1111111111111111,2.4444444444444446,3.111111111111111,0.0,0.0,900,0,0.0,6000.0,6000.0,0.35271573066711426,5.555555555555555,,0.0,0.0,0.042222222222222605,-0.38444444444444414,0.2566666666666748,0.0,0.07555555555555554,0.06444444444444475,-0.04444444444444429,-0.01,0.0,0.009999999999999787,0.38444444444444414,6000.0
13630,rdd_west_merged_6000_6,S2B_MSIL2A_20230625T110619_R137_T30TUM_20230625T164707,500,,0.0,0.0,6.25,2.7777777777777777,84.02777777777777,0.0,0.0,3.4722222222222223,3.4722222222222223,0.0,0.0,144,0,0.0,6000.0,6000.0,0.3175177574157715,6.944444444444445,,0.0,0.0,0.07000000000000028,-2.4955555555555557,1.0622222222222177,0.0,-0.035555555555555556,1.0922222222222224,0.3166666666666669,-0.01,0.0,1.398888888888889,2.4955555555555557,6000.0
13636,rdd_west_merged_6000_6,S2B_MSIL2A_20230625T110619_R137_T30TUM_20230625T164707,1000,,0.0,0.0,5.555555555555555,5.555555555555555,86.11111111111111,0.0,0.0,0.0,2.7777777777777777,0.0,0.0,36,0,0.0,6000.0,6000.0,0.4311656951904297,2.7777777777777777,,0.0,0.0,-0.6244444444444444,0.28222222222222193,3.1455555555555605,0.0,-0.035555555555555556,-2.38,-0.37777777777777777,-0.01,0.0,-2.767777777777778,3.1455555555555605,6000.0
13639,rdd_west_merged_6000_7,S2A_MSIL2A_20230610T110621_R137_T30TUM_20230610T202756,20,,0.0,0.0,0.12555555555555556,0.03777777777777778,2.9811111111111113,0.0,1.8066666666666666,22.04111111111111,72.45777777777778,0.55,0.0,90000,0,0.0,6000.0,6000.0,0.37912678718566895,95.04888888888888,,0.0,0.0,0.0,0.0,0.0,0.0,0.0,0.0,0.0,0.0,0.0,0.0,0.0,6000.0
13645,rdd_west_merged_6000_7,S2A_MSIL2A_20230610T110621_R137_T30TUM_20230610T202756,50,,0.0,0.0,0.14583333333333334,0.034722222222222224,2.923611111111111,0.0,1.8263888888888888,22.34027777777778,72.20833333333333,0.5208333333333334,0.0,14400,0,0.0,6000.0,6000.0,0.3123619556427002,95.06944444444444,,0.0,0.0,0.020277777777777783,-0.0030555555555555544,-0.05750000000000011,0.0,0.019722222222222197,0.29916666666666814,-0.2494444444444497,-0.029166666666666674,0.0,0.020555555555560545,0.05750000000000011,6000.0
13651,rdd_west_merged_6000_7,S2A_MSIL2A_20230610T110621_R137_T30TUM_20230610T202756,100,,0.0,0.0,0.1111111111111111,0.0,3.138888888888889,0.0,1.8055555555555556,21.916666666666668,72.69444444444444,0.3333333333333333,0.0,3600,0,0.0,6000.0,6000.0,0.3009531497955322,94.94444444444444,,0.0,0.0,-0.014444444444444454,-0.03777777777777778,0.15777777777777757,0.0,-0.0011111111111110628,-0.12444444444444258,0.23666666666666458,-0.21666666666666673,0.0,-0.10444444444443945,0.15777777777777757,6000.0
13657,rdd_west_merged_6000_7,S2A_MSIL2A_20230610T110621_R137_T30TUM_20230610T202756,200,,0.0,0.0,0.0,0.0,2.111111111111111,0.0,2.111111111111111,19.88888888888889,75.22222222222223,0.6666666666666666,0.0,900,0,0.0,6000.0,6000.0,0.33001279830932617,95.77777777777779,,0.0,0.0,-0.12555555555555556,-0.03777777777777778,-0.8700000000000001,0.0,0.3044444444444445,-2.152222222222221,2.7644444444444503,0.11666666666666659,0.0,0.7288888888889034,0.8700000000000001,6000.0
13663,rdd_west_merged_6000_7,S2A_MSIL2A_20230610T110621_R137_T30TUM_20230610T202756,500,,0.0,0.0,0.0,0.0,2.0833333333333335,0.0,2.0833333333333335,18.75,75.69444444444444,1.3888888888888888,0.0,144,0,0.0,6000.0,6000.0,0.3204197883605957,95.83333333333333,,0.0,0.0,-0.12555555555555556,-0.03777777777777778,-0.8977777777777778,0.0,0.27666666666666684,-3.2911111111111104,3.2366666666666646,0.8388888888888888,0.0,0.7844444444444463,0.8977777777777778,6000.0
13669,rdd_west_merged_6000_7,S2A_MSIL2A_20230610T110621_R137_T30TUM_20230610T202756,1000,,0.0,0.0,0.0,0.0,2.7777777777777777,0.0,2.7777777777777777,11.11111111111111,83.33333333333333,0.0,0.0,36,0,0.0,6000.0,6000.0,0.3181748390197754,94.44444444444444,,0.0,0.0,-0.12555555555555556,-0.03777777777777778,-0.2033333333333336,0.0,0.971111111111111,-10.93,10.87555555555555,-0.55,0.0,-0.6044444444444395,0.971111111111111,6000.0
13641,rdd_west_merged_6000_7,S2A_MSIL2A_20230620T110621_R137_T30TUM_20230620T202552,20,,0.0,0.0,0.0,0.0,0.0,0.0,0.0,0.4988888888888889,99.50111111111111,0.0,0.0,90000,0,0.0,6000.0,6000.0,0.37912678718566895,100.0,,0.0,0.0,0.0,0.0,0.0,0.0,0.0,0.0,0.0,0.0,0.0,0.0,0.0,6000.0
13647,rdd_west_merged_6000_7,S2A_MSIL2A_20230620T110621_R137_T30TUM_20230620T202552,50,,0.0,0.0,0.0,0.0,0.0,0.0,0.0,0.4791666666666667,99.52083333333333,0.0,0.0,14400,0,0.0,6000.0,6000.0,0.3123619556427002,100.0,,0.0,0.0,0.0,0.0,0.0,0.0,0.0,-0.019722222222222197,0.01972222222221376,0.0,0.0,0.0,0.0,6000.0
13653,rdd_west_merged_6000_7,S2A_MSIL2A_20230620T110621_R137_T30TUM_20230620T202552,100,,0.0,0.0,0.0,0.0,0.0,0.0,0.0,0.3611111111111111,99.63888888888889,0.0,0.0,3600,0,0.0,6000.0,6000.0,0.3009531497955322,100.0,,0.0,0.0,0.0,0.0,0.0,0.0,0.0,-0.13777777777777778,0.1377777777777709,0.0,0.0,0.0,0.0,6000.0
13659,rdd_west_merged_6000_7,S2A_MSIL2A_20230620T110621_R137_T30TUM_20230620T202552,200,,0.0,0.0,0.0,0.0,0.0,0.0,0.0,0.2222222222222222,99.77777777777777,0.0,0.0,900,0,0.0,6000.0,6000.0,0.33001279830932617,100.0,,0.0,0.0,0.0,0.0,0.0,0.0,0.0,-0.27666666666666667,0.2766666666666566,0.0,0.0,0.0,0.0,6000.0
13665,rdd_west_merged_6000_7,S2A_MSIL2A_20230620T110621_R137_T30TUM_20230620T202552,500,,0.0,0.0,0.0,0.0,0.0,0.0,0.0,0.0,100.0,0.0,0.0,144,0,0.0,6000.0,6000.0,0.3204197883605957,100.0,,0.0,0.0,0.0,0.0,0.0,0.0,0.0,-0.4988888888888889,0.49888888888888516,0.0,0.0,0.0,0.0,6000.0
13671,rdd_west_merged_6000_7,S2A_MSIL2A_20230620T110621_R137_T30TUM_20230620T202552,1000,,0.0,0.0,0.0,0.0,0.0,0.0,0.0,0.0,100.0,0.0,0.0,36,0,0.0,6000.0,6000.0,0.3181748390197754,100.0,,0.0,0.0,0.0,0.0,0.0,0.0,0.0,-0.4988888888888889,0.49888888888888516,0.0,0.0,0.0,0.0,6000.0
13643,rdd_west_merged_6000_7,S2A_MSIL2A_20230630T110621_R137_T30TUM_20230630T203024,20,,0.0,0.0,0.0,5.1433333333333335,94.85666666666667,0.0,0.0,0.0,0.0,0.0,0.0,90000,0,0.0,6000.0,6000.0,0.37912678718566895,0.0,,0.0,0.0,0.0,0.0,0.0,0.0,0.0,0.0,0.0,0.0,0.0,0.0,0.0,6000.0
13649,rdd_west_merged_6000_7,S2A_MSIL2A_20230630T110621_R137_T30TUM_20230630T203024,50,,0.0,0.0,0.0,5.118055555555555,94.88194444444444,0.0,0.0,0.0,0.0,0.0,0.0,14400,0,0.0,6000.0,6000.0,0.3123619556427002,0.0,,0.0,0.0,0.0,-0.025277777777778176,0.025277777777773736,0.0,0.0,0.0,0.0,0.0,0.0,0.0,0.025277777777778176,6000.0
13655,rdd_west_merged_6000_7,S2A_MSIL2A_20230630T110621_R137_T30TUM_20230630T203024,100,,0.0,0.0,0.0,4.944444444444445,95.05555555555556,0.0,0.0,0.0,0.0,0.0,0.0,3600,0,0.0,6000.0,6000.0,0.3009531497955322,0.0,,0.0,0.0,0.0,-0.1988888888888889,0.198888888888888,0.0,0.0,0.0,0.0,0.0,0.0,0.0,0.1988888888888889,6000.0
13661,rdd_west_merged_6000_7,S2A_MSIL2A_20230630T110621_R137_T30TUM_20230630T203024,200,,0.0,0.0,0.0,4.666666666666667,95.33333333333333,0.0,0.0,0.0,0.0,0.0,0.0,900,0,0.0,6000.0,6000.0,0.33001279830932617,0.0,,0.0,0.0,0.0,-0.47666666666666657,0.47666666666665947,0.0,0.0,0.0,0.0,0.0,0.0,0.0,0.47666666666666657,6000.0
13667,rdd_west_merged_6000_7,S2A_MSIL2A_20230630T110621_R137_T30TUM_20230630T203024,500,,0.0,0.0,0.0,3.4722222222222223,96.52777777777777,0.0,0.0,0.0,0.0,0.0,0.0,144,0,0.0,6000.0,6000.0,0.3204197883605957,0.0,,0.0,0.0,0.0,-1.6711111111111112,1.6711111111111023,0.0,0.0,0.0,0.0,0.0,0.0,0.0,1.6711111111111112,6000.0
13673,rdd_west_merged_6000_7,S2A_MSIL2A_20230630T110621_R137_T30TUM_20230630T203024,1000,,0.0,0.0,0.0,5.555555555555555,94.44444444444444,0.0,0.0,0.0,0.0,0.0,0.0,36,0,0.0,6000.0,6000.0,0.3181748390197754,0.0,,0.0,0.0,0.0,0.4122222222222218,-0.41222222222222626,0.0,0.0,0.0,0.0,0.0,0.0,0.0,0.41222222222222626,6000.0
13638,rdd_west_merged_6000_7,S2B_MSIL2A_20230605T110619_R137_T30TUM_20230605T163049,20,,0.0,0.027777777777777776,13.997777777777777,10.372222222222222,60.42666666666667,0.0,0.4033333333333333,9.12,5.652222222222222,0.0,0.0,90000,0,0.0,6000.0,6000.0,0.37912678718566895,14.772222222222222,,0.0,0.0,0.0,0.0,0.0,0.0,0.0,0.0,0.0,0.0,0.0,0.0,0.0,6000.0
13644,rdd_west_merged_6000_7,S2B_MSIL2A_20230605T110619_R137_T30TUM_20230605T163049,50,,0.0,0.034722222222222224,14.055555555555555,10.520833333333334,60.24305555555556,0.0,0.4027777777777778,9.131944444444445,5.611111111111111,0.0,0.0,14400,0,0.0,6000.0,6000.0,0.3123619556427002,14.743055555555555,,0.0,0.0069444444444444475,0.05777777777777793,0.14861111111111214,-0.18361111111111228,0.0,-0.0005555555555555314,0.011944444444445423,-0.04111111111111132,0.0,0.0,-0.029166666666666785,0.18361111111111228,6000.0
13650,rdd_west_merged_6000_7,S2B_MSIL2A_20230605T110619_R137_T30TUM_20230605T163049,100,,0.0,0.027777777777777776,14.083333333333334,10.472222222222221,60.25,0.0,0.4444444444444444,8.972222222222221,5.75,0.0,0.0,3600,0,0.0,6000.0,6000.0,0.3009531497955322,14.722222222222221,,0.0,0.0,0.0855555555555565,0.09999999999999964,-0.17666666666666941,0.0,0.0411111111111111,-0.14777777777777779,0.09777777777777796,0.0,0.0,-0.05000000000000071,0.17666666666666941,6000.0
13656,rdd_west_merged_6000_7,S2B_MSIL2A_20230605T110619_R137_T30TUM_20230605T163049,200,,0.0,0.0,14.222222222222221,9.666666666666666,60.888888888888886,0.0,0.5555555555555556,8.777777777777779,5.888888888888889,0.0,0.0,900,0,0.0,6000.0,6000.0,0.33001279830932617,14.666666666666668,,0.0,-0.027777777777777776,0.224444444444444,-0.7055555555555557,0.4622222222222163,0.0,0.15222222222222226,-0.34222222222222065,0.23666666666666725,0.0,0.0,-0.10555555555555429,0.7055555555555557,6000.0
13662,rdd_west_merged_6000_7,S2B_MSIL2A_20230605T110619_R137_T30TUM_20230605T163049,500,,0.0,0.0,15.972222222222221,7.638888888888889,63.19444444444444,0.0,0.0,8.333333333333334,4.861111111111111,0.0,0.0,144,0,0.0,6000.0,6000.0,0.3204197883605957,13.194444444444445,,0.0,-0.027777777777777776,1.974444444444444,-2.7333333333333325,2.7677777777777735,0.0,-0.4033333333333333,-0.7866666666666653,-0.7911111111111113,0.0,0.0,-1.5777777777777775,2.7677777777777735,6000.0
13668,rdd_west_merged_6000_7,S2B_MSIL2A_20230605T110619_R137_T30TUM_20230605T163049,1000,,0.0,0.0,13.88888888888889,8.333333333333334,69.44444444444444,0.0,2.7777777777777777,5.555555555555555,0.0,0.0,0.0,36,0,0.0,6000.0,6000.0,0.3181748390197754,5.555555555555555,,0.0,-0.027777777777777776,-0.10888888888888815,-2.038888888888888,9.017777777777773,0.0,2.3744444444444444,-3.564444444444444,-5.652222222222222,0.0,0.0,-9.216666666666667,9.216666666666667,6000.0
13640,rdd_west_merged_6000_7,S2B_MSIL2A_20230615T110629_R137_T30TUM_20230615T205813,20,,0.0,0.027777777777777776,11.712222222222222,6.405555555555556,71.00222222222222,0.0,0.35555555555555557,6.004444444444444,4.485555555555556,0.006666666666666667,0.0,90000,0,0.0,6000.0,6000.0,0.37912678718566895,10.496666666666666,,0.0,0.0,0.0,0.0,0.0,0.0,0.0,0.0,0.0,0.0,0.0,0.0,0.0,6000.0
13646,rdd_west_merged_6000_7,S2B_MSIL2A_20230615T110629_R137_T30TUM_20230615T205813,50,,0.0,0.020833333333333332,11.63888888888889,6.5625,70.9375,0.0,0.375,5.965277777777778,4.5,0.0,0.0,14400,0,0.0,6000.0,6000.0,0.3123619556427002,10.465277777777779,,0.0,-0.006944444444444444,-0.07333333333333236,0.1569444444444441,-0.06472222222221546,0.0,0.01944444444444443,-0.03916666666666657,0.014444444444444038,-0.006666666666666667,0.0,-0.03138888888888758,0.1569444444444441,6000.0
13652,rdd_west_merged_6000_7,S2B_MSIL2A_20230615T110629_R137_T30TUM_20230615T205813,100,,0.0,0.027777777777777776,11.75,6.5,71.08333333333333,0.0,0.3055555555555556,5.666666666666667,4.666666666666667,0.0,0.0,3600,0,0.0,6000.0,6000.0,0.3009531497955322,10.333333333333334,,0.0,0.0,0.037777777777778354,0.09444444444444411,0.08111111111111313,0.0,-0.04999999999999999,-0.3377777777777773,0.181111111111111,-0.006666666666666667,0.0,-0.16333333333333222,0.16333333333333222,6000.0
13658,rdd_west_merged_6000_7,S2B_MSIL2A_20230615T110629_R137_T30TUM_20230615T205813,200,,0.0,0.0,12.0,6.111111111111111,70.77777777777777,0.0,0.6666666666666666,5.666666666666667,4.666666666666667,0.1111111111111111,0.0,900,0,0.0,6000.0,6000.0,0.33001279830932617,10.444444444444445,,0.0,-0.027777777777777776,0.28777777777777835,-0.2944444444444452,-0.224444444444444,0.0,0.31111111111111106,-0.3377777777777773,0.181111111111111,0.10444444444444444,0.0,-0.052222222222221504,0.31111111111111106,6000.0
13664,rdd_west_merged_6000_7,S2B_MSIL2A_20230615T110629_R137_T30TUM_20230615T205813,500,,0.0,0.0,11.805555555555555,4.861111111111111,74.30555555555556,0.0,0.0,4.861111111111111,4.166666666666667,0.0,0.0,144,0,0.0,6000.0,6000.0,0.3204197883605957,9.027777777777779,,0.0,-0.027777777777777776,0.09333333333333371,-1.5444444444444452,3.3033333333333417,0.0,-0.35555555555555557,-1.1433333333333335,-0.318888888888889,-0.006666666666666667,0.0,-1.4688888888888876,3.3033333333333417,6000.0
13670,rdd_west_merged_6000_7,S2B_MSIL2A_20230615T110629_R137_T30TUM_20230615T205813,1000,,0.0,0.0,11.11111111111111,8.333333333333334,61.111111111111114,0.0,5.555555555555555,11.11111111111111,2.7777777777777777,0.0,0.0,36,0,0.0,6000.0,6000.0,0.3181748390197754,13.88888888888889,,0.0,-0.027777777777777776,-0.6011111111111109,1.927777777777778,-9.891111111111101,0.0,5.2,5.1066666666666665,-1.7077777777777783,-0.006666666666666667,0.0,3.392222222222223,9.891111111111101,6000.0
13642,rdd_west_merged_6000_7,S2B_MSIL2A_20230625T110619_R137_T30TUM_20230625T164707,20,,0.0,0.0,1.211111111111111,4.496666666666667,93.28666666666666,0.0,0.09333333333333334,0.7166666666666667,0.19333333333333333,0.0022222222222222222,0.0,90000,0,0.0,6000.0,6000.0,0.37912678718566895,0.9122222222222223,,0.0,0.0,0.0,0.0,0.0,0.0,0.0,0.0,0.0,0.0,0.0,0.0,0.0,6000.0
13648,rdd_west_merged_6000_7,S2B_MSIL2A_20230625T110619_R137_T30TUM_20230625T164707,50,,0.0,0.0,1.2152777777777777,4.402777777777778,93.41666666666667,0.0,0.0763888888888889,0.7152777777777778,0.1736111111111111,0.0,0.0,14400,0,0.0,6000.0,6000.0,0.3123619556427002,0.8888888888888888,,0.0,0.0,0.004166666666666652,-0.09388888888888935,0.13000000000000966,0.0,-0.016944444444444443,-0.001388888888888884,-0.019722222222222224,-0.0022222222222222222,0.0,-0.023333333333333428,0.13000000000000966,6000.0
13654,rdd_west_merged_6000_7,S2B_MSIL2A_20230625T110619_R137_T30TUM_20230625T164707,100,,0.0,0.0,1.25,4.5,93.22222222222223,0.0,0.08333333333333333,0.7222222222222222,0.19444444444444445,0.027777777777777776,0.0,3600,0,0.0,6000.0,6000.0,0.3009531497955322,0.9444444444444444,,0.0,0.0,0.03888888888888897,0.0033333333333329662,-0.0644444444444332,0.0,-0.010000000000000009,0.005555555555555536,0.0011111111111111183,0.025555555555555554,0.0,0.03222222222222215,0.0644444444444332,6000.0
13660,rdd_west_merged_6000_7,S2B_MSIL2A_20230625T110619_R137_T30TUM_20230625T164707,200,,0.0,0.0,1.4444444444444444,3.7777777777777777,94.0,0.0,0.0,0.4444444444444444,0.3333333333333333,0.0,0.0,900,0,0.0,6000.0,6000.0,0.33001279830932617,0.7777777777777777,,0.0,0.0,0.2333333333333334,-0.7188888888888894,0.7133333333333383,0.0,-0.09333333333333334,-0.27222222222222225,0.13999999999999999,-0.0022222222222222222,0.0,-0.1344444444444446,0.7188888888888894,6000.0
13666,rdd_west_merged_6000_7,S2B_MSIL2A_20230625T110619_R137_T30TUM_20230625T164707,500,,0.0,0.0,0.6944444444444444,4.166666666666667,94.44444444444444,0.0,0.0,0.6944444444444444,0.0,0.0,0.0,144,0,0.0,6000.0,6000.0,0.3204197883605957,0.6944444444444444,,0.0,0.0,-0.5166666666666666,-0.33000000000000007,1.1577777777777811,0.0,-0.09333333333333334,-0.022222222222222254,-0.19333333333333333,-0.0022222222222222222,0.0,-0.21777777777777785,1.1577777777777811,6000.0
13672,rdd_west_merged_6000_7,S2B_MSIL2A_20230625T110619_R137_T30TUM_20230625T164707,1000,,0.0,0.0,2.7777777777777777,5.555555555555555,88.88888888888889,0.0,0.0,2.7777777777777777,0.0,0.0,0.0,36,0,0.0,6000.0,6000.0,0.3181748390197754,2.7777777777777777,,0.0,0.0,1.5666666666666667,1.0588888888888883,-4.397777777777776,0.0,-0.09333333333333334,2.061111111111111,-0.19333333333333333,-0.0022222222222222222,0.0,1.8655555555555554,4.397777777777776,6000.0
13675,rdd_west_merged_6000_8,S2A_MSIL2A_20230610T110621_R137_T30TVM_20230610T204848,20,,0.0,0.0,0.6322222222222222,0.0,0.0,0.0,0.0,11.971111111111112,86.94222222222223,0.45444444444444443,0.0,90000,0,0.0,6000.000000000058,6000.0,0.36188650131225586,99.36777777777779,,0.0,0.0,0.0,0.0,0.0,0.0,0.0,0.0,0.0,0.0,0.0,0.0,0.0,6000.0
13681,rdd_west_merged_6000_8,S2A_MSIL2A_20230610T110621_R137_T30TVM_20230610T204848,50,,0.0,0.0,0.6388888888888888,0.0,0.0,0.0,0.0,12.104166666666666,86.8125,0.4444444444444444,0.0,14400,0,0.0,6000.000000000058,6000.0,0.6709446907043457,99.36111111111111,,0.0,0.0,0.006666666666666599,0.0,0.0,0.0,0.0,0.13305555555555415,-0.1297222222222274,-0.010000000000000009,0.0,-0.006666666666674814,0.006666666666674814,6000.0
13687,rdd_west_merged_6000_8,S2A_MSIL2A_20230610T110621_R137_T30TVM_20230610T204848,100,,0.0,0.0,0.6666666666666666,0.0,0.0,0.0,0.0,12.583333333333334,86.19444444444444,0.5555555555555556,0.0,3600,0,0.0,6000.000000000058,6000.0,0.3683164119720459,99.33333333333333,,0.0,0.0,0.03444444444444439,0.0,0.0,0.0,0.0,0.612222222222222,-0.7477777777777845,0.10111111111111115,0.0,-0.03444444444446049,0.03444444444446049,6000.0
13693,rdd_west_merged_6000_8,S2A_MSIL2A_20230610T110621_R137_T30TVM_20230610T204848,200,,0.0,0.0,0.7777777777777778,0.0,0.0,0.0,0.0,12.444444444444445,86.33333333333333,0.4444444444444444,0.0,900,0,0.0,6000.000000000058,6000.0,0.3811147212982178,99.22222222222221,,0.0,0.0,0.14555555555555555,0.0,0.0,0.0,0.0,0.4733333333333327,-0.6088888888888988,-0.010000000000000009,0.0,-0.14555555555557476,0.14555555555557476,6000.0
13699,rdd_west_merged_6000_8,S2A_MSIL2A_20230610T110621_R137_T30TVM_20230610T204848,500,,0.0,0.0,0.0,0.0,0.0,0.0,0.0,11.805555555555555,88.19444444444444,0.0,0.0,144,0,0.0,6000.000000000058,6000.0,0.4188971519470215,100.0,,0.0,0.0,-0.6322222222222222,0.0,0.0,0.0,0.0,-0.16555555555555657,1.2522222222222155,-0.45444444444444443,0.0,0.6322222222222109,0.6322222222222222,6000.0
13705,rdd_west_merged_6000_8,S2A_MSIL2A_20230610T110621_R137_T30TVM_20230610T204848,1000,,0.0,0.0,0.0,0.0,0.0,0.0,0.0,11.11111111111111,86.11111111111111,2.7777777777777777,0.0,36,0,0.0,6000.000000000058,6000.0,0.36863064765930176,100.0,,0.0,0.0,-0.6322222222222222,0.0,0.0,0.0,0.0,-0.8600000000000012,-0.8311111111111131,2.3233333333333333,0.0,0.6322222222222109,0.6322222222222222,6000.0
13677,rdd_west_merged_6000_8,S2A_MSIL2A_20230620T110621_R137_T30TVM_20230620T202730,20,,0.0,0.0,0.0,0.0,0.0,0.0,0.0,0.027777777777777776,99.97222222222223,0.0,0.0,90000,0,0.0,6000.000000000058,6000.0,0.36188650131225586,100.0,,0.0,0.0,0.0,0.0,0.0,0.0,0.0,0.0,0.0,0.0,0.0,0.0,0.0,6000.0
13683,rdd_west_merged_6000_8,S2A_MSIL2A_20230620T110621_R137_T30TVM_20230620T202730,50,,0.0,0.0,0.0,0.0,0.0,0.0,0.0,0.027777777777777776,99.97222222222223,0.0,0.0,14400,0,0.0,6000.000000000058,6000.0,0.6709446907043457,100.0,,0.0,0.0,0.0,0.0,0.0,0.0,0.0,0.0,0.0,0.0,0.0,0.0,0.0,6000.0
13689,rdd_west_merged_6000_8,S2A_MSIL2A_20230620T110621_R137_T30TVM_20230620T202730,100,,0.0,0.0,0.0,0.0,0.0,0.0,0.0,0.027777777777777776,99.97222222222223,0.0,0.0,3600,0,0.0,6000.000000000058,6000.0,0.3683164119720459,100.0,,0.0,0.0,0.0,0.0,0.0,0.0,0.0,0.0,0.0,0.0,0.0,0.0,0.0,6000.0
13695,rdd_west_merged_6000_8,S2A_MSIL2A_20230620T110621_R137_T30TVM_20230620T202730,200,,0.0,0.0,0.0,0.0,0.0,0.0,0.0,0.0,100.0,0.0,0.0,900,0,0.0,6000.000000000058,6000.0,0.3811147212982178,100.0,,0.0,0.0,0.0,0.0,0.0,0.0,0.0,-0.027777777777777776,0.027777777777771462,0.0,0.0,0.0,0.0,6000.0
13701,rdd_west_merged_6000_8,S2A_MSIL2A_20230620T110621_R137_T30TVM_20230620T202730,500,,0.0,0.0,0.0,0.0,0.0,0.0,0.0,0.0,100.0,0.0,0.0,144,0,0.0,6000.000000000058,6000.0,0.4188971519470215,100.0,,0.0,0.0,0.0,0.0,0.0,0.0,0.0,-0.027777777777777776,0.027777777777771462,0.0,0.0,0.0,0.0,6000.0
13707,rdd_west_merged_6000_8,S2A_MSIL2A_20230620T110621_R137_T30TVM_20230620T202730,1000,,0.0,0.0,0.0,0.0,0.0,0.0,0.0,0.0,100.0,0.0,0.0,36,0,0.0,6000.000000000058,6000.0,0.36863064765930176,100.0,,0.0,0.0,0.0,0.0,0.0,0.0,0.0,-0.027777777777777776,0.027777777777771462,0.0,0.0,0.0,0.0,6000.0
13679,rdd_west_merged_6000_8,S2A_MSIL2A_20230630T110621_R137_T30TVM_20230630T203031,20,,0.0,0.0,0.0,13.13111111111111,86.82444444444444,0.016666666666666666,0.027777777777777776,0.0,0.0,0.0,0.0,90000,0,0.0,6000.000000000058,6000.0,0.36188650131225586,0.0,,0.0,0.0,0.0,0.0,0.0,0.0,0.0,0.0,0.0,0.0,0.0,0.0,0.0,6000.0
13685,rdd_west_merged_6000_8,S2A_MSIL2A_20230630T110621_R137_T30TVM_20230630T203031,50,,0.0,0.0,0.0,13.041666666666666,86.92361111111111,0.020833333333333332,0.013888888888888888,0.0,0.0,0.0,0.0,14400,0,0.0,6000.000000000058,6000.0,0.6709446907043457,0.0,,0.0,0.0,0.0,-0.08944444444444422,0.09916666666667595,0.004166666666666666,-0.013888888888888888,0.0,0.0,0.0,0.0,0.0,0.09916666666667595,6000.0
13691,rdd_west_merged_6000_8,S2A_MSIL2A_20230630T110621_R137_T30TVM_20230630T203031,100,,0.0,0.0,0.0,13.166666666666666,86.80555555555556,0.027777777777777776,0.0,0.0,0.0,0.0,0.0,3600,0,0.0,6000.000000000058,6000.0,0.3683164119720459,0.0,,0.0,0.0,0.0,0.035555555555555785,-0.018888888888881183,0.01111111111111111,-0.027777777777777776,0.0,0.0,0.0,0.0,0.0,0.035555555555555785,6000.0
13697,rdd_west_merged_6000_8,S2A_MSIL2A_20230630T110621_R137_T30TVM_20230630T203031,200,,0.0,0.0,0.0,13.333333333333334,86.66666666666667,0.0,0.0,0.0,0.0,0.0,0.0,900,0,0.0,6000.000000000058,6000.0,0.3811147212982178,0.0,,0.0,0.0,0.0,0.20222222222222364,-0.15777777777776691,-0.016666666666666666,-0.027777777777777776,0.0,0.0,0.0,0.0,0.0,0.20222222222222364,6000.0
13703,rdd_west_merged_6000_8,S2A_MSIL2A_20230630T110621_R137_T30TVM_20230630T203031,500,,0.0,0.0,0.0,11.11111111111111,88.88888888888889,0.0,0.0,0.0,0.0,0.0,0.0,144,0,0.0,6000.000000000058,6000.0,0.4188971519470215,0.0,,0.0,0.0,0.0,-2.0199999999999996,2.0644444444444474,-0.016666666666666666,-0.027777777777777776,0.0,0.0,0.0,0.0,0.0,2.0644444444444474,6000.0
13709,rdd_west_merged_6000_8,S2A_MSIL2A_20230630T110621_R137_T30TVM_20230630T203031,1000,,0.0,0.0,0.0,19.444444444444443,80.55555555555556,0.0,0.0,0.0,0.0,0.0,0.0,36,0,0.0,6000.000000000058,6000.0,0.36863064765930176,0.0,,0.0,0.0,0.0,6.313333333333333,-6.268888888888881,-0.016666666666666666,-0.027777777777777776,0.0,0.0,0.0,0.0,0.0,6.313333333333333,6000.0
13674,rdd_west_merged_6000_8,S2B_MSIL2A_20230605T110619_R137_T30TVM_20230605T165116,20,,0.0,0.028888888888888888,7.126666666666667,15.746666666666666,71.08,0.01888888888888889,0.2311111111111111,3.571111111111111,2.1966666666666668,0.0,0.0,90000,0,0.0,6000.000000000058,6000.0,0.36188650131225586,5.767777777777778,,0.0,0.0,0.0,0.0,0.0,0.0,0.0,0.0,0.0,0.0,0.0,0.0,0.0,6000.0
13680,rdd_west_merged_6000_8,S2B_MSIL2A_20230605T110619_R137_T30TVM_20230605T165116,50,,0.0,0.020833333333333332,7.111111111111111,15.409722222222221,71.38888888888889,0.020833333333333332,0.20833333333333334,3.6458333333333335,2.1944444444444446,0.0,0.0,14400,0,0.0,6000.000000000058,6000.0,0.6709446907043457,5.840277777777779,,0.0,-0.008055555555555555,-0.01555555555555621,-0.3369444444444447,0.30888888888888744,0.001944444444444443,-0.022777777777777758,0.07472222222222236,-0.0022222222222221255,0.0,0.0,0.07250000000000068,0.3369444444444447,6000.0
13686,rdd_west_merged_6000_8,S2B_MSIL2A_20230605T110619_R137_T30TVM_20230605T165116,100,,0.0,0.0,7.305555555555555,15.555555555555555,71.11111111111111,0.027777777777777776,0.08333333333333333,3.7222222222222223,2.1944444444444446,0.0,0.0,3600,0,0.0,6000.000000000058,6000.0,0.3683164119720459,5.916666666666667,,0.0,-0.028888888888888888,0.17888888888888843,-0.1911111111111108,0.031111111111115974,0.008888888888888887,-0.14777777777777779,0.1511111111111112,-0.0022222222222221255,0.0,0.0,0.14888888888888907,0.1911111111111108,6000.0
13692,rdd_west_merged_6000_8,S2B_MSIL2A_20230605T110619_R137_T30TVM_20230605T165116,200,,0.0,0.0,7.222222222222222,15.777777777777779,70.44444444444444,0.0,0.2222222222222222,4.444444444444445,1.8888888888888888,0.0,0.0,900,0,0.0,6000.000000000058,6000.0,0.3811147212982178,6.333333333333334,,0.0,-0.028888888888888888,0.0955555555555554,0.03111111111111242,-0.6355555555555554,-0.01888888888888889,-0.00888888888888889,0.8733333333333335,-0.30777777777777793,0.0,0.0,0.565555555555556,0.6355555555555554,6000.0
13698,rdd_west_merged_6000_8,S2B_MSIL2A_20230605T110619_R137_T30TVM_20230605T165116,500,,0.0,0.0,8.333333333333334,16.666666666666668,68.75,0.0,0.0,2.7777777777777777,3.4722222222222223,0.0,0.0,144,0,0.0,6000.000000000058,6000.0,0.4188971519470215,6.25,,0.0,-0.028888888888888888,1.206666666666667,0.9200000000000017,-2.3299999999999983,-0.01888888888888889,-0.2311111111111111,-0.7933333333333334,1.2755555555555556,0.0,0.0,0.4822222222222221,2.3299999999999983,6000.0
13704,rdd_west_merged_6000_8,S2B_MSIL2A_20230605T110619_R137_T30TVM_20230605T165116,1000,,0.0,0.0,8.333333333333334,16.666666666666668,63.888888888888886,0.0,0.0,5.555555555555555,5.555555555555555,0.0,0.0,36,0,0.0,6000.000000000058,6000.0,0.36863064765930176,11.11111111111111,,0.0,-0.028888888888888888,1.206666666666667,0.9200000000000017,-7.191111111111113,-0.01888888888888889,-0.2311111111111111,1.9844444444444442,3.3588888888888886,0.0,0.0,5.343333333333333,7.191111111111113,6000.0
13676,rdd_west_merged_6000_8,S2B_MSIL2A_20230615T110629_R137_T30TVM_20230615T203626,20,,0.0,0.5566666666666666,1.8533333333333333,13.81,80.42777777777778,0.016666666666666666,0.9866666666666667,1.6566666666666667,0.62,0.07222222222222222,0.0,90000,0,0.0,6000.000000000058,6000.0,0.36188650131225586,2.3488888888888892,,0.0,0.0,0.0,0.0,0.0,0.0,0.0,0.0,0.0,0.0,0.0,0.0,0.0,6000.0
13682,rdd_west_merged_6000_8,S2B_MSIL2A_20230615T110629_R137_T30TVM_20230615T203626,50,,0.0,0.5625,1.8680555555555556,13.555555555555555,80.69444444444444,0.020833333333333332,0.9583333333333334,1.6180555555555556,0.6319444444444444,0.09027777777777778,0.0,14400,0,0.0,6000.000000000058,6000.0,0.6709446907043457,2.3402777777777777,,0.0,0.005833333333333357,0.014722222222222303,-0.25444444444444514,0.2666666666666657,0.004166666666666666,-0.02833333333333332,-0.03861111111111115,0.011944444444444424,0.01805555555555556,0.0,-0.008611111111111569,0.2666666666666657,6000.0
13688,rdd_west_merged_6000_8,S2B_MSIL2A_20230615T110629_R137_T30TVM_20230615T203626,100,,0.0,0.5277777777777778,1.8333333333333333,14.11111111111111,80.13888888888889,0.027777777777777776,0.9444444444444444,1.6388888888888888,0.6666666666666666,0.1111111111111111,0.0,3600,0,0.0,6000.000000000058,6000.0,0.3683164119720459,2.4166666666666665,,0.0,-0.028888888888888853,-0.020000000000000018,0.3011111111111102,-0.2888888888888914,0.01111111111111111,-0.04222222222222227,-0.017777777777777892,0.046666666666666634,0.03888888888888889,0.0,0.06777777777777727,0.3011111111111102,6000.0
13694,rdd_west_merged_6000_8,S2B_MSIL2A_20230615T110629_R137_T30TVM_20230615T203626,200,,0.0,0.3333333333333333,1.7777777777777777,13.88888888888889,80.55555555555556,0.0,1.1111111111111112,1.7777777777777777,0.5555555555555556,0.0,0.0,900,0,0.0,6000.000000000058,6000.0,0.3811147212982178,2.333333333333333,,0.0,-0.22333333333333333,-0.0755555555555556,0.07888888888888879,0.12777777777778,-0.016666666666666666,0.12444444444444447,0.12111111111111095,-0.06444444444444442,-0.07222222222222222,0.0,-0.01555555555555621,0.22333333333333333,6000.0
13700,rdd_west_merged_6000_8,S2B_MSIL2A_20230615T110629_R137_T30TVM_20230615T203626,500,,0.0,0.0,2.0833333333333335,12.5,80.55555555555556,0.0,0.6944444444444444,2.0833333333333335,1.3888888888888888,0.6944444444444444,0.0,144,0,0.0,6000.000000000058,6000.0,0.4188971519470215,4.166666666666667,,0.0,-0.5566666666666666,0.2300000000000002,-1.3100000000000005,0.12777777777778,-0.016666666666666666,-0.29222222222222227,0.42666666666666675,0.7688888888888888,0.6222222222222222,0.0,1.8177777777777777,1.8177777777777777,6000.0
13706,rdd_west_merged_6000_8,S2B_MSIL2A_20230615T110629_R137_T30TVM_20230615T203626,1000,,0.0,0.0,0.0,16.666666666666668,77.77777777777777,0.0,0.0,5.555555555555555,0.0,0.0,0.0,36,0,0.0,6000.000000000058,6000.0,0.36863064765930176,5.555555555555555,,0.0,-0.5566666666666666,-1.8533333333333333,2.8566666666666674,-2.6500000000000057,-0.016666666666666666,-0.9866666666666667,3.8988888888888886,-0.62,-0.07222222222222222,0.0,3.206666666666666,3.206666666666666,6000.0
13678,rdd_west_merged_6000_8,S2B_MSIL2A_20230625T110619_R137_T30TVM_20230625T163939,20,,0.0,0.006666666666666667,6.323333333333333,7.376666666666667,69.49777777777778,0.016666666666666666,0.8822222222222222,6.341111111111111,9.532222222222222,0.023333333333333334,0.0,90000,0,0.0,6000.000000000058,6000.0,0.36188650131225586,15.896666666666667,,0.0,0.0,0.0,0.0,0.0,0.0,0.0,0.0,0.0,0.0,0.0,0.0,0.0,6000.0
13684,rdd_west_merged_6000_8,S2B_MSIL2A_20230625T110619_R137_T30TVM_20230625T163939,50,,0.0,0.006944444444444444,6.354166666666667,7.388888888888889,69.43055555555556,0.020833333333333332,0.8472222222222222,6.381944444444445,9.555555555555555,0.013888888888888888,0.0,14400,0,0.0,6000.000000000058,6000.0,0.6709446907043457,15.95138888888889,,0.0,0.00027777777777777696,0.030833333333333712,0.012222222222222356,-0.0672222222222274,0.004166666666666666,-0.03500000000000003,0.0408333333333335,0.023333333333333428,-0.009444444444444446,0.0,0.05472222222222278,0.0672222222222274,6000.0
13690,rdd_west_merged_6000_8,S2B_MSIL2A_20230625T110619_R137_T30TVM_20230625T163939,100,,0.0,0.0,6.277777777777778,7.277777777777778,69.52777777777777,0.027777777777777776,0.8333333333333334,6.416666666666667,9.61111111111111,0.027777777777777776,0.0,3600,0,0.0,6000.000000000058,6000.0,0.3683164119720459,16.055555555555557,,0.0,-0.006666666666666667,-0.04555555555555557,-0.09888888888888925,0.029999999999986926,0.01111111111111111,-0.04888888888888887,0.07555555555555582,0.07888888888888879,0.004444444444444442,0.0,0.15888888888889063,0.15888888888889063,6000.0
13696,rdd_west_merged_6000_8,S2B_MSIL2A_20230625T110619_R137_T30TVM_20230625T163939,200,,0.0,0.0,5.666666666666667,8.11111111111111,69.44444444444444,0.0,1.0,6.222222222222222,9.555555555555555,0.0,0.0,900,0,0.0,6000.000000000058,6000.0,0.3811147212982178,15.777777777777779,,0.0,-0.006666666666666667,-0.6566666666666663,0.7344444444444438,-0.05333333333334167,-0.016666666666666666,0.11777777777777776,-0.11888888888888882,0.023333333333333428,-0.023333333333333334,0.0,-0.11888888888888793,0.7344444444444438,6000.0
13702,rdd_west_merged_6000_8,S2B_MSIL2A_20230625T110619_R137_T30TVM_20230625T163939,500,,0.0,0.0,5.555555555555555,9.027777777777779,68.05555555555556,0.0,1.3888888888888888,6.944444444444445,9.027777777777779,0.0,0.0,144,0,0.0,6000.000000000058,6000.0,0.4188971519470215,15.972222222222223,,0.0,-0.006666666666666667,-0.7677777777777779,1.6511111111111116,-1.4422222222222274,-0.016666666666666666,0.5066666666666666,0.6033333333333335,-0.5044444444444434,-0.023333333333333334,0.0,0.07555555555555671,1.6511111111111116,6000.0
13708,rdd_west_merged_6000_8,S2B_MSIL2A_20230625T110619_R137_T30TVM_20230625T163939,1000,,0.0,0.0,2.7777777777777777,8.333333333333334,69.44444444444444,0.0,2.7777777777777777,8.333333333333334,8.333333333333334,0.0,0.0,36,0,0.0,6000.000000000058,6000.0,0.36863064765930176,16.666666666666668,,0.0,-0.006666666666666667,-3.5455555555555556,0.956666666666667,-0.05333333333334167,-0.016666666666666666,1.8955555555555554,1.9922222222222228,-1.198888888888888,-0.023333333333333334,0.0,0.7700000000000014,3.5455555555555556,6000.0
13711,rdd_west_merged_6000_9,S2A_MSIL2A_20230610T110621_R137_T30TVM_20230610T204848,20,,0.0,0.0,0.0,0.0,0.0,0.0,0.0,0.62,99.38,0.0,0.0,90000,0,0.0,6000.000000000058,6000.000000000931,0.3717470169067383,100.0,,0.0,0.0,0.0,0.0,0.0,0.0,0.0,0.0,0.0,0.0,0.0,0.0,0.0,6000.0
13717,rdd_west_merged_6000_9,S2A_MSIL2A_20230610T110621_R137_T30TVM_20230610T204848,50,,0.0,0.0,0.0,0.0,0.0,0.0,0.0,0.5833333333333334,99.41666666666667,0.0,0.0,14400,0,0.0,6000.000000000058,6000.000000000931,0.37445998191833496,100.0,,0.0,0.0,0.0,0.0,0.0,0.0,0.0,-0.036666666666666625,0.03666666666667595,0.0,0.0,0.0,0.0,6000.0
13723,rdd_west_merged_6000_9,S2A_MSIL2A_20230610T110621_R137_T30TVM_20230610T204848,100,,0.0,0.0,0.0,0.0,0.0,0.0,0.0,0.6666666666666666,99.33333333333333,0.0,0.0,3600,0,0.0,6000.000000000058,6000.000000000931,0.39395785331726074,100.0,,0.0,0.0,0.0,0.0,0.0,0.0,0.0,0.046666666666666634,-0.046666666666666856,0.0,0.0,0.0,0.0,6000.0
13729,rdd_west_merged_6000_9,S2A_MSIL2A_20230610T110621_R137_T30TVM_20230610T204848,200,,0.0,0.0,0.0,0.0,0.0,0.0,0.0,1.0,99.0,0.0,0.0,900,0,0.0,6000.000000000058,6000.000000000931,0.28615427017211914,100.0,,0.0,0.0,0.0,0.0,0.0,0.0,0.0,0.38,-0.37999999999999545,0.0,0.0,0.0,0.0,6000.0
13735,rdd_west_merged_6000_9,S2A_MSIL2A_20230610T110621_R137_T30TVM_20230610T204848,500,,0.0,0.0,0.0,0.0,0.0,0.0,0.0,0.6944444444444444,99.30555555555556,0.0,0.0,144,0,0.0,6000.000000000058,6000.000000000931,0.3567683696746826,100.0,,0.0,0.0,0.0,0.0,0.0,0.0,0.0,0.07444444444444442,-0.07444444444443832,0.0,0.0,0.0,0.0,6000.0
13741,rdd_west_merged_6000_9,S2A_MSIL2A_20230610T110621_R137_T30TVM_20230610T204848,1000,,0.0,0.0,0.0,0.0,0.0,0.0,0.0,0.0,100.0,0.0,0.0,36,0,0.0,6000.000000000058,6000.000000000931,0.4385979175567627,100.0,,0.0,0.0,0.0,0.0,0.0,0.0,0.0,-0.62,0.6200000000000045,0.0,0.0,0.0,0.0,6000.0
13713,rdd_west_merged_6000_9,S2A_MSIL2A_20230620T110621_R137_T30TVM_20230620T202730,20,,0.0,0.0,0.0,0.0,0.0,0.0,0.0,0.33666666666666667,99.66333333333333,0.0,0.0,90000,0,0.0,6000.000000000058,6000.000000000931,0.3717470169067383,100.0,,0.0,0.0,0.0,0.0,0.0,0.0,0.0,0.0,0.0,0.0,0.0,0.0,0.0,6000.0
13719,rdd_west_merged_6000_9,S2A_MSIL2A_20230620T110621_R137_T30TVM_20230620T202730,50,,0.0,0.0,0.0,0.0,0.0,0.0,0.0,0.3472222222222222,99.65277777777777,0.0,0.0,14400,0,0.0,6000.000000000058,6000.000000000931,0.37445998191833496,100.0,,0.0,0.0,0.0,0.0,0.0,0.0,0.0,0.01055555555555554,-0.01055555555555543,0.0,0.0,0.0,0.0,6000.0
13725,rdd_west_merged_6000_9,S2A_MSIL2A_20230620T110621_R137_T30TVM_20230620T202730,100,,0.0,0.0,0.0,0.0,0.0,0.0,0.0,0.3333333333333333,99.66666666666667,0.0,0.0,3600,0,0.0,6000.000000000058,6000.000000000931,0.39395785331726074,100.0,,0.0,0.0,0.0,0.0,0.0,0.0,0.0,-0.003333333333333355,0.0033333333333445125,0.0,0.0,0.0,0.0,6000.0
13731,rdd_west_merged_6000_9,S2A_MSIL2A_20230620T110621_R137_T30TVM_20230620T202730,200,,0.0,0.0,0.0,0.0,0.0,0.0,0.0,0.2222222222222222,99.77777777777777,0.0,0.0,900,0,0.0,6000.000000000058,6000.000000000931,0.28615427017211914,100.0,,0.0,0.0,0.0,0.0,0.0,0.0,0.0,-0.11444444444444446,0.11444444444444457,0.0,0.0,0.0,0.0,6000.0
13737,rdd_west_merged_6000_9,S2A_MSIL2A_20230620T110621_R137_T30TVM_20230620T202730,500,,0.0,0.0,0.0,0.0,0.0,0.0,0.0,0.6944444444444444,99.30555555555556,0.0,0.0,144,0,0.0,6000.000000000058,6000.000000000931,0.3567683696746826,100.0,,0.0,0.0,0.0,0.0,0.0,0.0,0.0,0.35777777777777775,-0.35777777777776976,0.0,0.0,0.0,0.0,6000.0
13743,rdd_west_merged_6000_9,S2A_MSIL2A_20230620T110621_R137_T30TVM_20230620T202730,1000,,0.0,0.0,0.0,0.0,0.0,0.0,0.0,0.0,100.0,0.0,0.0,36,0,0.0,6000.000000000058,6000.000000000931,0.4385979175567627,100.0,,0.0,0.0,0.0,0.0,0.0,0.0,0.0,-0.33666666666666667,0.3366666666666731,0.0,0.0,0.0,0.0,6000.0
13715,rdd_west_merged_6000_9,S2A_MSIL2A_20230630T110621_R137_T30TVM_20230630T203031,20,,0.0,0.021111111111111112,0.0,9.557777777777778,90.40777777777778,0.0044444444444444444,0.008888888888888889,0.0,0.0,0.0,0.0,90000,0,0.0,6000.000000000058,6000.000000000931,0.3717470169067383,0.0,,0.0,0.0,0.0,0.0,0.0,0.0,0.0,0.0,0.0,0.0,0.0,0.0,0.0,6000.0
13721,rdd_west_merged_6000_9,S2A_MSIL2A_20230630T110621_R137_T30TVM_20230630T203031,50,,0.0,0.027777777777777776,0.0,9.430555555555555,90.54166666666667,0.0,0.0,0.0,0.0,0.0,0.0,14400,0,0.0,6000.000000000058,6000.000000000931,0.37445998191833496,0.0,,0.0,0.0066666666666666645,0.0,-0.12722222222222257,0.13388888888889028,-0.0044444444444444444,-0.008888888888888889,0.0,0.0,0.0,0.0,0.0,0.13388888888889028,6000.0
13727,rdd_west_merged_6000_9,S2A_MSIL2A_20230630T110621_R137_T30TVM_20230630T203031,100,,0.0,0.027777777777777776,0.0,9.722222222222221,90.25,0.0,0.0,0.0,0.0,0.0,0.0,3600,0,0.0,6000.000000000058,6000.000000000931,0.39395785331726074,0.0,,0.0,0.0066666666666666645,0.0,0.1644444444444435,-0.15777777777778113,-0.0044444444444444444,-0.008888888888888889,0.0,0.0,0.0,0.0,0.0,0.1644444444444435,6000.0
13733,rdd_west_merged_6000_9,S2A_MSIL2A_20230630T110621_R137_T30TVM_20230630T203031,200,,0.0,0.0,0.0,11.333333333333334,88.55555555555556,0.0,0.1111111111111111,0.0,0.0,0.0,0.0,900,0,0.0,6000.000000000058,6000.000000000931,0.28615427017211914,0.0,,0.0,-0.021111111111111112,0.0,1.775555555555556,-1.852222222222224,-0.0044444444444444444,0.10222222222222221,0.0,0.0,0.0,0.0,0.0,1.852222222222224,6000.0
13739,rdd_west_merged_6000_9,S2A_MSIL2A_20230630T110621_R137_T30TVM_20230630T203031,500,,0.0,0.0,0.0,13.88888888888889,86.11111111111111,0.0,0.0,0.0,0.0,0.0,0.0,144,0,0.0,6000.000000000058,6000.000000000931,0.3567683696746826,0.0,,0.0,-0.021111111111111112,0.0,4.331111111111111,-4.296666666666667,-0.0044444444444444444,-0.008888888888888889,0.0,0.0,0.0,0.0,0.0,4.331111111111111,6000.0
13745,rdd_west_merged_6000_9,S2A_MSIL2A_20230630T110621_R137_T30TVM_20230630T203031,1000,,0.0,0.0,0.0,8.333333333333334,91.66666666666667,0.0,0.0,0.0,0.0,0.0,0.0,36,0,0.0,6000.000000000058,6000.000000000931,0.4385979175567627,0.0,,0.0,-0.021111111111111112,0.0,-1.224444444444444,1.2588888888888903,-0.0044444444444444444,-0.008888888888888889,0.0,0.0,0.0,0.0,0.0,1.2588888888888903,6000.0
13710,rdd_west_merged_6000_9,S2B_MSIL2A_20230605T110619_R137_T30TVM_20230605T165116,20,,0.0,0.015555555555555555,2.4266666666666667,15.351111111111111,45.986666666666665,0.008888888888888889,0.2688888888888889,6.681111111111111,29.107777777777777,0.15333333333333332,0.0,90000,0,0.0,6000.000000000058,6000.000000000931,0.3717470169067383,35.94222222222223,,0.0,0.0,0.0,0.0,0.0,0.0,0.0,0.0,0.0,0.0,0.0,0.0,0.0,6000.0
13716,rdd_west_merged_6000_9,S2B_MSIL2A_20230605T110619_R137_T30TVM_20230605T165116,50,,0.0,0.006944444444444444,2.4097222222222223,15.340277777777779,46.21527777777778,0.013888888888888888,0.2708333333333333,6.604166666666667,28.98611111111111,0.1527777777777778,0.0,14400,0,0.0,6000.000000000058,6000.000000000931,0.37445998191833496,35.74305555555556,,0.0,-0.008611111111111111,-0.01694444444444443,-0.010833333333332362,0.22861111111111398,0.004999999999999999,0.0019444444444444153,-0.07694444444444404,-0.12166666666666615,-0.0005555555555555314,0.0,-0.19916666666667027,0.22861111111111398,6000.0
13722,rdd_west_merged_6000_9,S2B_MSIL2A_20230605T110619_R137_T30TVM_20230605T165116,100,,0.0,0.0,2.4444444444444446,15.416666666666666,46.611111111111114,0.0,0.2222222222222222,6.444444444444445,28.694444444444443,0.16666666666666666,0.0,3600,0,0.0,6000.000000000058,6000.000000000931,0.39395785331726074,35.30555555555555,,0.0,-0.015555555555555555,0.017777777777777892,0.06555555555555515,0.6244444444444497,-0.008888888888888889,-0.04666666666666669,-0.23666666666666636,-0.413333333333334,0.013333333333333336,0.0,-0.6366666666666774,0.6366666666666774,6000.0
13728,rdd_west_merged_6000_9,S2B_MSIL2A_20230605T110619_R137_T30TVM_20230605T165116,200,,0.0,0.1111111111111111,2.111111111111111,17.22222222222222,45.55555555555556,0.1111111111111111,0.2222222222222222,6.444444444444445,27.88888888888889,0.3333333333333333,0.0,900,0,0.0,6000.000000000058,6000.000000000931,0.28615427017211914,34.66666666666667,,0.0,0.09555555555555555,-0.3155555555555556,1.8711111111111105,-0.43111111111110745,0.10222222222222221,-0.04666666666666669,-0.23666666666666636,-1.2188888888888876,0.18,0.0,-1.275555555555556,1.8711111111111105,6000.0
13734,rdd_west_merged_6000_9,S2B_MSIL2A_20230605T110619_R137_T30TVM_20230605T165116,500,,0.0,0.0,2.0833333333333335,15.972222222222221,47.22222222222222,0.0,0.0,9.722222222222221,25.0,0.0,0.0,144,0,0.0,6000.000000000058,6000.000000000931,0.3567683696746826,34.72222222222222,,0.0,-0.015555555555555555,-0.34333333333333327,0.6211111111111105,1.2355555555555569,-0.008888888888888889,-0.2688888888888889,3.0411111111111104,-4.107777777777777,-0.15333333333333332,0.0,-1.220000000000006,1.2355555555555569,6000.0
13740,rdd_west_merged_6000_9,S2B_MSIL2A_20230605T110619_R137_T30TVM_20230605T165116,1000,,0.0,0.0,2.7777777777777777,16.666666666666668,47.22222222222222,0.0,0.0,5.555555555555555,27.77777777777778,0.0,0.0,36,0,0.0,6000.000000000058,6000.000000000931,0.4385979175567627,33.333333333333336,,0.0,-0.015555555555555555,0.35111111111111093,1.315555555555557,1.2355555555555569,-0.008888888888888889,-0.2688888888888889,-1.1255555555555556,-1.3299999999999983,-0.15333333333333332,0.0,-2.6088888888888917,2.6088888888888917,6000.0
13712,rdd_west_merged_6000_9,S2B_MSIL2A_20230615T110629_R137_T30TVM_20230615T203626,20,,0.0,0.20222222222222222,0.32666666666666666,13.172222222222222,71.50555555555556,0.008888888888888889,6.575555555555556,5.525555555555556,2.683333333333333,0.0,0.0,90000,0,0.0,6000.000000000058,6000.000000000931,0.3717470169067383,8.20888888888889,,0.0,0.0,0.0,0.0,0.0,0.0,0.0,0.0,0.0,0.0,0.0,0.0,0.0,6000.0
13718,rdd_west_merged_6000_9,S2B_MSIL2A_20230615T110629_R137_T30TVM_20230615T203626,50,,0.0,0.2152777777777778,0.3194444444444444,13.180555555555555,71.48611111111111,0.006944444444444444,6.513888888888889,5.506944444444445,2.7708333333333335,0.0,0.0,14400,0,0.0,6000.000000000058,6000.000000000931,0.37445998191833496,8.277777777777779,,0.0,0.01305555555555557,-0.007222222222222241,0.00833333333333286,-0.019444444444445708,-0.0019444444444444448,-0.061666666666666536,-0.018611111111111356,0.08750000000000036,0.0,0.0,0.068888888888889,0.068888888888889,6000.0
13724,rdd_west_merged_6000_9,S2B_MSIL2A_20230615T110629_R137_T30TVM_20230615T203626,100,,0.0,0.2777777777777778,0.2777777777777778,13.305555555555555,70.86111111111111,0.0,6.805555555555555,5.666666666666667,2.8055555555555554,0.0,0.0,3600,0,0.0,6000.000000000058,6000.000000000931,0.39395785331726074,8.472222222222221,,0.0,0.07555555555555557,-0.04888888888888887,0.13333333333333286,-0.6444444444444457,-0.008888888888888889,0.22999999999999954,0.14111111111111097,0.12222222222222223,0.0,0.0,0.26333333333333186,0.6444444444444457,6000.0
13730,rdd_west_merged_6000_9,S2B_MSIL2A_20230615T110629_R137_T30TVM_20230615T203626,200,,0.0,0.1111111111111111,0.4444444444444444,14.777777777777779,69.88888888888889,0.0,6.555555555555555,5.555555555555555,2.6666666666666665,0.0,0.0,900,0,0.0,6000.000000000058,6000.000000000931,0.28615427017211914,8.222222222222221,,0.0,-0.09111111111111111,0.11777777777777776,1.605555555555556,-1.6166666666666742,-0.008888888888888889,-0.020000000000000462,0.02999999999999936,-0.016666666666666607,0.0,0.0,0.013333333333331865,1.6166666666666742,6000.0
13736,rdd_west_merged_6000_9,S2B_MSIL2A_20230615T110629_R137_T30TVM_20230615T203626,500,,0.0,0.6944444444444444,0.0,18.055555555555557,68.75,0.0,4.861111111111111,3.4722222222222223,4.166666666666667,0.0,0.0,144,0,0.0,6000.000000000058,6000.000000000931,0.3567683696746826,7.638888888888889,,0.0,0.4922222222222222,-0.32666666666666666,4.883333333333335,-2.75555555555556,-0.008888888888888889,-1.714444444444445,-2.0533333333333337,1.4833333333333338,0.0,0.0,-0.5700000000000003,4.883333333333335,6000.0
13742,rdd_west_merged_6000_9,S2B_MSIL2A_20230615T110629_R137_T30TVM_20230615T203626,1000,,0.0,0.0,0.0,11.11111111111111,77.77777777777777,0.0,5.555555555555555,2.7777777777777777,2.7777777777777777,0.0,0.0,36,0,0.0,6000.000000000058,6000.000000000931,0.4385979175567627,5.555555555555555,,0.0,-0.20222222222222222,-0.32666666666666666,-2.061111111111112,6.2722222222222115,-0.008888888888888889,-1.0200000000000005,-2.7477777777777783,0.09444444444444455,0.0,0.0,-2.653333333333334,6.2722222222222115,6000.0
13714,rdd_west_merged_6000_9,S2B_MSIL2A_20230625T110619_R137_T30TVM_20230625T163939,20,,0.0,0.2288888888888889,6.806666666666667,6.28,74.94,0.0044444444444444444,1.5144444444444445,7.483333333333333,2.6344444444444446,0.10777777777777778,0.0,90000,0,0.0,6000.000000000058,6000.000000000931,0.3717470169067383,10.225555555555557,,0.0,0.0,0.0,0.0,0.0,0.0,0.0,0.0,0.0,0.0,0.0,0.0,0.0,6000.0
13720,rdd_west_merged_6000_9,S2B_MSIL2A_20230625T110619_R137_T30TVM_20230625T163939,50,,0.0,0.2222222222222222,6.875,6.159722222222222,74.93055555555556,0.0,1.5625,7.576388888888889,2.5694444444444446,0.10416666666666667,0.0,14400,0,0.0,6000.000000000058,6000.000000000931,0.37445998191833496,10.25,,0.0,-0.006666666666666682,0.06833333333333336,-0.12027777777777793,-0.009444444444440592,-0.0044444444444444444,0.04805555555555552,0.09305555555555589,-0.06499999999999995,-0.0036111111111111066,0.0,0.024444444444442937,0.12027777777777793,6000.0
13726,rdd_west_merged_6000_9,S2B_MSIL2A_20230625T110619_R137_T30TVM_20230625T163939,100,,0.0,0.25,7.111111111111111,6.222222222222222,74.77777777777777,0.0,1.4722222222222223,7.416666666666667,2.638888888888889,0.1111111111111111,0.0,3600,0,0.0,6000.000000000058,6000.000000000931,0.39395785331726074,10.166666666666666,,0.0,0.02111111111111111,0.3044444444444441,-0.05777777777777793,-0.16222222222222626,-0.0044444444444444444,-0.04222222222222216,-0.06666666666666643,0.004444444444444251,0.003333333333333327,0.0,-0.05888888888889099,0.3044444444444441,6000.0
13732,rdd_west_merged_6000_9,S2B_MSIL2A_20230625T110619_R137_T30TVM_20230625T163939,200,,0.0,0.3333333333333333,7.888888888888889,7.555555555555555,72.33333333333333,0.1111111111111111,1.2222222222222223,8.222222222222221,2.2222222222222223,0.1111111111111111,0.0,900,0,0.0,6000.000000000058,6000.000000000931,0.28615427017211914,10.555555555555554,,0.0,0.10444444444444442,1.0822222222222226,1.275555555555555,-2.606666666666669,0.10666666666666666,-0.29222222222222216,0.738888888888888,-0.41222222222222227,0.003333333333333327,0.0,0.3299999999999965,2.606666666666669,6000.0
13738,rdd_west_merged_6000_9,S2B_MSIL2A_20230625T110619_R137_T30TVM_20230625T163939,500,,0.0,0.6944444444444444,6.944444444444445,7.638888888888889,74.30555555555556,0.0,1.3888888888888888,6.944444444444445,2.0833333333333335,0.0,0.0,144,0,0.0,6000.000000000058,6000.000000000931,0.3567683696746826,9.027777777777779,,0.0,0.4655555555555555,0.137777777777778,1.358888888888889,-0.6344444444444406,-0.0044444444444444444,-0.12555555555555564,-0.5388888888888888,-0.5511111111111111,-0.10777777777777778,0.0,-1.1977777777777785,1.358888888888889,6000.0
13744,rdd_west_merged_6000_9,S2B_MSIL2A_20230625T110619_R137_T30TVM_20230625T163939,1000,,0.0,0.0,2.7777777777777777,2.7777777777777777,86.11111111111111,0.0,0.0,8.333333333333334,0.0,0.0,0.0,36,0,0.0,6000.000000000058,6000.000000000931,0.4385979175567627,8.333333333333334,,0.0,-0.2288888888888889,-4.028888888888889,-3.5022222222222226,11.171111111111117,-0.0044444444444444444,-1.5144444444444445,0.8500000000000005,-2.6344444444444446,-0.10777777777777778,0.0,-1.8922222222222231,11.171111111111117,6000.0
13819,rdd_west_merged_8000_0,S2A_MSIL2A_20230610T110621_R137_T30TUM_20230610T202756,20,,0.0,0.0,1.506875,0.18125,0.463125,0.0,1.015625,6.725625,90.09875,0.00875,0.0,160000,0,0.0,8000.000000000058,7999.999999999069,0.37702345848083496,96.833125,,0.0,0.0,0.0,0.0,0.0,0.0,0.0,0.0,0.0,0.0,0.0,0.0,0.0,8000.0
13825,rdd_west_merged_8000_0,S2A_MSIL2A_20230610T110621_R137_T30TUM_20230610T202756,50,,0.0,0.0,1.48828125,0.19140625,0.4296875,0.0,0.98828125,6.72265625,90.171875,0.0078125,0.0,25600,0,0.0,8000.000000000058,7999.999999999069,0.3444795608520508,96.90234375,,0.0,0.0,-0.018593749999999964,0.010156250000000006,-0.03343750000000001,0.0,-0.02734375,-0.0029687499999999645,0.07312500000000455,-0.0009375000000000008,0.0,0.06921875000000455,0.06921875000000455,8000.0
13831,rdd_west_merged_8000_0,S2A_MSIL2A_20230610T110621_R137_T30TUM_20230610T202756,100,,0.0,0.0,1.296875,0.171875,0.46875,0.0,0.921875,6.53125,90.609375,0.0,0.0,6400,0,0.0,8000.000000000058,7999.999999999069,0.37298583984375,97.140625,,0.0,0.0,-0.20999999999999996,-0.009374999999999994,0.005624999999999991,0.0,-0.09375,-0.19437499999999996,0.5106250000000045,-0.00875,0.0,0.30750000000000455,0.30750000000000455,8000.0
13837,rdd_west_merged_8000_0,S2A_MSIL2A_20230610T110621_R137_T30TUM_20230610T202756,200,,0.0,0.0,1.0625,0.0625,0.4375,0.0,1.0,7.125,90.3125,0.0,0.0,1600,0,0.0,8000.000000000058,7999.999999999069,0.6957356929779053,97.4375,,0.0,0.0,-0.44437499999999996,-0.11875,-0.02562500000000001,0.0,-0.015625,0.39937500000000004,0.21375000000000455,-0.00875,0.0,0.6043750000000045,0.6043750000000045,8000.0
13843,rdd_west_merged_8000_0,S2A_MSIL2A_20230610T110621_R137_T30TUM_20230610T202756,500,,0.0,0.0,0.78125,0.0,0.390625,0.0,1.171875,4.296875,93.359375,0.0,0.0,256,0,0.0,8000.000000000058,7999.999999999069,0.3663442134857178,97.65625,,0.0,0.0,-0.725625,-0.18125,-0.07250000000000001,0.0,0.15625,-2.42875,3.2606250000000045,-0.00875,0.0,0.8231250000000045,0.8231250000000045,8000.0
13849,rdd_west_merged_8000_0,S2A_MSIL2A_20230610T110621_R137_T30TUM_20230610T202756,1000,,0.0,0.0,0.0,0.0,0.0,0.0,1.5625,7.8125,90.625,0.0,0.0,64,0,0.0,8000.000000000058,7999.999999999069,0.3253500461578369,98.4375,,0.0,0.0,-1.506875,-0.18125,-0.463125,0.0,0.546875,1.086875,0.5262500000000045,-0.00875,0.0,1.6043750000000045,1.6043750000000045,8000.0
13821,rdd_west_merged_8000_0,S2A_MSIL2A_20230620T110621_R137_T30TUM_20230620T202552,20,,0.0,0.0,0.0,0.0,0.0,0.0,0.0,16.455,80.62,2.925,0.0,160000,0,0.0,8000.000000000058,7999.999999999069,0.37702345848083496,100.0,,0.0,0.0,0.0,0.0,0.0,0.0,0.0,0.0,0.0,0.0,0.0,0.0,0.0,8000.0
13827,rdd_west_merged_8000_0,S2A_MSIL2A_20230620T110621_R137_T30TUM_20230620T202552,50,,0.0,0.0,0.0,0.0,0.0,0.0,0.0,16.41796875,80.71484375,2.8671875,0.0,25600,0,0.0,8000.000000000058,7999.999999999069,0.3444795608520508,100.0,,0.0,0.0,0.0,0.0,0.0,0.0,0.0,-0.037031249999998295,0.09484374999999545,-0.05781249999999982,0.0,0.0,0.0,8000.0
13833,rdd_west_merged_8000_0,S2A_MSIL2A_20230620T110621_R137_T30TUM_20230620T202552,100,,0.0,0.0,0.0,0.0,0.0,0.0,0.0,16.09375,81.1875,2.71875,0.0,6400,0,0.0,8000.000000000058,7999.999999999069,0.37298583984375,100.0,,0.0,0.0,0.0,0.0,0.0,0.0,0.0,-0.3612499999999983,0.5674999999999955,-0.20624999999999982,0.0,0.0,0.0,8000.0
13839,rdd_west_merged_8000_0,S2A_MSIL2A_20230620T110621_R137_T30TUM_20230620T202552,200,,0.0,0.0,0.0,0.0,0.0,0.0,0.0,16.1875,81.5625,2.25,0.0,1600,0,0.0,8000.000000000058,7999.999999999069,0.6957356929779053,100.0,,0.0,0.0,0.0,0.0,0.0,0.0,0.0,-0.2674999999999983,0.9424999999999955,-0.6749999999999998,0.0,0.0,0.0,8000.0
13845,rdd_west_merged_8000_0,S2A_MSIL2A_20230620T110621_R137_T30TUM_20230620T202552,500,,0.0,0.0,0.0,0.0,0.0,0.0,0.0,14.84375,82.03125,3.125,0.0,256,0,0.0,8000.000000000058,7999.999999999069,0.3663442134857178,100.0,,0.0,0.0,0.0,0.0,0.0,0.0,0.0,-1.6112499999999983,1.4112499999999955,0.20000000000000018,0.0,0.0,0.0,8000.0
13851,rdd_west_merged_8000_0,S2A_MSIL2A_20230620T110621_R137_T30TUM_20230620T202552,1000,,0.0,0.0,0.0,0.0,0.0,0.0,0.0,17.1875,79.6875,3.125,0.0,64,0,0.0,8000.000000000058,7999.999999999069,0.3253500461578369,100.0,,0.0,0.0,0.0,0.0,0.0,0.0,0.0,0.7325000000000017,-0.9325000000000045,0.20000000000000018,0.0,0.0,0.0,8000.0
13823,rdd_west_merged_8000_0,S2A_MSIL2A_20230630T110621_R137_T30TUM_20230630T203024,20,,0.0,0.005,0.0,17.99,81.969375,0.0275,0.008125,0.0,0.0,0.0,0.0,160000,0,0.0,8000.000000000058,7999.999999999069,0.37702345848083496,0.0,,0.0,0.0,0.0,0.0,0.0,0.0,0.0,0.0,0.0,0.0,0.0,0.0,0.0,8000.0
13829,rdd_west_merged_8000_0,S2A_MSIL2A_20230630T110621_R137_T30TUM_20230630T203024,50,,0.0,0.0,0.0,17.96875,81.98828125,0.03125,0.01171875,0.0,0.0,0.0,0.0,25600,0,0.0,8000.000000000058,7999.999999999069,0.3444795608520508,0.0,,0.0,-0.005,0.0,-0.021249999999998437,0.01890625000000057,0.00375,0.0035937499999999997,0.0,0.0,0.0,0.0,0.0,0.021249999999998437,8000.0
13835,rdd_west_merged_8000_0,S2A_MSIL2A_20230630T110621_R137_T30TUM_20230630T203024,100,,0.0,0.0,0.0,17.125,82.828125,0.03125,0.015625,0.0,0.0,0.0,0.0,6400,0,0.0,8000.000000000058,7999.999999999069,0.37298583984375,0.0,,0.0,-0.005,0.0,-0.8649999999999984,0.8587500000000006,0.00375,0.0075,0.0,0.0,0.0,0.0,0.0,0.8649999999999984,8000.0
13841,rdd_west_merged_8000_0,S2A_MSIL2A_20230630T110621_R137_T30TUM_20230630T203024,200,,0.0,0.0,0.0,16.6875,83.3125,0.0,0.0,0.0,0.0,0.0,0.0,1600,0,0.0,8000.000000000058,7999.999999999069,0.6957356929779053,0.0,,0.0,-0.005,0.0,-1.3024999999999984,1.3431250000000006,-0.0275,-0.008125,0.0,0.0,0.0,0.0,0.0,1.3431250000000006,8000.0
13847,rdd_west_merged_8000_0,S2A_MSIL2A_20230630T110621_R137_T30TUM_20230630T203024,500,,0.0,0.0,0.0,16.796875,83.203125,0.0,0.0,0.0,0.0,0.0,0.0,256,0,0.0,8000.000000000058,7999.999999999069,0.3663442134857178,0.0,,0.0,-0.005,0.0,-1.1931249999999984,1.2337500000000006,-0.0275,-0.008125,0.0,0.0,0.0,0.0,0.0,1.2337500000000006,8000.0
13853,rdd_west_merged_8000_0,S2A_MSIL2A_20230630T110621_R137_T30TUM_20230630T203024,1000,,0.0,0.0,0.0,14.0625,85.9375,0.0,0.0,0.0,0.0,0.0,0.0,64,0,0.0,8000.000000000058,7999.999999999069,0.3253500461578369,0.0,,0.0,-0.005,0.0,-3.9274999999999984,3.9681250000000006,-0.0275,-0.008125,0.0,0.0,0.0,0.0,0.0,3.9681250000000006,8000.0
13818,rdd_west_merged_8000_0,S2B_MSIL2A_20230605T110619_R137_T30TUM_20230605T163049,20,,0.0,0.031875,11.479375,12.98125,51.655,0.0,0.35375,9.435625,14.0625,0.000625,0.0,160000,0,0.0,8000.000000000058,7999.999999999069,0.37702345848083496,23.49875,,0.0,0.0,0.0,0.0,0.0,0.0,0.0,0.0,0.0,0.0,0.0,0.0,0.0,8000.0
13824,rdd_west_merged_8000_0,S2B_MSIL2A_20230605T110619_R137_T30TUM_20230605T163049,50,,0.0,0.0234375,11.43359375,12.82421875,51.7890625,0.0,0.36328125,9.546875,14.01953125,0.0,0.0,25600,0,0.0,8000.000000000058,7999.999999999069,0.3444795608520508,23.56640625,,0.0,-0.0084375,-0.04578124999999922,-0.1570312499999993,0.13406249999999886,0.0,0.009531249999999991,0.11125000000000007,-0.04296875,-0.000625,0.0,0.06765624999999886,0.1570312499999993,8000.0
13830,rdd_west_merged_8000_0,S2B_MSIL2A_20230605T110619_R137_T30TUM_20230605T163049,100,,0.0,0.03125,11.4375,12.921875,51.78125,0.0,0.3125,9.234375,14.28125,0.0,0.0,6400,0,0.0,8000.000000000058,7999.999999999069,0.37298583984375,23.515625,,0.0,-0.0006250000000000006,-0.04187499999999922,-0.05937499999999929,0.12624999999999886,0.0,-0.04125000000000001,-0.20124999999999993,0.21875,-0.000625,0.0,0.016874999999998863,0.12624999999999886,8000.0
13836,rdd_west_merged_8000_0,S2B_MSIL2A_20230605T110619_R137_T30TUM_20230605T163049,200,,0.0,0.0,11.5625,12.9375,52.1875,0.0,0.25,8.9375,14.125,0.0,0.0,1600,0,0.0,8000.000000000058,7999.999999999069,0.6957356929779053,23.0625,,0.0,-0.031875,0.08312500000000078,-0.04374999999999929,0.5324999999999989,0.0,-0.10375000000000001,-0.49812499999999993,0.0625,-0.000625,0.0,-0.43625000000000114,0.5324999999999989,8000.0
13842,rdd_west_merged_8000_0,S2B_MSIL2A_20230605T110619_R137_T30TUM_20230605T163049,500,,0.0,0.0,10.9375,16.015625,49.21875,0.0,0.0,10.9375,12.890625,0.0,0.0,256,0,0.0,8000.000000000058,7999.999999999069,0.3663442134857178,23.828125,,0.0,-0.031875,-0.5418749999999992,3.0343750000000007,-2.436250000000001,0.0,-0.35375,1.501875,-1.171875,-0.000625,0.0,0.32937499999999886,3.0343750000000007,8000.0
13848,rdd_west_merged_8000_0,S2B_MSIL2A_20230605T110619_R137_T30TUM_20230605T163049,1000,,0.0,0.0,10.9375,17.1875,48.4375,0.0,0.0,10.9375,12.5,0.0,0.0,64,0,0.0,8000.000000000058,7999.999999999069,0.3253500461578369,23.4375,,0.0,-0.031875,-0.5418749999999992,4.206250000000001,-3.217500000000001,0.0,-0.35375,1.501875,-1.5625,-0.000625,0.0,-0.06125000000000114,4.206250000000001,8000.0
13820,rdd_west_merged_8000_0,S2B_MSIL2A_20230615T110629_R137_T30TUM_20230615T205813,20,,0.0,0.19125,3.18,18.0825,75.616875,0.023125,0.455625,1.439375,1.001875,0.009375,0.0,160000,0,0.0,8000.000000000058,7999.999999999069,0.37702345848083496,2.450625,,0.0,0.0,0.0,0.0,0.0,0.0,0.0,0.0,0.0,0.0,0.0,0.0,0.0,8000.0
13826,rdd_west_merged_8000_0,S2B_MSIL2A_20230615T110629_R137_T30TUM_20230615T205813,50,,0.0,0.1953125,3.19921875,18.1484375,75.55859375,0.0234375,0.4375,1.46484375,0.95703125,0.015625,0.0,25600,0,0.0,8000.000000000058,7999.999999999069,0.3444795608520508,2.4375,,0.0,0.004062499999999997,0.01921874999999984,0.06593750000000043,-0.05828124999999318,0.0003125000000000003,-0.018125000000000002,0.02546874999999993,-0.04484375000000007,0.00625,0.0,-0.013125000000000053,0.06593750000000043,8000.0
13832,rdd_west_merged_8000_0,S2B_MSIL2A_20230615T110629_R137_T30TUM_20230615T205813,100,,0.0,0.203125,3.171875,17.421875,76.5625,0.046875,0.421875,1.171875,0.953125,0.046875,0.0,6400,0,0.0,8000.000000000058,7999.999999999069,0.37298583984375,2.171875,,0.0,0.011874999999999997,-0.00812500000000016,-0.6606249999999996,0.9456250000000068,0.02375,-0.03375,-0.26750000000000007,-0.04875000000000007,0.0375,0.0,-0.27875000000000005,0.9456250000000068,8000.0
13838,rdd_west_merged_8000_0,S2B_MSIL2A_20230615T110629_R137_T30TUM_20230615T205813,200,,0.0,0.125,3.1875,18.6875,75.125,0.0,0.6875,1.1875,1.0,0.0,0.0,1600,0,0.0,8000.000000000058,7999.999999999069,0.6957356929779053,2.1875,,0.0,-0.06625,0.00749999999999984,0.6050000000000004,-0.4918749999999932,-0.023125,0.231875,-0.25187500000000007,-0.001875000000000071,-0.009375,0.0,-0.26312500000000005,0.6050000000000004,8000.0
13844,rdd_west_merged_8000_0,S2B_MSIL2A_20230615T110629_R137_T30TUM_20230615T205813,500,,0.0,0.0,3.125,18.359375,76.5625,0.0,0.0,1.171875,0.78125,0.0,0.0,256,0,0.0,8000.000000000058,7999.999999999069,0.3663442134857178,1.953125,,0.0,-0.19125,-0.05500000000000016,0.2768750000000004,0.9456250000000068,-0.023125,-0.455625,-0.26750000000000007,-0.22062500000000007,-0.009375,0.0,-0.49750000000000005,0.9456250000000068,8000.0
13850,rdd_west_merged_8000_0,S2B_MSIL2A_20230615T110629_R137_T30TUM_20230615T205813,1000,,0.0,0.0,3.125,20.3125,75.0,0.0,1.5625,0.0,0.0,0.0,0.0,64,0,0.0,8000.000000000058,7999.999999999069,0.3253500461578369,0.0,,0.0,-0.19125,-0.05500000000000016,2.2300000000000004,-0.6168749999999932,-0.023125,1.106875,-1.439375,-1.001875,-0.009375,0.0,-2.450625,2.450625,8000.0
13822,rdd_west_merged_8000_0,S2B_MSIL2A_20230625T110619_R137_T30TUM_20230625T164707,20,,0.0,0.045,17.02,11.926875,48.06625,0.020625,0.35625,11.161875,11.3375,0.065625,0.0,160000,0,0.0,8000.000000000058,7999.999999999069,0.37702345848083496,22.565,,0.0,0.0,0.0,0.0,0.0,0.0,0.0,0.0,0.0,0.0,0.0,0.0,0.0,8000.0
13828,rdd_west_merged_8000_0,S2B_MSIL2A_20230625T110619_R137_T30TUM_20230625T164707,50,,0.0,0.03515625,17.05078125,11.98046875,48.0,0.01953125,0.3515625,11.14453125,11.36328125,0.0546875,0.0,25600,0,0.0,8000.000000000058,7999.999999999069,0.3444795608520508,22.5625,,0.0,-0.009843749999999998,0.030781250000000426,0.05359374999999922,-0.06624999999999659,-0.001093750000000001,-0.004687500000000011,-0.017343750000000213,0.025781249999999645,-0.010937500000000003,0.0,-0.002500000000001279,0.06624999999999659,8000.0
13834,rdd_west_merged_8000_0,S2B_MSIL2A_20230625T110619_R137_T30TUM_20230625T164707,100,,0.0,0.046875,17.015625,11.0625,48.640625,0.03125,0.390625,11.53125,11.203125,0.078125,0.0,6400,0,0.0,8000.000000000058,7999.999999999069,0.37298583984375,22.8125,,0.0,0.0018750000000000017,-0.004374999999999574,-0.8643750000000008,0.5743750000000034,0.010624999999999999,0.03437499999999999,0.3693749999999998,-0.13437500000000036,0.012499999999999997,0.0,0.24749999999999872,0.8643750000000008,8000.0
13840,rdd_west_merged_8000_0,S2B_MSIL2A_20230625T110619_R137_T30TUM_20230625T164707,200,,0.0,0.0,17.4375,11.25,48.5625,0.0,0.375,10.4375,11.875,0.0625,0.0,1600,0,0.0,8000.000000000058,7999.999999999069,0.6957356929779053,22.375,,0.0,-0.045,0.4175000000000004,-0.6768750000000008,0.4962500000000034,-0.020625,0.01874999999999999,-0.7243750000000002,0.5374999999999996,-0.0031250000000000028,0.0,-0.19000000000000128,0.6768750000000008,8000.0
13846,rdd_west_merged_8000_0,S2B_MSIL2A_20230625T110619_R137_T30TUM_20230625T164707,500,,0.0,0.0,16.015625,10.546875,51.953125,0.0,0.0,11.328125,10.15625,0.0,0.0,256,0,0.0,8000.000000000058,7999.999999999069,0.3663442134857178,21.484375,,0.0,-0.045,-1.0043749999999996,-1.3800000000000008,3.8868750000000034,-0.020625,-0.35625,0.1662499999999998,-1.1812500000000004,-0.065625,0.0,-1.0806250000000013,3.8868750000000034,8000.0
13852,rdd_west_merged_8000_0,S2B_MSIL2A_20230625T110619_R137_T30TUM_20230625T164707,1000,,0.0,0.0,18.75,10.9375,43.75,0.0,0.0,10.9375,15.625,0.0,0.0,64,0,0.0,8000.000000000058,7999.999999999069,0.3253500461578369,26.5625,,0.0,-0.045,1.7300000000000004,-0.9893750000000008,-4.316249999999997,-0.020625,-0.35625,-0.2243750000000002,4.2875,-0.065625,0.0,3.9974999999999987,4.316249999999997,8000.0
13855,rdd_west_merged_8000_1,S2A_MSIL2A_20230610T110621_R137_T30TUM_20230610T202756,20,,0.0,0.0,0.37375,0.000625,0.0,0.0,0.321875,5.965,93.325625,0.013125,0.0,160000,0,0.0,8000.000000000116,8000.000000000931,0.43288087844848633,99.30375000000001,,0.0,0.0,0.0,0.0,0.0,0.0,0.0,0.0,0.0,0.0,0.0,0.0,0.0,8000.0
13861,rdd_west_merged_8000_1,S2A_MSIL2A_20230610T110621_R137_T30TUM_20230610T202756,50,,0.0,0.0,0.3828125,0.0,0.0,0.0,0.3125,5.90234375,93.38671875,0.015625,0.0,25600,0,0.0,8000.000000000116,8000.000000000931,0.3912053108215332,99.3046875,,0.0,0.0,0.009062499999999973,-0.000625,0.0,0.0,-0.009375000000000022,-0.06265624999999986,0.061093749999997726,0.0025000000000000005,0.0,0.0009374999999920419,0.009375000000000022,8000.0
13867,rdd_west_merged_8000_1,S2A_MSIL2A_20230610T110621_R137_T30TUM_20230610T202756,100,,0.0,0.0,0.40625,0.0,0.0,0.0,0.3125,5.671875,93.578125,0.03125,0.0,6400,0,0.0,8000.000000000116,8000.000000000931,0.33583641052246094,99.28125,,0.0,0.0,0.03249999999999997,-0.000625,0.0,0.0,-0.009375000000000022,-0.29312499999999986,0.2524999999999977,0.018125000000000002,0.0,-0.022500000000007958,0.03249999999999997,8000.0
13873,rdd_west_merged_8000_1,S2A_MSIL2A_20230610T110621_R137_T30TUM_20230610T202756,200,,0.0,0.0,0.375,0.0,0.0,0.0,0.375,6.0,93.25,0.0,0.0,1600,0,0.0,8000.000000000116,8000.000000000931,0.343430757522583,99.25,,0.0,0.0,0.0012499999999999734,-0.000625,0.0,0.0,0.05312499999999998,0.03500000000000014,-0.07562500000000227,-0.013125,0.0,-0.05375000000000796,0.05375000000000796,8000.0
13879,rdd_west_merged_8000_1,S2A_MSIL2A_20230610T110621_R137_T30TUM_20230610T202756,500,,0.0,0.0,0.390625,0.0,0.0,0.0,0.390625,5.859375,93.359375,0.0,0.0,256,0,0.0,8000.000000000116,8000.000000000931,0.36065244674682617,99.21875,,0.0,0.0,0.016874999999999973,-0.000625,0.0,0.0,0.06874999999999998,-0.10562499999999986,0.033749999999997726,-0.013125,0.0,-0.08500000000000796,0.08500000000000796,8000.0
13885,rdd_west_merged_8000_1,S2A_MSIL2A_20230610T110621_R137_T30TUM_20230610T202756,1000,,0.0,0.0,0.0,0.0,0.0,0.0,0.0,10.9375,89.0625,0.0,0.0,64,0,0.0,8000.000000000116,8000.000000000931,0.3539283275604248,100.0,,0.0,0.0,-0.37375,-0.000625,0.0,0.0,-0.321875,4.9725,-4.263125000000002,-0.013125,0.0,0.696249999999992,0.696249999999992,8000.0
13857,rdd_west_merged_8000_1,S2A_MSIL2A_20230620T110621_R137_T30TUM_20230620T202552,20,,0.0,0.0,0.0,0.664375,5.565625,0.0,0.165625,30.365625,44.08125,19.1575,0.0,160000,0,0.0,8000.000000000116,8000.000000000931,0.43288087844848633,93.604375,,0.0,0.0,0.0,0.0,0.0,0.0,0.0,0.0,0.0,0.0,0.0,0.0,0.0,8000.0
13863,rdd_west_merged_8000_1,S2A_MSIL2A_20230620T110621_R137_T30TUM_20230620T202552,50,,0.0,0.0,0.0,0.6640625,5.5,0.0,0.16796875,30.40234375,44.21875,19.046875,0.0,25600,0,0.0,8000.000000000116,8000.000000000931,0.3912053108215332,93.66796875,,0.0,0.0,0.0,-0.00031250000000004885,-0.06562499999999982,0.0,0.0023437500000000056,0.03671874999999858,0.13750000000000284,-0.11062499999999886,0.0,0.06359374999999545,0.06562499999999982,8000.0
13869,rdd_west_merged_8000_1,S2A_MSIL2A_20230620T110621_R137_T30TUM_20230620T202552,100,,0.0,0.0,0.0,0.65625,5.21875,0.0,0.171875,30.109375,44.890625,18.953125,0.0,6400,0,0.0,8000.000000000116,8000.000000000931,0.33583641052246094,93.953125,,0.0,0.0,0.0,-0.008125000000000049,-0.3468749999999998,0.0,0.0062500000000000056,-0.2562500000000014,0.8093750000000028,-0.20437499999999886,0.0,0.34874999999999545,0.34874999999999545,8000.0
13875,rdd_west_merged_8000_1,S2A_MSIL2A_20230620T110621_R137_T30TUM_20230620T202552,200,,0.0,0.0,0.0,0.5,5.5,0.0,0.0625,30.625,45.1875,18.125,0.0,1600,0,0.0,8000.000000000116,8000.000000000931,0.343430757522583,93.9375,,0.0,0.0,0.0,-0.16437500000000005,-0.06562499999999982,0.0,-0.103125,0.2593749999999986,1.1062500000000028,-1.0324999999999989,0.0,0.33312499999999545,0.33312499999999545,8000.0
13881,rdd_west_merged_8000_1,S2A_MSIL2A_20230620T110621_R137_T30TUM_20230620T202552,500,,0.0,0.0,0.0,0.390625,5.859375,0.0,0.0,28.90625,47.65625,17.1875,0.0,256,0,0.0,8000.000000000116,8000.000000000931,0.36065244674682617,93.75,,0.0,0.0,0.0,-0.27375000000000005,0.2937500000000002,0.0,-0.165625,-1.4593750000000014,3.575000000000003,-1.9699999999999989,0.0,0.14562499999999545,0.2937500000000002,8000.0
13887,rdd_west_merged_8000_1,S2A_MSIL2A_20230620T110621_R137_T30TUM_20230620T202552,1000,,0.0,0.0,0.0,1.5625,4.6875,0.0,0.0,35.9375,43.75,14.0625,0.0,64,0,0.0,8000.000000000116,8000.000000000931,0.3539283275604248,93.75,,0.0,0.0,0.0,0.898125,-0.8781249999999998,0.0,-0.165625,5.571874999999999,-0.33124999999999716,-5.094999999999999,0.0,0.14562499999999545,0.898125,8000.0
13859,rdd_west_merged_8000_1,S2A_MSIL2A_20230630T110621_R137_T30TUM_20230630T203024,20,,0.0,0.0,0.0,13.10625,86.893125,0.0,0.000625,0.0,0.0,0.0,0.0,160000,0,0.0,8000.000000000116,8000.000000000931,0.43288087844848633,0.0,,0.0,0.0,0.0,0.0,0.0,0.0,0.0,0.0,0.0,0.0,0.0,0.0,0.0,8000.0
13865,rdd_west_merged_8000_1,S2A_MSIL2A_20230630T110621_R137_T30TUM_20230630T203024,50,,0.0,0.0,0.0,13.24609375,86.75390625,0.0,0.0,0.0,0.0,0.0,0.0,25600,0,0.0,8000.000000000116,8000.000000000931,0.3912053108215332,0.0,,0.0,0.0,0.0,0.1398437500000007,-0.13921874999999773,0.0,-0.000625,0.0,0.0,0.0,0.0,0.0,0.1398437500000007,8000.0
13871,rdd_west_merged_8000_1,S2A_MSIL2A_20230630T110621_R137_T30TUM_20230630T203024,100,,0.0,0.0,0.0,12.84375,87.15625,0.0,0.0,0.0,0.0,0.0,0.0,6400,0,0.0,8000.000000000116,8000.000000000931,0.33583641052246094,0.0,,0.0,0.0,0.0,-0.2624999999999993,0.2631250000000023,0.0,-0.000625,0.0,0.0,0.0,0.0,0.0,0.2631250000000023,8000.0
13877,rdd_west_merged_8000_1,S2A_MSIL2A_20230630T110621_R137_T30TUM_20230630T203024,200,,0.0,0.0,0.0,13.4375,86.5625,0.0,0.0,0.0,0.0,0.0,0.0,1600,0,0.0,8000.000000000116,8000.000000000931,0.343430757522583,0.0,,0.0,0.0,0.0,0.3312500000000007,-0.3306249999999977,0.0,-0.000625,0.0,0.0,0.0,0.0,0.0,0.3312500000000007,8000.0
13883,rdd_west_merged_8000_1,S2A_MSIL2A_20230630T110621_R137_T30TUM_20230630T203024,500,,0.0,0.0,0.0,12.5,87.5,0.0,0.0,0.0,0.0,0.0,0.0,256,0,0.0,8000.000000000116,8000.000000000931,0.36065244674682617,0.0,,0.0,0.0,0.0,-0.6062499999999993,0.6068750000000023,0.0,-0.000625,0.0,0.0,0.0,0.0,0.0,0.6068750000000023,8000.0
13889,rdd_west_merged_8000_1,S2A_MSIL2A_20230630T110621_R137_T30TUM_20230630T203024,1000,,0.0,0.0,0.0,17.1875,82.8125,0.0,0.0,0.0,0.0,0.0,0.0,64,0,0.0,8000.000000000116,8000.000000000931,0.3539283275604248,0.0,,0.0,0.0,0.0,4.081250000000001,-4.080624999999998,0.0,-0.000625,0.0,0.0,0.0,0.0,0.0,4.081250000000001,8000.0
13854,rdd_west_merged_8000_1,S2B_MSIL2A_20230605T110619_R137_T30TUM_20230605T163049,20,,0.0,0.005,21.61,11.768125,38.281875,0.0,0.354375,11.86125,16.076875,0.0425,0.0,160000,0,0.0,8000.000000000116,8000.000000000931,0.43288087844848633,27.980625,,0.0,0.0,0.0,0.0,0.0,0.0,0.0,0.0,0.0,0.0,0.0,0.0,0.0,8000.0
13860,rdd_west_merged_8000_1,S2B_MSIL2A_20230605T110619_R137_T30TUM_20230605T163049,50,,0.0,0.0078125,21.578125,11.703125,38.3671875,0.0,0.3515625,11.90234375,16.0546875,0.03515625,0.0,25600,0,0.0,8000.000000000116,8000.000000000931,0.3912053108215332,27.9921875,,0.0,0.0028125,-0.03187499999999943,-0.0649999999999995,0.08531250000000057,0.0,-0.0028124999999999956,0.04109374999999993,-0.022187500000001137,-0.007343750000000003,0.0,0.011562500000000142,0.08531250000000057,8000.0
13866,rdd_west_merged_8000_1,S2B_MSIL2A_20230605T110619_R137_T30TUM_20230605T163049,100,,0.0,0.015625,21.703125,11.5625,38.59375,0.0,0.328125,11.703125,16.078125,0.015625,0.0,6400,0,0.0,8000.000000000116,8000.000000000931,0.33583641052246094,27.796875,,0.0,0.010624999999999999,0.09312500000000057,-0.2056249999999995,0.31187500000000057,0.0,-0.026249999999999996,-0.15812500000000007,0.0012499999999988631,-0.026875000000000003,0.0,-0.18374999999999986,0.31187500000000057,8000.0
13872,rdd_west_merged_8000_1,S2B_MSIL2A_20230605T110619_R137_T30TUM_20230605T163049,200,,0.0,0.0,21.5,10.875,38.6875,0.0,0.6875,12.25,15.875,0.125,0.0,1600,0,0.0,8000.000000000116,8000.000000000931,0.343430757522583,28.25,,0.0,-0.005,-0.10999999999999943,-0.8931249999999995,0.40562500000000057,0.0,0.333125,0.38874999999999993,-0.20187500000000114,0.08249999999999999,0.0,0.26937500000000014,0.8931249999999995,8000.0
13878,rdd_west_merged_8000_1,S2B_MSIL2A_20230605T110619_R137_T30TUM_20230605T163049,500,,0.0,0.0,23.046875,10.15625,39.0625,0.0,0.390625,9.765625,17.578125,0.0,0.0,256,0,0.0,8000.000000000116,8000.000000000931,0.36065244674682617,27.34375,,0.0,-0.005,1.4368750000000006,-1.6118749999999995,0.7806250000000006,0.0,0.036250000000000004,-2.095625,1.5012499999999989,-0.0425,0.0,-0.6368749999999999,1.6118749999999995,8000.0
13884,rdd_west_merged_8000_1,S2B_MSIL2A_20230605T110619_R137_T30TUM_20230605T163049,1000,,0.0,0.0,18.75,12.5,40.625,0.0,0.0,14.0625,14.0625,0.0,0.0,64,0,0.0,8000.000000000116,8000.000000000931,0.3539283275604248,28.125,,0.0,-0.005,-2.8599999999999994,0.7318750000000005,2.3431250000000006,0.0,-0.354375,2.20125,-2.014375000000001,-0.0425,0.0,0.14437500000000014,2.8599999999999994,8000.0
13856,rdd_west_merged_8000_1,S2B_MSIL2A_20230615T110629_R137_T30TUM_20230615T205813,20,,0.0,0.129375,8.88125,12.49375,68.690625,0.0,0.461875,5.7975,3.501875,0.04375,0.0,160000,0,0.0,8000.000000000116,8000.000000000931,0.43288087844848633,9.343125,,0.0,0.0,0.0,0.0,0.0,0.0,0.0,0.0,0.0,0.0,0.0,0.0,0.0,8000.0
13862,rdd_west_merged_8000_1,S2B_MSIL2A_20230615T110629_R137_T30TUM_20230615T205813,50,,0.0,0.1328125,8.890625,12.55078125,68.57421875,0.0,0.484375,5.796875,3.52734375,0.04296875,0.0,25600,0,0.0,8000.000000000116,8000.000000000931,0.3912053108215332,9.3671875,,0.0,0.00343750000000001,0.009375000000000355,0.057031249999999645,-0.11640624999999716,0.0,0.02250000000000002,-0.0006250000000003197,0.02546874999999993,-0.0007812499999999972,0.0,0.02406249999999943,0.11640624999999716,8000.0
13868,rdd_west_merged_8000_1,S2B_MSIL2A_20230615T110629_R137_T30TUM_20230615T205813,100,,0.0,0.15625,8.78125,12.8125,68.515625,0.0,0.40625,5.734375,3.546875,0.046875,0.0,6400,0,0.0,8000.000000000116,8000.000000000931,0.33583641052246094,9.328125,,0.0,0.02687500000000001,-0.09999999999999964,0.31874999999999964,-0.17499999999999716,0.0,-0.05562499999999998,-0.06312500000000032,0.04499999999999993,0.0031250000000000028,0.0,-0.015000000000000568,0.31874999999999964,8000.0
13874,rdd_west_merged_8000_1,S2B_MSIL2A_20230615T110629_R137_T30TUM_20230615T205813,200,,0.0,0.125,9.1875,12.3125,68.8125,0.0,0.375,5.9375,3.1875,0.0625,0.0,1600,0,0.0,8000.000000000116,8000.000000000931,0.343430757522583,9.1875,,0.0,-0.00437499999999999,0.30625000000000036,-0.18125000000000036,0.12187500000000284,0.0,-0.08687499999999998,0.13999999999999968,-0.31437500000000007,0.018750000000000003,0.0,-0.15562500000000057,0.30625000000000036,8000.0
13880,rdd_west_merged_8000_1,S2B_MSIL2A_20230615T110629_R137_T30TUM_20230615T205813,500,,0.0,0.390625,9.375,10.15625,70.703125,0.0,0.0,5.078125,4.296875,0.0,0.0,256,0,0.0,8000.000000000116,8000.000000000931,0.36065244674682617,9.375,,0.0,0.26125,0.49375000000000036,-2.3375000000000004,2.012500000000003,0.0,-0.461875,-0.7193750000000003,0.7949999999999999,-0.04375,0.0,0.03187499999999943,2.3375000000000004,8000.0
13886,rdd_west_merged_8000_1,S2B_MSIL2A_20230615T110629_R137_T30TUM_20230615T205813,1000,,0.0,0.0,7.8125,12.5,65.625,0.0,0.0,12.5,1.5625,0.0,0.0,64,0,0.0,8000.000000000116,8000.000000000931,0.3539283275604248,14.0625,,0.0,-0.129375,-1.0687499999999996,0.006249999999999645,-3.065624999999997,0.0,-0.461875,6.7025,-1.939375,-0.04375,0.0,4.719374999999999,4.719374999999999,8000.0
13858,rdd_west_merged_8000_1,S2B_MSIL2A_20230625T110619_R137_T30TUM_20230625T164707,20,,0.0,0.0,0.380625,11.558125,87.61625,0.0,0.005,0.340625,0.099375,0.0,0.0,160000,0,0.0,8000.000000000116,8000.000000000931,0.43288087844848633,0.44,,0.0,0.0,0.0,0.0,0.0,0.0,0.0,0.0,0.0,0.0,0.0,0.0,0.0,8000.0
13864,rdd_west_merged_8000_1,S2B_MSIL2A_20230625T110619_R137_T30TUM_20230625T164707,50,,0.0,0.0,0.390625,11.69921875,87.45703125,0.0,0.00390625,0.33203125,0.1171875,0.0,0.0,25600,0,0.0,8000.000000000116,8000.000000000931,0.3912053108215332,0.44921875,,0.0,0.0,0.010000000000000009,0.14109374999999957,-0.15921874999999375,0.0,-0.00109375,-0.008593750000000011,0.017812499999999995,0.0,0.0,0.009218749999999998,0.15921874999999375,8000.0
13870,rdd_west_merged_8000_1,S2B_MSIL2A_20230625T110619_R137_T30TUM_20230625T164707,100,,0.0,0.0,0.390625,11.515625,87.59375,0.0,0.0,0.375,0.125,0.0,0.0,6400,0,0.0,8000.000000000116,8000.000000000931,0.33583641052246094,0.5,,0.0,0.0,0.010000000000000009,-0.042500000000000426,-0.022499999999993747,0.0,-0.005,0.03437499999999999,0.025624999999999995,0.0,0.0,0.06,0.06,8000.0
13876,rdd_west_merged_8000_1,S2B_MSIL2A_20230625T110619_R137_T30TUM_20230625T164707,200,,0.0,0.0,0.375,11.5,87.625,0.0,0.0,0.375,0.125,0.0,0.0,1600,0,0.0,8000.000000000116,8000.000000000931,0.343430757522583,0.5,,0.0,0.0,-0.005624999999999991,-0.058125000000000426,0.008750000000006253,0.0,-0.005,0.03437499999999999,0.025624999999999995,0.0,0.0,0.06,0.06,8000.0
13882,rdd_west_merged_8000_1,S2B_MSIL2A_20230625T110619_R137_T30TUM_20230625T164707,500,,0.0,0.0,0.0,11.328125,87.890625,0.0,0.0,0.390625,0.390625,0.0,0.0,256,0,0.0,8000.000000000116,8000.000000000931,0.36065244674682617,0.78125,,0.0,0.0,-0.380625,-0.23000000000000043,0.27437500000000625,0.0,-0.005,0.04999999999999999,0.29125,0.0,0.0,0.34125,0.380625,8000.0
13888,rdd_west_merged_8000_1,S2B_MSIL2A_20230625T110619_R137_T30TUM_20230625T164707,1000,,0.0,0.0,0.0,10.9375,89.0625,0.0,0.0,0.0,0.0,0.0,0.0,64,0,0.0,8000.000000000116,8000.000000000931,0.3539283275604248,0.0,,0.0,0.0,-0.380625,-0.6206250000000004,1.4462500000000063,0.0,-0.005,-0.340625,-0.099375,0.0,0.0,-0.44,1.4462500000000063,8000.0
13891,rdd_west_merged_8000_2,S2A_MSIL2A_20230610T110621_R137_T30TUM_20230610T202756,20,,0.0,0.0,0.22875,0.088125,4.18875,0.0,3.229375,19.79125,71.679375,0.794375,0.0,160000,0,0.0,8000.000000000116,8000.0,0.394533634185791,92.265,,0.0,0.0,0.0,0.0,0.0,0.0,0.0,0.0,0.0,0.0,0.0,0.0,0.0,8000.0
13897,rdd_west_merged_8000_2,S2A_MSIL2A_20230610T110621_R137_T30TUM_20230610T202756,50,,0.0,0.0,0.2421875,0.07421875,4.171875,0.0,3.28515625,19.859375,71.6171875,0.75,0.0,25600,0,0.0,8000.000000000116,8000.0,0.35680317878723145,92.2265625,,0.0,0.0,0.013437499999999991,-0.013906249999999995,-0.01687499999999975,0.0,0.05578124999999989,0.06812499999999844,-0.06218749999999318,-0.04437500000000005,0.0,-0.03843750000000057,0.05578124999999989,8000.0
13903,rdd_west_merged_8000_2,S2A_MSIL2A_20230610T110621_R137_T30TUM_20230610T202756,100,,0.0,0.0,0.234375,0.046875,4.296875,0.0,3.328125,20.125,71.3125,0.65625,0.0,6400,0,0.0,8000.000000000116,8000.0,0.3639357089996338,92.09375,,0.0,0.0,0.005624999999999991,-0.041249999999999995,0.10812500000000025,0.0,0.0987499999999999,0.33374999999999844,-0.3668749999999932,-0.13812500000000005,0.0,-0.17125000000000057,0.17125000000000057,8000.0
13909,rdd_west_merged_8000_2,S2A_MSIL2A_20230610T110621_R137_T30TUM_20230610T202756,200,,0.0,0.0,0.125,0.0625,3.375,0.0,3.6875,19.25,72.5625,0.9375,0.0,1600,0,0.0,8000.000000000116,8000.0,0.6236050128936768,92.75,,0.0,0.0,-0.10375000000000001,-0.025624999999999995,-0.8137499999999998,0.0,0.4581249999999999,-0.5412500000000016,0.8831250000000068,0.14312499999999995,0.0,0.48499999999999943,0.8137499999999998,8000.0
13915,rdd_west_merged_8000_2,S2A_MSIL2A_20230610T110621_R137_T30TUM_20230610T202756,500,,0.0,0.0,0.0,0.0,3.90625,0.0,3.90625,19.921875,71.09375,1.171875,0.0,256,0,0.0,8000.000000000116,8000.0,0.3349030017852783,92.1875,,0.0,0.0,-0.22875,-0.088125,-0.28249999999999975,0.0,0.6768749999999999,0.13062499999999844,-0.5856249999999932,0.37749999999999995,0.0,-0.07750000000000057,0.6768749999999999,8000.0
13921,rdd_west_merged_8000_2,S2A_MSIL2A_20230610T110621_R137_T30TUM_20230610T202756,1000,,0.0,0.0,0.0,0.0,4.6875,0.0,3.125,17.1875,73.4375,1.5625,0.0,64,0,0.0,8000.000000000116,8000.0,0.3544280529022217,92.1875,,0.0,0.0,-0.22875,-0.088125,0.49875000000000025,0.0,-0.1043750000000001,-2.6037500000000016,1.7581250000000068,0.768125,0.0,-0.07750000000000057,0.49875000000000025,8000.0
13893,rdd_west_merged_8000_2,S2A_MSIL2A_20230620T110621_R137_T30TUM_20230620T202552,20,,0.0,0.0,0.0,0.0,0.414375,0.0,0.00375,36.994375,34.7925,27.795,0.0,160000,0,0.0,8000.000000000116,8000.0,0.394533634185791,99.581875,,0.0,0.0,0.0,0.0,0.0,0.0,0.0,0.0,0.0,0.0,0.0,0.0,0.0,8000.0
13899,rdd_west_merged_8000_2,S2A_MSIL2A_20230620T110621_R137_T30TUM_20230620T202552,50,,0.0,0.0,0.0,0.0,0.41015625,0.0,0.00390625,37.0234375,34.859375,27.703125,0.0,25600,0,0.0,8000.000000000116,8000.0,0.35680317878723145,99.5859375,,0.0,0.0,0.0,0.0,-0.004218749999999993,0.0,0.00015625000000000014,0.02906250000000199,0.06687500000000313,-0.0918750000000017,0.0,0.004062500000003411,0.004218749999999993,8000.0
13905,rdd_west_merged_8000_2,S2A_MSIL2A_20230620T110621_R137_T30TUM_20230620T202552,100,,0.0,0.0,0.0,0.0,0.40625,0.0,0.015625,36.90625,35.203125,27.46875,0.0,6400,0,0.0,8000.000000000116,8000.0,0.3639357089996338,99.578125,,0.0,0.0,0.0,0.0,-0.008124999999999993,0.0,0.011875,-0.08812499999999801,0.4106250000000031,-0.3262500000000017,0.0,-0.0037499999999965894,0.011875,8000.0
13911,rdd_west_merged_8000_2,S2A_MSIL2A_20230620T110621_R137_T30TUM_20230620T202552,200,,0.0,0.0,0.0,0.0,0.5625,0.0,0.0,35.875,35.375,28.1875,0.0,1600,0,0.0,8000.000000000116,8000.0,0.6236050128936768,99.4375,,0.0,0.0,0.0,0.0,0.148125,0.0,-0.00375,-1.119374999999998,0.5825000000000031,0.3924999999999983,0.0,-0.1443749999999966,0.148125,8000.0
13917,rdd_west_merged_8000_2,S2A_MSIL2A_20230620T110621_R137_T30TUM_20230620T202552,500,,0.0,0.0,0.0,0.0,0.390625,0.0,0.0,37.5,35.15625,26.953125,0.0,256,0,0.0,8000.000000000116,8000.0,0.3349030017852783,99.609375,,0.0,0.0,0.0,0.0,-0.023749999999999993,0.0,-0.00375,0.505625000000002,0.3637500000000031,-0.8418750000000017,0.0,0.02750000000000341,0.02750000000000341,8000.0
13923,rdd_west_merged_8000_2,S2A_MSIL2A_20230620T110621_R137_T30TUM_20230620T202552,1000,,0.0,0.0,0.0,0.0,0.0,0.0,0.0,40.625,31.25,28.125,0.0,64,0,0.0,8000.000000000116,8000.0,0.3544280529022217,100.0,,0.0,0.0,0.0,0.0,-0.414375,0.0,-0.00375,3.630625000000002,-3.542499999999997,0.3299999999999983,0.0,0.4181250000000034,0.4181250000000034,8000.0
13895,rdd_west_merged_8000_2,S2A_MSIL2A_20230630T110621_R137_T30TUM_20230630T203024,20,,0.0,0.0,0.0,4.068125,91.913125,0.0,0.0,0.0,0.0,4.01875,0.0,160000,0,0.0,8000.000000000116,8000.0,0.394533634185791,4.01875,,0.0,0.0,0.0,0.0,0.0,0.0,0.0,0.0,0.0,0.0,0.0,0.0,0.0,8000.0
13901,rdd_west_merged_8000_2,S2A_MSIL2A_20230630T110621_R137_T30TUM_20230630T203024,50,,0.0,0.0,0.0,4.04296875,91.99609375,0.0,0.0,0.0,0.0,3.9609375,0.0,25600,0,0.0,8000.000000000116,8000.0,0.35680317878723145,3.9609375,,0.0,0.0,0.0,-0.025156250000000213,0.08296875000000625,0.0,0.0,0.0,0.0,-0.05781249999999982,0.0,-0.05781249999999982,0.08296875000000625,8000.0
13907,rdd_west_merged_8000_2,S2A_MSIL2A_20230630T110621_R137_T30TUM_20230630T203024,100,,0.0,0.0,0.0,4.15625,91.9375,0.0,0.0,0.0,0.0,3.90625,0.0,6400,0,0.0,8000.000000000116,8000.0,0.3639357089996338,3.90625,,0.0,0.0,0.0,0.08812499999999979,0.024375000000006253,0.0,0.0,0.0,0.0,-0.11249999999999982,0.0,-0.11249999999999982,0.11249999999999982,8000.0
13913,rdd_west_merged_8000_2,S2A_MSIL2A_20230630T110621_R137_T30TUM_20230630T203024,200,,0.0,0.0,0.0,4.875,91.5,0.0,0.0,0.0,0.0,3.625,0.0,1600,0,0.0,8000.000000000116,8000.0,0.6236050128936768,3.625,,0.0,0.0,0.0,0.8068749999999998,-0.41312499999999375,0.0,0.0,0.0,0.0,-0.3937499999999998,0.0,-0.3937499999999998,0.8068749999999998,8000.0
13919,rdd_west_merged_8000_2,S2A_MSIL2A_20230630T110621_R137_T30TUM_20230630T203024,500,,0.0,0.0,0.0,3.90625,91.796875,0.0,0.0,0.0,0.0,4.296875,0.0,256,0,0.0,8000.000000000116,8000.0,0.3349030017852783,4.296875,,0.0,0.0,0.0,-0.1618750000000002,-0.11624999999999375,0.0,0.0,0.0,0.0,0.2781250000000002,0.0,0.2781250000000002,0.2781250000000002,8000.0
13925,rdd_west_merged_8000_2,S2A_MSIL2A_20230630T110621_R137_T30TUM_20230630T203024,1000,,0.0,0.0,0.0,0.0,96.875,0.0,0.0,0.0,0.0,3.125,0.0,64,0,0.0,8000.000000000116,8000.0,0.3544280529022217,3.125,,0.0,0.0,0.0,-4.068125,4.961875000000006,0.0,0.0,0.0,0.0,-0.8937499999999998,0.0,-0.8937499999999998,4.961875000000006,8000.0
13890,rdd_west_merged_8000_2,S2B_MSIL2A_20230605T110619_R137_T30TUM_20230605T163049,20,,0.0,0.023125,11.199375,12.969375,58.7375,0.0,0.51,8.2475,8.313125,0.0,0.0,160000,0,0.0,8000.000000000116,8000.0,0.394533634185791,16.560625,,0.0,0.0,0.0,0.0,0.0,0.0,0.0,0.0,0.0,0.0,0.0,0.0,0.0,8000.0
13896,rdd_west_merged_8000_2,S2B_MSIL2A_20230605T110619_R137_T30TUM_20230605T163049,50,,0.0,0.01953125,11.26171875,13.0859375,58.5546875,0.0,0.484375,8.27734375,8.31640625,0.0,0.0,25600,0,0.0,8000.000000000116,8000.0,0.35680317878723145,16.59375,,0.0,-0.0035937499999999997,0.06234375000000014,0.11656250000000057,-0.18281249999999716,0.0,-0.02562500000000001,0.029843749999999503,0.0032812500000005684,0.0,0.0,0.033124999999998295,0.18281249999999716,8000.0
13902,rdd_west_merged_8000_2,S2B_MSIL2A_20230605T110619_R137_T30TUM_20230605T163049,100,,0.0,0.0,11.34375,12.71875,58.71875,0.0,0.5625,8.28125,8.375,0.0,0.0,6400,0,0.0,8000.000000000116,8000.0,0.3639357089996338,16.65625,,0.0,-0.023125,0.14437500000000014,-0.25062499999999943,-0.018749999999997158,0.0,0.05249999999999999,0.0337499999999995,0.06187500000000057,0.0,0.0,0.0956249999999983,0.25062499999999943,8000.0
13908,rdd_west_merged_8000_2,S2B_MSIL2A_20230605T110619_R137_T30TUM_20230605T163049,200,,0.0,0.0625,11.3125,13.3125,58.0625,0.0,0.4375,8.6875,8.125,0.0,0.0,1600,0,0.0,8000.000000000116,8000.0,0.6236050128936768,16.8125,,0.0,0.039375,0.11312500000000014,0.34312500000000057,-0.6749999999999972,0.0,-0.07250000000000001,0.4399999999999995,-0.18812499999999943,0.0,0.0,0.2518749999999983,0.6749999999999972,8000.0
13914,rdd_west_merged_8000_2,S2B_MSIL2A_20230605T110619_R137_T30TUM_20230605T163049,500,,0.0,0.0,12.109375,12.5,58.984375,0.0,0.390625,7.421875,8.59375,0.0,0.0,256,0,0.0,8000.000000000116,8000.0,0.3349030017852783,16.015625,,0.0,-0.023125,0.9100000000000001,-0.46937499999999943,0.24687500000000284,0.0,-0.11937500000000001,-0.8256250000000005,0.28062500000000057,0.0,0.0,-0.5450000000000017,0.9100000000000001,8000.0
13920,rdd_west_merged_8000_2,S2B_MSIL2A_20230605T110619_R137_T30TUM_20230605T163049,1000,,0.0,0.0,7.8125,9.375,64.0625,0.0,0.0,7.8125,10.9375,0.0,0.0,64,0,0.0,8000.000000000116,8000.0,0.3544280529022217,18.75,,0.0,-0.023125,-3.386875,-3.5943749999999994,5.325000000000003,0.0,-0.51,-0.4350000000000005,2.6243750000000006,0.0,0.0,2.1893749999999983,5.325000000000003,8000.0
13892,rdd_west_merged_8000_2,S2B_MSIL2A_20230615T110629_R137_T30TUM_20230615T205813,20,,0.0,0.091875,6.42875,7.61625,80.619375,0.0,0.49875,3.186875,1.525625,0.0325,0.0,160000,0,0.0,8000.000000000116,8000.0,0.394533634185791,4.745,,0.0,0.0,0.0,0.0,0.0,0.0,0.0,0.0,0.0,0.0,0.0,0.0,0.0,8000.0
13898,rdd_west_merged_8000_2,S2B_MSIL2A_20230615T110629_R137_T30TUM_20230615T205813,50,,0.0,0.0859375,6.39453125,7.71484375,80.48828125,0.0,0.51171875,3.1875,1.59375,0.0234375,0.0,25600,0,0.0,8000.000000000116,8000.0,0.35680317878723145,4.8046875,,0.0,-0.005937499999999998,-0.034218749999999964,0.09859375000000004,-0.13109375000000512,0.0,0.012968749999999973,0.0006249999999998757,0.06812499999999999,-0.009062500000000001,0.0,0.05968749999999989,0.13109375000000512,8000.0
13904,rdd_west_merged_8000_2,S2B_MSIL2A_20230615T110629_R137_T30TUM_20230615T205813,100,,0.0,0.109375,6.421875,7.71875,80.4375,0.0,0.453125,3.09375,1.75,0.015625,0.0,6400,0,0.0,8000.000000000116,8000.0,0.3639357089996338,4.859375,,0.0,0.0175,-0.0068749999999999645,0.10250000000000004,-0.18187500000000512,0.0,-0.04562500000000003,-0.09312500000000012,0.224375,-0.016875,0.0,0.1143749999999999,0.18187500000000512,8000.0
13910,rdd_west_merged_8000_2,S2B_MSIL2A_20230615T110629_R137_T30TUM_20230615T205813,200,,0.0,0.0625,6.5625,7.5,80.0,0.0,0.6875,3.5,1.5,0.1875,0.0,1600,0,0.0,8000.000000000116,8000.0,0.6236050128936768,5.1875,,0.0,-0.029375,0.13375000000000004,-0.11624999999999996,-0.6193750000000051,0.0,0.18874999999999997,0.3131249999999999,-0.02562500000000001,0.155,0.0,0.4424999999999999,0.6193750000000051,8000.0
13916,rdd_west_merged_8000_2,S2B_MSIL2A_20230615T110629_R137_T30TUM_20230615T205813,500,,0.0,0.0,5.46875,7.421875,82.8125,0.0,0.390625,2.34375,1.5625,0.0,0.0,256,0,0.0,8000.000000000116,8000.0,0.3349030017852783,3.90625,,0.0,-0.091875,-0.96,-0.19437499999999996,2.193124999999995,0.0,-0.10812500000000003,-0.8431250000000001,0.03687499999999999,-0.0325,0.0,-0.8387500000000001,2.193124999999995,8000.0
13922,rdd_west_merged_8000_2,S2B_MSIL2A_20230615T110629_R137_T30TUM_20230615T205813,1000,,0.0,0.0,6.25,4.6875,81.25,0.0,3.125,4.6875,0.0,0.0,0.0,64,0,0.0,8000.000000000116,8000.0,0.3544280529022217,4.6875,,0.0,-0.091875,-0.17874999999999996,-2.92875,0.6306249999999949,0.0,2.6262499999999998,1.5006249999999999,-1.525625,-0.0325,0.0,-0.05750000000000011,2.92875,8000.0
13894,rdd_west_merged_8000_2,S2B_MSIL2A_20230625T110619_R137_T30TUM_20230625T164707,20,,0.0,0.006875,3.20625,4.848125,91.008125,0.0,0.045625,0.63625,0.18625,0.0625,0.0,160000,0,0.0,8000.000000000116,8000.0,0.394533634185791,0.885,,0.0,0.0,0.0,0.0,0.0,0.0,0.0,0.0,0.0,0.0,0.0,0.0,0.0,8000.0
13900,rdd_west_merged_8000_2,S2B_MSIL2A_20230625T110619_R137_T30TUM_20230625T164707,50,,0.0,0.0078125,3.203125,4.828125,91.015625,0.0,0.0390625,0.6484375,0.19140625,0.06640625,0.0,25600,0,0.0,8000.000000000116,8000.0,0.35680317878723145,0.90625,,0.0,0.0009375,-0.0031249999999998224,-0.019999999999999574,0.007499999999993179,0.0,-0.006562499999999999,0.012187500000000018,0.005156250000000001,0.00390625,0.0,0.02124999999999999,0.02124999999999999,8000.0
13906,rdd_west_merged_8000_2,S2B_MSIL2A_20230625T110619_R137_T30TUM_20230625T164707,100,,0.0,0.0,3.15625,4.96875,90.84375,0.0,0.03125,0.734375,0.234375,0.03125,0.0,6400,0,0.0,8000.000000000116,8000.0,0.3639357089996338,1.0,,0.0,-0.006875,-0.04999999999999982,0.12062500000000043,-0.16437500000000682,0.0,-0.014374999999999999,0.09812500000000002,0.048125,-0.03125,0.0,0.11499999999999999,0.16437500000000682,8000.0
13912,rdd_west_merged_8000_2,S2B_MSIL2A_20230625T110619_R137_T30TUM_20230625T164707,200,,0.0,0.0625,3.4375,4.5625,90.875,0.0,0.0625,0.625,0.3125,0.0625,0.0,1600,0,0.0,8000.000000000116,8000.0,0.6236050128936768,1.0,,0.0,0.055625,0.23125000000000018,-0.2856249999999996,-0.13312500000000682,0.0,0.016875,-0.011249999999999982,0.12625,0.0,0.0,0.11499999999999999,0.2856249999999996,8000.0
13918,rdd_west_merged_8000_2,S2B_MSIL2A_20230625T110619_R137_T30TUM_20230625T164707,500,,0.0,0.0,2.34375,5.078125,91.015625,0.0,0.390625,0.390625,0.390625,0.390625,0.0,256,0,0.0,8000.000000000116,8000.0,0.3349030017852783,1.171875,,0.0,-0.006875,-0.8624999999999998,0.23000000000000043,0.007499999999993179,0.0,0.345,-0.24562499999999998,0.204375,0.328125,0.0,0.286875,0.8624999999999998,8000.0
13924,rdd_west_merged_8000_2,S2B_MSIL2A_20230625T110619_R137_T30TUM_20230625T164707,1000,,0.0,0.0,3.125,3.125,92.1875,0.0,0.0,1.5625,0.0,0.0,0.0,64,0,0.0,8000.000000000116,8000.0,0.3544280529022217,1.5625,,0.0,-0.006875,-0.08124999999999982,-1.7231249999999996,1.1793749999999932,0.0,-0.045625,0.92625,-0.18625,-0.0625,0.0,0.6775,1.7231249999999996,8000.0
13927,rdd_west_merged_8000_3,S2A_MSIL2A_20230610T110621_R137_T30TUM_20230610T202756,20,,0.0,0.0,0.0,0.0,0.0,0.0,0.0,7.188125,92.734375,0.0775,0.0,160000,0,0.0,8000.0,8000.0,0.3991110324859619,100.0,,0.0,0.0,0.0,0.0,0.0,0.0,0.0,0.0,0.0,0.0,0.0,0.0,0.0,8000.0
13933,rdd_west_merged_8000_3,S2A_MSIL2A_20230610T110621_R137_T30TUM_20230610T202756,50,,0.0,0.0,0.0,0.0,0.0,0.0,0.0,7.34765625,92.57421875,0.078125,0.0,25600,0,0.0,8000.0,8000.0,0.36218762397766113,100.0,,0.0,0.0,0.0,0.0,0.0,0.0,0.0,0.15953124999999968,-0.16015625,0.0006250000000000006,0.0,0.0,0.0,8000.0
13939,rdd_west_merged_8000_3,S2A_MSIL2A_20230610T110621_R137_T30TUM_20230610T202756,100,,0.0,0.0,0.0,0.0,0.0,0.0,0.0,7.703125,92.171875,0.125,0.0,6400,0,0.0,8000.0,8000.0,0.5448713302612305,100.0,,0.0,0.0,0.0,0.0,0.0,0.0,0.0,0.5149999999999997,-0.5625,0.0475,0.0,0.0,0.0,8000.0
13945,rdd_west_merged_8000_3,S2A_MSIL2A_20230610T110621_R137_T30TUM_20230610T202756,200,,0.0,0.0,0.0,0.0,0.0,0.0,0.0,6.4375,93.375,0.1875,0.0,1600,0,0.0,8000.0,8000.0,0.41648268699645996,100.0,,0.0,0.0,0.0,0.0,0.0,0.0,0.0,-0.7506250000000003,0.640625,0.11,0.0,0.0,0.0,8000.0
13951,rdd_west_merged_8000_3,S2A_MSIL2A_20230610T110621_R137_T30TUM_20230610T202756,500,,0.0,0.0,0.0,0.0,0.0,0.0,0.0,5.078125,94.921875,0.0,0.0,256,0,0.0,8000.0,8000.0,0.5105750560760498,100.0,,0.0,0.0,0.0,0.0,0.0,0.0,0.0,-2.1100000000000003,2.1875,-0.0775,0.0,0.0,0.0,8000.0
13957,rdd_west_merged_8000_3,S2A_MSIL2A_20230610T110621_R137_T30TUM_20230610T202756,1000,,0.0,0.0,0.0,0.0,0.0,0.0,0.0,9.375,90.625,0.0,0.0,64,0,0.0,8000.0,8000.0,0.37455058097839355,100.0,,0.0,0.0,0.0,0.0,0.0,0.0,0.0,2.1868749999999997,-2.109375,-0.0775,0.0,0.0,0.0,8000.0
13929,rdd_west_merged_8000_3,S2A_MSIL2A_20230620T110621_R137_T30TUM_20230620T202552,20,,0.0,0.0,0.0,0.0,0.0,0.0,0.0,0.0,100.0,0.0,0.0,160000,0,0.0,8000.0,8000.0,0.3991110324859619,100.0,,0.0,0.0,0.0,0.0,0.0,0.0,0.0,0.0,0.0,0.0,0.0,0.0,0.0,8000.0
13935,rdd_west_merged_8000_3,S2A_MSIL2A_20230620T110621_R137_T30TUM_20230620T202552,50,,0.0,0.0,0.0,0.0,0.0,0.0,0.0,0.0,100.0,0.0,0.0,25600,0,0.0,8000.0,8000.0,0.36218762397766113,100.0,,0.0,0.0,0.0,0.0,0.0,0.0,0.0,0.0,0.0,0.0,0.0,0.0,0.0,8000.0
13941,rdd_west_merged_8000_3,S2A_MSIL2A_20230620T110621_R137_T30TUM_20230620T202552,100,,0.0,0.0,0.0,0.0,0.0,0.0,0.0,0.0,100.0,0.0,0.0,6400,0,0.0,8000.0,8000.0,0.5448713302612305,100.0,,0.0,0.0,0.0,0.0,0.0,0.0,0.0,0.0,0.0,0.0,0.0,0.0,0.0,8000.0
13947,rdd_west_merged_8000_3,S2A_MSIL2A_20230620T110621_R137_T30TUM_20230620T202552,200,,0.0,0.0,0.0,0.0,0.0,0.0,0.0,0.0,100.0,0.0,0.0,1600,0,0.0,8000.0,8000.0,0.41648268699645996,100.0,,0.0,0.0,0.0,0.0,0.0,0.0,0.0,0.0,0.0,0.0,0.0,0.0,0.0,8000.0
13953,rdd_west_merged_8000_3,S2A_MSIL2A_20230620T110621_R137_T30TUM_20230620T202552,500,,0.0,0.0,0.0,0.0,0.0,0.0,0.0,0.0,100.0,0.0,0.0,256,0,0.0,8000.0,8000.0,0.5105750560760498,100.0,,0.0,0.0,0.0,0.0,0.0,0.0,0.0,0.0,0.0,0.0,0.0,0.0,0.0,8000.0
13959,rdd_west_merged_8000_3,S2A_MSIL2A_20230620T110621_R137_T30TUM_20230620T202552,1000,,0.0,0.0,0.0,0.0,0.0,0.0,0.0,0.0,100.0,0.0,0.0,64,0,0.0,8000.0,8000.0,0.37455058097839355,100.0,,0.0,0.0,0.0,0.0,0.0,0.0,0.0,0.0,0.0,0.0,0.0,0.0,0.0,8000.0
13931,rdd_west_merged_8000_3,S2A_MSIL2A_20230630T110621_R137_T30TUM_20230630T203024,20,,0.0,0.115625,0.0,14.95625,84.641875,0.085625,0.200625,0.0,0.0,0.0,0.0,160000,0,0.0,8000.0,8000.0,0.3991110324859619,0.0,,0.0,0.0,0.0,0.0,0.0,0.0,0.0,0.0,0.0,0.0,0.0,0.0,0.0,8000.0
13937,rdd_west_merged_8000_3,S2A_MSIL2A_20230630T110621_R137_T30TUM_20230630T203024,50,,0.0,0.12109375,0.0,14.65234375,84.953125,0.08984375,0.18359375,0.0,0.0,0.0,0.0,25600,0,0.0,8000.0,8000.0,0.36218762397766113,0.0,,0.0,0.0054687499999999944,0.0,-0.3039062500000007,0.31125000000000114,0.004218749999999993,-0.017031249999999998,0.0,0.0,0.0,0.0,0.0,0.31125000000000114,8000.0
13943,rdd_west_merged_8000_3,S2A_MSIL2A_20230630T110621_R137_T30TUM_20230630T203024,100,,0.0,0.109375,0.0,14.453125,85.15625,0.078125,0.203125,0.0,0.0,0.0,0.0,6400,0,0.0,8000.0,8000.0,0.5448713302612305,0.0,,0.0,-0.0062500000000000056,0.0,-0.5031250000000007,0.5143750000000011,-0.007500000000000007,0.0025000000000000022,0.0,0.0,0.0,0.0,0.0,0.5143750000000011,8000.0
13949,rdd_west_merged_8000_3,S2A_MSIL2A_20230630T110621_R137_T30TUM_20230630T203024,200,,0.0,0.125,0.0,15.1875,84.375,0.125,0.1875,0.0,0.0,0.0,0.0,1600,0,0.0,8000.0,8000.0,0.41648268699645996,0.0,,0.0,0.009374999999999994,0.0,0.2312499999999993,-0.26687499999999886,0.03937499999999999,-0.013124999999999998,0.0,0.0,0.0,0.0,0.0,0.26687499999999886,8000.0
13955,rdd_west_merged_8000_3,S2A_MSIL2A_20230630T110621_R137_T30TUM_20230630T203024,500,,0.0,0.390625,0.0,12.109375,87.109375,0.0,0.390625,0.0,0.0,0.0,0.0,256,0,0.0,8000.0,8000.0,0.5105750560760498,0.0,,0.0,0.275,0.0,-2.8468750000000007,2.467500000000001,-0.085625,0.19,0.0,0.0,0.0,0.0,0.0,2.8468750000000007,8000.0
13961,rdd_west_merged_8000_3,S2A_MSIL2A_20230630T110621_R137_T30TUM_20230630T203024,1000,,0.0,0.0,0.0,18.75,81.25,0.0,0.0,0.0,0.0,0.0,0.0,64,0,0.0,8000.0,8000.0,0.37455058097839355,0.0,,0.0,-0.115625,0.0,3.7937499999999993,-3.391874999999999,-0.085625,-0.200625,0.0,0.0,0.0,0.0,0.0,3.7937499999999993,8000.0
13926,rdd_west_merged_8000_3,S2B_MSIL2A_20230605T110619_R137_T30TUM_20230605T163049,20,,0.0,0.101875,4.0475,17.66,59.74375,0.291875,0.181875,5.47,12.486875,0.01625,0.0,160000,0,0.0,8000.0,8000.0,0.3991110324859619,17.973125,,0.0,0.0,0.0,0.0,0.0,0.0,0.0,0.0,0.0,0.0,0.0,0.0,0.0,8000.0
13932,rdd_west_merged_8000_3,S2B_MSIL2A_20230605T110619_R137_T30TUM_20230605T163049,50,,0.0,0.10546875,4.0078125,17.62109375,59.84375,0.296875,0.1640625,5.48828125,12.4609375,0.01171875,0.0,25600,0,0.0,8000.0,8000.0,0.36218762397766113,17.9609375,,0.0,0.0035937500000000067,-0.03968750000000032,-0.03890625000000014,0.10000000000000142,0.0050000000000000044,-0.01781250000000001,0.01828125000000025,-0.025937499999999503,-0.0045312500000000006,0.0,-0.012187499999999574,0.10000000000000142,8000.0
13938,rdd_west_merged_8000_3,S2B_MSIL2A_20230605T110619_R137_T30TUM_20230605T163049,100,,0.0,0.125,4.015625,17.71875,60.03125,0.265625,0.15625,5.359375,12.296875,0.03125,0.0,6400,0,0.0,8000.0,8000.0,0.5448713302612305,17.6875,,0.0,0.023125000000000007,-0.03187500000000032,0.05874999999999986,0.2875000000000014,-0.026249999999999996,-0.02562500000000001,-0.11062499999999975,-0.1899999999999995,0.015,0.0,-0.2856249999999996,0.2875000000000014,8000.0
13944,rdd_west_merged_8000_3,S2B_MSIL2A_20230605T110619_R137_T30TUM_20230605T163049,200,,0.0,0.125,3.9375,18.1875,60.125,0.375,0.1875,5.8125,11.1875,0.0625,0.0,1600,0,0.0,8000.0,8000.0,0.41648268699645996,17.0625,,0.0,0.023125000000000007,-0.11000000000000032,0.5274999999999999,0.3812500000000014,0.083125,0.005624999999999991,0.34250000000000025,-1.2993749999999995,0.04625,0.0,-0.9106249999999996,0.9106249999999996,8000.0
13950,rdd_west_merged_8000_3,S2B_MSIL2A_20230605T110619_R137_T30TUM_20230605T163049,500,,0.0,0.0,3.90625,18.359375,58.984375,0.390625,0.390625,3.90625,14.0625,0.0,0.0,256,0,0.0,8000.0,8000.0,0.5105750560760498,17.96875,,0.0,-0.101875,-0.14125000000000032,0.6993749999999999,-0.7593749999999986,0.09875,0.20875,-1.5637499999999998,1.5756250000000005,-0.01625,0.0,-0.004374999999999574,0.7593749999999986,8000.0
13956,rdd_west_merged_8000_3,S2B_MSIL2A_20230605T110619_R137_T30TUM_20230605T163049,1000,,0.0,0.0,3.125,21.875,54.6875,0.0,0.0,7.8125,12.5,0.0,0.0,64,0,0.0,8000.0,8000.0,0.37455058097839355,20.3125,,0.0,-0.101875,-0.9225000000000003,4.215,-5.056249999999999,-0.291875,-0.181875,2.3425000000000002,0.013125000000000497,-0.01625,0.0,2.3393750000000004,5.056249999999999,8000.0
13928,rdd_west_merged_8000_3,S2B_MSIL2A_20230615T110629_R137_T30TUM_20230615T205813,20,,0.0,0.20375,2.833125,18.048125,76.598125,0.2225,0.5475,1.144375,0.3625,0.04,0.0,160000,0,0.0,8000.0,8000.0,0.3991110324859619,1.546875,,0.0,0.0,0.0,0.0,0.0,0.0,0.0,0.0,0.0,0.0,0.0,0.0,0.0,8000.0
13934,rdd_west_merged_8000_3,S2B_MSIL2A_20230615T110629_R137_T30TUM_20230615T205813,50,,0.0,0.19921875,2.8203125,17.8203125,76.859375,0.22265625,0.5390625,1.1171875,0.37109375,0.05078125,0.0,25600,0,0.0,8000.0,8000.0,0.36218762397766113,1.5390625,,0.0,-0.004531249999999987,-0.012812499999999893,-0.22781249999999886,0.261250000000004,0.00015624999999999667,-0.008437499999999987,-0.02718749999999992,0.008593750000000011,0.01078125,0.0,-0.0078125,0.261250000000004,8000.0
13940,rdd_west_merged_8000_3,S2B_MSIL2A_20230615T110629_R137_T30TUM_20230615T205813,100,,0.0,0.21875,2.78125,17.625,76.984375,0.1875,0.59375,1.171875,0.375,0.0625,0.0,6400,0,0.0,8000.0,8000.0,0.5448713302612305,1.609375,,0.0,0.015000000000000013,-0.05187499999999989,-0.42312499999999886,0.386250000000004,-0.035,0.04625000000000001,0.02750000000000008,0.012500000000000011,0.0225,0.0,0.0625,0.42312499999999886,8000.0
13946,rdd_west_merged_8000_3,S2B_MSIL2A_20230615T110629_R137_T30TUM_20230615T205813,200,,0.0,0.1875,3.0,17.625,76.75,0.3125,0.5,1.3125,0.3125,0.0,0.0,1600,0,0.0,8000.0,8000.0,0.41648268699645996,1.625,,0.0,-0.016249999999999987,0.1668750000000001,-0.42312499999999886,0.15187500000000398,0.09,-0.04749999999999999,0.16812500000000008,-0.04999999999999999,-0.04,0.0,0.078125,0.42312499999999886,8000.0
13952,rdd_west_merged_8000_3,S2B_MSIL2A_20230615T110629_R137_T30TUM_20230615T205813,500,,0.0,0.390625,2.734375,15.625,78.515625,0.0,0.78125,0.78125,0.78125,0.390625,0.0,256,0,0.0,8000.0,8000.0,0.5105750560760498,1.953125,,0.0,0.186875,-0.0987499999999999,-2.423124999999999,1.917500000000004,-0.2225,0.23375,-0.3631249999999999,0.41875,0.350625,0.0,0.40625,2.423124999999999,8000.0
13958,rdd_west_merged_8000_3,S2B_MSIL2A_20230615T110629_R137_T30TUM_20230615T205813,1000,,0.0,0.0,0.0,23.4375,71.875,0.0,0.0,4.6875,0.0,0.0,0.0,64,0,0.0,8000.0,8000.0,0.37455058097839355,4.6875,,0.0,-0.20375,-2.833125,5.389375000000001,-4.723124999999996,-0.2225,-0.5475,3.543125,-0.3625,-0.04,0.0,3.140625,5.389375000000001,8000.0
13930,rdd_west_merged_8000_3,S2B_MSIL2A_20230625T110619_R137_T30TUM_20230625T164707,20,,0.0,0.175,8.81875,10.7225,67.70125,0.068125,0.3575,5.2375,6.81875,0.100625,0.0,160000,0,0.0,8000.0,8000.0,0.3991110324859619,12.156875,,0.0,0.0,0.0,0.0,0.0,0.0,0.0,0.0,0.0,0.0,0.0,0.0,0.0,8000.0
13936,rdd_west_merged_8000_3,S2B_MSIL2A_20230625T110619_R137_T30TUM_20230625T164707,50,,0.0,0.18359375,8.8203125,10.5,67.8515625,0.06640625,0.37109375,5.26171875,6.8515625,0.09375,0.0,25600,0,0.0,8000.0,8000.0,0.36218762397766113,12.20703125,,0.0,0.008593750000000011,0.0015625000000003553,-0.22250000000000014,0.1503124999999983,-0.001718750000000005,0.013593750000000016,0.024218750000000178,0.032812500000000355,-0.006875000000000006,0.0,0.05015625000000057,0.22250000000000014,8000.0
13942,rdd_west_merged_8000_3,S2B_MSIL2A_20230625T110619_R137_T30TUM_20230625T164707,100,,0.0,0.1875,8.671875,10.515625,67.796875,0.09375,0.328125,5.3125,7.0,0.09375,0.0,6400,0,0.0,8000.0,8000.0,0.5448713302612305,12.40625,,0.0,0.012500000000000011,-0.14687499999999964,-0.20687500000000014,0.0956249999999983,0.025624999999999995,-0.029374999999999984,0.07500000000000018,0.18125000000000036,-0.006875000000000006,0.0,0.24937500000000057,0.24937500000000057,8000.0
13948,rdd_west_merged_8000_3,S2B_MSIL2A_20230625T110619_R137_T30TUM_20230625T164707,200,,0.0,0.1875,8.625,11.1875,66.75,0.1875,0.3125,6.0,6.625,0.125,0.0,1600,0,0.0,8000.0,8000.0,0.41648268699645996,12.75,,0.0,0.012500000000000011,-0.19374999999999964,0.46499999999999986,-0.9512500000000017,0.119375,-0.044999999999999984,0.7625000000000002,-0.19374999999999964,0.024374999999999994,0.0,0.5931250000000006,0.9512500000000017,8000.0
13954,rdd_west_merged_8000_3,S2B_MSIL2A_20230625T110619_R137_T30TUM_20230625T164707,500,,0.0,0.390625,8.984375,9.765625,66.015625,0.0,0.390625,8.59375,5.859375,0.0,0.0,256,0,0.0,8000.0,8000.0,0.5105750560760498,14.453125,,0.0,0.215625,0.16562500000000036,-0.9568750000000001,-1.6856250000000017,-0.068125,0.033125000000000016,3.35625,-0.9593749999999996,-0.100625,0.0,2.2962500000000006,2.2962500000000006,8000.0
13960,rdd_west_merged_8000_3,S2B_MSIL2A_20230625T110619_R137_T30TUM_20230625T164707,1000,,0.0,0.0,7.8125,10.9375,70.3125,0.0,0.0,4.6875,4.6875,1.5625,0.0,64,0,0.0,8000.0,8000.0,0.37455058097839355,10.9375,,0.0,-0.175,-1.0062499999999996,0.21499999999999986,2.6112499999999983,-0.068125,-0.3575,-0.5499999999999998,-2.1312499999999996,1.461875,0.0,-1.2193749999999994,2.6112499999999983,8000.0
13963,rdd_west_merged_8000_4,S2A_MSIL2A_20230610T110621_R137_T30TUM_20230610T202756,20,,0.0,0.0,0.0,0.0,0.0125,0.0,0.0,9.52375,90.290625,0.173125,0.0,160000,0,0.0,8000.0,8000.000000000931,0.3545715808868408,99.98750000000001,,0.0,0.0,0.0,0.0,0.0,0.0,0.0,0.0,0.0,0.0,0.0,0.0,0.0,8000.0
13969,rdd_west_merged_8000_4,S2A_MSIL2A_20230610T110621_R137_T30TUM_20230610T202756,50,,0.0,0.0,0.0,0.0,0.015625,0.0,0.0,9.43359375,90.3671875,0.18359375,0.0,25600,0,0.0,8000.0,8000.000000000931,0.32626819610595703,99.984375,,0.0,0.0,0.0,0.0,0.0031249999999999993,0.0,0.0,-0.09015624999999972,0.07656249999999432,0.010468749999999999,0.0,-0.0031250000000113687,0.0031250000000113687,8000.0
13975,rdd_west_merged_8000_4,S2A_MSIL2A_20230610T110621_R137_T30TUM_20230610T202756,100,,0.0,0.0,0.0,0.0,0.046875,0.0,0.0,9.359375,90.484375,0.109375,0.0,6400,0,0.0,8000.0,8000.000000000931,0.3229837417602539,99.953125,,0.0,0.0,0.0,0.0,0.034375,0.0,0.0,-0.16437499999999972,0.19374999999999432,-0.06375,0.0,-0.03437500000001137,0.03437500000001137,8000.0
13981,rdd_west_merged_8000_4,S2A_MSIL2A_20230610T110621_R137_T30TUM_20230610T202756,200,,0.0,0.0,0.0,0.0,0.0,0.0,0.0,9.125,90.625,0.25,0.0,1600,0,0.0,8000.0,8000.000000000931,0.3359522819519043,100.0,,0.0,0.0,0.0,0.0,-0.0125,0.0,0.0,-0.3987499999999997,0.3343749999999943,0.076875,0.0,0.012499999999988631,0.0125,8000.0
13987,rdd_west_merged_8000_4,S2A_MSIL2A_20230610T110621_R137_T30TUM_20230610T202756,500,,0.0,0.0,0.0,0.0,0.0,0.0,0.0,8.59375,91.40625,0.0,0.0,256,0,0.0,8000.0,8000.000000000931,0.3569929599761963,100.0,,0.0,0.0,0.0,0.0,-0.0125,0.0,0.0,-0.9299999999999997,1.1156249999999943,-0.173125,0.0,0.012499999999988631,0.0125,8000.0
13993,rdd_west_merged_8000_4,S2A_MSIL2A_20230610T110621_R137_T30TUM_20230610T202756,1000,,0.0,0.0,0.0,0.0,0.0,0.0,0.0,10.9375,89.0625,0.0,0.0,64,0,0.0,8000.0,8000.000000000931,0.40616393089294434,100.0,,0.0,0.0,0.0,0.0,-0.0125,0.0,0.0,1.4137500000000003,-1.2281250000000057,-0.173125,0.0,0.012499999999988631,0.0125,8000.0
13965,rdd_west_merged_8000_4,S2A_MSIL2A_20230620T110621_R137_T30TUM_20230620T202552,20,,0.0,0.0,0.0,0.0,0.0,0.0,0.0,0.60625,99.39375,0.0,0.0,160000,0,0.0,8000.0,8000.000000000931,0.3545715808868408,100.0,,0.0,0.0,0.0,0.0,0.0,0.0,0.0,0.0,0.0,0.0,0.0,0.0,0.0,8000.0
13971,rdd_west_merged_8000_4,S2A_MSIL2A_20230620T110621_R137_T30TUM_20230620T202552,50,,0.0,0.0,0.0,0.0,0.0,0.0,0.0,0.61328125,99.38671875,0.0,0.0,25600,0,0.0,8000.0,8000.000000000931,0.32626819610595703,100.0,,0.0,0.0,0.0,0.0,0.0,0.0,0.0,0.007031250000000044,-0.007031249999997158,0.0,0.0,0.0,0.0,8000.0
13977,rdd_west_merged_8000_4,S2A_MSIL2A_20230620T110621_R137_T30TUM_20230620T202552,100,,0.0,0.0,0.0,0.0,0.0,0.0,0.0,0.65625,99.34375,0.0,0.0,6400,0,0.0,8000.0,8000.000000000931,0.3229837417602539,100.0,,0.0,0.0,0.0,0.0,0.0,0.0,0.0,0.050000000000000044,-0.04999999999999716,0.0,0.0,0.0,0.0,8000.0
13983,rdd_west_merged_8000_4,S2A_MSIL2A_20230620T110621_R137_T30TUM_20230620T202552,200,,0.0,0.0,0.0,0.0,0.0,0.0,0.0,0.75,99.25,0.0,0.0,1600,0,0.0,8000.0,8000.000000000931,0.3359522819519043,100.0,,0.0,0.0,0.0,0.0,0.0,0.0,0.0,0.14375000000000004,-0.14374999999999716,0.0,0.0,0.0,0.0,8000.0
13989,rdd_west_merged_8000_4,S2A_MSIL2A_20230620T110621_R137_T30TUM_20230620T202552,500,,0.0,0.0,0.0,0.0,0.0,0.0,0.0,0.390625,99.609375,0.0,0.0,256,0,0.0,8000.0,8000.000000000931,0.3569929599761963,100.0,,0.0,0.0,0.0,0.0,0.0,0.0,0.0,-0.21562499999999996,0.21562500000000284,0.0,0.0,0.0,0.0,8000.0
13995,rdd_west_merged_8000_4,S2A_MSIL2A_20230620T110621_R137_T30TUM_20230620T202552,1000,,0.0,0.0,0.0,0.0,0.0,0.0,0.0,1.5625,98.4375,0.0,0.0,64,0,0.0,8000.0,8000.000000000931,0.40616393089294434,100.0,,0.0,0.0,0.0,0.0,0.0,0.0,0.0,0.95625,-0.9562499999999972,0.0,0.0,0.0,0.0,8000.0
13967,rdd_west_merged_8000_4,S2A_MSIL2A_20230630T110621_R137_T30TUM_20230630T203024,20,,0.0,0.01375,0.0,4.6075,95.02,0.0,0.0,0.0,0.0,0.35875,0.0,160000,0,0.0,8000.0,8000.000000000931,0.3545715808868408,0.35875,,0.0,0.0,0.0,0.0,0.0,0.0,0.0,0.0,0.0,0.0,0.0,0.0,0.0,8000.0
13973,rdd_west_merged_8000_4,S2A_MSIL2A_20230630T110621_R137_T30TUM_20230630T203024,50,,0.0,0.015625,0.0,4.5546875,95.0625,0.0,0.0,0.0,0.0,0.3671875,0.0,25600,0,0.0,8000.0,8000.000000000931,0.32626819610595703,0.3671875,,0.0,0.001875,0.0,-0.05281249999999993,0.04250000000000398,0.0,0.0,0.0,0.0,0.008437499999999987,0.0,0.008437499999999987,0.05281249999999993,8000.0
13979,rdd_west_merged_8000_4,S2A_MSIL2A_20230630T110621_R137_T30TUM_20230630T203024,100,,0.0,0.015625,0.0,4.734375,94.890625,0.0,0.0,0.0,0.0,0.359375,0.0,6400,0,0.0,8000.0,8000.000000000931,0.3229837417602539,0.359375,,0.0,0.001875,0.0,0.12687500000000007,-0.12937499999999602,0.0,0.0,0.0,0.0,0.0006249999999999867,0.0,0.0006249999999999867,0.12937499999999602,8000.0
13985,rdd_west_merged_8000_4,S2A_MSIL2A_20230630T110621_R137_T30TUM_20230630T203024,200,,0.0,0.0,0.0,5.3125,94.4375,0.0,0.0,0.0,0.0,0.25,0.0,1600,0,0.0,8000.0,8000.000000000931,0.3359522819519043,0.25,,0.0,-0.01375,0.0,0.7050000000000001,-0.582499999999996,0.0,0.0,0.0,0.0,-0.10875000000000001,0.0,-0.10875000000000001,0.7050000000000001,8000.0
13991,rdd_west_merged_8000_4,S2A_MSIL2A_20230630T110621_R137_T30TUM_20230630T203024,500,,0.0,0.0,0.0,5.078125,94.53125,0.0,0.0,0.0,0.0,0.390625,0.0,256,0,0.0,8000.0,8000.000000000931,0.3569929599761963,0.390625,,0.0,-0.01375,0.0,0.47062500000000007,-0.488749999999996,0.0,0.0,0.0,0.0,0.03187499999999999,0.0,0.03187499999999999,0.488749999999996,8000.0
13997,rdd_west_merged_8000_4,S2A_MSIL2A_20230630T110621_R137_T30TUM_20230630T203024,1000,,0.0,0.0,0.0,3.125,96.875,0.0,0.0,0.0,0.0,0.0,0.0,64,0,0.0,8000.0,8000.000000000931,0.40616393089294434,0.0,,0.0,-0.01375,0.0,-1.4825,1.855000000000004,0.0,0.0,0.0,0.0,-0.35875,0.0,-0.35875,1.855000000000004,8000.0
13962,rdd_west_merged_8000_4,S2B_MSIL2A_20230605T110619_R137_T30TUM_20230605T163049,20,,0.0,0.008125,17.620625,2.77625,28.355,0.0,0.36625,13.539375,37.30625,0.028125,0.0,160000,0,0.0,8000.0,8000.000000000931,0.3545715808868408,50.87375,,0.0,0.0,0.0,0.0,0.0,0.0,0.0,0.0,0.0,0.0,0.0,0.0,0.0,8000.0
13968,rdd_west_merged_8000_4,S2B_MSIL2A_20230605T110619_R137_T30TUM_20230605T163049,50,,0.0,0.0,17.5859375,2.8125,28.39453125,0.0,0.375,13.54296875,37.25390625,0.03515625,0.0,25600,0,0.0,8000.0,8000.000000000931,0.32626819610595703,50.83203125,,0.0,-0.008125,-0.034687500000000426,0.03624999999999989,0.039531249999999574,0.0,0.00874999999999998,0.0035937500000002842,-0.05234374999999858,0.007031249999999999,0.0,-0.04171875000000114,0.04171875000000114,8000.0
13974,rdd_west_merged_8000_4,S2B_MSIL2A_20230605T110619_R137_T30TUM_20230605T163049,100,,0.0,0.0,17.265625,2.828125,28.640625,0.0,0.359375,13.65625,37.21875,0.03125,0.0,6400,0,0.0,8000.0,8000.000000000931,0.3229837417602539,50.90625,,0.0,-0.008125,-0.3550000000000004,0.05187499999999989,0.2856249999999996,0.0,-0.00687500000000002,0.11687500000000028,-0.08749999999999858,0.0031249999999999993,0.0,0.03249999999999886,0.3550000000000004,8000.0
13980,rdd_west_merged_8000_4,S2B_MSIL2A_20230605T110619_R137_T30TUM_20230605T163049,200,,0.0,0.0,17.1875,2.375,28.5625,0.0,0.375,13.75,37.6875,0.0625,0.0,1600,0,0.0,8000.0,8000.000000000931,0.3359522819519043,51.5,,0.0,-0.008125,-0.4331250000000004,-0.4012500000000001,0.20749999999999957,0.0,0.00874999999999998,0.21062500000000028,0.3812500000000014,0.034375,0.0,0.6262499999999989,0.6262499999999989,8000.0
13986,rdd_west_merged_8000_4,S2B_MSIL2A_20230605T110619_R137_T30TUM_20230605T163049,500,,0.0,0.0,15.625,1.5625,30.46875,0.0,0.0,16.015625,36.328125,0.0,0.0,256,0,0.0,8000.0,8000.000000000931,0.3569929599761963,52.34375,,0.0,-0.008125,-1.9956250000000004,-1.21375,2.1137499999999996,0.0,-0.36625,2.4762500000000003,-0.9781249999999986,-0.028125,0.0,1.4699999999999989,2.1137499999999996,8000.0
13992,rdd_west_merged_8000_4,S2B_MSIL2A_20230605T110619_R137_T30TUM_20230605T163049,1000,,0.0,0.0,18.75,3.125,26.5625,0.0,0.0,10.9375,40.625,0.0,0.0,64,0,0.0,8000.0,8000.000000000931,0.40616393089294434,51.5625,,0.0,-0.008125,1.1293749999999996,0.3487499999999999,-1.7925000000000004,0.0,-0.36625,-2.6018749999999997,3.3187500000000014,-0.028125,0.0,0.6887499999999989,1.7925000000000004,8000.0
13964,rdd_west_merged_8000_4,S2B_MSIL2A_20230615T110629_R137_T30TUM_20230615T205813,20,,0.0,0.143125,8.439375,5.766875,74.599375,0.0,0.646875,6.36625,3.9625,0.075625,0.0,160000,0,0.0,8000.0,8000.000000000931,0.3545715808868408,10.404375,,0.0,0.0,0.0,0.0,0.0,0.0,0.0,0.0,0.0,0.0,0.0,0.0,0.0,8000.0
13970,rdd_west_merged_8000_4,S2B_MSIL2A_20230615T110629_R137_T30TUM_20230615T205813,50,,0.0,0.140625,8.4453125,5.78125,74.53515625,0.0,0.65234375,6.34765625,4.02734375,0.0703125,0.0,25600,0,0.0,8000.0,8000.000000000931,0.32626819610595703,10.4453125,,0.0,-0.0025000000000000022,0.005937499999999929,0.014375000000000249,-0.06421874999999488,0.0,0.005468750000000022,-0.018593749999999964,0.06484375000000009,-0.005312499999999998,0.0,0.04093750000000007,0.06421874999999488,8000.0
13976,rdd_west_merged_8000_4,S2B_MSIL2A_20230615T110629_R137_T30TUM_20230615T205813,100,,0.0,0.140625,8.40625,5.828125,74.25,0.0,0.8125,6.5625,3.953125,0.046875,0.0,6400,0,0.0,8000.0,8000.000000000931,0.3229837417602539,10.5625,,0.0,-0.0025000000000000022,-0.03312500000000007,0.06125000000000025,-0.3493749999999949,0.0,0.16562500000000002,0.19625000000000004,-0.009374999999999911,-0.028749999999999998,0.0,0.15812500000000007,0.3493749999999949,8000.0
13982,rdd_west_merged_8000_4,S2B_MSIL2A_20230615T110629_R137_T30TUM_20230615T205813,200,,0.0,0.125,8.0625,5.75,75.1875,0.0,0.625,5.875,4.3125,0.0625,0.0,1600,0,0.0,8000.0,8000.000000000931,0.3359522819519043,10.25,,0.0,-0.018125000000000002,-0.37687500000000007,-0.01687499999999975,0.5881250000000051,0.0,-0.021874999999999978,-0.49124999999999996,0.3500000000000001,-0.013124999999999998,0.0,-0.15437499999999993,0.5881250000000051,8000.0
13988,rdd_west_merged_8000_4,S2B_MSIL2A_20230615T110629_R137_T30TUM_20230615T205813,500,,0.0,0.390625,7.03125,7.03125,75.390625,0.0,1.171875,5.859375,3.125,0.0,0.0,256,0,0.0,8000.0,8000.000000000931,0.3569929599761963,8.984375,,0.0,0.2475,-1.408125,1.2643750000000002,0.7912500000000051,0.0,0.525,-0.506875,-0.8374999999999999,-0.075625,0.0,-1.42,1.42,8000.0
13994,rdd_west_merged_8000_4,S2B_MSIL2A_20230615T110629_R137_T30TUM_20230615T205813,1000,,0.0,0.0,3.125,7.8125,75.0,0.0,1.5625,4.6875,7.8125,0.0,0.0,64,0,0.0,8000.0,8000.000000000931,0.40616393089294434,12.5,,0.0,-0.143125,-5.314375,2.0456250000000002,0.4006250000000051,0.0,0.915625,-1.67875,3.85,-0.075625,0.0,2.095625,5.314375,8000.0
13966,rdd_west_merged_8000_4,S2B_MSIL2A_20230625T110619_R137_T30TUM_20230625T164707,20,,0.0,0.001875,5.166875,3.700625,87.59,0.0,0.050625,2.375,1.09125,0.02375,0.0,160000,0,0.0,8000.0,8000.000000000931,0.3545715808868408,3.49,,0.0,0.0,0.0,0.0,0.0,0.0,0.0,0.0,0.0,0.0,0.0,0.0,0.0,8000.0
13972,rdd_west_merged_8000_4,S2B_MSIL2A_20230625T110619_R137_T30TUM_20230625T164707,50,,0.0,0.0,5.15234375,3.75,87.53125,0.0,0.0546875,2.41015625,1.08203125,0.01953125,0.0,25600,0,0.0,8000.0,8000.000000000931,0.32626819610595703,3.51171875,,0.0,-0.001875,-0.014531250000000107,0.04937499999999995,-0.05875000000000341,0.0,0.004062499999999997,0.03515625,-0.009218750000000053,-0.00421875,0.0,0.021718749999999787,0.05875000000000341,8000.0
13978,rdd_west_merged_8000_4,S2B_MSIL2A_20230625T110619_R137_T30TUM_20230625T164707,100,,0.0,0.0,5.3125,3.875,87.25,0.0,0.03125,2.46875,1.03125,0.03125,0.0,6400,0,0.0,8000.0,8000.000000000931,0.3229837417602539,3.53125,,0.0,-0.001875,0.1456249999999999,0.17437499999999995,-0.3400000000000034,0.0,-0.019375000000000003,0.09375,-0.06000000000000005,0.0075,0.0,0.04124999999999979,0.3400000000000034,8000.0
13984,rdd_west_merged_8000_4,S2B_MSIL2A_20230625T110619_R137_T30TUM_20230625T164707,200,,0.0,0.0,5.1875,4.1875,87.3125,0.0,0.125,2.4375,0.75,0.0,0.0,1600,0,0.0,8000.0,8000.000000000931,0.3359522819519043,3.1875,,0.0,-0.001875,0.020624999999999893,0.48687499999999995,-0.2775000000000034,0.0,0.074375,0.0625,-0.34125000000000005,-0.02375,0.0,-0.3025000000000002,0.48687499999999995,8000.0
13990,rdd_west_merged_8000_4,S2B_MSIL2A_20230625T110619_R137_T30TUM_20230625T164707,500,,0.0,0.0,4.296875,4.6875,88.28125,0.0,0.0,1.953125,0.78125,0.0,0.0,256,0,0.0,8000.0,8000.000000000931,0.3569929599761963,2.734375,,0.0,-0.001875,-0.8700000000000001,0.986875,0.6912499999999966,0.0,-0.050625,-0.421875,-0.31000000000000005,-0.02375,0.0,-0.7556250000000002,0.986875,8000.0
13996,rdd_west_merged_8000_4,S2B_MSIL2A_20230625T110619_R137_T30TUM_20230625T164707,1000,,0.0,0.0,3.125,3.125,92.1875,0.0,0.0,1.5625,0.0,0.0,0.0,64,0,0.0,8000.0,8000.000000000931,0.40616393089294434,1.5625,,0.0,-0.001875,-2.041875,-0.575625,4.597499999999997,0.0,-0.050625,-0.8125,-1.09125,-0.02375,0.0,-1.9275000000000002,4.597499999999997,8000.0
13999,rdd_west_merged_8000_5,S2A_MSIL2A_20230610T110621_R137_T30TUM_20230610T202756,20,,0.0,0.0,0.0425,0.006875,0.088125,0.0,0.656875,10.735,88.423125,0.0475,0.0,160000,0,0.0,8000.000000000058,8000.0,0.3448503017425537,99.205625,,0.0,0.0,0.0,0.0,0.0,0.0,0.0,0.0,0.0,0.0,0.0,0.0,0.0,8000.0
14005,rdd_west_merged_8000_5,S2A_MSIL2A_20230610T110621_R137_T30TUM_20230610T202756,50,,0.0,0.0,0.0390625,0.0078125,0.0859375,0.0,0.6484375,10.7265625,88.44140625,0.05078125,0.0,25600,0,0.0,8000.000000000058,8000.0,0.3501129150390625,99.21875,,0.0,0.0,-0.003437500000000003,0.0009375,-0.002187499999999995,0.0,-0.008437499999999987,-0.008437499999999432,0.018281250000001137,0.0032812499999999994,0.0,0.013125000000002274,0.013125000000002274,8000.0
14011,rdd_west_merged_8000_5,S2A_MSIL2A_20230610T110621_R137_T30TUM_20230610T202756,100,,0.0,0.0,0.046875,0.0,0.109375,0.0,0.59375,10.234375,89.0,0.015625,0.0,6400,0,0.0,8000.000000000058,8000.0,0.4075636863708496,99.25,,0.0,0.0,0.004374999999999997,-0.006875,0.021250000000000005,0.0,-0.06312499999999999,-0.5006249999999994,0.5768750000000011,-0.031875,0.0,0.044375000000002274,0.06312499999999999,8000.0
14017,rdd_west_merged_8000_5,S2A_MSIL2A_20230610T110621_R137_T30TUM_20230610T202756,200,,0.0,0.0,0.0625,0.0,0.0,0.0,0.625,9.0,90.25,0.0625,0.0,1600,0,0.0,8000.000000000058,8000.0,0.3524794578552246,99.3125,,0.0,0.0,0.019999999999999997,-0.006875,-0.088125,0.0,-0.03187499999999999,-1.7349999999999994,1.8268750000000011,0.015,0.0,0.10687500000000227,0.10687500000000227,8000.0
14023,rdd_west_merged_8000_5,S2A_MSIL2A_20230610T110621_R137_T30TUM_20230610T202756,500,,0.0,0.0,0.0,0.0,0.0,0.0,0.78125,7.8125,91.40625,0.0,0.0,256,0,0.0,8000.000000000058,8000.0,0.3592069149017334,99.21875,,0.0,0.0,-0.0425,-0.006875,-0.088125,0.0,0.12437500000000001,-2.9224999999999994,2.983125000000001,-0.0475,0.0,0.013125000000002274,0.12437500000000001,8000.0
14029,rdd_west_merged_8000_5,S2A_MSIL2A_20230610T110621_R137_T30TUM_20230610T202756,1000,,0.0,0.0,0.0,0.0,0.0,0.0,0.0,6.25,93.75,0.0,0.0,64,0,0.0,8000.000000000058,8000.0,0.3542666435241699,100.0,,0.0,0.0,-0.0425,-0.006875,-0.088125,0.0,-0.656875,-4.484999999999999,5.326875000000001,-0.0475,0.0,0.7943750000000023,0.7943750000000023,8000.0
14001,rdd_west_merged_8000_5,S2A_MSIL2A_20230620T110621_R137_T30TUM_20230620T202552,20,,0.0,0.0,0.0,0.0,0.0,0.0,0.0,0.02,99.98,0.0,0.0,160000,0,0.0,8000.000000000058,8000.0,0.3448503017425537,100.0,,0.0,0.0,0.0,0.0,0.0,0.0,0.0,0.0,0.0,0.0,0.0,0.0,0.0,8000.0
14007,rdd_west_merged_8000_5,S2A_MSIL2A_20230620T110621_R137_T30TUM_20230620T202552,50,,0.0,0.0,0.0,0.0,0.0,0.0,0.0,0.01953125,99.98046875,0.0,0.0,25600,0,0.0,8000.000000000058,8000.0,0.3501129150390625,100.0,,0.0,0.0,0.0,0.0,0.0,0.0,0.0,-0.0004687500000000004,0.00046874999999602096,0.0,0.0,0.0,0.0,8000.0
14013,rdd_west_merged_8000_5,S2A_MSIL2A_20230620T110621_R137_T30TUM_20230620T202552,100,,0.0,0.0,0.0,0.0,0.0,0.0,0.0,0.015625,99.984375,0.0,0.0,6400,0,0.0,8000.000000000058,8000.0,0.4075636863708496,100.0,,0.0,0.0,0.0,0.0,0.0,0.0,0.0,-0.004375,0.004374999999996021,0.0,0.0,0.0,0.0,8000.0
14019,rdd_west_merged_8000_5,S2A_MSIL2A_20230620T110621_R137_T30TUM_20230620T202552,200,,0.0,0.0,0.0,0.0,0.0,0.0,0.0,0.0,100.0,0.0,0.0,1600,0,0.0,8000.000000000058,8000.0,0.3524794578552246,100.0,,0.0,0.0,0.0,0.0,0.0,0.0,0.0,-0.02,0.01999999999999602,0.0,0.0,0.0,0.0,8000.0
14025,rdd_west_merged_8000_5,S2A_MSIL2A_20230620T110621_R137_T30TUM_20230620T202552,500,,0.0,0.0,0.0,0.0,0.0,0.0,0.0,0.0,100.0,0.0,0.0,256,0,0.0,8000.000000000058,8000.0,0.3592069149017334,100.0,,0.0,0.0,0.0,0.0,0.0,0.0,0.0,-0.02,0.01999999999999602,0.0,0.0,0.0,0.0,8000.0
14031,rdd_west_merged_8000_5,S2A_MSIL2A_20230620T110621_R137_T30TUM_20230620T202552,1000,,0.0,0.0,0.0,0.0,0.0,0.0,0.0,0.0,100.0,0.0,0.0,64,0,0.0,8000.000000000058,8000.0,0.3542666435241699,100.0,,0.0,0.0,0.0,0.0,0.0,0.0,0.0,-0.02,0.01999999999999602,0.0,0.0,0.0,0.0,8000.0
14003,rdd_west_merged_8000_5,S2A_MSIL2A_20230630T110621_R137_T30TUM_20230630T203024,20,,0.0,0.0,0.0,6.94,90.529375,0.0,0.0,0.0,0.0,2.530625,0.0,160000,0,0.0,8000.000000000058,8000.0,0.3448503017425537,2.530625,,0.0,0.0,0.0,0.0,0.0,0.0,0.0,0.0,0.0,0.0,0.0,0.0,0.0,8000.0
14009,rdd_west_merged_8000_5,S2A_MSIL2A_20230630T110621_R137_T30TUM_20230630T203024,50,,0.0,0.0,0.0,6.83984375,90.61328125,0.0,0.0,0.0,0.0,2.546875,0.0,25600,0,0.0,8000.000000000058,8000.0,0.3501129150390625,2.546875,,0.0,0.0,0.0,-0.10015625000000039,0.0839062499999983,0.0,0.0,0.0,0.0,0.016249999999999876,0.0,0.016249999999999876,0.10015625000000039,8000.0
14015,rdd_west_merged_8000_5,S2A_MSIL2A_20230630T110621_R137_T30TUM_20230630T203024,100,,0.0,0.0,0.0,6.9375,90.546875,0.0,0.0,0.0,0.0,2.515625,0.0,6400,0,0.0,8000.000000000058,8000.0,0.4075636863708496,2.515625,,0.0,0.0,0.0,-0.002500000000000391,0.017499999999998295,0.0,0.0,0.0,0.0,-0.015000000000000124,0.0,-0.015000000000000124,0.017499999999998295,8000.0
14021,rdd_west_merged_8000_5,S2A_MSIL2A_20230630T110621_R137_T30TUM_20230630T203024,200,,0.0,0.0,0.0,6.625,90.6875,0.0,0.0,0.0,0.0,2.6875,0.0,1600,0,0.0,8000.000000000058,8000.0,0.3524794578552246,2.6875,,0.0,0.0,0.0,-0.3150000000000004,0.1581249999999983,0.0,0.0,0.0,0.0,0.15687499999999988,0.0,0.15687499999999988,0.3150000000000004,8000.0
14027,rdd_west_merged_8000_5,S2A_MSIL2A_20230630T110621_R137_T30TUM_20230630T203024,500,,0.0,0.0,0.0,4.296875,93.75,0.0,0.0,0.0,0.0,1.953125,0.0,256,0,0.0,8000.000000000058,8000.0,0.3592069149017334,1.953125,,0.0,0.0,0.0,-2.6431250000000004,3.2206249999999983,0.0,0.0,0.0,0.0,-0.5775000000000001,0.0,-0.5775000000000001,3.2206249999999983,8000.0
14033,rdd_west_merged_8000_5,S2A_MSIL2A_20230630T110621_R137_T30TUM_20230630T203024,1000,,0.0,0.0,0.0,6.25,93.75,0.0,0.0,0.0,0.0,0.0,0.0,64,0,0.0,8000.000000000058,8000.0,0.3542666435241699,0.0,,0.0,0.0,0.0,-0.6900000000000004,3.2206249999999983,0.0,0.0,0.0,0.0,-2.530625,0.0,-2.530625,3.2206249999999983,8000.0
13998,rdd_west_merged_8000_5,S2B_MSIL2A_20230605T110619_R137_T30TUM_20230605T163049,20,,0.0,0.026875,13.92375,9.60625,58.10625,0.0,0.485625,9.49375,8.3575,0.0,0.0,160000,0,0.0,8000.000000000058,8000.0,0.3448503017425537,17.85125,,0.0,0.0,0.0,0.0,0.0,0.0,0.0,0.0,0.0,0.0,0.0,0.0,0.0,8000.0
14004,rdd_west_merged_8000_5,S2B_MSIL2A_20230605T110619_R137_T30TUM_20230605T163049,50,,0.0,0.03125,13.9140625,9.6171875,58.125,0.0,0.4609375,9.40625,8.4453125,0.0,0.0,25600,0,0.0,8000.000000000058,8000.0,0.3501129150390625,17.8515625,,0.0,0.004375,-0.009687500000000071,0.01093750000000071,0.018749999999997158,0.0,-0.024687499999999973,-0.08750000000000036,0.08781250000000007,0.0,0.0,0.0003124999999997158,0.024687499999999973,8000.0
14010,rdd_west_merged_8000_5,S2B_MSIL2A_20230605T110619_R137_T30TUM_20230605T163049,100,,0.0,0.03125,13.875,9.625,57.921875,0.0,0.46875,9.578125,8.5,0.0,0.0,6400,0,0.0,8000.000000000058,8000.0,0.4075636863708496,18.078125,,0.0,0.004375,-0.04875000000000007,0.01875000000000071,-0.18437500000000284,0.0,-0.016874999999999973,0.08437499999999964,0.14250000000000007,0.0,0.0,0.22687499999999972,0.22687499999999972,8000.0
14016,rdd_west_merged_8000_5,S2B_MSIL2A_20230605T110619_R137_T30TUM_20230605T163049,200,,0.0,0.0625,14.0625,9.1875,58.125,0.0,0.5,9.5,8.5625,0.0,0.0,1600,0,0.0,8000.000000000058,8000.0,0.3524794578552246,18.0625,,0.0,0.035625000000000004,0.13874999999999993,-0.4187499999999993,0.018749999999997158,0.0,0.014375000000000027,0.006249999999999645,0.20500000000000007,0.0,0.0,0.21124999999999972,0.4187499999999993,8000.0
14022,rdd_west_merged_8000_5,S2B_MSIL2A_20230605T110619_R137_T30TUM_20230605T163049,500,,0.0,0.0,15.234375,8.59375,57.03125,0.0,0.390625,9.375,9.375,0.0,0.0,256,0,0.0,8000.000000000058,8000.0,0.3592069149017334,18.75,,0.0,-0.026875,1.310625,-1.0124999999999993,-1.0750000000000028,0.0,-0.09499999999999997,-0.11875000000000036,1.0175,0.0,0.0,0.8987499999999997,1.310625,8000.0
14028,rdd_west_merged_8000_5,S2B_MSIL2A_20230605T110619_R137_T30TUM_20230605T163049,1000,,0.0,0.0,18.75,3.125,62.5,0.0,1.5625,9.375,4.6875,0.0,0.0,64,0,0.0,8000.000000000058,8000.0,0.3542666435241699,14.0625,,0.0,-0.026875,4.82625,-6.481249999999999,4.393749999999997,0.0,1.076875,-0.11875000000000036,-3.67,0.0,0.0,-3.7887500000000003,6.481249999999999,8000.0
14000,rdd_west_merged_8000_5,S2B_MSIL2A_20230615T110629_R137_T30TUM_20230615T205813,20,,0.0,0.16375,11.36875,5.201875,63.881875,0.000625,0.558125,8.731875,10.086875,0.00625,0.0,160000,0,0.0,8000.000000000058,8000.0,0.3448503017425537,18.825000000000003,,0.0,0.0,0.0,0.0,0.0,0.0,0.0,0.0,0.0,0.0,0.0,0.0,0.0,8000.0
14006,rdd_west_merged_8000_5,S2B_MSIL2A_20230615T110629_R137_T30TUM_20230615T205813,50,,0.0,0.15234375,11.3359375,5.24609375,63.80859375,0.0,0.60546875,8.703125,10.14453125,0.00390625,0.0,25600,0,0.0,8000.000000000058,8000.0,0.3501129150390625,18.8515625,,0.0,-0.011406250000000007,-0.032812500000000355,0.04421874999999975,-0.07328125000000085,-0.000625,0.04734375000000002,-0.028750000000000497,0.05765625000000085,-0.0023437500000000003,0.0,0.026562499999997158,0.07328125000000085,8000.0
14012,rdd_west_merged_8000_5,S2B_MSIL2A_20230615T110629_R137_T30TUM_20230615T205813,100,,0.0,0.1875,11.453125,4.984375,63.875,0.0,0.671875,8.625,10.1875,0.015625,0.0,6400,0,0.0,8000.000000000058,8000.0,0.4075636863708496,18.828125,,0.0,0.023749999999999993,0.08437499999999964,-0.21750000000000025,-0.006875000000000853,-0.000625,0.11375000000000002,-0.1068750000000005,0.10062500000000085,0.009375,0.0,0.003124999999997158,0.21750000000000025,8000.0
14018,rdd_west_merged_8000_5,S2B_MSIL2A_20230615T110629_R137_T30TUM_20230615T205813,200,,0.0,0.125,11.5,5.0,64.0625,0.0,0.625,8.5,10.125,0.0625,0.0,1600,0,0.0,8000.000000000058,8000.0,0.3524794578552246,18.6875,,0.0,-0.03875000000000001,0.13124999999999964,-0.20187500000000025,0.18062499999999915,-0.000625,0.06687500000000002,-0.2318750000000005,0.03812500000000085,0.05625,0.0,-0.13750000000000284,0.20187500000000025,8000.0
14024,rdd_west_merged_8000_5,S2B_MSIL2A_20230615T110629_R137_T30TUM_20230615T205813,500,,0.0,0.0,11.328125,3.90625,66.796875,0.0,0.390625,7.421875,10.15625,0.0,0.0,256,0,0.0,8000.000000000058,8000.0,0.3592069149017334,17.578125,,0.0,-0.16375,-0.040625000000000355,-1.2956250000000002,2.914999999999999,-0.000625,-0.16749999999999998,-1.3100000000000005,0.06937500000000085,-0.00625,0.0,-1.2468750000000028,2.914999999999999,8000.0
14030,rdd_west_merged_8000_5,S2B_MSIL2A_20230615T110629_R137_T30TUM_20230615T205813,1000,,0.0,0.0,7.8125,6.25,64.0625,0.0,3.125,10.9375,7.8125,0.0,0.0,64,0,0.0,8000.000000000058,8000.0,0.3542666435241699,18.75,,0.0,-0.16375,-3.5562500000000004,1.0481249999999998,0.18062499999999915,-0.000625,2.566875,2.2056249999999995,-2.274374999999999,-0.00625,0.0,-0.07500000000000284,3.5562500000000004,8000.0
14002,rdd_west_merged_8000_5,S2B_MSIL2A_20230625T110619_R137_T30TUM_20230625T164707,20,,0.0,0.0,4.529375,5.1325,85.995,0.0,0.2025,2.181875,1.939375,0.019375,0.0,160000,0,0.0,8000.000000000058,8000.0,0.3448503017425537,4.140625,,0.0,0.0,0.0,0.0,0.0,0.0,0.0,0.0,0.0,0.0,0.0,0.0,0.0,8000.0
14008,rdd_west_merged_8000_5,S2B_MSIL2A_20230625T110619_R137_T30TUM_20230625T164707,50,,0.0,0.0,4.52734375,5.03515625,86.125,0.0,0.1875,2.1953125,1.91015625,0.01953125,0.0,25600,0,0.0,8000.000000000058,8000.0,0.3501129150390625,4.125,,0.0,0.0,-0.002031249999999929,-0.09734375000000028,0.12999999999999545,0.0,-0.015000000000000013,0.013437500000000213,-0.02921875000000007,0.00015625000000000014,0.0,-0.015625,0.12999999999999545,8000.0
14014,rdd_west_merged_8000_5,S2B_MSIL2A_20230625T110619_R137_T30TUM_20230625T164707,100,,0.0,0.0,4.578125,5.109375,85.921875,0.0,0.15625,2.234375,1.984375,0.015625,0.0,6400,0,0.0,8000.000000000058,8000.0,0.4075636863708496,4.234375,,0.0,0.0,0.04875000000000007,-0.023125000000000284,-0.07312500000000455,0.0,-0.04625000000000001,0.05250000000000021,0.04499999999999993,-0.00375,0.0,0.09375,0.09375,8000.0
14020,rdd_west_merged_8000_5,S2B_MSIL2A_20230625T110619_R137_T30TUM_20230625T164707,200,,0.0,0.0,4.625,4.6875,86.25,0.0,0.375,2.125,1.9375,0.0,0.0,1600,0,0.0,8000.000000000058,8000.0,0.3524794578552246,4.0625,,0.0,0.0,0.09562500000000007,-0.4450000000000003,0.25499999999999545,0.0,0.1725,-0.05687499999999979,-0.001875000000000071,-0.019375,0.0,-0.078125,0.4450000000000003,8000.0
14026,rdd_west_merged_8000_5,S2B_MSIL2A_20230625T110619_R137_T30TUM_20230625T164707,500,,0.0,0.0,4.6875,3.90625,88.28125,0.0,0.0,1.5625,1.5625,0.0,0.0,256,0,0.0,8000.000000000058,8000.0,0.3592069149017334,3.125,,0.0,0.0,0.15812500000000007,-1.2262500000000003,2.2862499999999955,0.0,-0.2025,-0.6193749999999998,-0.37687500000000007,-0.019375,0.0,-1.015625,2.2862499999999955,8000.0
14032,rdd_west_merged_8000_5,S2B_MSIL2A_20230625T110619_R137_T30TUM_20230625T164707,1000,,0.0,0.0,1.5625,3.125,89.0625,0.0,0.0,4.6875,1.5625,0.0,0.0,64,0,0.0,8000.000000000058,8000.0,0.3542666435241699,6.25,,0.0,0.0,-2.966875,-2.0075000000000003,3.0674999999999955,0.0,-0.2025,2.505625,-0.37687500000000007,-0.019375,0.0,2.109375,3.0674999999999955,8000.0
14035,rdd_west_merged_8000_7,S2A_MSIL2A_20230610T110621_R137_T30TVM_20230610T204848,20,,0.0,0.0,5.69625,0.0,0.0,0.0,0.0,19.1225,75.179375,0.001875,0.0,160000,0,0.0,8000.0,8000.000000000931,0.38120126724243164,94.30375,,0.0,0.0,0.0,0.0,0.0,0.0,0.0,0.0,0.0,0.0,0.0,0.0,0.0,8000.0
14041,rdd_west_merged_8000_7,S2A_MSIL2A_20230610T110621_R137_T30TVM_20230610T204848,50,,0.0,0.0,5.7578125,0.0,0.0,0.0,0.0,19.17578125,75.06640625,0.0,0.0,25600,0,0.0,8000.0,8000.000000000931,0.37474584579467773,94.2421875,,0.0,0.0,0.061562499999999964,0.0,0.0,0.0,0.0,0.05328125000000128,-0.11296874999999318,-0.001875,0.0,-0.06156249999999375,0.061562499999999964,8000.0
14047,rdd_west_merged_8000_7,S2A_MSIL2A_20230610T110621_R137_T30TVM_20230610T204848,100,,0.0,0.0,5.890625,0.0,0.0,0.0,0.0,19.359375,74.75,0.0,0.0,6400,0,0.0,8000.0,8000.000000000931,0.37592029571533203,94.109375,,0.0,0.0,0.19437499999999996,0.0,0.0,0.0,0.0,0.23687500000000128,-0.4293749999999932,-0.001875,0.0,-0.19437499999999375,0.19437499999999996,8000.0
14053,rdd_west_merged_8000_7,S2A_MSIL2A_20230610T110621_R137_T30TVM_20230610T204848,200,,0.0,0.0,5.5625,0.0,0.0,0.0,0.0,19.875,74.5625,0.0,0.0,1600,0,0.0,8000.0,8000.000000000931,0.3733224868774414,94.4375,,0.0,0.0,-0.13375000000000004,0.0,0.0,0.0,0.0,0.7525000000000013,-0.6168749999999932,-0.001875,0.0,0.13375000000000625,0.13375000000000625,8000.0
14059,rdd_west_merged_8000_7,S2A_MSIL2A_20230610T110621_R137_T30TVM_20230610T204848,500,,0.0,0.0,6.25,0.0,0.0,0.0,0.0,18.75,75.0,0.0,0.0,256,0,0.0,8000.0,8000.000000000931,0.7172000408172607,93.75,,0.0,0.0,0.55375,0.0,0.0,0.0,0.0,-0.3724999999999987,-0.17937499999999318,-0.001875,0.0,-0.5537499999999937,0.55375,8000.0
14065,rdd_west_merged_8000_7,S2A_MSIL2A_20230610T110621_R137_T30TVM_20230610T204848,1000,,0.0,0.0,4.6875,0.0,0.0,0.0,0.0,21.875,73.4375,0.0,0.0,64,0,0.0,8000.0,8000.000000000931,0.3898136615753174,95.3125,,0.0,0.0,-1.00875,0.0,0.0,0.0,0.0,2.7525000000000013,-1.7418749999999932,-0.001875,0.0,1.0087500000000063,1.0087500000000063,8000.0
14037,rdd_west_merged_8000_7,S2A_MSIL2A_20230620T110621_R137_T30TVM_20230620T202730,20,,0.0,0.0,0.0,0.0,0.0,0.0,0.0,4.566875,95.433125,0.0,0.0,160000,0,0.0,8000.0,8000.000000000931,0.38120126724243164,100.0,,0.0,0.0,0.0,0.0,0.0,0.0,0.0,0.0,0.0,0.0,0.0,0.0,0.0,8000.0
14043,rdd_west_merged_8000_7,S2A_MSIL2A_20230620T110621_R137_T30TVM_20230620T202730,50,,0.0,0.0,0.0,0.0,0.0,0.0,0.0,4.5859375,95.4140625,0.0,0.0,25600,0,0.0,8000.0,8000.000000000931,0.37474584579467773,100.0,,0.0,0.0,0.0,0.0,0.0,0.0,0.0,0.019062500000000426,-0.01906250000000398,0.0,0.0,0.0,0.0,8000.0
14049,rdd_west_merged_8000_7,S2A_MSIL2A_20230620T110621_R137_T30TVM_20230620T202730,100,,0.0,0.0,0.0,0.0,0.0,0.0,0.0,4.59375,95.40625,0.0,0.0,6400,0,0.0,8000.0,8000.000000000931,0.37592029571533203,100.0,,0.0,0.0,0.0,0.0,0.0,0.0,0.0,0.026875000000000426,-0.02687500000000398,0.0,0.0,0.0,0.0,8000.0
14055,rdd_west_merged_8000_7,S2A_MSIL2A_20230620T110621_R137_T30TVM_20230620T202730,200,,0.0,0.0,0.0,0.0,0.0,0.0,0.0,4.125,95.875,0.0,0.0,1600,0,0.0,8000.0,8000.000000000931,0.3733224868774414,100.0,,0.0,0.0,0.0,0.0,0.0,0.0,0.0,-0.4418749999999996,0.441874999999996,0.0,0.0,0.0,0.0,8000.0
14061,rdd_west_merged_8000_7,S2A_MSIL2A_20230620T110621_R137_T30TVM_20230620T202730,500,,0.0,0.0,0.0,0.0,0.0,0.0,0.0,3.90625,96.09375,0.0,0.0,256,0,0.0,8000.0,8000.000000000931,0.7172000408172607,100.0,,0.0,0.0,0.0,0.0,0.0,0.0,0.0,-0.6606249999999996,0.660624999999996,0.0,0.0,0.0,0.0,8000.0
14067,rdd_west_merged_8000_7,S2A_MSIL2A_20230620T110621_R137_T30TVM_20230620T202730,1000,,0.0,0.0,0.0,0.0,0.0,0.0,0.0,1.5625,98.4375,0.0,0.0,64,0,0.0,8000.0,8000.000000000931,0.3898136615753174,100.0,,0.0,0.0,0.0,0.0,0.0,0.0,0.0,-3.0043749999999996,3.004374999999996,0.0,0.0,0.0,0.0,8000.0
14039,rdd_west_merged_8000_7,S2A_MSIL2A_20230630T110621_R137_T30TVM_20230630T203031,20,,0.0,0.0,0.0,11.106875,88.893125,0.0,0.0,0.0,0.0,0.0,0.0,160000,0,0.0,8000.0,8000.000000000931,0.38120126724243164,0.0,,0.0,0.0,0.0,0.0,0.0,0.0,0.0,0.0,0.0,0.0,0.0,0.0,0.0,8000.0
14045,rdd_west_merged_8000_7,S2A_MSIL2A_20230630T110621_R137_T30TVM_20230630T203031,50,,0.0,0.0,0.0,11.08984375,88.91015625,0.0,0.0,0.0,0.0,0.0,0.0,25600,0,0.0,8000.0,8000.000000000931,0.37474584579467773,0.0,,0.0,0.0,0.0,-0.017031250000000497,0.017031250000002274,0.0,0.0,0.0,0.0,0.0,0.0,0.0,0.017031250000002274,8000.0
14051,rdd_west_merged_8000_7,S2A_MSIL2A_20230630T110621_R137_T30TVM_20230630T203031,100,,0.0,0.0,0.0,11.4375,88.5625,0.0,0.0,0.0,0.0,0.0,0.0,6400,0,0.0,8000.0,8000.000000000931,0.37592029571533203,0.0,,0.0,0.0,0.0,0.3306249999999995,-0.3306249999999977,0.0,0.0,0.0,0.0,0.0,0.0,0.0,0.3306249999999995,8000.0
14057,rdd_west_merged_8000_7,S2A_MSIL2A_20230630T110621_R137_T30TVM_20230630T203031,200,,0.0,0.0,0.0,11.75,88.25,0.0,0.0,0.0,0.0,0.0,0.0,1600,0,0.0,8000.0,8000.000000000931,0.3733224868774414,0.0,,0.0,0.0,0.0,0.6431249999999995,-0.6431249999999977,0.0,0.0,0.0,0.0,0.0,0.0,0.0,0.6431249999999995,8000.0
14063,rdd_west_merged_8000_7,S2A_MSIL2A_20230630T110621_R137_T30TVM_20230630T203031,500,,0.0,0.0,0.0,11.71875,88.28125,0.0,0.0,0.0,0.0,0.0,0.0,256,0,0.0,8000.0,8000.000000000931,0.7172000408172607,0.0,,0.0,0.0,0.0,0.6118749999999995,-0.6118749999999977,0.0,0.0,0.0,0.0,0.0,0.0,0.0,0.6118749999999995,8000.0
14069,rdd_west_merged_8000_7,S2A_MSIL2A_20230630T110621_R137_T30TVM_20230630T203031,1000,,0.0,0.0,0.0,6.25,93.75,0.0,0.0,0.0,0.0,0.0,0.0,64,0,0.0,8000.0,8000.000000000931,0.3898136615753174,0.0,,0.0,0.0,0.0,-4.8568750000000005,4.856875000000002,0.0,0.0,0.0,0.0,0.0,0.0,0.0,4.856875000000002,8000.0
14034,rdd_west_merged_8000_7,S2B_MSIL2A_20230605T110619_R137_T30TVM_20230605T165116,20,,0.0,0.0575,8.951875,17.43625,61.8475,0.0,0.441875,5.961875,5.2825,0.020625,0.0,160000,0,0.0,8000.0,8000.000000000931,0.38120126724243164,11.265,,0.0,0.0,0.0,0.0,0.0,0.0,0.0,0.0,0.0,0.0,0.0,0.0,0.0,8000.0
14040,rdd_west_merged_8000_7,S2B_MSIL2A_20230605T110619_R137_T30TVM_20230605T165116,50,,0.0,0.046875,8.9765625,17.46875,61.78125,0.0,0.44921875,6.0390625,5.21484375,0.0234375,0.0,25600,0,0.0,8000.0,8000.000000000931,0.37474584579467773,11.27734375,,0.0,-0.010625000000000002,0.02468750000000064,0.03249999999999886,-0.06624999999999659,0.0,0.007343749999999982,0.07718749999999996,-0.06765624999999975,0.002812499999999999,0.0,0.012343749999999432,0.06624999999999659,8000.0
14046,rdd_west_merged_8000_7,S2B_MSIL2A_20230605T110619_R137_T30TVM_20230605T165116,100,,0.0,0.03125,9.125,17.28125,61.765625,0.0,0.53125,6.046875,5.21875,0.0,0.0,6400,0,0.0,8000.0,8000.000000000931,0.37592029571533203,11.265625,,0.0,-0.026250000000000002,0.17312500000000064,-0.15500000000000114,-0.08187499999999659,0.0,0.08937499999999998,0.08499999999999996,-0.06374999999999975,-0.020625,0.0,0.0006249999999994316,0.17312500000000064,8000.0
14052,rdd_west_merged_8000_7,S2B_MSIL2A_20230605T110619_R137_T30TVM_20230605T165116,200,,0.0,0.0625,9.8125,18.125,59.875,0.0,0.25,6.6875,5.1875,0.0,0.0,1600,0,0.0,8000.0,8000.000000000931,0.3733224868774414,11.875,,0.0,0.0049999999999999975,0.8606250000000006,0.6887499999999989,-1.9724999999999966,0.0,-0.19187500000000002,0.725625,-0.09499999999999975,-0.020625,0.0,0.6099999999999994,1.9724999999999966,8000.0
14058,rdd_west_merged_8000_7,S2B_MSIL2A_20230605T110619_R137_T30TVM_20230605T165116,500,,0.0,0.0,8.984375,15.625,62.109375,0.0,0.0,8.984375,4.296875,0.0,0.0,256,0,0.0,8000.0,8000.000000000931,0.7172000408172607,13.28125,,0.0,-0.0575,0.03250000000000064,-1.8112500000000011,0.2618750000000034,0.0,-0.441875,3.0225,-0.9856249999999998,-0.020625,0.0,2.0162499999999994,2.0162499999999994,8000.0
14064,rdd_west_merged_8000_7,S2B_MSIL2A_20230605T110619_R137_T30TVM_20230605T165116,1000,,0.0,0.0,9.375,10.9375,67.1875,0.0,0.0,9.375,3.125,0.0,0.0,64,0,0.0,8000.0,8000.000000000931,0.3898136615753174,12.5,,0.0,-0.0575,0.42312500000000064,-6.498750000000001,5.340000000000003,0.0,-0.441875,3.413125,-2.1574999999999998,-0.020625,0.0,1.2349999999999994,6.498750000000001,8000.0
14036,rdd_west_merged_8000_7,S2B_MSIL2A_20230615T110629_R137_T30TVM_20230615T203626,20,,0.0,0.826875,0.810625,7.546875,60.51,0.00375,9.786875,11.713125,8.790625,0.01125,0.0,160000,0,0.0,8000.0,8000.000000000931,0.38120126724243164,20.515,,0.0,0.0,0.0,0.0,0.0,0.0,0.0,0.0,0.0,0.0,0.0,0.0,0.0,8000.0
14042,rdd_west_merged_8000_7,S2B_MSIL2A_20230615T110629_R137_T30TVM_20230615T203626,50,,0.0,0.80859375,0.81640625,7.50390625,60.61328125,0.00390625,9.7734375,11.62890625,8.8359375,0.015625,0.0,25600,0,0.0,8000.0,8000.000000000931,0.37474584579467773,20.48046875,,0.0,-0.018281250000000027,0.00578124999999996,-0.04296875,0.10328125000000199,0.00015625000000000014,-0.013437500000000213,-0.08421874999999979,0.045312499999999645,0.004375,0.0,-0.03453125000000057,0.10328125000000199,8000.0
14048,rdd_west_merged_8000_7,S2B_MSIL2A_20230615T110629_R137_T30TVM_20230615T203626,100,,0.0,0.8125,0.796875,7.5,60.609375,0.0,9.8125,11.40625,9.03125,0.03125,0.0,6400,0,0.0,8000.0,8000.000000000931,0.37592029571533203,20.46875,,0.0,-0.014375000000000027,-0.01375000000000004,-0.046875,0.09937500000000199,-0.00375,0.025624999999999787,-0.3068749999999998,0.24062499999999964,0.02,0.0,-0.04625000000000057,0.09937500000000199,8000.0
14054,rdd_west_merged_8000_7,S2B_MSIL2A_20230615T110629_R137_T30TVM_20230615T203626,200,,0.0,0.75,1.0,8.25,59.625,0.0,10.0,11.6875,8.6875,0.0,0.0,1600,0,0.0,8000.0,8000.000000000931,0.3733224868774414,20.375,,0.0,-0.07687500000000003,0.18937499999999996,0.703125,-0.884999999999998,-0.00375,0.2131249999999998,-0.025624999999999787,-0.10312500000000036,-0.01125,0.0,-0.14000000000000057,0.884999999999998,8000.0
14060,rdd_west_merged_8000_7,S2B_MSIL2A_20230615T110629_R137_T30TVM_20230615T203626,500,,0.0,1.171875,0.78125,7.03125,60.546875,0.0,9.375,12.5,8.59375,0.0,0.0,256,0,0.0,8000.0,8000.000000000931,0.7172000408172607,21.09375,,0.0,0.345,-0.02937500000000004,-0.515625,0.03687500000000199,-0.00375,-0.4118750000000002,0.7868750000000002,-0.19687500000000036,-0.01125,0.0,0.5787499999999994,0.5787499999999994,8000.0
14066,rdd_west_merged_8000_7,S2B_MSIL2A_20230615T110629_R137_T30TVM_20230615T203626,1000,,0.0,0.0,0.0,4.6875,67.1875,0.0,6.25,10.9375,10.9375,0.0,0.0,64,0,0.0,8000.0,8000.000000000931,0.3898136615753174,21.875,,0.0,-0.826875,-0.810625,-2.859375,6.677500000000002,-0.00375,-3.536875,-0.7756249999999998,2.1468749999999996,-0.01125,0.0,1.3599999999999994,6.677500000000002,8000.0
14038,rdd_west_merged_8000_7,S2B_MSIL2A_20230625T110619_R137_T30TVM_20230625T163939,20,,0.0,0.305,6.025,6.600625,72.14375,0.00375,1.515625,6.37375,6.656875,0.375625,0.0,160000,0,0.0,8000.0,8000.000000000931,0.38120126724243164,13.40625,,0.0,0.0,0.0,0.0,0.0,0.0,0.0,0.0,0.0,0.0,0.0,0.0,0.0,8000.0
14044,rdd_west_merged_8000_7,S2B_MSIL2A_20230625T110619_R137_T30TVM_20230625T163939,50,,0.0,0.3046875,6.01953125,6.546875,72.28125,0.0,1.4453125,6.48046875,6.55859375,0.36328125,0.0,25600,0,0.0,8000.0,8000.000000000931,0.37474584579467773,13.40234375,,0.0,-0.00031249999999999334,-0.005468750000000355,-0.053749999999999964,0.13750000000000284,-0.00375,-0.0703125,0.10671874999999975,-0.09828125000000032,-0.012343749999999987,0.0,-0.00390625,0.13750000000000284,8000.0
14050,rdd_west_merged_8000_7,S2B_MSIL2A_20230625T110619_R137_T30TVM_20230625T163939,100,,0.0,0.28125,6.03125,6.875,71.9375,0.0,1.515625,6.234375,6.671875,0.453125,0.0,6400,0,0.0,8000.0,8000.000000000931,0.37592029571533203,13.359375,,0.0,-0.023749999999999993,0.006249999999999645,0.27437500000000004,-0.20624999999999716,-0.00375,0.0,-0.13937500000000025,0.01499999999999968,0.07750000000000001,0.0,-0.046875,0.27437500000000004,8000.0
14056,rdd_west_merged_8000_7,S2B_MSIL2A_20230625T110619_R137_T30TVM_20230625T163939,200,,0.0,0.3125,6.5,6.875,71.375,0.0,1.4375,6.4375,6.5,0.5625,0.0,1600,0,0.0,8000.0,8000.000000000931,0.3733224868774414,13.5,,0.0,0.007500000000000007,0.47499999999999964,0.27437500000000004,-0.7687499999999972,-0.00375,-0.078125,0.06374999999999975,-0.15687500000000032,0.186875,0.0,0.09375,0.7687499999999972,8000.0
14062,rdd_west_merged_8000_7,S2B_MSIL2A_20230625T110619_R137_T30TVM_20230625T163939,500,,0.0,0.0,5.078125,7.421875,73.4375,0.0,1.5625,5.46875,7.03125,0.0,0.0,256,0,0.0,8000.0,8000.000000000931,0.7172000408172607,12.5,,0.0,-0.305,-0.9468750000000004,0.82125,1.2937500000000028,-0.00375,0.046875,-0.9050000000000002,0.3743749999999997,-0.375625,0.0,-0.90625,1.2937500000000028,8000.0
14068,rdd_west_merged_8000_7,S2B_MSIL2A_20230625T110619_R137_T30TVM_20230625T163939,1000,,0.0,3.125,4.6875,3.125,76.5625,0.0,0.0,4.6875,7.8125,0.0,0.0,64,0,0.0,8000.0,8000.000000000931,0.3898136615753174,12.5,,0.0,2.82,-1.3375000000000004,-3.475625,4.418750000000003,-0.00375,-1.515625,-1.6862500000000002,1.1556249999999997,-0.375625,0.0,-0.90625,4.418750000000003,8000.0
14071,rdd_west_merged_8000_8,S2A_MSIL2A_20230610T110621_R137_T30TVM_20230610T204848,20,,0.0,0.0,0.0,0.0,0.0,0.0,0.0,1.80375,98.1825,0.01375,0.0,160000,0,0.0,8000.0,8000.000000000931,0.545295000076294,100.0,,0.0,0.0,0.0,0.0,0.0,0.0,0.0,0.0,0.0,0.0,0.0,0.0,0.0,8000.0
14077,rdd_west_merged_8000_8,S2A_MSIL2A_20230610T110621_R137_T30TVM_20230610T204848,50,,0.0,0.0,0.0,0.0,0.0,0.0,0.0,1.80078125,98.18359375,0.015625,0.0,25600,0,0.0,8000.0,8000.000000000931,0.3778820037841797,100.0,,0.0,0.0,0.0,0.0,0.0,0.0,0.0,-0.0029687499999999645,0.0010937499999954525,0.001875,0.0,0.0,0.0,8000.0
14083,rdd_west_merged_8000_8,S2A_MSIL2A_20230610T110621_R137_T30TVM_20230610T204848,100,,0.0,0.0,0.0,0.0,0.0,0.0,0.0,1.765625,98.21875,0.015625,0.0,6400,0,0.0,8000.0,8000.000000000931,0.37783074378967285,100.0,,0.0,0.0,0.0,0.0,0.0,0.0,0.0,-0.038124999999999964,0.03624999999999545,0.001875,0.0,0.0,0.0,8000.0
14089,rdd_west_merged_8000_8,S2A_MSIL2A_20230610T110621_R137_T30TVM_20230610T204848,200,,0.0,0.0,0.0,0.0,0.0,0.0,0.0,1.75,98.25,0.0,0.0,1600,0,0.0,8000.0,8000.000000000931,0.3668351173400879,100.0,,0.0,0.0,0.0,0.0,0.0,0.0,0.0,-0.053749999999999964,0.06749999999999545,-0.01375,0.0,0.0,0.0,8000.0
14095,rdd_west_merged_8000_8,S2A_MSIL2A_20230610T110621_R137_T30TVM_20230610T204848,500,,0.0,0.0,0.0,0.0,0.0,0.0,0.0,1.5625,98.4375,0.0,0.0,256,0,0.0,8000.0,8000.000000000931,0.38277292251586914,100.0,,0.0,0.0,0.0,0.0,0.0,0.0,0.0,-0.24124999999999996,0.25499999999999545,-0.01375,0.0,0.0,0.0,8000.0
14101,rdd_west_merged_8000_8,S2A_MSIL2A_20230610T110621_R137_T30TVM_20230610T204848,1000,,0.0,0.0,0.0,0.0,0.0,0.0,0.0,0.0,100.0,0.0,0.0,64,0,0.0,8000.0,8000.000000000931,0.36507272720336914,100.0,,0.0,0.0,0.0,0.0,0.0,0.0,0.0,-1.80375,1.8174999999999955,-0.01375,0.0,0.0,0.0,8000.0
14073,rdd_west_merged_8000_8,S2A_MSIL2A_20230620T110621_R137_T30TVM_20230620T202730,20,,0.0,0.0,0.0,0.0,0.0,0.0,0.0,25.47875,74.304375,0.216875,0.0,160000,0,0.0,8000.0,8000.000000000931,0.545295000076294,100.0,,0.0,0.0,0.0,0.0,0.0,0.0,0.0,0.0,0.0,0.0,0.0,0.0,0.0,8000.0
14079,rdd_west_merged_8000_8,S2A_MSIL2A_20230620T110621_R137_T30TVM_20230620T202730,50,,0.0,0.0,0.0,0.0,0.0,0.0,0.0,25.55078125,74.21875,0.23046875,0.0,25600,0,0.0,8000.0,8000.000000000931,0.3778820037841797,100.0,,0.0,0.0,0.0,0.0,0.0,0.0,0.0,0.07203124999999844,-0.08562499999999318,0.013593749999999988,0.0,0.0,0.0,8000.0
14085,rdd_west_merged_8000_8,S2A_MSIL2A_20230620T110621_R137_T30TVM_20230620T202730,100,,0.0,0.0,0.0,0.0,0.0,0.0,0.0,25.75,73.984375,0.265625,0.0,6400,0,0.0,8000.0,8000.000000000931,0.37783074378967285,100.0,,0.0,0.0,0.0,0.0,0.0,0.0,0.0,0.27124999999999844,-0.3199999999999932,0.04874999999999999,0.0,0.0,0.0,8000.0
14091,rdd_west_merged_8000_8,S2A_MSIL2A_20230620T110621_R137_T30TVM_20230620T202730,200,,0.0,0.0,0.0,0.0,0.0,0.0,0.0,25.6875,74.0625,0.25,0.0,1600,0,0.0,8000.0,8000.000000000931,0.3668351173400879,100.0,,0.0,0.0,0.0,0.0,0.0,0.0,0.0,0.20874999999999844,-0.24187499999999318,0.03312499999999999,0.0,0.0,0.0,8000.0
14097,rdd_west_merged_8000_8,S2A_MSIL2A_20230620T110621_R137_T30TVM_20230620T202730,500,,0.0,0.0,0.0,0.0,0.0,0.0,0.0,26.5625,73.046875,0.390625,0.0,256,0,0.0,8000.0,8000.000000000931,0.38277292251586914,100.0,,0.0,0.0,0.0,0.0,0.0,0.0,0.0,1.0837499999999984,-1.2574999999999932,0.17375,0.0,0.0,0.0,8000.0
14103,rdd_west_merged_8000_8,S2A_MSIL2A_20230620T110621_R137_T30TVM_20230620T202730,1000,,0.0,0.0,0.0,0.0,0.0,0.0,0.0,25.0,75.0,0.0,0.0,64,0,0.0,8000.0,8000.000000000931,0.36507272720336914,100.0,,0.0,0.0,0.0,0.0,0.0,0.0,0.0,-0.47875000000000156,0.6956250000000068,-0.216875,0.0,0.0,0.0,8000.0
14075,rdd_west_merged_8000_8,S2A_MSIL2A_20230630T110621_R137_T30TVM_20230630T203031,20,,0.0,0.0,0.0,10.04875,89.52125,0.025625,0.025,0.0,0.0,0.379375,0.0,160000,0,0.0,8000.0,8000.000000000931,0.545295000076294,0.379375,,0.0,0.0,0.0,0.0,0.0,0.0,0.0,0.0,0.0,0.0,0.0,0.0,0.0,8000.0
14081,rdd_west_merged_8000_8,S2A_MSIL2A_20230630T110621_R137_T30TVM_20230630T203031,50,,0.0,0.0,0.0,9.91796875,89.6484375,0.01953125,0.02734375,0.0,0.0,0.38671875,0.0,25600,0,0.0,8000.0,8000.000000000931,0.3778820037841797,0.38671875,,0.0,0.0,0.0,-0.13078125000000007,0.12718750000000512,-0.0060937499999999985,0.0023437499999999986,0.0,0.0,0.007343749999999982,0.0,0.007343749999999982,0.13078125000000007,8000.0
14087,rdd_west_merged_8000_8,S2A_MSIL2A_20230630T110621_R137_T30TVM_20230630T203031,100,,0.0,0.0,0.0,9.578125,89.96875,0.03125,0.03125,0.0,0.0,0.390625,0.0,6400,0,0.0,8000.0,8000.000000000931,0.37783074378967285,0.390625,,0.0,0.0,0.0,-0.47062500000000007,0.4475000000000051,0.0056250000000000015,0.006249999999999999,0.0,0.0,0.011249999999999982,0.0,0.011249999999999982,0.47062500000000007,8000.0
14093,rdd_west_merged_8000_8,S2A_MSIL2A_20230630T110621_R137_T30TVM_20230630T203031,200,,0.0,0.0,0.0,9.875,89.75,0.0,0.0,0.0,0.0,0.375,0.0,1600,0,0.0,8000.0,8000.000000000931,0.3668351173400879,0.375,,0.0,0.0,0.0,-0.17375000000000007,0.22875000000000512,-0.025625,-0.025,0.0,0.0,-0.004375000000000018,0.0,-0.004375000000000018,0.22875000000000512,8000.0
14099,rdd_west_merged_8000_8,S2A_MSIL2A_20230630T110621_R137_T30TVM_20230630T203031,500,,0.0,0.0,0.0,7.421875,92.578125,0.0,0.0,0.0,0.0,0.0,0.0,256,0,0.0,8000.0,8000.000000000931,0.38277292251586914,0.0,,0.0,0.0,0.0,-2.626875,3.056875000000005,-0.025625,-0.025,0.0,0.0,-0.379375,0.0,-0.379375,3.056875000000005,8000.0
14105,rdd_west_merged_8000_8,S2A_MSIL2A_20230630T110621_R137_T30TVM_20230630T203031,1000,,0.0,0.0,0.0,3.125,96.875,0.0,0.0,0.0,0.0,0.0,0.0,64,0,0.0,8000.0,8000.000000000931,0.36507272720336914,0.0,,0.0,0.0,0.0,-6.92375,7.353750000000005,-0.025625,-0.025,0.0,0.0,-0.379375,0.0,-0.379375,7.353750000000005,8000.0
14070,rdd_west_merged_8000_8,S2B_MSIL2A_20230605T110619_R137_T30TVM_20230605T165116,20,,0.0,0.025,10.06375,14.553125,55.695625,0.153125,0.910625,10.805625,7.793125,0.0,0.0,160000,0,0.0,8000.0,8000.000000000931,0.545295000076294,18.59875,,0.0,0.0,0.0,0.0,0.0,0.0,0.0,0.0,0.0,0.0,0.0,0.0,0.0,8000.0
14076,rdd_west_merged_8000_8,S2B_MSIL2A_20230605T110619_R137_T30TVM_20230605T165116,50,,0.0,0.01953125,10.02734375,14.64453125,55.70703125,0.14453125,0.91796875,10.78125,7.7578125,0.0,0.0,25600,0,0.0,8000.0,8000.000000000931,0.3778820037841797,18.5390625,,0.0,-0.005468750000000001,-0.03640625000000064,0.09140625000000036,0.011406250000000284,-0.008593750000000011,0.007343749999999982,-0.024374999999999147,-0.03531249999999986,0.0,0.0,-0.059687499999999005,0.09140625000000036,8000.0
14082,rdd_west_merged_8000_8,S2B_MSIL2A_20230605T110619_R137_T30TVM_20230605T165116,100,,0.0,0.0,10.09375,14.828125,55.828125,0.171875,0.8125,10.65625,7.609375,0.0,0.0,6400,0,0.0,8000.0,8000.000000000931,0.37783074378967285,18.265625,,0.0,-0.025,0.02999999999999936,0.27500000000000036,0.13250000000000028,0.01874999999999999,-0.09812500000000002,-0.14937499999999915,-0.18374999999999986,0.0,0.0,-0.333124999999999,0.333124999999999,8000.0
14088,rdd_west_merged_8000_8,S2B_MSIL2A_20230605T110619_R137_T30TVM_20230605T165116,200,,0.0,0.1875,9.1875,14.0,57.125,0.25,0.8125,10.6875,7.75,0.0,0.0,1600,0,0.0,8000.0,8000.000000000931,0.3668351173400879,18.4375,,0.0,0.1625,-0.8762500000000006,-0.5531249999999996,1.4293750000000003,0.09687499999999999,-0.09812500000000002,-0.11812499999999915,-0.04312499999999986,0.0,0.0,-0.161249999999999,1.4293750000000003,8000.0
14094,rdd_west_merged_8000_8,S2B_MSIL2A_20230605T110619_R137_T30TVM_20230605T165116,500,,0.0,0.0,11.71875,14.453125,55.078125,0.0,1.171875,9.765625,7.8125,0.0,0.0,256,0,0.0,8000.0,8000.000000000931,0.38277292251586914,17.578125,,0.0,-0.025,1.6549999999999994,-0.09999999999999964,-0.6174999999999997,-0.153125,0.26125,-1.0399999999999991,0.019375000000000142,0.0,0.0,-1.020624999999999,1.6549999999999994,8000.0
14100,rdd_west_merged_8000_8,S2B_MSIL2A_20230605T110619_R137_T30TVM_20230605T165116,1000,,0.0,0.0,7.8125,15.625,56.25,0.0,1.5625,4.6875,14.0625,0.0,0.0,64,0,0.0,8000.0,8000.000000000931,0.36507272720336914,18.75,,0.0,-0.025,-2.2512500000000006,1.0718750000000004,0.5543750000000003,-0.153125,0.651875,-6.118124999999999,6.269375,0.0,0.0,0.151250000000001,2.2512500000000006,8000.0
14072,rdd_west_merged_8000_8,S2B_MSIL2A_20230615T110629_R137_T30TVM_20230615T203626,20,,0.0,1.064375,0.48,7.72125,76.2375,0.07875,7.77875,4.745625,1.666875,0.226875,0.0,160000,0,0.0,8000.0,8000.000000000931,0.545295000076294,6.639375,,0.0,0.0,0.0,0.0,0.0,0.0,0.0,0.0,0.0,0.0,0.0,0.0,0.0,8000.0
14078,rdd_west_merged_8000_8,S2B_MSIL2A_20230615T110629_R137_T30TVM_20230615T203626,50,,0.0,1.05859375,0.48046875,7.671875,76.2421875,0.08203125,7.82421875,4.7890625,1.62890625,0.22265625,0.0,25600,0,0.0,8000.0,8000.000000000931,0.3778820037841797,6.640625,,0.0,-0.005781250000000071,0.00046875000000001776,-0.04937500000000039,0.004687500000002842,0.0032812499999999994,0.04546875000000039,0.043437499999999574,-0.03796875000000011,-0.004218749999999993,0.0,0.0012499999999997513,0.04937500000000039,8000.0
14084,rdd_west_merged_8000_8,S2B_MSIL2A_20230615T110629_R137_T30TVM_20230615T203626,100,,0.0,1.078125,0.515625,7.40625,76.5,0.078125,7.921875,4.6875,1.59375,0.21875,0.0,6400,0,0.0,8000.0,8000.000000000931,0.37783074378967285,6.5,,0.0,0.013749999999999929,0.03562500000000002,-0.3150000000000004,0.26250000000000284,-0.0006250000000000006,0.1431250000000004,-0.058125000000000426,-0.0731250000000001,-0.008124999999999993,0.0,-0.13937500000000025,0.3150000000000004,8000.0
14090,rdd_west_merged_8000_8,S2B_MSIL2A_20230615T110629_R137_T30TVM_20230615T203626,200,,0.0,1.1875,0.4375,8.125,76.0625,0.125,7.375,4.75,1.8125,0.125,0.0,1600,0,0.0,8000.0,8000.000000000931,0.3668351173400879,6.6875,,0.0,0.12312499999999993,-0.04249999999999998,0.4037499999999996,-0.17499999999999716,0.04625,-0.4037499999999996,0.004374999999999574,0.1456249999999999,-0.101875,0.0,0.04812499999999975,0.4037499999999996,8000.0
14096,rdd_west_merged_8000_8,S2B_MSIL2A_20230615T110629_R137_T30TVM_20230615T203626,500,,0.0,0.78125,0.390625,5.859375,75.78125,0.0,9.765625,5.46875,1.953125,0.0,0.0,256,0,0.0,8000.0,8000.000000000931,0.38277292251586914,7.421875,,0.0,-0.28312500000000007,-0.08937499999999998,-1.8618750000000004,-0.45624999999999716,-0.07875,1.9868750000000004,0.7231249999999996,0.2862499999999999,-0.226875,0.0,0.7824999999999998,1.9868750000000004,8000.0
14102,rdd_west_merged_8000_8,S2B_MSIL2A_20230615T110629_R137_T30TVM_20230615T203626,1000,,0.0,4.6875,0.0,3.125,81.25,0.0,7.8125,3.125,0.0,0.0,0.0,64,0,0.0,8000.0,8000.000000000931,0.36507272720336914,3.125,,0.0,3.623125,-0.48,-4.59625,5.012500000000003,-0.07875,0.03375000000000039,-1.6206250000000004,-1.666875,-0.226875,0.0,-3.5143750000000002,5.012500000000003,8000.0
14074,rdd_west_merged_8000_8,S2B_MSIL2A_20230625T110619_R137_T30TVM_20230625T163939,20,,0.0,0.03125,2.206875,8.02,84.438125,0.141875,0.5875,3.0775,1.4625,0.034375,0.0,160000,0,0.0,8000.0,8000.000000000931,0.545295000076294,4.574375,,0.0,0.0,0.0,0.0,0.0,0.0,0.0,0.0,0.0,0.0,0.0,0.0,0.0,8000.0
14080,rdd_west_merged_8000_8,S2B_MSIL2A_20230625T110619_R137_T30TVM_20230625T163939,50,,0.0,0.03125,2.2109375,7.90625,84.58203125,0.13671875,0.59765625,3.0625,1.4375,0.03515625,0.0,25600,0,0.0,8000.0,8000.000000000931,0.3778820037841797,4.53515625,,0.0,0.0,0.004062499999999858,-0.11374999999999957,0.14390625000000057,-0.005156250000000001,0.010156249999999978,-0.015000000000000124,-0.02499999999999991,0.0007812499999999972,0.0,-0.03921874999999986,0.14390625000000057,8000.0
14086,rdd_west_merged_8000_8,S2B_MSIL2A_20230625T110619_R137_T30TVM_20230625T163939,100,,0.0,0.0625,2.1875,7.5,85.0625,0.15625,0.625,3.03125,1.328125,0.046875,0.0,6400,0,0.0,8000.0,8000.000000000931,0.37783074378967285,4.40625,,0.0,0.03125,-0.019375000000000142,-0.5199999999999996,0.6243750000000006,0.014374999999999999,0.03749999999999998,-0.046250000000000124,-0.1343749999999999,0.012499999999999997,0.0,-0.16812499999999986,0.6243750000000006,8000.0
14092,rdd_west_merged_8000_8,S2B_MSIL2A_20230625T110619_R137_T30TVM_20230625T163939,200,,0.0,0.0625,1.9375,8.0625,84.6875,0.25,0.75,3.0,1.25,0.0,0.0,1600,0,0.0,8000.0,8000.000000000931,0.3668351173400879,4.25,,0.0,0.03125,-0.26937500000000014,0.042500000000000426,0.24937500000000057,0.108125,0.16249999999999998,-0.07750000000000012,-0.2124999999999999,-0.034375,0.0,-0.32437499999999986,0.32437499999999986,8000.0
14098,rdd_west_merged_8000_8,S2B_MSIL2A_20230625T110619_R137_T30TVM_20230625T163939,500,,0.0,0.0,2.34375,7.8125,84.765625,0.0,0.78125,3.125,1.171875,0.0,0.0,256,0,0.0,8000.0,8000.000000000931,0.38277292251586914,4.296875,,0.0,-0.03125,0.13687499999999986,-0.20749999999999957,0.32750000000000057,-0.141875,0.19374999999999998,0.047499999999999876,-0.2906249999999999,-0.034375,0.0,-0.27749999999999986,0.32750000000000057,8000.0
14104,rdd_west_merged_8000_8,S2B_MSIL2A_20230625T110619_R137_T30TVM_20230625T163939,1000,,0.0,0.0,3.125,1.5625,93.75,0.0,0.0,0.0,1.5625,0.0,0.0,64,0,0.0,8000.0,8000.000000000931,0.36507272720336914,1.5625,,0.0,-0.03125,0.9181249999999999,-6.4575,9.311875,-0.141875,-0.5875,-3.0775,0.10000000000000009,-0.034375,0.0,-3.011875,9.311875,8000.0
