index,aoi,id,resolution,Mask,Sat,Dark,Shadow,Veg,Bare,Water,Unknown,Cl_Med,Cl_High,Cl_Cirrus,Snow,Total_pixels,NoData_pixels,NoData_pc,aoi_width,aoi_height,runtime,Cl_all,Mask_diff,Sat_diff,Dark_diff,Shadow_diff,Veg_diff,Bare_diff,Water_diff,Unknown_diff,Cl_Med_diff,Cl_High_diff,Cl_Cirrus_diff,Snow_diff,Cl_all_diff,diff_max,tile_size
13076,stockerau_full_12000_0,S2A_MSIL2A_20230606T095031_R079_T33UWP_20230606T162616,20,,0.0,0.0,0.06527777777777778,0.11583333333333333,0.08388888888888889,0.008055555555555555,0.4225,3.3066666666666666,95.9575,0.04027777777777778,0.0,360000,0,0.0,12000.000000000116,12000.000000000931,0.9989397525787354,99.30444444444444,,0.0,0.0,0.0,0.0,0.0,0.0,0.0,0.0,0.0,0.0,0.0,0.0,0.0,12000.0
13089,stockerau_full_12000_0,S2A_MSIL2A_20230606T095031_R079_T33UWP_20230606T162616,50,,0.0,0.0,0.07118055555555555,0.11805555555555555,0.09027777777777778,0.003472222222222222,0.390625,3.282986111111111,96.0,0.043402777777777776,0.0,57600,0,0.0,12000.000000000116,12000.000000000931,0.9348976612091064,99.32638888888889,,0.0,0.0,0.005902777777777771,0.0022222222222222227,0.006388888888888888,-0.004583333333333333,-0.03187499999999999,-0.023680555555555483,0.04250000000000398,0.003124999999999996,0.0,0.021944444444443434,0.03187499999999999,12000.0
13102,stockerau_full_12000_0,S2A_MSIL2A_20230606T095031_R079_T33UWP_20230606T162616,100,,0.0,0.0,0.06944444444444445,0.09722222222222222,0.09027777777777778,0.0,0.3958333333333333,3.173611111111111,96.11805555555556,0.05555555555555555,0.0,14400,0,0.0,12000.000000000116,12000.000000000931,0.8946397304534912,99.34722222222223,,0.0,0.0,0.004166666666666666,-0.018611111111111106,0.006388888888888888,-0.008055555555555555,-0.026666666666666672,-0.13305555555555548,0.1605555555555611,0.015277777777777772,0.0,0.04277777777778624,0.04277777777778624,12000.0
13115,stockerau_full_12000_0,S2A_MSIL2A_20230606T095031_R079_T33UWP_20230606T162616,200,,0.0,0.0,0.05555555555555555,0.16666666666666666,0.08333333333333333,0.027777777777777776,0.16666666666666666,3.638888888888889,95.83333333333333,0.027777777777777776,0.0,3600,0,0.0,12000.000000000116,12000.000000000931,0.8256494998931885,99.49999999999999,,0.0,0.0,-0.00972222222222223,0.05083333333333333,-0.0005555555555555591,0.01972222222222222,-0.25583333333333336,0.3322222222222222,-0.12416666666666742,-0.012500000000000004,0.0,0.1955555555555435,0.25583333333333336,12000.0
13128,stockerau_full_12000_0,S2A_MSIL2A_20230606T095031_R079_T33UWP_20230606T162616,500,,0.0,0.0,0.0,0.0,0.1736111111111111,0.0,0.3472222222222222,2.2569444444444446,97.22222222222223,0.0,0.0,576,0,0.0,12000.000000000116,12000.000000000931,0.9326310157775879,99.47916666666667,,0.0,0.0,-0.06527777777777778,-0.11583333333333333,0.08972222222222222,-0.008055555555555555,-0.07527777777777778,-1.049722222222222,1.2647222222222325,-0.04027777777777778,0.0,0.1747222222222291,0.1747222222222291,12000.0
13141,stockerau_full_12000_0,S2A_MSIL2A_20230606T095031_R079_T33UWP_20230606T162616,1000,,0.0,0.0,0.0,0.0,0.0,0.0,0.0,2.7777777777777777,97.22222222222223,0.0,0.0,144,0,0.0,12000.000000000116,12000.000000000931,0.8398826122283936,100.0,,0.0,0.0,-0.06527777777777778,-0.11583333333333333,-0.08388888888888889,-0.008055555555555555,-0.4225,-0.528888888888889,1.2647222222222325,-0.04027777777777778,0.0,0.6955555555555577,0.6955555555555577,12000.0
13077,stockerau_full_12000_0,S2A_MSIL2A_20230609T100031_R122_T33UWP_20230609T173715,20,,0.0,0.0,0.0,0.0,0.0,0.0,0.0,42.867222222222225,55.43888888888889,1.693888888888889,0.0,360000,0,0.0,12000.000000000116,12000.000000000931,0.9989397525787354,100.0,,0.0,0.0,0.0,0.0,0.0,0.0,0.0,0.0,0.0,0.0,0.0,0.0,0.0,12000.0
13090,stockerau_full_12000_0,S2A_MSIL2A_20230609T100031_R122_T33UWP_20230609T173715,50,,0.0,0.0,0.0,0.0,0.0,0.0,0.0,43.00347222222222,55.322916666666664,1.6736111111111112,0.0,57600,0,0.0,12000.000000000116,12000.000000000931,0.9348976612091064,100.0,,0.0,0.0,0.0,0.0,0.0,0.0,0.0,0.13624999999999687,-0.1159722222222257,-0.02027777777777784,0.0,0.0,0.0,12000.0
13103,stockerau_full_12000_0,S2A_MSIL2A_20230609T100031_R122_T33UWP_20230609T173715,100,,0.0,0.0,0.0,0.0,0.0,0.0,0.0,43.25694444444444,55.02777777777778,1.7152777777777777,0.0,14400,0,0.0,12000.000000000116,12000.000000000931,0.8946397304534912,100.0,,0.0,0.0,0.0,0.0,0.0,0.0,0.0,0.3897222222222183,-0.4111111111111114,0.02138888888888868,0.0,0.0,0.0,12000.0
13116,stockerau_full_12000_0,S2A_MSIL2A_20230609T100031_R122_T33UWP_20230609T173715,200,,0.0,0.0,0.0,0.0,0.0,0.0,0.0,42.916666666666664,55.25,1.8333333333333333,0.0,3600,0,0.0,12000.000000000116,12000.000000000931,0.8256494998931885,99.99999999999999,,0.0,0.0,0.0,0.0,0.0,0.0,0.0,0.04944444444443974,-0.18888888888889,0.13944444444444426,0.0,-1.4210854715202004e-14,1.4210854715202004e-14,12000.0
13129,stockerau_full_12000_0,S2A_MSIL2A_20230609T100031_R122_T33UWP_20230609T173715,500,,0.0,0.0,0.0,0.0,0.0,0.0,0.0,42.708333333333336,56.076388888888886,1.2152777777777777,0.0,576,0,0.0,12000.000000000116,12000.000000000931,0.9326310157775879,100.0,,0.0,0.0,0.0,0.0,0.0,0.0,0.0,-0.15888888888888886,0.6374999999999957,-0.4786111111111113,0.0,0.0,0.0,12000.0
13142,stockerau_full_12000_0,S2A_MSIL2A_20230609T100031_R122_T33UWP_20230609T173715,1000,,0.0,0.0,0.0,0.0,0.0,0.0,0.0,46.52777777777778,51.388888888888886,2.0833333333333335,0.0,144,0,0.0,12000.000000000116,12000.000000000931,0.8398826122283936,99.99999999999999,,0.0,0.0,0.0,0.0,0.0,0.0,0.0,3.660555555555554,-4.050000000000004,0.3894444444444445,0.0,-1.4210854715202004e-14,1.4210854715202004e-14,12000.0
13080,stockerau_full_12000_0,S2A_MSIL2A_20230616T095031_R079_T33UWP_20230616T172735,20,,0.0,0.035277777777777776,0.5619444444444445,72.22638888888889,19.20861111111111,3.3608333333333333,0.5758333333333333,1.0191666666666668,2.7455555555555557,0.2663888888888889,0.0,360000,0,0.0,12000.000000000116,12000.000000000931,0.9989397525787354,4.0311111111111115,,0.0,0.0,0.0,0.0,0.0,0.0,0.0,0.0,0.0,0.0,0.0,0.0,0.0,12000.0
13093,stockerau_full_12000_0,S2A_MSIL2A_20230616T095031_R079_T33UWP_20230616T172735,50,,0.0,0.036458333333333336,0.5659722222222222,72.359375,19.197916666666668,3.3402777777777777,0.5590277777777778,1.0121527777777777,2.6753472222222223,0.2534722222222222,0.0,57600,0,0.0,12000.000000000116,12000.000000000931,0.9348976612091064,3.9409722222222223,,0.0,0.0011805555555555597,0.004027777777777741,0.13298611111110858,-0.010694444444443008,-0.02055555555555566,-0.016805555555555518,-0.007013888888889097,-0.07020833333333343,-0.012916666666666687,0.0,-0.09013888888888921,0.13298611111110858,12000.0
13106,stockerau_full_12000_0,S2A_MSIL2A_20230616T095031_R079_T33UWP_20230616T172735,100,,0.0,0.034722222222222224,0.5833333333333334,72.65972222222223,18.930555555555557,3.3680555555555554,0.5138888888888888,1.0416666666666667,2.5625,0.3055555555555556,0.0,14400,0,0.0,12000.000000000116,12000.000000000931,0.8946397304534912,3.9097222222222223,,0.0,-0.0005555555555555522,0.0213888888888889,0.4333333333333371,-0.2780555555555537,0.007222222222222019,-0.06194444444444447,0.022499999999999964,-0.18305555555555575,0.03916666666666668,0.0,-0.12138888888888921,0.4333333333333371,12000.0
13119,stockerau_full_12000_0,S2A_MSIL2A_20230616T095031_R079_T33UWP_20230616T172735,200,,0.0,0.05555555555555555,0.6111111111111112,73.27777777777777,18.72222222222222,3.1944444444444446,0.5,0.9166666666666666,2.4166666666666665,0.3055555555555556,0.0,3600,0,0.0,12000.000000000116,12000.000000000931,0.8256494998931885,3.6388888888888884,,0.0,0.020277777777777777,0.04916666666666669,1.05138888888888,-0.4863888888888894,-0.1663888888888887,-0.07583333333333331,-0.10250000000000015,-0.32888888888888923,0.03916666666666668,0.0,-0.39222222222222314,1.05138888888888,12000.0
13132,stockerau_full_12000_0,S2A_MSIL2A_20230616T095031_R079_T33UWP_20230616T172735,500,,0.0,0.0,0.8680555555555556,75.17361111111111,16.84027777777778,3.125,0.5208333333333334,1.3888888888888888,1.7361111111111112,0.3472222222222222,0.0,576,0,0.0,12000.000000000116,12000.000000000931,0.9326310157775879,3.4722222222222223,,0.0,-0.035277777777777776,0.3061111111111111,2.947222222222223,-2.3683333333333323,-0.23583333333333334,-0.05499999999999994,0.36972222222222206,-1.0094444444444446,0.08083333333333331,0.0,-0.5588888888888892,2.947222222222223,12000.0
13145,stockerau_full_12000_0,S2A_MSIL2A_20230616T095031_R079_T33UWP_20230616T172735,1000,,0.0,0.0,0.0,73.61111111111111,21.52777777777778,2.0833333333333335,1.3888888888888888,0.6944444444444444,0.6944444444444444,0.0,0.0,144,0,0.0,12000.000000000116,12000.000000000931,0.8398826122283936,1.3888888888888888,,0.0,-0.035277777777777776,-0.5619444444444445,1.3847222222222229,2.3191666666666677,-1.2774999999999999,0.8130555555555555,-0.32472222222222236,-2.051111111111111,-0.2663888888888889,0.0,-2.6422222222222227,2.6422222222222227,12000.0
13081,stockerau_full_12000_0,S2A_MSIL2A_20230619T100031_R122_T33UWP_20230619T172742,20,,0.0,0.014722222222222222,0.19,57.33222222222222,10.009444444444444,1.4519444444444445,0.755,0.7922222222222223,0.0030555555555555557,29.45138888888889,0.0,360000,0,0.0,12000.000000000116,12000.000000000931,0.9989397525787354,30.246666666666666,,0.0,0.0,0.0,0.0,0.0,0.0,0.0,0.0,0.0,0.0,0.0,0.0,0.0,12000.0
13094,stockerau_full_12000_0,S2A_MSIL2A_20230619T100031_R122_T33UWP_20230619T172742,50,,0.0,0.020833333333333332,0.18055555555555555,57.32118055555556,9.979166666666666,1.4513888888888888,0.734375,0.8038194444444444,0.005208333333333333,29.50347222222222,0.0,57600,0,0.0,12000.000000000116,12000.000000000931,0.9348976612091064,30.3125,,0.0,0.0061111111111111106,-0.00944444444444445,-0.01104166666666373,-0.03027777777777807,-0.0005555555555556424,-0.020625000000000004,0.011597222222222148,0.0021527777777777773,0.05208333333333215,0.0,0.06583333333333385,0.06583333333333385,12000.0
13107,stockerau_full_12000_0,S2A_MSIL2A_20230619T100031_R122_T33UWP_20230619T172742,100,,0.0,0.020833333333333332,0.1736111111111111,57.083333333333336,10.034722222222221,1.4236111111111112,0.7291666666666666,0.7916666666666666,0.0,29.743055555555557,0.0,14400,0,0.0,12000.000000000116,12000.000000000931,0.8946397304534912,30.534722222222225,,0.0,0.0061111111111111106,-0.016388888888888897,-0.24888888888888516,0.02527777777777729,-0.02833333333333332,-0.025833333333333375,-0.0005555555555556424,-0.0030555555555555557,0.29166666666666785,0.0,0.28805555555555884,0.28805555555555884,12000.0
13120,stockerau_full_12000_0,S2A_MSIL2A_20230619T100031_R122_T33UWP_20230619T172742,200,,0.0,0.0,0.1388888888888889,58.166666666666664,9.61111111111111,1.2777777777777777,0.7222222222222222,0.9444444444444444,0.0,29.13888888888889,0.0,3600,0,0.0,12000.000000000116,12000.000000000931,0.8256494998931885,30.083333333333332,,0.0,-0.014722222222222222,-0.05111111111111111,0.8344444444444434,-0.39833333333333343,-0.1741666666666668,-0.032777777777777795,0.15222222222222215,-0.0030555555555555557,-0.3125,0.0,-0.163333333333334,0.8344444444444434,12000.0
13133,stockerau_full_12000_0,S2A_MSIL2A_20230619T100031_R122_T33UWP_20230619T172742,500,,0.0,0.0,0.0,57.291666666666664,9.54861111111111,1.3888888888888888,1.0416666666666667,0.1736111111111111,0.0,30.555555555555557,0.0,576,0,0.0,12000.000000000116,12000.000000000931,0.9326310157775879,30.729166666666668,,0.0,-0.014722222222222222,-0.19,-0.040555555555556566,-0.46083333333333343,-0.06305555555555564,0.28666666666666674,-0.6186111111111112,-0.0030555555555555557,1.1041666666666679,0.0,0.4825000000000017,0.4825000000000017,12000.0
13146,stockerau_full_12000_0,S2A_MSIL2A_20230619T100031_R122_T33UWP_20230619T172742,1000,,0.0,0.0,0.0,58.333333333333336,10.416666666666666,2.0833333333333335,0.0,0.0,0.0,29.166666666666668,0.0,144,0,0.0,12000.000000000116,12000.000000000931,0.8398826122283936,29.166666666666668,,0.0,-0.014722222222222222,-0.19,1.0011111111111148,0.40722222222222193,0.631388888888889,-0.755,-0.7922222222222223,-0.0030555555555555557,-0.28472222222222143,0.0,-1.0799999999999983,1.0799999999999983,12000.0
13084,stockerau_full_12000_0,S2A_MSIL2A_20230626T095031_R079_T33UWP_20230626T161132,20,,0.0,0.035277777777777776,0.0,83.76083333333334,12.416666666666666,3.4219444444444442,0.3647222222222222,0.0002777777777777778,0.0002777777777777778,0.0,0.0,360000,0,0.0,12000.000000000116,12000.000000000931,0.9989397525787354,0.0005555555555555556,,0.0,0.0,0.0,0.0,0.0,0.0,0.0,0.0,0.0,0.0,0.0,0.0,0.0,12000.0
13097,stockerau_full_12000_0,S2A_MSIL2A_20230626T095031_R079_T33UWP_20230626T161132,50,,0.0,0.036458333333333336,0.0,83.80555555555556,12.402777777777779,3.404513888888889,0.3506944444444444,0.0,0.0,0.0,0.0,57600,0,0.0,12000.000000000116,12000.000000000931,0.9348976612091064,0.0,,0.0,0.0011805555555555597,0.0,0.04472222222221944,-0.013888888888887507,-0.017430555555555394,-0.014027777777777806,-0.0002777777777777778,-0.0002777777777777778,0.0,0.0,-0.0005555555555555556,0.04472222222221944,12000.0
13110,stockerau_full_12000_0,S2A_MSIL2A_20230626T095031_R079_T33UWP_20230626T161132,100,,0.0,0.041666666666666664,0.0,83.99305555555556,12.222222222222221,3.4097222222222223,0.3263888888888889,0.006944444444444444,0.0,0.0,0.0,14400,0,0.0,12000.000000000116,12000.000000000931,0.8946397304534912,0.006944444444444444,,0.0,0.006388888888888888,0.0,0.23222222222221944,-0.19444444444444464,-0.012222222222221912,-0.03833333333333333,0.006666666666666666,-0.0002777777777777778,0.0,0.0,0.006388888888888888,0.23222222222221944,12000.0
13123,stockerau_full_12000_0,S2A_MSIL2A_20230626T095031_R079_T33UWP_20230626T161132,200,,0.0,0.0,0.0,85.02777777777777,11.527777777777779,3.1944444444444446,0.25,0.0,0.0,0.0,0.0,3600,0,0.0,12000.000000000116,12000.000000000931,0.8256494998931885,0.0,,0.0,-0.035277777777777776,0.0,1.2669444444444338,-0.8888888888888875,-0.2274999999999996,-0.11472222222222223,-0.0002777777777777778,-0.0002777777777777778,0.0,0.0,-0.0005555555555555556,1.2669444444444338,12000.0
13136,stockerau_full_12000_0,S2A_MSIL2A_20230626T095031_R079_T33UWP_20230626T161132,500,,0.0,0.0,0.0,84.54861111111111,11.979166666666666,3.125,0.3472222222222222,0.0,0.0,0.0,0.0,576,0,0.0,12000.000000000116,12000.000000000931,0.9326310157775879,0.0,,0.0,-0.035277777777777776,0.0,0.7877777777777766,-0.4375,-0.29694444444444423,-0.017500000000000016,-0.0002777777777777778,-0.0002777777777777778,0.0,0.0,-0.0005555555555555556,0.7877777777777766,12000.0
13149,stockerau_full_12000_0,S2A_MSIL2A_20230626T095031_R079_T33UWP_20230626T161132,1000,,0.0,0.0,0.0,86.11111111111111,11.11111111111111,2.0833333333333335,0.6944444444444444,0.0,0.0,0.0,0.0,144,0,0.0,12000.000000000116,12000.000000000931,0.8398826122283936,0.0,,0.0,-0.035277777777777776,0.0,2.3502777777777766,-1.3055555555555554,-1.3386111111111108,0.3297222222222222,-0.0002777777777777778,-0.0002777777777777778,0.0,0.0,-0.0005555555555555556,2.3502777777777766,12000.0
13085,stockerau_full_12000_0,S2A_MSIL2A_20230629T100031_R122_T33UWP_20230629T191411,20,,0.0,0.021666666666666667,1.8366666666666667,81.34361111111112,11.624722222222223,3.392777777777778,0.3869444444444444,0.9625,0.41055555555555556,0.020555555555555556,0.0,360000,0,0.0,12000.000000000116,12000.000000000931,0.9989397525787354,1.3936111111111114,,0.0,0.0,0.0,0.0,0.0,0.0,0.0,0.0,0.0,0.0,0.0,0.0,0.0,12000.0
13098,stockerau_full_12000_0,S2A_MSIL2A_20230629T100031_R122_T33UWP_20230629T191411,50,,0.0,0.024305555555555556,1.8472222222222223,81.42361111111111,11.520833333333334,3.3802083333333335,0.40625,0.9392361111111112,0.4322916666666667,0.026041666666666668,0.0,57600,0,0.0,12000.000000000116,12000.000000000931,0.9348976612091064,1.3975694444444446,,0.0,0.0026388888888888885,0.010555555555555651,0.0799999999999983,-0.10388888888888914,-0.012569444444444411,0.019305555555555576,-0.023263888888888862,0.021736111111111123,0.005486111111111112,0.0,0.003958333333333286,0.10388888888888914,12000.0
13111,stockerau_full_12000_0,S2A_MSIL2A_20230629T100031_R122_T33UWP_20230629T191411,100,,0.0,0.020833333333333332,1.8680555555555556,81.375,11.57638888888889,3.388888888888889,0.3819444444444444,0.9236111111111112,0.4513888888888889,0.013888888888888888,0.0,14400,0,0.0,12000.000000000116,12000.000000000931,0.8946397304534912,1.3888888888888888,,0.0,-0.0008333333333333352,0.03138888888888891,0.031388888888884026,-0.04833333333333378,-0.0038888888888890527,-0.0050000000000000044,-0.03888888888888886,0.04083333333333333,-0.006666666666666668,0.0,-0.004722222222222516,0.04833333333333378,12000.0
13124,stockerau_full_12000_0,S2A_MSIL2A_20230629T100031_R122_T33UWP_20230629T191411,200,,0.0,0.027777777777777776,2.0277777777777777,82.38888888888889,10.555555555555555,3.2777777777777777,0.4722222222222222,0.8611111111111112,0.3888888888888889,0.0,0.0,3600,0,0.0,12000.000000000116,12000.000000000931,0.8256494998931885,1.25,,0.0,0.006111111111111109,0.191111111111111,1.0452777777777698,-1.0691666666666677,-0.11500000000000021,0.08527777777777779,-0.10138888888888886,-0.021666666666666667,-0.020555555555555556,0.0,-0.14361111111111136,1.0691666666666677,12000.0
13137,stockerau_full_12000_0,S2A_MSIL2A_20230629T100031_R122_T33UWP_20230629T191411,500,,0.0,0.0,1.5625,82.46527777777777,10.9375,2.951388888888889,0.6944444444444444,0.8680555555555556,0.5208333333333334,0.0,0.0,576,0,0.0,12000.000000000116,12000.000000000931,0.9326310157775879,1.3888888888888888,,0.0,-0.021666666666666667,-0.27416666666666667,1.1216666666666555,-0.6872222222222231,-0.44138888888888905,0.3075,-0.09444444444444444,0.11027777777777781,-0.020555555555555556,0.0,-0.004722222222222516,1.1216666666666555,12000.0
13150,stockerau_full_12000_0,S2A_MSIL2A_20230629T100031_R122_T33UWP_20230629T191411,1000,,0.0,0.0,2.7777777777777777,83.33333333333333,9.722222222222221,2.0833333333333335,0.6944444444444444,0.6944444444444444,0.6944444444444444,0.0,0.0,144,0,0.0,12000.000000000116,12000.000000000931,0.8398826122283936,1.3888888888888888,,0.0,-0.021666666666666667,0.941111111111111,1.9897222222222126,-1.9025000000000016,-1.3094444444444444,0.3075,-0.2680555555555556,0.28388888888888886,-0.020555555555555556,0.0,-0.004722222222222516,1.9897222222222126,12000.0
13074,stockerau_full_12000_0,S2B_MSIL2A_20230601T094549_R079_T33UWP_20230601T163321,20,,0.0,0.051666666666666666,0.0,67.56666666666666,28.513333333333332,3.4116666666666666,0.45666666666666667,0.0,0.0,0.0,0.0,360000,0,0.0,12000.000000000116,12000.000000000931,0.9989397525787354,0.0,,0.0,0.0,0.0,0.0,0.0,0.0,0.0,0.0,0.0,0.0,0.0,0.0,0.0,12000.0
13087,stockerau_full_12000_0,S2B_MSIL2A_20230601T094549_R079_T33UWP_20230601T163321,50,,0.0,0.057291666666666664,0.0,67.68402777777777,28.446180555555557,3.376736111111111,0.4357638888888889,0.0,0.0,0.0,0.0,57600,0,0.0,12000.000000000116,12000.000000000931,0.9348976612091064,0.0,,0.0,0.005624999999999998,0.0,0.11736111111110858,-0.06715277777777473,-0.034930555555555465,-0.02090277777777777,0.0,0.0,0.0,0.0,0.0,0.11736111111110858,12000.0
13100,stockerau_full_12000_0,S2B_MSIL2A_20230601T094549_R079_T33UWP_20230601T163321,100,,0.0,0.05555555555555555,0.0,68.14583333333333,27.96527777777778,3.4305555555555554,0.4027777777777778,0.0,0.0,0.0,0.0,14400,0,0.0,12000.000000000116,12000.000000000931,0.8946397304534912,0.0,,0.0,0.003888888888888886,0.0,0.5791666666666657,-0.5480555555555533,0.018888888888888733,-0.053888888888888875,0.0,0.0,0.0,0.0,0.0,0.5791666666666657,12000.0
13113,stockerau_full_12000_0,S2B_MSIL2A_20230601T094549_R079_T33UWP_20230601T163321,200,,0.0,0.05555555555555555,0.0,67.55555555555556,28.63888888888889,3.25,0.5,0.0,0.0,0.0,0.0,3600,0,0.0,12000.000000000116,12000.000000000931,0.8256494998931885,0.0,,0.0,0.003888888888888886,0.0,-0.011111111111105743,0.12555555555555742,-0.16166666666666663,0.043333333333333335,0.0,0.0,0.0,0.0,0.0,0.16166666666666663,12000.0
13126,stockerau_full_12000_0,S2B_MSIL2A_20230601T094549_R079_T33UWP_20230601T163321,500,,0.0,0.0,0.0,68.40277777777777,27.95138888888889,3.298611111111111,0.3472222222222222,0.0,0.0,0.0,0.0,576,0,0.0,12000.000000000116,12000.000000000931,0.9326310157775879,0.0,,0.0,-0.051666666666666666,0.0,0.8361111111111086,-0.5619444444444426,-0.11305555555555546,-0.10944444444444446,0.0,0.0,0.0,0.0,0.0,0.8361111111111086,12000.0
13139,stockerau_full_12000_0,S2B_MSIL2A_20230601T094549_R079_T33UWP_20230601T163321,1000,,0.0,0.0,0.0,68.75,28.47222222222222,2.0833333333333335,0.6944444444444444,0.0,0.0,0.0,0.0,144,0,0.0,12000.000000000116,12000.000000000931,0.8398826122283936,0.0,,0.0,-0.051666666666666666,0.0,1.1833333333333371,-0.04111111111111043,-1.3283333333333331,0.23777777777777775,0.0,0.0,0.0,0.0,0.0,1.3283333333333331,12000.0
13075,stockerau_full_12000_0,S2B_MSIL2A_20230604T095559_R122_T33UWP_20230604T174403,20,,0.0,0.03333333333333333,2.8169444444444443,55.99027777777778,21.5625,3.1794444444444445,1.0705555555555555,2.156111111111111,0.3616666666666667,12.829166666666667,0.0,360000,0,0.0,12000.000000000116,12000.000000000931,0.9989397525787354,15.346944444444446,,0.0,0.0,0.0,0.0,0.0,0.0,0.0,0.0,0.0,0.0,0.0,0.0,0.0,12000.0
13088,stockerau_full_12000_0,S2B_MSIL2A_20230604T095559_R122_T33UWP_20230604T174403,50,,0.0,0.03993055555555555,2.845486111111111,55.96875,21.510416666666668,3.1597222222222223,1.0711805555555556,2.2083333333333335,0.3628472222222222,12.833333333333334,0.0,57600,0,0.0,12000.000000000116,12000.000000000931,0.9348976612091064,15.40451388888889,,0.0,0.00659722222222222,0.02854166666666691,-0.021527777777777146,-0.05208333333333215,-0.019722222222222197,0.0006250000000000977,0.05222222222222239,0.001180555555555518,0.00416666666666643,0.0,0.05756944444444301,0.05756944444444301,12000.0
13101,stockerau_full_12000_0,S2B_MSIL2A_20230604T095559_R122_T33UWP_20230604T174403,100,,0.0,0.041666666666666664,2.8819444444444446,55.708333333333336,21.61111111111111,3.1805555555555554,1.0972222222222223,2.076388888888889,0.375,13.027777777777779,0.0,14400,0,0.0,12000.000000000116,12000.000000000931,0.8946397304534912,15.479166666666668,,0.0,0.008333333333333331,0.06500000000000039,-0.28194444444444144,0.048611111111110716,0.0011111111111108407,0.02666666666666684,-0.07972222222222225,0.013333333333333308,0.19861111111111107,0.0,0.13222222222222157,0.28194444444444144,12000.0
13114,stockerau_full_12000_0,S2B_MSIL2A_20230604T095559_R122_T33UWP_20230604T174403,200,,0.0,0.027777777777777776,3.0,56.111111111111114,20.805555555555557,3.111111111111111,1.2777777777777777,2.361111111111111,0.3611111111111111,12.944444444444445,0.0,3600,0,0.0,12000.000000000116,12000.000000000931,0.8256494998931885,15.666666666666668,,0.0,-0.005555555555555557,0.18305555555555575,0.12083333333333712,-0.7569444444444429,-0.06833333333333336,0.2072222222222222,0.20500000000000007,-0.0005555555555555869,0.11527777777777715,0.0,0.3197222222222216,0.7569444444444429,12000.0
13127,stockerau_full_12000_0,S2B_MSIL2A_20230604T095559_R122_T33UWP_20230604T174403,500,,0.0,0.0,3.6458333333333335,53.99305555555556,21.52777777777778,2.951388888888889,0.8680555555555556,2.2569444444444446,0.3472222222222222,14.409722222222221,0.0,576,0,0.0,12000.000000000116,12000.000000000931,0.9326310157775879,17.01388888888889,,0.0,-0.03333333333333333,0.8288888888888892,-1.99722222222222,-0.03472222222222143,-0.22805555555555568,-0.2024999999999999,0.10083333333333355,-0.014444444444444482,1.580555555555554,0.0,1.666944444444443,1.99722222222222,12000.0
13140,stockerau_full_12000_0,S2B_MSIL2A_20230604T095559_R122_T33UWP_20230604T174403,1000,,0.0,0.0,2.0833333333333335,54.166666666666664,21.52777777777778,2.0833333333333335,2.0833333333333335,1.3888888888888888,3.4722222222222223,13.194444444444445,0.0,144,0,0.0,12000.000000000116,12000.000000000931,0.8398826122283936,18.055555555555557,,0.0,-0.03333333333333333,-0.7336111111111108,-1.8236111111111128,-0.03472222222222143,-1.096111111111111,1.012777777777778,-0.7672222222222222,3.1105555555555555,0.36527777777777715,0.0,2.708611111111111,2.708611111111111,12000.0
13078,stockerau_full_12000_0,S2B_MSIL2A_20230611T094549_R079_T33UWP_20230611T135320,20,,0.0,0.0,0.0,0.0,0.0011111111111111111,0.0005555555555555556,0.0,0.19444444444444445,99.80388888888889,0.0,0.0,360000,0,0.0,12000.000000000116,12000.000000000931,0.9989397525787354,99.99833333333333,,0.0,0.0,0.0,0.0,0.0,0.0,0.0,0.0,0.0,0.0,0.0,0.0,0.0,12000.0
13091,stockerau_full_12000_0,S2B_MSIL2A_20230611T094549_R079_T33UWP_20230611T135320,50,,0.0,0.0,0.0,0.0,0.003472222222222222,0.0,0.0,0.1857638888888889,99.81076388888889,0.0,0.0,57600,0,0.0,12000.000000000116,12000.000000000931,0.9348976612091064,99.99652777777777,,0.0,0.0,0.0,0.0,0.0023611111111111107,-0.0005555555555555556,0.0,-0.008680555555555552,0.006874999999993747,0.0,0.0,-0.0018055555555633873,0.0023611111111111107,12000.0
13104,stockerau_full_12000_0,S2B_MSIL2A_20230611T094549_R079_T33UWP_20230611T135320,100,,0.0,0.0,0.0,0.0,0.0,0.0,0.0,0.18055555555555555,99.81944444444444,0.0,0.0,14400,0,0.0,12000.000000000116,12000.000000000931,0.8946397304534912,100.0,,0.0,0.0,0.0,0.0,-0.0011111111111111111,-0.0005555555555555556,0.0,-0.013888888888888895,0.015555555555550882,0.0,0.0,0.0016666666666651508,0.0016666666666651508,12000.0
13117,stockerau_full_12000_0,S2B_MSIL2A_20230611T094549_R079_T33UWP_20230611T135320,200,,0.0,0.0,0.0,0.0,0.0,0.0,0.0,0.1388888888888889,99.86111111111111,0.0,0.0,3600,0,0.0,12000.000000000116,12000.000000000931,0.8256494998931885,100.0,,0.0,0.0,0.0,0.0,-0.0011111111111111111,-0.0005555555555555556,0.0,-0.05555555555555555,0.057222222222222285,0.0,0.0,0.0016666666666651508,0.0016666666666651508,12000.0
13130,stockerau_full_12000_0,S2B_MSIL2A_20230611T094549_R079_T33UWP_20230611T135320,500,,0.0,0.0,0.0,0.0,0.0,0.0,0.0,0.1736111111111111,99.82638888888889,0.0,0.0,576,0,0.0,12000.000000000116,12000.000000000931,0.9326310157775879,100.0,,0.0,0.0,0.0,0.0,-0.0011111111111111111,-0.0005555555555555556,0.0,-0.020833333333333343,0.022499999999993747,0.0,0.0,0.0016666666666651508,0.0016666666666651508,12000.0
13143,stockerau_full_12000_0,S2B_MSIL2A_20230611T094549_R079_T33UWP_20230611T135320,1000,,0.0,0.0,0.0,0.0,0.0,0.0,0.0,0.0,100.0,0.0,0.0,144,0,0.0,12000.000000000116,12000.000000000931,0.8398826122283936,100.0,,0.0,0.0,0.0,0.0,-0.0011111111111111111,-0.0005555555555555556,0.0,-0.19444444444444445,0.19611111111110802,0.0,0.0,0.0016666666666651508,0.0016666666666651508,12000.0
13079,stockerau_full_12000_0,S2B_MSIL2A_20230614T095559_R122_T33UWP_20230614T142248,20,,0.0,0.03222222222222222,6.741388888888889,66.29305555555555,18.809166666666666,2.5044444444444443,0.7605555555555555,2.3869444444444445,2.421111111111111,0.051111111111111114,0.0,360000,0,0.0,12000.000000000116,12000.000000000931,0.9989397525787354,4.859166666666667,,0.0,0.0,0.0,0.0,0.0,0.0,0.0,0.0,0.0,0.0,0.0,0.0,0.0,12000.0
13092,stockerau_full_12000_0,S2B_MSIL2A_20230614T095559_R122_T33UWP_20230614T142248,50,,0.0,0.03993055555555555,6.763888888888889,66.35069444444444,18.70659722222222,2.4583333333333335,0.8072916666666666,2.3871527777777777,2.439236111111111,0.046875,0.0,57600,0,0.0,12000.000000000116,12000.000000000931,0.9348976612091064,4.873263888888889,,0.0,0.007708333333333331,0.022499999999999964,0.05763888888888857,-0.10256944444444471,-0.04611111111111077,0.04673611111111109,0.00020833333333314386,0.018124999999999947,-0.004236111111111114,0.0,0.014097222222222427,0.10256944444444471,12000.0
13105,stockerau_full_12000_0,S2B_MSIL2A_20230614T095559_R122_T33UWP_20230614T142248,100,,0.0,0.034722222222222224,6.673611111111111,66.61805555555556,18.479166666666668,2.486111111111111,0.7777777777777778,2.4444444444444446,2.451388888888889,0.034722222222222224,0.0,14400,0,0.0,12000.000000000116,12000.000000000931,0.8946397304534912,4.930555555555556,,0.0,0.0025000000000000022,-0.0677777777777786,0.32500000000000284,-0.3299999999999983,-0.01833333333333309,0.01722222222222225,0.05750000000000011,0.030277777777777626,-0.01638888888888889,0.0,0.07138888888888939,0.3299999999999983,12000.0
13118,stockerau_full_12000_0,S2B_MSIL2A_20230614T095559_R122_T33UWP_20230614T142248,200,,0.0,0.05555555555555555,6.5,67.11111111111111,18.583333333333332,2.4722222222222223,0.7222222222222222,2.0277777777777777,2.4444444444444446,0.08333333333333333,0.0,3600,0,0.0,12000.000000000116,12000.000000000931,0.8256494998931885,4.555555555555555,,0.0,0.02333333333333333,-0.24138888888888932,0.81805555555556,-0.225833333333334,-0.03222222222222193,-0.03833333333333333,-0.35916666666666686,0.023333333333333428,0.032222222222222215,0.0,-0.3036111111111115,0.81805555555556,12000.0
13131,stockerau_full_12000_0,S2B_MSIL2A_20230614T095559_R122_T33UWP_20230614T142248,500,,0.0,0.0,6.25,67.36111111111111,17.708333333333332,2.6041666666666665,1.2152777777777777,2.2569444444444446,2.4305555555555554,0.1736111111111111,0.0,576,0,0.0,12000.000000000116,12000.000000000931,0.9326310157775879,4.861111111111111,,0.0,-0.03222222222222222,-0.4913888888888893,1.06805555555556,-1.100833333333334,0.09972222222222227,0.45472222222222214,-0.1299999999999999,0.009444444444444144,0.1225,0.0,0.0019444444444438602,1.100833333333334,12000.0
13144,stockerau_full_12000_0,S2B_MSIL2A_20230614T095559_R122_T33UWP_20230614T142248,1000,,0.0,0.0,5.555555555555555,64.58333333333333,20.833333333333332,2.0833333333333335,0.6944444444444444,2.7777777777777777,3.4722222222222223,0.0,0.0,144,0,0.0,12000.000000000116,12000.000000000931,0.8398826122283936,6.25,,0.0,-0.03222222222222222,-1.185833333333334,-1.7097222222222257,2.024166666666666,-0.42111111111111077,-0.06611111111111112,0.39083333333333314,1.051111111111111,-0.051111111111111114,0.0,1.3908333333333331,2.024166666666666,12000.0
13082,stockerau_full_12000_0,S2B_MSIL2A_20230621T094549_R079_T33UWP_20230621T143955,20,,0.0,0.0275,0.0,60.97611111111111,9.175,3.123611111111111,0.3425,8.319722222222222,0.10805555555555556,17.9275,0.0,360000,0,0.0,12000.000000000116,12000.000000000931,0.9989397525787354,26.355277777777776,,0.0,0.0,0.0,0.0,0.0,0.0,0.0,0.0,0.0,0.0,0.0,0.0,0.0,12000.0
13095,stockerau_full_12000_0,S2B_MSIL2A_20230621T094549_R079_T33UWP_20230621T143955,50,,0.0,0.03125,0.0,61.170138888888886,8.961805555555555,3.1180555555555554,0.3090277777777778,8.319444444444445,0.11284722222222222,17.977430555555557,0.0,57600,0,0.0,12000.000000000116,12000.000000000931,0.9348976612091064,26.40972222222222,,0.0,0.00375,0.0,0.19402777777777658,-0.21319444444444535,-0.005555555555555536,-0.03347222222222224,-0.000277777777776933,0.004791666666666666,0.0499305555555587,0.0,0.05444444444444585,0.21319444444444535,12000.0
13108,stockerau_full_12000_0,S2B_MSIL2A_20230621T094549_R079_T33UWP_20230621T143955,100,,0.0,0.027777777777777776,0.0,60.875,9.020833333333334,3.111111111111111,0.3125,8.416666666666666,0.1111111111111111,18.125,0.0,14400,0,0.0,12000.000000000116,12000.000000000931,0.8946397304534912,26.65277777777778,,0.0,0.0002777777777777761,0.0,-0.10111111111110915,-0.15416666666666679,-0.012499999999999734,-0.030000000000000027,0.0969444444444445,0.0030555555555555475,0.19750000000000156,0.0,0.297500000000003,0.297500000000003,12000.0
13121,stockerau_full_12000_0,S2B_MSIL2A_20230621T094549_R079_T33UWP_20230621T143955,200,,0.0,0.027777777777777776,0.0,60.47222222222222,9.027777777777779,2.9444444444444446,0.5,8.472222222222221,0.1111111111111111,18.444444444444443,0.0,3600,0,0.0,12000.000000000116,12000.000000000931,0.8256494998931885,27.027777777777775,,0.0,0.0002777777777777761,0.0,-0.5038888888888877,-0.14722222222222214,-0.17916666666666625,0.15749999999999997,0.15249999999999986,0.0030555555555555475,0.5169444444444444,0.0,0.6724999999999994,0.6724999999999994,12000.0
13134,stockerau_full_12000_0,S2B_MSIL2A_20230621T094549_R079_T33UWP_20230621T143955,500,,0.0,0.0,0.0,60.59027777777778,9.20138888888889,2.951388888888889,0.3472222222222222,8.506944444444445,0.3472222222222222,18.055555555555557,0.0,576,0,0.0,12000.000000000116,12000.000000000931,0.9326310157775879,26.90972222222222,,0.0,-0.0275,0.0,-0.3858333333333306,0.026388888888888573,-0.17222222222222205,0.004722222222222183,0.18722222222222307,0.23916666666666664,0.1280555555555587,0.0,0.5544444444444458,0.5544444444444458,12000.0
13147,stockerau_full_12000_0,S2B_MSIL2A_20230621T094549_R079_T33UWP_20230621T143955,1000,,0.0,0.0,0.0,61.80555555555556,8.333333333333334,2.0833333333333335,0.6944444444444444,7.638888888888889,0.0,19.444444444444443,0.0,144,0,0.0,12000.000000000116,12000.000000000931,0.8398826122283936,27.083333333333332,,0.0,-0.0275,0.0,0.829444444444448,-0.8416666666666668,-1.0402777777777774,0.3519444444444444,-0.6808333333333323,-0.10805555555555556,1.5169444444444444,0.0,0.7280555555555566,1.0402777777777774,12000.0
13083,stockerau_full_12000_0,S2B_MSIL2A_20230624T095559_R122_T33UWP_20230624T142946,20,,0.0,0.0,0.03388888888888889,0.0,0.011111111111111112,0.0925,0.0,3.0444444444444443,96.74083333333333,0.07527777777777778,0.0019444444444444444,360000,0,0.0,12000.000000000116,12000.000000000931,0.9989397525787354,99.86055555555554,,0.0,0.0,0.0,0.0,0.0,0.0,0.0,0.0,0.0,0.0,0.0,0.0,0.0,12000.0
13096,stockerau_full_12000_0,S2B_MSIL2A_20230624T095559_R122_T33UWP_20230624T142946,50,,0.0,0.0,0.03125,0.0,0.012152777777777778,0.078125,0.0,2.967013888888889,96.83159722222223,0.078125,0.001736111111111111,57600,0,0.0,12000.000000000116,12000.000000000931,0.9348976612091064,99.87673611111111,,0.0,0.0,-0.002638888888888892,0.0,0.0010416666666666664,-0.014374999999999999,0.0,-0.07743055555555545,0.09076388888890108,0.002847222222222223,-0.00020833333333333337,0.016180555555578735,0.016180555555578735,12000.0
13109,stockerau_full_12000_0,S2B_MSIL2A_20230624T095559_R122_T33UWP_20230624T142946,100,,0.0,0.0,0.05555555555555555,0.0,0.013888888888888888,0.0763888888888889,0.0,2.8541666666666665,96.92361111111111,0.06944444444444445,0.006944444444444444,14400,0,0.0,12000.000000000116,12000.000000000931,0.8946397304534912,99.84722222222223,,0.0,0.0,0.02166666666666666,0.0,0.0027777777777777766,-0.016111111111111104,0.0,-0.19027777777777777,0.1827777777777868,-0.005833333333333329,0.004999999999999999,-0.013333333333306996,0.02166666666666666,12000.0
13122,stockerau_full_12000_0,S2B_MSIL2A_20230624T095559_R122_T33UWP_20230624T142946,200,,0.0,0.0,0.027777777777777776,0.0,0.0,0.1388888888888889,0.0,3.0,96.75,0.05555555555555555,0.027777777777777776,3600,0,0.0,12000.000000000116,12000.000000000931,0.8256494998931885,99.80555555555556,,0.0,0.0,-0.006111111111111116,0.0,-0.011111111111111112,0.046388888888888896,0.0,-0.04444444444444429,0.00916666666667254,-0.019722222222222224,0.025833333333333333,-0.0549999999999784,0.0549999999999784,12000.0
13135,stockerau_full_12000_0,S2B_MSIL2A_20230624T095559_R122_T33UWP_20230624T142946,500,,0.0,0.0,0.0,0.0,0.0,0.0,0.0,3.125,96.875,0.0,0.0,576,0,0.0,12000.000000000116,12000.000000000931,0.9326310157775879,100.0,,0.0,0.0,-0.03388888888888889,0.0,-0.011111111111111112,-0.0925,0.0,0.08055555555555571,0.13416666666667254,-0.07527777777777778,-0.0019444444444444444,0.13944444444446447,0.13944444444446447,12000.0
13148,stockerau_full_12000_0,S2B_MSIL2A_20230624T095559_R122_T33UWP_20230624T142946,1000,,0.0,0.0,0.0,0.0,0.0,0.0,0.0,2.0833333333333335,97.91666666666667,0.0,0.0,144,0,0.0,12000.000000000116,12000.000000000931,0.8398826122283936,100.0,,0.0,0.0,-0.03388888888888889,0.0,-0.011111111111111112,-0.0925,0.0,-0.9611111111111108,1.175833333333344,-0.07527777777777778,-0.0019444444444444444,0.13944444444446447,0.13944444444446447,12000.0
13086,stockerau_full_12000_0,S2B_MSIL2A_20230701T094549_R079_T33UWP_20230701T152448,20,,0.0,0.0,0.0,0.0,0.0,0.0,0.0,0.0011111111111111111,99.99888888888889,0.0,0.0,360000,0,0.0,12000.000000000116,12000.000000000931,0.9989397525787354,100.0,,0.0,0.0,0.0,0.0,0.0,0.0,0.0,0.0,0.0,0.0,0.0,0.0,0.0,12000.0
13099,stockerau_full_12000_0,S2B_MSIL2A_20230701T094549_R079_T33UWP_20230701T152448,50,,0.0,0.0,0.0,0.0,0.0,0.0,0.0,0.0,100.0,0.0,0.0,57600,0,0.0,12000.000000000116,12000.000000000931,0.9348976612091064,100.0,,0.0,0.0,0.0,0.0,0.0,0.0,0.0,-0.0011111111111111111,0.0011111111111148375,0.0,0.0,0.0,0.0,12000.0
13112,stockerau_full_12000_0,S2B_MSIL2A_20230701T094549_R079_T33UWP_20230701T152448,100,,0.0,0.0,0.0,0.0,0.0,0.0,0.0,0.006944444444444444,99.99305555555556,0.0,0.0,14400,0,0.0,12000.000000000116,12000.000000000931,0.8946397304534912,100.0,,0.0,0.0,0.0,0.0,0.0,0.0,0.0,0.005833333333333333,-0.005833333333328028,0.0,0.0,0.0,0.0,12000.0
13125,stockerau_full_12000_0,S2B_MSIL2A_20230701T094549_R079_T33UWP_20230701T152448,200,,0.0,0.0,0.0,0.0,0.0,0.0,0.0,0.0,100.0,0.0,0.0,3600,0,0.0,12000.000000000116,12000.000000000931,0.8256494998931885,100.0,,0.0,0.0,0.0,0.0,0.0,0.0,0.0,-0.0011111111111111111,0.0011111111111148375,0.0,0.0,0.0,0.0,12000.0
13138,stockerau_full_12000_0,S2B_MSIL2A_20230701T094549_R079_T33UWP_20230701T152448,500,,0.0,0.0,0.0,0.0,0.0,0.0,0.0,0.0,100.0,0.0,0.0,576,0,0.0,12000.000000000116,12000.000000000931,0.9326310157775879,100.0,,0.0,0.0,0.0,0.0,0.0,0.0,0.0,-0.0011111111111111111,0.0011111111111148375,0.0,0.0,0.0,0.0,12000.0
13151,stockerau_full_12000_0,S2B_MSIL2A_20230701T094549_R079_T33UWP_20230701T152448,1000,,0.0,0.0,0.0,0.0,0.0,0.0,0.0,0.0,100.0,0.0,0.0,144,0,0.0,12000.000000000116,12000.000000000931,0.8398826122283936,100.0,,0.0,0.0,0.0,0.0,0.0,0.0,0.0,-0.0011111111111111111,0.0011111111111148375,0.0,0.0,0.0,0.0,12000.0
13154,stockerau_full_12000_1,S2A_MSIL2A_20230606T095031_R079_T33UWP_20230606T162616,20,,0.0,0.0,0.0,0.0,0.0,0.0,0.21472222222222223,3.6752777777777776,96.11,0.0,0.0,360000,0,0.0,12000.000000000233,12000.000000001863,1.0535590648651123,99.78527777777778,,0.0,0.0,0.0,0.0,0.0,0.0,0.0,0.0,0.0,0.0,0.0,0.0,0.0,12000.0
13167,stockerau_full_12000_1,S2A_MSIL2A_20230606T095031_R079_T33UWP_20230606T162616,50,,0.0,0.0,0.0,0.0,0.0,0.0,0.2222222222222222,3.7239583333333335,96.05381944444444,0.0,0.0,57600,0,0.0,12000.000000000233,12000.000000001863,1.004289150238037,99.77777777777777,,0.0,0.0,0.0,0.0,0.0,0.0,0.007499999999999979,0.04868055555555584,-0.056180555555556566,0.0,0.0,-0.00750000000000739,0.00750000000000739,12000.0
13180,stockerau_full_12000_1,S2A_MSIL2A_20230606T095031_R079_T33UWP_20230606T162616,100,,0.0,0.0,0.0,0.0,0.0,0.0,0.25,3.638888888888889,96.11111111111111,0.0,0.0,14400,0,0.0,12000.000000000233,12000.000000001863,0.8728952407836914,99.75,,0.0,0.0,0.0,0.0,0.0,0.0,0.03527777777777777,-0.036388888888888804,0.0011111111111148375,0.0,0.0,-0.03527777777777885,0.03527777777777885,12000.0
13193,stockerau_full_12000_1,S2A_MSIL2A_20230606T095031_R079_T33UWP_20230606T162616,200,,0.0,0.0,0.0,0.0,0.0,0.0,0.16666666666666666,3.9444444444444446,95.88888888888889,0.0,0.0,3600,0,0.0,12000.000000000233,12000.000000001863,0.8803920745849609,99.83333333333333,,0.0,0.0,0.0,0.0,0.0,0.0,-0.048055555555555574,0.269166666666667,-0.2211111111111137,0.0,0.0,0.048055555555549745,0.048055555555555574,12000.0
13206,stockerau_full_12000_1,S2A_MSIL2A_20230606T095031_R079_T33UWP_20230606T162616,500,,0.0,0.0,0.0,0.0,0.0,0.0,0.1736111111111111,3.6458333333333335,96.18055555555556,0.0,0.0,576,0,0.0,12000.000000000233,12000.000000001863,0.732018232345581,99.82638888888889,,0.0,0.0,0.0,0.0,0.0,0.0,-0.041111111111111126,-0.029444444444444162,0.0705555555555577,0.0,0.0,0.04111111111110688,0.041111111111111126,12000.0
13219,stockerau_full_12000_1,S2A_MSIL2A_20230606T095031_R079_T33UWP_20230606T162616,1000,,0.0,0.0,0.0,0.0,0.0,0.0,1.3888888888888888,5.555555555555555,93.05555555555556,0.0,0.0,144,0,0.0,12000.000000000233,12000.000000001863,0.8630321025848389,98.61111111111111,,0.0,0.0,0.0,0.0,0.0,0.0,1.1741666666666666,1.8802777777777777,-3.0544444444444423,0.0,0.0,-1.1741666666666646,1.1741666666666666,12000.0
13155,stockerau_full_12000_1,S2A_MSIL2A_20230609T100031_R122_T33UWP_20230609T173715,20,,0.0,0.0,0.026111111111111113,0.0,0.0,0.0,0.0,12.918333333333333,86.45,0.6055555555555555,0.0,360000,0,0.0,12000.000000000233,12000.000000001863,1.0535590648651123,99.9738888888889,,0.0,0.0,0.0,0.0,0.0,0.0,0.0,0.0,0.0,0.0,0.0,0.0,0.0,12000.0
13168,stockerau_full_12000_1,S2A_MSIL2A_20230609T100031_R122_T33UWP_20230609T173715,50,,0.0,0.0,0.027777777777777776,0.0,0.0,0.0,0.0,12.84548611111111,86.53993055555556,0.5868055555555556,0.0,57600,0,0.0,12000.000000000233,12000.000000001863,1.004289150238037,99.97222222222223,,0.0,0.0,0.0016666666666666635,0.0,0.0,0.0,0.0,-0.07284722222222229,0.08993055555555429,-0.018749999999999933,0.0,-0.0016666666666651508,0.0016666666666666635,12000.0
13181,stockerau_full_12000_1,S2A_MSIL2A_20230609T100031_R122_T33UWP_20230609T173715,100,,0.0,0.0,0.020833333333333332,0.0,0.0,0.0,0.0,12.965277777777779,86.39583333333333,0.6180555555555556,0.0,14400,0,0.0,12000.000000000233,12000.000000001863,0.8728952407836914,99.97916666666667,,0.0,0.0,-0.0052777777777777805,0.0,0.0,0.0,0.0,0.046944444444445566,-0.054166666666674246,0.012500000000000067,0.0,0.005277777777777715,0.0052777777777777805,12000.0
13194,stockerau_full_12000_1,S2A_MSIL2A_20230609T100031_R122_T33UWP_20230609T173715,200,,0.0,0.0,0.027777777777777776,0.0,0.0,0.0,0.0,12.055555555555555,87.30555555555556,0.6111111111111112,0.0,3600,0,0.0,12000.000000000233,12000.000000001863,0.8803920745849609,99.97222222222223,,0.0,0.0,0.0016666666666666635,0.0,0.0,0.0,0.0,-0.8627777777777776,0.8555555555555543,0.005555555555555647,0.0,-0.0016666666666651508,0.0016666666666666635,12000.0
13207,stockerau_full_12000_1,S2A_MSIL2A_20230609T100031_R122_T33UWP_20230609T173715,500,,0.0,0.0,0.0,0.0,0.0,0.0,0.0,12.32638888888889,86.97916666666667,0.6944444444444444,0.0,576,0,0.0,12000.000000000233,12000.000000001863,0.732018232345581,100.0,,0.0,0.0,-0.026111111111111113,0.0,0.0,0.0,0.0,-0.5919444444444437,0.5291666666666686,0.0888888888888889,0.0,0.02611111111110631,0.026111111111111113,12000.0
13220,stockerau_full_12000_1,S2A_MSIL2A_20230609T100031_R122_T33UWP_20230609T173715,1000,,0.0,0.0,0.0,0.0,0.0,0.0,0.0,11.11111111111111,88.88888888888889,0.0,0.0,144,0,0.0,12000.000000000233,12000.000000001863,0.8630321025848389,100.0,,0.0,0.0,-0.026111111111111113,0.0,0.0,0.0,0.0,-1.8072222222222223,2.438888888888883,-0.6055555555555555,0.0,0.02611111111110631,0.026111111111111113,12000.0
13158,stockerau_full_12000_1,S2A_MSIL2A_20230616T095031_R079_T33UWP_20230616T172735,20,,0.0,0.0,5.691388888888889,50.21805555555556,15.862222222222222,0.011666666666666667,0.3525,9.106666666666667,18.061666666666667,0.6958333333333333,0.0,360000,0,0.0,12000.000000000233,12000.000000001863,1.0535590648651123,27.86416666666667,,0.0,0.0,0.0,0.0,0.0,0.0,0.0,0.0,0.0,0.0,0.0,0.0,0.0,12000.0
13171,stockerau_full_12000_1,S2A_MSIL2A_20230616T095031_R079_T33UWP_20230616T172735,50,,0.0,0.0,5.631944444444445,50.52256944444444,15.855902777777779,0.010416666666666666,0.3402777777777778,8.980902777777779,17.953125,0.7048611111111112,0.0,57600,0,0.0,12000.000000000233,12000.000000001863,1.004289150238037,27.63888888888889,,0.0,0.0,-0.05944444444444397,0.3045138888888843,-0.006319444444443434,-0.0012500000000000011,-0.01222222222222219,-0.1257638888888888,-0.10854166666666742,0.009027777777777857,0.0,-0.22527777777778013,0.3045138888888843,12000.0
13184,stockerau_full_12000_1,S2A_MSIL2A_20230616T095031_R079_T33UWP_20230616T172735,100,,0.0,0.0,5.694444444444445,50.333333333333336,16.42361111111111,0.006944444444444444,0.3541666666666667,8.98611111111111,17.51388888888889,0.6875,0.0,14400,0,0.0,12000.000000000233,12000.000000001863,0.8728952407836914,27.1875,,0.0,0.0,0.003055555555556033,0.11527777777777715,0.5613888888888887,-0.004722222222222223,0.0016666666666667052,-0.12055555555555664,-0.5477777777777781,-0.008333333333333304,0.0,-0.6766666666666694,0.6766666666666694,12000.0
13197,stockerau_full_12000_1,S2A_MSIL2A_20230616T095031_R079_T33UWP_20230616T172735,200,,0.0,0.0,5.555555555555555,51.416666666666664,16.22222222222222,0.0,0.2222222222222222,8.555555555555555,17.333333333333332,0.6944444444444444,0.0,3600,0,0.0,12000.000000000233,12000.000000001863,0.8803920745849609,26.58333333333333,,0.0,0.0,-0.13583333333333325,1.1986111111111057,0.35999999999999943,-0.011666666666666667,-0.13027777777777777,-0.551111111111112,-0.7283333333333353,-0.001388888888888884,0.0,-1.2808333333333408,1.2808333333333408,12000.0
13210,stockerau_full_12000_1,S2A_MSIL2A_20230616T095031_R079_T33UWP_20230616T172735,500,,0.0,0.0,5.381944444444445,49.65277777777778,18.57638888888889,0.0,0.5208333333333334,8.333333333333334,16.84027777777778,0.6944444444444444,0.0,576,0,0.0,12000.000000000233,12000.000000001863,0.732018232345581,25.868055555555557,,0.0,0.0,-0.30944444444444397,-0.56527777777778,2.7141666666666673,-0.011666666666666667,0.1683333333333334,-0.7733333333333334,-1.2213888888888889,-0.001388888888888884,0.0,-1.9961111111111123,2.7141666666666673,12000.0
13223,stockerau_full_12000_1,S2A_MSIL2A_20230616T095031_R079_T33UWP_20230616T172735,1000,,0.0,0.0,5.555555555555555,54.861111111111114,18.055555555555557,0.0,0.0,8.333333333333334,12.5,0.6944444444444444,0.0,144,0,0.0,12000.000000000233,12000.000000001863,0.8630321025848389,21.52777777777778,,0.0,0.0,-0.13583333333333325,4.643055555555556,2.193333333333335,-0.011666666666666667,-0.3525,-0.7733333333333334,-5.561666666666667,-0.001388888888888884,0.0,-6.336388888888891,6.336388888888891,12000.0
13159,stockerau_full_12000_1,S2A_MSIL2A_20230619T100031_R122_T33UWP_20230619T172742,20,,0.0,0.0,0.22944444444444445,74.99166666666666,15.007222222222222,0.010833333333333334,0.8583333333333333,0.5194444444444445,0.035833333333333335,8.347222222222221,0.0,360000,0,0.0,12000.000000000233,12000.000000001863,1.0535590648651123,8.9025,,0.0,0.0,0.0,0.0,0.0,0.0,0.0,0.0,0.0,0.0,0.0,0.0,0.0,12000.0
13172,stockerau_full_12000_1,S2A_MSIL2A_20230619T100031_R122_T33UWP_20230619T172742,50,,0.0,0.0,0.2222222222222222,75.125,14.960069444444445,0.008680555555555556,0.8576388888888888,0.4895833333333333,0.03993055555555555,8.296875,0.0,57600,0,0.0,12000.000000000233,12000.000000001863,1.004289150238037,8.82638888888889,,0.0,0.0,-0.007222222222222241,0.13333333333333997,-0.04715277777777693,-0.0021527777777777778,-0.000694444444444442,-0.02986111111111117,0.004097222222222217,-0.05034722222222143,0.0,-0.07611111111111057,0.13333333333333997,12000.0
13185,stockerau_full_12000_1,S2A_MSIL2A_20230619T100031_R122_T33UWP_20230619T172742,100,,0.0,0.0,0.2222222222222222,75.0,15.333333333333334,0.006944444444444444,0.875,0.4652777777777778,0.04861111111111111,8.04861111111111,0.0,14400,0,0.0,12000.000000000233,12000.000000001863,0.8728952407836914,8.5625,,0.0,0.0,-0.007222222222222241,0.008333333333339965,0.32611111111111235,-0.0038888888888888896,0.01666666666666672,-0.054166666666666696,0.012777777777777777,-0.2986111111111107,0.0,-0.33999999999999986,0.33999999999999986,12000.0
13198,stockerau_full_12000_1,S2A_MSIL2A_20230619T100031_R122_T33UWP_20230619T172742,200,,0.0,0.0,0.2222222222222222,75.69444444444444,14.722222222222221,0.0,1.0,0.4444444444444444,0.05555555555555555,7.861111111111111,0.0,3600,0,0.0,12000.000000000233,12000.000000001863,0.8803920745849609,8.36111111111111,,0.0,0.0,-0.007222222222222241,0.7027777777777828,-0.28500000000000014,-0.010833333333333334,0.14166666666666672,-0.07500000000000007,0.019722222222222217,-0.4861111111111107,0.0,-0.5413888888888891,0.7027777777777828,12000.0
13211,stockerau_full_12000_1,S2A_MSIL2A_20230619T100031_R122_T33UWP_20230619T172742,500,,0.0,0.0,0.3472222222222222,74.82638888888889,15.79861111111111,0.0,1.2152777777777777,0.1736111111111111,0.0,7.638888888888889,0.0,576,0,0.0,12000.000000000233,12000.000000001863,0.732018232345581,7.8125,,0.0,0.0,0.11777777777777776,-0.1652777777777743,0.7913888888888891,-0.010833333333333334,0.3569444444444444,-0.3458333333333334,-0.035833333333333335,-0.7083333333333321,0.0,-1.0899999999999999,1.0899999999999999,12000.0
13224,stockerau_full_12000_1,S2A_MSIL2A_20230619T100031_R122_T33UWP_20230619T172742,1000,,0.0,0.0,0.0,76.38888888888889,13.194444444444445,0.0,3.4722222222222223,0.0,0.6944444444444444,6.25,0.0,144,0,0.0,12000.000000000233,12000.000000001863,0.8630321025848389,6.944444444444445,,0.0,0.0,-0.22944444444444445,1.3972222222222257,-1.812777777777777,-0.010833333333333334,2.613888888888889,-0.5194444444444445,0.658611111111111,-2.0972222222222214,0.0,-1.9580555555555552,2.613888888888889,12000.0
13162,stockerau_full_12000_1,S2A_MSIL2A_20230626T095031_R079_T33UWP_20230626T161132,20,,0.0,0.0002777777777777778,0.48694444444444446,87.53361111111111,11.53138888888889,0.011666666666666667,0.03277777777777778,0.2972222222222222,0.10611111111111111,0.0,0.0,360000,0,0.0,12000.000000000233,12000.000000001863,1.0535590648651123,0.4033333333333333,,0.0,0.0,0.0,0.0,0.0,0.0,0.0,0.0,0.0,0.0,0.0,0.0,0.0,12000.0
13175,stockerau_full_12000_1,S2A_MSIL2A_20230626T095031_R079_T33UWP_20230626T161132,50,,0.0,0.0,0.4739583333333333,87.56944444444444,11.505208333333334,0.010416666666666666,0.034722222222222224,0.3003472222222222,0.10590277777777778,0.0,0.0,57600,0,0.0,12000.000000000233,12000.000000001863,1.004289150238037,0.40625,,0.0,-0.0002777777777777778,-0.012986111111111143,0.035833333333329165,-0.02618055555555543,-0.0012500000000000011,0.001944444444444443,0.003124999999999989,-0.00020833333333333814,0.0,0.0,0.0029166666666666785,0.035833333333329165,12000.0
13188,stockerau_full_12000_1,S2A_MSIL2A_20230626T095031_R079_T33UWP_20230626T161132,100,,0.0,0.0,0.4791666666666667,87.24305555555556,11.833333333333334,0.006944444444444444,0.020833333333333332,0.3263888888888889,0.09027777777777778,0.0,0.0,14400,0,0.0,12000.000000000233,12000.000000001863,0.8728952407836914,0.4166666666666667,,0.0,-0.0002777777777777778,-0.007777777777777772,-0.29055555555555657,0.30194444444444457,-0.004722222222222223,-0.011944444444444448,0.029166666666666674,-0.015833333333333338,0.0,0.0,0.013333333333333364,0.30194444444444457,12000.0
13201,stockerau_full_12000_1,S2A_MSIL2A_20230626T095031_R079_T33UWP_20230626T161132,200,,0.0,0.0,0.4444444444444444,87.63888888888889,11.38888888888889,0.0,0.027777777777777776,0.4166666666666667,0.08333333333333333,0.0,0.0,3600,0,0.0,12000.000000000233,12000.000000001863,0.8803920745849609,0.5,,0.0,-0.0002777777777777778,-0.04250000000000004,0.10527777777777203,-0.14250000000000007,-0.011666666666666667,-0.0050000000000000044,0.11944444444444446,-0.022777777777777786,0.0,0.0,0.09666666666666668,0.14250000000000007,12000.0
13214,stockerau_full_12000_1,S2A_MSIL2A_20230626T095031_R079_T33UWP_20230626T161132,500,,0.0,0.0,0.3472222222222222,86.80555555555556,12.847222222222221,0.0,0.0,0.0,0.0,0.0,0.0,576,0,0.0,12000.000000000233,12000.000000001863,0.732018232345581,0.0,,0.0,-0.0002777777777777778,-0.13972222222222225,-0.7280555555555566,1.315833333333332,-0.011666666666666667,-0.03277777777777778,-0.2972222222222222,-0.10611111111111111,0.0,0.0,-0.4033333333333333,1.315833333333332,12000.0
13227,stockerau_full_12000_1,S2A_MSIL2A_20230626T095031_R079_T33UWP_20230626T161132,1000,,0.0,0.0,0.0,90.97222222222223,8.333333333333334,0.0,0.0,0.6944444444444444,0.0,0.0,0.0,144,0,0.0,12000.000000000233,12000.000000001863,0.8630321025848389,0.6944444444444444,,0.0,-0.0002777777777777778,-0.48694444444444446,3.438611111111115,-3.1980555555555554,-0.011666666666666667,-0.03277777777777778,0.3972222222222222,-0.10611111111111111,0.0,0.0,0.2911111111111111,3.438611111111115,12000.0
13163,stockerau_full_12000_1,S2A_MSIL2A_20230629T100031_R122_T33UWP_20230629T191411,20,,0.0,0.0016666666666666668,5.513055555555556,78.61138888888888,9.293333333333333,0.011666666666666667,0.1786111111111111,4.114166666666667,2.265,0.011111111111111112,0.0,360000,0,0.0,12000.000000000233,12000.000000001863,1.0535590648651123,6.3902777777777775,,0.0,0.0,0.0,0.0,0.0,0.0,0.0,0.0,0.0,0.0,0.0,0.0,0.0,12000.0
13176,stockerau_full_12000_1,S2A_MSIL2A_20230629T100031_R122_T33UWP_20230629T191411,50,,0.0,0.0,5.484375,78.671875,9.291666666666666,0.010416666666666666,0.1892361111111111,4.079861111111111,2.2621527777777777,0.010416666666666666,0.0,57600,0,0.0,12000.000000000233,12000.000000001863,1.004289150238037,6.352430555555555,,0.0,-0.0016666666666666668,-0.02868055555555582,0.06048611111111768,-0.0016666666666669272,-0.0012500000000000011,0.010624999999999996,-0.03430555555555603,-0.0028472222222224453,-0.0006944444444444454,0.0,-0.03784722222222214,0.06048611111111768,12000.0
13189,stockerau_full_12000_1,S2A_MSIL2A_20230629T100031_R122_T33UWP_20230629T191411,100,,0.0,0.0,5.527777777777778,78.43055555555556,9.5625,0.006944444444444444,0.14583333333333334,4.208333333333333,2.1180555555555554,0.0,0.0,14400,0,0.0,12000.000000000233,12000.000000001863,0.8728952407836914,6.326388888888888,,0.0,-0.0016666666666666668,0.014722222222221859,-0.18083333333332519,0.269166666666667,-0.004722222222222223,-0.03277777777777777,0.09416666666666629,-0.14694444444444477,-0.011111111111111112,0.0,-0.0638888888888891,0.269166666666667,12000.0
13202,stockerau_full_12000_1,S2A_MSIL2A_20230629T100031_R122_T33UWP_20230629T191411,200,,0.0,0.0,5.666666666666667,78.44444444444444,9.11111111111111,0.0,0.19444444444444445,4.388888888888889,2.1666666666666665,0.027777777777777776,0.0,3600,0,0.0,12000.000000000233,12000.000000001863,0.8803920745849609,6.583333333333333,,0.0,-0.0016666666666666668,0.15361111111111114,-0.16694444444443945,-0.18222222222222229,-0.011666666666666667,0.015833333333333338,0.27472222222222253,-0.0983333333333336,0.016666666666666663,0.0,0.19305555555555554,0.19305555555555554,12000.0
13215,stockerau_full_12000_1,S2A_MSIL2A_20230629T100031_R122_T33UWP_20230629T191411,500,,0.0,0.0,5.729166666666667,77.08333333333333,10.416666666666666,0.0,0.0,3.9930555555555554,2.7777777777777777,0.0,0.0,576,0,0.0,12000.000000000233,12000.000000001863,0.732018232345581,6.770833333333333,,0.0,-0.0016666666666666668,0.21611111111111114,-1.5280555555555537,1.123333333333333,-0.011666666666666667,-0.1786111111111111,-0.12111111111111139,0.5127777777777776,-0.011111111111111112,0.0,0.38055555555555554,1.5280555555555537,12000.0
13228,stockerau_full_12000_1,S2A_MSIL2A_20230629T100031_R122_T33UWP_20230629T191411,1000,,0.0,0.0,4.166666666666667,79.16666666666667,9.027777777777779,0.0,0.0,4.861111111111111,2.7777777777777777,0.0,0.0,144,0,0.0,12000.000000000233,12000.000000001863,0.8630321025848389,7.638888888888888,,0.0,-0.0016666666666666668,-1.3463888888888889,0.5552777777777891,-0.26555555555555443,-0.011666666666666667,-0.1786111111111111,0.746944444444444,0.5127777777777776,-0.011111111111111112,0.0,1.248611111111111,1.3463888888888889,12000.0
13152,stockerau_full_12000_1,S2B_MSIL2A_20230601T094549_R079_T33UWP_20230601T163321,20,,0.0,0.0,0.0,70.14166666666667,29.83861111111111,0.011666666666666667,0.008055555555555555,0.0,0.0,0.0,0.0,360000,0,0.0,12000.000000000233,12000.000000001863,1.0535590648651123,0.0,,0.0,0.0,0.0,0.0,0.0,0.0,0.0,0.0,0.0,0.0,0.0,0.0,0.0,12000.0
13165,stockerau_full_12000_1,S2B_MSIL2A_20230601T094549_R079_T33UWP_20230601T163321,50,,0.0,0.0,0.0,70.14930555555556,29.835069444444443,0.008680555555555556,0.006944444444444444,0.0,0.0,0.0,0.0,57600,0,0.0,12000.000000000233,12000.000000001863,1.004289150238037,0.0,,0.0,0.0,0.0,0.007638888888891415,-0.0035416666666669983,-0.0029861111111111113,-0.0011111111111111113,0.0,0.0,0.0,0.0,0.0,0.007638888888891415,12000.0
13178,stockerau_full_12000_1,S2B_MSIL2A_20230601T094549_R079_T33UWP_20230601T163321,100,,0.0,0.0,0.0,69.875,30.118055555555557,0.006944444444444444,0.0,0.0,0.0,0.0,0.0,14400,0,0.0,12000.000000000233,12000.000000001863,0.8728952407836914,0.0,,0.0,0.0,0.0,-0.2666666666666657,0.27944444444444727,-0.004722222222222223,-0.008055555555555555,0.0,0.0,0.0,0.0,0.0,0.27944444444444727,12000.0
13191,stockerau_full_12000_1,S2B_MSIL2A_20230601T094549_R079_T33UWP_20230601T163321,200,,0.0,0.0,0.0,70.05555555555556,29.944444444444443,0.0,0.0,0.0,0.0,0.0,0.0,3600,0,0.0,12000.000000000233,12000.000000001863,0.8803920745849609,0.0,,0.0,0.0,0.0,-0.08611111111110858,0.105833333333333,-0.011666666666666667,-0.008055555555555555,0.0,0.0,0.0,0.0,0.0,0.105833333333333,12000.0
13204,stockerau_full_12000_1,S2B_MSIL2A_20230601T094549_R079_T33UWP_20230601T163321,500,,0.0,0.0,0.0,67.70833333333333,32.291666666666664,0.0,0.0,0.0,0.0,0.0,0.0,576,0,0.0,12000.000000000233,12000.000000001863,0.732018232345581,0.0,,0.0,0.0,0.0,-2.433333333333337,2.4530555555555544,-0.011666666666666667,-0.008055555555555555,0.0,0.0,0.0,0.0,0.0,2.4530555555555544,12000.0
13217,stockerau_full_12000_1,S2B_MSIL2A_20230601T094549_R079_T33UWP_20230601T163321,1000,,0.0,0.0,0.0,69.44444444444444,30.555555555555557,0.0,0.0,0.0,0.0,0.0,0.0,144,0,0.0,12000.000000000233,12000.000000001863,0.8630321025848389,0.0,,0.0,0.0,0.0,-0.6972222222222229,0.7169444444444473,-0.011666666666666667,-0.008055555555555555,0.0,0.0,0.0,0.0,0.0,0.7169444444444473,12000.0
13153,stockerau_full_12000_1,S2B_MSIL2A_20230604T095559_R122_T33UWP_20230604T174403,20,,0.0,0.0,0.7952777777777778,57.88527777777778,24.458333333333332,0.0,0.7461111111111111,2.7516666666666665,0.455,12.908333333333333,0.0,360000,0,0.0,12000.000000000233,12000.000000001863,1.0535590648651123,16.115,,0.0,0.0,0.0,0.0,0.0,0.0,0.0,0.0,0.0,0.0,0.0,0.0,0.0,12000.0
13166,stockerau_full_12000_1,S2B_MSIL2A_20230604T095559_R122_T33UWP_20230604T174403,50,,0.0,0.0,0.7795138888888888,57.92881944444444,24.34722222222222,0.0,0.7829861111111112,2.765625,0.4826388888888889,12.913194444444445,0.0,57600,0,0.0,12000.000000000233,12000.000000001863,1.004289150238037,16.161458333333332,,0.0,0.0,-0.01576388888888891,0.04354166666666259,-0.11111111111111072,0.0,0.0368750000000001,0.013958333333333517,0.02763888888888888,0.004861111111111427,0.0,0.04645833333333371,0.11111111111111072,12000.0
13179,stockerau_full_12000_1,S2B_MSIL2A_20230604T095559_R122_T33UWP_20230604T174403,100,,0.0,0.0,0.7847222222222222,57.72222222222222,24.375,0.0,0.7638888888888888,2.8958333333333335,0.4722222222222222,12.98611111111111,0.0,14400,0,0.0,12000.000000000233,12000.000000001863,0.8728952407836914,16.354166666666668,,0.0,0.0,-0.01055555555555554,-0.16305555555555884,-0.08333333333333215,0.0,0.01777777777777778,0.144166666666667,0.017222222222222194,0.0777777777777775,0.0,0.23916666666666941,0.23916666666666941,12000.0
13192,stockerau_full_12000_1,S2B_MSIL2A_20230604T095559_R122_T33UWP_20230604T174403,200,,0.0,0.0,0.8333333333333334,57.77777777777778,24.055555555555557,0.0,0.9722222222222222,3.0277777777777777,0.5,12.833333333333334,0.0,3600,0,0.0,12000.000000000233,12000.000000001863,0.8803920745849609,16.36111111111111,,0.0,0.0,0.03805555555555562,-0.1075000000000017,-0.402777777777775,0.0,0.22611111111111115,0.2761111111111112,0.044999999999999984,-0.07499999999999929,0.0,0.24611111111111228,0.402777777777775,12000.0
13205,stockerau_full_12000_1,S2B_MSIL2A_20230604T095559_R122_T33UWP_20230604T174403,500,,0.0,0.0,0.8680555555555556,55.208333333333336,25.868055555555557,0.0,1.2152777777777777,3.4722222222222223,0.3472222222222222,13.020833333333334,0.0,576,0,0.0,12000.000000000233,12000.000000001863,0.732018232345581,16.84027777777778,,0.0,0.0,0.07277777777777783,-2.6769444444444446,1.409722222222225,0.0,0.4691666666666666,0.7205555555555558,-0.1077777777777778,0.11250000000000071,0.0,0.7252777777777801,2.6769444444444446,12000.0
13218,stockerau_full_12000_1,S2B_MSIL2A_20230604T095559_R122_T33UWP_20230604T174403,1000,,0.0,0.0,0.6944444444444444,52.77777777777778,25.0,0.0,2.0833333333333335,4.166666666666667,0.0,15.277777777777779,0.0,144,0,0.0,12000.000000000233,12000.000000001863,0.8630321025848389,19.444444444444446,,0.0,0.0,-0.10083333333333333,-5.107500000000002,0.5416666666666679,0.0,1.3372222222222225,1.4150000000000005,-0.455,2.3694444444444454,0.0,3.329444444444448,5.107500000000002,12000.0
13156,stockerau_full_12000_1,S2B_MSIL2A_20230611T094549_R079_T33UWP_20230611T135320,20,,0.0,0.0,0.0,0.0,0.0,0.0,0.0,0.4513888888888889,99.54861111111111,0.0,0.0,360000,0,0.0,12000.000000000233,12000.000000001863,1.0535590648651123,100.0,,0.0,0.0,0.0,0.0,0.0,0.0,0.0,0.0,0.0,0.0,0.0,0.0,0.0,12000.0
13169,stockerau_full_12000_1,S2B_MSIL2A_20230611T094549_R079_T33UWP_20230611T135320,50,,0.0,0.0,0.0,0.0,0.0,0.0,0.0,0.4357638888888889,99.56423611111111,0.0,0.0,57600,0,0.0,12000.000000000233,12000.000000001863,1.004289150238037,100.0,,0.0,0.0,0.0,0.0,0.0,0.0,0.0,-0.015625,0.015625,0.0,0.0,0.0,0.0,12000.0
13182,stockerau_full_12000_1,S2B_MSIL2A_20230611T094549_R079_T33UWP_20230611T135320,100,,0.0,0.0,0.0,0.0,0.0,0.0,0.0,0.4305555555555556,99.56944444444444,0.0,0.0,14400,0,0.0,12000.000000000233,12000.000000001863,0.8728952407836914,100.0,,0.0,0.0,0.0,0.0,0.0,0.0,0.0,-0.020833333333333315,0.020833333333328596,0.0,0.0,0.0,0.0,12000.0
13195,stockerau_full_12000_1,S2B_MSIL2A_20230611T094549_R079_T33UWP_20230611T135320,200,,0.0,0.0,0.0,0.0,0.0,0.0,0.0,0.4166666666666667,99.58333333333333,0.0,0.0,3600,0,0.0,12000.000000000233,12000.000000001863,0.8803920745849609,100.0,,0.0,0.0,0.0,0.0,0.0,0.0,0.0,-0.03472222222222221,0.03472222222221433,0.0,0.0,0.0,0.0,12000.0
13208,stockerau_full_12000_1,S2B_MSIL2A_20230611T094549_R079_T33UWP_20230611T135320,500,,0.0,0.0,0.0,0.0,0.0,0.0,0.0,0.3472222222222222,99.65277777777777,0.0,0.0,576,0,0.0,12000.000000000233,12000.000000001863,0.732018232345581,100.0,,0.0,0.0,0.0,0.0,0.0,0.0,0.0,-0.10416666666666669,0.10416666666665719,0.0,0.0,0.0,0.0,12000.0
13221,stockerau_full_12000_1,S2B_MSIL2A_20230611T094549_R079_T33UWP_20230611T135320,1000,,0.0,0.0,0.0,0.0,0.0,0.0,0.0,1.3888888888888888,98.61111111111111,0.0,0.0,144,0,0.0,12000.000000000233,12000.000000001863,0.8630321025848389,100.0,,0.0,0.0,0.0,0.0,0.0,0.0,0.0,0.9375,-0.9375,0.0,0.0,0.0,0.0,12000.0
13157,stockerau_full_12000_1,S2B_MSIL2A_20230614T095559_R122_T33UWP_20230614T142248,20,,0.0,0.0,7.016944444444444,66.14972222222222,17.9325,0.0025,0.2738888888888889,5.560555555555555,3.0636111111111113,0.0002777777777777778,0.0,360000,0,0.0,12000.000000000233,12000.000000001863,1.0535590648651123,8.624444444444444,,0.0,0.0,0.0,0.0,0.0,0.0,0.0,0.0,0.0,0.0,0.0,0.0,0.0,12000.0
13170,stockerau_full_12000_1,S2B_MSIL2A_20230614T095559_R122_T33UWP_20230614T142248,50,,0.0,0.0,7.022569444444445,66.05034722222223,18.01215277777778,0.001736111111111111,0.25,5.59375,3.0694444444444446,0.0,0.0,57600,0,0.0,12000.000000000233,12000.000000001863,1.004289150238037,8.663194444444445,,0.0,0.0,0.005625000000000213,-0.09937499999999488,0.07965277777777757,-0.000763888888888889,-0.023888888888888904,0.03319444444444475,0.005833333333333357,-0.0002777777777777778,0.0,0.038750000000000284,0.09937499999999488,12000.0
13183,stockerau_full_12000_1,S2B_MSIL2A_20230614T095559_R122_T33UWP_20230614T142248,100,,0.0,0.0,7.055555555555555,65.80555555555556,18.104166666666668,0.0,0.3194444444444444,5.638888888888889,3.076388888888889,0.0,0.0,14400,0,0.0,12000.000000000233,12000.000000001863,0.8728952407836914,8.715277777777779,,0.0,0.0,0.03861111111111093,-0.3441666666666663,0.17166666666666686,-0.0025,0.045555555555555516,0.07833333333333403,0.012777777777777555,-0.0002777777777777778,0.0,0.09083333333333421,0.3441666666666663,12000.0
13196,stockerau_full_12000_1,S2B_MSIL2A_20230614T095559_R122_T33UWP_20230614T142248,200,,0.0,0.0,6.944444444444445,66.05555555555556,18.0,0.0,0.2777777777777778,5.388888888888889,3.3333333333333335,0.0,0.0,3600,0,0.0,12000.000000000233,12000.000000001863,0.8803920745849609,8.722222222222223,,0.0,0.0,-0.07249999999999979,-0.09416666666666629,0.067499999999999,-0.0025,0.003888888888888886,-0.17166666666666597,0.2697222222222222,-0.0002777777777777778,0.0,0.09777777777777885,0.09777777777777885,12000.0
13209,stockerau_full_12000_1,S2B_MSIL2A_20230614T095559_R122_T33UWP_20230614T142248,500,,0.0,0.0,6.597222222222222,64.58333333333333,19.444444444444443,0.0,0.3472222222222222,6.25,2.7777777777777777,0.0,0.0,576,0,0.0,12000.000000000233,12000.000000001863,0.732018232345581,9.027777777777779,,0.0,0.0,-0.4197222222222221,-1.5663888888888948,1.5119444444444419,-0.0025,0.0733333333333333,0.6894444444444447,-0.2858333333333336,-0.0002777777777777778,0.0,0.4033333333333342,1.5663888888888948,12000.0
13222,stockerau_full_12000_1,S2B_MSIL2A_20230614T095559_R122_T33UWP_20230614T142248,1000,,0.0,0.0,7.638888888888889,67.36111111111111,15.972222222222221,0.0,0.0,3.4722222222222223,5.555555555555555,0.0,0.0,144,0,0.0,12000.000000000233,12000.000000001863,0.8630321025848389,9.027777777777779,,0.0,0.0,0.6219444444444449,1.2113888888888908,-1.9602777777777796,-0.0025,-0.2738888888888889,-2.088333333333333,2.491944444444444,-0.0002777777777777778,0.0,0.4033333333333342,1.9602777777777796,12000.0
13160,stockerau_full_12000_1,S2B_MSIL2A_20230621T094549_R079_T33UWP_20230621T143955,20,,0.0,0.0,0.0,33.41916666666667,4.842777777777778,0.0,0.0002777777777777778,8.254166666666666,0.014166666666666666,53.46944444444444,0.0,360000,0,0.0,12000.000000000233,12000.000000001863,1.0535590648651123,61.73777777777777,,0.0,0.0,0.0,0.0,0.0,0.0,0.0,0.0,0.0,0.0,0.0,0.0,0.0,12000.0
13173,stockerau_full_12000_1,S2B_MSIL2A_20230621T094549_R079_T33UWP_20230621T143955,50,,0.0,0.0,0.0,33.26909722222222,4.873263888888889,0.0,0.0,8.3125,0.015625,53.529513888888886,0.0,57600,0,0.0,12000.000000000233,12000.000000001863,1.004289150238037,61.857638888888886,,0.0,0.0,0.0,-0.1500694444444477,0.030486111111111214,0.0,-0.0002777777777777778,0.05833333333333357,0.001458333333333334,0.06006944444444429,0.0,0.11986111111111342,0.1500694444444477,12000.0
13186,stockerau_full_12000_1,S2B_MSIL2A_20230621T094549_R079_T33UWP_20230621T143955,100,,0.0,0.0,0.0,33.0,4.909722222222222,0.0,0.0,8.347222222222221,0.006944444444444444,53.736111111111114,0.0,14400,0,0.0,12000.000000000233,12000.000000001863,0.8728952407836914,62.09027777777778,,0.0,0.0,0.0,-0.41916666666666913,0.06694444444444425,0.0,-0.0002777777777777778,0.093055555555555,-0.007222222222222222,0.2666666666666728,0.0,0.35250000000000625,0.41916666666666913,12000.0
13199,stockerau_full_12000_1,S2B_MSIL2A_20230621T094549_R079_T33UWP_20230621T143955,200,,0.0,0.0,0.0,32.80555555555556,4.944444444444445,0.0,0.0,8.333333333333334,0.027777777777777776,53.888888888888886,0.0,3600,0,0.0,12000.000000000233,12000.000000001863,0.8803920745849609,62.25,,0.0,0.0,0.0,-0.613611111111112,0.10166666666666657,0.0,-0.0002777777777777778,0.0791666666666675,0.01361111111111111,0.4194444444444443,0.0,0.5122222222222277,0.613611111111112,12000.0
13212,stockerau_full_12000_1,S2B_MSIL2A_20230621T094549_R079_T33UWP_20230621T143955,500,,0.0,0.0,0.0,31.770833333333332,4.513888888888889,0.0,0.0,9.027777777777779,0.0,54.6875,0.0,576,0,0.0,12000.000000000233,12000.000000001863,0.732018232345581,63.71527777777778,,0.0,0.0,0.0,-1.648333333333337,-0.3288888888888888,0.0,-0.0002777777777777778,0.7736111111111121,-0.014166666666666666,1.2180555555555586,0.0,1.9775000000000063,1.9775000000000063,12000.0
13225,stockerau_full_12000_1,S2B_MSIL2A_20230621T094549_R079_T33UWP_20230621T143955,1000,,0.0,0.0,0.0,29.86111111111111,4.166666666666667,0.0,0.0,7.638888888888889,0.0,58.333333333333336,0.0,144,0,0.0,12000.000000000233,12000.000000001863,0.8630321025848389,65.97222222222223,,0.0,0.0,0.0,-3.5580555555555584,-0.6761111111111111,0.0,-0.0002777777777777778,-0.6152777777777771,-0.014166666666666666,4.863888888888894,0.0,4.234444444444456,4.234444444444456,12000.0
13161,stockerau_full_12000_1,S2B_MSIL2A_20230624T095559_R122_T33UWP_20230624T142946,20,,0.0,0.0,0.0,0.0,0.0,0.0,0.0,0.0,100.0,0.0,0.0,360000,0,0.0,12000.000000000233,12000.000000001863,1.0535590648651123,100.0,,0.0,0.0,0.0,0.0,0.0,0.0,0.0,0.0,0.0,0.0,0.0,0.0,0.0,12000.0
13174,stockerau_full_12000_1,S2B_MSIL2A_20230624T095559_R122_T33UWP_20230624T142946,50,,0.0,0.0,0.0,0.0,0.0,0.0,0.0,0.0,100.0,0.0,0.0,57600,0,0.0,12000.000000000233,12000.000000001863,1.004289150238037,100.0,,0.0,0.0,0.0,0.0,0.0,0.0,0.0,0.0,0.0,0.0,0.0,0.0,0.0,12000.0
13187,stockerau_full_12000_1,S2B_MSIL2A_20230624T095559_R122_T33UWP_20230624T142946,100,,0.0,0.0,0.0,0.0,0.0,0.0,0.0,0.0,100.0,0.0,0.0,14400,0,0.0,12000.000000000233,12000.000000001863,0.8728952407836914,100.0,,0.0,0.0,0.0,0.0,0.0,0.0,0.0,0.0,0.0,0.0,0.0,0.0,0.0,12000.0
13200,stockerau_full_12000_1,S2B_MSIL2A_20230624T095559_R122_T33UWP_20230624T142946,200,,0.0,0.0,0.0,0.0,0.0,0.0,0.0,0.0,100.0,0.0,0.0,3600,0,0.0,12000.000000000233,12000.000000001863,0.8803920745849609,100.0,,0.0,0.0,0.0,0.0,0.0,0.0,0.0,0.0,0.0,0.0,0.0,0.0,0.0,12000.0
13213,stockerau_full_12000_1,S2B_MSIL2A_20230624T095559_R122_T33UWP_20230624T142946,500,,0.0,0.0,0.0,0.0,0.0,0.0,0.0,0.0,100.0,0.0,0.0,576,0,0.0,12000.000000000233,12000.000000001863,0.732018232345581,100.0,,0.0,0.0,0.0,0.0,0.0,0.0,0.0,0.0,0.0,0.0,0.0,0.0,0.0,12000.0
13226,stockerau_full_12000_1,S2B_MSIL2A_20230624T095559_R122_T33UWP_20230624T142946,1000,,0.0,0.0,0.0,0.0,0.0,0.0,0.0,0.0,100.0,0.0,0.0,144,0,0.0,12000.000000000233,12000.000000001863,0.8630321025848389,100.0,,0.0,0.0,0.0,0.0,0.0,0.0,0.0,0.0,0.0,0.0,0.0,0.0,0.0,12000.0
13164,stockerau_full_12000_1,S2B_MSIL2A_20230701T094549_R079_T33UWP_20230701T152448,20,,0.0,0.0,0.09444444444444444,0.0,0.0,0.0,0.0,10.1825,88.5425,1.1805555555555556,0.0,360000,0,0.0,12000.000000000233,12000.000000001863,1.0535590648651123,99.90555555555557,,0.0,0.0,0.0,0.0,0.0,0.0,0.0,0.0,0.0,0.0,0.0,0.0,0.0,12000.0
13177,stockerau_full_12000_1,S2B_MSIL2A_20230701T094549_R079_T33UWP_20230701T152448,50,,0.0,0.0,0.0920138888888889,0.0,0.0,0.0,0.0,10.128472222222221,88.59027777777777,1.1892361111111112,0.0,57600,0,0.0,12000.000000000233,12000.000000001863,1.004289150238037,99.90798611111111,,0.0,0.0,-0.002430555555555547,0.0,0.0,0.0,0.0,-0.054027777777777786,0.04777777777776748,0.00868055555555558,0.0,0.002430555555548608,0.002430555555555547,12000.0
13190,stockerau_full_12000_1,S2B_MSIL2A_20230701T094549_R079_T33UWP_20230701T152448,100,,0.0,0.0,0.10416666666666667,0.0,0.0,0.0,0.0,10.118055555555555,88.59722222222223,1.1805555555555556,0.0,14400,0,0.0,12000.000000000233,12000.000000001863,0.8728952407836914,99.89583333333334,,0.0,0.0,0.00972222222222223,0.0,0.0,0.0,0.0,-0.06444444444444386,0.05472222222222456,0.0,0.0,-0.009722222222222854,0.009722222222222854,12000.0
13203,stockerau_full_12000_1,S2B_MSIL2A_20230701T094549_R079_T33UWP_20230701T152448,200,,0.0,0.0,0.16666666666666666,0.0,0.0,0.0,0.0,9.916666666666666,88.66666666666667,1.25,0.0,3600,0,0.0,12000.000000000233,12000.000000001863,0.8803920745849609,99.83333333333334,,0.0,0.0,0.07222222222222222,0.0,0.0,0.0,0.0,-0.26583333333333314,0.12416666666666742,0.06944444444444442,0.0,-0.07222222222222285,0.07222222222222285,12000.0
13216,stockerau_full_12000_1,S2B_MSIL2A_20230701T094549_R079_T33UWP_20230701T152448,500,,0.0,0.0,0.1736111111111111,0.0,0.0,0.0,0.0,9.895833333333334,88.88888888888889,1.0416666666666667,0.0,576,0,0.0,12000.000000000233,12000.000000001863,0.732018232345581,99.82638888888889,,0.0,0.0,0.07916666666666666,0.0,0.0,0.0,0.0,-0.2866666666666653,0.34638888888888175,-0.13888888888888884,0.0,-0.07916666666667993,0.07916666666667993,12000.0
13229,stockerau_full_12000_1,S2B_MSIL2A_20230701T094549_R079_T33UWP_20230701T152448,1000,,0.0,0.0,0.0,0.0,0.0,0.0,0.0,8.333333333333334,90.97222222222223,0.6944444444444444,0.0,144,0,0.0,12000.000000000233,12000.000000001863,0.8630321025848389,100.0,,0.0,0.0,-0.09444444444444444,0.0,0.0,0.0,0.0,-1.8491666666666653,2.4297222222222246,-0.48611111111111116,0.0,0.09444444444443434,0.09444444444444444,12000.0
13232,stockerau_full_12000_2,S2A_MSIL2A_20230606T095031_R079_T33UWP_20230606T162616,20,,0.0,0.0,0.056666666666666664,0.2877777777777778,1.2919444444444443,0.10194444444444445,2.2625,7.929444444444444,88.06972222222223,0.0,0.0,360000,0,0.0,12000.0,12000.000000000931,0.8761754035949707,95.99916666666667,,0.0,0.0,0.0,0.0,0.0,0.0,0.0,0.0,0.0,0.0,0.0,0.0,0.0,12000.0
13245,stockerau_full_12000_2,S2A_MSIL2A_20230606T095031_R079_T33UWP_20230606T162616,50,,0.0,0.0,0.059027777777777776,0.2604166666666667,1.2916666666666667,0.10243055555555555,2.2604166666666665,7.942708333333333,88.08333333333333,0.0,0.0,57600,0,0.0,12000.0,12000.000000000931,0.8816952705383301,96.02604166666666,,0.0,0.0,0.0023611111111111124,-0.027361111111111114,-0.00027777777777759916,0.00048611111111110383,-0.002083333333333659,0.013263888888888964,0.013611111111103469,0.0,0.0,0.026874999999989768,0.027361111111111114,12000.0
13258,stockerau_full_12000_2,S2A_MSIL2A_20230606T095031_R079_T33UWP_20230606T162616,100,,0.0,0.0,0.05555555555555555,0.2638888888888889,1.2916666666666667,0.1111111111111111,2.2569444444444446,7.993055555555555,88.02777777777777,0.0,0.0,14400,0,0.0,12000.0,12000.000000000931,0.8627419471740723,96.02083333333333,,0.0,0.0,-0.0011111111111111113,-0.023888888888888904,-0.00027777777777759916,0.009166666666666656,-0.005555555555555536,0.06361111111111128,-0.041944444444453666,0.0,0.0,0.021666666666661172,0.023888888888888904,12000.0
13271,stockerau_full_12000_2,S2A_MSIL2A_20230606T095031_R079_T33UWP_20230606T162616,200,,0.0,0.0,0.05555555555555555,0.3611111111111111,1.1666666666666667,0.1111111111111111,2.2222222222222223,7.805555555555555,88.27777777777777,0.0,0.0,3600,0,0.0,12000.0,12000.000000000931,1.0080220699310303,96.08333333333333,,0.0,0.0,-0.0011111111111111113,0.0733333333333333,-0.1252777777777776,0.009166666666666656,-0.04027777777777786,-0.12388888888888872,0.20805555555554633,0.0,0.0,0.08416666666666117,0.1252777777777776,12000.0
13284,stockerau_full_12000_2,S2A_MSIL2A_20230606T095031_R079_T33UWP_20230606T162616,500,,0.0,0.0,0.0,0.3472222222222222,0.8680555555555556,0.1736111111111111,2.951388888888889,6.25,89.40972222222223,0.0,0.0,576,0,0.0,12000.0,12000.000000000931,0.8477771282196045,95.65972222222223,,0.0,0.0,-0.056666666666666664,0.05944444444444441,-0.42388888888888876,0.07166666666666666,0.6888888888888887,-1.679444444444444,1.3400000000000034,0.0,0.0,-0.3394444444444389,0.6888888888888887,12000.0
13297,stockerau_full_12000_2,S2A_MSIL2A_20230606T095031_R079_T33UWP_20230606T162616,1000,,0.0,0.0,0.0,0.0,0.6944444444444444,0.0,2.7777777777777777,11.11111111111111,85.41666666666667,0.0,0.0,144,0,0.0,12000.0,12000.000000000931,0.9374954700469971,96.52777777777779,,0.0,0.0,-0.056666666666666664,-0.2877777777777778,-0.5974999999999999,-0.10194444444444445,0.5152777777777775,3.1816666666666666,-2.6530555555555537,0.0,0.0,0.5286111111111182,0.5974999999999999,12000.0
13233,stockerau_full_12000_2,S2A_MSIL2A_20230609T100031_R122_T33UWP_20230609T173715,20,,0.0,0.0,0.0,0.0,0.0,0.0,0.0,18.509722222222223,81.1175,0.37277777777777776,0.0,360000,0,0.0,12000.0,12000.000000000931,0.8761754035949707,100.00000000000001,,0.0,0.0,0.0,0.0,0.0,0.0,0.0,0.0,0.0,0.0,0.0,0.0,0.0,12000.0
13246,stockerau_full_12000_2,S2A_MSIL2A_20230609T100031_R122_T33UWP_20230609T173715,50,,0.0,0.0,0.0,0.0,0.0,0.0,0.0,18.491319444444443,81.15451388888889,0.3541666666666667,0.0,57600,0,0.0,12000.0,12000.000000000931,0.8816952705383301,100.0,,0.0,0.0,0.0,0.0,0.0,0.0,0.0,-0.01840277777777999,0.03701388888887891,-0.01861111111111108,0.0,-1.4210854715202004e-14,1.4210854715202004e-14,12000.0
13259,stockerau_full_12000_2,S2A_MSIL2A_20230609T100031_R122_T33UWP_20230609T173715,100,,0.0,0.0,0.0,0.0,0.0,0.0,0.0,18.29861111111111,81.24305555555556,0.4583333333333333,0.0,14400,0,0.0,12000.0,12000.000000000931,0.8627419471740723,100.0,,0.0,0.0,0.0,0.0,0.0,0.0,0.0,-0.21111111111111214,0.1255555555555503,0.08555555555555555,0.0,-1.4210854715202004e-14,1.4210854715202004e-14,12000.0
13272,stockerau_full_12000_2,S2A_MSIL2A_20230609T100031_R122_T33UWP_20230609T173715,200,,0.0,0.0,0.0,0.0,0.0,0.0,0.0,18.444444444444443,81.27777777777777,0.2777777777777778,0.0,3600,0,0.0,12000.0,12000.000000000931,1.0080220699310303,99.99999999999999,,0.0,0.0,0.0,0.0,0.0,0.0,0.0,-0.06527777777777999,0.16027777777776464,-0.09499999999999997,0.0,-2.842170943040401e-14,2.842170943040401e-14,12000.0
13285,stockerau_full_12000_2,S2A_MSIL2A_20230609T100031_R122_T33UWP_20230609T173715,500,,0.0,0.0,0.0,0.0,0.0,0.0,0.0,19.444444444444443,80.38194444444444,0.1736111111111111,0.0,576,0,0.0,12000.0,12000.000000000931,0.8477771282196045,100.0,,0.0,0.0,0.0,0.0,0.0,0.0,0.0,0.93472222222222,-0.735555555555564,-0.19916666666666666,0.0,-1.4210854715202004e-14,1.4210854715202004e-14,12000.0
13298,stockerau_full_12000_2,S2A_MSIL2A_20230609T100031_R122_T33UWP_20230609T173715,1000,,0.0,0.0,0.0,0.0,0.0,0.0,0.0,19.444444444444443,80.55555555555556,0.0,0.0,144,0,0.0,12000.0,12000.000000000931,0.9374954700469971,100.0,,0.0,0.0,0.0,0.0,0.0,0.0,0.0,0.93472222222222,-0.5619444444444497,-0.37277777777777776,0.0,-1.4210854715202004e-14,1.4210854715202004e-14,12000.0
13236,stockerau_full_12000_2,S2A_MSIL2A_20230616T095031_R079_T33UWP_20230616T172735,20,,0.0,0.06805555555555555,1.4583333333333333,77.60694444444445,15.3025,3.825,0.28888888888888886,0.9636111111111111,0.4866666666666667,0.0,0.0,360000,0,0.0,12000.0,12000.000000000931,0.8761754035949707,1.4502777777777778,,0.0,0.0,0.0,0.0,0.0,0.0,0.0,0.0,0.0,0.0,0.0,0.0,0.0,12000.0
13249,stockerau_full_12000_2,S2A_MSIL2A_20230616T095031_R079_T33UWP_20230616T172735,50,,0.0,0.07465277777777778,1.4826388888888888,77.54861111111111,15.309027777777779,3.829861111111111,0.2829861111111111,0.9791666666666666,0.4930555555555556,0.0,0.0,57600,0,0.0,12000.0,12000.000000000931,0.8816952705383301,1.4722222222222223,,0.0,0.0065972222222222265,0.02430555555555558,-0.05833333333333712,0.006527777777778354,0.004861111111110983,-0.005902777777777757,0.015555555555555545,0.006388888888888888,0.0,0.0,0.021944444444444544,0.05833333333333712,12000.0
13262,stockerau_full_12000_2,S2A_MSIL2A_20230616T095031_R079_T33UWP_20230616T172735,100,,0.0,0.09722222222222222,1.5138888888888888,77.61805555555556,15.215277777777779,3.7847222222222223,0.2847222222222222,0.9583333333333334,0.5208333333333334,0.006944444444444444,0.0,14400,0,0.0,12000.0,12000.000000000931,0.8627419471740723,1.4861111111111112,,0.0,0.029166666666666674,0.05555555555555558,0.011111111111105743,-0.08722222222222165,-0.04027777777777786,-0.004166666666666652,-0.005277777777777715,0.03416666666666668,0.006944444444444444,0.0,0.035833333333333384,0.08722222222222165,12000.0
13275,stockerau_full_12000_2,S2A_MSIL2A_20230616T095031_R079_T33UWP_20230616T172735,200,,0.0,0.05555555555555555,1.6388888888888888,76.36111111111111,16.38888888888889,3.6944444444444446,0.3055555555555556,0.9444444444444444,0.6111111111111112,0.0,0.0,3600,0,0.0,12000.0,12000.000000000931,1.0080220699310303,1.5555555555555556,,0.0,-0.012499999999999997,0.18055555555555558,-1.2458333333333371,1.086388888888889,-0.13055555555555554,0.01666666666666672,-0.019166666666666665,0.12444444444444447,0.0,0.0,0.1052777777777778,1.2458333333333371,12000.0
13288,stockerau_full_12000_2,S2A_MSIL2A_20230616T095031_R079_T33UWP_20230616T172735,500,,0.0,0.0,1.3888888888888888,77.43055555555556,15.625,3.8194444444444446,0.0,0.8680555555555556,0.8680555555555556,0.0,0.0,576,0,0.0,12000.0,12000.000000000931,0.8477771282196045,1.7361111111111112,,0.0,-0.06805555555555555,-0.06944444444444442,-0.17638888888889426,0.3224999999999998,-0.005555555555555536,-0.28888888888888886,-0.0955555555555555,0.3813888888888889,0.0,0.0,0.2858333333333334,0.3224999999999998,12000.0
13301,stockerau_full_12000_2,S2A_MSIL2A_20230616T095031_R079_T33UWP_20230616T172735,1000,,0.0,0.0,2.7777777777777777,72.91666666666667,18.75,4.166666666666667,0.0,1.3888888888888888,0.0,0.0,0.0,144,0,0.0,12000.0,12000.000000000931,0.9374954700469971,1.3888888888888888,,0.0,-0.06805555555555555,1.3194444444444444,-4.69027777777778,3.4475,0.3416666666666668,-0.28888888888888886,0.42527777777777775,-0.4866666666666667,0.0,0.0,-0.06138888888888894,4.69027777777778,12000.0
13237,stockerau_full_12000_2,S2A_MSIL2A_20230619T100031_R122_T33UWP_20230619T172742,20,,0.0,0.026944444444444444,0.075,58.336666666666666,13.116666666666667,3.4741666666666666,6.035277777777778,10.256388888888889,1.9177777777777778,6.761111111111111,0.0,360000,0,0.0,12000.0,12000.000000000931,0.8761754035949707,18.935277777777777,,0.0,0.0,0.0,0.0,0.0,0.0,0.0,0.0,0.0,0.0,0.0,0.0,0.0,12000.0
13250,stockerau_full_12000_2,S2A_MSIL2A_20230619T100031_R122_T33UWP_20230619T172742,50,,0.0,0.03125,0.0798611111111111,58.15277777777778,13.215277777777779,3.4652777777777777,6.057291666666667,10.230902777777779,1.9444444444444444,6.822916666666667,0.0,57600,0,0.0,12000.0,12000.000000000931,0.8816952705383301,18.99826388888889,,0.0,0.0043055555555555555,0.004861111111111108,-0.18388888888888744,0.09861111111111143,-0.008888888888888946,0.022013888888889,-0.025486111111110432,0.026666666666666616,0.06180555555555589,0.0,0.06298611111111185,0.18388888888888744,12000.0
13263,stockerau_full_12000_2,S2A_MSIL2A_20230619T100031_R122_T33UWP_20230619T172742,100,,0.0,0.04861111111111111,0.08333333333333333,57.99305555555556,13.375,3.4166666666666665,5.763888888888889,10.194444444444445,1.9513888888888888,7.173611111111111,0.0,14400,0,0.0,12000.0,12000.000000000931,0.8627419471740723,19.319444444444443,,0.0,0.021666666666666667,0.008333333333333331,-0.34361111111110887,0.25833333333333286,-0.05750000000000011,-0.2713888888888887,-0.06194444444444436,0.033611111111111036,0.41249999999999964,0.0,0.38416666666666544,0.38416666666666544,12000.0
13276,stockerau_full_12000_2,S2A_MSIL2A_20230619T100031_R122_T33UWP_20230619T172742,200,,0.0,0.027777777777777776,0.05555555555555555,58.0,13.277777777777779,3.2222222222222223,6.027777777777778,10.305555555555555,1.7777777777777777,7.305555555555555,0.0,3600,0,0.0,12000.0,12000.000000000931,1.0080220699310303,19.388888888888886,,0.0,0.0008333333333333318,-0.019444444444444445,-0.336666666666666,0.16111111111111143,-0.2519444444444443,-0.007500000000000284,0.04916666666666636,-0.14000000000000012,0.5444444444444443,0.0,0.4536111111111083,0.4536111111111083,12000.0
13289,stockerau_full_12000_2,S2A_MSIL2A_20230619T100031_R122_T33UWP_20230619T172742,500,,0.0,0.0,0.0,57.11805555555556,14.409722222222221,3.4722222222222223,5.729166666666667,10.069444444444445,2.0833333333333335,7.118055555555555,0.0,576,0,0.0,12000.0,12000.000000000931,0.8477771282196045,19.270833333333336,,0.0,-0.026944444444444444,-0.075,-1.2186111111111089,1.2930555555555543,-0.0019444444444443043,-0.306111111111111,-0.18694444444444436,0.16555555555555568,0.3569444444444443,0.0,0.33555555555555827,1.2930555555555543,12000.0
13302,stockerau_full_12000_2,S2A_MSIL2A_20230619T100031_R122_T33UWP_20230619T172742,1000,,0.0,0.0,0.6944444444444444,52.083333333333336,14.583333333333334,3.4722222222222223,4.166666666666667,13.194444444444445,0.0,11.805555555555555,0.0,144,0,0.0,12000.0,12000.000000000931,0.9374954700469971,25.0,,0.0,-0.026944444444444444,0.6194444444444445,-6.25333333333333,1.4666666666666668,-0.0019444444444443043,-1.868611111111111,2.9380555555555556,-1.9177777777777778,5.044444444444444,0.0,6.064722222222223,6.25333333333333,12000.0
13240,stockerau_full_12000_2,S2A_MSIL2A_20230626T095031_R079_T33UWP_20230626T161132,20,,0.0,0.059166666666666666,0.0,83.21888888888888,12.71861111111111,3.8316666666666666,0.1711111111111111,0.0,0.0005555555555555556,0.0,0.0,360000,0,0.0,12000.0,12000.000000000931,0.8761754035949707,0.0005555555555555556,,0.0,0.0,0.0,0.0,0.0,0.0,0.0,0.0,0.0,0.0,0.0,0.0,0.0,12000.0
13253,stockerau_full_12000_2,S2A_MSIL2A_20230626T095031_R079_T33UWP_20230626T161132,50,,0.0,0.0642361111111111,0.0,83.29513888888889,12.65798611111111,3.8159722222222223,0.16666666666666666,0.0,0.0,0.0,0.0,57600,0,0.0,12000.0,12000.000000000931,0.8816952705383301,0.0,,0.0,0.005069444444444439,0.0,0.0762500000000017,-0.06062499999999993,-0.015694444444444233,-0.004444444444444445,0.0,-0.0005555555555555556,0.0,0.0,-0.0005555555555555556,0.0762500000000017,12000.0
13266,stockerau_full_12000_2,S2A_MSIL2A_20230626T095031_R079_T33UWP_20230626T161132,100,,0.0,0.08333333333333333,0.0,83.09722222222223,12.847222222222221,3.8055555555555554,0.16666666666666666,0.0,0.0,0.0,0.0,14400,0,0.0,12000.0,12000.000000000931,0.8627419471740723,0.0,,0.0,0.024166666666666663,0.0,-0.12166666666665549,0.1286111111111108,-0.026111111111111196,-0.004444444444444445,0.0,-0.0005555555555555556,0.0,0.0,-0.0005555555555555556,0.1286111111111108,12000.0
13279,stockerau_full_12000_2,S2A_MSIL2A_20230626T095031_R079_T33UWP_20230626T161132,200,,0.0,0.08333333333333333,0.0,82.05555555555556,14.055555555555555,3.6666666666666665,0.1388888888888889,0.0,0.0,0.0,0.0,3600,0,0.0,12000.0,12000.000000000931,1.0080220699310303,0.0,,0.0,0.024166666666666663,0.0,-1.163333333333327,1.3369444444444447,-0.16500000000000004,-0.03222222222222221,0.0,-0.0005555555555555556,0.0,0.0,-0.0005555555555555556,1.3369444444444447,12000.0
13292,stockerau_full_12000_2,S2A_MSIL2A_20230626T095031_R079_T33UWP_20230626T161132,500,,0.0,0.0,0.0,82.63888888888889,13.541666666666666,3.8194444444444446,0.0,0.0,0.0,0.0,0.0,576,0,0.0,12000.0,12000.000000000931,0.8477771282196045,0.0,,0.0,-0.059166666666666666,0.0,-0.5799999999999983,0.8230555555555554,-0.012222222222221912,-0.1711111111111111,0.0,-0.0005555555555555556,0.0,0.0,-0.0005555555555555556,0.8230555555555554,12000.0
13305,stockerau_full_12000_2,S2A_MSIL2A_20230626T095031_R079_T33UWP_20230626T161132,1000,,0.0,0.0,0.0,79.86111111111111,15.972222222222221,4.166666666666667,0.0,0.0,0.0,0.0,0.0,144,0,0.0,12000.0,12000.000000000931,0.9374954700469971,0.0,,0.0,-0.059166666666666666,0.0,-3.3577777777777698,3.253611111111111,0.3350000000000004,-0.1711111111111111,0.0,-0.0005555555555555556,0.0,0.0,-0.0005555555555555556,3.3577777777777698,12000.0
13241,stockerau_full_12000_2,S2A_MSIL2A_20230629T100031_R122_T33UWP_20230629T191411,20,,0.0,0.05583333333333333,4.506944444444445,76.49722222222222,11.4775,3.846388888888889,0.3861111111111111,2.3577777777777778,0.8708333333333333,0.001388888888888889,0.0,360000,0,0.0,12000.0,12000.000000000931,0.8761754035949707,3.2300000000000004,,0.0,0.0,0.0,0.0,0.0,0.0,0.0,0.0,0.0,0.0,0.0,0.0,0.0,12000.0
13254,stockerau_full_12000_2,S2A_MSIL2A_20230629T100031_R122_T33UWP_20230629T191411,50,,0.0,0.06076388888888889,4.522569444444445,76.40798611111111,11.534722222222221,3.8315972222222223,0.3767361111111111,2.423611111111111,0.8402777777777778,0.001736111111111111,0.0,57600,0,0.0,12000.0,12000.000000000931,0.8816952705383301,3.265625,,0.0,0.004930555555555556,0.015625,-0.08923611111110574,0.057222222222222285,-0.014791666666666536,-0.009375000000000022,0.06583333333333341,-0.030555555555555558,0.00034722222222222207,0.0,0.035624999999999574,0.08923611111110574,12000.0
13267,stockerau_full_12000_2,S2A_MSIL2A_20230629T100031_R122_T33UWP_20230629T191411,100,,0.0,0.09027777777777778,4.430555555555555,76.48611111111111,11.569444444444445,3.826388888888889,0.375,2.3472222222222223,0.875,0.0,0.0,14400,0,0.0,12000.0,12000.000000000931,0.8627419471740723,3.2222222222222223,,0.0,0.034444444444444444,-0.07638888888888928,-0.011111111111105743,0.0919444444444455,-0.020000000000000018,-0.011111111111111127,-0.01055555555555543,0.004166666666666652,-0.001388888888888889,0.0,-0.007777777777778105,0.0919444444444455,12000.0
13280,stockerau_full_12000_2,S2A_MSIL2A_20230629T100031_R122_T33UWP_20230629T191411,200,,0.0,0.05555555555555555,4.444444444444445,75.63888888888889,12.472222222222221,3.7222222222222223,0.2777777777777778,2.5555555555555554,0.8333333333333334,0.0,0.0,3600,0,0.0,12000.0,12000.000000000931,1.0080220699310303,3.388888888888889,,0.0,-0.00027777777777777957,-0.0625,-0.8583333333333343,0.9947222222222223,-0.12416666666666654,-0.10833333333333334,0.1977777777777776,-0.03749999999999998,-0.001388888888888889,0.0,0.1588888888888884,0.9947222222222223,12000.0
13293,stockerau_full_12000_2,S2A_MSIL2A_20230629T100031_R122_T33UWP_20230629T191411,500,,0.0,0.0,4.340277777777778,76.04166666666667,11.979166666666666,3.9930555555555554,0.1736111111111111,2.6041666666666665,0.8680555555555556,0.0,0.0,576,0,0.0,12000.0,12000.000000000931,0.8477771282196045,3.4722222222222223,,0.0,-0.05583333333333333,-0.16666666666666696,-0.4555555555555486,0.5016666666666669,0.1466666666666665,-0.21250000000000002,0.24638888888888877,-0.002777777777777768,-0.001388888888888889,0.0,0.2422222222222219,0.5016666666666669,12000.0
13306,stockerau_full_12000_2,S2A_MSIL2A_20230629T100031_R122_T33UWP_20230629T191411,1000,,0.0,0.0,5.555555555555555,73.61111111111111,11.805555555555555,4.166666666666667,0.0,4.861111111111111,0.0,0.0,0.0,144,0,0.0,12000.0,12000.000000000931,0.9374954700469971,4.861111111111111,,0.0,-0.05583333333333333,1.0486111111111107,-2.8861111111111057,0.3280555555555562,0.3202777777777781,-0.3861111111111111,2.503333333333333,-0.8708333333333333,-0.001388888888888889,0.0,1.6311111111111103,2.8861111111111057,12000.0
13230,stockerau_full_12000_2,S2B_MSIL2A_20230601T094549_R079_T33UWP_20230601T163321,20,,0.0,0.058611111111111114,0.07805555555555556,71.86,19.570833333333333,2.5966666666666667,0.19305555555555556,0.04972222222222222,0.005,5.588055555555556,0.0,360000,0,0.0,12000.0,12000.000000000931,0.8761754035949707,5.642777777777778,,0.0,0.0,0.0,0.0,0.0,0.0,0.0,0.0,0.0,0.0,0.0,0.0,0.0,12000.0
13243,stockerau_full_12000_2,S2B_MSIL2A_20230601T094549_R079_T33UWP_20230601T163321,50,,0.0,0.06944444444444445,0.08506944444444445,71.84548611111111,19.53298611111111,2.5833333333333335,0.1996527777777778,0.050347222222222224,0.005208333333333333,5.628472222222222,0.0,57600,0,0.0,12000.0,12000.000000000931,0.8816952705383301,5.684027777777778,,0.0,0.010833333333333334,0.007013888888888889,-0.014513888888885162,-0.03784722222222214,-0.013333333333333197,0.0065972222222222265,0.0006250000000000006,0.00020833333333333294,0.04041666666666632,0.0,0.04124999999999979,0.04124999999999979,12000.0
13256,stockerau_full_12000_2,S2B_MSIL2A_20230601T094549_R079_T33UWP_20230601T163321,100,,0.0,0.0763888888888889,0.08333333333333333,71.93055555555556,19.5,2.5277777777777777,0.20833333333333334,0.06944444444444445,0.006944444444444444,5.597222222222222,0.0,14400,0,0.0,12000.0,12000.000000000931,0.8627419471740723,5.673611111111112,,0.0,0.01777777777777778,0.00527777777777777,0.0705555555555577,-0.07083333333333286,-0.068888888888889,0.015277777777777779,0.019722222222222224,0.001944444444444444,0.009166666666666323,0.0,0.030833333333333712,0.07083333333333286,12000.0
13269,stockerau_full_12000_2,S2B_MSIL2A_20230601T094549_R079_T33UWP_20230601T163321,200,,0.0,0.08333333333333333,0.05555555555555555,70.83333333333333,20.61111111111111,2.5,0.19444444444444445,0.0,0.0,5.722222222222222,0.0,3600,0,0.0,12000.0,12000.000000000931,1.0080220699310303,5.722222222222222,,0.0,0.024722222222222215,-0.022500000000000006,-1.0266666666666708,1.0402777777777779,-0.09666666666666668,0.001388888888888884,-0.04972222222222222,-0.005,0.13416666666666632,0.0,0.07944444444444443,1.0402777777777779,12000.0
13282,stockerau_full_12000_2,S2B_MSIL2A_20230601T094549_R079_T33UWP_20230601T163321,500,,0.0,0.0,0.3472222222222222,69.96527777777777,20.833333333333332,2.6041666666666665,0.1736111111111111,0.1736111111111111,0.1736111111111111,5.729166666666667,0.0,576,0,0.0,12000.0,12000.000000000931,0.8477771282196045,6.076388888888889,,0.0,-0.058611111111111114,0.26916666666666667,-1.894722222222228,1.2624999999999993,0.00749999999999984,-0.01944444444444446,0.12388888888888888,0.1686111111111111,0.14111111111111097,0.0,0.4336111111111114,1.894722222222228,12000.0
13295,stockerau_full_12000_2,S2B_MSIL2A_20230601T094549_R079_T33UWP_20230601T163321,1000,,0.0,0.0,0.0,70.83333333333333,22.22222222222222,2.0833333333333335,0.0,0.0,0.0,4.861111111111111,0.0,144,0,0.0,12000.0,12000.000000000931,0.9374954700469971,4.861111111111111,,0.0,-0.058611111111111114,-0.07805555555555556,-1.0266666666666708,2.6513888888888886,-0.5133333333333332,-0.19305555555555556,-0.04972222222222222,-0.005,-0.7269444444444453,0.0,-0.7816666666666672,2.6513888888888886,12000.0
13231,stockerau_full_12000_2,S2B_MSIL2A_20230604T095559_R122_T33UWP_20230604T174403,20,,0.0,0.006388888888888889,5.826666666666667,21.614444444444445,6.511666666666667,2.1847222222222222,2.576388888888889,26.233055555555556,15.47888888888889,19.567777777777778,0.0,360000,0,0.0,12000.0,12000.000000000931,0.8761754035949707,61.27972222222222,,0.0,0.0,0.0,0.0,0.0,0.0,0.0,0.0,0.0,0.0,0.0,0.0,0.0,12000.0
13244,stockerau_full_12000_2,S2B_MSIL2A_20230604T095559_R122_T33UWP_20230604T174403,50,,0.0,0.012152777777777778,5.815972222222222,21.506944444444443,6.416666666666667,2.1597222222222223,2.595486111111111,26.32638888888889,15.614583333333334,19.552083333333332,0.0,57600,0,0.0,12000.0,12000.000000000931,0.8816952705383301,61.49305555555556,,0.0,0.005763888888888889,-0.010694444444444784,-0.1075000000000017,-0.09499999999999975,-0.02499999999999991,0.01909722222222232,0.09333333333333371,0.13569444444444478,-0.015694444444445566,0.0,0.21333333333333826,0.21333333333333826,12000.0
13257,stockerau_full_12000_2,S2B_MSIL2A_20230604T095559_R122_T33UWP_20230604T174403,100,,0.0,0.013888888888888888,5.729166666666667,21.42361111111111,6.347222222222222,2.1944444444444446,2.611111111111111,26.520833333333332,15.666666666666666,19.493055555555557,0.0,14400,0,0.0,12000.0,12000.000000000931,0.8627419471740723,61.68055555555556,,0.0,0.007499999999999999,-0.09750000000000014,-0.19083333333333385,-0.1644444444444444,0.00972222222222241,0.03472222222222232,0.2877777777777766,0.18777777777777693,-0.07472222222222058,0.0,0.40083333333333826,0.40083333333333826,12000.0
13270,stockerau_full_12000_2,S2B_MSIL2A_20230604T095559_R122_T33UWP_20230604T174403,200,,0.0,0.0,5.638888888888889,20.77777777777778,6.472222222222222,2.0555555555555554,2.861111111111111,26.86111111111111,16.0,19.333333333333332,0.0,3600,0,0.0,12000.0,12000.000000000931,1.0080220699310303,62.19444444444444,,0.0,-0.006388888888888889,-0.18777777777777782,-0.836666666666666,-0.03944444444444439,-0.12916666666666687,0.2847222222222223,0.6280555555555551,0.5211111111111109,-0.23444444444444557,0.0,0.914722222222224,0.914722222222224,12000.0
13283,stockerau_full_12000_2,S2B_MSIL2A_20230604T095559_R122_T33UWP_20230604T174403,500,,0.0,0.0,5.208333333333333,21.354166666666668,6.597222222222222,1.7361111111111112,2.7777777777777777,26.73611111111111,16.666666666666668,18.92361111111111,0.0,576,0,0.0,12000.0,12000.000000000931,0.8477771282196045,62.326388888888886,,0.0,-0.006388888888888889,-0.6183333333333341,-0.2602777777777767,0.0855555555555556,-0.44861111111111107,0.20138888888888884,0.5030555555555551,1.1877777777777787,-0.644166666666667,0.0,1.0466666666666669,1.0466666666666669,12000.0
13296,stockerau_full_12000_2,S2B_MSIL2A_20230604T095559_R122_T33UWP_20230604T174403,1000,,0.0,0.0,5.555555555555555,18.75,4.861111111111111,2.0833333333333335,4.861111111111111,33.333333333333336,15.972222222222221,14.583333333333334,0.0,144,0,0.0,12000.0,12000.000000000931,0.9374954700469971,63.88888888888889,,0.0,-0.006388888888888889,-0.27111111111111175,-2.8644444444444446,-1.650555555555556,-0.10138888888888875,2.284722222222222,7.10027777777778,0.4933333333333323,-4.984444444444444,0.0,2.609166666666674,2.8644444444444446,12000.0
13234,stockerau_full_12000_2,S2B_MSIL2A_20230611T094549_R079_T33UWP_20230611T135320,20,,0.0,0.0,0.0,0.0,0.0,0.0,0.0,0.010277777777777778,99.98972222222223,0.0,0.0,360000,0,0.0,12000.0,12000.000000000931,0.8761754035949707,100.0,,0.0,0.0,0.0,0.0,0.0,0.0,0.0,0.0,0.0,0.0,0.0,0.0,0.0,12000.0
13247,stockerau_full_12000_2,S2B_MSIL2A_20230611T094549_R079_T33UWP_20230611T135320,50,,0.0,0.0,0.0,0.0,0.0,0.0,0.0,0.010416666666666666,99.98958333333333,0.0,0.0,57600,0,0.0,12000.0,12000.000000000931,0.8816952705383301,100.0,,0.0,0.0,0.0,0.0,0.0,0.0,0.0,0.00013888888888888805,-0.00013888888889823647,0.0,0.0,0.0,0.0,12000.0
13260,stockerau_full_12000_2,S2B_MSIL2A_20230611T094549_R079_T33UWP_20230611T135320,100,,0.0,0.0,0.0,0.0,0.0,0.0,0.0,0.006944444444444444,99.99305555555556,0.0,0.0,14400,0,0.0,12000.0,12000.000000000931,0.8627419471740723,100.0,,0.0,0.0,0.0,0.0,0.0,0.0,0.0,-0.003333333333333334,0.0033333333333303017,0.0,0.0,0.0,0.0,12000.0
13273,stockerau_full_12000_2,S2B_MSIL2A_20230611T094549_R079_T33UWP_20230611T135320,200,,0.0,0.0,0.0,0.0,0.0,0.0,0.0,0.027777777777777776,99.97222222222223,0.0,0.0,3600,0,0.0,12000.0,12000.000000000931,1.0080220699310303,100.0,,0.0,0.0,0.0,0.0,0.0,0.0,0.0,0.017499999999999998,-0.017499999999998295,0.0,0.0,0.0,0.0,12000.0
13286,stockerau_full_12000_2,S2B_MSIL2A_20230611T094549_R079_T33UWP_20230611T135320,500,,0.0,0.0,0.0,0.0,0.0,0.0,0.0,0.0,100.0,0.0,0.0,576,0,0.0,12000.0,12000.000000000931,0.8477771282196045,100.0,,0.0,0.0,0.0,0.0,0.0,0.0,0.0,-0.010277777777777778,0.010277777777773167,0.0,0.0,0.0,0.0,12000.0
13299,stockerau_full_12000_2,S2B_MSIL2A_20230611T094549_R079_T33UWP_20230611T135320,1000,,0.0,0.0,0.0,0.0,0.0,0.0,0.0,0.0,100.0,0.0,0.0,144,0,0.0,12000.0,12000.000000000931,0.9374954700469971,100.0,,0.0,0.0,0.0,0.0,0.0,0.0,0.0,-0.010277777777777778,0.010277777777773167,0.0,0.0,0.0,0.0,12000.0
13235,stockerau_full_12000_2,S2B_MSIL2A_20230614T095559_R122_T33UWP_20230614T142248,20,,0.0,0.06,4.101666666666667,74.25666666666666,15.005277777777778,3.778888888888889,0.2563888888888889,1.4919444444444445,1.0380555555555555,0.011111111111111112,0.0,360000,0,0.0,12000.0,12000.000000000931,0.8761754035949707,2.5411111111111113,,0.0,0.0,0.0,0.0,0.0,0.0,0.0,0.0,0.0,0.0,0.0,0.0,0.0,12000.0
13248,stockerau_full_12000_2,S2B_MSIL2A_20230614T095559_R122_T33UWP_20230614T142248,50,,0.0,0.06597222222222222,4.109375,74.22743055555556,15.024305555555555,3.7586805555555554,0.2708333333333333,1.5052083333333333,1.0260416666666667,0.012152777777777778,0.0,57600,0,0.0,12000.0,12000.000000000931,0.8816952705383301,2.5434027777777777,,0.0,0.005972222222222226,0.007708333333333428,-0.02923611111110347,0.019027777777777644,-0.020208333333333606,0.014444444444444426,0.013263888888888742,-0.012013888888888768,0.0010416666666666664,0.0,0.0022916666666663588,0.02923611111110347,12000.0
13261,stockerau_full_12000_2,S2B_MSIL2A_20230614T095559_R122_T33UWP_20230614T142248,100,,0.0,0.09027777777777778,4.090277777777778,74.10416666666667,15.1875,3.7430555555555554,0.2638888888888889,1.4861111111111112,1.0347222222222223,0.0,0.0,14400,0,0.0,12000.0,12000.000000000931,0.8627419471740723,2.5208333333333335,,0.0,0.03027777777777778,-0.011388888888888893,-0.1524999999999892,0.18222222222222229,-0.035833333333333606,0.007500000000000007,-0.005833333333333357,-0.0033333333333331883,-0.011111111111111112,0.0,-0.02027777777777784,0.18222222222222229,12000.0
13274,stockerau_full_12000_2,S2B_MSIL2A_20230614T095559_R122_T33UWP_20230614T142248,200,,0.0,0.027777777777777776,4.166666666666667,73.38888888888889,16.0,3.611111111111111,0.25,1.4722222222222223,1.0833333333333333,0.0,0.0,3600,0,0.0,12000.0,12000.000000000931,1.0080220699310303,2.5555555555555554,,0.0,-0.03222222222222222,0.06500000000000039,-0.8677777777777749,0.9947222222222223,-0.1677777777777778,-0.006388888888888888,-0.019722222222222197,0.04527777777777775,-0.011111111111111112,0.0,0.014444444444444038,0.9947222222222223,12000.0
13287,stockerau_full_12000_2,S2B_MSIL2A_20230614T095559_R122_T33UWP_20230614T142248,500,,0.0,0.0,4.166666666666667,72.91666666666667,16.493055555555557,3.8194444444444446,0.1736111111111111,1.5625,0.8680555555555556,0.0,0.0,576,0,0.0,12000.0,12000.000000000931,0.8477771282196045,2.4305555555555554,,0.0,-0.06,0.06500000000000039,-1.3399999999999892,1.4877777777777794,0.04055555555555568,-0.08277777777777778,0.07055555555555548,-0.16999999999999993,-0.011111111111111112,0.0,-0.11055555555555596,1.4877777777777794,12000.0
13300,stockerau_full_12000_2,S2B_MSIL2A_20230614T095559_R122_T33UWP_20230614T142248,1000,,0.0,0.0,2.7777777777777777,70.83333333333333,19.444444444444443,4.166666666666667,0.0,1.3888888888888888,1.3888888888888888,0.0,0.0,144,0,0.0,12000.0,12000.000000000931,0.9374954700469971,2.7777777777777777,,0.0,-0.06,-1.323888888888889,-3.423333333333332,4.439166666666665,0.387777777777778,-0.2563888888888889,-0.10305555555555568,0.35083333333333333,-0.011111111111111112,0.0,0.23666666666666636,4.439166666666665,12000.0
13238,stockerau_full_12000_2,S2B_MSIL2A_20230621T094549_R079_T33UWP_20230621T143955,20,,0.0,0.034444444444444444,0.03972222222222222,67.02333333333333,11.021666666666667,2.0866666666666664,0.16972222222222222,1.443888888888889,0.018333333333333333,18.162222222222223,0.0,360000,0,0.0,12000.0,12000.000000000931,0.8761754035949707,19.624444444444446,,0.0,0.0,0.0,0.0,0.0,0.0,0.0,0.0,0.0,0.0,0.0,0.0,0.0,12000.0
13251,stockerau_full_12000_2,S2B_MSIL2A_20230621T094549_R079_T33UWP_20230621T143955,50,,0.0,0.034722222222222224,0.03993055555555555,67.09895833333333,11.052083333333334,2.0746527777777777,0.1684027777777778,1.3975694444444444,0.019097222222222224,18.114583333333332,0.0,57600,0,0.0,12000.0,12000.000000000931,0.8816952705383301,19.53125,,0.0,0.00027777777777777957,0.0002083333333333312,0.07562500000000227,0.030416666666667425,-0.012013888888888768,-0.0013194444444444287,-0.04631944444444458,0.0007638888888888903,-0.04763888888889056,0.0,-0.09319444444444613,0.09319444444444613,12000.0
13264,stockerau_full_12000_2,S2B_MSIL2A_20230621T094549_R079_T33UWP_20230621T143955,100,,0.0,0.04861111111111111,0.041666666666666664,67.32638888888889,10.972222222222221,2.0416666666666665,0.1736111111111111,1.3541666666666667,0.013888888888888888,18.02777777777778,0.0,14400,0,0.0,12000.0,12000.000000000931,0.8627419471740723,19.395833333333336,,0.0,0.014166666666666668,0.001944444444444443,0.3030555555555594,-0.04944444444444507,-0.04499999999999993,0.003888888888888886,-0.08972222222222226,-0.004444444444444445,-0.13444444444444414,0.0,-0.22861111111111043,0.3030555555555594,12000.0
13277,stockerau_full_12000_2,S2B_MSIL2A_20230621T094549_R079_T33UWP_20230621T143955,200,,0.0,0.027777777777777776,0.05555555555555555,67.11111111111111,11.63888888888889,1.9444444444444444,0.1388888888888889,1.1944444444444444,0.0,17.88888888888889,0.0,3600,0,0.0,12000.0,12000.000000000931,1.0080220699310303,19.083333333333332,,0.0,-0.006666666666666668,0.01583333333333333,0.08777777777778795,0.6172222222222228,-0.14222222222222203,-0.030833333333333324,-0.24944444444444458,-0.018333333333333333,-0.27333333333333343,0.0,-0.541111111111114,0.6172222222222228,12000.0
13290,stockerau_full_12000_2,S2B_MSIL2A_20230621T094549_R079_T33UWP_20230621T143955,500,,0.0,0.0,0.0,67.01388888888889,11.458333333333334,1.9097222222222223,0.0,0.5208333333333334,0.0,19.09722222222222,0.0,576,0,0.0,12000.0,12000.000000000931,0.8477771282196045,19.618055555555554,,0.0,-0.034444444444444444,-0.03972222222222222,-0.009444444444440592,0.4366666666666674,-0.17694444444444413,-0.16972222222222222,-0.9230555555555556,-0.018333333333333333,0.9349999999999987,0.0,-0.006388888888892552,0.4366666666666674,12000.0
13303,stockerau_full_12000_2,S2B_MSIL2A_20230621T094549_R079_T33UWP_20230621T143955,1000,,0.0,0.0,0.0,65.27777777777777,13.88888888888889,2.7777777777777777,0.6944444444444444,1.3888888888888888,0.0,15.972222222222221,0.0,144,0,0.0,12000.0,12000.000000000931,0.9374954700469971,17.36111111111111,,0.0,-0.034444444444444444,-0.03972222222222222,-1.7455555555555549,2.867222222222223,0.6911111111111112,0.5247222222222222,-0.05500000000000016,-0.018333333333333333,-2.1900000000000013,0.0,-2.2633333333333354,2.867222222222223,12000.0
13239,stockerau_full_12000_2,S2B_MSIL2A_20230624T095559_R122_T33UWP_20230624T142946,20,,0.0,0.0,0.0,0.0,0.0,0.0,0.0,0.0,100.0,0.0,0.0,360000,0,0.0,12000.0,12000.000000000931,0.8761754035949707,100.0,,0.0,0.0,0.0,0.0,0.0,0.0,0.0,0.0,0.0,0.0,0.0,0.0,0.0,12000.0
13252,stockerau_full_12000_2,S2B_MSIL2A_20230624T095559_R122_T33UWP_20230624T142946,50,,0.0,0.0,0.0,0.0,0.0,0.0,0.0,0.0,100.0,0.0,0.0,57600,0,0.0,12000.0,12000.000000000931,0.8816952705383301,100.0,,0.0,0.0,0.0,0.0,0.0,0.0,0.0,0.0,0.0,0.0,0.0,0.0,0.0,12000.0
13265,stockerau_full_12000_2,S2B_MSIL2A_20230624T095559_R122_T33UWP_20230624T142946,100,,0.0,0.0,0.0,0.0,0.0,0.0,0.0,0.0,100.0,0.0,0.0,14400,0,0.0,12000.0,12000.000000000931,0.8627419471740723,100.0,,0.0,0.0,0.0,0.0,0.0,0.0,0.0,0.0,0.0,0.0,0.0,0.0,0.0,12000.0
13278,stockerau_full_12000_2,S2B_MSIL2A_20230624T095559_R122_T33UWP_20230624T142946,200,,0.0,0.0,0.0,0.0,0.0,0.0,0.0,0.0,100.0,0.0,0.0,3600,0,0.0,12000.0,12000.000000000931,1.0080220699310303,100.0,,0.0,0.0,0.0,0.0,0.0,0.0,0.0,0.0,0.0,0.0,0.0,0.0,0.0,12000.0
13291,stockerau_full_12000_2,S2B_MSIL2A_20230624T095559_R122_T33UWP_20230624T142946,500,,0.0,0.0,0.0,0.0,0.0,0.0,0.0,0.0,100.0,0.0,0.0,576,0,0.0,12000.0,12000.000000000931,0.8477771282196045,100.0,,0.0,0.0,0.0,0.0,0.0,0.0,0.0,0.0,0.0,0.0,0.0,0.0,0.0,12000.0
13304,stockerau_full_12000_2,S2B_MSIL2A_20230624T095559_R122_T33UWP_20230624T142946,1000,,0.0,0.0,0.0,0.0,0.0,0.0,0.0,0.0,100.0,0.0,0.0,144,0,0.0,12000.0,12000.000000000931,0.9374954700469971,100.0,,0.0,0.0,0.0,0.0,0.0,0.0,0.0,0.0,0.0,0.0,0.0,0.0,0.0,12000.0
13242,stockerau_full_12000_2,S2B_MSIL2A_20230701T094549_R079_T33UWP_20230701T152448,20,,0.0,0.0,0.011944444444444445,0.0,0.0,0.0,0.0,2.3516666666666666,97.63638888888889,0.0,0.0,360000,0,0.0,12000.0,12000.000000000931,0.8761754035949707,99.98805555555555,,0.0,0.0,0.0,0.0,0.0,0.0,0.0,0.0,0.0,0.0,0.0,0.0,0.0,12000.0
13255,stockerau_full_12000_2,S2B_MSIL2A_20230701T094549_R079_T33UWP_20230701T152448,50,,0.0,0.0,0.012152777777777778,0.0,0.0,0.0,0.0,2.357638888888889,97.63020833333333,0.0,0.0,57600,0,0.0,12000.0,12000.000000000931,0.8816952705383301,99.98784722222221,,0.0,0.0,0.00020833333333333294,0.0,0.0,0.0,0.0,0.005972222222222268,-0.006180555555559408,0.0,0.0,-0.00020833333333314386,0.00020833333333333294,12000.0
13268,stockerau_full_12000_2,S2B_MSIL2A_20230701T094549_R079_T33UWP_20230701T152448,100,,0.0,0.0,0.006944444444444444,0.0,0.0,0.0,0.0,2.3680555555555554,97.625,0.0,0.0,14400,0,0.0,12000.0,12000.000000000931,0.8627419471740723,99.99305555555556,,0.0,0.0,-0.005000000000000001,0.0,0.0,0.0,0.0,0.016388888888888786,-0.011388888888888005,0.0,0.0,0.005000000000009663,0.005000000000009663,12000.0
13281,stockerau_full_12000_2,S2B_MSIL2A_20230701T094549_R079_T33UWP_20230701T152448,200,,0.0,0.0,0.027777777777777776,0.0,0.0,0.0,0.0,2.4444444444444446,97.52777777777777,0.0,0.0,3600,0,0.0,12000.0,12000.000000000931,1.0080220699310303,99.97222222222221,,0.0,0.0,0.01583333333333333,0.0,0.0,0.0,0.0,0.09277777777777807,-0.10861111111111654,0.0,0.0,-0.015833333333333144,0.01583333333333333,12000.0
13294,stockerau_full_12000_2,S2B_MSIL2A_20230701T094549_R079_T33UWP_20230701T152448,500,,0.0,0.0,0.0,0.0,0.0,0.0,0.0,1.5625,98.4375,0.0,0.0,576,0,0.0,12000.0,12000.000000000931,0.8477771282196045,100.0,,0.0,0.0,-0.011944444444444445,0.0,0.0,0.0,0.0,-0.7891666666666666,0.801111111111112,0.0,0.0,0.011944444444452529,0.011944444444452529,12000.0
13307,stockerau_full_12000_2,S2B_MSIL2A_20230701T094549_R079_T33UWP_20230701T152448,1000,,0.0,0.0,0.0,0.0,0.0,0.0,0.0,3.4722222222222223,96.52777777777777,0.0,0.0,144,0,0.0,12000.0,12000.000000000931,0.9374954700469971,100.0,,0.0,0.0,-0.011944444444444445,0.0,0.0,0.0,0.0,1.1205555555555557,-1.1086111111111165,0.0,0.0,0.011944444444452529,0.011944444444452529,12000.0
13310,stockerau_full_12000_3,S2A_MSIL2A_20230606T095031_R079_T33UWP_20230606T162616,20,,0.0,0.0,0.0,0.0011111111111111111,0.30916666666666665,0.0,0.5727777777777778,2.0833333333333335,97.03361111111111,0.0,0.0,360000,0,0.0,12000.000000000233,12000.000000001863,0.7988393306732178,99.11694444444444,,0.0,0.0,0.0,0.0,0.0,0.0,0.0,0.0,0.0,0.0,0.0,0.0,0.0,12000.0
13323,stockerau_full_12000_3,S2A_MSIL2A_20230606T095031_R079_T33UWP_20230606T162616,50,,0.0,0.0,0.0,0.001736111111111111,0.3315972222222222,0.0,0.5920138888888888,2.09375,96.98090277777777,0.0,0.0,57600,0,0.0,12000.000000000233,12000.000000001863,1.3535807132720947,99.07465277777777,,0.0,0.0,0.0,0.0006249999999999999,0.022430555555555565,0.0,0.01923611111111101,0.010416666666666519,-0.05270833333334224,0.0,0.0,-0.042291666666670835,0.042291666666670835,12000.0
13336,stockerau_full_12000_3,S2A_MSIL2A_20230606T095031_R079_T33UWP_20230606T162616,100,,0.0,0.0,0.0,0.0,0.3263888888888889,0.0,0.6180555555555556,2.0972222222222223,96.95833333333333,0.0,0.0,14400,0,0.0,12000.000000000233,12000.000000001863,0.9177958965301514,99.05555555555556,,0.0,0.0,0.0,-0.0011111111111111111,0.01722222222222225,0.0,0.04527777777777775,0.01388888888888884,-0.0752777777777851,0.0,0.0,-0.06138888888888516,0.06138888888888516,12000.0
13349,stockerau_full_12000_3,S2A_MSIL2A_20230606T095031_R079_T33UWP_20230606T162616,200,,0.0,0.0,0.0,0.0,0.3611111111111111,0.0,0.5833333333333334,2.138888888888889,96.91666666666667,0.0,0.0,3600,0,0.0,12000.000000000233,12000.000000001863,0.8354864120483398,99.05555555555556,,0.0,0.0,0.0,-0.0011111111111111111,0.05194444444444446,0.0,0.01055555555555554,0.05555555555555536,-0.1169444444444423,0.0,0.0,-0.06138888888888516,0.06138888888888516,12000.0
13362,stockerau_full_12000_3,S2A_MSIL2A_20230606T095031_R079_T33UWP_20230606T162616,500,,0.0,0.0,0.0,0.0,0.3472222222222222,0.0,0.6944444444444444,1.9097222222222223,97.04861111111111,0.0,0.0,576,0,0.0,12000.000000000233,12000.000000001863,0.7945969104766846,98.95833333333334,,0.0,0.0,0.0,-0.0011111111111111111,0.038055555555555565,0.0,0.12166666666666659,-0.17361111111111116,0.015000000000000568,0.0,0.0,-0.1586111111110995,0.1586111111110995,12000.0
13375,stockerau_full_12000_3,S2A_MSIL2A_20230606T095031_R079_T33UWP_20230606T162616,1000,,0.0,0.0,0.0,0.0,0.6944444444444444,0.0,0.6944444444444444,2.0833333333333335,96.52777777777777,0.0,0.0,144,0,0.0,12000.000000000233,12000.000000001863,0.7753963470458984,98.6111111111111,,0.0,0.0,0.0,-0.0011111111111111111,0.3852777777777778,0.0,0.12166666666666659,0.0,-0.5058333333333422,0.0,0.0,-0.5058333333333422,0.5058333333333422,12000.0
13311,stockerau_full_12000_3,S2A_MSIL2A_20230609T100031_R122_T33UWP_20230609T173715,20,,0.0,0.0,0.0,0.0,0.0,0.0,0.0,0.5052777777777778,99.49472222222222,0.0,0.0,360000,0,0.0,12000.000000000233,12000.000000001863,0.7988393306732178,100.0,,0.0,0.0,0.0,0.0,0.0,0.0,0.0,0.0,0.0,0.0,0.0,0.0,0.0,12000.0
13324,stockerau_full_12000_3,S2A_MSIL2A_20230609T100031_R122_T33UWP_20230609T173715,50,,0.0,0.0,0.0,0.0,0.0,0.0,0.0,0.5277777777777778,99.47222222222223,0.0,0.0,57600,0,0.0,12000.000000000233,12000.000000001863,1.3535807132720947,100.0,,0.0,0.0,0.0,0.0,0.0,0.0,0.0,0.022499999999999964,-0.022499999999993747,0.0,0.0,0.0,0.0,12000.0
13337,stockerau_full_12000_3,S2A_MSIL2A_20230609T100031_R122_T33UWP_20230609T173715,100,,0.0,0.0,0.0,0.0,0.0,0.0,0.0,0.5625,99.4375,0.0,0.0,14400,0,0.0,12000.000000000233,12000.000000001863,0.9177958965301514,100.0,,0.0,0.0,0.0,0.0,0.0,0.0,0.0,0.057222222222222174,-0.057222222222222285,0.0,0.0,0.0,0.0,12000.0
13350,stockerau_full_12000_3,S2A_MSIL2A_20230609T100031_R122_T33UWP_20230609T173715,200,,0.0,0.0,0.0,0.0,0.0,0.0,0.0,0.6111111111111112,99.38888888888889,0.0,0.0,3600,0,0.0,12000.000000000233,12000.000000001863,0.8354864120483398,100.0,,0.0,0.0,0.0,0.0,0.0,0.0,0.0,0.10583333333333333,-0.10583333333333655,0.0,0.0,0.0,0.0,12000.0
13363,stockerau_full_12000_3,S2A_MSIL2A_20230609T100031_R122_T33UWP_20230609T173715,500,,0.0,0.0,0.0,0.0,0.0,0.0,0.0,0.8680555555555556,99.13194444444444,0.0,0.0,576,0,0.0,12000.000000000233,12000.000000001863,0.7945969104766846,100.0,,0.0,0.0,0.0,0.0,0.0,0.0,0.0,0.36277777777777775,-0.3627777777777794,0.0,0.0,0.0,0.0,12000.0
13376,stockerau_full_12000_3,S2A_MSIL2A_20230609T100031_R122_T33UWP_20230609T173715,1000,,0.0,0.0,0.0,0.0,0.0,0.0,0.0,2.0833333333333335,97.91666666666667,0.0,0.0,144,0,0.0,12000.000000000233,12000.000000001863,0.7753963470458984,100.0,,0.0,0.0,0.0,0.0,0.0,0.0,0.0,1.5780555555555558,-1.5780555555555509,0.0,0.0,0.0,0.0,12000.0
13314,stockerau_full_12000_3,S2A_MSIL2A_20230616T095031_R079_T33UWP_20230616T172735,20,,0.0,0.006944444444444444,1.0308333333333333,77.1913888888889,20.194166666666668,0.0,0.07,1.0133333333333334,0.49333333333333335,0.0,0.0,360000,0,0.0,12000.000000000233,12000.000000001863,0.7988393306732178,1.5066666666666668,,0.0,0.0,0.0,0.0,0.0,0.0,0.0,0.0,0.0,0.0,0.0,0.0,0.0,12000.0
13327,stockerau_full_12000_3,S2A_MSIL2A_20230616T095031_R079_T33UWP_20230616T172735,50,,0.0,0.006944444444444444,1.0347222222222223,77.203125,20.163194444444443,0.0,0.07118055555555555,1.0451388888888888,0.4756944444444444,0.0,0.0,57600,0,0.0,12000.000000000233,12000.000000001863,1.3535807132720947,1.5208333333333333,,0.0,0.0,0.0038888888888890527,0.011736111111105174,-0.030972222222224843,0.0,0.0011805555555555458,0.03180555555555542,-0.017638888888888926,0.0,0.0,0.014166666666666439,0.030972222222224843,12000.0
13340,stockerau_full_12000_3,S2A_MSIL2A_20230616T095031_R079_T33UWP_20230616T172735,100,,0.0,0.0,1.0694444444444444,77.40277777777777,19.9375,0.0,0.06944444444444445,1.0347222222222223,0.4861111111111111,0.0,0.0,14400,0,0.0,12000.000000000233,12000.000000001863,0.9177958965301514,1.5208333333333335,,0.0,-0.006944444444444444,0.03861111111111115,0.21138888888887664,-0.2566666666666677,0.0,-0.0005555555555555591,0.0213888888888889,-0.007222222222222241,0.0,0.0,0.01416666666666666,0.2566666666666677,12000.0
13353,stockerau_full_12000_3,S2A_MSIL2A_20230616T095031_R079_T33UWP_20230616T172735,200,,0.0,0.0,1.0,77.19444444444444,20.22222222222222,0.0,0.08333333333333333,1.0555555555555556,0.4444444444444444,0.0,0.0,3600,0,0.0,12000.000000000233,12000.000000001863,0.8354864120483398,1.5,,0.0,-0.006944444444444444,-0.030833333333333268,0.0030555555555480396,0.028055555555553724,0.0,0.013333333333333322,0.04222222222222216,-0.048888888888888926,0.0,0.0,-0.006666666666666821,0.030833333333333268,12000.0
13366,stockerau_full_12000_3,S2A_MSIL2A_20230616T095031_R079_T33UWP_20230616T172735,500,,0.0,0.0,1.3888888888888888,78.99305555555556,17.881944444444443,0.0,0.0,1.0416666666666667,0.6944444444444444,0.0,0.0,576,0,0.0,12000.000000000233,12000.000000001863,0.7945969104766846,1.7361111111111112,,0.0,-0.006944444444444444,0.35805555555555557,1.8016666666666623,-2.312222222222225,0.0,-0.07,0.02833333333333332,0.20111111111111107,0.0,0.0,0.22944444444444434,2.312222222222225,12000.0
13379,stockerau_full_12000_3,S2A_MSIL2A_20230616T095031_R079_T33UWP_20230616T172735,1000,,0.0,0.0,1.3888888888888888,79.86111111111111,15.972222222222221,0.0,0.0,1.3888888888888888,1.3888888888888888,0.0,0.0,144,0,0.0,12000.000000000233,12000.000000001863,0.7753963470458984,2.7777777777777777,,0.0,-0.006944444444444444,0.35805555555555557,2.6697222222222194,-4.221944444444446,0.0,-0.07,0.3755555555555554,0.8955555555555554,0.0,0.0,1.2711111111111109,4.221944444444446,12000.0
13315,stockerau_full_12000_3,S2A_MSIL2A_20230619T100031_R122_T33UWP_20230619T172742,20,,0.0,0.0,0.07166666666666667,37.64083333333333,8.307777777777778,0.0,2.1591666666666667,4.776388888888889,0.5836111111111111,46.46055555555556,0.0,360000,0,0.0,12000.000000000233,12000.000000001863,0.7988393306732178,51.82055555555556,,0.0,0.0,0.0,0.0,0.0,0.0,0.0,0.0,0.0,0.0,0.0,0.0,0.0,12000.0
13328,stockerau_full_12000_3,S2A_MSIL2A_20230619T100031_R122_T33UWP_20230619T172742,50,,0.0,0.0,0.06944444444444445,37.567708333333336,8.272569444444445,0.0,2.1493055555555554,4.815972222222222,0.5815972222222222,46.54340277777778,0.0,57600,0,0.0,12000.000000000233,12000.000000001863,1.3535807132720947,51.94097222222222,,0.0,0.0,-0.0022222222222222227,-0.07312499999999744,-0.035208333333333286,0.0,-0.00986111111111132,0.03958333333333375,-0.0020138888888888706,0.0828472222222203,0.0,0.12041666666666373,0.12041666666666373,12000.0
13341,stockerau_full_12000_3,S2A_MSIL2A_20230619T100031_R122_T33UWP_20230619T172742,100,,0.0,0.0,0.05555555555555555,37.208333333333336,8.20138888888889,0.0,2.0902777777777777,4.916666666666667,0.5833333333333334,46.94444444444444,0.0,14400,0,0.0,12000.000000000233,12000.000000001863,0.9177958965301514,52.44444444444444,,0.0,0.0,-0.016111111111111118,-0.43249999999999744,-0.10638888888888864,0.0,-0.068888888888889,0.1402777777777784,-0.0002777777777777102,0.4838888888888846,0.0,0.6238888888888852,0.6238888888888852,12000.0
13354,stockerau_full_12000_3,S2A_MSIL2A_20230619T100031_R122_T33UWP_20230619T172742,200,,0.0,0.0,0.027777777777777776,36.583333333333336,8.333333333333334,0.0,2.3055555555555554,4.5,0.5277777777777778,47.72222222222222,0.0,3600,0,0.0,12000.000000000233,12000.000000001863,0.8354864120483398,52.75,,0.0,0.0,-0.043888888888888894,-1.0574999999999974,0.025555555555555998,0.0,0.14638888888888868,-0.2763888888888886,-0.05583333333333329,1.2616666666666632,0.0,0.9294444444444423,1.0574999999999974,12000.0
13367,stockerau_full_12000_3,S2A_MSIL2A_20230619T100031_R122_T33UWP_20230619T172742,500,,0.0,0.0,0.1736111111111111,35.9375,8.854166666666666,0.0,2.0833333333333335,4.6875,0.3472222222222222,47.916666666666664,0.0,576,0,0.0,12000.000000000233,12000.000000001863,0.7945969104766846,52.951388888888886,,0.0,0.0,0.10194444444444443,-1.7033333333333331,0.5463888888888881,0.0,-0.0758333333333332,-0.08888888888888857,-0.23638888888888887,1.456111111111106,0.0,1.130833333333328,1.7033333333333331,12000.0
13380,stockerau_full_12000_3,S2A_MSIL2A_20230619T100031_R122_T33UWP_20230619T172742,1000,,0.0,0.0,0.0,39.583333333333336,9.027777777777779,0.0,1.3888888888888888,5.555555555555555,0.0,44.44444444444444,0.0,144,0,0.0,12000.000000000233,12000.000000001863,0.7753963470458984,50.0,,0.0,0.0,-0.07166666666666667,1.9425000000000026,0.7200000000000006,0.0,-0.7702777777777778,0.7791666666666668,-0.5836111111111111,-2.0161111111111154,0.0,-1.8205555555555577,1.9425000000000026,12000.0
13318,stockerau_full_12000_3,S2A_MSIL2A_20230626T095031_R079_T33UWP_20230626T161132,20,,0.0,0.0030555555555555557,1.1175,84.66027777777778,11.9725,0.0,0.09888888888888889,1.3144444444444445,0.8333333333333334,0.0,0.0,360000,0,0.0,12000.000000000233,12000.000000001863,0.7988393306732178,2.147777777777778,,0.0,0.0,0.0,0.0,0.0,0.0,0.0,0.0,0.0,0.0,0.0,0.0,0.0,12000.0
13331,stockerau_full_12000_3,S2A_MSIL2A_20230626T095031_R079_T33UWP_20230626T161132,50,,0.0,0.003472222222222222,1.0850694444444444,84.65798611111111,12.027777777777779,0.0,0.10416666666666667,1.2829861111111112,0.8385416666666666,0.0,0.0,57600,0,0.0,12000.000000000233,12000.000000001863,1.3535807132720947,2.1215277777777777,,0.0,0.0004166666666666663,-0.03243055555555552,-0.0022916666666645824,0.055277777777778425,0.0,0.005277777777777784,-0.031458333333333366,0.005208333333333259,0.0,0.0,-0.026250000000000107,0.055277777777778425,12000.0
13344,stockerau_full_12000_3,S2A_MSIL2A_20230626T095031_R079_T33UWP_20230626T161132,100,,0.0,0.0,1.0833333333333333,84.88194444444444,11.840277777777779,0.0,0.09722222222222222,1.3125,0.7847222222222222,0.0,0.0,14400,0,0.0,12000.000000000233,12000.000000001863,0.9177958965301514,2.0972222222222223,,0.0,-0.0030555555555555557,-0.03416666666666668,0.22166666666666401,-0.13222222222222157,0.0,-0.0016666666666666635,-0.0019444444444445264,-0.04861111111111116,0.0,0.0,-0.050555555555555465,0.22166666666666401,12000.0
13357,stockerau_full_12000_3,S2A_MSIL2A_20230626T095031_R079_T33UWP_20230626T161132,200,,0.0,0.0,1.1388888888888888,84.83333333333333,11.805555555555555,0.0,0.08333333333333333,1.3333333333333333,0.8055555555555556,0.0,0.0,3600,0,0.0,12000.000000000233,12000.000000001863,0.8354864120483398,2.138888888888889,,0.0,-0.0030555555555555557,0.0213888888888889,0.17305555555554974,-0.16694444444444478,0.0,-0.015555555555555559,0.018888888888888733,-0.02777777777777779,0.0,0.0,-0.008888888888888946,0.17305555555554974,12000.0
13370,stockerau_full_12000_3,S2A_MSIL2A_20230626T095031_R079_T33UWP_20230626T161132,500,,0.0,0.0,1.0416666666666667,84.375,12.847222222222221,0.0,0.3472222222222222,1.0416666666666667,0.3472222222222222,0.0,0.0,576,0,0.0,12000.000000000233,12000.000000001863,0.7945969104766846,1.3888888888888888,,0.0,-0.0030555555555555557,-0.0758333333333332,-0.28527777777777885,0.8747222222222213,0.0,0.24833333333333332,-0.2727777777777778,-0.48611111111111116,0.0,0.0,-0.758888888888889,0.8747222222222213,12000.0
13383,stockerau_full_12000_3,S2A_MSIL2A_20230626T095031_R079_T33UWP_20230626T161132,1000,,0.0,0.0,1.3888888888888888,86.80555555555556,11.11111111111111,0.0,0.0,0.0,0.6944444444444444,0.0,0.0,144,0,0.0,12000.000000000233,12000.000000001863,0.7753963470458984,0.6944444444444444,,0.0,-0.0030555555555555557,0.2713888888888889,2.1452777777777783,-0.8613888888888894,0.0,-0.09888888888888889,-1.3144444444444445,-0.13888888888888895,0.0,0.0,-1.4533333333333334,2.1452777777777783,12000.0
13319,stockerau_full_12000_3,S2A_MSIL2A_20230629T100031_R122_T33UWP_20230629T191411,20,,0.0,0.015833333333333335,4.195833333333334,82.09194444444445,10.870277777777778,0.0,0.27416666666666667,2.0525,0.49944444444444447,0.0,0.0,360000,0,0.0,12000.000000000233,12000.000000001863,0.7988393306732178,2.5519444444444446,,0.0,0.0,0.0,0.0,0.0,0.0,0.0,0.0,0.0,0.0,0.0,0.0,0.0,12000.0
13332,stockerau_full_12000_3,S2A_MSIL2A_20230629T100031_R122_T33UWP_20230629T191411,50,,0.0,0.015625,4.199652777777778,82.16840277777777,10.777777777777779,0.0,0.2829861111111111,2.0572916666666665,0.4982638888888889,0.0,0.0,57600,0,0.0,12000.000000000233,12000.000000001863,1.3535807132720947,2.5555555555555554,,0.0,-0.00020833333333333467,0.0038194444444439313,0.07645833333332064,-0.09249999999999936,0.0,0.008819444444444435,0.0047916666666663055,-0.0011805555555555736,0.0,0.0,0.0036111111111107874,0.09249999999999936,12000.0
13345,stockerau_full_12000_3,S2A_MSIL2A_20230629T100031_R122_T33UWP_20230629T191411,100,,0.0,0.020833333333333332,4.1875,82.20138888888889,10.770833333333334,0.0,0.3125,1.9652777777777777,0.5416666666666666,0.0,0.0,14400,0,0.0,12000.000000000233,12000.000000001863,0.9177958965301514,2.506944444444444,,0.0,0.0049999999999999975,-0.008333333333333748,0.10944444444443491,-0.099444444444444,0.0,0.03833333333333333,-0.08722222222222253,0.04222222222222216,0.0,0.0,-0.04500000000000037,0.10944444444443491,12000.0
13358,stockerau_full_12000_3,S2A_MSIL2A_20230629T100031_R122_T33UWP_20230629T191411,200,,0.0,0.027777777777777776,4.472222222222222,82.19444444444444,10.527777777777779,0.0,0.2222222222222222,2.0,0.5555555555555556,0.0,0.0,3600,0,0.0,12000.000000000233,12000.000000001863,0.8354864120483398,2.5555555555555554,,0.0,0.011944444444444442,0.2763888888888886,0.10249999999999204,-0.34249999999999936,0.0,-0.05194444444444446,-0.05250000000000021,0.05611111111111111,0.0,0.0,0.0036111111111107874,0.34249999999999936,12000.0
13371,stockerau_full_12000_3,S2A_MSIL2A_20230629T100031_R122_T33UWP_20230629T191411,500,,0.0,0.0,4.166666666666667,79.16666666666667,13.368055555555555,0.0,0.1736111111111111,2.4305555555555554,0.6944444444444444,0.0,0.0,576,0,0.0,12000.000000000233,12000.000000001863,0.7945969104766846,3.125,,0.0,-0.015833333333333335,-0.029166666666666785,-2.9252777777777794,2.4977777777777774,0.0,-0.10055555555555556,0.37805555555555515,0.19499999999999995,0.0,0.0,0.5730555555555554,2.9252777777777794,12000.0
13384,stockerau_full_12000_3,S2A_MSIL2A_20230629T100031_R122_T33UWP_20230629T191411,1000,,0.0,0.0,4.166666666666667,80.55555555555556,9.722222222222221,0.0,0.0,2.0833333333333335,3.4722222222222223,0.0,0.0,144,0,0.0,12000.000000000233,12000.000000001863,0.7753963470458984,5.555555555555555,,0.0,-0.015833333333333335,-0.029166666666666785,-1.5363888888888937,-1.1480555555555565,0.0,-0.27416666666666667,0.030833333333333268,2.972777777777778,0.0,0.0,3.003611111111111,3.003611111111111,12000.0
13308,stockerau_full_12000_3,S2B_MSIL2A_20230601T094549_R079_T33UWP_20230601T163321,20,,0.0,0.0044444444444444444,0.0,67.69305555555556,32.30166666666667,0.0,0.0008333333333333334,0.0,0.0,0.0,0.0,360000,0,0.0,12000.000000000233,12000.000000001863,0.7988393306732178,0.0,,0.0,0.0,0.0,0.0,0.0,0.0,0.0,0.0,0.0,0.0,0.0,0.0,0.0,12000.0
13321,stockerau_full_12000_3,S2B_MSIL2A_20230601T094549_R079_T33UWP_20230601T163321,50,,0.0,0.003472222222222222,0.0,67.71006944444444,32.286458333333336,0.0,0.0,0.0,0.0,0.0,0.0,57600,0,0.0,12000.000000000233,12000.000000001863,1.3535807132720947,0.0,,0.0,-0.0009722222222222224,0.0,0.01701388888888289,-0.015208333333333712,0.0,-0.0008333333333333334,0.0,0.0,0.0,0.0,0.0,0.01701388888888289,12000.0
13334,stockerau_full_12000_3,S2B_MSIL2A_20230601T094549_R079_T33UWP_20230601T163321,100,,0.0,0.0,0.0,67.98611111111111,32.013888888888886,0.0,0.0,0.0,0.0,0.0,0.0,14400,0,0.0,12000.000000000233,12000.000000001863,0.9177958965301514,0.0,,0.0,-0.0044444444444444444,0.0,0.2930555555555543,-0.2877777777777837,0.0,-0.0008333333333333334,0.0,0.0,0.0,0.0,0.0,0.2930555555555543,12000.0
13347,stockerau_full_12000_3,S2B_MSIL2A_20230601T094549_R079_T33UWP_20230601T163321,200,,0.0,0.0,0.0,68.44444444444444,31.555555555555557,0.0,0.0,0.0,0.0,0.0,0.0,3600,0,0.0,12000.000000000233,12000.000000001863,0.8354864120483398,0.0,,0.0,-0.0044444444444444444,0.0,0.7513888888888829,-0.7461111111111123,0.0,-0.0008333333333333334,0.0,0.0,0.0,0.0,0.0,0.7513888888888829,12000.0
13360,stockerau_full_12000_3,S2B_MSIL2A_20230601T094549_R079_T33UWP_20230601T163321,500,,0.0,0.0,0.0,67.1875,32.8125,0.0,0.0,0.0,0.0,0.0,0.0,576,0,0.0,12000.000000000233,12000.000000001863,0.7945969104766846,0.0,,0.0,-0.0044444444444444444,0.0,-0.50555555555556,0.5108333333333306,0.0,-0.0008333333333333334,0.0,0.0,0.0,0.0,0.0,0.5108333333333306,12000.0
13373,stockerau_full_12000_3,S2B_MSIL2A_20230601T094549_R079_T33UWP_20230601T163321,1000,,0.0,0.0,0.0,68.75,31.25,0.0,0.0,0.0,0.0,0.0,0.0,144,0,0.0,12000.000000000233,12000.000000001863,0.7753963470458984,0.0,,0.0,-0.0044444444444444444,0.0,1.05694444444444,-1.0516666666666694,0.0,-0.0008333333333333334,0.0,0.0,0.0,0.0,0.0,1.05694444444444,12000.0
13309,stockerau_full_12000_3,S2B_MSIL2A_20230604T095559_R122_T33UWP_20230604T174403,20,,0.0,0.0,0.0005555555555555556,2.923611111111111,1.408611111111111,0.0,2.495,17.600277777777777,61.591388888888886,13.980555555555556,0.0,360000,0,0.0,12000.000000000233,12000.000000001863,0.7988393306732178,93.17222222222222,,0.0,0.0,0.0,0.0,0.0,0.0,0.0,0.0,0.0,0.0,0.0,0.0,0.0,12000.0
13322,stockerau_full_12000_3,S2B_MSIL2A_20230604T095559_R122_T33UWP_20230604T174403,50,,0.0,0.0,0.0,2.8229166666666665,1.3975694444444444,0.0,2.486111111111111,17.68923611111111,61.63715277777778,13.96701388888889,0.0,57600,0,0.0,12000.000000000233,12000.000000001863,1.3535807132720947,93.29340277777777,,0.0,0.0,-0.0005555555555555556,-0.10069444444444464,-0.011041666666666616,0.0,-0.008888888888888946,0.08895833333333414,0.04576388888889227,-0.013541666666666785,0.0,0.12118055555555429,0.12118055555555429,12000.0
13335,stockerau_full_12000_3,S2B_MSIL2A_20230604T095559_R122_T33UWP_20230604T174403,100,,0.0,0.0,0.0,2.7291666666666665,1.3888888888888888,0.0,2.486111111111111,17.368055555555557,62.0625,13.965277777777779,0.0,14400,0,0.0,12000.000000000233,12000.000000001863,0.9177958965301514,93.39583333333334,,0.0,0.0,-0.0005555555555555556,-0.19444444444444464,-0.019722222222222197,0.0,-0.008888888888888946,-0.23222222222221944,0.4711111111111137,-0.015277777777777501,0.0,0.22361111111112564,0.22361111111112564,12000.0
13348,stockerau_full_12000_3,S2B_MSIL2A_20230604T095559_R122_T33UWP_20230604T174403,200,,0.0,0.0,0.0,2.6666666666666665,1.1111111111111112,0.0,2.388888888888889,17.333333333333332,62.72222222222222,13.777777777777779,0.0,3600,0,0.0,12000.000000000233,12000.000000001863,0.8354864120483398,93.83333333333334,,0.0,0.0,-0.0005555555555555556,-0.25694444444444464,-0.2974999999999999,0.0,-0.10611111111111127,-0.26694444444444443,1.1308333333333351,-0.2027777777777775,0.0,0.6611111111111256,0.6611111111111256,12000.0
13361,stockerau_full_12000_3,S2B_MSIL2A_20230604T095559_R122_T33UWP_20230604T174403,500,,0.0,0.0,0.0,2.6041666666666665,0.6944444444444444,0.0,2.2569444444444446,15.625,63.888888888888886,14.930555555555555,0.0,576,0,0.0,12000.000000000233,12000.000000001863,0.7945969104766846,94.44444444444444,,0.0,0.0,-0.0005555555555555556,-0.31944444444444464,-0.7141666666666666,0.0,-0.23805555555555546,-1.9752777777777766,2.2974999999999994,0.9499999999999993,0.0,1.2722222222222257,1.2722222222222257,12000.0
13374,stockerau_full_12000_3,S2B_MSIL2A_20230604T095559_R122_T33UWP_20230604T174403,1000,,0.0,0.0,0.0,2.7777777777777777,0.0,0.0,2.0833333333333335,15.972222222222221,64.58333333333333,14.583333333333334,0.0,144,0,0.0,12000.000000000233,12000.000000001863,0.7753963470458984,95.13888888888887,,0.0,0.0,-0.0005555555555555556,-0.14583333333333348,-1.408611111111111,0.0,-0.4116666666666666,-1.6280555555555551,2.9919444444444423,0.6027777777777779,0.0,1.9666666666666544,1.9666666666666544,12000.0
13312,stockerau_full_12000_3,S2B_MSIL2A_20230611T094549_R079_T33UWP_20230611T135320,20,,0.0,0.0,0.0,0.0,0.0,0.0,0.0,0.0,100.0,0.0,0.0,360000,0,0.0,12000.000000000233,12000.000000001863,0.7988393306732178,100.0,,0.0,0.0,0.0,0.0,0.0,0.0,0.0,0.0,0.0,0.0,0.0,0.0,0.0,12000.0
13325,stockerau_full_12000_3,S2B_MSIL2A_20230611T094549_R079_T33UWP_20230611T135320,50,,0.0,0.0,0.0,0.0,0.0,0.0,0.0,0.0,100.0,0.0,0.0,57600,0,0.0,12000.000000000233,12000.000000001863,1.3535807132720947,100.0,,0.0,0.0,0.0,0.0,0.0,0.0,0.0,0.0,0.0,0.0,0.0,0.0,0.0,12000.0
13338,stockerau_full_12000_3,S2B_MSIL2A_20230611T094549_R079_T33UWP_20230611T135320,100,,0.0,0.0,0.0,0.0,0.0,0.0,0.0,0.0,100.0,0.0,0.0,14400,0,0.0,12000.000000000233,12000.000000001863,0.9177958965301514,100.0,,0.0,0.0,0.0,0.0,0.0,0.0,0.0,0.0,0.0,0.0,0.0,0.0,0.0,12000.0
13351,stockerau_full_12000_3,S2B_MSIL2A_20230611T094549_R079_T33UWP_20230611T135320,200,,0.0,0.0,0.0,0.0,0.0,0.0,0.0,0.0,100.0,0.0,0.0,3600,0,0.0,12000.000000000233,12000.000000001863,0.8354864120483398,100.0,,0.0,0.0,0.0,0.0,0.0,0.0,0.0,0.0,0.0,0.0,0.0,0.0,0.0,12000.0
13364,stockerau_full_12000_3,S2B_MSIL2A_20230611T094549_R079_T33UWP_20230611T135320,500,,0.0,0.0,0.0,0.0,0.0,0.0,0.0,0.0,100.0,0.0,0.0,576,0,0.0,12000.000000000233,12000.000000001863,0.7945969104766846,100.0,,0.0,0.0,0.0,0.0,0.0,0.0,0.0,0.0,0.0,0.0,0.0,0.0,0.0,12000.0
13377,stockerau_full_12000_3,S2B_MSIL2A_20230611T094549_R079_T33UWP_20230611T135320,1000,,0.0,0.0,0.0,0.0,0.0,0.0,0.0,0.0,100.0,0.0,0.0,144,0,0.0,12000.000000000233,12000.000000001863,0.7753963470458984,100.0,,0.0,0.0,0.0,0.0,0.0,0.0,0.0,0.0,0.0,0.0,0.0,0.0,0.0,12000.0
13313,stockerau_full_12000_3,S2B_MSIL2A_20230614T095559_R122_T33UWP_20230614T142248,20,,0.0,0.005555555555555556,4.133055555555556,70.05027777777778,19.090555555555557,0.0,0.165,4.404722222222222,2.1508333333333334,0.0,0.0,360000,0,0.0,12000.000000000233,12000.000000001863,0.7988393306732178,6.555555555555555,,0.0,0.0,0.0,0.0,0.0,0.0,0.0,0.0,0.0,0.0,0.0,0.0,0.0,12000.0
13326,stockerau_full_12000_3,S2B_MSIL2A_20230614T095559_R122_T33UWP_20230614T142248,50,,0.0,0.005208333333333333,4.0625,70.15972222222223,19.072916666666668,0.0,0.1527777777777778,4.430555555555555,2.1163194444444446,0.0,0.0,57600,0,0.0,12000.000000000233,12000.000000001863,1.3535807132720947,6.546875,,0.0,-0.0003472222222222227,-0.07055555555555593,0.10944444444444912,-0.017638888888889426,0.0,-0.012222222222222218,0.02583333333333293,-0.03451388888888873,0.0,0.0,-0.008680555555555358,0.10944444444444912,12000.0
13339,stockerau_full_12000_3,S2B_MSIL2A_20230614T095559_R122_T33UWP_20230614T142248,100,,0.0,0.0,4.076388888888889,70.59722222222223,18.63888888888889,0.0,0.1597222222222222,4.347222222222222,2.1805555555555554,0.0,0.0,14400,0,0.0,12000.000000000233,12000.000000001863,0.9177958965301514,6.527777777777778,,0.0,-0.005555555555555556,-0.05666666666666664,0.5469444444444491,-0.451666666666668,0.0,-0.005277777777777798,-0.05750000000000011,0.029722222222221983,0.0,0.0,-0.02777777777777768,0.5469444444444491,12000.0
13352,stockerau_full_12000_3,S2B_MSIL2A_20230614T095559_R122_T33UWP_20230614T142248,200,,0.0,0.0,4.194444444444445,70.61111111111111,18.72222222222222,0.0,0.1111111111111111,4.166666666666667,2.1944444444444446,0.0,0.0,3600,0,0.0,12000.000000000233,12000.000000001863,0.8354864120483398,6.361111111111112,,0.0,-0.005555555555555556,0.061388888888888715,0.5608333333333348,-0.36833333333333584,0.0,-0.0538888888888889,-0.23805555555555546,0.04361111111111127,0.0,0.0,-0.19444444444444375,0.5608333333333348,12000.0
13365,stockerau_full_12000_3,S2B_MSIL2A_20230614T095559_R122_T33UWP_20230614T142248,500,,0.0,0.0,4.166666666666667,71.35416666666667,18.055555555555557,0.0,0.0,4.513888888888889,1.9097222222222223,0.0,0.0,576,0,0.0,12000.000000000233,12000.000000001863,0.7945969104766846,6.423611111111112,,0.0,-0.005555555555555556,0.033611111111111036,1.303888888888892,-1.0350000000000001,0.0,-0.165,0.10916666666666686,-0.24111111111111105,0.0,0.0,-0.13194444444444375,1.303888888888892,12000.0
13378,stockerau_full_12000_3,S2B_MSIL2A_20230614T095559_R122_T33UWP_20230614T142248,1000,,0.0,0.0,7.638888888888889,75.69444444444444,13.194444444444445,0.0,0.0,2.0833333333333335,1.3888888888888888,0.0,0.0,144,0,0.0,12000.000000000233,12000.000000001863,0.7753963470458984,3.4722222222222223,,0.0,-0.005555555555555556,3.5058333333333334,5.6441666666666634,-5.896111111111113,0.0,-0.165,-2.321388888888889,-0.7619444444444445,0.0,0.0,-3.083333333333333,5.896111111111113,12000.0
13316,stockerau_full_12000_3,S2B_MSIL2A_20230621T094549_R079_T33UWP_20230621T143955,20,,0.0,0.0033333333333333335,0.0,71.39944444444444,12.453333333333333,0.0,0.0,0.006388888888888889,0.001388888888888889,16.136111111111113,0.0,360000,0,0.0,12000.000000000233,12000.000000001863,0.7988393306732178,16.143888888888892,,0.0,0.0,0.0,0.0,0.0,0.0,0.0,0.0,0.0,0.0,0.0,0.0,0.0,12000.0
13329,stockerau_full_12000_3,S2B_MSIL2A_20230621T094549_R079_T33UWP_20230621T143955,50,,0.0,0.003472222222222222,0.0,71.38715277777777,12.484375,0.0,0.0,0.010416666666666666,0.0,16.114583333333332,0.0,57600,0,0.0,12000.000000000233,12000.000000001863,1.3535807132720947,16.125,,0.0,0.00013888888888888848,0.0,-0.012291666666669698,0.031041666666666856,0.0,0.0,0.004027777777777777,-0.001388888888888889,-0.0215277777777807,0.0,-0.01888888888889184,0.031041666666666856,12000.0
13342,stockerau_full_12000_3,S2B_MSIL2A_20230621T094549_R079_T33UWP_20230621T143955,100,,0.0,0.0,0.0,71.60416666666667,12.3125,0.0,0.0,0.006944444444444444,0.0,16.07638888888889,0.0,14400,0,0.0,12000.000000000233,12000.000000001863,0.9177958965301514,16.083333333333332,,0.0,-0.0033333333333333335,0.0,0.20472222222223024,-0.14083333333333314,0.0,0.0,0.0005555555555555548,-0.001388888888888889,-0.059722222222223564,0.0,-0.06055555555555969,0.20472222222223024,12000.0
13355,stockerau_full_12000_3,S2B_MSIL2A_20230621T094549_R079_T33UWP_20230621T143955,200,,0.0,0.0,0.0,71.63888888888889,12.583333333333334,0.0,0.0,0.0,0.0,15.777777777777779,0.0,3600,0,0.0,12000.000000000233,12000.000000001863,0.8354864120483398,15.777777777777779,,0.0,-0.0033333333333333335,0.0,0.23944444444444457,0.13000000000000078,0.0,0.0,-0.006388888888888889,-0.001388888888888889,-0.3583333333333343,0.0,-0.3661111111111133,0.3661111111111133,12000.0
13368,stockerau_full_12000_3,S2B_MSIL2A_20230621T094549_R079_T33UWP_20230621T143955,500,,0.0,0.0,0.0,70.83333333333333,13.194444444444445,0.0,0.0,0.0,0.0,15.972222222222221,0.0,576,0,0.0,12000.000000000233,12000.000000001863,0.7945969104766846,15.972222222222221,,0.0,-0.0033333333333333335,0.0,-0.5661111111111126,0.7411111111111115,0.0,0.0,-0.006388888888888889,-0.001388888888888889,-0.16388888888889142,0.0,-0.1716666666666704,0.7411111111111115,12000.0
13381,stockerau_full_12000_3,S2B_MSIL2A_20230621T094549_R079_T33UWP_20230621T143955,1000,,0.0,0.0,0.0,74.30555555555556,11.805555555555555,0.0,0.0,0.0,0.0,13.88888888888889,0.0,144,0,0.0,12000.000000000233,12000.000000001863,0.7753963470458984,13.88888888888889,,0.0,-0.0033333333333333335,0.0,2.906111111111116,-0.6477777777777778,0.0,0.0,-0.006388888888888889,-0.001388888888888889,-2.2472222222222236,0.0,-2.2550000000000026,2.906111111111116,12000.0
13317,stockerau_full_12000_3,S2B_MSIL2A_20230624T095559_R122_T33UWP_20230624T142946,20,,0.0,0.0,0.0,0.0,0.0,0.0,0.0,0.0,100.0,0.0,0.0,360000,0,0.0,12000.000000000233,12000.000000001863,0.7988393306732178,100.0,,0.0,0.0,0.0,0.0,0.0,0.0,0.0,0.0,0.0,0.0,0.0,0.0,0.0,12000.0
13330,stockerau_full_12000_3,S2B_MSIL2A_20230624T095559_R122_T33UWP_20230624T142946,50,,0.0,0.0,0.0,0.0,0.0,0.0,0.0,0.0,100.0,0.0,0.0,57600,0,0.0,12000.000000000233,12000.000000001863,1.3535807132720947,100.0,,0.0,0.0,0.0,0.0,0.0,0.0,0.0,0.0,0.0,0.0,0.0,0.0,0.0,12000.0
13343,stockerau_full_12000_3,S2B_MSIL2A_20230624T095559_R122_T33UWP_20230624T142946,100,,0.0,0.0,0.0,0.0,0.0,0.0,0.0,0.0,100.0,0.0,0.0,14400,0,0.0,12000.000000000233,12000.000000001863,0.9177958965301514,100.0,,0.0,0.0,0.0,0.0,0.0,0.0,0.0,0.0,0.0,0.0,0.0,0.0,0.0,12000.0
13356,stockerau_full_12000_3,S2B_MSIL2A_20230624T095559_R122_T33UWP_20230624T142946,200,,0.0,0.0,0.0,0.0,0.0,0.0,0.0,0.0,100.0,0.0,0.0,3600,0,0.0,12000.000000000233,12000.000000001863,0.8354864120483398,100.0,,0.0,0.0,0.0,0.0,0.0,0.0,0.0,0.0,0.0,0.0,0.0,0.0,0.0,12000.0
13369,stockerau_full_12000_3,S2B_MSIL2A_20230624T095559_R122_T33UWP_20230624T142946,500,,0.0,0.0,0.0,0.0,0.0,0.0,0.0,0.0,100.0,0.0,0.0,576,0,0.0,12000.000000000233,12000.000000001863,0.7945969104766846,100.0,,0.0,0.0,0.0,0.0,0.0,0.0,0.0,0.0,0.0,0.0,0.0,0.0,0.0,12000.0
13382,stockerau_full_12000_3,S2B_MSIL2A_20230624T095559_R122_T33UWP_20230624T142946,1000,,0.0,0.0,0.0,0.0,0.0,0.0,0.0,0.0,100.0,0.0,0.0,144,0,0.0,12000.000000000233,12000.000000001863,0.7753963470458984,100.0,,0.0,0.0,0.0,0.0,0.0,0.0,0.0,0.0,0.0,0.0,0.0,0.0,0.0,12000.0
13320,stockerau_full_12000_3,S2B_MSIL2A_20230701T094549_R079_T33UWP_20230701T152448,20,,0.0,0.0,1.4741666666666666,0.0,0.0,0.0,0.0,6.1177777777777775,91.19555555555556,1.2125,0.0,360000,0,0.0,12000.000000000233,12000.000000001863,0.7988393306732178,98.52583333333334,,0.0,0.0,0.0,0.0,0.0,0.0,0.0,0.0,0.0,0.0,0.0,0.0,0.0,12000.0
13333,stockerau_full_12000_3,S2B_MSIL2A_20230701T094549_R079_T33UWP_20230701T152448,50,,0.0,0.0,1.4826388888888888,0.0,0.0,0.0,0.0,6.045138888888889,91.29340277777777,1.1788194444444444,0.0,57600,0,0.0,12000.000000000233,12000.000000001863,1.3535807132720947,98.5173611111111,,0.0,0.0,0.008472222222222214,0.0,0.0,0.0,0.0,-0.07263888888888825,0.09784722222221376,-0.03368055555555549,0.0,-0.008472222222238202,0.008472222222238202,12000.0
13346,stockerau_full_12000_3,S2B_MSIL2A_20230701T094549_R079_T33UWP_20230701T152448,100,,0.0,0.0,1.4652777777777777,0.0,0.0,0.0,0.0,5.930555555555555,91.41666666666667,1.1875,0.0,14400,0,0.0,12000.000000000233,12000.000000001863,0.9177958965301514,98.53472222222223,,0.0,0.0,-0.008888888888888946,0.0,0.0,0.0,0.0,-0.18722222222222218,0.2211111111111137,-0.02499999999999991,0.0,0.008888888888890278,0.008888888888890278,12000.0
13359,stockerau_full_12000_3,S2B_MSIL2A_20230701T094549_R079_T33UWP_20230701T152448,200,,0.0,0.0,1.5,0.0,0.0,0.0,0.0,5.861111111111111,91.61111111111111,1.0277777777777777,0.0,3600,0,0.0,12000.000000000233,12000.000000001863,0.8354864120483398,98.5,,0.0,0.0,0.025833333333333375,0.0,0.0,0.0,0.0,-0.2566666666666668,0.41555555555555657,-0.18472222222222223,0.0,-0.02583333333333826,0.02583333333333826,12000.0
13372,stockerau_full_12000_3,S2B_MSIL2A_20230701T094549_R079_T33UWP_20230701T152448,500,,0.0,0.0,1.2152777777777777,0.0,0.0,0.0,0.0,6.770833333333333,91.31944444444444,0.6944444444444444,0.0,576,0,0.0,12000.000000000233,12000.000000001863,0.7945969104766846,98.78472222222221,,0.0,0.0,-0.25888888888888895,0.0,0.0,0.0,0.0,0.6530555555555555,0.12388888888888516,-0.5180555555555555,0.0,0.25888888888887607,0.25888888888888895,12000.0
13385,stockerau_full_12000_3,S2B_MSIL2A_20230701T094549_R079_T33UWP_20230701T152448,1000,,0.0,0.0,2.7777777777777777,0.0,0.0,0.0,0.0,4.166666666666667,93.05555555555556,0.0,0.0,144,0,0.0,12000.000000000233,12000.000000001863,0.7753963470458984,97.22222222222223,,0.0,0.0,1.303611111111111,0.0,0.0,0.0,0.0,-1.9511111111111106,1.8599999999999994,-1.2125,0.0,-1.3036111111111097,1.303611111111111,12000.0
11672,stockerau_full_6000_0,S2A_MSIL2A_20230606T095031_R079_T33UWP_20230606T162616,20,,0.0,0.0,0.07888888888888888,0.14555555555555555,0.24,0.03222222222222222,0.6166666666666667,8.87888888888889,89.84666666666666,0.16111111111111112,0.0,90000,0,0.0,6000.000000000116,6000.000000000931,1.0175011157989502,98.88666666666667,,0.0,0.0,0.0,0.0,0.0,0.0,0.0,0.0,0.0,0.0,0.0,0.0,0.0,6000.0
11685,stockerau_full_6000_0,S2A_MSIL2A_20230606T095031_R079_T33UWP_20230606T162616,50,,0.0,0.0,0.09027777777777778,0.11805555555555555,0.2638888888888889,0.013888888888888888,0.5555555555555556,8.82638888888889,89.95833333333333,0.1736111111111111,0.0,14400,0,0.0,6000.000000000116,6000.000000000931,0.7027466297149658,98.95833333333333,,0.0,0.0,0.011388888888888893,-0.027499999999999997,0.023888888888888904,-0.018333333333333333,-0.061111111111111116,-0.05250000000000021,0.11166666666666458,0.012499999999999983,0.0,0.07166666666665833,0.07166666666665833,6000.0
11698,stockerau_full_6000_0,S2A_MSIL2A_20230606T095031_R079_T33UWP_20230606T162616,100,,0.0,0.0,0.1111111111111111,0.08333333333333333,0.2777777777777778,0.0,0.4722222222222222,8.416666666666666,90.41666666666667,0.2222222222222222,0.0,3600,0,0.0,6000.000000000116,6000.000000000931,0.6950013637542725,99.05555555555557,,0.0,0.0,0.03222222222222222,-0.06222222222222222,0.0377777777777778,-0.03222222222222222,-0.1444444444444445,-0.4622222222222234,0.5700000000000074,0.06111111111111109,0.0,0.16888888888890108,0.16888888888890108,6000.0
11711,stockerau_full_6000_0,S2A_MSIL2A_20230606T095031_R079_T33UWP_20230606T162616,200,,0.0,0.0,0.0,0.1111111111111111,0.2222222222222222,0.1111111111111111,0.2222222222222222,8.777777777777779,90.44444444444444,0.1111111111111111,0.0,900,0,0.0,6000.000000000116,6000.000000000931,0.6867001056671143,99.33333333333334,,0.0,0.0,-0.07888888888888888,-0.034444444444444444,-0.01777777777777778,0.07888888888888888,-0.3944444444444445,-0.10111111111111093,0.5977777777777789,-0.05000000000000002,0.0,0.44666666666667254,0.44666666666667254,6000.0
11724,stockerau_full_6000_0,S2A_MSIL2A_20230606T095031_R079_T33UWP_20230606T162616,500,,0.0,0.0,0.0,0.0,0.6944444444444444,0.0,0.6944444444444444,6.25,92.36111111111111,0.0,0.0,144,0,0.0,6000.000000000116,6000.000000000931,0.8298401832580566,98.61111111111111,,0.0,0.0,-0.07888888888888888,-0.14555555555555555,0.45444444444444443,-0.03222222222222222,0.07777777777777772,-2.6288888888888895,2.5144444444444503,-0.16111111111111112,0.0,-0.275555555555556,0.45444444444444443,6000.0
11737,stockerau_full_6000_0,S2A_MSIL2A_20230606T095031_R079_T33UWP_20230606T162616,1000,,0.0,0.0,0.0,0.0,0.0,0.0,0.0,11.11111111111111,88.88888888888889,0.0,0.0,36,0,0.0,6000.000000000116,6000.000000000931,0.6284863948822021,100.0,,0.0,0.0,-0.07888888888888888,-0.14555555555555555,-0.24,-0.03222222222222222,-0.6166666666666667,2.232222222222221,-0.9577777777777783,-0.16111111111111112,0.0,1.1133333333333297,1.1133333333333297,6000.0
11673,stockerau_full_6000_0,S2A_MSIL2A_20230609T100031_R122_T33UWP_20230609T173715,20,,0.0,0.0,0.0,0.0,0.0,0.0,0.0,17.814444444444444,80.85555555555555,1.33,0.0,90000,0,0.0,6000.000000000116,6000.000000000931,1.0175011157989502,100.0,,0.0,0.0,0.0,0.0,0.0,0.0,0.0,0.0,0.0,0.0,0.0,0.0,0.0,6000.0
11686,stockerau_full_6000_0,S2A_MSIL2A_20230609T100031_R122_T33UWP_20230609T173715,50,,0.0,0.0,0.0,0.0,0.0,0.0,0.0,17.78472222222222,80.88888888888889,1.3263888888888888,0.0,14400,0,0.0,6000.000000000116,6000.000000000931,0.7027466297149658,100.0,,0.0,0.0,0.0,0.0,0.0,0.0,0.0,-0.029722222222222427,0.03333333333333144,-0.0036111111111112315,0.0,0.0,0.0,6000.0
11699,stockerau_full_6000_0,S2A_MSIL2A_20230609T100031_R122_T33UWP_20230609T173715,100,,0.0,0.0,0.0,0.0,0.0,0.0,0.0,18.13888888888889,80.44444444444444,1.4166666666666667,0.0,3600,0,0.0,6000.000000000116,6000.000000000931,0.6950013637542725,100.0,,0.0,0.0,0.0,0.0,0.0,0.0,0.0,0.3244444444444454,-0.4111111111111114,0.08666666666666667,0.0,0.0,0.0,6000.0
11712,stockerau_full_6000_0,S2A_MSIL2A_20230609T100031_R122_T33UWP_20230609T173715,200,,0.0,0.0,0.0,0.0,0.0,0.0,0.0,18.333333333333332,80.33333333333333,1.3333333333333333,0.0,900,0,0.0,6000.000000000116,6000.000000000931,0.6867001056671143,99.99999999999999,,0.0,0.0,0.0,0.0,0.0,0.0,0.0,0.5188888888888883,-0.5222222222222257,0.0033333333333331883,0.0,-1.4210854715202004e-14,1.4210854715202004e-14,6000.0
11725,stockerau_full_6000_0,S2A_MSIL2A_20230609T100031_R122_T33UWP_20230609T173715,500,,0.0,0.0,0.0,0.0,0.0,0.0,0.0,16.666666666666668,82.63888888888889,0.6944444444444444,0.0,144,0,0.0,6000.000000000116,6000.000000000931,0.8298401832580566,100.0,,0.0,0.0,0.0,0.0,0.0,0.0,0.0,-1.147777777777776,1.7833333333333314,-0.6355555555555557,0.0,0.0,0.0,6000.0
11738,stockerau_full_6000_0,S2A_MSIL2A_20230609T100031_R122_T33UWP_20230609T173715,1000,,0.0,0.0,0.0,0.0,0.0,0.0,0.0,19.444444444444443,80.55555555555556,0.0,0.0,36,0,0.0,6000.000000000116,6000.000000000931,0.6284863948822021,100.0,,0.0,0.0,0.0,0.0,0.0,0.0,0.0,1.629999999999999,-0.29999999999999716,-1.33,0.0,0.0,0.0,6000.0
11676,stockerau_full_6000_0,S2A_MSIL2A_20230616T095031_R079_T33UWP_20230616T172735,20,,0.0,0.051111111111111114,0.3322222222222222,78.17555555555556,13.648888888888889,6.736666666666666,0.8888888888888888,0.14444444444444443,0.022222222222222223,0.0,0.0,90000,0,0.0,6000.000000000116,6000.000000000931,1.0175011157989502,0.16666666666666666,,0.0,0.0,0.0,0.0,0.0,0.0,0.0,0.0,0.0,0.0,0.0,0.0,0.0,6000.0
11689,stockerau_full_6000_0,S2A_MSIL2A_20230616T095031_R079_T33UWP_20230616T172735,50,,0.0,0.05555555555555555,0.3125,78.375,13.54861111111111,6.611111111111111,0.9305555555555556,0.14583333333333334,0.020833333333333332,0.0,0.0,14400,0,0.0,6000.000000000116,6000.000000000931,0.7027466297149658,0.16666666666666669,,0.0,0.004444444444444438,-0.019722222222222197,0.19944444444443832,-0.10027777777777835,-0.12555555555555564,0.04166666666666674,0.0013888888888889117,-0.001388888888888891,0.0,0.0,2.7755575615628914e-17,0.19944444444443832,6000.0
11702,stockerau_full_6000_0,S2A_MSIL2A_20230616T095031_R079_T33UWP_20230616T172735,100,,0.0,0.027777777777777776,0.3055555555555556,78.80555555555556,13.194444444444445,6.75,0.75,0.1388888888888889,0.027777777777777776,0.0,0.0,3600,0,0.0,6000.000000000116,6000.000000000931,0.6950013637542725,0.16666666666666669,,0.0,-0.023333333333333338,-0.026666666666666616,0.6299999999999955,-0.45444444444444443,0.013333333333333641,-0.13888888888888884,-0.005555555555555536,0.005555555555555553,0.0,0.0,2.7755575615628914e-17,0.6299999999999955,6000.0
11715,stockerau_full_6000_0,S2A_MSIL2A_20230616T095031_R079_T33UWP_20230616T172735,200,,0.0,0.0,0.3333333333333333,79.77777777777777,13.0,6.222222222222222,0.5555555555555556,0.1111111111111111,0.0,0.0,0.0,900,0,0.0,6000.000000000116,6000.000000000931,0.6867001056671143,0.1111111111111111,,0.0,-0.051111111111111114,0.0011111111111111183,1.6022222222222098,-0.6488888888888891,-0.514444444444444,-0.33333333333333326,-0.033333333333333326,-0.022222222222222223,0.0,0.0,-0.05555555555555555,1.6022222222222098,6000.0
11728,stockerau_full_6000_0,S2A_MSIL2A_20230616T095031_R079_T33UWP_20230616T172735,500,,0.0,0.0,0.6944444444444444,81.94444444444444,10.416666666666666,5.555555555555555,1.3888888888888888,0.0,0.0,0.0,0.0,144,0,0.0,6000.000000000116,6000.000000000931,0.8298401832580566,0.0,,0.0,-0.051111111111111114,0.3622222222222222,3.768888888888881,-3.232222222222223,-1.181111111111111,0.5,-0.14444444444444443,-0.022222222222222223,0.0,0.0,-0.16666666666666666,3.768888888888881,6000.0
11741,stockerau_full_6000_0,S2A_MSIL2A_20230616T095031_R079_T33UWP_20230616T172735,1000,,0.0,0.0,0.0,83.33333333333333,13.88888888888889,0.0,2.7777777777777777,0.0,0.0,0.0,0.0,36,0,0.0,6000.000000000116,6000.000000000931,0.6284863948822021,0.0,,0.0,-0.051111111111111114,-0.3322222222222222,5.157777777777767,0.2400000000000002,-6.736666666666666,1.8888888888888888,-0.14444444444444443,-0.022222222222222223,0.0,0.0,-0.16666666666666666,6.736666666666666,6000.0
11677,stockerau_full_6000_0,S2A_MSIL2A_20230619T100031_R122_T33UWP_20230619T172742,20,,0.0,0.027777777777777776,0.6155555555555555,29.686666666666667,1.2666666666666666,1.3577777777777778,1.2033333333333334,2.391111111111111,0.0011111111111111111,63.45,0.0,90000,0,0.0,6000.000000000116,6000.000000000931,1.0175011157989502,65.84222222222222,,0.0,0.0,0.0,0.0,0.0,0.0,0.0,0.0,0.0,0.0,0.0,0.0,0.0,6000.0
11690,stockerau_full_6000_0,S2A_MSIL2A_20230619T100031_R122_T33UWP_20230619T172742,50,,0.0,0.041666666666666664,0.5763888888888888,29.631944444444443,1.1875,1.2916666666666667,1.1111111111111112,2.375,0.006944444444444444,63.77777777777778,0.0,14400,0,0.0,6000.000000000116,6000.000000000931,0.7027466297149658,66.15972222222223,,0.0,0.013888888888888888,-0.03916666666666668,-0.05472222222222456,-0.07916666666666661,-0.06611111111111101,-0.0922222222222222,-0.016111111111110965,0.005833333333333333,0.3277777777777757,0.0,0.31750000000000966,0.31750000000000966,6000.0
11703,stockerau_full_6000_0,S2A_MSIL2A_20230619T100031_R122_T33UWP_20230619T172742,100,,0.0,0.05555555555555555,0.5,29.305555555555557,1.1666666666666667,1.3333333333333333,1.1666666666666667,2.25,0.0,64.22222222222223,0.0,3600,0,0.0,6000.000000000116,6000.000000000931,0.6950013637542725,66.47222222222223,,0.0,0.027777777777777776,-0.11555555555555552,-0.3811111111111103,-0.09999999999999987,-0.02444444444444449,-0.036666666666666625,-0.14111111111111097,-0.0011111111111111111,0.7722222222222257,0.0,0.6300000000000097,0.6300000000000097,6000.0
11716,stockerau_full_6000_0,S2A_MSIL2A_20230619T100031_R122_T33UWP_20230619T172742,200,,0.0,0.0,0.3333333333333333,31.555555555555557,0.8888888888888888,1.1111111111111112,0.5555555555555556,2.4444444444444446,0.0,63.111111111111114,0.0,900,0,0.0,6000.000000000116,6000.000000000931,0.6867001056671143,65.55555555555556,,0.0,-0.027777777777777776,-0.2822222222222222,1.8688888888888897,-0.37777777777777777,-0.2466666666666666,-0.6477777777777778,0.05333333333333368,-0.0011111111111111111,-0.3388888888888886,0.0,-0.28666666666666174,1.8688888888888897,6000.0
11729,stockerau_full_6000_0,S2A_MSIL2A_20230619T100031_R122_T33UWP_20230619T172742,500,,0.0,0.0,0.0,31.25,1.3888888888888888,0.6944444444444444,1.3888888888888888,0.6944444444444444,0.0,64.58333333333333,0.0,144,0,0.0,6000.000000000116,6000.000000000931,0.8298401832580566,65.27777777777777,,0.0,-0.027777777777777776,-0.6155555555555555,1.5633333333333326,0.12222222222222223,-0.6633333333333333,0.18555555555555547,-1.6966666666666665,-0.0011111111111111111,1.1333333333333258,0.0,-0.5644444444444474,1.5633333333333326,6000.0
11742,stockerau_full_6000_0,S2A_MSIL2A_20230619T100031_R122_T33UWP_20230619T172742,1000,,0.0,0.0,0.0,33.333333333333336,2.7777777777777777,0.0,0.0,0.0,0.0,63.888888888888886,0.0,36,0,0.0,6000.000000000116,6000.000000000931,0.6284863948822021,63.888888888888886,,0.0,-0.027777777777777776,-0.6155555555555555,3.6466666666666683,1.511111111111111,-1.3577777777777778,-1.2033333333333334,-2.391111111111111,-0.0011111111111111111,0.4388888888888829,0.0,-1.9533333333333331,3.6466666666666683,6000.0
11680,stockerau_full_6000_0,S2A_MSIL2A_20230626T095031_R079_T33UWP_20230626T161132,20,,0.0,0.06,0.0,79.24333333333334,13.163333333333334,6.793333333333333,0.7377777777777778,0.0011111111111111111,0.0011111111111111111,0.0,0.0,90000,0,0.0,6000.000000000116,6000.000000000931,1.0175011157989502,0.0022222222222222222,,0.0,0.0,0.0,0.0,0.0,0.0,0.0,0.0,0.0,0.0,0.0,0.0,0.0,6000.0
11693,stockerau_full_6000_0,S2A_MSIL2A_20230626T095031_R079_T33UWP_20230626T161132,50,,0.0,0.05555555555555555,0.0,79.34027777777777,13.166666666666666,6.6875,0.75,0.0,0.0,0.0,0.0,14400,0,0.0,6000.000000000116,6000.000000000931,0.7027466297149658,0.0,,0.0,-0.004444444444444445,0.0,0.09694444444443207,0.003333333333332078,-0.105833333333333,0.012222222222222245,-0.0011111111111111111,-0.0011111111111111111,0.0,0.0,-0.0022222222222222222,0.105833333333333,6000.0
11706,stockerau_full_6000_0,S2A_MSIL2A_20230626T095031_R079_T33UWP_20230626T161132,100,,0.0,0.027777777777777776,0.0,79.80555555555556,12.805555555555555,6.75,0.5833333333333334,0.027777777777777776,0.0,0.0,0.0,3600,0,0.0,6000.000000000116,6000.000000000931,0.6950013637542725,0.027777777777777776,,0.0,-0.03222222222222222,0.0,0.5622222222222177,-0.35777777777777864,-0.043333333333333,-0.15444444444444438,0.026666666666666665,-0.0011111111111111111,0.0,0.0,0.025555555555555554,0.5622222222222177,6000.0
11719,stockerau_full_6000_0,S2A_MSIL2A_20230626T095031_R079_T33UWP_20230626T161132,200,,0.0,0.0,0.0,81.11111111111111,12.222222222222221,6.333333333333333,0.3333333333333333,0.0,0.0,0.0,0.0,900,0,0.0,6000.000000000116,6000.000000000931,0.6867001056671143,0.0,,0.0,-0.06,0.0,1.8677777777777749,-0.9411111111111126,-0.45999999999999996,-0.40444444444444444,-0.0011111111111111111,-0.0011111111111111111,0.0,0.0,-0.0022222222222222222,1.8677777777777749,6000.0
11732,stockerau_full_6000_0,S2A_MSIL2A_20230626T095031_R079_T33UWP_20230626T161132,500,,0.0,0.0,0.0,78.47222222222223,14.583333333333334,5.555555555555555,1.3888888888888888,0.0,0.0,0.0,0.0,144,0,0.0,6000.000000000116,6000.000000000931,0.8298401832580566,0.0,,0.0,-0.06,0.0,-0.7711111111111109,1.42,-1.2377777777777776,0.6511111111111111,-0.0011111111111111111,-0.0011111111111111111,0.0,0.0,-0.0022222222222222222,1.42,6000.0
11745,stockerau_full_6000_0,S2A_MSIL2A_20230626T095031_R079_T33UWP_20230626T161132,1000,,0.0,0.0,0.0,83.33333333333333,13.88888888888889,0.0,2.7777777777777777,0.0,0.0,0.0,0.0,36,0,0.0,6000.000000000116,6000.000000000931,0.6284863948822021,0.0,,0.0,-0.06,0.0,4.089999999999989,0.7255555555555553,-6.793333333333333,2.04,-0.0011111111111111111,-0.0011111111111111111,0.0,0.0,-0.0022222222222222222,6.793333333333333,6000.0
11681,stockerau_full_6000_0,S2A_MSIL2A_20230629T100031_R122_T33UWP_20230629T191411,20,,0.0,0.043333333333333335,1.0622222222222222,77.61777777777777,13.591111111111111,6.85,0.5666666666666667,0.15333333333333332,0.10333333333333333,0.012222222222222223,0.0,90000,0,0.0,6000.000000000116,6000.000000000931,1.0175011157989502,0.2688888888888889,,0.0,0.0,0.0,0.0,0.0,0.0,0.0,0.0,0.0,0.0,0.0,0.0,0.0,6000.0
11694,stockerau_full_6000_0,S2A_MSIL2A_20230629T100031_R122_T33UWP_20230629T191411,50,,0.0,0.041666666666666664,1.0625,77.82638888888889,13.42361111111111,6.75,0.6111111111111112,0.13194444444444445,0.125,0.027777777777777776,0.0,14400,0,0.0,6000.000000000116,6000.000000000931,0.7027466297149658,0.2847222222222222,,0.0,-0.0016666666666666705,0.0002777777777778212,0.20861111111111086,-0.16750000000000043,-0.09999999999999964,0.04444444444444451,-0.021388888888888874,0.021666666666666667,0.015555555555555553,0.0,0.01583333333333331,0.20861111111111086,6000.0
11707,stockerau_full_6000_0,S2A_MSIL2A_20230629T100031_R122_T33UWP_20230629T191411,100,,0.0,0.0,1.1111111111111112,78.0,13.38888888888889,6.777777777777778,0.4722222222222222,0.1388888888888889,0.1111111111111111,0.0,0.0,3600,0,0.0,6000.000000000116,6000.000000000931,0.6950013637542725,0.25,,0.0,-0.043333333333333335,0.04888888888888898,0.3822222222222251,-0.20222222222222186,-0.07222222222222197,-0.09444444444444444,-0.014444444444444426,0.007777777777777772,-0.012222222222222223,0.0,-0.0188888888888889,0.3822222222222251,6000.0
11720,stockerau_full_6000_0,S2A_MSIL2A_20230629T100031_R122_T33UWP_20230629T191411,200,,0.0,0.0,1.3333333333333333,79.55555555555556,11.777777777777779,6.666666666666667,0.4444444444444444,0.1111111111111111,0.1111111111111111,0.0,0.0,900,0,0.0,6000.000000000116,6000.000000000931,0.6867001056671143,0.2222222222222222,,0.0,-0.043333333333333335,0.2711111111111111,1.9377777777777823,-1.8133333333333326,-0.18333333333333268,-0.12222222222222223,-0.04222222222222222,0.007777777777777772,-0.012222222222222223,0.0,-0.04666666666666669,1.9377777777777823,6000.0
11733,stockerau_full_6000_0,S2A_MSIL2A_20230629T100031_R122_T33UWP_20230629T191411,500,,0.0,0.0,0.6944444444444444,79.16666666666667,13.194444444444445,5.555555555555555,0.6944444444444444,0.6944444444444444,0.0,0.0,0.0,144,0,0.0,6000.000000000116,6000.000000000931,0.8298401832580566,0.6944444444444444,,0.0,-0.043333333333333335,-0.36777777777777776,1.5488888888888965,-0.3966666666666665,-1.2944444444444443,0.12777777777777777,0.5411111111111111,-0.10333333333333333,-0.012222222222222223,0.0,0.4255555555555555,1.5488888888888965,6000.0
11746,stockerau_full_6000_0,S2A_MSIL2A_20230629T100031_R122_T33UWP_20230629T191411,1000,,0.0,0.0,0.0,83.33333333333333,13.88888888888889,0.0,2.7777777777777777,0.0,0.0,0.0,0.0,36,0,0.0,6000.000000000116,6000.000000000931,0.6284863948822021,0.0,,0.0,-0.043333333333333335,-1.0622222222222222,5.715555555555554,0.29777777777777814,-6.85,2.2111111111111112,-0.15333333333333332,-0.10333333333333333,-0.012222222222222223,0.0,-0.2688888888888889,6.85,6000.0
11670,stockerau_full_6000_0,S2B_MSIL2A_20230601T094549_R079_T33UWP_20230601T163321,20,,0.0,0.058888888888888886,0.0,75.80444444444444,16.441111111111113,6.818888888888889,0.8766666666666667,0.0,0.0,0.0,0.0,90000,0,0.0,6000.000000000116,6000.000000000931,1.0175011157989502,0.0,,0.0,0.0,0.0,0.0,0.0,0.0,0.0,0.0,0.0,0.0,0.0,0.0,0.0,6000.0
11683,stockerau_full_6000_0,S2B_MSIL2A_20230601T094549_R079_T33UWP_20230601T163321,50,,0.0,0.0625,0.0,76.02083333333333,16.395833333333332,6.638888888888889,0.8819444444444444,0.0,0.0,0.0,0.0,14400,0,0.0,6000.000000000116,6000.000000000931,0.7027466297149658,0.0,,0.0,0.0036111111111111135,0.0,0.2163888888888863,-0.045277777777780415,-0.17999999999999972,0.005277777777777715,0.0,0.0,0.0,0.0,0.0,0.2163888888888863,6000.0
11696,stockerau_full_6000_0,S2B_MSIL2A_20230601T094549_R079_T33UWP_20230601T163321,100,,0.0,0.05555555555555555,0.0,76.52777777777777,15.833333333333334,6.833333333333333,0.75,0.0,0.0,0.0,0.0,3600,0,0.0,6000.000000000116,6000.000000000931,0.6950013637542725,0.0,,0.0,-0.003333333333333334,0.0,0.7233333333333292,-0.6077777777777786,0.014444444444444038,-0.1266666666666667,0.0,0.0,0.0,0.0,0.0,0.7233333333333292,6000.0
11709,stockerau_full_6000_0,S2B_MSIL2A_20230601T094549_R079_T33UWP_20230601T163321,200,,0.0,0.0,0.0,76.88888888888889,16.0,6.555555555555555,0.5555555555555556,0.0,0.0,0.0,0.0,900,0,0.0,6000.000000000116,6000.000000000931,0.6867001056671143,0.0,,0.0,-0.058888888888888886,0.0,1.0844444444444434,-0.44111111111111256,-0.26333333333333364,-0.3211111111111111,0.0,0.0,0.0,0.0,0.0,1.0844444444444434,6000.0
11722,stockerau_full_6000_0,S2B_MSIL2A_20230601T094549_R079_T33UWP_20230601T163321,500,,0.0,0.0,0.0,78.47222222222223,14.583333333333334,5.555555555555555,1.3888888888888888,0.0,0.0,0.0,0.0,144,0,0.0,6000.000000000116,6000.000000000931,0.8298401832580566,0.0,,0.0,-0.058888888888888886,0.0,2.6677777777777862,-1.8577777777777786,-1.2633333333333336,0.5122222222222221,0.0,0.0,0.0,0.0,0.0,2.6677777777777862,6000.0
11735,stockerau_full_6000_0,S2B_MSIL2A_20230601T094549_R079_T33UWP_20230601T163321,1000,,0.0,0.0,0.0,77.77777777777777,19.444444444444443,0.0,2.7777777777777777,0.0,0.0,0.0,0.0,36,0,0.0,6000.000000000116,6000.000000000931,0.6284863948822021,0.0,,0.0,-0.058888888888888886,0.0,1.9733333333333292,3.0033333333333303,-6.818888888888889,1.901111111111111,0.0,0.0,0.0,0.0,0.0,6.818888888888889,6000.0
11671,stockerau_full_6000_0,S2B_MSIL2A_20230604T095559_R122_T33UWP_20230604T174403,20,,0.0,0.035555555555555556,2.2222222222222223,63.58888888888889,10.957777777777778,6.656666666666666,0.6922222222222222,1.9866666666666666,0.08222222222222222,13.777777777777779,0.0,90000,0,0.0,6000.000000000116,6000.000000000931,1.0175011157989502,15.846666666666668,,0.0,0.0,0.0,0.0,0.0,0.0,0.0,0.0,0.0,0.0,0.0,0.0,0.0,6000.0
11684,stockerau_full_6000_0,S2B_MSIL2A_20230604T095559_R122_T33UWP_20230604T174403,50,,0.0,0.041666666666666664,2.2222222222222223,63.59027777777778,10.958333333333334,6.486111111111111,0.7291666666666666,2.1041666666666665,0.09027777777777778,13.777777777777779,0.0,14400,0,0.0,6000.000000000116,6000.000000000931,0.7027466297149658,15.972222222222223,,0.0,0.006111111111111109,0.0,0.0013888888888899942,0.0005555555555556424,-0.17055555555555557,0.036944444444444446,0.11749999999999994,0.008055555555555552,0.0,0.0,0.12555555555555564,0.17055555555555557,6000.0
11697,stockerau_full_6000_0,S2B_MSIL2A_20230604T095559_R122_T33UWP_20230604T174403,100,,0.0,0.027777777777777776,2.0833333333333335,63.69444444444444,10.75,6.472222222222222,0.6666666666666666,2.1944444444444446,0.1388888888888889,13.972222222222221,0.0,3600,0,0.0,6000.000000000116,6000.000000000931,0.6950013637542725,16.305555555555554,,0.0,-0.007777777777777779,-0.13888888888888884,0.10555555555555429,-0.20777777777777828,-0.18444444444444397,-0.025555555555555554,0.20777777777777806,0.05666666666666667,0.19444444444444287,0.0,0.458888888888886,0.458888888888886,6000.0
11710,stockerau_full_6000_0,S2B_MSIL2A_20230604T095559_R122_T33UWP_20230604T174403,200,,0.0,0.0,2.2222222222222223,63.666666666666664,9.777777777777779,6.333333333333333,0.3333333333333333,2.2222222222222223,0.2222222222222222,15.222222222222221,0.0,900,0,0.0,6000.000000000116,6000.000000000931,0.6867001056671143,17.666666666666664,,0.0,-0.035555555555555556,0.0,0.07777777777777573,-1.1799999999999997,-0.32333333333333325,-0.35888888888888887,0.23555555555555574,0.13999999999999999,1.4444444444444429,0.0,1.8199999999999967,1.8199999999999967,6000.0
11723,stockerau_full_6000_0,S2B_MSIL2A_20230604T095559_R122_T33UWP_20230604T174403,500,,0.0,0.0,2.0833333333333335,65.97222222222223,6.944444444444445,5.555555555555555,1.3888888888888888,2.0833333333333335,0.0,15.972222222222221,0.0,144,0,0.0,6000.000000000116,6000.000000000931,0.8298401832580566,18.055555555555554,,0.0,-0.035555555555555556,-0.13888888888888884,2.38333333333334,-4.013333333333334,-1.101111111111111,0.6966666666666667,0.0966666666666669,-0.08222222222222222,2.194444444444443,0.0,2.208888888888886,4.013333333333334,6000.0
11736,stockerau_full_6000_0,S2B_MSIL2A_20230604T095559_R122_T33UWP_20230604T174403,1000,,0.0,0.0,0.0,63.888888888888886,13.88888888888889,0.0,2.7777777777777777,0.0,2.7777777777777777,16.666666666666668,0.0,36,0,0.0,6000.000000000116,6000.000000000931,0.6284863948822021,19.444444444444446,,0.0,-0.035555555555555556,-2.2222222222222223,0.29999999999999716,2.931111111111111,-6.656666666666666,2.0855555555555556,-1.9866666666666666,2.6955555555555555,2.8888888888888893,0.0,3.597777777777779,6.656666666666666,6000.0
11674,stockerau_full_6000_0,S2B_MSIL2A_20230611T094549_R079_T33UWP_20230611T135320,20,,0.0,0.0,0.0,0.0,0.0,0.0,0.0,0.02666666666666667,99.97333333333333,0.0,0.0,90000,0,0.0,6000.000000000116,6000.000000000931,1.0175011157989502,100.0,,0.0,0.0,0.0,0.0,0.0,0.0,0.0,0.0,0.0,0.0,0.0,0.0,0.0,6000.0
11687,stockerau_full_6000_0,S2B_MSIL2A_20230611T094549_R079_T33UWP_20230611T135320,50,,0.0,0.0,0.0,0.0,0.0,0.0,0.0,0.041666666666666664,99.95833333333333,0.0,0.0,14400,0,0.0,6000.000000000116,6000.000000000931,0.7027466297149658,100.0,,0.0,0.0,0.0,0.0,0.0,0.0,0.0,0.014999999999999996,-0.015000000000000568,0.0,0.0,0.0,0.0,6000.0
11700,stockerau_full_6000_0,S2B_MSIL2A_20230611T094549_R079_T33UWP_20230611T135320,100,,0.0,0.0,0.0,0.0,0.0,0.0,0.0,0.027777777777777776,99.97222222222223,0.0,0.0,3600,0,0.0,6000.000000000116,6000.000000000931,0.6950013637542725,100.0,,0.0,0.0,0.0,0.0,0.0,0.0,0.0,0.0011111111111111079,-0.0011111111111006267,0.0,0.0,0.0,0.0,6000.0
11713,stockerau_full_6000_0,S2B_MSIL2A_20230611T094549_R079_T33UWP_20230611T135320,200,,0.0,0.0,0.0,0.0,0.0,0.0,0.0,0.0,100.0,0.0,0.0,900,0,0.0,6000.000000000116,6000.000000000931,0.6867001056671143,100.0,,0.0,0.0,0.0,0.0,0.0,0.0,0.0,-0.02666666666666667,0.026666666666670835,0.0,0.0,0.0,0.0,6000.0
11726,stockerau_full_6000_0,S2B_MSIL2A_20230611T094549_R079_T33UWP_20230611T135320,500,,0.0,0.0,0.0,0.0,0.0,0.0,0.0,0.0,100.0,0.0,0.0,144,0,0.0,6000.000000000116,6000.000000000931,0.8298401832580566,100.0,,0.0,0.0,0.0,0.0,0.0,0.0,0.0,-0.02666666666666667,0.026666666666670835,0.0,0.0,0.0,0.0,6000.0
11739,stockerau_full_6000_0,S2B_MSIL2A_20230611T094549_R079_T33UWP_20230611T135320,1000,,0.0,0.0,0.0,0.0,0.0,0.0,0.0,0.0,100.0,0.0,0.0,36,0,0.0,6000.000000000116,6000.000000000931,0.6284863948822021,100.0,,0.0,0.0,0.0,0.0,0.0,0.0,0.0,-0.02666666666666667,0.026666666666670835,0.0,0.0,0.0,0.0,6000.0
11675,stockerau_full_6000_0,S2B_MSIL2A_20230614T095559_R122_T33UWP_20230614T142248,20,,0.0,0.03333333333333333,15.71111111111111,53.63111111111111,11.38111111111111,4.113333333333333,1.8466666666666667,5.352222222222222,7.88,0.051111111111111114,0.0,90000,0,0.0,6000.000000000116,6000.000000000931,1.0175011157989502,13.283333333333335,,0.0,0.0,0.0,0.0,0.0,0.0,0.0,0.0,0.0,0.0,0.0,0.0,0.0,6000.0
11688,stockerau_full_6000_0,S2B_MSIL2A_20230614T095559_R122_T33UWP_20230614T142248,50,,0.0,0.041666666666666664,15.791666666666666,53.701388888888886,11.229166666666666,3.9652777777777777,1.9305555555555556,5.298611111111111,8.0,0.041666666666666664,0.0,14400,0,0.0,6000.000000000116,6000.000000000931,0.7027466297149658,13.340277777777777,,0.0,0.008333333333333331,0.08055555555555571,0.07027777777777544,-0.15194444444444422,-0.1480555555555556,0.0838888888888889,-0.0536111111111115,0.1200000000000001,-0.00944444444444445,0.0,0.0569444444444418,0.15194444444444422,6000.0
11701,stockerau_full_6000_0,S2B_MSIL2A_20230614T095559_R122_T33UWP_20230614T142248,100,,0.0,0.0,15.36111111111111,54.0,11.277777777777779,4.055555555555555,1.8055555555555556,5.611111111111111,7.861111111111111,0.027777777777777776,0.0,3600,0,0.0,6000.000000000116,6000.000000000931,0.6950013637542725,13.5,,0.0,-0.03333333333333333,-0.34999999999999964,0.3688888888888897,-0.10333333333333172,-0.05777777777777793,-0.0411111111111111,0.2588888888888885,-0.018888888888889177,-0.023333333333333338,0.0,0.216666666666665,0.3688888888888897,6000.0
11714,stockerau_full_6000_0,S2B_MSIL2A_20230614T095559_R122_T33UWP_20230614T142248,200,,0.0,0.0,14.777777777777779,55.22222222222222,11.555555555555555,3.6666666666666665,1.7777777777777777,5.111111111111111,7.888888888888889,0.0,0.0,900,0,0.0,6000.000000000116,6000.000000000931,0.6867001056671143,13.0,,0.0,-0.03333333333333333,-0.9333333333333318,1.5911111111111111,0.17444444444444507,-0.44666666666666677,-0.068888888888889,-0.2411111111111115,0.00888888888888939,-0.051111111111111114,0.0,-0.283333333333335,1.5911111111111111,6000.0
11727,stockerau_full_6000_0,S2B_MSIL2A_20230614T095559_R122_T33UWP_20230614T142248,500,,0.0,0.0,15.277777777777779,54.166666666666664,9.722222222222221,4.166666666666667,4.166666666666667,4.861111111111111,7.638888888888889,0.0,0.0,144,0,0.0,6000.000000000116,6000.000000000931,0.8298401832580566,12.5,,0.0,-0.03333333333333333,-0.4333333333333318,0.535555555555554,-1.6588888888888889,0.05333333333333368,2.3200000000000003,-0.4911111111111115,-0.2411111111111106,-0.051111111111111114,0.0,-0.783333333333335,2.3200000000000003,6000.0
11740,stockerau_full_6000_0,S2B_MSIL2A_20230614T095559_R122_T33UWP_20230614T142248,1000,,0.0,0.0,16.666666666666668,44.44444444444444,16.666666666666668,0.0,2.7777777777777777,8.333333333333334,11.11111111111111,0.0,0.0,36,0,0.0,6000.000000000116,6000.000000000931,0.6284863948822021,19.444444444444443,,0.0,-0.03333333333333333,0.9555555555555575,-9.186666666666667,5.285555555555558,-4.113333333333333,0.931111111111111,2.9811111111111117,3.231111111111111,-0.051111111111111114,0.0,6.161111111111108,9.186666666666667,6000.0
11678,stockerau_full_6000_0,S2B_MSIL2A_20230621T094549_R079_T33UWP_20230621T143955,20,,0.0,0.05,0.0,78.86222222222223,12.146666666666667,6.366666666666666,0.7744444444444445,0.0,0.0,1.8,0.0,90000,0,0.0,6000.000000000116,6000.000000000931,1.0175011157989502,1.8,,0.0,0.0,0.0,0.0,0.0,0.0,0.0,0.0,0.0,0.0,0.0,0.0,0.0,6000.0
11691,stockerau_full_6000_0,S2B_MSIL2A_20230621T094549_R079_T33UWP_20230621T143955,50,,0.0,0.04861111111111111,0.0,79.18055555555556,11.98611111111111,6.222222222222222,0.7083333333333334,0.0,0.0,1.8541666666666667,0.0,14400,0,0.0,6000.000000000116,6000.000000000931,0.7027466297149658,1.8541666666666667,,0.0,-0.001388888888888891,0.0,0.31833333333332803,-0.16055555555555578,-0.14444444444444393,-0.06611111111111112,0.0,0.0,0.054166666666666696,0.0,0.054166666666666696,0.31833333333332803,6000.0
11704,stockerau_full_6000_0,S2B_MSIL2A_20230621T094549_R079_T33UWP_20230621T143955,100,,0.0,0.027777777777777776,0.0,79.08333333333333,12.055555555555555,6.25,0.6388888888888888,0.0,0.0,1.9444444444444444,0.0,3600,0,0.0,6000.000000000116,6000.000000000931,0.6950013637542725,1.9444444444444444,,0.0,-0.022222222222222227,0.0,0.2211111111110995,-0.09111111111111114,-0.11666666666666625,-0.13555555555555565,0.0,0.0,0.14444444444444438,0.0,0.14444444444444438,0.2211111111110995,6000.0
11717,stockerau_full_6000_0,S2B_MSIL2A_20230621T094549_R079_T33UWP_20230621T143955,200,,0.0,0.0,0.0,79.55555555555556,11.777777777777779,5.888888888888889,0.6666666666666666,0.0,0.0,2.111111111111111,0.0,900,0,0.0,6000.000000000116,6000.000000000931,0.6867001056671143,2.111111111111111,,0.0,-0.05,0.0,0.693333333333328,-0.36888888888888793,-0.47777777777777697,-0.10777777777777786,0.0,0.0,0.3111111111111111,0.0,0.3111111111111111,0.693333333333328,6000.0
11730,stockerau_full_6000_0,S2B_MSIL2A_20230621T094549_R079_T33UWP_20230621T143955,500,,0.0,0.0,0.0,77.77777777777777,13.88888888888889,5.555555555555555,1.3888888888888888,0.0,0.0,1.3888888888888888,0.0,144,0,0.0,6000.000000000116,6000.000000000931,0.8298401832580566,1.3888888888888888,,0.0,-0.05,0.0,-1.0844444444444576,1.7422222222222228,-0.8111111111111109,0.6144444444444443,0.0,0.0,-0.4111111111111112,0.0,-0.4111111111111112,1.7422222222222228,6000.0
11743,stockerau_full_6000_0,S2B_MSIL2A_20230621T094549_R079_T33UWP_20230621T143955,1000,,0.0,0.0,0.0,83.33333333333333,8.333333333333334,0.0,2.7777777777777777,0.0,0.0,5.555555555555555,0.0,36,0,0.0,6000.000000000116,6000.000000000931,0.6284863948822021,5.555555555555555,,0.0,-0.05,0.0,4.4711111111110995,-3.8133333333333326,-6.366666666666666,2.003333333333333,0.0,0.0,3.7555555555555555,0.0,3.7555555555555555,6.366666666666666,6000.0
11679,stockerau_full_6000_0,S2B_MSIL2A_20230624T095559_R122_T33UWP_20230624T142946,20,,0.0,0.0,0.13555555555555557,0.0,0.044444444444444446,0.37,0.0,9.625555555555556,89.51555555555555,0.3011111111111111,0.0077777777777777776,90000,0,0.0,6000.000000000116,6000.000000000931,1.0175011157989502,99.44222222222221,,0.0,0.0,0.0,0.0,0.0,0.0,0.0,0.0,0.0,0.0,0.0,0.0,0.0,6000.0
11692,stockerau_full_6000_0,S2B_MSIL2A_20230624T095559_R122_T33UWP_20230624T142946,50,,0.0,0.0,0.125,0.0,0.04861111111111111,0.3125,0.0,9.409722222222221,89.78472222222223,0.3125,0.006944444444444444,14400,0,0.0,6000.000000000116,6000.000000000931,0.7027466297149658,99.50694444444446,,0.0,0.0,-0.010555555555555568,0.0,0.004166666666666666,-0.057499999999999996,0.0,-0.2158333333333342,0.26916666666667766,0.011388888888888893,-0.0008333333333333335,0.06472222222224389,0.06472222222224389,6000.0
11705,stockerau_full_6000_0,S2B_MSIL2A_20230624T095559_R122_T33UWP_20230624T142946,100,,0.0,0.0,0.2222222222222222,0.0,0.05555555555555555,0.3055555555555556,0.0,9.055555555555555,90.05555555555556,0.2777777777777778,0.027777777777777776,3600,0,0.0,6000.000000000116,6000.000000000931,0.6950013637542725,99.38888888888889,,0.0,0.0,0.08666666666666664,0.0,0.011111111111111106,-0.06444444444444442,0.0,-0.5700000000000003,0.5400000000000063,-0.023333333333333317,0.019999999999999997,-0.05333333333332746,0.08666666666666664,6000.0
11718,stockerau_full_6000_0,S2B_MSIL2A_20230624T095559_R122_T33UWP_20230624T142946,200,,0.0,0.0,0.1111111111111111,0.0,0.0,0.5555555555555556,0.0,8.88888888888889,90.11111111111111,0.2222222222222222,0.1111111111111111,900,0,0.0,6000.000000000116,6000.000000000931,0.6867001056671143,99.22222222222223,,0.0,0.0,-0.024444444444444463,0.0,-0.044444444444444446,0.18555555555555558,0.0,-0.7366666666666664,0.5955555555555634,-0.0788888888888889,0.10333333333333333,-0.21999999999998465,0.21999999999998465,6000.0
11731,stockerau_full_6000_0,S2B_MSIL2A_20230624T095559_R122_T33UWP_20230624T142946,500,,0.0,0.0,0.0,0.0,0.0,0.0,0.0,11.11111111111111,88.88888888888889,0.0,0.0,144,0,0.0,6000.000000000116,6000.000000000931,0.8298401832580566,100.0,,0.0,0.0,-0.13555555555555557,0.0,-0.044444444444444446,-0.37,0.0,1.485555555555555,-0.6266666666666652,-0.3011111111111111,-0.0077777777777777776,0.5577777777777868,0.5577777777777868,6000.0
11744,stockerau_full_6000_0,S2B_MSIL2A_20230624T095559_R122_T33UWP_20230624T142946,1000,,0.0,0.0,0.0,0.0,0.0,0.0,0.0,5.555555555555555,94.44444444444444,0.0,0.0,36,0,0.0,6000.000000000116,6000.000000000931,0.6284863948822021,100.0,,0.0,0.0,-0.13555555555555557,0.0,-0.044444444444444446,-0.37,0.0,-4.07,4.928888888888892,-0.3011111111111111,-0.0077777777777777776,0.5577777777777868,0.5577777777777868,6000.0
11682,stockerau_full_6000_0,S2B_MSIL2A_20230701T094549_R079_T33UWP_20230701T152448,20,,0.0,0.0,0.0,0.0,0.0,0.0,0.0,0.0,100.0,0.0,0.0,90000,0,0.0,6000.000000000116,6000.000000000931,1.0175011157989502,100.0,,0.0,0.0,0.0,0.0,0.0,0.0,0.0,0.0,0.0,0.0,0.0,0.0,0.0,6000.0
11695,stockerau_full_6000_0,S2B_MSIL2A_20230701T094549_R079_T33UWP_20230701T152448,50,,0.0,0.0,0.0,0.0,0.0,0.0,0.0,0.0,100.0,0.0,0.0,14400,0,0.0,6000.000000000116,6000.000000000931,0.7027466297149658,100.0,,0.0,0.0,0.0,0.0,0.0,0.0,0.0,0.0,0.0,0.0,0.0,0.0,0.0,6000.0
11708,stockerau_full_6000_0,S2B_MSIL2A_20230701T094549_R079_T33UWP_20230701T152448,100,,0.0,0.0,0.0,0.0,0.0,0.0,0.0,0.0,100.0,0.0,0.0,3600,0,0.0,6000.000000000116,6000.000000000931,0.6950013637542725,100.0,,0.0,0.0,0.0,0.0,0.0,0.0,0.0,0.0,0.0,0.0,0.0,0.0,0.0,6000.0
11721,stockerau_full_6000_0,S2B_MSIL2A_20230701T094549_R079_T33UWP_20230701T152448,200,,0.0,0.0,0.0,0.0,0.0,0.0,0.0,0.0,100.0,0.0,0.0,900,0,0.0,6000.000000000116,6000.000000000931,0.6867001056671143,100.0,,0.0,0.0,0.0,0.0,0.0,0.0,0.0,0.0,0.0,0.0,0.0,0.0,0.0,6000.0
11734,stockerau_full_6000_0,S2B_MSIL2A_20230701T094549_R079_T33UWP_20230701T152448,500,,0.0,0.0,0.0,0.0,0.0,0.0,0.0,0.0,100.0,0.0,0.0,144,0,0.0,6000.000000000116,6000.000000000931,0.8298401832580566,100.0,,0.0,0.0,0.0,0.0,0.0,0.0,0.0,0.0,0.0,0.0,0.0,0.0,0.0,6000.0
11747,stockerau_full_6000_0,S2B_MSIL2A_20230701T094549_R079_T33UWP_20230701T152448,1000,,0.0,0.0,0.0,0.0,0.0,0.0,0.0,0.0,100.0,0.0,0.0,36,0,0.0,6000.000000000116,6000.000000000931,0.6284863948822021,100.0,,0.0,0.0,0.0,0.0,0.0,0.0,0.0,0.0,0.0,0.0,0.0,0.0,0.0,6000.0
11750,stockerau_full_6000_1,S2A_MSIL2A_20230606T095031_R079_T33UWP_20230606T162616,20,,0.0,0.0,0.0,0.0,0.0,0.0,0.06222222222222222,1.4644444444444444,98.47333333333333,0.0,0.0,90000,0,0.0,6000.0,6000.0,0.894740104675293,99.93777777777777,,0.0,0.0,0.0,0.0,0.0,0.0,0.0,0.0,0.0,0.0,0.0,0.0,0.0,6000.0
11763,stockerau_full_6000_1,S2A_MSIL2A_20230606T095031_R079_T33UWP_20230606T162616,50,,0.0,0.0,0.0,0.0,0.0,0.0,0.05555555555555555,1.4722222222222223,98.47222222222223,0.0,0.0,14400,0,0.0,6000.0,6000.0,0.94370436668396,99.94444444444446,,0.0,0.0,0.0,0.0,0.0,0.0,-0.006666666666666668,0.007777777777777883,-0.0011111111111006267,0.0,0.0,0.006666666666689025,0.006666666666689025,6000.0
11776,stockerau_full_6000_1,S2A_MSIL2A_20230606T095031_R079_T33UWP_20230606T162616,100,,0.0,0.0,0.0,0.0,0.0,0.0,0.08333333333333333,1.4444444444444444,98.47222222222223,0.0,0.0,3600,0,0.0,6000.0,6000.0,0.8448512554168701,99.91666666666667,,0.0,0.0,0.0,0.0,0.0,0.0,0.02111111111111111,-0.020000000000000018,-0.0011111111111006267,0.0,0.0,-0.021111111111096648,0.02111111111111111,6000.0
11789,stockerau_full_6000_1,S2A_MSIL2A_20230606T095031_R079_T33UWP_20230606T162616,200,,0.0,0.0,0.0,0.0,0.0,0.0,0.0,2.0,98.0,0.0,0.0,900,0,0.0,6000.0,6000.0,0.8245158195495605,100.0,,0.0,0.0,0.0,0.0,0.0,0.0,-0.06222222222222222,0.5355555555555556,-0.47333333333332916,0.0,0.0,0.06222222222223195,0.06222222222223195,6000.0
11802,stockerau_full_6000_1,S2A_MSIL2A_20230606T095031_R079_T33UWP_20230606T162616,500,,0.0,0.0,0.0,0.0,0.0,0.0,0.0,0.6944444444444444,99.30555555555556,0.0,0.0,144,0,0.0,6000.0,6000.0,0.768388032913208,100.0,,0.0,0.0,0.0,0.0,0.0,0.0,-0.06222222222222222,-0.77,0.832222222222228,0.0,0.0,0.06222222222223195,0.06222222222223195,6000.0
11815,stockerau_full_6000_1,S2A_MSIL2A_20230606T095031_R079_T33UWP_20230606T162616,1000,,0.0,0.0,0.0,0.0,0.0,0.0,0.0,0.0,100.0,0.0,0.0,36,0,0.0,6000.0,6000.0,0.9025838375091553,100.0,,0.0,0.0,0.0,0.0,0.0,0.0,-0.06222222222222222,-1.4644444444444444,1.5266666666666708,0.0,0.0,0.06222222222223195,0.06222222222223195,6000.0
11751,stockerau_full_6000_1,S2A_MSIL2A_20230609T100031_R122_T33UWP_20230609T173715,20,,0.0,0.0,0.0,0.0,0.0,0.0,0.0,62.913333333333334,35.52333333333333,1.5633333333333332,0.0,90000,0,0.0,6000.0,6000.0,0.894740104675293,100.0,,0.0,0.0,0.0,0.0,0.0,0.0,0.0,0.0,0.0,0.0,0.0,0.0,0.0,6000.0
11764,stockerau_full_6000_1,S2A_MSIL2A_20230609T100031_R122_T33UWP_20230609T173715,50,,0.0,0.0,0.0,0.0,0.0,0.0,0.0,63.47222222222222,34.826388888888886,1.7013888888888888,0.0,14400,0,0.0,6000.0,6000.0,0.94370436668396,100.0,,0.0,0.0,0.0,0.0,0.0,0.0,0.0,0.5588888888888874,-0.6969444444444477,0.1380555555555556,0.0,0.0,0.0,6000.0
11777,stockerau_full_6000_1,S2A_MSIL2A_20230609T100031_R122_T33UWP_20230609T173715,100,,0.0,0.0,0.0,0.0,0.0,0.0,0.0,64.13888888888889,34.166666666666664,1.6944444444444444,0.0,3600,0,0.0,6000.0,6000.0,0.8448512554168701,99.99999999999999,,0.0,0.0,0.0,0.0,0.0,0.0,0.0,1.2255555555555517,-1.3566666666666691,0.13111111111111118,0.0,-1.4210854715202004e-14,1.4210854715202004e-14,6000.0
11790,stockerau_full_6000_1,S2A_MSIL2A_20230609T100031_R122_T33UWP_20230609T173715,200,,0.0,0.0,0.0,0.0,0.0,0.0,0.0,64.55555555555556,33.111111111111114,2.3333333333333335,0.0,900,0,0.0,6000.0,6000.0,0.8245158195495605,100.0,,0.0,0.0,0.0,0.0,0.0,0.0,0.0,1.6422222222222231,-2.412222222222219,0.7700000000000002,0.0,0.0,0.0,6000.0
11803,stockerau_full_6000_1,S2A_MSIL2A_20230609T100031_R122_T33UWP_20230609T173715,500,,0.0,0.0,0.0,0.0,0.0,0.0,0.0,66.66666666666667,31.25,2.0833333333333335,0.0,144,0,0.0,6000.0,6000.0,0.768388032913208,100.0,,0.0,0.0,0.0,0.0,0.0,0.0,0.0,3.7533333333333374,-4.273333333333333,0.5200000000000002,0.0,0.0,0.0,6000.0
11816,stockerau_full_6000_1,S2A_MSIL2A_20230609T100031_R122_T33UWP_20230609T173715,1000,,0.0,0.0,0.0,0.0,0.0,0.0,0.0,75.0,22.22222222222222,2.7777777777777777,0.0,36,0,0.0,6000.0,6000.0,0.9025838375091553,100.0,,0.0,0.0,0.0,0.0,0.0,0.0,0.0,12.086666666666666,-13.301111111111112,1.2144444444444444,0.0,0.0,0.0,6000.0
11754,stockerau_full_6000_1,S2A_MSIL2A_20230616T095031_R079_T33UWP_20230616T172735,20,,0.0,0.0,0.035555555555555556,57.98,26.584444444444443,0.0,0.4911111111111111,3.0877777777777777,10.755555555555556,1.0655555555555556,0.0,90000,0,0.0,6000.0,6000.0,0.894740104675293,14.908888888888889,,0.0,0.0,0.0,0.0,0.0,0.0,0.0,0.0,0.0,0.0,0.0,0.0,0.0,6000.0
11767,stockerau_full_6000_1,S2A_MSIL2A_20230616T095031_R079_T33UWP_20230616T172735,50,,0.0,0.0,0.034722222222222224,58.395833333333336,26.59027777777778,0.0,0.4861111111111111,3.0069444444444446,10.472222222222221,1.0138888888888888,0.0,14400,0,0.0,6000.0,6000.0,0.94370436668396,14.493055555555555,,0.0,0.0,-0.0008333333333333318,0.41583333333333883,0.005833333333335133,0.0,-0.0050000000000000044,-0.08083333333333309,-0.283333333333335,-0.05166666666666675,0.0,-0.4158333333333335,0.41583333333333883,6000.0
11780,stockerau_full_6000_1,S2A_MSIL2A_20230616T095031_R079_T33UWP_20230616T172735,100,,0.0,0.0,0.05555555555555555,58.55555555555556,26.61111111111111,0.0,0.5,3.0833333333333335,9.972222222222221,1.2222222222222223,0.0,3600,0,0.0,6000.0,6000.0,0.8448512554168701,14.277777777777779,,0.0,0.0,0.019999999999999997,0.5755555555555603,0.026666666666667282,0.0,0.00888888888888889,-0.004444444444444251,-0.783333333333335,0.15666666666666673,0.0,-0.6311111111111103,0.6311111111111103,6000.0
11793,stockerau_full_6000_1,S2A_MSIL2A_20230616T095031_R079_T33UWP_20230616T172735,200,,0.0,0.0,0.0,60.55555555555556,26.0,0.0,0.2222222222222222,2.6666666666666665,9.333333333333334,1.2222222222222223,0.0,900,0,0.0,6000.0,6000.0,0.8245158195495605,13.222222222222221,,0.0,0.0,-0.035555555555555556,2.5755555555555603,-0.5844444444444434,0.0,-0.2688888888888889,-0.4211111111111112,-1.4222222222222225,0.15666666666666673,0.0,-1.6866666666666674,2.5755555555555603,6000.0
11806,stockerau_full_6000_1,S2A_MSIL2A_20230616T095031_R079_T33UWP_20230616T172735,500,,0.0,0.0,0.0,61.111111111111114,26.38888888888889,0.0,0.0,4.166666666666667,6.944444444444445,1.3888888888888888,0.0,144,0,0.0,6000.0,6000.0,0.768388032913208,12.5,,0.0,0.0,-0.035555555555555556,3.1311111111111174,-0.19555555555555415,0.0,-0.4911111111111111,1.0788888888888892,-3.811111111111112,0.32333333333333325,0.0,-2.408888888888889,3.1311111111111174,6000.0
11819,stockerau_full_6000_1,S2A_MSIL2A_20230616T095031_R079_T33UWP_20230616T172735,1000,,0.0,0.0,0.0,66.66666666666667,27.77777777777778,0.0,0.0,2.7777777777777777,2.7777777777777777,0.0,0.0,36,0,0.0,6000.0,6000.0,0.9025838375091553,5.555555555555555,,0.0,0.0,-0.035555555555555556,8.686666666666675,1.1933333333333351,0.0,-0.4911111111111111,-0.31000000000000005,-7.977777777777779,-1.0655555555555556,0.0,-9.353333333333333,9.353333333333333,6000.0
11755,stockerau_full_6000_1,S2A_MSIL2A_20230619T100031_R122_T33UWP_20230619T172742,20,,0.0,0.0,0.0,57.93,15.598888888888888,0.0,0.9466666666666667,0.04111111111111111,0.0011111111111111111,25.482222222222223,0.0,90000,0,0.0,6000.0,6000.0,0.894740104675293,25.524444444444445,,0.0,0.0,0.0,0.0,0.0,0.0,0.0,0.0,0.0,0.0,0.0,0.0,0.0,6000.0
11768,stockerau_full_6000_1,S2A_MSIL2A_20230619T100031_R122_T33UWP_20230619T172742,50,,0.0,0.0,0.0,57.979166666666664,15.604166666666666,0.0,1.0138888888888888,0.034722222222222224,0.0,25.368055555555557,0.0,14400,0,0.0,6000.0,6000.0,0.94370436668396,25.40277777777778,,0.0,0.0,0.0,0.04916666666666458,0.005277777777777715,0.0,0.06722222222222218,-0.006388888888888888,-0.0011111111111111111,-0.11416666666666586,0.0,-0.12166666666666615,0.12166666666666615,6000.0
11781,stockerau_full_6000_1,S2A_MSIL2A_20230619T100031_R122_T33UWP_20230619T172742,100,,0.0,0.0,0.0,57.05555555555556,16.02777777777778,0.0,0.9166666666666666,0.0,0.0,26.0,0.0,3600,0,0.0,6000.0,6000.0,0.8448512554168701,26.0,,0.0,0.0,0.0,-0.8744444444444426,0.4288888888888902,0.0,-0.030000000000000027,-0.04111111111111111,-0.0011111111111111111,0.517777777777777,0.0,0.4755555555555553,0.8744444444444426,6000.0
11794,stockerau_full_6000_1,S2A_MSIL2A_20230619T100031_R122_T33UWP_20230619T172742,200,,0.0,0.0,0.0,58.333333333333336,15.11111111111111,0.0,1.0,0.2222222222222222,0.0,25.333333333333332,0.0,900,0,0.0,6000.0,6000.0,0.8245158195495605,25.555555555555554,,0.0,0.0,0.0,0.403333333333336,-0.48777777777777764,0.0,0.053333333333333344,0.1811111111111111,-0.0011111111111111111,-0.14888888888889085,0.0,0.03111111111110887,0.48777777777777764,6000.0
11807,stockerau_full_6000_1,S2A_MSIL2A_20230619T100031_R122_T33UWP_20230619T172742,500,,0.0,0.0,0.0,56.94444444444444,15.972222222222221,0.0,0.6944444444444444,0.0,0.0,26.38888888888889,0.0,144,0,0.0,6000.0,6000.0,0.768388032913208,26.38888888888889,,0.0,0.0,0.0,-0.9855555555555569,0.3733333333333331,0.0,-0.25222222222222224,-0.04111111111111111,-0.0011111111111111111,0.9066666666666663,0.0,0.8644444444444446,0.9855555555555569,6000.0
11820,stockerau_full_6000_1,S2A_MSIL2A_20230619T100031_R122_T33UWP_20230619T172742,1000,,0.0,0.0,0.0,52.77777777777778,22.22222222222222,0.0,0.0,0.0,0.0,25.0,0.0,36,0,0.0,6000.0,6000.0,0.9025838375091553,25.0,,0.0,0.0,0.0,-5.152222222222221,6.623333333333333,0.0,-0.9466666666666667,-0.04111111111111111,-0.0011111111111111111,-0.482222222222223,0.0,-0.5244444444444447,6.623333333333333,6000.0
11758,stockerau_full_6000_1,S2A_MSIL2A_20230626T095031_R079_T33UWP_20230626T161132,20,,0.0,0.0,0.0,85.18444444444444,14.745555555555555,0.0,0.07,0.0,0.0,0.0,0.0,90000,0,0.0,6000.0,6000.0,0.894740104675293,0.0,,0.0,0.0,0.0,0.0,0.0,0.0,0.0,0.0,0.0,0.0,0.0,0.0,0.0,6000.0
11771,stockerau_full_6000_1,S2A_MSIL2A_20230626T095031_R079_T33UWP_20230626T161132,50,,0.0,0.0,0.0,85.23611111111111,14.70138888888889,0.0,0.0625,0.0,0.0,0.0,0.0,14400,0,0.0,6000.0,6000.0,0.94370436668396,0.0,,0.0,0.0,0.0,0.05166666666667652,-0.04416666666666558,0.0,-0.007500000000000007,0.0,0.0,0.0,0.0,0.0,0.05166666666667652,6000.0
11784,stockerau_full_6000_1,S2A_MSIL2A_20230626T095031_R079_T33UWP_20230626T161132,100,,0.0,0.0,0.0,85.38888888888889,14.5,0.0,0.1111111111111111,0.0,0.0,0.0,0.0,3600,0,0.0,6000.0,6000.0,0.8448512554168701,0.0,,0.0,0.0,0.0,0.20444444444444798,-0.24555555555555486,0.0,0.0411111111111111,0.0,0.0,0.0,0.0,0.0,0.24555555555555486,6000.0
11797,stockerau_full_6000_1,S2A_MSIL2A_20230626T095031_R079_T33UWP_20230626T161132,200,,0.0,0.0,0.0,86.33333333333333,13.666666666666666,0.0,0.0,0.0,0.0,0.0,0.0,900,0,0.0,6000.0,6000.0,0.8245158195495605,0.0,,0.0,0.0,0.0,1.1488888888888908,-1.0788888888888888,0.0,-0.07,0.0,0.0,0.0,0.0,0.0,1.1488888888888908,6000.0
11810,stockerau_full_6000_1,S2A_MSIL2A_20230626T095031_R079_T33UWP_20230626T161132,500,,0.0,0.0,0.0,86.11111111111111,13.88888888888889,0.0,0.0,0.0,0.0,0.0,0.0,144,0,0.0,6000.0,6000.0,0.768388032913208,0.0,,0.0,0.0,0.0,0.9266666666666765,-0.8566666666666656,0.0,-0.07,0.0,0.0,0.0,0.0,0.0,0.9266666666666765,6000.0
11823,stockerau_full_6000_1,S2A_MSIL2A_20230626T095031_R079_T33UWP_20230626T161132,1000,,0.0,0.0,0.0,86.11111111111111,13.88888888888889,0.0,0.0,0.0,0.0,0.0,0.0,36,0,0.0,6000.0,6000.0,0.9025838375091553,0.0,,0.0,0.0,0.0,0.9266666666666765,-0.8566666666666656,0.0,-0.07,0.0,0.0,0.0,0.0,0.0,0.9266666666666765,6000.0
11759,stockerau_full_6000_1,S2A_MSIL2A_20230629T100031_R122_T33UWP_20230629T191411,20,,0.0,0.0,1.7722222222222221,81.85444444444444,13.27111111111111,0.0044444444444444444,0.12333333333333334,1.7566666666666666,1.1488888888888888,0.06888888888888889,0.0,90000,0,0.0,6000.0,6000.0,0.894740104675293,2.9744444444444444,,0.0,0.0,0.0,0.0,0.0,0.0,0.0,0.0,0.0,0.0,0.0,0.0,0.0,6000.0
11772,stockerau_full_6000_1,S2A_MSIL2A_20230629T100031_R122_T33UWP_20230629T191411,50,,0.0,0.0,1.7430555555555556,82.02083333333333,13.083333333333334,0.0,0.1527777777777778,1.7361111111111112,1.1875,0.0763888888888889,0.0,14400,0,0.0,6000.0,6000.0,0.94370436668396,3.0,,0.0,0.0,-0.029166666666666563,0.16638888888888914,-0.18777777777777693,-0.0044444444444444444,0.029444444444444454,-0.020555555555555438,0.03861111111111115,0.007500000000000007,0.0,0.025555555555555554,0.18777777777777693,6000.0
11785,stockerau_full_6000_1,S2A_MSIL2A_20230629T100031_R122_T33UWP_20230629T191411,100,,0.0,0.0,1.8333333333333333,81.55555555555556,13.444444444444445,0.027777777777777776,0.16666666666666666,1.5833333333333333,1.3333333333333333,0.05555555555555555,0.0,3600,0,0.0,6000.0,6000.0,0.8448512554168701,2.972222222222222,,0.0,0.0,0.061111111111111116,-0.2988888888888823,0.17333333333333378,0.02333333333333333,0.04333333333333332,-0.17333333333333334,0.1844444444444444,-0.013333333333333336,0.0,-0.0022222222222225696,0.2988888888888823,6000.0
11798,stockerau_full_6000_1,S2A_MSIL2A_20230629T100031_R122_T33UWP_20230629T191411,200,,0.0,0.0,2.0,82.11111111111111,13.11111111111111,0.0,0.0,1.5555555555555556,1.2222222222222223,0.0,0.0,900,0,0.0,6000.0,6000.0,0.8245158195495605,2.7777777777777777,,0.0,0.0,0.22777777777777786,0.2566666666666748,-0.16000000000000014,-0.0044444444444444444,-0.12333333333333334,-0.20111111111111102,0.07333333333333347,-0.06888888888888889,0.0,-0.19666666666666677,0.2566666666666748,6000.0
11811,stockerau_full_6000_1,S2A_MSIL2A_20230629T100031_R122_T33UWP_20230629T191411,500,,0.0,0.0,2.0833333333333335,81.94444444444444,13.194444444444445,0.0,0.6944444444444444,0.6944444444444444,1.3888888888888888,0.0,0.0,144,0,0.0,6000.0,6000.0,0.768388032913208,2.083333333333333,,0.0,0.0,0.31111111111111134,0.09000000000000341,-0.07666666666666622,-0.0044444444444444444,0.5711111111111111,-1.0622222222222222,0.24,-0.06888888888888889,0.0,-0.8911111111111114,0.8911111111111114,6000.0
11824,stockerau_full_6000_1,S2A_MSIL2A_20230629T100031_R122_T33UWP_20230629T191411,1000,,0.0,0.0,2.7777777777777777,86.11111111111111,8.333333333333334,0.0,0.0,0.0,2.7777777777777777,0.0,0.0,36,0,0.0,6000.0,6000.0,0.9025838375091553,2.7777777777777777,,0.0,0.0,1.0055555555555555,4.256666666666675,-4.937777777777777,-0.0044444444444444444,-0.12333333333333334,-1.7566666666666666,1.6288888888888888,-0.06888888888888889,0.0,-0.19666666666666677,4.937777777777777,6000.0
11748,stockerau_full_6000_1,S2B_MSIL2A_20230601T094549_R079_T33UWP_20230601T163321,20,,0.0,0.0,0.0,53.83555555555556,46.07888888888889,0.0044444444444444444,0.0811111111111111,0.0,0.0,0.0,0.0,90000,0,0.0,6000.0,6000.0,0.894740104675293,0.0,,0.0,0.0,0.0,0.0,0.0,0.0,0.0,0.0,0.0,0.0,0.0,0.0,0.0,6000.0
11761,stockerau_full_6000_1,S2B_MSIL2A_20230601T094549_R079_T33UWP_20230601T163321,50,,0.0,0.0,0.0,53.673611111111114,46.229166666666664,0.0,0.09722222222222222,0.0,0.0,0.0,0.0,14400,0,0.0,6000.0,6000.0,0.94370436668396,0.0,,0.0,0.0,0.0,-0.161944444444444,0.15027777777777374,-0.0044444444444444444,0.016111111111111118,0.0,0.0,0.0,0.0,0.0,0.161944444444444,6000.0
11774,stockerau_full_6000_1,S2B_MSIL2A_20230601T094549_R079_T33UWP_20230601T163321,100,,0.0,0.0,0.0,53.69444444444444,46.22222222222222,0.0,0.08333333333333333,0.0,0.0,0.0,0.0,3600,0,0.0,6000.0,6000.0,0.8448512554168701,0.0,,0.0,0.0,0.0,-0.1411111111111154,0.14333333333333087,-0.0044444444444444444,0.0022222222222222227,0.0,0.0,0.0,0.0,0.0,0.14333333333333087,6000.0
11787,stockerau_full_6000_1,S2B_MSIL2A_20230601T094549_R079_T33UWP_20230601T163321,200,,0.0,0.0,0.0,53.333333333333336,46.666666666666664,0.0,0.0,0.0,0.0,0.0,0.0,900,0,0.0,6000.0,6000.0,0.8245158195495605,0.0,,0.0,0.0,0.0,-0.5022222222222226,0.5877777777777737,-0.0044444444444444444,-0.0811111111111111,0.0,0.0,0.0,0.0,0.0,0.5877777777777737,6000.0
11800,stockerau_full_6000_1,S2B_MSIL2A_20230601T094549_R079_T33UWP_20230601T163321,500,,0.0,0.0,0.0,56.94444444444444,43.05555555555556,0.0,0.0,0.0,0.0,0.0,0.0,144,0,0.0,6000.0,6000.0,0.768388032913208,0.0,,0.0,0.0,0.0,3.1088888888888846,-3.0233333333333334,-0.0044444444444444444,-0.0811111111111111,0.0,0.0,0.0,0.0,0.0,3.1088888888888846,6000.0
11813,stockerau_full_6000_1,S2B_MSIL2A_20230601T094549_R079_T33UWP_20230601T163321,1000,,0.0,0.0,0.0,52.77777777777778,47.22222222222222,0.0,0.0,0.0,0.0,0.0,0.0,36,0,0.0,6000.0,6000.0,0.9025838375091553,0.0,,0.0,0.0,0.0,-1.0577777777777797,1.1433333333333309,-0.0044444444444444444,-0.0811111111111111,0.0,0.0,0.0,0.0,0.0,1.1433333333333309,6000.0
11749,stockerau_full_6000_1,S2B_MSIL2A_20230604T095559_R122_T33UWP_20230604T174403,20,,0.0,0.0,0.0,55.41444444444444,43.44555555555556,0.0,0.30333333333333334,0.15888888888888889,0.017777777777777778,0.66,0.0,90000,0,0.0,6000.0,6000.0,0.894740104675293,0.8366666666666667,,0.0,0.0,0.0,0.0,0.0,0.0,0.0,0.0,0.0,0.0,0.0,0.0,0.0,6000.0
11762,stockerau_full_6000_1,S2B_MSIL2A_20230604T095559_R122_T33UWP_20230604T174403,50,,0.0,0.0,0.0,55.333333333333336,43.46527777777778,0.0,0.2916666666666667,0.16666666666666666,0.013888888888888888,0.7291666666666666,0.0,14400,0,0.0,6000.0,6000.0,0.94370436668396,0.9097222222222222,,0.0,0.0,0.0,-0.08111111111110603,0.019722222222220864,0.0,-0.011666666666666659,0.007777777777777772,-0.0038888888888888896,0.0691666666666666,0.0,0.07305555555555554,0.08111111111110603,6000.0
11775,stockerau_full_6000_1,S2B_MSIL2A_20230604T095559_R122_T33UWP_20230604T174403,100,,0.0,0.0,0.0,54.888888888888886,43.833333333333336,0.0,0.25,0.16666666666666666,0.027777777777777776,0.8333333333333334,0.0,3600,0,0.0,6000.0,6000.0,0.8448512554168701,1.0277777777777777,,0.0,0.0,0.0,-0.525555555555556,0.387777777777778,0.0,-0.053333333333333344,0.007777777777777772,0.009999999999999998,0.17333333333333334,0.0,0.191111111111111,0.525555555555556,6000.0
11788,stockerau_full_6000_1,S2B_MSIL2A_20230604T095559_R122_T33UWP_20230604T174403,200,,0.0,0.0,0.0,55.77777777777778,43.0,0.0,0.2222222222222222,0.2222222222222222,0.0,0.7777777777777778,0.0,900,0,0.0,6000.0,6000.0,0.8245158195495605,1.0,,0.0,0.0,0.0,0.36333333333333684,-0.4455555555555577,0.0,-0.08111111111111113,0.06333333333333332,-0.017777777777777778,0.11777777777777776,0.0,0.16333333333333333,0.4455555555555577,6000.0
11801,stockerau_full_6000_1,S2B_MSIL2A_20230604T095559_R122_T33UWP_20230604T174403,500,,0.0,0.0,0.0,53.47222222222222,44.44444444444444,0.0,0.0,0.0,0.0,2.0833333333333335,0.0,144,0,0.0,6000.0,6000.0,0.768388032913208,2.0833333333333335,,0.0,0.0,0.0,-1.9422222222222203,0.9988888888888852,0.0,-0.30333333333333334,-0.15888888888888889,-0.017777777777777778,1.4233333333333333,0.0,1.2466666666666668,1.9422222222222203,6000.0
11814,stockerau_full_6000_1,S2B_MSIL2A_20230604T095559_R122_T33UWP_20230604T174403,1000,,0.0,0.0,0.0,50.0,47.22222222222222,0.0,0.0,0.0,0.0,2.7777777777777777,0.0,36,0,0.0,6000.0,6000.0,0.9025838375091553,2.7777777777777777,,0.0,0.0,0.0,-5.414444444444442,3.7766666666666637,0.0,-0.30333333333333334,-0.15888888888888889,-0.017777777777777778,2.1177777777777775,0.0,1.941111111111111,5.414444444444442,6000.0
11752,stockerau_full_6000_1,S2B_MSIL2A_20230611T094549_R079_T33UWP_20230611T135320,20,,0.0,0.0,0.0,0.0,0.0,0.0,0.0,0.05555555555555555,99.94444444444444,0.0,0.0,90000,0,0.0,6000.0,6000.0,0.894740104675293,100.0,,0.0,0.0,0.0,0.0,0.0,0.0,0.0,0.0,0.0,0.0,0.0,0.0,0.0,6000.0
11765,stockerau_full_6000_1,S2B_MSIL2A_20230611T094549_R079_T33UWP_20230611T135320,50,,0.0,0.0,0.0,0.0,0.0,0.0,0.0,0.05555555555555555,99.94444444444444,0.0,0.0,14400,0,0.0,6000.0,6000.0,0.94370436668396,100.0,,0.0,0.0,0.0,0.0,0.0,0.0,0.0,0.0,0.0,0.0,0.0,0.0,0.0,6000.0
11778,stockerau_full_6000_1,S2B_MSIL2A_20230611T094549_R079_T33UWP_20230611T135320,100,,0.0,0.0,0.0,0.0,0.0,0.0,0.0,0.027777777777777776,99.97222222222223,0.0,0.0,3600,0,0.0,6000.0,6000.0,0.8448512554168701,100.0,,0.0,0.0,0.0,0.0,0.0,0.0,0.0,-0.027777777777777776,0.027777777777785673,0.0,0.0,0.0,0.0,6000.0
11791,stockerau_full_6000_1,S2B_MSIL2A_20230611T094549_R079_T33UWP_20230611T135320,200,,0.0,0.0,0.0,0.0,0.0,0.0,0.0,0.0,100.0,0.0,0.0,900,0,0.0,6000.0,6000.0,0.8245158195495605,100.0,,0.0,0.0,0.0,0.0,0.0,0.0,0.0,-0.05555555555555555,0.055555555555557135,0.0,0.0,0.0,0.0,6000.0
11804,stockerau_full_6000_1,S2B_MSIL2A_20230611T094549_R079_T33UWP_20230611T135320,500,,0.0,0.0,0.0,0.0,0.0,0.0,0.0,0.0,100.0,0.0,0.0,144,0,0.0,6000.0,6000.0,0.768388032913208,100.0,,0.0,0.0,0.0,0.0,0.0,0.0,0.0,-0.05555555555555555,0.055555555555557135,0.0,0.0,0.0,0.0,6000.0
11817,stockerau_full_6000_1,S2B_MSIL2A_20230611T094549_R079_T33UWP_20230611T135320,1000,,0.0,0.0,0.0,0.0,0.0,0.0,0.0,0.0,100.0,0.0,0.0,36,0,0.0,6000.0,6000.0,0.9025838375091553,100.0,,0.0,0.0,0.0,0.0,0.0,0.0,0.0,-0.05555555555555555,0.055555555555557135,0.0,0.0,0.0,0.0,6000.0
11753,stockerau_full_6000_1,S2B_MSIL2A_20230614T095559_R122_T33UWP_20230614T142248,20,,0.0,0.0,0.016666666666666666,70.26,29.626666666666665,0.0,0.09666666666666666,0.0,0.0,0.0,0.0,90000,0,0.0,6000.0,6000.0,0.894740104675293,0.0,,0.0,0.0,0.0,0.0,0.0,0.0,0.0,0.0,0.0,0.0,0.0,0.0,0.0,6000.0
11766,stockerau_full_6000_1,S2B_MSIL2A_20230614T095559_R122_T33UWP_20230614T142248,50,,0.0,0.0,0.027777777777777776,70.38888888888889,29.48611111111111,0.0,0.09722222222222222,0.0,0.0,0.0,0.0,14400,0,0.0,6000.0,6000.0,0.94370436668396,0.0,,0.0,0.0,0.01111111111111111,0.12888888888888062,-0.14055555555555443,0.0,0.0005555555555555591,0.0,0.0,0.0,0.0,0.0,0.14055555555555443,6000.0
11779,stockerau_full_6000_1,S2B_MSIL2A_20230614T095559_R122_T33UWP_20230614T142248,100,,0.0,0.0,0.027777777777777776,70.80555555555556,29.055555555555557,0.0,0.1111111111111111,0.0,0.0,0.0,0.0,3600,0,0.0,6000.0,6000.0,0.8448512554168701,0.0,,0.0,0.0,0.01111111111111111,0.545555555555552,-0.571111111111108,0.0,0.01444444444444444,0.0,0.0,0.0,0.0,0.0,0.571111111111108,6000.0
11792,stockerau_full_6000_1,S2B_MSIL2A_20230614T095559_R122_T33UWP_20230614T142248,200,,0.0,0.0,0.0,70.88888888888889,29.11111111111111,0.0,0.0,0.0,0.0,0.0,0.0,900,0,0.0,6000.0,6000.0,0.8245158195495605,0.0,,0.0,0.0,-0.016666666666666666,0.6288888888888806,-0.5155555555555544,0.0,-0.09666666666666666,0.0,0.0,0.0,0.0,0.0,0.6288888888888806,6000.0
11805,stockerau_full_6000_1,S2B_MSIL2A_20230614T095559_R122_T33UWP_20230614T142248,500,,0.0,0.0,0.0,72.91666666666667,27.083333333333332,0.0,0.0,0.0,0.0,0.0,0.0,144,0,0.0,6000.0,6000.0,0.768388032913208,0.0,,0.0,0.0,-0.016666666666666666,2.6566666666666663,-2.543333333333333,0.0,-0.09666666666666666,0.0,0.0,0.0,0.0,0.0,2.6566666666666663,6000.0
11818,stockerau_full_6000_1,S2B_MSIL2A_20230614T095559_R122_T33UWP_20230614T142248,1000,,0.0,0.0,0.0,72.22222222222223,27.77777777777778,0.0,0.0,0.0,0.0,0.0,0.0,36,0,0.0,6000.0,6000.0,0.9025838375091553,0.0,,0.0,0.0,-0.016666666666666666,1.9622222222222234,-1.8488888888888866,0.0,-0.09666666666666666,0.0,0.0,0.0,0.0,0.0,1.9622222222222234,6000.0
11756,stockerau_full_6000_1,S2B_MSIL2A_20230621T094549_R079_T33UWP_20230621T143955,20,,0.0,0.0,0.0,70.17444444444445,17.38888888888889,0.0,0.07222222222222222,0.006666666666666667,0.0044444444444444444,12.353333333333333,0.0,90000,0,0.0,6000.0,6000.0,0.894740104675293,12.364444444444445,,0.0,0.0,0.0,0.0,0.0,0.0,0.0,0.0,0.0,0.0,0.0,0.0,0.0,6000.0
11769,stockerau_full_6000_1,S2B_MSIL2A_20230621T094549_R079_T33UWP_20230621T143955,50,,0.0,0.0,0.0,70.54861111111111,16.9375,0.0,0.05555555555555555,0.013888888888888888,0.006944444444444444,12.4375,0.0,14400,0,0.0,6000.0,6000.0,0.94370436668396,12.458333333333334,,0.0,0.0,0.0,0.3741666666666674,-0.4513888888888893,0.0,-0.016666666666666663,0.007222222222222221,0.0024999999999999996,0.0841666666666665,0.0,0.09388888888888935,0.4513888888888893,6000.0
11782,stockerau_full_6000_1,S2B_MSIL2A_20230621T094549_R079_T33UWP_20230621T143955,100,,0.0,0.0,0.0,69.80555555555556,17.36111111111111,0.0,0.1111111111111111,0.05555555555555555,0.0,12.666666666666666,0.0,3600,0,0.0,6000.0,6000.0,0.8448512554168701,12.722222222222221,,0.0,0.0,0.0,-0.3688888888888897,-0.027777777777778567,0.0,0.03888888888888889,0.048888888888888885,-0.0044444444444444444,0.3133333333333326,0.0,0.35777777777777686,0.3688888888888897,6000.0
11795,stockerau_full_6000_1,S2B_MSIL2A_20230621T094549_R079_T33UWP_20230621T143955,200,,0.0,0.0,0.0,68.88888888888889,17.666666666666668,0.0,0.0,0.0,0.0,13.444444444444445,0.0,900,0,0.0,6000.0,6000.0,0.8245158195495605,13.444444444444445,,0.0,0.0,0.0,-1.2855555555555611,0.27777777777777857,0.0,-0.07222222222222222,-0.006666666666666667,-0.0044444444444444444,1.0911111111111111,0.0,1.08,1.2855555555555611,6000.0
11808,stockerau_full_6000_1,S2B_MSIL2A_20230621T094549_R079_T33UWP_20230621T143955,500,,0.0,0.0,0.0,70.13888888888889,16.666666666666668,0.0,0.0,0.6944444444444444,0.0,12.5,0.0,144,0,0.0,6000.0,6000.0,0.768388032913208,13.194444444444445,,0.0,0.0,0.0,-0.035555555555561114,-0.7222222222222214,0.0,-0.07222222222222222,0.6877777777777777,-0.0044444444444444444,0.1466666666666665,0.0,0.8300000000000001,0.8300000000000001,6000.0
11821,stockerau_full_6000_1,S2B_MSIL2A_20230621T094549_R079_T33UWP_20230621T143955,1000,,0.0,0.0,0.0,69.44444444444444,16.666666666666668,0.0,0.0,0.0,0.0,13.88888888888889,0.0,36,0,0.0,6000.0,6000.0,0.9025838375091553,13.88888888888889,,0.0,0.0,0.0,-0.730000000000004,-0.7222222222222214,0.0,-0.07222222222222222,-0.006666666666666667,-0.0044444444444444444,1.5355555555555558,0.0,1.5244444444444447,1.5244444444444447,6000.0
11757,stockerau_full_6000_1,S2B_MSIL2A_20230624T095559_R122_T33UWP_20230624T142946,20,,0.0,0.0,0.0,0.0,0.0,0.0,0.0,2.2355555555555555,97.76444444444445,0.0,0.0,90000,0,0.0,6000.0,6000.0,0.894740104675293,100.0,,0.0,0.0,0.0,0.0,0.0,0.0,0.0,0.0,0.0,0.0,0.0,0.0,0.0,6000.0
11770,stockerau_full_6000_1,S2B_MSIL2A_20230624T095559_R122_T33UWP_20230624T142946,50,,0.0,0.0,0.0,0.0,0.0,0.0,0.0,2.1597222222222223,97.84027777777777,0.0,0.0,14400,0,0.0,6000.0,6000.0,0.94370436668396,100.0,,0.0,0.0,0.0,0.0,0.0,0.0,0.0,-0.0758333333333332,0.0758333333333212,0.0,0.0,0.0,0.0,6000.0
11783,stockerau_full_6000_1,S2B_MSIL2A_20230624T095559_R122_T33UWP_20230624T142946,100,,0.0,0.0,0.0,0.0,0.0,0.0,0.0,2.111111111111111,97.88888888888889,0.0,0.0,3600,0,0.0,6000.0,6000.0,0.8448512554168701,100.0,,0.0,0.0,0.0,0.0,0.0,0.0,0.0,-0.12444444444444436,0.12444444444443548,0.0,0.0,0.0,0.0,6000.0
11796,stockerau_full_6000_1,S2B_MSIL2A_20230624T095559_R122_T33UWP_20230624T142946,200,,0.0,0.0,0.0,0.0,0.0,0.0,0.0,2.6666666666666665,97.33333333333333,0.0,0.0,900,0,0.0,6000.0,6000.0,0.8245158195495605,100.0,,0.0,0.0,0.0,0.0,0.0,0.0,0.0,0.431111111111111,-0.43111111111112166,0.0,0.0,0.0,0.0,6000.0
11809,stockerau_full_6000_1,S2B_MSIL2A_20230624T095559_R122_T33UWP_20230624T142946,500,,0.0,0.0,0.0,0.0,0.0,0.0,0.0,1.3888888888888888,98.61111111111111,0.0,0.0,144,0,0.0,6000.0,6000.0,0.768388032913208,100.0,,0.0,0.0,0.0,0.0,0.0,0.0,0.0,-0.8466666666666667,0.846666666666664,0.0,0.0,0.0,0.0,6000.0
11822,stockerau_full_6000_1,S2B_MSIL2A_20230624T095559_R122_T33UWP_20230624T142946,1000,,0.0,0.0,0.0,0.0,0.0,0.0,0.0,2.7777777777777777,97.22222222222223,0.0,0.0,36,0,0.0,6000.0,6000.0,0.9025838375091553,100.0,,0.0,0.0,0.0,0.0,0.0,0.0,0.0,0.5422222222222222,-0.5422222222222217,0.0,0.0,0.0,0.0,6000.0
11760,stockerau_full_6000_1,S2B_MSIL2A_20230701T094549_R079_T33UWP_20230701T152448,20,,0.0,0.0,0.0,0.0,0.0,0.0,0.0,0.0,100.0,0.0,0.0,90000,0,0.0,6000.0,6000.0,0.894740104675293,100.0,,0.0,0.0,0.0,0.0,0.0,0.0,0.0,0.0,0.0,0.0,0.0,0.0,0.0,6000.0
11773,stockerau_full_6000_1,S2B_MSIL2A_20230701T094549_R079_T33UWP_20230701T152448,50,,0.0,0.0,0.0,0.0,0.0,0.0,0.0,0.0,100.0,0.0,0.0,14400,0,0.0,6000.0,6000.0,0.94370436668396,100.0,,0.0,0.0,0.0,0.0,0.0,0.0,0.0,0.0,0.0,0.0,0.0,0.0,0.0,6000.0
11786,stockerau_full_6000_1,S2B_MSIL2A_20230701T094549_R079_T33UWP_20230701T152448,100,,0.0,0.0,0.0,0.0,0.0,0.0,0.0,0.0,100.0,0.0,0.0,3600,0,0.0,6000.0,6000.0,0.8448512554168701,100.0,,0.0,0.0,0.0,0.0,0.0,0.0,0.0,0.0,0.0,0.0,0.0,0.0,0.0,6000.0
11799,stockerau_full_6000_1,S2B_MSIL2A_20230701T094549_R079_T33UWP_20230701T152448,200,,0.0,0.0,0.0,0.0,0.0,0.0,0.0,0.0,100.0,0.0,0.0,900,0,0.0,6000.0,6000.0,0.8245158195495605,100.0,,0.0,0.0,0.0,0.0,0.0,0.0,0.0,0.0,0.0,0.0,0.0,0.0,0.0,6000.0
11812,stockerau_full_6000_1,S2B_MSIL2A_20230701T094549_R079_T33UWP_20230701T152448,500,,0.0,0.0,0.0,0.0,0.0,0.0,0.0,0.0,100.0,0.0,0.0,144,0,0.0,6000.0,6000.0,0.768388032913208,100.0,,0.0,0.0,0.0,0.0,0.0,0.0,0.0,0.0,0.0,0.0,0.0,0.0,0.0,6000.0
11825,stockerau_full_6000_1,S2B_MSIL2A_20230701T094549_R079_T33UWP_20230701T152448,1000,,0.0,0.0,0.0,0.0,0.0,0.0,0.0,0.0,100.0,0.0,0.0,36,0,0.0,6000.0,6000.0,0.9025838375091553,100.0,,0.0,0.0,0.0,0.0,0.0,0.0,0.0,0.0,0.0,0.0,0.0,0.0,0.0,6000.0
11828,stockerau_full_6000_2,S2A_MSIL2A_20230606T095031_R079_T33UWP_20230606T162616,20,,0.0,0.0,0.0,0.0,0.0,0.0,0.03888888888888889,4.582222222222223,95.3788888888889,0.0,0.0,90000,0,0.0,6000.000000000349,6000.0,0.8117091655731201,99.96111111111112,,0.0,0.0,0.0,0.0,0.0,0.0,0.0,0.0,0.0,0.0,0.0,0.0,0.0,6000.0
11841,stockerau_full_6000_2,S2A_MSIL2A_20230606T095031_R079_T33UWP_20230606T162616,50,,0.0,0.0,0.0,0.0,0.0,0.0,0.04861111111111111,4.756944444444445,95.19444444444444,0.0,0.0,14400,0,0.0,6000.000000000349,6000.0,0.823279619216919,99.95138888888889,,0.0,0.0,0.0,0.0,0.0,0.0,0.009722222222222222,0.174722222222222,-0.18444444444445196,0.0,0.0,-0.009722222222237065,0.009722222222237065,6000.0
11854,stockerau_full_6000_2,S2A_MSIL2A_20230606T095031_R079_T33UWP_20230606T162616,100,,0.0,0.0,0.0,0.0,0.0,0.0,0.05555555555555555,4.916666666666667,95.02777777777777,0.0,0.0,3600,0,0.0,6000.000000000349,6000.0,1.0132970809936523,99.94444444444444,,0.0,0.0,0.0,0.0,0.0,0.0,0.016666666666666663,0.3344444444444443,-0.35111111111112336,0.0,0.0,-0.01666666666667993,0.01666666666667993,6000.0
11867,stockerau_full_6000_2,S2A_MSIL2A_20230606T095031_R079_T33UWP_20230606T162616,200,,0.0,0.0,0.0,0.0,0.0,0.0,0.1111111111111111,5.222222222222222,94.66666666666667,0.0,0.0,900,0,0.0,6000.000000000349,6000.0,0.8452346324920654,99.8888888888889,,0.0,0.0,0.0,0.0,0.0,0.0,0.07222222222222222,0.6399999999999997,-0.7122222222222234,0.0,0.0,-0.07222222222222285,0.07222222222222285,6000.0
11880,stockerau_full_6000_2,S2A_MSIL2A_20230606T095031_R079_T33UWP_20230606T162616,500,,0.0,0.0,0.0,0.0,0.0,0.0,0.0,6.25,93.75,0.0,0.0,144,0,0.0,6000.000000000349,6000.0,0.7727653980255127,100.0,,0.0,0.0,0.0,0.0,0.0,0.0,-0.03888888888888889,1.6677777777777774,-1.6288888888888948,0.0,0.0,0.038888888888877204,0.03888888888888889,6000.0
11893,stockerau_full_6000_2,S2A_MSIL2A_20230606T095031_R079_T33UWP_20230606T162616,1000,,0.0,0.0,0.0,0.0,0.0,0.0,2.7777777777777777,8.333333333333334,88.88888888888889,0.0,0.0,36,0,0.0,6000.000000000349,6000.0,0.7649686336517334,97.22222222222221,,0.0,0.0,0.0,0.0,0.0,0.0,2.738888888888889,3.7511111111111113,-6.490000000000009,0.0,0.0,-2.7388888888889085,2.7388888888889085,6000.0
11829,stockerau_full_6000_2,S2A_MSIL2A_20230609T100031_R122_T33UWP_20230609T173715,20,,0.0,0.0,0.0,0.0,0.0,0.0,0.0,8.37111111111111,91.50666666666666,0.12222222222222222,0.0,90000,0,0.0,6000.000000000349,6000.0,0.8117091655731201,99.99999999999999,,0.0,0.0,0.0,0.0,0.0,0.0,0.0,0.0,0.0,0.0,0.0,0.0,0.0,6000.0
11842,stockerau_full_6000_2,S2A_MSIL2A_20230609T100031_R122_T33UWP_20230609T173715,50,,0.0,0.0,0.0,0.0,0.0,0.0,0.0,8.319444444444445,91.56944444444444,0.1111111111111111,0.0,14400,0,0.0,6000.000000000349,6000.0,0.823279619216919,100.0,,0.0,0.0,0.0,0.0,0.0,0.0,0.0,-0.05166666666666586,0.06277777777778226,-0.011111111111111113,0.0,1.4210854715202004e-14,1.4210854715202004e-14,6000.0
11855,stockerau_full_6000_2,S2A_MSIL2A_20230609T100031_R122_T33UWP_20230609T173715,100,,0.0,0.0,0.0,0.0,0.0,0.0,0.0,8.11111111111111,91.75,0.1388888888888889,0.0,3600,0,0.0,6000.000000000349,6000.0,1.0132970809936523,100.0,,0.0,0.0,0.0,0.0,0.0,0.0,0.0,-0.2599999999999998,0.2433333333333394,0.016666666666666677,0.0,1.4210854715202004e-14,1.4210854715202004e-14,6000.0
11868,stockerau_full_6000_2,S2A_MSIL2A_20230609T100031_R122_T33UWP_20230609T173715,200,,0.0,0.0,0.0,0.0,0.0,0.0,0.0,8.11111111111111,91.77777777777777,0.1111111111111111,0.0,900,0,0.0,6000.000000000349,6000.0,0.8452346324920654,100.0,,0.0,0.0,0.0,0.0,0.0,0.0,0.0,-0.2599999999999998,0.27111111111111086,-0.011111111111111113,0.0,1.4210854715202004e-14,1.4210854715202004e-14,6000.0
11881,stockerau_full_6000_2,S2A_MSIL2A_20230609T100031_R122_T33UWP_20230609T173715,500,,0.0,0.0,0.0,0.0,0.0,0.0,0.0,5.555555555555555,93.75,0.6944444444444444,0.0,144,0,0.0,6000.000000000349,6000.0,0.7727653980255127,100.0,,0.0,0.0,0.0,0.0,0.0,0.0,0.0,-2.815555555555555,2.2433333333333394,0.5722222222222222,0.0,1.4210854715202004e-14,1.4210854715202004e-14,6000.0
11894,stockerau_full_6000_2,S2A_MSIL2A_20230609T100031_R122_T33UWP_20230609T173715,1000,,0.0,0.0,0.0,0.0,0.0,0.0,0.0,0.0,100.0,0.0,0.0,36,0,0.0,6000.000000000349,6000.0,0.7649686336517334,100.0,,0.0,0.0,0.0,0.0,0.0,0.0,0.0,-8.37111111111111,8.49333333333334,-0.12222222222222222,0.0,1.4210854715202004e-14,1.4210854715202004e-14,6000.0
11832,stockerau_full_6000_2,S2A_MSIL2A_20230616T095031_R079_T33UWP_20230616T172735,20,,0.0,0.0,6.848888888888889,24.85,13.331111111111111,0.0,0.6022222222222222,14.314444444444444,38.42444444444445,1.6288888888888888,0.0,90000,0,0.0,6000.000000000349,6000.0,0.8117091655731201,54.36777777777778,,0.0,0.0,0.0,0.0,0.0,0.0,0.0,0.0,0.0,0.0,0.0,0.0,0.0,6000.0
11845,stockerau_full_6000_2,S2A_MSIL2A_20230616T095031_R079_T33UWP_20230616T172735,50,,0.0,0.0,6.833333333333333,25.166666666666668,13.520833333333334,0.0,0.5972222222222222,14.1875,38.05555555555556,1.6388888888888888,0.0,14400,0,0.0,6000.000000000349,6000.0,0.823279619216919,53.88194444444444,,0.0,0.0,-0.01555555555555621,0.31666666666666643,0.18972222222222257,0.0,-0.0050000000000000044,-0.12694444444444386,-0.3688888888888897,0.010000000000000009,0.0,-0.4858333333333391,0.4858333333333391,6000.0
11858,stockerau_full_6000_2,S2A_MSIL2A_20230616T095031_R079_T33UWP_20230616T172735,100,,0.0,0.0,6.888888888888889,25.22222222222222,14.25,0.0,0.5833333333333334,14.305555555555555,37.111111111111114,1.6388888888888888,0.0,3600,0,0.0,6000.000000000349,6000.0,1.0132970809936523,53.05555555555556,,0.0,0.0,0.040000000000000036,0.37222222222222,0.9188888888888886,0.0,-0.018888888888888844,-0.008888888888888502,-1.3133333333333326,0.010000000000000009,0.0,-1.3122222222222248,1.3122222222222248,6000.0
11871,stockerau_full_6000_2,S2A_MSIL2A_20230616T095031_R079_T33UWP_20230616T172735,200,,0.0,0.0,7.111111111111111,26.444444444444443,15.0,0.0,0.4444444444444444,13.222222222222221,36.0,1.7777777777777777,0.0,900,0,0.0,6000.000000000349,6000.0,0.8452346324920654,51.0,,0.0,0.0,0.26222222222222147,1.5944444444444414,1.6688888888888886,0.0,-0.1577777777777778,-1.0922222222222224,-2.424444444444447,0.14888888888888885,0.0,-3.367777777777782,3.367777777777782,6000.0
11884,stockerau_full_6000_2,S2A_MSIL2A_20230616T095031_R079_T33UWP_20230616T172735,500,,0.0,0.0,7.638888888888889,27.083333333333332,15.972222222222221,0.0,0.6944444444444444,14.583333333333334,33.333333333333336,0.6944444444444444,0.0,144,0,0.0,6000.000000000349,6000.0,0.7727653980255127,48.611111111111114,,0.0,0.0,0.79,2.2333333333333307,2.64111111111111,0.0,0.0922222222222222,0.26888888888889007,-5.091111111111111,-0.9344444444444444,0.0,-5.756666666666668,5.756666666666668,6000.0
11897,stockerau_full_6000_2,S2A_MSIL2A_20230616T095031_R079_T33UWP_20230616T172735,1000,,0.0,0.0,8.333333333333334,33.333333333333336,22.22222222222222,0.0,0.0,13.88888888888889,22.22222222222222,0.0,0.0,36,0,0.0,6000.000000000349,6000.0,0.7649686336517334,36.111111111111114,,0.0,0.0,1.4844444444444447,8.483333333333334,8.89111111111111,0.0,-0.6022222222222222,-0.4255555555555546,-16.202222222222225,-1.6288888888888888,0.0,-18.256666666666668,18.256666666666668,6000.0
11833,stockerau_full_6000_2,S2A_MSIL2A_20230619T100031_R122_T33UWP_20230619T172742,20,,0.0,0.0,0.0,72.50222222222222,15.275555555555556,0.0,0.18555555555555556,0.005555555555555556,0.0011111111111111111,12.03,0.0,90000,0,0.0,6000.000000000349,6000.0,0.8117091655731201,12.036666666666665,,0.0,0.0,0.0,0.0,0.0,0.0,0.0,0.0,0.0,0.0,0.0,0.0,0.0,6000.0
11846,stockerau_full_6000_2,S2A_MSIL2A_20230619T100031_R122_T33UWP_20230619T172742,50,,0.0,0.0,0.0,72.71527777777777,15.215277777777779,0.0,0.1875,0.013888888888888888,0.006944444444444444,11.86111111111111,0.0,14400,0,0.0,6000.000000000349,6000.0,0.823279619216919,11.881944444444445,,0.0,0.0,0.0,0.213055555555556,-0.06027777777777743,0.0,0.001944444444444443,0.008333333333333331,0.005833333333333333,-0.16888888888888864,0.0,-0.15472222222222065,0.213055555555556,6000.0
11859,stockerau_full_6000_2,S2A_MSIL2A_20230619T100031_R122_T33UWP_20230619T172742,100,,0.0,0.0,0.0,72.80555555555556,15.666666666666666,0.0,0.16666666666666666,0.0,0.0,11.36111111111111,0.0,3600,0,0.0,6000.000000000349,6000.0,1.0132970809936523,11.36111111111111,,0.0,0.0,0.0,0.30333333333334167,0.3911111111111101,0.0,-0.0188888888888889,-0.005555555555555556,-0.0011111111111111111,-0.6688888888888886,0.0,-0.6755555555555546,0.6755555555555546,6000.0
11872,stockerau_full_6000_2,S2A_MSIL2A_20230619T100031_R122_T33UWP_20230619T172742,200,,0.0,0.0,0.0,73.44444444444444,16.333333333333332,0.0,0.1111111111111111,0.0,0.0,10.11111111111111,0.0,900,0,0.0,6000.000000000349,6000.0,0.8452346324920654,10.11111111111111,,0.0,0.0,0.0,0.9422222222222274,1.0577777777777762,0.0,-0.07444444444444445,-0.005555555555555556,-0.0011111111111111111,-1.9188888888888886,0.0,-1.9255555555555546,1.9255555555555546,6000.0
11885,stockerau_full_6000_2,S2A_MSIL2A_20230619T100031_R122_T33UWP_20230619T172742,500,,0.0,0.0,0.0,75.69444444444444,14.583333333333334,0.0,0.0,0.0,0.0,9.722222222222221,0.0,144,0,0.0,6000.000000000349,6000.0,0.7727653980255127,9.722222222222221,,0.0,0.0,0.0,3.1922222222222274,-0.6922222222222221,0.0,-0.18555555555555556,-0.005555555555555556,-0.0011111111111111111,-2.307777777777778,0.0,-2.314444444444444,3.1922222222222274,6000.0
11898,stockerau_full_6000_2,S2A_MSIL2A_20230619T100031_R122_T33UWP_20230619T172742,1000,,0.0,0.0,0.0,80.55555555555556,8.333333333333334,0.0,0.0,0.0,0.0,11.11111111111111,0.0,36,0,0.0,6000.000000000349,6000.0,0.7649686336517334,11.11111111111111,,0.0,0.0,0.0,8.053333333333342,-6.942222222222222,0.0,-0.18555555555555556,-0.005555555555555556,-0.0011111111111111111,-0.9188888888888886,0.0,-0.9255555555555546,8.053333333333342,6000.0
11836,stockerau_full_6000_2,S2A_MSIL2A_20230626T095031_R079_T33UWP_20230626T161132,20,,0.0,0.0,0.0,89.35222222222222,10.647777777777778,0.0,0.0,0.0,0.0,0.0,0.0,90000,0,0.0,6000.000000000349,6000.0,0.8117091655731201,0.0,,0.0,0.0,0.0,0.0,0.0,0.0,0.0,0.0,0.0,0.0,0.0,0.0,0.0,6000.0
11849,stockerau_full_6000_2,S2A_MSIL2A_20230626T095031_R079_T33UWP_20230626T161132,50,,0.0,0.0,0.0,89.4375,10.5625,0.0,0.0,0.0,0.0,0.0,0.0,14400,0,0.0,6000.000000000349,6000.0,0.823279619216919,0.0,,0.0,0.0,0.0,0.08527777777777601,-0.08527777777777779,0.0,0.0,0.0,0.0,0.0,0.0,0.0,0.08527777777777779,6000.0
11862,stockerau_full_6000_2,S2A_MSIL2A_20230626T095031_R079_T33UWP_20230626T161132,100,,0.0,0.0,0.0,89.02777777777777,10.972222222222221,0.0,0.0,0.0,0.0,0.0,0.0,3600,0,0.0,6000.000000000349,6000.0,1.0132970809936523,0.0,,0.0,0.0,0.0,-0.32444444444445253,0.32444444444444365,0.0,0.0,0.0,0.0,0.0,0.0,0.0,0.32444444444445253,6000.0
11875,stockerau_full_6000_2,S2A_MSIL2A_20230626T095031_R079_T33UWP_20230626T161132,200,,0.0,0.0,0.0,89.0,11.0,0.0,0.0,0.0,0.0,0.0,0.0,900,0,0.0,6000.000000000349,6000.0,0.8452346324920654,0.0,,0.0,0.0,0.0,-0.352222222222224,0.3522222222222222,0.0,0.0,0.0,0.0,0.0,0.0,0.0,0.352222222222224,6000.0
11888,stockerau_full_6000_2,S2A_MSIL2A_20230626T095031_R079_T33UWP_20230626T161132,500,,0.0,0.0,0.0,86.80555555555556,13.194444444444445,0.0,0.0,0.0,0.0,0.0,0.0,144,0,0.0,6000.000000000349,6000.0,0.7727653980255127,0.0,,0.0,0.0,0.0,-2.546666666666667,2.546666666666667,0.0,0.0,0.0,0.0,0.0,0.0,0.0,2.546666666666667,6000.0
11901,stockerau_full_6000_2,S2A_MSIL2A_20230626T095031_R079_T33UWP_20230626T161132,1000,,0.0,0.0,0.0,94.44444444444444,5.555555555555555,0.0,0.0,0.0,0.0,0.0,0.0,36,0,0.0,6000.000000000349,6000.0,0.7649686336517334,0.0,,0.0,0.0,0.0,5.092222222222219,-5.092222222222222,0.0,0.0,0.0,0.0,0.0,0.0,0.0,5.092222222222222,6000.0
11837,stockerau_full_6000_2,S2A_MSIL2A_20230629T100031_R122_T33UWP_20230629T191411,20,,0.0,0.0,10.09,76.87222222222222,7.68,0.0,0.3288888888888889,3.9166666666666665,1.1122222222222222,0.0,0.0,90000,0,0.0,6000.000000000349,6000.0,0.8117091655731201,5.028888888888889,,0.0,0.0,0.0,0.0,0.0,0.0,0.0,0.0,0.0,0.0,0.0,0.0,0.0,6000.0
11850,stockerau_full_6000_2,S2A_MSIL2A_20230629T100031_R122_T33UWP_20230629T191411,50,,0.0,0.0,10.090277777777779,76.67361111111111,7.819444444444445,0.0,0.3194444444444444,3.9791666666666665,1.1180555555555556,0.0,0.0,14400,0,0.0,6000.000000000349,6000.0,0.823279619216919,5.097222222222222,,0.0,0.0,0.0002777777777787094,-0.19861111111110574,0.13944444444444493,0.0,-0.009444444444444478,0.0625,0.005833333333333357,0.0,0.0,0.06833333333333336,0.19861111111110574,6000.0
11863,stockerau_full_6000_2,S2A_MSIL2A_20230629T100031_R122_T33UWP_20230629T191411,100,,0.0,0.0,10.527777777777779,76.30555555555556,7.75,0.0,0.2777777777777778,4.055555555555555,1.0833333333333333,0.0,0.0,3600,0,0.0,6000.000000000349,6000.0,1.0132970809936523,5.138888888888888,,0.0,0.0,0.4377777777777787,-0.5666666666666629,0.07000000000000028,0.0,-0.05111111111111111,0.13888888888888884,-0.028888888888888964,0.0,0.0,0.10999999999999943,0.5666666666666629,6000.0
11876,stockerau_full_6000_2,S2A_MSIL2A_20230629T100031_R122_T33UWP_20230629T191411,200,,0.0,0.0,11.11111111111111,75.66666666666667,7.222222222222222,0.0,0.2222222222222222,4.555555555555555,1.2222222222222223,0.0,0.0,900,0,0.0,6000.000000000349,6000.0,0.8452346324920654,5.777777777777778,,0.0,0.0,1.0211111111111109,-1.2055555555555486,-0.4577777777777774,0.0,-0.10666666666666669,0.6388888888888888,0.1100000000000001,0.0,0.0,0.7488888888888887,1.2055555555555486,6000.0
11889,stockerau_full_6000_2,S2A_MSIL2A_20230629T100031_R122_T33UWP_20230629T191411,500,,0.0,0.0,11.11111111111111,73.61111111111111,9.027777777777779,0.0,0.0,4.166666666666667,2.0833333333333335,0.0,0.0,144,0,0.0,6000.000000000349,6000.0,0.7727653980255127,6.25,,0.0,0.0,1.0211111111111109,-3.2611111111111057,1.3477777777777789,0.0,-0.3288888888888889,0.25000000000000044,0.9711111111111113,0.0,0.0,1.221111111111111,3.2611111111111057,6000.0
11902,stockerau_full_6000_2,S2A_MSIL2A_20230629T100031_R122_T33UWP_20230629T191411,1000,,0.0,0.0,11.11111111111111,80.55555555555556,0.0,0.0,0.0,8.333333333333334,0.0,0.0,0.0,36,0,0.0,6000.000000000349,6000.0,0.7649686336517334,8.333333333333334,,0.0,0.0,1.0211111111111109,3.683333333333337,-7.68,0.0,-0.3288888888888889,4.416666666666668,-1.1122222222222222,0.0,0.0,3.304444444444445,7.68,6000.0
11826,stockerau_full_6000_2,S2B_MSIL2A_20230601T094549_R079_T33UWP_20230601T163321,20,,0.0,0.0,0.0,63.56777777777778,36.43222222222222,0.0,0.0,0.0,0.0,0.0,0.0,90000,0,0.0,6000.000000000349,6000.0,0.8117091655731201,0.0,,0.0,0.0,0.0,0.0,0.0,0.0,0.0,0.0,0.0,0.0,0.0,0.0,0.0,6000.0
11839,stockerau_full_6000_2,S2B_MSIL2A_20230601T094549_R079_T33UWP_20230601T163321,50,,0.0,0.0,0.0,63.44444444444444,36.55555555555556,0.0,0.0,0.0,0.0,0.0,0.0,14400,0,0.0,6000.000000000349,6000.0,0.823279619216919,0.0,,0.0,0.0,0.0,-0.12333333333333485,0.12333333333333485,0.0,0.0,0.0,0.0,0.0,0.0,0.0,0.12333333333333485,6000.0
11852,stockerau_full_6000_2,S2B_MSIL2A_20230601T094549_R079_T33UWP_20230601T163321,100,,0.0,0.0,0.0,62.861111111111114,37.138888888888886,0.0,0.0,0.0,0.0,0.0,0.0,3600,0,0.0,6000.000000000349,6000.0,1.0132970809936523,0.0,,0.0,0.0,0.0,-0.7066666666666634,0.7066666666666634,0.0,0.0,0.0,0.0,0.0,0.0,0.0,0.7066666666666634,6000.0
11865,stockerau_full_6000_2,S2B_MSIL2A_20230601T094549_R079_T33UWP_20230601T163321,200,,0.0,0.0,0.0,62.77777777777778,37.22222222222222,0.0,0.0,0.0,0.0,0.0,0.0,900,0,0.0,6000.000000000349,6000.0,0.8452346324920654,0.0,,0.0,0.0,0.0,-0.7899999999999991,0.7899999999999991,0.0,0.0,0.0,0.0,0.0,0.0,0.0,0.7899999999999991,6000.0
11878,stockerau_full_6000_2,S2B_MSIL2A_20230601T094549_R079_T33UWP_20230601T163321,500,,0.0,0.0,0.0,61.111111111111114,38.888888888888886,0.0,0.0,0.0,0.0,0.0,0.0,144,0,0.0,6000.000000000349,6000.0,0.7727653980255127,0.0,,0.0,0.0,0.0,-2.4566666666666634,2.4566666666666634,0.0,0.0,0.0,0.0,0.0,0.0,0.0,2.4566666666666634,6000.0
11891,stockerau_full_6000_2,S2B_MSIL2A_20230601T094549_R079_T33UWP_20230601T163321,1000,,0.0,0.0,0.0,63.888888888888886,36.111111111111114,0.0,0.0,0.0,0.0,0.0,0.0,36,0,0.0,6000.000000000349,6000.0,0.7649686336517334,0.0,,0.0,0.0,0.0,0.321111111111108,-0.321111111111108,0.0,0.0,0.0,0.0,0.0,0.0,0.0,0.321111111111108,6000.0
11827,stockerau_full_6000_2,S2B_MSIL2A_20230604T095559_R122_T33UWP_20230604T174403,20,,0.0,0.0,0.0033333333333333335,60.56,33.48111111111111,0.0,0.006666666666666667,0.014444444444444444,0.0033333333333333335,5.931111111111111,0.0,90000,0,0.0,6000.000000000349,6000.0,0.8117091655731201,5.948888888888889,,0.0,0.0,0.0,0.0,0.0,0.0,0.0,0.0,0.0,0.0,0.0,0.0,0.0,6000.0
11840,stockerau_full_6000_2,S2B_MSIL2A_20230604T095559_R122_T33UWP_20230604T174403,50,,0.0,0.0,0.006944444444444444,60.763888888888886,33.423611111111114,0.0,0.0,0.013888888888888888,0.0,5.791666666666667,0.0,14400,0,0.0,6000.000000000349,6000.0,0.823279619216919,5.805555555555556,,0.0,0.0,0.0036111111111111105,0.20388888888888346,-0.05749999999999744,0.0,-0.006666666666666667,-0.0005555555555555557,-0.0033333333333333335,-0.13944444444444404,0.0,-0.14333333333333265,0.20388888888888346,6000.0
11853,stockerau_full_6000_2,S2B_MSIL2A_20230604T095559_R122_T33UWP_20230604T174403,100,,0.0,0.0,0.0,59.94444444444444,34.138888888888886,0.0,0.0,0.05555555555555555,0.0,5.861111111111111,0.0,3600,0,0.0,6000.000000000349,6000.0,1.0132970809936523,5.916666666666666,,0.0,0.0,-0.0033333333333333335,-0.6155555555555594,0.657777777777774,0.0,-0.006666666666666667,0.04111111111111111,-0.0033333333333333335,-0.07000000000000028,0.0,-0.03222222222222282,0.657777777777774,6000.0
11866,stockerau_full_6000_2,S2B_MSIL2A_20230604T095559_R122_T33UWP_20230604T174403,200,,0.0,0.0,0.0,60.111111111111114,34.22222222222222,0.0,0.0,0.0,0.0,5.666666666666667,0.0,900,0,0.0,6000.000000000349,6000.0,0.8452346324920654,5.666666666666667,,0.0,0.0,-0.0033333333333333335,-0.448888888888888,0.7411111111111097,0.0,-0.006666666666666667,-0.014444444444444444,-0.0033333333333333335,-0.26444444444444404,0.0,-0.28222222222222193,0.7411111111111097,6000.0
11879,stockerau_full_6000_2,S2B_MSIL2A_20230604T095559_R122_T33UWP_20230604T174403,500,,0.0,0.0,0.0,56.25,37.5,0.0,0.0,0.0,0.0,6.25,0.0,144,0,0.0,6000.000000000349,6000.0,0.7727653980255127,6.25,,0.0,0.0,-0.0033333333333333335,-4.310000000000002,4.018888888888888,0.0,-0.006666666666666667,-0.014444444444444444,-0.0033333333333333335,0.318888888888889,0.0,0.3011111111111111,4.310000000000002,6000.0
11892,stockerau_full_6000_2,S2B_MSIL2A_20230604T095559_R122_T33UWP_20230604T174403,1000,,0.0,0.0,0.0,66.66666666666667,33.333333333333336,0.0,0.0,0.0,0.0,0.0,0.0,36,0,0.0,6000.000000000349,6000.0,0.7649686336517334,0.0,,0.0,0.0,-0.0033333333333333335,6.106666666666669,-0.147777777777776,0.0,-0.006666666666666667,-0.014444444444444444,-0.0033333333333333335,-5.931111111111111,0.0,-5.948888888888889,6.106666666666669,6000.0
11830,stockerau_full_6000_2,S2B_MSIL2A_20230611T094549_R079_T33UWP_20230611T135320,20,,0.0,0.0,0.0,0.0,0.0,0.0,0.0,1.1755555555555555,98.82444444444444,0.0,0.0,90000,0,0.0,6000.000000000349,6000.0,0.8117091655731201,100.0,,0.0,0.0,0.0,0.0,0.0,0.0,0.0,0.0,0.0,0.0,0.0,0.0,0.0,6000.0
11843,stockerau_full_6000_2,S2B_MSIL2A_20230611T094549_R079_T33UWP_20230611T135320,50,,0.0,0.0,0.0,0.0,0.0,0.0,0.0,1.125,98.875,0.0,0.0,14400,0,0.0,6000.000000000349,6000.0,0.823279619216919,100.0,,0.0,0.0,0.0,0.0,0.0,0.0,0.0,-0.050555555555555465,0.05055555555556168,0.0,0.0,0.0,0.0,6000.0
11856,stockerau_full_6000_2,S2B_MSIL2A_20230611T094549_R079_T33UWP_20230611T135320,100,,0.0,0.0,0.0,0.0,0.0,0.0,0.0,0.9444444444444444,99.05555555555556,0.0,0.0,3600,0,0.0,6000.000000000349,6000.0,1.0132970809936523,100.0,,0.0,0.0,0.0,0.0,0.0,0.0,0.0,-0.23111111111111104,0.23111111111111882,0.0,0.0,0.0,0.0,6000.0
11869,stockerau_full_6000_2,S2B_MSIL2A_20230611T094549_R079_T33UWP_20230611T135320,200,,0.0,0.0,0.0,0.0,0.0,0.0,0.0,1.1111111111111112,98.88888888888889,0.0,0.0,900,0,0.0,6000.000000000349,6000.0,0.8452346324920654,100.0,,0.0,0.0,0.0,0.0,0.0,0.0,0.0,-0.0644444444444443,0.06444444444444741,0.0,0.0,0.0,0.0,6000.0
11882,stockerau_full_6000_2,S2B_MSIL2A_20230611T094549_R079_T33UWP_20230611T135320,500,,0.0,0.0,0.0,0.0,0.0,0.0,0.0,0.6944444444444444,99.30555555555556,0.0,0.0,144,0,0.0,6000.000000000349,6000.0,0.7727653980255127,100.0,,0.0,0.0,0.0,0.0,0.0,0.0,0.0,-0.48111111111111104,0.4811111111111188,0.0,0.0,0.0,0.0,6000.0
11895,stockerau_full_6000_2,S2B_MSIL2A_20230611T094549_R079_T33UWP_20230611T135320,1000,,0.0,0.0,0.0,0.0,0.0,0.0,0.0,2.7777777777777777,97.22222222222223,0.0,0.0,36,0,0.0,6000.000000000349,6000.0,0.7649686336517334,100.0,,0.0,0.0,0.0,0.0,0.0,0.0,0.0,1.6022222222222222,-1.6022222222222098,0.0,0.0,0.0,0.0,6000.0
11831,stockerau_full_6000_2,S2B_MSIL2A_20230614T095559_R122_T33UWP_20230614T142248,20,,0.0,0.0,5.55,63.73111111111111,23.232222222222223,0.0,0.25222222222222224,5.685555555555555,1.548888888888889,0.0,0.0,90000,0,0.0,6000.000000000349,6000.0,0.8117091655731201,7.234444444444444,,0.0,0.0,0.0,0.0,0.0,0.0,0.0,0.0,0.0,0.0,0.0,0.0,0.0,6000.0
11844,stockerau_full_6000_2,S2B_MSIL2A_20230614T095559_R122_T33UWP_20230614T142248,50,,0.0,0.0,5.5625,63.576388888888886,23.375,0.0,0.2986111111111111,5.590277777777778,1.5972222222222223,0.0,0.0,14400,0,0.0,6000.000000000349,6000.0,0.823279619216919,7.1875,,0.0,0.0,0.012500000000000178,-0.15472222222222598,0.142777777777777,0.0,0.04638888888888887,-0.09527777777777757,0.04833333333333334,0.0,0.0,-0.04694444444444379,0.15472222222222598,6000.0
11857,stockerau_full_6000_2,S2B_MSIL2A_20230614T095559_R122_T33UWP_20230614T142248,100,,0.0,0.0,5.444444444444445,63.416666666666664,23.583333333333332,0.0,0.25,5.833333333333333,1.4722222222222223,0.0,0.0,3600,0,0.0,6000.000000000349,6000.0,1.0132970809936523,7.305555555555555,,0.0,0.0,-0.10555555555555518,-0.3144444444444474,0.35111111111110915,0.0,-0.0022222222222222365,0.14777777777777779,-0.07666666666666666,0.0,0.0,0.07111111111111157,0.35111111111110915,6000.0
11870,stockerau_full_6000_2,S2B_MSIL2A_20230614T095559_R122_T33UWP_20230614T142248,200,,0.0,0.0,5.333333333333333,62.333333333333336,24.666666666666668,0.0,0.2222222222222222,5.777777777777778,1.6666666666666667,0.0,0.0,900,0,0.0,6000.000000000349,6000.0,0.8452346324920654,7.444444444444445,,0.0,0.0,-0.21666666666666679,-1.397777777777776,1.4344444444444449,0.0,-0.030000000000000027,0.09222222222222243,0.11777777777777776,0.0,0.0,0.21000000000000085,1.4344444444444449,6000.0
11883,stockerau_full_6000_2,S2B_MSIL2A_20230614T095559_R122_T33UWP_20230614T142248,500,,0.0,0.0,5.555555555555555,63.19444444444444,25.0,0.0,0.6944444444444444,4.861111111111111,0.6944444444444444,0.0,0.0,144,0,0.0,6000.000000000349,6000.0,0.7727653980255127,5.555555555555555,,0.0,0.0,0.005555555555555536,-0.5366666666666688,1.767777777777777,0.0,0.4422222222222222,-0.8244444444444445,-0.8544444444444446,0.0,0.0,-1.6788888888888884,1.767777777777777,6000.0
11896,stockerau_full_6000_2,S2B_MSIL2A_20230614T095559_R122_T33UWP_20230614T142248,1000,,0.0,0.0,2.7777777777777777,69.44444444444444,19.444444444444443,0.0,0.0,5.555555555555555,2.7777777777777777,0.0,0.0,36,0,0.0,6000.000000000349,6000.0,0.7649686336517334,8.333333333333332,,0.0,0.0,-2.772222222222222,5.713333333333331,-3.78777777777778,0.0,-0.25222222222222224,-0.1299999999999999,1.2288888888888887,0.0,0.0,1.0988888888888884,5.713333333333331,6000.0
11834,stockerau_full_6000_2,S2B_MSIL2A_20230621T094549_R079_T33UWP_20230621T143955,20,,0.0,0.0,0.0,15.55,2.8177777777777777,0.0,0.0,2.312222222222222,0.006666666666666667,79.31333333333333,0.0,90000,0,0.0,6000.000000000349,6000.0,0.8117091655731201,81.63222222222223,,0.0,0.0,0.0,0.0,0.0,0.0,0.0,0.0,0.0,0.0,0.0,0.0,0.0,6000.0
11847,stockerau_full_6000_2,S2B_MSIL2A_20230621T094549_R079_T33UWP_20230621T143955,50,,0.0,0.0,0.0,15.152777777777779,2.8958333333333335,0.0,0.0,2.486111111111111,0.006944444444444444,79.45833333333333,0.0,14400,0,0.0,6000.000000000349,6000.0,0.823279619216919,81.95138888888889,,0.0,0.0,0.0,-0.39722222222222214,0.07805555555555577,0.0,0.0,0.17388888888888898,0.00027777777777777696,0.14499999999999602,0.0,0.3191666666666606,0.39722222222222214,6000.0
11860,stockerau_full_6000_2,S2B_MSIL2A_20230621T094549_R079_T33UWP_20230621T143955,100,,0.0,0.0,0.0,14.63888888888889,2.611111111111111,0.0,0.0,2.861111111111111,0.0,79.88888888888889,0.0,3600,0,0.0,6000.000000000349,6000.0,1.0132970809936523,82.75,,0.0,0.0,0.0,-0.9111111111111114,-0.20666666666666655,0.0,0.0,0.548888888888889,-0.006666666666666667,0.5755555555555532,0.0,1.1177777777777749,1.1177777777777749,6000.0
11873,stockerau_full_6000_2,S2B_MSIL2A_20230621T094549_R079_T33UWP_20230621T143955,200,,0.0,0.0,0.0,13.333333333333334,2.6666666666666665,0.0,0.0,3.6666666666666665,0.0,80.33333333333333,0.0,900,0,0.0,6000.000000000349,6000.0,0.8452346324920654,84.0,,0.0,0.0,0.0,-2.216666666666667,-0.1511111111111112,0.0,0.0,1.3544444444444443,-0.006666666666666667,1.019999999999996,0.0,2.367777777777775,2.367777777777775,6000.0
11886,stockerau_full_6000_2,S2B_MSIL2A_20230621T094549_R079_T33UWP_20230621T143955,500,,0.0,0.0,0.0,13.88888888888889,1.3888888888888888,0.0,0.0,5.555555555555555,0.0,79.16666666666667,0.0,144,0,0.0,6000.000000000349,6000.0,0.7727653980255127,84.72222222222223,,0.0,0.0,0.0,-1.6611111111111114,-1.4288888888888889,0.0,0.0,3.243333333333333,-0.006666666666666667,-0.14666666666666117,0.0,3.0900000000000034,3.0900000000000034,6000.0
11899,stockerau_full_6000_2,S2B_MSIL2A_20230621T094549_R079_T33UWP_20230621T143955,1000,,0.0,0.0,0.0,8.333333333333334,0.0,0.0,0.0,5.555555555555555,0.0,86.11111111111111,0.0,36,0,0.0,6000.000000000349,6000.0,0.7649686336517334,91.66666666666667,,0.0,0.0,0.0,-7.216666666666667,-2.8177777777777777,0.0,0.0,3.243333333333333,-0.006666666666666667,6.797777777777782,0.0,10.034444444444446,10.034444444444446,6000.0
11835,stockerau_full_6000_2,S2B_MSIL2A_20230624T095559_R122_T33UWP_20230624T142946,20,,0.0,0.0,0.0,0.0,0.0,0.0,0.0,0.0,100.0,0.0,0.0,90000,0,0.0,6000.000000000349,6000.0,0.8117091655731201,100.0,,0.0,0.0,0.0,0.0,0.0,0.0,0.0,0.0,0.0,0.0,0.0,0.0,0.0,6000.0
11848,stockerau_full_6000_2,S2B_MSIL2A_20230624T095559_R122_T33UWP_20230624T142946,50,,0.0,0.0,0.0,0.0,0.0,0.0,0.0,0.0,100.0,0.0,0.0,14400,0,0.0,6000.000000000349,6000.0,0.823279619216919,100.0,,0.0,0.0,0.0,0.0,0.0,0.0,0.0,0.0,0.0,0.0,0.0,0.0,0.0,6000.0
11861,stockerau_full_6000_2,S2B_MSIL2A_20230624T095559_R122_T33UWP_20230624T142946,100,,0.0,0.0,0.0,0.0,0.0,0.0,0.0,0.0,100.0,0.0,0.0,3600,0,0.0,6000.000000000349,6000.0,1.0132970809936523,100.0,,0.0,0.0,0.0,0.0,0.0,0.0,0.0,0.0,0.0,0.0,0.0,0.0,0.0,6000.0
11874,stockerau_full_6000_2,S2B_MSIL2A_20230624T095559_R122_T33UWP_20230624T142946,200,,0.0,0.0,0.0,0.0,0.0,0.0,0.0,0.0,100.0,0.0,0.0,900,0,0.0,6000.000000000349,6000.0,0.8452346324920654,100.0,,0.0,0.0,0.0,0.0,0.0,0.0,0.0,0.0,0.0,0.0,0.0,0.0,0.0,6000.0
11887,stockerau_full_6000_2,S2B_MSIL2A_20230624T095559_R122_T33UWP_20230624T142946,500,,0.0,0.0,0.0,0.0,0.0,0.0,0.0,0.0,100.0,0.0,0.0,144,0,0.0,6000.000000000349,6000.0,0.7727653980255127,100.0,,0.0,0.0,0.0,0.0,0.0,0.0,0.0,0.0,0.0,0.0,0.0,0.0,0.0,6000.0
11900,stockerau_full_6000_2,S2B_MSIL2A_20230624T095559_R122_T33UWP_20230624T142946,1000,,0.0,0.0,0.0,0.0,0.0,0.0,0.0,0.0,100.0,0.0,0.0,36,0,0.0,6000.000000000349,6000.0,0.7649686336517334,100.0,,0.0,0.0,0.0,0.0,0.0,0.0,0.0,0.0,0.0,0.0,0.0,0.0,0.0,6000.0
11838,stockerau_full_6000_2,S2B_MSIL2A_20230701T094549_R079_T33UWP_20230701T152448,20,,0.0,0.0,0.0,0.0,0.0,0.0,0.0,3.801111111111111,96.19888888888889,0.0,0.0,90000,0,0.0,6000.000000000349,6000.0,0.8117091655731201,100.0,,0.0,0.0,0.0,0.0,0.0,0.0,0.0,0.0,0.0,0.0,0.0,0.0,0.0,6000.0
11851,stockerau_full_6000_2,S2B_MSIL2A_20230701T094549_R079_T33UWP_20230701T152448,50,,0.0,0.0,0.0,0.0,0.0,0.0,0.0,3.6041666666666665,96.39583333333333,0.0,0.0,14400,0,0.0,6000.000000000349,6000.0,0.823279619216919,100.0,,0.0,0.0,0.0,0.0,0.0,0.0,0.0,-0.1969444444444446,0.1969444444444406,0.0,0.0,0.0,0.0,6000.0
11864,stockerau_full_6000_2,S2B_MSIL2A_20230701T094549_R079_T33UWP_20230701T152448,100,,0.0,0.0,0.0,0.0,0.0,0.0,0.0,3.388888888888889,96.61111111111111,0.0,0.0,3600,0,0.0,6000.000000000349,6000.0,1.0132970809936523,100.0,,0.0,0.0,0.0,0.0,0.0,0.0,0.0,-0.41222222222222227,0.41222222222222626,0.0,0.0,0.0,0.0,6000.0
11877,stockerau_full_6000_2,S2B_MSIL2A_20230701T094549_R079_T33UWP_20230701T152448,200,,0.0,0.0,0.0,0.0,0.0,0.0,0.0,3.6666666666666665,96.33333333333333,0.0,0.0,900,0,0.0,6000.000000000349,6000.0,0.8452346324920654,100.0,,0.0,0.0,0.0,0.0,0.0,0.0,0.0,-0.1344444444444446,0.1344444444444406,0.0,0.0,0.0,0.0,6000.0
11890,stockerau_full_6000_2,S2B_MSIL2A_20230701T094549_R079_T33UWP_20230701T152448,500,,0.0,0.0,0.0,0.0,0.0,0.0,0.0,2.7777777777777777,97.22222222222223,0.0,0.0,144,0,0.0,6000.000000000349,6000.0,0.7727653980255127,100.0,,0.0,0.0,0.0,0.0,0.0,0.0,0.0,-1.0233333333333334,1.0233333333333405,0.0,0.0,0.0,0.0,6000.0
11903,stockerau_full_6000_2,S2B_MSIL2A_20230701T094549_R079_T33UWP_20230701T152448,1000,,0.0,0.0,0.0,0.0,0.0,0.0,0.0,5.555555555555555,94.44444444444444,0.0,0.0,36,0,0.0,6000.000000000349,6000.0,0.7649686336517334,100.0,,0.0,0.0,0.0,0.0,0.0,0.0,0.0,1.7544444444444443,-1.7544444444444451,0.0,0.0,0.0,0.0,6000.0
11906,stockerau_full_6000_3,S2A_MSIL2A_20230606T095031_R079_T33UWP_20230606T162616,20,,0.0,0.0,0.0,0.0,0.0,0.0,0.0,1.8311111111111111,98.16888888888889,0.0,0.0,90000,0,0.0,6000.0,6000.000000000931,0.6406941413879395,100.0,,0.0,0.0,0.0,0.0,0.0,0.0,0.0,0.0,0.0,0.0,0.0,0.0,0.0,6000.0
11919,stockerau_full_6000_3,S2A_MSIL2A_20230606T095031_R079_T33UWP_20230606T162616,50,,0.0,0.0,0.0,0.0,0.0,0.0,0.0,1.8333333333333333,98.16666666666667,0.0,0.0,14400,0,0.0,6000.0,6000.000000000931,0.6102311611175537,100.0,,0.0,0.0,0.0,0.0,0.0,0.0,0.0,0.0022222222222221255,-0.002222222222215464,0.0,0.0,0.0,0.0,6000.0
11932,stockerau_full_6000_3,S2A_MSIL2A_20230606T095031_R079_T33UWP_20230606T162616,100,,0.0,0.0,0.0,0.0,0.0,0.0,0.0,1.8055555555555556,98.19444444444444,0.0,0.0,3600,0,0.0,6000.0,6000.000000000931,0.5951054096221924,100.0,,0.0,0.0,0.0,0.0,0.0,0.0,0.0,-0.025555555555555554,0.025555555555555998,0.0,0.0,0.0,0.0,6000.0
11945,stockerau_full_6000_3,S2A_MSIL2A_20230606T095031_R079_T33UWP_20230606T162616,200,,0.0,0.0,0.0,0.0,0.0,0.0,0.0,2.0,98.0,0.0,0.0,900,0,0.0,6000.0,6000.000000000931,0.533409833908081,100.0,,0.0,0.0,0.0,0.0,0.0,0.0,0.0,0.16888888888888887,-0.16888888888888687,0.0,0.0,0.0,0.0,6000.0
11958,stockerau_full_6000_3,S2A_MSIL2A_20230606T095031_R079_T33UWP_20230606T162616,500,,0.0,0.0,0.0,0.0,0.0,0.0,0.0,0.6944444444444444,99.30555555555556,0.0,0.0,144,0,0.0,6000.0,6000.000000000931,0.5906157493591309,100.0,,0.0,0.0,0.0,0.0,0.0,0.0,0.0,-1.1366666666666667,1.1366666666666703,0.0,0.0,0.0,0.0,6000.0
11971,stockerau_full_6000_3,S2A_MSIL2A_20230606T095031_R079_T33UWP_20230606T162616,1000,,0.0,0.0,0.0,0.0,0.0,0.0,0.0,0.0,100.0,0.0,0.0,36,0,0.0,6000.0,6000.000000000931,0.7089114189147949,100.0,,0.0,0.0,0.0,0.0,0.0,0.0,0.0,-1.8311111111111111,1.8311111111111131,0.0,0.0,0.0,0.0,6000.0
11907,stockerau_full_6000_3,S2A_MSIL2A_20230609T100031_R122_T33UWP_20230609T173715,20,,0.0,0.0,0.0,0.0,0.0,0.0,0.0,36.888888888888886,60.91777777777778,2.1933333333333334,0.0,90000,0,0.0,6000.0,6000.000000000931,0.6406941413879395,100.0,,0.0,0.0,0.0,0.0,0.0,0.0,0.0,0.0,0.0,0.0,0.0,0.0,0.0,6000.0
11920,stockerau_full_6000_3,S2A_MSIL2A_20230609T100031_R122_T33UWP_20230609T173715,50,,0.0,0.0,0.0,0.0,0.0,0.0,0.0,36.798611111111114,61.208333333333336,1.9930555555555556,0.0,14400,0,0.0,6000.0,6000.000000000931,0.6102311611175537,100.00000000000001,,0.0,0.0,0.0,0.0,0.0,0.0,0.0,-0.09027777777777146,0.29055555555555657,-0.20027777777777778,0.0,1.4210854715202004e-14,1.4210854715202004e-14,6000.0
11933,stockerau_full_6000_3,S2A_MSIL2A_20230609T100031_R122_T33UWP_20230609T173715,100,,0.0,0.0,0.0,0.0,0.0,0.0,0.0,36.916666666666664,60.94444444444444,2.138888888888889,0.0,3600,0,0.0,6000.0,6000.000000000931,0.5951054096221924,100.0,,0.0,0.0,0.0,0.0,0.0,0.0,0.0,0.027777777777778567,0.02666666666666373,-0.05444444444444452,0.0,0.0,0.0,6000.0
11946,stockerau_full_6000_3,S2A_MSIL2A_20230609T100031_R122_T33UWP_20230609T173715,200,,0.0,0.0,0.0,0.0,0.0,0.0,0.0,35.44444444444444,62.666666666666664,1.8888888888888888,0.0,900,0,0.0,6000.0,6000.000000000931,0.533409833908081,100.0,,0.0,0.0,0.0,0.0,0.0,0.0,0.0,-1.4444444444444429,1.7488888888888852,-0.3044444444444445,0.0,0.0,0.0,6000.0
11959,stockerau_full_6000_3,S2A_MSIL2A_20230609T100031_R122_T33UWP_20230609T173715,500,,0.0,0.0,0.0,0.0,0.0,0.0,0.0,36.111111111111114,63.19444444444444,0.6944444444444444,0.0,144,0,0.0,6000.0,6000.000000000931,0.5906157493591309,100.0,,0.0,0.0,0.0,0.0,0.0,0.0,0.0,-0.7777777777777715,2.2766666666666637,-1.498888888888889,0.0,0.0,0.0,6000.0
11972,stockerau_full_6000_3,S2A_MSIL2A_20230609T100031_R122_T33UWP_20230609T173715,1000,,0.0,0.0,0.0,0.0,0.0,0.0,0.0,27.77777777777778,69.44444444444444,2.7777777777777777,0.0,36,0,0.0,6000.0,6000.000000000931,0.7089114189147949,100.0,,0.0,0.0,0.0,0.0,0.0,0.0,0.0,-9.111111111111107,8.526666666666664,0.5844444444444443,0.0,0.0,0.0,6000.0
11910,stockerau_full_6000_3,S2A_MSIL2A_20230616T095031_R079_T33UWP_20230616T172735,20,,0.0,0.04888888888888889,0.97,81.94111111111111,9.365555555555556,6.533333333333333,0.3511111111111111,0.6166666666666667,0.17333333333333334,0.0,0.0,90000,0,0.0,6000.0,6000.000000000931,0.6406941413879395,0.79,,0.0,0.0,0.0,0.0,0.0,0.0,0.0,0.0,0.0,0.0,0.0,0.0,0.0,6000.0
11923,stockerau_full_6000_3,S2A_MSIL2A_20230616T095031_R079_T33UWP_20230616T172735,50,,0.0,0.041666666666666664,0.9513888888888888,82.05555555555556,9.215277777777779,6.597222222222222,0.2916666666666667,0.6666666666666666,0.18055555555555555,0.0,0.0,14400,0,0.0,6000.0,6000.000000000931,0.6102311611175537,0.8472222222222222,,0.0,-0.007222222222222227,-0.018611111111111134,0.11444444444444457,-0.1502777777777773,0.0638888888888891,-0.05944444444444441,0.04999999999999993,0.007222222222222213,0.0,0.0,0.057222222222222174,0.1502777777777773,6000.0
11936,stockerau_full_6000_3,S2A_MSIL2A_20230616T095031_R079_T33UWP_20230616T172735,100,,0.0,0.05555555555555555,1.0,82.36111111111111,8.75,6.583333333333333,0.2777777777777778,0.75,0.2222222222222222,0.0,0.0,3600,0,0.0,6000.0,6000.000000000931,0.5951054096221924,0.9722222222222222,,0.0,0.006666666666666661,0.030000000000000027,0.4200000000000017,-0.6155555555555559,0.04999999999999982,-0.0733333333333333,0.1333333333333333,0.04888888888888887,0.0,0.0,0.18222222222222217,0.6155555555555559,6000.0
11949,stockerau_full_6000_3,S2A_MSIL2A_20230616T095031_R079_T33UWP_20230616T172735,200,,0.0,0.2222222222222222,1.1111111111111112,81.66666666666667,8.88888888888889,6.444444444444445,0.6666666666666666,0.6666666666666666,0.3333333333333333,0.0,0.0,900,0,0.0,6000.0,6000.000000000931,0.533409833908081,1.0,,0.0,0.1733333333333333,0.1411111111111112,-0.27444444444444116,-0.47666666666666657,-0.08888888888888857,0.31555555555555553,0.04999999999999993,0.15999999999999998,0.0,0.0,0.20999999999999996,0.47666666666666657,6000.0
11962,stockerau_full_6000_3,S2A_MSIL2A_20230616T095031_R079_T33UWP_20230616T172735,500,,0.0,0.0,1.3888888888888888,82.63888888888889,8.333333333333334,6.944444444444445,0.0,0.6944444444444444,0.0,0.0,0.0,144,0,0.0,6000.0,6000.000000000931,0.5906157493591309,0.6944444444444444,,0.0,-0.04888888888888889,0.41888888888888887,0.6977777777777732,-1.032222222222222,0.4111111111111114,-0.3511111111111111,0.07777777777777772,-0.17333333333333334,0.0,0.0,-0.09555555555555562,1.032222222222222,6000.0
11975,stockerau_full_6000_3,S2A_MSIL2A_20230616T095031_R079_T33UWP_20230616T172735,1000,,0.0,0.0,0.0,69.44444444444444,19.444444444444443,8.333333333333334,2.7777777777777777,0.0,0.0,0.0,0.0,36,0,0.0,6000.0,6000.000000000931,0.7089114189147949,0.0,,0.0,-0.04888888888888889,-0.97,-12.49666666666667,10.078888888888887,1.8000000000000007,2.4266666666666667,-0.6166666666666667,-0.17333333333333334,0.0,0.0,-0.79,12.49666666666667,6000.0
11911,stockerau_full_6000_3,S2A_MSIL2A_20230619T100031_R122_T33UWP_20230619T172742,20,,0.0,0.021111111111111112,0.14444444444444443,63.223333333333336,2.391111111111111,4.251111111111111,0.35888888888888887,0.7333333333333333,0.0033333333333333335,28.873333333333335,0.0,90000,0,0.0,6000.0,6000.000000000931,0.6406941413879395,29.610000000000003,,0.0,0.0,0.0,0.0,0.0,0.0,0.0,0.0,0.0,0.0,0.0,0.0,0.0,6000.0
11924,stockerau_full_6000_3,S2A_MSIL2A_20230619T100031_R122_T33UWP_20230619T172742,50,,0.0,0.027777777777777776,0.14583333333333334,63.166666666666664,2.375,4.319444444444445,0.2847222222222222,0.8055555555555556,0.006944444444444444,28.868055555555557,0.0,14400,0,0.0,6000.0,6000.000000000931,0.6102311611175537,29.680555555555557,,0.0,0.0066666666666666645,0.0013888888888889117,-0.05666666666667197,-0.016111111111110965,0.06833333333333336,-0.07416666666666666,0.0722222222222223,0.0036111111111111105,-0.005277777777777715,0.0,0.07055555555555415,0.07416666666666666,6000.0
11937,stockerau_full_6000_3,S2A_MSIL2A_20230619T100031_R122_T33UWP_20230619T172742,100,,0.0,0.0,0.19444444444444445,63.44444444444444,2.2777777777777777,4.138888888888889,0.3055555555555556,0.8888888888888888,0.0,28.75,0.0,3600,0,0.0,6000.0,6000.000000000931,0.5951054096221924,29.63888888888889,,0.0,-0.021111111111111112,0.05000000000000002,0.2211111111111066,-0.11333333333333329,-0.112222222222222,-0.05333333333333329,0.15555555555555556,-0.0033333333333333335,-0.12333333333333485,0.0,0.0288888888888863,0.2211111111111066,6000.0
11950,stockerau_full_6000_3,S2A_MSIL2A_20230619T100031_R122_T33UWP_20230619T172742,200,,0.0,0.0,0.2222222222222222,63.333333333333336,2.6666666666666665,4.0,0.5555555555555556,1.1111111111111112,0.0,28.11111111111111,0.0,900,0,0.0,6000.0,6000.000000000931,0.533409833908081,29.22222222222222,,0.0,-0.021111111111111112,0.07777777777777778,0.10999999999999943,0.27555555555555555,-0.2511111111111113,0.1966666666666667,0.3777777777777779,-0.0033333333333333335,-0.7622222222222241,0.0,-0.38777777777778155,0.38777777777778155,6000.0
11963,stockerau_full_6000_3,S2A_MSIL2A_20230619T100031_R122_T33UWP_20230619T172742,500,,0.0,0.0,0.0,60.416666666666664,3.4722222222222223,4.861111111111111,0.0,0.0,0.0,31.25,0.0,144,0,0.0,6000.0,6000.000000000931,0.5906157493591309,31.25,,0.0,-0.021111111111111112,-0.14444444444444443,-2.806666666666672,1.0811111111111114,0.6099999999999994,-0.35888888888888887,-0.7333333333333333,-0.0033333333333333335,2.376666666666665,0.0,1.639999999999997,2.806666666666672,6000.0
11976,stockerau_full_6000_3,S2A_MSIL2A_20230619T100031_R122_T33UWP_20230619T172742,1000,,0.0,0.0,0.0,63.888888888888886,0.0,8.333333333333334,0.0,0.0,0.0,27.77777777777778,0.0,36,0,0.0,6000.0,6000.000000000931,0.7089114189147949,27.77777777777778,,0.0,-0.021111111111111112,-0.14444444444444443,0.6655555555555495,-2.391111111111111,4.082222222222223,-0.35888888888888887,-0.7333333333333333,-0.0033333333333333335,-1.0955555555555563,0.0,-1.8322222222222244,4.082222222222223,6000.0
11914,stockerau_full_6000_3,S2A_MSIL2A_20230626T095031_R079_T33UWP_20230626T161132,20,,0.0,0.03777777777777778,0.0,87.52555555555556,5.536666666666667,6.61,0.29,0.0,0.0,0.0,0.0,90000,0,0.0,6000.0,6000.000000000931,0.6406941413879395,0.0,,0.0,0.0,0.0,0.0,0.0,0.0,0.0,0.0,0.0,0.0,0.0,0.0,0.0,6000.0
11927,stockerau_full_6000_3,S2A_MSIL2A_20230626T095031_R079_T33UWP_20230626T161132,50,,0.0,0.041666666666666664,0.0,87.74305555555556,5.291666666666667,6.680555555555555,0.24305555555555555,0.0,0.0,0.0,0.0,14400,0,0.0,6000.0,6000.000000000931,0.6102311611175537,0.0,,0.0,0.003888888888888886,0.0,0.21750000000000114,-0.2450000000000001,0.07055555555555504,-0.04694444444444443,0.0,0.0,0.0,0.0,0.0,0.2450000000000001,6000.0
11940,stockerau_full_6000_3,S2A_MSIL2A_20230626T095031_R079_T33UWP_20230626T161132,100,,0.0,0.08333333333333333,0.0,87.47222222222223,5.583333333333333,6.611111111111111,0.25,0.0,0.0,0.0,0.0,3600,0,0.0,6000.0,6000.000000000931,0.5951054096221924,0.0,,0.0,0.04555555555555555,0.0,-0.05333333333332746,0.04666666666666597,0.0011111111111103966,-0.03999999999999998,0.0,0.0,0.0,0.0,0.0,0.05333333333332746,6000.0
11953,stockerau_full_6000_3,S2A_MSIL2A_20230626T095031_R079_T33UWP_20230626T161132,200,,0.0,0.0,0.0,87.33333333333333,5.777777777777778,6.444444444444445,0.4444444444444444,0.0,0.0,0.0,0.0,900,0,0.0,6000.0,6000.000000000931,0.533409833908081,0.0,,0.0,-0.03777777777777778,0.0,-0.1922222222222274,0.2411111111111106,-0.16555555555555568,0.15444444444444444,0.0,0.0,0.0,0.0,0.0,0.2411111111111106,6000.0
11966,stockerau_full_6000_3,S2A_MSIL2A_20230626T095031_R079_T33UWP_20230626T161132,500,,0.0,0.0,0.0,86.80555555555556,6.944444444444445,6.25,0.0,0.0,0.0,0.0,0.0,144,0,0.0,6000.0,6000.000000000931,0.5906157493591309,0.0,,0.0,-0.03777777777777778,0.0,-0.7199999999999989,1.4077777777777776,-0.3600000000000003,-0.29,0.0,0.0,0.0,0.0,0.0,1.4077777777777776,6000.0
11979,stockerau_full_6000_3,S2A_MSIL2A_20230626T095031_R079_T33UWP_20230626T161132,1000,,0.0,0.0,0.0,86.11111111111111,5.555555555555555,8.333333333333334,0.0,0.0,0.0,0.0,0.0,36,0,0.0,6000.0,6000.000000000931,0.7089114189147949,0.0,,0.0,-0.03777777777777778,0.0,-1.4144444444444417,0.01888888888888829,1.7233333333333336,-0.29,0.0,0.0,0.0,0.0,0.0,1.7233333333333336,6000.0
11915,stockerau_full_6000_3,S2A_MSIL2A_20230629T100031_R122_T33UWP_20230629T191411,20,,0.0,0.043333333333333335,0.3477777777777778,86.29,5.567777777777778,6.532222222222222,0.40555555555555556,0.6377777777777778,0.17555555555555555,0.0,0.0,90000,0,0.0,6000.0,6000.000000000931,0.6406941413879395,0.8133333333333334,,0.0,0.0,0.0,0.0,0.0,0.0,0.0,0.0,0.0,0.0,0.0,0.0,0.0,6000.0
11928,stockerau_full_6000_3,S2A_MSIL2A_20230629T100031_R122_T33UWP_20230629T191411,50,,0.0,0.05555555555555555,0.3819444444444444,86.54861111111111,5.256944444444445,6.597222222222222,0.3541666666666667,0.6319444444444444,0.1736111111111111,0.0,0.0,14400,0,0.0,6000.0,6000.000000000931,0.6102311611175537,0.8055555555555556,,0.0,0.012222222222222218,0.03416666666666662,0.258611111111108,-0.3108333333333331,0.06500000000000039,-0.05138888888888887,-0.005833333333333357,-0.001944444444444443,0.0,0.0,-0.007777777777777772,0.3108333333333331,6000.0
11941,stockerau_full_6000_3,S2A_MSIL2A_20230629T100031_R122_T33UWP_20230629T191411,100,,0.0,0.08333333333333333,0.5,86.16666666666667,5.555555555555555,6.583333333333333,0.25,0.75,0.1111111111111111,0.0,0.0,3600,0,0.0,6000.0,6000.000000000931,0.5951054096221924,0.8611111111111112,,0.0,0.039999999999999994,0.1522222222222222,-0.12333333333333485,-0.012222222222222356,0.05111111111111111,-0.15555555555555556,0.11222222222222222,-0.06444444444444444,0.0,0.0,0.04777777777777781,0.15555555555555556,6000.0
11954,stockerau_full_6000_3,S2A_MSIL2A_20230629T100031_R122_T33UWP_20230629T191411,200,,0.0,0.1111111111111111,0.5555555555555556,86.11111111111111,5.333333333333333,6.444444444444445,0.8888888888888888,0.4444444444444444,0.1111111111111111,0.0,0.0,900,0,0.0,6000.0,6000.000000000931,0.533409833908081,0.5555555555555556,,0.0,0.06777777777777777,0.20777777777777778,-0.17888888888889198,-0.23444444444444468,-0.08777777777777729,0.4833333333333333,-0.19333333333333336,-0.06444444444444444,0.0,0.0,-0.2577777777777778,0.4833333333333333,6000.0
11967,stockerau_full_6000_3,S2A_MSIL2A_20230629T100031_R122_T33UWP_20230629T191411,500,,0.0,0.0,0.6944444444444444,86.11111111111111,6.25,6.25,0.0,0.6944444444444444,0.0,0.0,0.0,144,0,0.0,6000.0,6000.000000000931,0.5906157493591309,0.6944444444444444,,0.0,-0.043333333333333335,0.3466666666666666,-0.17888888888889198,0.6822222222222223,-0.28222222222222193,-0.40555555555555556,0.05666666666666664,-0.17555555555555555,0.0,0.0,-0.11888888888888893,0.6822222222222223,6000.0
11980,stockerau_full_6000_3,S2A_MSIL2A_20230629T100031_R122_T33UWP_20230629T191411,1000,,0.0,0.0,2.7777777777777777,83.33333333333333,5.555555555555555,8.333333333333334,0.0,0.0,0.0,0.0,0.0,36,0,0.0,6000.0,6000.000000000931,0.7089114189147949,0.0,,0.0,-0.043333333333333335,2.4299999999999997,-2.9566666666666777,-0.012222222222222356,1.801111111111112,-0.40555555555555556,-0.6377777777777778,-0.17555555555555555,0.0,0.0,-0.8133333333333334,2.9566666666666777,6000.0
11904,stockerau_full_6000_3,S2B_MSIL2A_20230601T094549_R079_T33UWP_20230601T163321,20,,0.0,0.09888888888888889,0.0,77.99666666666667,14.948888888888888,6.592222222222222,0.36333333333333334,0.0,0.0,0.0,0.0,90000,0,0.0,6000.0,6000.000000000931,0.6406941413879395,0.0,,0.0,0.0,0.0,0.0,0.0,0.0,0.0,0.0,0.0,0.0,0.0,0.0,0.0,6000.0
11917,stockerau_full_6000_3,S2B_MSIL2A_20230601T094549_R079_T33UWP_20230601T163321,50,,0.0,0.1111111111111111,0.0,77.90972222222223,15.027777777777779,6.659722222222222,0.2916666666666667,0.0,0.0,0.0,0.0,14400,0,0.0,6000.0,6000.000000000931,0.6102311611175537,0.0,,0.0,0.012222222222222218,0.0,-0.08694444444444116,0.07888888888889056,0.0674999999999999,-0.07166666666666666,0.0,0.0,0.0,0.0,0.0,0.08694444444444116,6000.0
11930,stockerau_full_6000_3,S2B_MSIL2A_20230601T094549_R079_T33UWP_20230601T163321,100,,0.0,0.1111111111111111,0.0,79.08333333333333,13.916666666666666,6.638888888888889,0.25,0.0,0.0,0.0,0.0,3600,0,0.0,6000.0,6000.000000000931,0.5951054096221924,0.0,,0.0,0.012222222222222218,0.0,1.086666666666659,-1.032222222222222,0.046666666666666856,-0.11333333333333334,0.0,0.0,0.0,0.0,0.0,1.086666666666659,6000.0
11943,stockerau_full_6000_3,S2B_MSIL2A_20230601T094549_R079_T33UWP_20230601T163321,200,,0.0,0.2222222222222222,0.0,76.77777777777777,15.88888888888889,6.444444444444445,0.6666666666666666,0.0,0.0,0.0,0.0,900,0,0.0,6000.0,6000.000000000931,0.533409833908081,0.0,,0.0,0.12333333333333332,0.0,-1.2188888888888982,0.9400000000000013,-0.14777777777777779,0.3033333333333333,0.0,0.0,0.0,0.0,0.0,1.2188888888888982,6000.0
11956,stockerau_full_6000_3,S2B_MSIL2A_20230601T094549_R079_T33UWP_20230601T163321,500,,0.0,0.0,0.0,77.77777777777777,15.277777777777779,6.944444444444445,0.0,0.0,0.0,0.0,0.0,144,0,0.0,6000.0,6000.000000000931,0.5906157493591309,0.0,,0.0,-0.09888888888888889,0.0,-0.21888888888889824,0.32888888888889056,0.3522222222222222,-0.36333333333333334,0.0,0.0,0.0,0.0,0.0,0.36333333333333334,6000.0
11969,stockerau_full_6000_3,S2B_MSIL2A_20230601T094549_R079_T33UWP_20230601T163321,1000,,0.0,0.0,0.0,72.22222222222223,19.444444444444443,8.333333333333334,0.0,0.0,0.0,0.0,0.0,36,0,0.0,6000.0,6000.000000000931,0.7089114189147949,0.0,,0.0,-0.09888888888888889,0.0,-5.774444444444441,4.495555555555555,1.7411111111111115,-0.36333333333333334,0.0,0.0,0.0,0.0,0.0,5.774444444444441,6000.0
11905,stockerau_full_6000_3,S2B_MSIL2A_20230604T095559_R122_T33UWP_20230604T174403,20,,0.0,0.052222222222222225,9.045555555555556,60.69222222222222,5.826666666666667,5.954444444444444,2.887777777777778,4.971111111111111,1.0977777777777777,9.472222222222221,0.0,90000,0,0.0,6000.0,6000.000000000931,0.6406941413879395,15.54111111111111,,0.0,0.0,0.0,0.0,0.0,0.0,0.0,0.0,0.0,0.0,0.0,0.0,0.0,6000.0
11918,stockerau_full_6000_3,S2B_MSIL2A_20230604T095559_R122_T33UWP_20230604T174403,50,,0.0,0.0625,9.159722222222221,60.479166666666664,5.965277777777778,6.041666666666667,2.888888888888889,5.006944444444445,1.1111111111111112,9.284722222222221,0.0,14400,0,0.0,6000.0,6000.000000000931,0.6102311611175537,15.402777777777777,,0.0,0.010277777777777775,0.11416666666666586,-0.213055555555556,0.13861111111111057,0.08722222222222253,0.0011111111111108407,0.035833333333333606,0.01333333333333342,-0.1875,0.0,-0.13833333333333364,0.213055555555556,6000.0
11931,stockerau_full_6000_3,S2B_MSIL2A_20230604T095559_R122_T33UWP_20230604T174403,100,,0.0,0.08333333333333333,9.444444444444445,60.19444444444444,5.916666666666667,6.138888888888889,3.0833333333333335,4.583333333333333,1.1944444444444444,9.36111111111111,0.0,3600,0,0.0,6000.0,6000.000000000931,0.5951054096221924,15.13888888888889,,0.0,0.031111111111111103,0.39888888888888907,-0.49777777777777743,0.08999999999999986,0.18444444444444485,0.19555555555555548,-0.387777777777778,0.09666666666666668,-0.11111111111111072,0.0,-0.40222222222222115,0.49777777777777743,6000.0
11944,stockerau_full_6000_3,S2B_MSIL2A_20230604T095559_R122_T33UWP_20230604T174403,200,,0.0,0.1111111111111111,9.777777777777779,59.44444444444444,5.777777777777778,6.111111111111111,4.0,4.777777777777778,1.1111111111111112,8.88888888888889,0.0,900,0,0.0,6000.0,6000.000000000931,0.533409833908081,14.777777777777779,,0.0,0.05888888888888888,0.732222222222223,-1.2477777777777774,-0.048888888888889426,0.1566666666666663,1.112222222222222,-0.19333333333333336,0.01333333333333342,-0.5833333333333321,0.0,-0.7633333333333319,1.2477777777777774,6000.0
11957,stockerau_full_6000_3,S2B_MSIL2A_20230604T095559_R122_T33UWP_20230604T174403,500,,0.0,0.0,12.5,54.166666666666664,6.944444444444445,6.25,2.0833333333333335,5.555555555555555,0.6944444444444444,11.805555555555555,0.0,144,0,0.0,6000.0,6000.000000000931,0.5906157493591309,18.055555555555557,,0.0,-0.052222222222222225,3.4544444444444444,-6.525555555555556,1.1177777777777775,0.29555555555555557,-0.8044444444444445,0.5844444444444443,-0.4033333333333333,2.333333333333334,0.0,2.5144444444444467,6.525555555555556,6000.0
11970,stockerau_full_6000_3,S2B_MSIL2A_20230604T095559_R122_T33UWP_20230604T174403,1000,,0.0,0.0,8.333333333333334,50.0,8.333333333333334,8.333333333333334,5.555555555555555,5.555555555555555,11.11111111111111,2.7777777777777777,0.0,36,0,0.0,6000.0,6000.000000000931,0.7089114189147949,19.444444444444443,,0.0,-0.052222222222222225,-0.7122222222222216,-10.69222222222222,2.506666666666667,2.3788888888888895,2.6677777777777774,0.5844444444444443,10.013333333333334,-6.694444444444444,0.0,3.9033333333333324,10.69222222222222,6000.0
11908,stockerau_full_6000_3,S2B_MSIL2A_20230611T094549_R079_T33UWP_20230611T135320,20,,0.0,0.0,0.0,0.0,0.0033333333333333335,0.0022222222222222222,0.0,0.015555555555555555,99.97888888888889,0.0,0.0,90000,0,0.0,6000.0,6000.000000000931,0.6406941413879395,99.99444444444444,,0.0,0.0,0.0,0.0,0.0,0.0,0.0,0.0,0.0,0.0,0.0,0.0,0.0,6000.0
11921,stockerau_full_6000_3,S2B_MSIL2A_20230611T094549_R079_T33UWP_20230611T135320,50,,0.0,0.0,0.0,0.0,0.006944444444444444,0.0,0.0,0.020833333333333332,99.97222222222223,0.0,0.0,14400,0,0.0,6000.0,6000.000000000931,0.6102311611175537,99.99305555555556,,0.0,0.0,0.0,0.0,0.0036111111111111105,-0.0022222222222222222,0.0,0.005277777777777777,-0.006666666666660603,0.0,0.0,-0.0013888888888828888,0.0036111111111111105,6000.0
11934,stockerau_full_6000_3,S2B_MSIL2A_20230611T094549_R079_T33UWP_20230611T135320,100,,0.0,0.0,0.0,0.0,0.0,0.0,0.0,0.0,100.0,0.0,0.0,3600,0,0.0,6000.0,6000.000000000931,0.5951054096221924,100.0,,0.0,0.0,0.0,0.0,-0.0033333333333333335,-0.0022222222222222222,0.0,-0.015555555555555555,0.02111111111111086,0.0,0.0,0.005555555555559977,0.005555555555559977,6000.0
11947,stockerau_full_6000_3,S2B_MSIL2A_20230611T094549_R079_T33UWP_20230611T135320,200,,0.0,0.0,0.0,0.0,0.0,0.0,0.0,0.0,100.0,0.0,0.0,900,0,0.0,6000.0,6000.000000000931,0.533409833908081,100.0,,0.0,0.0,0.0,0.0,-0.0033333333333333335,-0.0022222222222222222,0.0,-0.015555555555555555,0.02111111111111086,0.0,0.0,0.005555555555559977,0.005555555555559977,6000.0
11960,stockerau_full_6000_3,S2B_MSIL2A_20230611T094549_R079_T33UWP_20230611T135320,500,,0.0,0.0,0.0,0.0,0.0,0.0,0.0,0.0,100.0,0.0,0.0,144,0,0.0,6000.0,6000.000000000931,0.5906157493591309,100.0,,0.0,0.0,0.0,0.0,-0.0033333333333333335,-0.0022222222222222222,0.0,-0.015555555555555555,0.02111111111111086,0.0,0.0,0.005555555555559977,0.005555555555559977,6000.0
11973,stockerau_full_6000_3,S2B_MSIL2A_20230611T094549_R079_T33UWP_20230611T135320,1000,,0.0,0.0,0.0,0.0,0.0,0.0,0.0,0.0,100.0,0.0,0.0,36,0,0.0,6000.0,6000.000000000931,0.7089114189147949,100.0,,0.0,0.0,0.0,0.0,-0.0033333333333333335,-0.0022222222222222222,0.0,-0.015555555555555555,0.02111111111111086,0.0,0.0,0.005555555555559977,0.005555555555559977,6000.0
11909,stockerau_full_6000_3,S2B_MSIL2A_20230614T095559_R122_T33UWP_20230614T142248,20,,0.0,0.04888888888888889,9.002222222222223,71.35888888888888,8.85,5.687777777777778,0.5833333333333334,3.0433333333333334,1.2722222222222221,0.15333333333333332,0.0,90000,0,0.0,6000.0,6000.000000000931,0.6406941413879395,4.4688888888888885,,0.0,0.0,0.0,0.0,0.0,0.0,0.0,0.0,0.0,0.0,0.0,0.0,0.0,6000.0
11922,stockerau_full_6000_3,S2B_MSIL2A_20230614T095559_R122_T33UWP_20230614T142248,50,,0.0,0.0625,8.979166666666666,71.38888888888889,8.770833333333334,5.666666666666667,0.6527777777777778,3.076388888888889,1.2569444444444444,0.14583333333333334,0.0,14400,0,0.0,6000.0,6000.000000000931,0.6102311611175537,4.479166666666666,,0.0,0.013611111111111109,-0.023055555555556495,0.030000000000001137,-0.07916666666666572,-0.02111111111111086,0.06944444444444442,0.033055555555555394,-0.015277777777777724,-0.007499999999999979,0.0,0.010277777777777608,0.07916666666666572,6000.0
11935,stockerau_full_6000_3,S2B_MSIL2A_20230614T095559_R122_T33UWP_20230614T142248,100,,0.0,0.08333333333333333,9.055555555555555,71.5,8.527777777777779,5.638888888888889,0.6388888888888888,3.138888888888889,1.3055555555555556,0.1111111111111111,0.0,3600,0,0.0,6000.0,6000.000000000931,0.5951054096221924,4.555555555555555,,0.0,0.03444444444444444,0.05333333333333279,0.1411111111111154,-0.3222222222222211,-0.04888888888888854,0.05555555555555547,0.0955555555555554,0.03333333333333344,-0.04222222222222222,0.0,0.08666666666666689,0.3222222222222211,6000.0
11948,stockerau_full_6000_3,S2B_MSIL2A_20230614T095559_R122_T33UWP_20230614T142248,200,,0.0,0.2222222222222222,8.777777777777779,71.88888888888889,8.555555555555555,6.222222222222222,0.5555555555555556,2.111111111111111,1.3333333333333333,0.3333333333333333,0.0,900,0,0.0,6000.0,6000.000000000931,0.533409833908081,3.777777777777778,,0.0,0.1733333333333333,-0.224444444444444,0.5300000000000011,-0.2944444444444443,0.5344444444444445,-0.02777777777777779,-0.9322222222222223,0.061111111111111116,0.18,0.0,-0.6911111111111103,0.6911111111111103,6000.0
11961,stockerau_full_6000_3,S2B_MSIL2A_20230614T095559_R122_T33UWP_20230614T142248,500,,0.0,0.0,7.638888888888889,70.83333333333333,10.416666666666666,6.25,0.0,2.0833333333333335,2.0833333333333335,0.6944444444444444,0.0,144,0,0.0,6000.0,6000.000000000931,0.5906157493591309,4.861111111111112,,0.0,-0.04888888888888889,-1.3633333333333333,-0.525555555555556,1.5666666666666664,0.5622222222222222,-0.5833333333333334,-0.96,0.8111111111111113,0.5411111111111111,0.0,0.39222222222222314,1.5666666666666664,6000.0
11974,stockerau_full_6000_3,S2B_MSIL2A_20230614T095559_R122_T33UWP_20230614T142248,1000,,0.0,0.0,2.7777777777777777,66.66666666666667,16.666666666666668,8.333333333333334,0.0,2.7777777777777777,2.7777777777777777,0.0,0.0,36,0,0.0,6000.0,6000.000000000931,0.7089114189147949,5.555555555555555,,0.0,-0.04888888888888889,-6.224444444444445,-4.692222222222213,7.816666666666668,2.645555555555556,-0.5833333333333334,-0.26555555555555577,1.5055555555555555,-0.15333333333333332,0.0,1.086666666666667,7.816666666666668,6000.0
11912,stockerau_full_6000_3,S2B_MSIL2A_20230621T094549_R079_T33UWP_20230621T143955,20,,0.0,0.02666666666666667,0.0,80.56444444444445,5.118888888888889,6.116666666666666,0.34,0.01,0.0,7.823333333333333,0.0,90000,0,0.0,6000.0,6000.000000000931,0.6406941413879395,7.833333333333333,,0.0,0.0,0.0,0.0,0.0,0.0,0.0,0.0,0.0,0.0,0.0,0.0,0.0,6000.0
11925,stockerau_full_6000_3,S2B_MSIL2A_20230621T094549_R079_T33UWP_20230621T143955,50,,0.0,0.034722222222222224,0.0,80.61111111111111,4.9375,6.243055555555555,0.3055555555555556,0.006944444444444444,0.0,7.861111111111111,0.0,14400,0,0.0,6000.0,6000.000000000931,0.6102311611175537,7.868055555555555,,0.0,0.008055555555555555,0.0,0.046666666666666856,-0.18138888888888882,0.1263888888888891,-0.034444444444444444,-0.003055555555555556,0.0,0.037777777777777466,0.0,0.03472222222222232,0.18138888888888882,6000.0
11938,stockerau_full_6000_3,S2B_MSIL2A_20230621T094549_R079_T33UWP_20230621T143955,100,,0.0,0.027777777777777776,0.0,80.61111111111111,4.75,6.194444444444445,0.3888888888888889,0.027777777777777776,0.0,8.0,0.0,3600,0,0.0,6000.0,6000.000000000931,0.5951054096221924,8.027777777777779,,0.0,0.0011111111111111079,0.0,0.046666666666666856,-0.3688888888888888,0.07777777777777839,0.04888888888888887,0.017777777777777774,0.0,0.17666666666666675,0.0,0.19444444444444553,0.3688888888888888,6000.0
11951,stockerau_full_6000_3,S2B_MSIL2A_20230621T094549_R079_T33UWP_20230621T143955,200,,0.0,0.1111111111111111,0.0,80.11111111111111,5.111111111111111,5.888888888888889,1.0,0.0,0.0,7.777777777777778,0.0,900,0,0.0,6000.0,6000.000000000931,0.533409833908081,7.777777777777778,,0.0,0.08444444444444443,0.0,-0.45333333333333314,-0.007777777777778105,-0.22777777777777697,0.6599999999999999,-0.01,0.0,-0.04555555555555557,0.0,-0.05555555555555536,0.6599999999999999,6000.0
11964,stockerau_full_6000_3,S2B_MSIL2A_20230621T094549_R079_T33UWP_20230621T143955,500,,0.0,0.0,0.0,79.86111111111111,5.555555555555555,6.25,0.0,0.0,0.0,8.333333333333334,0.0,144,0,0.0,6000.0,6000.000000000931,0.5906157493591309,8.333333333333334,,0.0,-0.02666666666666667,0.0,-0.7033333333333331,0.43666666666666654,0.13333333333333375,-0.34,-0.01,0.0,0.5100000000000007,0.0,0.5000000000000009,0.7033333333333331,6000.0
11977,stockerau_full_6000_3,S2B_MSIL2A_20230621T094549_R079_T33UWP_20230621T143955,1000,,0.0,0.0,0.0,77.77777777777777,5.555555555555555,8.333333333333334,0.0,0.0,0.0,8.333333333333334,0.0,36,0,0.0,6000.0,6000.000000000931,0.7089114189147949,8.333333333333334,,0.0,-0.02666666666666667,0.0,-2.786666666666676,0.43666666666666654,2.2166666666666677,-0.34,-0.01,0.0,0.5100000000000007,0.0,0.5000000000000009,2.786666666666676,6000.0
11913,stockerau_full_6000_3,S2B_MSIL2A_20230624T095559_R122_T33UWP_20230624T142946,20,,0.0,0.0,0.0,0.0,0.0,0.0,0.0,0.2822222222222222,99.71777777777778,0.0,0.0,90000,0,0.0,6000.0,6000.000000000931,0.6406941413879395,100.0,,0.0,0.0,0.0,0.0,0.0,0.0,0.0,0.0,0.0,0.0,0.0,0.0,0.0,6000.0
11926,stockerau_full_6000_3,S2B_MSIL2A_20230624T095559_R122_T33UWP_20230624T142946,50,,0.0,0.0,0.0,0.0,0.0,0.0,0.0,0.2777777777777778,99.72222222222223,0.0,0.0,14400,0,0.0,6000.0,6000.000000000931,0.6102311611175537,100.0,,0.0,0.0,0.0,0.0,0.0,0.0,0.0,-0.0044444444444444176,0.004444444444445139,0.0,0.0,0.0,0.0,6000.0
11939,stockerau_full_6000_3,S2B_MSIL2A_20230624T095559_R122_T33UWP_20230624T142946,100,,0.0,0.0,0.0,0.0,0.0,0.0,0.0,0.2222222222222222,99.77777777777777,0.0,0.0,3600,0,0.0,6000.0,6000.000000000931,0.5951054096221924,100.0,,0.0,0.0,0.0,0.0,0.0,0.0,0.0,-0.06,0.05999999999998806,0.0,0.0,0.0,0.0,6000.0
11952,stockerau_full_6000_3,S2B_MSIL2A_20230624T095559_R122_T33UWP_20230624T142946,200,,0.0,0.0,0.0,0.0,0.0,0.0,0.0,0.4444444444444444,99.55555555555556,0.0,0.0,900,0,0.0,6000.0,6000.000000000931,0.533409833908081,100.0,,0.0,0.0,0.0,0.0,0.0,0.0,0.0,0.1622222222222222,-0.16222222222222626,0.0,0.0,0.0,0.0,6000.0
11965,stockerau_full_6000_3,S2B_MSIL2A_20230624T095559_R122_T33UWP_20230624T142946,500,,0.0,0.0,0.0,0.0,0.0,0.0,0.0,0.0,100.0,0.0,0.0,144,0,0.0,6000.0,6000.000000000931,0.5906157493591309,100.0,,0.0,0.0,0.0,0.0,0.0,0.0,0.0,-0.2822222222222222,0.2822222222222166,0.0,0.0,0.0,0.0,6000.0
11978,stockerau_full_6000_3,S2B_MSIL2A_20230624T095559_R122_T33UWP_20230624T142946,1000,,0.0,0.0,0.0,0.0,0.0,0.0,0.0,0.0,100.0,0.0,0.0,36,0,0.0,6000.0,6000.000000000931,0.7089114189147949,100.0,,0.0,0.0,0.0,0.0,0.0,0.0,0.0,-0.2822222222222222,0.2822222222222166,0.0,0.0,0.0,0.0,6000.0
11916,stockerau_full_6000_3,S2B_MSIL2A_20230701T094549_R079_T33UWP_20230701T152448,20,,0.0,0.0,0.0,0.0,0.0,0.0,0.0,0.0,100.0,0.0,0.0,90000,0,0.0,6000.0,6000.000000000931,0.6406941413879395,100.0,,0.0,0.0,0.0,0.0,0.0,0.0,0.0,0.0,0.0,0.0,0.0,0.0,0.0,6000.0
11929,stockerau_full_6000_3,S2B_MSIL2A_20230701T094549_R079_T33UWP_20230701T152448,50,,0.0,0.0,0.0,0.0,0.0,0.0,0.0,0.0,100.0,0.0,0.0,14400,0,0.0,6000.0,6000.000000000931,0.6102311611175537,100.0,,0.0,0.0,0.0,0.0,0.0,0.0,0.0,0.0,0.0,0.0,0.0,0.0,0.0,6000.0
11942,stockerau_full_6000_3,S2B_MSIL2A_20230701T094549_R079_T33UWP_20230701T152448,100,,0.0,0.0,0.0,0.0,0.0,0.0,0.0,0.0,100.0,0.0,0.0,3600,0,0.0,6000.0,6000.000000000931,0.5951054096221924,100.0,,0.0,0.0,0.0,0.0,0.0,0.0,0.0,0.0,0.0,0.0,0.0,0.0,0.0,6000.0
11955,stockerau_full_6000_3,S2B_MSIL2A_20230701T094549_R079_T33UWP_20230701T152448,200,,0.0,0.0,0.0,0.0,0.0,0.0,0.0,0.0,100.0,0.0,0.0,900,0,0.0,6000.0,6000.000000000931,0.533409833908081,100.0,,0.0,0.0,0.0,0.0,0.0,0.0,0.0,0.0,0.0,0.0,0.0,0.0,0.0,6000.0
11968,stockerau_full_6000_3,S2B_MSIL2A_20230701T094549_R079_T33UWP_20230701T152448,500,,0.0,0.0,0.0,0.0,0.0,0.0,0.0,0.0,100.0,0.0,0.0,144,0,0.0,6000.0,6000.000000000931,0.5906157493591309,100.0,,0.0,0.0,0.0,0.0,0.0,0.0,0.0,0.0,0.0,0.0,0.0,0.0,0.0,6000.0
11981,stockerau_full_6000_3,S2B_MSIL2A_20230701T094549_R079_T33UWP_20230701T152448,1000,,0.0,0.0,0.0,0.0,0.0,0.0,0.0,0.0,100.0,0.0,0.0,36,0,0.0,6000.0,6000.000000000931,0.7089114189147949,100.0,,0.0,0.0,0.0,0.0,0.0,0.0,0.0,0.0,0.0,0.0,0.0,0.0,0.0,6000.0
11984,stockerau_full_6000_4,S2A_MSIL2A_20230606T095031_R079_T33UWP_20230606T162616,20,,0.0,0.0,0.18222222222222223,0.31777777777777777,0.09555555555555556,0.0,1.011111111111111,1.0522222222222222,97.3411111111111,0.0,0.0,90000,0,0.0,6000.000000000116,6000.000000000931,0.7991943359375,98.39333333333333,,0.0,0.0,0.0,0.0,0.0,0.0,0.0,0.0,0.0,0.0,0.0,0.0,0.0,6000.0
11997,stockerau_full_6000_4,S2A_MSIL2A_20230606T095031_R079_T33UWP_20230606T162616,50,,0.0,0.0,0.19444444444444445,0.3541666666666667,0.09722222222222222,0.0,0.9513888888888888,1.0,97.40277777777777,0.0,0.0,14400,0,0.0,6000.000000000116,6000.000000000931,0.7091290950775146,98.40277777777777,,0.0,0.0,0.012222222222222218,0.036388888888888915,0.0016666666666666635,0.0,-0.05972222222222223,-0.05222222222222217,0.061666666666667425,0.0,0.0,0.009444444444440592,0.05972222222222223,6000.0
12010,stockerau_full_6000_4,S2A_MSIL2A_20230606T095031_R079_T33UWP_20230606T162616,100,,0.0,0.0,0.16666666666666666,0.3055555555555556,0.08333333333333333,0.0,1.0277777777777777,1.0277777777777777,97.38888888888889,0.0,0.0,3600,0,0.0,6000.000000000116,6000.000000000931,0.9016814231872559,98.41666666666666,,0.0,0.0,-0.015555555555555572,-0.01222222222222219,-0.012222222222222232,0.0,0.016666666666666607,-0.02444444444444449,0.047777777777781694,0.0,0.0,0.023333333333326323,0.023333333333326323,6000.0
12023,stockerau_full_6000_4,S2A_MSIL2A_20230606T095031_R079_T33UWP_20230606T162616,200,,0.0,0.0,0.2222222222222222,0.5555555555555556,0.1111111111111111,0.0,0.4444444444444444,1.7777777777777777,96.88888888888889,0.0,0.0,900,0,0.0,6000.000000000116,6000.000000000931,0.8320519924163818,98.66666666666666,,0.0,0.0,0.03999999999999998,0.2377777777777778,0.015555555555555545,0.0,-0.5666666666666667,0.7255555555555555,-0.4522222222222183,0.0,0.0,0.2733333333333263,0.5666666666666667,6000.0
12036,stockerau_full_6000_4,S2A_MSIL2A_20230606T095031_R079_T33UWP_20230606T162616,500,,0.0,0.0,0.0,0.0,0.0,0.0,0.6944444444444444,1.3888888888888888,97.91666666666667,0.0,0.0,144,0,0.0,6000.000000000116,6000.000000000931,0.7313852310180664,99.30555555555556,,0.0,0.0,-0.18222222222222223,-0.31777777777777777,-0.09555555555555556,0.0,-0.31666666666666665,0.33666666666666667,0.5755555555555674,0.0,0.0,0.9122222222222263,0.9122222222222263,6000.0
12049,stockerau_full_6000_4,S2A_MSIL2A_20230606T095031_R079_T33UWP_20230606T162616,1000,,0.0,0.0,0.0,0.0,0.0,0.0,0.0,0.0,100.0,0.0,0.0,36,0,0.0,6000.000000000116,6000.000000000931,0.759840726852417,100.0,,0.0,0.0,-0.18222222222222223,-0.31777777777777777,-0.09555555555555556,0.0,-1.011111111111111,-1.0522222222222222,2.658888888888896,0.0,0.0,1.6066666666666691,1.6066666666666691,6000.0
11985,stockerau_full_6000_4,S2A_MSIL2A_20230609T100031_R122_T33UWP_20230609T173715,20,,0.0,0.0,0.0,0.0,0.0,0.0,0.0,53.852222222222224,44.458888888888886,1.6888888888888889,0.0,90000,0,0.0,6000.000000000116,6000.000000000931,0.7991943359375,99.99999999999999,,0.0,0.0,0.0,0.0,0.0,0.0,0.0,0.0,0.0,0.0,0.0,0.0,0.0,6000.0
11998,stockerau_full_6000_4,S2A_MSIL2A_20230609T100031_R122_T33UWP_20230609T173715,50,,0.0,0.0,0.0,0.0,0.0,0.0,0.0,53.958333333333336,44.36805555555556,1.6736111111111112,0.0,14400,0,0.0,6000.000000000116,6000.000000000931,0.7091290950775146,100.0,,0.0,0.0,0.0,0.0,0.0,0.0,0.0,0.10611111111111171,-0.09083333333332888,-0.015277777777777724,0.0,1.4210854715202004e-14,1.4210854715202004e-14,6000.0
12011,stockerau_full_6000_4,S2A_MSIL2A_20230609T100031_R122_T33UWP_20230609T173715,100,,0.0,0.0,0.0,0.0,0.0,0.0,0.0,53.833333333333336,44.55555555555556,1.6111111111111112,0.0,3600,0,0.0,6000.000000000116,6000.000000000931,0.9016814231872559,100.0,,0.0,0.0,0.0,0.0,0.0,0.0,0.0,-0.01888888888888829,0.09666666666667112,-0.07777777777777772,0.0,1.4210854715202004e-14,1.4210854715202004e-14,6000.0
12024,stockerau_full_6000_4,S2A_MSIL2A_20230609T100031_R122_T33UWP_20230609T173715,200,,0.0,0.0,0.0,0.0,0.0,0.0,0.0,53.333333333333336,44.888888888888886,1.7777777777777777,0.0,900,0,0.0,6000.000000000116,6000.000000000931,0.8320519924163818,100.0,,0.0,0.0,0.0,0.0,0.0,0.0,0.0,-0.5188888888888883,0.4299999999999997,0.0888888888888888,0.0,1.4210854715202004e-14,1.4210854715202004e-14,6000.0
12037,stockerau_full_6000_4,S2A_MSIL2A_20230609T100031_R122_T33UWP_20230609T173715,500,,0.0,0.0,0.0,0.0,0.0,0.0,0.0,51.388888888888886,47.22222222222222,1.3888888888888888,0.0,144,0,0.0,6000.000000000116,6000.000000000931,0.7313852310180664,100.0,,0.0,0.0,0.0,0.0,0.0,0.0,0.0,-2.4633333333333383,2.7633333333333354,-0.30000000000000004,0.0,1.4210854715202004e-14,1.4210854715202004e-14,6000.0
12050,stockerau_full_6000_4,S2A_MSIL2A_20230609T100031_R122_T33UWP_20230609T173715,1000,,0.0,0.0,0.0,0.0,0.0,0.0,0.0,63.888888888888886,33.333333333333336,2.7777777777777777,0.0,36,0,0.0,6000.000000000116,6000.000000000931,0.759840726852417,100.0,,0.0,0.0,0.0,0.0,0.0,0.0,0.0,10.036666666666662,-11.12555555555555,1.0888888888888888,0.0,1.4210854715202004e-14,1.4210854715202004e-14,6000.0
11988,stockerau_full_6000_4,S2A_MSIL2A_20230616T095031_R079_T33UWP_20230616T172735,20,,0.0,0.04111111111111111,0.91,70.80888888888889,27.235555555555557,0.17333333333333334,0.5722222222222222,0.22777777777777777,0.03111111111111111,0.0,0.0,90000,0,0.0,6000.000000000116,6000.000000000931,0.7991943359375,0.2588888888888889,,0.0,0.0,0.0,0.0,0.0,0.0,0.0,0.0,0.0,0.0,0.0,0.0,0.0,6000.0
12001,stockerau_full_6000_4,S2A_MSIL2A_20230616T095031_R079_T33UWP_20230616T172735,50,,0.0,0.04861111111111111,0.9652777777777778,70.61111111111111,27.4375,0.1527777777777778,0.5277777777777778,0.22916666666666666,0.027777777777777776,0.0,0.0,14400,0,0.0,6000.000000000116,6000.000000000931,0.7091290950775146,0.2569444444444444,,0.0,0.0075,0.05527777777777776,-0.19777777777777317,0.20194444444444315,-0.02055555555555555,-0.0444444444444444,0.001388888888888884,-0.003333333333333334,0.0,0.0,-0.0019444444444444708,0.20194444444444315,6000.0
12014,stockerau_full_6000_4,S2A_MSIL2A_20230616T095031_R079_T33UWP_20230616T172735,100,,0.0,0.05555555555555555,0.9722222222222222,70.91666666666667,27.166666666666668,0.1388888888888889,0.5277777777777778,0.19444444444444445,0.027777777777777776,0.0,0.0,3600,0,0.0,6000.000000000116,6000.000000000931,0.9016814231872559,0.2222222222222222,,0.0,0.01444444444444444,0.06222222222222218,0.10777777777778397,-0.068888888888889,-0.034444444444444444,-0.0444444444444444,-0.033333333333333326,-0.003333333333333334,0.0,0.0,-0.03666666666666668,0.10777777777778397,6000.0
12027,stockerau_full_6000_4,S2A_MSIL2A_20230616T095031_R079_T33UWP_20230616T172735,200,,0.0,0.0,1.0,71.11111111111111,27.0,0.1111111111111111,0.5555555555555556,0.2222222222222222,0.0,0.0,0.0,900,0,0.0,6000.000000000116,6000.000000000931,0.8320519924163818,0.2222222222222222,,0.0,-0.04111111111111111,0.08999999999999997,0.30222222222222683,-0.23555555555555685,-0.062222222222222234,-0.016666666666666607,-0.005555555555555564,-0.03111111111111111,0.0,0.0,-0.03666666666666668,0.30222222222222683,6000.0
12040,stockerau_full_6000_4,S2A_MSIL2A_20230616T095031_R079_T33UWP_20230616T172735,500,,0.0,0.0,1.3888888888888888,75.0,22.22222222222222,0.0,0.6944444444444444,0.6944444444444444,0.0,0.0,0.0,144,0,0.0,6000.000000000116,6000.000000000931,0.7313852310180664,0.6944444444444444,,0.0,-0.04111111111111111,0.4788888888888888,4.191111111111113,-5.013333333333335,-0.17333333333333334,0.12222222222222223,0.4666666666666667,-0.03111111111111111,0.0,0.0,0.43555555555555553,5.013333333333335,6000.0
12053,stockerau_full_6000_4,S2A_MSIL2A_20230616T095031_R079_T33UWP_20230616T172735,1000,,0.0,0.0,0.0,75.0,25.0,0.0,0.0,0.0,0.0,0.0,0.0,36,0,0.0,6000.000000000116,6000.000000000931,0.759840726852417,0.0,,0.0,-0.04111111111111111,-0.91,4.191111111111113,-2.235555555555557,-0.17333333333333334,-0.5722222222222222,-0.22777777777777777,-0.03111111111111111,0.0,0.0,-0.2588888888888889,4.191111111111113,6000.0
11989,stockerau_full_6000_4,S2A_MSIL2A_20230619T100031_R122_T33UWP_20230619T172742,20,,0.0,0.01,0.0,78.4888888888889,20.781111111111112,0.1988888888888889,0.5111111111111111,0.0033333333333333335,0.006666666666666667,0.0,0.0,90000,0,0.0,6000.000000000116,6000.000000000931,0.7991943359375,0.01,,0.0,0.0,0.0,0.0,0.0,0.0,0.0,0.0,0.0,0.0,0.0,0.0,0.0,6000.0
12002,stockerau_full_6000_4,S2A_MSIL2A_20230619T100031_R122_T33UWP_20230619T172742,50,,0.0,0.013888888888888888,0.0,78.50694444444444,20.75,0.19444444444444445,0.5277777777777778,0.0,0.006944444444444444,0.0,0.0,14400,0,0.0,6000.000000000116,6000.000000000931,0.7091290950775146,0.006944444444444444,,0.0,0.003888888888888888,0.0,0.018055555555548608,-0.03111111111111242,-0.004444444444444445,0.01666666666666672,-0.0033333333333333335,0.00027777777777777696,0.0,0.0,-0.003055555555555556,0.03111111111111242,6000.0
12015,stockerau_full_6000_4,S2A_MSIL2A_20230619T100031_R122_T33UWP_20230619T172742,100,,0.0,0.027777777777777776,0.0,78.52777777777777,20.666666666666668,0.2222222222222222,0.5277777777777778,0.027777777777777776,0.0,0.0,0.0,3600,0,0.0,6000.000000000116,6000.000000000931,0.9016814231872559,0.027777777777777776,,0.0,0.017777777777777774,0.0,0.038888888888877204,-0.11444444444444457,0.023333333333333317,0.01666666666666672,0.024444444444444442,-0.006666666666666667,0.0,0.0,0.017777777777777774,0.11444444444444457,6000.0
12028,stockerau_full_6000_4,S2A_MSIL2A_20230619T100031_R122_T33UWP_20230619T172742,200,,0.0,0.0,0.0,79.44444444444444,19.77777777777778,0.0,0.7777777777777778,0.0,0.0,0.0,0.0,900,0,0.0,6000.000000000116,6000.000000000931,0.8320519924163818,0.0,,0.0,-0.01,0.0,0.9555555555555486,-1.0033333333333339,-0.1988888888888889,0.2666666666666667,-0.0033333333333333335,-0.006666666666666667,0.0,0.0,-0.01,1.0033333333333339,6000.0
12041,stockerau_full_6000_4,S2A_MSIL2A_20230619T100031_R122_T33UWP_20230619T172742,500,,0.0,0.0,0.0,80.55555555555556,17.36111111111111,0.0,2.0833333333333335,0.0,0.0,0.0,0.0,144,0,0.0,6000.000000000116,6000.000000000931,0.7313852310180664,0.0,,0.0,-0.01,0.0,2.066666666666663,-3.4200000000000017,-0.1988888888888889,1.5722222222222224,-0.0033333333333333335,-0.006666666666666667,0.0,0.0,-0.01,3.4200000000000017,6000.0
12054,stockerau_full_6000_4,S2A_MSIL2A_20230619T100031_R122_T33UWP_20230619T172742,1000,,0.0,0.0,0.0,83.33333333333333,16.666666666666668,0.0,0.0,0.0,0.0,0.0,0.0,36,0,0.0,6000.000000000116,6000.000000000931,0.759840726852417,0.0,,0.0,-0.01,0.0,4.844444444444434,-4.114444444444445,-0.1988888888888889,-0.5111111111111111,-0.0033333333333333335,-0.006666666666666667,0.0,0.0,-0.01,4.844444444444434,6000.0
11992,stockerau_full_6000_4,S2A_MSIL2A_20230626T095031_R079_T33UWP_20230626T161132,20,,0.0,0.043333333333333335,0.0,83.09,16.22111111111111,0.28444444444444444,0.3611111111111111,0.0,0.0,0.0,0.0,90000,0,0.0,6000.000000000116,6000.000000000931,0.7991943359375,0.0,,0.0,0.0,0.0,0.0,0.0,0.0,0.0,0.0,0.0,0.0,0.0,0.0,0.0,6000.0
12005,stockerau_full_6000_4,S2A_MSIL2A_20230626T095031_R079_T33UWP_20230626T161132,50,,0.0,0.04861111111111111,0.0,82.90277777777777,16.45138888888889,0.25,0.3472222222222222,0.0,0.0,0.0,0.0,14400,0,0.0,6000.000000000116,6000.000000000931,0.7091290950775146,0.0,,0.0,0.005277777777777777,0.0,-0.18722222222223195,0.23027777777777914,-0.034444444444444444,-0.013888888888888895,0.0,0.0,0.0,0.0,0.0,0.23027777777777914,6000.0
12018,stockerau_full_6000_4,S2A_MSIL2A_20230626T095031_R079_T33UWP_20230626T161132,100,,0.0,0.05555555555555555,0.0,83.30555555555556,16.0,0.2777777777777778,0.3611111111111111,0.0,0.0,0.0,0.0,3600,0,0.0,6000.000000000116,6000.000000000931,0.9016814231872559,0.0,,0.0,0.012222222222222218,0.0,0.21555555555555372,-0.22111111111111015,-0.006666666666666654,0.0,0.0,0.0,0.0,0.0,0.0,0.22111111111111015,6000.0
12031,stockerau_full_6000_4,S2A_MSIL2A_20230626T095031_R079_T33UWP_20230626T161132,200,,0.0,0.0,0.0,85.33333333333333,14.444444444444445,0.0,0.2222222222222222,0.0,0.0,0.0,0.0,900,0,0.0,6000.000000000116,6000.000000000931,0.8320519924163818,0.0,,0.0,-0.043333333333333335,0.0,2.243333333333325,-1.7766666666666655,-0.28444444444444444,-0.1388888888888889,0.0,0.0,0.0,0.0,0.0,2.243333333333325,6000.0
12044,stockerau_full_6000_4,S2A_MSIL2A_20230626T095031_R079_T33UWP_20230626T161132,500,,0.0,0.0,0.0,86.80555555555556,12.5,0.6944444444444444,0.0,0.0,0.0,0.0,0.0,144,0,0.0,6000.000000000116,6000.000000000931,0.7313852310180664,0.0,,0.0,-0.043333333333333335,0.0,3.7155555555555537,-3.72111111111111,0.41,-0.3611111111111111,0.0,0.0,0.0,0.0,0.0,3.72111111111111,6000.0
12057,stockerau_full_6000_4,S2A_MSIL2A_20230626T095031_R079_T33UWP_20230626T161132,1000,,0.0,0.0,0.0,88.88888888888889,11.11111111111111,0.0,0.0,0.0,0.0,0.0,0.0,36,0,0.0,6000.000000000116,6000.000000000931,0.759840726852417,0.0,,0.0,-0.043333333333333335,0.0,5.798888888888882,-5.109999999999999,-0.28444444444444444,-0.3611111111111111,0.0,0.0,0.0,0.0,0.0,5.798888888888882,6000.0
11993,stockerau_full_6000_4,S2A_MSIL2A_20230629T100031_R122_T33UWP_20230629T191411,20,,0.0,0.0,4.164444444444444,79.61222222222223,14.068888888888889,0.18444444444444444,0.45222222222222225,1.3022222222222222,0.21444444444444444,0.0011111111111111111,0.0,90000,0,0.0,6000.000000000116,6000.000000000931,0.7991943359375,1.5177777777777777,,0.0,0.0,0.0,0.0,0.0,0.0,0.0,0.0,0.0,0.0,0.0,0.0,0.0,6000.0
12006,stockerau_full_6000_4,S2A_MSIL2A_20230629T100031_R122_T33UWP_20230629T191411,50,,0.0,0.0,4.201388888888889,79.29861111111111,14.319444444444445,0.1736111111111111,0.5069444444444444,1.2569444444444444,0.24305555555555555,0.0,0.0,14400,0,0.0,6000.000000000116,6000.000000000931,0.7091290950775146,1.5,,0.0,0.0,0.03694444444444489,-0.31361111111111484,0.25055555555555564,-0.010833333333333334,0.05472222222222217,-0.04527777777777775,0.028611111111111115,-0.0011111111111111111,0.0,-0.01777777777777767,0.31361111111111484,6000.0
12019,stockerau_full_6000_4,S2A_MSIL2A_20230629T100031_R122_T33UWP_20230629T191411,100,,0.0,0.0,4.027777777777778,79.77777777777777,13.916666666666666,0.16666666666666666,0.6388888888888888,1.2222222222222223,0.25,0.0,0.0,3600,0,0.0,6000.000000000116,6000.000000000931,0.9016814231872559,1.4722222222222223,,0.0,0.0,-0.13666666666666671,0.16555555555554236,-0.15222222222222292,-0.01777777777777778,0.1866666666666666,-0.07999999999999985,0.03555555555555556,-0.0011111111111111111,0.0,-0.04555555555555535,0.1866666666666666,6000.0
12032,stockerau_full_6000_4,S2A_MSIL2A_20230629T100031_R122_T33UWP_20230629T191411,200,,0.0,0.0,4.222222222222222,81.77777777777777,12.0,0.0,0.5555555555555556,1.3333333333333333,0.1111111111111111,0.0,0.0,900,0,0.0,6000.000000000116,6000.000000000931,0.8320519924163818,1.4444444444444444,,0.0,0.0,0.05777777777777793,2.1655555555555424,-2.068888888888889,-0.18444444444444444,0.10333333333333333,0.03111111111111109,-0.10333333333333333,-0.0011111111111111111,0.0,-0.07333333333333325,2.1655555555555424,6000.0
12045,stockerau_full_6000_4,S2A_MSIL2A_20230629T100031_R122_T33UWP_20230629T191411,500,,0.0,0.0,2.7777777777777777,82.63888888888889,11.11111111111111,0.0,1.3888888888888888,1.3888888888888888,0.6944444444444444,0.0,0.0,144,0,0.0,6000.000000000116,6000.000000000931,0.7313852310180664,2.083333333333333,,0.0,0.0,-1.3866666666666667,3.0266666666666566,-2.9577777777777783,-0.18444444444444444,0.9366666666666665,0.08666666666666667,0.48,-0.0011111111111111111,0.0,0.5655555555555554,3.0266666666666566,6000.0
12058,stockerau_full_6000_4,S2A_MSIL2A_20230629T100031_R122_T33UWP_20230629T191411,1000,,0.0,0.0,5.555555555555555,80.55555555555556,11.11111111111111,0.0,0.0,2.7777777777777777,0.0,0.0,0.0,36,0,0.0,6000.000000000116,6000.000000000931,0.759840726852417,2.7777777777777777,,0.0,0.0,1.391111111111111,0.943333333333328,-2.9577777777777783,-0.18444444444444444,-0.45222222222222225,1.4755555555555555,-0.21444444444444444,-0.0011111111111111111,0.0,1.26,2.9577777777777783,6000.0
11982,stockerau_full_6000_4,S2B_MSIL2A_20230601T094549_R079_T33UWP_20230601T163321,20,,0.0,0.04888888888888889,0.0,62.63,36.58444444444444,0.2311111111111111,0.5055555555555555,0.0,0.0,0.0,0.0,90000,0,0.0,6000.000000000116,6000.000000000931,0.7991943359375,0.0,,0.0,0.0,0.0,0.0,0.0,0.0,0.0,0.0,0.0,0.0,0.0,0.0,0.0,6000.0
11995,stockerau_full_6000_4,S2B_MSIL2A_20230601T094549_R079_T33UWP_20230601T163321,50,,0.0,0.05555555555555555,0.0,63.13194444444444,36.13194444444444,0.20833333333333334,0.4722222222222222,0.0,0.0,0.0,0.0,14400,0,0.0,6000.000000000116,6000.000000000931,0.7091290950775146,0.0,,0.0,0.006666666666666661,0.0,0.5019444444444403,-0.45250000000000057,-0.022777777777777758,-0.033333333333333326,0.0,0.0,0.0,0.0,0.0,0.5019444444444403,6000.0
12008,stockerau_full_6000_4,S2B_MSIL2A_20230601T094549_R079_T33UWP_20230601T163321,100,,0.0,0.05555555555555555,0.0,63.27777777777778,35.888888888888886,0.25,0.5277777777777778,0.0,0.0,0.0,0.0,3600,0,0.0,6000.000000000116,6000.000000000931,0.9016814231872559,0.0,,0.0,0.006666666666666661,0.0,0.647777777777776,-0.6955555555555577,0.0188888888888889,0.022222222222222254,0.0,0.0,0.0,0.0,0.0,0.6955555555555577,6000.0
12021,stockerau_full_6000_4,S2B_MSIL2A_20230601T094549_R079_T33UWP_20230601T163321,200,,0.0,0.0,0.0,63.22222222222222,36.0,0.0,0.7777777777777778,0.0,0.0,0.0,0.0,900,0,0.0,6000.000000000116,6000.000000000931,0.8320519924163818,0.0,,0.0,-0.04888888888888889,0.0,0.5922222222222189,-0.5844444444444434,-0.2311111111111111,0.27222222222222225,0.0,0.0,0.0,0.0,0.0,0.5922222222222189,6000.0
12034,stockerau_full_6000_4,S2B_MSIL2A_20230601T094549_R079_T33UWP_20230601T163321,500,,0.0,0.0,0.0,60.416666666666664,38.888888888888886,0.6944444444444444,0.0,0.0,0.0,0.0,0.0,144,0,0.0,6000.000000000116,6000.000000000931,0.7313852310180664,0.0,,0.0,-0.04888888888888889,0.0,-2.2133333333333383,2.3044444444444423,0.4633333333333333,-0.5055555555555555,0.0,0.0,0.0,0.0,0.0,2.3044444444444423,6000.0
12047,stockerau_full_6000_4,S2B_MSIL2A_20230601T094549_R079_T33UWP_20230601T163321,1000,,0.0,0.0,0.0,72.22222222222223,27.77777777777778,0.0,0.0,0.0,0.0,0.0,0.0,36,0,0.0,6000.000000000116,6000.000000000931,0.759840726852417,0.0,,0.0,-0.04888888888888889,0.0,9.592222222222226,-8.806666666666665,-0.2311111111111111,-0.5055555555555555,0.0,0.0,0.0,0.0,0.0,9.592222222222226,6000.0
11983,stockerau_full_6000_4,S2B_MSIL2A_20230604T095559_R122_T33UWP_20230604T174403,20,,0.0,0.04555555555555556,0.0,44.26555555555556,26.02,0.10666666666666667,0.3988888888888889,1.5077777777777779,0.24888888888888888,27.406666666666666,0.0,90000,0,0.0,6000.000000000116,6000.000000000931,0.7991943359375,29.163333333333334,,0.0,0.0,0.0,0.0,0.0,0.0,0.0,0.0,0.0,0.0,0.0,0.0,0.0,6000.0
11996,stockerau_full_6000_4,S2B_MSIL2A_20230604T095559_R122_T33UWP_20230604T174403,50,,0.0,0.05555555555555555,0.0,44.47222222222222,25.65277777777778,0.1111111111111111,0.375,1.5555555555555556,0.2361111111111111,27.541666666666668,0.0,14400,0,0.0,6000.000000000116,6000.000000000931,0.7091290950775146,29.333333333333336,,0.0,0.009999999999999995,0.0,0.20666666666666345,-0.367222222222221,0.004444444444444431,-0.023888888888888904,0.0477777777777777,-0.012777777777777777,0.13500000000000156,0.0,0.1700000000000017,0.367222222222221,6000.0
12009,stockerau_full_6000_4,S2B_MSIL2A_20230604T095559_R122_T33UWP_20230604T174403,100,,0.0,0.05555555555555555,0.0,44.05555555555556,25.944444444444443,0.1111111111111111,0.3888888888888889,1.3611111111111112,0.1388888888888889,27.944444444444443,0.0,3600,0,0.0,6000.000000000116,6000.000000000931,0.9016814231872559,29.444444444444443,,0.0,0.009999999999999995,0.0,-0.21000000000000085,-0.07555555555555671,0.004444444444444431,-0.010000000000000009,-0.14666666666666672,-0.10999999999999999,0.5377777777777766,0.0,0.28111111111110887,0.28111111111110887,6000.0
12022,stockerau_full_6000_4,S2B_MSIL2A_20230604T095559_R122_T33UWP_20230604T174403,200,,0.0,0.0,0.0,45.55555555555556,24.666666666666668,0.0,0.5555555555555556,2.2222222222222223,0.1111111111111111,26.88888888888889,0.0,900,0,0.0,6000.000000000116,6000.000000000931,0.8320519924163818,29.22222222222222,,0.0,-0.04555555555555556,0.0,1.2899999999999991,-1.3533333333333317,-0.10666666666666667,0.15666666666666668,0.7144444444444444,-0.13777777777777778,-0.517777777777777,0.0,0.058888888888887436,1.3533333333333317,6000.0
12035,stockerau_full_6000_4,S2B_MSIL2A_20230604T095559_R122_T33UWP_20230604T174403,500,,0.0,0.0,0.0,42.361111111111114,27.77777777777778,0.0,0.0,1.3888888888888888,0.6944444444444444,27.77777777777778,0.0,144,0,0.0,6000.000000000116,6000.000000000931,0.7313852310180664,29.86111111111111,,0.0,-0.04555555555555556,0.0,-1.9044444444444437,1.757777777777779,-0.10666666666666667,-0.3988888888888889,-0.11888888888888904,0.44555555555555554,0.3711111111111123,0.0,0.6977777777777767,1.9044444444444437,6000.0
12048,stockerau_full_6000_4,S2B_MSIL2A_20230604T095559_R122_T33UWP_20230604T174403,1000,,0.0,0.0,0.0,52.77777777777778,16.666666666666668,0.0,0.0,0.0,0.0,30.555555555555557,0.0,36,0,0.0,6000.000000000116,6000.000000000931,0.759840726852417,30.555555555555557,,0.0,-0.04555555555555556,0.0,8.51222222222222,-9.353333333333332,-0.10666666666666667,-0.3988888888888889,-1.5077777777777779,-0.24888888888888888,3.148888888888891,0.0,1.3922222222222231,9.353333333333332,6000.0
11986,stockerau_full_6000_4,S2B_MSIL2A_20230611T094549_R079_T33UWP_20230611T135320,20,,0.0,0.0,0.0,0.0,0.0011111111111111111,0.0,0.0,0.68,99.31888888888889,0.0,0.0,90000,0,0.0,6000.000000000116,6000.000000000931,0.7991943359375,99.9988888888889,,0.0,0.0,0.0,0.0,0.0,0.0,0.0,0.0,0.0,0.0,0.0,0.0,0.0,6000.0
11999,stockerau_full_6000_4,S2B_MSIL2A_20230611T094549_R079_T33UWP_20230611T135320,50,,0.0,0.0,0.0,0.0,0.006944444444444444,0.0,0.0,0.625,99.36805555555556,0.0,0.0,14400,0,0.0,6000.000000000116,6000.000000000931,0.7091290950775146,99.99305555555556,,0.0,0.0,0.0,0.0,0.005833333333333333,0.0,0.0,-0.05500000000000005,0.04916666666666458,0.0,0.0,-0.005833333333342239,0.005833333333342239,6000.0
12012,stockerau_full_6000_4,S2B_MSIL2A_20230611T094549_R079_T33UWP_20230611T135320,100,,0.0,0.0,0.0,0.0,0.0,0.0,0.0,0.6666666666666666,99.33333333333333,0.0,0.0,3600,0,0.0,6000.000000000116,6000.000000000931,0.9016814231872559,100.0,,0.0,0.0,0.0,0.0,-0.0011111111111111111,0.0,0.0,-0.01333333333333342,0.014444444444436044,0.0,0.0,0.0011111111111006267,0.0011111111111111111,6000.0
12025,stockerau_full_6000_4,S2B_MSIL2A_20230611T094549_R079_T33UWP_20230611T135320,200,,0.0,0.0,0.0,0.0,0.0,0.0,0.0,0.5555555555555556,99.44444444444444,0.0,0.0,900,0,0.0,6000.000000000116,6000.000000000931,0.8320519924163818,100.0,,0.0,0.0,0.0,0.0,-0.0011111111111111111,0.0,0.0,-0.12444444444444447,0.1255555555555503,0.0,0.0,0.0011111111111006267,0.0011111111111111111,6000.0
12038,stockerau_full_6000_4,S2B_MSIL2A_20230611T094549_R079_T33UWP_20230611T135320,500,,0.0,0.0,0.0,0.0,0.0,0.0,0.0,0.6944444444444444,99.30555555555556,0.0,0.0,144,0,0.0,6000.000000000116,6000.000000000931,0.7313852310180664,100.0,,0.0,0.0,0.0,0.0,-0.0011111111111111111,0.0,0.0,0.014444444444444371,-0.013333333333335418,0.0,0.0,0.0011111111111006267,0.0011111111111111111,6000.0
12051,stockerau_full_6000_4,S2B_MSIL2A_20230611T094549_R079_T33UWP_20230611T135320,1000,,0.0,0.0,0.0,0.0,0.0,0.0,0.0,0.0,100.0,0.0,0.0,36,0,0.0,6000.000000000116,6000.000000000931,0.759840726852417,100.0,,0.0,0.0,0.0,0.0,-0.0011111111111111111,0.0,0.0,-0.68,0.6811111111111074,0.0,0.0,0.0011111111111006267,0.0011111111111111111,6000.0
11987,stockerau_full_6000_4,S2B_MSIL2A_20230614T095559_R122_T33UWP_20230614T142248,20,,0.0,0.04666666666666667,2.2355555555555555,69.92222222222222,25.378888888888888,0.21666666666666667,0.5155555555555555,1.1522222222222223,0.5322222222222223,0.0,0.0,90000,0,0.0,6000.000000000116,6000.000000000931,0.7991943359375,1.6844444444444444,,0.0,0.0,0.0,0.0,0.0,0.0,0.0,0.0,0.0,0.0,0.0,0.0,0.0,6000.0
12000,stockerau_full_6000_4,S2B_MSIL2A_20230614T095559_R122_T33UWP_20230614T142248,50,,0.0,0.05555555555555555,2.2569444444444446,69.92361111111111,25.34027777777778,0.2013888888888889,0.5486111111111112,1.1736111111111112,0.5,0.0,0.0,14400,0,0.0,6000.000000000116,6000.000000000931,0.7091290950775146,1.6736111111111112,,0.0,0.008888888888888884,0.021388888888889124,0.0013888888888970996,-0.03861111111110915,-0.015277777777777779,0.033055555555555616,0.0213888888888889,-0.03222222222222226,0.0,0.0,-0.01083333333333325,0.03861111111110915,6000.0
12013,stockerau_full_6000_4,S2B_MSIL2A_20230614T095559_R122_T33UWP_20230614T142248,100,,0.0,0.05555555555555555,2.25,70.16666666666667,25.055555555555557,0.25,0.5555555555555556,1.0277777777777777,0.6388888888888888,0.0,0.0,3600,0,0.0,6000.000000000116,6000.000000000931,0.9016814231872559,1.6666666666666665,,0.0,0.008888888888888884,0.014444444444444482,0.24444444444445423,-0.3233333333333306,0.033333333333333326,0.040000000000000036,-0.12444444444444458,0.10666666666666658,0.0,0.0,-0.017777777777777892,0.3233333333333306,6000.0
12026,stockerau_full_6000_4,S2B_MSIL2A_20230614T095559_R122_T33UWP_20230614T142248,200,,0.0,0.0,2.4444444444444446,70.44444444444444,25.11111111111111,0.0,0.5555555555555556,0.8888888888888888,0.5555555555555556,0.0,0.0,900,0,0.0,6000.000000000116,6000.000000000931,0.8320519924163818,1.4444444444444444,,0.0,-0.04666666666666667,0.20888888888888912,0.5222222222222257,-0.267777777777777,-0.21666666666666667,0.040000000000000036,-0.2633333333333334,0.023333333333333317,0.0,0.0,-0.24,0.5222222222222257,6000.0
12039,stockerau_full_6000_4,S2B_MSIL2A_20230614T095559_R122_T33UWP_20230614T142248,500,,0.0,0.0,2.0833333333333335,71.52777777777777,23.61111111111111,0.0,0.6944444444444444,2.0833333333333335,0.0,0.0,0.0,144,0,0.0,6000.000000000116,6000.000000000931,0.7313852310180664,2.0833333333333335,,0.0,-0.04666666666666667,-0.15222222222222204,1.6055555555555543,-1.767777777777777,-0.21666666666666667,0.17888888888888888,0.9311111111111112,-0.5322222222222223,0.0,0.0,0.39888888888888907,1.767777777777777,6000.0
12052,stockerau_full_6000_4,S2B_MSIL2A_20230614T095559_R122_T33UWP_20230614T142248,1000,,0.0,0.0,2.7777777777777777,75.0,22.22222222222222,0.0,0.0,0.0,0.0,0.0,0.0,36,0,0.0,6000.000000000116,6000.000000000931,0.759840726852417,0.0,,0.0,-0.04666666666666667,0.5422222222222222,5.077777777777783,-3.1566666666666663,-0.21666666666666667,-0.5155555555555555,-1.1522222222222223,-0.5322222222222223,0.0,0.0,-1.6844444444444444,5.077777777777783,6000.0
11990,stockerau_full_6000_4,S2B_MSIL2A_20230621T094549_R079_T33UWP_20230621T143955,20,,0.0,0.03333333333333333,0.0,14.303333333333333,2.0455555555555556,0.011111111111111112,0.18333333333333332,33.26222222222222,0.42777777777777776,49.733333333333334,0.0,90000,0,0.0,6000.000000000116,6000.000000000931,0.7991943359375,83.42333333333333,,0.0,0.0,0.0,0.0,0.0,0.0,0.0,0.0,0.0,0.0,0.0,0.0,0.0,6000.0
12003,stockerau_full_6000_4,S2B_MSIL2A_20230621T094549_R079_T33UWP_20230621T143955,50,,0.0,0.041666666666666664,0.0,14.340277777777779,1.9861111111111112,0.006944444444444444,0.16666666666666666,33.25694444444444,0.4444444444444444,49.75694444444444,0.0,14400,0,0.0,6000.000000000116,6000.000000000931,0.7091290950775146,83.45833333333333,,0.0,0.008333333333333331,0.0,0.03694444444444578,-0.05944444444444441,-0.0041666666666666675,-0.016666666666666663,-0.005277777777777715,0.016666666666666663,0.023611111111108585,0.0,0.03499999999999659,0.05944444444444441,6000.0
12016,stockerau_full_6000_4,S2B_MSIL2A_20230621T094549_R079_T33UWP_20230621T143955,100,,0.0,0.05555555555555555,0.0,14.0,1.9166666666666667,0.0,0.1111111111111111,33.583333333333336,0.4444444444444444,49.888888888888886,0.0,3600,0,0.0,6000.000000000116,6000.000000000931,0.9016814231872559,83.91666666666666,,0.0,0.02222222222222222,0.0,-0.3033333333333328,-0.12888888888888883,-0.011111111111111112,-0.07222222222222222,0.3211111111111151,0.016666666666666663,0.15555555555555145,0.0,0.4933333333333252,0.4933333333333252,6000.0
12029,stockerau_full_6000_4,S2B_MSIL2A_20230621T094549_R079_T33UWP_20230621T143955,200,,0.0,0.0,0.0,13.333333333333334,1.5555555555555556,0.0,0.3333333333333333,33.888888888888886,0.4444444444444444,50.44444444444444,0.0,900,0,0.0,6000.000000000116,6000.000000000931,0.8320519924163818,84.77777777777777,,0.0,-0.03333333333333333,0.0,-0.9699999999999989,-0.49,-0.011111111111111112,0.15,0.6266666666666652,0.016666666666666663,0.7111111111111086,0.0,1.3544444444444395,1.3544444444444395,6000.0
12042,stockerau_full_6000_4,S2B_MSIL2A_20230621T094549_R079_T33UWP_20230621T143955,500,,0.0,0.0,0.0,14.583333333333334,0.6944444444444444,0.0,0.0,33.333333333333336,1.3888888888888888,50.0,0.0,144,0,0.0,6000.000000000116,6000.000000000931,0.7313852310180664,84.72222222222223,,0.0,-0.03333333333333333,0.0,0.28000000000000114,-1.3511111111111112,-0.011111111111111112,-0.18333333333333332,0.07111111111111512,0.961111111111111,0.2666666666666657,0.0,1.2988888888888965,1.3511111111111112,6000.0
12055,stockerau_full_6000_4,S2B_MSIL2A_20230621T094549_R079_T33UWP_20230621T143955,1000,,0.0,0.0,0.0,16.666666666666668,2.7777777777777777,0.0,0.0,30.555555555555557,0.0,50.0,0.0,36,0,0.0,6000.000000000116,6000.000000000931,0.759840726852417,80.55555555555556,,0.0,-0.03333333333333333,0.0,2.363333333333335,0.7322222222222221,-0.011111111111111112,-0.18333333333333332,-2.7066666666666634,-0.42777777777777776,0.2666666666666657,0.0,-2.867777777777775,2.867777777777775,6000.0
11991,stockerau_full_6000_4,S2B_MSIL2A_20230624T095559_R122_T33UWP_20230624T142946,20,,0.0,0.0,0.0,0.0,0.0,0.0,0.0,0.034444444444444444,99.96555555555555,0.0,0.0,90000,0,0.0,6000.000000000116,6000.000000000931,0.7991943359375,100.0,,0.0,0.0,0.0,0.0,0.0,0.0,0.0,0.0,0.0,0.0,0.0,0.0,0.0,6000.0
12004,stockerau_full_6000_4,S2B_MSIL2A_20230624T095559_R122_T33UWP_20230624T142946,50,,0.0,0.0,0.0,0.0,0.0,0.0,0.0,0.020833333333333332,99.97916666666667,0.0,0.0,14400,0,0.0,6000.000000000116,6000.000000000931,0.7091290950775146,100.0,,0.0,0.0,0.0,0.0,0.0,0.0,0.0,-0.013611111111111112,0.01361111111111768,0.0,0.0,0.0,0.0,6000.0
12017,stockerau_full_6000_4,S2B_MSIL2A_20230624T095559_R122_T33UWP_20230624T142946,100,,0.0,0.0,0.0,0.0,0.0,0.0,0.0,0.027777777777777776,99.97222222222223,0.0,0.0,3600,0,0.0,6000.000000000116,6000.000000000931,0.9016814231872559,100.0,,0.0,0.0,0.0,0.0,0.0,0.0,0.0,-0.006666666666666668,0.006666666666674814,0.0,0.0,0.0,0.0,6000.0
12030,stockerau_full_6000_4,S2B_MSIL2A_20230624T095559_R122_T33UWP_20230624T142946,200,,0.0,0.0,0.0,0.0,0.0,0.0,0.0,0.0,100.0,0.0,0.0,900,0,0.0,6000.000000000116,6000.000000000931,0.8320519924163818,100.0,,0.0,0.0,0.0,0.0,0.0,0.0,0.0,-0.034444444444444444,0.034444444444446276,0.0,0.0,0.0,0.0,6000.0
12043,stockerau_full_6000_4,S2B_MSIL2A_20230624T095559_R122_T33UWP_20230624T142946,500,,0.0,0.0,0.0,0.0,0.0,0.0,0.0,0.0,100.0,0.0,0.0,144,0,0.0,6000.000000000116,6000.000000000931,0.7313852310180664,100.0,,0.0,0.0,0.0,0.0,0.0,0.0,0.0,-0.034444444444444444,0.034444444444446276,0.0,0.0,0.0,0.0,6000.0
12056,stockerau_full_6000_4,S2B_MSIL2A_20230624T095559_R122_T33UWP_20230624T142946,1000,,0.0,0.0,0.0,0.0,0.0,0.0,0.0,0.0,100.0,0.0,0.0,36,0,0.0,6000.000000000116,6000.000000000931,0.759840726852417,100.0,,0.0,0.0,0.0,0.0,0.0,0.0,0.0,-0.034444444444444444,0.034444444444446276,0.0,0.0,0.0,0.0,6000.0
11994,stockerau_full_6000_4,S2B_MSIL2A_20230701T094549_R079_T33UWP_20230701T152448,20,,0.0,0.0,0.0,0.0,0.0,0.0,0.0,0.0044444444444444444,99.99555555555555,0.0,0.0,90000,0,0.0,6000.000000000116,6000.000000000931,0.7991943359375,100.0,,0.0,0.0,0.0,0.0,0.0,0.0,0.0,0.0,0.0,0.0,0.0,0.0,0.0,6000.0
12007,stockerau_full_6000_4,S2B_MSIL2A_20230701T094549_R079_T33UWP_20230701T152448,50,,0.0,0.0,0.0,0.0,0.0,0.0,0.0,0.0,100.0,0.0,0.0,14400,0,0.0,6000.000000000116,6000.000000000931,0.7091290950775146,100.0,,0.0,0.0,0.0,0.0,0.0,0.0,0.0,-0.0044444444444444444,0.004444444444445139,0.0,0.0,0.0,0.0,6000.0
12020,stockerau_full_6000_4,S2B_MSIL2A_20230701T094549_R079_T33UWP_20230701T152448,100,,0.0,0.0,0.0,0.0,0.0,0.0,0.0,0.027777777777777776,99.97222222222223,0.0,0.0,3600,0,0.0,6000.000000000116,6000.000000000931,0.9016814231872559,100.0,,0.0,0.0,0.0,0.0,0.0,0.0,0.0,0.02333333333333333,-0.023333333333326323,0.0,0.0,0.0,0.0,6000.0
12033,stockerau_full_6000_4,S2B_MSIL2A_20230701T094549_R079_T33UWP_20230701T152448,200,,0.0,0.0,0.0,0.0,0.0,0.0,0.0,0.0,100.0,0.0,0.0,900,0,0.0,6000.000000000116,6000.000000000931,0.8320519924163818,100.0,,0.0,0.0,0.0,0.0,0.0,0.0,0.0,-0.0044444444444444444,0.004444444444445139,0.0,0.0,0.0,0.0,6000.0
12046,stockerau_full_6000_4,S2B_MSIL2A_20230701T094549_R079_T33UWP_20230701T152448,500,,0.0,0.0,0.0,0.0,0.0,0.0,0.0,0.0,100.0,0.0,0.0,144,0,0.0,6000.000000000116,6000.000000000931,0.7313852310180664,100.0,,0.0,0.0,0.0,0.0,0.0,0.0,0.0,-0.0044444444444444444,0.004444444444445139,0.0,0.0,0.0,0.0,6000.0
12059,stockerau_full_6000_4,S2B_MSIL2A_20230701T094549_R079_T33UWP_20230701T152448,1000,,0.0,0.0,0.0,0.0,0.0,0.0,0.0,0.0,100.0,0.0,0.0,36,0,0.0,6000.000000000116,6000.000000000931,0.759840726852417,100.0,,0.0,0.0,0.0,0.0,0.0,0.0,0.0,-0.0044444444444444444,0.004444444444445139,0.0,0.0,0.0,0.0,6000.0
12062,stockerau_full_6000_5,S2A_MSIL2A_20230606T095031_R079_T33UWP_20230606T162616,20,,0.0,0.0,0.0,0.0,0.0,0.0,0.82,7.783333333333333,91.39666666666666,0.0,0.0,90000,0,0.0,6000.0,6000.000000001863,0.8448712825775146,99.17999999999999,,0.0,0.0,0.0,0.0,0.0,0.0,0.0,0.0,0.0,0.0,0.0,0.0,0.0,6000.0
12075,stockerau_full_6000_5,S2A_MSIL2A_20230606T095031_R079_T33UWP_20230606T162616,50,,0.0,0.0,0.0,0.0,0.0,0.0,0.8402777777777778,7.729166666666667,91.43055555555556,0.0,0.0,14400,0,0.0,6000.0,6000.000000001863,0.9136550426483154,99.15972222222223,,0.0,0.0,0.0,0.0,0.0,0.0,0.02027777777777784,-0.05416666666666625,0.03388888888889596,0.0,0.0,-0.020277777777764072,0.02027777777777784,6000.0
12088,stockerau_full_6000_5,S2A_MSIL2A_20230606T095031_R079_T33UWP_20230606T162616,100,,0.0,0.0,0.0,0.0,0.0,0.0,0.9444444444444444,7.555555555555555,91.5,0.0,0.0,3600,0,0.0,6000.0,6000.000000001863,0.893496036529541,99.05555555555556,,0.0,0.0,0.0,0.0,0.0,0.0,0.12444444444444447,-0.22777777777777786,0.10333333333333883,0.0,0.0,-0.12444444444443548,0.12444444444444447,6000.0
12101,stockerau_full_6000_5,S2A_MSIL2A_20230606T095031_R079_T33UWP_20230606T162616,200,,0.0,0.0,0.0,0.0,0.0,0.0,0.5555555555555556,8.0,91.44444444444444,0.0,0.0,900,0,0.0,6000.0,6000.000000001863,0.7664093971252441,99.44444444444444,,0.0,0.0,0.0,0.0,0.0,0.0,-0.26444444444444437,0.21666666666666679,0.047777777777781694,0.0,0.0,0.26444444444445026,0.26444444444445026,6000.0
12114,stockerau_full_6000_5,S2A_MSIL2A_20230606T095031_R079_T33UWP_20230606T162616,500,,0.0,0.0,0.0,0.0,0.0,0.0,0.6944444444444444,8.333333333333334,90.97222222222223,0.0,0.0,144,0,0.0,6000.0,6000.000000001863,1.3773276805877686,99.30555555555556,,0.0,0.0,0.0,0.0,0.0,0.0,-0.12555555555555553,0.5500000000000007,-0.42444444444443263,0.0,0.0,0.12555555555556452,0.12555555555556452,6000.0
12127,stockerau_full_6000_5,S2A_MSIL2A_20230606T095031_R079_T33UWP_20230606T162616,1000,,0.0,0.0,0.0,0.0,0.0,0.0,2.7777777777777777,8.333333333333334,88.88888888888889,0.0,0.0,36,0,0.0,6000.0,6000.000000001863,0.7640912532806396,97.22222222222221,,0.0,0.0,0.0,0.0,0.0,0.0,1.9577777777777778,0.5500000000000007,-2.5077777777777754,0.0,0.0,-1.9577777777777783,1.9577777777777783,6000.0
12063,stockerau_full_6000_5,S2A_MSIL2A_20230609T100031_R122_T33UWP_20230609T173715,20,,0.0,0.0,0.0,0.0,0.0,0.0,0.0,0.6811111111111111,99.31888888888889,0.0,0.0,90000,0,0.0,6000.0,6000.000000001863,0.8448712825775146,100.0,,0.0,0.0,0.0,0.0,0.0,0.0,0.0,0.0,0.0,0.0,0.0,0.0,0.0,6000.0
12076,stockerau_full_6000_5,S2A_MSIL2A_20230609T100031_R122_T33UWP_20230609T173715,50,,0.0,0.0,0.0,0.0,0.0,0.0,0.0,0.6805555555555556,99.31944444444444,0.0,0.0,14400,0,0.0,6000.0,6000.000000001863,0.9136550426483154,100.0,,0.0,0.0,0.0,0.0,0.0,0.0,0.0,-0.0005555555555555314,0.0005555555555503133,0.0,0.0,0.0,0.0,6000.0
12089,stockerau_full_6000_5,S2A_MSIL2A_20230609T100031_R122_T33UWP_20230609T173715,100,,0.0,0.0,0.0,0.0,0.0,0.0,0.0,0.6666666666666666,99.33333333333333,0.0,0.0,3600,0,0.0,6000.0,6000.000000001863,0.893496036529541,100.0,,0.0,0.0,0.0,0.0,0.0,0.0,0.0,-0.014444444444444482,0.014444444444436044,0.0,0.0,0.0,0.0,6000.0
12102,stockerau_full_6000_5,S2A_MSIL2A_20230609T100031_R122_T33UWP_20230609T173715,200,,0.0,0.0,0.0,0.0,0.0,0.0,0.0,0.4444444444444444,99.55555555555556,0.0,0.0,900,0,0.0,6000.0,6000.000000001863,0.7664093971252441,100.0,,0.0,0.0,0.0,0.0,0.0,0.0,0.0,-0.2366666666666667,0.23666666666666458,0.0,0.0,0.0,0.0,6000.0
12115,stockerau_full_6000_5,S2A_MSIL2A_20230609T100031_R122_T33UWP_20230609T173715,500,,0.0,0.0,0.0,0.0,0.0,0.0,0.0,0.6944444444444444,99.30555555555556,0.0,0.0,144,0,0.0,6000.0,6000.000000001863,1.3773276805877686,100.0,,0.0,0.0,0.0,0.0,0.0,0.0,0.0,0.013333333333333308,-0.013333333333335418,0.0,0.0,0.0,0.0,6000.0
12128,stockerau_full_6000_5,S2A_MSIL2A_20230609T100031_R122_T33UWP_20230609T173715,1000,,0.0,0.0,0.0,0.0,0.0,0.0,0.0,0.0,100.0,0.0,0.0,36,0,0.0,6000.0,6000.000000001863,0.7640912532806396,100.0,,0.0,0.0,0.0,0.0,0.0,0.0,0.0,-0.6811111111111111,0.6811111111111074,0.0,0.0,0.0,0.0,6000.0
12066,stockerau_full_6000_5,S2A_MSIL2A_20230616T095031_R079_T33UWP_20230616T172735,20,,0.0,0.0,1.2155555555555555,70.33888888888889,25.846666666666668,0.043333333333333335,0.37777777777777777,1.3211111111111111,0.23777777777777778,0.6188888888888889,0.0,90000,0,0.0,6000.0,6000.000000001863,0.8448712825775146,2.177777777777778,,0.0,0.0,0.0,0.0,0.0,0.0,0.0,0.0,0.0,0.0,0.0,0.0,0.0,6000.0
12079,stockerau_full_6000_5,S2A_MSIL2A_20230616T095031_R079_T33UWP_20230616T172735,50,,0.0,0.0,1.1805555555555556,70.74305555555556,25.520833333333332,0.034722222222222224,0.3194444444444444,1.3402777777777777,0.2222222222222222,0.6388888888888888,0.0,14400,0,0.0,6000.0,6000.000000001863,0.9136550426483154,2.201388888888889,,0.0,0.0,-0.03499999999999992,0.40416666666666856,-0.3258333333333354,-0.008611111111111111,-0.05833333333333335,0.019166666666666554,-0.015555555555555572,0.019999999999999907,0.0,0.023611111111110805,0.40416666666666856,6000.0
12092,stockerau_full_6000_5,S2A_MSIL2A_20230616T095031_R079_T33UWP_20230616T172735,100,,0.0,0.0,1.1944444444444444,69.83333333333333,26.47222222222222,0.027777777777777776,0.3888888888888889,1.3888888888888888,0.16666666666666666,0.5277777777777778,0.0,3600,0,0.0,6000.0,6000.000000001863,0.893496036529541,2.0833333333333335,,0.0,0.0,-0.02111111111111108,-0.50555555555556,0.6255555555555539,-0.015555555555555559,0.011111111111111127,0.06777777777777771,-0.07111111111111112,-0.09111111111111114,0.0,-0.09444444444444455,0.6255555555555539,6000.0
12105,stockerau_full_6000_5,S2A_MSIL2A_20230616T095031_R079_T33UWP_20230616T172735,200,,0.0,0.0,1.2222222222222223,73.11111111111111,23.555555555555557,0.0,0.1111111111111111,1.2222222222222223,0.2222222222222222,0.5555555555555556,0.0,900,0,0.0,6000.0,6000.000000001863,0.7664093971252441,2.0,,0.0,0.0,0.006666666666666821,2.7722222222222257,-2.2911111111111104,-0.043333333333333335,-0.26666666666666666,-0.0988888888888888,-0.015555555555555572,-0.06333333333333335,0.0,-0.17777777777777803,2.7722222222222257,6000.0
12118,stockerau_full_6000_5,S2A_MSIL2A_20230616T095031_R079_T33UWP_20230616T172735,500,,0.0,0.0,0.6944444444444444,65.27777777777777,31.25,0.0,0.6944444444444444,1.3888888888888888,0.0,0.6944444444444444,0.0,144,0,0.0,6000.0,6000.000000001863,1.3773276805877686,2.083333333333333,,0.0,0.0,-0.5211111111111111,-5.061111111111117,5.403333333333332,-0.043333333333333335,0.31666666666666665,0.06777777777777771,-0.23777777777777778,0.07555555555555549,0.0,-0.094444444444445,5.403333333333332,6000.0
12131,stockerau_full_6000_5,S2A_MSIL2A_20230616T095031_R079_T33UWP_20230616T172735,1000,,0.0,0.0,2.7777777777777777,63.888888888888886,27.77777777777778,0.0,0.0,5.555555555555555,0.0,0.0,0.0,36,0,0.0,6000.0,6000.000000001863,0.7640912532806396,5.555555555555555,,0.0,0.0,1.5622222222222222,-6.450000000000003,1.931111111111111,-0.043333333333333335,-0.37777777777777777,4.234444444444444,-0.23777777777777778,-0.6188888888888889,0.0,3.3777777777777773,6.450000000000003,6000.0
12067,stockerau_full_6000_5,S2A_MSIL2A_20230619T100031_R122_T33UWP_20230619T172742,20,,0.0,0.0,0.04888888888888889,79.90333333333334,19.362222222222222,0.042222222222222223,0.49777777777777776,0.13,0.015555555555555555,0.0,0.0,90000,0,0.0,6000.0,6000.000000001863,0.8448712825775146,0.14555555555555555,,0.0,0.0,0.0,0.0,0.0,0.0,0.0,0.0,0.0,0.0,0.0,0.0,0.0,6000.0
12080,stockerau_full_6000_5,S2A_MSIL2A_20230619T100031_R122_T33UWP_20230619T172742,50,,0.0,0.0,0.041666666666666664,80.08333333333333,19.118055555555557,0.034722222222222224,0.5625,0.1388888888888889,0.020833333333333332,0.0,0.0,14400,0,0.0,6000.0,6000.000000001863,0.9136550426483154,0.15972222222222224,,0.0,0.0,-0.007222222222222227,0.1799999999999926,-0.24416666666666487,-0.0075,0.06472222222222224,0.00888888888888889,0.005277777777777777,0.0,0.0,0.014166666666666689,0.24416666666666487,6000.0
12093,stockerau_full_6000_5,S2A_MSIL2A_20230619T100031_R122_T33UWP_20230619T172742,100,,0.0,0.0,0.027777777777777776,79.41666666666667,19.833333333333332,0.027777777777777776,0.4722222222222222,0.19444444444444445,0.027777777777777776,0.0,0.0,3600,0,0.0,6000.0,6000.000000001863,0.893496036529541,0.2222222222222222,,0.0,0.0,-0.021111111111111115,-0.4866666666666646,0.47111111111111015,-0.014444444444444447,-0.025555555555555554,0.06444444444444444,0.012222222222222221,0.0,0.0,0.07666666666666666,0.4866666666666646,6000.0
12106,stockerau_full_6000_5,S2A_MSIL2A_20230619T100031_R122_T33UWP_20230619T172742,200,,0.0,0.0,0.1111111111111111,82.44444444444444,16.77777777777778,0.0,0.5555555555555556,0.1111111111111111,0.0,0.0,0.0,900,0,0.0,6000.0,6000.000000001863,0.7664093971252441,0.1111111111111111,,0.0,0.0,0.062222222222222213,2.541111111111107,-2.5844444444444434,-0.042222222222222223,0.05777777777777782,-0.0188888888888889,-0.015555555555555555,0.0,0.0,-0.034444444444444444,2.5844444444444434,6000.0
12119,stockerau_full_6000_5,S2A_MSIL2A_20230619T100031_R122_T33UWP_20230619T172742,500,,0.0,0.0,0.6944444444444444,74.30555555555556,24.305555555555557,0.0,0.6944444444444444,0.0,0.0,0.0,0.0,144,0,0.0,6000.0,6000.000000001863,1.3773276805877686,0.0,,0.0,0.0,0.6455555555555555,-5.597777777777779,4.943333333333335,-0.042222222222222223,0.19666666666666666,-0.13,-0.015555555555555555,0.0,0.0,-0.14555555555555555,5.597777777777779,6000.0
12132,stockerau_full_6000_5,S2A_MSIL2A_20230619T100031_R122_T33UWP_20230619T172742,1000,,0.0,0.0,0.0,80.55555555555556,16.666666666666668,0.0,2.7777777777777777,0.0,0.0,0.0,0.0,36,0,0.0,6000.0,6000.000000001863,0.7640912532806396,0.0,,0.0,0.0,-0.04888888888888889,0.6522222222222211,-2.695555555555554,-0.042222222222222223,2.28,-0.13,-0.015555555555555555,0.0,0.0,-0.14555555555555555,2.695555555555554,6000.0
12070,stockerau_full_6000_5,S2A_MSIL2A_20230626T095031_R079_T33UWP_20230626T161132,20,,0.0,0.0,0.0,85.41,14.532222222222222,0.043333333333333335,0.014444444444444444,0.0,0.0,0.0,0.0,90000,0,0.0,6000.0,6000.000000001863,0.8448712825775146,0.0,,0.0,0.0,0.0,0.0,0.0,0.0,0.0,0.0,0.0,0.0,0.0,0.0,0.0,6000.0
12083,stockerau_full_6000_5,S2A_MSIL2A_20230626T095031_R079_T33UWP_20230626T161132,50,,0.0,0.0,0.0,85.46527777777777,14.48611111111111,0.034722222222222224,0.013888888888888888,0.0,0.0,0.0,0.0,14400,0,0.0,6000.0,6000.000000001863,0.9136550426483154,0.0,,0.0,0.0,0.0,0.05527777777777487,-0.046111111111111214,-0.008611111111111111,-0.0005555555555555557,0.0,0.0,0.0,0.0,0.0,0.05527777777777487,6000.0
12096,stockerau_full_6000_5,S2A_MSIL2A_20230626T095031_R079_T33UWP_20230626T161132,100,,0.0,0.0,0.0,85.0,14.972222222222221,0.027777777777777776,0.0,0.0,0.0,0.0,0.0,3600,0,0.0,6000.0,6000.000000001863,0.893496036529541,0.0,,0.0,0.0,0.0,-0.4099999999999966,0.4399999999999995,-0.015555555555555559,-0.014444444444444444,0.0,0.0,0.0,0.0,0.0,0.4399999999999995,6000.0
12109,stockerau_full_6000_5,S2A_MSIL2A_20230626T095031_R079_T33UWP_20230626T161132,200,,0.0,0.0,0.0,86.33333333333333,13.666666666666666,0.0,0.0,0.0,0.0,0.0,0.0,900,0,0.0,6000.0,6000.000000001863,0.7664093971252441,0.0,,0.0,0.0,0.0,0.923333333333332,-0.8655555555555559,-0.043333333333333335,-0.014444444444444444,0.0,0.0,0.0,0.0,0.0,0.923333333333332,6000.0
12122,stockerau_full_6000_5,S2A_MSIL2A_20230626T095031_R079_T33UWP_20230626T161132,500,,0.0,0.0,0.0,83.33333333333333,16.666666666666668,0.0,0.0,0.0,0.0,0.0,0.0,144,0,0.0,6000.0,6000.000000001863,1.3773276805877686,0.0,,0.0,0.0,0.0,-2.076666666666668,2.134444444444446,-0.043333333333333335,-0.014444444444444444,0.0,0.0,0.0,0.0,0.0,2.134444444444446,6000.0
12135,stockerau_full_6000_5,S2A_MSIL2A_20230626T095031_R079_T33UWP_20230626T161132,1000,,0.0,0.0,0.0,88.88888888888889,11.11111111111111,0.0,0.0,0.0,0.0,0.0,0.0,36,0,0.0,6000.0,6000.000000001863,0.7640912532806396,0.0,,0.0,0.0,0.0,3.478888888888889,-3.421111111111111,-0.043333333333333335,-0.014444444444444444,0.0,0.0,0.0,0.0,0.0,3.478888888888889,6000.0
12071,stockerau_full_6000_5,S2A_MSIL2A_20230629T100031_R122_T33UWP_20230629T191411,20,,0.0,0.0,10.11888888888889,61.27111111111111,9.39,0.043333333333333335,0.25,11.307777777777778,7.5744444444444445,0.044444444444444446,0.0,90000,0,0.0,6000.0,6000.000000001863,0.8448712825775146,18.926666666666666,,0.0,0.0,0.0,0.0,0.0,0.0,0.0,0.0,0.0,0.0,0.0,0.0,0.0,6000.0
12084,stockerau_full_6000_5,S2A_MSIL2A_20230629T100031_R122_T33UWP_20230629T191411,50,,0.0,0.0,10.027777777777779,61.52777777777778,9.402777777777779,0.034722222222222224,0.2847222222222222,11.104166666666666,7.576388888888889,0.041666666666666664,0.0,14400,0,0.0,6000.0,6000.000000001863,0.9136550426483154,18.722222222222225,,0.0,0.0,-0.09111111111111114,0.2566666666666677,0.012777777777777999,-0.008611111111111111,0.03472222222222221,-0.20361111111111185,0.0019444444444447484,-0.002777777777777782,0.0,-0.20444444444444088,0.2566666666666677,6000.0
12097,stockerau_full_6000_5,S2A_MSIL2A_20230629T100031_R122_T33UWP_20230629T191411,100,,0.0,0.0,9.833333333333334,61.388888888888886,9.972222222222221,0.027777777777777776,0.19444444444444445,11.444444444444445,7.138888888888889,0.0,0.0,3600,0,0.0,6000.0,6000.000000001863,0.893496036529541,18.583333333333336,,0.0,0.0,-0.2855555555555558,0.11777777777777487,0.5822222222222209,-0.015555555555555559,-0.05555555555555555,0.13666666666666671,-0.43555555555555525,-0.044444444444444446,0.0,-0.34333333333333016,0.5822222222222209,6000.0
12110,stockerau_full_6000_5,S2A_MSIL2A_20230629T100031_R122_T33UWP_20230629T191411,200,,0.0,0.0,9.777777777777779,61.666666666666664,9.222222222222221,0.0,0.4444444444444444,11.666666666666666,7.111111111111111,0.1111111111111111,0.0,900,0,0.0,6000.0,6000.000000001863,0.7664093971252441,18.88888888888889,,0.0,0.0,-0.34111111111111114,0.39555555555555344,-0.16777777777777914,-0.043333333333333335,0.19444444444444442,0.35888888888888815,-0.4633333333333338,0.06666666666666665,0.0,-0.03777777777777658,0.39555555555555344,6000.0
12123,stockerau_full_6000_5,S2A_MSIL2A_20230629T100031_R122_T33UWP_20230629T191411,500,,0.0,0.0,9.722222222222221,57.638888888888886,13.194444444444445,0.0,0.0,10.416666666666666,9.027777777777779,0.0,0.0,144,0,0.0,6000.0,6000.000000001863,1.3773276805877686,19.444444444444443,,0.0,0.0,-0.3966666666666683,-3.632222222222225,3.804444444444444,-0.043333333333333335,-0.25,-0.8911111111111119,1.453333333333334,-0.044444444444444446,0.0,0.517777777777777,3.804444444444444,6000.0
12136,stockerau_full_6000_5,S2A_MSIL2A_20230629T100031_R122_T33UWP_20230629T191411,1000,,0.0,0.0,5.555555555555555,66.66666666666667,8.333333333333334,0.0,0.0,8.333333333333334,11.11111111111111,0.0,0.0,36,0,0.0,6000.0,6000.000000001863,0.7640912532806396,19.444444444444443,,0.0,0.0,-4.563333333333334,5.3955555555555605,-1.0566666666666666,-0.043333333333333335,-0.25,-2.974444444444444,3.536666666666666,-0.044444444444444446,0.0,0.517777777777777,5.3955555555555605,6000.0
12060,stockerau_full_6000_5,S2B_MSIL2A_20230601T094549_R079_T33UWP_20230601T163321,20,,0.0,0.0,0.0,61.803333333333335,38.13111111111111,0.044444444444444446,0.021111111111111112,0.0,0.0,0.0,0.0,90000,0,0.0,6000.0,6000.000000001863,0.8448712825775146,0.0,,0.0,0.0,0.0,0.0,0.0,0.0,0.0,0.0,0.0,0.0,0.0,0.0,0.0,6000.0
12073,stockerau_full_6000_5,S2B_MSIL2A_20230601T094549_R079_T33UWP_20230601T163321,50,,0.0,0.0,0.0,62.0,37.94444444444444,0.034722222222222224,0.020833333333333332,0.0,0.0,0.0,0.0,14400,0,0.0,6000.0,6000.000000001863,0.9136550426483154,0.0,,0.0,0.0,0.0,0.19666666666666544,-0.18666666666666742,-0.009722222222222222,-0.00027777777777777957,0.0,0.0,0.0,0.0,0.0,0.19666666666666544,6000.0
12086,stockerau_full_6000_5,S2B_MSIL2A_20230601T094549_R079_T33UWP_20230601T163321,100,,0.0,0.0,0.0,61.69444444444444,38.27777777777778,0.027777777777777776,0.0,0.0,0.0,0.0,0.0,3600,0,0.0,6000.0,6000.000000001863,0.893496036529541,0.0,,0.0,0.0,0.0,-0.1088888888888917,0.14666666666666828,-0.01666666666666667,-0.021111111111111112,0.0,0.0,0.0,0.0,0.0,0.14666666666666828,6000.0
12099,stockerau_full_6000_5,S2B_MSIL2A_20230601T094549_R079_T33UWP_20230601T163321,200,,0.0,0.0,0.0,63.666666666666664,36.333333333333336,0.0,0.0,0.0,0.0,0.0,0.0,900,0,0.0,6000.0,6000.000000001863,0.7664093971252441,0.0,,0.0,0.0,0.0,1.8633333333333297,-1.7977777777777746,-0.044444444444444446,-0.021111111111111112,0.0,0.0,0.0,0.0,0.0,1.8633333333333297,6000.0
12112,stockerau_full_6000_5,S2B_MSIL2A_20230601T094549_R079_T33UWP_20230601T163321,500,,0.0,0.0,0.0,58.333333333333336,41.666666666666664,0.0,0.0,0.0,0.0,0.0,0.0,144,0,0.0,6000.0,6000.000000001863,1.3773276805877686,0.0,,0.0,0.0,0.0,-3.469999999999999,3.535555555555554,-0.044444444444444446,-0.021111111111111112,0.0,0.0,0.0,0.0,0.0,3.535555555555554,6000.0
12125,stockerau_full_6000_5,S2B_MSIL2A_20230601T094549_R079_T33UWP_20230601T163321,1000,,0.0,0.0,0.0,55.55555555555556,44.44444444444444,0.0,0.0,0.0,0.0,0.0,0.0,36,0,0.0,6000.0,6000.000000001863,0.7640912532806396,0.0,,0.0,0.0,0.0,-6.247777777777777,6.313333333333333,-0.044444444444444446,-0.021111111111111112,0.0,0.0,0.0,0.0,0.0,6.313333333333333,6000.0
12061,stockerau_full_6000_5,S2B_MSIL2A_20230604T095559_R122_T33UWP_20230604T174403,20,,0.0,0.0,0.0,53.88666666666666,33.83888888888889,0.0,0.0033333333333333335,0.17555555555555555,0.0033333333333333335,12.092222222222222,0.0,90000,0,0.0,6000.0,6000.000000001863,0.8448712825775146,12.27111111111111,,0.0,0.0,0.0,0.0,0.0,0.0,0.0,0.0,0.0,0.0,0.0,0.0,0.0,6000.0
12074,stockerau_full_6000_5,S2B_MSIL2A_20230604T095559_R122_T33UWP_20230604T174403,50,,0.0,0.0,0.0,54.229166666666664,33.666666666666664,0.0,0.0,0.18055555555555555,0.006944444444444444,11.916666666666666,0.0,14400,0,0.0,6000.0,6000.000000001863,0.9136550426483154,12.104166666666666,,0.0,0.0,0.0,0.34250000000000114,-0.17222222222222427,0.0,-0.0033333333333333335,0.0050000000000000044,0.0036111111111111105,-0.17555555555555635,0.0,-0.16694444444444478,0.34250000000000114,6000.0
12087,stockerau_full_6000_5,S2B_MSIL2A_20230604T095559_R122_T33UWP_20230604T174403,100,,0.0,0.0,0.0,54.333333333333336,33.388888888888886,0.0,0.0,0.1388888888888889,0.0,12.13888888888889,0.0,3600,0,0.0,6000.0,6000.000000001863,0.893496036529541,12.277777777777779,,0.0,0.0,0.0,0.44666666666667254,-0.45000000000000284,0.0,-0.0033333333333333335,-0.03666666666666665,-0.0033333333333333335,0.046666666666666856,0.0,0.006666666666667709,0.45000000000000284,6000.0
12100,stockerau_full_6000_5,S2B_MSIL2A_20230604T095559_R122_T33UWP_20230604T174403,200,,0.0,0.0,0.0,54.888888888888886,32.77777777777778,0.0,0.0,0.1111111111111111,0.0,12.222222222222221,0.0,900,0,0.0,6000.0,6000.000000001863,0.7664093971252441,12.333333333333332,,0.0,0.0,0.0,1.0022222222222226,-1.06111111111111,0.0,-0.0033333333333333335,-0.06444444444444444,-0.0033333333333333335,0.129999999999999,0.0,0.06222222222222129,1.06111111111111,6000.0
12113,stockerau_full_6000_5,S2B_MSIL2A_20230604T095559_R122_T33UWP_20230604T174403,500,,0.0,0.0,0.0,52.77777777777778,35.416666666666664,0.0,0.0,0.0,0.0,11.805555555555555,0.0,144,0,0.0,6000.0,6000.000000001863,1.3773276805877686,11.805555555555555,,0.0,0.0,0.0,-1.1088888888888846,1.5777777777777757,0.0,-0.0033333333333333335,-0.17555555555555555,-0.0033333333333333335,-0.28666666666666707,0.0,-0.4655555555555555,1.5777777777777757,6000.0
12126,stockerau_full_6000_5,S2B_MSIL2A_20230604T095559_R122_T33UWP_20230604T174403,1000,,0.0,0.0,0.0,47.22222222222222,38.888888888888886,0.0,0.0,0.0,0.0,13.88888888888889,0.0,36,0,0.0,6000.0,6000.000000001863,0.7640912532806396,13.88888888888889,,0.0,0.0,0.0,-6.664444444444442,5.049999999999997,0.0,-0.0033333333333333335,-0.17555555555555555,-0.0033333333333333335,1.7966666666666669,0.0,1.6177777777777784,6.664444444444442,6000.0
12064,stockerau_full_6000_5,S2B_MSIL2A_20230611T094549_R079_T33UWP_20230611T135320,20,,0.0,0.0,0.0,0.0,0.0,0.0,0.0,0.0,100.0,0.0,0.0,90000,0,0.0,6000.0,6000.000000001863,0.8448712825775146,100.0,,0.0,0.0,0.0,0.0,0.0,0.0,0.0,0.0,0.0,0.0,0.0,0.0,0.0,6000.0
12077,stockerau_full_6000_5,S2B_MSIL2A_20230611T094549_R079_T33UWP_20230611T135320,50,,0.0,0.0,0.0,0.0,0.0,0.0,0.0,0.0,100.0,0.0,0.0,14400,0,0.0,6000.0,6000.000000001863,0.9136550426483154,100.0,,0.0,0.0,0.0,0.0,0.0,0.0,0.0,0.0,0.0,0.0,0.0,0.0,0.0,6000.0
12090,stockerau_full_6000_5,S2B_MSIL2A_20230611T094549_R079_T33UWP_20230611T135320,100,,0.0,0.0,0.0,0.0,0.0,0.0,0.0,0.0,100.0,0.0,0.0,3600,0,0.0,6000.0,6000.000000001863,0.893496036529541,100.0,,0.0,0.0,0.0,0.0,0.0,0.0,0.0,0.0,0.0,0.0,0.0,0.0,0.0,6000.0
12103,stockerau_full_6000_5,S2B_MSIL2A_20230611T094549_R079_T33UWP_20230611T135320,200,,0.0,0.0,0.0,0.0,0.0,0.0,0.0,0.0,100.0,0.0,0.0,900,0,0.0,6000.0,6000.000000001863,0.7664093971252441,100.0,,0.0,0.0,0.0,0.0,0.0,0.0,0.0,0.0,0.0,0.0,0.0,0.0,0.0,6000.0
12116,stockerau_full_6000_5,S2B_MSIL2A_20230611T094549_R079_T33UWP_20230611T135320,500,,0.0,0.0,0.0,0.0,0.0,0.0,0.0,0.0,100.0,0.0,0.0,144,0,0.0,6000.0,6000.000000001863,1.3773276805877686,100.0,,0.0,0.0,0.0,0.0,0.0,0.0,0.0,0.0,0.0,0.0,0.0,0.0,0.0,6000.0
12129,stockerau_full_6000_5,S2B_MSIL2A_20230611T094549_R079_T33UWP_20230611T135320,1000,,0.0,0.0,0.0,0.0,0.0,0.0,0.0,0.0,100.0,0.0,0.0,36,0,0.0,6000.0,6000.000000001863,0.7640912532806396,100.0,,0.0,0.0,0.0,0.0,0.0,0.0,0.0,0.0,0.0,0.0,0.0,0.0,0.0,6000.0
12065,stockerau_full_6000_5,S2B_MSIL2A_20230614T095559_R122_T33UWP_20230614T142248,20,,0.0,0.0,1.2766666666666666,70.51777777777778,24.946666666666665,0.006666666666666667,0.04888888888888889,2.1622222222222223,1.041111111111111,0.0,0.0,90000,0,0.0,6000.0,6000.000000001863,0.8448712825775146,3.203333333333333,,0.0,0.0,0.0,0.0,0.0,0.0,0.0,0.0,0.0,0.0,0.0,0.0,0.0,6000.0
12078,stockerau_full_6000_5,S2B_MSIL2A_20230614T095559_R122_T33UWP_20230614T142248,50,,0.0,0.0,1.2152777777777777,70.71527777777777,24.90972222222222,0.0,0.041666666666666664,2.0902777777777777,1.0277777777777777,0.0,0.0,14400,0,0.0,6000.0,6000.000000001863,0.9136550426483154,3.1180555555555554,,0.0,0.0,-0.06138888888888894,0.1974999999999909,-0.036944444444444,-0.006666666666666667,-0.007222222222222227,-0.07194444444444459,-0.01333333333333342,0.0,0.0,-0.08527777777777779,0.1974999999999909,6000.0
12091,stockerau_full_6000_5,S2B_MSIL2A_20230614T095559_R122_T33UWP_20230614T142248,100,,0.0,0.0,1.2222222222222223,70.27777777777777,25.27777777777778,0.0,0.08333333333333333,1.9722222222222223,1.1666666666666667,0.0,0.0,3600,0,0.0,6000.0,6000.000000001863,0.893496036529541,3.1388888888888893,,0.0,0.0,-0.054444444444444295,-0.2400000000000091,0.33111111111111313,-0.006666666666666667,0.03444444444444444,-0.18999999999999995,0.12555555555555564,0.0,0.0,-0.06444444444444386,0.33111111111111313,6000.0
12104,stockerau_full_6000_5,S2B_MSIL2A_20230614T095559_R122_T33UWP_20230614T142248,200,,0.0,0.0,1.1111111111111112,73.77777777777777,22.444444444444443,0.0,0.0,1.6666666666666667,1.0,0.0,0.0,900,0,0.0,6000.0,6000.000000001863,0.7664093971252441,2.666666666666667,,0.0,0.0,-0.16555555555555546,3.259999999999991,-2.5022222222222226,-0.006666666666666667,-0.04888888888888889,-0.4955555555555555,-0.0411111111111111,0.0,0.0,-0.5366666666666662,3.259999999999991,6000.0
12117,stockerau_full_6000_5,S2B_MSIL2A_20230614T095559_R122_T33UWP_20230614T142248,500,,0.0,0.0,0.6944444444444444,66.66666666666667,29.86111111111111,0.0,0.0,2.0833333333333335,0.6944444444444444,0.0,0.0,144,0,0.0,6000.0,6000.000000001863,1.3773276805877686,2.7777777777777777,,0.0,0.0,-0.5822222222222222,-3.851111111111109,4.914444444444445,-0.006666666666666667,-0.04888888888888889,-0.07888888888888879,-0.3466666666666667,0.0,0.0,-0.42555555555555546,4.914444444444445,6000.0
12130,stockerau_full_6000_5,S2B_MSIL2A_20230614T095559_R122_T33UWP_20230614T142248,1000,,0.0,0.0,0.0,75.0,25.0,0.0,0.0,0.0,0.0,0.0,0.0,36,0,0.0,6000.0,6000.000000001863,0.7640912532806396,0.0,,0.0,0.0,-1.2766666666666666,4.482222222222219,0.053333333333334565,-0.006666666666666667,-0.04888888888888889,-2.1622222222222223,-1.041111111111111,0.0,0.0,-3.203333333333333,4.482222222222219,6000.0
12068,stockerau_full_6000_5,S2B_MSIL2A_20230621T094549_R079_T33UWP_20230621T143955,20,,0.0,0.0,0.0,3.6633333333333336,0.5566666666666666,0.0,0.0,30.267777777777777,0.012222222222222223,65.5,0.0,90000,0,0.0,6000.0,6000.000000001863,0.8448712825775146,95.78,,0.0,0.0,0.0,0.0,0.0,0.0,0.0,0.0,0.0,0.0,0.0,0.0,0.0,6000.0
12081,stockerau_full_6000_5,S2B_MSIL2A_20230621T094549_R079_T33UWP_20230621T143955,50,,0.0,0.0,0.0,3.7291666666666665,0.5277777777777778,0.0,0.0,30.354166666666668,0.013888888888888888,65.375,0.0,14400,0,0.0,6000.0,6000.000000001863,0.9136550426483154,95.74305555555556,,0.0,0.0,0.0,0.06583333333333297,-0.028888888888888853,0.0,0.0,0.08638888888889085,0.0016666666666666653,-0.125,0.0,-0.036944444444444,0.06583333333333297,6000.0
12094,stockerau_full_6000_5,S2B_MSIL2A_20230621T094549_R079_T33UWP_20230621T143955,100,,0.0,0.0,0.0,3.8055555555555554,0.6111111111111112,0.0,0.0,30.055555555555557,0.0,65.52777777777777,0.0,3600,0,0.0,6000.0,6000.000000001863,0.893496036529541,95.58333333333333,,0.0,0.0,0.0,0.1422222222222218,0.05444444444444452,0.0,0.0,-0.21222222222221987,-0.012222222222222223,0.027777777777771462,0.0,-0.19666666666667254,0.19666666666667254,6000.0
12107,stockerau_full_6000_5,S2B_MSIL2A_20230621T094549_R079_T33UWP_20230621T143955,200,,0.0,0.0,0.0,4.111111111111111,0.5555555555555556,0.0,0.0,29.444444444444443,0.0,65.88888888888889,0.0,900,0,0.0,6000.0,6000.000000001863,0.7664093971252441,95.33333333333333,,0.0,0.0,0.0,0.44777777777777716,-0.0011111111111110628,0.0,0.0,-0.8233333333333341,-0.012222222222222223,0.38888888888888573,0.0,-0.44666666666667254,0.44777777777777716,6000.0
12120,stockerau_full_6000_5,S2B_MSIL2A_20230621T094549_R079_T33UWP_20230621T143955,500,,0.0,0.0,0.0,3.4722222222222223,0.6944444444444444,0.0,0.0,29.86111111111111,0.0,65.97222222222223,0.0,144,0,0.0,6000.0,6000.000000001863,1.3773276805877686,95.83333333333334,,0.0,0.0,0.0,-0.19111111111111123,0.13777777777777778,0.0,0.0,-0.4066666666666663,-0.012222222222222223,0.47222222222222854,0.0,0.05333333333334167,0.19111111111111123,6000.0
12133,stockerau_full_6000_5,S2B_MSIL2A_20230621T094549_R079_T33UWP_20230621T143955,1000,,0.0,0.0,0.0,2.7777777777777777,0.0,0.0,0.0,25.0,0.0,72.22222222222223,0.0,36,0,0.0,6000.0,6000.000000001863,0.7640912532806396,97.22222222222223,,0.0,0.0,0.0,-0.8855555555555559,-0.5566666666666666,0.0,0.0,-5.267777777777777,-0.012222222222222223,6.7222222222222285,0.0,1.4422222222222274,1.4422222222222274,6000.0
12069,stockerau_full_6000_5,S2B_MSIL2A_20230624T095559_R122_T33UWP_20230624T142946,20,,0.0,0.0,0.0,0.0,0.0,0.0,0.0,0.0,100.0,0.0,0.0,90000,0,0.0,6000.0,6000.000000001863,0.8448712825775146,100.0,,0.0,0.0,0.0,0.0,0.0,0.0,0.0,0.0,0.0,0.0,0.0,0.0,0.0,6000.0
12082,stockerau_full_6000_5,S2B_MSIL2A_20230624T095559_R122_T33UWP_20230624T142946,50,,0.0,0.0,0.0,0.0,0.0,0.0,0.0,0.0,100.0,0.0,0.0,14400,0,0.0,6000.0,6000.000000001863,0.9136550426483154,100.0,,0.0,0.0,0.0,0.0,0.0,0.0,0.0,0.0,0.0,0.0,0.0,0.0,0.0,6000.0
12095,stockerau_full_6000_5,S2B_MSIL2A_20230624T095559_R122_T33UWP_20230624T142946,100,,0.0,0.0,0.0,0.0,0.0,0.0,0.0,0.0,100.0,0.0,0.0,3600,0,0.0,6000.0,6000.000000001863,0.893496036529541,100.0,,0.0,0.0,0.0,0.0,0.0,0.0,0.0,0.0,0.0,0.0,0.0,0.0,0.0,6000.0
12108,stockerau_full_6000_5,S2B_MSIL2A_20230624T095559_R122_T33UWP_20230624T142946,200,,0.0,0.0,0.0,0.0,0.0,0.0,0.0,0.0,100.0,0.0,0.0,900,0,0.0,6000.0,6000.000000001863,0.7664093971252441,100.0,,0.0,0.0,0.0,0.0,0.0,0.0,0.0,0.0,0.0,0.0,0.0,0.0,0.0,6000.0
12121,stockerau_full_6000_5,S2B_MSIL2A_20230624T095559_R122_T33UWP_20230624T142946,500,,0.0,0.0,0.0,0.0,0.0,0.0,0.0,0.0,100.0,0.0,0.0,144,0,0.0,6000.0,6000.000000001863,1.3773276805877686,100.0,,0.0,0.0,0.0,0.0,0.0,0.0,0.0,0.0,0.0,0.0,0.0,0.0,0.0,6000.0
12134,stockerau_full_6000_5,S2B_MSIL2A_20230624T095559_R122_T33UWP_20230624T142946,1000,,0.0,0.0,0.0,0.0,0.0,0.0,0.0,0.0,100.0,0.0,0.0,36,0,0.0,6000.0,6000.000000001863,0.7640912532806396,100.0,,0.0,0.0,0.0,0.0,0.0,0.0,0.0,0.0,0.0,0.0,0.0,0.0,0.0,6000.0
12072,stockerau_full_6000_5,S2B_MSIL2A_20230701T094549_R079_T33UWP_20230701T152448,20,,0.0,0.0,0.0,0.0,0.0,0.0,0.0,0.0,100.0,0.0,0.0,90000,0,0.0,6000.0,6000.000000001863,0.8448712825775146,100.0,,0.0,0.0,0.0,0.0,0.0,0.0,0.0,0.0,0.0,0.0,0.0,0.0,0.0,6000.0
12085,stockerau_full_6000_5,S2B_MSIL2A_20230701T094549_R079_T33UWP_20230701T152448,50,,0.0,0.0,0.0,0.0,0.0,0.0,0.0,0.0,100.0,0.0,0.0,14400,0,0.0,6000.0,6000.000000001863,0.9136550426483154,100.0,,0.0,0.0,0.0,0.0,0.0,0.0,0.0,0.0,0.0,0.0,0.0,0.0,0.0,6000.0
12098,stockerau_full_6000_5,S2B_MSIL2A_20230701T094549_R079_T33UWP_20230701T152448,100,,0.0,0.0,0.0,0.0,0.0,0.0,0.0,0.0,100.0,0.0,0.0,3600,0,0.0,6000.0,6000.000000001863,0.893496036529541,100.0,,0.0,0.0,0.0,0.0,0.0,0.0,0.0,0.0,0.0,0.0,0.0,0.0,0.0,6000.0
12111,stockerau_full_6000_5,S2B_MSIL2A_20230701T094549_R079_T33UWP_20230701T152448,200,,0.0,0.0,0.0,0.0,0.0,0.0,0.0,0.0,100.0,0.0,0.0,900,0,0.0,6000.0,6000.000000001863,0.7664093971252441,100.0,,0.0,0.0,0.0,0.0,0.0,0.0,0.0,0.0,0.0,0.0,0.0,0.0,0.0,6000.0
12124,stockerau_full_6000_5,S2B_MSIL2A_20230701T094549_R079_T33UWP_20230701T152448,500,,0.0,0.0,0.0,0.0,0.0,0.0,0.0,0.0,100.0,0.0,0.0,144,0,0.0,6000.0,6000.000000001863,1.3773276805877686,100.0,,0.0,0.0,0.0,0.0,0.0,0.0,0.0,0.0,0.0,0.0,0.0,0.0,0.0,6000.0
12137,stockerau_full_6000_5,S2B_MSIL2A_20230701T094549_R079_T33UWP_20230701T152448,1000,,0.0,0.0,0.0,0.0,0.0,0.0,0.0,0.0,100.0,0.0,0.0,36,0,0.0,6000.0,6000.000000001863,0.7640912532806396,100.0,,0.0,0.0,0.0,0.0,0.0,0.0,0.0,0.0,0.0,0.0,0.0,0.0,0.0,6000.0
12140,stockerau_full_6000_6,S2A_MSIL2A_20230606T095031_R079_T33UWP_20230606T162616,20,,0.0,0.0,0.0,0.0,0.0,0.4077777777777778,0.26666666666666666,4.484444444444445,94.8411111111111,0.0,0.0,90000,0,0.0,5999.999999999884,6000.0,0.6393656730651855,99.32555555555555,,0.0,0.0,0.0,0.0,0.0,0.0,0.0,0.0,0.0,0.0,0.0,0.0,0.0,6000.0
12153,stockerau_full_6000_6,S2A_MSIL2A_20230606T095031_R079_T33UWP_20230606T162616,50,,0.0,0.0,0.0,0.0,0.0,0.4097222222222222,0.3055555555555556,4.409722222222222,94.875,0.0,0.0,14400,0,0.0,5999.999999999884,6000.0,0.8454337120056152,99.28472222222223,,0.0,0.0,0.0,0.0,0.0,0.0019444444444444153,0.03888888888888892,-0.07472222222222236,0.03388888888889596,0.0,0.0,-0.04083333333332462,0.04083333333332462,6000.0
12166,stockerau_full_6000_6,S2A_MSIL2A_20230606T095031_R079_T33UWP_20230606T162616,100,,0.0,0.0,0.0,0.0,0.0,0.4444444444444444,0.3333333333333333,4.416666666666667,94.80555555555556,0.0,0.0,3600,0,0.0,5999.999999999884,6000.0,0.6180663108825684,99.22222222222223,,0.0,0.0,0.0,0.0,0.0,0.036666666666666625,0.06666666666666665,-0.06777777777777771,-0.0355555555555469,0.0,0.0,-0.10333333333332462,0.10333333333332462,6000.0
12179,stockerau_full_6000_6,S2A_MSIL2A_20230606T095031_R079_T33UWP_20230606T162616,200,,0.0,0.0,0.0,0.0,0.0,0.4444444444444444,0.2222222222222222,4.555555555555555,94.77777777777777,0.0,0.0,900,0,0.0,5999.999999999884,6000.0,0.6459596157073975,99.33333333333333,,0.0,0.0,0.0,0.0,0.0,0.036666666666666625,-0.04444444444444445,0.07111111111111068,-0.06333333333333258,0.0,0.0,0.007777777777775441,0.04444444444444445,6000.0
12192,stockerau_full_6000_6,S2A_MSIL2A_20230606T095031_R079_T33UWP_20230606T162616,500,,0.0,0.0,0.0,0.0,0.0,0.6944444444444444,0.6944444444444444,4.861111111111111,93.75,0.0,0.0,144,0,0.0,5999.999999999884,6000.0,0.7615137100219727,98.61111111111111,,0.0,0.0,0.0,0.0,0.0,0.2866666666666666,0.42777777777777776,0.37666666666666604,-1.091111111111104,0.0,0.0,-0.7144444444444389,0.7144444444444389,6000.0
12205,stockerau_full_6000_6,S2A_MSIL2A_20230606T095031_R079_T33UWP_20230606T162616,1000,,0.0,0.0,0.0,0.0,0.0,0.0,0.0,0.0,100.0,0.0,0.0,36,0,0.0,5999.999999999884,6000.0,0.662224531173706,100.0,,0.0,0.0,0.0,0.0,0.0,-0.4077777777777778,-0.26666666666666666,-4.484444444444445,5.158888888888896,0.0,0.0,0.6744444444444468,0.6744444444444468,6000.0
12141,stockerau_full_6000_6,S2A_MSIL2A_20230609T100031_R122_T33UWP_20230609T173715,20,,0.0,0.0,0.0,0.0,0.0,0.0,0.0,6.0488888888888885,93.93888888888888,0.012222222222222223,0.0,90000,0,0.0,5999.999999999884,6000.0,0.6393656730651855,99.99999999999999,,0.0,0.0,0.0,0.0,0.0,0.0,0.0,0.0,0.0,0.0,0.0,0.0,0.0,6000.0
12154,stockerau_full_6000_6,S2A_MSIL2A_20230609T100031_R122_T33UWP_20230609T173715,50,,0.0,0.0,0.0,0.0,0.0,0.0,0.0,6.125,93.85416666666667,0.020833333333333332,0.0,14400,0,0.0,5999.999999999884,6000.0,0.8454337120056152,100.0,,0.0,0.0,0.0,0.0,0.0,0.0,0.0,0.07611111111111146,-0.08472222222221149,0.00861111111111111,0.0,1.4210854715202004e-14,1.4210854715202004e-14,6000.0
12167,stockerau_full_6000_6,S2A_MSIL2A_20230609T100031_R122_T33UWP_20230609T173715,100,,0.0,0.0,0.0,0.0,0.0,0.0,0.0,6.138888888888889,93.80555555555556,0.05555555555555555,0.0,3600,0,0.0,5999.999999999884,6000.0,0.6180663108825684,100.0,,0.0,0.0,0.0,0.0,0.0,0.0,0.0,0.09000000000000075,-0.13333333333332575,0.04333333333333333,0.0,1.4210854715202004e-14,1.4210854715202004e-14,6000.0
12180,stockerau_full_6000_6,S2A_MSIL2A_20230609T100031_R122_T33UWP_20230609T173715,200,,0.0,0.0,0.0,0.0,0.0,0.0,0.0,7.222222222222222,92.77777777777777,0.0,0.0,900,0,0.0,5999.999999999884,6000.0,0.6459596157073975,100.0,,0.0,0.0,0.0,0.0,0.0,0.0,0.0,1.1733333333333338,-1.1611111111111114,-0.012222222222222223,0.0,1.4210854715202004e-14,1.4210854715202004e-14,6000.0
12193,stockerau_full_6000_6,S2A_MSIL2A_20230609T100031_R122_T33UWP_20230609T173715,500,,0.0,0.0,0.0,0.0,0.0,0.0,0.0,7.638888888888889,92.36111111111111,0.0,0.0,144,0,0.0,5999.999999999884,6000.0,0.7615137100219727,100.0,,0.0,0.0,0.0,0.0,0.0,0.0,0.0,1.5900000000000007,-1.5777777777777686,-0.012222222222222223,0.0,1.4210854715202004e-14,1.4210854715202004e-14,6000.0
12206,stockerau_full_6000_6,S2A_MSIL2A_20230609T100031_R122_T33UWP_20230609T173715,1000,,0.0,0.0,0.0,0.0,0.0,0.0,0.0,19.444444444444443,80.55555555555556,0.0,0.0,36,0,0.0,5999.999999999884,6000.0,0.662224531173706,100.0,,0.0,0.0,0.0,0.0,0.0,0.0,0.0,13.395555555555553,-13.383333333333326,-0.012222222222222223,0.0,1.4210854715202004e-14,1.4210854715202004e-14,6000.0
12144,stockerau_full_6000_6,S2A_MSIL2A_20230616T095031_R079_T33UWP_20230616T172735,20,,0.0,0.17666666666666667,0.8955555555555555,83.94555555555556,5.74,8.103333333333333,0.29777777777777775,0.7211111111111111,0.12,0.0,0.0,90000,0,0.0,5999.999999999884,6000.0,0.6393656730651855,0.8411111111111111,,0.0,0.0,0.0,0.0,0.0,0.0,0.0,0.0,0.0,0.0,0.0,0.0,0.0,6000.0
12157,stockerau_full_6000_6,S2A_MSIL2A_20230616T095031_R079_T33UWP_20230616T172735,50,,0.0,0.19444444444444445,0.8472222222222222,83.9375,5.833333333333333,8.104166666666666,0.3125,0.6666666666666666,0.10416666666666667,0.0,0.0,14400,0,0.0,5999.999999999884,6000.0,0.8454337120056152,0.7708333333333333,,0.0,0.01777777777777778,-0.04833333333333334,-0.008055555555557703,0.09333333333333282,0.0008333333333325754,0.014722222222222248,-0.05444444444444452,-0.015833333333333324,0.0,0.0,-0.07027777777777788,0.09333333333333282,6000.0
12170,stockerau_full_6000_6,S2A_MSIL2A_20230616T095031_R079_T33UWP_20230616T172735,100,,0.0,0.2222222222222222,0.8055555555555556,84.05555555555556,5.777777777777778,8.13888888888889,0.25,0.6388888888888888,0.1111111111111111,0.0,0.0,3600,0,0.0,5999.999999999884,6000.0,0.6180663108825684,0.75,,0.0,0.045555555555555544,-0.08999999999999997,0.10999999999999943,0.037777777777777466,0.035555555555555785,-0.04777777777777775,-0.08222222222222231,-0.00888888888888889,0.0,0.0,-0.09111111111111114,0.10999999999999943,6000.0
12183,stockerau_full_6000_6,S2A_MSIL2A_20230616T095031_R079_T33UWP_20230616T172735,200,,0.0,0.2222222222222222,0.6666666666666666,84.44444444444444,5.888888888888889,7.888888888888889,0.2222222222222222,0.6666666666666666,0.0,0.0,0.0,900,0,0.0,5999.999999999884,6000.0,0.6459596157073975,0.6666666666666666,,0.0,0.045555555555555544,-0.22888888888888892,0.49888888888888516,0.14888888888888907,-0.21444444444444422,-0.07555555555555554,-0.05444444444444452,-0.12,0.0,0.0,-0.1744444444444445,0.49888888888888516,6000.0
12196,stockerau_full_6000_6,S2A_MSIL2A_20230616T095031_R079_T33UWP_20230616T172735,500,,0.0,0.0,0.6944444444444444,86.11111111111111,5.555555555555555,7.638888888888889,0.0,0.0,0.0,0.0,0.0,144,0,0.0,5999.999999999884,6000.0,0.7615137100219727,0.0,,0.0,-0.17666666666666667,-0.20111111111111113,2.1655555555555566,-0.18444444444444485,-0.4644444444444442,-0.29777777777777775,-0.7211111111111111,-0.12,0.0,0.0,-0.8411111111111111,2.1655555555555566,6000.0
12209,stockerau_full_6000_6,S2A_MSIL2A_20230616T095031_R079_T33UWP_20230616T172735,1000,,0.0,0.0,0.0,72.22222222222223,13.88888888888889,11.11111111111111,0.0,2.7777777777777777,0.0,0.0,0.0,36,0,0.0,5999.999999999884,6000.0,0.662224531173706,2.7777777777777777,,0.0,-0.17666666666666667,-0.8955555555555555,-11.72333333333333,8.148888888888889,3.007777777777777,-0.29777777777777775,2.0566666666666666,-0.12,0.0,0.0,1.9366666666666665,11.72333333333333,6000.0
12145,stockerau_full_6000_6,S2A_MSIL2A_20230619T100031_R122_T33UWP_20230619T172742,20,,0.0,0.07444444444444444,0.0,76.72777777777777,6.626666666666667,7.42,1.5955555555555556,2.528888888888889,0.24,4.786666666666667,0.0,90000,0,0.0,5999.999999999884,6000.0,0.6393656730651855,7.555555555555556,,0.0,0.0,0.0,0.0,0.0,0.0,0.0,0.0,0.0,0.0,0.0,0.0,0.0,6000.0
12158,stockerau_full_6000_6,S2A_MSIL2A_20230619T100031_R122_T33UWP_20230619T172742,50,,0.0,0.09027777777777778,0.0,76.80555555555556,6.694444444444445,7.409722222222222,1.5763888888888888,2.4375,0.2361111111111111,4.75,0.0,14400,0,0.0,5999.999999999884,6000.0,0.8454337120056152,7.423611111111111,,0.0,0.015833333333333338,0.0,0.07777777777778283,0.06777777777777771,-0.010277777777777608,-0.019166666666666776,-0.09138888888888896,-0.003888888888888886,-0.03666666666666707,0.0,-0.13194444444444553,0.13194444444444553,6000.0
12171,stockerau_full_6000_6,S2A_MSIL2A_20230619T100031_R122_T33UWP_20230619T172742,100,,0.0,0.1388888888888889,0.0,77.25,6.277777777777778,7.416666666666667,1.5,2.4444444444444446,0.25,4.722222222222222,0.0,3600,0,0.0,5999.999999999884,6000.0,0.6180663108825684,7.416666666666667,,0.0,0.06444444444444446,0.0,0.5222222222222257,-0.34888888888888925,-0.0033333333333329662,-0.09555555555555562,-0.08444444444444432,0.010000000000000009,-0.06444444444444475,0.0,-0.13888888888888928,0.5222222222222257,6000.0
12184,stockerau_full_6000_6,S2A_MSIL2A_20230619T100031_R122_T33UWP_20230619T172742,200,,0.0,0.1111111111111111,0.0,78.44444444444444,6.0,7.0,1.7777777777777777,2.3333333333333335,0.2222222222222222,4.111111111111111,0.0,900,0,0.0,5999.999999999884,6000.0,0.6459596157073975,6.666666666666666,,0.0,0.03666666666666667,0.0,1.7166666666666686,-0.6266666666666669,-0.41999999999999993,0.18222222222222206,-0.19555555555555548,-0.01777777777777778,-0.6755555555555564,0.0,-0.8888888888888902,1.7166666666666686,6000.0
12197,stockerau_full_6000_6,S2A_MSIL2A_20230619T100031_R122_T33UWP_20230619T172742,500,,0.0,0.0,0.0,79.16666666666667,5.555555555555555,6.944444444444445,1.3888888888888888,1.3888888888888888,0.0,5.555555555555555,0.0,144,0,0.0,5999.999999999884,6000.0,0.7615137100219727,6.944444444444445,,0.0,-0.07444444444444444,0.0,2.438888888888897,-1.0711111111111116,-0.4755555555555553,-0.20666666666666678,-1.1400000000000001,-0.24,0.7688888888888883,0.0,-0.6111111111111116,2.438888888888897,6000.0
12210,stockerau_full_6000_6,S2A_MSIL2A_20230619T100031_R122_T33UWP_20230619T172742,1000,,0.0,0.0,0.0,72.22222222222223,13.88888888888889,8.333333333333334,0.0,2.7777777777777777,0.0,2.7777777777777777,0.0,36,0,0.0,5999.999999999884,6000.0,0.662224531173706,5.555555555555555,,0.0,-0.07444444444444444,0.0,-4.505555555555546,7.262222222222222,0.913333333333334,-1.5955555555555556,0.24888888888888872,-0.24,-2.0088888888888894,0.0,-2.000000000000001,7.262222222222222,6000.0
12148,stockerau_full_6000_6,S2A_MSIL2A_20230626T095031_R079_T33UWP_20230626T161132,20,,0.0,0.16444444444444445,0.0,87.16555555555556,4.358888888888889,8.108888888888888,0.20222222222222222,0.0,0.0,0.0,0.0,90000,0,0.0,5999.999999999884,6000.0,0.6393656730651855,0.0,,0.0,0.0,0.0,0.0,0.0,0.0,0.0,0.0,0.0,0.0,0.0,0.0,0.0,6000.0
12161,stockerau_full_6000_6,S2A_MSIL2A_20230626T095031_R079_T33UWP_20230626T161132,50,,0.0,0.18055555555555555,0.0,87.16666666666667,4.430555555555555,8.04861111111111,0.1736111111111111,0.0,0.0,0.0,0.0,14400,0,0.0,5999.999999999884,6000.0,0.8454337120056152,0.0,,0.0,0.016111111111111104,0.0,0.0011111111111148375,0.07166666666666632,-0.06027777777777743,-0.028611111111111115,0.0,0.0,0.0,0.0,0.0,0.07166666666666632,6000.0
12174,stockerau_full_6000_6,S2A_MSIL2A_20230626T095031_R079_T33UWP_20230626T161132,100,,0.0,0.19444444444444445,0.0,87.05555555555556,4.444444444444445,8.13888888888889,0.16666666666666666,0.0,0.0,0.0,0.0,3600,0,0.0,5999.999999999884,6000.0,0.6180663108825684,0.0,,0.0,0.03,0.0,-0.10999999999999943,0.0855555555555556,0.030000000000001137,-0.03555555555555556,0.0,0.0,0.0,0.0,0.0,0.10999999999999943,6000.0
12187,stockerau_full_6000_6,S2A_MSIL2A_20230626T095031_R079_T33UWP_20230626T161132,200,,0.0,0.2222222222222222,0.0,87.77777777777777,4.0,7.888888888888889,0.1111111111111111,0.0,0.0,0.0,0.0,900,0,0.0,5999.999999999884,6000.0,0.6459596157073975,0.0,,0.0,0.05777777777777776,0.0,0.6122222222222149,-0.35888888888888903,-0.21999999999999886,-0.09111111111111111,0.0,0.0,0.0,0.0,0.0,0.6122222222222149,6000.0
12200,stockerau_full_6000_6,S2A_MSIL2A_20230626T095031_R079_T33UWP_20230626T161132,500,,0.0,0.0,0.0,86.11111111111111,6.25,7.638888888888889,0.0,0.0,0.0,0.0,0.0,144,0,0.0,5999.999999999884,6000.0,0.7615137100219727,0.0,,0.0,-0.16444444444444445,0.0,-1.0544444444444423,1.891111111111111,-0.46999999999999886,-0.20222222222222222,0.0,0.0,0.0,0.0,0.0,1.891111111111111,6000.0
12213,stockerau_full_6000_6,S2A_MSIL2A_20230626T095031_R079_T33UWP_20230626T161132,1000,,0.0,0.0,0.0,77.77777777777777,11.11111111111111,11.11111111111111,0.0,0.0,0.0,0.0,0.0,36,0,0.0,5999.999999999884,6000.0,0.662224531173706,0.0,,0.0,-0.16444444444444445,0.0,-9.387777777777785,6.752222222222222,3.0022222222222226,-0.20222222222222222,0.0,0.0,0.0,0.0,0.0,9.387777777777785,6000.0
12149,stockerau_full_6000_6,S2A_MSIL2A_20230629T100031_R122_T33UWP_20230629T191411,20,,0.0,0.15444444444444444,0.5622222222222222,85.35111111111111,4.566666666666666,8.19,0.3111111111111111,0.72,0.14444444444444443,0.0,0.0,90000,0,0.0,5999.999999999884,6000.0,0.6393656730651855,0.8644444444444443,,0.0,0.0,0.0,0.0,0.0,0.0,0.0,0.0,0.0,0.0,0.0,0.0,0.0,6000.0
12162,stockerau_full_6000_6,S2A_MSIL2A_20230629T100031_R122_T33UWP_20230629T191411,50,,0.0,0.1736111111111111,0.5069444444444444,85.29166666666667,4.631944444444445,8.17361111111111,0.3541666666666667,0.7222222222222222,0.14583333333333334,0.0,0.0,14400,0,0.0,5999.999999999884,6000.0,0.8454337120056152,0.8680555555555556,,0.0,0.019166666666666665,-0.05527777777777776,-0.05944444444443775,0.06527777777777821,-0.016388888888888786,0.04305555555555557,0.0022222222222222365,0.0013888888888889117,0.0,0.0,0.0036111111111112315,0.06527777777777821,6000.0
12175,stockerau_full_6000_6,S2A_MSIL2A_20230629T100031_R122_T33UWP_20230629T191411,100,,0.0,0.2222222222222222,0.4722222222222222,85.19444444444444,4.638888888888889,8.277777777777779,0.3055555555555556,0.7222222222222222,0.16666666666666666,0.0,0.0,3600,0,0.0,5999.999999999884,6000.0,0.6180663108825684,0.8888888888888888,,0.0,0.06777777777777777,-0.08999999999999997,-0.1566666666666663,0.07222222222222285,0.08777777777777906,-0.005555555555555536,0.0022222222222222365,0.022222222222222227,0.0,0.0,0.02444444444444449,0.1566666666666663,6000.0
12188,stockerau_full_6000_6,S2A_MSIL2A_20230629T100031_R122_T33UWP_20230629T191411,200,,0.0,0.2222222222222222,0.3333333333333333,85.22222222222223,5.0,8.11111111111111,0.3333333333333333,0.6666666666666666,0.1111111111111111,0.0,0.0,900,0,0.0,5999.999999999884,6000.0,0.6459596157073975,0.7777777777777777,,0.0,0.06777777777777777,-0.22888888888888886,-0.12888888888888062,0.43333333333333357,-0.07888888888888879,0.0222222222222222,-0.053333333333333344,-0.033333333333333326,0.0,0.0,-0.08666666666666667,0.43333333333333357,6000.0
12201,stockerau_full_6000_6,S2A_MSIL2A_20230629T100031_R122_T33UWP_20230629T191411,500,,0.0,0.0,0.0,84.72222222222223,5.555555555555555,8.333333333333334,0.0,1.3888888888888888,0.0,0.0,0.0,144,0,0.0,5999.999999999884,6000.0,0.7615137100219727,1.3888888888888888,,0.0,-0.15444444444444444,-0.5622222222222222,-0.6288888888888806,0.9888888888888889,0.14333333333333442,-0.3111111111111111,0.6688888888888889,-0.14444444444444443,0.0,0.0,0.5244444444444445,0.9888888888888889,6000.0
12214,stockerau_full_6000_6,S2A_MSIL2A_20230629T100031_R122_T33UWP_20230629T191411,1000,,0.0,0.0,2.7777777777777777,77.77777777777777,8.333333333333334,11.11111111111111,0.0,0.0,0.0,0.0,0.0,36,0,0.0,5999.999999999884,6000.0,0.662224531173706,0.0,,0.0,-0.15444444444444444,2.2155555555555555,-7.573333333333338,3.7666666666666675,2.921111111111111,-0.3111111111111111,-0.72,-0.14444444444444443,0.0,0.0,-0.8644444444444443,7.573333333333338,6000.0
12138,stockerau_full_6000_6,S2B_MSIL2A_20230601T094549_R079_T33UWP_20230601T163321,20,,0.0,0.12333333333333334,0.07777777777777778,72.2388888888889,6.604444444444445,4.411111111111111,0.14222222222222222,0.11888888888888889,0.005555555555555556,16.27777777777778,0.0,90000,0,0.0,5999.999999999884,6000.0,0.6393656730651855,16.402222222222225,,0.0,0.0,0.0,0.0,0.0,0.0,0.0,0.0,0.0,0.0,0.0,0.0,0.0,6000.0
12151,stockerau_full_6000_6,S2B_MSIL2A_20230601T094549_R079_T33UWP_20230601T163321,50,,0.0,0.1527777777777778,0.0763888888888889,72.01388888888889,6.604166666666667,4.368055555555555,0.1388888888888889,0.13194444444444445,0.0,16.51388888888889,0.0,14400,0,0.0,5999.999999999884,6000.0,0.8454337120056152,16.645833333333332,,0.0,0.029444444444444454,-0.001388888888888884,-0.22500000000000853,-0.0002777777777778212,-0.04305555555555607,-0.003333333333333327,0.013055555555555556,-0.005555555555555556,0.23611111111111072,0.0,0.24361111111110745,0.24361111111110745,6000.0
12164,stockerau_full_6000_6,S2B_MSIL2A_20230601T094549_R079_T33UWP_20230601T163321,100,,0.0,0.1388888888888889,0.08333333333333333,72.05555555555556,6.361111111111111,4.333333333333333,0.16666666666666666,0.16666666666666666,0.027777777777777776,16.666666666666668,0.0,3600,0,0.0,5999.999999999884,6000.0,0.6180663108825684,16.86111111111111,,0.0,0.015555555555555559,0.00555555555555555,-0.18333333333333712,-0.24333333333333407,-0.07777777777777839,0.024444444444444435,0.047777777777777766,0.02222222222222222,0.3888888888888893,0.0,0.458888888888886,0.458888888888886,6000.0
12177,stockerau_full_6000_6,S2B_MSIL2A_20230601T094549_R079_T33UWP_20230601T163321,200,,0.0,0.2222222222222222,0.0,71.88888888888889,5.888888888888889,4.111111111111111,0.2222222222222222,0.0,0.0,17.666666666666668,0.0,900,0,0.0,5999.999999999884,6000.0,0.6459596157073975,17.666666666666668,,0.0,0.09888888888888887,-0.07777777777777778,-0.3500000000000085,-0.7155555555555555,-0.3000000000000007,0.07999999999999999,-0.11888888888888889,-0.005555555555555556,1.3888888888888893,0.0,1.2644444444444431,1.2644444444444431,6000.0
12190,stockerau_full_6000_6,S2B_MSIL2A_20230601T094549_R079_T33UWP_20230601T163321,500,,0.0,0.0,0.6944444444444444,70.13888888888889,6.944444444444445,3.4722222222222223,0.6944444444444444,0.0,0.6944444444444444,17.36111111111111,0.0,144,0,0.0,5999.999999999884,6000.0,0.7615137100219727,18.055555555555554,,0.0,-0.12333333333333334,0.6166666666666667,-2.1000000000000085,0.33999999999999986,-0.9388888888888891,0.5522222222222222,-0.11888888888888889,0.6888888888888889,1.0833333333333321,0.0,1.6533333333333289,2.1000000000000085,6000.0
12203,stockerau_full_6000_6,S2B_MSIL2A_20230601T094549_R079_T33UWP_20230601T163321,1000,,0.0,0.0,0.0,66.66666666666667,13.88888888888889,2.7777777777777777,0.0,0.0,0.0,16.666666666666668,0.0,36,0,0.0,5999.999999999884,6000.0,0.662224531173706,16.666666666666668,,0.0,-0.12333333333333334,-0.07777777777777778,-5.572222222222223,7.2844444444444445,-1.6333333333333337,-0.14222222222222222,-0.11888888888888889,-0.005555555555555556,0.3888888888888893,0.0,0.26444444444444315,7.2844444444444445,6000.0
12139,stockerau_full_6000_6,S2B_MSIL2A_20230604T095559_R122_T33UWP_20230604T174403,20,,0.0,0.014444444444444444,19.18,25.75111111111111,1.3733333333333333,7.434444444444445,2.6044444444444443,15.603333333333333,26.53,1.508888888888889,0.0,90000,0,0.0,5999.999999999884,6000.0,0.6393656730651855,43.64222222222222,,0.0,0.0,0.0,0.0,0.0,0.0,0.0,0.0,0.0,0.0,0.0,0.0,0.0,6000.0
12152,stockerau_full_6000_6,S2B_MSIL2A_20230604T095559_R122_T33UWP_20230604T174403,50,,0.0,0.027777777777777776,19.11111111111111,25.17361111111111,1.3263888888888888,7.354166666666667,2.6666666666666665,15.805555555555555,26.96527777777778,1.5694444444444444,0.0,14400,0,0.0,5999.999999999884,6000.0,0.8454337120056152,44.34027777777778,,0.0,0.013333333333333332,-0.068888888888889,-0.5775000000000006,-0.046944444444444455,-0.08027777777777789,0.06222222222222218,0.20222222222222186,0.43527777777777743,0.060555555555555474,0.0,0.6980555555555554,0.6980555555555554,6000.0
12165,stockerau_full_6000_6,S2B_MSIL2A_20230604T095559_R122_T33UWP_20230604T174403,100,,0.0,0.027777777777777776,18.916666666666668,24.805555555555557,1.2777777777777777,7.388888888888889,2.7222222222222223,16.083333333333332,27.194444444444443,1.5833333333333333,0.0,3600,0,0.0,5999.999999999884,6000.0,0.6180663108825684,44.86111111111111,,0.0,0.013333333333333332,-0.26333333333333186,-0.9455555555555542,-0.09555555555555562,-0.04555555555555557,0.11777777777777798,0.47999999999999865,0.6644444444444417,0.07444444444444431,0.0,1.218888888888884,1.218888888888884,6000.0
12178,stockerau_full_6000_6,S2B_MSIL2A_20230604T095559_R122_T33UWP_20230604T174403,200,,0.0,0.0,18.0,24.333333333333332,1.4444444444444444,7.111111111111111,3.111111111111111,15.333333333333334,28.77777777777778,1.8888888888888888,0.0,900,0,0.0,5999.999999999884,6000.0,0.6459596157073975,46.0,,0.0,-0.014444444444444444,-1.1799999999999997,-1.4177777777777791,0.07111111111111112,-0.32333333333333414,0.5066666666666668,-0.2699999999999996,2.2477777777777774,0.3799999999999999,0.0,2.357777777777777,2.357777777777777,6000.0
12191,stockerau_full_6000_6,S2B_MSIL2A_20230604T095559_R122_T33UWP_20230604T174403,500,,0.0,0.0,18.055555555555557,23.61111111111111,0.6944444444444444,6.25,2.7777777777777777,15.972222222222221,31.25,1.3888888888888888,0.0,144,0,0.0,5999.999999999884,6000.0,0.7615137100219727,48.61111111111111,,0.0,-0.014444444444444444,-1.1244444444444426,-2.1400000000000006,-0.6788888888888889,-1.1844444444444449,0.17333333333333334,0.36888888888888793,4.719999999999999,-0.1200000000000001,0.0,4.968888888888884,4.968888888888884,6000.0
12204,stockerau_full_6000_6,S2B_MSIL2A_20230604T095559_R122_T33UWP_20230604T174403,1000,,0.0,0.0,16.666666666666668,13.88888888888889,0.0,8.333333333333334,2.7777777777777777,27.77777777777778,30.555555555555557,0.0,0.0,36,0,0.0,5999.999999999884,6000.0,0.662224531173706,58.333333333333336,,0.0,-0.014444444444444444,-2.513333333333332,-11.862222222222222,-1.3733333333333333,0.8988888888888891,0.17333333333333334,12.174444444444445,4.025555555555556,-1.508888888888889,0.0,14.691111111111113,14.691111111111113,6000.0
12142,stockerau_full_6000_6,S2B_MSIL2A_20230611T094549_R079_T33UWP_20230611T135320,20,,0.0,0.0,0.0,0.0,0.0,0.0,0.0,0.0,100.0,0.0,0.0,90000,0,0.0,5999.999999999884,6000.0,0.6393656730651855,100.0,,0.0,0.0,0.0,0.0,0.0,0.0,0.0,0.0,0.0,0.0,0.0,0.0,0.0,6000.0
12155,stockerau_full_6000_6,S2B_MSIL2A_20230611T094549_R079_T33UWP_20230611T135320,50,,0.0,0.0,0.0,0.0,0.0,0.0,0.0,0.0,100.0,0.0,0.0,14400,0,0.0,5999.999999999884,6000.0,0.8454337120056152,100.0,,0.0,0.0,0.0,0.0,0.0,0.0,0.0,0.0,0.0,0.0,0.0,0.0,0.0,6000.0
12168,stockerau_full_6000_6,S2B_MSIL2A_20230611T094549_R079_T33UWP_20230611T135320,100,,0.0,0.0,0.0,0.0,0.0,0.0,0.0,0.0,100.0,0.0,0.0,3600,0,0.0,5999.999999999884,6000.0,0.6180663108825684,100.0,,0.0,0.0,0.0,0.0,0.0,0.0,0.0,0.0,0.0,0.0,0.0,0.0,0.0,6000.0
12181,stockerau_full_6000_6,S2B_MSIL2A_20230611T094549_R079_T33UWP_20230611T135320,200,,0.0,0.0,0.0,0.0,0.0,0.0,0.0,0.0,100.0,0.0,0.0,900,0,0.0,5999.999999999884,6000.0,0.6459596157073975,100.0,,0.0,0.0,0.0,0.0,0.0,0.0,0.0,0.0,0.0,0.0,0.0,0.0,0.0,6000.0
12194,stockerau_full_6000_6,S2B_MSIL2A_20230611T094549_R079_T33UWP_20230611T135320,500,,0.0,0.0,0.0,0.0,0.0,0.0,0.0,0.0,100.0,0.0,0.0,144,0,0.0,5999.999999999884,6000.0,0.7615137100219727,100.0,,0.0,0.0,0.0,0.0,0.0,0.0,0.0,0.0,0.0,0.0,0.0,0.0,0.0,6000.0
12207,stockerau_full_6000_6,S2B_MSIL2A_20230611T094549_R079_T33UWP_20230611T135320,1000,,0.0,0.0,0.0,0.0,0.0,0.0,0.0,0.0,100.0,0.0,0.0,36,0,0.0,5999.999999999884,6000.0,0.662224531173706,100.0,,0.0,0.0,0.0,0.0,0.0,0.0,0.0,0.0,0.0,0.0,0.0,0.0,0.0,6000.0
12143,stockerau_full_6000_6,S2B_MSIL2A_20230614T095559_R122_T33UWP_20230614T142248,20,,0.0,0.1388888888888889,8.75,73.04888888888888,4.141111111111111,7.912222222222222,0.4,3.468888888888889,2.1033333333333335,0.03666666666666667,0.0,90000,0,0.0,5999.999999999884,6000.0,0.6393656730651855,5.60888888888889,,0.0,0.0,0.0,0.0,0.0,0.0,0.0,0.0,0.0,0.0,0.0,0.0,0.0,6000.0
12156,stockerau_full_6000_6,S2B_MSIL2A_20230614T095559_R122_T33UWP_20230614T142248,50,,0.0,0.1388888888888889,8.770833333333334,72.94444444444444,4.131944444444445,7.888888888888889,0.4097222222222222,3.6041666666666665,2.0625,0.04861111111111111,0.0,14400,0,0.0,5999.999999999884,6000.0,0.8454337120056152,5.715277777777777,,0.0,0.0,0.020833333333333925,-0.10444444444443945,-0.009166666666666323,-0.02333333333333254,0.009722222222222188,0.1352777777777776,-0.0408333333333335,0.011944444444444445,0.0,0.10638888888888687,0.10638888888888687,6000.0
12169,stockerau_full_6000_6,S2B_MSIL2A_20230614T095559_R122_T33UWP_20230614T142248,100,,0.0,0.19444444444444445,8.805555555555555,72.75,4.25,7.972222222222222,0.4166666666666667,3.5277777777777777,2.0833333333333335,0.0,0.0,3600,0,0.0,5999.999999999884,6000.0,0.6180663108825684,5.611111111111111,,0.0,0.05555555555555555,0.05555555555555536,-0.2988888888888823,0.10888888888888903,0.0600000000000005,0.016666666666666663,0.05888888888888877,-0.020000000000000018,-0.03666666666666667,0.0,0.0022222222222207932,0.2988888888888823,6000.0
12182,stockerau_full_6000_6,S2B_MSIL2A_20230614T095559_R122_T33UWP_20230614T142248,200,,0.0,0.1111111111111111,8.88888888888889,72.66666666666667,4.0,7.666666666666667,0.4444444444444444,3.4444444444444446,2.7777777777777777,0.0,0.0,900,0,0.0,5999.999999999884,6000.0,0.6459596157073975,6.222222222222222,,0.0,-0.02777777777777779,0.13888888888888928,-0.3822222222222109,-0.14111111111111097,-0.24555555555555486,0.0444444444444444,-0.02444444444444427,0.6744444444444442,-0.03666666666666667,0.0,0.6133333333333324,0.6133333333333324,6000.0
12195,stockerau_full_6000_6,S2B_MSIL2A_20230614T095559_R122_T33UWP_20230614T142248,500,,0.0,0.0,7.638888888888889,72.91666666666667,5.555555555555555,7.638888888888889,0.0,3.4722222222222223,2.7777777777777777,0.0,0.0,144,0,0.0,5999.999999999884,6000.0,0.7615137100219727,6.25,,0.0,-0.1388888888888889,-1.1111111111111107,-0.13222222222221092,1.4144444444444444,-0.27333333333333254,-0.4,0.0033333333333334103,0.6744444444444442,-0.03666666666666667,0.0,0.6411111111111101,1.4144444444444444,6000.0
12208,stockerau_full_6000_6,S2B_MSIL2A_20230614T095559_R122_T33UWP_20230614T142248,1000,,0.0,0.0,5.555555555555555,63.888888888888886,8.333333333333334,11.11111111111111,0.0,5.555555555555555,5.555555555555555,0.0,0.0,36,0,0.0,5999.999999999884,6000.0,0.662224531173706,11.11111111111111,,0.0,-0.1388888888888889,-3.1944444444444446,-9.159999999999997,4.192222222222223,3.198888888888889,-0.4,2.0866666666666664,3.452222222222222,-0.03666666666666667,0.0,5.502222222222221,9.159999999999997,6000.0
12146,stockerau_full_6000_6,S2B_MSIL2A_20230621T094549_R079_T33UWP_20230621T143955,20,,0.0,0.07666666666666666,0.10555555555555556,69.13555555555556,4.3133333333333335,2.841111111111111,0.18,0.11777777777777777,0.0044444444444444444,23.225555555555555,0.0,90000,0,0.0,5999.999999999884,6000.0,0.6393656730651855,23.34777777777778,,0.0,0.0,0.0,0.0,0.0,0.0,0.0,0.0,0.0,0.0,0.0,0.0,0.0,6000.0
12159,stockerau_full_6000_6,S2B_MSIL2A_20230621T094549_R079_T33UWP_20230621T143955,50,,0.0,0.0763888888888889,0.10416666666666667,69.54861111111111,4.263888888888889,2.7083333333333335,0.2152777777777778,0.1111111111111111,0.0,22.97222222222222,0.0,14400,0,0.0,5999.999999999884,6000.0,0.8454337120056152,23.083333333333332,,0.0,-0.0002777777777777657,-0.001388888888888884,0.41305555555555884,-0.04944444444444418,-0.13277777777777766,0.0352777777777778,-0.006666666666666668,-0.0044444444444444444,-0.25333333333333385,0.0,-0.2644444444444467,0.41305555555555884,6000.0
12172,stockerau_full_6000_6,S2B_MSIL2A_20230621T094549_R079_T33UWP_20230621T143955,100,,0.0,0.1111111111111111,0.1111111111111111,69.72222222222223,4.25,2.7222222222222223,0.1388888888888889,0.16666666666666666,0.0,22.77777777777778,0.0,3600,0,0.0,5999.999999999884,6000.0,0.6180663108825684,22.944444444444446,,0.0,0.034444444444444444,0.00555555555555555,0.5866666666666731,-0.06333333333333346,-0.11888888888888882,-0.0411111111111111,0.048888888888888885,-0.0044444444444444444,-0.4477777777777767,0.0,-0.40333333333333243,0.5866666666666731,6000.0
12185,stockerau_full_6000_6,S2B_MSIL2A_20230621T094549_R079_T33UWP_20230621T143955,200,,0.0,0.1111111111111111,0.1111111111111111,71.0,3.6666666666666665,2.4444444444444446,0.1111111111111111,0.2222222222222222,0.0,22.333333333333332,0.0,900,0,0.0,5999.999999999884,6000.0,0.6459596157073975,22.555555555555554,,0.0,0.034444444444444444,0.00555555555555555,1.8644444444444446,-0.646666666666667,-0.3966666666666665,-0.06888888888888889,0.10444444444444444,-0.0044444444444444444,-0.8922222222222231,0.0,-0.7922222222222253,1.8644444444444446,6000.0
12198,stockerau_full_6000_6,S2B_MSIL2A_20230621T094549_R079_T33UWP_20230621T143955,500,,0.0,0.0,0.0,72.22222222222223,4.861111111111111,1.3888888888888888,0.0,0.0,0.0,21.52777777777778,0.0,144,0,0.0,5999.999999999884,6000.0,0.7615137100219727,21.52777777777778,,0.0,-0.07666666666666666,-0.10555555555555556,3.086666666666673,0.5477777777777773,-1.4522222222222223,-0.18,-0.11777777777777777,-0.0044444444444444444,-1.6977777777777767,0.0,-1.8200000000000003,3.086666666666673,6000.0
12211,stockerau_full_6000_6,S2B_MSIL2A_20230621T094549_R079_T33UWP_20230621T143955,1000,,0.0,0.0,0.0,69.44444444444444,8.333333333333334,5.555555555555555,2.7777777777777777,0.0,0.0,13.88888888888889,0.0,36,0,0.0,5999.999999999884,6000.0,0.662224531173706,13.88888888888889,,0.0,-0.07666666666666666,-0.10555555555555556,0.30888888888888744,4.0200000000000005,2.714444444444444,2.5977777777777775,-0.11777777777777777,-0.0044444444444444444,-9.336666666666666,0.0,-9.45888888888889,9.45888888888889,6000.0
12147,stockerau_full_6000_6,S2B_MSIL2A_20230624T095559_R122_T33UWP_20230624T142946,20,,0.0,0.0,0.0,0.0,0.0,0.0,0.0,0.0,100.0,0.0,0.0,90000,0,0.0,5999.999999999884,6000.0,0.6393656730651855,100.0,,0.0,0.0,0.0,0.0,0.0,0.0,0.0,0.0,0.0,0.0,0.0,0.0,0.0,6000.0
12160,stockerau_full_6000_6,S2B_MSIL2A_20230624T095559_R122_T33UWP_20230624T142946,50,,0.0,0.0,0.0,0.0,0.0,0.0,0.0,0.0,100.0,0.0,0.0,14400,0,0.0,5999.999999999884,6000.0,0.8454337120056152,100.0,,0.0,0.0,0.0,0.0,0.0,0.0,0.0,0.0,0.0,0.0,0.0,0.0,0.0,6000.0
12173,stockerau_full_6000_6,S2B_MSIL2A_20230624T095559_R122_T33UWP_20230624T142946,100,,0.0,0.0,0.0,0.0,0.0,0.0,0.0,0.0,100.0,0.0,0.0,3600,0,0.0,5999.999999999884,6000.0,0.6180663108825684,100.0,,0.0,0.0,0.0,0.0,0.0,0.0,0.0,0.0,0.0,0.0,0.0,0.0,0.0,6000.0
12186,stockerau_full_6000_6,S2B_MSIL2A_20230624T095559_R122_T33UWP_20230624T142946,200,,0.0,0.0,0.0,0.0,0.0,0.0,0.0,0.0,100.0,0.0,0.0,900,0,0.0,5999.999999999884,6000.0,0.6459596157073975,100.0,,0.0,0.0,0.0,0.0,0.0,0.0,0.0,0.0,0.0,0.0,0.0,0.0,0.0,6000.0
12199,stockerau_full_6000_6,S2B_MSIL2A_20230624T095559_R122_T33UWP_20230624T142946,500,,0.0,0.0,0.0,0.0,0.0,0.0,0.0,0.0,100.0,0.0,0.0,144,0,0.0,5999.999999999884,6000.0,0.7615137100219727,100.0,,0.0,0.0,0.0,0.0,0.0,0.0,0.0,0.0,0.0,0.0,0.0,0.0,0.0,6000.0
12212,stockerau_full_6000_6,S2B_MSIL2A_20230624T095559_R122_T33UWP_20230624T142946,1000,,0.0,0.0,0.0,0.0,0.0,0.0,0.0,0.0,100.0,0.0,0.0,36,0,0.0,5999.999999999884,6000.0,0.662224531173706,100.0,,0.0,0.0,0.0,0.0,0.0,0.0,0.0,0.0,0.0,0.0,0.0,0.0,0.0,6000.0
12150,stockerau_full_6000_6,S2B_MSIL2A_20230701T094549_R079_T33UWP_20230701T152448,20,,0.0,0.0,0.0,0.0,0.0,0.0,0.0,0.07111111111111111,99.92888888888889,0.0,0.0,90000,0,0.0,5999.999999999884,6000.0,0.6393656730651855,100.0,,0.0,0.0,0.0,0.0,0.0,0.0,0.0,0.0,0.0,0.0,0.0,0.0,0.0,6000.0
12163,stockerau_full_6000_6,S2B_MSIL2A_20230701T094549_R079_T33UWP_20230701T152448,50,,0.0,0.0,0.0,0.0,0.0,0.0,0.0,0.0763888888888889,99.92361111111111,0.0,0.0,14400,0,0.0,5999.999999999884,6000.0,0.8454337120056152,100.0,,0.0,0.0,0.0,0.0,0.0,0.0,0.0,0.005277777777777784,-0.005277777777777715,0.0,0.0,0.0,0.0,6000.0
12176,stockerau_full_6000_6,S2B_MSIL2A_20230701T094549_R079_T33UWP_20230701T152448,100,,0.0,0.0,0.0,0.0,0.0,0.0,0.0,0.08333333333333333,99.91666666666667,0.0,0.0,3600,0,0.0,5999.999999999884,6000.0,0.6180663108825684,100.0,,0.0,0.0,0.0,0.0,0.0,0.0,0.0,0.012222222222222218,-0.01222222222222058,0.0,0.0,0.0,0.0,6000.0
12189,stockerau_full_6000_6,S2B_MSIL2A_20230701T094549_R079_T33UWP_20230701T152448,200,,0.0,0.0,0.0,0.0,0.0,0.0,0.0,0.1111111111111111,99.88888888888889,0.0,0.0,900,0,0.0,5999.999999999884,6000.0,0.6459596157073975,100.0,,0.0,0.0,0.0,0.0,0.0,0.0,0.0,0.039999999999999994,-0.04000000000000625,0.0,0.0,0.0,0.0,6000.0
12202,stockerau_full_6000_6,S2B_MSIL2A_20230701T094549_R079_T33UWP_20230701T152448,500,,0.0,0.0,0.0,0.0,0.0,0.0,0.0,0.0,100.0,0.0,0.0,144,0,0.0,5999.999999999884,6000.0,0.7615137100219727,100.0,,0.0,0.0,0.0,0.0,0.0,0.0,0.0,-0.07111111111111111,0.07111111111110802,0.0,0.0,0.0,0.0,6000.0
12215,stockerau_full_6000_6,S2B_MSIL2A_20230701T094549_R079_T33UWP_20230701T152448,1000,,0.0,0.0,0.0,0.0,0.0,0.0,0.0,0.0,100.0,0.0,0.0,36,0,0.0,5999.999999999884,6000.0,0.662224531173706,100.0,,0.0,0.0,0.0,0.0,0.0,0.0,0.0,-0.07111111111111111,0.07111111111110802,0.0,0.0,0.0,0.0,6000.0
12218,stockerau_full_6000_7,S2A_MSIL2A_20230606T095031_R079_T33UWP_20230606T162616,20,,0.0,0.0,0.22666666666666666,1.1322222222222222,5.167777777777777,0.0,8.14,15.727777777777778,69.60555555555555,0.0,0.0,90000,0,0.0,6000.000000000233,6000.000000000931,0.8016471862792969,85.33333333333333,,0.0,0.0,0.0,0.0,0.0,0.0,0.0,0.0,0.0,0.0,0.0,0.0,0.0,6000.0
12231,stockerau_full_6000_7,S2A_MSIL2A_20230606T095031_R079_T33UWP_20230606T162616,50,,0.0,0.0,0.2361111111111111,1.0277777777777777,5.166666666666667,0.0,8.118055555555555,15.777777777777779,69.67361111111111,0.0,0.0,14400,0,0.0,6000.000000000233,6000.000000000931,0.9401793479919434,85.45138888888889,,0.0,0.0,0.00944444444444445,-0.10444444444444456,-0.0011111111111103966,0.0,-0.02194444444444521,0.05000000000000071,0.06805555555555998,0.0,0.0,0.11805555555555713,0.11805555555555713,6000.0
12244,stockerau_full_6000_7,S2A_MSIL2A_20230606T095031_R079_T33UWP_20230606T162616,100,,0.0,0.0,0.2222222222222222,1.0555555555555556,5.166666666666667,0.0,8.11111111111111,16.02777777777778,69.41666666666667,0.0,0.0,3600,0,0.0,6000.000000000233,6000.000000000931,0.904550313949585,85.44444444444446,,0.0,0.0,-0.004444444444444445,-0.07666666666666666,-0.0011111111111103966,0.0,-0.028888888888889852,0.3000000000000007,-0.1888888888888829,0.0,0.0,0.11111111111112848,0.11111111111112848,6000.0
12257,stockerau_full_6000_7,S2A_MSIL2A_20230606T095031_R079_T33UWP_20230606T162616,200,,0.0,0.0,0.2222222222222222,1.4444444444444444,4.666666666666667,0.0,8.0,16.333333333333332,69.33333333333333,0.0,0.0,900,0,0.0,6000.000000000233,6000.000000000931,0.761488676071167,85.66666666666666,,0.0,0.0,-0.004444444444444445,0.3122222222222222,-0.5011111111111104,0.0,-0.14000000000000057,0.6055555555555543,-0.2722222222222257,0.0,0.0,0.3333333333333286,0.5011111111111104,6000.0
12270,stockerau_full_6000_7,S2A_MSIL2A_20230606T095031_R079_T33UWP_20230606T162616,500,,0.0,0.0,0.0,1.3888888888888888,3.4722222222222223,0.0,11.11111111111111,11.11111111111111,72.91666666666667,0.0,0.0,144,0,0.0,6000.000000000233,6000.000000000931,0.8178079128265381,84.02777777777779,,0.0,0.0,-0.22666666666666666,0.2566666666666666,-1.695555555555555,0.0,2.97111111111111,-4.616666666666667,3.311111111111117,0.0,0.0,-1.305555555555543,2.97111111111111,6000.0
12283,stockerau_full_6000_7,S2A_MSIL2A_20230606T095031_R079_T33UWP_20230606T162616,1000,,0.0,0.0,0.0,0.0,2.7777777777777777,0.0,11.11111111111111,25.0,61.111111111111114,0.0,0.0,36,0,0.0,6000.000000000233,6000.000000000931,0.8618500232696533,86.11111111111111,,0.0,0.0,-0.22666666666666666,-1.1322222222222222,-2.3899999999999997,0.0,2.97111111111111,9.272222222222222,-8.49444444444444,0.0,0.0,0.7777777777777857,2.97111111111111,6000.0
12219,stockerau_full_6000_7,S2A_MSIL2A_20230609T100031_R122_T33UWP_20230609T173715,20,,0.0,0.0,0.0,0.0,0.0,0.0,0.0,27.5,72.47666666666667,0.023333333333333334,0.0,90000,0,0.0,6000.000000000233,6000.000000000931,0.8016471862792969,100.0,,0.0,0.0,0.0,0.0,0.0,0.0,0.0,0.0,0.0,0.0,0.0,0.0,0.0,6000.0
12232,stockerau_full_6000_7,S2A_MSIL2A_20230609T100031_R122_T33UWP_20230609T173715,50,,0.0,0.0,0.0,0.0,0.0,0.0,0.0,27.319444444444443,72.67361111111111,0.006944444444444444,0.0,14400,0,0.0,6000.000000000233,6000.000000000931,0.9401793479919434,100.0,,0.0,0.0,0.0,0.0,0.0,0.0,0.0,-0.18055555555555713,0.1969444444444406,-0.01638888888888889,0.0,0.0,0.0,6000.0
12245,stockerau_full_6000_7,S2A_MSIL2A_20230609T100031_R122_T33UWP_20230609T173715,100,,0.0,0.0,0.0,0.0,0.0,0.0,0.0,27.13888888888889,72.86111111111111,0.0,0.0,3600,0,0.0,6000.000000000233,6000.000000000931,0.904550313949585,100.0,,0.0,0.0,0.0,0.0,0.0,0.0,0.0,-0.3611111111111107,0.3844444444444406,-0.023333333333333334,0.0,0.0,0.0,6000.0
12258,stockerau_full_6000_7,S2A_MSIL2A_20230609T100031_R122_T33UWP_20230609T173715,200,,0.0,0.0,0.0,0.0,0.0,0.0,0.0,26.555555555555557,73.44444444444444,0.0,0.0,900,0,0.0,6000.000000000233,6000.000000000931,0.761488676071167,100.0,,0.0,0.0,0.0,0.0,0.0,0.0,0.0,-0.9444444444444429,0.9677777777777692,-0.023333333333333334,0.0,0.0,0.0,6000.0
12271,stockerau_full_6000_7,S2A_MSIL2A_20230609T100031_R122_T33UWP_20230609T173715,500,,0.0,0.0,0.0,0.0,0.0,0.0,0.0,27.083333333333332,72.91666666666667,0.0,0.0,144,0,0.0,6000.000000000233,6000.000000000931,0.8178079128265381,100.0,,0.0,0.0,0.0,0.0,0.0,0.0,0.0,-0.41666666666666785,0.4399999999999977,-0.023333333333333334,0.0,0.0,0.0,6000.0
12284,stockerau_full_6000_7,S2A_MSIL2A_20230609T100031_R122_T33UWP_20230609T173715,1000,,0.0,0.0,0.0,0.0,0.0,0.0,0.0,19.444444444444443,80.55555555555556,0.0,0.0,36,0,0.0,6000.000000000233,6000.000000000931,0.8618500232696533,100.0,,0.0,0.0,0.0,0.0,0.0,0.0,0.0,-8.055555555555557,8.078888888888883,-0.023333333333333334,0.0,0.0,0.0,6000.0
12222,stockerau_full_6000_7,S2A_MSIL2A_20230616T095031_R079_T33UWP_20230616T172735,20,,0.0,0.02,2.062222222222222,73.49,21.301111111111112,0.11222222222222222,0.4988888888888889,1.68,0.8355555555555556,0.0,0.0,90000,0,0.0,6000.000000000233,6000.000000000931,0.8016471862792969,2.5155555555555553,,0.0,0.0,0.0,0.0,0.0,0.0,0.0,0.0,0.0,0.0,0.0,0.0,0.0,6000.0
12235,stockerau_full_6000_7,S2A_MSIL2A_20230616T095031_R079_T33UWP_20230616T172735,50,,0.0,0.034722222222222224,2.0833333333333335,73.34722222222223,21.40972222222222,0.10416666666666667,0.4444444444444444,1.7708333333333333,0.8055555555555556,0.0,0.0,14400,0,0.0,6000.000000000233,6000.000000000931,0.9401793479919434,2.576388888888889,,0.0,0.014722222222222223,0.021111111111111303,-0.14277777777776635,0.10861111111110944,-0.008055555555555552,-0.05444444444444446,0.09083333333333332,-0.030000000000000027,0.0,0.0,0.06083333333333352,0.14277777777776635,6000.0
12248,stockerau_full_6000_7,S2A_MSIL2A_20230616T095031_R079_T33UWP_20230616T172735,100,,0.0,0.05555555555555555,2.1944444444444446,73.91666666666667,20.88888888888889,0.1111111111111111,0.4444444444444444,1.5833333333333333,0.8055555555555556,0.0,0.0,3600,0,0.0,6000.000000000233,6000.000000000931,0.904550313949585,2.388888888888889,,0.0,0.03555555555555555,0.13222222222222246,0.4266666666666765,-0.4122222222222227,-0.0011111111111111183,-0.05444444444444446,-0.09666666666666668,-0.030000000000000027,0.0,0.0,-0.12666666666666648,0.4266666666666765,6000.0
12261,stockerau_full_6000_7,S2A_MSIL2A_20230616T095031_R079_T33UWP_20230616T172735,200,,0.0,0.0,2.2222222222222223,71.88888888888889,22.333333333333332,0.1111111111111111,0.7777777777777778,1.7777777777777777,0.8888888888888888,0.0,0.0,900,0,0.0,6000.000000000233,6000.000000000931,0.761488676071167,2.6666666666666665,,0.0,-0.02,0.16000000000000014,-1.6011111111111092,1.0322222222222202,-0.0011111111111111183,0.2788888888888889,0.09777777777777774,0.05333333333333323,0.0,0.0,0.1511111111111112,1.6011111111111092,6000.0
12274,stockerau_full_6000_7,S2A_MSIL2A_20230616T095031_R079_T33UWP_20230616T172735,500,,0.0,0.0,2.7777777777777777,78.47222222222223,17.36111111111111,0.0,0.0,0.6944444444444444,0.6944444444444444,0.0,0.0,144,0,0.0,6000.000000000233,6000.000000000931,0.8178079128265381,1.3888888888888888,,0.0,-0.02,0.7155555555555555,4.982222222222234,-3.9400000000000013,-0.11222222222222222,-0.4988888888888889,-0.9855555555555555,-0.1411111111111112,0.0,0.0,-1.1266666666666665,4.982222222222234,6000.0
12287,stockerau_full_6000_7,S2A_MSIL2A_20230616T095031_R079_T33UWP_20230616T172735,1000,,0.0,0.0,5.555555555555555,72.22222222222223,22.22222222222222,0.0,0.0,0.0,0.0,0.0,0.0,36,0,0.0,6000.000000000233,6000.000000000931,0.8618500232696533,0.0,,0.0,-0.02,3.493333333333333,-1.2677777777777663,0.9211111111111094,-0.11222222222222222,-0.4988888888888889,-1.68,-0.8355555555555556,0.0,0.0,-2.5155555555555553,3.493333333333333,6000.0
12223,stockerau_full_6000_7,S2A_MSIL2A_20230619T100031_R122_T33UWP_20230619T172742,20,,0.0,0.0011111111111111111,0.12666666666666668,40.172222222222224,14.574444444444444,0.0011111111111111111,15.404444444444444,22.41,2.612222222222222,4.697777777777778,0.0,90000,0,0.0,6000.000000000233,6000.000000000931,0.8016471862792969,29.72,,0.0,0.0,0.0,0.0,0.0,0.0,0.0,0.0,0.0,0.0,0.0,0.0,0.0,6000.0
12236,stockerau_full_6000_7,S2A_MSIL2A_20230619T100031_R122_T33UWP_20230619T172742,50,,0.0,0.0,0.13194444444444445,39.69444444444444,14.631944444444445,0.006944444444444444,15.569444444444445,22.416666666666668,2.7291666666666665,4.819444444444445,0.0,14400,0,0.0,6000.000000000233,6000.000000000931,0.9401793479919434,29.96527777777778,,0.0,-0.0011111111111111111,0.00527777777777777,-0.4777777777777814,0.057500000000000995,0.005833333333333333,0.16500000000000092,0.006666666666667709,0.11694444444444452,0.12166666666666703,0.0,0.2452777777777797,0.4777777777777814,6000.0
12249,stockerau_full_6000_7,S2A_MSIL2A_20230619T100031_R122_T33UWP_20230619T172742,100,,0.0,0.0,0.1388888888888889,39.5,15.222222222222221,0.0,14.833333333333334,22.52777777777778,2.8333333333333335,4.944444444444445,0.0,3600,0,0.0,6000.000000000233,6000.000000000931,0.904550313949585,30.305555555555557,,0.0,-0.0011111111111111111,0.012222222222222218,-0.6722222222222243,0.6477777777777778,-0.0011111111111111111,-0.5711111111111098,0.11777777777777843,0.22111111111111148,0.24666666666666703,0.0,0.5855555555555583,0.6722222222222243,6000.0
12262,stockerau_full_6000_7,S2A_MSIL2A_20230619T100031_R122_T33UWP_20230619T172742,200,,0.0,0.0,0.1111111111111111,38.888888888888886,14.11111111111111,0.0,16.555555555555557,23.0,2.5555555555555554,4.777777777777778,0.0,900,0,0.0,6000.000000000233,6000.000000000931,0.761488676071167,30.333333333333336,,0.0,-0.0011111111111111111,-0.015555555555555572,-1.2833333333333385,-0.46333333333333293,-0.0011111111111111111,1.1511111111111134,0.5899999999999999,-0.05666666666666664,0.08000000000000007,0.0,0.6133333333333368,1.2833333333333385,6000.0
12275,stockerau_full_6000_7,S2A_MSIL2A_20230619T100031_R122_T33UWP_20230619T172742,500,,0.0,0.0,0.0,41.666666666666664,12.5,0.0,14.583333333333334,24.305555555555557,4.166666666666667,2.7777777777777777,0.0,144,0,0.0,6000.000000000233,6000.000000000931,0.8178079128265381,31.250000000000004,,0.0,-0.0011111111111111111,-0.12666666666666668,1.49444444444444,-2.0744444444444436,-0.0011111111111111111,-0.8211111111111098,1.895555555555557,1.554444444444445,-1.92,0.0,1.5300000000000047,2.0744444444444436,6000.0
12288,stockerau_full_6000_7,S2A_MSIL2A_20230619T100031_R122_T33UWP_20230619T172742,1000,,0.0,0.0,0.0,30.555555555555557,8.333333333333334,0.0,16.666666666666668,33.333333333333336,0.0,11.11111111111111,0.0,36,0,0.0,6000.000000000233,6000.000000000931,0.8618500232696533,44.44444444444444,,0.0,-0.0011111111111111111,-0.12666666666666668,-9.616666666666667,-6.24111111111111,-0.0011111111111111111,1.2622222222222241,10.923333333333336,-2.612222222222222,6.413333333333333,0.0,14.724444444444444,14.724444444444444,6000.0
12226,stockerau_full_6000_7,S2A_MSIL2A_20230626T095031_R079_T33UWP_20230626T161132,20,,0.0,0.014444444444444444,0.0,80.65,18.996666666666666,0.13777777777777778,0.2011111111111111,0.0,0.0,0.0,0.0,90000,0,0.0,6000.000000000233,6000.000000000931,0.8016471862792969,0.0,,0.0,0.0,0.0,0.0,0.0,0.0,0.0,0.0,0.0,0.0,0.0,0.0,0.0,6000.0
12239,stockerau_full_6000_7,S2A_MSIL2A_20230626T095031_R079_T33UWP_20230626T161132,50,,0.0,0.013888888888888888,0.0,80.93055555555556,18.708333333333332,0.13194444444444445,0.2152777777777778,0.0,0.0,0.0,0.0,14400,0,0.0,6000.000000000233,6000.000000000931,0.9401793479919434,0.0,,0.0,-0.0005555555555555557,0.0,0.28055555555555145,-0.288333333333334,-0.005833333333333329,0.014166666666666689,0.0,0.0,0.0,0.0,0.0,0.288333333333334,6000.0
12252,stockerau_full_6000_7,S2A_MSIL2A_20230626T095031_R079_T33UWP_20230626T161132,100,,0.0,0.05555555555555555,0.0,81.02777777777777,18.555555555555557,0.1111111111111111,0.25,0.0,0.0,0.0,0.0,3600,0,0.0,6000.000000000233,6000.000000000931,0.904550313949585,0.0,,0.0,0.04111111111111111,0.0,0.3777777777777658,-0.441111111111109,-0.026666666666666672,0.0488888888888889,0.0,0.0,0.0,0.0,0.0,0.441111111111109,6000.0
12265,stockerau_full_6000_7,S2A_MSIL2A_20230626T095031_R079_T33UWP_20230626T161132,200,,0.0,0.1111111111111111,0.0,78.55555555555556,20.88888888888889,0.1111111111111111,0.3333333333333333,0.0,0.0,0.0,0.0,900,0,0.0,6000.000000000233,6000.000000000931,0.761488676071167,0.0,,0.0,0.09666666666666666,0.0,-2.0944444444444485,1.8922222222222231,-0.026666666666666672,0.1322222222222222,0.0,0.0,0.0,0.0,0.0,2.0944444444444485,6000.0
12278,stockerau_full_6000_7,S2A_MSIL2A_20230626T095031_R079_T33UWP_20230626T161132,500,,0.0,0.0,0.0,86.11111111111111,13.88888888888889,0.0,0.0,0.0,0.0,0.0,0.0,144,0,0.0,6000.000000000233,6000.000000000931,0.8178079128265381,0.0,,0.0,-0.014444444444444444,0.0,5.461111111111109,-5.107777777777777,-0.13777777777777778,-0.2011111111111111,0.0,0.0,0.0,0.0,0.0,5.461111111111109,6000.0
12291,stockerau_full_6000_7,S2A_MSIL2A_20230626T095031_R079_T33UWP_20230626T161132,1000,,0.0,0.0,0.0,80.55555555555556,19.444444444444443,0.0,0.0,0.0,0.0,0.0,0.0,36,0,0.0,6000.000000000233,6000.000000000931,0.8618500232696533,0.0,,0.0,-0.014444444444444444,0.0,-0.09444444444444855,0.4477777777777767,-0.13777777777777778,-0.2011111111111111,0.0,0.0,0.0,0.0,0.0,0.4477777777777767,6000.0
12227,stockerau_full_6000_7,S2A_MSIL2A_20230629T100031_R122_T33UWP_20230629T191411,20,,0.0,0.0,7.63,70.72555555555556,15.882222222222222,0.11555555555555555,0.6255555555555555,3.6355555555555554,1.38,0.005555555555555556,0.0,90000,0,0.0,6000.000000000233,6000.000000000931,0.8016471862792969,5.021111111111111,,0.0,0.0,0.0,0.0,0.0,0.0,0.0,0.0,0.0,0.0,0.0,0.0,0.0,6000.0
12240,stockerau_full_6000_7,S2A_MSIL2A_20230629T100031_R122_T33UWP_20230629T191411,50,,0.0,0.0,7.673611111111111,70.76388888888889,15.777777777777779,0.10416666666666667,0.5972222222222222,3.7222222222222223,1.3541666666666667,0.006944444444444444,0.0,14400,0,0.0,6000.000000000233,6000.000000000931,0.9401793479919434,5.083333333333334,,0.0,0.0,0.04361111111111082,0.03833333333332689,-0.10444444444444301,-0.011388888888888879,-0.02833333333333332,0.08666666666666689,-0.025833333333333153,0.0013888888888888883,0.0,0.06222222222222307,0.10444444444444301,6000.0
12253,stockerau_full_6000_7,S2A_MSIL2A_20230629T100031_R122_T33UWP_20230629T191411,100,,0.0,0.0,7.694444444444445,71.02777777777777,15.527777777777779,0.1111111111111111,0.6666666666666666,3.6666666666666665,1.3055555555555556,0.0,0.0,3600,0,0.0,6000.000000000233,6000.000000000931,0.904550313949585,4.972222222222222,,0.0,0.0,0.06444444444444475,0.3022222222222126,-0.354444444444443,-0.004444444444444445,0.0411111111111111,0.03111111111111109,-0.07444444444444431,-0.005555555555555556,0.0,-0.04888888888888854,0.354444444444443,6000.0
12266,stockerau_full_6000_7,S2A_MSIL2A_20230629T100031_R122_T33UWP_20230629T191411,200,,0.0,0.0,8.0,69.44444444444444,16.77777777777778,0.1111111111111111,0.5555555555555556,3.888888888888889,1.2222222222222223,0.0,0.0,900,0,0.0,6000.000000000233,6000.000000000931,0.761488676071167,5.111111111111111,,0.0,0.0,0.3700000000000001,-1.281111111111116,0.895555555555557,-0.004444444444444445,-0.06999999999999995,0.2533333333333334,-0.15777777777777757,-0.005555555555555556,0.0,0.08999999999999986,1.281111111111116,6000.0
12279,stockerau_full_6000_7,S2A_MSIL2A_20230629T100031_R122_T33UWP_20230629T191411,500,,0.0,0.0,7.638888888888889,77.77777777777777,8.333333333333334,0.0,0.6944444444444444,4.861111111111111,0.6944444444444444,0.0,0.0,144,0,0.0,6000.000000000233,6000.000000000931,0.8178079128265381,5.555555555555555,,0.0,0.0,0.00888888888888939,7.052222222222213,-7.548888888888888,-0.11555555555555555,0.06888888888888889,1.2255555555555553,-0.6855555555555555,-0.005555555555555556,0.0,0.5344444444444445,7.548888888888888,6000.0
12292,stockerau_full_6000_7,S2A_MSIL2A_20230629T100031_R122_T33UWP_20230629T191411,1000,,0.0,0.0,8.333333333333334,72.22222222222223,11.11111111111111,0.0,0.0,8.333333333333334,0.0,0.0,0.0,36,0,0.0,6000.000000000233,6000.000000000931,0.8618500232696533,8.333333333333334,,0.0,0.0,0.703333333333334,1.4966666666666697,-4.771111111111111,-0.11555555555555555,-0.6255555555555555,4.6977777777777785,-1.38,-0.005555555555555556,0.0,3.312222222222223,4.771111111111111,6000.0
12216,stockerau_full_6000_7,S2B_MSIL2A_20230601T094549_R079_T33UWP_20230601T163321,20,,0.0,0.03111111111111111,0.0,71.41,28.17111111111111,0.05444444444444444,0.2633333333333333,0.0,0.0,0.07,0.0,90000,0,0.0,6000.000000000233,6000.000000000931,0.8016471862792969,0.07,,0.0,0.0,0.0,0.0,0.0,0.0,0.0,0.0,0.0,0.0,0.0,0.0,0.0,6000.0
12229,stockerau_full_6000_7,S2B_MSIL2A_20230601T094549_R079_T33UWP_20230601T163321,50,,0.0,0.034722222222222224,0.0,71.46527777777777,28.125,0.027777777777777776,0.2638888888888889,0.0,0.0,0.08333333333333333,0.0,14400,0,0.0,6000.000000000233,6000.000000000931,0.9401793479919434,0.08333333333333333,,0.0,0.0036111111111111135,0.0,0.05527777777777487,-0.04611111111110944,-0.026666666666666665,0.0005555555555555869,0.0,0.0,0.013333333333333322,0.0,0.013333333333333322,0.05527777777777487,6000.0
12242,stockerau_full_6000_7,S2B_MSIL2A_20230601T094549_R079_T33UWP_20230601T163321,100,,0.0,0.05555555555555555,0.0,71.72222222222223,27.833333333333332,0.027777777777777776,0.2777777777777778,0.0,0.0,0.08333333333333333,0.0,3600,0,0.0,6000.000000000233,6000.000000000931,0.904550313949585,0.08333333333333333,,0.0,0.024444444444444442,0.0,0.31222222222223195,-0.3377777777777773,-0.026666666666666665,0.014444444444444482,0.0,0.0,0.013333333333333322,0.0,0.013333333333333322,0.3377777777777773,6000.0
12255,stockerau_full_6000_7,S2B_MSIL2A_20230601T094549_R079_T33UWP_20230601T163321,200,,0.0,0.1111111111111111,0.0,69.77777777777777,29.666666666666668,0.1111111111111111,0.3333333333333333,0.0,0.0,0.0,0.0,900,0,0.0,6000.000000000233,6000.000000000931,0.761488676071167,0.0,,0.0,0.07999999999999999,0.0,-1.6322222222222251,1.4955555555555584,0.056666666666666664,0.07,0.0,0.0,-0.07,0.0,-0.07,1.6322222222222251,6000.0
12268,stockerau_full_6000_7,S2B_MSIL2A_20230601T094549_R079_T33UWP_20230601T163321,500,,0.0,0.0,0.0,73.61111111111111,26.38888888888889,0.0,0.0,0.0,0.0,0.0,0.0,144,0,0.0,6000.000000000233,6000.000000000931,0.8178079128265381,0.0,,0.0,-0.03111111111111111,0.0,2.2011111111111177,-1.7822222222222202,-0.05444444444444444,-0.2633333333333333,0.0,0.0,-0.07,0.0,-0.07,2.2011111111111177,6000.0
12281,stockerau_full_6000_7,S2B_MSIL2A_20230601T094549_R079_T33UWP_20230601T163321,1000,,0.0,0.0,0.0,72.22222222222223,27.77777777777778,0.0,0.0,0.0,0.0,0.0,0.0,36,0,0.0,6000.000000000233,6000.000000000931,0.8618500232696533,0.0,,0.0,-0.03111111111111111,0.0,0.812222222222232,-0.39333333333333087,-0.05444444444444444,-0.2633333333333333,0.0,0.0,-0.07,0.0,-0.07,0.812222222222232,6000.0
12217,stockerau_full_6000_7,S2B_MSIL2A_20230604T095559_R122_T33UWP_20230604T174403,20,,0.0,0.011111111111111112,2.2355555555555555,43.42777777777778,19.162222222222223,0.051111111111111114,0.5633333333333334,4.916666666666667,0.3333333333333333,29.29888888888889,0.0,90000,0,0.0,6000.000000000233,6000.000000000931,0.8016471862792969,34.54888888888889,,0.0,0.0,0.0,0.0,0.0,0.0,0.0,0.0,0.0,0.0,0.0,0.0,0.0,6000.0
12230,stockerau_full_6000_7,S2B_MSIL2A_20230604T095559_R122_T33UWP_20230604T174403,50,,0.0,0.020833333333333332,2.2777777777777777,43.541666666666664,18.791666666666668,0.04861111111111111,0.5833333333333334,4.951388888888889,0.3194444444444444,29.46527777777778,0.0,14400,0,0.0,6000.000000000233,6000.000000000931,0.9401793479919434,34.736111111111114,,0.0,0.00972222222222222,0.04222222222222216,0.11388888888888715,-0.37055555555555486,-0.0025000000000000022,0.020000000000000018,0.03472222222222232,-0.013888888888888895,0.16638888888888914,0.0,0.18722222222222484,0.37055555555555486,6000.0
12243,stockerau_full_6000_7,S2B_MSIL2A_20230604T095559_R122_T33UWP_20230604T174403,100,,0.0,0.027777777777777776,2.2222222222222223,43.55555555555556,18.25,0.027777777777777776,0.6388888888888888,5.416666666666667,0.2222222222222222,29.63888888888889,0.0,3600,0,0.0,6000.000000000233,6000.000000000931,0.904550313949585,35.27777777777778,,0.0,0.016666666666666663,-0.013333333333333197,0.12777777777778,-0.9122222222222227,-0.023333333333333338,0.07555555555555549,0.5,-0.1111111111111111,0.33999999999999986,0.0,0.7288888888888891,0.9122222222222227,6000.0
12256,stockerau_full_6000_7,S2B_MSIL2A_20230604T095559_R122_T33UWP_20230604T174403,200,,0.0,0.0,2.6666666666666665,41.333333333333336,19.666666666666668,0.0,0.3333333333333333,5.888888888888889,0.3333333333333333,29.77777777777778,0.0,900,0,0.0,6000.000000000233,6000.000000000931,0.761488676071167,36.0,,0.0,-0.011111111111111112,0.431111111111111,-2.0944444444444414,0.5044444444444451,-0.051111111111111114,-0.23000000000000004,0.9722222222222223,0.0,0.47888888888888914,0.0,1.4511111111111106,2.0944444444444414,6000.0
12269,stockerau_full_6000_7,S2B_MSIL2A_20230604T095559_R122_T33UWP_20230604T174403,500,,0.0,0.0,0.6944444444444444,44.44444444444444,18.055555555555557,0.0,2.0833333333333335,5.555555555555555,0.6944444444444444,28.47222222222222,0.0,144,0,0.0,6000.000000000233,6000.000000000931,0.8178079128265381,34.72222222222222,,0.0,-0.011111111111111112,-1.541111111111111,1.0166666666666657,-1.1066666666666656,-0.051111111111111114,1.52,0.6388888888888884,0.3611111111111111,-0.826666666666668,0.0,0.173333333333332,1.541111111111111,6000.0
12282,stockerau_full_6000_7,S2B_MSIL2A_20230604T095559_R122_T33UWP_20230604T174403,1000,,0.0,0.0,5.555555555555555,36.111111111111114,19.444444444444443,0.0,5.555555555555555,11.11111111111111,0.0,22.22222222222222,0.0,36,0,0.0,6000.000000000233,6000.000000000931,0.8618500232696533,33.33333333333333,,0.0,-0.011111111111111112,3.32,-7.316666666666663,0.28222222222222015,-0.051111111111111114,4.992222222222222,6.194444444444444,-0.3333333333333333,-7.076666666666668,0.0,-1.2155555555555608,7.316666666666663,6000.0
12220,stockerau_full_6000_7,S2B_MSIL2A_20230611T094549_R079_T33UWP_20230611T135320,20,,0.0,0.0,0.0,0.0,0.0,0.0,0.0,0.0,100.0,0.0,0.0,90000,0,0.0,6000.000000000233,6000.000000000931,0.8016471862792969,100.0,,0.0,0.0,0.0,0.0,0.0,0.0,0.0,0.0,0.0,0.0,0.0,0.0,0.0,6000.0
12233,stockerau_full_6000_7,S2B_MSIL2A_20230611T094549_R079_T33UWP_20230611T135320,50,,0.0,0.0,0.0,0.0,0.0,0.0,0.0,0.0,100.0,0.0,0.0,14400,0,0.0,6000.000000000233,6000.000000000931,0.9401793479919434,100.0,,0.0,0.0,0.0,0.0,0.0,0.0,0.0,0.0,0.0,0.0,0.0,0.0,0.0,6000.0
12246,stockerau_full_6000_7,S2B_MSIL2A_20230611T094549_R079_T33UWP_20230611T135320,100,,0.0,0.0,0.0,0.0,0.0,0.0,0.0,0.0,100.0,0.0,0.0,3600,0,0.0,6000.000000000233,6000.000000000931,0.904550313949585,100.0,,0.0,0.0,0.0,0.0,0.0,0.0,0.0,0.0,0.0,0.0,0.0,0.0,0.0,6000.0
12259,stockerau_full_6000_7,S2B_MSIL2A_20230611T094549_R079_T33UWP_20230611T135320,200,,0.0,0.0,0.0,0.0,0.0,0.0,0.0,0.0,100.0,0.0,0.0,900,0,0.0,6000.000000000233,6000.000000000931,0.761488676071167,100.0,,0.0,0.0,0.0,0.0,0.0,0.0,0.0,0.0,0.0,0.0,0.0,0.0,0.0,6000.0
12272,stockerau_full_6000_7,S2B_MSIL2A_20230611T094549_R079_T33UWP_20230611T135320,500,,0.0,0.0,0.0,0.0,0.0,0.0,0.0,0.0,100.0,0.0,0.0,144,0,0.0,6000.000000000233,6000.000000000931,0.8178079128265381,100.0,,0.0,0.0,0.0,0.0,0.0,0.0,0.0,0.0,0.0,0.0,0.0,0.0,0.0,6000.0
12285,stockerau_full_6000_7,S2B_MSIL2A_20230611T094549_R079_T33UWP_20230611T135320,1000,,0.0,0.0,0.0,0.0,0.0,0.0,0.0,0.0,100.0,0.0,0.0,36,0,0.0,6000.000000000233,6000.000000000931,0.8618500232696533,100.0,,0.0,0.0,0.0,0.0,0.0,0.0,0.0,0.0,0.0,0.0,0.0,0.0,0.0,6000.0
12221,stockerau_full_6000_7,S2B_MSIL2A_20230614T095559_R122_T33UWP_20230614T142248,20,,0.0,0.022222222222222223,1.9433333333333334,74.93222222222222,20.625555555555554,0.11333333333333333,0.18888888888888888,1.1622222222222223,1.0044444444444445,0.0077777777777777776,0.0,90000,0,0.0,6000.000000000233,6000.000000000931,0.8016471862792969,2.1744444444444446,,0.0,0.0,0.0,0.0,0.0,0.0,0.0,0.0,0.0,0.0,0.0,0.0,0.0,6000.0
12234,stockerau_full_6000_7,S2B_MSIL2A_20230614T095559_R122_T33UWP_20230614T142248,50,,0.0,0.027777777777777776,1.9236111111111112,74.81944444444444,20.79861111111111,0.1111111111111111,0.2013888888888889,1.1111111111111112,1.0069444444444444,0.0,0.0,14400,0,0.0,6000.000000000233,6000.000000000931,0.9401793479919434,2.1180555555555554,,0.0,0.005555555555555553,-0.019722222222222197,-0.11277777777777942,0.17305555555555685,-0.0022222222222222227,0.012500000000000011,-0.05111111111111111,0.0024999999999999467,-0.0077777777777777776,0.0,-0.056388888888889266,0.17305555555555685,6000.0
12247,stockerau_full_6000_7,S2B_MSIL2A_20230614T095559_R122_T33UWP_20230614T142248,100,,0.0,0.05555555555555555,1.9444444444444444,75.02777777777777,20.47222222222222,0.1111111111111111,0.19444444444444445,1.1944444444444444,1.0,0.0,0.0,3600,0,0.0,6000.000000000233,6000.000000000931,0.904550313949585,2.1944444444444446,,0.0,0.033333333333333326,0.0011111111111110628,0.09555555555554918,-0.15333333333333243,-0.0022222222222222227,0.005555555555555564,0.03222222222222215,-0.004444444444444473,-0.0077777777777777776,0.0,0.020000000000000018,0.15333333333333243,6000.0
12260,stockerau_full_6000_7,S2B_MSIL2A_20230614T095559_R122_T33UWP_20230614T142248,200,,0.0,0.0,2.111111111111111,73.88888888888889,21.666666666666668,0.1111111111111111,0.2222222222222222,1.1111111111111112,0.8888888888888888,0.0,0.0,900,0,0.0,6000.000000000233,6000.000000000931,0.761488676071167,2.0,,0.0,-0.022222222222222223,0.1677777777777778,-1.0433333333333366,1.041111111111114,-0.0022222222222222227,0.033333333333333326,-0.05111111111111111,-0.11555555555555563,-0.0077777777777777776,0.0,-0.17444444444444462,1.0433333333333366,6000.0
12273,stockerau_full_6000_7,S2B_MSIL2A_20230614T095559_R122_T33UWP_20230614T142248,500,,0.0,0.0,2.7777777777777777,79.16666666666667,15.972222222222221,0.0,0.0,1.3888888888888888,0.6944444444444444,0.0,0.0,144,0,0.0,6000.000000000233,6000.000000000931,0.8178079128265381,2.083333333333333,,0.0,-0.022222222222222223,0.8344444444444443,4.234444444444449,-4.653333333333332,-0.11333333333333333,-0.18888888888888888,0.22666666666666657,-0.31000000000000005,-0.0077777777777777776,0.0,-0.09111111111111159,4.653333333333332,6000.0
12286,stockerau_full_6000_7,S2B_MSIL2A_20230614T095559_R122_T33UWP_20230614T142248,1000,,0.0,0.0,2.7777777777777777,69.44444444444444,27.77777777777778,0.0,0.0,0.0,0.0,0.0,0.0,36,0,0.0,6000.000000000233,6000.000000000931,0.8618500232696533,0.0,,0.0,-0.022222222222222223,0.8344444444444443,-5.487777777777779,7.152222222222225,-0.11333333333333333,-0.18888888888888888,-1.1622222222222223,-1.0044444444444445,-0.0077777777777777776,0.0,-2.1744444444444446,7.152222222222225,6000.0
12224,stockerau_full_6000_7,S2B_MSIL2A_20230621T094549_R079_T33UWP_20230621T143955,20,,0.0,0.0011111111111111111,0.0,43.82111111111111,10.957777777777778,0.09222222222222222,0.19,5.621111111111111,0.052222222222222225,39.26444444444444,0.0,90000,0,0.0,6000.000000000233,6000.000000000931,0.8016471862792969,44.937777777777775,,0.0,0.0,0.0,0.0,0.0,0.0,0.0,0.0,0.0,0.0,0.0,0.0,0.0,6000.0
12237,stockerau_full_6000_7,S2B_MSIL2A_20230621T094549_R079_T33UWP_20230621T143955,50,,0.0,0.0,0.0,44.013888888888886,11.125,0.09027777777777778,0.1736111111111111,5.416666666666667,0.05555555555555555,39.125,0.0,14400,0,0.0,6000.000000000233,6000.000000000931,0.9401793479919434,44.59722222222222,,0.0,-0.0011111111111111111,0.0,0.19277777777777771,0.16722222222222172,-0.001944444444444443,-0.016388888888888897,-0.20444444444444443,0.003333333333333327,-0.13944444444444315,0.0,-0.3405555555555537,0.3405555555555537,6000.0
12250,stockerau_full_6000_7,S2B_MSIL2A_20230621T094549_R079_T33UWP_20230621T143955,100,,0.0,0.0,0.0,45.416666666666664,10.61111111111111,0.08333333333333333,0.16666666666666666,5.222222222222222,0.05555555555555555,38.44444444444444,0.0,3600,0,0.0,6000.000000000233,6000.000000000931,0.904550313949585,43.72222222222222,,0.0,-0.0011111111111111111,0.0,1.5955555555555563,-0.34666666666666757,-0.00888888888888889,-0.023333333333333345,-0.39888888888888907,0.003333333333333327,-0.8200000000000003,0.0,-1.2155555555555537,1.5955555555555563,6000.0
12263,stockerau_full_6000_7,S2B_MSIL2A_20230621T094549_R079_T33UWP_20230621T143955,200,,0.0,0.0,0.0,45.44444444444444,12.11111111111111,0.1111111111111111,0.2222222222222222,4.555555555555555,0.0,37.55555555555556,0.0,900,0,0.0,6000.000000000233,6000.000000000931,0.761488676071167,42.111111111111114,,0.0,-0.0011111111111111111,0.0,1.6233333333333348,1.1533333333333324,0.018888888888888886,0.03222222222222221,-1.065555555555556,-0.052222222222222225,-1.708888888888886,0.0,-2.826666666666661,2.826666666666661,6000.0
12276,stockerau_full_6000_7,S2B_MSIL2A_20230621T094549_R079_T33UWP_20230621T143955,500,,0.0,0.0,0.0,48.611111111111114,8.333333333333334,0.0,0.0,2.0833333333333335,0.0,40.97222222222222,0.0,144,0,0.0,6000.000000000233,6000.000000000931,0.8178079128265381,43.05555555555556,,0.0,-0.0011111111111111111,0.0,4.790000000000006,-2.6244444444444444,-0.09222222222222222,-0.19,-3.537777777777778,-0.052222222222222225,1.7077777777777783,0.0,-1.882222222222218,4.790000000000006,6000.0
12289,stockerau_full_6000_7,S2B_MSIL2A_20230621T094549_R079_T33UWP_20230621T143955,1000,,0.0,0.0,0.0,50.0,8.333333333333334,0.0,0.0,5.555555555555555,0.0,36.111111111111114,0.0,36,0,0.0,6000.000000000233,6000.000000000931,0.8618500232696533,41.66666666666667,,0.0,-0.0011111111111111111,0.0,6.178888888888892,-2.6244444444444444,-0.09222222222222222,-0.19,-0.06555555555555603,-0.052222222222222225,-3.153333333333329,0.0,-3.2711111111111038,6.178888888888892,6000.0
12225,stockerau_full_6000_7,S2B_MSIL2A_20230624T095559_R122_T33UWP_20230624T142946,20,,0.0,0.0,0.0,0.0,0.0,0.0,0.0,0.0,100.0,0.0,0.0,90000,0,0.0,6000.000000000233,6000.000000000931,0.8016471862792969,100.0,,0.0,0.0,0.0,0.0,0.0,0.0,0.0,0.0,0.0,0.0,0.0,0.0,0.0,6000.0
12238,stockerau_full_6000_7,S2B_MSIL2A_20230624T095559_R122_T33UWP_20230624T142946,50,,0.0,0.0,0.0,0.0,0.0,0.0,0.0,0.0,100.0,0.0,0.0,14400,0,0.0,6000.000000000233,6000.000000000931,0.9401793479919434,100.0,,0.0,0.0,0.0,0.0,0.0,0.0,0.0,0.0,0.0,0.0,0.0,0.0,0.0,6000.0
12251,stockerau_full_6000_7,S2B_MSIL2A_20230624T095559_R122_T33UWP_20230624T142946,100,,0.0,0.0,0.0,0.0,0.0,0.0,0.0,0.0,100.0,0.0,0.0,3600,0,0.0,6000.000000000233,6000.000000000931,0.904550313949585,100.0,,0.0,0.0,0.0,0.0,0.0,0.0,0.0,0.0,0.0,0.0,0.0,0.0,0.0,6000.0
12264,stockerau_full_6000_7,S2B_MSIL2A_20230624T095559_R122_T33UWP_20230624T142946,200,,0.0,0.0,0.0,0.0,0.0,0.0,0.0,0.0,100.0,0.0,0.0,900,0,0.0,6000.000000000233,6000.000000000931,0.761488676071167,100.0,,0.0,0.0,0.0,0.0,0.0,0.0,0.0,0.0,0.0,0.0,0.0,0.0,0.0,6000.0
12277,stockerau_full_6000_7,S2B_MSIL2A_20230624T095559_R122_T33UWP_20230624T142946,500,,0.0,0.0,0.0,0.0,0.0,0.0,0.0,0.0,100.0,0.0,0.0,144,0,0.0,6000.000000000233,6000.000000000931,0.8178079128265381,100.0,,0.0,0.0,0.0,0.0,0.0,0.0,0.0,0.0,0.0,0.0,0.0,0.0,0.0,6000.0
12290,stockerau_full_6000_7,S2B_MSIL2A_20230624T095559_R122_T33UWP_20230624T142946,1000,,0.0,0.0,0.0,0.0,0.0,0.0,0.0,0.0,100.0,0.0,0.0,36,0,0.0,6000.000000000233,6000.000000000931,0.8618500232696533,100.0,,0.0,0.0,0.0,0.0,0.0,0.0,0.0,0.0,0.0,0.0,0.0,0.0,0.0,6000.0
12228,stockerau_full_6000_7,S2B_MSIL2A_20230701T094549_R079_T33UWP_20230701T152448,20,,0.0,0.0,0.0,0.0,0.0,0.0,0.0,1.2777777777777777,98.72222222222223,0.0,0.0,90000,0,0.0,6000.000000000233,6000.000000000931,0.8016471862792969,100.0,,0.0,0.0,0.0,0.0,0.0,0.0,0.0,0.0,0.0,0.0,0.0,0.0,0.0,6000.0
12241,stockerau_full_6000_7,S2B_MSIL2A_20230701T094549_R079_T33UWP_20230701T152448,50,,0.0,0.0,0.0,0.0,0.0,0.0,0.0,1.2638888888888888,98.73611111111111,0.0,0.0,14400,0,0.0,6000.000000000233,6000.000000000931,0.9401793479919434,100.0,,0.0,0.0,0.0,0.0,0.0,0.0,0.0,-0.01388888888888884,0.013888888888885731,0.0,0.0,0.0,0.0,6000.0
12254,stockerau_full_6000_7,S2B_MSIL2A_20230701T094549_R079_T33UWP_20230701T152448,100,,0.0,0.0,0.0,0.0,0.0,0.0,0.0,1.2222222222222223,98.77777777777777,0.0,0.0,3600,0,0.0,6000.000000000233,6000.000000000931,0.904550313949585,100.0,,0.0,0.0,0.0,0.0,0.0,0.0,0.0,-0.05555555555555536,0.055555555555542924,0.0,0.0,0.0,0.0,6000.0
12267,stockerau_full_6000_7,S2B_MSIL2A_20230701T094549_R079_T33UWP_20230701T152448,200,,0.0,0.0,0.0,0.0,0.0,0.0,0.0,1.5555555555555556,98.44444444444444,0.0,0.0,900,0,0.0,6000.000000000233,6000.000000000931,0.761488676071167,100.0,,0.0,0.0,0.0,0.0,0.0,0.0,0.0,0.2777777777777779,-0.2777777777777857,0.0,0.0,0.0,0.0,6000.0
12280,stockerau_full_6000_7,S2B_MSIL2A_20230701T094549_R079_T33UWP_20230701T152448,500,,0.0,0.0,0.0,0.0,0.0,0.0,0.0,0.0,100.0,0.0,0.0,144,0,0.0,6000.000000000233,6000.000000000931,0.8178079128265381,100.0,,0.0,0.0,0.0,0.0,0.0,0.0,0.0,-1.2777777777777777,1.2777777777777715,0.0,0.0,0.0,0.0,6000.0
12293,stockerau_full_6000_7,S2B_MSIL2A_20230701T094549_R079_T33UWP_20230701T152448,1000,,0.0,0.0,0.0,0.0,0.0,0.0,0.0,2.7777777777777777,97.22222222222223,0.0,0.0,36,0,0.0,6000.000000000233,6000.000000000931,0.8618500232696533,100.0,,0.0,0.0,0.0,0.0,0.0,0.0,0.0,1.5,-1.5,0.0,0.0,0.0,0.0,6000.0
12296,stockerau_full_6000_8,S2A_MSIL2A_20230606T095031_R079_T33UWP_20230606T162616,20,,0.0,0.0,0.0,0.0044444444444444444,1.2366666666666666,0.0,2.2911111111111113,3.4066666666666667,93.06111111111112,0.0,0.0,90000,0,0.0,6000.000000000349,6000.000000001863,0.9201292991638184,96.46777777777778,,0.0,0.0,0.0,0.0,0.0,0.0,0.0,0.0,0.0,0.0,0.0,0.0,0.0,6000.0
12309,stockerau_full_6000_8,S2A_MSIL2A_20230606T095031_R079_T33UWP_20230606T162616,50,,0.0,0.0,0.0,0.006944444444444444,1.3263888888888888,0.0,2.3680555555555554,3.4652777777777777,92.83333333333333,0.0,0.0,14400,0,0.0,6000.000000000349,6000.000000001863,0.8140866756439209,96.2986111111111,,0.0,0.0,0.0,0.0024999999999999996,0.08972222222222226,0.0,0.07694444444444404,0.05861111111111095,-0.22777777777778851,0.0,0.0,-0.16916666666668334,0.16916666666668334,6000.0
12322,stockerau_full_6000_8,S2A_MSIL2A_20230606T095031_R079_T33UWP_20230606T162616,100,,0.0,0.0,0.0,0.0,1.3055555555555556,0.0,2.4722222222222223,3.4166666666666665,92.80555555555556,0.0,0.0,3600,0,0.0,6000.000000000349,6000.000000001863,1.1683251857757568,96.22222222222223,,0.0,0.0,0.0,-0.0044444444444444444,0.068888888888889,0.0,0.181111111111111,0.009999999999999787,-0.25555555555556,0.0,0.0,-0.24555555555555486,0.24555555555555486,6000.0
12335,stockerau_full_6000_8,S2A_MSIL2A_20230606T095031_R079_T33UWP_20230606T162616,200,,0.0,0.0,0.0,0.0,1.4444444444444444,0.0,2.3333333333333335,3.2222222222222223,93.0,0.0,0.0,900,0,0.0,6000.000000000349,6000.000000001863,0.7733922004699707,96.22222222222223,,0.0,0.0,0.0,-0.0044444444444444444,0.20777777777777784,0.0,0.04222222222222216,-0.1844444444444444,-0.06111111111111711,0.0,0.0,-0.24555555555555486,0.24555555555555486,6000.0
12348,stockerau_full_6000_8,S2A_MSIL2A_20230606T095031_R079_T33UWP_20230606T162616,500,,0.0,0.0,0.0,0.0,1.3888888888888888,0.0,2.7777777777777777,3.4722222222222223,92.36111111111111,0.0,0.0,144,0,0.0,6000.000000000349,6000.000000001863,0.9822940826416016,95.83333333333334,,0.0,0.0,0.0,-0.0044444444444444444,0.15222222222222226,0.0,0.48666666666666636,0.06555555555555559,-0.7000000000000028,0.0,0.0,-0.6344444444444406,0.6344444444444406,6000.0
12361,stockerau_full_6000_8,S2A_MSIL2A_20230606T095031_R079_T33UWP_20230606T162616,1000,,0.0,0.0,0.0,0.0,2.7777777777777777,0.0,2.7777777777777777,5.555555555555555,88.88888888888889,0.0,0.0,36,0,0.0,6000.000000000349,6000.000000001863,0.8882410526275635,94.44444444444444,,0.0,0.0,0.0,-0.0044444444444444444,1.541111111111111,0.0,0.48666666666666636,2.1488888888888886,-4.172222222222231,0.0,0.0,-2.0233333333333405,2.0233333333333405,6000.0
12297,stockerau_full_6000_8,S2A_MSIL2A_20230609T100031_R122_T33UWP_20230609T173715,20,,0.0,0.0,0.0,0.0,0.0,0.0,0.0,0.8311111111111111,99.16888888888889,0.0,0.0,90000,0,0.0,6000.000000000349,6000.000000001863,0.9201292991638184,100.0,,0.0,0.0,0.0,0.0,0.0,0.0,0.0,0.0,0.0,0.0,0.0,0.0,0.0,6000.0
12310,stockerau_full_6000_8,S2A_MSIL2A_20230609T100031_R122_T33UWP_20230609T173715,50,,0.0,0.0,0.0,0.0,0.0,0.0,0.0,0.8888888888888888,99.11111111111111,0.0,0.0,14400,0,0.0,6000.000000000349,6000.000000001863,0.8140866756439209,100.0,,0.0,0.0,0.0,0.0,0.0,0.0,0.0,0.057777777777777706,-0.0577777777777726,0.0,0.0,0.0,0.0,6000.0
12323,stockerau_full_6000_8,S2A_MSIL2A_20230609T100031_R122_T33UWP_20230609T173715,100,,0.0,0.0,0.0,0.0,0.0,0.0,0.0,1.1111111111111112,98.88888888888889,0.0,0.0,3600,0,0.0,6000.000000000349,6000.000000001863,1.1683251857757568,100.0,,0.0,0.0,0.0,0.0,0.0,0.0,0.0,0.28,-0.28000000000000114,0.0,0.0,0.0,0.0,6000.0
12336,stockerau_full_6000_8,S2A_MSIL2A_20230609T100031_R122_T33UWP_20230609T173715,200,,0.0,0.0,0.0,0.0,0.0,0.0,0.0,0.8888888888888888,99.11111111111111,0.0,0.0,900,0,0.0,6000.000000000349,6000.000000001863,0.7733922004699707,100.0,,0.0,0.0,0.0,0.0,0.0,0.0,0.0,0.057777777777777706,-0.0577777777777726,0.0,0.0,0.0,0.0,6000.0
12349,stockerau_full_6000_8,S2A_MSIL2A_20230609T100031_R122_T33UWP_20230609T173715,500,,0.0,0.0,0.0,0.0,0.0,0.0,0.0,2.0833333333333335,97.91666666666667,0.0,0.0,144,0,0.0,6000.000000000349,6000.000000001863,0.9822940826416016,100.0,,0.0,0.0,0.0,0.0,0.0,0.0,0.0,1.2522222222222223,-1.2522222222222155,0.0,0.0,0.0,0.0,6000.0
12362,stockerau_full_6000_8,S2A_MSIL2A_20230609T100031_R122_T33UWP_20230609T173715,1000,,0.0,0.0,0.0,0.0,0.0,0.0,0.0,5.555555555555555,94.44444444444444,0.0,0.0,36,0,0.0,6000.000000000349,6000.000000001863,0.8882410526275635,100.0,,0.0,0.0,0.0,0.0,0.0,0.0,0.0,4.724444444444444,-4.724444444444444,0.0,0.0,0.0,0.0,6000.0
12300,stockerau_full_6000_8,S2A_MSIL2A_20230616T095031_R079_T33UWP_20230616T172735,20,,0.0,0.0,1.92,71.9811111111111,23.466666666666665,0.0,0.03666666666666667,1.9288888888888889,0.6666666666666666,0.0,0.0,90000,0,0.0,6000.000000000349,6000.000000001863,0.9201292991638184,2.5955555555555554,,0.0,0.0,0.0,0.0,0.0,0.0,0.0,0.0,0.0,0.0,0.0,0.0,0.0,6000.0
12313,stockerau_full_6000_8,S2A_MSIL2A_20230616T095031_R079_T33UWP_20230616T172735,50,,0.0,0.0,1.9097222222222223,72.11805555555556,23.333333333333332,0.0,0.027777777777777776,1.9861111111111112,0.625,0.0,0.0,14400,0,0.0,6000.000000000349,6000.000000001863,0.8140866756439209,2.611111111111111,,0.0,0.0,-0.010277777777777608,0.13694444444445253,-0.13333333333333286,0.0,-0.00888888888888889,0.057222222222222285,-0.04166666666666663,0.0,0.0,0.015555555555555767,0.13694444444445253,6000.0
12326,stockerau_full_6000_8,S2A_MSIL2A_20230616T095031_R079_T33UWP_20230616T172735,100,,0.0,0.0,1.9166666666666667,72.27777777777777,23.22222222222222,0.0,0.0,2.0277777777777777,0.5555555555555556,0.0,0.0,3600,0,0.0,6000.000000000349,6000.000000001863,1.1683251857757568,2.583333333333333,,0.0,0.0,-0.0033333333333331883,0.29666666666666686,-0.24444444444444358,0.0,-0.03666666666666667,0.0988888888888888,-0.11111111111111105,0.0,0.0,-0.012222222222222356,0.29666666666666686,6000.0
12339,stockerau_full_6000_8,S2A_MSIL2A_20230616T095031_R079_T33UWP_20230616T172735,200,,0.0,0.0,1.6666666666666667,74.44444444444444,21.444444444444443,0.0,0.1111111111111111,1.6666666666666667,0.6666666666666666,0.0,0.0,900,0,0.0,6000.000000000349,6000.000000001863,0.7733922004699707,2.3333333333333335,,0.0,0.0,-0.2533333333333332,2.4633333333333383,-2.022222222222222,0.0,0.07444444444444444,-0.26222222222222213,0.0,0.0,0.0,-0.2622222222222219,2.4633333333333383,6000.0
12352,stockerau_full_6000_8,S2A_MSIL2A_20230616T095031_R079_T33UWP_20230616T172735,500,,0.0,0.0,1.3888888888888888,79.16666666666667,16.666666666666668,0.0,0.0,1.3888888888888888,1.3888888888888888,0.0,0.0,144,0,0.0,6000.000000000349,6000.000000001863,0.9822940826416016,2.7777777777777777,,0.0,0.0,-0.5311111111111111,7.185555555555567,-6.799999999999997,0.0,-0.03666666666666667,-0.54,0.7222222222222222,0.0,0.0,0.18222222222222229,7.185555555555567,6000.0
12365,stockerau_full_6000_8,S2A_MSIL2A_20230616T095031_R079_T33UWP_20230616T172735,1000,,0.0,0.0,2.7777777777777777,83.33333333333333,11.11111111111111,0.0,0.0,0.0,2.7777777777777777,0.0,0.0,36,0,0.0,6000.000000000349,6000.000000001863,0.8882410526275635,2.7777777777777777,,0.0,0.0,0.8577777777777778,11.352222222222224,-12.355555555555554,0.0,-0.03666666666666667,-1.9288888888888889,2.111111111111111,0.0,0.0,0.18222222222222229,12.355555555555554,6000.0
12301,stockerau_full_6000_8,S2A_MSIL2A_20230619T100031_R122_T33UWP_20230619T172742,20,,0.0,0.0,0.2866666666666667,49.14888888888889,18.83888888888889,0.0,5.828888888888889,10.595555555555556,2.161111111111111,13.14,0.0,90000,0,0.0,6000.000000000349,6000.000000001863,0.9201292991638184,25.89666666666667,,0.0,0.0,0.0,0.0,0.0,0.0,0.0,0.0,0.0,0.0,0.0,0.0,0.0,6000.0
12314,stockerau_full_6000_8,S2A_MSIL2A_20230619T100031_R122_T33UWP_20230619T172742,50,,0.0,0.0,0.2777777777777778,49.125,18.86111111111111,0.0,5.881944444444445,10.645833333333334,2.173611111111111,13.034722222222221,0.0,14400,0,0.0,6000.000000000349,6000.000000001863,0.8140866756439209,25.854166666666664,,0.0,0.0,-0.00888888888888889,-0.023888888888890847,0.022222222222222143,0.0,0.053055555555555856,0.050277777777777644,0.012500000000000178,-0.10527777777777914,0.0,-0.04250000000000398,0.053055555555555856,6000.0
12327,stockerau_full_6000_8,S2A_MSIL2A_20230619T100031_R122_T33UWP_20230619T172742,100,,0.0,0.0,0.2222222222222222,49.138888888888886,18.97222222222222,0.0,5.583333333333333,10.305555555555555,2.25,13.527777777777779,0.0,3600,0,0.0,6000.000000000349,6000.000000001863,1.1683251857757568,26.083333333333336,,0.0,0.0,-0.06444444444444447,-0.010000000000005116,0.13333333333333286,0.0,-0.24555555555555575,-0.2900000000000009,0.08888888888888902,0.387777777777778,0.0,0.18666666666666742,0.24555555555555575,6000.0
12340,stockerau_full_6000_8,S2A_MSIL2A_20230619T100031_R122_T33UWP_20230619T172742,200,,0.0,0.0,0.1111111111111111,48.333333333333336,18.444444444444443,0.0,6.333333333333333,9.88888888888889,2.0,14.88888888888889,0.0,900,0,0.0,6000.000000000349,6000.000000001863,0.7733922004699707,26.77777777777778,,0.0,0.0,-0.17555555555555558,-0.8155555555555551,-0.3944444444444457,0.0,0.5044444444444443,-0.706666666666667,-0.16111111111111098,1.7488888888888887,0.0,0.8811111111111103,0.8811111111111103,6000.0
12353,stockerau_full_6000_8,S2A_MSIL2A_20230619T100031_R122_T33UWP_20230619T172742,500,,0.0,0.0,0.6944444444444444,52.083333333333336,13.194444444444445,0.0,6.25,9.027777777777779,1.3888888888888888,17.36111111111111,0.0,144,0,0.0,6000.000000000349,6000.000000001863,0.9822940826416016,27.77777777777778,,0.0,0.0,0.40777777777777774,2.934444444444445,-5.644444444444444,0.0,0.4211111111111112,-1.5677777777777777,-0.7722222222222221,4.22111111111111,0.0,1.8811111111111103,5.644444444444444,6000.0
12366,stockerau_full_6000_8,S2A_MSIL2A_20230619T100031_R122_T33UWP_20230619T172742,1000,,0.0,0.0,0.0,58.333333333333336,19.444444444444443,0.0,2.7777777777777777,8.333333333333334,0.0,11.11111111111111,0.0,36,0,0.0,6000.000000000349,6000.000000001863,0.8882410526275635,19.444444444444443,,0.0,0.0,-0.2866666666666667,9.184444444444445,0.6055555555555543,0.0,-3.051111111111111,-2.2622222222222224,-2.161111111111111,-2.02888888888889,0.0,-6.452222222222225,9.184444444444445,6000.0
12304,stockerau_full_6000_8,S2A_MSIL2A_20230626T095031_R079_T33UWP_20230626T161132,20,,0.0,0.0,0.0,88.27444444444444,11.724444444444444,0.0,0.0011111111111111111,0.0,0.0,0.0,0.0,90000,0,0.0,6000.000000000349,6000.000000001863,0.9201292991638184,0.0,,0.0,0.0,0.0,0.0,0.0,0.0,0.0,0.0,0.0,0.0,0.0,0.0,0.0,6000.0
12317,stockerau_full_6000_8,S2A_MSIL2A_20230626T095031_R079_T33UWP_20230626T161132,50,,0.0,0.0,0.0,88.26388888888889,11.73611111111111,0.0,0.0,0.0,0.0,0.0,0.0,14400,0,0.0,6000.000000000349,6000.000000001863,0.8140866756439209,0.0,,0.0,0.0,0.0,-0.01055555555555543,0.011666666666666714,0.0,-0.0011111111111111111,0.0,0.0,0.0,0.0,0.0,0.011666666666666714,6000.0
12330,stockerau_full_6000_8,S2A_MSIL2A_20230626T095031_R079_T33UWP_20230626T161132,100,,0.0,0.0,0.0,88.13888888888889,11.86111111111111,0.0,0.0,0.0,0.0,0.0,0.0,3600,0,0.0,6000.000000000349,6000.000000001863,1.1683251857757568,0.0,,0.0,0.0,0.0,-0.13555555555555543,0.13666666666666671,0.0,-0.0011111111111111111,0.0,0.0,0.0,0.0,0.0,0.13666666666666671,6000.0
12343,stockerau_full_6000_8,S2A_MSIL2A_20230626T095031_R079_T33UWP_20230626T161132,200,,0.0,0.0,0.0,89.33333333333333,10.666666666666666,0.0,0.0,0.0,0.0,0.0,0.0,900,0,0.0,6000.000000000349,6000.000000001863,0.7733922004699707,0.0,,0.0,0.0,0.0,1.0588888888888874,-1.057777777777778,0.0,-0.0011111111111111111,0.0,0.0,0.0,0.0,0.0,1.0588888888888874,6000.0
12356,stockerau_full_6000_8,S2A_MSIL2A_20230626T095031_R079_T33UWP_20230626T161132,500,,0.0,0.0,0.0,93.05555555555556,6.944444444444445,0.0,0.0,0.0,0.0,0.0,0.0,144,0,0.0,6000.000000000349,6000.000000001863,0.9822940826416016,0.0,,0.0,0.0,0.0,4.781111111111116,-4.779999999999999,0.0,-0.0011111111111111111,0.0,0.0,0.0,0.0,0.0,4.781111111111116,6000.0
12369,stockerau_full_6000_8,S2A_MSIL2A_20230626T095031_R079_T33UWP_20230626T161132,1000,,0.0,0.0,0.0,97.22222222222223,2.7777777777777777,0.0,0.0,0.0,0.0,0.0,0.0,36,0,0.0,6000.000000000349,6000.000000001863,0.8882410526275635,0.0,,0.0,0.0,0.0,8.947777777777787,-8.946666666666665,0.0,-0.0011111111111111111,0.0,0.0,0.0,0.0,0.0,8.947777777777787,6000.0
12305,stockerau_full_6000_8,S2A_MSIL2A_20230629T100031_R122_T33UWP_20230629T191411,20,,0.0,0.0,7.37,79.03888888888889,9.364444444444445,0.0,0.31222222222222223,2.716666666666667,1.1977777777777778,0.0,0.0,90000,0,0.0,6000.000000000349,6000.000000001863,0.9201292991638184,3.9144444444444444,,0.0,0.0,0.0,0.0,0.0,0.0,0.0,0.0,0.0,0.0,0.0,0.0,0.0,6000.0
12318,stockerau_full_6000_8,S2A_MSIL2A_20230629T100031_R122_T33UWP_20230629T191411,50,,0.0,0.0,7.423611111111111,78.97222222222223,9.354166666666666,0.0,0.3194444444444444,2.7708333333333335,1.1597222222222223,0.0,0.0,14400,0,0.0,6000.000000000349,6000.000000001863,0.8140866756439209,3.930555555555556,,0.0,0.0,0.05361111111111061,-0.06666666666666288,-0.010277777777778496,0.0,0.0072222222222221855,0.054166666666666696,-0.03805555555555551,0.0,0.0,0.01611111111111141,0.06666666666666288,6000.0
12331,stockerau_full_6000_8,S2A_MSIL2A_20230629T100031_R122_T33UWP_20230629T191411,100,,0.0,0.0,7.444444444444445,78.61111111111111,9.555555555555555,0.0,0.4166666666666667,2.75,1.2222222222222223,0.0,0.0,3600,0,0.0,6000.000000000349,6000.000000001863,1.1683251857757568,3.9722222222222223,,0.0,0.0,0.07444444444444454,-0.42777777777777715,0.1911111111111108,0.0,0.10444444444444445,0.033333333333333215,0.02444444444444449,0.0,0.0,0.05777777777777793,0.42777777777777715,6000.0
12344,stockerau_full_6000_8,S2A_MSIL2A_20230629T100031_R122_T33UWP_20230629T191411,200,,0.0,0.0,8.222222222222221,79.77777777777777,7.555555555555555,0.0,0.1111111111111111,3.2222222222222223,1.1111111111111112,0.0,0.0,900,0,0.0,6000.000000000349,6000.000000001863,0.7733922004699707,4.333333333333334,,0.0,0.0,0.8522222222222213,0.73888888888888,-1.8088888888888892,0.0,-0.20111111111111113,0.5055555555555555,-0.08666666666666667,0.0,0.0,0.41888888888888953,1.8088888888888892,6000.0
12357,stockerau_full_6000_8,S2A_MSIL2A_20230629T100031_R122_T33UWP_20230629T191411,500,,0.0,0.0,7.638888888888889,79.16666666666667,6.25,0.0,0.6944444444444444,4.861111111111111,1.3888888888888888,0.0,0.0,144,0,0.0,6000.000000000349,6000.000000001863,0.9822940826416016,6.25,,0.0,0.0,0.2688888888888892,0.12777777777778,-3.1144444444444446,0.0,0.3822222222222222,2.144444444444444,0.191111111111111,0.0,0.0,2.3355555555555556,3.1144444444444446,6000.0
12370,stockerau_full_6000_8,S2A_MSIL2A_20230629T100031_R122_T33UWP_20230629T191411,1000,,0.0,0.0,8.333333333333334,80.55555555555556,0.0,0.0,0.0,2.7777777777777777,8.333333333333334,0.0,0.0,36,0,0.0,6000.000000000349,6000.000000001863,0.8882410526275635,11.11111111111111,,0.0,0.0,0.9633333333333338,1.5166666666666657,-9.364444444444445,0.0,-0.31222222222222223,0.061111111111110894,7.135555555555556,0.0,0.0,7.196666666666666,9.364444444444445,6000.0
12294,stockerau_full_6000_8,S2B_MSIL2A_20230601T094549_R079_T33UWP_20230601T163321,20,,0.0,0.0,0.0,60.03777777777778,39.958888888888886,0.0,0.0033333333333333335,0.0,0.0,0.0,0.0,90000,0,0.0,6000.000000000349,6000.000000001863,0.9201292991638184,0.0,,0.0,0.0,0.0,0.0,0.0,0.0,0.0,0.0,0.0,0.0,0.0,0.0,0.0,6000.0
12307,stockerau_full_6000_8,S2B_MSIL2A_20230601T094549_R079_T33UWP_20230601T163321,50,,0.0,0.0,0.0,60.125,39.875,0.0,0.0,0.0,0.0,0.0,0.0,14400,0,0.0,6000.000000000349,6000.000000001863,0.8140866756439209,0.0,,0.0,0.0,0.0,0.08722222222222342,-0.08388888888888602,0.0,-0.0033333333333333335,0.0,0.0,0.0,0.0,0.0,0.08722222222222342,6000.0
12320,stockerau_full_6000_8,S2B_MSIL2A_20230601T094549_R079_T33UWP_20230601T163321,100,,0.0,0.0,0.0,60.611111111111114,39.388888888888886,0.0,0.0,0.0,0.0,0.0,0.0,3600,0,0.0,6000.000000000349,6000.000000001863,1.1683251857757568,0.0,,0.0,0.0,0.0,0.5733333333333377,-0.5700000000000003,0.0,-0.0033333333333333335,0.0,0.0,0.0,0.0,0.0,0.5733333333333377,6000.0
12333,stockerau_full_6000_8,S2B_MSIL2A_20230601T094549_R079_T33UWP_20230601T163321,200,,0.0,0.0,0.0,62.77777777777778,37.22222222222222,0.0,0.0,0.0,0.0,0.0,0.0,900,0,0.0,6000.000000000349,6000.000000001863,0.7733922004699707,0.0,,0.0,0.0,0.0,2.740000000000002,-2.7366666666666646,0.0,-0.0033333333333333335,0.0,0.0,0.0,0.0,0.0,2.740000000000002,6000.0
12346,stockerau_full_6000_8,S2B_MSIL2A_20230601T094549_R079_T33UWP_20230601T163321,500,,0.0,0.0,0.0,61.80555555555556,38.19444444444444,0.0,0.0,0.0,0.0,0.0,0.0,144,0,0.0,6000.000000000349,6000.000000001863,0.9822940826416016,0.0,,0.0,0.0,0.0,1.7677777777777806,-1.7644444444444431,0.0,-0.0033333333333333335,0.0,0.0,0.0,0.0,0.0,1.7677777777777806,6000.0
12359,stockerau_full_6000_8,S2B_MSIL2A_20230601T094549_R079_T33UWP_20230601T163321,1000,,0.0,0.0,0.0,66.66666666666667,33.333333333333336,0.0,0.0,0.0,0.0,0.0,0.0,36,0,0.0,6000.000000000349,6000.000000001863,0.8882410526275635,0.0,,0.0,0.0,0.0,6.628888888888895,-6.62555555555555,0.0,-0.0033333333333333335,0.0,0.0,0.0,0.0,0.0,6.628888888888895,6000.0
12295,stockerau_full_6000_8,S2B_MSIL2A_20230604T095559_R122_T33UWP_20230604T174403,20,,0.0,0.0,0.0,7.665555555555556,5.118888888888889,0.0,0.4311111111111111,22.174444444444443,14.02111111111111,50.58888888888889,0.0,90000,0,0.0,6000.000000000349,6000.000000001863,0.9201292991638184,86.78444444444445,,0.0,0.0,0.0,0.0,0.0,0.0,0.0,0.0,0.0,0.0,0.0,0.0,0.0,6000.0
12308,stockerau_full_6000_8,S2B_MSIL2A_20230604T095559_R122_T33UWP_20230604T174403,50,,0.0,0.0,0.0,7.465277777777778,5.097222222222222,0.0,0.4166666666666667,22.42361111111111,14.11111111111111,50.486111111111114,0.0,14400,0,0.0,6000.000000000349,6000.000000001863,0.8140866756439209,87.02083333333334,,0.0,0.0,0.0,-0.200277777777778,-0.0216666666666665,0.0,-0.014444444444444426,0.24916666666666742,0.08999999999999986,-0.1027777777777743,0.0,0.23638888888889653,0.23638888888889653,6000.0
12321,stockerau_full_6000_8,S2B_MSIL2A_20230604T095559_R122_T33UWP_20230604T174403,100,,0.0,0.0,0.0,7.083333333333333,5.166666666666667,0.0,0.5277777777777778,22.444444444444443,14.333333333333334,50.44444444444444,0.0,3600,0,0.0,6000.000000000349,6000.000000001863,1.1683251857757568,87.22222222222223,,0.0,0.0,0.0,-0.5822222222222226,0.04777777777777814,0.0,0.09666666666666668,0.2699999999999996,0.31222222222222307,-0.1444444444444457,0.0,0.43777777777778226,0.5822222222222226,6000.0
12334,stockerau_full_6000_8,S2B_MSIL2A_20230604T095559_R122_T33UWP_20230604T174403,200,,0.0,0.0,0.0,7.222222222222222,4.333333333333333,0.0,0.5555555555555556,22.88888888888889,15.0,50.0,0.0,900,0,0.0,6000.000000000349,6000.000000001863,0.7733922004699707,87.88888888888889,,0.0,0.0,0.0,-0.44333333333333336,-0.7855555555555558,0.0,0.12444444444444447,0.714444444444446,0.9788888888888891,-0.5888888888888886,0.0,1.1044444444444395,1.1044444444444395,6000.0
12347,stockerau_full_6000_8,S2B_MSIL2A_20230604T095559_R122_T33UWP_20230604T174403,500,,0.0,0.0,0.0,8.333333333333334,2.7777777777777777,0.0,0.6944444444444444,20.13888888888889,15.277777777777779,52.77777777777778,0.0,144,0,0.0,6000.000000000349,6000.000000001863,0.9822940826416016,88.19444444444446,,0.0,0.0,0.0,0.6677777777777782,-2.341111111111111,0.0,0.2633333333333333,-2.035555555555554,1.2566666666666677,2.18888888888889,0.0,1.4100000000000108,2.341111111111111,6000.0
12360,stockerau_full_6000_8,S2B_MSIL2A_20230604T095559_R122_T33UWP_20230604T174403,1000,,0.0,0.0,0.0,11.11111111111111,0.0,0.0,0.0,27.77777777777778,11.11111111111111,50.0,0.0,36,0,0.0,6000.000000000349,6000.000000001863,0.8882410526275635,88.88888888888889,,0.0,0.0,0.0,3.445555555555555,-5.118888888888889,0.0,-0.4311111111111111,5.603333333333335,-2.91,-0.5888888888888886,0.0,2.1044444444444395,5.118888888888889,6000.0
12298,stockerau_full_6000_8,S2B_MSIL2A_20230611T094549_R079_T33UWP_20230611T135320,20,,0.0,0.0,0.0,0.0,0.0,0.0,0.0,0.0,100.0,0.0,0.0,90000,0,0.0,6000.000000000349,6000.000000001863,0.9201292991638184,100.0,,0.0,0.0,0.0,0.0,0.0,0.0,0.0,0.0,0.0,0.0,0.0,0.0,0.0,6000.0
12311,stockerau_full_6000_8,S2B_MSIL2A_20230611T094549_R079_T33UWP_20230611T135320,50,,0.0,0.0,0.0,0.0,0.0,0.0,0.0,0.0,100.0,0.0,0.0,14400,0,0.0,6000.000000000349,6000.000000001863,0.8140866756439209,100.0,,0.0,0.0,0.0,0.0,0.0,0.0,0.0,0.0,0.0,0.0,0.0,0.0,0.0,6000.0
12324,stockerau_full_6000_8,S2B_MSIL2A_20230611T094549_R079_T33UWP_20230611T135320,100,,0.0,0.0,0.0,0.0,0.0,0.0,0.0,0.0,100.0,0.0,0.0,3600,0,0.0,6000.000000000349,6000.000000001863,1.1683251857757568,100.0,,0.0,0.0,0.0,0.0,0.0,0.0,0.0,0.0,0.0,0.0,0.0,0.0,0.0,6000.0
12337,stockerau_full_6000_8,S2B_MSIL2A_20230611T094549_R079_T33UWP_20230611T135320,200,,0.0,0.0,0.0,0.0,0.0,0.0,0.0,0.0,100.0,0.0,0.0,900,0,0.0,6000.000000000349,6000.000000001863,0.7733922004699707,100.0,,0.0,0.0,0.0,0.0,0.0,0.0,0.0,0.0,0.0,0.0,0.0,0.0,0.0,6000.0
12350,stockerau_full_6000_8,S2B_MSIL2A_20230611T094549_R079_T33UWP_20230611T135320,500,,0.0,0.0,0.0,0.0,0.0,0.0,0.0,0.0,100.0,0.0,0.0,144,0,0.0,6000.000000000349,6000.000000001863,0.9822940826416016,100.0,,0.0,0.0,0.0,0.0,0.0,0.0,0.0,0.0,0.0,0.0,0.0,0.0,0.0,6000.0
12363,stockerau_full_6000_8,S2B_MSIL2A_20230611T094549_R079_T33UWP_20230611T135320,1000,,0.0,0.0,0.0,0.0,0.0,0.0,0.0,0.0,100.0,0.0,0.0,36,0,0.0,6000.000000000349,6000.000000001863,0.8882410526275635,100.0,,0.0,0.0,0.0,0.0,0.0,0.0,0.0,0.0,0.0,0.0,0.0,0.0,0.0,6000.0
12299,stockerau_full_6000_8,S2B_MSIL2A_20230614T095559_R122_T33UWP_20230614T142248,20,,0.0,0.0,1.8044444444444445,72.75222222222222,24.733333333333334,0.0,0.06222222222222222,0.5344444444444445,0.11333333333333333,0.0,0.0,90000,0,0.0,6000.000000000349,6000.000000001863,0.9201292991638184,0.6477777777777778,,0.0,0.0,0.0,0.0,0.0,0.0,0.0,0.0,0.0,0.0,0.0,0.0,0.0,6000.0
12312,stockerau_full_6000_8,S2B_MSIL2A_20230614T095559_R122_T33UWP_20230614T142248,50,,0.0,0.0,1.8333333333333333,72.74305555555556,24.65972222222222,0.0,0.041666666666666664,0.6180555555555556,0.10416666666666667,0.0,0.0,14400,0,0.0,6000.000000000349,6000.000000001863,0.8140866756439209,0.7222222222222222,,0.0,0.0,0.028888888888888742,-0.00916666666665833,-0.07361111111111285,0.0,-0.020555555555555556,0.08361111111111108,-0.009166666666666656,0.0,0.0,0.07444444444444442,0.07444444444444442,6000.0
12325,stockerau_full_6000_8,S2B_MSIL2A_20230614T095559_R122_T33UWP_20230614T142248,100,,0.0,0.0,1.8611111111111112,73.22222222222223,24.11111111111111,0.0,0.05555555555555555,0.6388888888888888,0.1111111111111111,0.0,0.0,3600,0,0.0,6000.000000000349,6000.000000001863,1.1683251857757568,0.75,,0.0,0.0,0.05666666666666664,0.4700000000000131,-0.6222222222222236,0.0,-0.006666666666666668,0.10444444444444434,-0.0022222222222222227,0.0,0.0,0.10222222222222221,0.6222222222222236,6000.0
12338,stockerau_full_6000_8,S2B_MSIL2A_20230614T095559_R122_T33UWP_20230614T142248,200,,0.0,0.0,2.111111111111111,73.88888888888889,23.11111111111111,0.0,0.0,0.6666666666666666,0.2222222222222222,0.0,0.0,900,0,0.0,6000.000000000349,6000.000000001863,0.7733922004699707,0.8888888888888888,,0.0,0.0,0.30666666666666664,1.1366666666666703,-1.6222222222222236,0.0,-0.06222222222222222,0.13222222222222213,0.10888888888888888,0.0,0.0,0.24111111111111105,1.6222222222222236,6000.0
12351,stockerau_full_6000_8,S2B_MSIL2A_20230614T095559_R122_T33UWP_20230614T142248,500,,0.0,0.0,2.0833333333333335,77.08333333333333,19.444444444444443,0.0,0.0,0.6944444444444444,0.6944444444444444,0.0,0.0,144,0,0.0,6000.000000000349,6000.000000001863,0.9822940826416016,1.3888888888888888,,0.0,0.0,0.27888888888888896,4.331111111111113,-5.288888888888891,0.0,-0.06222222222222222,0.15999999999999992,0.5811111111111111,0.0,0.0,0.741111111111111,5.288888888888891,6000.0
12364,stockerau_full_6000_8,S2B_MSIL2A_20230614T095559_R122_T33UWP_20230614T142248,1000,,0.0,0.0,5.555555555555555,83.33333333333333,11.11111111111111,0.0,0.0,0.0,0.0,0.0,0.0,36,0,0.0,6000.000000000349,6000.000000001863,0.8882410526275635,0.0,,0.0,0.0,3.751111111111111,10.581111111111113,-13.622222222222224,0.0,-0.06222222222222222,-0.5344444444444445,-0.11333333333333333,0.0,0.0,-0.6477777777777778,13.622222222222224,6000.0
12302,stockerau_full_6000_8,S2B_MSIL2A_20230621T094549_R079_T33UWP_20230621T143955,20,,0.0,0.0,0.0,36.632222222222225,6.557777777777778,0.0,0.0,0.025555555555555557,0.005555555555555556,56.778888888888886,0.0,90000,0,0.0,6000.000000000349,6000.000000001863,0.9201292991638184,56.809999999999995,,0.0,0.0,0.0,0.0,0.0,0.0,0.0,0.0,0.0,0.0,0.0,0.0,0.0,6000.0
12315,stockerau_full_6000_8,S2B_MSIL2A_20230621T094549_R079_T33UWP_20230621T143955,50,,0.0,0.0,0.0,36.86805555555556,6.569444444444445,0.0,0.0,0.041666666666666664,0.0,56.520833333333336,0.0,14400,0,0.0,6000.000000000349,6000.000000001863,0.8140866756439209,56.5625,,0.0,0.0,0.0,0.235833333333332,0.011666666666666714,0.0,0.0,0.016111111111111107,-0.005555555555555556,-0.2580555555555506,0.0,-0.24749999999999517,0.24749999999999517,6000.0
12328,stockerau_full_6000_8,S2B_MSIL2A_20230621T094549_R079_T33UWP_20230621T143955,100,,0.0,0.0,0.0,37.361111111111114,6.5,0.0,0.0,0.027777777777777776,0.0,56.111111111111114,0.0,3600,0,0.0,6000.000000000349,6000.000000001863,1.1683251857757568,56.13888888888889,,0.0,0.0,0.0,0.7288888888888891,-0.05777777777777793,0.0,0.0,0.002222222222222219,-0.005555555555555556,-0.667777777777772,0.0,-0.6711111111111023,0.7288888888888891,6000.0
12341,stockerau_full_6000_8,S2B_MSIL2A_20230621T094549_R079_T33UWP_20230621T143955,200,,0.0,0.0,0.0,39.55555555555556,6.111111111111111,0.0,0.0,0.0,0.0,54.333333333333336,0.0,900,0,0.0,6000.000000000349,6000.000000001863,0.7733922004699707,54.333333333333336,,0.0,0.0,0.0,2.923333333333332,-0.4466666666666672,0.0,0.0,-0.025555555555555557,-0.005555555555555556,-2.4455555555555506,0.0,-2.4766666666666595,2.923333333333332,6000.0
12354,stockerau_full_6000_8,S2B_MSIL2A_20230621T094549_R079_T33UWP_20230621T143955,500,,0.0,0.0,0.0,40.27777777777778,4.166666666666667,0.0,0.0,0.0,0.0,55.55555555555556,0.0,144,0,0.0,6000.000000000349,6000.000000001863,0.9822940826416016,55.55555555555556,,0.0,0.0,0.0,3.6455555555555534,-2.391111111111111,0.0,0.0,-0.025555555555555557,-0.005555555555555556,-1.2233333333333292,0.0,-1.254444444444438,3.6455555555555534,6000.0
12367,stockerau_full_6000_8,S2B_MSIL2A_20230621T094549_R079_T33UWP_20230621T143955,1000,,0.0,0.0,0.0,55.55555555555556,2.7777777777777777,0.0,0.0,0.0,0.0,41.666666666666664,0.0,36,0,0.0,6000.000000000349,6000.000000001863,0.8882410526275635,41.666666666666664,,0.0,0.0,0.0,18.923333333333332,-3.7800000000000002,0.0,0.0,-0.025555555555555557,-0.005555555555555556,-15.112222222222222,0.0,-15.14333333333333,18.923333333333332,6000.0
12303,stockerau_full_6000_8,S2B_MSIL2A_20230624T095559_R122_T33UWP_20230624T142946,20,,0.0,0.0,0.0,0.0,0.0,0.0,0.0,0.0,100.0,0.0,0.0,90000,0,0.0,6000.000000000349,6000.000000001863,0.9201292991638184,100.0,,0.0,0.0,0.0,0.0,0.0,0.0,0.0,0.0,0.0,0.0,0.0,0.0,0.0,6000.0
12316,stockerau_full_6000_8,S2B_MSIL2A_20230624T095559_R122_T33UWP_20230624T142946,50,,0.0,0.0,0.0,0.0,0.0,0.0,0.0,0.0,100.0,0.0,0.0,14400,0,0.0,6000.000000000349,6000.000000001863,0.8140866756439209,100.0,,0.0,0.0,0.0,0.0,0.0,0.0,0.0,0.0,0.0,0.0,0.0,0.0,0.0,6000.0
12329,stockerau_full_6000_8,S2B_MSIL2A_20230624T095559_R122_T33UWP_20230624T142946,100,,0.0,0.0,0.0,0.0,0.0,0.0,0.0,0.0,100.0,0.0,0.0,3600,0,0.0,6000.000000000349,6000.000000001863,1.1683251857757568,100.0,,0.0,0.0,0.0,0.0,0.0,0.0,0.0,0.0,0.0,0.0,0.0,0.0,0.0,6000.0
12342,stockerau_full_6000_8,S2B_MSIL2A_20230624T095559_R122_T33UWP_20230624T142946,200,,0.0,0.0,0.0,0.0,0.0,0.0,0.0,0.0,100.0,0.0,0.0,900,0,0.0,6000.000000000349,6000.000000001863,0.7733922004699707,100.0,,0.0,0.0,0.0,0.0,0.0,0.0,0.0,0.0,0.0,0.0,0.0,0.0,0.0,6000.0
12355,stockerau_full_6000_8,S2B_MSIL2A_20230624T095559_R122_T33UWP_20230624T142946,500,,0.0,0.0,0.0,0.0,0.0,0.0,0.0,0.0,100.0,0.0,0.0,144,0,0.0,6000.000000000349,6000.000000001863,0.9822940826416016,100.0,,0.0,0.0,0.0,0.0,0.0,0.0,0.0,0.0,0.0,0.0,0.0,0.0,0.0,6000.0
12368,stockerau_full_6000_8,S2B_MSIL2A_20230624T095559_R122_T33UWP_20230624T142946,1000,,0.0,0.0,0.0,0.0,0.0,0.0,0.0,0.0,100.0,0.0,0.0,36,0,0.0,6000.000000000349,6000.000000001863,0.8882410526275635,100.0,,0.0,0.0,0.0,0.0,0.0,0.0,0.0,0.0,0.0,0.0,0.0,0.0,0.0,6000.0
12306,stockerau_full_6000_8,S2B_MSIL2A_20230701T094549_R079_T33UWP_20230701T152448,20,,0.0,0.0,0.0,0.0,0.0,0.0,0.0,0.0033333333333333335,99.99666666666667,0.0,0.0,90000,0,0.0,6000.000000000349,6000.000000001863,0.9201292991638184,100.0,,0.0,0.0,0.0,0.0,0.0,0.0,0.0,0.0,0.0,0.0,0.0,0.0,0.0,6000.0
12319,stockerau_full_6000_8,S2B_MSIL2A_20230701T094549_R079_T33UWP_20230701T152448,50,,0.0,0.0,0.0,0.0,0.0,0.0,0.0,0.006944444444444444,99.99305555555556,0.0,0.0,14400,0,0.0,6000.000000000349,6000.000000001863,0.8140866756439209,100.0,,0.0,0.0,0.0,0.0,0.0,0.0,0.0,0.0036111111111111105,-0.0036111111111125638,0.0,0.0,0.0,0.0,6000.0
12332,stockerau_full_6000_8,S2B_MSIL2A_20230701T094549_R079_T33UWP_20230701T152448,100,,0.0,0.0,0.0,0.0,0.0,0.0,0.0,0.0,100.0,0.0,0.0,3600,0,0.0,6000.000000000349,6000.000000001863,1.1683251857757568,100.0,,0.0,0.0,0.0,0.0,0.0,0.0,0.0,-0.0033333333333333335,0.0033333333333303017,0.0,0.0,0.0,0.0,6000.0
12345,stockerau_full_6000_8,S2B_MSIL2A_20230701T094549_R079_T33UWP_20230701T152448,200,,0.0,0.0,0.0,0.0,0.0,0.0,0.0,0.0,100.0,0.0,0.0,900,0,0.0,6000.000000000349,6000.000000001863,0.7733922004699707,100.0,,0.0,0.0,0.0,0.0,0.0,0.0,0.0,-0.0033333333333333335,0.0033333333333303017,0.0,0.0,0.0,0.0,6000.0
12358,stockerau_full_6000_8,S2B_MSIL2A_20230701T094549_R079_T33UWP_20230701T152448,500,,0.0,0.0,0.0,0.0,0.0,0.0,0.0,0.0,100.0,0.0,0.0,144,0,0.0,6000.000000000349,6000.000000001863,0.9822940826416016,100.0,,0.0,0.0,0.0,0.0,0.0,0.0,0.0,-0.0033333333333333335,0.0033333333333303017,0.0,0.0,0.0,0.0,6000.0
12371,stockerau_full_6000_8,S2B_MSIL2A_20230701T094549_R079_T33UWP_20230701T152448,1000,,0.0,0.0,0.0,0.0,0.0,0.0,0.0,0.0,100.0,0.0,0.0,36,0,0.0,6000.000000000349,6000.000000001863,0.8882410526275635,100.0,,0.0,0.0,0.0,0.0,0.0,0.0,0.0,-0.0033333333333333335,0.0033333333333303017,0.0,0.0,0.0,0.0,6000.0
12374,stockerau_full_8000_0,S2A_MSIL2A_20230606T095031_R079_T33UWP_20230606T162616,20,,0.0,0.0,0.044375,0.081875,0.135,0.018125,0.381875,5.999375,93.24875,0.090625,0.0,160000,0,0.0,8000.000000000116,8000.0,0.8682410717010498,99.33875,,0.0,0.0,0.0,0.0,0.0,0.0,0.0,0.0,0.0,0.0,0.0,0.0,0.0,8000.0
12387,stockerau_full_8000_0,S2A_MSIL2A_20230606T095031_R079_T33UWP_20230606T162616,50,,0.0,0.0,0.05078125,0.06640625,0.1484375,0.0078125,0.34375,6.00390625,93.28125,0.09765625,0.0,25600,0,0.0,8000.000000000116,8000.0,0.7489161491394043,99.3828125,,0.0,0.0,0.006406250000000002,-0.015468750000000003,0.013437499999999991,-0.010312499999999999,-0.03812500000000002,0.00453125000000032,0.03249999999999886,0.007031250000000003,0.0,0.04406249999999545,0.04406249999999545,8000.0
12400,stockerau_full_8000_0,S2A_MSIL2A_20230606T095031_R079_T33UWP_20230606T162616,100,,0.0,0.0,0.0625,0.046875,0.15625,0.0,0.3125,5.828125,93.46875,0.125,0.0,6400,0,0.0,8000.000000000116,8000.0,0.846184253692627,99.421875,,0.0,0.0,0.018125000000000002,-0.035,0.02124999999999999,-0.018125,-0.06937500000000002,-0.17124999999999968,0.21999999999999886,0.034375,0.0,0.08312499999999545,0.08312499999999545,8000.0
12413,stockerau_full_8000_0,S2A_MSIL2A_20230606T095031_R079_T33UWP_20230606T162616,200,,0.0,0.0,0.0,0.0625,0.125,0.0625,0.125,6.125,93.4375,0.0625,0.0,1600,0,0.0,8000.000000000116,8000.0,0.8093233108520508,99.625,,0.0,0.0,-0.044375,-0.019375000000000003,-0.010000000000000009,0.044375,-0.256875,0.12562500000000032,0.18874999999999886,-0.028124999999999997,0.0,0.28624999999999545,0.28624999999999545,8000.0
12426,stockerau_full_8000_0,S2A_MSIL2A_20230606T095031_R079_T33UWP_20230606T162616,500,,0.0,0.0,0.0,0.0,0.390625,0.0,0.390625,3.90625,95.3125,0.0,0.0,256,0,0.0,8000.000000000116,8000.0,0.7495403289794922,99.21875,,0.0,0.0,-0.044375,-0.081875,0.255625,-0.018125,0.00874999999999998,-2.0931249999999997,2.063749999999999,-0.090625,0.0,-0.12000000000000455,0.255625,8000.0
12439,stockerau_full_8000_0,S2A_MSIL2A_20230606T095031_R079_T33UWP_20230606T162616,1000,,0.0,0.0,0.0,0.0,0.0,0.0,0.0,6.25,93.75,0.0,0.0,64,0,0.0,8000.000000000116,8000.0,0.8758950233459473,100.0,,0.0,0.0,-0.044375,-0.081875,-0.135,-0.018125,-0.381875,0.2506250000000003,0.5012499999999989,-0.090625,0.0,0.6612499999999955,0.6612499999999955,8000.0
12375,stockerau_full_8000_0,S2A_MSIL2A_20230609T100031_R122_T33UWP_20230609T173715,20,,0.0,0.0,0.0,0.0,0.0,0.0,0.0,37.2025,59.925625,2.871875,0.0,160000,0,0.0,8000.000000000116,8000.0,0.8682410717010498,100.0,,0.0,0.0,0.0,0.0,0.0,0.0,0.0,0.0,0.0,0.0,0.0,0.0,0.0,8000.0
12388,stockerau_full_8000_0,S2A_MSIL2A_20230609T100031_R122_T33UWP_20230609T173715,50,,0.0,0.0,0.0,0.0,0.0,0.0,0.0,37.31640625,59.8515625,2.83203125,0.0,25600,0,0.0,8000.000000000116,8000.0,0.7489161491394043,100.0,,0.0,0.0,0.0,0.0,0.0,0.0,0.0,0.11390624999999943,-0.07406249999999659,-0.03984375000000018,0.0,0.0,0.0,8000.0
12401,stockerau_full_8000_0,S2A_MSIL2A_20230609T100031_R122_T33UWP_20230609T173715,100,,0.0,0.0,0.0,0.0,0.0,0.0,0.0,37.765625,59.328125,2.90625,0.0,6400,0,0.0,8000.000000000116,8000.0,0.846184253692627,100.0,,0.0,0.0,0.0,0.0,0.0,0.0,0.0,0.5631249999999994,-0.5974999999999966,0.03437499999999982,0.0,0.0,0.0,8000.0
12414,stockerau_full_8000_0,S2A_MSIL2A_20230609T100031_R122_T33UWP_20230609T173715,200,,0.0,0.0,0.0,0.0,0.0,0.0,0.0,37.5,59.625,2.875,0.0,1600,0,0.0,8000.000000000116,8000.0,0.8093233108520508,100.0,,0.0,0.0,0.0,0.0,0.0,0.0,0.0,0.29749999999999943,-0.3006249999999966,0.0031249999999998224,0.0,0.0,0.0,8000.0
12427,stockerau_full_8000_0,S2A_MSIL2A_20230609T100031_R122_T33UWP_20230609T173715,500,,0.0,0.0,0.0,0.0,0.0,0.0,0.0,37.890625,60.15625,1.953125,0.0,256,0,0.0,8000.000000000116,8000.0,0.7495403289794922,100.0,,0.0,0.0,0.0,0.0,0.0,0.0,0.0,0.6881249999999994,0.2306250000000034,-0.9187500000000002,0.0,0.0,0.0,8000.0
12440,stockerau_full_8000_0,S2A_MSIL2A_20230609T100031_R122_T33UWP_20230609T173715,1000,,0.0,0.0,0.0,0.0,0.0,0.0,0.0,34.375,62.5,3.125,0.0,64,0,0.0,8000.000000000116,8000.0,0.8758950233459473,100.0,,0.0,0.0,0.0,0.0,0.0,0.0,0.0,-2.8275000000000006,2.5743750000000034,0.2531249999999998,0.0,0.0,0.0,8000.0
12378,stockerau_full_8000_0,S2A_MSIL2A_20230616T095031_R079_T33UWP_20230616T172735,20,,0.0,0.02875,0.259375,77.8175,16.271875,4.92,0.586875,0.103125,0.0125,0.0,0.0,160000,0,0.0,8000.000000000116,8000.0,0.8682410717010498,0.11562499999999999,,0.0,0.0,0.0,0.0,0.0,0.0,0.0,0.0,0.0,0.0,0.0,0.0,0.0,8000.0
12391,stockerau_full_8000_0,S2A_MSIL2A_20230616T095031_R079_T33UWP_20230616T172735,50,,0.0,0.03125,0.24609375,78.1171875,16.0078125,4.859375,0.6015625,0.125,0.01171875,0.0,0.0,25600,0,0.0,8000.000000000116,8000.0,0.7489161491394043,0.13671875,,0.0,0.0024999999999999988,-0.013281250000000022,0.29968750000000455,-0.2640625000000014,-0.06062499999999993,0.014687499999999964,0.021875000000000006,-0.0007812500000000007,0.0,0.0,0.02109375000000001,0.29968750000000455,8000.0
12404,stockerau_full_8000_0,S2A_MSIL2A_20230616T095031_R079_T33UWP_20230616T172735,100,,0.0,0.015625,0.234375,78.34375,15.75,4.953125,0.546875,0.125,0.03125,0.0,0.0,6400,0,0.0,8000.000000000116,8000.0,0.846184253692627,0.15625,,0.0,-0.013125000000000001,-0.025000000000000022,0.5262500000000045,-0.5218750000000014,0.03312500000000007,-0.040000000000000036,0.021875000000000006,0.01875,0.0,0.0,0.04062500000000001,0.5262500000000045,8000.0
12417,stockerau_full_8000_0,S2A_MSIL2A_20230616T095031_R079_T33UWP_20230616T172735,200,,0.0,0.0,0.25,78.25,16.1875,4.625,0.5,0.1875,0.0,0.0,0.0,1600,0,0.0,8000.000000000116,8000.0,0.8093233108520508,0.1875,,0.0,-0.02875,-0.009375000000000022,0.43250000000000455,-0.08437500000000142,-0.29499999999999993,-0.08687500000000004,0.084375,-0.0125,0.0,0.0,0.07187500000000001,0.43250000000000455,8000.0
12430,stockerau_full_8000_0,S2A_MSIL2A_20230616T095031_R079_T33UWP_20230616T172735,500,,0.0,0.0,0.390625,78.90625,14.453125,5.078125,0.78125,0.390625,0.0,0.0,0.0,256,0,0.0,8000.000000000116,8000.0,0.7495403289794922,0.390625,,0.0,-0.02875,0.13124999999999998,1.0887500000000045,-1.8187500000000014,0.15812500000000007,0.19437499999999996,0.2875,-0.0125,0.0,0.0,0.275,1.8187500000000014,8000.0
12443,stockerau_full_8000_0,S2A_MSIL2A_20230616T095031_R079_T33UWP_20230616T172735,1000,,0.0,0.0,0.0,79.6875,17.1875,1.5625,1.5625,0.0,0.0,0.0,0.0,64,0,0.0,8000.000000000116,8000.0,0.8758950233459473,0.0,,0.0,-0.02875,-0.259375,1.8700000000000045,0.9156249999999986,-3.3575,0.975625,-0.103125,-0.0125,0.0,0.0,-0.11562499999999999,3.3575,8000.0
12379,stockerau_full_8000_0,S2A_MSIL2A_20230619T100031_R122_T33UWP_20230619T172742,20,,0.0,0.015625,0.4275,41.466875,4.2675,0.956875,0.993125,1.7,0.000625,50.171875,0.0,160000,0,0.0,8000.000000000116,8000.0,0.8682410717010498,51.8725,,0.0,0.0,0.0,0.0,0.0,0.0,0.0,0.0,0.0,0.0,0.0,0.0,0.0,8000.0
12392,stockerau_full_8000_0,S2A_MSIL2A_20230619T100031_R122_T33UWP_20230619T172742,50,,0.0,0.0234375,0.40625,41.39453125,4.11328125,0.9375,0.93359375,1.73828125,0.00390625,50.44921875,0.0,25600,0,0.0,8000.000000000116,8000.0,0.7489161491394043,52.19140625,,0.0,0.0078125,-0.02124999999999999,-0.0723437500000017,-0.15421875000000007,-0.01937500000000003,-0.059531250000000036,0.038281250000000044,0.00328125,0.27734375,0.0,0.3189062499999977,0.3189062499999977,8000.0
12405,stockerau_full_8000_0,S2A_MSIL2A_20230619T100031_R122_T33UWP_20230619T172742,100,,0.0,0.03125,0.390625,40.921875,4.25,0.9375,0.875,1.734375,0.0,50.859375,0.0,6400,0,0.0,8000.000000000116,8000.0,0.846184253692627,52.59375,,0.0,0.015625,-0.03687499999999999,-0.5450000000000017,-0.01750000000000007,-0.01937500000000003,-0.11812500000000004,0.034375000000000044,-0.000625,0.6875,0.0,0.7212499999999977,0.7212499999999977,8000.0
12418,stockerau_full_8000_0,S2A_MSIL2A_20230619T100031_R122_T33UWP_20230619T172742,200,,0.0,0.0,0.3125,42.5,3.9375,0.8125,0.75,1.9375,0.0,49.75,0.0,1600,0,0.0,8000.000000000116,8000.0,0.8093233108520508,51.6875,,0.0,-0.015625,-0.11499999999999999,1.0331249999999983,-0.33000000000000007,-0.14437500000000003,-0.24312500000000004,0.23750000000000004,-0.000625,-0.421875,0.0,-0.18500000000000227,1.0331249999999983,8000.0
12431,stockerau_full_8000_0,S2A_MSIL2A_20230619T100031_R122_T33UWP_20230619T172742,500,,0.0,0.0,0.0,40.234375,5.46875,1.171875,0.78125,0.390625,0.0,51.953125,0.0,256,0,0.0,8000.000000000116,8000.0,0.7495403289794922,52.34375,,0.0,-0.015625,-0.4275,-1.2325000000000017,1.20125,0.21499999999999997,-0.21187500000000004,-1.309375,-0.000625,1.78125,0.0,0.4712499999999977,1.2325000000000017,8000.0
12444,stockerau_full_8000_0,S2A_MSIL2A_20230619T100031_R122_T33UWP_20230619T172742,1000,,0.0,0.0,0.0,40.625,6.25,1.5625,0.0,0.0,0.0,51.5625,0.0,64,0,0.0,8000.000000000116,8000.0,0.8758950233459473,51.5625,,0.0,-0.015625,-0.4275,-0.8418750000000017,1.9825,0.605625,-0.993125,-1.7,-0.000625,1.390625,0.0,-0.3100000000000023,1.9825,8000.0
12382,stockerau_full_8000_0,S2A_MSIL2A_20230626T095031_R079_T33UWP_20230626T161132,20,,0.0,0.03375,0.0,82.655625,11.87,4.96625,0.473125,0.000625,0.000625,0.0,0.0,160000,0,0.0,8000.000000000116,8000.0,0.8682410717010498,0.00125,,0.0,0.0,0.0,0.0,0.0,0.0,0.0,0.0,0.0,0.0,0.0,0.0,0.0,8000.0
12395,stockerau_full_8000_0,S2A_MSIL2A_20230626T095031_R079_T33UWP_20230626T161132,50,,0.0,0.03125,0.0,82.82421875,11.76171875,4.92578125,0.45703125,0.0,0.0,0.0,0.0,25600,0,0.0,8000.000000000116,8000.0,0.7489161491394043,0.0,,0.0,-0.0025000000000000022,0.0,0.16859374999999943,-0.10828124999999922,-0.04046874999999961,-0.016093750000000018,-0.000625,-0.000625,0.0,0.0,-0.00125,0.16859374999999943,8000.0
12408,stockerau_full_8000_0,S2A_MSIL2A_20230626T095031_R079_T33UWP_20230626T161132,100,,0.0,0.015625,0.0,83.109375,11.484375,4.953125,0.421875,0.015625,0.0,0.0,0.0,6400,0,0.0,8000.000000000116,8000.0,0.846184253692627,0.015625,,0.0,-0.018125000000000002,0.0,0.45374999999999943,-0.3856249999999992,-0.01312499999999961,-0.05125000000000002,0.015,-0.000625,0.0,0.0,0.014375,0.45374999999999943,8000.0
12421,stockerau_full_8000_0,S2A_MSIL2A_20230626T095031_R079_T33UWP_20230626T161132,200,,0.0,0.0,0.0,84.0625,11.0625,4.625,0.25,0.0,0.0,0.0,0.0,1600,0,0.0,8000.000000000116,8000.0,0.8093233108520508,0.0,,0.0,-0.03375,0.0,1.4068749999999994,-0.8074999999999992,-0.3412499999999996,-0.22312500000000002,-0.000625,-0.000625,0.0,0.0,-0.00125,1.4068749999999994,8000.0
12434,stockerau_full_8000_0,S2A_MSIL2A_20230626T095031_R079_T33UWP_20230626T161132,500,,0.0,0.0,0.0,82.8125,11.71875,4.6875,0.78125,0.0,0.0,0.0,0.0,256,0,0.0,8000.000000000116,8000.0,0.7495403289794922,0.0,,0.0,-0.03375,0.0,0.15687499999999943,-0.15124999999999922,-0.2787499999999996,0.308125,-0.000625,-0.000625,0.0,0.0,-0.00125,0.308125,8000.0
12447,stockerau_full_8000_0,S2A_MSIL2A_20230626T095031_R079_T33UWP_20230626T161132,1000,,0.0,0.0,0.0,84.375,12.5,1.5625,1.5625,0.0,0.0,0.0,0.0,64,0,0.0,8000.000000000116,8000.0,0.8758950233459473,0.0,,0.0,-0.03375,0.0,1.7193749999999994,0.6300000000000008,-3.4037499999999996,1.089375,-0.000625,-0.000625,0.0,0.0,-0.00125,3.4037499999999996,8000.0
12383,stockerau_full_8000_0,S2A_MSIL2A_20230629T100031_R122_T33UWP_20230629T191411,20,,0.0,0.024375,0.5975,81.755625,11.754375,5.0075,0.395,0.341875,0.116875,0.006875,0.0,160000,0,0.0,8000.000000000116,8000.0,0.8682410717010498,0.465625,,0.0,0.0,0.0,0.0,0.0,0.0,0.0,0.0,0.0,0.0,0.0,0.0,0.0,8000.0
12396,stockerau_full_8000_0,S2A_MSIL2A_20230629T100031_R122_T33UWP_20230629T191411,50,,0.0,0.0234375,0.59765625,82.03125,11.51171875,4.97265625,0.41015625,0.31640625,0.12109375,0.015625,0.0,25600,0,0.0,8000.000000000116,8000.0,0.7489161491394043,0.453125,,0.0,-0.0009375000000000008,0.00015624999999996891,0.2756250000000051,-0.24265624999999957,-0.034843750000000284,0.015156249999999982,-0.025468749999999984,0.004218749999999993,0.00875,0.0,-0.012500000000000011,0.2756250000000051,8000.0
12409,stockerau_full_8000_0,S2A_MSIL2A_20230629T100031_R122_T33UWP_20230629T191411,100,,0.0,0.0,0.640625,81.921875,11.6875,4.984375,0.328125,0.28125,0.15625,0.0,0.0,6400,0,0.0,8000.000000000116,8000.0,0.846184253692627,0.4375,,0.0,-0.024375,0.04312499999999997,0.16625000000000512,-0.06687499999999957,-0.023125000000000284,-0.06687500000000002,-0.060624999999999984,0.03937499999999999,-0.006875,0.0,-0.02812500000000001,0.16625000000000512,8000.0
12422,stockerau_full_8000_0,S2A_MSIL2A_20230629T100031_R122_T33UWP_20230629T191411,200,,0.0,0.0,0.8125,83.25,10.25,4.875,0.4375,0.25,0.125,0.0,0.0,1600,0,0.0,8000.000000000116,8000.0,0.8093233108520508,0.375,,0.0,-0.024375,0.21499999999999997,1.4943750000000051,-1.5043749999999996,-0.13250000000000028,0.04249999999999998,-0.09187499999999998,0.008124999999999993,-0.006875,0.0,-0.09062500000000001,1.5043749999999996,8000.0
12435,stockerau_full_8000_0,S2A_MSIL2A_20230629T100031_R122_T33UWP_20230629T191411,500,,0.0,0.0,0.390625,83.203125,10.546875,4.6875,0.390625,0.390625,0.390625,0.0,0.0,256,0,0.0,8000.000000000116,8000.0,0.7495403289794922,0.78125,,0.0,-0.024375,-0.20687500000000003,1.4475000000000051,-1.2074999999999996,-0.3200000000000003,-0.004375000000000018,0.048750000000000016,0.27375,-0.006875,0.0,0.315625,1.4475000000000051,8000.0
12448,stockerau_full_8000_0,S2A_MSIL2A_20230629T100031_R122_T33UWP_20230629T191411,1000,,0.0,0.0,0.0,85.9375,10.9375,1.5625,1.5625,0.0,0.0,0.0,0.0,64,0,0.0,8000.000000000116,8000.0,0.8758950233459473,0.0,,0.0,-0.024375,-0.5975,4.181875000000005,-0.8168749999999996,-3.4450000000000003,1.1675,-0.341875,-0.116875,-0.006875,0.0,-0.465625,4.181875000000005,8000.0
12372,stockerau_full_8000_0,S2B_MSIL2A_20230601T094549_R079_T33UWP_20230601T163321,20,,0.0,0.033125,0.0,71.605625,22.816875,4.97875,0.565625,0.0,0.0,0.0,0.0,160000,0,0.0,8000.000000000116,8000.0,0.8682410717010498,0.0,,0.0,0.0,0.0,0.0,0.0,0.0,0.0,0.0,0.0,0.0,0.0,0.0,0.0,8000.0
12385,stockerau_full_8000_0,S2B_MSIL2A_20230601T094549_R079_T33UWP_20230601T163321,50,,0.0,0.03515625,0.0,71.66015625,22.859375,4.890625,0.5546875,0.0,0.0,0.0,0.0,25600,0,0.0,8000.000000000116,8000.0,0.7489161491394043,0.0,,0.0,0.0020312499999999983,0.0,0.05453124999999659,0.042500000000000426,-0.08812499999999979,-0.010937500000000044,0.0,0.0,0.0,0.0,0.0,0.08812499999999979,8000.0
12398,stockerau_full_8000_0,S2B_MSIL2A_20230601T094549_R079_T33UWP_20230601T163321,100,,0.0,0.03125,0.0,72.40625,22.0625,5.0,0.5,0.0,0.0,0.0,0.0,6400,0,0.0,8000.000000000116,8000.0,0.846184253692627,0.0,,0.0,-0.0018750000000000017,0.0,0.8006249999999966,-0.7543749999999996,0.021250000000000213,-0.06562500000000004,0.0,0.0,0.0,0.0,0.0,0.8006249999999966,8000.0
12411,stockerau_full_8000_0,S2B_MSIL2A_20230601T094549_R079_T33UWP_20230601T163321,200,,0.0,0.0,0.0,70.8125,23.875,4.8125,0.5,0.0,0.0,0.0,0.0,1600,0,0.0,8000.000000000116,8000.0,0.8093233108520508,0.0,,0.0,-0.033125,0.0,-0.7931250000000034,1.0581250000000004,-0.1662499999999998,-0.06562500000000004,0.0,0.0,0.0,0.0,0.0,1.0581250000000004,8000.0
12424,stockerau_full_8000_0,S2B_MSIL2A_20230601T094549_R079_T33UWP_20230601T163321,500,,0.0,0.0,0.0,70.703125,23.4375,5.078125,0.78125,0.0,0.0,0.0,0.0,256,0,0.0,8000.000000000116,8000.0,0.7495403289794922,0.0,,0.0,-0.033125,0.0,-0.9025000000000034,0.6206250000000004,0.09937500000000021,0.21562499999999996,0.0,0.0,0.0,0.0,0.0,0.9025000000000034,8000.0
12437,stockerau_full_8000_0,S2B_MSIL2A_20230601T094549_R079_T33UWP_20230601T163321,1000,,0.0,0.0,0.0,76.5625,20.3125,1.5625,1.5625,0.0,0.0,0.0,0.0,64,0,0.0,8000.000000000116,8000.0,0.8758950233459473,0.0,,0.0,-0.033125,0.0,4.956874999999997,-2.5043749999999996,-3.41625,0.996875,0.0,0.0,0.0,0.0,0.0,4.956874999999997,8000.0
12373,stockerau_full_8000_0,S2B_MSIL2A_20230604T095559_R122_T33UWP_20230604T174403,20,,0.0,0.02,2.360625,61.72625,17.139375,4.6925,0.910625,1.968125,0.135,11.0475,0.0,160000,0,0.0,8000.000000000116,8000.0,0.8682410717010498,13.150625,,0.0,0.0,0.0,0.0,0.0,0.0,0.0,0.0,0.0,0.0,0.0,0.0,0.0,8000.0
12386,stockerau_full_8000_0,S2B_MSIL2A_20230604T095559_R122_T33UWP_20230604T174403,50,,0.0,0.0234375,2.4296875,61.75390625,17.11328125,4.62109375,0.91796875,2.0234375,0.12109375,10.99609375,0.0,25600,0,0.0,8000.000000000116,8000.0,0.7489161491394043,13.140625,,0.0,0.0034374999999999996,0.0690624999999998,0.027656249999999716,-0.026093750000001137,-0.0714062499999999,0.007343749999999982,0.0553125000000001,-0.013906250000000009,-0.05140624999999943,0.0,-0.009999999999999787,0.0714062499999999,8000.0
12399,stockerau_full_8000_0,S2B_MSIL2A_20230604T095559_R122_T33UWP_20230604T174403,100,,0.0,0.015625,2.53125,61.84375,16.875,4.640625,0.890625,1.953125,0.171875,11.078125,0.0,6400,0,0.0,8000.000000000116,8000.0,0.846184253692627,13.203125,,0.0,-0.004375,0.1706249999999998,0.11749999999999972,-0.26437500000000114,-0.05187499999999989,-0.020000000000000018,-0.014999999999999902,0.03687499999999999,0.03062500000000057,0.0,0.05250000000000021,0.26437500000000114,8000.0
12412,stockerau_full_8000_0,S2B_MSIL2A_20230604T095559_R122_T33UWP_20230604T174403,200,,0.0,0.0,2.4375,61.0,16.6875,4.6875,1.3125,1.8125,0.25,11.8125,0.0,1600,0,0.0,8000.000000000116,8000.0,0.8093233108520508,13.875,,0.0,-0.02,0.0768749999999998,-0.7262500000000003,-0.45187500000000114,-0.004999999999999893,0.401875,-0.1556249999999999,0.11499999999999999,0.7650000000000006,0.0,0.7243750000000002,0.7262500000000003,8000.0
12425,stockerau_full_8000_0,S2B_MSIL2A_20230604T095559_R122_T33UWP_20230604T174403,500,,0.0,0.0,3.125,59.765625,16.015625,4.6875,1.5625,1.171875,0.0,13.671875,0.0,256,0,0.0,8000.000000000116,8000.0,0.7495403289794922,14.84375,,0.0,-0.02,0.7643749999999998,-1.9606250000000003,-1.1237500000000011,-0.004999999999999893,0.651875,-0.7962499999999999,-0.135,2.6243750000000006,0.0,1.6931250000000002,1.9606250000000003,8000.0
12438,stockerau_full_8000_0,S2B_MSIL2A_20230604T095559_R122_T33UWP_20230604T174403,1000,,0.0,0.0,0.0,64.0625,17.1875,1.5625,3.125,0.0,3.125,10.9375,0.0,64,0,0.0,8000.000000000116,8000.0,0.8758950233459473,14.0625,,0.0,-0.02,-2.360625,2.3362499999999997,0.04812499999999886,-3.13,2.214375,-1.968125,2.99,-0.10999999999999943,0.0,0.9118750000000002,3.13,8000.0
12376,stockerau_full_8000_0,S2B_MSIL2A_20230611T094549_R079_T33UWP_20230611T135320,20,,0.0,0.0,0.0,0.0,0.001875,0.00125,0.0,0.095625,99.90125,0.0,0.0,160000,0,0.0,8000.000000000116,8000.0,0.8682410717010498,99.996875,,0.0,0.0,0.0,0.0,0.0,0.0,0.0,0.0,0.0,0.0,0.0,0.0,0.0,8000.0
12389,stockerau_full_8000_0,S2B_MSIL2A_20230611T094549_R079_T33UWP_20230611T135320,50,,0.0,0.0,0.0,0.0,0.00390625,0.0,0.0,0.109375,99.88671875,0.0,0.0,25600,0,0.0,8000.000000000116,8000.0,0.7489161491394043,99.99609375,,0.0,0.0,0.0,0.0,0.00203125,-0.00125,0.0,0.013749999999999998,-0.014531250000004547,0.0,0.0,-0.0007812500000028422,0.00203125,8000.0
12402,stockerau_full_8000_0,S2B_MSIL2A_20230611T094549_R079_T33UWP_20230611T135320,100,,0.0,0.0,0.0,0.0,0.0,0.0,0.0,0.09375,99.90625,0.0,0.0,6400,0,0.0,8000.000000000116,8000.0,0.846184253692627,100.0,,0.0,0.0,0.0,0.0,-0.001875,-0.00125,0.0,-0.0018750000000000017,0.0049999999999954525,0.0,0.0,0.003124999999997158,0.003124999999997158,8000.0
12415,stockerau_full_8000_0,S2B_MSIL2A_20230611T094549_R079_T33UWP_20230611T135320,200,,0.0,0.0,0.0,0.0,0.0,0.0,0.0,0.125,99.875,0.0,0.0,1600,0,0.0,8000.000000000116,8000.0,0.8093233108520508,100.0,,0.0,0.0,0.0,0.0,-0.001875,-0.00125,0.0,0.029375,-0.026250000000004547,0.0,0.0,0.003124999999997158,0.003124999999997158,8000.0
12428,stockerau_full_8000_0,S2B_MSIL2A_20230611T094549_R079_T33UWP_20230611T135320,500,,0.0,0.0,0.0,0.0,0.0,0.0,0.0,0.0,100.0,0.0,0.0,256,0,0.0,8000.000000000116,8000.0,0.7495403289794922,100.0,,0.0,0.0,0.0,0.0,-0.001875,-0.00125,0.0,-0.095625,0.09874999999999545,0.0,0.0,0.003124999999997158,0.003124999999997158,8000.0
12441,stockerau_full_8000_0,S2B_MSIL2A_20230611T094549_R079_T33UWP_20230611T135320,1000,,0.0,0.0,0.0,0.0,0.0,0.0,0.0,0.0,100.0,0.0,0.0,64,0,0.0,8000.000000000116,8000.0,0.8758950233459473,100.0,,0.0,0.0,0.0,0.0,-0.001875,-0.00125,0.0,-0.095625,0.09874999999999545,0.0,0.0,0.003124999999997158,0.003124999999997158,8000.0
12377,stockerau_full_8000_0,S2B_MSIL2A_20230614T095559_R122_T33UWP_20230614T142248,20,,0.0,0.01875,10.010625,63.130625,14.685625,3.29625,1.125,3.21375,4.486875,0.0325,0.0,160000,0,0.0,8000.000000000116,8000.0,0.8682410717010498,7.733125,,0.0,0.0,0.0,0.0,0.0,0.0,0.0,0.0,0.0,0.0,0.0,0.0,0.0,8000.0
12390,stockerau_full_8000_0,S2B_MSIL2A_20230614T095559_R122_T33UWP_20230614T142248,50,,0.0,0.0234375,10.078125,63.2265625,14.48046875,3.20703125,1.18359375,3.234375,4.54296875,0.0234375,0.0,25600,0,0.0,8000.000000000116,8000.0,0.7489161491394043,7.80078125,,0.0,0.004687500000000001,0.06750000000000078,0.09593749999999801,-0.20515624999999993,-0.08921875000000012,0.05859375,0.020624999999999893,0.05609374999999961,-0.009062500000000001,0.0,0.06765624999999975,0.20515624999999993,8000.0
12403,stockerau_full_8000_0,S2B_MSIL2A_20230614T095559_R122_T33UWP_20230614T142248,100,,0.0,0.0,9.90625,63.3125,14.40625,3.3125,1.15625,3.421875,4.46875,0.015625,0.0,6400,0,0.0,8000.000000000116,8000.0,0.846184253692627,7.90625,,0.0,-0.01875,-0.10437499999999922,0.181874999999998,-0.27937499999999993,0.016249999999999876,0.03125,0.2081249999999999,-0.01812500000000039,-0.016875,0.0,0.17312499999999975,0.27937499999999993,8000.0
12416,stockerau_full_8000_0,S2B_MSIL2A_20230614T095559_R122_T33UWP_20230614T142248,200,,0.0,0.0,9.6875,63.5625,14.8125,3.1875,1.0625,3.1875,4.5,0.0,0.0,1600,0,0.0,8000.000000000116,8000.0,0.8093233108520508,7.6875,,0.0,-0.01875,-0.3231249999999992,0.431874999999998,0.12687500000000007,-0.10875000000000012,-0.0625,-0.026250000000000107,0.01312499999999961,-0.0325,0.0,-0.04562500000000025,0.431874999999998,8000.0
12429,stockerau_full_8000_0,S2B_MSIL2A_20230614T095559_R122_T33UWP_20230614T142248,500,,0.0,0.0,9.375,62.109375,14.453125,4.296875,2.34375,2.734375,4.6875,0.0,0.0,256,0,0.0,8000.000000000116,8000.0,0.7495403289794922,7.421875,,0.0,-0.01875,-0.6356249999999992,-1.021250000000002,-0.23249999999999993,1.0006249999999999,1.21875,-0.4793750000000001,0.2006249999999996,-0.0325,0.0,-0.31125000000000025,1.21875,8000.0
12442,stockerau_full_8000_0,S2B_MSIL2A_20230614T095559_R122_T33UWP_20230614T142248,1000,,0.0,0.0,10.9375,56.25,18.75,1.5625,1.5625,4.6875,6.25,0.0,0.0,64,0,0.0,8000.000000000116,8000.0,0.8758950233459473,10.9375,,0.0,-0.01875,0.9268750000000008,-6.880625000000002,4.064375,-1.7337500000000001,0.4375,1.47375,1.7631249999999996,-0.0325,0.0,3.2043749999999998,6.880625000000002,8000.0
12380,stockerau_full_8000_0,S2B_MSIL2A_20230621T094549_R079_T33UWP_20230621T143955,20,,0.0,0.028125,0.0,80.155,12.056875,4.59,0.503125,0.005,0.0,2.661875,0.0,160000,0,0.0,8000.000000000116,8000.0,0.8682410717010498,2.666875,,0.0,0.0,0.0,0.0,0.0,0.0,0.0,0.0,0.0,0.0,0.0,0.0,0.0,8000.0
12393,stockerau_full_8000_0,S2B_MSIL2A_20230621T094549_R079_T33UWP_20230621T143955,50,,0.0,0.02734375,0.0,80.484375,11.78515625,4.546875,0.45703125,0.00390625,0.0,2.6953125,0.0,25600,0,0.0,8000.000000000116,8000.0,0.7489161491394043,2.69921875,,0.0,-0.0007812500000000007,0.0,0.32937499999999886,-0.2717187499999998,-0.04312499999999986,-0.046093750000000044,-0.00109375,0.0,0.03343749999999979,0.0,0.03234374999999989,0.32937499999999886,8000.0
12406,stockerau_full_8000_0,S2B_MSIL2A_20230621T094549_R079_T33UWP_20230621T143955,100,,0.0,0.015625,0.0,80.359375,11.84375,4.546875,0.46875,0.015625,0.0,2.75,0.0,6400,0,0.0,8000.000000000116,8000.0,0.846184253692627,2.765625,,0.0,-0.0125,0.0,0.20437499999999886,-0.2131249999999998,-0.04312499999999986,-0.034375000000000044,0.010624999999999999,0.0,0.08812499999999979,0.0,0.0987499999999999,0.2131249999999998,8000.0
12419,stockerau_full_8000_0,S2B_MSIL2A_20230621T094549_R079_T33UWP_20230621T143955,200,,0.0,0.0,0.0,79.875,12.4375,4.375,0.5625,0.0,0.0,2.75,0.0,1600,0,0.0,8000.000000000116,8000.0,0.8093233108520508,2.75,,0.0,-0.028125,0.0,-0.28000000000000114,0.3806250000000002,-0.21499999999999986,0.059374999999999956,-0.005,0.0,0.08812499999999979,0.0,0.0831249999999999,0.3806250000000002,8000.0
12432,stockerau_full_8000_0,S2B_MSIL2A_20230621T094549_R079_T33UWP_20230621T143955,500,,0.0,0.0,0.0,79.296875,12.890625,4.6875,0.78125,0.0,0.0,2.34375,0.0,256,0,0.0,8000.000000000116,8000.0,0.7495403289794922,2.34375,,0.0,-0.028125,0.0,-0.8581250000000011,0.8337500000000002,0.09750000000000014,0.27812499999999996,-0.005,0.0,-0.3181250000000002,0.0,-0.3231250000000001,0.8581250000000011,8000.0
12445,stockerau_full_8000_0,S2B_MSIL2A_20230621T094549_R079_T33UWP_20230621T143955,1000,,0.0,0.0,0.0,82.8125,9.375,1.5625,1.5625,0.0,0.0,4.6875,0.0,64,0,0.0,8000.000000000116,8000.0,0.8758950233459473,4.6875,,0.0,-0.028125,0.0,2.657499999999999,-2.681875,-3.0275,1.059375,-0.005,0.0,2.025625,0.0,2.020625,3.0275,8000.0
12381,stockerau_full_8000_0,S2B_MSIL2A_20230624T095559_R122_T33UWP_20230624T142946,20,,0.0,0.0,0.07625,0.0,0.025,0.208125,0.0,6.423125,93.09375,0.169375,0.004375,160000,0,0.0,8000.000000000116,8000.0,0.8682410717010498,99.68625,,0.0,0.0,0.0,0.0,0.0,0.0,0.0,0.0,0.0,0.0,0.0,0.0,0.0,8000.0
12394,stockerau_full_8000_0,S2B_MSIL2A_20230624T095559_R122_T33UWP_20230624T142946,50,,0.0,0.0,0.0703125,0.0,0.02734375,0.17578125,0.0,6.2734375,93.2734375,0.17578125,0.00390625,25600,0,0.0,8000.000000000116,8000.0,0.7489161491394043,99.72265625,,0.0,0.0,-0.005937499999999998,0.0,0.0023437499999999986,-0.032343750000000004,0.0,-0.14968749999999975,0.1796875,0.006406250000000002,-0.0004687500000000004,0.03640624999999886,0.03640624999999886,8000.0
12407,stockerau_full_8000_0,S2B_MSIL2A_20230624T095559_R122_T33UWP_20230624T142946,100,,0.0,0.0,0.125,0.0,0.03125,0.171875,0.0,6.046875,93.453125,0.15625,0.015625,6400,0,0.0,8000.000000000116,8000.0,0.846184253692627,99.65625,,0.0,0.0,0.04875,0.0,0.006249999999999999,-0.036250000000000004,0.0,-0.37624999999999975,0.359375,-0.013124999999999998,0.01125,-0.030000000000001137,0.04875,8000.0
12420,stockerau_full_8000_0,S2B_MSIL2A_20230624T095559_R122_T33UWP_20230624T142946,200,,0.0,0.0,0.0625,0.0,0.0,0.3125,0.0,6.1875,93.25,0.125,0.0625,1600,0,0.0,8000.000000000116,8000.0,0.8093233108520508,99.5625,,0.0,0.0,-0.013749999999999998,0.0,-0.025,0.104375,0.0,-0.23562499999999975,0.15625,-0.044375,0.058124999999999996,-0.12375000000000114,0.12375000000000114,8000.0
12433,stockerau_full_8000_0,S2B_MSIL2A_20230624T095559_R122_T33UWP_20230624T142946,500,,0.0,0.0,0.0,0.0,0.0,0.0,0.0,7.03125,92.96875,0.0,0.0,256,0,0.0,8000.000000000116,8000.0,0.7495403289794922,100.0,,0.0,0.0,-0.07625,0.0,-0.025,-0.208125,0.0,0.6081250000000002,-0.125,-0.169375,-0.004375,0.31374999999999886,0.31374999999999886,8000.0
12446,stockerau_full_8000_0,S2B_MSIL2A_20230624T095559_R122_T33UWP_20230624T142946,1000,,0.0,0.0,0.0,0.0,0.0,0.0,0.0,4.6875,95.3125,0.0,0.0,64,0,0.0,8000.000000000116,8000.0,0.8758950233459473,100.0,,0.0,0.0,-0.07625,0.0,-0.025,-0.208125,0.0,-1.7356249999999998,2.21875,-0.169375,-0.004375,0.31374999999999886,0.31374999999999886,8000.0
12384,stockerau_full_8000_0,S2B_MSIL2A_20230701T094549_R079_T33UWP_20230701T152448,20,,0.0,0.0,0.0,0.0,0.0,0.0,0.0,0.0,100.0,0.0,0.0,160000,0,0.0,8000.000000000116,8000.0,0.8682410717010498,100.0,,0.0,0.0,0.0,0.0,0.0,0.0,0.0,0.0,0.0,0.0,0.0,0.0,0.0,8000.0
12397,stockerau_full_8000_0,S2B_MSIL2A_20230701T094549_R079_T33UWP_20230701T152448,50,,0.0,0.0,0.0,0.0,0.0,0.0,0.0,0.0,100.0,0.0,0.0,25600,0,0.0,8000.000000000116,8000.0,0.7489161491394043,100.0,,0.0,0.0,0.0,0.0,0.0,0.0,0.0,0.0,0.0,0.0,0.0,0.0,0.0,8000.0
12410,stockerau_full_8000_0,S2B_MSIL2A_20230701T094549_R079_T33UWP_20230701T152448,100,,0.0,0.0,0.0,0.0,0.0,0.0,0.0,0.0,100.0,0.0,0.0,6400,0,0.0,8000.000000000116,8000.0,0.846184253692627,100.0,,0.0,0.0,0.0,0.0,0.0,0.0,0.0,0.0,0.0,0.0,0.0,0.0,0.0,8000.0
12423,stockerau_full_8000_0,S2B_MSIL2A_20230701T094549_R079_T33UWP_20230701T152448,200,,0.0,0.0,0.0,0.0,0.0,0.0,0.0,0.0,100.0,0.0,0.0,1600,0,0.0,8000.000000000116,8000.0,0.8093233108520508,100.0,,0.0,0.0,0.0,0.0,0.0,0.0,0.0,0.0,0.0,0.0,0.0,0.0,0.0,8000.0
12436,stockerau_full_8000_0,S2B_MSIL2A_20230701T094549_R079_T33UWP_20230701T152448,500,,0.0,0.0,0.0,0.0,0.0,0.0,0.0,0.0,100.0,0.0,0.0,256,0,0.0,8000.000000000116,8000.0,0.7495403289794922,100.0,,0.0,0.0,0.0,0.0,0.0,0.0,0.0,0.0,0.0,0.0,0.0,0.0,0.0,8000.0
12449,stockerau_full_8000_0,S2B_MSIL2A_20230701T094549_R079_T33UWP_20230701T152448,1000,,0.0,0.0,0.0,0.0,0.0,0.0,0.0,0.0,100.0,0.0,0.0,64,0,0.0,8000.000000000116,8000.0,0.8758950233459473,100.0,,0.0,0.0,0.0,0.0,0.0,0.0,0.0,0.0,0.0,0.0,0.0,0.0,0.0,8000.0
12452,stockerau_full_8000_1,S2A_MSIL2A_20230606T095031_R079_T33UWP_20230606T162616,20,,0.0,0.0,0.0,0.0,0.0,0.0,0.265,4.153125,95.581875,0.0,0.0,160000,0,0.0,8000.0,8000.000000001863,0.6554884910583496,99.735,,0.0,0.0,0.0,0.0,0.0,0.0,0.0,0.0,0.0,0.0,0.0,0.0,0.0,8000.0
12465,stockerau_full_8000_1,S2A_MSIL2A_20230606T095031_R079_T33UWP_20230606T162616,50,,0.0,0.0,0.0,0.0,0.0,0.0,0.2421875,4.12890625,95.62890625,0.0,0.0,25600,0,0.0,8000.0,8000.000000001863,0.6402826309204102,99.7578125,,0.0,0.0,0.0,0.0,0.0,0.0,-0.022812500000000013,-0.024218750000000178,0.04703125000000341,0.0,0.0,0.02281250000000057,0.02281250000000057,8000.0
12478,stockerau_full_8000_1,S2A_MSIL2A_20230606T095031_R079_T33UWP_20230606T162616,100,,0.0,0.0,0.0,0.0,0.0,0.0,0.296875,3.953125,95.75,0.0,0.0,6400,0,0.0,8000.0,8000.000000001863,0.6261930465698242,99.703125,,0.0,0.0,0.0,0.0,0.0,0.0,0.03187499999999999,-0.20000000000000018,0.1681250000000034,0.0,0.0,-0.03187499999999943,0.03187499999999999,8000.0
12491,stockerau_full_8000_1,S2A_MSIL2A_20230606T095031_R079_T33UWP_20230606T162616,200,,0.0,0.0,0.0,0.0,0.0,0.0,0.25,4.375,95.375,0.0,0.0,1600,0,0.0,8000.0,8000.000000001863,0.730741024017334,99.75,,0.0,0.0,0.0,0.0,0.0,0.0,-0.015000000000000013,0.22187499999999982,-0.2068749999999966,0.0,0.0,0.015000000000000568,0.015000000000000568,8000.0
12504,stockerau_full_8000_1,S2A_MSIL2A_20230606T095031_R079_T33UWP_20230606T162616,500,,0.0,0.0,0.0,0.0,0.0,0.0,0.0,3.515625,96.484375,0.0,0.0,256,0,0.0,8000.0,8000.000000001863,0.7122855186462402,100.0,,0.0,0.0,0.0,0.0,0.0,0.0,-0.265,-0.6375000000000002,0.9025000000000034,0.0,0.0,0.26500000000000057,0.26500000000000057,8000.0
12517,stockerau_full_8000_1,S2A_MSIL2A_20230606T095031_R079_T33UWP_20230606T162616,1000,,0.0,0.0,0.0,0.0,0.0,0.0,0.0,4.6875,95.3125,0.0,0.0,64,0,0.0,8000.0,8000.000000001863,0.8141086101531982,100.0,,0.0,0.0,0.0,0.0,0.0,0.0,-0.265,0.5343749999999998,-0.2693749999999966,0.0,0.0,0.26500000000000057,0.26500000000000057,8000.0
12453,stockerau_full_8000_1,S2A_MSIL2A_20230609T100031_R122_T33UWP_20230609T173715,20,,0.0,0.0,0.0,0.0,0.0,0.0,0.0,26.460625,72.885625,0.65375,0.0,160000,0,0.0,8000.0,8000.000000001863,0.6554884910583496,100.0,,0.0,0.0,0.0,0.0,0.0,0.0,0.0,0.0,0.0,0.0,0.0,0.0,0.0,8000.0
12466,stockerau_full_8000_1,S2A_MSIL2A_20230609T100031_R122_T33UWP_20230609T173715,50,,0.0,0.0,0.0,0.0,0.0,0.0,0.0,26.765625,72.546875,0.6875,0.0,25600,0,0.0,8000.0,8000.000000001863,0.6402826309204102,100.0,,0.0,0.0,0.0,0.0,0.0,0.0,0.0,0.3049999999999997,-0.33875000000000455,0.03374999999999995,0.0,0.0,0.0,8000.0
12479,stockerau_full_8000_1,S2A_MSIL2A_20230609T100031_R122_T33UWP_20230609T173715,100,,0.0,0.0,0.0,0.0,0.0,0.0,0.0,26.90625,72.375,0.71875,0.0,6400,0,0.0,8000.0,8000.000000001863,0.6261930465698242,100.0,,0.0,0.0,0.0,0.0,0.0,0.0,0.0,0.4456249999999997,-0.5106250000000045,0.06499999999999995,0.0,0.0,0.0,8000.0
12492,stockerau_full_8000_1,S2A_MSIL2A_20230609T100031_R122_T33UWP_20230609T173715,200,,0.0,0.0,0.0,0.0,0.0,0.0,0.0,27.25,71.875,0.875,0.0,1600,0,0.0,8000.0,8000.000000001863,0.730741024017334,100.0,,0.0,0.0,0.0,0.0,0.0,0.0,0.0,0.7893749999999997,-1.0106250000000045,0.22124999999999995,0.0,0.0,0.0,8000.0
12505,stockerau_full_8000_1,S2A_MSIL2A_20230609T100031_R122_T33UWP_20230609T173715,500,,0.0,0.0,0.0,0.0,0.0,0.0,0.0,26.953125,72.65625,0.390625,0.0,256,0,0.0,8000.0,8000.000000001863,0.7122855186462402,100.0,,0.0,0.0,0.0,0.0,0.0,0.0,0.0,0.4924999999999997,-0.22937500000000455,-0.26312500000000005,0.0,0.0,0.0,8000.0
12518,stockerau_full_8000_1,S2A_MSIL2A_20230609T100031_R122_T33UWP_20230609T173715,1000,,0.0,0.0,0.0,0.0,0.0,0.0,0.0,39.0625,59.375,1.5625,0.0,64,0,0.0,8000.0,8000.000000001863,0.8141086101531982,100.0,,0.0,0.0,0.0,0.0,0.0,0.0,0.0,12.601875,-13.510625000000005,0.90875,0.0,0.0,0.0,8000.0
12456,stockerau_full_8000_1,S2A_MSIL2A_20230616T095031_R079_T33UWP_20230616T172735,20,,0.0,0.0,2.780625,43.101875,23.30625,0.00875,0.60875,7.646875,21.44125,1.105625,0.0,160000,0,0.0,8000.0,8000.000000001863,0.6554884910583496,30.193749999999998,,0.0,0.0,0.0,0.0,0.0,0.0,0.0,0.0,0.0,0.0,0.0,0.0,0.0,8000.0
12469,stockerau_full_8000_1,S2A_MSIL2A_20230616T095031_R079_T33UWP_20230616T172735,50,,0.0,0.0,2.76171875,43.3046875,23.55078125,0.0078125,0.5546875,7.58203125,21.125,1.11328125,0.0,25600,0,0.0,8000.0,8000.000000001863,0.6402826309204102,29.8203125,,0.0,0.0,-0.018906250000000124,0.20281250000000028,0.24453125000000142,-0.0009375000000000008,-0.05406250000000001,-0.06484374999999964,-0.31625000000000014,0.00765624999999992,0.0,-0.37343749999999787,0.37343749999999787,8000.0
12482,stockerau_full_8000_1,S2A_MSIL2A_20230616T095031_R079_T33UWP_20230616T172735,100,,0.0,0.0,2.796875,43.203125,24.078125,0.0,0.546875,7.640625,20.53125,1.203125,0.0,6400,0,0.0,8000.0,8000.000000001863,0.6261930465698242,29.375,,0.0,0.0,0.016249999999999876,0.10125000000000028,0.7718750000000014,-0.00875,-0.06187500000000001,-0.006249999999999645,-0.9100000000000001,0.09749999999999992,0.0,-0.8187499999999979,0.8187499999999979,8000.0
12495,stockerau_full_8000_1,S2A_MSIL2A_20230616T095031_R079_T33UWP_20230616T172735,200,,0.0,0.0,2.9375,45.3125,23.4375,0.0,0.4375,6.625,19.9375,1.3125,0.0,1600,0,0.0,8000.0,8000.000000001863,0.730741024017334,27.875,,0.0,0.0,0.15687499999999988,2.2106250000000003,0.13125000000000142,-0.00875,-0.17125,-1.0218749999999996,-1.5037500000000001,0.20687499999999992,0.0,-2.318749999999998,2.318749999999998,8000.0
12508,stockerau_full_8000_1,S2A_MSIL2A_20230616T095031_R079_T33UWP_20230616T172735,500,,0.0,0.0,2.734375,47.265625,21.875,0.0,0.390625,8.984375,17.1875,1.5625,0.0,256,0,0.0,8000.0,8000.000000001863,0.7122855186462402,27.734375,,0.0,0.0,-0.046250000000000124,4.16375,-1.4312499999999986,-0.00875,-0.218125,1.3375000000000004,-4.25375,0.4568749999999999,0.0,-2.459374999999998,4.16375,8000.0
12521,stockerau_full_8000_1,S2A_MSIL2A_20230616T095031_R079_T33UWP_20230616T172735,1000,,0.0,0.0,1.5625,50.0,31.25,0.0,0.0,6.25,10.9375,0.0,0.0,64,0,0.0,8000.0,8000.000000001863,0.8141086101531982,17.1875,,0.0,0.0,-1.2181250000000001,6.898125,7.943750000000001,-0.00875,-0.60875,-1.3968749999999996,-10.50375,-1.105625,0.0,-13.006249999999998,13.006249999999998,8000.0
12457,stockerau_full_8000_1,S2A_MSIL2A_20230619T100031_R122_T33UWP_20230619T172742,20,,0.0,0.0,0.0,68.728125,19.586875,0.034375,0.450625,0.01375,0.00125,11.185,0.0,160000,0,0.0,8000.0,8000.000000001863,0.6554884910583496,11.200000000000001,,0.0,0.0,0.0,0.0,0.0,0.0,0.0,0.0,0.0,0.0,0.0,0.0,0.0,8000.0
12470,stockerau_full_8000_1,S2A_MSIL2A_20230619T100031_R122_T33UWP_20230619T172742,50,,0.0,0.0,0.0,68.890625,19.5859375,0.03125,0.45703125,0.01171875,0.00390625,11.01953125,0.0,25600,0,0.0,8000.0,8000.000000001863,0.6402826309204102,11.03515625,,0.0,0.0,0.0,0.16249999999999432,-0.0009374999999991473,-0.0031250000000000028,0.006406250000000002,-0.00203125,0.0026562499999999998,-0.1654687500000005,0.0,-0.16484375000000107,0.16484375000000107,8000.0
12483,stockerau_full_8000_1,S2A_MSIL2A_20230619T100031_R122_T33UWP_20230619T172742,100,,0.0,0.0,0.0,68.671875,19.875,0.046875,0.453125,0.0,0.0,10.953125,0.0,6400,0,0.0,8000.0,8000.000000001863,0.6261930465698242,10.953125,,0.0,0.0,0.0,-0.056250000000005684,0.28812500000000085,0.012499999999999997,0.0025000000000000022,-0.01375,-0.00125,-0.2318750000000005,0.0,-0.24687500000000107,0.28812500000000085,8000.0
12496,stockerau_full_8000_1,S2A_MSIL2A_20230619T100031_R122_T33UWP_20230619T172742,200,,0.0,0.0,0.0,69.625,19.125,0.0,0.5,0.0625,0.0,10.6875,0.0,1600,0,0.0,8000.0,8000.000000001863,0.730741024017334,10.75,,0.0,0.0,0.0,0.8968749999999943,-0.46187499999999915,-0.034375,0.049375,0.04875,-0.00125,-0.4975000000000005,0.0,-0.45000000000000107,0.8968749999999943,8000.0
12509,stockerau_full_8000_1,S2A_MSIL2A_20230619T100031_R122_T33UWP_20230619T172742,500,,0.0,0.0,0.0,73.046875,16.40625,0.0,0.390625,0.0,0.0,10.15625,0.0,256,0,0.0,8000.0,8000.000000001863,0.7122855186462402,10.15625,,0.0,0.0,0.0,4.318749999999994,-3.180624999999999,-0.034375,-0.06,-0.01375,-0.00125,-1.0287500000000005,0.0,-1.043750000000001,4.318749999999994,8000.0
12522,stockerau_full_8000_1,S2A_MSIL2A_20230619T100031_R122_T33UWP_20230619T172742,1000,,0.0,0.0,0.0,65.625,23.4375,0.0,0.0,0.0,0.0,10.9375,0.0,64,0,0.0,8000.0,8000.000000001863,0.8141086101531982,10.9375,,0.0,0.0,0.0,-3.1031250000000057,3.850625000000001,-0.034375,-0.450625,-0.01375,-0.00125,-0.2475000000000005,0.0,-0.26250000000000107,3.850625000000001,8000.0
12460,stockerau_full_8000_1,S2A_MSIL2A_20230626T095031_R079_T33UWP_20230626T161132,20,,0.0,0.0,0.0,85.235625,14.646875,0.0675,0.05,0.0,0.0,0.0,0.0,160000,0,0.0,8000.0,8000.000000001863,0.6554884910583496,0.0,,0.0,0.0,0.0,0.0,0.0,0.0,0.0,0.0,0.0,0.0,0.0,0.0,0.0,8000.0
12473,stockerau_full_8000_1,S2A_MSIL2A_20230626T095031_R079_T33UWP_20230626T161132,50,,0.0,0.0,0.0,85.21875,14.6875,0.0546875,0.0390625,0.0,0.0,0.0,0.0,25600,0,0.0,8000.0,8000.000000001863,0.6402826309204102,0.0,,0.0,0.0,0.0,-0.016874999999998863,0.040625000000000355,-0.012812500000000004,-0.010937500000000003,0.0,0.0,0.0,0.0,0.0,0.040625000000000355,8000.0
12486,stockerau_full_8000_1,S2A_MSIL2A_20230626T095031_R079_T33UWP_20230626T161132,100,,0.0,0.0,0.0,85.296875,14.609375,0.0625,0.03125,0.0,0.0,0.0,0.0,6400,0,0.0,8000.0,8000.000000001863,0.6261930465698242,0.0,,0.0,0.0,0.0,0.06125000000000114,-0.037499999999999645,-0.0050000000000000044,-0.018750000000000003,0.0,0.0,0.0,0.0,0.0,0.06125000000000114,8000.0
12499,stockerau_full_8000_1,S2A_MSIL2A_20230626T095031_R079_T33UWP_20230626T161132,200,,0.0,0.0,0.0,85.8125,14.1875,0.0,0.0,0.0,0.0,0.0,0.0,1600,0,0.0,8000.0,8000.000000001863,0.730741024017334,0.0,,0.0,0.0,0.0,0.5768750000000011,-0.45937499999999964,-0.0675,-0.05,0.0,0.0,0.0,0.0,0.0,0.5768750000000011,8000.0
12512,stockerau_full_8000_1,S2A_MSIL2A_20230626T095031_R079_T33UWP_20230626T161132,500,,0.0,0.0,0.0,86.71875,13.28125,0.0,0.0,0.0,0.0,0.0,0.0,256,0,0.0,8000.0,8000.000000001863,0.7122855186462402,0.0,,0.0,0.0,0.0,1.4831250000000011,-1.3656249999999996,-0.0675,-0.05,0.0,0.0,0.0,0.0,0.0,1.4831250000000011,8000.0
12525,stockerau_full_8000_1,S2A_MSIL2A_20230626T095031_R079_T33UWP_20230626T161132,1000,,0.0,0.0,0.0,89.0625,10.9375,0.0,0.0,0.0,0.0,0.0,0.0,64,0,0.0,8000.0,8000.000000001863,0.8141086101531982,0.0,,0.0,0.0,0.0,3.826875000000001,-3.7093749999999996,-0.0675,-0.05,0.0,0.0,0.0,0.0,0.0,3.826875000000001,8000.0
12461,stockerau_full_8000_1,S2A_MSIL2A_20230629T100031_R122_T33UWP_20230629T191411,20,,0.0,0.0,8.95875,69.075625,10.661875,0.010625,0.316875,6.965,3.969375,0.041875,0.0,160000,0,0.0,8000.0,8000.000000001863,0.6554884910583496,10.976249999999999,,0.0,0.0,0.0,0.0,0.0,0.0,0.0,0.0,0.0,0.0,0.0,0.0,0.0,8000.0
12474,stockerau_full_8000_1,S2A_MSIL2A_20230629T100031_R122_T33UWP_20230629T191411,50,,0.0,0.0,8.94140625,68.86328125,10.83203125,0.01171875,0.3359375,6.91796875,4.05078125,0.046875,0.0,25600,0,0.0,8000.0,8000.000000001863,0.6402826309204102,11.015625,,0.0,0.0,-0.017343750000000213,-0.21234375000000227,0.1701562499999998,0.0010937499999999992,0.019062499999999982,-0.04703124999999986,0.08140625000000012,0.0049999999999999975,0.0,0.03937500000000149,0.21234375000000227,8000.0
12487,stockerau_full_8000_1,S2A_MSIL2A_20230629T100031_R122_T33UWP_20230629T191411,100,,0.0,0.0,9.125,68.765625,10.703125,0.0,0.296875,6.96875,4.109375,0.03125,0.0,6400,0,0.0,8000.0,8000.000000001863,0.6261930465698242,11.109375,,0.0,0.0,0.1662499999999998,-0.3100000000000023,0.04124999999999979,-0.010625,-0.020000000000000018,0.003750000000000142,0.14000000000000012,-0.010625000000000002,0.0,0.1331250000000015,0.3100000000000023,8000.0
12500,stockerau_full_8000_1,S2A_MSIL2A_20230629T100031_R122_T33UWP_20230629T191411,200,,0.0,0.0,9.75,68.875,9.8125,0.0,0.25,7.25,4.0,0.0625,0.0,1600,0,0.0,8000.0,8000.000000001863,0.730741024017334,11.3125,,0.0,0.0,0.7912499999999998,-0.20062500000000227,-0.8493750000000002,-0.010625,-0.06687500000000002,0.28500000000000014,0.030625000000000124,0.020624999999999998,0.0,0.3362500000000015,0.8493750000000002,8000.0
12513,stockerau_full_8000_1,S2A_MSIL2A_20230629T100031_R122_T33UWP_20230629T191411,500,,0.0,0.0,9.765625,66.796875,11.71875,0.0,0.390625,5.46875,5.859375,0.0,0.0,256,0,0.0,8000.0,8000.000000001863,0.7122855186462402,11.328125,,0.0,0.0,0.8068749999999998,-2.2787500000000023,1.0568749999999998,-0.010625,0.07374999999999998,-1.4962499999999999,1.8900000000000001,-0.041875,0.0,0.3518750000000015,2.2787500000000023,8000.0
12526,stockerau_full_8000_1,S2A_MSIL2A_20230629T100031_R122_T33UWP_20230629T191411,1000,,0.0,0.0,7.8125,75.0,4.6875,0.0,0.0,6.25,6.25,0.0,0.0,64,0,0.0,8000.0,8000.000000001863,0.8141086101531982,12.5,,0.0,0.0,-1.1462500000000002,5.924374999999998,-5.974375,-0.010625,-0.316875,-0.7149999999999999,2.280625,-0.041875,0.0,1.5237500000000015,5.974375,8000.0
12450,stockerau_full_8000_1,S2B_MSIL2A_20230601T094549_R079_T33UWP_20230601T163321,20,,0.0,0.0,0.0,55.623125,44.223125,0.043125,0.110625,0.0,0.0,0.0,0.0,160000,0,0.0,8000.0,8000.000000001863,0.6554884910583496,0.0,,0.0,0.0,0.0,0.0,0.0,0.0,0.0,0.0,0.0,0.0,0.0,0.0,0.0,8000.0
12463,stockerau_full_8000_1,S2B_MSIL2A_20230601T094549_R079_T33UWP_20230601T163321,50,,0.0,0.0,0.0,55.53125,44.3203125,0.03515625,0.11328125,0.0,0.0,0.0,0.0,25600,0,0.0,8000.0,8000.000000001863,0.6402826309204102,0.0,,0.0,0.0,0.0,-0.0918750000000017,0.09718749999999687,-0.007968749999999997,0.002656249999999999,0.0,0.0,0.0,0.0,0.0,0.09718749999999687,8000.0
12476,stockerau_full_8000_1,S2B_MSIL2A_20230601T094549_R079_T33UWP_20230601T163321,100,,0.0,0.0,0.0,55.21875,44.65625,0.046875,0.078125,0.0,0.0,0.0,0.0,6400,0,0.0,8000.0,8000.000000001863,0.6261930465698242,0.0,,0.0,0.0,0.0,-0.4043750000000017,0.4331249999999969,0.0037500000000000033,-0.0325,0.0,0.0,0.0,0.0,0.0,0.4331249999999969,8000.0
12489,stockerau_full_8000_1,S2B_MSIL2A_20230601T094549_R079_T33UWP_20230601T163321,200,,0.0,0.0,0.0,55.0625,44.8125,0.0,0.125,0.0,0.0,0.0,0.0,1600,0,0.0,8000.0,8000.000000001863,0.730741024017334,0.0,,0.0,0.0,0.0,-0.5606250000000017,0.5893749999999969,-0.043125,0.014374999999999999,0.0,0.0,0.0,0.0,0.0,0.5893749999999969,8000.0
12502,stockerau_full_8000_1,S2B_MSIL2A_20230601T094549_R079_T33UWP_20230601T163321,500,,0.0,0.0,0.0,58.984375,41.015625,0.0,0.0,0.0,0.0,0.0,0.0,256,0,0.0,8000.0,8000.000000001863,0.7122855186462402,0.0,,0.0,0.0,0.0,3.3612499999999983,-3.207500000000003,-0.043125,-0.110625,0.0,0.0,0.0,0.0,0.0,3.3612499999999983,8000.0
12515,stockerau_full_8000_1,S2B_MSIL2A_20230601T094549_R079_T33UWP_20230601T163321,1000,,0.0,0.0,0.0,51.5625,48.4375,0.0,0.0,0.0,0.0,0.0,0.0,64,0,0.0,8000.0,8000.000000001863,0.8141086101531982,0.0,,0.0,0.0,0.0,-4.060625000000002,4.214374999999997,-0.043125,-0.110625,0.0,0.0,0.0,0.0,0.0,4.214374999999997,8000.0
12451,stockerau_full_8000_1,S2B_MSIL2A_20230604T095559_R122_T33UWP_20230604T174403,20,,0.0,0.0,0.001875,55.370625,41.829375,0.03625,0.16625,0.086875,0.010625,2.498125,0.0,160000,0,0.0,8000.0,8000.000000001863,0.6554884910583496,2.595625,,0.0,0.0,0.0,0.0,0.0,0.0,0.0,0.0,0.0,0.0,0.0,0.0,0.0,8000.0
12464,stockerau_full_8000_1,S2B_MSIL2A_20230604T095559_R122_T33UWP_20230604T174403,50,,0.0,0.0,0.00390625,55.3046875,41.85546875,0.0390625,0.15234375,0.09375,0.01171875,2.5390625,0.0,25600,0,0.0,8000.0,8000.000000001863,0.6402826309204102,2.64453125,,0.0,0.0,0.00203125,-0.06593749999999687,0.026093750000001137,0.0028125000000000025,-0.013906250000000009,0.006875000000000006,0.0010937499999999992,0.04093750000000007,0.0,0.04890624999999993,0.06593749999999687,8000.0
12477,stockerau_full_8000_1,S2B_MSIL2A_20230604T095559_R122_T33UWP_20230604T174403,100,,0.0,0.0,0.0,54.671875,42.5,0.046875,0.09375,0.09375,0.015625,2.578125,0.0,6400,0,0.0,8000.0,8000.000000001863,0.6261930465698242,2.6875,,0.0,0.0,-0.001875,-0.6987499999999969,0.6706250000000011,0.010625000000000002,-0.07250000000000001,0.006875000000000006,0.004999999999999999,0.08000000000000007,0.0,0.09187499999999993,0.6987499999999969,8000.0
12490,stockerau_full_8000_1,S2B_MSIL2A_20230604T095559_R122_T33UWP_20230604T174403,200,,0.0,0.0,0.0,55.25,41.875,0.0,0.125,0.125,0.0,2.625,0.0,1600,0,0.0,8000.0,8000.000000001863,0.730741024017334,2.75,,0.0,0.0,-0.001875,-0.12062499999999687,0.04562500000000114,-0.03625,-0.04125000000000001,0.038125000000000006,-0.010625,0.12687500000000007,0.0,0.15437499999999993,0.15437499999999993,8000.0
12503,stockerau_full_8000_1,S2B_MSIL2A_20230604T095559_R122_T33UWP_20230604T174403,500,,0.0,0.0,0.0,55.078125,42.1875,0.0,0.0,0.0,0.0,2.734375,0.0,256,0,0.0,8000.0,8000.000000001863,0.7122855186462402,2.734375,,0.0,0.0,-0.001875,-0.2924999999999969,0.35812500000000114,-0.03625,-0.16625,-0.086875,-0.010625,0.23625000000000007,0.0,0.13874999999999993,0.35812500000000114,8000.0
12516,stockerau_full_8000_1,S2B_MSIL2A_20230604T095559_R122_T33UWP_20230604T174403,1000,,0.0,0.0,0.0,53.125,45.3125,0.0,0.0,0.0,0.0,1.5625,0.0,64,0,0.0,8000.0,8000.000000001863,0.8141086101531982,1.5625,,0.0,0.0,-0.001875,-2.245624999999997,3.483125000000001,-0.03625,-0.16625,-0.086875,-0.010625,-0.9356249999999999,0.0,-1.033125,3.483125000000001,8000.0
12454,stockerau_full_8000_1,S2B_MSIL2A_20230611T094549_R079_T33UWP_20230611T135320,20,,0.0,0.0,0.0,0.0,0.0,0.0,0.0,0.13875,99.86125,0.0,0.0,160000,0,0.0,8000.0,8000.000000001863,0.6554884910583496,100.0,,0.0,0.0,0.0,0.0,0.0,0.0,0.0,0.0,0.0,0.0,0.0,0.0,0.0,8000.0
12467,stockerau_full_8000_1,S2B_MSIL2A_20230611T094549_R079_T33UWP_20230611T135320,50,,0.0,0.0,0.0,0.0,0.0,0.0,0.0,0.125,99.875,0.0,0.0,25600,0,0.0,8000.0,8000.000000001863,0.6402826309204102,100.0,,0.0,0.0,0.0,0.0,0.0,0.0,0.0,-0.013750000000000012,0.013750000000001705,0.0,0.0,0.0,0.0,8000.0
12480,stockerau_full_8000_1,S2B_MSIL2A_20230611T094549_R079_T33UWP_20230611T135320,100,,0.0,0.0,0.0,0.0,0.0,0.0,0.0,0.15625,99.84375,0.0,0.0,6400,0,0.0,8000.0,8000.000000001863,0.6261930465698242,100.0,,0.0,0.0,0.0,0.0,0.0,0.0,0.0,0.017499999999999988,-0.017499999999998295,0.0,0.0,0.0,0.0,8000.0
12493,stockerau_full_8000_1,S2B_MSIL2A_20230611T094549_R079_T33UWP_20230611T135320,200,,0.0,0.0,0.0,0.0,0.0,0.0,0.0,0.0,100.0,0.0,0.0,1600,0,0.0,8000.0,8000.000000001863,0.730741024017334,100.0,,0.0,0.0,0.0,0.0,0.0,0.0,0.0,-0.13875,0.1387500000000017,0.0,0.0,0.0,0.0,8000.0
12506,stockerau_full_8000_1,S2B_MSIL2A_20230611T094549_R079_T33UWP_20230611T135320,500,,0.0,0.0,0.0,0.0,0.0,0.0,0.0,0.390625,99.609375,0.0,0.0,256,0,0.0,8000.0,8000.000000001863,0.7122855186462402,100.0,,0.0,0.0,0.0,0.0,0.0,0.0,0.0,0.25187499999999996,-0.2518749999999983,0.0,0.0,0.0,0.0,8000.0
12519,stockerau_full_8000_1,S2B_MSIL2A_20230611T094549_R079_T33UWP_20230611T135320,1000,,0.0,0.0,0.0,0.0,0.0,0.0,0.0,0.0,100.0,0.0,0.0,64,0,0.0,8000.0,8000.000000001863,0.8141086101531982,100.0,,0.0,0.0,0.0,0.0,0.0,0.0,0.0,-0.13875,0.1387500000000017,0.0,0.0,0.0,0.0,8000.0
12455,stockerau_full_8000_1,S2B_MSIL2A_20230614T095559_R122_T33UWP_20230614T142248,20,,0.0,0.0,1.52625,66.2125,30.11125,0.035625,0.216875,1.5525,0.345,0.0,0.0,160000,0,0.0,8000.0,8000.000000001863,0.6554884910583496,1.8975,,0.0,0.0,0.0,0.0,0.0,0.0,0.0,0.0,0.0,0.0,0.0,0.0,0.0,8000.0
12468,stockerau_full_8000_1,S2B_MSIL2A_20230614T095559_R122_T33UWP_20230614T142248,50,,0.0,0.0,1.5078125,66.07421875,30.25390625,0.03125,0.23046875,1.54296875,0.359375,0.0,0.0,25600,0,0.0,8000.0,8000.000000001863,0.6402826309204102,1.90234375,,0.0,0.0,-0.018437500000000107,-0.13828125000000568,0.1426562500000017,-0.004374999999999997,0.013593749999999988,-0.009531249999999991,0.014375000000000027,0.0,0.0,0.0048437500000000355,0.1426562500000017,8000.0
12481,stockerau_full_8000_1,S2B_MSIL2A_20230614T095559_R122_T33UWP_20230614T142248,100,,0.0,0.0,1.453125,66.09375,30.359375,0.046875,0.140625,1.609375,0.296875,0.0,0.0,6400,0,0.0,8000.0,8000.000000001863,0.6261930465698242,1.90625,,0.0,0.0,-0.0731250000000001,-0.11875000000000568,0.2481250000000017,0.011250000000000003,-0.07625000000000001,0.05687500000000001,-0.04812499999999997,0.0,0.0,0.008750000000000036,0.2481250000000017,8000.0
12494,stockerau_full_8000_1,S2B_MSIL2A_20230614T095559_R122_T33UWP_20230614T142248,200,,0.0,0.0,1.5,66.4375,29.875,0.0,0.25,1.625,0.3125,0.0,0.0,1600,0,0.0,8000.0,8000.000000001863,0.730741024017334,1.9375,,0.0,0.0,-0.026250000000000107,0.22499999999999432,-0.2362499999999983,-0.035625,0.03312499999999999,0.07250000000000001,-0.03249999999999997,0.0,0.0,0.040000000000000036,0.2362499999999983,8000.0
12507,stockerau_full_8000_1,S2B_MSIL2A_20230614T095559_R122_T33UWP_20230614T142248,500,,0.0,0.0,1.953125,70.703125,25.78125,0.0,0.0,1.5625,0.0,0.0,0.0,256,0,0.0,8000.0,8000.000000001863,0.7122855186462402,1.5625,,0.0,0.0,0.4268749999999999,4.490624999999994,-4.329999999999998,-0.035625,-0.216875,0.010000000000000009,-0.345,0.0,0.0,-0.33499999999999996,4.490624999999994,8000.0
12520,stockerau_full_8000_1,S2B_MSIL2A_20230614T095559_R122_T33UWP_20230614T142248,1000,,0.0,0.0,1.5625,65.625,31.25,0.0,0.0,0.0,1.5625,0.0,0.0,64,0,0.0,8000.0,8000.000000001863,0.8141086101531982,1.5625,,0.0,0.0,0.03624999999999989,-0.5875000000000057,1.1387500000000017,-0.035625,-0.216875,-1.5525,1.2175,0.0,0.0,-0.33499999999999996,1.1387500000000017,8000.0
12458,stockerau_full_8000_1,S2B_MSIL2A_20230621T094549_R079_T33UWP_20230621T143955,20,,0.0,0.0,0.0,31.088125,7.854375,0.0,0.093125,14.538125,0.011875,46.414375,0.0,160000,0,0.0,8000.0,8000.000000001863,0.6554884910583496,60.964375000000004,,0.0,0.0,0.0,0.0,0.0,0.0,0.0,0.0,0.0,0.0,0.0,0.0,0.0,8000.0
12471,stockerau_full_8000_1,S2B_MSIL2A_20230621T094549_R079_T33UWP_20230621T143955,50,,0.0,0.0,0.0,31.02734375,7.7734375,0.0,0.08203125,14.78125,0.015625,46.3203125,0.0,25600,0,0.0,8000.0,8000.000000001863,0.6402826309204102,61.1171875,,0.0,0.0,0.0,-0.06078125000000156,-0.0809375000000001,0.0,-0.01109375,0.24312499999999915,0.00375,-0.09406249999999972,0.0,0.15281249999999602,0.15281249999999602,8000.0
12484,stockerau_full_8000_1,S2B_MSIL2A_20230621T094549_R079_T33UWP_20230621T143955,100,,0.0,0.0,0.0,30.453125,7.8125,0.0,0.078125,15.15625,0.015625,46.484375,0.0,6400,0,0.0,8000.0,8000.000000001863,0.6261930465698242,61.65625,,0.0,0.0,0.0,-0.6350000000000016,-0.04187500000000011,0.0,-0.015,0.6181249999999991,0.00375,0.07000000000000028,0.0,0.691874999999996,0.691874999999996,8000.0
12497,stockerau_full_8000_1,S2B_MSIL2A_20230621T094549_R079_T33UWP_20230621T143955,200,,0.0,0.0,0.0,30.3125,7.0625,0.0,0.0625,15.9375,0.0,46.625,0.0,1600,0,0.0,8000.0,8000.000000001863,0.730741024017334,62.5625,,0.0,0.0,0.0,-0.7756250000000016,-0.7918750000000001,0.0,-0.030625,1.3993749999999991,-0.011875,0.21062500000000028,0.0,1.598124999999996,1.598124999999996,8000.0
12510,stockerau_full_8000_1,S2B_MSIL2A_20230621T094549_R079_T33UWP_20230621T143955,500,,0.0,0.0,0.0,31.640625,5.859375,0.0,0.0,18.359375,0.0,44.140625,0.0,256,0,0.0,8000.0,8000.000000001863,0.7122855186462402,62.5,,0.0,0.0,0.0,0.5524999999999984,-1.995,0.0,-0.093125,3.821249999999999,-0.011875,-2.2737499999999997,0.0,1.535624999999996,1.995,8000.0
12523,stockerau_full_8000_1,S2B_MSIL2A_20230621T094549_R079_T33UWP_20230621T143955,1000,,0.0,0.0,0.0,29.6875,6.25,0.0,0.0,18.75,0.0,45.3125,0.0,64,0,0.0,8000.0,8000.000000001863,0.8141086101531982,64.0625,,0.0,0.0,0.0,-1.4006250000000016,-1.604375,0.0,-0.093125,4.211874999999999,-0.011875,-1.1018749999999997,0.0,3.098124999999996,3.098124999999996,8000.0
12459,stockerau_full_8000_1,S2B_MSIL2A_20230624T095559_R122_T33UWP_20230624T142946,20,,0.0,0.0,0.0,0.0,0.0,0.0,0.0,0.426875,99.573125,0.0,0.0,160000,0,0.0,8000.0,8000.000000001863,0.6554884910583496,100.0,,0.0,0.0,0.0,0.0,0.0,0.0,0.0,0.0,0.0,0.0,0.0,0.0,0.0,8000.0
12472,stockerau_full_8000_1,S2B_MSIL2A_20230624T095559_R122_T33UWP_20230624T142946,50,,0.0,0.0,0.0,0.0,0.0,0.0,0.0,0.40234375,99.59765625,0.0,0.0,25600,0,0.0,8000.0,8000.000000001863,0.6402826309204102,100.0,,0.0,0.0,0.0,0.0,0.0,0.0,0.0,-0.024531250000000004,0.024531249999995453,0.0,0.0,0.0,0.0,8000.0
12485,stockerau_full_8000_1,S2B_MSIL2A_20230624T095559_R122_T33UWP_20230624T142946,100,,0.0,0.0,0.0,0.0,0.0,0.0,0.0,0.375,99.625,0.0,0.0,6400,0,0.0,8000.0,8000.000000001863,0.6261930465698242,100.0,,0.0,0.0,0.0,0.0,0.0,0.0,0.0,-0.051875000000000004,0.05187499999999545,0.0,0.0,0.0,0.0,8000.0
12498,stockerau_full_8000_1,S2B_MSIL2A_20230624T095559_R122_T33UWP_20230624T142946,200,,0.0,0.0,0.0,0.0,0.0,0.0,0.0,0.5625,99.4375,0.0,0.0,1600,0,0.0,8000.0,8000.000000001863,0.730741024017334,100.0,,0.0,0.0,0.0,0.0,0.0,0.0,0.0,0.135625,-0.13562500000000455,0.0,0.0,0.0,0.0,8000.0
12511,stockerau_full_8000_1,S2B_MSIL2A_20230624T095559_R122_T33UWP_20230624T142946,500,,0.0,0.0,0.0,0.0,0.0,0.0,0.0,0.0,100.0,0.0,0.0,256,0,0.0,8000.0,8000.000000001863,0.7122855186462402,100.0,,0.0,0.0,0.0,0.0,0.0,0.0,0.0,-0.426875,0.42687499999999545,0.0,0.0,0.0,0.0,8000.0
12524,stockerau_full_8000_1,S2B_MSIL2A_20230624T095559_R122_T33UWP_20230624T142946,1000,,0.0,0.0,0.0,0.0,0.0,0.0,0.0,0.0,100.0,0.0,0.0,64,0,0.0,8000.0,8000.000000001863,0.8141086101531982,100.0,,0.0,0.0,0.0,0.0,0.0,0.0,0.0,-0.426875,0.42687499999999545,0.0,0.0,0.0,0.0,8000.0
12462,stockerau_full_8000_1,S2B_MSIL2A_20230701T094549_R079_T33UWP_20230701T152448,20,,0.0,0.0,0.0,0.0,0.0,0.0,0.0,1.26375,98.73625,0.0,0.0,160000,0,0.0,8000.0,8000.000000001863,0.6554884910583496,100.0,,0.0,0.0,0.0,0.0,0.0,0.0,0.0,0.0,0.0,0.0,0.0,0.0,0.0,8000.0
12475,stockerau_full_8000_1,S2B_MSIL2A_20230701T094549_R079_T33UWP_20230701T152448,50,,0.0,0.0,0.0,0.0,0.0,0.0,0.0,1.1875,98.8125,0.0,0.0,25600,0,0.0,8000.0,8000.000000001863,0.6402826309204102,100.0,,0.0,0.0,0.0,0.0,0.0,0.0,0.0,-0.07624999999999993,0.0762500000000017,0.0,0.0,0.0,0.0,8000.0
12488,stockerau_full_8000_1,S2B_MSIL2A_20230701T094549_R079_T33UWP_20230701T152448,100,,0.0,0.0,0.0,0.0,0.0,0.0,0.0,1.109375,98.890625,0.0,0.0,6400,0,0.0,8000.0,8000.000000001863,0.6261930465698242,100.0,,0.0,0.0,0.0,0.0,0.0,0.0,0.0,-0.15437499999999993,0.1543750000000017,0.0,0.0,0.0,0.0,8000.0
12501,stockerau_full_8000_1,S2B_MSIL2A_20230701T094549_R079_T33UWP_20230701T152448,200,,0.0,0.0,0.0,0.0,0.0,0.0,0.0,1.125,98.875,0.0,0.0,1600,0,0.0,8000.0,8000.000000001863,0.730741024017334,100.0,,0.0,0.0,0.0,0.0,0.0,0.0,0.0,-0.13874999999999993,0.1387500000000017,0.0,0.0,0.0,0.0,8000.0
12514,stockerau_full_8000_1,S2B_MSIL2A_20230701T094549_R079_T33UWP_20230701T152448,500,,0.0,0.0,0.0,0.0,0.0,0.0,0.0,0.78125,99.21875,0.0,0.0,256,0,0.0,8000.0,8000.000000001863,0.7122855186462402,100.0,,0.0,0.0,0.0,0.0,0.0,0.0,0.0,-0.48249999999999993,0.4825000000000017,0.0,0.0,0.0,0.0,8000.0
12527,stockerau_full_8000_1,S2B_MSIL2A_20230701T094549_R079_T33UWP_20230701T152448,1000,,0.0,0.0,0.0,0.0,0.0,0.0,0.0,1.5625,98.4375,0.0,0.0,64,0,0.0,8000.0,8000.000000001863,0.8141086101531982,100.0,,0.0,0.0,0.0,0.0,0.0,0.0,0.0,0.29875000000000007,-0.2987499999999983,0.0,0.0,0.0,0.0,8000.0
12530,stockerau_full_8000_2,S2A_MSIL2A_20230606T095031_R079_T33UWP_20230606T162616,20,,0.0,0.0,0.0,0.0,0.0,0.0,0.01625,3.095625,96.888125,0.0,0.0,160000,0,0.0,8000.000000000116,8000.0,1.170215368270874,99.98375,,0.0,0.0,0.0,0.0,0.0,0.0,0.0,0.0,0.0,0.0,0.0,0.0,0.0,8000.0
12543,stockerau_full_8000_2,S2A_MSIL2A_20230606T095031_R079_T33UWP_20230606T162616,50,,0.0,0.0,0.0,0.0,0.0,0.0,0.01953125,3.21484375,96.765625,0.0,0.0,25600,0,0.0,8000.000000000116,8000.0,0.7967793941497803,99.98046875,,0.0,0.0,0.0,0.0,0.0,0.0,0.0032812499999999994,0.11921874999999993,-0.12250000000000227,0.0,0.0,-0.0032812500000005684,0.0032812500000005684,8000.0
12556,stockerau_full_8000_2,S2A_MSIL2A_20230606T095031_R079_T33UWP_20230606T162616,100,,0.0,0.0,0.0,0.0,0.0,0.0,0.015625,3.1875,96.796875,0.0,0.0,6400,0,0.0,8000.000000000116,8000.0,0.7648334503173828,99.984375,,0.0,0.0,0.0,0.0,0.0,0.0,-0.0006250000000000006,0.09187499999999993,-0.09125000000000227,0.0,0.0,0.0006249999999994316,0.0006250000000000006,8000.0
12569,stockerau_full_8000_2,S2A_MSIL2A_20230606T095031_R079_T33UWP_20230606T162616,200,,0.0,0.0,0.0,0.0,0.0,0.0,0.0,3.625,96.375,0.0,0.0,1600,0,0.0,8000.000000000116,8000.0,0.8674888610839844,100.0,,0.0,0.0,0.0,0.0,0.0,0.0,-0.01625,0.5293749999999999,-0.5131250000000023,0.0,0.0,0.01624999999999943,0.01625,8000.0
12582,stockerau_full_8000_2,S2A_MSIL2A_20230606T095031_R079_T33UWP_20230606T162616,500,,0.0,0.0,0.0,0.0,0.0,0.0,0.0,3.125,96.875,0.0,0.0,256,0,0.0,8000.000000000116,8000.0,0.9369387626647949,100.0,,0.0,0.0,0.0,0.0,0.0,0.0,-0.01625,0.02937499999999993,-0.013125000000002274,0.0,0.0,0.01624999999999943,0.01625,8000.0
12595,stockerau_full_8000_2,S2A_MSIL2A_20230606T095031_R079_T33UWP_20230606T162616,1000,,0.0,0.0,0.0,0.0,0.0,0.0,1.5625,6.25,92.1875,0.0,0.0,64,0,0.0,8000.000000000116,8000.0,0.816352367401123,98.4375,,0.0,0.0,0.0,0.0,0.0,0.0,1.54625,3.154375,-4.700625000000002,0.0,0.0,-1.5462500000000006,1.5462500000000006,8000.0
12531,stockerau_full_8000_2,S2A_MSIL2A_20230609T100031_R122_T33UWP_20230609T173715,20,,0.0,0.0,0.05875,0.0,0.0,0.0,0.0,22.451875,76.231875,1.2575,0.0,160000,0,0.0,8000.000000000116,8000.0,1.170215368270874,99.94125,,0.0,0.0,0.0,0.0,0.0,0.0,0.0,0.0,0.0,0.0,0.0,0.0,0.0,8000.0
12544,stockerau_full_8000_2,S2A_MSIL2A_20230609T100031_R122_T33UWP_20230609T173715,50,,0.0,0.0,0.0625,0.0,0.0,0.0,0.0,22.3828125,76.32421875,1.23046875,0.0,25600,0,0.0,8000.000000000116,8000.0,0.7967793941497803,99.9375,,0.0,0.0,0.0037500000000000033,0.0,0.0,0.0,0.0,-0.06906250000000114,0.09234374999999773,-0.027031250000000062,0.0,-0.0037499999999965894,0.0037500000000000033,8000.0
12557,stockerau_full_8000_2,S2A_MSIL2A_20230609T100031_R122_T33UWP_20230609T173715,100,,0.0,0.0,0.046875,0.0,0.0,0.0,0.0,22.578125,76.109375,1.265625,0.0,6400,0,0.0,8000.000000000116,8000.0,0.7648334503173828,99.953125,,0.0,0.0,-0.011874999999999997,0.0,0.0,0.0,0.0,0.12624999999999886,-0.12250000000000227,0.008124999999999938,0.0,0.01187500000000341,0.01187500000000341,8000.0
12570,stockerau_full_8000_2,S2A_MSIL2A_20230609T100031_R122_T33UWP_20230609T173715,200,,0.0,0.0,0.0625,0.0,0.0,0.0,0.0,21.0,77.625,1.3125,0.0,1600,0,0.0,8000.000000000116,8000.0,0.8674888610839844,99.9375,,0.0,0.0,0.0037500000000000033,0.0,0.0,0.0,0.0,-1.4518750000000011,1.3931249999999977,0.05499999999999994,0.0,-0.0037499999999965894,0.0037500000000000033,8000.0
12583,stockerau_full_8000_2,S2A_MSIL2A_20230609T100031_R122_T33UWP_20230609T173715,500,,0.0,0.0,0.0,0.0,0.0,0.0,0.0,22.265625,76.171875,1.5625,0.0,256,0,0.0,8000.000000000116,8000.0,0.9369387626647949,100.0,,0.0,0.0,-0.05875,0.0,0.0,0.0,0.0,-0.18625000000000114,-0.060000000000002274,0.30499999999999994,0.0,0.05875000000000341,0.05875000000000341,8000.0
12596,stockerau_full_8000_2,S2A_MSIL2A_20230609T100031_R122_T33UWP_20230609T173715,1000,,0.0,0.0,0.0,0.0,0.0,0.0,0.0,18.75,81.25,0.0,0.0,64,0,0.0,8000.000000000116,8000.0,0.816352367401123,100.0,,0.0,0.0,-0.05875,0.0,0.0,0.0,0.0,-3.701875000000001,5.018124999999998,-1.2575,0.0,0.05875000000000341,0.05875000000000341,8000.0
12534,stockerau_full_8000_2,S2A_MSIL2A_20230616T095031_R079_T33UWP_20230616T172735,20,,0.0,0.0,8.096875,44.50625,11.00875,0.0,0.385625,12.29125,22.731875,0.979375,0.0,160000,0,0.0,8000.000000000116,8000.0,1.170215368270874,36.0025,,0.0,0.0,0.0,0.0,0.0,0.0,0.0,0.0,0.0,0.0,0.0,0.0,0.0,8000.0
12547,stockerau_full_8000_2,S2A_MSIL2A_20230616T095031_R079_T33UWP_20230616T172735,50,,0.0,0.0,8.01953125,44.7421875,11.09765625,0.0,0.41796875,12.046875,22.703125,0.97265625,0.0,25600,0,0.0,8000.000000000116,8000.0,0.7967793941497803,35.72265625,,0.0,0.0,-0.07734375000000071,0.23593749999999858,0.08890625000000085,0.0,0.032343750000000004,-0.2443749999999998,-0.02874999999999872,-0.0067187499999999956,0.0,-0.2798437499999977,0.2798437499999977,8000.0
12560,stockerau_full_8000_2,S2A_MSIL2A_20230616T095031_R079_T33UWP_20230616T172735,100,,0.0,0.0,8.171875,44.765625,11.40625,0.0,0.40625,12.015625,22.25,0.984375,0.0,6400,0,0.0,8000.000000000116,8000.0,0.7648334503173828,35.25,,0.0,0.0,0.07499999999999929,0.2593749999999986,0.39750000000000085,0.0,0.020625000000000004,-0.2756249999999998,-0.4818749999999987,0.0050000000000000044,0.0,-0.7524999999999977,0.7524999999999977,8000.0
12573,stockerau_full_8000_2,S2A_MSIL2A_20230616T095031_R079_T33UWP_20230616T172735,200,,0.0,0.0,8.0,44.8125,11.8125,0.0,0.3125,12.125,22.0,0.9375,0.0,1600,0,0.0,8000.000000000116,8000.0,0.8674888610839844,35.0625,,0.0,0.0,-0.09687500000000071,0.3062499999999986,0.8037500000000009,0.0,-0.073125,-0.1662499999999998,-0.7318749999999987,-0.041874999999999996,0.0,-0.9399999999999977,0.9399999999999977,8000.0
12586,stockerau_full_8000_2,S2A_MSIL2A_20230616T095031_R079_T33UWP_20230616T172735,500,,0.0,0.0,8.59375,46.875,11.71875,0.0,0.390625,8.984375,22.65625,0.78125,0.0,256,0,0.0,8000.000000000116,8000.0,0.9369387626647949,32.421875,,0.0,0.0,0.4968749999999993,2.3687499999999986,0.7100000000000009,0.0,0.0050000000000000044,-3.306875,-0.07562499999999872,-0.198125,0.0,-3.5806249999999977,3.5806249999999977,8000.0
12599,stockerau_full_8000_2,S2A_MSIL2A_20230616T095031_R079_T33UWP_20230616T172735,1000,,0.0,0.0,10.9375,46.875,12.5,0.0,0.0,9.375,18.75,1.5625,0.0,64,0,0.0,8000.000000000116,8000.0,0.816352367401123,29.6875,,0.0,0.0,2.8406249999999993,2.3687499999999986,1.4912500000000009,0.0,-0.385625,-2.91625,-3.9818749999999987,0.583125,0.0,-6.314999999999998,6.314999999999998,8000.0
12535,stockerau_full_8000_2,S2A_MSIL2A_20230619T100031_R122_T33UWP_20230619T172742,20,,0.0,0.0,0.48875,70.055,12.5125,0.0,1.49375,1.0925,0.07125,14.28625,0.0,160000,0,0.0,8000.000000000116,8000.0,1.170215368270874,15.450000000000001,,0.0,0.0,0.0,0.0,0.0,0.0,0.0,0.0,0.0,0.0,0.0,0.0,0.0,8000.0
12548,stockerau_full_8000_2,S2A_MSIL2A_20230619T100031_R122_T33UWP_20230619T172742,50,,0.0,0.0,0.4765625,70.12109375,12.53515625,0.0,1.44921875,1.015625,0.07421875,14.328125,0.0,25600,0,0.0,8000.000000000116,8000.0,0.7967793941497803,15.41796875,,0.0,0.0,-0.012187500000000018,0.06609374999999318,0.02265625000000071,0.0,-0.04453124999999991,-0.07687500000000003,0.002968750000000006,0.04187499999999922,0.0,-0.032031250000001066,0.06609374999999318,8000.0
12561,stockerau_full_8000_2,S2A_MSIL2A_20230619T100031_R122_T33UWP_20230619T172742,100,,0.0,0.0,0.484375,69.765625,12.984375,0.0,1.5,0.9375,0.09375,14.234375,0.0,6400,0,0.0,8000.000000000116,8000.0,0.7648334503173828,15.265625,,0.0,0.0,-0.004375000000000018,-0.2893750000000068,0.4718750000000007,0.0,0.006250000000000089,-0.15500000000000003,0.022500000000000006,-0.05187500000000078,0.0,-0.18437500000000107,0.4718750000000007,8000.0
12574,stockerau_full_8000_2,S2A_MSIL2A_20230619T100031_R122_T33UWP_20230619T172742,200,,0.0,0.0,0.4375,70.0625,12.75,0.0,1.8125,0.9375,0.125,13.875,0.0,1600,0,0.0,8000.000000000116,8000.0,0.8674888610839844,14.9375,,0.0,0.0,-0.05125000000000002,0.007499999999993179,0.2375000000000007,0.0,0.3187500000000001,-0.15500000000000003,0.053750000000000006,-0.4112500000000008,0.0,-0.5125000000000011,0.5125000000000011,8000.0
12587,stockerau_full_8000_2,S2A_MSIL2A_20230619T100031_R122_T33UWP_20230619T172742,500,,0.0,0.0,0.390625,73.4375,10.15625,0.0,2.34375,0.390625,0.0,13.28125,0.0,256,0,0.0,8000.000000000116,8000.0,0.9369387626647949,13.671875,,0.0,0.0,-0.09812500000000002,3.382499999999993,-2.3562499999999993,0.0,0.8500000000000001,-0.701875,-0.07125,-1.0050000000000008,0.0,-1.778125000000001,3.382499999999993,8000.0
12600,stockerau_full_8000_2,S2A_MSIL2A_20230619T100031_R122_T33UWP_20230619T172742,1000,,0.0,0.0,0.0,70.3125,10.9375,0.0,6.25,0.0,1.5625,10.9375,0.0,64,0,0.0,8000.000000000116,8000.0,0.816352367401123,12.5,,0.0,0.0,-0.48875,0.2574999999999932,-1.5749999999999993,0.0,4.75625,-1.0925,1.49125,-3.348750000000001,0.0,-2.950000000000001,4.75625,8000.0
12538,stockerau_full_8000_2,S2A_MSIL2A_20230626T095031_R079_T33UWP_20230626T161132,20,,0.0,0.0,0.48,88.743125,10.253125,0.0,0.00875,0.371875,0.143125,0.0,0.0,160000,0,0.0,8000.000000000116,8000.0,1.170215368270874,0.515,,0.0,0.0,0.0,0.0,0.0,0.0,0.0,0.0,0.0,0.0,0.0,0.0,0.0,8000.0
12551,stockerau_full_8000_2,S2A_MSIL2A_20230626T095031_R079_T33UWP_20230626T161132,50,,0.0,0.0,0.47265625,88.71875,10.28125,0.0,0.0078125,0.3828125,0.13671875,0.0,0.0,25600,0,0.0,8000.000000000116,8000.0,0.7967793941497803,0.51953125,,0.0,0.0,-0.007343749999999982,-0.024375000000006253,0.02812499999999929,0.0,-0.0009375000000000008,0.010937499999999989,-0.006406250000000002,0.0,0.0,0.004531249999999987,0.02812499999999929,8000.0
12564,stockerau_full_8000_2,S2A_MSIL2A_20230626T095031_R079_T33UWP_20230626T161132,100,,0.0,0.0,0.46875,88.203125,10.78125,0.0,0.0,0.453125,0.09375,0.0,0.0,6400,0,0.0,8000.000000000116,8000.0,0.7648334503173828,0.546875,,0.0,0.0,-0.011249999999999982,-0.5400000000000063,0.5281249999999993,0.0,-0.00875,0.08124999999999999,-0.049375,0.0,0.0,0.03187499999999999,0.5400000000000063,8000.0
12577,stockerau_full_8000_2,S2A_MSIL2A_20230626T095031_R079_T33UWP_20230626T161132,200,,0.0,0.0,0.4375,88.25,10.6875,0.0,0.0,0.5625,0.0625,0.0,0.0,1600,0,0.0,8000.000000000116,8000.0,0.8674888610839844,0.625,,0.0,0.0,-0.04249999999999998,-0.49312500000000625,0.4343749999999993,0.0,-0.00875,0.190625,-0.080625,0.0,0.0,0.10999999999999999,0.49312500000000625,8000.0
12590,stockerau_full_8000_2,S2A_MSIL2A_20230626T095031_R079_T33UWP_20230626T161132,500,,0.0,0.0,0.390625,89.84375,9.765625,0.0,0.0,0.0,0.0,0.0,0.0,256,0,0.0,8000.000000000116,8000.0,0.9369387626647949,0.0,,0.0,0.0,-0.08937499999999998,1.1006249999999937,-0.4875000000000007,0.0,-0.00875,-0.371875,-0.143125,0.0,0.0,-0.515,1.1006249999999937,8000.0
12603,stockerau_full_8000_2,S2A_MSIL2A_20230626T095031_R079_T33UWP_20230626T161132,1000,,0.0,0.0,0.0,89.0625,9.375,0.0,0.0,1.5625,0.0,0.0,0.0,64,0,0.0,8000.000000000116,8000.0,0.816352367401123,1.5625,,0.0,0.0,-0.48,0.31937499999999375,-0.8781250000000007,0.0,-0.00875,1.190625,-0.143125,0.0,0.0,1.0474999999999999,1.0474999999999999,8000.0
12539,stockerau_full_8000_2,S2A_MSIL2A_20230629T100031_R122_T33UWP_20230629T191411,20,,0.0,0.0,2.046875,87.314375,9.413125,0.0,0.08125,0.91625,0.228125,0.0,0.0,160000,0,0.0,8000.000000000116,8000.0,1.170215368270874,1.144375,,0.0,0.0,0.0,0.0,0.0,0.0,0.0,0.0,0.0,0.0,0.0,0.0,0.0,8000.0
12552,stockerau_full_8000_2,S2A_MSIL2A_20230629T100031_R122_T33UWP_20230629T191411,50,,0.0,0.0,2.0546875,87.34765625,9.3671875,0.0,0.078125,0.93359375,0.21875,0.0,0.0,25600,0,0.0,8000.000000000116,8000.0,0.7967793941497803,1.15234375,,0.0,0.0,0.0078125,0.033281250000001705,-0.04593750000000085,0.0,-0.0031250000000000028,0.01734374999999999,-0.009374999999999994,0.0,0.0,0.00796875000000008,0.04593750000000085,8000.0
12565,stockerau_full_8000_2,S2A_MSIL2A_20230629T100031_R122_T33UWP_20230629T191411,100,,0.0,0.0,2.03125,87.09375,9.734375,0.0,0.078125,0.90625,0.15625,0.0,0.0,6400,0,0.0,8000.000000000116,8000.0,0.7648334503173828,1.0625,,0.0,0.0,-0.015625,-0.2206249999999983,0.32124999999999915,0.0,-0.0031250000000000028,-0.010000000000000009,-0.071875,0.0,0.0,-0.08187499999999992,0.32124999999999915,8000.0
12578,stockerau_full_8000_2,S2A_MSIL2A_20230629T100031_R122_T33UWP_20230629T191411,200,,0.0,0.0,1.875,87.125,9.8125,0.0,0.125,0.8125,0.25,0.0,0.0,1600,0,0.0,8000.000000000116,8000.0,0.8674888610839844,1.0625,,0.0,0.0,-0.171875,-0.1893749999999983,0.39937499999999915,0.0,0.04375,-0.10375000000000001,0.021875000000000006,0.0,0.0,-0.08187499999999992,0.39937499999999915,8000.0
12591,stockerau_full_8000_2,S2A_MSIL2A_20230629T100031_R122_T33UWP_20230629T191411,500,,0.0,0.0,2.34375,88.671875,8.203125,0.0,0.0,0.78125,0.0,0.0,0.0,256,0,0.0,8000.000000000116,8000.0,0.9369387626647949,0.78125,,0.0,0.0,0.296875,1.3575000000000017,-1.2100000000000009,0.0,-0.08125,-0.135,-0.228125,0.0,0.0,-0.3631249999999999,1.3575000000000017,8000.0
12604,stockerau_full_8000_2,S2A_MSIL2A_20230629T100031_R122_T33UWP_20230629T191411,1000,,0.0,0.0,1.5625,84.375,12.5,0.0,0.0,1.5625,0.0,0.0,0.0,64,0,0.0,8000.000000000116,8000.0,0.816352367401123,1.5625,,0.0,0.0,-0.484375,-2.9393749999999983,3.086874999999999,0.0,-0.08125,0.64625,-0.228125,0.0,0.0,0.4181250000000001,3.086874999999999,8000.0
12528,stockerau_full_8000_2,S2B_MSIL2A_20230601T094549_R079_T33UWP_20230601T163321,20,,0.0,0.0,0.0,77.57875,22.42,0.0,0.00125,0.0,0.0,0.0,0.0,160000,0,0.0,8000.000000000116,8000.0,1.170215368270874,0.0,,0.0,0.0,0.0,0.0,0.0,0.0,0.0,0.0,0.0,0.0,0.0,0.0,0.0,8000.0
12541,stockerau_full_8000_2,S2B_MSIL2A_20230601T094549_R079_T33UWP_20230601T163321,50,,0.0,0.0,0.0,77.5,22.5,0.0,0.0,0.0,0.0,0.0,0.0,25600,0,0.0,8000.000000000116,8000.0,0.7967793941497803,0.0,,0.0,0.0,0.0,-0.07874999999999943,0.0799999999999983,0.0,-0.00125,0.0,0.0,0.0,0.0,0.0,0.0799999999999983,8000.0
12554,stockerau_full_8000_2,S2B_MSIL2A_20230601T094549_R079_T33UWP_20230601T163321,100,,0.0,0.0,0.0,77.3125,22.6875,0.0,0.0,0.0,0.0,0.0,0.0,6400,0,0.0,8000.000000000116,8000.0,0.7648334503173828,0.0,,0.0,0.0,0.0,-0.26624999999999943,0.2674999999999983,0.0,-0.00125,0.0,0.0,0.0,0.0,0.0,0.2674999999999983,8000.0
12567,stockerau_full_8000_2,S2B_MSIL2A_20230601T094549_R079_T33UWP_20230601T163321,200,,0.0,0.0,0.0,76.9375,23.0625,0.0,0.0,0.0,0.0,0.0,0.0,1600,0,0.0,8000.000000000116,8000.0,0.8674888610839844,0.0,,0.0,0.0,0.0,-0.6412499999999994,0.6424999999999983,0.0,-0.00125,0.0,0.0,0.0,0.0,0.0,0.6424999999999983,8000.0
12580,stockerau_full_8000_2,S2B_MSIL2A_20230601T094549_R079_T33UWP_20230601T163321,500,,0.0,0.0,0.0,75.390625,24.609375,0.0,0.0,0.0,0.0,0.0,0.0,256,0,0.0,8000.000000000116,8000.0,0.9369387626647949,0.0,,0.0,0.0,0.0,-2.1881249999999994,2.1893749999999983,0.0,-0.00125,0.0,0.0,0.0,0.0,0.0,2.1893749999999983,8000.0
12593,stockerau_full_8000_2,S2B_MSIL2A_20230601T094549_R079_T33UWP_20230601T163321,1000,,0.0,0.0,0.0,76.5625,23.4375,0.0,0.0,0.0,0.0,0.0,0.0,64,0,0.0,8000.000000000116,8000.0,0.816352367401123,0.0,,0.0,0.0,0.0,-1.0162499999999994,1.0174999999999983,0.0,-0.00125,0.0,0.0,0.0,0.0,0.0,1.0174999999999983,8000.0
12529,stockerau_full_8000_2,S2B_MSIL2A_20230604T095559_R122_T33UWP_20230604T174403,20,,0.0,0.0,0.2375,65.41125,17.565,0.0,0.258125,0.643125,0.144375,15.740625,0.0,160000,0,0.0,8000.000000000116,8000.0,1.170215368270874,16.528125,,0.0,0.0,0.0,0.0,0.0,0.0,0.0,0.0,0.0,0.0,0.0,0.0,0.0,8000.0
12542,stockerau_full_8000_2,S2B_MSIL2A_20230604T095559_R122_T33UWP_20230604T174403,50,,0.0,0.0,0.24609375,65.44140625,17.51953125,0.0,0.28125,0.6484375,0.1328125,15.73046875,0.0,25600,0,0.0,8000.000000000116,8000.0,0.7967793941497803,16.51171875,,0.0,0.0,0.008593750000000011,0.030156250000004547,-0.04546875000000128,0.0,0.023125000000000007,0.005312500000000053,-0.011562500000000003,-0.010156249999999645,0.0,-0.01640624999999929,0.04546875000000128,8000.0
12555,stockerau_full_8000_2,S2B_MSIL2A_20230604T095559_R122_T33UWP_20230604T174403,100,,0.0,0.0,0.296875,65.09375,17.734375,0.0,0.265625,0.609375,0.140625,15.859375,0.0,6400,0,0.0,8000.000000000116,8000.0,0.7648334503173828,16.609375,,0.0,0.0,0.05937500000000001,-0.31749999999999545,0.16937499999999872,0.0,0.007500000000000007,-0.03374999999999995,-0.0037500000000000033,0.11875000000000036,0.0,0.08125000000000071,0.31749999999999545,8000.0
12568,stockerau_full_8000_2,S2B_MSIL2A_20230604T095559_R122_T33UWP_20230604T174403,200,,0.0,0.0,0.375,64.75,18.0,0.0,0.375,0.875,0.0625,15.5625,0.0,1600,0,0.0,8000.000000000116,8000.0,0.8674888610839844,16.5,,0.0,0.0,0.1375,-0.6612499999999955,0.4349999999999987,0.0,0.116875,0.23187500000000005,-0.081875,-0.17812499999999964,0.0,-0.02812499999999929,0.6612499999999955,8000.0
12581,stockerau_full_8000_2,S2B_MSIL2A_20230604T095559_R122_T33UWP_20230604T174403,500,,0.0,0.0,0.390625,64.0625,19.140625,0.0,0.0,0.78125,0.0,15.625,0.0,256,0,0.0,8000.000000000116,8000.0,0.9369387626647949,16.40625,,0.0,0.0,0.153125,-1.3487499999999955,1.5756249999999987,0.0,-0.258125,0.13812500000000005,-0.144375,-0.11562499999999964,0.0,-0.12187499999999929,1.5756249999999987,8000.0
12594,stockerau_full_8000_2,S2B_MSIL2A_20230604T095559_R122_T33UWP_20230604T174403,1000,,0.0,0.0,0.0,59.375,20.3125,0.0,0.0,1.5625,0.0,18.75,0.0,64,0,0.0,8000.000000000116,8000.0,0.816352367401123,20.3125,,0.0,0.0,-0.2375,-6.0362499999999955,2.7474999999999987,0.0,-0.258125,0.919375,-0.144375,3.0093750000000004,0.0,3.7843750000000007,6.0362499999999955,8000.0
12532,stockerau_full_8000_2,S2B_MSIL2A_20230611T094549_R079_T33UWP_20230611T135320,20,,0.0,0.0,0.0,0.0,0.0,0.0,0.0,0.979375,99.020625,0.0,0.0,160000,0,0.0,8000.000000000116,8000.0,1.170215368270874,100.0,,0.0,0.0,0.0,0.0,0.0,0.0,0.0,0.0,0.0,0.0,0.0,0.0,0.0,8000.0
12545,stockerau_full_8000_2,S2B_MSIL2A_20230611T094549_R079_T33UWP_20230611T135320,50,,0.0,0.0,0.0,0.0,0.0,0.0,0.0,0.9453125,99.0546875,0.0,0.0,25600,0,0.0,8000.000000000116,8000.0,0.7967793941497803,100.0,,0.0,0.0,0.0,0.0,0.0,0.0,0.0,-0.034062499999999996,0.03406250000000455,0.0,0.0,0.0,0.0,8000.0
12558,stockerau_full_8000_2,S2B_MSIL2A_20230611T094549_R079_T33UWP_20230611T135320,100,,0.0,0.0,0.0,0.0,0.0,0.0,0.0,0.921875,99.078125,0.0,0.0,6400,0,0.0,8000.000000000116,8000.0,0.7648334503173828,100.0,,0.0,0.0,0.0,0.0,0.0,0.0,0.0,-0.057499999999999996,0.05750000000000455,0.0,0.0,0.0,0.0,8000.0
12571,stockerau_full_8000_2,S2B_MSIL2A_20230611T094549_R079_T33UWP_20230611T135320,200,,0.0,0.0,0.0,0.0,0.0,0.0,0.0,0.875,99.125,0.0,0.0,1600,0,0.0,8000.000000000116,8000.0,0.8674888610839844,100.0,,0.0,0.0,0.0,0.0,0.0,0.0,0.0,-0.104375,0.10437500000000455,0.0,0.0,0.0,0.0,8000.0
12584,stockerau_full_8000_2,S2B_MSIL2A_20230611T094549_R079_T33UWP_20230611T135320,500,,0.0,0.0,0.0,0.0,0.0,0.0,0.0,0.78125,99.21875,0.0,0.0,256,0,0.0,8000.000000000116,8000.0,0.9369387626647949,100.0,,0.0,0.0,0.0,0.0,0.0,0.0,0.0,-0.198125,0.19812500000000455,0.0,0.0,0.0,0.0,8000.0
12597,stockerau_full_8000_2,S2B_MSIL2A_20230611T094549_R079_T33UWP_20230611T135320,1000,,0.0,0.0,0.0,0.0,0.0,0.0,0.0,3.125,96.875,0.0,0.0,64,0,0.0,8000.000000000116,8000.0,0.816352367401123,100.0,,0.0,0.0,0.0,0.0,0.0,0.0,0.0,2.145625,-2.1456249999999955,0.0,0.0,0.0,0.0,8000.0
12533,stockerau_full_8000_2,S2B_MSIL2A_20230614T095559_R122_T33UWP_20230614T142248,20,,0.0,0.0,7.218125,72.86,13.965,0.0,0.223125,4.244375,1.48875,0.000625,0.0,160000,0,0.0,8000.000000000116,8000.0,1.170215368270874,5.73375,,0.0,0.0,0.0,0.0,0.0,0.0,0.0,0.0,0.0,0.0,0.0,0.0,0.0,8000.0
12546,stockerau_full_8000_2,S2B_MSIL2A_20230614T095559_R122_T33UWP_20230614T142248,50,,0.0,0.0,7.2890625,72.6328125,14.08203125,0.0,0.1953125,4.26171875,1.5390625,0.0,0.0,25600,0,0.0,8000.000000000116,8000.0,0.7967793941497803,5.80078125,,0.0,0.0,0.07093750000000032,-0.22718749999999943,0.11703125000000014,0.0,-0.02781249999999999,0.017343750000000213,0.05031249999999998,-0.000625,0.0,0.06703125000000032,0.22718749999999943,8000.0
12559,stockerau_full_8000_2,S2B_MSIL2A_20230614T095559_R122_T33UWP_20230614T142248,100,,0.0,0.0,7.359375,72.3125,14.078125,0.0,0.296875,4.3125,1.640625,0.0,0.0,6400,0,0.0,8000.000000000116,8000.0,0.7648334503173828,5.953125,,0.0,0.0,0.14125000000000032,-0.5474999999999994,0.11312500000000014,0.0,0.07375000000000001,0.06812500000000021,0.15187499999999998,-0.000625,0.0,0.21937500000000032,0.5474999999999994,8000.0
12572,stockerau_full_8000_2,S2B_MSIL2A_20230614T095559_R122_T33UWP_20230614T142248,200,,0.0,0.0,7.1875,71.75,14.6875,0.0,0.1875,4.25,1.9375,0.0,0.0,1600,0,0.0,8000.000000000116,8000.0,0.8674888610839844,6.1875,,0.0,0.0,-0.03062499999999968,-1.1099999999999994,0.7225000000000001,0.0,-0.03562499999999999,0.005625000000000213,0.44875,-0.000625,0.0,0.4537500000000003,1.1099999999999994,8000.0
12585,stockerau_full_8000_2,S2B_MSIL2A_20230614T095559_R122_T33UWP_20230614T142248,500,,0.0,0.0,6.25,71.875,15.234375,0.0,0.390625,4.6875,1.5625,0.0,0.0,256,0,0.0,8000.000000000116,8000.0,0.9369387626647949,6.25,,0.0,0.0,-0.9681249999999997,-0.9849999999999994,1.2693750000000001,0.0,0.1675,0.4431250000000002,0.07374999999999998,-0.000625,0.0,0.5162500000000003,1.2693750000000001,8000.0
12598,stockerau_full_8000_2,S2B_MSIL2A_20230614T095559_R122_T33UWP_20230614T142248,1000,,0.0,0.0,9.375,71.875,10.9375,0.0,0.0,4.6875,3.125,0.0,0.0,64,0,0.0,8000.000000000116,8000.0,0.816352367401123,7.8125,,0.0,0.0,2.1568750000000003,-0.9849999999999994,-3.0275,0.0,-0.223125,0.4431250000000002,1.63625,-0.000625,0.0,2.0787500000000003,3.0275,8000.0
12536,stockerau_full_8000_2,S2B_MSIL2A_20230621T094549_R079_T33UWP_20230621T143955,20,,0.0,0.0,0.0,49.378125,6.831875,0.0,0.000625,0.15125,0.00125,43.636875,0.0,160000,0,0.0,8000.000000000116,8000.0,1.170215368270874,43.78937500000001,,0.0,0.0,0.0,0.0,0.0,0.0,0.0,0.0,0.0,0.0,0.0,0.0,0.0,8000.0
12549,stockerau_full_8000_2,S2B_MSIL2A_20230621T094549_R079_T33UWP_20230621T143955,50,,0.0,0.0,0.0,48.95703125,6.80078125,0.0,0.0,0.15234375,0.00390625,44.0859375,0.0,25600,0,0.0,8000.000000000116,8000.0,0.7967793941497803,44.2421875,,0.0,0.0,0.0,-0.42109374999999716,-0.031093750000000142,0.0,-0.000625,0.0010937500000000044,0.0026562499999999998,0.4490624999999966,0.0,0.4528124999999932,0.4528124999999932,8000.0
12562,stockerau_full_8000_2,S2B_MSIL2A_20230621T094549_R079_T33UWP_20230621T143955,100,,0.0,0.0,0.0,48.078125,6.90625,0.0,0.0,0.171875,0.0,44.84375,0.0,6400,0,0.0,8000.000000000116,8000.0,0.7648334503173828,45.015625,,0.0,0.0,0.0,-1.2999999999999972,0.07437499999999986,0.0,-0.000625,0.020625000000000004,-0.00125,1.2068749999999966,0.0,1.2262499999999932,1.2999999999999972,8000.0
12575,stockerau_full_8000_2,S2B_MSIL2A_20230621T094549_R079_T33UWP_20230621T143955,200,,0.0,0.0,0.0,46.8125,6.9375,0.0,0.0,0.25,0.0,46.0,0.0,1600,0,0.0,8000.000000000116,8000.0,0.8674888610839844,46.25,,0.0,0.0,0.0,-2.565624999999997,0.10562499999999986,0.0,-0.000625,0.09875,-0.00125,2.3631249999999966,0.0,2.460624999999993,2.565624999999997,8000.0
12588,stockerau_full_8000_2,S2B_MSIL2A_20230621T094549_R079_T33UWP_20230621T143955,500,,0.0,0.0,0.0,44.53125,5.46875,0.0,0.0,0.0,0.0,50.0,0.0,256,0,0.0,8000.000000000116,8000.0,0.9369387626647949,50.0,,0.0,0.0,0.0,-4.846874999999997,-1.3631250000000001,0.0,-0.000625,-0.15125,-0.00125,6.363124999999997,0.0,6.210624999999993,6.210624999999993,8000.0
12601,stockerau_full_8000_2,S2B_MSIL2A_20230621T094549_R079_T33UWP_20230621T143955,1000,,0.0,0.0,0.0,40.625,4.6875,0.0,0.0,0.0,0.0,54.6875,0.0,64,0,0.0,8000.000000000116,8000.0,0.816352367401123,54.6875,,0.0,0.0,0.0,-8.753124999999997,-2.144375,0.0,-0.000625,-0.15125,-0.00125,11.050624999999997,0.0,10.898124999999993,10.898124999999993,8000.0
12537,stockerau_full_8000_2,S2B_MSIL2A_20230624T095559_R122_T33UWP_20230624T142946,20,,0.0,0.0,0.0,0.0,0.0,0.0,0.0,0.0,100.0,0.0,0.0,160000,0,0.0,8000.000000000116,8000.0,1.170215368270874,100.0,,0.0,0.0,0.0,0.0,0.0,0.0,0.0,0.0,0.0,0.0,0.0,0.0,0.0,8000.0
12550,stockerau_full_8000_2,S2B_MSIL2A_20230624T095559_R122_T33UWP_20230624T142946,50,,0.0,0.0,0.0,0.0,0.0,0.0,0.0,0.0,100.0,0.0,0.0,25600,0,0.0,8000.000000000116,8000.0,0.7967793941497803,100.0,,0.0,0.0,0.0,0.0,0.0,0.0,0.0,0.0,0.0,0.0,0.0,0.0,0.0,8000.0
12563,stockerau_full_8000_2,S2B_MSIL2A_20230624T095559_R122_T33UWP_20230624T142946,100,,0.0,0.0,0.0,0.0,0.0,0.0,0.0,0.0,100.0,0.0,0.0,6400,0,0.0,8000.000000000116,8000.0,0.7648334503173828,100.0,,0.0,0.0,0.0,0.0,0.0,0.0,0.0,0.0,0.0,0.0,0.0,0.0,0.0,8000.0
12576,stockerau_full_8000_2,S2B_MSIL2A_20230624T095559_R122_T33UWP_20230624T142946,200,,0.0,0.0,0.0,0.0,0.0,0.0,0.0,0.0,100.0,0.0,0.0,1600,0,0.0,8000.000000000116,8000.0,0.8674888610839844,100.0,,0.0,0.0,0.0,0.0,0.0,0.0,0.0,0.0,0.0,0.0,0.0,0.0,0.0,8000.0
12589,stockerau_full_8000_2,S2B_MSIL2A_20230624T095559_R122_T33UWP_20230624T142946,500,,0.0,0.0,0.0,0.0,0.0,0.0,0.0,0.0,100.0,0.0,0.0,256,0,0.0,8000.000000000116,8000.0,0.9369387626647949,100.0,,0.0,0.0,0.0,0.0,0.0,0.0,0.0,0.0,0.0,0.0,0.0,0.0,0.0,8000.0
12602,stockerau_full_8000_2,S2B_MSIL2A_20230624T095559_R122_T33UWP_20230624T142946,1000,,0.0,0.0,0.0,0.0,0.0,0.0,0.0,0.0,100.0,0.0,0.0,64,0,0.0,8000.000000000116,8000.0,0.816352367401123,100.0,,0.0,0.0,0.0,0.0,0.0,0.0,0.0,0.0,0.0,0.0,0.0,0.0,0.0,8000.0
12540,stockerau_full_8000_2,S2B_MSIL2A_20230701T094549_R079_T33UWP_20230701T152448,20,,0.0,0.0,0.115625,0.0,0.0,0.0,0.0,14.72375,84.9025,0.258125,0.0,160000,0,0.0,8000.000000000116,8000.0,1.170215368270874,99.884375,,0.0,0.0,0.0,0.0,0.0,0.0,0.0,0.0,0.0,0.0,0.0,0.0,0.0,8000.0
12553,stockerau_full_8000_2,S2B_MSIL2A_20230701T094549_R079_T33UWP_20230701T152448,50,,0.0,0.0,0.12109375,0.0,0.0,0.0,0.0,14.70703125,84.8984375,0.2734375,0.0,25600,0,0.0,8000.000000000116,8000.0,0.7967793941497803,99.87890625,,0.0,0.0,0.0054687499999999944,0.0,0.0,0.0,0.0,-0.01671875000000078,-0.004062500000003411,0.015312500000000007,0.0,-0.005468750000005684,0.005468750000005684,8000.0
12566,stockerau_full_8000_2,S2B_MSIL2A_20230701T094549_R079_T33UWP_20230701T152448,100,,0.0,0.0,0.140625,0.0,0.0,0.0,0.0,14.6875,84.9375,0.234375,0.0,6400,0,0.0,8000.000000000116,8000.0,0.7648334503173828,99.859375,,0.0,0.0,0.024999999999999994,0.0,0.0,0.0,0.0,-0.03625000000000078,0.03499999999999659,-0.023749999999999993,0.0,-0.025000000000005684,0.025000000000005684,8000.0
12579,stockerau_full_8000_2,S2B_MSIL2A_20230701T094549_R079_T33UWP_20230701T152448,200,,0.0,0.0,0.1875,0.0,0.0,0.0,0.0,14.625,84.875,0.3125,0.0,1600,0,0.0,8000.000000000116,8000.0,0.8674888610839844,99.8125,,0.0,0.0,0.071875,0.0,0.0,0.0,0.0,-0.09875000000000078,-0.02750000000000341,0.05437500000000001,0.0,-0.07187500000000568,0.07187500000000568,8000.0
12592,stockerau_full_8000_2,S2B_MSIL2A_20230701T094549_R079_T33UWP_20230701T152448,500,,0.0,0.0,0.0,0.0,0.0,0.0,0.0,14.84375,85.15625,0.0,0.0,256,0,0.0,8000.000000000116,8000.0,0.9369387626647949,100.0,,0.0,0.0,-0.115625,0.0,0.0,0.0,0.0,0.11999999999999922,0.2537499999999966,-0.258125,0.0,0.11562499999999432,0.115625,8000.0
12605,stockerau_full_8000_2,S2B_MSIL2A_20230701T094549_R079_T33UWP_20230701T152448,1000,,0.0,0.0,0.0,0.0,0.0,0.0,0.0,12.5,87.5,0.0,0.0,64,0,0.0,8000.000000000116,8000.0,0.816352367401123,100.0,,0.0,0.0,-0.115625,0.0,0.0,0.0,0.0,-2.223750000000001,2.5974999999999966,-0.258125,0.0,0.11562499999999432,0.115625,8000.0
12608,stockerau_full_8000_3,S2A_MSIL2A_20230606T095031_R079_T33UWP_20230606T162616,20,,0.0,0.0,0.0,0.0,0.0,0.220625,0.15,3.60625,96.023125,0.0,0.0,160000,0,0.0,8000.000000000349,7999.999999999069,0.8557345867156982,99.629375,,0.0,0.0,0.0,0.0,0.0,0.0,0.0,0.0,0.0,0.0,0.0,0.0,0.0,8000.0
12621,stockerau_full_8000_3,S2A_MSIL2A_20230606T095031_R079_T33UWP_20230606T162616,50,,0.0,0.0,0.0,0.0,0.0,0.2265625,0.171875,3.63671875,95.96484375,0.0,0.0,25600,0,0.0,8000.000000000349,7999.999999999069,0.8285613059997559,99.6015625,,0.0,0.0,0.0,0.0,0.0,0.005937500000000012,0.021875000000000006,0.030468749999999822,-0.05828124999999318,0.0,0.0,-0.02781249999999602,0.02781249999999602,8000.0
12634,stockerau_full_8000_3,S2A_MSIL2A_20230606T095031_R079_T33UWP_20230606T162616,100,,0.0,0.0,0.0,0.0,0.0,0.25,0.1875,3.71875,95.84375,0.0,0.0,6400,0,0.0,8000.000000000349,7999.999999999069,0.8811213970184326,99.5625,,0.0,0.0,0.0,0.0,0.0,0.029375000000000012,0.037500000000000006,0.11249999999999982,-0.17937499999999318,0.0,0.0,-0.06687499999999602,0.06687499999999602,8000.0
12647,stockerau_full_8000_3,S2A_MSIL2A_20230606T095031_R079_T33UWP_20230606T162616,200,,0.0,0.0,0.0,0.0,0.0,0.25,0.125,3.625,96.0,0.0,0.0,1600,0,0.0,8000.000000000349,7999.999999999069,0.8769512176513672,99.625,,0.0,0.0,0.0,0.0,0.0,0.029375000000000012,-0.024999999999999994,0.018749999999999822,-0.02312499999999318,0.0,0.0,-0.004374999999996021,0.029375000000000012,8000.0
12660,stockerau_full_8000_3,S2A_MSIL2A_20230606T095031_R079_T33UWP_20230606T162616,500,,0.0,0.0,0.0,0.0,0.0,0.390625,0.390625,3.125,96.09375,0.0,0.0,256,0,0.0,8000.000000000349,7999.999999999069,1.0015184879302979,99.21875,,0.0,0.0,0.0,0.0,0.0,0.17,0.240625,-0.4812500000000002,0.07062500000000682,0.0,0.0,-0.410624999999996,0.410624999999996,8000.0
12673,stockerau_full_8000_3,S2A_MSIL2A_20230606T095031_R079_T33UWP_20230606T162616,1000,,0.0,0.0,0.0,0.0,0.0,0.0,0.0,4.6875,95.3125,0.0,0.0,64,0,0.0,8000.000000000349,7999.999999999069,0.9573895931243896,100.0,,0.0,0.0,0.0,0.0,0.0,-0.220625,-0.15,1.0812499999999998,-0.7106249999999932,0.0,0.0,0.370625000000004,0.370625000000004,8000.0
12609,stockerau_full_8000_3,S2A_MSIL2A_20230609T100031_R122_T33UWP_20230609T173715,20,,0.0,0.0,0.0,0.0,0.0,0.0,0.0,22.628125,77.299375,0.0725,0.0,160000,0,0.0,8000.000000000349,7999.999999999069,0.8557345867156982,100.0,,0.0,0.0,0.0,0.0,0.0,0.0,0.0,0.0,0.0,0.0,0.0,0.0,0.0,8000.0
12622,stockerau_full_8000_3,S2A_MSIL2A_20230609T100031_R122_T33UWP_20230609T173715,50,,0.0,0.0,0.0,0.0,0.0,0.0,0.0,22.328125,77.61328125,0.05859375,0.0,25600,0,0.0,8000.000000000349,7999.999999999069,0.8285613059997559,100.0,,0.0,0.0,0.0,0.0,0.0,0.0,0.0,-0.3000000000000007,0.3139062500000023,-0.013906249999999995,0.0,0.0,0.0,8000.0
12635,stockerau_full_8000_3,S2A_MSIL2A_20230609T100031_R122_T33UWP_20230609T173715,100,,0.0,0.0,0.0,0.0,0.0,0.0,0.0,22.21875,77.734375,0.046875,0.0,6400,0,0.0,8000.000000000349,7999.999999999069,0.8811213970184326,100.0,,0.0,0.0,0.0,0.0,0.0,0.0,0.0,-0.4093750000000007,0.4350000000000023,-0.025624999999999995,0.0,0.0,0.0,8000.0
12648,stockerau_full_8000_3,S2A_MSIL2A_20230609T100031_R122_T33UWP_20230609T173715,200,,0.0,0.0,0.0,0.0,0.0,0.0,0.0,21.0625,78.9375,0.0,0.0,1600,0,0.0,8000.000000000349,7999.999999999069,0.8769512176513672,100.0,,0.0,0.0,0.0,0.0,0.0,0.0,0.0,-1.5656250000000007,1.6381250000000023,-0.0725,0.0,0.0,0.0,8000.0
12661,stockerau_full_8000_3,S2A_MSIL2A_20230609T100031_R122_T33UWP_20230609T173715,500,,0.0,0.0,0.0,0.0,0.0,0.0,0.0,19.921875,80.078125,0.0,0.0,256,0,0.0,8000.000000000349,7999.999999999069,1.0015184879302979,100.0,,0.0,0.0,0.0,0.0,0.0,0.0,0.0,-2.7062500000000007,2.7787500000000023,-0.0725,0.0,0.0,0.0,8000.0
12674,stockerau_full_8000_3,S2A_MSIL2A_20230609T100031_R122_T33UWP_20230609T173715,1000,,0.0,0.0,0.0,0.0,0.0,0.0,0.0,17.1875,82.8125,0.0,0.0,64,0,0.0,8000.000000000349,7999.999999999069,0.9573895931243896,100.0,,0.0,0.0,0.0,0.0,0.0,0.0,0.0,-5.440625000000001,5.513125000000002,-0.0725,0.0,0.0,0.0,8000.0
12612,stockerau_full_8000_3,S2A_MSIL2A_20230616T095031_R079_T33UWP_20230616T172735,20,,0.0,0.1475,1.5775,81.77125,8.84,5.813125,0.668125,0.991875,0.190625,0.0,0.0,160000,0,0.0,8000.000000000349,7999.999999999069,0.8557345867156982,1.1824999999999999,,0.0,0.0,0.0,0.0,0.0,0.0,0.0,0.0,0.0,0.0,0.0,0.0,0.0,8000.0
12625,stockerau_full_8000_3,S2A_MSIL2A_20230616T095031_R079_T33UWP_20230616T172735,50,,0.0,0.1640625,1.56640625,81.8671875,8.75,5.83984375,0.625,0.99609375,0.19140625,0.0,0.0,25600,0,0.0,8000.000000000349,7999.999999999069,0.8285613059997559,1.1875,,0.0,0.016562500000000008,-0.011093749999999902,0.09593750000000512,-0.08999999999999986,0.02671874999999968,-0.04312499999999997,0.004218750000000049,0.0007812500000000111,0.0,0.0,0.0050000000000001155,0.09593750000000512,8000.0
12638,stockerau_full_8000_3,S2A_MSIL2A_20230616T095031_R079_T33UWP_20230616T172735,100,,0.0,0.21875,1.578125,82.25,8.34375,5.859375,0.5625,0.96875,0.21875,0.0,0.0,6400,0,0.0,8000.000000000349,7999.999999999069,0.8811213970184326,1.1875,,0.0,0.07125000000000001,0.0006250000000000977,0.4787500000000051,-0.49624999999999986,0.04624999999999968,-0.10562499999999997,-0.02312499999999995,0.02812500000000001,0.0,0.0,0.0050000000000001155,0.49624999999999986,8000.0
12651,stockerau_full_8000_3,S2A_MSIL2A_20230616T095031_R079_T33UWP_20230616T172735,200,,0.0,0.25,1.6875,82.3125,8.0,5.75,0.8125,1.0,0.1875,0.0,0.0,1600,0,0.0,8000.000000000349,7999.999999999069,0.8769512176513672,1.1875,,0.0,0.10250000000000001,0.1100000000000001,0.5412500000000051,-0.8399999999999999,-0.06312500000000032,0.14437500000000003,0.008125000000000049,-0.003124999999999989,0.0,0.0,0.0050000000000001155,0.8399999999999999,8000.0
12664,stockerau_full_8000_3,S2A_MSIL2A_20230616T095031_R079_T33UWP_20230616T172735,500,,0.0,0.0,1.953125,85.9375,6.640625,4.6875,0.0,0.78125,0.0,0.0,0.0,256,0,0.0,8000.000000000349,7999.999999999069,1.0015184879302979,0.78125,,0.0,-0.1475,0.3756250000000001,4.166250000000005,-2.199375,-1.1256250000000003,-0.668125,-0.21062499999999995,-0.190625,0.0,0.0,-0.4012499999999999,4.166250000000005,8000.0
12677,stockerau_full_8000_3,S2A_MSIL2A_20230616T095031_R079_T33UWP_20230616T172735,1000,,0.0,0.0,0.0,75.0,14.0625,7.8125,1.5625,1.5625,0.0,0.0,0.0,64,0,0.0,8000.000000000349,7999.999999999069,0.9573895931243896,1.5625,,0.0,-0.1475,-1.5775,-6.771249999999995,5.2225,1.9993749999999997,0.894375,0.570625,-0.190625,0.0,0.0,0.3800000000000001,6.771249999999995,8000.0
12613,stockerau_full_8000_3,S2A_MSIL2A_20230619T100031_R122_T33UWP_20230619T172742,20,,0.0,0.0525,0.0,69.8475,6.305,5.41125,1.1675,5.414375,0.77875,11.023125,0.0,160000,0,0.0,8000.000000000349,7999.999999999069,0.8557345867156982,17.216250000000002,,0.0,0.0,0.0,0.0,0.0,0.0,0.0,0.0,0.0,0.0,0.0,0.0,0.0,8000.0
12626,stockerau_full_8000_3,S2A_MSIL2A_20230619T100031_R122_T33UWP_20230619T172742,50,,0.0,0.0625,0.0,69.90625,6.26171875,5.421875,1.10546875,5.3828125,0.84375,11.015625,0.0,25600,0,0.0,8000.000000000349,7999.999999999069,0.8285613059997559,17.2421875,,0.0,0.010000000000000002,0.0,0.05875000000000341,-0.043281249999999716,0.010625000000000107,-0.06203124999999998,-0.031562499999999716,0.06499999999999995,-0.007500000000000284,0.0,0.025937499999997726,0.06203124999999998,8000.0
12639,stockerau_full_8000_3,S2A_MSIL2A_20230619T100031_R122_T33UWP_20230619T172742,100,,0.0,0.078125,0.0,69.890625,6.125,5.328125,1.125,5.453125,0.921875,11.078125,0.0,6400,0,0.0,8000.000000000349,7999.999999999069,0.8811213970184326,17.453125,,0.0,0.025625000000000002,0.0,0.04312500000000341,-0.17999999999999972,-0.0831249999999999,-0.04249999999999998,0.038750000000000284,0.14312499999999995,0.054999999999999716,0.0,0.23687499999999773,0.23687499999999773,8000.0
12652,stockerau_full_8000_3,S2A_MSIL2A_20230619T100031_R122_T33UWP_20230619T172742,200,,0.0,0.0625,0.0,70.5625,5.75,5.1875,1.0625,5.8125,1.125,10.4375,0.0,1600,0,0.0,8000.000000000349,7999.999999999069,0.8769512176513672,17.375,,0.0,0.010000000000000002,0.0,0.7150000000000034,-0.5549999999999997,-0.2237499999999999,-0.10499999999999998,0.3981250000000003,0.34624999999999995,-0.5856250000000003,0.0,0.15874999999999773,0.7150000000000034,8000.0
12665,stockerau_full_8000_3,S2A_MSIL2A_20230619T100031_R122_T33UWP_20230619T172742,500,,0.0,0.0,0.0,69.921875,6.640625,4.6875,1.171875,5.46875,1.171875,10.9375,0.0,256,0,0.0,8000.000000000349,7999.999999999069,1.0015184879302979,17.578125,,0.0,-0.0525,0.0,0.07437500000000341,0.3356250000000003,-0.7237499999999999,0.004375000000000018,0.054375000000000284,0.39312499999999995,-0.08562500000000028,0.0,0.3618749999999977,0.7237499999999999,8000.0
12678,stockerau_full_8000_3,S2A_MSIL2A_20230619T100031_R122_T33UWP_20230619T172742,1000,,0.0,0.0,0.0,71.875,6.25,6.25,0.0,6.25,0.0,9.375,0.0,64,0,0.0,8000.000000000349,7999.999999999069,0.9573895931243896,15.625,,0.0,-0.0525,0.0,2.0275000000000034,-0.054999999999999716,0.8387500000000001,-1.1675,0.8356250000000003,-0.77875,-1.6481250000000003,0.0,-1.5912500000000023,2.0275000000000034,8000.0
12616,stockerau_full_8000_3,S2A_MSIL2A_20230626T095031_R079_T33UWP_20230626T161132,20,,0.0,0.1325,0.0,87.389375,6.185,5.866875,0.42625,0.0,0.0,0.0,0.0,160000,0,0.0,8000.000000000349,7999.999999999069,0.8557345867156982,0.0,,0.0,0.0,0.0,0.0,0.0,0.0,0.0,0.0,0.0,0.0,0.0,0.0,0.0,8000.0
12629,stockerau_full_8000_3,S2A_MSIL2A_20230626T095031_R079_T33UWP_20230626T161132,50,,0.0,0.15234375,0.0,87.546875,6.01171875,5.8828125,0.40625,0.0,0.0,0.0,0.0,25600,0,0.0,8000.000000000349,7999.999999999069,0.8285613059997559,0.0,,0.0,0.019843749999999993,0.0,0.15749999999999886,-0.1732812499999996,0.015937499999999716,-0.020000000000000018,0.0,0.0,0.0,0.0,0.0,0.1732812499999996,8000.0
12642,stockerau_full_8000_3,S2A_MSIL2A_20230626T095031_R079_T33UWP_20230626T161132,100,,0.0,0.21875,0.0,87.359375,6.171875,5.875,0.375,0.0,0.0,0.0,0.0,6400,0,0.0,8000.000000000349,7999.999999999069,0.8811213970184326,0.0,,0.0,0.08625,0.0,-0.030000000000001137,-0.01312499999999961,0.008124999999999716,-0.05125000000000002,0.0,0.0,0.0,0.0,0.0,0.08625,8000.0
12655,stockerau_full_8000_3,S2A_MSIL2A_20230626T095031_R079_T33UWP_20230626T161132,200,,0.0,0.1875,0.0,87.4375,6.0625,5.8125,0.5,0.0,0.0,0.0,0.0,1600,0,0.0,8000.000000000349,7999.999999999069,0.8769512176513672,0.0,,0.0,0.05499999999999999,0.0,0.04812499999999886,-0.12249999999999961,-0.054375000000000284,0.07374999999999998,0.0,0.0,0.0,0.0,0.0,0.12249999999999961,8000.0
12668,stockerau_full_8000_3,S2A_MSIL2A_20230626T095031_R079_T33UWP_20230626T161132,500,,0.0,0.0,0.0,88.28125,7.03125,4.6875,0.0,0.0,0.0,0.0,0.0,256,0,0.0,8000.000000000349,7999.999999999069,1.0015184879302979,0.0,,0.0,-0.1325,0.0,0.8918749999999989,0.8462500000000004,-1.1793750000000003,-0.42625,0.0,0.0,0.0,0.0,0.0,1.1793750000000003,8000.0
12681,stockerau_full_8000_3,S2A_MSIL2A_20230626T095031_R079_T33UWP_20230626T161132,1000,,0.0,0.0,0.0,84.375,7.8125,7.8125,0.0,0.0,0.0,0.0,0.0,64,0,0.0,8000.000000000349,7999.999999999069,0.9573895931243896,0.0,,0.0,-0.1325,0.0,-3.014375000000001,1.6275000000000004,1.9456249999999997,-0.42625,0.0,0.0,0.0,0.0,0.0,3.014375000000001,8000.0
12617,stockerau_full_8000_3,S2A_MSIL2A_20230629T100031_R122_T33UWP_20230629T191411,20,,0.0,0.108125,3.2175,81.699375,5.770625,5.846875,0.701875,2.0,0.6525,0.003125,0.0,160000,0,0.0,8000.000000000349,7999.999999999069,0.8557345867156982,2.6556249999999997,,0.0,0.0,0.0,0.0,0.0,0.0,0.0,0.0,0.0,0.0,0.0,0.0,0.0,8000.0
12630,stockerau_full_8000_3,S2A_MSIL2A_20230629T100031_R122_T33UWP_20230629T191411,50,,0.0,0.12890625,3.2265625,81.75,5.62109375,5.8671875,0.703125,2.0546875,0.64453125,0.00390625,0.0,25600,0,0.0,8000.000000000349,7999.999999999069,0.8285613059997559,2.703125,,0.0,0.02078125,0.009062500000000195,0.05062499999999659,-0.1495312499999999,0.020312500000000178,0.0012499999999999734,0.0546875,-0.007968749999999969,0.0007812499999999998,0.0,0.04750000000000032,0.1495312499999999,8000.0
12643,stockerau_full_8000_3,S2A_MSIL2A_20230629T100031_R122_T33UWP_20230629T191411,100,,0.0,0.171875,3.1875,81.578125,5.703125,5.953125,0.703125,2.140625,0.5625,0.0,0.0,6400,0,0.0,8000.000000000349,7999.999999999069,0.8811213970184326,2.703125,,0.0,0.06375,-0.029999999999999805,-0.12125000000000341,-0.0674999999999999,0.10625000000000018,0.0012499999999999734,0.140625,-0.08999999999999997,-0.003125,0.0,0.04750000000000032,0.12125000000000341,8000.0
12656,stockerau_full_8000_3,S2A_MSIL2A_20230629T100031_R122_T33UWP_20230629T191411,200,,0.0,0.1875,2.9375,81.375,5.875,5.875,0.9375,2.125,0.6875,0.0,0.0,1600,0,0.0,8000.000000000349,7999.999999999069,0.8769512176513672,2.8125,,0.0,0.079375,-0.2799999999999998,-0.3243750000000034,0.1043750000000001,0.028125000000000178,0.23562499999999997,0.125,0.03500000000000003,-0.003125,0.0,0.15687500000000032,0.3243750000000034,8000.0
12669,stockerau_full_8000_3,S2A_MSIL2A_20230629T100031_R122_T33UWP_20230629T191411,500,,0.0,0.0,1.953125,83.203125,5.859375,5.078125,0.390625,3.515625,0.0,0.0,0.0,256,0,0.0,8000.000000000349,7999.999999999069,1.0015184879302979,3.515625,,0.0,-0.108125,-1.2643749999999998,1.5037499999999966,0.0887500000000001,-0.7687499999999998,-0.31125,1.515625,-0.6525,-0.003125,0.0,0.8600000000000003,1.5037499999999966,8000.0
12682,stockerau_full_8000_3,S2A_MSIL2A_20230629T100031_R122_T33UWP_20230629T191411,1000,,0.0,0.0,6.25,75.0,6.25,7.8125,0.0,4.6875,0.0,0.0,0.0,64,0,0.0,8000.000000000349,7999.999999999069,0.9573895931243896,4.6875,,0.0,-0.108125,3.0325,-6.699375000000003,0.4793750000000001,1.9656250000000002,-0.701875,2.6875,-0.6525,-0.003125,0.0,2.0318750000000003,6.699375000000003,8000.0
12606,stockerau_full_8000_3,S2B_MSIL2A_20230601T094549_R079_T33UWP_20230601T163321,20,,0.0,0.163125,0.04375,79.496875,12.52875,5.0675,0.495625,0.015,0.0,2.189375,0.0,160000,0,0.0,8000.000000000349,7999.999999999069,0.8557345867156982,2.204375,,0.0,0.0,0.0,0.0,0.0,0.0,0.0,0.0,0.0,0.0,0.0,0.0,0.0,8000.0
12619,stockerau_full_8000_3,S2B_MSIL2A_20230601T094549_R079_T33UWP_20230601T163321,50,,0.0,0.19140625,0.04296875,79.62890625,12.3359375,5.0546875,0.4765625,0.01953125,0.0,2.25,0.0,25600,0,0.0,8000.000000000349,7999.999999999069,0.8285613059997559,2.26953125,,0.0,0.028281250000000008,-0.0007812499999999972,0.13203124999999716,-0.1928125000000005,-0.012812499999999893,-0.019062499999999982,0.0045312500000000006,0.0,0.06062499999999993,0.0,0.0651562499999998,0.1928125000000005,8000.0
12632,stockerau_full_8000_3,S2B_MSIL2A_20230601T094549_R079_T33UWP_20230601T163321,100,,0.0,0.203125,0.046875,80.140625,11.765625,5.03125,0.453125,0.046875,0.0,2.3125,0.0,6400,0,0.0,8000.000000000349,7999.999999999069,0.8811213970184326,2.359375,,0.0,0.04000000000000001,0.0031250000000000028,0.6437499999999972,-0.7631250000000005,-0.03624999999999989,-0.04249999999999998,0.031875,0.0,0.12312499999999993,0.0,0.1549999999999998,0.7631250000000005,8000.0
12645,stockerau_full_8000_3,S2B_MSIL2A_20230601T094549_R079_T33UWP_20230601T163321,200,,0.0,0.3125,0.0,79.75,11.8125,4.75,0.625,0.0,0.0,2.75,0.0,1600,0,0.0,8000.000000000349,7999.999999999069,0.8769512176513672,2.75,,0.0,0.149375,-0.04375,0.25312499999999716,-0.7162500000000005,-0.3174999999999999,0.12937500000000002,-0.015,0.0,0.5606249999999999,0.0,0.5456249999999998,0.7162500000000005,8000.0
12658,stockerau_full_8000_3,S2B_MSIL2A_20230601T094549_R079_T33UWP_20230601T163321,500,,0.0,0.0,0.390625,80.46875,11.71875,3.90625,0.390625,0.0,0.0,3.125,0.0,256,0,0.0,8000.000000000349,7999.999999999069,1.0015184879302979,3.125,,0.0,-0.163125,0.346875,0.9718749999999972,-0.8100000000000005,-1.16125,-0.10499999999999998,-0.015,0.0,0.9356249999999999,0.0,0.9206249999999998,1.16125,8000.0
12671,stockerau_full_8000_3,S2B_MSIL2A_20230601T094549_R079_T33UWP_20230601T163321,1000,,0.0,0.0,0.0,75.0,17.1875,4.6875,0.0,0.0,0.0,3.125,0.0,64,0,0.0,8000.000000000349,7999.999999999069,0.9573895931243896,3.125,,0.0,-0.163125,-0.04375,-4.496875000000003,4.6587499999999995,-0.3799999999999999,-0.495625,-0.015,0.0,0.9356249999999999,0.0,0.9206249999999998,4.6587499999999995,8000.0
12607,stockerau_full_8000_3,S2B_MSIL2A_20230604T095559_R122_T33UWP_20230604T174403,20,,0.0,0.069375,11.555625,50.53375,4.92375,5.4625,2.328125,6.3425,7.43125,11.353125,0.0,160000,0,0.0,8000.000000000349,7999.999999999069,0.8557345867156982,25.126875,,0.0,0.0,0.0,0.0,0.0,0.0,0.0,0.0,0.0,0.0,0.0,0.0,0.0,8000.0
12620,stockerau_full_8000_3,S2B_MSIL2A_20230604T095559_R122_T33UWP_20230604T174403,50,,0.0,0.09375,11.62109375,50.2578125,4.87890625,5.484375,2.37109375,6.39453125,7.64453125,11.25390625,0.0,25600,0,0.0,8000.000000000349,7999.999999999069,0.8285613059997559,25.29296875,,0.0,0.024374999999999994,0.06546875000000085,-0.2759374999999977,-0.04484375000000007,0.021874999999999645,0.04296875,0.05203124999999975,0.21328124999999964,-0.09921875000000036,0.0,0.1660937500000017,0.2759374999999977,8000.0
12633,stockerau_full_8000_3,S2B_MSIL2A_20230604T095559_R122_T33UWP_20230604T174403,100,,0.0,0.109375,11.703125,49.96875,4.8125,5.515625,2.53125,6.34375,7.734375,11.28125,0.0,6400,0,0.0,8000.000000000349,7999.999999999069,0.8811213970184326,25.359375,,0.0,0.039999999999999994,0.14750000000000085,-0.5649999999999977,-0.11125000000000007,0.053124999999999645,0.203125,0.0012499999999997513,0.30312499999999964,-0.07187500000000036,0.0,0.2325000000000017,0.5649999999999977,8000.0
12646,stockerau_full_8000_3,S2B_MSIL2A_20230604T095559_R122_T33UWP_20230604T174403,200,,0.0,0.0625,12.0,49.875,4.6875,5.375,2.625,6.125,8.375,10.875,0.0,1600,0,0.0,8000.000000000349,7999.999999999069,0.8769512176513672,25.375,,0.0,-0.006875000000000006,0.44437500000000085,-0.6587499999999977,-0.23625000000000007,-0.08750000000000036,0.296875,-0.21750000000000025,0.9437499999999996,-0.47812500000000036,0.0,0.2481250000000017,0.6587499999999977,8000.0
12659,stockerau_full_8000_3,S2B_MSIL2A_20230604T095559_R122_T33UWP_20230604T174403,500,,0.0,0.0,13.28125,50.0,3.90625,4.296875,1.953125,7.421875,8.984375,10.15625,0.0,256,0,0.0,8000.000000000349,7999.999999999069,1.0015184879302979,26.5625,,0.0,-0.069375,1.7256250000000009,-0.5337499999999977,-1.0175,-1.1656250000000004,-0.375,1.0793749999999998,1.5531249999999996,-1.1968750000000004,0.0,1.4356250000000017,1.7256250000000009,8000.0
12672,stockerau_full_8000_3,S2B_MSIL2A_20230604T095559_R122_T33UWP_20230604T174403,1000,,0.0,0.0,15.625,39.0625,4.6875,6.25,1.5625,10.9375,14.0625,7.8125,0.0,64,0,0.0,8000.000000000349,7999.999999999069,0.9573895931243896,32.8125,,0.0,-0.069375,4.069375000000001,-11.471249999999998,-0.23625000000000007,0.7874999999999996,-0.765625,4.595,6.63125,-3.5406250000000004,0.0,7.685625000000002,11.471249999999998,8000.0
12610,stockerau_full_8000_3,S2B_MSIL2A_20230611T094549_R079_T33UWP_20230611T135320,20,,0.0,0.0,0.0,0.0,0.0,0.0,0.0,0.031875,99.968125,0.0,0.0,160000,0,0.0,8000.000000000349,7999.999999999069,0.8557345867156982,100.0,,0.0,0.0,0.0,0.0,0.0,0.0,0.0,0.0,0.0,0.0,0.0,0.0,0.0,8000.0
12623,stockerau_full_8000_3,S2B_MSIL2A_20230611T094549_R079_T33UWP_20230611T135320,50,,0.0,0.0,0.0,0.0,0.0,0.0,0.0,0.02734375,99.97265625,0.0,0.0,25600,0,0.0,8000.000000000349,7999.999999999069,0.8285613059997559,100.0,,0.0,0.0,0.0,0.0,0.0,0.0,0.0,-0.0045312500000000006,0.0045312499999994316,0.0,0.0,0.0,0.0,8000.0
12636,stockerau_full_8000_3,S2B_MSIL2A_20230611T094549_R079_T33UWP_20230611T135320,100,,0.0,0.0,0.0,0.0,0.0,0.0,0.0,0.015625,99.984375,0.0,0.0,6400,0,0.0,8000.000000000349,7999.999999999069,0.8811213970184326,100.0,,0.0,0.0,0.0,0.0,0.0,0.0,0.0,-0.01625,0.01624999999999943,0.0,0.0,0.0,0.0,8000.0
12649,stockerau_full_8000_3,S2B_MSIL2A_20230611T094549_R079_T33UWP_20230611T135320,200,,0.0,0.0,0.0,0.0,0.0,0.0,0.0,0.0,100.0,0.0,0.0,1600,0,0.0,8000.000000000349,7999.999999999069,0.8769512176513672,100.0,,0.0,0.0,0.0,0.0,0.0,0.0,0.0,-0.031875,0.03187499999999943,0.0,0.0,0.0,0.0,8000.0
12662,stockerau_full_8000_3,S2B_MSIL2A_20230611T094549_R079_T33UWP_20230611T135320,500,,0.0,0.0,0.0,0.0,0.0,0.0,0.0,0.0,100.0,0.0,0.0,256,0,0.0,8000.000000000349,7999.999999999069,1.0015184879302979,100.0,,0.0,0.0,0.0,0.0,0.0,0.0,0.0,-0.031875,0.03187499999999943,0.0,0.0,0.0,0.0,8000.0
12675,stockerau_full_8000_3,S2B_MSIL2A_20230611T094549_R079_T33UWP_20230611T135320,1000,,0.0,0.0,0.0,0.0,0.0,0.0,0.0,0.0,100.0,0.0,0.0,64,0,0.0,8000.000000000349,7999.999999999069,0.9573895931243896,100.0,,0.0,0.0,0.0,0.0,0.0,0.0,0.0,-0.031875,0.03187499999999943,0.0,0.0,0.0,0.0,8000.0
12611,stockerau_full_8000_3,S2B_MSIL2A_20230614T095559_R122_T33UWP_20230614T142248,20,,0.0,0.13375,9.446875,71.0425,6.9825,5.365625,0.666875,3.84625,2.4125,0.103125,0.0,160000,0,0.0,8000.000000000349,7999.999999999069,0.8557345867156982,6.361875,,0.0,0.0,0.0,0.0,0.0,0.0,0.0,0.0,0.0,0.0,0.0,0.0,0.0,8000.0
12624,stockerau_full_8000_3,S2B_MSIL2A_20230614T095559_R122_T33UWP_20230614T142248,50,,0.0,0.1484375,9.37890625,71.15625,6.8359375,5.34375,0.71875,3.8671875,2.44140625,0.109375,0.0,25600,0,0.0,8000.000000000349,7999.999999999069,0.8285613059997559,6.41796875,,0.0,0.014687499999999992,-0.06796875000000036,0.11374999999999602,-0.14656249999999993,-0.021874999999999645,0.051875000000000004,0.020937500000000053,0.02890624999999991,0.0062500000000000056,0.0,0.05609374999999961,0.14656249999999993,8000.0
12637,stockerau_full_8000_3,S2B_MSIL2A_20230614T095559_R122_T33UWP_20230614T142248,100,,0.0,0.21875,9.359375,71.296875,6.546875,5.359375,0.734375,3.796875,2.625,0.0625,0.0,6400,0,0.0,8000.000000000349,7999.999999999069,0.8811213970184326,6.484375,,0.0,0.08499999999999999,-0.08750000000000036,0.254374999999996,-0.43562499999999993,-0.006249999999999645,0.0675,-0.04937499999999995,0.2124999999999999,-0.040624999999999994,0.0,0.12249999999999961,0.43562499999999993,8000.0
12650,stockerau_full_8000_3,S2B_MSIL2A_20230614T095559_R122_T33UWP_20230614T142248,200,,0.0,0.1875,9.125,71.6875,6.5,5.5,0.5625,3.5,2.75,0.1875,0.0,1600,0,0.0,8000.000000000349,7999.999999999069,0.8769512176513672,6.4375,,0.0,0.05374999999999999,-0.32187500000000036,0.644999999999996,-0.48249999999999993,0.13437500000000036,-0.104375,-0.34624999999999995,0.3374999999999999,0.084375,0.0,0.07562499999999961,0.644999999999996,8000.0
12663,stockerau_full_8000_3,S2B_MSIL2A_20230614T095559_R122_T33UWP_20230614T142248,500,,0.0,0.0,8.59375,73.4375,6.640625,4.296875,0.0,3.90625,2.734375,0.390625,0.0,256,0,0.0,8000.000000000349,7999.999999999069,1.0015184879302979,7.03125,,0.0,-0.13375,-0.8531250000000004,2.394999999999996,-0.34187499999999993,-1.0687499999999996,-0.666875,0.06000000000000005,0.3218749999999999,0.2875,0.0,0.6693749999999996,2.394999999999996,8000.0
12676,stockerau_full_8000_3,S2B_MSIL2A_20230614T095559_R122_T33UWP_20230614T142248,1000,,0.0,0.0,3.125,71.875,9.375,7.8125,0.0,3.125,4.6875,0.0,0.0,64,0,0.0,8000.000000000349,7999.999999999069,0.9573895931243896,7.8125,,0.0,-0.13375,-6.321875,0.832499999999996,2.3925,2.4468750000000004,-0.666875,-0.72125,2.275,-0.103125,0.0,1.4506249999999996,6.321875,8000.0
12614,stockerau_full_8000_3,S2B_MSIL2A_20230621T094549_R079_T33UWP_20230621T143955,20,,0.0,0.069375,0.0,57.70125,4.7375,3.484375,0.310625,1.26375,0.015625,32.4175,0.0,160000,0,0.0,8000.000000000349,7999.999999999069,0.8557345867156982,33.696875,,0.0,0.0,0.0,0.0,0.0,0.0,0.0,0.0,0.0,0.0,0.0,0.0,0.0,8000.0
12627,stockerau_full_8000_3,S2B_MSIL2A_20230621T094549_R079_T33UWP_20230621T143955,50,,0.0,0.07421875,0.0,58.015625,4.5859375,3.4765625,0.3046875,1.16796875,0.01953125,32.35546875,0.0,25600,0,0.0,8000.000000000349,7999.999999999069,0.8285613059997559,33.54296875,,0.0,0.004843749999999994,0.0,0.3143749999999983,-0.15156249999999982,-0.0078125,-0.0059374999999999845,-0.09578124999999993,0.00390625,-0.062031249999996874,0.0,-0.15390624999999858,0.3143749999999983,8000.0
12640,stockerau_full_8000_3,S2B_MSIL2A_20230621T094549_R079_T33UWP_20230621T143955,100,,0.0,0.09375,0.0,58.25,4.34375,3.5,0.25,1.390625,0.03125,32.140625,0.0,6400,0,0.0,8000.000000000349,7999.999999999069,0.8811213970184326,33.5625,,0.0,0.024374999999999994,0.0,0.5487499999999983,-0.3937499999999998,0.015625,-0.060624999999999984,0.12687500000000007,0.015625,-0.2768749999999969,0.0,-0.13437499999999858,0.5487499999999983,8000.0
12653,stockerau_full_8000_3,S2B_MSIL2A_20230621T094549_R079_T33UWP_20230621T143955,200,,0.0,0.125,0.0,58.1875,4.5625,3.375,0.625,1.25,0.0,31.875,0.0,1600,0,0.0,8000.000000000349,7999.999999999069,0.8769512176513672,33.125,,0.0,0.055624999999999994,0.0,0.4862499999999983,-0.17499999999999982,-0.109375,0.314375,-0.013749999999999929,-0.015625,-0.5424999999999969,0.0,-0.5718749999999986,0.5718749999999986,8000.0
12666,stockerau_full_8000_3,S2B_MSIL2A_20230621T094549_R079_T33UWP_20230621T143955,500,,0.0,0.0,0.0,60.15625,4.6875,2.34375,0.0,0.78125,0.0,32.03125,0.0,256,0,0.0,8000.000000000349,7999.999999999069,1.0015184879302979,32.8125,,0.0,-0.069375,0.0,2.4549999999999983,-0.04999999999999982,-1.140625,-0.310625,-0.48249999999999993,-0.015625,-0.3862499999999969,0.0,-0.8843749999999986,2.4549999999999983,8000.0
12679,stockerau_full_8000_3,S2B_MSIL2A_20230621T094549_R079_T33UWP_20230621T143955,1000,,0.0,0.0,0.0,59.375,6.25,6.25,1.5625,0.0,0.0,26.5625,0.0,64,0,0.0,8000.000000000349,7999.999999999069,0.9573895931243896,26.5625,,0.0,-0.069375,0.0,1.6737499999999983,1.5125000000000002,2.765625,1.251875,-1.26375,-0.015625,-5.854999999999997,0.0,-7.134374999999999,7.134374999999999,8000.0
12615,stockerau_full_8000_3,S2B_MSIL2A_20230624T095559_R122_T33UWP_20230624T142946,20,,0.0,0.0,0.0,0.0,0.0,0.0,0.0,0.0,100.0,0.0,0.0,160000,0,0.0,8000.000000000349,7999.999999999069,0.8557345867156982,100.0,,0.0,0.0,0.0,0.0,0.0,0.0,0.0,0.0,0.0,0.0,0.0,0.0,0.0,8000.0
12628,stockerau_full_8000_3,S2B_MSIL2A_20230624T095559_R122_T33UWP_20230624T142946,50,,0.0,0.0,0.0,0.0,0.0,0.0,0.0,0.0,100.0,0.0,0.0,25600,0,0.0,8000.000000000349,7999.999999999069,0.8285613059997559,100.0,,0.0,0.0,0.0,0.0,0.0,0.0,0.0,0.0,0.0,0.0,0.0,0.0,0.0,8000.0
12641,stockerau_full_8000_3,S2B_MSIL2A_20230624T095559_R122_T33UWP_20230624T142946,100,,0.0,0.0,0.0,0.0,0.0,0.0,0.0,0.0,100.0,0.0,0.0,6400,0,0.0,8000.000000000349,7999.999999999069,0.8811213970184326,100.0,,0.0,0.0,0.0,0.0,0.0,0.0,0.0,0.0,0.0,0.0,0.0,0.0,0.0,8000.0
12654,stockerau_full_8000_3,S2B_MSIL2A_20230624T095559_R122_T33UWP_20230624T142946,200,,0.0,0.0,0.0,0.0,0.0,0.0,0.0,0.0,100.0,0.0,0.0,1600,0,0.0,8000.000000000349,7999.999999999069,0.8769512176513672,100.0,,0.0,0.0,0.0,0.0,0.0,0.0,0.0,0.0,0.0,0.0,0.0,0.0,0.0,8000.0
12667,stockerau_full_8000_3,S2B_MSIL2A_20230624T095559_R122_T33UWP_20230624T142946,500,,0.0,0.0,0.0,0.0,0.0,0.0,0.0,0.0,100.0,0.0,0.0,256,0,0.0,8000.000000000349,7999.999999999069,1.0015184879302979,100.0,,0.0,0.0,0.0,0.0,0.0,0.0,0.0,0.0,0.0,0.0,0.0,0.0,0.0,8000.0
12680,stockerau_full_8000_3,S2B_MSIL2A_20230624T095559_R122_T33UWP_20230624T142946,1000,,0.0,0.0,0.0,0.0,0.0,0.0,0.0,0.0,100.0,0.0,0.0,64,0,0.0,8000.000000000349,7999.999999999069,0.9573895931243896,100.0,,0.0,0.0,0.0,0.0,0.0,0.0,0.0,0.0,0.0,0.0,0.0,0.0,0.0,8000.0
12618,stockerau_full_8000_3,S2B_MSIL2A_20230701T094549_R079_T33UWP_20230701T152448,20,,0.0,0.0,0.0,0.0,0.0,0.0,0.0,0.06875,99.93125,0.0,0.0,160000,0,0.0,8000.000000000349,7999.999999999069,0.8557345867156982,100.0,,0.0,0.0,0.0,0.0,0.0,0.0,0.0,0.0,0.0,0.0,0.0,0.0,0.0,8000.0
12631,stockerau_full_8000_3,S2B_MSIL2A_20230701T094549_R079_T33UWP_20230701T152448,50,,0.0,0.0,0.0,0.0,0.0,0.0,0.0,0.06640625,99.93359375,0.0,0.0,25600,0,0.0,8000.000000000349,7999.999999999069,0.8285613059997559,100.0,,0.0,0.0,0.0,0.0,0.0,0.0,0.0,-0.0023437500000000056,0.0023437499999943157,0.0,0.0,0.0,0.0,8000.0
12644,stockerau_full_8000_3,S2B_MSIL2A_20230701T094549_R079_T33UWP_20230701T152448,100,,0.0,0.0,0.0,0.0,0.0,0.0,0.0,0.0625,99.9375,0.0,0.0,6400,0,0.0,8000.000000000349,7999.999999999069,0.8811213970184326,100.0,,0.0,0.0,0.0,0.0,0.0,0.0,0.0,-0.0062500000000000056,0.006249999999994316,0.0,0.0,0.0,0.0,8000.0
12657,stockerau_full_8000_3,S2B_MSIL2A_20230701T094549_R079_T33UWP_20230701T152448,200,,0.0,0.0,0.0,0.0,0.0,0.0,0.0,0.0625,99.9375,0.0,0.0,1600,0,0.0,8000.000000000349,7999.999999999069,0.8769512176513672,100.0,,0.0,0.0,0.0,0.0,0.0,0.0,0.0,-0.0062500000000000056,0.006249999999994316,0.0,0.0,0.0,0.0,8000.0
12670,stockerau_full_8000_3,S2B_MSIL2A_20230701T094549_R079_T33UWP_20230701T152448,500,,0.0,0.0,0.0,0.0,0.0,0.0,0.0,0.0,100.0,0.0,0.0,256,0,0.0,8000.000000000349,7999.999999999069,1.0015184879302979,100.0,,0.0,0.0,0.0,0.0,0.0,0.0,0.0,-0.06875,0.06874999999999432,0.0,0.0,0.0,0.0,8000.0
12683,stockerau_full_8000_3,S2B_MSIL2A_20230701T094549_R079_T33UWP_20230701T152448,1000,,0.0,0.0,0.0,0.0,0.0,0.0,0.0,0.0,100.0,0.0,0.0,64,0,0.0,8000.000000000349,7999.999999999069,0.9573895931243896,100.0,,0.0,0.0,0.0,0.0,0.0,0.0,0.0,-0.06875,0.06874999999999432,0.0,0.0,0.0,0.0,8000.0
12686,stockerau_full_8000_4,S2A_MSIL2A_20230606T095031_R079_T33UWP_20230606T162616,20,,0.0,0.0,0.176875,0.735625,3.2475,0.0,3.715625,6.6525,85.471875,0.0,0.0,160000,0,0.0,8000.000000000349,8000.000000001863,0.7269725799560547,92.124375,,0.0,0.0,0.0,0.0,0.0,0.0,0.0,0.0,0.0,0.0,0.0,0.0,0.0,8000.0
12699,stockerau_full_8000_4,S2A_MSIL2A_20230606T095031_R079_T33UWP_20230606T162616,50,,0.0,0.0,0.19140625,0.71484375,3.3203125,0.0,3.79296875,6.57421875,85.40625,0.0,0.0,25600,0,0.0,8000.000000000349,8000.000000001863,0.6418683528900146,91.98046875,,0.0,0.0,0.014531249999999996,-0.020781249999999973,0.07281249999999995,0.0,0.07734374999999982,-0.07828124999999986,-0.06562499999999716,0.0,0.0,-0.14390625000000057,0.14390625000000057,8000.0
12712,stockerau_full_8000_4,S2A_MSIL2A_20230606T095031_R079_T33UWP_20230606T162616,100,,0.0,0.0,0.1875,0.6875,3.390625,0.0,3.890625,6.6875,85.15625,0.0,0.0,6400,0,0.0,8000.000000000349,8000.000000001863,0.8723552227020264,91.84375,,0.0,0.0,0.010624999999999996,-0.04812499999999997,0.14312499999999995,0.0,0.17499999999999982,0.03500000000000014,-0.31562499999999716,0.0,0.0,-0.28062500000000057,0.28062500000000057,8000.0
12725,stockerau_full_8000_4,S2A_MSIL2A_20230606T095031_R079_T33UWP_20230606T162616,200,,0.0,0.0,0.25,1.125,3.25,0.0,3.4375,7.25,84.6875,0.0,0.0,1600,0,0.0,8000.000000000349,8000.000000001863,0.8472566604614258,91.9375,,0.0,0.0,0.073125,0.389375,0.0024999999999999467,0.0,-0.2781250000000002,0.5975000000000001,-0.7843749999999972,0.0,0.0,-0.18687500000000057,0.389375,8000.0
12738,stockerau_full_8000_4,S2A_MSIL2A_20230606T095031_R079_T33UWP_20230606T162616,500,,0.0,0.0,0.0,0.78125,2.734375,0.0,4.296875,7.421875,84.765625,0.0,0.0,256,0,0.0,8000.000000000349,8000.000000001863,0.622943639755249,92.1875,,0.0,0.0,-0.176875,0.04562500000000003,-0.513125,0.0,0.5812499999999998,0.7693750000000001,-0.7062499999999972,0.0,0.0,0.06312499999999943,0.5812499999999998,8000.0
12751,stockerau_full_8000_4,S2A_MSIL2A_20230606T095031_R079_T33UWP_20230606T162616,1000,,0.0,0.0,0.0,0.0,3.125,0.0,7.8125,9.375,79.6875,0.0,0.0,64,0,0.0,8000.000000000349,8000.000000001863,0.9108130931854248,89.0625,,0.0,0.0,-0.176875,-0.735625,-0.12250000000000005,0.0,4.096875,2.7225,-5.784374999999997,0.0,0.0,-3.0618750000000006,4.096875,8000.0
12687,stockerau_full_8000_4,S2A_MSIL2A_20230609T100031_R122_T33UWP_20230609T173715,20,,0.0,0.0,0.0,0.0,0.0,0.0,0.0,25.844375,73.929375,0.22625,0.0,160000,0,0.0,8000.000000000349,8000.000000001863,0.7269725799560547,99.99999999999999,,0.0,0.0,0.0,0.0,0.0,0.0,0.0,0.0,0.0,0.0,0.0,0.0,0.0,8000.0
12700,stockerau_full_8000_4,S2A_MSIL2A_20230609T100031_R122_T33UWP_20230609T173715,50,,0.0,0.0,0.0,0.0,0.0,0.0,0.0,25.984375,73.82421875,0.19140625,0.0,25600,0,0.0,8000.000000000349,8000.000000001863,0.6418683528900146,100.0,,0.0,0.0,0.0,0.0,0.0,0.0,0.0,0.14000000000000057,-0.10515624999999318,-0.03484375000000001,0.0,1.4210854715202004e-14,1.4210854715202004e-14,8000.0
12713,stockerau_full_8000_4,S2A_MSIL2A_20230609T100031_R122_T33UWP_20230609T173715,100,,0.0,0.0,0.0,0.0,0.0,0.0,0.0,25.96875,73.84375,0.1875,0.0,6400,0,0.0,8000.000000000349,8000.000000001863,0.8723552227020264,100.0,,0.0,0.0,0.0,0.0,0.0,0.0,0.0,0.12437500000000057,-0.08562499999999318,-0.03875000000000001,0.0,1.4210854715202004e-14,1.4210854715202004e-14,8000.0
12726,stockerau_full_8000_4,S2A_MSIL2A_20230609T100031_R122_T33UWP_20230609T173715,200,,0.0,0.0,0.0,0.0,0.0,0.0,0.0,26.375,73.25,0.375,0.0,1600,0,0.0,8000.000000000349,8000.000000001863,0.8472566604614258,100.0,,0.0,0.0,0.0,0.0,0.0,0.0,0.0,0.5306250000000006,-0.6793749999999932,0.14875,0.0,1.4210854715202004e-14,1.4210854715202004e-14,8000.0
12739,stockerau_full_8000_4,S2A_MSIL2A_20230609T100031_R122_T33UWP_20230609T173715,500,,0.0,0.0,0.0,0.0,0.0,0.0,0.0,26.953125,72.65625,0.390625,0.0,256,0,0.0,8000.000000000349,8000.000000001863,0.622943639755249,100.0,,0.0,0.0,0.0,0.0,0.0,0.0,0.0,1.1087500000000006,-1.2731249999999932,0.164375,0.0,1.4210854715202004e-14,1.4210854715202004e-14,8000.0
12752,stockerau_full_8000_4,S2A_MSIL2A_20230609T100031_R122_T33UWP_20230609T173715,1000,,0.0,0.0,0.0,0.0,0.0,0.0,0.0,29.6875,70.3125,0.0,0.0,64,0,0.0,8000.000000000349,8000.000000001863,0.9108130931854248,100.0,,0.0,0.0,0.0,0.0,0.0,0.0,0.0,3.8431250000000006,-3.616874999999993,-0.22625,0.0,1.4210854715202004e-14,1.4210854715202004e-14,8000.0
12690,stockerau_full_8000_4,S2A_MSIL2A_20230616T095031_R079_T33UWP_20230616T172735,20,,0.0,0.000625,1.13,67.92625,28.379375,0.07375,0.13625,1.520625,0.753125,0.08,0.0,160000,0,0.0,8000.000000000349,8000.000000001863,0.7269725799560547,2.35375,,0.0,0.0,0.0,0.0,0.0,0.0,0.0,0.0,0.0,0.0,0.0,0.0,0.0,8000.0
12703,stockerau_full_8000_4,S2A_MSIL2A_20230616T095031_R079_T33UWP_20230616T172735,50,,0.0,0.0,1.14453125,67.87109375,28.46875,0.0703125,0.1015625,1.5703125,0.703125,0.0703125,0.0,25600,0,0.0,8000.000000000349,8000.000000001863,0.6418683528900146,2.34375,,0.0,-0.000625,0.014531250000000107,-0.05515624999999602,0.08937500000000043,-0.003437499999999996,-0.03468750000000001,0.04968750000000011,-0.050000000000000044,-0.009687500000000002,0.0,-0.009999999999999787,0.08937500000000043,8000.0
12716,stockerau_full_8000_4,S2A_MSIL2A_20230616T095031_R079_T33UWP_20230616T172735,100,,0.0,0.0,1.203125,67.9375,28.390625,0.0625,0.171875,1.515625,0.671875,0.046875,0.0,6400,0,0.0,8000.000000000349,8000.000000001863,0.8723552227020264,2.234375,,0.0,-0.000625,0.0731250000000001,0.011250000000003979,0.011250000000000426,-0.011249999999999996,0.03562499999999999,-0.004999999999999893,-0.08125000000000004,-0.033125,0.0,-0.11937499999999979,0.11937499999999979,8000.0
12729,stockerau_full_8000_4,S2A_MSIL2A_20230616T095031_R079_T33UWP_20230616T172735,200,,0.0,0.0,1.1875,69.0625,27.5,0.0625,0.0625,1.25,0.875,0.0,0.0,1600,0,0.0,8000.000000000349,8000.000000001863,0.8472566604614258,2.125,,0.0,-0.000625,0.05750000000000011,1.136250000000004,-0.8793749999999996,-0.011249999999999996,-0.07375000000000001,-0.2706249999999999,0.12187499999999996,-0.08,0.0,-0.2287499999999998,1.136250000000004,8000.0
12742,stockerau_full_8000_4,S2A_MSIL2A_20230616T095031_R079_T33UWP_20230616T172735,500,,0.0,0.0,1.5625,69.53125,26.5625,0.0,0.78125,0.78125,0.78125,0.0,0.0,256,0,0.0,8000.000000000349,8000.000000001863,0.622943639755249,1.5625,,0.0,-0.000625,0.4325000000000001,1.605000000000004,-1.8168749999999996,-0.07375,0.645,-0.7393749999999999,0.028124999999999956,-0.08,0.0,-0.7912499999999998,1.8168749999999996,8000.0
12755,stockerau_full_8000_4,S2A_MSIL2A_20230616T095031_R079_T33UWP_20230616T172735,1000,,0.0,0.0,3.125,73.4375,20.3125,0.0,0.0,3.125,0.0,0.0,0.0,64,0,0.0,8000.000000000349,8000.000000001863,0.9108130931854248,3.125,,0.0,-0.000625,1.995,5.511250000000004,-8.066875,-0.07375,-0.13625,1.604375,-0.753125,-0.08,0.0,0.7712500000000002,8.066875,8000.0
12691,stockerau_full_8000_4,S2A_MSIL2A_20230619T100031_R122_T33UWP_20230619T172742,20,,0.0,0.0,0.09875,61.126875,19.75375,0.070625,7.5875,7.7375,1.243125,2.381875,0.0,160000,0,0.0,8000.000000000349,8000.000000001863,0.7269725799560547,11.3625,,0.0,0.0,0.0,0.0,0.0,0.0,0.0,0.0,0.0,0.0,0.0,0.0,0.0,8000.0
12704,stockerau_full_8000_4,S2A_MSIL2A_20230619T100031_R122_T33UWP_20230619T172742,50,,0.0,0.0,0.09765625,60.734375,19.71875,0.07421875,7.76953125,7.9375,1.24609375,2.421875,0.0,25600,0,0.0,8000.000000000349,8000.000000001863,0.6418683528900146,11.60546875,,0.0,0.0,-0.0010937500000000044,-0.3924999999999983,-0.03500000000000014,0.0035937500000000067,0.18203124999999964,0.20000000000000018,0.0029687499999999645,0.040000000000000036,0.0,0.2429687499999993,0.3924999999999983,8000.0
12717,stockerau_full_8000_4,S2A_MSIL2A_20230619T100031_R122_T33UWP_20230619T172742,100,,0.0,0.0,0.09375,60.53125,19.921875,0.0625,7.546875,8.015625,1.25,2.578125,0.0,6400,0,0.0,8000.000000000349,8000.000000001863,0.8723552227020264,11.84375,,0.0,0.0,-0.0050000000000000044,-0.5956249999999983,0.16812499999999986,-0.008124999999999993,-0.040625000000000355,0.2781250000000002,0.0068749999999999645,0.19625000000000004,0.0,0.4812499999999993,0.5956249999999983,8000.0
12730,stockerau_full_8000_4,S2A_MSIL2A_20230619T100031_R122_T33UWP_20230619T172742,200,,0.0,0.0,0.125,60.3125,19.125,0.0,8.6875,7.5625,1.125,3.0625,0.0,1600,0,0.0,8000.000000000349,8000.000000001863,0.8472566604614258,11.75,,0.0,0.0,0.026249999999999996,-0.8143749999999983,-0.6287500000000001,-0.070625,1.0999999999999996,-0.17499999999999982,-0.11812500000000004,0.680625,0.0,0.3874999999999993,1.0999999999999996,8000.0
12743,stockerau_full_8000_4,S2A_MSIL2A_20230619T100031_R122_T33UWP_20230619T172742,500,,0.0,0.0,0.390625,60.15625,17.1875,0.0,8.203125,9.375,0.78125,3.90625,0.0,256,0,0.0,8000.000000000349,8000.000000001863,0.622943639755249,14.0625,,0.0,0.0,0.291875,-0.9706249999999983,-2.56625,-0.070625,0.6156249999999996,1.6375000000000002,-0.46187500000000004,1.524375,0.0,2.6999999999999993,2.6999999999999993,8000.0
12756,stockerau_full_8000_4,S2A_MSIL2A_20230619T100031_R122_T33UWP_20230619T172742,1000,,0.0,0.0,0.0,65.625,9.375,0.0,7.8125,14.0625,0.0,3.125,0.0,64,0,0.0,8000.000000000349,8000.000000001863,0.9108130931854248,17.1875,,0.0,0.0,-0.09875,4.498125000000002,-10.37875,-0.070625,0.22499999999999964,6.325,-1.243125,0.743125,0.0,5.824999999999999,10.37875,8000.0
12694,stockerau_full_8000_4,S2A_MSIL2A_20230626T095031_R079_T33UWP_20230626T161132,20,,0.0,0.0,0.0,80.816875,19.09125,0.076875,0.015,0.0,0.0,0.0,0.0,160000,0,0.0,8000.000000000349,8000.000000001863,0.7269725799560547,0.0,,0.0,0.0,0.0,0.0,0.0,0.0,0.0,0.0,0.0,0.0,0.0,0.0,0.0,8000.0
12707,stockerau_full_8000_4,S2A_MSIL2A_20230626T095031_R079_T33UWP_20230626T161132,50,,0.0,0.0,0.0,80.63671875,19.27734375,0.0703125,0.015625,0.0,0.0,0.0,0.0,25600,0,0.0,8000.000000000349,8000.000000001863,0.6418683528900146,0.0,,0.0,0.0,0.0,-0.18015624999999602,0.18609375000000128,-0.006562499999999999,0.0006250000000000006,0.0,0.0,0.0,0.0,0.0,0.18609375000000128,8000.0
12720,stockerau_full_8000_4,S2A_MSIL2A_20230626T095031_R079_T33UWP_20230626T161132,100,,0.0,0.0,0.0,80.921875,18.953125,0.078125,0.046875,0.0,0.0,0.0,0.0,6400,0,0.0,8000.000000000349,8000.000000001863,0.8723552227020264,0.0,,0.0,0.0,0.0,0.10500000000000398,-0.13812499999999872,0.0012500000000000011,0.031875,0.0,0.0,0.0,0.0,0.0,0.13812499999999872,8000.0
12733,stockerau_full_8000_4,S2A_MSIL2A_20230626T095031_R079_T33UWP_20230626T161132,200,,0.0,0.0,0.0,81.0,19.0,0.0,0.0,0.0,0.0,0.0,0.0,1600,0,0.0,8000.000000000349,8000.000000001863,0.8472566604614258,0.0,,0.0,0.0,0.0,0.18312500000000398,-0.09124999999999872,-0.076875,-0.015,0.0,0.0,0.0,0.0,0.0,0.18312500000000398,8000.0
12746,stockerau_full_8000_4,S2A_MSIL2A_20230626T095031_R079_T33UWP_20230626T161132,500,,0.0,0.0,0.0,83.203125,16.40625,0.390625,0.0,0.0,0.0,0.0,0.0,256,0,0.0,8000.000000000349,8000.000000001863,0.622943639755249,0.0,,0.0,0.0,0.0,2.386250000000004,-2.6849999999999987,0.31375,-0.015,0.0,0.0,0.0,0.0,0.0,2.6849999999999987,8000.0
12759,stockerau_full_8000_4,S2A_MSIL2A_20230626T095031_R079_T33UWP_20230626T161132,1000,,0.0,0.0,0.0,90.625,9.375,0.0,0.0,0.0,0.0,0.0,0.0,64,0,0.0,8000.000000000349,8000.000000001863,0.9108130931854248,0.0,,0.0,0.0,0.0,9.808125000000004,-9.716249999999999,-0.076875,-0.015,0.0,0.0,0.0,0.0,0.0,9.808125000000004,8000.0
12695,stockerau_full_8000_4,S2A_MSIL2A_20230629T100031_R122_T33UWP_20230629T191411,20,,0.0,0.0,8.17,69.7475,15.563125,0.08,0.25375,3.97625,2.186875,0.0225,0.0,160000,0,0.0,8000.000000000349,8000.000000001863,0.7269725799560547,6.185625,,0.0,0.0,0.0,0.0,0.0,0.0,0.0,0.0,0.0,0.0,0.0,0.0,0.0,8000.0
12708,stockerau_full_8000_4,S2A_MSIL2A_20230629T100031_R122_T33UWP_20230629T191411,50,,0.0,0.0,8.125,69.67578125,15.72265625,0.07421875,0.2734375,3.97265625,2.13671875,0.01953125,0.0,25600,0,0.0,8000.000000000349,8000.000000001863,0.6418683528900146,6.12890625,,0.0,0.0,-0.04499999999999993,-0.07171875000000227,0.15953125000000057,-0.005781250000000002,0.019687500000000024,-0.00359374999999984,-0.050156250000000124,-0.002968749999999999,0.0,-0.05671874999999993,0.15953125000000057,8000.0
12721,stockerau_full_8000_4,S2A_MSIL2A_20230629T100031_R122_T33UWP_20230629T191411,100,,0.0,0.0,8.0625,69.703125,15.6875,0.0625,0.3125,4.171875,2.0,0.0,0.0,6400,0,0.0,8000.000000000349,8000.000000001863,0.8723552227020264,6.171875,,0.0,0.0,-0.10749999999999993,-0.044375000000002274,0.12437500000000057,-0.0175,0.058750000000000024,0.19562500000000016,-0.18687500000000012,-0.0225,0.0,-0.013749999999999929,0.12437500000000057,8000.0
12734,stockerau_full_8000_4,S2A_MSIL2A_20230629T100031_R122_T33UWP_20230629T191411,200,,0.0,0.0,8.4375,70.375,14.5,0.0,0.1875,4.5625,1.9375,0.0,0.0,1600,0,0.0,8000.000000000349,8000.000000001863,0.8472566604614258,6.5,,0.0,0.0,0.26750000000000007,0.6274999999999977,-1.0631249999999994,-0.08,-0.06624999999999998,0.5862500000000002,-0.24937500000000012,-0.0225,0.0,0.31437500000000007,1.0631249999999994,8000.0
12747,stockerau_full_8000_4,S2A_MSIL2A_20230629T100031_R122_T33UWP_20230629T191411,500,,0.0,0.0,7.421875,71.09375,12.109375,0.0,1.171875,6.25,1.953125,0.0,0.0,256,0,0.0,8000.000000000349,8000.000000001863,0.622943639755249,8.203125,,0.0,0.0,-0.7481249999999999,1.3462499999999977,-3.4537499999999994,-0.08,0.9181250000000001,2.27375,-0.23375000000000012,-0.0225,0.0,2.0175,3.4537499999999994,8000.0
12760,stockerau_full_8000_4,S2A_MSIL2A_20230629T100031_R122_T33UWP_20230629T191411,1000,,0.0,0.0,9.375,75.0,7.8125,0.0,0.0,3.125,4.6875,0.0,0.0,64,0,0.0,8000.000000000349,8000.000000001863,0.9108130931854248,7.8125,,0.0,0.0,1.205,5.252499999999998,-7.750624999999999,-0.08,-0.25375,-0.8512499999999998,2.500625,-0.0225,0.0,1.626875,7.750624999999999,8000.0
12684,stockerau_full_8000_4,S2B_MSIL2A_20230601T094549_R079_T33UWP_20230601T163321,20,,0.0,0.0,0.0,59.61,40.30125,0.07375,0.015,0.0,0.0,0.0,0.0,160000,0,0.0,8000.000000000349,8000.000000001863,0.7269725799560547,0.0,,0.0,0.0,0.0,0.0,0.0,0.0,0.0,0.0,0.0,0.0,0.0,0.0,0.0,8000.0
12697,stockerau_full_8000_4,S2B_MSIL2A_20230601T094549_R079_T33UWP_20230601T163321,50,,0.0,0.0,0.0,59.69140625,40.2265625,0.07421875,0.0078125,0.0,0.0,0.0,0.0,25600,0,0.0,8000.000000000349,8000.000000001863,0.6418683528900146,0.0,,0.0,0.0,0.0,0.08140625000000057,-0.07468750000000313,0.0004687500000000039,-0.0071874999999999994,0.0,0.0,0.0,0.0,0.0,0.08140625000000057,8000.0
12710,stockerau_full_8000_4,S2B_MSIL2A_20230601T094549_R079_T33UWP_20230601T163321,100,,0.0,0.0,0.0,59.859375,40.015625,0.078125,0.046875,0.0,0.0,0.0,0.0,6400,0,0.0,8000.000000000349,8000.000000001863,0.8723552227020264,0.0,,0.0,0.0,0.0,0.24937500000000057,-0.2856250000000031,0.004375000000000004,0.031875,0.0,0.0,0.0,0.0,0.0,0.2856250000000031,8000.0
12723,stockerau_full_8000_4,S2B_MSIL2A_20230601T094549_R079_T33UWP_20230601T163321,200,,0.0,0.0,0.0,61.1875,38.75,0.0,0.0625,0.0,0.0,0.0,0.0,1600,0,0.0,8000.000000000349,8000.000000001863,0.8472566604614258,0.0,,0.0,0.0,0.0,1.5775000000000006,-1.5512500000000031,-0.07375,0.0475,0.0,0.0,0.0,0.0,0.0,1.5775000000000006,8000.0
12736,stockerau_full_8000_4,S2B_MSIL2A_20230601T094549_R079_T33UWP_20230601T163321,500,,0.0,0.0,0.0,56.25,43.359375,0.390625,0.0,0.0,0.0,0.0,0.0,256,0,0.0,8000.000000000349,8000.000000001863,0.622943639755249,0.0,,0.0,0.0,0.0,-3.3599999999999994,3.058124999999997,0.316875,-0.015,0.0,0.0,0.0,0.0,0.0,3.3599999999999994,8000.0
12749,stockerau_full_8000_4,S2B_MSIL2A_20230601T094549_R079_T33UWP_20230601T163321,1000,,0.0,0.0,0.0,71.875,28.125,0.0,0.0,0.0,0.0,0.0,0.0,64,0,0.0,8000.000000000349,8000.000000001863,0.9108130931854248,0.0,,0.0,0.0,0.0,12.265,-12.176250000000003,-0.07375,-0.015,0.0,0.0,0.0,0.0,0.0,12.265,8000.0
12685,stockerau_full_8000_4,S2B_MSIL2A_20230604T095559_R122_T33UWP_20230604T174403,20,,0.0,0.0,0.019375,40.005,26.931875,0.015625,0.001875,3.62875,0.179375,29.218125,0.0,160000,0,0.0,8000.000000000349,8000.000000001863,0.7269725799560547,33.02625,,0.0,0.0,0.0,0.0,0.0,0.0,0.0,0.0,0.0,0.0,0.0,0.0,0.0,8000.0
12698,stockerau_full_8000_4,S2B_MSIL2A_20230604T095559_R122_T33UWP_20230604T174403,50,,0.0,0.0,0.015625,40.109375,26.54296875,0.015625,0.0,3.73046875,0.1640625,29.421875,0.0,25600,0,0.0,8000.000000000349,8000.000000001863,0.6418683528900146,33.31640625,,0.0,0.0,-0.00375,0.10437499999999744,-0.38890625000000156,0.0,-0.001875,0.10171874999999986,-0.015312500000000007,0.20374999999999943,0.0,0.29015625000000256,0.38890625000000156,8000.0
12711,stockerau_full_8000_4,S2B_MSIL2A_20230604T095559_R122_T33UWP_20230604T174403,100,,0.0,0.0,0.015625,39.828125,26.375,0.015625,0.0,3.90625,0.125,29.734375,0.0,6400,0,0.0,8000.000000000349,8000.000000001863,0.8723552227020264,33.765625,,0.0,0.0,-0.00375,-0.17687500000000256,-0.5568750000000016,0.0,-0.001875,0.27749999999999986,-0.05437500000000001,0.5162499999999994,0.0,0.7393750000000026,0.7393750000000026,8000.0
12724,stockerau_full_8000_4,S2B_MSIL2A_20230604T095559_R122_T33UWP_20230604T174403,200,,0.0,0.0,0.0,40.25,25.25,0.0,0.0,4.625,0.125,29.75,0.0,1600,0,0.0,8000.000000000349,8000.000000001863,0.8472566604614258,34.5,,0.0,0.0,-0.019375,0.24499999999999744,-1.6818750000000016,-0.015625,-0.001875,0.9962499999999999,-0.05437500000000001,0.5318749999999994,0.0,1.4737500000000026,1.6818750000000016,8000.0
12737,stockerau_full_8000_4,S2B_MSIL2A_20230604T095559_R122_T33UWP_20230604T174403,500,,0.0,0.0,0.0,36.328125,27.734375,0.0,0.0,3.125,0.78125,32.03125,0.0,256,0,0.0,8000.000000000349,8000.000000001863,0.622943639755249,35.9375,,0.0,0.0,-0.019375,-3.6768750000000026,0.8024999999999984,-0.015625,-0.001875,-0.5037500000000001,0.6018749999999999,2.8131249999999994,0.0,2.9112500000000026,3.6768750000000026,8000.0
12750,stockerau_full_8000_4,S2B_MSIL2A_20230604T095559_R122_T33UWP_20230604T174403,1000,,0.0,0.0,0.0,40.625,21.875,0.0,0.0,3.125,0.0,34.375,0.0,64,0,0.0,8000.000000000349,8000.000000001863,0.9108130931854248,37.5,,0.0,0.0,-0.019375,0.6199999999999974,-5.056875000000002,-0.015625,-0.001875,-0.5037500000000001,-0.179375,5.156874999999999,0.0,4.473750000000003,5.056875000000002,8000.0
12688,stockerau_full_8000_4,S2B_MSIL2A_20230611T094549_R079_T33UWP_20230611T135320,20,,0.0,0.0,0.0,0.0,0.000625,0.0,0.0,0.17125,99.828125,0.0,0.0,160000,0,0.0,8000.000000000349,8000.000000001863,0.7269725799560547,99.999375,,0.0,0.0,0.0,0.0,0.0,0.0,0.0,0.0,0.0,0.0,0.0,0.0,0.0,8000.0
12701,stockerau_full_8000_4,S2B_MSIL2A_20230611T094549_R079_T33UWP_20230611T135320,50,,0.0,0.0,0.0,0.0,0.00390625,0.0,0.0,0.15625,99.83984375,0.0,0.0,25600,0,0.0,8000.000000000349,8000.000000001863,0.6418683528900146,99.99609375,,0.0,0.0,0.0,0.0,0.00328125,0.0,0.0,-0.015000000000000013,0.01171875,0.0,0.0,-0.0032812500000005684,0.0032812500000005684,8000.0
12714,stockerau_full_8000_4,S2B_MSIL2A_20230611T094549_R079_T33UWP_20230611T135320,100,,0.0,0.0,0.0,0.0,0.0,0.0,0.0,0.140625,99.859375,0.0,0.0,6400,0,0.0,8000.000000000349,8000.000000001863,0.8723552227020264,100.0,,0.0,0.0,0.0,0.0,-0.000625,0.0,0.0,-0.030625000000000013,0.03125,0.0,0.0,0.0006249999999994316,0.000625,8000.0
12727,stockerau_full_8000_4,S2B_MSIL2A_20230611T094549_R079_T33UWP_20230611T135320,200,,0.0,0.0,0.0,0.0,0.0,0.0,0.0,0.1875,99.8125,0.0,0.0,1600,0,0.0,8000.000000000349,8000.000000001863,0.8472566604614258,100.0,,0.0,0.0,0.0,0.0,-0.000625,0.0,0.0,0.016249999999999987,-0.015625,0.0,0.0,0.0006249999999994316,0.000625,8000.0
12740,stockerau_full_8000_4,S2B_MSIL2A_20230611T094549_R079_T33UWP_20230611T135320,500,,0.0,0.0,0.0,0.0,0.0,0.0,0.0,0.0,100.0,0.0,0.0,256,0,0.0,8000.000000000349,8000.000000001863,0.622943639755249,100.0,,0.0,0.0,0.0,0.0,-0.000625,0.0,0.0,-0.17125,0.171875,0.0,0.0,0.0006249999999994316,0.000625,8000.0
12753,stockerau_full_8000_4,S2B_MSIL2A_20230611T094549_R079_T33UWP_20230611T135320,1000,,0.0,0.0,0.0,0.0,0.0,0.0,0.0,0.0,100.0,0.0,0.0,64,0,0.0,8000.000000000349,8000.000000001863,0.9108130931854248,100.0,,0.0,0.0,0.0,0.0,-0.000625,0.0,0.0,-0.17125,0.171875,0.0,0.0,0.0006249999999994316,0.000625,8000.0
12689,stockerau_full_8000_4,S2B_MSIL2A_20230614T095559_R122_T33UWP_20230614T142248,20,,0.0,0.0,0.97875,70.59625,28.326875,0.076875,0.016875,0.0,0.0,0.004375,0.0,160000,0,0.0,8000.000000000349,8000.000000001863,0.7269725799560547,0.004375,,0.0,0.0,0.0,0.0,0.0,0.0,0.0,0.0,0.0,0.0,0.0,0.0,0.0,8000.0
12702,stockerau_full_8000_4,S2B_MSIL2A_20230614T095559_R122_T33UWP_20230614T142248,50,,0.0,0.0,1.0859375,70.453125,28.36328125,0.078125,0.01953125,0.0,0.0,0.0,0.0,25600,0,0.0,8000.000000000349,8000.000000001863,0.6418683528900146,0.0,,0.0,0.0,0.10718749999999999,-0.14312499999999773,0.03640624999999886,0.0012500000000000011,0.002656249999999999,0.0,0.0,-0.004375,0.0,-0.004375,0.14312499999999773,8000.0
12715,stockerau_full_8000_4,S2B_MSIL2A_20230614T095559_R122_T33UWP_20230614T142248,100,,0.0,0.0,1.125,70.609375,28.140625,0.078125,0.046875,0.0,0.0,0.0,0.0,6400,0,0.0,8000.000000000349,8000.000000001863,0.8723552227020264,0.0,,0.0,0.0,0.14625,0.013125000000002274,-0.18625000000000114,0.0012500000000000011,0.03,0.0,0.0,-0.004375,0.0,-0.004375,0.18625000000000114,8000.0
12728,stockerau_full_8000_4,S2B_MSIL2A_20230614T095559_R122_T33UWP_20230614T142248,200,,0.0,0.0,1.4375,71.1875,27.3125,0.0,0.0625,0.0,0.0,0.0,0.0,1600,0,0.0,8000.000000000349,8000.000000001863,0.8472566604614258,0.0,,0.0,0.0,0.45875,0.5912500000000023,-1.0143750000000011,-0.076875,0.045625,0.0,0.0,-0.004375,0.0,-0.004375,1.0143750000000011,8000.0
12741,stockerau_full_8000_4,S2B_MSIL2A_20230614T095559_R122_T33UWP_20230614T142248,500,,0.0,0.0,1.953125,68.359375,29.296875,0.0,0.390625,0.0,0.0,0.0,0.0,256,0,0.0,8000.000000000349,8000.000000001863,0.622943639755249,0.0,,0.0,0.0,0.974375,-2.2368749999999977,0.9699999999999989,-0.076875,0.37375,0.0,0.0,-0.004375,0.0,-0.004375,2.2368749999999977,8000.0
12754,stockerau_full_8000_4,S2B_MSIL2A_20230614T095559_R122_T33UWP_20230614T142248,1000,,0.0,0.0,4.6875,78.125,17.1875,0.0,0.0,0.0,0.0,0.0,0.0,64,0,0.0,8000.000000000349,8000.000000001863,0.9108130931854248,0.0,,0.0,0.0,3.70875,7.528750000000002,-11.139375000000001,-0.076875,-0.016875,0.0,0.0,-0.004375,0.0,-0.004375,11.139375000000001,8000.0
12692,stockerau_full_8000_4,S2B_MSIL2A_20230621T094549_R079_T33UWP_20230621T143955,20,,0.0,0.0,0.0,13.08,4.378125,0.0,0.0,24.273125,0.254375,58.014375,0.0,160000,0,0.0,8000.000000000349,8000.000000001863,0.7269725799560547,82.541875,,0.0,0.0,0.0,0.0,0.0,0.0,0.0,0.0,0.0,0.0,0.0,0.0,0.0,8000.0
12705,stockerau_full_8000_4,S2B_MSIL2A_20230621T094549_R079_T33UWP_20230621T143955,50,,0.0,0.0,0.0,13.15234375,4.546875,0.0,0.0,24.1640625,0.2578125,57.87890625,0.0,25600,0,0.0,8000.000000000349,8000.000000001863,0.6418683528900146,82.30078125,,0.0,0.0,0.0,0.07234374999999993,0.16875000000000018,0.0,0.0,-0.10906250000000028,0.0034374999999999822,-0.13546875000000114,0.0,-0.24109375000000455,0.24109375000000455,8000.0
12718,stockerau_full_8000_4,S2B_MSIL2A_20230621T094549_R079_T33UWP_20230621T143955,100,,0.0,0.0,0.0,13.734375,4.34375,0.0,0.0,23.71875,0.234375,57.96875,0.0,6400,0,0.0,8000.000000000349,8000.000000001863,0.8723552227020264,81.921875,,0.0,0.0,0.0,0.6543749999999999,-0.03437499999999982,0.0,0.0,-0.5543750000000003,-0.020000000000000018,-0.04562500000000114,0.0,-0.6200000000000045,0.6543749999999999,8000.0
12731,stockerau_full_8000_4,S2B_MSIL2A_20230621T094549_R079_T33UWP_20230621T143955,200,,0.0,0.0,0.0,14.5625,4.5,0.0,0.0,22.875,0.25,57.8125,0.0,1600,0,0.0,8000.000000000349,8000.000000001863,0.8472566604614258,80.9375,,0.0,0.0,0.0,1.4825,0.12187500000000018,0.0,0.0,-1.3981250000000003,-0.004375000000000018,-0.20187500000000114,0.0,-1.6043750000000045,1.6043750000000045,8000.0
12744,stockerau_full_8000_4,S2B_MSIL2A_20230621T094549_R079_T33UWP_20230621T143955,500,,0.0,0.0,0.0,16.796875,2.734375,0.0,0.0,20.703125,0.78125,58.984375,0.0,256,0,0.0,8000.000000000349,8000.000000001863,0.622943639755249,80.46875,,0.0,0.0,0.0,3.716875,-1.6437499999999998,0.0,0.0,-3.5700000000000003,0.526875,0.9699999999999989,0.0,-2.0731250000000045,3.716875,8000.0
12757,stockerau_full_8000_4,S2B_MSIL2A_20230621T094549_R079_T33UWP_20230621T143955,1000,,0.0,0.0,0.0,26.5625,0.0,0.0,0.0,18.75,0.0,54.6875,0.0,64,0,0.0,8000.000000000349,8000.000000001863,0.9108130931854248,73.4375,,0.0,0.0,0.0,13.4825,-4.378125,0.0,0.0,-5.523125,-0.254375,-3.326875000000001,0.0,-9.104375000000005,13.4825,8000.0
12693,stockerau_full_8000_4,S2B_MSIL2A_20230624T095559_R122_T33UWP_20230624T142946,20,,0.0,0.0,0.0,0.0,0.0,0.0,0.0,0.0,100.0,0.0,0.0,160000,0,0.0,8000.000000000349,8000.000000001863,0.7269725799560547,100.0,,0.0,0.0,0.0,0.0,0.0,0.0,0.0,0.0,0.0,0.0,0.0,0.0,0.0,8000.0
12706,stockerau_full_8000_4,S2B_MSIL2A_20230624T095559_R122_T33UWP_20230624T142946,50,,0.0,0.0,0.0,0.0,0.0,0.0,0.0,0.0,100.0,0.0,0.0,25600,0,0.0,8000.000000000349,8000.000000001863,0.6418683528900146,100.0,,0.0,0.0,0.0,0.0,0.0,0.0,0.0,0.0,0.0,0.0,0.0,0.0,0.0,8000.0
12719,stockerau_full_8000_4,S2B_MSIL2A_20230624T095559_R122_T33UWP_20230624T142946,100,,0.0,0.0,0.0,0.0,0.0,0.0,0.0,0.0,100.0,0.0,0.0,6400,0,0.0,8000.000000000349,8000.000000001863,0.8723552227020264,100.0,,0.0,0.0,0.0,0.0,0.0,0.0,0.0,0.0,0.0,0.0,0.0,0.0,0.0,8000.0
12732,stockerau_full_8000_4,S2B_MSIL2A_20230624T095559_R122_T33UWP_20230624T142946,200,,0.0,0.0,0.0,0.0,0.0,0.0,0.0,0.0,100.0,0.0,0.0,1600,0,0.0,8000.000000000349,8000.000000001863,0.8472566604614258,100.0,,0.0,0.0,0.0,0.0,0.0,0.0,0.0,0.0,0.0,0.0,0.0,0.0,0.0,8000.0
12745,stockerau_full_8000_4,S2B_MSIL2A_20230624T095559_R122_T33UWP_20230624T142946,500,,0.0,0.0,0.0,0.0,0.0,0.0,0.0,0.0,100.0,0.0,0.0,256,0,0.0,8000.000000000349,8000.000000001863,0.622943639755249,100.0,,0.0,0.0,0.0,0.0,0.0,0.0,0.0,0.0,0.0,0.0,0.0,0.0,0.0,8000.0
12758,stockerau_full_8000_4,S2B_MSIL2A_20230624T095559_R122_T33UWP_20230624T142946,1000,,0.0,0.0,0.0,0.0,0.0,0.0,0.0,0.0,100.0,0.0,0.0,64,0,0.0,8000.000000000349,8000.000000001863,0.9108130931854248,100.0,,0.0,0.0,0.0,0.0,0.0,0.0,0.0,0.0,0.0,0.0,0.0,0.0,0.0,8000.0
12696,stockerau_full_8000_4,S2B_MSIL2A_20230701T094549_R079_T33UWP_20230701T152448,20,,0.0,0.0,0.0,0.0,0.0,0.0,0.0,0.42875,99.57125,0.0,0.0,160000,0,0.0,8000.000000000349,8000.000000001863,0.7269725799560547,100.0,,0.0,0.0,0.0,0.0,0.0,0.0,0.0,0.0,0.0,0.0,0.0,0.0,0.0,8000.0
12709,stockerau_full_8000_4,S2B_MSIL2A_20230701T094549_R079_T33UWP_20230701T152448,50,,0.0,0.0,0.0,0.0,0.0,0.0,0.0,0.42578125,99.57421875,0.0,0.0,25600,0,0.0,8000.000000000349,8000.000000001863,0.6418683528900146,100.0,,0.0,0.0,0.0,0.0,0.0,0.0,0.0,-0.00296875000000002,0.0029687499999937472,0.0,0.0,0.0,0.0,8000.0
12722,stockerau_full_8000_4,S2B_MSIL2A_20230701T094549_R079_T33UWP_20230701T152448,100,,0.0,0.0,0.0,0.0,0.0,0.0,0.0,0.390625,99.609375,0.0,0.0,6400,0,0.0,8000.000000000349,8000.000000001863,0.8723552227020264,100.0,,0.0,0.0,0.0,0.0,0.0,0.0,0.0,-0.03812500000000002,0.03812499999999375,0.0,0.0,0.0,0.0,8000.0
12735,stockerau_full_8000_4,S2B_MSIL2A_20230701T094549_R079_T33UWP_20230701T152448,200,,0.0,0.0,0.0,0.0,0.0,0.0,0.0,0.5625,99.4375,0.0,0.0,1600,0,0.0,8000.000000000349,8000.000000001863,0.8472566604614258,100.0,,0.0,0.0,0.0,0.0,0.0,0.0,0.0,0.13374999999999998,-0.13375000000000625,0.0,0.0,0.0,0.0,8000.0
12748,stockerau_full_8000_4,S2B_MSIL2A_20230701T094549_R079_T33UWP_20230701T152448,500,,0.0,0.0,0.0,0.0,0.0,0.0,0.0,0.0,100.0,0.0,0.0,256,0,0.0,8000.000000000349,8000.000000001863,0.622943639755249,100.0,,0.0,0.0,0.0,0.0,0.0,0.0,0.0,-0.42875,0.42874999999999375,0.0,0.0,0.0,0.0,8000.0
12761,stockerau_full_8000_4,S2B_MSIL2A_20230701T094549_R079_T33UWP_20230701T152448,1000,,0.0,0.0,0.0,0.0,0.0,0.0,0.0,1.5625,98.4375,0.0,0.0,64,0,0.0,8000.000000000349,8000.000000001863,0.9108130931854248,100.0,,0.0,0.0,0.0,0.0,0.0,0.0,0.0,1.13375,-1.1337500000000063,0.0,0.0,0.0,0.0,8000.0
12764,stockerau_full_8000_5,S2A_MSIL2A_20230606T095031_R079_T33UWP_20230606T162616,20,,0.0,0.0,0.0,0.0,0.0,0.0,0.0,0.448125,99.551875,0.0,0.0,160000,0,0.0,8000.000000000233,8000.000000000931,0.7983732223510742,100.0,,0.0,0.0,0.0,0.0,0.0,0.0,0.0,0.0,0.0,0.0,0.0,0.0,0.0,8000.0
12777,stockerau_full_8000_5,S2A_MSIL2A_20230606T095031_R079_T33UWP_20230606T162616,50,,0.0,0.0,0.0,0.0,0.0,0.0,0.0,0.40625,99.59375,0.0,0.0,25600,0,0.0,8000.000000000233,8000.000000000931,0.8291869163513184,100.0,,0.0,0.0,0.0,0.0,0.0,0.0,0.0,-0.041874999999999996,0.04187500000000455,0.0,0.0,0.0,0.0,8000.0
12790,stockerau_full_8000_5,S2A_MSIL2A_20230606T095031_R079_T33UWP_20230606T162616,100,,0.0,0.0,0.0,0.0,0.0,0.0,0.0,0.359375,99.640625,0.0,0.0,6400,0,0.0,8000.000000000233,8000.000000000931,0.7663357257843018,100.0,,0.0,0.0,0.0,0.0,0.0,0.0,0.0,-0.08875,0.08875000000000455,0.0,0.0,0.0,0.0,8000.0
12803,stockerau_full_8000_5,S2A_MSIL2A_20230606T095031_R079_T33UWP_20230606T162616,200,,0.0,0.0,0.0,0.0,0.0,0.0,0.0,0.375,99.625,0.0,0.0,1600,0,0.0,8000.000000000233,8000.000000000931,0.7796332836151123,100.0,,0.0,0.0,0.0,0.0,0.0,0.0,0.0,-0.073125,0.07312500000000455,0.0,0.0,0.0,0.0,8000.0
12816,stockerau_full_8000_5,S2A_MSIL2A_20230606T095031_R079_T33UWP_20230606T162616,500,,0.0,0.0,0.0,0.0,0.0,0.0,0.0,0.0,100.0,0.0,0.0,256,0,0.0,8000.000000000233,8000.000000000931,0.8582236766815186,100.0,,0.0,0.0,0.0,0.0,0.0,0.0,0.0,-0.448125,0.44812500000000455,0.0,0.0,0.0,0.0,8000.0
12829,stockerau_full_8000_5,S2A_MSIL2A_20230606T095031_R079_T33UWP_20230606T162616,1000,,0.0,0.0,0.0,0.0,0.0,0.0,0.0,0.0,100.0,0.0,0.0,64,0,0.0,8000.000000000233,8000.000000000931,0.8406643867492676,100.0,,0.0,0.0,0.0,0.0,0.0,0.0,0.0,-0.448125,0.44812500000000455,0.0,0.0,0.0,0.0,8000.0
12765,stockerau_full_8000_5,S2A_MSIL2A_20230609T100031_R122_T33UWP_20230609T173715,20,,0.0,0.0,0.0,0.0,0.0,0.0,0.0,6.185625,93.709375,0.105,0.0,160000,0,0.0,8000.000000000233,8000.000000000931,0.7983732223510742,100.0,,0.0,0.0,0.0,0.0,0.0,0.0,0.0,0.0,0.0,0.0,0.0,0.0,0.0,8000.0
12778,stockerau_full_8000_5,S2A_MSIL2A_20230609T100031_R122_T33UWP_20230609T173715,50,,0.0,0.0,0.0,0.0,0.0,0.0,0.0,6.09765625,93.8125,0.08984375,0.0,25600,0,0.0,8000.000000000233,8000.000000000931,0.8291869163513184,100.0,,0.0,0.0,0.0,0.0,0.0,0.0,0.0,-0.08796874999999993,0.10312500000000568,-0.015156249999999996,0.0,0.0,0.0,8000.0
12791,stockerau_full_8000_5,S2A_MSIL2A_20230609T100031_R122_T33UWP_20230609T173715,100,,0.0,0.0,0.0,0.0,0.0,0.0,0.0,6.21875,93.65625,0.125,0.0,6400,0,0.0,8000.000000000233,8000.000000000931,0.7663357257843018,100.0,,0.0,0.0,0.0,0.0,0.0,0.0,0.0,0.03312500000000007,-0.053124999999994316,0.020000000000000004,0.0,0.0,0.0,8000.0
12804,stockerau_full_8000_5,S2A_MSIL2A_20230609T100031_R122_T33UWP_20230609T173715,200,,0.0,0.0,0.0,0.0,0.0,0.0,0.0,5.625,94.3125,0.0625,0.0,1600,0,0.0,8000.000000000233,8000.000000000931,0.7796332836151123,100.0,,0.0,0.0,0.0,0.0,0.0,0.0,0.0,-0.5606249999999999,0.6031250000000057,-0.042499999999999996,0.0,0.0,0.0,8000.0
12817,stockerau_full_8000_5,S2A_MSIL2A_20230609T100031_R122_T33UWP_20230609T173715,500,,0.0,0.0,0.0,0.0,0.0,0.0,0.0,5.46875,94.53125,0.0,0.0,256,0,0.0,8000.000000000233,8000.000000000931,0.8582236766815186,100.0,,0.0,0.0,0.0,0.0,0.0,0.0,0.0,-0.7168749999999999,0.8218750000000057,-0.105,0.0,0.0,0.0,8000.0
12830,stockerau_full_8000_5,S2A_MSIL2A_20230609T100031_R122_T33UWP_20230609T173715,1000,,0.0,0.0,0.0,0.0,0.0,0.0,0.0,6.25,93.75,0.0,0.0,64,0,0.0,8000.000000000233,8000.000000000931,0.8406643867492676,100.0,,0.0,0.0,0.0,0.0,0.0,0.0,0.0,0.06437500000000007,0.040625000000005684,-0.105,0.0,0.0,0.0,8000.0
12768,stockerau_full_8000_5,S2A_MSIL2A_20230616T095031_R079_T33UWP_20230616T172735,20,,0.0,0.0,2.96375,71.3,20.463125,0.02625,0.073125,2.590625,2.583125,0.0,0.0,160000,0,0.0,8000.000000000233,8000.000000000931,0.7983732223510742,5.17375,,0.0,0.0,0.0,0.0,0.0,0.0,0.0,0.0,0.0,0.0,0.0,0.0,0.0,8000.0
12781,stockerau_full_8000_5,S2A_MSIL2A_20230616T095031_R079_T33UWP_20230616T172735,50,,0.0,0.0,2.92578125,71.4453125,20.41015625,0.0234375,0.0703125,2.59375,2.53125,0.0,0.0,25600,0,0.0,8000.000000000233,8000.000000000931,0.8291869163513184,5.125,,0.0,0.0,-0.03796875000000011,0.14531250000000284,-0.05296875000000156,-0.002812499999999999,-0.0028124999999999956,0.0031249999999998224,-0.05187499999999989,0.0,0.0,-0.04875000000000007,0.14531250000000284,8000.0
12794,stockerau_full_8000_5,S2A_MSIL2A_20230616T095031_R079_T33UWP_20230616T172735,100,,0.0,0.0,2.90625,71.6875,20.40625,0.015625,0.046875,2.640625,2.296875,0.0,0.0,6400,0,0.0,8000.000000000233,8000.000000000931,0.7663357257843018,4.9375,,0.0,0.0,-0.05750000000000011,0.38750000000000284,-0.05687500000000156,-0.010624999999999999,-0.026249999999999996,0.04999999999999982,-0.2862499999999999,0.0,0.0,-0.23625000000000007,0.38750000000000284,8000.0
12807,stockerau_full_8000_5,S2A_MSIL2A_20230616T095031_R079_T33UWP_20230616T172735,200,,0.0,0.0,2.375,71.4375,21.375,0.0,0.0625,2.4375,2.3125,0.0,0.0,1600,0,0.0,8000.000000000233,8000.000000000931,0.7796332836151123,4.75,,0.0,0.0,-0.5887500000000001,0.13750000000000284,0.9118749999999984,-0.02625,-0.010624999999999996,-0.15312500000000018,-0.2706249999999999,0.0,0.0,-0.42375000000000007,0.9118749999999984,8000.0
12820,stockerau_full_8000_5,S2A_MSIL2A_20230616T095031_R079_T33UWP_20230616T172735,500,,0.0,0.0,1.5625,69.921875,23.046875,0.0,0.0,3.125,2.34375,0.0,0.0,256,0,0.0,8000.000000000233,8000.000000000931,0.8582236766815186,5.46875,,0.0,0.0,-1.40125,-1.3781249999999972,2.5837499999999984,-0.02625,-0.073125,0.5343749999999998,-0.2393749999999999,0.0,0.0,0.29499999999999993,2.5837499999999984,8000.0
12833,stockerau_full_8000_5,S2A_MSIL2A_20230616T095031_R079_T33UWP_20230616T172735,1000,,0.0,0.0,1.5625,84.375,10.9375,0.0,0.0,1.5625,1.5625,0.0,0.0,64,0,0.0,8000.000000000233,8000.000000000931,0.8406643867492676,3.125,,0.0,0.0,-1.40125,13.075000000000003,-9.525625000000002,-0.02625,-0.073125,-1.0281250000000002,-1.020625,0.0,0.0,-2.04875,13.075000000000003,8000.0
12769,stockerau_full_8000_5,S2A_MSIL2A_20230619T100031_R122_T33UWP_20230619T172742,20,,0.0,0.0,0.16125,61.540625,13.284375,0.024375,2.54125,3.279375,0.0925,19.07625,0.0,160000,0,0.0,8000.000000000233,8000.000000000931,0.7983732223510742,22.448125,,0.0,0.0,0.0,0.0,0.0,0.0,0.0,0.0,0.0,0.0,0.0,0.0,0.0,8000.0
12782,stockerau_full_8000_5,S2A_MSIL2A_20230619T100031_R122_T33UWP_20230619T172742,50,,0.0,0.0,0.15625,61.44921875,13.2734375,0.01953125,2.49609375,3.40625,0.08203125,19.1171875,0.0,25600,0,0.0,8000.000000000233,8000.000000000931,0.8291869163513184,22.60546875,,0.0,0.0,-0.0050000000000000044,-0.09140624999999858,-0.01093750000000071,-0.004843750000000001,-0.04515624999999979,0.12687500000000007,-0.010468749999999999,0.040937499999998295,0.0,0.157343749999999,0.157343749999999,8000.0
12795,stockerau_full_8000_5,S2A_MSIL2A_20230619T100031_R122_T33UWP_20230619T172742,100,,0.0,0.0,0.125,61.234375,13.34375,0.015625,2.40625,3.734375,0.046875,19.09375,0.0,6400,0,0.0,8000.000000000233,8000.000000000931,0.7663357257843018,22.875,,0.0,0.0,-0.036250000000000004,-0.3062499999999986,0.05937499999999929,-0.00875,-0.1349999999999998,0.45500000000000007,-0.045625,0.017499999999998295,0.0,0.426874999999999,0.426874999999999,8000.0
12808,stockerau_full_8000_5,S2A_MSIL2A_20230619T100031_R122_T33UWP_20230619T172742,200,,0.0,0.0,0.0625,60.75,12.8125,0.0,2.8125,3.0625,0.0625,20.4375,0.0,1600,0,0.0,8000.000000000233,8000.000000000931,0.7796332836151123,23.5625,,0.0,0.0,-0.09875,-0.7906249999999986,-0.4718750000000007,-0.024375,0.2712500000000002,-0.21687499999999993,-0.03,1.3612499999999983,0.0,1.114374999999999,1.114374999999999,8000.0
12821,stockerau_full_8000_5,S2A_MSIL2A_20230619T100031_R122_T33UWP_20230619T172742,500,,0.0,0.0,0.390625,53.515625,19.53125,0.0,1.953125,3.125,0.0,21.484375,0.0,256,0,0.0,8000.000000000233,8000.000000000931,0.8582236766815186,24.609375,,0.0,0.0,0.229375,-8.024999999999999,6.246874999999999,-0.024375,-0.5881249999999998,-0.15437499999999993,-0.0925,2.4081249999999983,0.0,2.161249999999999,8.024999999999999,8000.0
12834,stockerau_full_8000_5,S2A_MSIL2A_20230619T100031_R122_T33UWP_20230619T172742,1000,,0.0,0.0,0.0,57.8125,12.5,0.0,1.5625,3.125,0.0,25.0,0.0,64,0,0.0,8000.000000000233,8000.000000000931,0.8406643867492676,28.125,,0.0,0.0,-0.16125,-3.7281249999999986,-0.7843750000000007,-0.024375,-0.9787499999999998,-0.15437499999999993,-0.0925,5.923749999999998,0.0,5.676874999999999,5.676874999999999,8000.0
12772,stockerau_full_8000_5,S2A_MSIL2A_20230626T095031_R079_T33UWP_20230626T161132,20,,0.0,0.000625,1.085625,84.865625,12.099375,0.02625,0.108125,1.171875,0.6425,0.0,0.0,160000,0,0.0,8000.000000000233,8000.000000000931,0.7983732223510742,1.814375,,0.0,0.0,0.0,0.0,0.0,0.0,0.0,0.0,0.0,0.0,0.0,0.0,0.0,8000.0
12785,stockerau_full_8000_5,S2A_MSIL2A_20230626T095031_R079_T33UWP_20230626T161132,50,,0.0,0.0,1.05078125,84.953125,12.05859375,0.0234375,0.109375,1.16015625,0.64453125,0.0,0.0,25600,0,0.0,8000.000000000233,8000.000000000931,0.8291869163513184,1.8046875,,0.0,-0.000625,-0.03484375000000006,0.08750000000000568,-0.04078125000000021,-0.002812499999999999,0.0012500000000000011,-0.01171875,0.00203125000000004,0.0,0.0,-0.009687500000000071,0.08750000000000568,8000.0
12798,stockerau_full_8000_5,S2A_MSIL2A_20230626T095031_R079_T33UWP_20230626T161132,100,,0.0,0.0,1.078125,85.21875,11.859375,0.015625,0.109375,1.125,0.59375,0.0,0.0,6400,0,0.0,8000.000000000233,8000.000000000931,0.7663357257843018,1.71875,,0.0,-0.000625,-0.007500000000000062,0.3531250000000057,-0.2400000000000002,-0.010624999999999999,0.0012500000000000011,-0.046875,-0.04874999999999996,0.0,0.0,-0.09562500000000007,0.3531250000000057,8000.0
12811,stockerau_full_8000_5,S2A_MSIL2A_20230626T095031_R079_T33UWP_20230626T161132,200,,0.0,0.0,1.0625,86.0,11.0,0.0,0.0625,1.125,0.75,0.0,0.0,1600,0,0.0,8000.000000000233,8000.000000000931,0.7796332836151123,1.875,,0.0,-0.000625,-0.023125000000000062,1.1343750000000057,-1.0993750000000002,-0.02625,-0.045625,-0.046875,0.10750000000000004,0.0,0.0,0.06062499999999993,1.1343750000000057,8000.0
12824,stockerau_full_8000_5,S2A_MSIL2A_20230626T095031_R079_T33UWP_20230626T161132,500,,0.0,0.0,0.78125,83.203125,14.84375,0.0,0.0,0.390625,0.78125,0.0,0.0,256,0,0.0,8000.000000000233,8000.000000000931,0.8582236766815186,1.171875,,0.0,-0.000625,-0.30437500000000006,-1.6624999999999943,2.744375,-0.02625,-0.108125,-0.78125,0.13875000000000004,0.0,0.0,-0.6425000000000001,2.744375,8000.0
12837,stockerau_full_8000_5,S2A_MSIL2A_20230626T095031_R079_T33UWP_20230626T161132,1000,,0.0,0.0,0.0,89.0625,9.375,0.0,0.0,0.0,1.5625,0.0,0.0,64,0,0.0,8000.000000000233,8000.000000000931,0.8406643867492676,1.5625,,0.0,-0.000625,-1.085625,4.196875000000006,-2.724375,-0.02625,-0.108125,-1.171875,0.92,0.0,0.0,-0.25187500000000007,4.196875000000006,8000.0
12773,stockerau_full_8000_5,S2A_MSIL2A_20230629T100031_R122_T33UWP_20230629T191411,20,,0.0,0.00375,1.66125,86.049375,11.295625,0.02625,0.1375,0.748125,0.078125,0.0,0.0,160000,0,0.0,8000.000000000233,8000.000000000931,0.7983732223510742,0.82625,,0.0,0.0,0.0,0.0,0.0,0.0,0.0,0.0,0.0,0.0,0.0,0.0,0.0,8000.0
12786,stockerau_full_8000_5,S2A_MSIL2A_20230629T100031_R122_T33UWP_20230629T191411,50,,0.0,0.0,1.6640625,86.22265625,11.1171875,0.0234375,0.140625,0.75390625,0.078125,0.0,0.0,25600,0,0.0,8000.000000000233,8000.000000000931,0.8291869163513184,0.83203125,,0.0,-0.00375,0.0028125000000001066,0.17328125000000227,-0.17843749999999936,-0.002812499999999999,0.003124999999999989,0.00578124999999996,0.0,0.0,0.0,0.00578124999999996,0.17843749999999936,8000.0
12799,stockerau_full_8000_5,S2A_MSIL2A_20230629T100031_R122_T33UWP_20230629T191411,100,,0.0,0.0,1.6875,86.0625,11.25,0.015625,0.15625,0.765625,0.0625,0.0,0.0,6400,0,0.0,8000.000000000233,8000.000000000931,0.7663357257843018,0.828125,,0.0,-0.00375,0.026250000000000107,0.013125000000002274,-0.04562499999999936,-0.010624999999999999,0.01874999999999999,0.01749999999999996,-0.015625,0.0,0.0,0.00187499999999996,0.04562499999999936,8000.0
12812,stockerau_full_8000_5,S2A_MSIL2A_20230629T100031_R122_T33UWP_20230629T191411,200,,0.0,0.0,1.625,86.5,10.875,0.0,0.125,0.8125,0.0625,0.0,0.0,1600,0,0.0,8000.000000000233,8000.000000000931,0.7796332836151123,0.875,,0.0,-0.00375,-0.03624999999999989,0.4506250000000023,-0.42062499999999936,-0.02625,-0.012500000000000011,0.06437499999999996,-0.015625,0.0,0.0,0.04874999999999996,0.4506250000000023,8000.0
12825,stockerau_full_8000_5,S2A_MSIL2A_20230629T100031_R122_T33UWP_20230629T191411,500,,0.0,0.0,2.34375,82.03125,14.0625,0.0,0.0,1.5625,0.0,0.0,0.0,256,0,0.0,8000.000000000233,8000.000000000931,0.8582236766815186,1.5625,,0.0,-0.00375,0.6825000000000001,-4.018124999999998,2.7668750000000006,-0.02625,-0.1375,0.814375,-0.078125,0.0,0.0,0.73625,4.018124999999998,8000.0
12838,stockerau_full_8000_5,S2A_MSIL2A_20230629T100031_R122_T33UWP_20230629T191411,1000,,0.0,0.0,0.0,87.5,9.375,0.0,0.0,3.125,0.0,0.0,0.0,64,0,0.0,8000.000000000233,8000.000000000931,0.8406643867492676,3.125,,0.0,-0.00375,-1.66125,1.4506250000000023,-1.9206249999999994,-0.02625,-0.1375,2.376875,-0.078125,0.0,0.0,2.29875,2.29875,8000.0
12762,stockerau_full_8000_5,S2B_MSIL2A_20230601T094549_R079_T33UWP_20230601T163321,20,,0.0,0.0,0.0,68.125,31.8325,0.02625,0.01625,0.0,0.0,0.0,0.0,160000,0,0.0,8000.000000000233,8000.000000000931,0.7983732223510742,0.0,,0.0,0.0,0.0,0.0,0.0,0.0,0.0,0.0,0.0,0.0,0.0,0.0,0.0,8000.0
12775,stockerau_full_8000_5,S2B_MSIL2A_20230601T094549_R079_T33UWP_20230601T163321,50,,0.0,0.0,0.0,68.2109375,31.75390625,0.01953125,0.015625,0.0,0.0,0.0,0.0,25600,0,0.0,8000.000000000233,8000.000000000931,0.8291869163513184,0.0,,0.0,0.0,0.0,0.0859375,-0.07859374999999957,-0.006718749999999999,-0.0006250000000000006,0.0,0.0,0.0,0.0,0.0,0.0859375,8000.0
12788,stockerau_full_8000_5,S2B_MSIL2A_20230601T094549_R079_T33UWP_20230601T163321,100,,0.0,0.0,0.0,67.875,32.109375,0.015625,0.0,0.0,0.0,0.0,0.0,6400,0,0.0,8000.000000000233,8000.000000000931,0.7663357257843018,0.0,,0.0,0.0,0.0,-0.25,0.2768750000000004,-0.010624999999999999,-0.01625,0.0,0.0,0.0,0.0,0.0,0.2768750000000004,8000.0
12801,stockerau_full_8000_5,S2B_MSIL2A_20230601T094549_R079_T33UWP_20230601T163321,200,,0.0,0.0,0.0,67.875,32.125,0.0,0.0,0.0,0.0,0.0,0.0,1600,0,0.0,8000.000000000233,8000.000000000931,0.7796332836151123,0.0,,0.0,0.0,0.0,-0.25,0.2925000000000004,-0.02625,-0.01625,0.0,0.0,0.0,0.0,0.0,0.2925000000000004,8000.0
12814,stockerau_full_8000_5,S2B_MSIL2A_20230601T094549_R079_T33UWP_20230601T163321,500,,0.0,0.0,0.0,62.890625,37.109375,0.0,0.0,0.0,0.0,0.0,0.0,256,0,0.0,8000.000000000233,8000.000000000931,0.8582236766815186,0.0,,0.0,0.0,0.0,-5.234375,5.276875,-0.02625,-0.01625,0.0,0.0,0.0,0.0,0.0,5.276875,8000.0
12827,stockerau_full_8000_5,S2B_MSIL2A_20230601T094549_R079_T33UWP_20230601T163321,1000,,0.0,0.0,0.0,73.4375,26.5625,0.0,0.0,0.0,0.0,0.0,0.0,64,0,0.0,8000.000000000233,8000.000000000931,0.8406643867492676,0.0,,0.0,0.0,0.0,5.3125,-5.27,-0.02625,-0.01625,0.0,0.0,0.0,0.0,0.0,5.3125,8000.0
12763,stockerau_full_8000_5,S2B_MSIL2A_20230604T095559_R122_T33UWP_20230604T174403,20,,0.0,0.0,1.55125,23.396875,8.78625,0.0,3.320625,20.3725,24.006875,18.565625,0.0,160000,0,0.0,8000.000000000233,8000.000000000931,0.7983732223510742,62.94499999999999,,0.0,0.0,0.0,0.0,0.0,0.0,0.0,0.0,0.0,0.0,0.0,0.0,0.0,8000.0
12776,stockerau_full_8000_5,S2B_MSIL2A_20230604T095559_R122_T33UWP_20230604T174403,50,,0.0,0.0,1.50390625,23.171875,8.73828125,0.0,3.40625,20.4375,24.203125,18.5390625,0.0,25600,0,0.0,8000.000000000233,8000.000000000931,0.8291869163513184,63.1796875,,0.0,0.0,-0.04734375000000002,-0.22500000000000142,-0.04796875000000078,0.0,0.08562499999999984,0.06500000000000128,0.19624999999999915,-0.02656250000000071,0.0,0.23468750000000682,0.23468750000000682,8000.0
12789,stockerau_full_8000_5,S2B_MSIL2A_20230604T095559_R122_T33UWP_20230604T174403,100,,0.0,0.0,1.46875,23.203125,8.453125,0.0,3.3125,20.421875,24.640625,18.5,0.0,6400,0,0.0,8000.000000000233,8000.000000000931,0.7663357257843018,63.5625,,0.0,0.0,-0.08250000000000002,-0.19375000000000142,-0.3331250000000008,0.0,-0.00812500000000016,0.04937500000000128,0.6337499999999991,-0.06562500000000071,0.0,0.6175000000000068,0.6175000000000068,8000.0
12802,stockerau_full_8000_5,S2B_MSIL2A_20230604T095559_R122_T33UWP_20230604T174403,200,,0.0,0.0,1.5,23.1875,7.625,0.0,3.625,20.5,25.25,18.3125,0.0,1600,0,0.0,8000.000000000233,8000.000000000931,0.7796332836151123,64.0625,,0.0,0.0,-0.05125000000000002,-0.20937500000000142,-1.1612500000000008,0.0,0.30437499999999984,0.12750000000000128,1.2431249999999991,-0.2531250000000007,0.0,1.1175000000000068,1.1612500000000008,8000.0
12815,stockerau_full_8000_5,S2B_MSIL2A_20230604T095559_R122_T33UWP_20230604T174403,500,,0.0,0.0,1.5625,20.3125,8.203125,0.0,3.90625,19.53125,27.734375,18.75,0.0,256,0,0.0,8000.000000000233,8000.000000000931,0.8582236766815186,66.015625,,0.0,0.0,0.011249999999999982,-3.0843750000000014,-0.5831250000000008,0.0,0.5856249999999998,-0.8412499999999987,3.727499999999999,0.1843749999999993,0.0,3.070625000000007,3.0843750000000014,8000.0
12828,stockerau_full_8000_5,S2B_MSIL2A_20230604T095559_R122_T33UWP_20230604T174403,1000,,0.0,0.0,1.5625,17.1875,4.6875,0.0,4.6875,20.3125,31.25,20.3125,0.0,64,0,0.0,8000.000000000233,8000.000000000931,0.8406643867492676,71.875,,0.0,0.0,0.011249999999999982,-6.209375000000001,-4.098750000000001,0.0,1.3668749999999998,-0.05999999999999872,7.243124999999999,1.7468749999999993,0.0,8.930000000000007,8.930000000000007,8000.0
12766,stockerau_full_8000_5,S2B_MSIL2A_20230611T094549_R079_T33UWP_20230611T135320,20,,0.0,0.0,0.0,0.0,0.0,0.0,0.0,0.03625,99.96375,0.0,0.0,160000,0,0.0,8000.000000000233,8000.000000000931,0.7983732223510742,100.0,,0.0,0.0,0.0,0.0,0.0,0.0,0.0,0.0,0.0,0.0,0.0,0.0,0.0,8000.0
12779,stockerau_full_8000_5,S2B_MSIL2A_20230611T094549_R079_T33UWP_20230611T135320,50,,0.0,0.0,0.0,0.0,0.0,0.0,0.0,0.03515625,99.96484375,0.0,0.0,25600,0,0.0,8000.000000000233,8000.000000000931,0.8291869163513184,100.0,,0.0,0.0,0.0,0.0,0.0,0.0,0.0,-0.0010937499999999975,0.0010937499999954525,0.0,0.0,0.0,0.0,8000.0
12792,stockerau_full_8000_5,S2B_MSIL2A_20230611T094549_R079_T33UWP_20230611T135320,100,,0.0,0.0,0.0,0.0,0.0,0.0,0.0,0.046875,99.953125,0.0,0.0,6400,0,0.0,8000.000000000233,8000.000000000931,0.7663357257843018,100.0,,0.0,0.0,0.0,0.0,0.0,0.0,0.0,0.010625000000000002,-0.010625000000004547,0.0,0.0,0.0,0.0,8000.0
12805,stockerau_full_8000_5,S2B_MSIL2A_20230611T094549_R079_T33UWP_20230611T135320,200,,0.0,0.0,0.0,0.0,0.0,0.0,0.0,0.0625,99.9375,0.0,0.0,1600,0,0.0,8000.000000000233,8000.000000000931,0.7796332836151123,100.0,,0.0,0.0,0.0,0.0,0.0,0.0,0.0,0.026250000000000002,-0.026250000000004547,0.0,0.0,0.0,0.0,8000.0
12818,stockerau_full_8000_5,S2B_MSIL2A_20230611T094549_R079_T33UWP_20230611T135320,500,,0.0,0.0,0.0,0.0,0.0,0.0,0.0,0.0,100.0,0.0,0.0,256,0,0.0,8000.000000000233,8000.000000000931,0.8582236766815186,100.0,,0.0,0.0,0.0,0.0,0.0,0.0,0.0,-0.03625,0.03624999999999545,0.0,0.0,0.0,0.0,8000.0
12831,stockerau_full_8000_5,S2B_MSIL2A_20230611T094549_R079_T33UWP_20230611T135320,1000,,0.0,0.0,0.0,0.0,0.0,0.0,0.0,0.0,100.0,0.0,0.0,64,0,0.0,8000.000000000233,8000.000000000931,0.8406643867492676,100.0,,0.0,0.0,0.0,0.0,0.0,0.0,0.0,-0.03625,0.03624999999999545,0.0,0.0,0.0,0.0,8000.0
12767,stockerau_full_8000_5,S2B_MSIL2A_20230614T095559_R122_T33UWP_20230614T142248,20,,0.0,0.000625,10.120625,56.289375,16.22375,0.005625,0.43625,10.188125,6.735625,0.0,0.0,160000,0,0.0,8000.000000000233,8000.000000000931,0.7983732223510742,16.92375,,0.0,0.0,0.0,0.0,0.0,0.0,0.0,0.0,0.0,0.0,0.0,0.0,0.0,8000.0
12780,stockerau_full_8000_5,S2B_MSIL2A_20230614T095559_R122_T33UWP_20230614T142248,50,,0.0,0.0,10.00390625,56.375,16.23046875,0.00390625,0.4140625,10.3125,6.66015625,0.0,0.0,25600,0,0.0,8000.000000000233,8000.000000000931,0.8291869163513184,16.97265625,,0.0,-0.000625,-0.11671875000000043,0.08562500000000028,0.006718750000000995,-0.0017187499999999998,-0.022187500000000027,0.12437500000000057,-0.07546874999999975,0.0,0.0,0.048906250000001705,0.11671875000000043,8000.0
12793,stockerau_full_8000_5,S2B_MSIL2A_20230614T095559_R122_T33UWP_20230614T142248,100,,0.0,0.0,9.984375,56.546875,16.078125,0.0,0.453125,10.28125,6.65625,0.0,0.0,6400,0,0.0,8000.000000000233,8000.000000000931,0.7663357257843018,16.9375,,0.0,-0.000625,-0.13625000000000043,0.2575000000000003,-0.145624999999999,-0.005625,0.016874999999999973,0.09312500000000057,-0.07937499999999975,0.0,0.0,0.013750000000001705,0.2575000000000003,8000.0
12806,stockerau_full_8000_5,S2B_MSIL2A_20230614T095559_R122_T33UWP_20230614T142248,200,,0.0,0.0,10.25,56.125,16.6875,0.0,0.4375,9.5625,6.9375,0.0,0.0,1600,0,0.0,8000.000000000233,8000.000000000931,0.7796332836151123,16.5,,0.0,-0.000625,0.12937499999999957,-0.16437499999999972,0.463750000000001,-0.005625,0.0012499999999999734,-0.6256249999999994,0.20187500000000025,0.0,0.0,-0.4237499999999983,0.463750000000001,8000.0
12819,stockerau_full_8000_5,S2B_MSIL2A_20230614T095559_R122_T33UWP_20230614T142248,500,,0.0,0.0,8.984375,55.078125,17.1875,0.0,0.390625,12.109375,6.25,0.0,0.0,256,0,0.0,8000.000000000233,8000.000000000931,0.8582236766815186,18.359375,,0.0,-0.000625,-1.1362500000000004,-1.2112499999999997,0.963750000000001,-0.005625,-0.04562500000000003,1.9212500000000006,-0.48562499999999975,0.0,0.0,1.4356250000000017,1.4356250000000017,8000.0
12832,stockerau_full_8000_5,S2B_MSIL2A_20230614T095559_R122_T33UWP_20230614T142248,1000,,0.0,0.0,10.9375,67.1875,7.8125,0.0,0.0,4.6875,9.375,0.0,0.0,64,0,0.0,8000.000000000233,8000.000000000931,0.8406643867492676,14.0625,,0.0,-0.000625,0.8168749999999996,10.898125,-8.411249999999999,-0.005625,-0.43625,-5.500624999999999,2.6393750000000002,0.0,0.0,-2.8612499999999983,10.898125,8000.0
12770,stockerau_full_8000_5,S2B_MSIL2A_20230621T094549_R079_T33UWP_20230621T143955,20,,0.0,0.0,0.0,58.705,10.50375,0.0,0.0,0.223125,0.02375,30.544375,0.0,160000,0,0.0,8000.000000000233,8000.000000000931,0.7983732223510742,30.791249999999998,,0.0,0.0,0.0,0.0,0.0,0.0,0.0,0.0,0.0,0.0,0.0,0.0,0.0,8000.0
12783,stockerau_full_8000_5,S2B_MSIL2A_20230621T094549_R079_T33UWP_20230621T143955,50,,0.0,0.0,0.0,58.86328125,10.45703125,0.0,0.0,0.21484375,0.0234375,30.44140625,0.0,25600,0,0.0,8000.000000000233,8000.000000000931,0.8291869163513184,30.6796875,,0.0,0.0,0.0,0.1582812500000017,-0.04671875000000014,0.0,0.0,-0.00828124999999999,-0.0003125000000000003,-0.10296874999999872,0.0,-0.11156249999999801,0.1582812500000017,8000.0
12796,stockerau_full_8000_5,S2B_MSIL2A_20230621T094549_R079_T33UWP_20230621T143955,100,,0.0,0.0,0.0,59.40625,10.3125,0.0,0.0,0.25,0.015625,30.015625,0.0,6400,0,0.0,8000.000000000233,8000.000000000931,0.7663357257843018,30.28125,,0.0,0.0,0.0,0.7012500000000017,-0.19125000000000014,0.0,0.0,0.02687500000000001,-0.008125,-0.5287499999999987,0.0,-0.509999999999998,0.7012500000000017,8000.0
12809,stockerau_full_8000_5,S2B_MSIL2A_20230621T094549_R079_T33UWP_20230621T143955,200,,0.0,0.0,0.0,59.8125,11.0,0.0,0.0,0.0625,0.0625,29.0625,0.0,1600,0,0.0,8000.000000000233,8000.000000000931,0.7796332836151123,29.1875,,0.0,0.0,0.0,1.1075000000000017,0.49624999999999986,0.0,0.0,-0.160625,0.03875,-1.4818749999999987,0.0,-1.603749999999998,1.603749999999998,8000.0
12822,stockerau_full_8000_5,S2B_MSIL2A_20230621T094549_R079_T33UWP_20230621T143955,500,,0.0,0.0,0.0,58.203125,12.109375,0.0,0.0,0.78125,0.0,28.90625,0.0,256,0,0.0,8000.000000000233,8000.000000000931,0.8582236766815186,29.6875,,0.0,0.0,0.0,-0.5018749999999983,1.6056249999999999,0.0,0.0,0.558125,-0.02375,-1.6381249999999987,0.0,-1.103749999999998,1.6056249999999999,8000.0
12835,stockerau_full_8000_5,S2B_MSIL2A_20230621T094549_R079_T33UWP_20230621T143955,1000,,0.0,0.0,0.0,56.25,12.5,0.0,0.0,0.0,0.0,31.25,0.0,64,0,0.0,8000.000000000233,8000.000000000931,0.8406643867492676,31.25,,0.0,0.0,0.0,-2.4549999999999983,1.9962499999999999,0.0,0.0,-0.223125,-0.02375,0.7056250000000013,0.0,0.458750000000002,2.4549999999999983,8000.0
12771,stockerau_full_8000_5,S2B_MSIL2A_20230624T095559_R122_T33UWP_20230624T142946,20,,0.0,0.0,0.0,0.0,0.0,0.0,0.0,0.0,100.0,0.0,0.0,160000,0,0.0,8000.000000000233,8000.000000000931,0.7983732223510742,100.0,,0.0,0.0,0.0,0.0,0.0,0.0,0.0,0.0,0.0,0.0,0.0,0.0,0.0,8000.0
12784,stockerau_full_8000_5,S2B_MSIL2A_20230624T095559_R122_T33UWP_20230624T142946,50,,0.0,0.0,0.0,0.0,0.0,0.0,0.0,0.0,100.0,0.0,0.0,25600,0,0.0,8000.000000000233,8000.000000000931,0.8291869163513184,100.0,,0.0,0.0,0.0,0.0,0.0,0.0,0.0,0.0,0.0,0.0,0.0,0.0,0.0,8000.0
12797,stockerau_full_8000_5,S2B_MSIL2A_20230624T095559_R122_T33UWP_20230624T142946,100,,0.0,0.0,0.0,0.0,0.0,0.0,0.0,0.0,100.0,0.0,0.0,6400,0,0.0,8000.000000000233,8000.000000000931,0.7663357257843018,100.0,,0.0,0.0,0.0,0.0,0.0,0.0,0.0,0.0,0.0,0.0,0.0,0.0,0.0,8000.0
12810,stockerau_full_8000_5,S2B_MSIL2A_20230624T095559_R122_T33UWP_20230624T142946,200,,0.0,0.0,0.0,0.0,0.0,0.0,0.0,0.0,100.0,0.0,0.0,1600,0,0.0,8000.000000000233,8000.000000000931,0.7796332836151123,100.0,,0.0,0.0,0.0,0.0,0.0,0.0,0.0,0.0,0.0,0.0,0.0,0.0,0.0,8000.0
12823,stockerau_full_8000_5,S2B_MSIL2A_20230624T095559_R122_T33UWP_20230624T142946,500,,0.0,0.0,0.0,0.0,0.0,0.0,0.0,0.0,100.0,0.0,0.0,256,0,0.0,8000.000000000233,8000.000000000931,0.8582236766815186,100.0,,0.0,0.0,0.0,0.0,0.0,0.0,0.0,0.0,0.0,0.0,0.0,0.0,0.0,8000.0
12836,stockerau_full_8000_5,S2B_MSIL2A_20230624T095559_R122_T33UWP_20230624T142946,1000,,0.0,0.0,0.0,0.0,0.0,0.0,0.0,0.0,100.0,0.0,0.0,64,0,0.0,8000.000000000233,8000.000000000931,0.8406643867492676,100.0,,0.0,0.0,0.0,0.0,0.0,0.0,0.0,0.0,0.0,0.0,0.0,0.0,0.0,8000.0
12774,stockerau_full_8000_5,S2B_MSIL2A_20230701T094549_R079_T33UWP_20230701T152448,20,,0.0,0.0,3.41375,0.0,0.0,0.0,0.0,18.6025,72.8725,5.11125,0.0,160000,0,0.0,8000.000000000233,8000.000000000931,0.7983732223510742,96.58624999999999,,0.0,0.0,0.0,0.0,0.0,0.0,0.0,0.0,0.0,0.0,0.0,0.0,0.0,8000.0
12787,stockerau_full_8000_5,S2B_MSIL2A_20230701T094549_R079_T33UWP_20230701T152448,50,,0.0,0.0,3.421875,0.0,0.0,0.0,0.0,18.46484375,73.0703125,5.04296875,0.0,25600,0,0.0,8000.000000000233,8000.000000000931,0.8291869163513184,96.578125,,0.0,0.0,0.00812500000000016,0.0,0.0,0.0,0.0,-0.13765624999999915,0.19781249999999773,-0.06828125000000007,0.0,-0.00812499999999261,0.00812500000000016,8000.0
12800,stockerau_full_8000_5,S2B_MSIL2A_20230701T094549_R079_T33UWP_20230701T152448,100,,0.0,0.0,3.390625,0.0,0.0,0.0,0.0,18.421875,73.09375,5.09375,0.0,6400,0,0.0,8000.000000000233,8000.000000000931,0.7663357257843018,96.609375,,0.0,0.0,-0.02312499999999984,0.0,0.0,0.0,0.0,-0.18062499999999915,0.22124999999999773,-0.01750000000000007,0.0,0.02312500000000739,0.02312500000000739,8000.0
12813,stockerau_full_8000_5,S2B_MSIL2A_20230701T094549_R079_T33UWP_20230701T152448,200,,0.0,0.0,3.5625,0.0,0.0,0.0,0.0,18.0,73.625,4.8125,0.0,1600,0,0.0,8000.000000000233,8000.000000000931,0.7796332836151123,96.4375,,0.0,0.0,0.14875000000000016,0.0,0.0,0.0,0.0,-0.6024999999999991,0.7524999999999977,-0.29875000000000007,0.0,-0.1487499999999926,0.14875000000000016,8000.0
12826,stockerau_full_8000_5,S2B_MSIL2A_20230701T094549_R079_T33UWP_20230701T152448,500,,0.0,0.0,3.125,0.0,0.0,0.0,0.0,19.53125,73.4375,3.90625,0.0,256,0,0.0,8000.000000000233,8000.000000000931,0.8582236766815186,96.875,,0.0,0.0,-0.28874999999999984,0.0,0.0,0.0,0.0,0.9287500000000009,0.5649999999999977,-1.205,0.0,0.2887500000000074,0.2887500000000074,8000.0
12839,stockerau_full_8000_5,S2B_MSIL2A_20230701T094549_R079_T33UWP_20230701T152448,1000,,0.0,0.0,6.25,0.0,0.0,0.0,0.0,12.5,79.6875,1.5625,0.0,64,0,0.0,8000.000000000233,8000.000000000931,0.8406643867492676,93.75,,0.0,0.0,2.83625,0.0,0.0,0.0,0.0,-6.102499999999999,6.814999999999998,-3.54875,0.0,-2.8362499999999926,2.83625,8000.0
12842,stockerau_full_8000_6,S2A_MSIL2A_20230606T095031_R079_T33UWP_20230606T162616,20,,0.0,0.0,0.0,0.0,0.0,0.00875,0.0,2.879375,97.111875,0.0,0.0,160000,0,0.0,8000.0,8000.000000000931,0.9339876174926758,99.99125,,0.0,0.0,0.0,0.0,0.0,0.0,0.0,0.0,0.0,0.0,0.0,0.0,0.0,8000.0
12855,stockerau_full_8000_6,S2A_MSIL2A_20230606T095031_R079_T33UWP_20230606T162616,50,,0.0,0.0,0.0,0.0,0.0,0.00390625,0.0,2.9375,97.05859375,0.0,0.0,25600,0,0.0,8000.0,8000.000000000931,0.8928189277648926,99.99609375,,0.0,0.0,0.0,0.0,0.0,-0.004843750000000001,0.0,0.05812499999999998,-0.053281249999997726,0.0,0.0,0.004843750000006253,0.004843750000006253,8000.0
12868,stockerau_full_8000_6,S2A_MSIL2A_20230606T095031_R079_T33UWP_20230606T162616,100,,0.0,0.0,0.0,0.0,0.0,0.0,0.0,2.921875,97.078125,0.0,0.0,6400,0,0.0,8000.0,8000.000000000931,0.9515247344970703,100.0,,0.0,0.0,0.0,0.0,0.0,-0.00875,0.0,0.04249999999999998,-0.033749999999997726,0.0,0.0,0.008750000000006253,0.008750000000006253,8000.0
12881,stockerau_full_8000_6,S2A_MSIL2A_20230606T095031_R079_T33UWP_20230606T162616,200,,0.0,0.0,0.0,0.0,0.0,0.0,0.0,2.625,97.375,0.0,0.0,1600,0,0.0,8000.0,8000.000000000931,0.8394315242767334,100.0,,0.0,0.0,0.0,0.0,0.0,-0.00875,0.0,-0.254375,0.2631250000000023,0.0,0.0,0.008750000000006253,0.008750000000006253,8000.0
12894,stockerau_full_8000_6,S2A_MSIL2A_20230606T095031_R079_T33UWP_20230606T162616,500,,0.0,0.0,0.0,0.0,0.0,0.0,0.0,1.953125,98.046875,0.0,0.0,256,0,0.0,8000.0,8000.000000000931,0.8405864238739014,100.0,,0.0,0.0,0.0,0.0,0.0,-0.00875,0.0,-0.92625,0.9350000000000023,0.0,0.0,0.008750000000006253,0.008750000000006253,8000.0
12907,stockerau_full_8000_6,S2A_MSIL2A_20230606T095031_R079_T33UWP_20230606T162616,1000,,0.0,0.0,0.0,0.0,0.0,0.0,0.0,4.6875,95.3125,0.0,0.0,64,0,0.0,8000.0,8000.000000000931,1.0786654949188232,100.0,,0.0,0.0,0.0,0.0,0.0,-0.00875,0.0,1.808125,-1.7993749999999977,0.0,0.0,0.008750000000006253,0.008750000000006253,8000.0
12843,stockerau_full_8000_6,S2A_MSIL2A_20230609T100031_R122_T33UWP_20230609T173715,20,,0.0,0.0,0.0,0.0,0.0,0.0,0.0,14.9325,84.301875,0.765625,0.0,160000,0,0.0,8000.0,8000.000000000931,0.9339876174926758,100.0,,0.0,0.0,0.0,0.0,0.0,0.0,0.0,0.0,0.0,0.0,0.0,0.0,0.0,8000.0
12856,stockerau_full_8000_6,S2A_MSIL2A_20230609T100031_R122_T33UWP_20230609T173715,50,,0.0,0.0,0.0,0.0,0.0,0.0,0.0,14.95703125,84.3203125,0.72265625,0.0,25600,0,0.0,8000.0,8000.000000000931,0.8928189277648926,100.0,,0.0,0.0,0.0,0.0,0.0,0.0,0.0,0.02453125000000078,0.018437500000004547,-0.04296875,0.0,0.0,0.0,8000.0
12869,stockerau_full_8000_6,S2A_MSIL2A_20230609T100031_R122_T33UWP_20230609T173715,100,,0.0,0.0,0.0,0.0,0.0,0.0,0.0,14.671875,84.375,0.953125,0.0,6400,0,0.0,8000.0,8000.000000000931,0.9515247344970703,100.0,,0.0,0.0,0.0,0.0,0.0,0.0,0.0,-0.2606249999999992,0.07312500000000455,0.1875,0.0,0.0,0.0,8000.0
12882,stockerau_full_8000_6,S2A_MSIL2A_20230609T100031_R122_T33UWP_20230609T173715,200,,0.0,0.0,0.0,0.0,0.0,0.0,0.0,15.3125,84.125,0.5625,0.0,1600,0,0.0,8000.0,8000.000000000931,0.8394315242767334,100.0,,0.0,0.0,0.0,0.0,0.0,0.0,0.0,0.3800000000000008,-0.17687499999999545,-0.203125,0.0,0.0,0.0,8000.0
12895,stockerau_full_8000_6,S2A_MSIL2A_20230609T100031_R122_T33UWP_20230609T173715,500,,0.0,0.0,0.0,0.0,0.0,0.0,0.0,16.796875,82.8125,0.390625,0.0,256,0,0.0,8000.0,8000.000000000931,0.8405864238739014,100.0,,0.0,0.0,0.0,0.0,0.0,0.0,0.0,1.8643750000000008,-1.4893749999999955,-0.375,0.0,0.0,0.0,8000.0
12908,stockerau_full_8000_6,S2A_MSIL2A_20230609T100031_R122_T33UWP_20230609T173715,1000,,0.0,0.0,0.0,0.0,0.0,0.0,0.0,20.3125,79.6875,0.0,0.0,64,0,0.0,8000.0,8000.000000000931,1.0786654949188232,100.0,,0.0,0.0,0.0,0.0,0.0,0.0,0.0,5.380000000000001,-4.6143749999999955,-0.765625,0.0,0.0,0.0,8000.0
12846,stockerau_full_8000_6,S2A_MSIL2A_20230616T095031_R079_T33UWP_20230616T172735,20,,0.0,0.055625,1.623125,77.368125,13.835,5.3525,0.3,0.891875,0.57375,0.0,0.0,160000,0,0.0,8000.0,8000.000000000931,0.9339876174926758,1.465625,,0.0,0.0,0.0,0.0,0.0,0.0,0.0,0.0,0.0,0.0,0.0,0.0,0.0,8000.0
12859,stockerau_full_8000_6,S2A_MSIL2A_20230616T095031_R079_T33UWP_20230616T172735,50,,0.0,0.0546875,1.69140625,77.3203125,13.7734375,5.35546875,0.3046875,0.890625,0.609375,0.0,0.0,25600,0,0.0,8000.0,8000.000000000931,0.8928189277648926,1.5,,0.0,-0.0009375000000000008,0.06828125000000007,-0.04781250000000625,-0.06156250000000085,0.0029687499999999645,0.004687500000000011,-0.0012499999999999734,0.03562500000000002,0.0,0.0,0.034375000000000044,0.06828125000000007,8000.0
12872,stockerau_full_8000_6,S2A_MSIL2A_20230616T095031_R079_T33UWP_20230616T172735,100,,0.0,0.0625,1.71875,77.046875,14.015625,5.21875,0.3125,0.953125,0.65625,0.015625,0.0,6400,0,0.0,8000.0,8000.000000000931,0.9515247344970703,1.625,,0.0,0.006874999999999999,0.09562500000000007,-0.32125000000000625,0.18062499999999915,-0.13375000000000004,0.012500000000000011,0.06125000000000003,0.08250000000000002,0.015625,0.0,0.15937500000000004,0.32125000000000625,8000.0
12885,stockerau_full_8000_6,S2A_MSIL2A_20230616T095031_R079_T33UWP_20230616T172735,200,,0.0,0.0,2.0625,75.875,15.1875,5.0625,0.1875,0.75,0.875,0.0,0.0,1600,0,0.0,8000.0,8000.000000000931,0.8394315242767334,1.625,,0.0,-0.055625,0.43937500000000007,-1.4931250000000063,1.3524999999999991,-0.29000000000000004,-0.11249999999999999,-0.14187499999999997,0.30125,0.0,0.0,0.15937500000000004,1.4931250000000063,8000.0
12898,stockerau_full_8000_6,S2A_MSIL2A_20230616T095031_R079_T33UWP_20230616T172735,500,,0.0,0.0,1.171875,73.4375,16.40625,5.859375,0.0,1.5625,1.5625,0.0,0.0,256,0,0.0,8000.0,8000.000000000931,0.8405864238739014,3.125,,0.0,-0.055625,-0.45124999999999993,-3.9306250000000063,2.571249999999999,0.506875,-0.3,0.670625,0.98875,0.0,0.0,1.659375,3.9306250000000063,8000.0
12911,stockerau_full_8000_6,S2A_MSIL2A_20230616T095031_R079_T33UWP_20230616T172735,1000,,0.0,0.0,3.125,78.125,12.5,4.6875,0.0,1.5625,0.0,0.0,0.0,64,0,0.0,8000.0,8000.000000000931,1.0786654949188232,1.5625,,0.0,-0.055625,1.501875,0.7568749999999937,-1.3350000000000009,-0.665,-0.3,0.670625,-0.57375,0.0,0.0,0.09687500000000004,1.501875,8000.0
12847,stockerau_full_8000_6,S2A_MSIL2A_20230619T100031_R122_T33UWP_20230619T172742,20,,0.0,0.025625,0.0275,56.983125,13.813125,4.610625,2.7175,11.606875,3.205625,7.01,0.0,160000,0,0.0,8000.0,8000.000000000931,0.9339876174926758,21.822499999999998,,0.0,0.0,0.0,0.0,0.0,0.0,0.0,0.0,0.0,0.0,0.0,0.0,0.0,8000.0
12860,stockerau_full_8000_6,S2A_MSIL2A_20230619T100031_R122_T33UWP_20230619T172742,50,,0.0,0.03125,0.03125,57.05078125,13.94140625,4.59765625,2.69921875,11.5234375,3.171875,6.953125,0.0,25600,0,0.0,8000.0,8000.000000000931,0.8928189277648926,21.6484375,,0.0,0.0056250000000000015,0.00375,0.06765624999999886,0.12828125000000057,-0.012968749999999751,-0.018281249999999805,-0.0834375000000005,-0.03374999999999995,-0.05687499999999979,0.0,-0.174062499999998,0.174062499999998,8000.0
12873,stockerau_full_8000_6,S2A_MSIL2A_20230619T100031_R122_T33UWP_20230619T172742,100,,0.0,0.046875,0.03125,57.0,14.25,4.515625,2.421875,11.28125,3.1875,7.265625,0.0,6400,0,0.0,8000.0,8000.000000000931,0.9515247344970703,21.734375,,0.0,0.02125,0.00375,0.016874999999998863,0.43687500000000057,-0.09499999999999975,-0.2956249999999998,-0.3256250000000005,-0.018124999999999947,0.2556250000000002,0.0,-0.08812499999999801,0.43687500000000057,8000.0
12886,stockerau_full_8000_6,S2A_MSIL2A_20230619T100031_R122_T33UWP_20230619T172742,200,,0.0,0.0,0.0,56.75,14.5625,4.125,2.75,11.6875,2.625,7.5,0.0,1600,0,0.0,8000.0,8000.000000000931,0.8394315242767334,21.8125,,0.0,-0.025625,-0.0275,-0.23312500000000114,0.7493750000000006,-0.48562499999999975,0.032500000000000195,0.0806249999999995,-0.580625,0.4900000000000002,0.0,-0.00999999999999801,0.7493750000000006,8000.0
12899,stockerau_full_8000_6,S2A_MSIL2A_20230619T100031_R122_T33UWP_20230619T172742,500,,0.0,0.0,0.0,55.46875,17.1875,5.078125,1.953125,8.984375,2.734375,8.59375,0.0,256,0,0.0,8000.0,8000.000000000931,0.8405864238739014,20.3125,,0.0,-0.025625,-0.0275,-1.5143750000000011,3.3743750000000006,0.46750000000000025,-0.7643749999999998,-2.6225000000000005,-0.47124999999999995,1.5837500000000002,0.0,-1.509999999999998,3.3743750000000006,8000.0
12912,stockerau_full_8000_6,S2A_MSIL2A_20230619T100031_R122_T33UWP_20230619T172742,1000,,0.0,0.0,0.0,57.8125,12.5,4.6875,1.5625,10.9375,0.0,12.5,0.0,64,0,0.0,8000.0,8000.000000000931,1.0786654949188232,23.4375,,0.0,-0.025625,-0.0275,0.8293749999999989,-1.3131249999999994,0.07687500000000025,-1.1549999999999998,-0.6693750000000005,-3.205625,5.49,0.0,1.615000000000002,1.615000000000002,8000.0
12850,stockerau_full_8000_6,S2A_MSIL2A_20230626T095031_R079_T33UWP_20230626T161132,20,,0.0,0.04625,0.0,81.7525,12.615625,5.343125,0.24125,0.0,0.00125,0.0,0.0,160000,0,0.0,8000.0,8000.000000000931,0.9339876174926758,0.00125,,0.0,0.0,0.0,0.0,0.0,0.0,0.0,0.0,0.0,0.0,0.0,0.0,0.0,8000.0
12863,stockerau_full_8000_6,S2A_MSIL2A_20230626T095031_R079_T33UWP_20230626T161132,50,,0.0,0.04296875,0.0,81.8984375,12.50390625,5.3125,0.2421875,0.0,0.0,0.0,0.0,25600,0,0.0,8000.0,8000.000000000931,0.8928189277648926,0.0,,0.0,-0.0032812499999999994,0.0,0.14593750000000227,-0.11171874999999964,-0.03062499999999968,0.0009375000000000078,0.0,-0.00125,0.0,0.0,-0.00125,0.14593750000000227,8000.0
12876,stockerau_full_8000_6,S2A_MSIL2A_20230626T095031_R079_T33UWP_20230626T161132,100,,0.0,0.046875,0.0,81.140625,13.3125,5.265625,0.234375,0.0,0.0,0.0,0.0,6400,0,0.0,8000.0,8000.000000000931,0.9515247344970703,0.0,,0.0,0.0006250000000000006,0.0,-0.6118749999999977,0.6968750000000004,-0.07749999999999968,-0.006874999999999992,0.0,-0.00125,0.0,0.0,-0.00125,0.6968750000000004,8000.0
12889,stockerau_full_8000_6,S2A_MSIL2A_20230626T095031_R079_T33UWP_20230626T161132,200,,0.0,0.0,0.0,80.625,14.25,5.0,0.125,0.0,0.0,0.0,0.0,1600,0,0.0,8000.0,8000.000000000931,0.8394315242767334,0.0,,0.0,-0.04625,0.0,-1.1274999999999977,1.6343750000000004,-0.3431249999999997,-0.11624999999999999,0.0,-0.00125,0.0,0.0,-0.00125,1.6343750000000004,8000.0
12902,stockerau_full_8000_6,S2A_MSIL2A_20230626T095031_R079_T33UWP_20230626T161132,500,,0.0,0.0,0.0,78.90625,15.234375,5.859375,0.0,0.0,0.0,0.0,0.0,256,0,0.0,8000.0,8000.000000000931,0.8405864238739014,0.0,,0.0,-0.04625,0.0,-2.8462499999999977,2.6187500000000004,0.5162500000000003,-0.24125,0.0,-0.00125,0.0,0.0,-0.00125,2.8462499999999977,8000.0
12915,stockerau_full_8000_6,S2A_MSIL2A_20230626T095031_R079_T33UWP_20230626T161132,1000,,0.0,0.0,0.0,81.25,14.0625,4.6875,0.0,0.0,0.0,0.0,0.0,64,0,0.0,8000.0,8000.000000000931,1.0786654949188232,0.0,,0.0,-0.04625,0.0,-0.5024999999999977,1.4468750000000004,-0.6556249999999997,-0.24125,0.0,-0.00125,0.0,0.0,-0.00125,1.4468750000000004,8000.0
12851,stockerau_full_8000_6,S2A_MSIL2A_20230629T100031_R122_T33UWP_20230629T191411,20,,0.0,0.041875,2.49875,77.1125,12.4075,5.343125,0.41625,1.495625,0.684375,0.0,0.0,160000,0,0.0,8000.0,8000.000000000931,0.9339876174926758,2.1799999999999997,,0.0,0.0,0.0,0.0,0.0,0.0,0.0,0.0,0.0,0.0,0.0,0.0,0.0,8000.0
12864,stockerau_full_8000_6,S2A_MSIL2A_20230629T100031_R122_T33UWP_20230629T191411,50,,0.0,0.0390625,2.54296875,77.09375,12.49609375,5.30078125,0.39453125,1.51171875,0.62109375,0.0,0.0,25600,0,0.0,8000.0,8000.000000000931,0.8928189277648926,2.1328125,,0.0,-0.0028125000000000025,0.044218750000000195,-0.018749999999997158,0.08859374999999936,-0.04234374999999968,-0.02171875000000001,0.016093750000000018,-0.06328124999999996,0.0,0.0,-0.047187499999999716,0.08859374999999936,8000.0
12877,stockerau_full_8000_6,S2A_MSIL2A_20230629T100031_R122_T33UWP_20230629T191411,100,,0.0,0.078125,2.390625,77.0,12.84375,5.234375,0.40625,1.359375,0.6875,0.0,0.0,6400,0,0.0,8000.0,8000.000000000931,0.9515247344970703,2.046875,,0.0,0.03625,-0.1081249999999998,-0.11249999999999716,0.43624999999999936,-0.10874999999999968,-0.010000000000000009,-0.13624999999999998,0.0031250000000000444,0.0,0.0,-0.13312499999999972,0.43624999999999936,8000.0
12890,stockerau_full_8000_6,S2A_MSIL2A_20230629T100031_R122_T33UWP_20230629T191411,200,,0.0,0.0,2.5,76.25,14.0,5.0,0.1875,1.5625,0.5,0.0,0.0,1600,0,0.0,8000.0,8000.000000000931,0.8394315242767334,2.0625,,0.0,-0.041875,0.0012500000000001954,-0.8624999999999972,1.5924999999999994,-0.3431249999999997,-0.22875,0.06687500000000002,-0.18437499999999996,0.0,0.0,-0.11749999999999972,1.5924999999999994,8000.0
12903,stockerau_full_8000_6,S2A_MSIL2A_20230629T100031_R122_T33UWP_20230629T191411,500,,0.0,0.0,1.953125,75.78125,14.84375,5.859375,0.0,1.171875,0.390625,0.0,0.0,256,0,0.0,8000.0,8000.000000000931,0.8405864238739014,1.5625,,0.0,-0.041875,-0.5456249999999998,-1.3312499999999972,2.4362499999999994,0.5162500000000003,-0.41625,-0.32375,-0.29374999999999996,0.0,0.0,-0.6174999999999997,2.4362499999999994,8000.0
12916,stockerau_full_8000_6,S2A_MSIL2A_20230629T100031_R122_T33UWP_20230629T191411,1000,,0.0,0.0,4.6875,76.5625,12.5,4.6875,0.0,1.5625,0.0,0.0,0.0,64,0,0.0,8000.0,8000.000000000931,1.0786654949188232,1.5625,,0.0,-0.041875,2.18875,-0.5499999999999972,0.09249999999999936,-0.6556249999999997,-0.41625,0.06687500000000002,-0.684375,0.0,0.0,-0.6174999999999997,2.18875,8000.0
12840,stockerau_full_8000_6,S2B_MSIL2A_20230601T094549_R079_T33UWP_20230601T163321,20,,0.0,0.051875,0.131875,68.3625,17.329375,3.355625,0.276875,0.096875,0.01125,10.38375,0.0,160000,0,0.0,8000.0,8000.000000000931,0.9339876174926758,10.491874999999999,,0.0,0.0,0.0,0.0,0.0,0.0,0.0,0.0,0.0,0.0,0.0,0.0,0.0,8000.0
12853,stockerau_full_8000_6,S2B_MSIL2A_20230601T094549_R079_T33UWP_20230601T163321,50,,0.0,0.05859375,0.1484375,68.4140625,17.2265625,3.35546875,0.27734375,0.09375,0.01171875,10.4140625,0.0,25600,0,0.0,8000.0,8000.000000000931,0.8928189277648926,10.51953125,,0.0,0.0067187500000000025,0.016562500000000008,0.05156250000000284,-0.10281249999999886,-0.0001562499999998579,0.00046875000000001776,-0.0031250000000000028,0.0004687500000000004,0.030312500000000853,0.0,0.027656250000001492,0.10281249999999886,8000.0
12866,stockerau_full_8000_6,S2B_MSIL2A_20230601T094549_R079_T33UWP_20230601T163321,100,,0.0,0.0625,0.140625,68.078125,17.765625,3.25,0.296875,0.109375,0.015625,10.28125,0.0,6400,0,0.0,8000.0,8000.000000000931,0.9515247344970703,10.40625,,0.0,0.010625000000000002,0.008750000000000008,-0.28437499999999716,0.43625000000000114,-0.10562499999999986,0.020000000000000018,0.012499999999999997,0.004375,-0.10249999999999915,0.0,-0.08562499999999851,0.43625000000000114,8000.0
12879,stockerau_full_8000_6,S2B_MSIL2A_20230601T094549_R079_T33UWP_20230601T163321,200,,0.0,0.0,0.125,67.25,18.875,3.375,0.25,0.0,0.0,10.125,0.0,1600,0,0.0,8000.0,8000.000000000931,0.8394315242767334,10.125,,0.0,-0.051875,-0.006874999999999992,-1.1124999999999972,1.5456250000000011,0.019375000000000142,-0.026874999999999982,-0.096875,-0.01125,-0.25874999999999915,0.0,-0.3668749999999985,1.5456250000000011,8000.0
12892,stockerau_full_8000_6,S2B_MSIL2A_20230601T094549_R079_T33UWP_20230601T163321,500,,0.0,0.0,0.390625,64.453125,20.703125,3.90625,0.0,0.390625,0.390625,9.765625,0.0,256,0,0.0,8000.0,8000.000000000931,0.8405864238739014,10.546875,,0.0,-0.051875,0.25875000000000004,-3.909374999999997,3.373750000000001,0.5506250000000001,-0.276875,0.29375,0.379375,-0.6181249999999991,0.0,0.05500000000000149,3.909374999999997,8000.0
12905,stockerau_full_8000_6,S2B_MSIL2A_20230601T094549_R079_T33UWP_20230601T163321,1000,,0.0,0.0,0.0,71.875,17.1875,3.125,0.0,0.0,0.0,7.8125,0.0,64,0,0.0,8000.0,8000.000000000931,1.0786654949188232,7.8125,,0.0,-0.051875,-0.131875,3.512500000000003,-0.14187499999999886,-0.23062499999999986,-0.276875,-0.096875,-0.01125,-2.571249999999999,0.0,-2.6793749999999985,3.512500000000003,8000.0
12841,stockerau_full_8000_6,S2B_MSIL2A_20230604T095559_R122_T33UWP_20230604T174403,20,,0.0,0.0,5.27125,12.49625,2.90375,1.8625,3.0025,36.565625,22.37875,15.519375,0.0,160000,0,0.0,8000.0,8000.000000000931,0.9339876174926758,74.46374999999999,,0.0,0.0,0.0,0.0,0.0,0.0,0.0,0.0,0.0,0.0,0.0,0.0,0.0,8000.0
12854,stockerau_full_8000_6,S2B_MSIL2A_20230604T095559_R122_T33UWP_20230604T174403,50,,0.0,0.0,5.1875,12.44921875,2.84375,1.80859375,2.984375,36.6875,22.4296875,15.609375,0.0,25600,0,0.0,8000.0,8000.000000000931,0.8928189277648926,74.7265625,,0.0,0.0,-0.08375000000000021,-0.04703124999999986,-0.06000000000000005,-0.053906250000000044,-0.018124999999999947,0.12187500000000284,0.05093749999999986,0.08999999999999986,0.0,0.26281250000000966,0.26281250000000966,8000.0
12867,stockerau_full_8000_6,S2B_MSIL2A_20230604T095559_R122_T33UWP_20230604T174403,100,,0.0,0.0,4.875,12.390625,3.046875,1.875,2.90625,36.90625,22.28125,15.71875,0.0,6400,0,0.0,8000.0,8000.000000000931,0.9515247344970703,74.90625,,0.0,0.0,-0.3962500000000002,-0.10562499999999986,0.14312499999999995,0.012499999999999956,-0.09624999999999995,0.34062500000000284,-0.09750000000000014,0.19937499999999986,0.0,0.44250000000000966,0.44250000000000966,8000.0
12880,stockerau_full_8000_6,S2B_MSIL2A_20230604T095559_R122_T33UWP_20230604T174403,200,,0.0,0.0,4.6875,12.25,2.75,1.5625,3.25,37.4375,22.125,15.9375,0.0,1600,0,0.0,8000.0,8000.000000000931,0.8394315242767334,75.5,,0.0,0.0,-0.5837500000000002,-0.24624999999999986,-0.15375000000000005,-0.30000000000000004,0.24750000000000005,0.8718750000000028,-0.25375000000000014,0.41812499999999986,0.0,1.0362500000000097,1.0362500000000097,8000.0
12893,stockerau_full_8000_6,S2B_MSIL2A_20230604T095559_R122_T33UWP_20230604T174403,500,,0.0,0.0,3.515625,12.5,3.515625,1.5625,3.125,36.71875,22.65625,16.40625,0.0,256,0,0.0,8000.0,8000.000000000931,0.8405864238739014,75.78125,,0.0,0.0,-1.7556250000000002,0.003750000000000142,0.611875,-0.30000000000000004,0.12250000000000005,0.15312500000000284,0.27749999999999986,0.8868749999999999,0.0,1.3175000000000097,1.7556250000000002,8000.0
12906,stockerau_full_8000_6,S2B_MSIL2A_20230604T095559_R122_T33UWP_20230604T174403,1000,,0.0,0.0,1.5625,12.5,0.0,1.5625,10.9375,39.0625,18.75,15.625,0.0,64,0,0.0,8000.0,8000.000000000931,1.0786654949188232,73.4375,,0.0,0.0,-3.70875,0.003750000000000142,-2.90375,-0.30000000000000004,7.9350000000000005,2.496875000000003,-3.62875,0.10562499999999986,0.0,-1.0262499999999903,7.9350000000000005,8000.0
12844,stockerau_full_8000_6,S2B_MSIL2A_20230611T094549_R079_T33UWP_20230611T135320,20,,0.0,0.0,0.0,0.0,0.0,0.0,0.0,0.0,100.0,0.0,0.0,160000,0,0.0,8000.0,8000.000000000931,0.9339876174926758,100.0,,0.0,0.0,0.0,0.0,0.0,0.0,0.0,0.0,0.0,0.0,0.0,0.0,0.0,8000.0
12857,stockerau_full_8000_6,S2B_MSIL2A_20230611T094549_R079_T33UWP_20230611T135320,50,,0.0,0.0,0.0,0.0,0.0,0.0,0.0,0.0,100.0,0.0,0.0,25600,0,0.0,8000.0,8000.000000000931,0.8928189277648926,100.0,,0.0,0.0,0.0,0.0,0.0,0.0,0.0,0.0,0.0,0.0,0.0,0.0,0.0,8000.0
12870,stockerau_full_8000_6,S2B_MSIL2A_20230611T094549_R079_T33UWP_20230611T135320,100,,0.0,0.0,0.0,0.0,0.0,0.0,0.0,0.0,100.0,0.0,0.0,6400,0,0.0,8000.0,8000.000000000931,0.9515247344970703,100.0,,0.0,0.0,0.0,0.0,0.0,0.0,0.0,0.0,0.0,0.0,0.0,0.0,0.0,8000.0
12883,stockerau_full_8000_6,S2B_MSIL2A_20230611T094549_R079_T33UWP_20230611T135320,200,,0.0,0.0,0.0,0.0,0.0,0.0,0.0,0.0,100.0,0.0,0.0,1600,0,0.0,8000.0,8000.000000000931,0.8394315242767334,100.0,,0.0,0.0,0.0,0.0,0.0,0.0,0.0,0.0,0.0,0.0,0.0,0.0,0.0,8000.0
12896,stockerau_full_8000_6,S2B_MSIL2A_20230611T094549_R079_T33UWP_20230611T135320,500,,0.0,0.0,0.0,0.0,0.0,0.0,0.0,0.0,100.0,0.0,0.0,256,0,0.0,8000.0,8000.000000000931,0.8405864238739014,100.0,,0.0,0.0,0.0,0.0,0.0,0.0,0.0,0.0,0.0,0.0,0.0,0.0,0.0,8000.0
12909,stockerau_full_8000_6,S2B_MSIL2A_20230611T094549_R079_T33UWP_20230611T135320,1000,,0.0,0.0,0.0,0.0,0.0,0.0,0.0,0.0,100.0,0.0,0.0,64,0,0.0,8000.0,8000.000000000931,1.0786654949188232,100.0,,0.0,0.0,0.0,0.0,0.0,0.0,0.0,0.0,0.0,0.0,0.0,0.0,0.0,8000.0
12845,stockerau_full_8000_6,S2B_MSIL2A_20230614T095559_R122_T33UWP_20230614T142248,20,,0.0,0.055,3.638125,73.950625,14.48,5.363125,0.29625,1.36125,0.855625,0.0,0.0,160000,0,0.0,8000.0,8000.000000000931,0.9339876174926758,2.216875,,0.0,0.0,0.0,0.0,0.0,0.0,0.0,0.0,0.0,0.0,0.0,0.0,0.0,8000.0
12858,stockerau_full_8000_6,S2B_MSIL2A_20230614T095559_R122_T33UWP_20230614T142248,50,,0.0,0.06640625,3.6328125,73.98828125,14.5,5.328125,0.33203125,1.3671875,0.78515625,0.0,0.0,25600,0,0.0,8000.0,8000.000000000931,0.8928189277648926,2.15234375,,0.0,0.01140625,-0.005312500000000053,0.037656249999997726,0.019999999999999574,-0.03500000000000014,0.03578124999999999,0.005937499999999929,-0.07046874999999997,0.0,0.0,-0.06453124999999993,0.06453124999999993,8000.0
12871,stockerau_full_8000_6,S2B_MSIL2A_20230614T095559_R122_T33UWP_20230614T142248,100,,0.0,0.0625,3.59375,73.75,15.0625,5.21875,0.296875,1.28125,0.734375,0.0,0.0,6400,0,0.0,8000.0,8000.000000000931,0.9515247344970703,2.015625,,0.0,0.0075,-0.04437500000000005,-0.20062500000000227,0.5824999999999996,-0.14437500000000014,0.0006249999999999867,-0.08000000000000007,-0.12124999999999997,0.0,0.0,-0.20124999999999993,0.5824999999999996,8000.0
12884,stockerau_full_8000_6,S2B_MSIL2A_20230614T095559_R122_T33UWP_20230614T142248,200,,0.0,0.0,3.5625,74.0625,15.5625,5.0,0.25,0.875,0.6875,0.0,0.0,1600,0,0.0,8000.0,8000.000000000931,0.8394315242767334,1.5625,,0.0,-0.055,-0.07562500000000005,0.11187499999999773,1.0824999999999996,-0.36312500000000014,-0.04625000000000001,-0.48625000000000007,-0.16812499999999997,0.0,0.0,-0.6543749999999999,1.0824999999999996,8000.0
12897,stockerau_full_8000_6,S2B_MSIL2A_20230614T095559_R122_T33UWP_20230614T142248,500,,0.0,0.0,3.515625,70.3125,17.96875,5.859375,0.390625,1.953125,0.0,0.0,0.0,256,0,0.0,8000.0,8000.000000000931,0.8405864238739014,1.953125,,0.0,-0.055,-0.12250000000000005,-3.6381250000000023,3.4887499999999996,0.49624999999999986,0.09437499999999999,0.5918749999999999,-0.855625,0.0,0.0,-0.26374999999999993,3.6381250000000023,8000.0
12910,stockerau_full_8000_6,S2B_MSIL2A_20230614T095559_R122_T33UWP_20230614T142248,1000,,0.0,0.0,1.5625,78.125,14.0625,4.6875,0.0,1.5625,0.0,0.0,0.0,64,0,0.0,8000.0,8000.000000000931,1.0786654949188232,1.5625,,0.0,-0.055,-2.075625,4.174374999999998,-0.4175000000000004,-0.6756250000000001,-0.29625,0.20124999999999993,-0.855625,0.0,0.0,-0.6543749999999999,4.174374999999998,8000.0
12848,stockerau_full_8000_6,S2B_MSIL2A_20230621T094549_R079_T33UWP_20230621T143955,20,,0.0,0.041875,0.089375,72.960625,11.94,3.64875,0.245625,0.09375,0.011875,10.968125,0.0,160000,0,0.0,8000.0,8000.000000000931,0.9339876174926758,11.07375,,0.0,0.0,0.0,0.0,0.0,0.0,0.0,0.0,0.0,0.0,0.0,0.0,0.0,8000.0
12861,stockerau_full_8000_6,S2B_MSIL2A_20230621T094549_R079_T33UWP_20230621T143955,50,,0.0,0.046875,0.08984375,72.88671875,11.91015625,3.66015625,0.23046875,0.09765625,0.01171875,11.06640625,0.0,25600,0,0.0,8000.0,8000.000000000931,0.8928189277648926,11.17578125,,0.0,0.0049999999999999975,0.0004687500000000039,-0.07390624999999318,-0.029843749999999503,0.01140624999999984,-0.01515625000000001,0.00390625,-0.00015625000000000014,0.09828124999999943,0.0,0.10203124999999957,0.10203124999999957,8000.0
12874,stockerau_full_8000_6,S2B_MSIL2A_20230621T094549_R079_T33UWP_20230621T143955,100,,0.0,0.0625,0.09375,72.40625,12.1875,3.546875,0.296875,0.078125,0.0,11.328125,0.0,6400,0,0.0,8000.0,8000.000000000931,0.9515247344970703,11.40625,,0.0,0.020624999999999998,0.004375000000000004,-0.5543749999999932,0.2475000000000005,-0.10187500000000016,0.05124999999999999,-0.015625,-0.011875,0.35999999999999943,0.0,0.3324999999999996,0.5543749999999932,8000.0
12887,stockerau_full_8000_6,S2B_MSIL2A_20230621T094549_R079_T33UWP_20230621T143955,200,,0.0,0.0,0.125,72.0625,12.3125,3.25,0.1875,0.125,0.0,11.9375,0.0,1600,0,0.0,8000.0,8000.000000000931,0.8394315242767334,12.0625,,0.0,-0.041875,0.035625000000000004,-0.8981249999999932,0.3725000000000005,-0.39875000000000016,-0.05812500000000001,0.03125,-0.011875,0.9693749999999994,0.0,0.9887499999999996,0.9887499999999996,8000.0
12900,stockerau_full_8000_6,S2B_MSIL2A_20230621T094549_R079_T33UWP_20230621T143955,500,,0.0,0.0,0.0,69.53125,13.28125,3.90625,0.0,0.0,0.0,13.28125,0.0,256,0,0.0,8000.0,8000.000000000931,0.8405864238739014,13.28125,,0.0,-0.041875,-0.089375,-3.429374999999993,1.3412500000000005,0.25749999999999984,-0.245625,-0.09375,-0.011875,2.3131249999999994,0.0,2.2074999999999996,3.429374999999993,8000.0
12913,stockerau_full_8000_6,S2B_MSIL2A_20230621T094549_R079_T33UWP_20230621T143955,1000,,0.0,0.0,0.0,70.3125,12.5,3.125,0.0,0.0,0.0,14.0625,0.0,64,0,0.0,8000.0,8000.000000000931,1.0786654949188232,14.0625,,0.0,-0.041875,-0.089375,-2.648124999999993,0.5600000000000005,-0.5237500000000002,-0.245625,-0.09375,-0.011875,3.0943749999999994,0.0,2.9887499999999996,2.9887499999999996,8000.0
12849,stockerau_full_8000_6,S2B_MSIL2A_20230624T095559_R122_T33UWP_20230624T142946,20,,0.0,0.0,0.0,0.0,0.0,0.0,0.0,0.0,100.0,0.0,0.0,160000,0,0.0,8000.0,8000.000000000931,0.9339876174926758,100.0,,0.0,0.0,0.0,0.0,0.0,0.0,0.0,0.0,0.0,0.0,0.0,0.0,0.0,8000.0
12862,stockerau_full_8000_6,S2B_MSIL2A_20230624T095559_R122_T33UWP_20230624T142946,50,,0.0,0.0,0.0,0.0,0.0,0.0,0.0,0.0,100.0,0.0,0.0,25600,0,0.0,8000.0,8000.000000000931,0.8928189277648926,100.0,,0.0,0.0,0.0,0.0,0.0,0.0,0.0,0.0,0.0,0.0,0.0,0.0,0.0,8000.0
12875,stockerau_full_8000_6,S2B_MSIL2A_20230624T095559_R122_T33UWP_20230624T142946,100,,0.0,0.0,0.0,0.0,0.0,0.0,0.0,0.0,100.0,0.0,0.0,6400,0,0.0,8000.0,8000.000000000931,0.9515247344970703,100.0,,0.0,0.0,0.0,0.0,0.0,0.0,0.0,0.0,0.0,0.0,0.0,0.0,0.0,8000.0
12888,stockerau_full_8000_6,S2B_MSIL2A_20230624T095559_R122_T33UWP_20230624T142946,200,,0.0,0.0,0.0,0.0,0.0,0.0,0.0,0.0,100.0,0.0,0.0,1600,0,0.0,8000.0,8000.000000000931,0.8394315242767334,100.0,,0.0,0.0,0.0,0.0,0.0,0.0,0.0,0.0,0.0,0.0,0.0,0.0,0.0,8000.0
12901,stockerau_full_8000_6,S2B_MSIL2A_20230624T095559_R122_T33UWP_20230624T142946,500,,0.0,0.0,0.0,0.0,0.0,0.0,0.0,0.0,100.0,0.0,0.0,256,0,0.0,8000.0,8000.000000000931,0.8405864238739014,100.0,,0.0,0.0,0.0,0.0,0.0,0.0,0.0,0.0,0.0,0.0,0.0,0.0,0.0,8000.0
12914,stockerau_full_8000_6,S2B_MSIL2A_20230624T095559_R122_T33UWP_20230624T142946,1000,,0.0,0.0,0.0,0.0,0.0,0.0,0.0,0.0,100.0,0.0,0.0,64,0,0.0,8000.0,8000.000000000931,1.0786654949188232,100.0,,0.0,0.0,0.0,0.0,0.0,0.0,0.0,0.0,0.0,0.0,0.0,0.0,0.0,8000.0
12852,stockerau_full_8000_6,S2B_MSIL2A_20230701T094549_R079_T33UWP_20230701T152448,20,,0.0,0.0,0.0,0.0,0.0,0.0,0.0,2.283125,97.716875,0.0,0.0,160000,0,0.0,8000.0,8000.000000000931,0.9339876174926758,100.0,,0.0,0.0,0.0,0.0,0.0,0.0,0.0,0.0,0.0,0.0,0.0,0.0,0.0,8000.0
12865,stockerau_full_8000_6,S2B_MSIL2A_20230701T094549_R079_T33UWP_20230701T152448,50,,0.0,0.0,0.0,0.0,0.0,0.0,0.0,2.27734375,97.72265625,0.0,0.0,25600,0,0.0,8000.0,8000.000000000931,0.8928189277648926,100.0,,0.0,0.0,0.0,0.0,0.0,0.0,0.0,-0.005781250000000071,0.005781249999998295,0.0,0.0,0.0,0.0,8000.0
12878,stockerau_full_8000_6,S2B_MSIL2A_20230701T094549_R079_T33UWP_20230701T152448,100,,0.0,0.0,0.0,0.0,0.0,0.0,0.0,2.453125,97.546875,0.0,0.0,6400,0,0.0,8000.0,8000.000000000931,0.9515247344970703,100.0,,0.0,0.0,0.0,0.0,0.0,0.0,0.0,0.16999999999999993,-0.1700000000000017,0.0,0.0,0.0,0.0,8000.0
12891,stockerau_full_8000_6,S2B_MSIL2A_20230701T094549_R079_T33UWP_20230701T152448,200,,0.0,0.0,0.0,0.0,0.0,0.0,0.0,1.9375,98.0625,0.0,0.0,1600,0,0.0,8000.0,8000.000000000931,0.8394315242767334,100.0,,0.0,0.0,0.0,0.0,0.0,0.0,0.0,-0.34562500000000007,0.3456249999999983,0.0,0.0,0.0,0.0,8000.0
12904,stockerau_full_8000_6,S2B_MSIL2A_20230701T094549_R079_T33UWP_20230701T152448,500,,0.0,0.0,0.0,0.0,0.0,0.0,0.0,1.953125,98.046875,0.0,0.0,256,0,0.0,8000.0,8000.000000000931,0.8405864238739014,100.0,,0.0,0.0,0.0,0.0,0.0,0.0,0.0,-0.33000000000000007,0.3299999999999983,0.0,0.0,0.0,0.0,8000.0
12917,stockerau_full_8000_6,S2B_MSIL2A_20230701T094549_R079_T33UWP_20230701T152448,1000,,0.0,0.0,0.0,0.0,0.0,0.0,0.0,1.5625,98.4375,0.0,0.0,64,0,0.0,8000.0,8000.000000000931,1.0786654949188232,100.0,,0.0,0.0,0.0,0.0,0.0,0.0,0.0,-0.7206250000000001,0.7206249999999983,0.0,0.0,0.0,0.0,8000.0
12920,stockerau_full_8000_7,S2A_MSIL2A_20230606T095031_R079_T33UWP_20230606T162616,20,,0.0,0.0,0.053125,0.093125,0.40875,0.0,3.284375,10.178125,85.9825,0.0,0.0,160000,0,0.0,7999.999999999884,8000.000000001863,0.705378532409668,96.160625,,0.0,0.0,0.0,0.0,0.0,0.0,0.0,0.0,0.0,0.0,0.0,0.0,0.0,8000.0
12933,stockerau_full_8000_7,S2A_MSIL2A_20230606T095031_R079_T33UWP_20230606T162616,50,,0.0,0.0,0.05078125,0.07421875,0.38671875,0.0,3.2265625,10.2109375,86.05078125,0.0,0.0,25600,0,0.0,7999.999999999884,8000.000000001863,0.9497652053833008,96.26171875,,0.0,0.0,-0.0023437499999999986,-0.01890625,-0.022031250000000002,0.0,-0.05781249999999982,0.032812500000000355,0.0682812499999983,0.0,0.0,0.10109375000000398,0.10109375000000398,8000.0
12946,stockerau_full_8000_7,S2A_MSIL2A_20230606T095031_R079_T33UWP_20230606T162616,100,,0.0,0.0,0.03125,0.078125,0.296875,0.0,3.21875,10.078125,86.296875,0.0,0.0,6400,0,0.0,7999.999999999884,8000.000000001863,0.6548604965209961,96.375,,0.0,0.0,-0.021875,-0.015,-0.111875,0.0,-0.06562499999999982,-0.09999999999999964,0.3143749999999983,0.0,0.0,0.21437500000000398,0.21437500000000398,8000.0
12959,stockerau_full_8000_7,S2A_MSIL2A_20230606T095031_R079_T33UWP_20230606T162616,200,,0.0,0.0,0.0,0.0,0.25,0.0,3.125,9.9375,86.6875,0.0,0.0,1600,0,0.0,7999.999999999884,8000.000000001863,0.6351938247680664,96.625,,0.0,0.0,-0.053125,-0.093125,-0.15875,0.0,-0.15937499999999982,-0.24062499999999964,0.7049999999999983,0.0,0.0,0.464375000000004,0.464375000000004,8000.0
12972,stockerau_full_8000_7,S2A_MSIL2A_20230606T095031_R079_T33UWP_20230606T162616,500,,0.0,0.0,0.0,0.0,0.0,0.0,4.296875,7.8125,87.890625,0.0,0.0,256,0,0.0,7999.999999999884,8000.000000001863,0.7614903450012207,95.703125,,0.0,0.0,-0.053125,-0.093125,-0.40875,0.0,1.0125000000000002,-2.3656249999999996,1.9081249999999983,0.0,0.0,-0.457499999999996,1.0125000000000002,8000.0
12985,stockerau_full_8000_7,S2A_MSIL2A_20230606T095031_R079_T33UWP_20230606T162616,1000,,0.0,0.0,0.0,0.0,0.0,0.0,1.5625,12.5,85.9375,0.0,0.0,64,0,0.0,7999.999999999884,8000.000000001863,0.8572399616241455,98.4375,,0.0,0.0,-0.053125,-0.093125,-0.40875,0.0,-1.7218749999999998,2.3218750000000004,-0.045000000000001705,0.0,0.0,2.276875000000004,2.276875000000004,8000.0
12921,stockerau_full_8000_7,S2A_MSIL2A_20230609T100031_R122_T33UWP_20230609T173715,20,,0.0,0.0,0.0,0.0,0.0,0.0,0.0,12.595625,87.344375,0.06,0.0,160000,0,0.0,7999.999999999884,8000.000000001863,0.705378532409668,100.0,,0.0,0.0,0.0,0.0,0.0,0.0,0.0,0.0,0.0,0.0,0.0,0.0,0.0,8000.0
12934,stockerau_full_8000_7,S2A_MSIL2A_20230609T100031_R122_T33UWP_20230609T173715,50,,0.0,0.0,0.0,0.0,0.0,0.0,0.0,12.62109375,87.30859375,0.0703125,0.0,25600,0,0.0,7999.999999999884,8000.000000001863,0.9497652053833008,100.0,,0.0,0.0,0.0,0.0,0.0,0.0,0.0,0.02546874999999993,-0.03578124999999943,0.010312500000000002,0.0,0.0,0.0,8000.0
12947,stockerau_full_8000_7,S2A_MSIL2A_20230609T100031_R122_T33UWP_20230609T173715,100,,0.0,0.0,0.0,0.0,0.0,0.0,0.0,12.609375,87.3125,0.078125,0.0,6400,0,0.0,7999.999999999884,8000.000000001863,0.6548604965209961,100.0,,0.0,0.0,0.0,0.0,0.0,0.0,0.0,0.013749999999999929,-0.03187499999999943,0.018125000000000002,0.0,0.0,0.0,8000.0
12960,stockerau_full_8000_7,S2A_MSIL2A_20230609T100031_R122_T33UWP_20230609T173715,200,,0.0,0.0,0.0,0.0,0.0,0.0,0.0,12.4375,87.5,0.0625,0.0,1600,0,0.0,7999.999999999884,8000.000000001863,0.6351938247680664,100.0,,0.0,0.0,0.0,0.0,0.0,0.0,0.0,-0.15812500000000007,0.15562500000000057,0.0025000000000000022,0.0,0.0,0.0,8000.0
12973,stockerau_full_8000_7,S2A_MSIL2A_20230609T100031_R122_T33UWP_20230609T173715,500,,0.0,0.0,0.0,0.0,0.0,0.0,0.0,13.28125,86.71875,0.0,0.0,256,0,0.0,7999.999999999884,8000.000000001863,0.7614903450012207,100.0,,0.0,0.0,0.0,0.0,0.0,0.0,0.0,0.6856249999999999,-0.6256249999999994,-0.06,0.0,0.0,0.0,8000.0
12986,stockerau_full_8000_7,S2A_MSIL2A_20230609T100031_R122_T33UWP_20230609T173715,1000,,0.0,0.0,0.0,0.0,0.0,0.0,0.0,12.5,87.5,0.0,0.0,64,0,0.0,7999.999999999884,8000.000000001863,0.8572399616241455,100.0,,0.0,0.0,0.0,0.0,0.0,0.0,0.0,-0.09562500000000007,0.15562500000000057,-0.06,0.0,0.0,0.0,8000.0
12924,stockerau_full_8000_7,S2A_MSIL2A_20230616T095031_R079_T33UWP_20230616T172735,20,,0.0,0.008125,0.123125,84.190625,15.625,0.0,0.040625,0.0125,0.0,0.0,0.0,160000,0,0.0,7999.999999999884,8000.000000001863,0.705378532409668,0.0125,,0.0,0.0,0.0,0.0,0.0,0.0,0.0,0.0,0.0,0.0,0.0,0.0,0.0,8000.0
12937,stockerau_full_8000_7,S2A_MSIL2A_20230616T095031_R079_T33UWP_20230616T172735,50,,0.0,0.0078125,0.16796875,84.203125,15.546875,0.0,0.046875,0.02734375,0.0,0.0,0.0,25600,0,0.0,7999.999999999884,8000.000000001863,0.9497652053833008,0.02734375,,0.0,-0.0003125000000000003,0.04484375,0.012500000000002842,-0.078125,0.0,0.006249999999999999,0.01484375,0.0,0.0,0.0,0.01484375,0.078125,8000.0
12950,stockerau_full_8000_7,S2A_MSIL2A_20230616T095031_R079_T33UWP_20230616T172735,100,,0.0,0.0,0.234375,84.09375,15.5625,0.0,0.0625,0.046875,0.0,0.0,0.0,6400,0,0.0,7999.999999999884,8000.000000001863,0.6548604965209961,0.046875,,0.0,-0.008125,0.11125,-0.09687499999999716,-0.0625,0.0,0.021875,0.034375,0.0,0.0,0.0,0.034375,0.11125,8000.0
12963,stockerau_full_8000_7,S2A_MSIL2A_20230616T095031_R079_T33UWP_20230616T172735,200,,0.0,0.0,0.375,83.0625,16.375,0.0,0.0625,0.125,0.0,0.0,0.0,1600,0,0.0,7999.999999999884,8000.000000001863,0.6351938247680664,0.125,,0.0,-0.008125,0.251875,-1.1281249999999972,0.75,0.0,0.021875,0.1125,0.0,0.0,0.0,0.1125,1.1281249999999972,8000.0
12976,stockerau_full_8000_7,S2A_MSIL2A_20230616T095031_R079_T33UWP_20230616T172735,500,,0.0,0.0,0.78125,83.59375,15.234375,0.0,0.0,0.390625,0.0,0.0,0.0,256,0,0.0,7999.999999999884,8000.000000001863,0.7614903450012207,0.390625,,0.0,-0.008125,0.658125,-0.5968749999999972,-0.390625,0.0,-0.040625,0.378125,0.0,0.0,0.0,0.378125,0.658125,8000.0
12989,stockerau_full_8000_7,S2A_MSIL2A_20230616T095031_R079_T33UWP_20230616T172735,1000,,0.0,0.0,1.5625,76.5625,20.3125,0.0,0.0,0.0,1.5625,0.0,0.0,64,0,0.0,7999.999999999884,8000.000000001863,0.8572399616241455,1.5625,,0.0,-0.008125,1.439375,-7.628124999999997,4.6875,0.0,-0.040625,-0.0125,1.5625,0.0,0.0,1.55,7.628124999999997,8000.0
12925,stockerau_full_8000_7,S2A_MSIL2A_20230619T100031_R122_T33UWP_20230619T172742,20,,0.0,0.0,0.07,67.6775,11.955625,0.0,4.81625,3.835,0.319375,11.32625,0.0,160000,0,0.0,7999.999999999884,8000.000000001863,0.705378532409668,15.480625,,0.0,0.0,0.0,0.0,0.0,0.0,0.0,0.0,0.0,0.0,0.0,0.0,0.0,8000.0
12938,stockerau_full_8000_7,S2A_MSIL2A_20230619T100031_R122_T33UWP_20230619T172742,50,,0.0,0.0,0.07421875,67.53125,12.0234375,0.0,4.8671875,3.6953125,0.35546875,11.453125,0.0,25600,0,0.0,7999.999999999884,8000.000000001863,0.9497652053833008,15.50390625,,0.0,0.0,0.004218749999999993,-0.14624999999999488,0.0678125000000005,0.0,0.05093749999999986,-0.13968749999999996,0.03609374999999998,0.12687500000000007,0.0,0.023281250000000142,0.14624999999999488,8000.0
12951,stockerau_full_8000_7,S2A_MSIL2A_20230619T100031_R122_T33UWP_20230619T172742,100,,0.0,0.0,0.078125,67.28125,12.078125,0.0,4.578125,3.5,0.3125,12.171875,0.0,6400,0,0.0,7999.999999999884,8000.000000001863,0.6548604965209961,15.984375,,0.0,0.0,0.008124999999999993,-0.3962499999999949,0.1225000000000005,0.0,-0.23812500000000014,-0.33499999999999996,-0.00687500000000002,0.8456250000000001,0.0,0.5037500000000001,0.5037500000000001,8000.0
12964,stockerau_full_8000_7,S2A_MSIL2A_20230619T100031_R122_T33UWP_20230619T172742,200,,0.0,0.0,0.0625,67.8125,12.125,0.0,3.875,3.3125,0.25,12.5625,0.0,1600,0,0.0,7999.999999999884,8000.000000001863,0.6351938247680664,16.125,,0.0,0.0,-0.007500000000000007,0.13500000000000512,0.1693750000000005,0.0,-0.9412500000000001,-0.5225,-0.06937500000000002,1.23625,0.0,0.6443750000000001,0.9412500000000001,8000.0
12977,stockerau_full_8000_7,S2A_MSIL2A_20230619T100031_R122_T33UWP_20230619T172742,500,,0.0,0.0,0.0,64.84375,12.5,0.0,5.859375,3.515625,0.78125,12.5,0.0,256,0,0.0,7999.999999999884,8000.000000001863,0.7614903450012207,16.796875,,0.0,0.0,-0.07,-2.833749999999995,0.5443750000000005,0.0,1.0431249999999999,-0.31937499999999996,0.461875,1.17375,0.0,1.3162500000000001,2.833749999999995,8000.0
12990,stockerau_full_8000_7,S2A_MSIL2A_20230619T100031_R122_T33UWP_20230619T172742,1000,,0.0,0.0,1.5625,59.375,17.1875,0.0,3.125,3.125,0.0,15.625,0.0,64,0,0.0,7999.999999999884,8000.000000001863,0.8572399616241455,18.75,,0.0,0.0,1.4925,-8.302499999999995,5.2318750000000005,0.0,-1.6912500000000001,-0.71,-0.319375,4.29875,0.0,3.269375,8.302499999999995,8000.0
12928,stockerau_full_8000_7,S2A_MSIL2A_20230626T095031_R079_T33UWP_20230626T161132,20,,0.0,0.0,0.0,91.133125,8.865625,0.0,0.00125,0.0,0.0,0.0,0.0,160000,0,0.0,7999.999999999884,8000.000000001863,0.705378532409668,0.0,,0.0,0.0,0.0,0.0,0.0,0.0,0.0,0.0,0.0,0.0,0.0,0.0,0.0,8000.0
12941,stockerau_full_8000_7,S2A_MSIL2A_20230626T095031_R079_T33UWP_20230626T161132,50,,0.0,0.0,0.0,91.13671875,8.859375,0.0,0.00390625,0.0,0.0,0.0,0.0,25600,0,0.0,7999.999999999884,8000.000000001863,0.9497652053833008,0.0,,0.0,0.0,0.0,0.003593749999993179,-0.006249999999999645,0.0,0.0026562499999999998,0.0,0.0,0.0,0.0,0.0,0.006249999999999645,8000.0
12954,stockerau_full_8000_7,S2A_MSIL2A_20230626T095031_R079_T33UWP_20230626T161132,100,,0.0,0.0,0.0,91.21875,8.78125,0.0,0.0,0.0,0.0,0.0,0.0,6400,0,0.0,7999.999999999884,8000.000000001863,0.6548604965209961,0.0,,0.0,0.0,0.0,0.08562499999999318,-0.08437499999999964,0.0,-0.00125,0.0,0.0,0.0,0.0,0.0,0.08562499999999318,8000.0
12967,stockerau_full_8000_7,S2A_MSIL2A_20230626T095031_R079_T33UWP_20230626T161132,200,,0.0,0.0,0.0,90.4375,9.5625,0.0,0.0,0.0,0.0,0.0,0.0,1600,0,0.0,7999.999999999884,8000.000000001863,0.6351938247680664,0.0,,0.0,0.0,0.0,-0.6956250000000068,0.6968750000000004,0.0,-0.00125,0.0,0.0,0.0,0.0,0.0,0.6968750000000004,8000.0
12980,stockerau_full_8000_7,S2A_MSIL2A_20230626T095031_R079_T33UWP_20230626T161132,500,,0.0,0.0,0.0,90.625,9.375,0.0,0.0,0.0,0.0,0.0,0.0,256,0,0.0,7999.999999999884,8000.000000001863,0.7614903450012207,0.0,,0.0,0.0,0.0,-0.5081250000000068,0.5093750000000004,0.0,-0.00125,0.0,0.0,0.0,0.0,0.0,0.5093750000000004,8000.0
12993,stockerau_full_8000_7,S2A_MSIL2A_20230626T095031_R079_T33UWP_20230626T161132,1000,,0.0,0.0,0.0,85.9375,14.0625,0.0,0.0,0.0,0.0,0.0,0.0,64,0,0.0,7999.999999999884,8000.000000001863,0.8572399616241455,0.0,,0.0,0.0,0.0,-5.195625000000007,5.196875,0.0,-0.00125,0.0,0.0,0.0,0.0,0.0,5.196875,8000.0
12929,stockerau_full_8000_7,S2A_MSIL2A_20230629T100031_R122_T33UWP_20230629T191411,20,,0.0,0.01,6.039375,81.716875,7.338125,0.0,0.204375,3.7,0.99125,0.0,0.0,160000,0,0.0,7999.999999999884,8000.000000001863,0.705378532409668,4.69125,,0.0,0.0,0.0,0.0,0.0,0.0,0.0,0.0,0.0,0.0,0.0,0.0,0.0,8000.0
12942,stockerau_full_8000_7,S2A_MSIL2A_20230629T100031_R122_T33UWP_20230629T191411,50,,0.0,0.0078125,6.03515625,81.67578125,7.3671875,0.0,0.2421875,3.671875,1.0,0.0,0.0,25600,0,0.0,7999.999999999884,8000.000000001863,0.9497652053833008,4.671875,,0.0,-0.0021875,-0.004218749999999716,-0.041093750000001705,0.029062500000000213,0.0,0.0378125,-0.028125000000000178,0.008750000000000036,0.0,0.0,-0.019375000000000142,0.041093750000001705,8000.0
12955,stockerau_full_8000_7,S2A_MSIL2A_20230629T100031_R122_T33UWP_20230629T191411,100,,0.0,0.015625,6.0,82.09375,7.1875,0.0,0.171875,3.5,1.03125,0.0,0.0,6400,0,0.0,7999.999999999884,8000.000000001863,0.6548604965209961,4.53125,,0.0,0.005625,-0.039374999999999716,0.3768749999999983,-0.1506249999999998,0.0,-0.0325,-0.20000000000000018,0.040000000000000036,0.0,0.0,-0.16000000000000014,0.3768749999999983,8000.0
12968,stockerau_full_8000_7,S2A_MSIL2A_20230629T100031_R122_T33UWP_20230629T191411,200,,0.0,0.0,6.25,81.5625,7.5,0.0,0.0625,3.5625,1.0625,0.0,0.0,1600,0,0.0,7999.999999999884,8000.000000001863,0.6351938247680664,4.625,,0.0,-0.01,0.21062500000000028,-0.1543750000000017,0.1618750000000002,0.0,-0.141875,-0.13750000000000018,0.07125000000000004,0.0,0.0,-0.06625000000000014,0.21062500000000028,8000.0
12981,stockerau_full_8000_7,S2A_MSIL2A_20230629T100031_R122_T33UWP_20230629T191411,500,,0.0,0.0,6.640625,80.46875,8.984375,0.0,0.0,2.34375,1.5625,0.0,0.0,256,0,0.0,7999.999999999884,8000.000000001863,0.7614903450012207,3.90625,,0.0,-0.01,0.6012500000000003,-1.2481250000000017,1.6462500000000002,0.0,-0.204375,-1.3562500000000002,0.57125,0.0,0.0,-0.7850000000000001,1.6462500000000002,8000.0
12994,stockerau_full_8000_7,S2A_MSIL2A_20230629T100031_R122_T33UWP_20230629T191411,1000,,0.0,0.0,3.125,78.125,9.375,0.0,0.0,7.8125,1.5625,0.0,0.0,64,0,0.0,7999.999999999884,8000.000000001863,0.8572399616241455,9.375,,0.0,-0.01,-2.9143749999999997,-3.5918750000000017,2.036875,0.0,-0.204375,4.1125,0.57125,0.0,0.0,4.68375,4.68375,8000.0
12918,stockerau_full_8000_7,S2B_MSIL2A_20230601T094549_R079_T33UWP_20230601T163321,20,,0.0,0.0,0.0,76.7775,23.221875,0.0,0.000625,0.0,0.0,0.0,0.0,160000,0,0.0,7999.999999999884,8000.000000001863,0.705378532409668,0.0,,0.0,0.0,0.0,0.0,0.0,0.0,0.0,0.0,0.0,0.0,0.0,0.0,0.0,8000.0
12931,stockerau_full_8000_7,S2B_MSIL2A_20230601T094549_R079_T33UWP_20230601T163321,50,,0.0,0.0,0.0,76.9296875,23.0703125,0.0,0.0,0.0,0.0,0.0,0.0,25600,0,0.0,7999.999999999884,8000.000000001863,0.9497652053833008,0.0,,0.0,0.0,0.0,0.1521874999999966,-0.1515625000000007,0.0,-0.000625,0.0,0.0,0.0,0.0,0.0,0.1521874999999966,8000.0
12944,stockerau_full_8000_7,S2B_MSIL2A_20230601T094549_R079_T33UWP_20230601T163321,100,,0.0,0.0,0.0,77.53125,22.46875,0.0,0.0,0.0,0.0,0.0,0.0,6400,0,0.0,7999.999999999884,8000.000000001863,0.6548604965209961,0.0,,0.0,0.0,0.0,0.7537499999999966,-0.7531250000000007,0.0,-0.000625,0.0,0.0,0.0,0.0,0.0,0.7537499999999966,8000.0
12957,stockerau_full_8000_7,S2B_MSIL2A_20230601T094549_R079_T33UWP_20230601T163321,200,,0.0,0.0,0.0,77.25,22.75,0.0,0.0,0.0,0.0,0.0,0.0,1600,0,0.0,7999.999999999884,8000.000000001863,0.6351938247680664,0.0,,0.0,0.0,0.0,0.4724999999999966,-0.4718750000000007,0.0,-0.000625,0.0,0.0,0.0,0.0,0.0,0.4724999999999966,8000.0
12970,stockerau_full_8000_7,S2B_MSIL2A_20230601T094549_R079_T33UWP_20230601T163321,500,,0.0,0.0,0.0,78.515625,21.484375,0.0,0.0,0.0,0.0,0.0,0.0,256,0,0.0,7999.999999999884,8000.000000001863,0.7614903450012207,0.0,,0.0,0.0,0.0,1.7381249999999966,-1.7375000000000007,0.0,-0.000625,0.0,0.0,0.0,0.0,0.0,1.7381249999999966,8000.0
12983,stockerau_full_8000_7,S2B_MSIL2A_20230601T094549_R079_T33UWP_20230601T163321,1000,,0.0,0.0,0.0,75.0,25.0,0.0,0.0,0.0,0.0,0.0,0.0,64,0,0.0,7999.999999999884,8000.000000001863,0.8572399616241455,0.0,,0.0,0.0,0.0,-1.7775000000000034,1.7781249999999993,0.0,-0.000625,0.0,0.0,0.0,0.0,0.0,1.7781249999999993,8000.0
12919,stockerau_full_8000_7,S2B_MSIL2A_20230604T095559_R122_T33UWP_20230604T174403,20,,0.0,0.0,0.24125,2.48625,1.28375,0.0,5.298125,36.62625,24.728125,29.33625,0.0,160000,0,0.0,7999.999999999884,8000.000000001863,0.705378532409668,90.690625,,0.0,0.0,0.0,0.0,0.0,0.0,0.0,0.0,0.0,0.0,0.0,0.0,0.0,8000.0
12932,stockerau_full_8000_7,S2B_MSIL2A_20230604T095559_R122_T33UWP_20230604T174403,50,,0.0,0.0,0.234375,2.51953125,1.265625,0.0,5.28515625,36.765625,24.7578125,29.171875,0.0,25600,0,0.0,7999.999999999884,8000.000000001863,0.9497652053833008,90.6953125,,0.0,0.0,-0.006874999999999992,0.03328124999999993,-0.018124999999999947,0.0,-0.012968749999999751,0.13937500000000114,0.02968750000000142,-0.16437499999999972,0.0,0.004687500000002842,0.03328124999999993,8000.0
12945,stockerau_full_8000_7,S2B_MSIL2A_20230604T095559_R122_T33UWP_20230604T174403,100,,0.0,0.0,0.25,2.546875,1.078125,0.0,5.4375,36.328125,25.3125,29.046875,0.0,6400,0,0.0,7999.999999999884,8000.000000001863,0.6548604965209961,90.6875,,0.0,0.0,0.008750000000000008,0.06062499999999993,-0.20562499999999995,0.0,0.13937500000000025,-0.29812499999999886,0.5843750000000014,-0.2893749999999997,0.0,-0.003124999999997158,0.20562499999999995,8000.0
12958,stockerau_full_8000_7,S2B_MSIL2A_20230604T095559_R122_T33UWP_20230604T174403,200,,0.0,0.0,0.3125,2.4375,1.125,0.0,5.4375,36.9375,26.125,27.625,0.0,1600,0,0.0,7999.999999999884,8000.000000001863,0.6351938247680664,90.6875,,0.0,0.0,0.07125000000000001,-0.04875000000000007,-0.15874999999999995,0.0,0.13937500000000025,0.31125000000000114,1.3968750000000014,-1.7112499999999997,0.0,-0.003124999999997158,0.15874999999999995,8000.0
12971,stockerau_full_8000_7,S2B_MSIL2A_20230604T095559_R122_T33UWP_20230604T174403,500,,0.0,0.0,0.0,1.5625,2.34375,0.0,5.46875,36.71875,25.390625,28.515625,0.0,256,0,0.0,7999.999999999884,8000.000000001863,0.7614903450012207,90.625,,0.0,0.0,-0.24125,-0.9237500000000001,1.06,0.0,0.17062500000000025,0.09250000000000114,0.6625000000000014,-0.8206249999999997,0.0,-0.06562499999999716,1.06,8000.0
12984,stockerau_full_8000_7,S2B_MSIL2A_20230604T095559_R122_T33UWP_20230604T174403,1000,,0.0,0.0,0.0,3.125,1.5625,0.0,4.6875,45.3125,25.0,20.3125,0.0,64,0,0.0,7999.999999999884,8000.000000001863,0.8572399616241455,90.625,,0.0,0.0,-0.24125,0.6387499999999999,0.27875000000000005,0.0,-0.6106249999999998,8.686250000000001,0.2718750000000014,-9.02375,0.0,-0.06562499999999716,0.6387499999999999,8000.0
12922,stockerau_full_8000_7,S2B_MSIL2A_20230611T094549_R079_T33UWP_20230611T135320,20,,0.0,0.0,0.0,0.0,0.0,0.0,0.0,0.023125,99.976875,0.0,0.0,160000,0,0.0,7999.999999999884,8000.000000001863,0.705378532409668,100.0,,0.0,0.0,0.0,0.0,0.0,0.0,0.0,0.0,0.0,0.0,0.0,0.0,0.0,8000.0
12935,stockerau_full_8000_7,S2B_MSIL2A_20230611T094549_R079_T33UWP_20230611T135320,50,,0.0,0.0,0.0,0.0,0.0,0.0,0.0,0.0234375,99.9765625,0.0,0.0,25600,0,0.0,7999.999999999884,8000.000000001863,0.9497652053833008,100.0,,0.0,0.0,0.0,0.0,0.0,0.0,0.0,0.0003125000000000003,-0.0003125000000068212,0.0,0.0,0.0,0.0,8000.0
12948,stockerau_full_8000_7,S2B_MSIL2A_20230611T094549_R079_T33UWP_20230611T135320,100,,0.0,0.0,0.0,0.0,0.0,0.0,0.0,0.015625,99.984375,0.0,0.0,6400,0,0.0,7999.999999999884,8000.000000001863,0.6548604965209961,100.0,,0.0,0.0,0.0,0.0,0.0,0.0,0.0,-0.0075,0.007499999999993179,0.0,0.0,0.0,0.0,8000.0
12961,stockerau_full_8000_7,S2B_MSIL2A_20230611T094549_R079_T33UWP_20230611T135320,200,,0.0,0.0,0.0,0.0,0.0,0.0,0.0,0.0625,99.9375,0.0,0.0,1600,0,0.0,7999.999999999884,8000.000000001863,0.6351938247680664,100.0,,0.0,0.0,0.0,0.0,0.0,0.0,0.0,0.039375,-0.03937500000000682,0.0,0.0,0.0,0.0,8000.0
12974,stockerau_full_8000_7,S2B_MSIL2A_20230611T094549_R079_T33UWP_20230611T135320,500,,0.0,0.0,0.0,0.0,0.0,0.0,0.0,0.0,100.0,0.0,0.0,256,0,0.0,7999.999999999884,8000.000000001863,0.7614903450012207,100.0,,0.0,0.0,0.0,0.0,0.0,0.0,0.0,-0.023125,0.02312499999999318,0.0,0.0,0.0,0.0,8000.0
12987,stockerau_full_8000_7,S2B_MSIL2A_20230611T094549_R079_T33UWP_20230611T135320,1000,,0.0,0.0,0.0,0.0,0.0,0.0,0.0,0.0,100.0,0.0,0.0,64,0,0.0,7999.999999999884,8000.000000001863,0.8572399616241455,100.0,,0.0,0.0,0.0,0.0,0.0,0.0,0.0,-0.023125,0.02312499999999318,0.0,0.0,0.0,0.0,8000.0
12923,stockerau_full_8000_7,S2B_MSIL2A_20230614T095559_R122_T33UWP_20230614T142248,20,,0.0,0.004375,4.208125,77.87125,14.38875,0.0,0.18625,2.65875,0.6825,0.0,0.0,160000,0,0.0,7999.999999999884,8000.000000001863,0.705378532409668,3.34125,,0.0,0.0,0.0,0.0,0.0,0.0,0.0,0.0,0.0,0.0,0.0,0.0,0.0,8000.0
12936,stockerau_full_8000_7,S2B_MSIL2A_20230614T095559_R122_T33UWP_20230614T142248,50,,0.0,0.00390625,4.16796875,78.06640625,14.26171875,0.0,0.1484375,2.63671875,0.71484375,0.0,0.0,25600,0,0.0,7999.999999999884,8000.000000001863,0.9497652053833008,3.3515625,,0.0,-0.0004687500000000004,-0.04015624999999989,0.1951562499999966,-0.12703124999999993,0.0,-0.0378125,-0.022031249999999947,0.032343750000000004,0.0,0.0,0.010312499999999947,0.1951562499999966,8000.0
12949,stockerau_full_8000_7,S2B_MSIL2A_20230614T095559_R122_T33UWP_20230614T142248,100,,0.0,0.0,4.265625,78.25,13.96875,0.0,0.15625,2.625,0.734375,0.0,0.0,6400,0,0.0,7999.999999999884,8000.000000001863,0.6548604965209961,3.359375,,0.0,-0.004375,0.05750000000000011,0.3787499999999966,-0.41999999999999993,0.0,-0.03,-0.03374999999999995,0.051875000000000004,0.0,0.0,0.018124999999999947,0.41999999999999993,8000.0
12962,stockerau_full_8000_7,S2B_MSIL2A_20230614T095559_R122_T33UWP_20230614T142248,200,,0.0,0.0,4.1875,77.0,15.1875,0.0,0.1875,2.8125,0.625,0.0,0.0,1600,0,0.0,7999.999999999884,8000.000000001863,0.6351938247680664,3.4375,,0.0,-0.004375,-0.020624999999999893,-0.8712500000000034,0.7987500000000001,0.0,0.0012500000000000011,0.15375000000000005,-0.057499999999999996,0.0,0.0,0.09624999999999995,0.8712500000000034,8000.0
12975,stockerau_full_8000_7,S2B_MSIL2A_20230614T095559_R122_T33UWP_20230614T142248,500,,0.0,0.0,4.6875,76.171875,16.40625,0.0,0.0,1.953125,0.78125,0.0,0.0,256,0,0.0,7999.999999999884,8000.000000001863,0.7614903450012207,2.734375,,0.0,-0.004375,0.4793750000000001,-1.6993750000000034,2.0175,0.0,-0.18625,-0.705625,0.09875,0.0,0.0,-0.606875,2.0175,8000.0
12988,stockerau_full_8000_7,S2B_MSIL2A_20230614T095559_R122_T33UWP_20230614T142248,1000,,0.0,0.0,7.8125,70.3125,21.875,0.0,0.0,0.0,0.0,0.0,0.0,64,0,0.0,7999.999999999884,8000.000000001863,0.8572399616241455,0.0,,0.0,-0.004375,3.604375,-7.558750000000003,7.48625,0.0,-0.18625,-2.65875,-0.6825,0.0,0.0,-3.34125,7.558750000000003,8000.0
12926,stockerau_full_8000_7,S2B_MSIL2A_20230621T094549_R079_T33UWP_20230621T143955,20,,0.0,0.0,0.0,84.675,10.21125,0.0,0.0,0.001875,0.0,5.111875,0.0,160000,0,0.0,7999.999999999884,8000.000000001863,0.705378532409668,5.1137500000000005,,0.0,0.0,0.0,0.0,0.0,0.0,0.0,0.0,0.0,0.0,0.0,0.0,0.0,8000.0
12939,stockerau_full_8000_7,S2B_MSIL2A_20230621T094549_R079_T33UWP_20230621T143955,50,,0.0,0.0,0.0,84.8046875,10.25390625,0.0,0.0,0.0,0.0,4.94140625,0.0,25600,0,0.0,7999.999999999884,8000.000000001863,0.9497652053833008,4.94140625,,0.0,0.0,0.0,0.12968750000000284,0.042656250000000284,0.0,0.0,-0.001875,0.0,-0.1704687500000004,0.0,-0.17234375000000046,0.17234375000000046,8000.0
12952,stockerau_full_8000_7,S2B_MSIL2A_20230621T094549_R079_T33UWP_20230621T143955,100,,0.0,0.0,0.0,84.953125,10.328125,0.0,0.0,0.0,0.0,4.71875,0.0,6400,0,0.0,7999.999999999884,8000.000000001863,0.6548604965209961,4.71875,,0.0,0.0,0.0,0.27812500000000284,0.11687500000000028,0.0,0.0,-0.001875,0.0,-0.3931250000000004,0.0,-0.39500000000000046,0.39500000000000046,8000.0
12965,stockerau_full_8000_7,S2B_MSIL2A_20230621T094549_R079_T33UWP_20230621T143955,200,,0.0,0.0,0.0,84.75,11.0,0.0,0.0,0.0,0.0,4.25,0.0,1600,0,0.0,7999.999999999884,8000.000000001863,0.6351938247680664,4.25,,0.0,0.0,0.0,0.07500000000000284,0.7887500000000003,0.0,0.0,-0.001875,0.0,-0.8618750000000004,0.0,-0.8637500000000005,0.8637500000000005,8000.0
12978,stockerau_full_8000_7,S2B_MSIL2A_20230621T094549_R079_T33UWP_20230621T143955,500,,0.0,0.0,0.0,84.375,11.328125,0.0,0.0,0.0,0.0,4.296875,0.0,256,0,0.0,7999.999999999884,8000.000000001863,0.7614903450012207,4.296875,,0.0,0.0,0.0,-0.29999999999999716,1.1168750000000003,0.0,0.0,-0.001875,0.0,-0.8150000000000004,0.0,-0.8168750000000005,1.1168750000000003,8000.0
12991,stockerau_full_8000_7,S2B_MSIL2A_20230621T094549_R079_T33UWP_20230621T143955,1000,,0.0,0.0,0.0,79.6875,17.1875,0.0,0.0,0.0,0.0,3.125,0.0,64,0,0.0,7999.999999999884,8000.000000001863,0.8572399616241455,3.125,,0.0,0.0,0.0,-4.987499999999997,6.97625,0.0,0.0,-0.001875,0.0,-1.9868750000000004,0.0,-1.9887500000000005,6.97625,8000.0
12927,stockerau_full_8000_7,S2B_MSIL2A_20230624T095559_R122_T33UWP_20230624T142946,20,,0.0,0.0,0.0,0.0,0.0,0.0,0.0,0.0,100.0,0.0,0.0,160000,0,0.0,7999.999999999884,8000.000000001863,0.705378532409668,100.0,,0.0,0.0,0.0,0.0,0.0,0.0,0.0,0.0,0.0,0.0,0.0,0.0,0.0,8000.0
12940,stockerau_full_8000_7,S2B_MSIL2A_20230624T095559_R122_T33UWP_20230624T142946,50,,0.0,0.0,0.0,0.0,0.0,0.0,0.0,0.0,100.0,0.0,0.0,25600,0,0.0,7999.999999999884,8000.000000001863,0.9497652053833008,100.0,,0.0,0.0,0.0,0.0,0.0,0.0,0.0,0.0,0.0,0.0,0.0,0.0,0.0,8000.0
12953,stockerau_full_8000_7,S2B_MSIL2A_20230624T095559_R122_T33UWP_20230624T142946,100,,0.0,0.0,0.0,0.0,0.0,0.0,0.0,0.0,100.0,0.0,0.0,6400,0,0.0,7999.999999999884,8000.000000001863,0.6548604965209961,100.0,,0.0,0.0,0.0,0.0,0.0,0.0,0.0,0.0,0.0,0.0,0.0,0.0,0.0,8000.0
12966,stockerau_full_8000_7,S2B_MSIL2A_20230624T095559_R122_T33UWP_20230624T142946,200,,0.0,0.0,0.0,0.0,0.0,0.0,0.0,0.0,100.0,0.0,0.0,1600,0,0.0,7999.999999999884,8000.000000001863,0.6351938247680664,100.0,,0.0,0.0,0.0,0.0,0.0,0.0,0.0,0.0,0.0,0.0,0.0,0.0,0.0,8000.0
12979,stockerau_full_8000_7,S2B_MSIL2A_20230624T095559_R122_T33UWP_20230624T142946,500,,0.0,0.0,0.0,0.0,0.0,0.0,0.0,0.0,100.0,0.0,0.0,256,0,0.0,7999.999999999884,8000.000000001863,0.7614903450012207,100.0,,0.0,0.0,0.0,0.0,0.0,0.0,0.0,0.0,0.0,0.0,0.0,0.0,0.0,8000.0
12992,stockerau_full_8000_7,S2B_MSIL2A_20230624T095559_R122_T33UWP_20230624T142946,1000,,0.0,0.0,0.0,0.0,0.0,0.0,0.0,0.0,100.0,0.0,0.0,64,0,0.0,7999.999999999884,8000.000000001863,0.8572399616241455,100.0,,0.0,0.0,0.0,0.0,0.0,0.0,0.0,0.0,0.0,0.0,0.0,0.0,0.0,8000.0
12930,stockerau_full_8000_7,S2B_MSIL2A_20230701T094549_R079_T33UWP_20230701T152448,20,,0.0,0.0,0.026875,0.0,0.0,0.0,0.0,2.515,97.458125,0.0,0.0,160000,0,0.0,7999.999999999884,8000.000000001863,0.705378532409668,99.973125,,0.0,0.0,0.0,0.0,0.0,0.0,0.0,0.0,0.0,0.0,0.0,0.0,0.0,8000.0
12943,stockerau_full_8000_7,S2B_MSIL2A_20230701T094549_R079_T33UWP_20230701T152448,50,,0.0,0.0,0.02734375,0.0,0.0,0.0,0.0,2.5390625,97.43359375,0.0,0.0,25600,0,0.0,7999.999999999884,8000.000000001863,0.9497652053833008,99.97265625,,0.0,0.0,0.0004687500000000004,0.0,0.0,0.0,0.0,0.024062499999999876,-0.024531249999995453,0.0,0.0,-0.00046874999999602096,0.0004687500000000004,8000.0
12956,stockerau_full_8000_7,S2B_MSIL2A_20230701T094549_R079_T33UWP_20230701T152448,100,,0.0,0.0,0.015625,0.0,0.0,0.0,0.0,2.4375,97.546875,0.0,0.0,6400,0,0.0,7999.999999999884,8000.000000001863,0.6548604965209961,99.984375,,0.0,0.0,-0.01125,0.0,0.0,0.0,0.0,-0.07750000000000012,0.08875000000000455,0.0,0.0,0.011250000000003979,0.011250000000003979,8000.0
12969,stockerau_full_8000_7,S2B_MSIL2A_20230701T094549_R079_T33UWP_20230701T152448,200,,0.0,0.0,0.0625,0.0,0.0,0.0,0.0,2.9375,97.0,0.0,0.0,1600,0,0.0,7999.999999999884,8000.000000001863,0.6351938247680664,99.9375,,0.0,0.0,0.035625000000000004,0.0,0.0,0.0,0.0,0.4224999999999999,-0.45812499999999545,0.0,0.0,-0.03562499999999602,0.035625000000000004,8000.0
12982,stockerau_full_8000_7,S2B_MSIL2A_20230701T094549_R079_T33UWP_20230701T152448,500,,0.0,0.0,0.0,0.0,0.0,0.0,0.0,1.5625,98.4375,0.0,0.0,256,0,0.0,7999.999999999884,8000.000000001863,0.7614903450012207,100.0,,0.0,0.0,-0.026875,0.0,0.0,0.0,0.0,-0.9525000000000001,0.9793750000000045,0.0,0.0,0.02687500000000398,0.02687500000000398,8000.0
12995,stockerau_full_8000_7,S2B_MSIL2A_20230701T094549_R079_T33UWP_20230701T152448,1000,,0.0,0.0,0.0,0.0,0.0,0.0,0.0,4.6875,95.3125,0.0,0.0,64,0,0.0,7999.999999999884,8000.000000001863,0.8572399616241455,100.0,,0.0,0.0,-0.026875,0.0,0.0,0.0,0.0,2.1725,-2.1456249999999955,0.0,0.0,0.02687500000000398,0.02687500000000398,8000.0
12998,stockerau_full_8000_8,S2A_MSIL2A_20230606T095031_R079_T33UWP_20230606T162616,20,,0.0,0.0,0.0,0.0,0.0,0.0,0.0,1.225625,98.774375,0.0,0.0,160000,0,0.0,8000.000000000349,8000.000000000931,0.7584242820739746,100.0,,0.0,0.0,0.0,0.0,0.0,0.0,0.0,0.0,0.0,0.0,0.0,0.0,0.0,8000.0
13011,stockerau_full_8000_8,S2A_MSIL2A_20230606T095031_R079_T33UWP_20230606T162616,50,,0.0,0.0,0.0,0.0,0.0,0.0,0.0,1.234375,98.765625,0.0,0.0,25600,0,0.0,8000.000000000349,8000.000000000931,0.7884230613708496,100.0,,0.0,0.0,0.0,0.0,0.0,0.0,0.0,0.008750000000000036,-0.008750000000006253,0.0,0.0,0.0,0.0,8000.0
13024,stockerau_full_8000_8,S2A_MSIL2A_20230606T095031_R079_T33UWP_20230606T162616,100,,0.0,0.0,0.0,0.0,0.0,0.0,0.0,1.296875,98.703125,0.0,0.0,6400,0,0.0,8000.000000000349,8000.000000000931,0.7682085037231445,100.0,,0.0,0.0,0.0,0.0,0.0,0.0,0.0,0.07125000000000004,-0.07125000000000625,0.0,0.0,0.0,0.0,8000.0
13037,stockerau_full_8000_8,S2A_MSIL2A_20230606T095031_R079_T33UWP_20230606T162616,200,,0.0,0.0,0.0,0.0,0.0,0.0,0.0,1.5,98.5,0.0,0.0,1600,0,0.0,8000.000000000349,8000.000000000931,0.9312925338745117,100.0,,0.0,0.0,0.0,0.0,0.0,0.0,0.0,0.27437500000000004,-0.27437500000000625,0.0,0.0,0.0,0.0,8000.0
13050,stockerau_full_8000_8,S2A_MSIL2A_20230606T095031_R079_T33UWP_20230606T162616,500,,0.0,0.0,0.0,0.0,0.0,0.0,0.0,0.78125,99.21875,0.0,0.0,256,0,0.0,8000.000000000349,8000.000000000931,0.7714641094207764,100.0,,0.0,0.0,0.0,0.0,0.0,0.0,0.0,-0.44437499999999996,0.44437499999999375,0.0,0.0,0.0,0.0,8000.0
13063,stockerau_full_8000_8,S2A_MSIL2A_20230606T095031_R079_T33UWP_20230606T162616,1000,,0.0,0.0,0.0,0.0,0.0,0.0,0.0,0.0,100.0,0.0,0.0,64,0,0.0,8000.000000000349,8000.000000000931,0.8956167697906494,100.0,,0.0,0.0,0.0,0.0,0.0,0.0,0.0,-1.225625,1.2256249999999937,0.0,0.0,0.0,0.0,8000.0
12999,stockerau_full_8000_8,S2A_MSIL2A_20230609T100031_R122_T33UWP_20230609T173715,20,,0.0,0.0,0.0,0.0,0.0,0.0,0.0,0.0,100.0,0.0,0.0,160000,0,0.0,8000.000000000349,8000.000000000931,0.7584242820739746,100.0,,0.0,0.0,0.0,0.0,0.0,0.0,0.0,0.0,0.0,0.0,0.0,0.0,0.0,8000.0
13012,stockerau_full_8000_8,S2A_MSIL2A_20230609T100031_R122_T33UWP_20230609T173715,50,,0.0,0.0,0.0,0.0,0.0,0.0,0.0,0.0,100.0,0.0,0.0,25600,0,0.0,8000.000000000349,8000.000000000931,0.7884230613708496,100.0,,0.0,0.0,0.0,0.0,0.0,0.0,0.0,0.0,0.0,0.0,0.0,0.0,0.0,8000.0
13025,stockerau_full_8000_8,S2A_MSIL2A_20230609T100031_R122_T33UWP_20230609T173715,100,,0.0,0.0,0.0,0.0,0.0,0.0,0.0,0.0,100.0,0.0,0.0,6400,0,0.0,8000.000000000349,8000.000000000931,0.7682085037231445,100.0,,0.0,0.0,0.0,0.0,0.0,0.0,0.0,0.0,0.0,0.0,0.0,0.0,0.0,8000.0
13038,stockerau_full_8000_8,S2A_MSIL2A_20230609T100031_R122_T33UWP_20230609T173715,200,,0.0,0.0,0.0,0.0,0.0,0.0,0.0,0.0,100.0,0.0,0.0,1600,0,0.0,8000.000000000349,8000.000000000931,0.9312925338745117,100.0,,0.0,0.0,0.0,0.0,0.0,0.0,0.0,0.0,0.0,0.0,0.0,0.0,0.0,8000.0
13051,stockerau_full_8000_8,S2A_MSIL2A_20230609T100031_R122_T33UWP_20230609T173715,500,,0.0,0.0,0.0,0.0,0.0,0.0,0.0,0.0,100.0,0.0,0.0,256,0,0.0,8000.000000000349,8000.000000000931,0.7714641094207764,100.0,,0.0,0.0,0.0,0.0,0.0,0.0,0.0,0.0,0.0,0.0,0.0,0.0,0.0,8000.0
13064,stockerau_full_8000_8,S2A_MSIL2A_20230609T100031_R122_T33UWP_20230609T173715,1000,,0.0,0.0,0.0,0.0,0.0,0.0,0.0,0.0,100.0,0.0,0.0,64,0,0.0,8000.000000000349,8000.000000000931,0.8956167697906494,100.0,,0.0,0.0,0.0,0.0,0.0,0.0,0.0,0.0,0.0,0.0,0.0,0.0,0.0,8000.0
13002,stockerau_full_8000_8,S2A_MSIL2A_20230616T095031_R079_T33UWP_20230616T172735,20,,0.0,0.0075,1.11625,75.814375,21.0475,0.0,0.096875,1.1825,0.735,0.0,0.0,160000,0,0.0,8000.000000000349,8000.000000000931,0.7584242820739746,1.9175,,0.0,0.0,0.0,0.0,0.0,0.0,0.0,0.0,0.0,0.0,0.0,0.0,0.0,8000.0
13015,stockerau_full_8000_8,S2A_MSIL2A_20230616T095031_R079_T33UWP_20230616T172735,50,,0.0,0.0078125,1.0859375,75.8046875,21.078125,0.0,0.09765625,1.20703125,0.71875,0.0,0.0,25600,0,0.0,8000.000000000349,8000.000000000931,0.7884230613708496,1.92578125,,0.0,0.0003125000000000003,-0.030312499999999964,-0.009687499999998295,0.03062500000000057,0.0,0.0007812499999999972,0.024531249999999893,-0.016249999999999987,0.0,0.0,0.008281250000000018,0.03062500000000057,8000.0
13028,stockerau_full_8000_8,S2A_MSIL2A_20230616T095031_R079_T33UWP_20230616T172735,100,,0.0,0.0,1.09375,76.203125,20.6875,0.0,0.09375,1.140625,0.78125,0.0,0.0,6400,0,0.0,8000.000000000349,8000.000000000931,0.7682085037231445,1.921875,,0.0,-0.0075,-0.022499999999999964,0.3887500000000017,-0.35999999999999943,0.0,-0.0031250000000000028,-0.04187500000000011,0.04625000000000001,0.0,0.0,0.004375000000000018,0.3887500000000017,8000.0
13041,stockerau_full_8000_8,S2A_MSIL2A_20230616T095031_R079_T33UWP_20230616T172735,200,,0.0,0.0,0.9375,75.9375,21.125,0.0,0.0625,1.3125,0.625,0.0,0.0,1600,0,0.0,8000.000000000349,8000.000000000931,0.9312925338745117,1.9375,,0.0,-0.0075,-0.17874999999999996,0.1231250000000017,0.07750000000000057,0.0,-0.034375,0.1299999999999999,-0.10999999999999999,0.0,0.0,0.020000000000000018,0.17874999999999996,8000.0
13054,stockerau_full_8000_8,S2A_MSIL2A_20230616T095031_R079_T33UWP_20230616T172735,500,,0.0,0.0,1.5625,77.34375,19.140625,0.0,0.0,1.171875,0.78125,0.0,0.0,256,0,0.0,8000.000000000349,8000.000000000931,0.7714641094207764,1.953125,,0.0,-0.0075,0.44625000000000004,1.5293750000000017,-1.9068749999999994,0.0,-0.096875,-0.010625000000000107,0.04625000000000001,0.0,0.0,0.03562500000000002,1.9068749999999994,8000.0
13067,stockerau_full_8000_8,S2A_MSIL2A_20230616T095031_R079_T33UWP_20230616T172735,1000,,0.0,0.0,0.0,68.75,28.125,0.0,0.0,3.125,0.0,0.0,0.0,64,0,0.0,8000.000000000349,8000.000000000931,0.8956167697906494,3.125,,0.0,-0.0075,-1.11625,-7.064374999999998,7.077500000000001,0.0,-0.096875,1.9425,-0.735,0.0,0.0,1.2075,7.077500000000001,8000.0
13003,stockerau_full_8000_8,S2A_MSIL2A_20230619T100031_R122_T33UWP_20230619T172742,20,,0.0,0.0,0.0,16.2525,3.01375,0.0,0.3,2.095625,0.003125,78.335,0.0,160000,0,0.0,8000.000000000349,8000.000000000931,0.7584242820739746,80.43374999999999,,0.0,0.0,0.0,0.0,0.0,0.0,0.0,0.0,0.0,0.0,0.0,0.0,0.0,8000.0
13016,stockerau_full_8000_8,S2A_MSIL2A_20230619T100031_R122_T33UWP_20230619T172742,50,,0.0,0.0,0.0,16.296875,3.0078125,0.0,0.26953125,2.0546875,0.00390625,78.3671875,0.0,25600,0,0.0,8000.000000000349,8000.000000000931,0.7884230613708496,80.42578125,,0.0,0.0,0.0,0.04437499999999872,-0.005937499999999929,0.0,-0.03046874999999999,-0.04093750000000007,0.0007812499999999998,0.03218750000000625,0.0,-0.0079687499999892,0.04437499999999872,8000.0
13029,stockerau_full_8000_8,S2A_MSIL2A_20230619T100031_R122_T33UWP_20230619T172742,100,,0.0,0.0,0.0,16.09375,2.796875,0.0,0.375,2.171875,0.0,78.5625,0.0,6400,0,0.0,8000.000000000349,8000.000000000931,0.7682085037231445,80.734375,,0.0,0.0,0.0,-0.15875000000000128,-0.21687499999999993,0.0,0.07500000000000001,0.07624999999999993,-0.003125,0.22750000000000625,0.0,0.3006250000000108,0.3006250000000108,8000.0
13042,stockerau_full_8000_8,S2A_MSIL2A_20230619T100031_R122_T33UWP_20230619T172742,200,,0.0,0.0,0.0,15.625,3.1875,0.0,0.375,2.0625,0.0,78.75,0.0,1600,0,0.0,8000.000000000349,8000.000000000931,0.9312925338745117,80.8125,,0.0,0.0,0.0,-0.6275000000000013,0.17375000000000007,0.0,0.07500000000000001,-0.03312500000000007,-0.003125,0.41500000000000625,0.0,0.3787500000000108,0.6275000000000013,8000.0
13055,stockerau_full_8000_8,S2A_MSIL2A_20230619T100031_R122_T33UWP_20230619T172742,500,,0.0,0.0,0.0,16.015625,4.296875,0.0,0.0,2.734375,0.0,76.953125,0.0,256,0,0.0,8000.000000000349,8000.000000000931,0.7714641094207764,79.6875,,0.0,0.0,0.0,-0.23687500000000128,1.283125,0.0,-0.3,0.6387499999999999,-0.003125,-1.3818749999999937,0.0,-0.7462499999999892,1.283125,8000.0
13068,stockerau_full_8000_8,S2A_MSIL2A_20230619T100031_R122_T33UWP_20230619T172742,1000,,0.0,0.0,0.0,20.3125,7.8125,0.0,0.0,4.6875,0.0,67.1875,0.0,64,0,0.0,8000.000000000349,8000.000000000931,0.8956167697906494,71.875,,0.0,0.0,0.0,4.059999999999999,4.79875,0.0,-0.3,2.591875,-0.003125,-11.147499999999994,0.0,-8.55874999999999,8.55874999999999,8000.0
13006,stockerau_full_8000_8,S2A_MSIL2A_20230626T095031_R079_T33UWP_20230626T161132,20,,0.0,0.006875,2.044375,80.54875,13.81125,0.0,0.178125,2.0825,1.328125,0.0,0.0,160000,0,0.0,8000.000000000349,8000.000000000931,0.7584242820739746,3.410625,,0.0,0.0,0.0,0.0,0.0,0.0,0.0,0.0,0.0,0.0,0.0,0.0,0.0,8000.0
13019,stockerau_full_8000_8,S2A_MSIL2A_20230626T095031_R079_T33UWP_20230626T161132,50,,0.0,0.0078125,1.984375,80.5546875,13.89453125,0.0,0.1953125,2.01953125,1.34375,0.0,0.0,25600,0,0.0,8000.000000000349,8000.000000000931,0.7884230613708496,3.36328125,,0.0,0.0009375,-0.06000000000000005,0.005937500000001705,0.08328125000000064,0.0,0.017187499999999994,-0.06296875000000002,0.015625,0.0,0.0,-0.04734375000000002,0.08328125000000064,8000.0
13032,stockerau_full_8000_8,S2A_MSIL2A_20230626T095031_R079_T33UWP_20230626T161132,100,,0.0,0.0,1.96875,80.765625,13.71875,0.0,0.15625,2.109375,1.28125,0.0,0.0,6400,0,0.0,8000.000000000349,8000.000000000931,0.7682085037231445,3.390625,,0.0,-0.006875,-0.07562500000000005,0.2168750000000017,-0.09249999999999936,0.0,-0.021875000000000006,0.026874999999999982,-0.046875,0.0,0.0,-0.020000000000000018,0.2168750000000017,8000.0
13045,stockerau_full_8000_8,S2A_MSIL2A_20230626T095031_R079_T33UWP_20230626T161132,200,,0.0,0.0,2.0625,80.375,13.9375,0.0,0.1875,2.25,1.1875,0.0,0.0,1600,0,0.0,8000.000000000349,8000.000000000931,0.9312925338745117,3.4375,,0.0,-0.006875,0.018124999999999947,-0.1737499999999983,0.12625000000000064,0.0,0.009374999999999994,0.16749999999999998,-0.140625,0.0,0.0,0.026874999999999982,0.1737499999999983,8000.0
13058,stockerau_full_8000_8,S2A_MSIL2A_20230626T095031_R079_T33UWP_20230626T161132,500,,0.0,0.0,1.953125,77.734375,17.578125,0.0,0.78125,1.953125,0.0,0.0,0.0,256,0,0.0,8000.000000000349,8000.000000000931,0.7714641094207764,1.953125,,0.0,-0.006875,-0.09125000000000005,-2.8143749999999983,3.7668750000000006,0.0,0.603125,-0.12937500000000002,-1.328125,0.0,0.0,-1.4575,3.7668750000000006,8000.0
13071,stockerau_full_8000_8,S2A_MSIL2A_20230626T095031_R079_T33UWP_20230626T161132,1000,,0.0,0.0,3.125,79.6875,17.1875,0.0,0.0,0.0,0.0,0.0,0.0,64,0,0.0,8000.000000000349,8000.000000000931,0.8956167697906494,0.0,,0.0,-0.006875,1.080625,-0.8612499999999983,3.3762500000000006,0.0,-0.178125,-2.0825,-1.328125,0.0,0.0,-3.410625,3.410625,8000.0
13007,stockerau_full_8000_8,S2A_MSIL2A_20230629T100031_R122_T33UWP_20230629T191411,20,,0.0,0.025625,2.928125,82.253125,13.14375,0.0,0.25125,1.2025,0.195625,0.0,0.0,160000,0,0.0,8000.000000000349,8000.000000000931,0.7584242820739746,1.3981249999999998,,0.0,0.0,0.0,0.0,0.0,0.0,0.0,0.0,0.0,0.0,0.0,0.0,0.0,8000.0
13020,stockerau_full_8000_8,S2A_MSIL2A_20230629T100031_R122_T33UWP_20230629T191411,50,,0.0,0.02734375,2.93359375,82.3515625,12.99609375,0.0,0.24609375,1.2421875,0.203125,0.0,0.0,25600,0,0.0,8000.000000000349,8000.000000000931,0.7884230613708496,1.4453125,,0.0,0.0017187500000000015,0.005468749999999911,0.09843750000000284,-0.1476562500000007,0.0,-0.005156249999999973,0.0396875000000001,0.007500000000000007,0.0,0.0,0.04718750000000016,0.1476562500000007,8000.0
13033,stockerau_full_8000_8,S2A_MSIL2A_20230629T100031_R122_T33UWP_20230629T191411,100,,0.0,0.03125,2.90625,82.390625,13.03125,0.0,0.28125,1.15625,0.203125,0.0,0.0,6400,0,0.0,8000.000000000349,8000.000000000931,0.7682085037231445,1.359375,,0.0,0.0056250000000000015,-0.02187500000000009,0.13750000000000284,-0.11250000000000071,0.0,0.030000000000000027,-0.0462499999999999,0.007500000000000007,0.0,0.0,-0.03874999999999984,0.13750000000000284,8000.0
13046,stockerau_full_8000_8,S2A_MSIL2A_20230629T100031_R122_T33UWP_20230629T191411,200,,0.0,0.0625,3.1875,81.6875,13.375,0.0,0.3125,1.125,0.25,0.0,0.0,1600,0,0.0,8000.000000000349,8000.000000000931,0.9312925338745117,1.375,,0.0,0.036875000000000005,0.2593749999999999,-0.5656249999999972,0.2312499999999993,0.0,0.06125000000000003,-0.0774999999999999,0.05437500000000001,0.0,0.0,-0.02312499999999984,0.5656249999999972,8000.0
13059,stockerau_full_8000_8,S2A_MSIL2A_20230629T100031_R122_T33UWP_20230629T191411,500,,0.0,0.0,2.734375,76.953125,18.75,0.0,0.0,0.78125,0.78125,0.0,0.0,256,0,0.0,8000.000000000349,8000.000000000931,0.7714641094207764,1.5625,,0.0,-0.025625,-0.1937500000000001,-5.299999999999997,5.606249999999999,0.0,-0.25125,-0.4212499999999999,0.5856250000000001,0.0,0.0,0.16437500000000016,5.606249999999999,8000.0
13072,stockerau_full_8000_8,S2A_MSIL2A_20230629T100031_R122_T33UWP_20230629T191411,1000,,0.0,0.0,4.6875,75.0,17.1875,0.0,0.0,0.0,3.125,0.0,0.0,64,0,0.0,8000.000000000349,8000.000000000931,0.8956167697906494,3.125,,0.0,-0.025625,1.759375,-7.253124999999997,4.043749999999999,0.0,-0.25125,-1.2025,2.929375,0.0,0.0,1.7268750000000002,7.253124999999997,8000.0
12996,stockerau_full_8000_8,S2B_MSIL2A_20230601T094549_R079_T33UWP_20230601T163321,20,,0.0,0.01,0.0,66.65875,33.33125,0.0,0.0,0.0,0.0,0.0,0.0,160000,0,0.0,8000.000000000349,8000.000000000931,0.7584242820739746,0.0,,0.0,0.0,0.0,0.0,0.0,0.0,0.0,0.0,0.0,0.0,0.0,0.0,0.0,8000.0
13009,stockerau_full_8000_8,S2B_MSIL2A_20230601T094549_R079_T33UWP_20230601T163321,50,,0.0,0.0078125,0.0,66.55859375,33.43359375,0.0,0.0,0.0,0.0,0.0,0.0,25600,0,0.0,8000.000000000349,8000.000000000931,0.7884230613708496,0.0,,0.0,-0.0021875,0.0,-0.10015624999999773,0.10234375000000284,0.0,0.0,0.0,0.0,0.0,0.0,0.0,0.10234375000000284,8000.0
13022,stockerau_full_8000_8,S2B_MSIL2A_20230601T094549_R079_T33UWP_20230601T163321,100,,0.0,0.0,0.0,66.9375,33.0625,0.0,0.0,0.0,0.0,0.0,0.0,6400,0,0.0,8000.000000000349,8000.000000000931,0.7682085037231445,0.0,,0.0,-0.01,0.0,0.2787500000000023,-0.26874999999999716,0.0,0.0,0.0,0.0,0.0,0.0,0.0,0.2787500000000023,8000.0
13035,stockerau_full_8000_8,S2B_MSIL2A_20230601T094549_R079_T33UWP_20230601T163321,200,,0.0,0.0,0.0,66.875,33.125,0.0,0.0,0.0,0.0,0.0,0.0,1600,0,0.0,8000.000000000349,8000.000000000931,0.9312925338745117,0.0,,0.0,-0.01,0.0,0.21625000000000227,-0.20624999999999716,0.0,0.0,0.0,0.0,0.0,0.0,0.0,0.21625000000000227,8000.0
13048,stockerau_full_8000_8,S2B_MSIL2A_20230601T094549_R079_T33UWP_20230601T163321,500,,0.0,0.0,0.0,67.1875,32.8125,0.0,0.0,0.0,0.0,0.0,0.0,256,0,0.0,8000.000000000349,8000.000000000931,0.7714641094207764,0.0,,0.0,-0.01,0.0,0.5287500000000023,-0.5187499999999972,0.0,0.0,0.0,0.0,0.0,0.0,0.0,0.5287500000000023,8000.0
13061,stockerau_full_8000_8,S2B_MSIL2A_20230601T094549_R079_T33UWP_20230601T163321,1000,,0.0,0.0,0.0,53.125,46.875,0.0,0.0,0.0,0.0,0.0,0.0,64,0,0.0,8000.000000000349,8000.000000000931,0.8956167697906494,0.0,,0.0,-0.01,0.0,-13.533749999999998,13.543750000000003,0.0,0.0,0.0,0.0,0.0,0.0,0.0,13.543750000000003,8000.0
12997,stockerau_full_8000_8,S2B_MSIL2A_20230604T095559_R122_T33UWP_20230604T174403,20,,0.0,0.0,0.0,0.004375,0.004375,0.0,0.211875,3.43375,96.23125,0.114375,0.0,160000,0,0.0,8000.000000000349,8000.000000000931,0.7584242820739746,99.779375,,0.0,0.0,0.0,0.0,0.0,0.0,0.0,0.0,0.0,0.0,0.0,0.0,0.0,8000.0
13010,stockerau_full_8000_8,S2B_MSIL2A_20230604T095559_R122_T33UWP_20230604T174403,50,,0.0,0.0,0.0,0.00390625,0.00390625,0.0,0.20703125,3.4453125,96.25390625,0.0859375,0.0,25600,0,0.0,8000.000000000349,8000.000000000931,0.7884230613708496,99.78515625,,0.0,0.0,0.0,-0.0004687500000000004,-0.0004687500000000004,0.0,-0.004843750000000008,0.011562500000000142,0.022656249999997158,-0.028437500000000004,0.0,0.005781249999998295,0.005781249999998295,8000.0
13023,stockerau_full_8000_8,S2B_MSIL2A_20230604T095559_R122_T33UWP_20230604T174403,100,,0.0,0.0,0.0,0.015625,0.0,0.0,0.21875,3.375,96.375,0.015625,0.0,6400,0,0.0,8000.000000000349,8000.000000000931,0.7682085037231445,99.765625,,0.0,0.0,0.0,0.01125,-0.004375,0.0,0.006874999999999992,-0.05874999999999986,0.14374999999999716,-0.09875,0.0,-0.013750000000001705,0.013750000000001705,8000.0
13036,stockerau_full_8000_8,S2B_MSIL2A_20230604T095559_R122_T33UWP_20230604T174403,200,,0.0,0.0,0.0,0.0,0.0,0.0,0.125,3.125,96.75,0.0,0.0,1600,0,0.0,8000.000000000349,8000.000000000931,0.9312925338745117,99.875,,0.0,0.0,0.0,-0.004375,-0.004375,0.0,-0.08687500000000001,-0.30874999999999986,0.5187499999999972,-0.114375,0.0,0.0956249999999983,0.0956249999999983,8000.0
13049,stockerau_full_8000_8,S2B_MSIL2A_20230604T095559_R122_T33UWP_20230604T174403,500,,0.0,0.0,0.0,0.0,0.0,0.0,0.0,2.734375,97.265625,0.0,0.0,256,0,0.0,8000.000000000349,8000.000000000931,0.7714641094207764,100.0,,0.0,0.0,0.0,-0.004375,-0.004375,0.0,-0.211875,-0.6993749999999999,1.0343749999999972,-0.114375,0.0,0.2206249999999983,0.2206249999999983,8000.0
13062,stockerau_full_8000_8,S2B_MSIL2A_20230604T095559_R122_T33UWP_20230604T174403,1000,,0.0,0.0,0.0,0.0,0.0,0.0,0.0,3.125,96.875,0.0,0.0,64,0,0.0,8000.000000000349,8000.000000000931,0.8956167697906494,100.0,,0.0,0.0,0.0,-0.004375,-0.004375,0.0,-0.211875,-0.30874999999999986,0.6437499999999972,-0.114375,0.0,0.2206249999999983,0.2206249999999983,8000.0
13000,stockerau_full_8000_8,S2B_MSIL2A_20230611T094549_R079_T33UWP_20230611T135320,20,,0.0,0.0,0.0,0.0,0.0,0.0,0.0,0.0,100.0,0.0,0.0,160000,0,0.0,8000.000000000349,8000.000000000931,0.7584242820739746,100.0,,0.0,0.0,0.0,0.0,0.0,0.0,0.0,0.0,0.0,0.0,0.0,0.0,0.0,8000.0
13013,stockerau_full_8000_8,S2B_MSIL2A_20230611T094549_R079_T33UWP_20230611T135320,50,,0.0,0.0,0.0,0.0,0.0,0.0,0.0,0.0,100.0,0.0,0.0,25600,0,0.0,8000.000000000349,8000.000000000931,0.7884230613708496,100.0,,0.0,0.0,0.0,0.0,0.0,0.0,0.0,0.0,0.0,0.0,0.0,0.0,0.0,8000.0
13026,stockerau_full_8000_8,S2B_MSIL2A_20230611T094549_R079_T33UWP_20230611T135320,100,,0.0,0.0,0.0,0.0,0.0,0.0,0.0,0.0,100.0,0.0,0.0,6400,0,0.0,8000.000000000349,8000.000000000931,0.7682085037231445,100.0,,0.0,0.0,0.0,0.0,0.0,0.0,0.0,0.0,0.0,0.0,0.0,0.0,0.0,8000.0
13039,stockerau_full_8000_8,S2B_MSIL2A_20230611T094549_R079_T33UWP_20230611T135320,200,,0.0,0.0,0.0,0.0,0.0,0.0,0.0,0.0,100.0,0.0,0.0,1600,0,0.0,8000.000000000349,8000.000000000931,0.9312925338745117,100.0,,0.0,0.0,0.0,0.0,0.0,0.0,0.0,0.0,0.0,0.0,0.0,0.0,0.0,8000.0
13052,stockerau_full_8000_8,S2B_MSIL2A_20230611T094549_R079_T33UWP_20230611T135320,500,,0.0,0.0,0.0,0.0,0.0,0.0,0.0,0.0,100.0,0.0,0.0,256,0,0.0,8000.000000000349,8000.000000000931,0.7714641094207764,100.0,,0.0,0.0,0.0,0.0,0.0,0.0,0.0,0.0,0.0,0.0,0.0,0.0,0.0,8000.0
13065,stockerau_full_8000_8,S2B_MSIL2A_20230611T094549_R079_T33UWP_20230611T135320,1000,,0.0,0.0,0.0,0.0,0.0,0.0,0.0,0.0,100.0,0.0,0.0,64,0,0.0,8000.000000000349,8000.000000000931,0.8956167697906494,100.0,,0.0,0.0,0.0,0.0,0.0,0.0,0.0,0.0,0.0,0.0,0.0,0.0,0.0,8000.0
13001,stockerau_full_8000_8,S2B_MSIL2A_20230614T095559_R122_T33UWP_20230614T142248,20,,0.0,0.0075,2.336875,70.73375,20.220625,0.0,0.108125,4.084375,2.50875,0.0,0.0,160000,0,0.0,8000.000000000349,8000.000000000931,0.7584242820739746,6.593125,,0.0,0.0,0.0,0.0,0.0,0.0,0.0,0.0,0.0,0.0,0.0,0.0,0.0,8000.0
13014,stockerau_full_8000_8,S2B_MSIL2A_20230614T095559_R122_T33UWP_20230614T142248,50,,0.0,0.0078125,2.26171875,70.80078125,20.328125,0.0,0.08984375,4.08984375,2.421875,0.0,0.0,25600,0,0.0,8000.000000000349,8000.000000000931,0.7884230613708496,6.51171875,,0.0,0.0003125000000000003,-0.07515625000000004,0.06703124999999943,0.1075000000000017,0.0,-0.01828125,0.005468750000000355,-0.08687500000000004,0.0,0.0,-0.08140624999999968,0.1075000000000017,8000.0
13027,stockerau_full_8000_8,S2B_MSIL2A_20230614T095559_R122_T33UWP_20230614T142248,100,,0.0,0.0,2.21875,71.359375,19.78125,0.0,0.140625,3.984375,2.515625,0.0,0.0,6400,0,0.0,8000.000000000349,8000.000000000931,0.7682085037231445,6.5,,0.0,-0.0075,-0.11812500000000004,0.6256249999999994,-0.4393749999999983,0.0,0.0325,-0.09999999999999964,0.0068749999999999645,0.0,0.0,-0.09312499999999968,0.6256249999999994,8000.0
13040,stockerau_full_8000_8,S2B_MSIL2A_20230614T095559_R122_T33UWP_20230614T142248,200,,0.0,0.0,2.125,71.8125,19.8125,0.0,0.0625,3.5625,2.625,0.0,0.0,1600,0,0.0,8000.000000000349,8000.000000000931,0.9312925338745117,6.1875,,0.0,-0.0075,-0.21187500000000004,1.0787499999999994,-0.4081249999999983,0.0,-0.045625,-0.5218749999999996,0.11624999999999996,0.0,0.0,-0.4056249999999997,1.0787499999999994,8000.0
13053,stockerau_full_8000_8,S2B_MSIL2A_20230614T095559_R122_T33UWP_20230614T142248,500,,0.0,0.0,2.34375,73.4375,18.359375,0.0,0.0,3.90625,1.953125,0.0,0.0,256,0,0.0,8000.000000000349,8000.000000000931,0.7714641094207764,5.859375,,0.0,-0.0075,0.0068749999999999645,2.7037499999999994,-1.8612499999999983,0.0,-0.108125,-0.17812499999999964,-0.555625,0.0,0.0,-0.7337499999999997,2.7037499999999994,8000.0
13066,stockerau_full_8000_8,S2B_MSIL2A_20230614T095559_R122_T33UWP_20230614T142248,1000,,0.0,0.0,3.125,67.1875,25.0,0.0,0.0,3.125,1.5625,0.0,0.0,64,0,0.0,8000.000000000349,8000.000000000931,0.8956167697906494,4.6875,,0.0,-0.0075,0.788125,-3.5462500000000006,4.779375000000002,0.0,-0.108125,-0.9593749999999996,-0.94625,0.0,0.0,-1.9056249999999997,4.779375000000002,8000.0
13004,stockerau_full_8000_8,S2B_MSIL2A_20230621T094549_R079_T33UWP_20230621T143955,20,,0.0,0.0075,0.0,76.0975,15.845,0.0,0.0,0.004375,0.000625,8.045,0.0,160000,0,0.0,8000.000000000349,8000.000000000931,0.7584242820739746,8.05,,0.0,0.0,0.0,0.0,0.0,0.0,0.0,0.0,0.0,0.0,0.0,0.0,0.0,8000.0
13017,stockerau_full_8000_8,S2B_MSIL2A_20230621T094549_R079_T33UWP_20230621T143955,50,,0.0,0.0078125,0.0,75.890625,15.97265625,0.0,0.0,0.0078125,0.0,8.12109375,0.0,25600,0,0.0,8000.000000000349,8000.000000000931,0.7884230613708496,8.12890625,,0.0,0.0003125000000000003,0.0,-0.2068749999999966,0.12765624999999936,0.0,0.0,0.0034374999999999996,-0.000625,0.07609375000000007,0.0,0.07890624999999929,0.2068749999999966,8000.0
13030,stockerau_full_8000_8,S2B_MSIL2A_20230621T094549_R079_T33UWP_20230621T143955,100,,0.0,0.0,0.0,76.171875,15.65625,0.0,0.0,0.0,0.0,8.171875,0.0,6400,0,0.0,8000.000000000349,8000.000000000931,0.7682085037231445,8.171875,,0.0,-0.0075,0.0,0.07437500000000341,-0.18875000000000064,0.0,0.0,-0.004375,-0.000625,0.12687500000000007,0.0,0.12187499999999929,0.18875000000000064,8000.0
13043,stockerau_full_8000_8,S2B_MSIL2A_20230621T094549_R079_T33UWP_20230621T143955,200,,0.0,0.0,0.0,75.6875,16.125,0.0,0.0,0.0,0.0,8.1875,0.0,1600,0,0.0,8000.000000000349,8000.000000000931,0.9312925338745117,8.1875,,0.0,-0.0075,0.0,-0.4099999999999966,0.27999999999999936,0.0,0.0,-0.004375,-0.000625,0.14250000000000007,0.0,0.1374999999999993,0.4099999999999966,8000.0
13056,stockerau_full_8000_8,S2B_MSIL2A_20230621T094549_R079_T33UWP_20230621T143955,500,,0.0,0.0,0.0,73.4375,17.96875,0.0,0.0,0.0,0.0,8.59375,0.0,256,0,0.0,8000.000000000349,8000.000000000931,0.7714641094207764,8.59375,,0.0,-0.0075,0.0,-2.6599999999999966,2.1237499999999994,0.0,0.0,-0.004375,-0.000625,0.5487500000000001,0.0,0.5437499999999993,2.6599999999999966,8000.0
13069,stockerau_full_8000_8,S2B_MSIL2A_20230621T094549_R079_T33UWP_20230621T143955,1000,,0.0,0.0,0.0,75.0,17.1875,0.0,0.0,0.0,0.0,7.8125,0.0,64,0,0.0,8000.000000000349,8000.000000000931,0.8956167697906494,7.8125,,0.0,-0.0075,0.0,-1.0974999999999966,1.3424999999999994,0.0,0.0,-0.004375,-0.000625,-0.23249999999999993,0.0,-0.2375000000000007,1.3424999999999994,8000.0
13005,stockerau_full_8000_8,S2B_MSIL2A_20230624T095559_R122_T33UWP_20230624T142946,20,,0.0,0.0,0.0,0.0,0.0,0.0,0.0,0.0,100.0,0.0,0.0,160000,0,0.0,8000.000000000349,8000.000000000931,0.7584242820739746,100.0,,0.0,0.0,0.0,0.0,0.0,0.0,0.0,0.0,0.0,0.0,0.0,0.0,0.0,8000.0
13018,stockerau_full_8000_8,S2B_MSIL2A_20230624T095559_R122_T33UWP_20230624T142946,50,,0.0,0.0,0.0,0.0,0.0,0.0,0.0,0.0,100.0,0.0,0.0,25600,0,0.0,8000.000000000349,8000.000000000931,0.7884230613708496,100.0,,0.0,0.0,0.0,0.0,0.0,0.0,0.0,0.0,0.0,0.0,0.0,0.0,0.0,8000.0
13031,stockerau_full_8000_8,S2B_MSIL2A_20230624T095559_R122_T33UWP_20230624T142946,100,,0.0,0.0,0.0,0.0,0.0,0.0,0.0,0.0,100.0,0.0,0.0,6400,0,0.0,8000.000000000349,8000.000000000931,0.7682085037231445,100.0,,0.0,0.0,0.0,0.0,0.0,0.0,0.0,0.0,0.0,0.0,0.0,0.0,0.0,8000.0
13044,stockerau_full_8000_8,S2B_MSIL2A_20230624T095559_R122_T33UWP_20230624T142946,200,,0.0,0.0,0.0,0.0,0.0,0.0,0.0,0.0,100.0,0.0,0.0,1600,0,0.0,8000.000000000349,8000.000000000931,0.9312925338745117,100.0,,0.0,0.0,0.0,0.0,0.0,0.0,0.0,0.0,0.0,0.0,0.0,0.0,0.0,8000.0
13057,stockerau_full_8000_8,S2B_MSIL2A_20230624T095559_R122_T33UWP_20230624T142946,500,,0.0,0.0,0.0,0.0,0.0,0.0,0.0,0.0,100.0,0.0,0.0,256,0,0.0,8000.000000000349,8000.000000000931,0.7714641094207764,100.0,,0.0,0.0,0.0,0.0,0.0,0.0,0.0,0.0,0.0,0.0,0.0,0.0,0.0,8000.0
13070,stockerau_full_8000_8,S2B_MSIL2A_20230624T095559_R122_T33UWP_20230624T142946,1000,,0.0,0.0,0.0,0.0,0.0,0.0,0.0,0.0,100.0,0.0,0.0,64,0,0.0,8000.000000000349,8000.000000000931,0.8956167697906494,100.0,,0.0,0.0,0.0,0.0,0.0,0.0,0.0,0.0,0.0,0.0,0.0,0.0,0.0,8000.0
13008,stockerau_full_8000_8,S2B_MSIL2A_20230701T094549_R079_T33UWP_20230701T152448,20,,0.0,0.0,0.0,0.0,0.0,0.0,0.0,2.08375,97.90125,0.015,0.0,160000,0,0.0,8000.000000000349,8000.000000000931,0.7584242820739746,100.0,,0.0,0.0,0.0,0.0,0.0,0.0,0.0,0.0,0.0,0.0,0.0,0.0,0.0,8000.0
13021,stockerau_full_8000_8,S2B_MSIL2A_20230701T094549_R079_T33UWP_20230701T152448,50,,0.0,0.0,0.0,0.0,0.0,0.0,0.0,2.02734375,97.9609375,0.01171875,0.0,25600,0,0.0,8000.000000000349,8000.000000000931,0.7884230613708496,100.0,,0.0,0.0,0.0,0.0,0.0,0.0,0.0,-0.05640625000000021,0.05968749999999545,-0.0032812499999999994,0.0,0.0,0.0,8000.0
13034,stockerau_full_8000_8,S2B_MSIL2A_20230701T094549_R079_T33UWP_20230701T152448,100,,0.0,0.0,0.0,0.0,0.0,0.0,0.0,1.890625,98.109375,0.0,0.0,6400,0,0.0,8000.000000000349,8000.000000000931,0.7682085037231445,100.0,,0.0,0.0,0.0,0.0,0.0,0.0,0.0,-0.1931250000000002,0.20812499999999545,-0.015,0.0,0.0,0.0,8000.0
13047,stockerau_full_8000_8,S2B_MSIL2A_20230701T094549_R079_T33UWP_20230701T152448,200,,0.0,0.0,0.0,0.0,0.0,0.0,0.0,1.75,98.25,0.0,0.0,1600,0,0.0,8000.000000000349,8000.000000000931,0.9312925338745117,100.0,,0.0,0.0,0.0,0.0,0.0,0.0,0.0,-0.3337500000000002,0.34874999999999545,-0.015,0.0,0.0,0.0,8000.0
13060,stockerau_full_8000_8,S2B_MSIL2A_20230701T094549_R079_T33UWP_20230701T152448,500,,0.0,0.0,0.0,0.0,0.0,0.0,0.0,2.34375,97.65625,0.0,0.0,256,0,0.0,8000.000000000349,8000.000000000931,0.7714641094207764,100.0,,0.0,0.0,0.0,0.0,0.0,0.0,0.0,0.2599999999999998,-0.24500000000000455,-0.015,0.0,0.0,0.0,8000.0
13073,stockerau_full_8000_8,S2B_MSIL2A_20230701T094549_R079_T33UWP_20230701T152448,1000,,0.0,0.0,0.0,0.0,0.0,0.0,0.0,1.5625,98.4375,0.0,0.0,64,0,0.0,8000.000000000349,8000.000000000931,0.8956167697906494,100.0,,0.0,0.0,0.0,0.0,0.0,0.0,0.0,-0.5212500000000002,0.5362499999999955,-0.015,0.0,0.0,0.0,8000.0
