index,aoi,id,resolution,Mask,Sat,Dark,Shadow,Veg,Bare,Water,Unknown,Cl_Med,Cl_High,Cl_Cirrus,Snow,Total_pixels,NoData_pixels,NoData_pc,aoi_width,aoi_height,runtime,Cl_all,Mask_diff,Sat_diff,Dark_diff,Shadow_diff,Veg_diff,Bare_diff,Water_diff,Unknown_diff,Cl_Med_diff,Cl_High_diff,Cl_Cirrus_diff,Snow_diff,Cl_all_diff,diff_max,tile_size
19465,T30TUM_20000_0,S2A_MSIL2A_20230610T110621_R137_T30TUM_20230610T202756,20,,0.0,0.0017,1.4143,1.9105,4.3406,0.0,0.314,31.0974,45.4779,15.4436,0.0,1000000,0,0.0,19999.99999999994,20000.000000001863,0.5488691329956055,92.0189,,0.0,0.0,0.0,0.0,0.0,0.0,0.0,0.0,0.0,0.0,0.0,0.0,0.0,20000.0
19471,T30TUM_20000_0,S2A_MSIL2A_20230610T110621_R137_T30TUM_20230610T202756,50,,0.0,0.003125,1.409375,1.894375,4.37125,0.0,0.319375,31.05125,45.44625,15.505,0.0,160000,0,0.0,19999.99999999994,20000.000000001863,0.17963743209838867,92.0025,,0.0,0.0014250000000000003,-0.004924999999999846,-0.016125000000000167,0.030649999999999622,0.0,0.005375000000000019,-0.0461500000000008,-0.03164999999999907,0.06140000000000079,0.0,-0.01640000000000441,0.030649999999999622,20000.0
19477,T30TUM_20000_0,S2A_MSIL2A_20230610T110621_R137_T30TUM_20230610T202756,100,,0.0,0.005,1.42,1.86,4.425,0.0,0.325,30.9825,45.435,15.5475,0.0,40000,0,0.0,19999.99999999994,20000.000000001863,0.2703678607940674,91.965,,0.0,0.0033,0.005700000000000038,-0.05049999999999999,0.08439999999999959,0.0,0.01100000000000001,-0.11489999999999867,-0.04289999999999594,0.10389999999999944,0.0,-0.05389999999999873,0.08439999999999959,20000.0
19483,T30TUM_20000_0,S2A_MSIL2A_20230610T110621_R137_T30TUM_20230610T202756,200,,0.0,0.0,1.42,2.09,4.43,0.0,0.32,31.06,45.35,15.33,0.0,10000,0,0.0,19999.99999999994,20000.000000001863,0.2296593189239502,91.74,,0.0,-0.0017,0.005700000000000038,0.17949999999999977,0.08939999999999948,0.0,0.006000000000000005,-0.037400000000001654,-0.1278999999999968,-0.11359999999999992,0.0,-0.27890000000000725,0.27890000000000725,20000.0
19489,T30TUM_20000_0,S2A_MSIL2A_20230610T110621_R137_T30TUM_20230610T202756,500,,0.0,0.0,1.375,2.5625,4.875,0.0,0.3125,30.1875,45.8125,14.875,0.0,1600,0,0.0,19999.99999999994,20000.000000001863,0.1631455421447754,90.875,,0.0,-0.0017,-0.03929999999999989,0.6519999999999999,0.5343999999999998,0.0,-0.0015000000000000013,-0.9099000000000004,0.3346000000000018,-0.5686,0.0,-1.1439000000000021,1.1439000000000021,20000.0
19495,T30TUM_20000_0,S2A_MSIL2A_20230610T110621_R137_T30TUM_20230610T202756,1000,,0.0,0.0,1.5,1.25,4.5,0.0,0.25,34.25,45.5,12.75,0.0,400,0,0.0,19999.99999999994,20000.000000001863,0.24792814254760742,92.5,,0.0,-0.0017,0.08570000000000011,-0.6605000000000001,0.15939999999999976,0.0,-0.064,3.1525999999999996,0.022100000000001785,-2.6936,0.0,0.48109999999999786,0.6605000000000001,20000.0
19467,T30TUM_20000_0,S2A_MSIL2A_20230620T110621_R137_T30TUM_20230620T202552,20,,0.0,0.0,0.0,0.0,0.0359,0.0,0.0,17.3362,82.5228,0.1051,0.0,1000000,0,0.0,19999.99999999994,20000.000000001863,0.5488691329956055,99.9641,,0.0,0.0,0.0,0.0,0.0,0.0,0.0,0.0,0.0,0.0,0.0,0.0,0.0,20000.0
19473,T30TUM_20000_0,S2A_MSIL2A_20230620T110621_R137_T30TUM_20230620T202552,50,,0.0,0.0,0.0,0.0,0.03,0.0,0.0,17.38625,82.481875,0.101875,0.0,160000,0,0.0,19999.99999999994,20000.000000001863,0.17963743209838867,99.97000000000001,,0.0,0.0,0.0,0.0,-0.0059000000000000025,0.0,0.0,0.05004999999999882,-0.04092500000000143,-0.0032250000000000056,0.0,0.005900000000011119,0.005900000000011119,20000.0
19479,T30TUM_20000_0,S2A_MSIL2A_20230620T110621_R137_T30TUM_20230620T202552,100,,0.0,0.0,0.0,0.0,0.0175,0.0,0.0,17.32,82.5625,0.1,0.0,40000,0,0.0,19999.99999999994,20000.000000001863,0.2703678607940674,99.98249999999999,,0.0,0.0,0.0,0.0,-0.0184,0.0,0.0,-0.016200000000001324,0.039699999999996294,-0.005099999999999993,0.0,0.01839999999998554,0.0184,20000.0
19485,T30TUM_20000_0,S2A_MSIL2A_20230620T110621_R137_T30TUM_20230620T202552,200,,0.0,0.0,0.0,0.0,0.03,0.0,0.0,17.54,82.35,0.08,0.0,10000,0,0.0,19999.99999999994,20000.000000001863,0.2296593189239502,99.96999999999998,,0.0,0.0,0.0,0.0,-0.0059000000000000025,0.0,0.0,0.20379999999999754,-0.1728000000000094,-0.025099999999999997,0.0,0.005899999999982697,0.0059000000000000025,20000.0
19491,T30TUM_20000_0,S2A_MSIL2A_20230620T110621_R137_T30TUM_20230620T202552,500,,0.0,0.0,0.0,0.0,0.0625,0.0,0.0,17.625,82.3125,0.0,0.0,1600,0,0.0,19999.99999999994,20000.000000001863,0.1631455421447754,99.9375,,0.0,0.0,0.0,0.0,0.0266,0.0,0.0,0.2887999999999984,-0.2103000000000037,-0.1051,0.0,-0.026600000000001955,0.026600000000001955,20000.0
19497,T30TUM_20000_0,S2A_MSIL2A_20230620T110621_R137_T30TUM_20230620T202552,1000,,0.0,0.0,0.0,0.0,0.0,0.0,0.0,18.25,81.75,0.0,0.0,400,0,0.0,19999.99999999994,20000.000000001863,0.24792814254760742,100.0,,0.0,0.0,0.0,0.0,-0.0359,0.0,0.0,0.9137999999999984,-0.7728000000000037,-0.1051,0.0,0.035899999999998045,0.0359,20000.0
19469,T30TUM_20000_0,S2A_MSIL2A_20230630T110621_R137_T30TUM_20230630T203024,20,,0.0,0.0006,0.0,13.0898,86.834,0.0626,0.013,0.0,0.0,0.0,0.0,1000000,0,0.0,19999.99999999994,20000.000000001863,0.5488691329956055,0.0,,0.0,0.0,0.0,0.0,0.0,0.0,0.0,0.0,0.0,0.0,0.0,0.0,0.0,20000.0
19475,T30TUM_20000_0,S2A_MSIL2A_20230630T110621_R137_T30TUM_20230630T203024,50,,0.0,0.00125,0.0,13.181875,86.741875,0.06125,0.01375,0.0,0.0,0.0,0.0,160000,0,0.0,19999.99999999994,20000.000000001863,0.17963743209838867,0.0,,0.0,0.0006500000000000001,0.0,0.09207499999999946,-0.09212500000001,-0.001350000000000004,0.0007500000000000007,0.0,0.0,0.0,0.0,0.0,0.09212500000001,20000.0
19481,T30TUM_20000_0,S2A_MSIL2A_20230630T110621_R137_T30TUM_20230630T203024,100,,0.0,0.0,0.0,13.1725,86.7575,0.0575,0.0125,0.0,0.0,0.0,0.0,40000,0,0.0,19999.99999999994,20000.000000001863,0.2703678607940674,0.0,,0.0,-0.0006,0.0,0.08269999999999911,-0.07650000000001,-0.0051,-0.0004999999999999987,0.0,0.0,0.0,0.0,0.0,0.08269999999999911,20000.0
19487,T30TUM_20000_0,S2A_MSIL2A_20230630T110621_R137_T30TUM_20230630T203024,200,,0.0,0.0,0.0,13.29,86.61,0.08,0.02,0.0,0.0,0.0,0.0,10000,0,0.0,19999.99999999994,20000.000000001863,0.2296593189239502,0.0,,0.0,-0.0006,0.0,0.20019999999999882,-0.22400000000000375,0.0174,0.007000000000000001,0.0,0.0,0.0,0.0,0.0,0.22400000000000375,20000.0
19493,T30TUM_20000_0,S2A_MSIL2A_20230630T110621_R137_T30TUM_20230630T203024,500,,0.0,0.0,0.0,13.875,86.0625,0.0625,0.0,0.0,0.0,0.0,0.0,1600,0,0.0,19999.99999999994,20000.000000001863,0.1631455421447754,0.0,,0.0,-0.0006,0.0,0.7851999999999997,-0.7715000000000032,-0.00010000000000000286,-0.013,0.0,0.0,0.0,0.0,0.0,0.7851999999999997,20000.0
19499,T30TUM_20000_0,S2A_MSIL2A_20230630T110621_R137_T30TUM_20230630T203024,1000,,0.0,0.0,0.0,12.75,87.25,0.0,0.0,0.0,0.0,0.0,0.0,400,0,0.0,19999.99999999994,20000.000000001863,0.24792814254760742,0.0,,0.0,-0.0006,0.0,-0.3398000000000003,0.4159999999999968,-0.0626,-0.013,0.0,0.0,0.0,0.0,0.0,0.4159999999999968,20000.0
19464,T30TUM_20000_0,S2B_MSIL2A_20230605T110619_R137_T30TUM_20230605T163049,20,,0.0,0.007,6.9737,16.57,59.8163,0.0603,0.3194,6.9431,5.5789,3.7313,0.0,1000000,0,0.0,19999.99999999994,20000.000000001863,0.5488691329956055,16.2533,,0.0,0.0,0.0,0.0,0.0,0.0,0.0,0.0,0.0,0.0,0.0,0.0,0.0,20000.0
19470,T30TUM_20000_0,S2B_MSIL2A_20230605T110619_R137_T30TUM_20230605T163049,50,,0.0,0.0075,6.9775,16.595625,59.845,0.0575,0.310625,6.9725,5.55375,3.68,0.0,160000,0,0.0,19999.99999999994,20000.000000001863,0.17963743209838867,16.20625,,0.0,0.0004999999999999996,0.0038000000000000256,0.02562499999999801,0.028700000000000614,-0.002799999999999997,-0.008775000000000033,0.02939999999999987,-0.025150000000000006,-0.0512999999999999,0.0,-0.047049999999998704,0.047049999999998704,20000.0
19476,T30TUM_20000_0,S2B_MSIL2A_20230605T110619_R137_T30TUM_20230605T163049,100,,0.0,0.0075,6.93,16.61,60.02,0.0525,0.33,6.9075,5.5425,3.6,0.0,40000,0,0.0,19999.99999999994,20000.000000001863,0.2703678607940674,16.05,,0.0,0.0004999999999999996,-0.043700000000000294,0.03999999999999915,0.20370000000000488,-0.007800000000000001,0.010599999999999998,-0.03560000000000052,-0.036399999999999544,-0.13129999999999997,0.0,-0.2032999999999987,0.20370000000000488,20000.0
19482,T30TUM_20000_0,S2B_MSIL2A_20230605T110619_R137_T30TUM_20230605T163049,200,,0.0,0.0,6.99,16.81,59.5,0.08,0.37,6.92,5.69,3.64,0.0,10000,0,0.0,19999.99999999994,20000.000000001863,0.2296593189239502,16.25,,0.0,-0.007,0.016300000000000203,0.23999999999999844,-0.31629999999999825,0.019700000000000002,0.05059999999999998,-0.023100000000000342,0.11110000000000042,-0.09129999999999994,0.0,-0.0032999999999994145,0.31629999999999825,20000.0
19488,T30TUM_20000_0,S2B_MSIL2A_20230605T110619_R137_T30TUM_20230605T163049,500,,0.0,0.0,6.625,17.0625,59.1875,0.0625,0.1875,7.8125,5.25,3.8125,0.0,1600,0,0.0,19999.99999999994,20000.000000001863,0.1631455421447754,16.875,,0.0,-0.007,-0.3487,0.4924999999999997,-0.6287999999999982,0.0022000000000000006,-0.13190000000000002,0.8693999999999997,-0.32889999999999997,0.08119999999999994,0.0,0.6217000000000006,0.6287999999999982,20000.0
19494,T30TUM_20000_0,S2B_MSIL2A_20230605T110619_R137_T30TUM_20230605T163049,1000,,0.0,0.0,8.75,17.5,57.0,0.0,0.0,7.0,5.75,4.0,0.0,400,0,0.0,19999.99999999994,20000.000000001863,0.24792814254760742,16.75,,0.0,-0.007,1.7763,0.9299999999999997,-2.8162999999999982,-0.0603,-0.3194,0.05689999999999973,0.17110000000000003,0.26869999999999994,0.0,0.4967000000000006,2.8162999999999982,20000.0
19466,T30TUM_20000_0,S2B_MSIL2A_20230615T110629_R137_T30TUM_20230615T205813,20,,0.0,0.0071,4.263,17.8766,70.1513,0.0665,0.3505,4.464,2.821,0.0,0.0,1000000,0,0.0,19999.99999999994,20000.000000001863,0.5488691329956055,7.285,,0.0,0.0,0.0,0.0,0.0,0.0,0.0,0.0,0.0,0.0,0.0,0.0,0.0,20000.0
19472,T30TUM_20000_0,S2B_MSIL2A_20230615T110629_R137_T30TUM_20230615T205813,50,,0.0,0.0075,4.26625,17.8975,70.155625,0.063125,0.371875,4.453125,2.785,0.0,0.0,160000,0,0.0,19999.99999999994,20000.000000001863,0.17963743209838867,7.238125,,0.0,0.0003999999999999993,0.0032500000000004192,0.02090000000000103,0.004324999999994361,-0.003375000000000003,0.021375000000000033,-0.010875000000000412,-0.03600000000000003,0.0,0.0,-0.046875,0.046875,20000.0
19478,T30TUM_20000_0,S2B_MSIL2A_20230615T110629_R137_T30TUM_20230615T205813,100,,0.0,0.01,4.2325,18.055,70.0925,0.06,0.3925,4.3475,2.81,0.0,0.0,40000,0,0.0,19999.99999999994,20000.000000001863,0.2703678607940674,7.157500000000001,,0.0,0.0029,-0.03049999999999997,0.1783999999999999,-0.05880000000000507,-0.006500000000000006,0.04200000000000004,-0.11650000000000027,-0.01100000000000012,0.0,0.0,-0.1274999999999995,0.1783999999999999,20000.0
19484,T30TUM_20000_0,S2B_MSIL2A_20230615T110629_R137_T30TUM_20230615T205813,200,,0.0,0.0,4.33,17.86,70.37,0.08,0.27,4.34,2.75,0.0,0.0,10000,0,0.0,19999.99999999994,20000.000000001863,0.2296593189239502,7.09,,0.0,-0.0071,0.06700000000000017,-0.016600000000000392,0.21869999999999834,0.013499999999999998,-0.08049999999999996,-0.12400000000000055,-0.07100000000000017,0.0,0.0,-0.19500000000000028,0.21869999999999834,20000.0
19490,T30TUM_20000_0,S2B_MSIL2A_20230615T110629_R137_T30TUM_20230615T205813,500,,0.0,0.0,3.25,18.375,70.375,0.0625,0.375,4.75,2.8125,0.0,0.0,1600,0,0.0,19999.99999999994,20000.000000001863,0.1631455421447754,7.5625,,0.0,-0.0071,-1.013,0.4984000000000002,0.2236999999999938,-0.0040000000000000036,0.024500000000000022,0.2859999999999996,-0.008500000000000174,0.0,0.0,0.27749999999999986,1.013,20000.0
19496,T30TUM_20000_0,S2B_MSIL2A_20230615T110629_R137_T30TUM_20230615T205813,1000,,0.0,0.0,6.0,19.0,68.25,0.0,0.25,3.75,2.75,0.0,0.0,400,0,0.0,19999.99999999994,20000.000000001863,0.24792814254760742,6.5,,0.0,-0.0071,1.737,1.1234000000000002,-1.9013000000000062,-0.0665,-0.10049999999999998,-0.7140000000000004,-0.07100000000000017,0.0,0.0,-0.7850000000000001,1.9013000000000062,20000.0
19468,T30TUM_20000_0,S2B_MSIL2A_20230625T110619_R137_T30TUM_20230625T164707,20,,0.0,0.0016,0.0,13.1672,86.7563,0.0595,0.0144,0.0,0.0,0.001,0.0,1000000,0,0.0,19999.99999999994,20000.000000001863,0.5488691329956055,0.001,,0.0,0.0,0.0,0.0,0.0,0.0,0.0,0.0,0.0,0.0,0.0,0.0,0.0,20000.0
19474,T30TUM_20000_0,S2B_MSIL2A_20230625T110619_R137_T30TUM_20230625T164707,50,,0.0,0.001875,0.0,13.219375,86.7025,0.05875,0.01625,0.0,0.0,0.00125,0.0,160000,0,0.0,19999.99999999994,20000.000000001863,0.17963743209838867,0.00125,,0.0,0.00027499999999999985,0.0,0.05217500000000008,-0.05379999999999541,-0.0007500000000000007,0.001850000000000001,0.0,0.0,0.00025,0.0,0.00025,0.05379999999999541,20000.0
19480,T30TUM_20000_0,S2B_MSIL2A_20230625T110619_R137_T30TUM_20230625T164707,100,,0.0,0.0,0.0,13.315,86.6075,0.0575,0.0175,0.0,0.0,0.0025,0.0,40000,0,0.0,19999.99999999994,20000.000000001863,0.2703678607940674,0.0025,,0.0,-0.0016,0.0,0.14780000000000015,-0.14879999999999427,-0.001999999999999995,0.003100000000000002,0.0,0.0,0.0015,0.0,0.0015,0.14879999999999427,20000.0
19486,T30TUM_20000_0,S2B_MSIL2A_20230625T110619_R137_T30TUM_20230625T164707,200,,0.0,0.0,0.0,13.45,86.45,0.07,0.02,0.0,0.0,0.01,0.0,10000,0,0.0,19999.99999999994,20000.000000001863,0.2296593189239502,0.01,,0.0,-0.0016,0.0,0.28279999999999994,-0.30629999999999313,0.01050000000000001,0.005600000000000001,0.0,0.0,0.009000000000000001,0.0,0.009000000000000001,0.30629999999999313,20000.0
19492,T30TUM_20000_0,S2B_MSIL2A_20230625T110619_R137_T30TUM_20230625T164707,500,,0.0,0.0,0.0,13.4375,86.5625,0.0,0.0,0.0,0.0,0.0,0.0,1600,0,0.0,19999.99999999994,20000.000000001863,0.1631455421447754,0.0,,0.0,-0.0016,0.0,0.27030000000000065,-0.19379999999999598,-0.0595,-0.0144,0.0,0.0,-0.001,0.0,-0.001,0.27030000000000065,20000.0
19498,T30TUM_20000_0,S2B_MSIL2A_20230625T110619_R137_T30TUM_20230625T164707,1000,,0.0,0.0,0.0,12.75,87.25,0.0,0.0,0.0,0.0,0.0,0.0,400,0,0.0,19999.99999999994,20000.000000001863,0.24792814254760742,0.0,,0.0,-0.0016,0.0,-0.41719999999999935,0.493700000000004,-0.0595,-0.0144,0.0,0.0,-0.001,0.0,-0.001,0.493700000000004,20000.0
19501,T30TUM_20000_1,S2A_MSIL2A_20230610T110621_R137_T30TUM_20230610T202756,20,,0.0,0.0,0.0863,0.0249,0.071,0.0,0.0342,20.9836,73.0578,5.7422,0.0,1000000,0,0.0,19999.99999999994,19999.99999999907,0.42474961280822754,99.78359999999999,,0.0,0.0,0.0,0.0,0.0,0.0,0.0,0.0,0.0,0.0,0.0,0.0,0.0,20000.0
19507,T30TUM_20000_1,S2A_MSIL2A_20230610T110621_R137_T30TUM_20230610T202756,50,,0.0,0.0,0.085,0.02625,0.0725,0.0,0.038125,20.95875,73.075625,5.74375,0.0,160000,0,0.0,19999.99999999994,19999.99999999907,0.20264840126037598,99.778125,,0.0,0.0,-0.0012999999999999956,0.0013500000000000005,0.0015000000000000013,0.0,0.003924999999999998,-0.024850000000000705,0.017825000000001978,0.0015499999999999403,0.0,-0.005474999999989905,0.005474999999989905,20000.0
19513,T30TUM_20000_1,S2A_MSIL2A_20230610T110621_R137_T30TUM_20230610T202756,100,,0.0,0.0,0.1025,0.03,0.065,0.0,0.035,21.045,73.0125,5.71,0.0,40000,0,0.0,19999.99999999994,19999.99999999907,0.40291357040405273,99.7675,,0.0,0.0,0.016199999999999992,0.0051,-0.0059999999999999915,0.0,0.0008000000000000021,0.061400000000002564,-0.04529999999999745,-0.03220000000000045,0.0,-0.016099999999994452,0.016199999999999992,20000.0
19519,T30TUM_20000_1,S2A_MSIL2A_20230610T110621_R137_T30TUM_20230610T202756,200,,0.0,0.0,0.11,0.05,0.1,0.0,0.03,21.25,72.87,5.59,0.0,10000,0,0.0,19999.99999999994,19999.99999999907,0.23181653022766113,99.71000000000001,,0.0,0.0,0.0237,0.025100000000000004,0.029000000000000012,0.0,-0.004200000000000002,0.26640000000000086,-0.18779999999999575,-0.15220000000000056,0.0,-0.07359999999998479,0.07359999999998479,20000.0
19525,T30TUM_20000_1,S2A_MSIL2A_20230610T110621_R137_T30TUM_20230610T202756,500,,0.0,0.0,0.0625,0.0625,0.1875,0.0,0.125,20.0625,73.3125,6.1875,0.0,1600,0,0.0,19999.99999999994,19999.99999999907,0.16454768180847168,99.5625,,0.0,0.0,-0.0238,0.0376,0.1165,0.0,0.09079999999999999,-0.9210999999999991,0.2546999999999997,0.4452999999999996,0.0,-0.22109999999999275,0.22109999999999275,20000.0
19531,T30TUM_20000_1,S2A_MSIL2A_20230610T110621_R137_T30TUM_20230610T202756,1000,,0.0,0.0,0.25,0.0,0.0,0.0,0.0,22.0,73.0,4.75,0.0,400,0,0.0,19999.99999999994,19999.99999999907,0.26167964935302734,99.75,,0.0,0.0,0.1637,-0.0249,-0.071,0.0,-0.0342,1.0164000000000009,-0.057800000000000296,-0.9922000000000004,0.0,-0.03359999999999275,0.1637,20000.0
19503,T30TUM_20000_1,S2A_MSIL2A_20230620T110621_R137_T30TUM_20230620T202552,20,,0.0,0.0,0.6394,1.9855,13.5261,0.0001,1.5945,25.3069,40.1375,16.81,0.0,1000000,0,0.0,19999.99999999994,19999.99999999907,0.42474961280822754,82.2544,,0.0,0.0,0.0,0.0,0.0,0.0,0.0,0.0,0.0,0.0,0.0,0.0,0.0,20000.0
19509,T30TUM_20000_1,S2A_MSIL2A_20230620T110621_R137_T30TUM_20230620T202552,50,,0.0,0.0,0.639375,1.96875,13.49375,0.0,1.59625,25.321875,40.24875,16.73125,0.0,160000,0,0.0,19999.99999999994,19999.99999999907,0.20264840126037598,82.30187500000001,,0.0,0.0,-2.4999999999941735e-05,-0.016750000000000043,-0.03234999999999921,-0.0001,0.0017499999999999183,0.014974999999999739,0.1112499999999983,-0.07874999999999943,0.0,0.04747500000000571,0.04747500000000571,20000.0
19515,T30TUM_20000_1,S2A_MSIL2A_20230620T110621_R137_T30TUM_20230620T202552,100,,0.0,0.0,0.6325,1.9475,13.4425,0.0,1.61,25.385,40.355,16.6275,0.0,40000,0,0.0,19999.99999999994,19999.99999999907,0.40291357040405273,82.36749999999999,,0.0,0.0,-0.006900000000000017,-0.038000000000000034,-0.08359999999999879,-0.0001,0.01550000000000007,0.07810000000000272,0.21749999999999403,-0.18249999999999744,0.0,0.11309999999998865,0.11309999999998865,20000.0
19521,T30TUM_20000_1,S2A_MSIL2A_20230620T110621_R137_T30TUM_20230620T202552,200,,0.0,0.0,0.62,1.88,13.45,0.01,1.66,25.35,40.22,16.81,0.0,10000,0,0.0,19999.99999999994,19999.99999999907,0.23181653022766113,82.38,,0.0,0.0,-0.019399999999999973,-0.10550000000000015,-0.07610000000000028,0.0099,0.06549999999999989,0.04310000000000258,0.08249999999999602,0.0,0.0,0.1255999999999915,0.1255999999999915,20000.0
19527,T30TUM_20000_1,S2A_MSIL2A_20230620T110621_R137_T30TUM_20230620T202552,500,,0.0,0.0,0.4375,1.875,14.4375,0.0,1.5625,24.875,39.5,17.3125,0.0,1600,0,0.0,19999.99999999994,19999.99999999907,0.16454768180847168,81.6875,,0.0,0.0,-0.20189999999999997,-0.11050000000000004,0.9114000000000004,-0.0001,-0.03200000000000003,-0.43189999999999884,-0.6375000000000028,0.5025000000000013,0.0,-0.566900000000004,0.9114000000000004,20000.0
19533,T30TUM_20000_1,S2A_MSIL2A_20230620T110621_R137_T30TUM_20230620T202552,1000,,0.0,0.0,0.25,1.5,15.0,0.0,1.0,24.5,40.25,17.5,0.0,400,0,0.0,19999.99999999994,19999.99999999907,0.26167964935302734,82.25,,0.0,0.0,-0.38939999999999997,-0.48550000000000004,1.4739000000000004,-0.0001,-0.5945,-0.8068999999999988,0.11249999999999716,0.6900000000000013,0.0,-0.004400000000003956,1.4739000000000004,20000.0
19505,T30TUM_20000_1,S2A_MSIL2A_20230630T110621_R137_T30TUM_20230630T203024,20,,0.0,0.0,0.0,15.8395,79.4713,0.0,0.0003,0.0004,0.0,4.6885,0.0,1000000,0,0.0,19999.99999999994,19999.99999999907,0.42474961280822754,4.6889,,0.0,0.0,0.0,0.0,0.0,0.0,0.0,0.0,0.0,0.0,0.0,0.0,0.0,20000.0
19511,T30TUM_20000_1,S2A_MSIL2A_20230630T110621_R137_T30TUM_20230630T203024,50,,0.0,0.0,0.0,15.824375,79.50875,0.0,0.000625,0.0,0.0,4.66625,0.0,160000,0,0.0,19999.99999999994,19999.99999999907,0.20264840126037598,4.66625,,0.0,0.0,0.0,-0.015124999999999389,0.03745000000000687,0.0,0.00032500000000000004,-0.0004,0.0,-0.022250000000000547,0.0,-0.022650000000000503,0.03745000000000687,20000.0
19517,T30TUM_20000_1,S2A_MSIL2A_20230630T110621_R137_T30TUM_20230630T203024,100,,0.0,0.0,0.0,15.9375,79.4475,0.0,0.0,0.0,0.0,4.615,0.0,40000,0,0.0,19999.99999999994,19999.99999999907,0.40291357040405273,4.615,,0.0,0.0,0.0,0.09800000000000075,-0.02379999999999427,0.0,-0.0003,-0.0004,0.0,-0.07350000000000012,0.0,-0.07390000000000008,0.09800000000000075,20000.0
19523,T30TUM_20000_1,S2A_MSIL2A_20230630T110621_R137_T30TUM_20230630T203024,200,,0.0,0.0,0.0,16.26,79.01,0.0,0.0,0.0,0.0,4.73,0.0,10000,0,0.0,19999.99999999994,19999.99999999907,0.23181653022766113,4.73,,0.0,0.0,0.0,0.4205000000000023,-0.46129999999999427,0.0,-0.0003,-0.0004,0.0,0.04150000000000009,0.0,0.041100000000000136,0.46129999999999427,20000.0
19529,T30TUM_20000_1,S2A_MSIL2A_20230630T110621_R137_T30TUM_20230630T203024,500,,0.0,0.0,0.0,16.6875,78.25,0.0,0.0,0.0,0.0,5.0625,0.0,1600,0,0.0,19999.99999999994,19999.99999999907,0.16454768180847168,5.0625,,0.0,0.0,0.0,0.8480000000000008,-1.2212999999999994,0.0,-0.0003,-0.0004,0.0,0.37399999999999967,0.0,0.3735999999999997,1.2212999999999994,20000.0
19535,T30TUM_20000_1,S2A_MSIL2A_20230630T110621_R137_T30TUM_20230630T203024,1000,,0.0,0.0,0.0,17.0,77.75,0.0,0.0,0.0,0.0,5.25,0.0,400,0,0.0,19999.99999999994,19999.99999999907,0.26167964935302734,5.25,,0.0,0.0,0.0,1.1605000000000008,-1.7212999999999994,0.0,-0.0003,-0.0004,0.0,0.5614999999999997,0.0,0.5610999999999997,1.7212999999999994,20000.0
19500,T30TUM_20000_1,S2B_MSIL2A_20230605T110619_R137_T30TUM_20230605T163049,20,,0.0,0.0014,3.1654,5.4618,27.3274,0.0,0.1499,5.9068,3.9948,53.9925,0.0,1000000,0,0.0,19999.99999999994,19999.99999999907,0.42474961280822754,63.8941,,0.0,0.0,0.0,0.0,0.0,0.0,0.0,0.0,0.0,0.0,0.0,0.0,0.0,20000.0
19506,T30TUM_20000_1,S2B_MSIL2A_20230605T110619_R137_T30TUM_20230605T163049,50,,0.0,0.0025,3.164375,5.44625,27.335625,0.0,0.148125,5.90375,4.004375,53.995,0.0,160000,0,0.0,19999.99999999994,19999.99999999907,0.20264840126037598,63.903124999999996,,0.0,0.0011,-0.0010249999999998316,-0.015550000000000175,0.008224999999999483,0.0,-0.0017749999999999988,-0.003049999999999997,0.009574999999999445,0.0024999999999977263,0.0,0.009024999999994066,0.015550000000000175,20000.0
19512,T30TUM_20000_1,S2B_MSIL2A_20230605T110619_R137_T30TUM_20230605T163049,100,,0.0,0.005,3.1575,5.4925,27.34,0.0,0.1325,5.9275,3.98,53.965,0.0,40000,0,0.0,19999.99999999994,19999.99999999907,0.40291357040405273,63.8725,,0.0,0.0036,-0.007899999999999796,0.030699999999999505,0.012599999999999056,0.0,-0.0174,0.020700000000000607,-0.014800000000000146,-0.027499999999996305,0.0,-0.021599999999999397,0.030699999999999505,20000.0
19518,T30TUM_20000_1,S2B_MSIL2A_20230605T110619_R137_T30TUM_20230605T163049,200,,0.0,0.0,3.29,5.71,27.24,0.0,0.15,6.05,3.88,53.68,0.0,10000,0,0.0,19999.99999999994,19999.99999999907,0.23181653022766113,63.61,,0.0,-0.0014,0.12460000000000004,0.24819999999999975,-0.08740000000000236,0.0,9.999999999998899e-05,0.14320000000000022,-0.11480000000000024,-0.3125,0.0,-0.28410000000000224,0.28410000000000224,20000.0
19524,T30TUM_20000_1,S2B_MSIL2A_20230605T110619_R137_T30TUM_20230605T163049,500,,0.0,0.0,3.1875,6.0625,26.8125,0.0,0.125,5.9375,3.9375,53.9375,0.0,1600,0,0.0,19999.99999999994,19999.99999999907,0.16454768180847168,63.8125,,0.0,-0.0014,0.02210000000000001,0.6006999999999998,-0.5149000000000008,0.0,-0.024900000000000005,0.030700000000000394,-0.05730000000000013,-0.054999999999999716,0.0,-0.08160000000000167,0.6006999999999998,20000.0
19530,T30TUM_20000_1,S2B_MSIL2A_20230605T110619_R137_T30TUM_20230605T163049,1000,,0.0,0.0,3.25,6.5,28.0,0.0,0.0,5.75,4.25,52.25,0.0,400,0,0.0,19999.99999999994,19999.99999999907,0.26167964935302734,62.25,,0.0,-0.0014,0.08460000000000001,1.0381999999999998,0.6725999999999992,0.0,-0.1499,-0.1567999999999996,0.25519999999999987,-1.7424999999999997,0.0,-1.6441000000000017,1.6441000000000017,20000.0
19502,T30TUM_20000_1,S2B_MSIL2A_20230615T110629_R137_T30TUM_20230615T205813,20,,0.0,0.0419,7.5164,14.9595,66.0354,0.0006,0.6164,6.3346,4.494,0.0012,0.0,1000000,0,0.0,19999.99999999994,19999.99999999907,0.42474961280822754,10.8298,,0.0,0.0,0.0,0.0,0.0,0.0,0.0,0.0,0.0,0.0,0.0,0.0,0.0,20000.0
19508,T30TUM_20000_1,S2B_MSIL2A_20230615T110629_R137_T30TUM_20230615T205813,50,,0.0,0.040625,7.50875,14.91125,66.06375,0.000625,0.62125,6.348125,4.504375,0.00125,0.0,160000,0,0.0,19999.99999999994,19999.99999999907,0.20264840126037598,10.85375,,0.0,-0.0012749999999999984,-0.007649999999999935,-0.04824999999999946,0.028350000000003206,2.5000000000000066e-05,0.004850000000000021,0.013524999999999565,0.010374999999999801,5.000000000000013e-05,0.0,0.02394999999999925,0.04824999999999946,20000.0
19514,T30TUM_20000_1,S2B_MSIL2A_20230615T110629_R137_T30TUM_20230615T205813,100,,0.0,0.04,7.55,14.9875,65.8775,0.0,0.665,6.4375,4.4425,0.0,0.0,40000,0,0.0,19999.99999999994,19999.99999999907,0.40291357040405273,10.879999999999999,,0.0,-0.001899999999999999,0.03359999999999985,0.02800000000000047,-0.15789999999999793,-0.0006,0.04860000000000009,0.10289999999999999,-0.05149999999999988,-0.0012,0.0,0.05019999999999847,0.15789999999999793,20000.0
19520,T30TUM_20000_1,S2B_MSIL2A_20230615T110629_R137_T30TUM_20230615T205813,200,,0.0,0.03,7.4,15.25,65.68,0.0,0.63,6.61,4.39,0.01,0.0,10000,0,0.0,19999.99999999994,19999.99999999907,0.23181653022766113,11.01,,0.0,-0.0119,-0.11639999999999961,0.29049999999999976,-0.35539999999998884,-0.0006,0.013600000000000056,0.2754000000000003,-0.10400000000000009,0.0088,0.0,0.18019999999999925,0.35539999999998884,20000.0
19526,T30TUM_20000_1,S2B_MSIL2A_20230615T110629_R137_T30TUM_20230615T205813,500,,0.0,0.0,7.75,15.1875,65.625,0.0,0.5625,6.125,4.75,0.0,0.0,1600,0,0.0,19999.99999999994,19999.99999999907,0.16454768180847168,10.875,,0.0,-0.0419,0.23360000000000003,0.22799999999999976,-0.41039999999999566,-0.0006,-0.05389999999999995,-0.2096,0.2560000000000002,-0.0012,0.0,0.04519999999999946,0.41039999999999566,20000.0
19532,T30TUM_20000_1,S2B_MSIL2A_20230615T110629_R137_T30TUM_20230615T205813,1000,,0.0,0.0,9.0,16.25,64.5,0.0,0.25,5.75,4.0,0.25,0.0,400,0,0.0,19999.99999999994,19999.99999999907,0.26167964935302734,10.0,,0.0,-0.0419,1.4836,1.2904999999999998,-1.5353999999999957,-0.0006,-0.36639999999999995,-0.5846,-0.4939999999999998,0.2488,0.0,-0.8298000000000005,1.5353999999999957,20000.0
19504,T30TUM_20000_1,S2B_MSIL2A_20230625T110619_R137_T30TUM_20230625T164707,20,,0.0,0.0,0.0673,15.5317,84.3596,0.0004,0.0045,0.0346,0.0019,0.0,0.0,1000000,0,0.0,19999.99999999994,19999.99999999907,0.42474961280822754,0.0365,,0.0,0.0,0.0,0.0,0.0,0.0,0.0,0.0,0.0,0.0,0.0,0.0,0.0,20000.0
19510,T30TUM_20000_1,S2B_MSIL2A_20230625T110619_R137_T30TUM_20230625T164707,50,,0.0,0.0,0.06625,15.494375,84.3975,0.000625,0.004375,0.03625,0.000625,0.0,0.0,160000,0,0.0,19999.99999999994,19999.99999999907,0.20264840126037598,0.036875,,0.0,0.0,-0.0010499999999999954,-0.03732500000000094,0.03789999999999338,0.000225,-0.00012499999999999924,0.0016499999999999987,-0.001275,0.0,0.0,0.00037500000000000033,0.03789999999999338,20000.0
19516,T30TUM_20000_1,S2B_MSIL2A_20230625T110619_R137_T30TUM_20230625T164707,100,,0.0,0.0,0.065,15.5525,84.3375,0.0,0.005,0.04,0.0,0.0,0.0,40000,0,0.0,19999.99999999994,19999.99999999907,0.40291357040405273,0.04,,0.0,0.0,-0.0022999999999999965,0.020799999999999486,-0.02209999999999468,-0.0004,0.0005000000000000004,0.005400000000000002,-0.0019,0.0,0.0,0.003500000000000003,0.02209999999999468,20000.0
19522,T30TUM_20000_1,S2B_MSIL2A_20230625T110619_R137_T30TUM_20230625T164707,200,,0.0,0.0,0.07,15.8,84.1,0.0,0.0,0.03,0.0,0.0,0.0,10000,0,0.0,19999.99999999994,19999.99999999907,0.23181653022766113,0.03,,0.0,0.0,0.002700000000000008,0.2683,-0.25960000000000605,-0.0004,-0.0045,-0.0046,-0.0019,0.0,0.0,-0.006499999999999999,0.2683,20000.0
19528,T30TUM_20000_1,S2B_MSIL2A_20230625T110619_R137_T30TUM_20230625T164707,500,,0.0,0.0,0.0,16.75,83.25,0.0,0.0,0.0,0.0,0.0,0.0,1600,0,0.0,19999.99999999994,19999.99999999907,0.16454768180847168,0.0,,0.0,0.0,-0.0673,1.2182999999999993,-1.1096000000000004,-0.0004,-0.0045,-0.0346,-0.0019,0.0,0.0,-0.0365,1.2182999999999993,20000.0
19534,T30TUM_20000_1,S2B_MSIL2A_20230625T110619_R137_T30TUM_20230625T164707,1000,,0.0,0.0,0.0,16.25,83.5,0.0,0.0,0.25,0.0,0.0,0.0,400,0,0.0,19999.99999999994,19999.99999999907,0.26167964935302734,0.25,,0.0,0.0,-0.0673,0.7182999999999993,-0.8596000000000004,-0.0004,-0.0045,0.2154,-0.0019,0.0,0.0,0.2135,0.8596000000000004,20000.0
19825,T30TUM_20000_10,S2A_MSIL2A_20230610T110621_R137_T30TUM_20230610T202756,20,,0.0,0.0004,1.7959,1.7225,7.2192,0.0,1.0378,29.9107,55.127,3.1865,0.0,1000000,0,0.0,20000.000000000116,20000.00000000093,0.46022820472717285,88.2242,,0.0,0.0,0.0,0.0,0.0,0.0,0.0,0.0,0.0,0.0,0.0,0.0,0.0,20000.0
19831,T30TUM_20000_10,S2A_MSIL2A_20230610T110621_R137_T30TUM_20230610T202756,50,,0.0,0.000625,1.7825,1.734375,7.174375,0.0,1.039375,29.91375,55.168125,3.186875,0.0,160000,0,0.0,20000.000000000116,20000.00000000093,0.6029231548309326,88.26875,,0.0,0.000225,-0.013400000000000079,0.01187500000000008,-0.04482499999999945,0.0,0.001574999999999882,0.0030500000000017735,0.041125000000000966,0.0003750000000000142,0.0,0.04455000000000098,0.04482499999999945,20000.0
19837,T30TUM_20000_10,S2A_MSIL2A_20230610T110621_R137_T30TUM_20230610T202756,100,,0.0,0.0025,1.775,1.685,7.2075,0.0,0.9825,30.0225,55.1475,3.1775,0.0,40000,0,0.0,20000.000000000116,20000.00000000093,0.19596624374389648,88.3475,,0.0,0.0021,-0.02090000000000014,-0.03749999999999987,-0.011700000000000266,0.0,-0.055300000000000016,0.11180000000000234,0.02049999999999841,-0.008999999999999897,0.0,0.12330000000000041,0.12330000000000041,20000.0
19843,T30TUM_20000_10,S2A_MSIL2A_20230610T110621_R137_T30TUM_20230610T202756,200,,0.0,0.0,1.77,1.64,7.12,0.0,1.03,30.22,55.05,3.17,0.0,10000,0,0.0,20000.000000000116,20000.00000000093,0.18135523796081543,88.44,,0.0,-0.0004,-0.025900000000000034,-0.08250000000000002,-0.09919999999999973,0.0,-0.007800000000000029,0.30930000000000035,-0.07700000000000529,-0.01650000000000018,0.0,0.21580000000000155,0.21580000000000155,20000.0
19849,T30TUM_20000_10,S2A_MSIL2A_20230610T110621_R137_T30TUM_20230610T202756,500,,0.0,0.0,1.8125,1.625,7.1875,0.0,0.8125,29.9375,55.5,3.125,0.0,1600,0,0.0,20000.000000000116,20000.00000000093,0.1587834358215332,88.5625,,0.0,-0.0004,0.016599999999999948,-0.09749999999999992,-0.03169999999999984,0.0,-0.22530000000000006,0.02680000000000149,0.37299999999999756,-0.06150000000000011,0.0,0.3383000000000038,0.3383000000000038,20000.0
19855,T30TUM_20000_10,S2A_MSIL2A_20230610T110621_R137_T30TUM_20230610T202756,1000,,0.0,0.0,1.0,1.0,8.25,0.0,1.25,28.25,57.0,3.25,0.0,400,0,0.0,20000.000000000116,20000.00000000093,0.24287033081054688,88.5,,0.0,-0.0004,-0.7959,-0.7224999999999999,1.0308000000000002,0.0,0.21219999999999994,-1.6606999999999985,1.8729999999999976,0.06349999999999989,0.0,0.2758000000000038,1.0308000000000002,20000.0
19827,T30TUM_20000_10,S2A_MSIL2A_20230620T110621_R137_T30TUM_20230620T202552,20,,0.0,0.0032,0.9106,1.9825,17.9462,0.0013,2.5499,18.271,35.1365,23.1988,0.0,1000000,0,0.0,20000.000000000116,20000.00000000093,0.46022820472717285,76.6063,,0.0,0.0,0.0,0.0,0.0,0.0,0.0,0.0,0.0,0.0,0.0,0.0,0.0,20000.0
19833,T30TUM_20000_10,S2A_MSIL2A_20230620T110621_R137_T30TUM_20230620T202552,50,,0.0,0.00375,0.9075,2.00375,17.995,0.000625,2.52375,18.299375,35.110625,23.155625,0.0,160000,0,0.0,20000.000000000116,20000.00000000093,0.6029231548309326,76.565625,,0.0,0.0005499999999999997,-0.0030999999999999917,0.021250000000000213,0.048799999999999955,-0.0006749999999999999,-0.026149999999999896,0.028375000000000483,-0.025874999999999204,-0.043174999999997965,0.0,-0.040675000000007344,0.048799999999999955,20000.0
19839,T30TUM_20000_10,S2A_MSIL2A_20230620T110621_R137_T30TUM_20230620T202552,100,,0.0,0.0025,0.92,1.9625,18.135,0.0025,2.5025,18.2575,35.1375,23.08,0.0,40000,0,0.0,20000.000000000116,20000.00000000093,0.19596624374389648,76.475,,0.0,-0.0007000000000000001,0.009400000000000075,-0.020000000000000018,0.18880000000000052,0.0012000000000000001,-0.04740000000000011,-0.013500000000000512,0.0010000000000047748,-0.11880000000000024,0.0,-0.1313000000000102,0.18880000000000052,20000.0
19845,T30TUM_20000_10,S2A_MSIL2A_20230620T110621_R137_T30TUM_20230620T202552,200,,0.0,0.0,0.85,1.86,18.22,0.0,2.78,18.0,34.96,23.33,0.0,10000,0,0.0,20000.000000000116,20000.00000000093,0.18135523796081543,76.28999999999999,,0.0,-0.0032,-0.06059999999999999,-0.12249999999999983,0.2737999999999978,-0.0013,0.23009999999999975,-0.2710000000000008,-0.17649999999999721,0.13119999999999976,0.0,-0.31630000000001246,0.31630000000001246,20000.0
19851,T30TUM_20000_10,S2A_MSIL2A_20230620T110621_R137_T30TUM_20230620T202552,500,,0.0,0.0,0.5,2.0625,19.0,0.0,3.3125,17.6875,34.1875,23.25,0.0,1600,0,0.0,20000.000000000116,20000.00000000093,0.1587834358215332,75.125,,0.0,-0.0032,-0.41059999999999997,0.08000000000000007,1.053799999999999,-0.0013,0.7626,-0.5835000000000008,-0.9489999999999981,0.05120000000000147,0.0,-1.4813000000000045,1.4813000000000045,20000.0
19857,T30TUM_20000_10,S2A_MSIL2A_20230620T110621_R137_T30TUM_20230620T202552,1000,,0.0,0.0,1.5,2.0,17.5,0.0,2.75,16.75,34.25,25.25,0.0,400,0,0.0,20000.000000000116,20000.00000000093,0.24287033081054688,76.25,,0.0,-0.0032,0.5894,0.01750000000000007,-0.44620000000000104,-0.0013,0.20009999999999994,-1.5210000000000008,-0.8864999999999981,2.0512000000000015,0.0,-0.3563000000000045,0.5894,20000.0
19829,T30TUM_20000_10,S2A_MSIL2A_20230630T110621_R137_T30TUM_20230630T203024,20,,0.0,0.0,0.2318,19.5179,80.0147,0.0057,0.1054,0.1157,0.0088,0.0,0.0,1000000,0,0.0,20000.000000000116,20000.00000000093,0.46022820472717285,0.1245,,0.0,0.0,0.0,0.0,0.0,0.0,0.0,0.0,0.0,0.0,0.0,0.0,0.0,20000.0
19835,T30TUM_20000_10,S2A_MSIL2A_20230630T110621_R137_T30TUM_20230630T203024,50,,0.0,0.0,0.230625,19.55,79.990625,0.005,0.09625,0.118125,0.009375,0.0,0.0,160000,0,0.0,20000.000000000116,20000.00000000093,0.6029231548309326,0.1275,,0.0,0.0,-0.0011750000000000094,0.032099999999999795,-0.024075000000010505,-0.0007000000000000001,-0.009149999999999991,0.0024249999999999966,0.0005749999999999991,0.0,0.0,0.0030000000000000027,0.032099999999999795,20000.0
19841,T30TUM_20000_10,S2A_MSIL2A_20230630T110621_R137_T30TUM_20230630T203024,100,,0.0,0.0,0.2225,19.5725,79.9725,0.005,0.1025,0.115,0.01,0.0,0.0,40000,0,0.0,20000.000000000116,20000.00000000093,0.19596624374389648,0.125,,0.0,0.0,-0.009300000000000003,0.05460000000000065,-0.04220000000000823,-0.0007000000000000001,-0.0029,-0.0006999999999999923,0.0011999999999999997,0.0,0.0,0.0005000000000000004,0.05460000000000065,20000.0
19847,T30TUM_20000_10,S2A_MSIL2A_20230630T110621_R137_T30TUM_20230630T203024,200,,0.0,0.0,0.23,19.38,80.11,0.0,0.13,0.15,0.0,0.0,0.0,10000,0,0.0,20000.000000000116,20000.00000000093,0.18135523796081543,0.15,,0.0,0.0,-0.001799999999999996,-0.1379000000000019,0.09529999999999461,-0.0057,0.02460000000000001,0.0343,-0.0088,0.0,0.0,0.025499999999999995,0.1379000000000019,20000.0
19853,T30TUM_20000_10,S2A_MSIL2A_20230630T110621_R137_T30TUM_20230630T203024,500,,0.0,0.0,0.1875,19.125,80.4375,0.0,0.0625,0.1875,0.0,0.0,0.0,1600,0,0.0,20000.000000000116,20000.00000000093,0.1587834358215332,0.1875,,0.0,0.0,-0.044300000000000006,-0.3929000000000009,0.4227999999999952,-0.0057,-0.042899999999999994,0.0718,-0.0088,0.0,0.0,0.063,0.4227999999999952,20000.0
19859,T30TUM_20000_10,S2A_MSIL2A_20230630T110621_R137_T30TUM_20230630T203024,1000,,0.0,0.0,0.0,20.25,79.75,0.0,0.0,0.0,0.0,0.0,0.0,400,0,0.0,20000.000000000116,20000.00000000093,0.24287033081054688,0.0,,0.0,0.0,-0.2318,0.7320999999999991,-0.2647000000000048,-0.0057,-0.1054,-0.1157,-0.0088,0.0,0.0,-0.1245,0.7320999999999991,20000.0
19824,T30TUM_20000_10,S2B_MSIL2A_20230605T110619_R137_T30TUM_20230605T163049,20,,0.0,0.0101,8.1671,9.6144,70.2709,0.0067,0.2902,7.0423,4.5983,0.0,0.0,1000000,0,0.0,20000.000000000116,20000.00000000093,0.46022820472717285,11.6406,,0.0,0.0,0.0,0.0,0.0,0.0,0.0,0.0,0.0,0.0,0.0,0.0,0.0,20000.0
19830,T30TUM_20000_10,S2B_MSIL2A_20230605T110619_R137_T30TUM_20230605T163049,50,,0.0,0.01125,8.145625,9.5975,70.30625,0.005625,0.30125,7.04125,4.59125,0.0,0.0,160000,0,0.0,20000.000000000116,20000.00000000093,0.6029231548309326,11.6325,,0.0,0.00115,-0.0214749999999988,-0.016899999999999693,0.03535000000000821,-0.0010750000000000004,0.011050000000000004,-0.0010500000000002174,-0.007050000000000445,0.0,0.0,-0.008099999999998886,0.03535000000000821,20000.0
19836,T30TUM_20000_10,S2B_MSIL2A_20230605T110619_R137_T30TUM_20230605T163049,100,,0.0,0.01,8.115,9.6,70.345,0.0075,0.275,7.0675,4.58,0.0,0.0,40000,0,0.0,20000.000000000116,20000.00000000093,0.19596624374389648,11.6475,,0.0,-9.99999999999994e-05,-0.05209999999999937,-0.01440000000000019,0.07410000000000139,0.0007999999999999995,-0.015199999999999991,0.02519999999999989,-0.018299999999999983,0.0,0.0,0.0069000000000016826,0.07410000000000139,20000.0
19842,T30TUM_20000_10,S2B_MSIL2A_20230605T110619_R137_T30TUM_20230605T163049,200,,0.0,0.0,8.2,9.72,70.06,0.01,0.27,6.98,4.76,0.0,0.0,10000,0,0.0,20000.000000000116,20000.00000000093,0.18135523796081543,11.74,,0.0,-0.0101,0.03289999999999971,0.1056000000000008,-0.2108999999999952,0.0033,-0.020199999999999996,-0.06229999999999958,0.16169999999999973,0.0,0.0,0.09940000000000104,0.2108999999999952,20000.0
19848,T30TUM_20000_10,S2B_MSIL2A_20230605T110619_R137_T30TUM_20230605T163049,500,,0.0,0.0,8.625,9.375,70.3125,0.0,0.3125,6.8125,4.5625,0.0,0.0,1600,0,0.0,20000.000000000116,20000.00000000093,0.1587834358215332,11.375,,0.0,-0.0101,0.4579000000000004,-0.23939999999999984,0.041600000000002524,-0.0067,0.022299999999999986,-0.2298,-0.035800000000000054,0.0,0.0,-0.26559999999999917,0.4579000000000004,20000.0
19854,T30TUM_20000_10,S2B_MSIL2A_20230605T110619_R137_T30TUM_20230605T163049,1000,,0.0,0.0,7.25,7.75,72.75,0.0,0.0,7.5,4.75,0.0,0.0,400,0,0.0,20000.000000000116,20000.00000000093,0.24287033081054688,12.25,,0.0,-0.0101,-0.9170999999999996,-1.8643999999999998,2.4791000000000025,-0.0067,-0.2902,0.4577,0.15169999999999995,0.0,0.0,0.6094000000000008,2.4791000000000025,20000.0
19826,T30TUM_20000_10,S2B_MSIL2A_20230615T110629_R137_T30TUM_20230615T205813,20,,0.0,0.0048,0.1155,18.5157,81.1676,0.0077,0.0811,0.0915,0.0161,0.0,0.0,1000000,0,0.0,20000.000000000116,20000.00000000093,0.46022820472717285,0.1076,,0.0,0.0,0.0,0.0,0.0,0.0,0.0,0.0,0.0,0.0,0.0,0.0,0.0,20000.0
19832,T30TUM_20000_10,S2B_MSIL2A_20230615T110629_R137_T30TUM_20230615T205813,50,,0.0,0.004375,0.11625,18.59625,81.088125,0.006875,0.08125,0.089375,0.0175,0.0,0.0,160000,0,0.0,20000.000000000116,20000.00000000093,0.6029231548309326,0.106875,,0.0,-0.00042499999999999916,0.0007500000000000007,0.08055000000000234,-0.07947499999998797,-0.0008250000000000002,0.00014999999999999736,-0.002125000000000002,0.001400000000000002,0.0,0.0,-0.0007250000000000034,0.08055000000000234,20000.0
19838,T30TUM_20000_10,S2B_MSIL2A_20230615T110629_R137_T30TUM_20230615T205813,100,,0.0,0.005,0.115,18.9125,80.775,0.01,0.075,0.0875,0.02,0.0,0.0,40000,0,0.0,20000.000000000116,20000.00000000093,0.19596624374389648,0.1075,,0.0,0.00020000000000000052,-0.0005000000000000004,0.3968000000000025,-0.3925999999999874,0.0023,-0.006100000000000008,-0.0040000000000000036,0.0039000000000000007,0.0,0.0,-0.00010000000000000286,0.3968000000000025,20000.0
19844,T30TUM_20000_10,S2B_MSIL2A_20230615T110629_R137_T30TUM_20230615T205813,200,,0.0,0.0,0.1,18.33,81.39,0.01,0.07,0.07,0.03,0.0,0.0,10000,0,0.0,20000.000000000116,20000.00000000093,0.18135523796081543,0.1,,0.0,-0.0048,-0.0155,-0.18570000000000064,0.22240000000000748,0.0023,-0.011099999999999999,-0.02149999999999999,0.0139,0.0,0.0,-0.007599999999999996,0.22240000000000748,20000.0
19850,T30TUM_20000_10,S2B_MSIL2A_20230615T110629_R137_T30TUM_20230615T205813,500,,0.0,0.0,0.125,18.75,81.0,0.0,0.0625,0.0625,0.0,0.0,0.0,1600,0,0.0,20000.000000000116,20000.00000000093,0.1587834358215332,0.0625,,0.0,-0.0048,0.009499999999999995,0.23430000000000106,-0.1675999999999931,-0.0077,-0.018600000000000005,-0.028999999999999998,-0.0161,0.0,0.0,-0.0451,0.23430000000000106,20000.0
19856,T30TUM_20000_10,S2B_MSIL2A_20230615T110629_R137_T30TUM_20230615T205813,1000,,0.0,0.0,0.0,16.5,83.5,0.0,0.0,0.0,0.0,0.0,0.0,400,0,0.0,20000.000000000116,20000.00000000093,0.24287033081054688,0.0,,0.0,-0.0048,-0.1155,-2.015699999999999,2.332400000000007,-0.0077,-0.0811,-0.0915,-0.0161,0.0,0.0,-0.1076,2.332400000000007,20000.0
19828,T30TUM_20000_10,S2B_MSIL2A_20230625T110619_R137_T30TUM_20230625T164707,20,,0.0,0.0,0.3192,20.0688,79.3384,0.0067,0.0289,0.1798,0.0436,0.0146,0.0,1000000,0,0.0,20000.000000000116,20000.00000000093,0.46022820472717285,0.238,,0.0,0.0,0.0,0.0,0.0,0.0,0.0,0.0,0.0,0.0,0.0,0.0,0.0,20000.0
19834,T30TUM_20000_10,S2B_MSIL2A_20230625T110619_R137_T30TUM_20230625T164707,50,,0.0,0.0,0.31875,20.158125,79.256875,0.005625,0.02375,0.18125,0.04125,0.014375,0.0,160000,0,0.0,20000.000000000116,20000.00000000093,0.6029231548309326,0.236875,,0.0,0.0,-0.00045000000000000595,0.08932499999999877,-0.08152499999999918,-0.0010750000000000004,-0.005149999999999998,0.0014500000000000068,-0.002349999999999998,-0.0002249999999999995,0.0,-0.0011249999999999871,0.08932499999999877,20000.0
19840,T30TUM_20000_10,S2B_MSIL2A_20230625T110619_R137_T30TUM_20230625T164707,100,,0.0,0.0,0.32,20.29,79.1225,0.01,0.0225,0.175,0.0475,0.0125,0.0,40000,0,0.0,20000.000000000116,20000.00000000093,0.19596624374389648,0.235,,0.0,0.0,0.0008000000000000229,0.22119999999999962,-0.21589999999999065,0.0033,-0.0063999999999999994,-0.004799999999999999,0.0039000000000000007,-0.0020999999999999994,0.0,-0.0030000000000000027,0.22119999999999962,20000.0
19846,T30TUM_20000_10,S2B_MSIL2A_20230625T110619_R137_T30TUM_20230625T164707,200,,0.0,0.0,0.3,19.77,79.67,0.0,0.02,0.19,0.03,0.02,0.0,10000,0,0.0,20000.000000000116,20000.00000000093,0.18135523796081543,0.24,,0.0,0.0,-0.019199999999999995,-0.29879999999999995,0.3316000000000088,-0.0067,-0.008899999999999998,0.010200000000000015,-0.013600000000000001,0.0054,0.0,0.0020000000000000018,0.3316000000000088,20000.0
19852,T30TUM_20000_10,S2B_MSIL2A_20230625T110619_R137_T30TUM_20230625T164707,500,,0.0,0.0,0.3125,19.6875,79.75,0.0,0.0,0.25,0.0,0.0,0.0,1600,0,0.0,20000.000000000116,20000.00000000093,0.1587834358215332,0.25,,0.0,0.0,-0.006699999999999984,-0.38129999999999953,0.41160000000000707,-0.0067,-0.0289,0.07020000000000001,-0.0436,-0.0146,0.0,0.01200000000000001,0.41160000000000707,20000.0
19858,T30TUM_20000_10,S2B_MSIL2A_20230625T110619_R137_T30TUM_20230625T164707,1000,,0.0,0.0,0.25,20.75,78.75,0.0,0.0,0.25,0.0,0.0,0.0,400,0,0.0,20000.000000000116,20000.00000000093,0.24287033081054688,0.25,,0.0,0.0,-0.06919999999999998,0.6812000000000005,-0.5883999999999929,-0.0067,-0.0289,0.07020000000000001,-0.0436,-0.0146,0.0,0.01200000000000001,0.6812000000000005,20000.0
19861,T30TUM_20000_11,S2A_MSIL2A_20230610T110621_R137_T30TUN_20230610T203048,20,,0.0,0.0002,5.7536,5.7349,31.3345,0.0,3.0246,25.7834,26.8769,1.4919,0.0,1000000,0,0.0,20000.00000000006,20000.00000000093,0.43576860427856445,54.1522,,0.0,0.0,0.0,0.0,0.0,0.0,0.0,0.0,0.0,0.0,0.0,0.0,0.0,20000.0
19867,T30TUM_20000_11,S2A_MSIL2A_20230610T110621_R137_T30TUN_20230610T203048,50,,0.0,0.0,5.744375,5.70875,31.331875,0.0,3.021875,25.811875,26.879375,1.501875,0.0,160000,0,0.0,20000.00000000006,20000.00000000093,0.24799442291259766,54.193124999999995,,0.0,-0.0002,-0.009224999999999817,-0.02614999999999945,-0.002624999999998323,0.0,-0.0027249999999998664,0.02847500000000025,0.002475000000000449,0.009975000000000067,0.0,0.04092499999999433,0.04092499999999433,20000.0
19873,T30TUM_20000_11,S2A_MSIL2A_20230610T110621_R137_T30TUN_20230610T203048,100,,0.0,0.0,5.7425,5.6075,31.3775,0.0,2.9975,25.725,27.035,1.515,0.0,40000,0,0.0,20000.00000000006,20000.00000000093,0.16790533065795898,54.275000000000006,,0.0,-0.0002,-0.011099999999999888,-0.12739999999999974,0.043000000000002814,0.0,-0.027099999999999902,-0.0583999999999989,0.15810000000000102,0.0230999999999999,0.0,0.12280000000000513,0.12739999999999974,20000.0
19879,T30TUM_20000_11,S2A_MSIL2A_20230610T110621_R137_T30TUN_20230610T203048,200,,0.0,0.0,5.6,5.72,31.18,0.0,3.14,26.1,26.81,1.45,0.0,10000,0,0.0,20000.00000000006,20000.00000000093,0.5921711921691895,54.36,,0.0,-0.0002,-0.15359999999999996,-0.014899999999999913,-0.15449999999999875,0.0,0.11540000000000017,0.3166000000000011,-0.0669000000000004,-0.04190000000000005,0.0,0.20779999999999887,0.20779999999999887,20000.0
19885,T30TUM_20000_11,S2A_MSIL2A_20230610T110621_R137_T30TUN_20230610T203048,500,,0.0,0.0,6.0625,5.25,30.25,0.0,2.625,28.4375,26.25,1.125,0.0,1600,0,0.0,20000.00000000006,20000.00000000093,0.5957248210906982,55.8125,,0.0,-0.0002,0.3089000000000004,-0.48489999999999966,-1.0844999999999985,0.0,-0.39959999999999996,2.6540999999999997,-0.6268999999999991,-0.3669,0.0,1.6602999999999994,1.6602999999999994,20000.0
19891,T30TUM_20000_11,S2A_MSIL2A_20230610T110621_R137_T30TUN_20230610T203048,1000,,0.0,0.0,4.25,7.0,31.0,0.0,2.25,25.75,27.75,2.0,0.0,400,0,0.0,20000.00000000006,20000.00000000093,0.5996119976043701,55.5,,0.0,-0.0002,-1.5035999999999996,1.2651000000000003,-0.33449999999999847,0.0,-0.7746,-0.03340000000000032,0.8731000000000009,0.5081,0.0,1.3477999999999994,1.5035999999999996,20000.0
19863,T30TUM_20000_11,S2A_MSIL2A_20230620T110621_R137_T30TUN_20230620T202556,20,,0.0,0.0,0.1247,1.446,5.5334,0.0,1.2173,22.4934,27.9381,41.2471,0.0,1000000,0,0.0,20000.00000000006,20000.00000000093,0.43576860427856445,91.6786,,0.0,0.0,0.0,0.0,0.0,0.0,0.0,0.0,0.0,0.0,0.0,0.0,0.0,20000.0
19869,T30TUM_20000_11,S2A_MSIL2A_20230620T110621_R137_T30TUN_20230620T202556,50,,0.0,0.0,0.123125,1.45375,5.50875,0.0,1.23375,22.455,27.925,41.300625,0.0,160000,0,0.0,20000.00000000006,20000.00000000093,0.24799442291259766,91.68062499999999,,0.0,0.0,-0.001575000000000007,0.007750000000000146,-0.024650000000000283,0.0,0.016449999999999854,-0.038400000000002876,-0.013099999999997891,0.05352499999999338,0.0,0.0020249999999890633,0.024650000000000283,20000.0
19875,T30TUM_20000_11,S2A_MSIL2A_20230620T110621_R137_T30TUN_20230620T202556,100,,0.0,0.0,0.12,1.385,5.455,0.0,1.2425,22.38,27.8725,41.545,0.0,40000,0,0.0,20000.00000000006,20000.00000000093,0.16790533065795898,91.7975,,0.0,0.0,-0.00470000000000001,-0.06099999999999994,-0.07840000000000025,0.0,0.02519999999999989,-0.11340000000000217,-0.06559999999999988,0.2978999999999985,0.0,0.11889999999999645,0.11889999999999645,20000.0
19881,T30TUM_20000_11,S2A_MSIL2A_20230620T110621_R137_T30TUN_20230620T202556,200,,0.0,0.0,0.09,1.39,5.56,0.0,1.29,22.45,27.86,41.36,0.0,10000,0,0.0,20000.00000000006,20000.00000000093,0.5921711921691895,91.67,,0.0,0.0,-0.03470000000000001,-0.05600000000000005,0.02659999999999929,0.0,0.07269999999999999,-0.04340000000000188,-0.07809999999999917,0.11289999999999623,0.0,-0.008600000000001273,0.07269999999999999,20000.0
19887,T30TUM_20000_11,S2A_MSIL2A_20230620T110621_R137_T30TUN_20230620T202556,500,,0.0,0.0,0.1875,1.375,5.4375,0.0,1.4375,22.1875,27.4375,41.9375,0.0,1600,0,0.0,20000.00000000006,20000.00000000093,0.5957248210906982,91.5625,,0.0,0.0,0.0628,-0.07099999999999995,-0.09590000000000032,0.0,0.22019999999999995,-0.30590000000000117,-0.5005999999999986,0.6903999999999968,0.0,-0.11610000000000298,0.22019999999999995,20000.0
19893,T30TUM_20000_11,S2A_MSIL2A_20230620T110621_R137_T30TUN_20230620T202556,1000,,0.0,0.0,0.25,1.5,4.5,0.0,0.25,19.0,29.0,45.5,0.0,400,0,0.0,20000.00000000006,20000.00000000093,0.5996119976043701,93.5,,0.0,0.0,0.1253,0.05400000000000005,-1.0334000000000003,0.0,-0.9673,-3.493400000000001,1.0619000000000014,4.252899999999997,0.0,1.821399999999997,1.821399999999997,20000.0
19865,T30TUM_20000_11,S2A_MSIL2A_20230630T110621_R137_T30TUN_20230630T203023,20,,0.0,0.0233,0.3631,26.1153,73.0409,0.006,0.3405,0.1097,0.0012,0.0,0.0,1000000,0,0.0,20000.00000000006,20000.00000000093,0.43576860427856445,0.11090000000000001,,0.0,0.0,0.0,0.0,0.0,0.0,0.0,0.0,0.0,0.0,0.0,0.0,0.0,20000.0
19871,T30TUM_20000_11,S2A_MSIL2A_20230630T110621_R137_T30TUN_20230630T203023,50,,0.0,0.02125,0.36,26.074375,73.07875,0.004375,0.350625,0.10875,0.001875,0.0,0.0,160000,0,0.0,20000.00000000006,20000.00000000093,0.24799442291259766,0.110625,,0.0,-0.0020499999999999997,-0.0030999999999999917,-0.04092500000000143,0.037850000000005934,-0.0016249999999999997,0.010124999999999995,-0.0009500000000000064,0.000675,0.0,0.0,-0.00027500000000001135,0.04092500000000143,20000.0
19877,T30TUM_20000_11,S2A_MSIL2A_20230630T110621_R137_T30TUN_20230630T203023,100,,0.0,0.025,0.3625,26.2075,72.94,0.0075,0.335,0.115,0.0075,0.0,0.0,40000,0,0.0,20000.00000000006,20000.00000000093,0.16790533065795898,0.1225,,0.0,0.0017000000000000001,-0.0005999999999999894,0.09219999999999828,-0.10089999999999577,0.0014999999999999996,-0.005500000000000005,0.005299999999999999,0.0063,0.0,0.0,0.011599999999999985,0.10089999999999577,20000.0
19883,T30TUM_20000_11,S2A_MSIL2A_20230630T110621_R137_T30TUN_20230630T203023,200,,0.0,0.02,0.38,25.87,73.3,0.01,0.33,0.09,0.0,0.0,0.0,10000,0,0.0,20000.00000000006,20000.00000000093,0.5921711921691895,0.09,,0.0,-0.003300000000000001,0.016900000000000026,-0.2453000000000003,0.25910000000000366,0.004,-0.01050000000000001,-0.01970000000000001,-0.0012,0.0,0.0,-0.020900000000000016,0.25910000000000366,20000.0
19889,T30TUM_20000_11,S2A_MSIL2A_20230630T110621_R137_T30TUN_20230630T203023,500,,0.0,0.0625,0.375,25.8125,73.25,0.0,0.3125,0.1875,0.0,0.0,0.0,1600,0,0.0,20000.00000000006,20000.00000000093,0.5957248210906982,0.1875,,0.0,0.0392,0.011900000000000022,-0.3028000000000013,0.2091000000000065,-0.006,-0.028000000000000025,0.0778,-0.0012,0.0,0.0,0.07659999999999999,0.3028000000000013,20000.0
19895,T30TUM_20000_11,S2A_MSIL2A_20230630T110621_R137_T30TUN_20230630T203023,1000,,0.0,0.0,0.25,29.0,70.5,0.0,0.0,0.25,0.0,0.0,0.0,400,0,0.0,20000.00000000006,20000.00000000093,0.5996119976043701,0.25,,0.0,-0.0233,-0.11309999999999998,2.8846999999999987,-2.5408999999999935,-0.006,-0.3405,0.14029999999999998,-0.0012,0.0,0.0,0.1391,2.8846999999999987,20000.0
19860,T30TUM_20000_11,S2B_MSIL2A_20230605T110619_R137_T30TUN_20230605T165004,20,,0.0,0.0214,7.1583,20.5433,61.1169,0.0096,0.3715,5.8043,4.9747,0.0,0.0,1000000,0,0.0,20000.00000000006,20000.00000000093,0.43576860427856445,10.779,,0.0,0.0,0.0,0.0,0.0,0.0,0.0,0.0,0.0,0.0,0.0,0.0,0.0,20000.0
19866,T30TUM_20000_11,S2B_MSIL2A_20230605T110619_R137_T30TUN_20230605T165004,50,,0.0,0.02,7.164375,20.561875,61.133125,0.00875,0.3625,5.80125,4.948125,0.0,0.0,160000,0,0.0,20000.00000000006,20000.00000000093,0.24799442291259766,10.749375,,0.0,-0.0013999999999999985,0.006075000000000053,0.018575000000002007,0.0162249999999986,-0.0008499999999999983,-0.009000000000000008,-0.003049999999999997,-0.026575000000000237,0.0,0.0,-0.029624999999999346,0.029624999999999346,20000.0
19872,T30TUM_20000_11,S2B_MSIL2A_20230605T110619_R137_T30TUN_20230605T165004,100,,0.0,0.015,7.12,20.505,61.2475,0.0075,0.3975,5.7475,4.96,0.0,0.0,40000,0,0.0,20000.00000000006,20000.00000000093,0.16790533065795898,10.7075,,0.0,-0.0063999999999999994,-0.03829999999999956,-0.03829999999999956,0.13060000000000116,-0.0020999999999999994,0.026000000000000023,-0.05679999999999996,-0.01470000000000038,0.0,0.0,-0.07150000000000034,0.13060000000000116,20000.0
19878,T30TUM_20000_11,S2B_MSIL2A_20230605T110619_R137_T30TUN_20230605T165004,200,,0.0,0.04,7.16,20.03,61.46,0.01,0.33,5.93,5.04,0.0,0.0,10000,0,0.0,20000.00000000006,20000.00000000093,0.5921711921691895,10.969999999999999,,0.0,0.018600000000000002,0.001700000000000479,-0.5132999999999974,0.34309999999999974,0.00040000000000000105,-0.04149999999999998,0.12570000000000014,0.06529999999999969,0.0,0.0,0.19099999999999895,0.5132999999999974,20000.0
19884,T30TUM_20000_11,S2B_MSIL2A_20230605T110619_R137_T30TUN_20230605T165004,500,,0.0,0.0,6.875,21.0,60.5625,0.0,0.4375,6.1875,4.9375,0.0,0.0,1600,0,0.0,20000.00000000006,20000.00000000093,0.5957248210906982,11.125,,0.0,-0.0214,-0.28329999999999966,0.45670000000000144,-0.5544000000000011,-0.0096,0.066,0.38320000000000043,-0.037200000000000344,0.0,0.0,0.3460000000000001,0.5544000000000011,20000.0
19890,T30TUM_20000_11,S2B_MSIL2A_20230605T110619_R137_T30TUN_20230605T165004,1000,,0.0,0.0,7.75,22.75,58.0,0.0,0.25,5.25,6.0,0.0,0.0,400,0,0.0,20000.00000000006,20000.00000000093,0.5996119976043701,11.25,,0.0,-0.0214,0.5917000000000003,2.2067000000000014,-3.116900000000001,-0.0096,-0.1215,-0.5542999999999996,1.0252999999999997,0.0,0.0,0.4710000000000001,3.116900000000001,20000.0
19862,T30TUM_20000_11,S2B_MSIL2A_20230615T110629_R137_T30TUN_20230615T203627,20,,0.0,0.0145,1.2489,24.2619,72.4062,0.0124,0.3909,1.2157,0.4495,0.0,0.0,1000000,0,0.0,20000.00000000006,20000.00000000093,0.43576860427856445,1.6652,,0.0,0.0,0.0,0.0,0.0,0.0,0.0,0.0,0.0,0.0,0.0,0.0,0.0,20000.0
19868,T30TUM_20000_11,S2B_MSIL2A_20230615T110629_R137_T30TUN_20230615T203627,50,,0.0,0.01375,1.239375,24.220625,72.486875,0.011875,0.38125,1.19375,0.4525,0.0,0.0,160000,0,0.0,20000.00000000006,20000.00000000093,0.24799442291259766,1.6462500000000002,,0.0,-0.0007500000000000007,-0.009525000000000006,-0.04127500000000239,0.08067499999999939,-0.0005249999999999994,-0.009650000000000047,-0.021949999999999914,0.0030000000000000027,0.0,0.0,-0.0189499999999998,0.08067499999999939,20000.0
19874,T30TUM_20000_11,S2B_MSIL2A_20230615T110629_R137_T30TUN_20230615T203627,100,,0.0,0.015,1.245,24.2,72.4975,0.0125,0.4175,1.1825,0.43,0.0,0.0,40000,0,0.0,20000.00000000006,20000.00000000093,0.16790533065795898,1.6125,,0.0,0.0004999999999999987,-0.0038999999999997925,-0.0619000000000014,0.09130000000000393,0.00010000000000000113,0.026599999999999957,-0.033199999999999896,-0.019500000000000017,0.0,0.0,-0.05269999999999997,0.09130000000000393,20000.0
19880,T30TUM_20000_11,S2B_MSIL2A_20230615T110629_R137_T30TUN_20230615T203627,200,,0.0,0.02,1.34,23.62,72.97,0.01,0.41,1.19,0.44,0.0,0.0,10000,0,0.0,20000.00000000006,20000.00000000093,0.5921711921691895,1.63,,0.0,0.0055,0.09110000000000018,-0.6418999999999997,0.5638000000000005,-0.0023999999999999994,0.01909999999999995,-0.025700000000000056,-0.009500000000000008,0.0,0.0,-0.03520000000000012,0.6418999999999997,20000.0
19886,T30TUM_20000_11,S2B_MSIL2A_20230615T110629_R137_T30TUN_20230615T203627,500,,0.0,0.0,1.375,24.3125,72.375,0.0,0.3125,1.0,0.625,0.0,0.0,1600,0,0.0,20000.00000000006,20000.00000000093,0.5957248210906982,1.625,,0.0,-0.0145,0.1261000000000001,0.05059999999999931,-0.03119999999999834,-0.0124,-0.07840000000000003,-0.2157,0.1755,0.0,0.0,-0.040200000000000014,0.1261000000000001,20000.0
19892,T30TUM_20000_11,S2B_MSIL2A_20230615T110629_R137_T30TUN_20230615T203627,1000,,0.0,0.25,2.0,26.5,70.0,0.0,0.25,1.0,0.0,0.0,0.0,400,0,0.0,20000.00000000006,20000.00000000093,0.5996119976043701,1.0,,0.0,0.2355,0.7511000000000001,2.2380999999999993,-2.4061999999999983,-0.0124,-0.14090000000000003,-0.2157,-0.4495,0.0,0.0,-0.6652,2.4061999999999983,20000.0
19864,T30TUM_20000_11,S2B_MSIL2A_20230625T110619_R137_T30TUN_20230625T165543,20,,0.0,0.002,0.0,25.1893,74.7904,0.0012,0.0171,0.0,0.0,0.0,0.0,1000000,0,0.0,20000.00000000006,20000.00000000093,0.43576860427856445,0.0,,0.0,0.0,0.0,0.0,0.0,0.0,0.0,0.0,0.0,0.0,0.0,0.0,0.0,20000.0
19870,T30TUM_20000_11,S2B_MSIL2A_20230625T110619_R137_T30TUN_20230625T165543,50,,0.0,0.0025,0.0,25.154375,74.825,0.00125,0.016875,0.0,0.0,0.0,0.0,160000,0,0.0,20000.00000000006,20000.00000000093,0.24799442291259766,0.0,,0.0,0.0005,0.0,-0.03492499999999765,0.03459999999999752,5.000000000000013e-05,-0.0002249999999999995,0.0,0.0,0.0,0.0,0.0,0.03492499999999765,20000.0
19876,T30TUM_20000_11,S2B_MSIL2A_20230625T110619_R137_T30TUN_20230625T165543,100,,0.0,0.0025,0.0,25.215,74.7675,0.0,0.015,0.0,0.0,0.0,0.0,40000,0,0.0,20000.00000000006,20000.00000000093,0.16790533065795898,0.0,,0.0,0.0005,0.0,0.0257000000000005,-0.022900000000007026,-0.0012,-0.002100000000000001,0.0,0.0,0.0,0.0,0.0,0.0257000000000005,20000.0
19882,T30TUM_20000_11,S2B_MSIL2A_20230625T110619_R137_T30TUN_20230625T165543,200,,0.0,0.0,0.0,24.96,75.02,0.0,0.02,0.0,0.0,0.0,0.0,10000,0,0.0,20000.00000000006,20000.00000000093,0.5921711921691895,0.0,,0.0,-0.002,0.0,-0.2292999999999985,0.2295999999999907,-0.0012,0.0029,0.0,0.0,0.0,0.0,0.0,0.2295999999999907,20000.0
19888,T30TUM_20000_11,S2B_MSIL2A_20230625T110619_R137_T30TUN_20230625T165543,500,,0.0,0.0,0.0,24.875,75.0625,0.0,0.0625,0.0,0.0,0.0,0.0,1600,0,0.0,20000.00000000006,20000.00000000093,0.5957248210906982,0.0,,0.0,-0.002,0.0,-0.31429999999999936,0.2720999999999947,-0.0012,0.045399999999999996,0.0,0.0,0.0,0.0,0.0,0.31429999999999936,20000.0
19894,T30TUM_20000_11,S2B_MSIL2A_20230625T110619_R137_T30TUN_20230625T165543,1000,,0.0,0.0,0.0,27.75,72.25,0.0,0.0,0.0,0.0,0.0,0.0,400,0,0.0,20000.00000000006,20000.00000000093,0.5996119976043701,0.0,,0.0,-0.002,0.0,2.5607000000000006,-2.5404000000000053,-0.0012,-0.0171,0.0,0.0,0.0,0.0,0.0,2.5607000000000006,20000.0
19897,T30TUM_20000_12,S2A_MSIL2A_20230610T110621_R137_T30TUM_20230610T202756,20,,0.0,0.0185,14.0866,14.0581,28.2356,0.1091,0.6621,16.7327,25.9106,0.1867,0.0,1000000,0,0.0,20000.00000000006,20000.000000001863,0.4092400074005127,42.83,,0.0,0.0,0.0,0.0,0.0,0.0,0.0,0.0,0.0,0.0,0.0,0.0,0.0,20000.0
19903,T30TUM_20000_12,S2A_MSIL2A_20230610T110621_R137_T30TUM_20230610T202756,50,,0.0,0.02,14.09875,14.071875,28.22375,0.111875,0.66375,16.741875,25.88375,0.184375,0.0,160000,0,0.0,20000.00000000006,20000.000000001863,0.22119593620300293,42.81,,0.0,0.0015000000000000013,0.012150000000000105,0.013775000000000759,-0.01185000000000258,0.0027749999999999997,0.0016499999999999293,0.009174999999999045,-0.026849999999999596,-0.0023249999999999937,0.0,-0.01999999999999602,0.01999999999999602,20000.0
19909,T30TUM_20000_12,S2A_MSIL2A_20230610T110621_R137_T30TUM_20230610T202756,100,,0.0,0.015,14.1525,14.015,28.3275,0.0875,0.6525,16.5275,26.035,0.1875,0.0,40000,0,0.0,20000.00000000006,20000.000000001863,0.35832691192626953,42.75,,0.0,-0.0034999999999999996,0.06589999999999918,-0.04309999999999903,0.09189999999999898,-0.021600000000000008,-0.009600000000000053,-0.20520000000000138,0.1244000000000014,0.0007999999999999952,0.0,-0.0799999999999983,0.09189999999999898,20000.0
19915,T30TUM_20000_12,S2A_MSIL2A_20230610T110621_R137_T30TUM_20230610T202756,200,,0.0,0.02,13.8,14.22,28.38,0.07,0.71,16.7,25.9,0.2,0.0,10000,0,0.0,20000.00000000006,20000.000000001863,0.25577425956726074,42.8,,0.0,0.0015000000000000013,-0.28659999999999997,0.16190000000000104,0.14439999999999742,-0.039099999999999996,0.04789999999999994,-0.03270000000000195,-0.010600000000000165,0.013300000000000006,0.0,-0.030000000000001137,0.28659999999999997,20000.0
19921,T30TUM_20000_12,S2A_MSIL2A_20230610T110621_R137_T30TUM_20230610T202756,500,,0.0,0.0,14.5,14.5625,27.8125,0.0,0.6875,16.125,26.125,0.1875,0.0,1600,0,0.0,20000.00000000006,20000.000000001863,0.33331727981567383,42.4375,,0.0,-0.0185,0.4133999999999993,0.5044000000000004,-0.4231000000000016,-0.1091,0.025399999999999978,-0.6077000000000012,0.21440000000000126,0.0007999999999999952,0.0,-0.3924999999999983,0.5044000000000004,20000.0
19927,T30TUM_20000_12,S2A_MSIL2A_20230610T110621_R137_T30TUM_20230610T202756,1000,,0.0,0.0,15.25,14.0,29.25,0.25,0.25,15.5,25.5,0.0,0.0,400,0,0.0,20000.00000000006,20000.000000001863,0.2849547863006592,41.0,,0.0,-0.0185,1.1633999999999993,-0.058099999999999596,1.0143999999999984,0.1409,-0.4121,-1.2327000000000012,-0.41059999999999874,-0.1867,0.0,-1.8299999999999983,1.8299999999999983,20000.0
19899,T30TUM_20000_12,S2A_MSIL2A_20230620T110621_R137_T30TUM_20230620T202552,20,,0.0,0.0061,1.8031,8.9033,33.2581,0.1449,2.3776,20.5109,23.9274,9.0686,0.0,1000000,0,0.0,20000.00000000006,20000.000000001863,0.4092400074005127,53.5069,,0.0,0.0,0.0,0.0,0.0,0.0,0.0,0.0,0.0,0.0,0.0,0.0,0.0,20000.0
19905,T30TUM_20000_12,S2A_MSIL2A_20230620T110621_R137_T30TUM_20230620T202552,50,,0.0,0.006875,1.8025,8.916875,33.154375,0.151875,2.364375,20.551875,23.9675,9.08375,0.0,160000,0,0.0,20000.00000000006,20000.000000001863,0.22119593620300293,53.603125,,0.0,0.0007749999999999996,-0.0005999999999999339,0.013574999999999449,-0.10372499999999718,0.006975000000000009,-0.013225000000000264,0.04097499999999954,0.04010000000000247,0.015150000000000219,0.0,0.0962249999999969,0.10372499999999718,20000.0
19911,T30TUM_20000_12,S2A_MSIL2A_20230620T110621_R137_T30TUM_20230620T202552,100,,0.0,0.005,1.8025,8.885,33.0375,0.1525,2.3875,20.585,24.0625,9.0825,0.0,40000,0,0.0,20000.00000000006,20000.000000001863,0.35832691192626953,53.730000000000004,,0.0,-0.0011000000000000003,-0.0005999999999999339,-0.018299999999999983,-0.22059999999999746,0.007599999999999996,0.00990000000000002,0.07410000000000139,0.13510000000000133,0.01389999999999958,0.0,0.2231000000000023,0.2231000000000023,20000.0
19917,T30TUM_20000_12,S2A_MSIL2A_20230620T110621_R137_T30TUM_20230620T202552,200,,0.0,0.02,1.74,8.88,32.87,0.1,2.39,20.49,24.32,9.19,0.0,10000,0,0.0,20000.00000000006,20000.000000001863,0.25577425956726074,54.0,,0.0,0.0139,-0.06309999999999993,-0.023299999999998988,-0.38810000000000144,-0.044899999999999995,0.012399999999999967,-0.02090000000000103,0.3926000000000016,0.12139999999999951,0.0,0.4930999999999983,0.4930999999999983,20000.0
19923,T30TUM_20000_12,S2A_MSIL2A_20230620T110621_R137_T30TUM_20230620T202552,500,,0.0,0.0,1.4375,9.6875,32.125,0.0625,2.25,21.0625,25.0625,8.3125,0.0,1600,0,0.0,20000.00000000006,20000.000000001863,0.33331727981567383,54.4375,,0.0,-0.0061,-0.3655999999999999,0.7842000000000002,-1.1330999999999989,-0.0824,-0.12760000000000016,0.5516000000000005,1.1351000000000013,-0.7561,0.0,0.9305999999999983,1.1330999999999989,20000.0
19929,T30TUM_20000_12,S2A_MSIL2A_20230620T110621_R137_T30TUM_20230620T202552,1000,,0.0,0.0,1.5,8.75,35.25,0.0,2.25,18.75,26.25,7.25,0.0,400,0,0.0,20000.00000000006,20000.000000001863,0.2849547863006592,52.25,,0.0,-0.0061,-0.3030999999999999,-0.15329999999999977,1.9919000000000011,-0.1449,-0.12760000000000016,-1.7608999999999995,2.3226000000000013,-1.8186,0.0,-1.2569000000000017,1.9919000000000011,20000.0
19901,T30TUM_20000_12,S2A_MSIL2A_20230630T110621_R137_T30TUM_20230630T203024,20,,0.0,0.0395,0.003,33.2793,66.3918,0.2212,0.0585,0.0001,0.0012,0.0054,0.0,1000000,0,0.0,20000.00000000006,20000.000000001863,0.4092400074005127,0.0067,,0.0,0.0,0.0,0.0,0.0,0.0,0.0,0.0,0.0,0.0,0.0,0.0,0.0,20000.0
19907,T30TUM_20000_12,S2A_MSIL2A_20230630T110621_R137_T30TUM_20230630T203024,50,,0.0,0.035,0.003125,33.41,66.254375,0.235,0.055,0.000625,0.00125,0.005625,0.0,160000,0,0.0,20000.00000000006,20000.000000001863,0.22119593620300293,0.0075,,0.0,-0.004499999999999997,0.0001250000000000001,0.13069999999999737,-0.13742500000000746,0.013799999999999979,-0.003500000000000003,0.000525,5.000000000000013e-05,0.0002249999999999995,0.0,0.0007999999999999995,0.13742500000000746,20000.0
19913,T30TUM_20000_12,S2A_MSIL2A_20230630T110621_R137_T30TUM_20230630T203024,100,,0.0,0.04,0.005,33.495,66.18,0.2275,0.0425,0.0,0.0,0.01,0.0,40000,0,0.0,20000.00000000006,20000.000000001863,0.35832691192626953,0.01,,0.0,0.0005000000000000004,0.002,0.21569999999999823,-0.21179999999999666,0.0063,-0.016,-0.0001,-0.0012,0.0046,0.0,0.0033,0.21569999999999823,20000.0
19919,T30TUM_20000_12,S2A_MSIL2A_20230630T110621_R137_T30TUM_20230630T203024,200,,0.0,0.05,0.01,33.55,66.22,0.13,0.03,0.0,0.0,0.01,0.0,10000,0,0.0,20000.00000000006,20000.000000001863,0.25577425956726074,0.01,,0.0,0.010500000000000002,0.007,0.27069999999999794,-0.17180000000000462,-0.0912,-0.028500000000000004,-0.0001,-0.0012,0.0046,0.0,0.0033,0.27069999999999794,20000.0
19925,T30TUM_20000_12,S2A_MSIL2A_20230630T110621_R137_T30TUM_20230630T203024,500,,0.0,0.0625,0.0625,34.1875,65.5625,0.0625,0.0625,0.0,0.0,0.0,0.0,1600,0,0.0,20000.00000000006,20000.000000001863,0.33331727981567383,0.0,,0.0,0.023,0.0595,0.9082000000000008,-0.8293000000000035,-0.1587,0.003999999999999997,-0.0001,-0.0012,-0.0054,0.0,-0.0067,0.9082000000000008,20000.0
19931,T30TUM_20000_12,S2A_MSIL2A_20230630T110621_R137_T30TUM_20230630T203024,1000,,0.0,0.0,0.0,33.25,66.75,0.0,0.0,0.0,0.0,0.0,0.0,400,0,0.0,20000.00000000006,20000.000000001863,0.2849547863006592,0.0,,0.0,-0.0395,-0.003,-0.029299999999999216,0.3581999999999965,-0.2212,-0.0585,-0.0001,-0.0012,-0.0054,0.0,-0.0067,0.3581999999999965,20000.0
19896,T30TUM_20000_12,S2B_MSIL2A_20230605T110619_R137_T30TUM_20230605T163049,20,,0.0,0.0253,8.3596,25.1404,42.5802,0.1582,0.2712,7.7025,12.8317,2.9309,0.0,1000000,0,0.0,20000.00000000006,20000.000000001863,0.4092400074005127,23.4651,,0.0,0.0,0.0,0.0,0.0,0.0,0.0,0.0,0.0,0.0,0.0,0.0,0.0,20000.0
19902,T30TUM_20000_12,S2B_MSIL2A_20230605T110619_R137_T30TUM_20230605T163049,50,,0.0,0.026875,8.365,25.183125,42.535625,0.1575,0.26625,7.675625,12.86,2.93,0.0,160000,0,0.0,20000.00000000006,20000.000000001863,0.22119593620300293,23.465625,,0.0,0.001575,0.005399999999999849,0.04272500000000079,-0.0445749999999947,-0.0007000000000000062,-0.00495000000000001,-0.026874999999999538,0.02829999999999977,-0.0008999999999996788,0.0,0.0005249999999996646,0.0445749999999947,20000.0
19908,T30TUM_20000_12,S2B_MSIL2A_20230605T110619_R137_T30TUM_20230605T163049,100,,0.0,0.025,8.42,25.12,42.545,0.1675,0.285,7.645,12.865,2.9275,0.0,40000,0,0.0,20000.00000000006,20000.000000001863,0.35832691192626953,23.4375,,0.0,-0.0002999999999999982,0.060399999999999565,-0.02039999999999864,-0.03519999999999612,0.009300000000000003,0.013799999999999979,-0.05750000000000011,0.03330000000000055,-0.0033999999999996255,0.0,-0.027599999999999625,0.060399999999999565,20000.0
19914,T30TUM_20000_12,S2B_MSIL2A_20230605T110619_R137_T30TUM_20230605T163049,200,,0.0,0.03,8.23,25.14,43.02,0.11,0.29,7.84,12.41,2.93,0.0,10000,0,0.0,20000.00000000006,20000.000000001863,0.25577425956726074,23.18,,0.0,0.004699999999999999,-0.12959999999999994,-0.00039999999999906777,0.4398000000000053,-0.04820000000000001,0.018799999999999983,0.13750000000000018,-0.4216999999999995,-0.0008999999999996788,0.0,-0.2850999999999999,0.4398000000000053,20000.0
19920,T30TUM_20000_12,S2B_MSIL2A_20230605T110619_R137_T30TUM_20230605T163049,500,,0.0,0.0,8.125,25.8125,42.4375,0.0625,0.375,8.1875,12.3125,2.6875,0.0,1600,0,0.0,20000.00000000006,20000.000000001863,0.33331727981567383,23.1875,,0.0,-0.0253,-0.23460000000000036,0.6721000000000004,-0.14269999999999783,-0.09570000000000001,0.1038,0.4850000000000003,-0.5191999999999997,-0.24339999999999984,0.0,-0.2775999999999996,0.6721000000000004,20000.0
19926,T30TUM_20000_12,S2B_MSIL2A_20230605T110619_R137_T30TUM_20230605T163049,1000,,0.0,0.0,8.75,24.25,45.5,0.0,0.5,6.0,12.0,3.0,0.0,400,0,0.0,20000.00000000006,20000.000000001863,0.2849547863006592,21.0,,0.0,-0.0253,0.39039999999999964,-0.8903999999999996,2.919800000000002,-0.1582,0.2288,-1.7024999999999997,-0.8316999999999997,0.06910000000000016,0.0,-2.4650999999999996,2.919800000000002,20000.0
19898,T30TUM_20000_12,S2B_MSIL2A_20230615T110629_R137_T30TUM_20230615T205813,20,,0.0,0.0343,4.681,28.9862,60.0045,0.3024,0.2313,3.4961,2.2595,0.0047,0.0,1000000,0,0.0,20000.00000000006,20000.000000001863,0.4092400074005127,5.7603,,0.0,0.0,0.0,0.0,0.0,0.0,0.0,0.0,0.0,0.0,0.0,0.0,0.0,20000.0
19904,T30TUM_20000_12,S2B_MSIL2A_20230615T110629_R137_T30TUM_20230615T205813,50,,0.0,0.035,4.66875,29.0225,59.9625,0.3175,0.235625,3.511875,2.240625,0.005625,0.0,160000,0,0.0,20000.00000000006,20000.000000001863,0.22119593620300293,5.758125,,0.0,0.0007000000000000062,-0.012249999999999872,0.036300000000000665,-0.04200000000000159,0.015100000000000002,0.0043249999999999955,0.01577499999999965,-0.018874999999999975,0.0009249999999999996,0.0,-0.00217500000000026,0.04200000000000159,20000.0
19910,T30TUM_20000_12,S2B_MSIL2A_20230615T110629_R137_T30TUM_20230615T205813,100,,0.0,0.04,4.6925,28.875,60.1375,0.32,0.2375,3.4025,2.285,0.01,0.0,40000,0,0.0,20000.00000000006,20000.000000001863,0.35832691192626953,5.6975,,0.0,0.005700000000000004,0.011499999999999844,-0.11120000000000019,0.13300000000000267,0.017600000000000005,0.006199999999999983,-0.09360000000000035,0.025500000000000078,0.0053,0.0,-0.06280000000000019,0.13300000000000267,20000.0
19916,T30TUM_20000_12,S2B_MSIL2A_20230615T110629_R137_T30TUM_20230615T205813,200,,0.0,0.03,4.61,29.34,59.89,0.23,0.26,3.45,2.18,0.01,0.0,10000,0,0.0,20000.00000000006,20000.000000001863,0.25577425956726074,5.640000000000001,,0.0,-0.004299999999999998,-0.07099999999999973,0.35379999999999967,-0.1144999999999996,-0.07239999999999999,0.028700000000000003,-0.04610000000000003,-0.0794999999999999,0.0053,0.0,-0.12029999999999941,0.35379999999999967,20000.0
19922,T30TUM_20000_12,S2B_MSIL2A_20230615T110629_R137_T30TUM_20230615T205813,500,,0.0,0.0,4.6875,30.25,59.3125,0.125,0.125,2.875,2.625,0.0,0.0,1600,0,0.0,20000.00000000006,20000.000000001863,0.33331727981567383,5.5,,0.0,-0.0343,0.00649999999999995,1.2637999999999998,-0.6920000000000002,-0.1774,-0.1063,-0.6211000000000002,0.36549999999999994,-0.0047,0.0,-0.2603,1.2637999999999998,20000.0
19928,T30TUM_20000_12,S2B_MSIL2A_20230615T110629_R137_T30TUM_20230615T205813,1000,,0.0,0.0,6.0,28.25,62.0,0.25,0.0,1.5,2.0,0.0,0.0,400,0,0.0,20000.00000000006,20000.000000001863,0.2849547863006592,3.5,,0.0,-0.0343,1.319,-0.7362000000000002,1.9954999999999998,-0.0524,-0.2313,-1.9961000000000002,-0.25950000000000006,-0.0047,0.0,-2.2603,2.2603,20000.0
19900,T30TUM_20000_12,S2B_MSIL2A_20230625T110619_R137_T30TUM_20230625T164707,20,,0.0,0.0133,0.0,32.0685,67.6349,0.2372,0.0402,0.0,0.001,0.0049,0.0,1000000,0,0.0,20000.00000000006,20000.000000001863,0.4092400074005127,0.0059,,0.0,0.0,0.0,0.0,0.0,0.0,0.0,0.0,0.0,0.0,0.0,0.0,0.0,20000.0
19906,T30TUM_20000_12,S2B_MSIL2A_20230625T110619_R137_T30TUM_20230625T164707,50,,0.0,0.014375,0.0,32.1225,67.569375,0.245,0.043125,0.0,0.000625,0.005,0.0,160000,0,0.0,20000.00000000006,20000.000000001863,0.22119593620300293,0.005625,,0.0,0.0010750000000000013,0.0,0.054000000000002046,-0.06552500000000805,0.007800000000000001,0.002924999999999997,0.0,-0.000375,0.00010000000000000026,0.0,-0.00027500000000000007,0.06552500000000805,20000.0
19912,T30TUM_20000_12,S2B_MSIL2A_20230625T110619_R137_T30TUM_20230625T164707,100,,0.0,0.0175,0.0,32.0425,67.6675,0.23,0.0325,0.0,0.0,0.01,0.0,40000,0,0.0,20000.00000000006,20000.000000001863,0.35832691192626953,0.01,,0.0,0.004200000000000002,0.0,-0.026000000000003354,0.03260000000000218,-0.007199999999999984,-0.0076999999999999985,0.0,-0.001,0.0051,0.0,0.0041,0.03260000000000218,20000.0
19918,T30TUM_20000_12,S2B_MSIL2A_20230625T110619_R137_T30TUM_20230625T164707,200,,0.0,0.01,0.0,32.17,67.58,0.18,0.05,0.0,0.0,0.01,0.0,10000,0,0.0,20000.00000000006,20000.000000001863,0.25577425956726074,0.01,,0.0,-0.003299999999999999,0.0,0.10150000000000148,-0.0549000000000035,-0.0572,0.009800000000000003,0.0,-0.001,0.0051,0.0,0.0041,0.10150000000000148,20000.0
19924,T30TUM_20000_12,S2B_MSIL2A_20230625T110619_R137_T30TUM_20230625T164707,500,,0.0,0.0,0.0,32.5,67.4375,0.0625,0.0,0.0,0.0,0.0,0.0,1600,0,0.0,20000.00000000006,20000.000000001863,0.33331727981567383,0.0,,0.0,-0.0133,0.0,0.4314999999999998,-0.1974000000000018,-0.1747,-0.0402,0.0,-0.001,-0.0049,0.0,-0.0059,0.4314999999999998,20000.0
19930,T30TUM_20000_12,S2B_MSIL2A_20230625T110619_R137_T30TUM_20230625T164707,1000,,0.0,0.0,0.0,32.75,67.25,0.0,0.0,0.0,0.0,0.0,0.0,400,0,0.0,20000.00000000006,20000.000000001863,0.2849547863006592,0.0,,0.0,-0.0133,0.0,0.6814999999999998,-0.3849000000000018,-0.2372,-0.0402,0.0,-0.001,-0.0049,0.0,-0.0059,0.6814999999999998,20000.0
19933,T30TUM_20000_13,S2A_MSIL2A_20230610T110621_R137_T30TUM_20230610T202756,20,,0.0,0.0161,5.7908,2.3792,15.8938,0.0305,1.8798,26.6557,35.0735,12.2806,0.0,1000000,0,0.0,20000.00000000006,20000.000000001863,0.3794538974761963,74.00980000000001,,0.0,0.0,0.0,0.0,0.0,0.0,0.0,0.0,0.0,0.0,0.0,0.0,0.0,20000.0
19939,T30TUM_20000_13,S2A_MSIL2A_20230610T110621_R137_T30TUM_20230610T202756,50,,0.0,0.014375,5.79375,2.363125,15.945625,0.02875,1.878125,26.68375,35.0175,12.275,0.0,160000,0,0.0,20000.00000000006,20000.000000001863,0.2514684200286865,73.97625000000001,,0.0,-0.001724999999999999,0.00295000000000023,-0.01607499999999984,0.05182499999999912,-0.001749999999999998,-0.001674999999999871,0.028050000000000352,-0.05600000000000449,-0.005599999999999383,0.0,-0.0335500000000053,0.05182499999999912,20000.0
19945,T30TUM_20000_13,S2A_MSIL2A_20230610T110621_R137_T30TUM_20230610T202756,100,,0.0,0.0175,5.74,2.3775,16.0775,0.0275,1.86,26.5525,35.0575,12.29,0.0,40000,0,0.0,20000.00000000006,20000.000000001863,0.2995166778564453,73.9,,0.0,0.001400000000000002,-0.050799999999999734,-0.0017000000000000348,0.18369999999999997,-0.002999999999999999,-0.019799999999999818,-0.10320000000000107,-0.016000000000005343,0.009399999999999409,0.0,-0.109800000000007,0.18369999999999997,20000.0
19951,T30TUM_20000_13,S2A_MSIL2A_20230610T110621_R137_T30TUM_20230610T202756,200,,0.0,0.03,5.84,2.45,16.1,0.01,1.71,26.71,34.87,12.28,0.0,10000,0,0.0,20000.00000000006,20000.000000001863,0.16135954856872559,73.86,,0.0,0.0139,0.04919999999999991,0.0708000000000002,0.20620000000000083,-0.020499999999999997,-0.16979999999999995,0.05430000000000135,-0.20350000000000534,-0.000600000000000378,0.0,-0.14980000000001326,0.20620000000000083,20000.0
19957,T30TUM_20000_13,S2A_MSIL2A_20230610T110621_R137_T30TUM_20230610T202756,500,,0.0,0.0,6.0625,2.5625,15.625,0.0,2.125,27.125,33.8125,12.6875,0.0,1600,0,0.0,20000.00000000006,20000.000000001863,0.22197675704956055,73.625,,0.0,-0.0161,0.27170000000000005,0.18330000000000002,-0.2688000000000006,-0.0305,0.24520000000000008,0.4693000000000005,-1.2610000000000028,0.40690000000000026,0.0,-0.3848000000000127,0.3848000000000127,20000.0
19963,T30TUM_20000_13,S2A_MSIL2A_20230610T110621_R137_T30TUM_20230610T202756,1000,,0.0,0.0,6.0,2.0,15.5,0.0,0.5,26.75,35.75,13.5,0.0,400,0,0.0,20000.00000000006,20000.000000001863,0.17538070678710938,76.0,,0.0,-0.0161,0.20920000000000005,-0.3792,-0.3938000000000006,-0.0305,-1.3798,0.0943000000000005,0.6764999999999972,1.2194000000000003,0.0,1.9901999999999873,1.9901999999999873,20000.0
19935,T30TUM_20000_13,S2A_MSIL2A_20230620T110621_R137_T30TUM_20230620T202552,20,,0.0,0.0019,0.6473,0.8888,11.1098,0.0989,1.5746,16.6773,49.7714,19.23,0.0,1000000,0,0.0,20000.00000000006,20000.000000001863,0.3794538974761963,85.6787,,0.0,0.0,0.0,0.0,0.0,0.0,0.0,0.0,0.0,0.0,0.0,0.0,0.0,20000.0
19941,T30TUM_20000_13,S2A_MSIL2A_20230620T110621_R137_T30TUM_20230620T202552,50,,0.0,0.00125,0.64875,0.919375,11.181875,0.095,1.57625,16.688125,49.649375,19.24,0.0,160000,0,0.0,20000.00000000006,20000.000000001863,0.2514684200286865,85.5775,,0.0,-0.00065,0.0014500000000000624,0.03057500000000002,0.07207499999999989,-0.0039000000000000007,0.0016499999999999293,0.010825000000000529,-0.12202500000000072,0.00999999999999801,0.0,-0.10120000000000573,0.10120000000000573,20000.0
19947,T30TUM_20000_13,S2A_MSIL2A_20230620T110621_R137_T30TUM_20230620T202552,100,,0.0,0.0025,0.6425,0.9275,11.3475,0.075,1.535,16.68,49.5175,19.2725,0.0,40000,0,0.0,20000.00000000006,20000.000000001863,0.2995166778564453,85.47,,0.0,0.0006000000000000001,-0.0048000000000000265,0.03869999999999996,0.23770000000000024,-0.023900000000000005,-0.03960000000000008,0.002700000000000813,-0.25390000000000157,0.042500000000000426,0.0,-0.20870000000000744,0.23770000000000024,20000.0
19953,T30TUM_20000_13,S2A_MSIL2A_20230620T110621_R137_T30TUM_20230620T202552,200,,0.0,0.0,0.61,0.89,11.4,0.08,1.61,16.78,49.41,19.22,0.0,10000,0,0.0,20000.00000000006,20000.000000001863,0.16135954856872559,85.41,,0.0,-0.0019,-0.0373,0.0011999999999999789,0.29020000000000046,-0.0189,0.0354000000000001,0.10270000000000223,-0.3614000000000033,-0.010000000000001563,0.0,-0.2687000000000097,0.29020000000000046,20000.0
19959,T30TUM_20000_13,S2A_MSIL2A_20230620T110621_R137_T30TUM_20230620T202552,500,,0.0,0.0,0.6875,0.875,11.5625,0.0,1.875,18.0625,48.1875,18.75,0.0,1600,0,0.0,20000.00000000006,20000.000000001863,0.22197675704956055,85.0,,0.0,-0.0019,0.040200000000000014,-0.013800000000000034,0.4527000000000001,-0.0989,0.3004,1.385200000000001,-1.5838999999999999,-0.4800000000000004,0.0,-0.6787000000000063,0.6787000000000063,20000.0
19965,T30TUM_20000_13,S2A_MSIL2A_20230620T110621_R137_T30TUM_20230620T202552,1000,,0.0,0.0,0.25,0.75,12.0,0.0,0.5,19.0,47.75,19.75,0.0,400,0,0.0,20000.00000000006,20000.000000001863,0.17538070678710938,86.5,,0.0,-0.0019,-0.3973,-0.13880000000000003,0.8902000000000001,-0.0989,-1.0746,2.322700000000001,-2.0214,0.5199999999999996,0.0,0.8212999999999937,1.0746,20000.0
19937,T30TUM_20000_13,S2A_MSIL2A_20230630T110621_R137_T30TUM_20230630T203024,20,,0.0,0.0058,0.0,16.7228,79.3525,0.0957,0.0155,0.0,0.0,3.8077,0.0,1000000,0,0.0,20000.00000000006,20000.000000001863,0.3794538974761963,3.8077,,0.0,0.0,0.0,0.0,0.0,0.0,0.0,0.0,0.0,0.0,0.0,0.0,0.0,20000.0
19943,T30TUM_20000_13,S2A_MSIL2A_20230630T110621_R137_T30TUM_20230630T203024,50,,0.0,0.00375,0.0,16.711875,79.38125,0.08875,0.015,0.0,0.0,3.799375,0.0,160000,0,0.0,20000.00000000006,20000.000000001863,0.2514684200286865,3.799375,,0.0,-0.0020499999999999997,0.0,-0.010925000000000296,0.028749999999988063,-0.006949999999999998,-0.0005000000000000004,0.0,0.0,-0.008325000000000138,0.0,-0.008325000000000138,0.028749999999988063,20000.0
19949,T30TUM_20000_13,S2A_MSIL2A_20230630T110621_R137_T30TUM_20230630T203024,100,,0.0,0.005,0.0,16.575,79.5225,0.08,0.01,0.0,0.0,3.8075,0.0,40000,0,0.0,20000.00000000006,20000.000000001863,0.2995166778564453,3.8075,,0.0,-0.0007999999999999995,0.0,-0.14780000000000015,0.1699999999999875,-0.015699999999999992,-0.0055,0.0,0.0,-0.00019999999999997797,0.0,-0.00019999999999997797,0.1699999999999875,20000.0
19955,T30TUM_20000_13,S2A_MSIL2A_20230630T110621_R137_T30TUM_20230630T203024,200,,0.0,0.02,0.0,16.69,79.37,0.09,0.0,0.0,0.0,3.83,0.0,10000,0,0.0,20000.00000000006,20000.000000001863,0.16135954856872559,3.83,,0.0,0.0142,0.0,-0.032799999999998164,0.017499999999998295,-0.005699999999999997,-0.0155,0.0,0.0,0.022299999999999986,0.0,0.022299999999999986,0.032799999999998164,20000.0
19961,T30TUM_20000_13,S2A_MSIL2A_20230630T110621_R137_T30TUM_20230630T203024,500,,0.0,0.0,0.0,17.625,78.5,0.0,0.0,0.0,0.0,3.875,0.0,1600,0,0.0,20000.00000000006,20000.000000001863,0.22197675704956055,3.875,,0.0,-0.0058,0.0,0.9022000000000006,-0.8525000000000063,-0.0957,-0.0155,0.0,0.0,0.06729999999999992,0.0,0.06729999999999992,0.9022000000000006,20000.0
19967,T30TUM_20000_13,S2A_MSIL2A_20230630T110621_R137_T30TUM_20230630T203024,1000,,0.0,0.0,0.0,17.5,79.5,0.25,0.0,0.0,0.0,2.75,0.0,400,0,0.0,20000.00000000006,20000.000000001863,0.17538070678710938,2.75,,0.0,-0.0058,0.0,0.7772000000000006,0.14749999999999375,0.1543,-0.0155,0.0,0.0,-1.0577,0.0,-1.0577,1.0577,20000.0
19932,T30TUM_20000_13,S2B_MSIL2A_20230605T110619_R137_T30TUM_20230605T163049,20,,0.0,0.039,14.496,10.9428,38.1105,0.0736,0.4182,12.9252,22.9411,0.0536,0.0,1000000,0,0.0,20000.00000000006,20000.000000001863,0.3794538974761963,35.9199,,0.0,0.0,0.0,0.0,0.0,0.0,0.0,0.0,0.0,0.0,0.0,0.0,0.0,20000.0
19938,T30TUM_20000_13,S2B_MSIL2A_20230605T110619_R137_T30TUM_20230605T163049,50,,0.0,0.038125,14.4925,10.979375,38.106875,0.060625,0.4075,12.911875,22.95,0.053125,0.0,160000,0,0.0,20000.00000000006,20000.000000001863,0.2514684200286865,35.915,,0.0,-0.0008750000000000008,-0.0035000000000007248,0.036574999999999136,-0.0036249999999995453,-0.012975,-0.010700000000000043,-0.013325000000000031,0.008900000000000574,-0.0004750000000000032,0.0,-0.004899999999999238,0.036574999999999136,20000.0
19944,T30TUM_20000_13,S2B_MSIL2A_20230605T110619_R137_T30TUM_20230605T163049,100,,0.0,0.04,14.45,10.7925,38.3975,0.0575,0.4075,12.905,22.9025,0.0475,0.0,40000,0,0.0,20000.00000000006,20000.000000001863,0.2995166778564453,35.855,,0.0,0.0010000000000000009,-0.04600000000000115,-0.15029999999999966,0.28699999999999903,-0.016099999999999996,-0.010700000000000043,-0.020200000000000884,-0.03859999999999886,-0.006100000000000001,0.0,-0.06490000000000151,0.28699999999999903,20000.0
19950,T30TUM_20000_13,S2B_MSIL2A_20230605T110619_R137_T30TUM_20230605T163049,200,,0.0,0.06,14.52,11.03,38.14,0.05,0.34,12.94,22.87,0.05,0.0,10000,0,0.0,20000.00000000006,20000.000000001863,0.16135954856872559,35.86,,0.0,0.020999999999999998,0.023999999999999133,0.08719999999999928,0.02949999999999875,-0.023599999999999996,-0.07819999999999999,0.014799999999999258,-0.07109999999999772,-0.003599999999999999,0.0,-0.059899999999998954,0.08719999999999928,20000.0
19956,T30TUM_20000_13,S2B_MSIL2A_20230605T110619_R137_T30TUM_20230605T163049,500,,0.0,0.0,14.5625,11.0,38.75,0.0,0.625,11.4375,23.625,0.0,0.0,1600,0,0.0,20000.00000000006,20000.000000001863,0.22197675704956055,35.0625,,0.0,-0.039,0.06649999999999956,0.05719999999999992,0.6394999999999982,-0.0736,0.20679999999999998,-1.4877000000000002,0.6839000000000013,-0.0536,0.0,-0.8573999999999984,0.8573999999999984,20000.0
19962,T30TUM_20000_13,S2B_MSIL2A_20230605T110619_R137_T30TUM_20230605T163049,1000,,0.0,0.0,15.75,9.75,40.75,0.25,0.0,11.0,22.5,0.0,0.0,400,0,0.0,20000.00000000006,20000.000000001863,0.17538070678710938,33.5,,0.0,-0.039,1.2539999999999996,-1.1928,2.639499999999998,0.1764,-0.4182,-1.9252000000000002,-0.4410999999999987,-0.0536,0.0,-2.4198999999999984,2.639499999999998,20000.0
19934,T30TUM_20000_13,S2B_MSIL2A_20230615T110629_R137_T30TUM_20230615T205813,20,,0.0,0.0193,6.6191,16.9125,65.852,0.1375,0.4402,5.6471,4.3715,0.0008,0.0,1000000,0,0.0,20000.00000000006,20000.000000001863,0.3794538974761963,10.0194,,0.0,0.0,0.0,0.0,0.0,0.0,0.0,0.0,0.0,0.0,0.0,0.0,0.0,20000.0
19940,T30TUM_20000_13,S2B_MSIL2A_20230615T110629_R137_T30TUM_20230615T205813,50,,0.0,0.018125,6.615,16.9025,65.876875,0.1275,0.44125,5.64,4.3775,0.00125,0.0,160000,0,0.0,20000.00000000006,20000.000000001863,0.2514684200286865,10.01875,,0.0,-0.0011750000000000024,-0.004100000000000215,-0.010000000000001563,0.02487499999999443,-0.010000000000000009,0.0010499999999999954,-0.007100000000000328,0.006000000000000227,0.00045,0.0,-0.0006499999999984851,0.02487499999999443,20000.0
19946,T30TUM_20000_13,S2B_MSIL2A_20230615T110629_R137_T30TUM_20230615T205813,100,,0.0,0.015,6.6775,16.755,66.045,0.1225,0.4075,5.5825,4.3925,0.0025,0.0,40000,0,0.0,20000.00000000006,20000.000000001863,0.2995166778564453,9.9775,,0.0,-0.004300000000000002,0.058399999999999785,-0.15750000000000242,0.19299999999999784,-0.015000000000000013,-0.03270000000000001,-0.06460000000000043,0.020999999999999908,0.0017000000000000001,0.0,-0.04190000000000005,0.19299999999999784,20000.0
19952,T30TUM_20000_13,S2B_MSIL2A_20230615T110629_R137_T30TUM_20230615T205813,200,,0.0,0.02,6.69,17.1,65.8,0.14,0.42,5.46,4.37,0.0,0.0,10000,0,0.0,20000.00000000006,20000.000000001863,0.16135954856872559,9.83,,0.0,0.0006999999999999992,0.07089999999999996,0.1875,-0.05200000000000671,0.0025000000000000022,-0.020199999999999996,-0.18710000000000004,-0.0015000000000000568,-0.0008,0.0,-0.18939999999999912,0.18939999999999912,20000.0
19958,T30TUM_20000_13,S2B_MSIL2A_20230615T110629_R137_T30TUM_20230615T205813,500,,0.0,0.0,6.75,17.0,66.125,0.0625,0.1875,5.625,4.25,0.0,0.0,1600,0,0.0,20000.00000000006,20000.000000001863,0.22197675704956055,9.875,,0.0,-0.0193,0.13089999999999957,0.08749999999999858,0.27299999999999613,-0.07500000000000001,-0.2527,-0.02210000000000001,-0.12150000000000016,-0.0008,0.0,-0.1443999999999992,0.27299999999999613,20000.0
19964,T30TUM_20000_13,S2B_MSIL2A_20230615T110629_R137_T30TUM_20230615T205813,1000,,0.0,0.0,6.5,14.0,69.0,0.25,0.0,6.5,3.75,0.0,0.0,400,0,0.0,20000.00000000006,20000.000000001863,0.17538070678710938,10.25,,0.0,-0.0193,-0.11910000000000043,-2.9125000000000014,3.147999999999996,0.11249999999999999,-0.4402,0.8529,-0.6215000000000002,-0.0008,0.0,0.2306000000000008,3.147999999999996,20000.0
19936,T30TUM_20000_13,S2B_MSIL2A_20230625T110619_R137_T30TUM_20230625T164707,20,,0.0,0.0022,6.0121,16.7043,63.6256,0.0899,0.1417,5.443,7.7336,0.2476,0.0,1000000,0,0.0,20000.00000000006,20000.000000001863,0.3794538974761963,13.4242,,0.0,0.0,0.0,0.0,0.0,0.0,0.0,0.0,0.0,0.0,0.0,0.0,0.0,20000.0
19942,T30TUM_20000_13,S2B_MSIL2A_20230625T110619_R137_T30TUM_20230625T164707,50,,0.0,0.000625,5.995,16.75,63.62875,0.081875,0.14,5.413125,7.739375,0.25125,0.0,160000,0,0.0,20000.00000000006,20000.000000001863,0.2514684200286865,13.40375,,0.0,-0.001575,-0.017100000000000115,0.045700000000000074,0.0031499999999979877,-0.00802499999999999,-0.0016999999999999793,-0.029874999999999652,0.005774999999999864,0.0036499999999999866,0.0,-0.0204500000000003,0.045700000000000074,20000.0
19948,T30TUM_20000_13,S2B_MSIL2A_20230625T110619_R137_T30TUM_20230625T164707,100,,0.0,0.005,5.9675,16.66,63.7925,0.0775,0.1375,5.4,7.7075,0.2525,0.0,40000,0,0.0,20000.00000000006,20000.000000001863,0.2995166778564453,13.36,,0.0,0.0028,-0.04459999999999997,-0.044299999999999784,0.16689999999999827,-0.012399999999999994,-0.0041999999999999815,-0.04299999999999926,-0.026100000000000456,0.0049000000000000155,0.0,-0.06420000000000137,0.16689999999999827,20000.0
19954,T30TUM_20000_13,S2B_MSIL2A_20230625T110619_R137_T30TUM_20230625T164707,200,,0.0,0.0,5.97,17.01,63.38,0.06,0.09,5.6,7.62,0.27,0.0,10000,0,0.0,20000.00000000006,20000.000000001863,0.16135954856872559,13.489999999999998,,0.0,-0.0022,-0.04210000000000047,0.30570000000000164,-0.24559999999999604,-0.029899999999999996,-0.051699999999999996,0.15700000000000003,-0.11359999999999992,0.02240000000000003,0.0,0.06579999999999764,0.30570000000000164,20000.0
19960,T30TUM_20000_13,S2B_MSIL2A_20230625T110619_R137_T30TUM_20230625T164707,500,,0.0,0.0,6.3125,17.125,62.875,0.0,0.0625,5.125,8.25,0.25,0.0,1600,0,0.0,20000.00000000006,20000.000000001863,0.22197675704956055,13.625,,0.0,-0.0022,0.3003999999999998,0.4207000000000001,-0.7505999999999986,-0.0899,-0.07919999999999999,-0.3179999999999996,0.5164,0.0024000000000000132,0.0,0.2007999999999992,0.7505999999999986,20000.0
19966,T30TUM_20000_13,S2B_MSIL2A_20230625T110619_R137_T30TUM_20230625T164707,1000,,0.0,0.0,4.75,17.5,63.0,0.25,0.0,7.5,6.5,0.5,0.0,400,0,0.0,20000.00000000006,20000.000000001863,0.17538070678710938,14.5,,0.0,-0.0022,-1.2621000000000002,0.7957000000000001,-0.6255999999999986,0.16010000000000002,-0.1417,2.0570000000000004,-1.2336,0.2524,0.0,1.0757999999999992,1.2621000000000002,20000.0
19969,T30TUM_20000_14,S2A_MSIL2A_20230610T110621_R137_T30TUM_20230610T202756,20,,0.0,0.0,1.5318,0.1267,2.344,0.0001,0.7528,46.5835,45.9812,2.6799,0.0,1000000,0,0.0,20000.00000000006,20000.00000000093,0.3885073661804199,95.2446,,0.0,0.0,0.0,0.0,0.0,0.0,0.0,0.0,0.0,0.0,0.0,0.0,0.0,20000.0
19975,T30TUM_20000_14,S2A_MSIL2A_20230610T110621_R137_T30TUM_20230610T202756,50,,0.0,0.0,1.5325,0.116875,2.366875,0.0,0.759375,46.62,45.929375,2.675,0.0,160000,0,0.0,20000.00000000006,20000.00000000093,0.2017521858215332,95.224375,,0.0,0.0,0.0006999999999999229,-0.009825,0.02287499999999998,-0.0001,0.0065749999999999975,0.036499999999996646,-0.0518250000000009,-0.0049000000000001265,0.0,-0.020225000000010596,0.02287499999999998,20000.0
19981,T30TUM_20000_14,S2A_MSIL2A_20230610T110621_R137_T30TUM_20230610T202756,100,,0.0,0.0,1.5475,0.1275,2.3825,0.0,0.74,46.57,45.93,2.7025,0.0,40000,0,0.0,20000.00000000006,20000.00000000093,0.15489983558654785,95.2025,,0.0,0.0,0.015700000000000047,0.0007999999999999952,0.03849999999999998,-0.0001,-0.012800000000000034,-0.013500000000000512,-0.05120000000000147,0.022600000000000176,0.0,-0.04210000000000491,0.04210000000000491,20000.0
19987,T30TUM_20000_14,S2A_MSIL2A_20230610T110621_R137_T30TUM_20230610T202756,200,,0.0,0.0,1.54,0.14,2.32,0.0,0.85,46.65,45.67,2.83,0.0,10000,0,0.0,20000.00000000006,20000.00000000093,0.16531705856323242,95.14999999999999,,0.0,0.0,0.008199999999999985,0.013300000000000006,-0.02400000000000002,-0.0001,0.09719999999999995,0.06649999999999778,-0.3111999999999995,0.15010000000000012,0.0,-0.094600000000014,0.09719999999999995,20000.0
19993,T30TUM_20000_14,S2A_MSIL2A_20230610T110621_R137_T30TUM_20230610T202756,500,,0.0,0.0,1.5,0.0,2.75,0.0,0.9375,46.625,45.5,2.6875,0.0,1600,0,0.0,20000.00000000006,20000.00000000093,0.2724792957305908,94.8125,,0.0,0.0,-0.03180000000000005,-0.1267,0.40600000000000014,-0.0001,0.18469999999999998,0.041499999999999204,-0.4812000000000012,0.007600000000000051,0.0,-0.4321000000000055,0.4321000000000055,20000.0
19999,T30TUM_20000_14,S2A_MSIL2A_20230610T110621_R137_T30TUM_20230610T202756,1000,,0.0,0.0,1.75,0.25,1.75,0.0,1.25,46.5,45.75,2.75,0.0,400,0,0.0,20000.00000000006,20000.00000000093,0.15419578552246094,95.0,,0.0,0.0,0.21819999999999995,0.12329999999999999,-0.5939999999999999,-0.0001,0.4972,-0.0835000000000008,-0.23120000000000118,0.07010000000000005,0.0,-0.24460000000000548,0.5939999999999999,20000.0
19971,T30TUM_20000_14,S2A_MSIL2A_20230620T110621_R137_T30TUM_20230620T202552,20,,0.0,0.0,0.0926,0.1409,1.1642,0.0003,0.3434,21.6904,68.0192,8.549,0.0,1000000,0,0.0,20000.00000000006,20000.00000000093,0.3885073661804199,98.2586,,0.0,0.0,0.0,0.0,0.0,0.0,0.0,0.0,0.0,0.0,0.0,0.0,0.0,20000.0
19977,T30TUM_20000_14,S2A_MSIL2A_20230620T110621_R137_T30TUM_20230620T202552,50,,0.0,0.0,0.093125,0.1475,1.148125,0.000625,0.3425,21.741875,67.971875,8.554375,0.0,160000,0,0.0,20000.00000000006,20000.00000000093,0.2017521858215332,98.268125,,0.0,0.0,0.0005249999999999977,0.006599999999999995,-0.01607499999999984,0.00032500000000000004,-0.0008999999999999564,0.05147499999999994,-0.04732500000000073,0.005375000000000796,0.0,0.009524999999996453,0.01607499999999984,20000.0
19983,T30TUM_20000_14,S2A_MSIL2A_20230620T110621_R137_T30TUM_20230620T202552,100,,0.0,0.0,0.095,0.155,1.1,0.0,0.3575,21.76,67.9325,8.6,0.0,40000,0,0.0,20000.00000000006,20000.00000000093,0.15489983558654785,98.2925,,0.0,0.0,0.0023999999999999994,0.014100000000000001,-0.06419999999999981,-0.0003,0.014100000000000001,0.06960000000000122,-0.08669999999999334,0.051000000000000156,0.0,0.033900000000002706,0.06419999999999981,20000.0
19989,T30TUM_20000_14,S2A_MSIL2A_20230620T110621_R137_T30TUM_20230620T202552,200,,0.0,0.0,0.11,0.14,1.06,0.0,0.29,21.74,68.29,8.37,0.0,10000,0,0.0,20000.00000000006,20000.00000000093,0.16531705856323242,98.4,,0.0,0.0,0.0174,-0.0008999999999999841,-0.10419999999999985,-0.0003,-0.0534,0.04959999999999809,0.27080000000000837,-0.17900000000000027,0.0,0.1414000000000044,0.1414000000000044,20000.0
19995,T30TUM_20000_14,S2A_MSIL2A_20230620T110621_R137_T30TUM_20230620T202552,500,,0.0,0.0,0.125,0.1875,0.8125,0.0,0.375,22.0625,68.875,7.5625,0.0,1600,0,0.0,20000.00000000006,20000.00000000093,0.2724792957305908,98.5,,0.0,0.0,0.0324,0.0466,-0.3516999999999999,-0.0003,0.03160000000000002,0.37209999999999965,0.8558000000000021,-0.9864999999999995,0.0,0.24139999999999873,0.3516999999999999,20000.0
20001,T30TUM_20000_14,S2A_MSIL2A_20230620T110621_R137_T30TUM_20230620T202552,1000,,0.0,0.0,0.25,0.25,1.0,0.0,0.25,21.25,68.5,8.5,0.0,400,0,0.0,20000.00000000006,20000.00000000093,0.15419578552246094,98.25,,0.0,0.0,0.15739999999999998,0.1091,-0.1641999999999999,-0.0003,-0.09339999999999998,-0.44040000000000035,0.4808000000000021,-0.04899999999999949,0.0,-0.008600000000001273,0.1641999999999999,20000.0
19973,T30TUM_20000_14,S2A_MSIL2A_20230630T110621_R137_T30TUM_20230630T203024,20,,0.0,0.0,0.0,13.4391,78.8785,0.0,0.0228,0.0031,0.0005,7.656,0.0,1000000,0,0.0,20000.00000000006,20000.00000000093,0.3885073661804199,7.659599999999999,,0.0,0.0,0.0,0.0,0.0,0.0,0.0,0.0,0.0,0.0,0.0,0.0,0.0,20000.0
19979,T30TUM_20000_14,S2A_MSIL2A_20230630T110621_R137_T30TUM_20230630T203024,50,,0.0,0.0,0.0,13.446875,78.85375,0.0,0.02125,0.005,0.000625,7.6725,0.0,160000,0,0.0,20000.00000000006,20000.00000000093,0.2017521858215332,7.6781250000000005,,0.0,0.0,0.0,0.0077750000000005315,-0.024749999999997385,0.0,-0.0015499999999999993,0.0019000000000000002,0.000125,0.016500000000000625,0.0,0.018525000000001235,0.024749999999997385,20000.0
19985,T30TUM_20000_14,S2A_MSIL2A_20230630T110621_R137_T30TUM_20230630T203024,100,,0.0,0.0,0.0,13.485,78.79,0.0,0.0175,0.0,0.0025,7.705,0.0,40000,0,0.0,20000.00000000006,20000.00000000093,0.15489983558654785,7.7075000000000005,,0.0,0.0,0.0,0.04589999999999961,-0.08849999999999625,0.0,-0.005299999999999999,-0.0031,0.002,0.04900000000000038,0.0,0.047900000000001164,0.08849999999999625,20000.0
19991,T30TUM_20000_14,S2A_MSIL2A_20230630T110621_R137_T30TUM_20230630T203024,200,,0.0,0.0,0.0,13.18,79.04,0.0,0.03,0.0,0.0,7.75,0.0,10000,0,0.0,20000.00000000006,20000.00000000093,0.16531705856323242,7.75,,0.0,0.0,0.0,-0.2591000000000001,0.16150000000000375,0.0,0.007199999999999998,-0.0031,-0.0005,0.0940000000000003,0.0,0.0904000000000007,0.2591000000000001,20000.0
19997,T30TUM_20000_14,S2A_MSIL2A_20230630T110621_R137_T30TUM_20230630T203024,500,,0.0,0.0,0.0,14.1875,78.6875,0.0,0.0,0.0,0.0,7.125,0.0,1600,0,0.0,20000.00000000006,20000.00000000093,0.2724792957305908,7.125,,0.0,0.0,0.0,0.7484000000000002,-0.1910000000000025,0.0,-0.0228,-0.0031,-0.0005,-0.5309999999999997,0.0,-0.5345999999999993,0.7484000000000002,20000.0
20003,T30TUM_20000_14,S2A_MSIL2A_20230630T110621_R137_T30TUM_20230630T203024,1000,,0.0,0.0,0.0,14.5,78.75,0.0,0.0,0.0,0.0,6.75,0.0,400,0,0.0,20000.00000000006,20000.00000000093,0.15419578552246094,6.75,,0.0,0.0,0.0,1.0609000000000002,-0.1285000000000025,0.0,-0.0228,-0.0031,-0.0005,-0.9059999999999997,0.0,-0.9095999999999993,1.0609000000000002,20000.0
19968,T30TUM_20000_14,S2B_MSIL2A_20230605T110619_R137_T30TUM_20230605T163049,20,,0.0,0.0095,13.8752,6.2984,46.8233,0.0511,0.4316,12.4091,16.0709,4.0309,0.0,1000000,0,0.0,20000.00000000006,20000.00000000093,0.3885073661804199,32.51090000000001,,0.0,0.0,0.0,0.0,0.0,0.0,0.0,0.0,0.0,0.0,0.0,0.0,0.0,20000.0
19974,T30TUM_20000_14,S2B_MSIL2A_20230605T110619_R137_T30TUM_20230605T163049,50,,0.0,0.01,13.889375,6.32,46.816875,0.05125,0.421875,12.403125,16.076875,4.010625,0.0,160000,0,0.0,20000.00000000006,20000.00000000093,0.2017521858215332,32.490625,,0.0,0.0005000000000000004,0.014174999999999827,0.021600000000000286,-0.006425000000000125,0.00014999999999999736,-0.009724999999999984,-0.005975000000001174,0.0059749999999993975,-0.02027499999999982,0.0,-0.02027500000000515,0.021600000000000286,20000.0
19980,T30TUM_20000_14,S2B_MSIL2A_20230605T110619_R137_T30TUM_20230605T163049,100,,0.0,0.0075,13.9375,6.2375,46.8525,0.055,0.45,12.485,15.9975,3.9775,0.0,40000,0,0.0,20000.00000000006,20000.00000000093,0.15489983558654785,32.46,,0.0,-0.002,0.062300000000000466,-0.060900000000000176,0.029199999999995896,0.0039000000000000007,0.018400000000000027,0.07589999999999897,-0.07340000000000124,-0.05339999999999989,0.0,-0.05090000000000572,0.062300000000000466,20000.0
19986,T30TUM_20000_14,S2B_MSIL2A_20230605T110619_R137_T30TUM_20230605T163049,200,,0.0,0.01,13.97,6.27,46.85,0.06,0.45,12.39,16.04,3.96,0.0,10000,0,0.0,20000.00000000006,20000.00000000093,0.16531705856323242,32.39,,0.0,0.0005000000000000004,0.0948000000000011,-0.028400000000000425,0.02669999999999817,0.008899999999999998,0.018400000000000027,-0.019099999999999895,-0.030900000000002592,-0.07089999999999996,0.0,-0.120900000000006,0.120900000000006,20000.0
19992,T30TUM_20000_14,S2B_MSIL2A_20230605T110619_R137_T30TUM_20230605T163049,500,,0.0,0.0,14.0,6.0,47.3125,0.0625,0.3125,12.875,15.5,3.9375,0.0,1600,0,0.0,20000.00000000006,20000.00000000093,0.2724792957305908,32.3125,,0.0,-0.0095,0.12480000000000047,-0.2984,0.48919999999999675,0.0114,-0.11909999999999998,0.46589999999999954,-0.5709000000000017,-0.09339999999999993,0.0,-0.19840000000000657,0.48919999999999675,20000.0
19998,T30TUM_20000_14,S2B_MSIL2A_20230605T110619_R137_T30TUM_20230605T163049,1000,,0.0,0.0,14.0,6.75,46.75,0.0,0.0,10.75,17.5,4.25,0.0,400,0,0.0,20000.00000000006,20000.00000000093,0.15419578552246094,32.5,,0.0,-0.0095,0.12480000000000047,0.4516,-0.07330000000000325,-0.0511,-0.4316,-1.6591000000000005,1.4290999999999983,0.21910000000000007,0.0,-0.010900000000006571,0.4516,20000.0
19970,T30TUM_20000_14,S2B_MSIL2A_20230615T110629_R137_T30TUM_20230615T205813,20,,0.0,0.0201,2.5434,16.3007,78.5722,0.1059,0.3358,1.4271,0.6943,0.0005,0.0,1000000,0,0.0,20000.00000000006,20000.00000000093,0.3885073661804199,2.1219,,0.0,0.0,0.0,0.0,0.0,0.0,0.0,0.0,0.0,0.0,0.0,0.0,0.0,20000.0
19976,T30TUM_20000_14,S2B_MSIL2A_20230615T110629_R137_T30TUM_20230615T205813,50,,0.0,0.02,2.550625,16.306875,78.54625,0.103125,0.34,1.438125,0.694375,0.000625,0.0,160000,0,0.0,20000.00000000006,20000.00000000093,0.2017521858215332,2.133125,,0.0,-9.99999999999994e-05,0.007225000000000037,0.006175000000002484,-0.02594999999999459,-0.0027749999999999997,0.004200000000000037,0.011025000000000063,7.499999999993623e-05,0.000125,0.0,0.01122500000000004,0.02594999999999459,20000.0
19982,T30TUM_20000_14,S2B_MSIL2A_20230615T110629_R137_T30TUM_20230615T205813,100,,0.0,0.0125,2.54,16.305,78.5025,0.11,0.35,1.4825,0.6975,0.0,0.0,40000,0,0.0,20000.00000000006,20000.00000000093,0.15489983558654785,2.1799999999999997,,0.0,-0.007599999999999999,-0.0034000000000000696,0.004300000000000637,-0.06969999999999743,0.004100000000000006,0.01419999999999999,0.055399999999999894,0.0031999999999999806,-0.0005,0.0,0.058099999999999596,0.06969999999999743,20000.0
19988,T30TUM_20000_14,S2B_MSIL2A_20230615T110629_R137_T30TUM_20230615T205813,200,,0.0,0.0,2.54,16.17,78.76,0.11,0.29,1.41,0.72,0.0,0.0,10000,0,0.0,20000.00000000006,20000.00000000093,0.16531705856323242,2.13,,0.0,-0.0201,-0.0034000000000000696,-0.13069999999999737,0.18780000000000996,0.004100000000000006,-0.04580000000000001,-0.017100000000000115,0.025699999999999945,-0.0005,0.0,0.008099999999999774,0.18780000000000996,20000.0
19994,T30TUM_20000_14,S2B_MSIL2A_20230615T110629_R137_T30TUM_20230615T205813,500,,0.0,0.0,2.4375,16.8125,78.25,0.0625,0.3125,1.5625,0.5625,0.0,0.0,1600,0,0.0,20000.00000000006,20000.00000000093,0.2724792957305908,2.125,,0.0,-0.0201,-0.1059000000000001,0.5118000000000009,-0.32219999999999516,-0.043399999999999994,-0.023299999999999987,0.13539999999999996,-0.13180000000000003,-0.0005,0.0,0.0030999999999998806,0.5118000000000009,20000.0
20000,T30TUM_20000_14,S2B_MSIL2A_20230615T110629_R137_T30TUM_20230615T205813,1000,,0.0,0.0,2.5,17.5,77.75,0.0,0.25,1.25,0.75,0.0,0.0,400,0,0.0,20000.00000000006,20000.00000000093,0.15419578552246094,2.0,,0.0,-0.0201,-0.043400000000000105,1.199300000000001,-0.8221999999999952,-0.1059,-0.08579999999999999,-0.17710000000000004,0.05569999999999997,-0.0005,0.0,-0.12190000000000012,1.199300000000001,20000.0
19972,T30TUM_20000_14,S2B_MSIL2A_20230625T110619_R137_T30TUM_20230625T164707,20,,0.0,0.0054,4.8264,14.5768,73.9079,0.1092,0.1433,2.6503,3.7556,0.0251,0.0,1000000,0,0.0,20000.00000000006,20000.00000000093,0.3885073661804199,6.431,,0.0,0.0,0.0,0.0,0.0,0.0,0.0,0.0,0.0,0.0,0.0,0.0,0.0,20000.0
19978,T30TUM_20000_14,S2B_MSIL2A_20230625T110619_R137_T30TUM_20230625T164707,50,,0.0,0.00625,4.85125,14.6175,73.83,0.10875,0.1425,2.641875,3.78,0.021875,0.0,160000,0,0.0,20000.00000000006,20000.00000000093,0.2017521858215332,6.44375,,0.0,0.0008500000000000001,0.024850000000000705,0.04069999999999929,-0.07789999999999964,-0.00045000000000000595,-0.0008000000000000229,-0.008424999999999905,0.024399999999999977,-0.003225000000000002,0.0,0.012749999999999595,0.07789999999999964,20000.0
19984,T30TUM_20000_14,S2B_MSIL2A_20230625T110619_R137_T30TUM_20230625T164707,100,,0.0,0.0075,4.925,14.5325,73.8425,0.1125,0.1475,2.655,3.7575,0.02,0.0,40000,0,0.0,20000.00000000006,20000.00000000093,0.15489983558654785,6.432499999999999,,0.0,0.0020999999999999994,0.09860000000000024,-0.044299999999999784,-0.0653999999999968,0.0032999999999999974,0.0041999999999999815,0.004699999999999704,0.0019000000000000128,-0.0051,0.0,0.0014999999999991687,0.09860000000000024,20000.0
19990,T30TUM_20000_14,S2B_MSIL2A_20230625T110619_R137_T30TUM_20230625T164707,200,,0.0,0.01,4.83,14.53,73.91,0.12,0.11,2.78,3.68,0.03,0.0,10000,0,0.0,20000.00000000006,20000.00000000093,0.16531705856323242,6.49,,0.0,0.0046,0.0036000000000004917,-0.04680000000000106,0.0020999999999986585,0.01079999999999999,-0.03330000000000001,0.1296999999999997,-0.07559999999999967,0.004899999999999998,0.0,0.05900000000000016,0.05900000000000016,20000.0
19996,T30TUM_20000_14,S2B_MSIL2A_20230625T110619_R137_T30TUM_20230625T164707,500,,0.0,0.0,5.0625,15.625,72.6875,0.0625,0.125,2.375,4.0,0.0625,0.0,1600,0,0.0,20000.00000000006,20000.00000000093,0.2724792957305908,6.4375,,0.0,-0.0054,0.23610000000000042,1.0481999999999996,-1.220399999999998,-0.046700000000000005,-0.01830000000000001,-0.2753000000000001,0.24440000000000017,0.0374,0.0,0.00649999999999995,1.220399999999998,20000.0
20002,T30TUM_20000_14,S2B_MSIL2A_20230625T110619_R137_T30TUM_20230625T164707,1000,,0.0,0.0,5.25,14.5,73.25,0.25,0.75,2.75,3.25,0.0,0.0,400,0,0.0,20000.00000000006,20000.00000000093,0.15419578552246094,6.0,,0.0,-0.0054,0.4236000000000004,-0.07680000000000042,-0.6578999999999979,0.14079999999999998,0.6067,0.0996999999999999,-0.5055999999999998,-0.0251,0.0,-0.43100000000000005,0.6578999999999979,20000.0
20005,T30TUM_20000_15,S2A_MSIL2A_20230610T110621_R137_T30TUM_20230610T202756,20,,0.0,0.0,0.9339,1.2572,6.5473,0.0113,2.2365,39.9221,43.4225,5.6692,0.0,1000000,0,0.0,20000.0,20000.0,0.3980286121368408,89.0138,,0.0,0.0,0.0,0.0,0.0,0.0,0.0,0.0,0.0,0.0,0.0,0.0,0.0,20000.0
20011,T30TUM_20000_15,S2A_MSIL2A_20230610T110621_R137_T30TUM_20230610T202756,50,,0.0,0.0,0.93375,1.2625,6.545625,0.011875,2.210625,39.840625,43.505625,5.689375,0.0,160000,0,0.0,20000.0,20000.0,0.42059326171875,89.035625,,0.0,0.0,-0.00014999999999998348,0.00529999999999986,-0.001674999999999649,0.0005750000000000009,-0.025875000000000092,-0.08147499999999752,0.08312500000000256,0.020175000000000054,0.0,0.021824999999992656,0.025875000000000092,20000.0
20017,T30TUM_20000_15,S2A_MSIL2A_20230610T110621_R137_T30TUM_20230610T202756,100,,0.0,0.0,0.95,1.2725,6.5075,0.0125,2.25,39.7575,43.5475,5.7025,0.0,40000,0,0.0,20000.0,20000.0,0.2415616512298584,89.00750000000001,,0.0,0.0,0.016100000000000003,0.01529999999999987,-0.03979999999999961,0.0012000000000000014,0.013500000000000068,-0.16460000000000008,0.125,0.03329999999999966,0.0,-0.0062999999999959755,0.03979999999999961,20000.0
20023,T30TUM_20000_15,S2A_MSIL2A_20230610T110621_R137_T30TUM_20230610T202756,200,,0.0,0.0,0.95,1.1,6.52,0.02,2.22,40.04,43.5,5.65,0.0,10000,0,0.0,20000.0,20000.0,0.19372129440307617,89.19,,0.0,0.0,0.016100000000000003,-0.1572,-0.027300000000000324,0.008700000000000001,-0.016499999999999737,0.11789999999999878,0.07750000000000057,-0.019199999999999662,0.0,0.17619999999999436,0.17619999999999436,20000.0
20029,T30TUM_20000_15,S2A_MSIL2A_20230610T110621_R137_T30TUM_20230610T202756,500,,0.0,0.0,1.375,1.3125,6.0,0.0,2.3125,40.5625,43.0625,5.375,0.0,1600,0,0.0,20000.0,20000.0,0.5906081199645996,89.0,,0.0,0.0,0.44110000000000005,0.055299999999999905,-0.5472999999999999,-0.0113,0.07600000000000007,0.6403999999999996,-0.35999999999999943,-0.2942,0.0,-0.013800000000003365,0.5472999999999999,20000.0
20035,T30TUM_20000_15,S2A_MSIL2A_20230610T110621_R137_T30TUM_20230610T202756,1000,,0.0,0.0,0.75,1.25,5.5,0.0,2.75,39.5,44.0,6.25,0.0,400,0,0.0,20000.0,20000.0,0.26186347007751465,89.75,,0.0,0.0,-0.18389999999999995,-0.007200000000000095,-1.0473,-0.0113,0.5135000000000001,-0.42210000000000036,0.5775000000000006,0.5808,0.0,0.7361999999999966,1.0473,20000.0
20007,T30TUM_20000_15,S2A_MSIL2A_20230620T110621_R137_T30TUM_20230620T202552,20,,0.0,0.0002,2.049,2.8797,18.3318,0.0013,4.3807,15.6639,54.8602,1.8332,0.0,1000000,0,0.0,20000.0,20000.0,0.3980286121368408,72.35730000000001,,0.0,0.0,0.0,0.0,0.0,0.0,0.0,0.0,0.0,0.0,0.0,0.0,0.0,20000.0
20013,T30TUM_20000_15,S2A_MSIL2A_20230620T110621_R137_T30TUM_20230620T202552,50,,0.0,0.000625,2.0225,2.88375,18.273125,0.0,4.376875,15.685625,54.940625,1.816875,0.0,160000,0,0.0,20000.0,20000.0,0.42059326171875,72.443125,,0.0,0.00042500000000000003,-0.026499999999999968,0.004049999999999887,-0.05867500000000092,-0.0013,-0.0038249999999999673,0.021724999999999994,0.08042499999999819,-0.016324999999999923,0.0,0.08582499999998561,0.08582499999998561,20000.0
20019,T30TUM_20000_15,S2A_MSIL2A_20230620T110621_R137_T30TUM_20230620T202552,100,,0.0,0.0,2.035,2.84,18.2575,0.0,4.295,15.6075,55.1725,1.7925,0.0,40000,0,0.0,20000.0,20000.0,0.2415616512298584,72.5725,,0.0,-0.0002,-0.01399999999999979,-0.03970000000000029,-0.07430000000000092,-0.0013,-0.08570000000000011,-0.056400000000000006,0.31230000000000047,-0.04069999999999996,0.0,0.21519999999999584,0.21519999999999584,20000.0
20025,T30TUM_20000_15,S2A_MSIL2A_20230620T110621_R137_T30TUM_20230620T202552,200,,0.0,0.0,1.97,2.84,18.04,0.0,4.28,15.65,55.34,1.88,0.0,10000,0,0.0,20000.0,20000.0,0.19372129440307617,72.87,,0.0,-0.0002,-0.07899999999999996,-0.03970000000000029,-0.29180000000000206,-0.0013,-0.10069999999999979,-0.01389999999999958,0.47980000000000445,0.04679999999999995,0.0,0.5126999999999953,0.5126999999999953,20000.0
20031,T30TUM_20000_15,S2A_MSIL2A_20230620T110621_R137_T30TUM_20230620T202552,500,,0.0,0.0,1.5625,2.8125,17.875,0.0,4.8125,13.875,57.1875,1.875,0.0,1600,0,0.0,20000.0,20000.0,0.5906081199645996,72.9375,,0.0,-0.0002,-0.48649999999999993,-0.06720000000000015,-0.4568000000000012,-0.0013,0.43179999999999996,-1.7889,2.327300000000001,0.04180000000000006,0.0,0.5801999999999907,0.5801999999999907,20000.0
20037,T30TUM_20000_15,S2A_MSIL2A_20230620T110621_R137_T30TUM_20230620T202552,1000,,0.0,0.0,1.75,3.5,18.75,0.0,4.0,14.75,56.5,0.75,0.0,400,0,0.0,20000.0,20000.0,0.26186347007751465,72.0,,0.0,-0.0002,-0.29899999999999993,0.6202999999999999,0.4181999999999988,-0.0013,-0.38070000000000004,-0.9138999999999999,1.639800000000001,-1.0832,0.0,-0.3573000000000093,0.6202999999999999,20000.0
20009,T30TUM_20000_15,S2A_MSIL2A_20230630T110621_R137_T30TUM_20230630T203024,20,,0.0,0.012,0.0,13.0389,86.8766,0.0005,0.0362,0.0,0.0,0.0358,0.0,1000000,0,0.0,20000.0,20000.0,0.3980286121368408,0.0358,,0.0,0.0,0.0,0.0,0.0,0.0,0.0,0.0,0.0,0.0,0.0,0.0,0.0,20000.0
20015,T30TUM_20000_15,S2A_MSIL2A_20230630T110621_R137_T30TUM_20230630T203024,50,,0.0,0.011875,0.0,13.050625,86.865,0.00125,0.03625,0.0,0.0,0.035,0.0,160000,0,0.0,20000.0,20000.0,0.42059326171875,0.035,,0.0,-0.0001250000000000001,0.0,0.011725000000000207,-0.011600000000001387,0.00075,4.999999999999449e-05,0.0,0.0,-0.0007999999999999952,0.0,-0.0007999999999999952,0.011725000000000207,20000.0
20021,T30TUM_20000_15,S2A_MSIL2A_20230630T110621_R137_T30TUM_20230630T203024,100,,0.0,0.0125,0.0,13.1625,86.75,0.0,0.0375,0.0,0.0,0.0375,0.0,40000,0,0.0,20000.0,20000.0,0.2415616512298584,0.0375,,0.0,0.0005000000000000004,0.0,0.12359999999999971,-0.12659999999999627,-0.0005,0.0012999999999999956,0.0,0.0,0.0017000000000000001,0.0,0.0017000000000000001,0.12659999999999627,20000.0
20027,T30TUM_20000_15,S2A_MSIL2A_20230630T110621_R137_T30TUM_20230630T203024,200,,0.0,0.01,0.0,12.99,86.93,0.0,0.02,0.0,0.0,0.05,0.0,10000,0,0.0,20000.0,20000.0,0.19372129440307617,0.05,,0.0,-0.002,0.0,-0.04889999999999972,0.05340000000001055,-0.0005,-0.016200000000000003,0.0,0.0,0.014200000000000004,0.0,0.014200000000000004,0.05340000000001055,20000.0
20033,T30TUM_20000_15,S2A_MSIL2A_20230630T110621_R137_T30TUM_20230630T203024,500,,0.0,0.0625,0.0,14.125,85.75,0.0,0.0625,0.0,0.0,0.0,0.0,1600,0,0.0,20000.0,20000.0,0.5906081199645996,0.0,,0.0,0.0505,0.0,1.0861,-1.1265999999999963,-0.0005,0.026299999999999997,0.0,0.0,-0.0358,0.0,-0.0358,1.1265999999999963,20000.0
20039,T30TUM_20000_15,S2A_MSIL2A_20230630T110621_R137_T30TUM_20230630T203024,1000,,0.0,0.0,0.0,10.25,89.75,0.0,0.0,0.0,0.0,0.0,0.0,400,0,0.0,20000.0,20000.0,0.26186347007751465,0.0,,0.0,-0.012,0.0,-2.7889,2.8734000000000037,-0.0005,-0.0362,0.0,0.0,-0.0358,0.0,-0.0358,2.8734000000000037,20000.0
20004,T30TUM_20000_15,S2B_MSIL2A_20230605T110619_R137_T30TUM_20230605T163049,20,,0.0,0.0159,5.4701,13.7591,57.6529,0.0005,0.3952,6.0711,5.6084,11.0268,0.0,1000000,0,0.0,20000.0,20000.0,0.3980286121368408,22.7063,,0.0,0.0,0.0,0.0,0.0,0.0,0.0,0.0,0.0,0.0,0.0,0.0,0.0,20000.0
20010,T30TUM_20000_15,S2B_MSIL2A_20230605T110619_R137_T30TUM_20230605T163049,50,,0.0,0.015625,5.425625,13.7775,57.648125,0.000625,0.4025,6.09,5.606875,11.033125,0.0,160000,0,0.0,20000.0,20000.0,0.42059326171875,22.729999999999997,,0.0,-0.00027500000000000094,-0.044475000000000264,0.01839999999999975,-0.004775000000002194,0.000125,0.007300000000000029,0.018899999999999473,-0.0015249999999999986,0.006325000000000358,0.0,0.023699999999998056,0.044475000000000264,20000.0
20016,T30TUM_20000_15,S2B_MSIL2A_20230605T110619_R137_T30TUM_20230605T163049,100,,0.0,0.0175,5.4175,13.7125,57.725,0.0,0.34,6.04,5.66,11.0875,0.0,40000,0,0.0,20000.0,20000.0,0.2415616512298584,22.7875,,0.0,0.0016000000000000007,-0.05259999999999998,-0.04659999999999975,0.07209999999999894,-0.0005,-0.05519999999999997,-0.03110000000000035,0.051600000000000534,0.06070000000000064,0.0,0.0812000000000026,0.0812000000000026,20000.0
20022,T30TUM_20000_15,S2B_MSIL2A_20230605T110619_R137_T30TUM_20230605T163049,200,,0.0,0.01,5.39,13.85,57.63,0.0,0.44,6.06,5.55,11.07,0.0,10000,0,0.0,20000.0,20000.0,0.19372129440307617,22.68,,0.0,-0.005900000000000001,-0.08010000000000073,0.09089999999999954,-0.02289999999999992,-0.0005,0.044800000000000006,-0.011100000000000776,-0.058399999999999785,0.04320000000000057,0.0,-0.026299999999999102,0.09089999999999954,20000.0
20028,T30TUM_20000_15,S2B_MSIL2A_20230605T110619_R137_T30TUM_20230605T163049,500,,0.0,0.0625,5.375,15.1875,57.25,0.0,0.375,5.1875,5.6875,10.875,0.0,1600,0,0.0,20000.0,20000.0,0.5906081199645996,21.75,,0.0,0.0466,-0.0951000000000004,1.4284,-0.4029000000000025,-0.0005,-0.020199999999999996,-0.8836000000000004,0.07910000000000039,-0.1517999999999997,0.0,-0.9562999999999988,1.4284,20000.0
20034,T30TUM_20000_15,S2B_MSIL2A_20230605T110619_R137_T30TUM_20230605T163049,1000,,0.0,0.0,4.0,14.0,57.0,0.0,0.5,7.5,6.25,10.75,0.0,400,0,0.0,20000.0,20000.0,0.26186347007751465,24.5,,0.0,-0.0159,-1.4701000000000004,0.2408999999999999,-0.6529000000000025,-0.0005,0.1048,1.4288999999999996,0.6416000000000004,-0.2767999999999997,0.0,1.7937000000000012,1.7937000000000012,20000.0
20006,T30TUM_20000_15,S2B_MSIL2A_20230615T110629_R137_T30TUM_20230615T205813,20,,0.0,0.0235,0.0,18.9742,80.8528,0.0475,0.102,0.0,0.0,0.0,0.0,1000000,0,0.0,20000.0,20000.0,0.3980286121368408,0.0,,0.0,0.0,0.0,0.0,0.0,0.0,0.0,0.0,0.0,0.0,0.0,0.0,0.0,20000.0
20012,T30TUM_20000_15,S2B_MSIL2A_20230615T110629_R137_T30TUM_20230615T205813,50,,0.0,0.025,0.0,18.968125,80.86375,0.04625,0.096875,0.0,0.0,0.0,0.0,160000,0,0.0,20000.0,20000.0,0.42059326171875,0.0,,0.0,0.0015000000000000013,0.0,-0.006074999999999164,0.01094999999999402,-0.0012500000000000011,-0.005124999999999991,0.0,0.0,0.0,0.0,0.0,0.01094999999999402,20000.0
20018,T30TUM_20000_15,S2B_MSIL2A_20230615T110629_R137_T30TUM_20230615T205813,100,,0.0,0.0275,0.0,19.0175,80.7925,0.05,0.1125,0.0,0.0,0.0,0.0,40000,0,0.0,20000.0,20000.0,0.2415616512298584,0.0,,0.0,0.004,0.0,0.04329999999999856,-0.06029999999999802,0.0025000000000000022,0.01050000000000001,0.0,0.0,0.0,0.0,0.0,0.06029999999999802,20000.0
20024,T30TUM_20000_15,S2B_MSIL2A_20230615T110629_R137_T30TUM_20230615T205813,200,,0.0,0.0,0.0,18.92,80.95,0.06,0.07,0.0,0.0,0.0,0.0,10000,0,0.0,20000.0,20000.0,0.19372129440307617,0.0,,0.0,-0.0235,0.0,-0.05419999999999803,0.09720000000000084,0.012499999999999997,-0.03199999999999999,0.0,0.0,0.0,0.0,0.0,0.09720000000000084,20000.0
20030,T30TUM_20000_15,S2B_MSIL2A_20230615T110629_R137_T30TUM_20230615T205813,500,,0.0,0.0625,0.0,19.4375,80.375,0.0,0.125,0.0,0.0,0.0,0.0,1600,0,0.0,20000.0,20000.0,0.5906081199645996,0.0,,0.0,0.039,0.0,0.46330000000000027,-0.477800000000002,-0.0475,0.023000000000000007,0.0,0.0,0.0,0.0,0.0,0.477800000000002,20000.0
20036,T30TUM_20000_15,S2B_MSIL2A_20230615T110629_R137_T30TUM_20230615T205813,1000,,0.0,0.0,0.0,19.25,80.75,0.0,0.0,0.0,0.0,0.0,0.0,400,0,0.0,20000.0,20000.0,0.26186347007751465,0.0,,0.0,-0.0235,0.0,0.27580000000000027,-0.102800000000002,-0.0475,-0.102,0.0,0.0,0.0,0.0,0.0,0.27580000000000027,20000.0
20008,T30TUM_20000_15,S2B_MSIL2A_20230625T110619_R137_T30TUM_20230625T164707,20,,0.0,0.0166,0.0,16.7646,83.118,0.042,0.0588,0.0,0.0,0.0,0.0,1000000,0,0.0,20000.0,20000.0,0.3980286121368408,0.0,,0.0,0.0,0.0,0.0,0.0,0.0,0.0,0.0,0.0,0.0,0.0,0.0,0.0,20000.0
20014,T30TUM_20000_15,S2B_MSIL2A_20230625T110619_R137_T30TUM_20230625T164707,50,,0.0,0.018125,0.0,16.73375,83.14375,0.0425,0.061875,0.0,0.0,0.0,0.0,160000,0,0.0,20000.0,20000.0,0.42059326171875,0.0,,0.0,0.0015249999999999986,0.0,-0.030850000000000932,0.02575000000000216,0.0005000000000000004,0.0030750000000000013,0.0,0.0,0.0,0.0,0.0,0.030850000000000932,20000.0
20020,T30TUM_20000_15,S2B_MSIL2A_20230625T110619_R137_T30TUM_20230625T164707,100,,0.0,0.02,0.0,16.8225,83.045,0.0475,0.065,0.0,0.0,0.0,0.0,40000,0,0.0,20000.0,20000.0,0.2415616512298584,0.0,,0.0,0.0034000000000000002,0.0,0.05790000000000006,-0.07299999999999329,0.005499999999999998,0.006200000000000004,0.0,0.0,0.0,0.0,0.0,0.07299999999999329,20000.0
20026,T30TUM_20000_15,S2B_MSIL2A_20230625T110619_R137_T30TUM_20230625T164707,200,,0.0,0.0,0.0,16.73,83.16,0.06,0.05,0.0,0.0,0.0,0.0,10000,0,0.0,20000.0,20000.0,0.19372129440307617,0.0,,0.0,-0.0166,0.0,-0.034600000000001074,0.04200000000000159,0.017999999999999995,-0.008799999999999995,0.0,0.0,0.0,0.0,0.0,0.04200000000000159,20000.0
20032,T30TUM_20000_15,S2B_MSIL2A_20230625T110619_R137_T30TUM_20230625T164707,500,,0.0,0.0625,0.0,17.75,82.0625,0.0,0.125,0.0,0.0,0.0,0.0,1600,0,0.0,20000.0,20000.0,0.5906081199645996,0.0,,0.0,0.045899999999999996,0.0,0.9853999999999985,-1.055499999999995,-0.042,0.06620000000000001,0.0,0.0,0.0,0.0,0.0,1.055499999999995,20000.0
20038,T30TUM_20000_15,S2B_MSIL2A_20230625T110619_R137_T30TUM_20230625T164707,1000,,0.0,0.0,0.0,16.75,83.25,0.0,0.0,0.0,0.0,0.0,0.0,400,0,0.0,20000.0,20000.0,0.26186347007751465,0.0,,0.0,-0.0166,0.0,-0.0146000000000015,0.132000000000005,-0.042,-0.0588,0.0,0.0,0.0,0.0,0.0,0.132000000000005,20000.0
20041,T30TUM_20000_16,S2A_MSIL2A_20230610T110621_R137_T30TUM_20230610T202756,20,,0.0,0.0,0.0,0.0,0.0,0.0,0.0,84.1663,15.7027,0.131,0.0,1000000,0,0.0,20000.0,20000.00000000093,0.3760647773742676,100.0,,0.0,0.0,0.0,0.0,0.0,0.0,0.0,0.0,0.0,0.0,0.0,0.0,0.0,20000.0
20047,T30TUM_20000_16,S2A_MSIL2A_20230610T110621_R137_T30TUM_20230610T202756,50,,0.0,0.0,0.0,0.0,0.0,0.0,0.0,84.204375,15.668125,0.1275,0.0,160000,0,0.0,20000.0,20000.00000000093,0.1849989891052246,100.0,,0.0,0.0,0.0,0.0,0.0,0.0,0.0,0.03807499999999209,-0.034575000000000244,-0.003500000000000003,0.0,0.0,0.0,20000.0
20053,T30TUM_20000_16,S2A_MSIL2A_20230610T110621_R137_T30TUM_20230610T202756,100,,0.0,0.0,0.0,0.0,0.0,0.0,0.0,84.265,15.6075,0.1275,0.0,40000,0,0.0,20000.0,20000.00000000093,0.25313282012939453,100.0,,0.0,0.0,0.0,0.0,0.0,0.0,0.0,0.09869999999999379,-0.09520000000000017,-0.003500000000000003,0.0,0.0,0.0,20000.0
20059,T30TUM_20000_16,S2A_MSIL2A_20230610T110621_R137_T30TUM_20230610T202756,200,,0.0,0.0,0.0,0.0,0.0,0.0,0.0,84.4,15.46,0.14,0.0,10000,0,0.0,20000.0,20000.00000000093,0.8610303401947021,100.00000000000001,,0.0,0.0,0.0,0.0,0.0,0.0,0.0,0.2336999999999989,-0.24269999999999925,0.009000000000000008,0.0,1.4210854715202004e-14,1.4210854715202004e-14,20000.0
20065,T30TUM_20000_16,S2A_MSIL2A_20230610T110621_R137_T30TUM_20230610T202756,500,,0.0,0.0,0.0,0.0,0.0,0.0,0.0,84.875,14.9375,0.1875,0.0,1600,0,0.0,20000.0,20000.00000000093,0.258561372756958,100.0,,0.0,0.0,0.0,0.0,0.0,0.0,0.0,0.7086999999999932,-0.7652000000000001,0.056499999999999995,0.0,0.0,0.0,20000.0
20071,T30TUM_20000_16,S2A_MSIL2A_20230610T110621_R137_T30TUM_20230610T202756,1000,,0.0,0.0,0.0,0.0,0.0,0.0,0.0,86.0,14.0,0.0,0.0,400,0,0.0,20000.0,20000.00000000093,0.24013543128967285,100.0,,0.0,0.0,0.0,0.0,0.0,0.0,0.0,1.8336999999999932,-1.7027,-0.131,0.0,0.0,0.0,20000.0
20043,T30TUM_20000_16,S2A_MSIL2A_20230620T110621_R137_T30TUM_20230620T202552,20,,0.0,0.0045,1.1107,5.8723,29.3633,0.0004,3.1743,16.6516,10.0402,33.7827,0.0,1000000,0,0.0,20000.0,20000.00000000093,0.3760647773742676,60.4745,,0.0,0.0,0.0,0.0,0.0,0.0,0.0,0.0,0.0,0.0,0.0,0.0,0.0,20000.0
20049,T30TUM_20000_16,S2A_MSIL2A_20230620T110621_R137_T30TUM_20230620T202552,50,,0.0,0.005,1.11125,5.844375,29.405,0.0,3.188125,16.668125,10.070625,33.7075,0.0,160000,0,0.0,20000.0,20000.00000000093,0.1849989891052246,60.446250000000006,,0.0,0.0005000000000000004,0.0005500000000000504,-0.027924999999999756,0.04170000000000229,-0.0004,0.013824999999999754,0.016525000000001455,0.030424999999999258,-0.07519999999999527,0.0,-0.02824999999999278,0.04170000000000229,20000.0
20055,T30TUM_20000_16,S2A_MSIL2A_20230620T110621_R137_T30TUM_20230620T202552,100,,0.0,0.005,1.1275,5.8125,29.3975,0.0025,3.2275,16.715,10.12,33.5925,0.0,40000,0,0.0,20000.0,20000.00000000093,0.25313282012939453,60.4275,,0.0,0.0005000000000000004,0.016799999999999926,-0.059800000000000075,0.03420000000000201,0.0021,0.053199999999999914,0.06340000000000146,0.07979999999999876,-0.19019999999999726,0.0,-0.046999999999997044,0.059800000000000075,20000.0
20061,T30TUM_20000_16,S2A_MSIL2A_20230620T110621_R137_T30TUM_20230620T202552,200,,0.0,0.0,1.13,5.73,29.76,0.0,3.19,16.75,10.19,33.25,0.0,10000,0,0.0,20000.0,20000.00000000093,0.8610303401947021,60.19,,0.0,-0.0045,0.019299999999999873,-0.14229999999999965,0.3967000000000027,-0.0004,0.015699999999999825,0.0984000000000016,0.14979999999999905,-0.5326999999999984,0.0,-0.2845000000000013,0.3967000000000027,20000.0
20067,T30TUM_20000_16,S2A_MSIL2A_20230620T110621_R137_T30TUM_20230620T202552,500,,0.0,0.0,1.0625,6.625,28.375,0.0,3.375,16.25,11.0,33.3125,0.0,1600,0,0.0,20000.0,20000.00000000093,0.258561372756958,60.5625,,0.0,-0.0045,-0.04820000000000002,0.7526999999999999,-0.9882999999999988,-0.0004,0.20069999999999988,-0.4015999999999984,0.9597999999999995,-0.4701999999999984,0.0,0.08800000000000097,0.9882999999999988,20000.0
20073,T30TUM_20000_16,S2A_MSIL2A_20230620T110621_R137_T30TUM_20230620T202552,1000,,0.0,0.0,0.75,6.25,27.75,0.0,3.75,16.75,10.25,34.5,0.0,400,0,0.0,20000.0,20000.00000000093,0.24013543128967285,61.5,,0.0,-0.0045,-0.3607,0.3776999999999999,-1.6132999999999988,-0.0004,0.5756999999999999,0.0984000000000016,0.20979999999999954,0.7173000000000016,0.0,1.025500000000001,1.6132999999999988,20000.0
20045,T30TUM_20000_16,S2A_MSIL2A_20230630T110621_R137_T30TUM_20230630T203024,20,,0.0,0.0043,0.0,17.867,82.0293,0.0014,0.0975,0.0005,0.0,0.0,0.0,1000000,0,0.0,20000.0,20000.00000000093,0.3760647773742676,0.0005,,0.0,0.0,0.0,0.0,0.0,0.0,0.0,0.0,0.0,0.0,0.0,0.0,0.0,20000.0
20051,T30TUM_20000_16,S2A_MSIL2A_20230630T110621_R137_T30TUM_20230630T203024,50,,0.0,0.00375,0.0,17.79,82.101875,0.00125,0.101875,0.00125,0.0,0.0,0.0,160000,0,0.0,20000.0,20000.00000000093,0.1849989891052246,0.00125,,0.0,-0.0005500000000000001,0.0,-0.07700000000000173,0.0725750000000005,-0.00014999999999999996,0.00437499999999999,0.00075,0.0,0.0,0.0,0.00075,0.07700000000000173,20000.0
20057,T30TUM_20000_16,S2A_MSIL2A_20230630T110621_R137_T30TUM_20230630T203024,100,,0.0,0.0025,0.0,17.635,82.2625,0.0,0.1,0.0,0.0,0.0,0.0,40000,0,0.0,20000.0,20000.00000000093,0.25313282012939453,0.0,,0.0,-0.0018,0.0,-0.23199999999999932,0.23319999999999652,-0.0014,0.0025000000000000022,-0.0005,0.0,0.0,0.0,-0.0005,0.23319999999999652,20000.0
20063,T30TUM_20000_16,S2A_MSIL2A_20230630T110621_R137_T30TUM_20230630T203024,200,,0.0,0.0,0.0,17.69,82.22,0.0,0.09,0.0,0.0,0.0,0.0,10000,0,0.0,20000.0,20000.00000000093,0.8610303401947021,0.0,,0.0,-0.0043,0.0,-0.1769999999999996,0.19069999999999254,-0.0014,-0.007500000000000007,-0.0005,0.0,0.0,0.0,-0.0005,0.19069999999999254,20000.0
20069,T30TUM_20000_16,S2A_MSIL2A_20230630T110621_R137_T30TUM_20230630T203024,500,,0.0,0.0,0.0,18.5625,81.1875,0.0,0.25,0.0,0.0,0.0,0.0,1600,0,0.0,20000.0,20000.00000000093,0.258561372756958,0.0,,0.0,-0.0043,0.0,0.6954999999999991,-0.8418000000000063,-0.0014,0.1525,-0.0005,0.0,0.0,0.0,-0.0005,0.8418000000000063,20000.0
20075,T30TUM_20000_16,S2A_MSIL2A_20230630T110621_R137_T30TUM_20230630T203024,1000,,0.0,0.0,0.0,16.0,84.0,0.0,0.0,0.0,0.0,0.0,0.0,400,0,0.0,20000.0,20000.00000000093,0.24013543128967285,0.0,,0.0,-0.0043,0.0,-1.8670000000000009,1.9706999999999937,-0.0014,-0.0975,-0.0005,0.0,0.0,0.0,-0.0005,1.9706999999999937,20000.0
20040,T30TUM_20000_16,S2B_MSIL2A_20230605T110619_R137_T30TUM_20230605T163049,20,,0.0,0.0014,12.5834,9.8394,55.3098,0.0008,0.3741,11.745,10.1461,0.0,0.0,1000000,0,0.0,20000.0,20000.00000000093,0.3760647773742676,21.8911,,0.0,0.0,0.0,0.0,0.0,0.0,0.0,0.0,0.0,0.0,0.0,0.0,0.0,20000.0
20046,T30TUM_20000_16,S2B_MSIL2A_20230605T110619_R137_T30TUM_20230605T163049,50,,0.0,0.000625,12.60875,9.845625,55.275625,0.000625,0.38,11.7,10.18875,0.0,0.0,160000,0,0.0,20000.0,20000.00000000093,0.1849989891052246,21.88875,,0.0,-0.000775,0.025350000000001316,0.006225000000000591,-0.03417500000000473,-0.00017500000000000003,0.005900000000000016,-0.04499999999999993,0.04265000000000008,0.0,0.0,-0.002349999999999852,0.03417500000000473,20000.0
20052,T30TUM_20000_16,S2B_MSIL2A_20230605T110619_R137_T30TUM_20230605T163049,100,,0.0,0.0,12.635,9.74,55.3625,0.0,0.3625,11.705,10.195,0.0,0.0,40000,0,0.0,20000.0,20000.00000000093,0.25313282012939453,21.9,,0.0,-0.0014,0.051600000000000534,-0.09939999999999927,0.05269999999999442,-0.0008,-0.0116,-0.03999999999999915,0.04889999999999972,0.0,0.0,0.008899999999997021,0.09939999999999927,20000.0
20058,T30TUM_20000_16,S2B_MSIL2A_20230605T110619_R137_T30TUM_20230605T163049,200,,0.0,0.0,12.58,9.51,55.78,0.0,0.42,11.69,10.02,0.0,0.0,10000,0,0.0,20000.0,20000.00000000093,0.8610303401947021,21.71,,0.0,-0.0014,-0.0033999999999991815,-0.3293999999999997,0.4701999999999984,-0.0008,0.045899999999999996,-0.054999999999999716,-0.126100000000001,0.0,0.0,-0.1811000000000007,0.4701999999999984,20000.0
20064,T30TUM_20000_16,S2B_MSIL2A_20230605T110619_R137_T30TUM_20230605T163049,500,,0.0,0.0,13.0,10.0,55.1875,0.0,0.1875,12.0,9.625,0.0,0.0,1600,0,0.0,20000.0,20000.00000000093,0.258561372756958,21.625,,0.0,-0.0014,0.41660000000000075,0.16060000000000052,-0.12230000000000274,-0.0008,-0.1866,0.2550000000000008,-0.5211000000000006,0.0,0.0,-0.26610000000000156,0.41660000000000075,20000.0
20070,T30TUM_20000_16,S2B_MSIL2A_20230605T110619_R137_T30TUM_20230605T163049,1000,,0.0,0.0,11.5,10.25,56.5,0.0,0.25,13.5,8.0,0.0,0.0,400,0,0.0,20000.0,20000.00000000093,0.24013543128967285,21.5,,0.0,-0.0014,-1.0833999999999993,0.4106000000000005,1.1901999999999973,-0.0008,-0.12409999999999999,1.7550000000000008,-2.1461000000000006,0.0,0.0,-0.39110000000000156,1.1901999999999973,20000.0
20042,T30TUM_20000_16,S2B_MSIL2A_20230615T110629_R137_T30TUM_20230615T205813,20,,0.0,0.0121,0.4339,17.1543,81.9636,0.0028,0.2096,0.1817,0.042,0.0,0.0,1000000,0,0.0,20000.0,20000.00000000093,0.3760647773742676,0.2237,,0.0,0.0,0.0,0.0,0.0,0.0,0.0,0.0,0.0,0.0,0.0,0.0,0.0,20000.0
20048,T30TUM_20000_16,S2B_MSIL2A_20230615T110629_R137_T30TUM_20230615T205813,50,,0.0,0.011875,0.435,17.070625,82.03375,0.00375,0.219375,0.186875,0.03875,0.0,0.0,160000,0,0.0,20000.0,20000.00000000093,0.1849989891052246,0.22562500000000002,,0.0,-0.0002249999999999995,0.0010999999999999899,-0.0836749999999995,0.07014999999999816,0.0009499999999999999,0.009774999999999978,0.005175000000000013,-0.003250000000000003,0.0,0.0,0.00192500000000001,0.0836749999999995,20000.0
20054,T30TUM_20000_16,S2B_MSIL2A_20230615T110629_R137_T30TUM_20230615T205813,100,,0.0,0.01,0.425,16.99,82.14,0.0,0.205,0.1775,0.0525,0.0,0.0,40000,0,0.0,20000.0,20000.00000000093,0.25313282012939453,0.22999999999999998,,0.0,-0.0020999999999999994,-0.008900000000000019,-0.16430000000000078,0.176400000000001,-0.0028,-0.004600000000000021,-0.004200000000000009,0.010499999999999995,0.0,0.0,0.006299999999999972,0.176400000000001,20000.0
20060,T30TUM_20000_16,S2B_MSIL2A_20230615T110629_R137_T30TUM_20230615T205813,200,,0.0,0.02,0.44,16.52,82.63,0.0,0.18,0.18,0.03,0.0,0.0,10000,0,0.0,20000.0,20000.00000000093,0.8610303401947021,0.21,,0.0,0.0079,0.006099999999999994,-0.6342999999999996,0.6663999999999959,-0.0028,-0.029600000000000015,-0.001700000000000007,-0.012000000000000004,0.0,0.0,-0.013700000000000018,0.6663999999999959,20000.0
20066,T30TUM_20000_16,S2B_MSIL2A_20230615T110629_R137_T30TUM_20230615T205813,500,,0.0,0.0,0.375,18.125,81.125,0.0,0.125,0.1875,0.0625,0.0,0.0,1600,0,0.0,20000.0,20000.00000000093,0.258561372756958,0.25,,0.0,-0.0121,-0.05890000000000001,0.9707000000000008,-0.8385999999999996,-0.0028,-0.08460000000000001,0.0058,0.020499999999999997,0.0,0.0,0.02629999999999999,0.9707000000000008,20000.0
20072,T30TUM_20000_16,S2B_MSIL2A_20230615T110629_R137_T30TUM_20230615T205813,1000,,0.0,0.0,0.25,15.75,84.0,0.0,0.0,0.0,0.0,0.0,0.0,400,0,0.0,20000.0,20000.00000000093,0.24013543128967285,0.0,,0.0,-0.0121,-0.1839,-1.4042999999999992,2.0364000000000004,-0.0028,-0.2096,-0.1817,-0.042,0.0,0.0,-0.2237,2.0364000000000004,20000.0
20044,T30TUM_20000_16,S2B_MSIL2A_20230625T110619_R137_T30TUM_20230625T164707,20,,0.0,0.0008,0.0,18.0841,81.8761,0.0,0.039,0.0,0.0,0.0,0.0,1000000,0,0.0,20000.0,20000.00000000093,0.3760647773742676,0.0,,0.0,0.0,0.0,0.0,0.0,0.0,0.0,0.0,0.0,0.0,0.0,0.0,0.0,20000.0
20050,T30TUM_20000_16,S2B_MSIL2A_20230625T110619_R137_T30TUM_20230625T164707,50,,0.0,0.000625,0.0,17.98375,81.975,0.0,0.040625,0.0,0.0,0.0,0.0,160000,0,0.0,20000.0,20000.00000000093,0.1849989891052246,0.0,,0.0,-0.00017500000000000003,0.0,-0.10034999999999883,0.09890000000000043,0.0,0.0016250000000000014,0.0,0.0,0.0,0.0,0.0,0.10034999999999883,20000.0
20056,T30TUM_20000_16,S2B_MSIL2A_20230625T110619_R137_T30TUM_20230625T164707,100,,0.0,0.0,0.0,17.825,82.135,0.0,0.04,0.0,0.0,0.0,0.0,40000,0,0.0,20000.0,20000.00000000093,0.25313282012939453,0.0,,0.0,-0.0008,0.0,-0.2591000000000001,0.25890000000001123,0.0,0.0010000000000000009,0.0,0.0,0.0,0.0,0.0,0.2591000000000001,20000.0
20062,T30TUM_20000_16,S2B_MSIL2A_20230625T110619_R137_T30TUM_20230625T164707,200,,0.0,0.0,0.0,18.18,81.78,0.0,0.04,0.0,0.0,0.0,0.0,10000,0,0.0,20000.0,20000.00000000093,0.8610303401947021,0.0,,0.0,-0.0008,0.0,0.09590000000000032,-0.09609999999999275,0.0,0.0010000000000000009,0.0,0.0,0.0,0.0,0.0,0.09609999999999275,20000.0
20068,T30TUM_20000_16,S2B_MSIL2A_20230625T110619_R137_T30TUM_20230625T164707,500,,0.0,0.0,0.0,19.375,80.5625,0.0,0.0625,0.0,0.0,0.0,0.0,1600,0,0.0,20000.0,20000.00000000093,0.258561372756958,0.0,,0.0,-0.0008,0.0,1.2909000000000006,-1.3135999999999939,0.0,0.0235,0.0,0.0,0.0,0.0,0.0,1.3135999999999939,20000.0
20074,T30TUM_20000_16,S2B_MSIL2A_20230625T110619_R137_T30TUM_20230625T164707,1000,,0.0,0.0,0.0,15.75,84.25,0.0,0.0,0.0,0.0,0.0,0.0,400,0,0.0,20000.0,20000.00000000093,0.24013543128967285,0.0,,0.0,-0.0008,0.0,-2.3340999999999994,2.373900000000006,0.0,-0.039,0.0,0.0,0.0,0.0,0.0,2.373900000000006,20000.0
20077,T30TUM_20000_17,S2A_MSIL2A_20230610T110621_R137_T30TUN_20230610T203048,20,,0.0,0.0,1.934,4.8129,10.0897,0.0,1.9075,29.9881,48.1114,3.1564,0.0,1000000,0,0.0,20000.0,20000.000000001863,0.45639586448669434,81.25590000000001,,0.0,0.0,0.0,0.0,0.0,0.0,0.0,0.0,0.0,0.0,0.0,0.0,0.0,20000.0
20083,T30TUM_20000_17,S2A_MSIL2A_20230610T110621_R137_T30TUN_20230610T203048,50,,0.0,0.0,1.92375,4.79125,10.03,0.0,1.909375,30.013125,48.17625,3.15625,0.0,160000,0,0.0,20000.0,20000.000000001863,0.327040433883667,81.345625,,0.0,0.0,-0.01024999999999987,-0.02165000000000017,-0.0597000000000012,0.0,0.001875000000000071,0.02502499999999941,0.06484999999999985,-0.0001500000000000945,0.0,0.08972499999998718,0.08972499999998718,20000.0
20089,T30TUM_20000_17,S2A_MSIL2A_20230610T110621_R137_T30TUN_20230610T203048,100,,0.0,0.0,1.9325,4.735,9.915,0.0,1.9375,30.13,48.1875,3.1625,0.0,40000,0,0.0,20000.0,20000.000000001863,0.5922956466674805,81.47999999999999,,0.0,0.0,-0.0014999999999998348,-0.07789999999999964,-0.1747000000000014,0.0,0.030000000000000027,0.1418999999999997,0.07609999999999673,0.006099999999999994,0.0,0.22409999999997865,0.22409999999997865,20000.0
20095,T30TUM_20000_17,S2A_MSIL2A_20230610T110621_R137_T30TUN_20230610T203048,200,,0.0,0.0,2.05,4.93,10.15,0.0,1.7,30.01,48.03,3.13,0.0,10000,0,0.0,20000.0,20000.000000001863,0.22674560546875,81.17,,0.0,0.0,0.11599999999999988,0.11709999999999976,0.0602999999999998,0.0,-0.20750000000000002,0.02190000000000225,-0.08140000000000214,-0.0264000000000002,0.0,-0.08590000000000941,0.20750000000000002,20000.0
20101,T30TUM_20000_17,S2A_MSIL2A_20230610T110621_R137_T30TUN_20230610T203048,500,,0.0,0.0,2.0,5.0625,10.6875,0.0,1.8125,29.3125,48.125,3.0,0.0,1600,0,0.0,20000.0,20000.000000001863,0.3223695755004883,80.4375,,0.0,0.0,0.06600000000000006,0.24960000000000004,0.5977999999999994,0.0,-0.09499999999999997,-0.6755999999999993,0.013599999999996726,-0.1564000000000001,0.0,-0.8184000000000111,0.8184000000000111,20000.0
20107,T30TUM_20000_17,S2A_MSIL2A_20230610T110621_R137_T30TUN_20230610T203048,1000,,0.0,0.0,3.5,5.75,11.25,0.0,2.0,28.5,46.5,2.5,0.0,400,0,0.0,20000.0,20000.000000001863,0.17811107635498047,77.5,,0.0,0.0,1.566,0.9371,1.1602999999999994,0.0,0.09250000000000003,-1.4880999999999993,-1.6114000000000033,-0.6564000000000001,0.0,-3.755900000000011,3.755900000000011,20000.0
20079,T30TUM_20000_17,S2A_MSIL2A_20230620T110621_R137_T30TUN_20230620T202556,20,,0.0,0.0,0.0,2.0499,6.3841,0.0,0.1424,8.5355,51.4958,31.3923,0.0,1000000,0,0.0,20000.0,20000.000000001863,0.45639586448669434,91.4236,,0.0,0.0,0.0,0.0,0.0,0.0,0.0,0.0,0.0,0.0,0.0,0.0,0.0,20000.0
20085,T30TUM_20000_17,S2A_MSIL2A_20230620T110621_R137_T30TUN_20230620T202556,50,,0.0,0.0,0.0,2.05375,6.420625,0.0,0.14,8.544375,51.36,31.48125,0.0,160000,0,0.0,20000.0,20000.000000001863,0.327040433883667,91.385625,,0.0,0.0,0.0,0.003849999999999909,0.03652500000000014,0.0,-0.0023999999999999855,0.008874999999999744,-0.13580000000000325,0.08895000000000053,0.0,-0.03797499999998877,0.03797499999998877,20000.0
20091,T30TUM_20000_17,S2A_MSIL2A_20230620T110621_R137_T30TUN_20230620T202556,100,,0.0,0.0,0.0,2.1025,6.495,0.0,0.135,8.5275,51.08,31.66,0.0,40000,0,0.0,20000.0,20000.000000001863,0.5922956466674805,91.2675,,0.0,0.0,0.0,0.05259999999999998,0.1109,0.0,-0.00739999999999999,-0.008000000000000895,-0.4158000000000044,0.2677000000000014,0.0,-0.15609999999999502,0.15609999999999502,20000.0
20097,T30TUM_20000_17,S2A_MSIL2A_20230620T110621_R137_T30TUN_20230620T202556,200,,0.0,0.0,0.0,2.04,6.53,0.0,0.15,8.38,51.4,31.5,0.0,10000,0,0.0,20000.0,20000.000000001863,0.22674560546875,91.28,,0.0,0.0,0.0,-0.00990000000000002,0.14590000000000014,0.0,0.007599999999999996,-0.15549999999999997,-0.0958000000000041,0.10770000000000124,0.0,-0.14359999999999218,0.14590000000000014,20000.0
20103,T30TUM_20000_17,S2A_MSIL2A_20230620T110621_R137_T30TUN_20230620T202556,500,,0.0,0.0,0.0,1.875,6.75,0.0,0.0625,8.4375,52.0,30.875,0.0,1600,0,0.0,20000.0,20000.000000001863,0.3223695755004883,91.3125,,0.0,0.0,0.0,-0.17490000000000006,0.3658999999999999,0.0,-0.0799,-0.09800000000000075,0.5041999999999973,-0.5172999999999988,0.0,-0.11109999999999332,0.3658999999999999,20000.0
20109,T30TUM_20000_17,S2A_MSIL2A_20230620T110621_R137_T30TUN_20230620T202556,1000,,0.0,0.0,0.0,2.5,6.5,0.0,0.25,8.5,52.25,30.0,0.0,400,0,0.0,20000.0,20000.000000001863,0.17811107635498047,90.75,,0.0,0.0,0.0,0.45009999999999994,0.11589999999999989,0.0,0.1076,-0.03550000000000075,0.7541999999999973,-1.3922999999999988,0.0,-0.6735999999999933,0.6735999999999933,20000.0
20081,T30TUM_20000_17,S2A_MSIL2A_20230630T110621_R137_T30TUN_20230630T203023,20,,0.0,0.0013,0.199,43.6675,55.7773,0.0113,0.3149,0.0285,0.0002,0.0,0.0,1000000,0,0.0,20000.0,20000.000000001863,0.45639586448669434,0.0287,,0.0,0.0,0.0,0.0,0.0,0.0,0.0,0.0,0.0,0.0,0.0,0.0,0.0,20000.0
20087,T30TUM_20000_17,S2A_MSIL2A_20230630T110621_R137_T30TUN_20230630T203023,50,,0.0,0.0025,0.200625,43.625,55.81875,0.011875,0.3175,0.023125,0.000625,0.0,0.0,160000,0,0.0,20000.0,20000.000000001863,0.327040433883667,0.02375,,0.0,0.0012000000000000001,0.0016249999999999876,-0.042499999999996874,0.04145000000000465,0.0005750000000000009,0.002599999999999991,-0.005375000000000001,0.00042500000000000003,0.0,0.0,-0.0049499999999999995,0.042499999999996874,20000.0
20093,T30TUM_20000_17,S2A_MSIL2A_20230630T110621_R137_T30TUN_20230630T203023,100,,0.0,0.0025,0.2,43.62,55.8425,0.01,0.295,0.03,0.0,0.0,0.0,40000,0,0.0,20000.0,20000.000000001863,0.5922956466674805,0.03,,0.0,0.0012000000000000001,0.0010000000000000009,-0.04749999999999943,0.06520000000000437,-0.001299999999999999,-0.01990000000000003,0.0014999999999999979,-0.0002,0.0,0.0,0.001299999999999999,0.06520000000000437,20000.0
20099,T30TUM_20000_17,S2A_MSIL2A_20230630T110621_R137_T30TUN_20230630T203023,200,,0.0,0.0,0.22,43.66,55.74,0.02,0.31,0.05,0.0,0.0,0.0,10000,0,0.0,20000.0,20000.000000001863,0.22674560546875,0.05,,0.0,-0.0013,0.02099999999999999,-0.007500000000000284,-0.03729999999999478,0.008700000000000001,-0.0049000000000000155,0.021500000000000002,-0.0002,0.0,0.0,0.021300000000000003,0.03729999999999478,20000.0
20105,T30TUM_20000_17,S2A_MSIL2A_20230630T110621_R137_T30TUN_20230630T203023,500,,0.0,0.0,0.1875,43.125,56.5,0.0,0.125,0.0625,0.0,0.0,0.0,1600,0,0.0,20000.0,20000.000000001863,0.3223695755004883,0.0625,,0.0,-0.0013,-0.01150000000000001,-0.5424999999999969,0.7227000000000032,-0.0113,-0.1899,0.034,-0.0002,0.0,0.0,0.0338,0.7227000000000032,20000.0
20111,T30TUM_20000_17,S2A_MSIL2A_20230630T110621_R137_T30TUN_20230630T203023,1000,,0.0,0.0,0.0,44.0,55.25,0.25,0.25,0.25,0.0,0.0,0.0,400,0,0.0,20000.0,20000.000000001863,0.17811107635498047,0.25,,0.0,-0.0013,-0.199,0.3325000000000031,-0.5272999999999968,0.2387,-0.06490000000000001,0.2215,-0.0002,0.0,0.0,0.2213,0.5272999999999968,20000.0
20076,T30TUM_20000_17,S2B_MSIL2A_20230605T110619_R137_T30TUN_20230605T165004,20,,0.0,0.002,8.427,26.9766,50.0747,0.0005,0.372,7.5771,6.5701,0.0,0.0,1000000,0,0.0,20000.0,20000.000000001863,0.45639586448669434,14.1472,,0.0,0.0,0.0,0.0,0.0,0.0,0.0,0.0,0.0,0.0,0.0,0.0,0.0,20000.0
20082,T30TUM_20000_17,S2B_MSIL2A_20230605T110619_R137_T30TUN_20230605T165004,50,,0.0,0.003125,8.42625,27.00125,50.06875,0.000625,0.3725,7.543125,6.584375,0.0,0.0,160000,0,0.0,20000.0,20000.000000001863,0.327040433883667,14.1275,,0.0,0.0011250000000000001,-0.0007500000000000284,0.024649999999997618,-0.0059499999999985675,0.000125,0.0005000000000000004,-0.033974999999999866,0.014274999999999594,0.0,0.0,-0.019700000000000273,0.024649999999997618,20000.0
20088,T30TUM_20000_17,S2B_MSIL2A_20230605T110619_R137_T30TUN_20230605T165004,100,,0.0,0.0025,8.425,26.7475,50.2775,0.0025,0.3725,7.5825,6.59,0.0,0.0,40000,0,0.0,20000.0,20000.000000001863,0.5922956466674805,14.1725,,0.0,0.0005,-0.0019999999999988916,-0.22910000000000252,0.20280000000000342,0.002,0.0005000000000000004,0.005399999999999849,0.019899999999999807,0.0,0.0,0.025299999999999656,0.22910000000000252,20000.0
20094,T30TUM_20000_17,S2B_MSIL2A_20230605T110619_R137_T30TUN_20230605T165004,200,,0.0,0.0,8.29,27.22,50.04,0.0,0.42,7.61,6.42,0.0,0.0,10000,0,0.0,20000.0,20000.000000001863,0.22674560546875,14.030000000000001,,0.0,-0.002,-0.13700000000000045,0.24339999999999762,-0.03470000000000084,-0.0005,0.04799999999999999,0.032900000000000595,-0.15010000000000012,0.0,0.0,-0.11719999999999864,0.24339999999999762,20000.0
20100,T30TUM_20000_17,S2B_MSIL2A_20230605T110619_R137_T30TUN_20230605T165004,500,,0.0,0.0,8.25,26.5625,51.0625,0.0,0.125,7.6875,6.3125,0.0,0.0,1600,0,0.0,20000.0,20000.000000001863,0.3223695755004883,14.0,,0.0,-0.002,-0.1769999999999996,-0.41410000000000124,0.9878,-0.0005,-0.247,0.11040000000000028,-0.25760000000000005,0.0,0.0,-0.14719999999999978,0.9878,20000.0
20106,T30TUM_20000_17,S2B_MSIL2A_20230605T110619_R137_T30TUN_20230605T165004,1000,,0.0,0.0,6.75,30.5,49.75,0.0,0.5,5.0,7.5,0.0,0.0,400,0,0.0,20000.0,20000.000000001863,0.17811107635498047,12.5,,0.0,-0.002,-1.6769999999999996,3.5233999999999988,-0.3247,-0.0005,0.128,-2.5770999999999997,0.9299,0.0,0.0,-1.6471999999999998,3.5233999999999988,20000.0
20078,T30TUM_20000_17,S2B_MSIL2A_20230615T110629_R137_T30TUN_20230615T203627,20,,0.0,0.0102,4.2056,38.7172,50.2999,0.0065,0.595,3.8256,2.34,0.0,0.0,1000000,0,0.0,20000.0,20000.000000001863,0.45639586448669434,6.1655999999999995,,0.0,0.0,0.0,0.0,0.0,0.0,0.0,0.0,0.0,0.0,0.0,0.0,0.0,20000.0
20084,T30TUM_20000_17,S2B_MSIL2A_20230615T110629_R137_T30TUN_20230615T203627,50,,0.0,0.01125,4.205,38.591875,50.425625,0.00625,0.591875,3.819375,2.34875,0.0,0.0,160000,0,0.0,20000.0,20000.000000001863,0.327040433883667,6.168125,,0.0,0.0010499999999999989,-0.0005999999999994898,-0.12532499999999658,0.12572499999999565,-0.00024999999999999935,-0.0031249999999999334,-0.006225000000000147,0.008750000000000036,0.0,0.0,0.0025250000000003325,0.12572499999999565,20000.0
20090,T30TUM_20000_17,S2B_MSIL2A_20230615T110629_R137_T30TUN_20230615T203627,100,,0.0,0.0075,4.185,38.7675,50.285,0.005,0.605,3.84,2.305,0.0,0.0,40000,0,0.0,20000.0,20000.000000001863,0.5922956466674805,6.145,,0.0,-0.002700000000000001,-0.02059999999999995,0.05030000000000001,-0.014900000000004354,-0.0014999999999999996,0.010000000000000009,0.014399999999999746,-0.0349999999999997,0.0,0.0,-0.02059999999999995,0.05030000000000001,20000.0
20096,T30TUM_20000_17,S2B_MSIL2A_20230615T110629_R137_T30TUN_20230615T203627,200,,0.0,0.0,4.14,39.02,50.05,0.02,0.62,3.79,2.36,0.0,0.0,10000,0,0.0,20000.0,20000.000000001863,0.22674560546875,6.15,,0.0,-0.0102,-0.06559999999999988,0.30280000000000484,-0.24990000000000379,0.013500000000000002,0.025000000000000022,-0.035600000000000076,0.020000000000000018,0.0,0.0,-0.01559999999999917,0.30280000000000484,20000.0
20102,T30TUM_20000_17,S2B_MSIL2A_20230615T110629_R137_T30TUN_20230615T203627,500,,0.0,0.0,3.75,39.375,50.0625,0.0,0.4375,4.5,1.875,0.0,0.0,1600,0,0.0,20000.0,20000.000000001863,0.3223695755004883,6.375,,0.0,-0.0102,-0.45559999999999956,0.6578000000000017,-0.23740000000000094,-0.0065,-0.15749999999999997,0.6743999999999999,-0.46499999999999986,0.0,0.0,0.20940000000000047,0.6578000000000017,20000.0
20108,T30TUM_20000_17,S2B_MSIL2A_20230615T110629_R137_T30TUN_20230615T203627,1000,,0.0,0.0,4.0,40.5,48.5,0.25,0.25,4.5,2.0,0.0,0.0,400,0,0.0,20000.0,20000.000000001863,0.17811107635498047,6.5,,0.0,-0.0102,-0.20559999999999956,1.7828000000000017,-1.799900000000001,0.2435,-0.345,0.6743999999999999,-0.33999999999999986,0.0,0.0,0.3344000000000005,1.799900000000001,20000.0
20080,T30TUM_20000_17,S2B_MSIL2A_20230625T110619_R137_T30TUN_20230625T165543,20,,0.0,0.0014,0.0,44.9307,54.9801,0.0017,0.0856,0.0005,0.0,0.0,0.0,1000000,0,0.0,20000.0,20000.000000001863,0.45639586448669434,0.0005,,0.0,0.0,0.0,0.0,0.0,0.0,0.0,0.0,0.0,0.0,0.0,0.0,0.0,20000.0
20086,T30TUM_20000_17,S2B_MSIL2A_20230625T110619_R137_T30TUN_20230625T165543,50,,0.0,0.0025,0.0,44.893125,55.015625,0.003125,0.085,0.000625,0.0,0.0,0.0,160000,0,0.0,20000.0,20000.000000001863,0.327040433883667,0.000625,,0.0,0.0011,0.0,-0.03757500000000391,0.03552499999999981,0.0014250000000000003,-0.0005999999999999894,0.000125,0.0,0.0,0.0,0.000125,0.03757500000000391,20000.0
20092,T30TUM_20000_17,S2B_MSIL2A_20230625T110619_R137_T30TUN_20230625T165543,100,,0.0,0.0025,0.0,44.9275,54.985,0.0,0.085,0.0,0.0,0.0,0.0,40000,0,0.0,20000.0,20000.000000001863,0.5922956466674805,0.0,,0.0,0.0011,0.0,-0.0031999999999996476,0.004899999999999238,-0.0017,-0.0005999999999999894,-0.0005,0.0,0.0,0.0,-0.0005,0.004899999999999238,20000.0
20098,T30TUM_20000_17,S2B_MSIL2A_20230625T110619_R137_T30TUN_20230625T165543,200,,0.0,0.0,0.0,45.12,54.79,0.0,0.09,0.0,0.0,0.0,0.0,10000,0,0.0,20000.0,20000.000000001863,0.22674560546875,0.0,,0.0,-0.0014,0.0,0.1892999999999958,-0.19010000000000105,-0.0017,0.004400000000000001,-0.0005,0.0,0.0,0.0,-0.0005,0.19010000000000105,20000.0
20104,T30TUM_20000_17,S2B_MSIL2A_20230625T110619_R137_T30TUN_20230625T165543,500,,0.0,0.0,0.0,44.6875,55.3125,0.0,0.0,0.0,0.0,0.0,0.0,1600,0,0.0,20000.0,20000.000000001863,0.3223695755004883,0.0,,0.0,-0.0014,0.0,-0.24320000000000164,0.3323999999999998,-0.0017,-0.0856,-0.0005,0.0,0.0,0.0,-0.0005,0.3323999999999998,20000.0
20110,T30TUM_20000_17,S2B_MSIL2A_20230625T110619_R137_T30TUN_20230625T165543,1000,,0.0,0.0,0.0,45.75,53.75,0.0,0.5,0.0,0.0,0.0,0.0,400,0,0.0,20000.0,20000.000000001863,0.17811107635498047,0.0,,0.0,-0.0014,0.0,0.8192999999999984,-1.2301000000000002,-0.0017,0.4144,-0.0005,0.0,0.0,0.0,-0.0005,1.2301000000000002,20000.0
20113,T30TUM_20000_18,S2A_MSIL2A_20230610T110621_R137_T30TUM_20230610T202756,20,,0.0,0.0115,9.3788,8.7275,21.2275,0.001,1.5908,19.8312,36.0041,3.2276,0.0,1000000,0,0.0,20000.00000000006,20000.00000000093,0.37917280197143555,59.062900000000006,,0.0,0.0,0.0,0.0,0.0,0.0,0.0,0.0,0.0,0.0,0.0,0.0,0.0,20000.0
20119,T30TUM_20000_18,S2A_MSIL2A_20230610T110621_R137_T30TUM_20230610T202756,50,,0.0,0.013125,9.38625,8.724375,21.239375,0.0,1.6075,19.836875,35.9875,3.205,0.0,160000,0,0.0,20000.00000000006,20000.00000000093,0.6051054000854492,59.029374999999995,,0.0,0.0016249999999999997,0.007450000000000401,-0.003124999999998934,0.011874999999999858,-0.001,0.016699999999999937,0.005675000000000097,-0.016600000000003945,-0.02259999999999973,0.0,-0.03352500000001157,0.03352500000001157,20000.0
20125,T30TUM_20000_18,S2A_MSIL2A_20230610T110621_R137_T30TUM_20230610T202756,100,,0.0,0.015,9.4225,8.725,21.275,0.0,1.54,19.7975,36.0425,3.1825,0.0,40000,0,0.0,20000.00000000006,20000.00000000093,0.2571113109588623,59.022499999999994,,0.0,0.0034999999999999996,0.043699999999999406,-0.0024999999999995026,0.04749999999999943,-0.001,-0.050799999999999956,-0.03369999999999962,0.03839999999999577,-0.045099999999999696,0.0,-0.040400000000012426,0.050799999999999956,20000.0
20131,T30TUM_20000_18,S2A_MSIL2A_20230610T110621_R137_T30TUM_20230610T202756,200,,0.0,0.02,9.54,8.73,21.06,0.0,1.52,19.8,36.31,3.02,0.0,10000,0,0.0,20000.00000000006,20000.00000000093,0.2633814811706543,59.13,,0.0,0.0085,0.16119999999999912,0.002500000000001279,-0.16750000000000043,-0.001,-0.07079999999999997,-0.03119999999999834,0.30590000000000117,-0.20759999999999978,0.0,0.06709999999999638,0.16750000000000043,20000.0
20137,T30TUM_20000_18,S2A_MSIL2A_20230610T110621_R137_T30TUM_20230610T202756,500,,0.0,0.0,9.1875,8.9375,20.6875,0.0,1.375,21.0,36.0,2.8125,0.0,1600,0,0.0,20000.00000000006,20000.00000000093,0.17554235458374023,59.8125,,0.0,-0.0115,-0.19130000000000003,0.21000000000000085,-0.5399999999999991,-0.001,-0.2158,1.168800000000001,-0.004100000000001103,-0.4150999999999998,0.0,0.7495999999999938,0.7495999999999938,20000.0
20143,T30TUM_20000_18,S2A_MSIL2A_20230610T110621_R137_T30TUM_20230610T202756,1000,,0.0,0.0,9.5,9.25,20.5,0.0,0.75,17.75,38.75,3.5,0.0,400,0,0.0,20000.00000000006,20000.00000000093,0.24859833717346191,60.0,,0.0,-0.0115,0.12119999999999997,0.5225000000000009,-0.7274999999999991,-0.001,-0.8408,-2.081199999999999,2.745899999999999,0.2724000000000002,0.0,0.9370999999999938,0.9370999999999938,20000.0
20115,T30TUM_20000_18,S2A_MSIL2A_20230620T110621_R137_T30TUM_20230620T202552,20,,0.0,0.0,0.0,0.0323,0.2938,0.0,0.0005,47.0032,46.5249,6.1453,0.0,1000000,0,0.0,20000.00000000006,20000.00000000093,0.37917280197143555,99.6734,,0.0,0.0,0.0,0.0,0.0,0.0,0.0,0.0,0.0,0.0,0.0,0.0,0.0,20000.0
20121,T30TUM_20000_18,S2A_MSIL2A_20230620T110621_R137_T30TUM_20230620T202552,50,,0.0,0.0,0.0,0.026875,0.299375,0.0,0.000625,47.003125,46.555625,6.114375,0.0,160000,0,0.0,20000.00000000006,20000.00000000093,0.6051054000854492,99.673125,,0.0,0.0,0.0,-0.005425000000000003,0.005574999999999997,0.0,0.000125,-7.500000000248974e-05,0.030724999999996783,-0.03092499999999987,0.0,-0.0002750000000020236,0.005574999999999997,20000.0
20127,T30TUM_20000_18,S2A_MSIL2A_20230620T110621_R137_T30TUM_20230620T202552,100,,0.0,0.0,0.0,0.03,0.29,0.0,0.0,46.8025,46.695,6.1825,0.0,40000,0,0.0,20000.00000000006,20000.00000000093,0.2571113109588623,99.68,,0.0,0.0,0.0,-0.0023000000000000034,-0.0038000000000000256,0.0,-0.0005,-0.20069999999999766,0.17009999999999792,0.037200000000000344,0.0,0.0066000000000059345,0.0066000000000059345,20000.0
20133,T30TUM_20000_18,S2A_MSIL2A_20230620T110621_R137_T30TUM_20230620T202552,200,,0.0,0.0,0.0,0.04,0.37,0.0,0.0,46.85,46.54,6.2,0.0,10000,0,0.0,20000.00000000006,20000.00000000093,0.2633814811706543,99.59,,0.0,0.0,0.0,0.0076999999999999985,0.07619999999999999,0.0,-0.0005,-0.15319999999999823,0.015099999999996783,0.054700000000000415,0.0,-0.08339999999999748,0.08339999999999748,20000.0
20139,T30TUM_20000_18,S2A_MSIL2A_20230620T110621_R137_T30TUM_20230620T202552,500,,0.0,0.0,0.0,0.0625,0.25,0.0,0.0,48.4375,45.3125,5.9375,0.0,1600,0,0.0,20000.00000000006,20000.00000000093,0.17554235458374023,99.6875,,0.0,0.0,0.0,0.030199999999999998,-0.043800000000000006,0.0,-0.0005,1.4343000000000004,-1.2124000000000024,-0.20779999999999976,0.0,0.014099999999999113,0.043800000000000006,20000.0
20145,T30TUM_20000_18,S2A_MSIL2A_20230620T110621_R137_T30TUM_20230620T202552,1000,,0.0,0.0,0.0,0.25,0.5,0.0,0.0,45.75,48.0,5.5,0.0,400,0,0.0,20000.00000000006,20000.00000000093,0.24859833717346191,99.25,,0.0,0.0,0.0,0.2177,0.2062,0.0,-0.0005,-1.2531999999999996,1.4750999999999976,-0.6452999999999998,0.0,-0.4234000000000009,0.4234000000000009,20000.0
20117,T30TUM_20000_18,S2A_MSIL2A_20230630T110621_R137_T30TUM_20230630T203024,20,,0.0,0.0036,0.0,31.4113,68.5673,0.0108,0.006,0.0,0.0,0.001,0.0,1000000,0,0.0,20000.00000000006,20000.00000000093,0.37917280197143555,0.001,,0.0,0.0,0.0,0.0,0.0,0.0,0.0,0.0,0.0,0.0,0.0,0.0,0.0,20000.0
20123,T30TUM_20000_18,S2A_MSIL2A_20230630T110621_R137_T30TUM_20230630T203024,50,,0.0,0.004375,0.0,31.445,68.53375,0.010625,0.005,0.0,0.0,0.00125,0.0,160000,0,0.0,20000.00000000006,20000.00000000093,0.6051054000854492,0.00125,,0.0,0.0007750000000000005,0.0,0.03369999999999962,-0.0335500000000053,-0.0001749999999999998,-0.001,0.0,0.0,0.00025,0.0,0.00025,0.03369999999999962,20000.0
20129,T30TUM_20000_18,S2A_MSIL2A_20230630T110621_R137_T30TUM_20230630T203024,100,,0.0,0.005,0.0,31.7325,68.255,0.0025,0.005,0.0,0.0,0.0,0.0,40000,0,0.0,20000.00000000006,20000.00000000093,0.2571113109588623,0.0,,0.0,0.0014000000000000002,0.0,0.32120000000000104,-0.31230000000000757,-0.0083,-0.001,0.0,0.0,-0.001,0.0,-0.001,0.32120000000000104,20000.0
20135,T30TUM_20000_18,S2A_MSIL2A_20230630T110621_R137_T30TUM_20230630T203024,200,,0.0,0.01,0.0,31.42,68.56,0.01,0.0,0.0,0.0,0.0,0.0,10000,0,0.0,20000.00000000006,20000.00000000093,0.2633814811706543,0.0,,0.0,0.0064,0.0,0.00870000000000104,-0.00730000000000075,-0.0008000000000000004,-0.006,0.0,0.0,-0.001,0.0,-0.001,0.00870000000000104,20000.0
20141,T30TUM_20000_18,S2A_MSIL2A_20230630T110621_R137_T30TUM_20230630T203024,500,,0.0,0.0,0.0,31.1875,68.8125,0.0,0.0,0.0,0.0,0.0,0.0,1600,0,0.0,20000.00000000006,20000.00000000093,0.17554235458374023,0.0,,0.0,-0.0036,0.0,-0.22380000000000067,0.24519999999999698,-0.0108,-0.006,0.0,0.0,-0.001,0.0,-0.001,0.24519999999999698,20000.0
20147,T30TUM_20000_18,S2A_MSIL2A_20230630T110621_R137_T30TUM_20230630T203024,1000,,0.0,0.0,0.0,31.25,68.75,0.0,0.0,0.0,0.0,0.0,0.0,400,0,0.0,20000.00000000006,20000.00000000093,0.24859833717346191,0.0,,0.0,-0.0036,0.0,-0.16130000000000067,0.18269999999999698,-0.0108,-0.006,0.0,0.0,-0.001,0.0,-0.001,0.18269999999999698,20000.0
20112,T30TUM_20000_18,S2B_MSIL2A_20230605T110619_R137_T30TUM_20230605T163049,20,,0.0,0.0362,13.3473,22.9526,44.731,0.0067,0.2691,9.0465,9.6106,0.0,0.0,1000000,0,0.0,20000.00000000006,20000.00000000093,0.37917280197143555,18.6571,,0.0,0.0,0.0,0.0,0.0,0.0,0.0,0.0,0.0,0.0,0.0,0.0,0.0,20000.0
20118,T30TUM_20000_18,S2B_MSIL2A_20230605T110619_R137_T30TUM_20230605T163049,50,,0.0,0.03375,13.38,22.905625,44.683125,0.006875,0.27875,9.0625,9.649375,0.0,0.0,160000,0,0.0,20000.00000000006,20000.00000000093,0.6051054000854492,18.711875,,0.0,-0.002450000000000001,0.03270000000000017,-0.04697499999999977,-0.047875000000004775,0.0001749999999999998,0.009649999999999992,0.016000000000000014,0.03877499999999934,0.0,0.0,0.05477499999999935,0.05477499999999935,20000.0
20124,T30TUM_20000_18,S2B_MSIL2A_20230605T110619_R137_T30TUM_20230605T163049,100,,0.0,0.03,13.42,22.9,44.565,0.0025,0.2875,9.1375,9.6575,0.0,0.0,40000,0,0.0,20000.00000000006,20000.00000000093,0.2571113109588623,18.795,,0.0,-0.006200000000000004,0.07269999999999932,-0.052600000000001756,-0.16600000000000392,-0.004200000000000001,0.018399999999999972,0.0909999999999993,0.04690000000000083,0.0,0.0,0.1379000000000019,0.16600000000000392,20000.0
20130,T30TUM_20000_18,S2B_MSIL2A_20230605T110619_R137_T30TUM_20230605T163049,200,,0.0,0.05,13.41,23.08,44.15,0.0,0.35,9.38,9.58,0.0,0.0,10000,0,0.0,20000.00000000006,20000.00000000093,0.2633814811706543,18.96,,0.0,0.0138,0.06269999999999953,0.12739999999999796,-0.5810000000000031,-0.0067,0.08089999999999997,0.3335000000000008,-0.03059999999999974,0.0,0.0,0.30290000000000106,0.5810000000000031,20000.0
20136,T30TUM_20000_18,S2B_MSIL2A_20230605T110619_R137_T30TUM_20230605T163049,500,,0.0,0.0625,14.0,21.75,44.75,0.0,0.4375,9.0625,9.9375,0.0,0.0,1600,0,0.0,20000.00000000006,20000.00000000093,0.17554235458374023,19.0,,0.0,0.026299999999999997,0.6526999999999994,-1.2026000000000003,0.01899999999999835,-0.0067,0.1684,0.016000000000000014,0.3269000000000002,0.0,0.0,0.3429000000000002,1.2026000000000003,20000.0
20142,T30TUM_20000_18,S2B_MSIL2A_20230605T110619_R137_T30TUM_20230605T163049,1000,,0.0,0.0,13.0,22.5,45.25,0.0,0.0,9.75,9.5,0.0,0.0,400,0,0.0,20000.00000000006,20000.00000000093,0.24859833717346191,19.25,,0.0,-0.0362,-0.3473000000000006,-0.45260000000000034,0.5189999999999984,-0.0067,-0.2691,0.7035,-0.11059999999999981,0.0,0.0,0.5929000000000002,0.5929000000000002,20000.0
20114,T30TUM_20000_18,S2B_MSIL2A_20230615T110629_R137_T30TUM_20230615T205813,20,,0.0,0.0747,6.6242,26.7906,57.4456,0.009,0.2454,4.1162,4.6936,0.0007,0.0,1000000,0,0.0,20000.00000000006,20000.00000000093,0.37917280197143555,8.8105,,0.0,0.0,0.0,0.0,0.0,0.0,0.0,0.0,0.0,0.0,0.0,0.0,0.0,20000.0
20120,T30TUM_20000_18,S2B_MSIL2A_20230615T110629_R137_T30TUM_20230615T205813,50,,0.0,0.07125,6.6475,26.750625,57.433125,0.009375,0.251875,4.128125,4.708125,0.0,0.0,160000,0,0.0,20000.00000000006,20000.00000000093,0.6051054000854492,8.83625,,0.0,-0.0034500000000000086,0.023299999999999876,-0.03997500000000187,-0.012475000000002012,0.00037500000000000033,0.0064750000000000085,0.011924999999999741,0.014524999999999899,-0.0007,0.0,0.025750000000000384,0.03997500000000187,20000.0
20126,T30TUM_20000_18,S2B_MSIL2A_20230615T110629_R137_T30TUM_20230615T205813,100,,0.0,0.0675,6.73,26.955,57.1325,0.0025,0.2525,4.1075,4.75,0.0025,0.0,40000,0,0.0,20000.00000000006,20000.00000000093,0.2571113109588623,8.86,,0.0,-0.007199999999999998,0.10580000000000034,0.164399999999997,-0.3130999999999986,-0.006499999999999999,0.007099999999999995,-0.008700000000000152,0.056400000000000006,0.0018,0.0,0.0495000000000001,0.3130999999999986,20000.0
20132,T30TUM_20000_18,S2B_MSIL2A_20230615T110629_R137_T30TUM_20230615T205813,200,,0.0,0.12,6.83,26.58,57.34,0.01,0.19,4.17,4.76,0.0,0.0,10000,0,0.0,20000.00000000006,20000.00000000093,0.2633814811706543,8.93,,0.0,0.04529999999999999,0.20579999999999998,-0.210600000000003,-0.10559999999999548,0.0010000000000000009,-0.055400000000000005,0.05379999999999985,0.06639999999999979,-0.0007,0.0,0.11950000000000038,0.210600000000003,20000.0
20138,T30TUM_20000_18,S2B_MSIL2A_20230615T110629_R137_T30TUM_20230615T205813,500,,0.0,0.0625,7.0625,25.5,57.5,0.0,0.125,4.375,5.375,0.0,0.0,1600,0,0.0,20000.00000000006,20000.00000000093,0.17554235458374023,9.75,,0.0,-0.012200000000000003,0.4382999999999999,-1.2906000000000013,0.054400000000001114,-0.009,-0.12040000000000001,0.2587999999999999,0.6814,-0.0007,0.0,0.9395000000000007,1.2906000000000013,20000.0
20144,T30TUM_20000_18,S2B_MSIL2A_20230615T110629_R137_T30TUM_20230615T205813,1000,,0.0,0.0,6.5,27.75,56.25,0.0,0.0,4.75,4.75,0.0,0.0,400,0,0.0,20000.00000000006,20000.00000000093,0.24859833717346191,9.5,,0.0,-0.0747,-0.12420000000000009,0.9593999999999987,-1.1955999999999989,-0.009,-0.2454,0.6337999999999999,0.056400000000000006,-0.0007,0.0,0.6895000000000007,1.1955999999999989,20000.0
20116,T30TUM_20000_18,S2B_MSIL2A_20230625T110619_R137_T30TUM_20230625T164707,20,,0.0,0.0002,0.4168,29.2238,70.1876,0.0101,0.0082,0.1172,0.0347,0.0014,0.0,1000000,0,0.0,20000.00000000006,20000.00000000093,0.37917280197143555,0.15330000000000002,,0.0,0.0,0.0,0.0,0.0,0.0,0.0,0.0,0.0,0.0,0.0,0.0,0.0,20000.0
20122,T30TUM_20000_18,S2B_MSIL2A_20230625T110619_R137_T30TUM_20230625T164707,50,,0.0,0.0,0.419375,29.303125,70.108125,0.009375,0.0075,0.116875,0.034375,0.00125,0.0,160000,0,0.0,20000.00000000006,20000.00000000093,0.6051054000854492,0.1525,,0.0,-0.0002,0.002574999999999994,0.07932500000000076,-0.07947500000000218,-0.000725,-0.000700000000000001,-0.00032499999999999196,-0.0003249999999999989,-0.00014999999999999996,0.0,-0.0008000000000000229,0.07947500000000218,20000.0
20128,T30TUM_20000_18,S2B_MSIL2A_20230625T110619_R137_T30TUM_20230625T164707,100,,0.0,0.0,0.435,29.405,69.9875,0.0075,0.0075,0.1275,0.03,0.0,0.0,40000,0,0.0,20000.00000000006,20000.00000000093,0.2571113109588623,0.1575,,0.0,-0.0002,0.018199999999999994,0.18120000000000047,-0.20010000000000616,-0.0026,-0.000700000000000001,0.010300000000000004,-0.004700000000000003,-0.0014,0.0,0.0041999999999999815,0.20010000000000616,20000.0
20134,T30TUM_20000_18,S2B_MSIL2A_20230625T110619_R137_T30TUM_20230625T164707,200,,0.0,0.0,0.46,29.3,70.06,0.01,0.02,0.11,0.03,0.01,0.0,10000,0,0.0,20000.00000000006,20000.00000000093,0.2633814811706543,0.15000000000000002,,0.0,-0.0002,0.043200000000000016,0.07620000000000005,-0.12760000000000105,-9.99999999999994e-05,0.0118,-0.007199999999999998,-0.004700000000000003,0.0086,0.0,-0.0032999999999999974,0.12760000000000105,20000.0
20140,T30TUM_20000_18,S2B_MSIL2A_20230625T110619_R137_T30TUM_20230625T164707,500,,0.0,0.0,0.5625,28.375,70.875,0.0,0.0,0.125,0.0625,0.0,0.0,1600,0,0.0,20000.00000000006,20000.00000000093,0.17554235458374023,0.1875,,0.0,-0.0002,0.1457,-0.8488000000000007,0.6873999999999967,-0.0101,-0.0082,0.007800000000000001,0.0278,-0.0014,0.0,0.03419999999999998,0.8488000000000007,20000.0
20146,T30TUM_20000_18,S2B_MSIL2A_20230625T110619_R137_T30TUM_20230625T164707,1000,,0.0,0.0,0.25,27.5,72.0,0.0,0.0,0.0,0.25,0.0,0.0,400,0,0.0,20000.00000000006,20000.00000000093,0.24859833717346191,0.25,,0.0,-0.0002,-0.1668,-1.7238000000000007,1.8123999999999967,-0.0101,-0.0082,-0.1172,0.2153,-0.0014,0.0,0.09669999999999998,1.8123999999999967,20000.0
20149,T30TUM_20000_19,S2A_MSIL2A_20230610T110621_R137_T30TUM_20230610T202756,20,,0.0,0.0009,2.7795,0.8018,10.7382,0.0048,2.9398,25.3424,50.2603,7.1323,0.0,1000000,0,0.0,19999.99999999994,20000.0,0.4181966781616211,82.735,,0.0,0.0,0.0,0.0,0.0,0.0,0.0,0.0,0.0,0.0,0.0,0.0,0.0,20000.0
20155,T30TUM_20000_19,S2A_MSIL2A_20230610T110621_R137_T30TUM_20230610T202756,50,,0.0,0.000625,2.803125,0.800625,10.784375,0.00625,2.940625,25.3975,50.158125,7.10875,0.0,160000,0,0.0,19999.99999999994,20000.0,0.23485565185546875,82.66437499999999,,0.0,-0.00027499999999999996,0.023625000000000007,-0.001174999999999926,0.046174999999999855,0.0014500000000000008,0.0008249999999998536,0.05509999999999948,-0.10217500000000257,-0.023550000000000182,0.0,-0.07062500000000682,0.07062500000000682,20000.0
20161,T30TUM_20000_19,S2A_MSIL2A_20230610T110621_R137_T30TUM_20230610T202756,100,,0.0,0.0,2.8125,0.8225,10.745,0.005,3.05,25.37,50.0225,7.1725,0.0,40000,0,0.0,19999.99999999994,20000.0,0.30086660385131836,82.565,,0.0,-0.0009,0.03299999999999992,0.02070000000000005,0.006799999999998363,0.00020000000000000052,0.11019999999999985,0.027599999999999625,-0.2378,0.04020000000000046,0.0,-0.1700000000000017,0.1700000000000017,20000.0
20167,T30TUM_20000_19,S2A_MSIL2A_20230610T110621_R137_T30TUM_20230610T202756,200,,0.0,0.01,2.64,0.77,10.91,0.01,2.89,25.81,49.96,7.0,0.0,10000,0,0.0,19999.99999999994,20000.0,0.2654740810394287,82.77,,0.0,0.0091,-0.13949999999999996,-0.03179999999999994,0.1717999999999993,0.005200000000000001,-0.049799999999999844,0.46759999999999735,-0.3003,-0.13229999999999986,0.0,0.03499999999999659,0.1717999999999993,20000.0
20173,T30TUM_20000_19,S2A_MSIL2A_20230610T110621_R137_T30TUM_20230610T202756,500,,0.0,0.0,2.4375,0.5625,11.125,0.0,3.0,25.75,50.3125,6.8125,0.0,1600,0,0.0,19999.99999999994,20000.0,0.2608356475830078,82.875,,0.0,-0.0009,-0.3420000000000001,-0.23929999999999996,0.38679999999999914,-0.0048,0.06020000000000003,0.40759999999999863,0.052199999999999136,-0.31979999999999986,0.0,0.14000000000000057,0.38679999999999914,20000.0
20179,T30TUM_20000_19,S2A_MSIL2A_20230610T110621_R137_T30TUM_20230610T202756,1000,,0.0,0.0,2.75,0.0,11.0,0.0,3.25,24.75,50.0,8.25,0.0,400,0,0.0,19999.99999999994,20000.0,0.2821083068847656,83.0,,0.0,-0.0009,-0.02950000000000008,-0.8018,0.26179999999999914,-0.0048,0.31020000000000003,-0.5924000000000014,-0.26030000000000086,1.1177000000000001,0.0,0.26500000000000057,0.8018,20000.0
20151,T30TUM_20000_19,S2A_MSIL2A_20230620T110621_R137_T30TUM_20230620T202552,20,,0.0,0.0087,3.2383,1.9647,10.7232,0.0231,3.8689,20.8245,50.992,8.3566,0.0,1000000,0,0.0,19999.99999999994,20000.0,0.4181966781616211,80.17309999999999,,0.0,0.0,0.0,0.0,0.0,0.0,0.0,0.0,0.0,0.0,0.0,0.0,0.0,20000.0
20157,T30TUM_20000_19,S2A_MSIL2A_20230620T110621_R137_T30TUM_20230620T202552,50,,0.0,0.00875,3.233125,1.975625,10.67875,0.02625,3.8575,20.8675,50.985,8.3675,0.0,160000,0,0.0,19999.99999999994,20000.0,0.23485565185546875,80.22,,0.0,5.000000000000143e-05,-0.005175000000000374,0.010925000000000074,-0.044449999999999434,0.00315,-0.011400000000000077,0.04299999999999926,-0.006999999999997897,0.010899999999999466,0.0,0.046900000000007935,0.046900000000007935,20000.0
20163,T30TUM_20000_19,S2A_MSIL2A_20230620T110621_R137_T30TUM_20230620T202552,100,,0.0,0.01,3.185,2.0225,10.64,0.0275,3.8425,20.825,51.095,8.3525,0.0,40000,0,0.0,19999.99999999994,20000.0,0.30086660385131836,80.27250000000001,,0.0,0.0013000000000000008,-0.053300000000000125,0.057800000000000074,-0.08319999999999972,0.004400000000000001,-0.0264000000000002,0.0004999999999988347,0.10300000000000153,-0.004100000000001103,0.0,0.09940000000001703,0.09940000000001703,20000.0
20169,T30TUM_20000_19,S2A_MSIL2A_20230620T110621_R137_T30TUM_20230620T202552,200,,0.0,0.01,3.35,1.89,10.58,0.03,3.71,21.01,51.19,8.23,0.0,10000,0,0.0,19999.99999999994,20000.0,0.2654740810394287,80.43,,0.0,0.0013000000000000008,0.11169999999999991,-0.07469999999999999,-0.14320000000000022,0.0069,-0.15890000000000004,0.1855000000000011,0.1980000000000004,-0.12659999999999982,0.0,0.2569000000000159,0.2569000000000159,20000.0
20175,T30TUM_20000_19,S2A_MSIL2A_20230620T110621_R137_T30TUM_20230620T202552,500,,0.0,0.0,3.375,1.9375,10.125,0.0,4.0,20.0,52.75,7.8125,0.0,1600,0,0.0,19999.99999999994,20000.0,0.2608356475830078,80.5625,,0.0,-0.0087,0.13669999999999982,-0.02719999999999989,-0.5982000000000003,-0.0231,0.1311,-0.8245000000000005,1.7580000000000027,-0.5441000000000003,0.0,0.38940000000000907,0.5982000000000003,20000.0
20181,T30TUM_20000_19,S2A_MSIL2A_20230620T110621_R137_T30TUM_20230620T202552,1000,,0.0,0.0,3.5,2.5,9.5,0.0,3.75,18.5,52.75,9.5,0.0,400,0,0.0,19999.99999999994,20000.0,0.2821083068847656,80.75,,0.0,-0.0087,0.2616999999999998,0.5353000000000001,-1.2232000000000003,-0.0231,-0.1189,-2.3245000000000005,1.7580000000000027,1.1433999999999997,0.0,0.5769000000000091,1.2232000000000003,20000.0
20153,T30TUM_20000_19,S2A_MSIL2A_20230630T110621_R137_T30TUM_20230630T203024,20,,0.0,0.0153,0.0,14.0354,84.2039,0.0129,0.0175,0.0008,0.0001,1.7141,0.0,1000000,0,0.0,19999.99999999994,20000.0,0.4181966781616211,1.7149999999999999,,0.0,0.0,0.0,0.0,0.0,0.0,0.0,0.0,0.0,0.0,0.0,0.0,0.0,20000.0
20159,T30TUM_20000_19,S2A_MSIL2A_20230630T110621_R137_T30TUM_20230630T203024,50,,0.0,0.016875,0.0,14.06,84.16875,0.01625,0.019375,0.000625,0.0,1.718125,0.0,160000,0,0.0,19999.99999999994,20000.0,0.23485565185546875,1.71875,,0.0,0.0015750000000000017,0.0,0.024600000000001288,-0.03515000000000157,0.0033500000000000005,0.0018749999999999982,-0.00017500000000000003,-0.0001,0.004024999999999945,0.0,0.003750000000000142,0.03515000000000157,20000.0
20165,T30TUM_20000_19,S2A_MSIL2A_20230630T110621_R137_T30TUM_20230630T203024,100,,0.0,0.025,0.0,14.0875,84.1375,0.01,0.0225,0.0,0.0,1.7175,0.0,40000,0,0.0,19999.99999999994,20000.0,0.30086660385131836,1.7175,,0.0,0.009700000000000002,0.0,0.052100000000001145,-0.06640000000000157,-0.0029,0.0049999999999999975,-0.0008,-0.0001,0.0034000000000000696,0.0,0.0025000000000001688,0.06640000000000157,20000.0
20171,T30TUM_20000_19,S2A_MSIL2A_20230630T110621_R137_T30TUM_20230630T203024,200,,0.0,0.01,0.0,14.19,84.05,0.02,0.01,0.0,0.0,1.72,0.0,10000,0,0.0,19999.99999999994,20000.0,0.2654740810394287,1.72,,0.0,-0.005299999999999999,0.0,0.1546000000000003,-0.15390000000000725,0.0071,-0.0075000000000000015,-0.0008,-0.0001,0.005900000000000016,0.0,0.0050000000000001155,0.1546000000000003,20000.0
20177,T30TUM_20000_19,S2A_MSIL2A_20230630T110621_R137_T30TUM_20230630T203024,500,,0.0,0.0625,0.0,13.3125,84.9375,0.0,0.0625,0.0,0.0,1.625,0.0,1600,0,0.0,19999.99999999994,20000.0,0.2608356475830078,1.625,,0.0,0.0472,0.0,-0.7228999999999992,0.7335999999999956,-0.0129,0.045,-0.0008,-0.0001,-0.08909999999999996,0.0,-0.08999999999999986,0.7335999999999956,20000.0
20183,T30TUM_20000_19,S2A_MSIL2A_20230630T110621_R137_T30TUM_20230630T203024,1000,,0.0,0.0,0.0,10.5,88.25,0.0,0.0,0.0,0.0,1.25,0.0,400,0,0.0,19999.99999999994,20000.0,0.2821083068847656,1.25,,0.0,-0.0153,0.0,-3.535399999999999,4.046099999999996,-0.0129,-0.0175,-0.0008,-0.0001,-0.46409999999999996,0.0,-0.46499999999999986,4.046099999999996,20000.0
20148,T30TUM_20000_19,S2B_MSIL2A_20230605T110619_R137_T30TUM_20230605T163049,20,,0.0,0.0481,7.5213,15.1077,53.1025,0.0406,0.3456,7.8998,15.6871,0.2473,0.0,1000000,0,0.0,19999.99999999994,20000.0,0.4181966781616211,23.8342,,0.0,0.0,0.0,0.0,0.0,0.0,0.0,0.0,0.0,0.0,0.0,0.0,0.0,20000.0
20154,T30TUM_20000_19,S2B_MSIL2A_20230605T110619_R137_T30TUM_20230605T163049,50,,0.0,0.050625,7.48875,15.125625,53.199375,0.04375,0.344375,7.8625,15.64625,0.23875,0.0,160000,0,0.0,19999.99999999994,20000.0,0.23485565185546875,23.7475,,0.0,0.0025250000000000064,-0.03255000000000052,0.01792499999999997,0.09687500000000426,0.00315,-0.0012250000000000316,-0.03730000000000011,-0.04084999999999894,-0.008550000000000002,0.0,-0.08670000000000044,0.09687500000000426,20000.0
20160,T30TUM_20000_19,S2B_MSIL2A_20230605T110619_R137_T30TUM_20230605T163049,100,,0.0,0.05,7.4625,15.2,53.3075,0.04,0.3,7.8875,15.5375,0.215,0.0,40000,0,0.0,19999.99999999994,20000.0,0.30086660385131836,23.64,,0.0,0.0019000000000000059,-0.05879999999999974,0.09229999999999983,0.2049999999999983,-0.0005999999999999964,-0.04560000000000003,-0.012299999999999756,-0.1495999999999995,-0.032299999999999995,0.0,-0.1941999999999986,0.2049999999999983,20000.0
20166,T30TUM_20000_19,S2B_MSIL2A_20230605T110619_R137_T30TUM_20230605T163049,200,,0.0,0.06,7.43,15.4,53.28,0.04,0.36,7.88,15.31,0.24,0.0,10000,0,0.0,19999.99999999994,20000.0,0.2654740810394287,23.43,,0.0,0.0119,-0.09130000000000038,0.2923000000000009,0.177500000000002,-0.0005999999999999964,0.014399999999999968,-0.01980000000000004,-0.37709999999999866,-0.007300000000000001,0.0,-0.40419999999999945,0.40419999999999945,20000.0
20172,T30TUM_20000_19,S2B_MSIL2A_20230605T110619_R137_T30TUM_20230605T163049,500,,0.0,0.0625,7.1875,14.875,53.5,0.0625,0.25,8.0625,15.75,0.25,0.0,1600,0,0.0,19999.99999999994,20000.0,0.2608356475830078,24.0625,,0.0,0.014400000000000003,-0.3338000000000001,-0.23269999999999946,0.39750000000000085,0.021900000000000003,-0.09560000000000002,0.16270000000000007,0.06290000000000084,0.002700000000000008,0.0,0.22830000000000084,0.39750000000000085,20000.0
20178,T30TUM_20000_19,S2B_MSIL2A_20230605T110619_R137_T30TUM_20230605T163049,1000,,0.0,0.25,7.75,12.25,55.75,0.0,0.5,7.5,15.5,0.5,0.0,400,0,0.0,19999.99999999994,20000.0,0.2821083068847656,23.5,,0.0,0.2019,0.2286999999999999,-2.8576999999999995,2.647500000000001,-0.0406,0.15439999999999998,-0.39979999999999993,-0.18709999999999916,0.25270000000000004,0.0,-0.33419999999999916,2.8576999999999995,20000.0
20150,T30TUM_20000_19,S2B_MSIL2A_20230615T110629_R137_T30TUM_20230615T205813,20,,0.0,0.0374,1.5629,20.1255,76.8761,0.0892,0.1509,0.8839,0.2741,0.0,0.0,1000000,0,0.0,19999.99999999994,20000.0,0.4181966781616211,1.158,,0.0,0.0,0.0,0.0,0.0,0.0,0.0,0.0,0.0,0.0,0.0,0.0,0.0,20000.0
20156,T30TUM_20000_19,S2B_MSIL2A_20230615T110629_R137_T30TUM_20230615T205813,50,,0.0,0.038125,1.559375,20.135,76.868125,0.0925,0.151875,0.88375,0.27125,0.0,0.0,160000,0,0.0,19999.99999999994,20000.0,0.23485565185546875,1.155,,0.0,0.0007249999999999965,-0.0035250000000000004,0.009500000000002728,-0.007974999999987631,0.0032999999999999974,0.0009750000000000036,-0.00014999999999998348,-0.002850000000000019,0.0,0.0,-0.0029999999999998916,0.009500000000002728,20000.0
20162,T30TUM_20000_19,S2B_MSIL2A_20230615T110629_R137_T30TUM_20230615T205813,100,,0.0,0.035,1.58,20.0825,76.95,0.08,0.1425,0.8625,0.2675,0.0,0.0,40000,0,0.0,19999.99999999994,20000.0,0.30086660385131836,1.1300000000000001,,0.0,-0.0023999999999999994,0.017100000000000115,-0.04299999999999926,0.07390000000000896,-0.0092,-0.008400000000000019,-0.021399999999999975,-0.006599999999999995,0.0,0.0,-0.027999999999999803,0.07390000000000896,20000.0
20168,T30TUM_20000_19,S2B_MSIL2A_20230615T110629_R137_T30TUM_20230615T205813,200,,0.0,0.03,1.54,19.99,76.98,0.11,0.2,0.89,0.26,0.0,0.0,10000,0,0.0,19999.99999999994,20000.0,0.2654740810394287,1.15,,0.0,-0.007400000000000004,-0.02289999999999992,-0.1355000000000004,0.1039000000000101,0.0208,0.049100000000000005,0.006099999999999994,-0.014100000000000001,0.0,0.0,-0.008000000000000007,0.1355000000000004,20000.0
20174,T30TUM_20000_19,S2B_MSIL2A_20230615T110629_R137_T30TUM_20230615T205813,500,,0.0,0.125,1.375,20.375,76.625,0.0625,0.25,0.8125,0.375,0.0,0.0,1600,0,0.0,19999.99999999994,20000.0,0.2608356475830078,1.1875,,0.0,0.0876,-0.18789999999999996,0.24950000000000117,-0.2510999999999939,-0.0267,0.0991,-0.07140000000000002,0.10089999999999999,0.0,0.0,0.02950000000000008,0.2510999999999939,20000.0
20180,T30TUM_20000_19,S2B_MSIL2A_20230615T110629_R137_T30TUM_20230615T205813,1000,,0.0,0.0,1.25,18.75,78.5,0.0,0.25,0.75,0.5,0.0,0.0,400,0,0.0,19999.99999999994,20000.0,0.2821083068847656,1.25,,0.0,-0.0374,-0.31289999999999996,-1.3754999999999988,1.6239000000000061,-0.0892,0.0991,-0.13390000000000002,0.2259,0.0,0.0,0.09200000000000008,1.6239000000000061,20000.0
20152,T30TUM_20000_19,S2B_MSIL2A_20230625T110619_R137_T30TUM_20230625T164707,20,,0.0,0.0133,0.0,15.473,84.4653,0.0419,0.0065,0.0,0.0,0.0,0.0,1000000,0,0.0,19999.99999999994,20000.0,0.4181966781616211,0.0,,0.0,0.0,0.0,0.0,0.0,0.0,0.0,0.0,0.0,0.0,0.0,0.0,0.0,20000.0
20158,T30TUM_20000_19,S2B_MSIL2A_20230625T110619_R137_T30TUM_20230625T164707,50,,0.0,0.01375,0.0,15.525,84.41125,0.045625,0.004375,0.0,0.0,0.0,0.0,160000,0,0.0,19999.99999999994,20000.0,0.23485565185546875,0.0,,0.0,0.00045000000000000075,0.0,0.0519999999999996,-0.054050000000003706,0.003724999999999999,-0.0021249999999999993,0.0,0.0,0.0,0.0,0.0,0.054050000000003706,20000.0
20164,T30TUM_20000_19,S2B_MSIL2A_20230625T110619_R137_T30TUM_20230625T164707,100,,0.0,0.01,0.0,15.4675,84.4825,0.03,0.01,0.0,0.0,0.0,0.0,40000,0,0.0,19999.99999999994,20000.0,0.30086660385131836,0.0,,0.0,-0.003299999999999999,0.0,-0.005500000000001393,0.017200000000002547,-0.0119,0.0035000000000000005,0.0,0.0,0.0,0.0,0.0,0.017200000000002547,20000.0
20170,T30TUM_20000_19,S2B_MSIL2A_20230625T110619_R137_T30TUM_20230625T164707,200,,0.0,0.01,0.0,15.37,84.55,0.07,0.0,0.0,0.0,0.0,0.0,10000,0,0.0,19999.99999999994,20000.0,0.2654740810394287,0.0,,0.0,-0.003299999999999999,0.0,-0.10300000000000153,0.084699999999998,0.028100000000000007,-0.0065,0.0,0.0,0.0,0.0,0.0,0.10300000000000153,20000.0
20176,T30TUM_20000_19,S2B_MSIL2A_20230625T110619_R137_T30TUM_20230625T164707,500,,0.0,0.0,0.0,15.0625,84.875,0.0,0.0625,0.0,0.0,0.0,0.0,1600,0,0.0,19999.99999999994,20000.0,0.2608356475830078,0.0,,0.0,-0.0133,0.0,-0.41050000000000075,0.40970000000000084,-0.0419,0.056,0.0,0.0,0.0,0.0,0.0,0.41050000000000075,20000.0
20182,T30TUM_20000_19,S2B_MSIL2A_20230625T110619_R137_T30TUM_20230625T164707,1000,,0.0,0.0,0.0,14.25,85.75,0.0,0.0,0.0,0.0,0.0,0.0,400,0,0.0,19999.99999999994,20000.0,0.2821083068847656,0.0,,0.0,-0.0133,0.0,-1.2230000000000008,1.2847000000000008,-0.0419,-0.0065,0.0,0.0,0.0,0.0,0.0,1.2847000000000008,20000.0
19537,T30TUM_20000_2,S2A_MSIL2A_20230610T110621_R137_T30TUM_20230610T202756,20,,0.0,0.0004,9.5764,3.5016,27.8035,0.0004,0.5938,20.0757,26.7743,11.6739,0.0,1000000,0,0.0,20000.000000000116,20000.0,0.4232828617095947,58.5239,,0.0,0.0,0.0,0.0,0.0,0.0,0.0,0.0,0.0,0.0,0.0,0.0,0.0,20000.0
19543,T30TUM_20000_2,S2A_MSIL2A_20230610T110621_R137_T30TUM_20230610T202756,50,,0.0,0.0,9.57625,3.495,27.77625,0.000625,0.570625,20.09875,26.789375,11.693125,0.0,160000,0,0.0,20000.000000000116,20000.0,0.2997398376464844,58.581250000000004,,0.0,-0.0004,-0.0001499999999996504,-0.006599999999999717,-0.027249999999998664,0.000225,-0.023174999999999946,0.023049999999997794,0.015074999999999505,0.01922500000000049,0.0,0.05735000000000667,0.05735000000000667,20000.0
19549,T30TUM_20000_2,S2A_MSIL2A_20230610T110621_R137_T30TUM_20230610T202756,100,,0.0,0.0,9.5125,3.4225,27.8275,0.0,0.5925,20.14,26.8,11.705,0.0,40000,0,0.0,20000.000000000116,20000.0,0.2268848419189453,58.644999999999996,,0.0,-0.0004,-0.06390000000000029,-0.07909999999999995,0.02400000000000091,-0.0004,-0.0012999999999999678,0.06429999999999936,0.0257000000000005,0.03110000000000035,0.0,0.12109999999999843,0.12109999999999843,20000.0
19555,T30TUM_20000_2,S2A_MSIL2A_20230610T110621_R137_T30TUM_20230610T202756,200,,0.0,0.0,9.47,3.49,27.78,0.0,0.66,20.36,26.71,11.53,0.0,10000,0,0.0,20000.000000000116,20000.0,0.16274023056030273,58.6,,0.0,-0.0004,-0.10639999999999894,-0.01159999999999961,-0.023499999999998522,-0.0004,0.06620000000000004,0.2842999999999982,-0.06429999999999936,-0.14390000000000036,0.0,0.07610000000000383,0.10639999999999894,20000.0
19561,T30TUM_20000_2,S2A_MSIL2A_20230610T110621_R137_T30TUM_20230610T202756,500,,0.0,0.0,9.4375,3.625,28.0625,0.0,0.875,19.3125,27.125,11.5625,0.0,1600,0,0.0,20000.000000000116,20000.0,0.1826784610748291,58.0,,0.0,-0.0004,-0.13889999999999958,0.12340000000000018,0.25900000000000034,-0.0004,0.2812,-0.7632000000000012,0.3506999999999998,-0.11139999999999972,0.0,-0.5238999999999976,0.5238999999999976,20000.0
19567,T30TUM_20000_2,S2A_MSIL2A_20230610T110621_R137_T30TUM_20230610T202756,1000,,0.0,0.0,9.0,2.0,28.5,0.0,1.0,22.0,26.75,10.75,0.0,400,0,0.0,20000.000000000116,20000.0,0.21227431297302246,59.5,,0.0,-0.0004,-0.5763999999999996,-1.5015999999999998,0.6965000000000003,-0.0004,0.4062,1.9242999999999988,-0.02430000000000021,-0.9238999999999997,0.0,0.9761000000000024,1.5015999999999998,20000.0
19539,T30TUM_20000_2,S2A_MSIL2A_20230620T110621_R137_T30TUM_20230620T202552,20,,0.0,0.0001,0.1151,0.5667,2.9508,0.0,0.3869,23.3642,35.2477,37.3685,0.0,1000000,0,0.0,20000.000000000116,20000.0,0.4232828617095947,95.9804,,0.0,0.0,0.0,0.0,0.0,0.0,0.0,0.0,0.0,0.0,0.0,0.0,0.0,20000.0
19545,T30TUM_20000_2,S2A_MSIL2A_20230620T110621_R137_T30TUM_20230620T202552,50,,0.0,0.0,0.11625,0.57125,2.988125,0.0,0.4,23.3075,35.234375,37.3825,0.0,160000,0,0.0,20000.000000000116,20000.0,0.2997398376464844,95.924375,,0.0,-0.0001,0.0011500000000000121,0.004550000000000054,0.03732500000000005,0.0,0.0131,-0.056699999999999307,-0.013325000000001808,0.014000000000002899,0.0,-0.05602500000000532,0.05602500000000532,20000.0
19551,T30TUM_20000_2,S2A_MSIL2A_20230620T110621_R137_T30TUM_20230620T202552,100,,0.0,0.0,0.1225,0.6075,3.045,0.0,0.38,23.33,35.15,37.365,0.0,40000,0,0.0,20000.000000000116,20000.0,0.2268848419189453,95.845,,0.0,-0.0001,0.007400000000000004,0.04080000000000006,0.09419999999999984,0.0,-0.006900000000000017,-0.03420000000000201,-0.09770000000000323,-0.0034999999999953957,0.0,-0.13540000000000418,0.13540000000000418,20000.0
19557,T30TUM_20000_2,S2A_MSIL2A_20230620T110621_R137_T30TUM_20230620T202552,200,,0.0,0.0,0.11,0.63,3.2,0.0,0.43,23.12,35.04,37.47,0.0,10000,0,0.0,20000.000000000116,20000.0,0.16274023056030273,95.63,,0.0,-0.0001,-0.005099999999999993,0.06330000000000002,0.2492000000000001,0.0,0.04309999999999997,-0.2441999999999993,-0.20770000000000266,0.10150000000000148,0.0,-0.3504000000000076,0.3504000000000076,20000.0
19563,T30TUM_20000_2,S2A_MSIL2A_20230620T110621_R137_T30TUM_20230620T202552,500,,0.0,0.0,0.1875,0.875,3.1875,0.0,0.3125,24.125,33.3125,38.0,0.0,1600,0,0.0,20000.000000000116,20000.0,0.1826784610748291,95.4375,,0.0,-0.0001,0.0724,0.3083,0.2366999999999999,0.0,-0.07440000000000002,0.7607999999999997,-1.9352000000000018,0.6315000000000026,0.0,-0.542900000000003,0.542900000000003,20000.0
19569,T30TUM_20000_2,S2A_MSIL2A_20230620T110621_R137_T30TUM_20230620T202552,1000,,0.0,0.0,0.0,0.25,4.25,0.0,0.75,20.5,36.0,38.25,0.0,400,0,0.0,20000.000000000116,20000.0,0.21227431297302246,94.75,,0.0,-0.0001,-0.1151,-0.3167,1.2992,0.0,0.3631,-2.8642000000000003,0.7522999999999982,0.8815000000000026,0.0,-1.230400000000003,1.2992,20000.0
19541,T30TUM_20000_2,S2A_MSIL2A_20230630T110621_R137_T30TUM_20230630T203024,20,,0.0,0.0,0.0,4.2171,48.0625,0.0,0.0013,0.0009,0.0012,47.717,0.0,1000000,0,0.0,20000.000000000116,20000.0,0.4232828617095947,47.7191,,0.0,0.0,0.0,0.0,0.0,0.0,0.0,0.0,0.0,0.0,0.0,0.0,0.0,20000.0
19547,T30TUM_20000_2,S2A_MSIL2A_20230630T110621_R137_T30TUM_20230630T203024,50,,0.0,0.0,0.0,4.22375,48.039375,0.0,0.000625,0.00125,0.00125,47.73375,0.0,160000,0,0.0,20000.000000000116,20000.0,0.2997398376464844,47.73625,,0.0,0.0,0.0,0.006649999999999601,-0.023125000000000284,0.0,-0.0006749999999999999,0.00035000000000000005,5.000000000000013e-05,0.01675000000000182,0.0,0.017150000000000887,0.023125000000000284,20000.0
19553,T30TUM_20000_2,S2A_MSIL2A_20230630T110621_R137_T30TUM_20230630T203024,100,,0.0,0.0,0.0,4.23,47.9975,0.0,0.0,0.0,0.0,47.7725,0.0,40000,0,0.0,20000.000000000116,20000.0,0.2268848419189453,47.7725,,0.0,0.0,0.0,0.012900000000000134,-0.06499999999999773,0.0,-0.0013,-0.0009,-0.0012,0.0555000000000021,0.0,0.053400000000003445,0.06499999999999773,20000.0
19559,T30TUM_20000_2,S2A_MSIL2A_20230630T110621_R137_T30TUM_20230630T203024,200,,0.0,0.0,0.0,4.27,47.82,0.0,0.0,0.0,0.0,47.91,0.0,10000,0,0.0,20000.000000000116,20000.0,0.16274023056030273,47.91,,0.0,0.0,0.0,0.05289999999999928,-0.24249999999999972,0.0,-0.0013,-0.0009,-0.0012,0.19299999999999784,0.0,0.19089999999999918,0.24249999999999972,20000.0
19565,T30TUM_20000_2,S2A_MSIL2A_20230630T110621_R137_T30TUM_20230630T203024,500,,0.0,0.0,0.0,4.0,47.9375,0.0,0.0,0.0,0.0,48.0625,0.0,1600,0,0.0,20000.000000000116,20000.0,0.1826784610748291,48.0625,,0.0,0.0,0.0,-0.2171000000000003,-0.125,0.0,-0.0013,-0.0009,-0.0012,0.34550000000000125,0.0,0.3434000000000026,0.3434000000000026,20000.0
19571,T30TUM_20000_2,S2A_MSIL2A_20230630T110621_R137_T30TUM_20230630T203024,1000,,0.0,0.0,0.0,3.25,49.0,0.0,0.0,0.0,0.0,47.75,0.0,400,0,0.0,20000.000000000116,20000.0,0.21227431297302246,47.75,,0.0,0.0,0.0,-0.9671000000000003,0.9375,0.0,-0.0013,-0.0009,-0.0012,0.03300000000000125,0.0,0.030900000000002592,0.9671000000000003,20000.0
19536,T30TUM_20000_2,S2B_MSIL2A_20230605T110619_R137_T30TUM_20230605T163049,20,,0.0,0.004,4.6481,5.2232,76.7506,0.0001,0.2409,3.3053,1.9429,7.8849,0.0,1000000,0,0.0,20000.000000000116,20000.0,0.4232828617095947,13.133099999999999,,0.0,0.0,0.0,0.0,0.0,0.0,0.0,0.0,0.0,0.0,0.0,0.0,0.0,20000.0
19542,T30TUM_20000_2,S2B_MSIL2A_20230605T110619_R137_T30TUM_20230605T163049,50,,0.0,0.004375,4.656875,5.18375,76.7625,0.0,0.246875,3.29375,1.955,7.896875,0.0,160000,0,0.0,20000.000000000116,20000.0,0.2997398376464844,13.145624999999999,,0.0,0.00037500000000000033,0.008774999999999977,-0.03945000000000043,0.011899999999997135,-0.0001,0.005975000000000008,-0.011549999999999727,0.0121,0.011974999999999625,0.0,0.01252500000000012,0.03945000000000043,20000.0
19548,T30TUM_20000_2,S2B_MSIL2A_20230605T110619_R137_T30TUM_20230605T163049,100,,0.0,0.0025,4.675,5.08,76.8425,0.0,0.245,3.2775,1.99,7.8875,0.0,40000,0,0.0,20000.000000000116,20000.0,0.2268848419189453,13.155000000000001,,0.0,-0.0015,0.02689999999999948,-0.14320000000000022,0.09189999999999543,-0.0001,0.0040999999999999925,-0.027800000000000047,0.04709999999999992,0.0026000000000001577,0.0,0.02190000000000225,0.14320000000000022,20000.0
19554,T30TUM_20000_2,S2B_MSIL2A_20230605T110619_R137_T30TUM_20230605T163049,200,,0.0,0.01,4.62,5.27,76.66,0.0,0.22,3.45,1.9,7.87,0.0,10000,0,0.0,20000.000000000116,20000.0,0.16274023056030273,13.219999999999999,,0.0,0.006,-0.028100000000000236,0.04679999999999929,-0.09060000000000912,-0.0001,-0.020900000000000002,0.14470000000000027,-0.04290000000000016,-0.014899999999999913,0.0,0.08689999999999998,0.09060000000000912,20000.0
19560,T30TUM_20000_2,S2B_MSIL2A_20230605T110619_R137_T30TUM_20230605T163049,500,,0.0,0.0,4.4375,5.0625,77.0625,0.0,0.25,3.25,2.3125,7.625,0.0,1600,0,0.0,20000.000000000116,20000.0,0.1826784610748291,13.1875,,0.0,-0.004,-0.21060000000000034,-0.1607000000000003,0.3118999999999943,-0.0001,0.009099999999999997,-0.055299999999999905,0.36959999999999993,-0.2599,0.0,0.054400000000001114,0.3118999999999943,20000.0
19566,T30TUM_20000_2,S2B_MSIL2A_20230605T110619_R137_T30TUM_20230605T163049,1000,,0.0,0.0,5.0,5.5,78.25,0.0,0.0,3.0,1.5,6.75,0.0,400,0,0.0,20000.000000000116,20000.0,0.21227431297302246,11.25,,0.0,-0.004,0.35189999999999966,0.2767999999999997,1.4993999999999943,-0.0001,-0.2409,-0.3052999999999999,-0.44290000000000007,-1.1349,0.0,-1.8830999999999989,1.8830999999999989,20000.0
19538,T30TUM_20000_2,S2B_MSIL2A_20230615T110629_R137_T30TUM_20230615T205813,20,,0.0,0.0113,3.5575,12.1803,81.089,0.0009,0.444,1.9186,0.7875,0.0109,0.0,1000000,0,0.0,20000.000000000116,20000.0,0.4232828617095947,2.717,,0.0,0.0,0.0,0.0,0.0,0.0,0.0,0.0,0.0,0.0,0.0,0.0,0.0,20000.0
19544,T30TUM_20000_2,S2B_MSIL2A_20230615T110629_R137_T30TUM_20230615T205813,50,,0.0,0.010625,3.574375,12.185,81.0525,0.00125,0.45375,1.919375,0.7925,0.010625,0.0,160000,0,0.0,20000.000000000116,20000.0,0.2997398376464844,2.7225,,0.0,-0.0006749999999999985,0.01687499999999975,0.004699999999999704,-0.03650000000000375,0.00035000000000000005,0.009749999999999981,0.0007749999999999702,0.0050000000000000044,-0.0002749999999999992,0.0,0.00550000000000006,0.03650000000000375,20000.0
19550,T30TUM_20000_2,S2B_MSIL2A_20230615T110629_R137_T30TUM_20230615T205813,100,,0.0,0.01,3.565,12.12,81.1075,0.0025,0.445,1.935,0.8075,0.0075,0.0,40000,0,0.0,20000.000000000116,20000.0,0.2268848419189453,2.75,,0.0,-0.001299999999999999,0.00749999999999984,-0.060300000000001575,0.01850000000000307,0.0016,0.0010000000000000009,0.01639999999999997,0.020000000000000018,-0.0034000000000000002,0.0,0.03299999999999992,0.060300000000001575,20000.0
19556,T30TUM_20000_2,S2B_MSIL2A_20230615T110629_R137_T30TUM_20230615T205813,200,,0.0,0.01,3.6,12.4,80.81,0.0,0.43,1.94,0.78,0.03,0.0,10000,0,0.0,20000.000000000116,20000.0,0.16274023056030273,2.7499999999999996,,0.0,-0.001299999999999999,0.04249999999999998,0.21969999999999956,-0.27899999999999636,-0.0009,-0.014000000000000012,0.021399999999999864,-0.007499999999999951,0.0191,0.0,0.032999999999999474,0.27899999999999636,20000.0
19562,T30TUM_20000_2,S2B_MSIL2A_20230615T110629_R137_T30TUM_20230615T205813,500,,0.0,0.0,3.75,11.9375,81.3125,0.0,0.4375,1.75,0.8125,0.0,0.0,1600,0,0.0,20000.000000000116,20000.0,0.1826784610748291,2.5625,,0.0,-0.0113,0.1924999999999999,-0.2428000000000008,0.22350000000000136,-0.0009,-0.006500000000000006,-0.16860000000000008,0.025000000000000022,-0.0109,0.0,-0.15450000000000008,0.2428000000000008,20000.0
19568,T30TUM_20000_2,S2B_MSIL2A_20230615T110629_R137_T30TUM_20230615T205813,1000,,0.0,0.0,3.75,11.25,80.75,0.0,0.25,2.0,1.75,0.25,0.0,400,0,0.0,20000.000000000116,20000.0,0.21227431297302246,4.0,,0.0,-0.0113,0.1924999999999999,-0.9303000000000008,-0.33899999999999864,-0.0009,-0.194,0.08139999999999992,0.9625,0.2391,0.0,1.283,1.283,20000.0
19540,T30TUM_20000_2,S2B_MSIL2A_20230625T110619_R137_T30TUM_20230625T164707,20,,0.0,0.0,0.0,11.0721,88.9264,0.0,0.0015,0.0,0.0,0.0,0.0,1000000,0,0.0,20000.000000000116,20000.0,0.4232828617095947,0.0,,0.0,0.0,0.0,0.0,0.0,0.0,0.0,0.0,0.0,0.0,0.0,0.0,0.0,20000.0
19546,T30TUM_20000_2,S2B_MSIL2A_20230625T110619_R137_T30TUM_20230625T164707,50,,0.0,0.0,0.0,11.036875,88.9625,0.0,0.000625,0.0,0.0,0.0,0.0,160000,0,0.0,20000.000000000116,20000.0,0.2997398376464844,0.0,,0.0,0.0,0.0,-0.035225000000000506,0.036100000000004684,0.0,-0.000875,0.0,0.0,0.0,0.0,0.0,0.036100000000004684,20000.0
19552,T30TUM_20000_2,S2B_MSIL2A_20230625T110619_R137_T30TUM_20230625T164707,100,,0.0,0.0,0.0,11.1125,88.8875,0.0,0.0,0.0,0.0,0.0,0.0,40000,0,0.0,20000.000000000116,20000.0,0.2268848419189453,0.0,,0.0,0.0,0.0,0.04039999999999999,-0.03889999999999816,0.0,-0.0015,0.0,0.0,0.0,0.0,0.0,0.04039999999999999,20000.0
19558,T30TUM_20000_2,S2B_MSIL2A_20230625T110619_R137_T30TUM_20230625T164707,200,,0.0,0.0,0.0,11.43,88.57,0.0,0.0,0.0,0.0,0.0,0.0,10000,0,0.0,20000.000000000116,20000.0,0.16274023056030273,0.0,,0.0,0.0,0.0,0.357899999999999,-0.3564000000000078,0.0,-0.0015,0.0,0.0,0.0,0.0,0.0,0.357899999999999,20000.0
19564,T30TUM_20000_2,S2B_MSIL2A_20230625T110619_R137_T30TUM_20230625T164707,500,,0.0,0.0,0.0,11.0,89.0,0.0,0.0,0.0,0.0,0.0,0.0,1600,0,0.0,20000.000000000116,20000.0,0.1826784610748291,0.0,,0.0,0.0,0.0,-0.07210000000000072,0.073599999999999,0.0,-0.0015,0.0,0.0,0.0,0.0,0.0,0.073599999999999,20000.0
19570,T30TUM_20000_2,S2B_MSIL2A_20230625T110619_R137_T30TUM_20230625T164707,1000,,0.0,0.0,0.0,10.25,89.75,0.0,0.0,0.0,0.0,0.0,0.0,400,0,0.0,20000.000000000116,20000.0,0.21227431297302246,0.0,,0.0,0.0,0.0,-0.8221000000000007,0.823599999999999,0.0,-0.0015,0.0,0.0,0.0,0.0,0.0,0.823599999999999,20000.0
20185,T30TUM_20000_20,S2A_MSIL2A_20230610T110621_R137_T30TUM_20230610T202756,20,,0.0,0.0012,0.9407,2.0992,11.1665,0.0,1.3065,25.9923,53.59,4.9036,0.0,1000000,0,0.0,20000.0,20000.00000000093,0.3149690628051758,84.4859,,0.0,0.0,0.0,0.0,0.0,0.0,0.0,0.0,0.0,0.0,0.0,0.0,0.0,20000.0
20191,T30TUM_20000_20,S2A_MSIL2A_20230610T110621_R137_T30TUM_20230610T202756,50,,0.0,0.00125,0.936875,2.11,11.15,0.0,1.29375,25.985625,53.611875,4.910625,0.0,160000,0,0.0,20000.0,20000.00000000093,0.3032956123352051,84.50812499999999,,0.0,5.000000000000013e-05,-0.0038249999999999673,0.010799999999999699,-0.01649999999999885,0.0,-0.012750000000000039,-0.006675000000001319,0.021874999999994316,0.007024999999999615,0.0,0.022224999999991724,0.022224999999991724,20000.0
20197,T30TUM_20000_20,S2A_MSIL2A_20230610T110621_R137_T30TUM_20230610T202756,100,,0.0,0.0,0.95,2.1425,11.0725,0.0,1.2925,25.9175,53.685,4.94,0.0,40000,0,0.0,20000.0,20000.00000000093,0.1699073314666748,84.5425,,0.0,-0.0012,0.009299999999999975,0.043299999999999894,-0.09399999999999942,0.0,-0.014000000000000012,-0.07479999999999976,0.09499999999999886,0.03640000000000043,0.0,0.05660000000000309,0.09399999999999942,20000.0
20203,T30TUM_20000_20,S2A_MSIL2A_20230610T110621_R137_T30TUM_20230610T202756,200,,0.0,0.0,0.92,2.03,11.19,0.0,1.28,25.71,53.62,5.25,0.0,10000,0,0.0,20000.0,20000.00000000093,0.23481512069702148,84.58,,0.0,-0.0012,-0.02069999999999994,-0.06920000000000037,0.0235000000000003,0.0,-0.026499999999999968,-0.28229999999999933,0.02999999999999403,0.34640000000000004,0.0,0.09409999999999741,0.09409999999999741,20000.0
20209,T30TUM_20000_20,S2A_MSIL2A_20230610T110621_R137_T30TUM_20230610T202756,500,,0.0,0.0,1.125,2.5625,10.875,0.0,1.4375,24.375,54.4375,5.1875,0.0,1600,0,0.0,20000.0,20000.00000000093,0.5200343132019043,84.0,,0.0,-0.0012,0.18430000000000002,0.4632999999999998,-0.2914999999999992,0.0,0.131,-1.6173000000000002,0.8474999999999966,0.28390000000000004,0.0,-0.4859000000000009,0.4859000000000009,20000.0
20215,T30TUM_20000_20,S2A_MSIL2A_20230610T110621_R137_T30TUM_20230610T202756,1000,,0.0,0.0,0.5,2.0,11.5,0.0,2.0,24.25,55.0,4.75,0.0,400,0,0.0,20000.0,20000.00000000093,0.2605888843536377,84.0,,0.0,-0.0012,-0.4407,-0.09920000000000018,0.3335000000000008,0.0,0.6935,-1.7423000000000002,1.4099999999999966,-0.15359999999999996,0.0,-0.4859000000000009,0.6935,20000.0
20187,T30TUM_20000_20,S2A_MSIL2A_20230620T110621_R137_T30TUM_20230620T202552,20,,0.0,0.002,1.8259,1.8501,17.3338,0.0158,2.9753,24.0073,38.3821,13.6077,0.0,1000000,0,0.0,20000.0,20000.00000000093,0.3149690628051758,75.9971,,0.0,0.0,0.0,0.0,0.0,0.0,0.0,0.0,0.0,0.0,0.0,0.0,0.0,20000.0
20193,T30TUM_20000_20,S2A_MSIL2A_20230620T110621_R137_T30TUM_20230620T202552,50,,0.0,0.003125,1.851875,1.876875,17.24125,0.015625,2.959375,24.075625,38.36125,13.615,0.0,160000,0,0.0,20000.0,20000.00000000093,0.3032956123352051,76.051875,,0.0,0.0011250000000000001,0.02597499999999986,0.026774999999999993,-0.09254999999999924,-0.00017500000000000154,-0.015924999999999745,0.06832499999999797,-0.020850000000002922,0.00730000000000075,0.0,0.05477499999999225,0.09254999999999924,20000.0
20199,T30TUM_20000_20,S2A_MSIL2A_20230620T110621_R137_T30TUM_20230620T202552,100,,0.0,0.0,1.855,1.885,17.1375,0.0125,3.01,24.0325,38.4275,13.64,0.0,40000,0,0.0,20000.0,20000.00000000093,0.1699073314666748,76.1,,0.0,-0.002,0.029099999999999904,0.03489999999999993,-0.1963000000000008,-0.003300000000000001,0.03469999999999995,0.025199999999998113,0.04540000000000077,0.032300000000001106,0.0,0.10289999999999111,0.1963000000000008,20000.0
20205,T30TUM_20000_20,S2A_MSIL2A_20230620T110621_R137_T30TUM_20230620T202552,200,,0.0,0.0,1.86,1.95,17.19,0.01,3.03,24.14,38.1,13.72,0.0,10000,0,0.0,20000.0,20000.00000000093,0.23481512069702148,75.96000000000001,,0.0,-0.002,0.03410000000000002,0.09989999999999988,-0.14379999999999882,-0.005800000000000001,0.05469999999999997,0.13269999999999982,-0.2820999999999998,0.11230000000000118,0.0,-0.03709999999999525,0.14379999999999882,20000.0
20211,T30TUM_20000_20,S2A_MSIL2A_20230620T110621_R137_T30TUM_20230620T202552,500,,0.0,0.0,2.0,2.1875,17.0625,0.0,3.125,23.1875,38.8125,13.625,0.0,1600,0,0.0,20000.0,20000.00000000093,0.5200343132019043,75.625,,0.0,-0.002,0.17409999999999992,0.3373999999999999,-0.2713000000000001,-0.0158,0.14970000000000017,-0.8198000000000008,0.4303999999999988,0.017300000000000537,0.0,-0.3721000000000032,0.3721000000000032,20000.0
20217,T30TUM_20000_20,S2A_MSIL2A_20230620T110621_R137_T30TUM_20230620T202552,1000,,0.0,0.0,2.0,1.25,18.25,0.0,3.75,24.25,37.25,13.25,0.0,400,0,0.0,20000.0,20000.00000000093,0.2605888843536377,74.75,,0.0,-0.002,0.17409999999999992,-0.6001000000000001,0.9161999999999999,-0.0158,0.7747000000000002,0.24269999999999925,-1.1321000000000012,-0.35769999999999946,0.0,-1.2471000000000032,1.2471000000000032,20000.0
20189,T30TUM_20000_20,S2A_MSIL2A_20230630T110621_R137_T30TUM_20230630T203024,20,,0.0,0.0405,0.0,18.5864,80.9592,0.0406,0.0882,0.0,0.0,0.2851,0.0,1000000,0,0.0,20000.0,20000.00000000093,0.3149690628051758,0.2851,,0.0,0.0,0.0,0.0,0.0,0.0,0.0,0.0,0.0,0.0,0.0,0.0,0.0,20000.0
20195,T30TUM_20000_20,S2A_MSIL2A_20230630T110621_R137_T30TUM_20230630T203024,50,,0.0,0.04375,0.0,18.575,80.975625,0.040625,0.08125,0.0,0.0,0.28375,0.0,160000,0,0.0,20000.0,20000.00000000093,0.3032956123352051,0.28375,,0.0,0.003249999999999996,0.0,-0.011400000000001853,0.016424999999998136,2.5000000000004186e-05,-0.006949999999999998,0.0,0.0,-0.0013500000000000179,0.0,-0.0013500000000000179,0.016424999999998136,20000.0
20201,T30TUM_20000_20,S2A_MSIL2A_20230630T110621_R137_T30TUM_20230630T203024,100,,0.0,0.045,0.0,18.65,80.915,0.0325,0.085,0.0,0.0,0.2725,0.0,40000,0,0.0,20000.0,20000.00000000093,0.1699073314666748,0.2725,,0.0,0.004499999999999997,0.0,0.06359999999999744,-0.04419999999998936,-0.008099999999999996,-0.0031999999999999945,0.0,0.0,-0.0126,0.0,-0.0126,0.06359999999999744,20000.0
20207,T30TUM_20000_20,S2A_MSIL2A_20230630T110621_R137_T30TUM_20230630T203024,200,,0.0,0.01,0.0,18.77,80.83,0.02,0.1,0.0,0.0,0.27,0.0,10000,0,0.0,20000.0,20000.00000000093,0.23481512069702148,0.27,,0.0,-0.0305,0.0,0.18359999999999843,-0.12919999999999732,-0.020599999999999997,0.011800000000000005,0.0,0.0,-0.015100000000000002,0.0,-0.015100000000000002,0.18359999999999843,20000.0
20213,T30TUM_20000_20,S2A_MSIL2A_20230630T110621_R137_T30TUM_20230630T203024,500,,0.0,0.0625,0.0,18.125,81.5625,0.0,0.0625,0.0,0.0,0.1875,0.0,1600,0,0.0,20000.0,20000.00000000093,0.5200343132019043,0.1875,,0.0,0.022,0.0,-0.46140000000000114,0.6033000000000044,-0.0406,-0.0257,0.0,0.0,-0.09760000000000002,0.0,-0.09760000000000002,0.6033000000000044,20000.0
20219,T30TUM_20000_20,S2A_MSIL2A_20230630T110621_R137_T30TUM_20230630T203024,1000,,0.0,0.25,0.0,18.5,80.75,0.0,0.25,0.0,0.0,0.25,0.0,400,0,0.0,20000.0,20000.00000000093,0.2605888843536377,0.25,,0.0,0.2095,0.0,-0.08640000000000114,-0.2091999999999956,-0.0406,0.1618,0.0,0.0,-0.03510000000000002,0.0,-0.03510000000000002,0.2095,20000.0
20184,T30TUM_20000_20,S2B_MSIL2A_20230605T110619_R137_T30TUM_20230605T163049,20,,0.0,0.0537,10.2533,13.2041,51.3545,0.0155,0.649,9.4889,13.729,1.252,0.0,1000000,0,0.0,20000.0,20000.00000000093,0.3149690628051758,24.4699,,0.0,0.0,0.0,0.0,0.0,0.0,0.0,0.0,0.0,0.0,0.0,0.0,0.0,20000.0
20190,T30TUM_20000_20,S2B_MSIL2A_20230605T110619_R137_T30TUM_20230605T163049,50,,0.0,0.055,10.273125,13.16125,51.30375,0.011875,0.656875,9.51125,13.771875,1.255,0.0,160000,0,0.0,20000.0,20000.00000000093,0.3032956123352051,24.538124999999997,,0.0,0.0013000000000000025,0.01982500000000087,-0.04284999999999961,-0.05075000000000074,-0.0036249999999999998,0.007874999999999965,0.022350000000001202,0.04287500000000044,0.0029999999999998916,0.0,0.0682249999999982,0.0682249999999982,20000.0
20196,T30TUM_20000_20,S2B_MSIL2A_20230605T110619_R137_T30TUM_20230605T163049,100,,0.0,0.055,10.3575,13.355,50.965,0.0125,0.6375,9.525,13.8275,1.265,0.0,40000,0,0.0,20000.0,20000.00000000093,0.1699073314666748,24.6175,,0.0,0.0013000000000000025,0.10420000000000051,0.15090000000000003,-0.3894999999999982,-0.002999999999999999,-0.011500000000000066,0.03610000000000113,0.09850000000000136,0.0129999999999999,0.0,0.14760000000000062,0.3894999999999982,20000.0
20202,T30TUM_20000_20,S2B_MSIL2A_20230605T110619_R137_T30TUM_20230605T163049,200,,0.0,0.04,10.22,13.18,51.18,0.0,0.72,9.53,13.84,1.29,0.0,10000,0,0.0,20000.0,20000.00000000093,0.23481512069702148,24.659999999999997,,0.0,-0.013699999999999997,-0.033299999999998775,-0.024100000000000676,-0.17450000000000188,-0.0155,0.07099999999999995,0.041100000000000136,0.11100000000000065,0.038000000000000034,0.0,0.1900999999999975,0.1900999999999975,20000.0
20208,T30TUM_20000_20,S2B_MSIL2A_20230605T110619_R137_T30TUM_20230605T163049,500,,0.0,0.0,10.875,12.9375,51.5,0.0,0.5625,9.5625,13.4375,1.125,0.0,1600,0,0.0,20000.0,20000.00000000093,0.5200343132019043,24.125,,0.0,-0.0537,0.6217000000000006,-0.2666000000000004,0.1454999999999984,-0.0155,-0.08650000000000002,0.07360000000000078,-0.2914999999999992,-0.127,0.0,-0.3448999999999991,0.6217000000000006,20000.0
20214,T30TUM_20000_20,S2B_MSIL2A_20230605T110619_R137_T30TUM_20230605T163049,1000,,0.0,0.0,10.0,13.25,50.5,0.0,0.5,10.75,14.0,1.0,0.0,400,0,0.0,20000.0,20000.00000000093,0.2605888843536377,25.75,,0.0,-0.0537,-0.2532999999999994,0.04589999999999961,-0.8545000000000016,-0.0155,-0.14900000000000002,1.2611000000000008,0.2710000000000008,-0.252,0.0,1.280100000000001,1.280100000000001,20000.0
20186,T30TUM_20000_20,S2B_MSIL2A_20230615T110629_R137_T30TUM_20230615T205813,20,,0.0,0.0301,1.5717,19.72,77.4575,0.0939,0.2067,0.6498,0.2676,0.0027,0.0,1000000,0,0.0,20000.0,20000.00000000093,0.3149690628051758,0.9201,,0.0,0.0,0.0,0.0,0.0,0.0,0.0,0.0,0.0,0.0,0.0,0.0,0.0,20000.0
20192,T30TUM_20000_20,S2B_MSIL2A_20230615T110629_R137_T30TUM_20230615T205813,50,,0.0,0.0325,1.5675,19.675625,77.5025,0.088125,0.2125,0.650625,0.268125,0.0025,0.0,160000,0,0.0,20000.0,20000.00000000093,0.3032956123352051,0.9212499999999999,,0.0,0.002400000000000003,-0.004200000000000204,-0.04437499999999872,0.045000000000001705,-0.005775000000000002,0.0058,0.0008249999999999647,0.0005249999999999977,-0.0002000000000000001,0.0,0.0011499999999998733,0.045000000000001705,20000.0
20198,T30TUM_20000_20,S2B_MSIL2A_20230615T110629_R137_T30TUM_20230615T205813,100,,0.0,0.04,1.5675,19.8925,77.28,0.0625,0.2225,0.6575,0.2725,0.005,0.0,40000,0,0.0,20000.0,20000.00000000093,0.1699073314666748,0.9349999999999999,,0.0,0.009900000000000003,-0.004200000000000204,0.17249999999999943,-0.17749999999999488,-0.0314,0.01580000000000001,0.007699999999999929,0.0049000000000000155,0.0023,0.0,0.014899999999999913,0.17749999999999488,20000.0
20204,T30TUM_20000_20,S2B_MSIL2A_20230615T110629_R137_T30TUM_20230615T205813,200,,0.0,0.01,1.54,19.95,77.35,0.06,0.19,0.59,0.31,0.0,0.0,10000,0,0.0,20000.0,20000.00000000093,0.23481512069702148,0.8999999999999999,,0.0,-0.0201,-0.03170000000000006,0.23000000000000043,-0.1075000000000017,-0.0339,-0.016699999999999993,-0.059800000000000075,0.04239999999999999,-0.0027,0.0,-0.020100000000000118,0.23000000000000043,20000.0
20210,T30TUM_20000_20,S2B_MSIL2A_20230615T110629_R137_T30TUM_20230615T205813,500,,0.0,0.0,1.25,19.125,78.875,0.0,0.0625,0.375,0.3125,0.0,0.0,1600,0,0.0,20000.0,20000.00000000093,0.5200343132019043,0.6875,,0.0,-0.0301,-0.3217000000000001,-0.5949999999999989,1.417500000000004,-0.0939,-0.1442,-0.27480000000000004,0.044899999999999995,-0.0027,0.0,-0.23260000000000003,1.417500000000004,20000.0
20216,T30TUM_20000_20,S2B_MSIL2A_20230615T110629_R137_T30TUM_20230615T205813,1000,,0.0,0.0,0.75,20.75,77.25,0.0,0.0,0.5,0.75,0.0,0.0,400,0,0.0,20000.0,20000.00000000093,0.2605888843536377,1.25,,0.0,-0.0301,-0.8217000000000001,1.0300000000000011,-0.20749999999999602,-0.0939,-0.2067,-0.14980000000000004,0.4824,-0.0027,0.0,0.32989999999999997,1.0300000000000011,20000.0
20188,T30TUM_20000_20,S2B_MSIL2A_20230625T110619_R137_T30TUM_20230625T164707,20,,0.0,0.0088000088000088,0.7112007112007112,17.793217793217792,80.05728005728005,0.0643000643000643,0.0303000303000303,0.690900690900691,0.6325006325006325,0.0115000115000115,0.0,1000000,1,0.0001,20000.0,20000.00000000093,0.3149690628051758,1.334901334901335,,0.0,0.0,0.0,0.0,0.0,0.0,0.0,0.0,0.0,0.0,0.0,0.0,0.0,20000.0
20194,T30TUM_20000_20,S2B_MSIL2A_20230625T110619_R137_T30TUM_20230625T164707,50,,0.0,0.00875,0.708125,17.728125,80.12875,0.064375,0.026875,0.693125,0.631875,0.01,0.0,160000,0,0.0,20000.0,20000.00000000093,0.3032956123352051,1.335,,0.0,-5.000880000879948e-05,-0.003075711200711151,-0.0650927932177936,0.07146994271994345,7.493569993570481e-05,-0.0034250303000303017,0.002224309099309041,-0.0006256325006325225,-0.0015000115000115,0.0,9.866509866496287e-05,0.07146994271994345,20000.0
20200,T30TUM_20000_20,S2B_MSIL2A_20230625T110619_R137_T30TUM_20230625T164707,100,,0.0,0.0075,0.7125,17.9175,79.95,0.05,0.03,0.6925,0.625,0.015,0.0,40000,0,0.0,20000.0,20000.00000000093,0.1699073314666748,1.3324999999999998,,0.0,-0.0013000088000088006,0.0012992887992888669,0.12428220678220825,-0.1072800572800503,-0.014300064300064294,-0.0003000303000303024,0.0015993090993090542,-0.007500632500632487,0.0034999884999884993,0.0,-0.002401334901335206,0.12428220678220825,20000.0
20206,T30TUM_20000_20,S2B_MSIL2A_20230625T110619_R137_T30TUM_20230625T164707,200,,0.0,0.0,0.71,17.98,79.98,0.04,0.02,0.62,0.65,0.0,0.0,10000,0,0.0,20000.0,20000.00000000093,0.23481512069702148,1.27,,0.0,-0.0088000088000088,-0.0012007112007111909,0.18678220678220825,-0.07728005728004916,-0.024300064300064296,-0.010300030300030301,-0.07090069090069095,0.017499367499367535,-0.0115000115000115,0.0,-0.06490133490133498,0.18678220678220825,20000.0
20212,T30TUM_20000_20,S2B_MSIL2A_20230625T110619_R137_T30TUM_20230625T164707,500,,0.0,0.0,0.625,17.125,81.0625,0.0,0.0625,0.5,0.625,0.0,0.0,1600,0,0.0,20000.0,20000.00000000093,0.5200343132019043,1.125,,0.0,-0.0088000088000088,-0.08620071120071116,-0.6682177932177922,1.0052199427199469,-0.0643000643000643,0.0321999696999697,-0.19090069090069095,-0.007500632500632487,-0.0115000115000115,0.0,-0.209901334901335,1.0052199427199469,20000.0
20218,T30TUM_20000_20,S2B_MSIL2A_20230625T110619_R137_T30TUM_20230625T164707,1000,,0.0,0.0,0.5,17.0,81.25,0.0,0.0,0.75,0.5,0.0,0.0,400,0,0.0,20000.0,20000.00000000093,0.2605888843536377,1.25,,0.0,-0.0088000088000088,-0.21120071120071116,-0.7932177932177922,1.1927199427199469,-0.0643000643000643,-0.0303000303000303,0.05909930909930905,-0.1325006325006325,-0.0115000115000115,0.0,-0.084901334901335,1.1927199427199469,20000.0
20221,T30TUM_20000_21,S2A_MSIL2A_20230610T110621_R137_T30TUM_20230610T202756,20,,0.0,0.0,0.2955,0.4689,1.8033,0.0,0.7576,61.0354,34.4226,1.2167,0.0,1000000,0,0.0,20000.0,20000.0,0.37105798721313477,96.6747,,0.0,0.0,0.0,0.0,0.0,0.0,0.0,0.0,0.0,0.0,0.0,0.0,0.0,20000.0
20227,T30TUM_20000_21,S2A_MSIL2A_20230610T110621_R137_T30TUM_20230610T202756,50,,0.0,0.0,0.294375,0.475,1.824375,0.0,0.764375,60.9725,34.46375,1.205625,0.0,160000,0,0.0,20000.0,20000.0,0.25972962379455566,96.641875,,0.0,0.0,-0.0011249999999999871,0.006099999999999994,0.021075000000000177,0.0,0.0067749999999999755,-0.06290000000000617,0.04114999999999469,-0.011074999999999946,0.0,-0.03282500000000255,0.03282500000000255,20000.0
20233,T30TUM_20000_21,S2A_MSIL2A_20230610T110621_R137_T30TUM_20230610T202756,100,,0.0,0.0,0.2925,0.47,1.835,0.0,0.795,60.8025,34.605,1.2,0.0,40000,0,0.0,20000.0,20000.0,0.16505169868469238,96.6075,,0.0,0.0,-0.0030000000000000027,0.0010999999999999899,0.03170000000000006,0.0,0.03739999999999999,-0.23290000000000077,0.18239999999999412,-0.016699999999999937,0.0,-0.0671999999999997,0.0671999999999997,20000.0
20239,T30TUM_20000_21,S2A_MSIL2A_20230610T110621_R137_T30TUM_20230610T202756,200,,0.0,0.0,0.31,0.52,1.78,0.0,0.7,60.7,34.87,1.12,0.0,10000,0,0.0,20000.0,20000.0,0.39734649658203125,96.69,,0.0,0.0,0.014500000000000013,0.051100000000000034,-0.023299999999999876,0.0,-0.057600000000000096,-0.3353999999999999,0.4473999999999947,-0.09669999999999979,0.0,0.015299999999996317,0.057600000000000096,20000.0
20245,T30TUM_20000_21,S2A_MSIL2A_20230610T110621_R137_T30TUM_20230610T202756,500,,0.0,0.0,0.25,0.5,1.8125,0.0,0.5625,62.1875,33.375,1.3125,0.0,1600,0,0.0,20000.0,20000.0,0.617476224899292,96.875,,0.0,0.0,-0.045499999999999985,0.031100000000000017,0.009200000000000097,0.0,-0.19510000000000005,1.1520999999999972,-1.0476000000000028,0.09580000000000011,0.0,0.2002999999999986,0.2002999999999986,20000.0
20251,T30TUM_20000_21,S2A_MSIL2A_20230610T110621_R137_T30TUM_20230610T202756,1000,,0.0,0.0,0.25,0.25,1.5,0.0,1.25,59.25,36.75,0.75,0.0,400,0,0.0,20000.0,20000.0,0.5987675189971924,96.75,,0.0,0.0,-0.045499999999999985,-0.21889999999999998,-0.3032999999999999,0.0,0.49239999999999995,-1.7854000000000028,2.3273999999999972,-0.4666999999999999,0.0,0.07529999999999859,0.49239999999999995,20000.0
20223,T30TUM_20000_21,S2A_MSIL2A_20230620T110621_R137_T30TUM_20230620T202552,20,,0.0,0.0,1.6002,2.5942,13.3635,0.0005,5.3652,20.7354,48.1855,8.1555,0.0,1000000,0,0.0,20000.0,20000.0,0.37105798721313477,77.07639999999999,,0.0,0.0,0.0,0.0,0.0,0.0,0.0,0.0,0.0,0.0,0.0,0.0,0.0,20000.0
20229,T30TUM_20000_21,S2A_MSIL2A_20230620T110621_R137_T30TUM_20230620T202552,50,,0.0,0.0,1.596875,2.60375,13.441875,0.000625,5.38375,20.635625,48.183125,8.154375,0.0,160000,0,0.0,20000.0,20000.0,0.25972962379455566,76.973125,,0.0,0.0,-0.0033250000000000224,0.009549999999999947,0.07837499999999942,0.000125,0.01855000000000029,-0.0997749999999975,-0.002375000000000682,-0.0011250000000000426,0.0,-0.10327499999999645,0.10327499999999645,20000.0
20235,T30TUM_20000_21,S2A_MSIL2A_20230620T110621_R137_T30TUM_20230620T202552,100,,0.0,0.0,1.615,2.575,13.5175,0.0,5.305,20.7,48.0425,8.245,0.0,40000,0,0.0,20000.0,20000.0,0.16505169868469238,76.9875,,0.0,0.0,0.014799999999999924,-0.019199999999999662,0.15399999999999991,-0.0005,-0.06020000000000003,-0.03539999999999921,-0.14300000000000068,0.08949999999999925,0.0,-0.08889999999999532,0.15399999999999991,20000.0
20241,T30TUM_20000_21,S2A_MSIL2A_20230620T110621_R137_T30TUM_20230620T202552,200,,0.0,0.0,1.6,2.51,13.56,0.0,5.3,20.78,48.1,8.15,0.0,10000,0,0.0,20000.0,20000.0,0.39734649658203125,77.03,,0.0,0.0,-0.00019999999999997797,-0.08420000000000005,0.19650000000000034,-0.0005,-0.06519999999999992,0.04460000000000264,-0.08549999999999613,-0.005499999999999616,0.0,-0.04639999999999134,0.19650000000000034,20000.0
20247,T30TUM_20000_21,S2A_MSIL2A_20230620T110621_R137_T30TUM_20230620T202552,500,,0.0,0.0,1.5,3.0,12.8125,0.0,5.3125,21.1875,47.8125,8.375,0.0,1600,0,0.0,20000.0,20000.0,0.617476224899292,77.375,,0.0,0.0,-0.10020000000000007,0.40580000000000016,-0.5510000000000002,-0.0005,-0.05269999999999975,0.4521000000000015,-0.37299999999999756,0.21950000000000003,0.0,0.2986000000000075,0.5510000000000002,20000.0
20253,T30TUM_20000_21,S2A_MSIL2A_20230620T110621_R137_T30TUM_20230620T202552,1000,,0.0,0.0,2.0,2.75,12.75,0.0,5.0,20.25,48.5,8.75,0.0,400,0,0.0,20000.0,20000.0,0.5987675189971924,77.5,,0.0,0.0,0.39979999999999993,0.15580000000000016,-0.6135000000000002,-0.0005,-0.36519999999999975,-0.4853999999999985,0.31450000000000244,0.5945,0.0,0.4236000000000075,0.6135000000000002,20000.0
20225,T30TUM_20000_21,S2A_MSIL2A_20230630T110621_R137_T30TUM_20230630T203024,20,,0.0,0.0482,0.1236,23.0408,76.5045,0.0005,0.2681,0.0092,0.0,0.0051,0.0,1000000,0,0.0,20000.0,20000.0,0.37105798721313477,0.0143,,0.0,0.0,0.0,0.0,0.0,0.0,0.0,0.0,0.0,0.0,0.0,0.0,0.0,20000.0
20231,T30TUM_20000_21,S2A_MSIL2A_20230630T110621_R137_T30TUM_20230630T203024,50,,0.0,0.04625,0.12375,22.99625,76.55,0.0,0.269375,0.009375,0.0,0.005,0.0,160000,0,0.0,20000.0,20000.0,0.25972962379455566,0.014374999999999999,,0.0,-0.0019500000000000003,0.00014999999999999736,-0.04455000000000098,0.04550000000000409,-0.0005,0.0012749999999999706,0.0001749999999999998,0.0,-0.00010000000000000026,0.0,7.499999999999868e-05,0.04550000000000409,20000.0
20237,T30TUM_20000_21,S2A_MSIL2A_20230630T110621_R137_T30TUM_20230630T203024,100,,0.0,0.0525,0.125,23.115,76.4475,0.0,0.2425,0.01,0.0,0.0075,0.0,40000,0,0.0,20000.0,20000.0,0.16505169868469238,0.0175,,0.0,0.004299999999999998,0.0013999999999999985,0.0741999999999976,-0.05699999999998795,-0.0005,-0.02560000000000001,0.0008000000000000004,0.0,0.0023999999999999994,0.0,0.0032000000000000015,0.0741999999999976,20000.0
20243,T30TUM_20000_21,S2A_MSIL2A_20230630T110621_R137_T30TUM_20230630T203024,200,,0.0,0.06,0.12,22.55,77.02,0.0,0.24,0.01,0.0,0.0,0.0,10000,0,0.0,20000.0,20000.0,0.39734649658203125,0.01,,0.0,0.011799999999999998,-0.003600000000000006,-0.4908000000000001,0.515500000000003,-0.0005,-0.028100000000000014,0.0008000000000000004,0.0,-0.0051,0.0,-0.0043,0.515500000000003,20000.0
20249,T30TUM_20000_21,S2A_MSIL2A_20230630T110621_R137_T30TUM_20230630T203024,500,,0.0,0.125,0.125,22.8125,76.6875,0.0,0.25,0.0,0.0,0.0,0.0,1600,0,0.0,20000.0,20000.0,0.617476224899292,0.0,,0.0,0.07680000000000001,0.0013999999999999985,-0.22830000000000084,0.18300000000000693,-0.0005,-0.018100000000000005,-0.0092,0.0,-0.0051,0.0,-0.0143,0.22830000000000084,20000.0
20255,T30TUM_20000_21,S2A_MSIL2A_20230630T110621_R137_T30TUM_20230630T203024,1000,,0.0,0.0,0.25,20.25,79.5,0.0,0.0,0.0,0.0,0.0,0.0,400,0,0.0,20000.0,20000.0,0.5987675189971924,0.0,,0.0,-0.0482,0.1264,-2.790800000000001,2.995500000000007,-0.0005,-0.2681,-0.0092,0.0,-0.0051,0.0,-0.0143,2.995500000000007,20000.0
20220,T30TUM_20000_21,S2B_MSIL2A_20230605T110619_R137_T30TUM_20230605T163049,20,,0.0,0.017,7.2607,31.1174,52.4996,0.0052,0.3182,5.247,3.4771,0.0578,0.0,1000000,0,0.0,20000.0,20000.0,0.37105798721313477,8.7819,,0.0,0.0,0.0,0.0,0.0,0.0,0.0,0.0,0.0,0.0,0.0,0.0,0.0,20000.0
20226,T30TUM_20000_21,S2B_MSIL2A_20230605T110619_R137_T30TUM_20230605T163049,50,,0.0,0.019375,7.251875,31.100625,52.55125,0.005,0.315,5.236875,3.461875,0.058125,0.0,160000,0,0.0,20000.0,20000.0,0.25972962379455566,8.756875,,0.0,0.0023749999999999986,-0.00882499999999986,-0.016774999999999096,0.051650000000002194,-0.00019999999999999966,-0.0031999999999999806,-0.010124999999999496,-0.015225000000000044,0.00032500000000000584,0.0,-0.02502499999999941,0.051650000000002194,20000.0
20232,T30TUM_20000_21,S2B_MSIL2A_20230605T110619_R137_T30TUM_20230605T163049,100,,0.0,0.025,7.2425,31.0025,52.6525,0.0025,0.3075,5.2475,3.47,0.05,0.0,40000,0,0.0,20000.0,20000.0,0.16505169868469238,8.7675,,0.0,0.008,-0.018200000000000216,-0.11489999999999867,0.15290000000000248,-0.0026999999999999997,-0.010699999999999987,0.0004999999999997229,-0.007099999999999884,-0.0077999999999999944,0.0,-0.01440000000000019,0.15290000000000248,20000.0
20238,T30TUM_20000_21,S2B_MSIL2A_20230605T110619_R137_T30TUM_20230605T163049,200,,0.0,0.03,7.2,30.59,53.03,0.0,0.29,5.34,3.43,0.09,0.0,10000,0,0.0,20000.0,20000.0,0.39734649658203125,8.86,,0.0,0.012999999999999998,-0.060699999999999754,-0.5274000000000001,0.5304000000000002,-0.0052,-0.028200000000000003,0.09299999999999997,-0.04709999999999992,0.0322,0.0,0.07809999999999917,0.5304000000000002,20000.0
20244,T30TUM_20000_21,S2B_MSIL2A_20230605T110619_R137_T30TUM_20230605T163049,500,,0.0,0.0,7.25,30.5,52.75,0.0,0.3125,5.8125,3.375,0.0,0.0,1600,0,0.0,20000.0,20000.0,0.617476224899292,9.1875,,0.0,-0.017,-0.010699999999999932,-0.6174,0.25039999999999907,-0.0052,-0.005699999999999983,0.5655000000000001,-0.10210000000000008,-0.0578,0.0,0.40559999999999974,0.6174,20000.0
20250,T30TUM_20000_21,S2B_MSIL2A_20230605T110619_R137_T30TUM_20230605T163049,1000,,0.0,0.0,8.5,28.5,53.75,0.0,0.25,6.25,2.5,0.25,0.0,400,0,0.0,20000.0,20000.0,0.5987675189971924,9.0,,0.0,-0.017,1.2393,-2.6174,1.250399999999999,-0.0052,-0.06819999999999998,1.0030000000000001,-0.9771000000000001,0.1922,0.0,0.21809999999999974,2.6174,20000.0
20222,T30TUM_20000_21,S2B_MSIL2A_20230615T110629_R137_T30TUM_20230615T205813,20,,0.0,0.0045,0.2138,32.3842,67.2253,0.014,0.1018,0.052,0.0044,0.0,0.0,1000000,0,0.0,20000.0,20000.0,0.37105798721313477,0.0564,,0.0,0.0,0.0,0.0,0.0,0.0,0.0,0.0,0.0,0.0,0.0,0.0,0.0,20000.0
20228,T30TUM_20000_21,S2B_MSIL2A_20230615T110629_R137_T30TUM_20230615T205813,50,,0.0,0.004375,0.219375,32.350625,67.249375,0.013125,0.10625,0.05125,0.005625,0.0,0.0,160000,0,0.0,20000.0,20000.0,0.25972962379455566,0.056874999999999995,,0.0,-0.00012499999999999924,0.005574999999999997,-0.03357499999999902,0.024074999999996294,-0.0008750000000000008,0.004449999999999996,-0.0007500000000000007,0.0012249999999999995,0.0,0.0,0.00047499999999999626,0.03357499999999902,20000.0
20234,T30TUM_20000_21,S2B_MSIL2A_20230615T110629_R137_T30TUM_20230615T205813,100,,0.0,0.005,0.2225,32.33,67.2775,0.01,0.0975,0.0525,0.005,0.0,0.0,40000,0,0.0,20000.0,20000.0,0.16505169868469238,0.057499999999999996,,0.0,0.0005000000000000004,0.008700000000000013,-0.05420000000000158,0.052199999999999136,-0.004,-0.004299999999999998,0.0005000000000000004,0.0005999999999999998,0.0,0.0,0.0010999999999999968,0.05420000000000158,20000.0
20240,T30TUM_20000_21,S2B_MSIL2A_20230615T110629_R137_T30TUM_20230615T205813,200,,0.0,0.01,0.27,31.66,67.85,0.01,0.13,0.07,0.0,0.0,0.0,10000,0,0.0,20000.0,20000.0,0.39734649658203125,0.07,,0.0,0.0055000000000000005,0.05620000000000003,-0.7241999999999997,0.62469999999999,-0.004,0.028200000000000003,0.01800000000000001,-0.0044,0.0,0.0,0.013600000000000008,0.7241999999999997,20000.0
20246,T30TUM_20000_21,S2B_MSIL2A_20230615T110629_R137_T30TUM_20230615T205813,500,,0.0,0.0,0.3125,32.0,67.5,0.0,0.125,0.0625,0.0,0.0,0.0,1600,0,0.0,20000.0,20000.0,0.617476224899292,0.0625,,0.0,-0.0045,0.09870000000000001,-0.3841999999999999,0.2746999999999957,-0.014,0.0232,0.010500000000000002,-0.0044,0.0,0.0,0.006100000000000001,0.3841999999999999,20000.0
20252,T30TUM_20000_21,S2B_MSIL2A_20230615T110629_R137_T30TUM_20230615T205813,1000,,0.0,0.0,0.25,27.75,71.75,0.0,0.25,0.0,0.0,0.0,0.0,400,0,0.0,20000.0,20000.0,0.5987675189971924,0.0,,0.0,-0.0045,0.03620000000000001,-4.6342,4.524699999999996,-0.014,0.1482,-0.052,-0.0044,0.0,0.0,-0.0564,4.6342,20000.0
20224,T30TUM_20000_21,S2B_MSIL2A_20230625T110619_R137_T30TUM_20230625T164707,20,,0.0,0.0001,0.0,27.3934,72.569,0.0058,0.0317,0.0,0.0,0.0,0.0,1000000,0,0.0,20000.0,20000.0,0.37105798721313477,0.0,,0.0,0.0,0.0,0.0,0.0,0.0,0.0,0.0,0.0,0.0,0.0,0.0,0.0,20000.0
20230,T30TUM_20000_21,S2B_MSIL2A_20230625T110619_R137_T30TUM_20230625T164707,50,,0.0,0.0,0.0,27.28375,72.68125,0.005625,0.029375,0.0,0.0,0.0,0.0,160000,0,0.0,20000.0,20000.0,0.25972962379455566,0.0,,0.0,-0.0001,0.0,-0.10964999999999847,0.11225000000000307,-0.0001749999999999998,-0.0023250000000000007,0.0,0.0,0.0,0.0,0.0,0.11225000000000307,20000.0
20236,T30TUM_20000_21,S2B_MSIL2A_20230625T110619_R137_T30TUM_20230625T164707,100,,0.0,0.0,0.0,27.4025,72.57,0.0075,0.02,0.0,0.0,0.0,0.0,40000,0,0.0,20000.0,20000.0,0.16505169868469238,0.0,,0.0,-0.0001,0.0,0.009100000000000108,0.000999999999990564,0.0017000000000000001,-0.011699999999999999,0.0,0.0,0.0,0.0,0.0,0.011699999999999999,20000.0
20242,T30TUM_20000_21,S2B_MSIL2A_20230625T110619_R137_T30TUM_20230625T164707,200,,0.0,0.0,0.0,27.07,72.88,0.0,0.05,0.0,0.0,0.0,0.0,10000,0,0.0,20000.0,20000.0,0.39734649658203125,0.0,,0.0,-0.0001,0.0,-0.32339999999999947,0.31099999999999284,-0.0058,0.018300000000000004,0.0,0.0,0.0,0.0,0.0,0.32339999999999947,20000.0
20248,T30TUM_20000_21,S2B_MSIL2A_20230625T110619_R137_T30TUM_20230625T164707,500,,0.0,0.0,0.0,27.25,72.75,0.0,0.0,0.0,0.0,0.0,0.0,1600,0,0.0,20000.0,20000.0,0.617476224899292,0.0,,0.0,-0.0001,0.0,-0.14339999999999975,0.18099999999999739,-0.0058,-0.0317,0.0,0.0,0.0,0.0,0.0,0.18099999999999739,20000.0
20254,T30TUM_20000_21,S2B_MSIL2A_20230625T110619_R137_T30TUM_20230625T164707,1000,,0.0,0.0,0.0,24.25,75.75,0.0,0.0,0.0,0.0,0.0,0.0,400,0,0.0,20000.0,20000.0,0.5987675189971924,0.0,,0.0,-0.0001,0.0,-3.1433999999999997,3.1809999999999974,-0.0058,-0.0317,0.0,0.0,0.0,0.0,0.0,3.1809999999999974,20000.0
20257,T30TUM_20000_22,S2A_MSIL2A_20230610T110621_R137_T30TUM_20230610T202756,20,,0.0,0.0,0.0,0.0005,0.7198,0.0,0.0618,40.4194,58.5287,0.2698,0.0,1000000,0,0.0,20000.0,19999.99999999907,0.3563833236694336,99.21790000000001,,0.0,0.0,0.0,0.0,0.0,0.0,0.0,0.0,0.0,0.0,0.0,0.0,0.0,20000.0
20263,T30TUM_20000_22,S2A_MSIL2A_20230610T110621_R137_T30TUM_20230610T202756,50,,0.0,0.0,0.0,0.0,0.715625,0.0,0.064375,40.47125,58.485625,0.263125,0.0,160000,0,0.0,20000.0,19999.99999999907,0.17425537109375,99.22,,0.0,0.0,0.0,-0.0005,-0.00417500000000004,0.0,0.002575000000000001,0.05184999999999462,-0.04307500000000175,-0.0066749999999999865,0.0,0.0020999999999844476,0.00417500000000004,20000.0
20269,T30TUM_20000_22,S2A_MSIL2A_20230610T110621_R137_T30TUM_20230610T202756,100,,0.0,0.0,0.0,0.0,0.715,0.0,0.0525,40.6125,58.3625,0.2575,0.0,40000,0,0.0,20000.0,19999.99999999907,0.16550397872924805,99.23249999999999,,0.0,0.0,0.0,-0.0005,-0.0048000000000000265,0.0,-0.009300000000000003,0.19309999999999405,-0.16620000000000346,-0.012299999999999978,0.0,0.014599999999973079,0.014599999999973079,20000.0
20275,T30TUM_20000_22,S2A_MSIL2A_20230610T110621_R137_T30TUM_20230610T202756,200,,0.0,0.0,0.0,0.0,0.75,0.0,0.06,40.31,58.65,0.23,0.0,10000,0,0.0,20000.0,19999.99999999907,0.22145843505859375,99.19000000000001,,0.0,0.0,0.0,-0.0005,0.030200000000000005,0.0,-0.001800000000000003,-0.10940000000000083,0.12129999999999797,-0.039799999999999974,0.0,-0.02790000000000248,0.030200000000000005,20000.0
20281,T30TUM_20000_22,S2A_MSIL2A_20230610T110621_R137_T30TUM_20230610T202756,500,,0.0,0.0,0.0,0.0,0.875,0.0,0.125,39.75,58.9375,0.3125,0.0,1600,0,0.0,20000.0,19999.99999999907,0.25277113914489746,99.0,,0.0,0.0,0.0,-0.0005,0.1552,0.0,0.0632,-0.6694000000000031,0.4087999999999994,0.042700000000000016,0.0,-0.21790000000001442,0.21790000000001442,20000.0
20287,T30TUM_20000_22,S2A_MSIL2A_20230610T110621_R137_T30TUM_20230610T202756,1000,,0.0,0.0,0.0,0.0,0.75,0.0,0.25,38.5,59.75,0.75,0.0,400,0,0.0,20000.0,19999.99999999907,0.17565321922302246,99.0,,0.0,0.0,0.0,-0.0005,0.030200000000000005,0.0,0.1882,-1.919400000000003,1.2212999999999994,0.4802,0.0,-0.21790000000001442,0.21790000000001442,20000.0
20259,T30TUM_20000_22,S2A_MSIL2A_20230620T110621_R137_T30TUM_20230620T202552,20,,0.0,0.0012,4.3409,3.927,20.3014,0.0019,5.1056,19.424,40.8262,6.0718,0.0,1000000,0,0.0,20000.0,19999.99999999907,0.3563833236694336,66.322,,0.0,0.0,0.0,0.0,0.0,0.0,0.0,0.0,0.0,0.0,0.0,0.0,0.0,20000.0
20265,T30TUM_20000_22,S2A_MSIL2A_20230620T110621_R137_T30TUM_20230620T202552,50,,0.0,0.00125,4.346875,3.878125,20.28625,0.001875,5.1025,19.496875,40.8375,6.04875,0.0,160000,0,0.0,20000.0,19999.99999999907,0.17425537109375,66.38312499999999,,0.0,5.000000000000013e-05,0.0059749999999993975,-0.048875000000000224,-0.015150000000001995,-2.5000000000000066e-05,-0.0030999999999998806,0.0728749999999998,0.011299999999998533,-0.02304999999999957,0.0,0.06112499999998988,0.06112499999998988,20000.0
20271,T30TUM_20000_22,S2A_MSIL2A_20230620T110621_R137_T30TUM_20230620T202552,100,,0.0,0.0025,4.3525,3.85,20.265,0.0025,5.1375,19.595,40.835,5.96,0.0,40000,0,0.0,20000.0,19999.99999999907,0.16550397872924805,66.39,,0.0,0.0013000000000000002,0.01159999999999961,-0.07699999999999996,-0.03640000000000043,0.0006000000000000001,0.03190000000000026,0.17099999999999937,0.008800000000000807,-0.11179999999999968,0.0,0.06799999999999784,0.07699999999999996,20000.0
20277,T30TUM_20000_22,S2A_MSIL2A_20230620T110621_R137_T30TUM_20230620T202552,200,,0.0,0.0,4.35,4.03,19.99,0.01,5.14,19.57,41.0,5.91,0.0,10000,0,0.0,20000.0,19999.99999999907,0.22145843505859375,66.48,,0.0,-0.0012,0.00909999999999922,0.1030000000000002,-0.31140000000000256,0.0081,0.034399999999999764,0.1460000000000008,0.17379999999999995,-0.1617999999999995,0.0,0.15800000000000125,0.31140000000000256,20000.0
20283,T30TUM_20000_22,S2A_MSIL2A_20230620T110621_R137_T30TUM_20230620T202552,500,,0.0,0.0,4.3125,3.8125,19.625,0.0,5.9375,19.625,41.4375,5.25,0.0,1600,0,0.0,20000.0,19999.99999999907,0.25277113914489746,66.3125,,0.0,-0.0012,-0.028400000000000425,-0.11450000000000005,-0.676400000000001,-0.0019,0.8319000000000001,0.2010000000000005,0.6113,-0.8217999999999996,0.0,-0.009500000000002728,0.8319000000000001,20000.0
20289,T30TUM_20000_22,S2A_MSIL2A_20230620T110621_R137_T30TUM_20230620T202552,1000,,0.0,0.0,5.75,4.25,18.75,0.0,4.0,19.75,42.0,5.5,0.0,400,0,0.0,20000.0,19999.99999999907,0.17565321922302246,67.25,,0.0,-0.0012,1.4090999999999996,0.32299999999999995,-1.551400000000001,-0.0019,-1.1056,0.3260000000000005,1.1738,-0.5717999999999996,0.0,0.9279999999999973,1.551400000000001,20000.0
20261,T30TUM_20000_22,S2A_MSIL2A_20230630T110621_R137_T30TUM_20230630T203024,20,,0.0,0.0008,0.0,15.5447,84.3859,0.0009,0.0677,0.0,0.0,0.0,0.0,1000000,0,0.0,20000.0,19999.99999999907,0.3563833236694336,0.0,,0.0,0.0,0.0,0.0,0.0,0.0,0.0,0.0,0.0,0.0,0.0,0.0,0.0,20000.0
20267,T30TUM_20000_22,S2A_MSIL2A_20230630T110621_R137_T30TUM_20230630T203024,50,,0.0,0.00125,0.0,15.545625,84.385,0.000625,0.0675,0.0,0.0,0.0,0.0,160000,0,0.0,20000.0,19999.99999999907,0.17425537109375,0.0,,0.0,0.00045,0.0,0.0009249999999987324,-0.0009000000000014552,-0.00027499999999999996,-0.00019999999999999185,0.0,0.0,0.0,0.0,0.0,0.0009249999999987324,20000.0
20273,T30TUM_20000_22,S2A_MSIL2A_20230630T110621_R137_T30TUM_20230630T203024,100,,0.0,0.0,0.0,15.6025,84.3375,0.0,0.06,0.0,0.0,0.0,0.0,40000,0,0.0,20000.0,19999.99999999907,0.16550397872924805,0.0,,0.0,-0.0008,0.0,0.05779999999999852,-0.04840000000000089,-0.0009,-0.0076999999999999985,0.0,0.0,0.0,0.0,0.0,0.05779999999999852,20000.0
20279,T30TUM_20000_22,S2A_MSIL2A_20230630T110621_R137_T30TUM_20230630T203024,200,,0.0,0.0,0.0,15.56,84.37,0.0,0.07,0.0,0.0,0.0,0.0,10000,0,0.0,20000.0,19999.99999999907,0.22145843505859375,0.0,,0.0,-0.0008,0.0,0.01529999999999987,-0.015900000000002024,-0.0009,0.0023000000000000104,0.0,0.0,0.0,0.0,0.0,0.015900000000002024,20000.0
20285,T30TUM_20000_22,S2A_MSIL2A_20230630T110621_R137_T30TUM_20230630T203024,500,,0.0,0.0,0.0,13.9375,86.0625,0.0,0.0,0.0,0.0,0.0,0.0,1600,0,0.0,20000.0,19999.99999999907,0.25277113914489746,0.0,,0.0,-0.0008,0.0,-1.6072000000000006,1.6765999999999934,-0.0009,-0.0677,0.0,0.0,0.0,0.0,0.0,1.6765999999999934,20000.0
20291,T30TUM_20000_22,S2A_MSIL2A_20230630T110621_R137_T30TUM_20230630T203024,1000,,0.0,0.0,0.0,13.75,86.25,0.0,0.0,0.0,0.0,0.0,0.0,400,0,0.0,20000.0,19999.99999999907,0.17565321922302246,0.0,,0.0,-0.0008,0.0,-1.7947000000000006,1.8640999999999934,-0.0009,-0.0677,0.0,0.0,0.0,0.0,0.0,1.8640999999999934,20000.0
20256,T30TUM_20000_22,S2B_MSIL2A_20230605T110619_R137_T30TUM_20230605T163049,20,,0.0,0.0061,11.9838,16.8754,50.4316,0.0001,0.3649,10.1306,10.2075,0.0,0.0,1000000,0,0.0,20000.0,19999.99999999907,0.3563833236694336,20.338099999999997,,0.0,0.0,0.0,0.0,0.0,0.0,0.0,0.0,0.0,0.0,0.0,0.0,0.0,20000.0
20262,T30TUM_20000_22,S2B_MSIL2A_20230605T110619_R137_T30TUM_20230605T163049,50,,0.0,0.008125,11.986875,16.898125,50.388125,0.0,0.368125,10.13625,10.214375,0.0,0.0,160000,0,0.0,20000.0,19999.99999999907,0.17425537109375,20.350625,,0.0,0.002025,0.0030749999999990507,0.022725000000001216,-0.04347500000000082,-0.0001,0.003224999999999978,0.005650000000001043,0.006875000000000853,0.0,0.0,0.012525000000003672,0.04347500000000082,20000.0
20268,T30TUM_20000_22,S2B_MSIL2A_20230605T110619_R137_T30TUM_20230605T163049,100,,0.0,0.0075,12.0525,16.9925,50.2375,0.0,0.41,10.135,10.165,0.0,0.0,40000,0,0.0,20000.0,19999.99999999907,0.16550397872924805,20.299999999999997,,0.0,0.0013999999999999993,0.06869999999999976,0.11710000000000065,-0.19410000000000593,-0.0001,0.04509999999999997,0.004400000000000404,-0.042500000000000426,0.0,0.0,-0.03810000000000002,0.19410000000000593,20000.0
20274,T30TUM_20000_22,S2B_MSIL2A_20230605T110619_R137_T30TUM_20230605T163049,200,,0.0,0.0,11.87,16.61,50.72,0.0,0.32,10.18,10.3,0.0,0.0,10000,0,0.0,20000.0,19999.99999999907,0.22145843505859375,20.48,,0.0,-0.0061,-0.11380000000000123,-0.26539999999999964,0.28839999999999577,-0.0001,-0.044899999999999995,0.04940000000000033,0.09250000000000114,0.0,0.0,0.14190000000000325,0.28839999999999577,20000.0
20280,T30TUM_20000_22,S2B_MSIL2A_20230605T110619_R137_T30TUM_20230605T163049,500,,0.0,0.0,12.0625,15.875,51.5,0.0,0.3125,9.625,10.625,0.0,0.0,1600,0,0.0,20000.0,19999.99999999907,0.25277113914489746,20.25,,0.0,-0.0061,0.07869999999999955,-1.000399999999999,1.068399999999997,-0.0001,-0.0524,-0.5055999999999994,0.4175000000000004,0.0,0.0,-0.08809999999999718,1.068399999999997,20000.0
20286,T30TUM_20000_22,S2B_MSIL2A_20230605T110619_R137_T30TUM_20230605T163049,1000,,0.0,0.0,11.5,15.5,51.5,0.0,0.0,10.25,11.25,0.0,0.0,400,0,0.0,20000.0,19999.99999999907,0.17565321922302246,21.5,,0.0,-0.0061,-0.48380000000000045,-1.375399999999999,1.068399999999997,-0.0001,-0.3649,0.11940000000000062,1.0425000000000004,0.0,0.0,1.1619000000000028,1.375399999999999,20000.0
20258,T30TUM_20000_22,S2B_MSIL2A_20230615T110629_R137_T30TUM_20230615T205813,20,,0.0,0.0,0.0,21.0467,78.939,0.0023,0.012,0.0,0.0,0.0,0.0,1000000,0,0.0,20000.0,19999.99999999907,0.3563833236694336,0.0,,0.0,0.0,0.0,0.0,0.0,0.0,0.0,0.0,0.0,0.0,0.0,0.0,0.0,20000.0
20264,T30TUM_20000_22,S2B_MSIL2A_20230615T110629_R137_T30TUM_20230615T205813,50,,0.0,0.0,0.0,21.07625,78.908125,0.003125,0.0125,0.0,0.0,0.0,0.0,160000,0,0.0,20000.0,19999.99999999907,0.17425537109375,0.0,,0.0,0.0,0.0,0.02955000000000041,-0.030874999999994657,0.0008250000000000002,0.0005000000000000004,0.0,0.0,0.0,0.0,0.0,0.030874999999994657,20000.0
20270,T30TUM_20000_22,S2B_MSIL2A_20230615T110629_R137_T30TUM_20230615T205813,100,,0.0,0.0,0.0,21.1575,78.825,0.0025,0.015,0.0,0.0,0.0,0.0,40000,0,0.0,20000.0,19999.99999999907,0.16550397872924805,0.0,,0.0,0.0,0.0,0.11079999999999757,-0.11399999999999011,0.0002000000000000001,0.002999999999999999,0.0,0.0,0.0,0.0,0.0,0.11399999999999011,20000.0
20276,T30TUM_20000_22,S2B_MSIL2A_20230615T110629_R137_T30TUM_20230615T205813,200,,0.0,0.0,0.0,20.73,79.27,0.0,0.0,0.0,0.0,0.0,0.0,10000,0,0.0,20000.0,19999.99999999907,0.22145843505859375,0.0,,0.0,0.0,0.0,-0.31670000000000087,0.33100000000000307,-0.0023,-0.012,0.0,0.0,0.0,0.0,0.0,0.33100000000000307,20000.0
20282,T30TUM_20000_22,S2B_MSIL2A_20230615T110629_R137_T30TUM_20230615T205813,500,,0.0,0.0,0.0,20.9375,79.0625,0.0,0.0,0.0,0.0,0.0,0.0,1600,0,0.0,20000.0,19999.99999999907,0.25277113914489746,0.0,,0.0,0.0,0.0,-0.1092000000000013,0.12350000000000705,-0.0023,-0.012,0.0,0.0,0.0,0.0,0.0,0.12350000000000705,20000.0
20288,T30TUM_20000_22,S2B_MSIL2A_20230615T110629_R137_T30TUM_20230615T205813,1000,,0.0,0.0,0.0,18.25,81.75,0.0,0.0,0.0,0.0,0.0,0.0,400,0,0.0,20000.0,19999.99999999907,0.17565321922302246,0.0,,0.0,0.0,0.0,-2.7967000000000013,2.811000000000007,-0.0023,-0.012,0.0,0.0,0.0,0.0,0.0,2.811000000000007,20000.0
20260,T30TUM_20000_22,S2B_MSIL2A_20230625T110619_R137_T30TUM_20230625T164707,20,,0.0,0.0,0.0,17.3283,82.6613,0.0002,0.0102,0.0,0.0,0.0,0.0,1000000,0,0.0,20000.0,19999.99999999907,0.3563833236694336,0.0,,0.0,0.0,0.0,0.0,0.0,0.0,0.0,0.0,0.0,0.0,0.0,0.0,0.0,20000.0
20266,T30TUM_20000_22,S2B_MSIL2A_20230625T110619_R137_T30TUM_20230625T164707,50,,0.0,0.0,0.0,17.34,82.65125,0.0,0.00875,0.0,0.0,0.0,0.0,160000,0,0.0,20000.0,19999.99999999907,0.17425537109375,0.0,,0.0,0.0,0.0,0.011700000000001154,-0.010049999999992565,-0.0002,-0.00145,0.0,0.0,0.0,0.0,0.0,0.011700000000001154,20000.0
20272,T30TUM_20000_22,S2B_MSIL2A_20230625T110619_R137_T30TUM_20230625T164707,100,,0.0,0.0,0.0,17.3775,82.61,0.0,0.0125,0.0,0.0,0.0,0.0,40000,0,0.0,20000.0,19999.99999999907,0.16550397872924805,0.0,,0.0,0.0,0.0,0.049200000000002575,-0.05129999999999768,-0.0002,0.0023,0.0,0.0,0.0,0.0,0.0,0.05129999999999768,20000.0
20278,T30TUM_20000_22,S2B_MSIL2A_20230625T110619_R137_T30TUM_20230625T164707,200,,0.0,0.0,0.0,17.28,82.72,0.0,0.0,0.0,0.0,0.0,0.0,10000,0,0.0,20000.0,19999.99999999907,0.22145843505859375,0.0,,0.0,0.0,0.0,-0.04829999999999757,0.05870000000000175,-0.0002,-0.0102,0.0,0.0,0.0,0.0,0.0,0.05870000000000175,20000.0
20284,T30TUM_20000_22,S2B_MSIL2A_20230625T110619_R137_T30TUM_20230625T164707,500,,0.0,0.0,0.0,15.9375,84.0625,0.0,0.0,0.0,0.0,0.0,0.0,1600,0,0.0,20000.0,19999.99999999907,0.25277113914489746,0.0,,0.0,0.0,0.0,-1.3907999999999987,1.4012000000000029,-0.0002,-0.0102,0.0,0.0,0.0,0.0,0.0,1.4012000000000029,20000.0
20290,T30TUM_20000_22,S2B_MSIL2A_20230625T110619_R137_T30TUM_20230625T164707,1000,,0.0,0.0,0.0,13.5,86.5,0.0,0.0,0.0,0.0,0.0,0.0,400,0,0.0,20000.0,19999.99999999907,0.17565321922302246,0.0,,0.0,0.0,0.0,-3.8282999999999987,3.838700000000003,-0.0002,-0.0102,0.0,0.0,0.0,0.0,0.0,3.838700000000003,20000.0
20293,T30TUM_20000_23,S2A_MSIL2A_20230610T110621_R137_T30TUN_20230610T203048,20,,0.0,0.0,5.1606,8.2207,22.4717,0.0002,5.9772,24.3234,32.9165,0.9297,0.0,1000000,0,0.0,20000.0,20000.00000000093,0.37761545181274414,58.169599999999996,,0.0,0.0,0.0,0.0,0.0,0.0,0.0,0.0,0.0,0.0,0.0,0.0,0.0,20000.0
20299,T30TUM_20000_23,S2A_MSIL2A_20230610T110621_R137_T30TUN_20230610T203048,50,,0.0,0.0,5.1425,8.208125,22.464375,0.000625,5.96875,24.34,32.94125,0.934375,0.0,160000,0,0.0,20000.0,20000.00000000093,0.2859671115875244,58.215625,,0.0,0.0,-0.01809999999999956,-0.012575000000000003,-0.0073249999999980275,0.00042500000000000003,-0.008449999999999847,0.016600000000000392,0.024749999999997385,0.004674999999999985,0.0,0.04602500000000731,0.04602500000000731,20000.0
20305,T30TUM_20000_23,S2A_MSIL2A_20230610T110621_R137_T30TUN_20230610T203048,100,,0.0,0.0,5.205,8.1875,22.4125,0.0,5.8625,24.4775,32.9375,0.9175,0.0,40000,0,0.0,20000.0,20000.00000000093,0.22631263732910156,58.332499999999996,,0.0,0.0,0.04440000000000044,-0.033200000000000784,-0.05919999999999703,-0.0002,-0.11470000000000002,0.15409999999999968,0.021000000000000796,-0.012199999999999989,0.0,0.1629000000000005,0.1629000000000005,20000.0
20311,T30TUM_20000_23,S2A_MSIL2A_20230610T110621_R137_T30TUN_20230610T203048,200,,0.0,0.0,5.07,8.27,22.32,0.0,5.75,24.24,33.46,0.89,0.0,10000,0,0.0,20000.0,20000.00000000093,0.16935157775878906,58.59,,0.0,0.0,-0.09059999999999935,0.04929999999999879,-0.15169999999999817,-0.0002,-0.22719999999999985,-0.08340000000000103,0.5435000000000016,-0.03969999999999996,0.0,0.4204000000000079,0.4204000000000079,20000.0
20317,T30TUM_20000_23,S2A_MSIL2A_20230610T110621_R137_T30TUN_20230610T203048,500,,0.0,0.0,5.6875,7.625,22.625,0.0,5.75,24.125,33.625,0.5625,0.0,1600,0,0.0,20000.0,20000.00000000093,0.16511058807373047,58.3125,,0.0,0.0,0.5269000000000004,-0.5957000000000008,0.15330000000000155,-0.0002,-0.22719999999999985,-0.19839999999999947,0.7085000000000008,-0.36719999999999997,0.0,0.14290000000000447,0.5957000000000008,20000.0
20323,T30TUM_20000_23,S2A_MSIL2A_20230610T110621_R137_T30TUN_20230610T203048,1000,,0.0,0.0,4.0,8.25,23.0,0.0,6.75,22.0,35.25,0.75,0.0,400,0,0.0,20000.0,20000.00000000093,0.26570701599121094,58.0,,0.0,0.0,-1.1605999999999996,0.029299999999999216,0.5283000000000015,-0.0002,0.7728000000000002,-2.3233999999999995,2.333500000000001,-0.17969999999999997,0.0,-0.16959999999999553,1.1605999999999996,20000.0
20295,T30TUM_20000_23,S2A_MSIL2A_20230620T110621_R137_T30TUN_20230620T202556,20,,0.0,0.0,0.7538,1.3836,8.134,0.0,1.4161,23.398,42.9739,21.9406,0.0,1000000,0,0.0,20000.0,20000.00000000093,0.37761545181274414,88.3125,,0.0,0.0,0.0,0.0,0.0,0.0,0.0,0.0,0.0,0.0,0.0,0.0,0.0,20000.0
20301,T30TUM_20000_23,S2A_MSIL2A_20230620T110621_R137_T30TUN_20230620T202556,50,,0.0,0.0,0.760625,1.39375,8.19875,0.0,1.41375,23.38125,42.904375,21.9475,0.0,160000,0,0.0,20000.0,20000.00000000093,0.2859671115875244,88.23312500000002,,0.0,0.0,0.00682499999999997,0.010150000000000103,0.06475000000000009,0.0,-0.002349999999999852,-0.016749999999998266,-0.06952499999999873,0.0069000000000016826,0.0,-0.07937499999998465,0.07937499999998465,20000.0
20307,T30TUM_20000_23,S2A_MSIL2A_20230620T110621_R137_T30TUN_20230620T202556,100,,0.0,0.0,0.7525,1.415,8.3275,0.0,1.38,23.495,42.79,21.84,0.0,40000,0,0.0,20000.0,20000.00000000093,0.22631263732910156,88.125,,0.0,0.0,-0.0013000000000000789,0.031400000000000095,0.19350000000000023,0.0,-0.03610000000000002,0.09700000000000131,-0.18390000000000128,-0.10060000000000002,0.0,-0.1875,0.19350000000000023,20000.0
20313,T30TUM_20000_23,S2A_MSIL2A_20230620T110621_R137_T30TUN_20230620T202556,200,,0.0,0.0,0.75,1.38,8.25,0.0,1.45,23.56,42.51,22.1,0.0,10000,0,0.0,20000.0,20000.00000000093,0.16935157775878906,88.16999999999999,,0.0,0.0,-0.0038000000000000256,-0.0036000000000000476,0.11599999999999966,0.0,0.03390000000000004,0.16199999999999903,-0.4639000000000024,0.15940000000000154,0.0,-0.1425000000000125,0.1425000000000125,20000.0
20319,T30TUM_20000_23,S2A_MSIL2A_20230620T110621_R137_T30TUN_20230620T202556,500,,0.0,0.0,0.8125,1.3125,8.4375,0.0,1.5625,23.5,42.5625,21.8125,0.0,1600,0,0.0,20000.0,20000.00000000093,0.16511058807373047,87.875,,0.0,0.0,0.058699999999999974,-0.07109999999999994,0.30349999999999966,0.0,0.14640000000000009,0.10200000000000031,-0.41140000000000043,-0.12809999999999988,0.0,-0.4375,0.4375,20000.0
20325,T30TUM_20000_23,S2A_MSIL2A_20230620T110621_R137_T30TUN_20230620T202556,1000,,0.0,0.0,0.5,1.25,8.5,0.0,2.0,25.25,42.25,20.25,0.0,400,0,0.0,20000.0,20000.00000000093,0.26570701599121094,87.75,,0.0,0.0,-0.2538,-0.13359999999999994,0.36599999999999966,0.0,0.5839000000000001,1.8520000000000003,-0.7239000000000004,-1.6905999999999999,0.0,-0.5625,0.5839000000000001,20000.0
20297,T30TUM_20000_23,S2A_MSIL2A_20230630T110621_R137_T30TUN_20230630T203023,20,,0.0,0.0001,0.0,30.6009,69.3915,0.0,0.0066,0.0,0.0,0.0009,0.0,1000000,0,0.0,20000.0,20000.00000000093,0.37761545181274414,0.0009,,0.0,0.0,0.0,0.0,0.0,0.0,0.0,0.0,0.0,0.0,0.0,0.0,0.0,20000.0
20303,T30TUM_20000_23,S2A_MSIL2A_20230630T110621_R137_T30TUN_20230630T203023,50,,0.0,0.0,0.0,30.54125,69.45,0.0,0.006875,0.0,0.0,0.001875,0.0,160000,0,0.0,20000.0,20000.00000000093,0.2859671115875244,0.001875,,0.0,-0.0001,0.0,-0.05964999999999776,0.05850000000000932,0.0,0.00027500000000000007,0.0,0.0,0.000975,0.0,0.000975,0.05964999999999776,20000.0
20309,T30TUM_20000_23,S2A_MSIL2A_20230630T110621_R137_T30TUN_20230630T203023,100,,0.0,0.0,0.0,30.415,69.5825,0.0,0.0025,0.0,0.0,0.0,0.0,40000,0,0.0,20000.0,20000.00000000093,0.22631263732910156,0.0,,0.0,-0.0001,0.0,-0.18590000000000018,0.1910000000000025,0.0,-0.0040999999999999995,0.0,0.0,-0.0009,0.0,-0.0009,0.1910000000000025,20000.0
20315,T30TUM_20000_23,S2A_MSIL2A_20230630T110621_R137_T30TUN_20230630T203023,200,,0.0,0.0,0.0,30.46,69.54,0.0,0.0,0.0,0.0,0.0,0.0,10000,0,0.0,20000.0,20000.00000000093,0.16935157775878906,0.0,,0.0,-0.0001,0.0,-0.14089999999999847,0.14850000000001273,0.0,-0.0066,0.0,0.0,-0.0009,0.0,-0.0009,0.14850000000001273,20000.0
20321,T30TUM_20000_23,S2A_MSIL2A_20230630T110621_R137_T30TUN_20230630T203023,500,,0.0,0.0,0.0,30.8125,69.1875,0.0,0.0,0.0,0.0,0.0,0.0,1600,0,0.0,20000.0,20000.00000000093,0.16511058807373047,0.0,,0.0,-0.0001,0.0,0.21160000000000068,-0.20399999999999352,0.0,-0.0066,0.0,0.0,-0.0009,0.0,-0.0009,0.21160000000000068,20000.0
20327,T30TUM_20000_23,S2A_MSIL2A_20230630T110621_R137_T30TUN_20230630T203023,1000,,0.0,0.0,0.0,31.0,69.0,0.0,0.0,0.0,0.0,0.0,0.0,400,0,0.0,20000.0,20000.00000000093,0.26570701599121094,0.0,,0.0,-0.0001,0.0,0.3991000000000007,-0.3914999999999935,0.0,-0.0066,0.0,0.0,-0.0009,0.0,-0.0009,0.3991000000000007,20000.0
20292,T30TUM_20000_23,S2B_MSIL2A_20230605T110619_R137_T30TUN_20230605T165004,20,,0.0,0.0242,6.2626,32.0514,53.2655,0.0,0.3307,5.1999,2.8657,0.0,0.0,1000000,0,0.0,20000.0,20000.00000000093,0.37761545181274414,8.0656,,0.0,0.0,0.0,0.0,0.0,0.0,0.0,0.0,0.0,0.0,0.0,0.0,0.0,20000.0
20298,T30TUM_20000_23,S2B_MSIL2A_20230605T110619_R137_T30TUN_20230605T165004,50,,0.0,0.02875,6.276875,32.03875,53.281875,0.0,0.329375,5.203125,2.84125,0.0,0.0,160000,0,0.0,20000.0,20000.00000000093,0.2859671115875244,8.044375,,0.0,0.004550000000000002,0.014275000000000482,-0.012650000000000716,0.016374999999996476,0.0,-0.0013250000000000206,0.0032249999999995893,-0.02444999999999986,0.0,0.0,-0.021224999999999383,0.021224999999999383,20000.0
20304,T30TUM_20000_23,S2B_MSIL2A_20230605T110619_R137_T30TUN_20230605T165004,100,,0.0,0.0225,6.2025,32.0275,53.3625,0.0,0.3375,5.2425,2.805,0.0,0.0,40000,0,0.0,20000.0,20000.00000000093,0.22631263732910156,8.0475,,0.0,-0.0017000000000000001,-0.060100000000000264,-0.02389999999999759,0.0969999999999942,0.0,0.006800000000000028,0.042599999999999305,-0.060699999999999754,0.0,0.0,-0.01810000000000045,0.0969999999999942,20000.0
20310,T30TUM_20000_23,S2B_MSIL2A_20230605T110619_R137_T30TUN_20230605T165004,200,,0.0,0.02,6.33,31.41,53.78,0.0,0.3,5.2,2.96,0.0,0.0,10000,0,0.0,20000.0,20000.00000000093,0.16935157775878906,8.16,,0.0,-0.004199999999999999,0.06740000000000013,-0.6414000000000009,0.5144999999999982,0.0,-0.030700000000000005,9.999999999976694e-05,0.09430000000000005,0.0,0.0,0.09440000000000026,0.6414000000000009,20000.0
20316,T30TUM_20000_23,S2B_MSIL2A_20230605T110619_R137_T30TUN_20230605T165004,500,,0.0,0.0,6.25,32.125,53.4375,0.0,0.25,5.3125,2.625,0.0,0.0,1600,0,0.0,20000.0,20000.00000000093,0.16511058807373047,7.9375,,0.0,-0.0242,-0.012599999999999945,0.073599999999999,0.17199999999999704,0.0,-0.0807,0.11259999999999959,-0.24069999999999991,0.0,0.0,-0.12809999999999988,0.17199999999999704,20000.0
20322,T30TUM_20000_23,S2B_MSIL2A_20230605T110619_R137_T30TUN_20230605T165004,1000,,0.0,0.0,6.0,30.5,54.5,0.0,0.75,6.0,2.25,0.0,0.0,400,0,0.0,20000.0,20000.00000000093,0.26570701599121094,8.25,,0.0,-0.0242,-0.26259999999999994,-1.551400000000001,1.234499999999997,0.0,0.4193,0.8000999999999996,-0.6156999999999999,0.0,0.0,0.18440000000000012,1.551400000000001,20000.0
20294,T30TUM_20000_23,S2B_MSIL2A_20230615T110629_R137_T30TUN_20230615T203627,20,,0.0,0.0001,0.0,38.0693,61.8804,0.0029,0.0163,0.0282,0.0028,0.0,0.0,1000000,0,0.0,20000.0,20000.00000000093,0.37761545181274414,0.031,,0.0,0.0,0.0,0.0,0.0,0.0,0.0,0.0,0.0,0.0,0.0,0.0,0.0,20000.0
20300,T30TUM_20000_23,S2B_MSIL2A_20230615T110629_R137_T30TUN_20230615T203627,50,,0.0,0.0,0.0,38.058125,61.89625,0.0025,0.01625,0.02375,0.003125,0.0,0.0,160000,0,0.0,20000.0,20000.00000000093,0.2859671115875244,0.026875,,0.0,-0.0001,0.0,-0.01117500000000149,0.015850000000000364,-0.00039999999999999975,-4.999999999999796e-05,-0.004449999999999999,0.0003250000000000002,0.0,0.0,-0.004125,0.015850000000000364,20000.0
20306,T30TUM_20000_23,S2B_MSIL2A_20230615T110629_R137_T30TUN_20230615T203627,100,,0.0,0.0,0.0,37.985,61.9625,0.0025,0.03,0.0175,0.0025,0.0,0.0,40000,0,0.0,20000.0,20000.00000000093,0.22631263732910156,0.02,,0.0,-0.0001,0.0,-0.08429999999999893,0.08209999999999695,-0.00039999999999999975,0.0137,-0.010699999999999998,-0.0002999999999999999,0.0,0.0,-0.011,0.08429999999999893,20000.0
20312,T30TUM_20000_23,S2B_MSIL2A_20230615T110629_R137_T30TUN_20230615T203627,200,,0.0,0.0,0.0,37.47,62.5,0.0,0.01,0.02,0.0,0.0,0.0,10000,0,0.0,20000.0,20000.00000000093,0.16935157775878906,0.02,,0.0,-0.0001,0.0,-0.5992999999999995,0.6195999999999984,-0.0029,-0.006299999999999998,-0.008199999999999999,-0.0028,0.0,0.0,-0.011,0.6195999999999984,20000.0
20318,T30TUM_20000_23,S2B_MSIL2A_20230615T110629_R137_T30TUN_20230615T203627,500,,0.0,0.0,0.0,37.0625,62.875,0.0,0.0,0.0625,0.0,0.0,0.0,1600,0,0.0,20000.0,20000.00000000093,0.16511058807373047,0.0625,,0.0,-0.0001,0.0,-1.0067999999999984,0.9945999999999984,-0.0029,-0.0163,0.0343,-0.0028,0.0,0.0,0.0315,1.0067999999999984,20000.0
20324,T30TUM_20000_23,S2B_MSIL2A_20230615T110629_R137_T30TUN_20230615T203627,1000,,0.0,0.0,0.0,37.5,62.5,0.0,0.0,0.0,0.0,0.0,0.0,400,0,0.0,20000.0,20000.00000000093,0.26570701599121094,0.0,,0.0,-0.0001,0.0,-0.5692999999999984,0.6195999999999984,-0.0029,-0.0163,-0.0282,-0.0028,0.0,0.0,-0.031,0.6195999999999984,20000.0
20296,T30TUM_20000_23,S2B_MSIL2A_20230625T110619_R137_T30TUN_20230625T165543,20,,0.0,0.0001,0.0,31.7656,68.2315,0.0004,0.0024,0.0,0.0,0.0,0.0,1000000,0,0.0,20000.0,20000.00000000093,0.37761545181274414,0.0,,0.0,0.0,0.0,0.0,0.0,0.0,0.0,0.0,0.0,0.0,0.0,0.0,0.0,20000.0
20302,T30TUM_20000_23,S2B_MSIL2A_20230625T110619_R137_T30TUN_20230625T165543,50,,0.0,0.0,0.0,31.758125,68.24,0.0,0.001875,0.0,0.0,0.0,0.0,160000,0,0.0,20000.0,20000.00000000093,0.2859671115875244,0.0,,0.0,-0.0001,0.0,-0.007474999999999454,0.008499999999997954,-0.0004,-0.0005249999999999999,0.0,0.0,0.0,0.0,0.0,0.008499999999997954,20000.0
20308,T30TUM_20000_23,S2B_MSIL2A_20230625T110619_R137_T30TUN_20230625T165543,100,,0.0,0.0,0.0,31.6975,68.3,0.0,0.0025,0.0,0.0,0.0,0.0,40000,0,0.0,20000.0,20000.00000000093,0.22631263732910156,0.0,,0.0,-0.0001,0.0,-0.0680999999999976,0.06850000000000023,-0.0004,0.00010000000000000026,0.0,0.0,0.0,0.0,0.0,0.06850000000000023,20000.0
20314,T30TUM_20000_23,S2B_MSIL2A_20230625T110619_R137_T30TUN_20230625T165543,200,,0.0,0.0,0.0,31.45,68.55,0.0,0.0,0.0,0.0,0.0,0.0,10000,0,0.0,20000.0,20000.00000000093,0.16935157775878906,0.0,,0.0,-0.0001,0.0,-0.3155999999999999,0.3185000000000002,-0.0004,-0.0024,0.0,0.0,0.0,0.0,0.0,0.3185000000000002,20000.0
20320,T30TUM_20000_23,S2B_MSIL2A_20230625T110619_R137_T30TUN_20230625T165543,500,,0.0,0.0,0.0,32.25,67.75,0.0,0.0,0.0,0.0,0.0,0.0,1600,0,0.0,20000.0,20000.00000000093,0.16511058807373047,0.0,,0.0,-0.0001,0.0,0.48440000000000083,-0.48149999999999693,-0.0004,-0.0024,0.0,0.0,0.0,0.0,0.0,0.48440000000000083,20000.0
20326,T30TUM_20000_23,S2B_MSIL2A_20230625T110619_R137_T30TUN_20230625T165543,1000,,0.0,0.0,0.0,33.75,66.25,0.0,0.0,0.0,0.0,0.0,0.0,400,0,0.0,20000.0,20000.00000000093,0.26570701599121094,0.0,,0.0,-0.0001,0.0,1.9844000000000008,-1.981499999999997,-0.0004,-0.0024,0.0,0.0,0.0,0.0,0.0,1.9844000000000008,20000.0
20329,T30TUM_20000_24,S2A_MSIL2A_20230610T110621_R137_T30TUM_20230610T202756,20,,0.0,0.0,2.6367,1.7379,3.3269,0.0,2.5603,17.3259,71.3618,1.0505,0.0,1000000,0,0.0,20000.00000000006,20000.0,0.29899120330810547,89.7382,,0.0,0.0,0.0,0.0,0.0,0.0,0.0,0.0,0.0,0.0,0.0,0.0,0.0,20000.0
20335,T30TUM_20000_24,S2A_MSIL2A_20230610T110621_R137_T30TUM_20230610T202756,50,,0.0,0.0,2.648125,1.75625,3.310625,0.0,2.558125,17.28375,71.3925,1.050625,0.0,160000,0,0.0,20000.00000000006,20000.0,0.23465561866760254,89.72687499999999,,0.0,0.0,0.011425000000000018,0.01835000000000009,-0.01627500000000026,0.0,-0.002174999999999816,-0.042149999999999466,0.030699999999995953,0.00012499999999993072,0.0,-0.011325000000013574,0.01835000000000009,20000.0
20341,T30TUM_20000_24,S2A_MSIL2A_20230610T110621_R137_T30TUM_20230610T202756,100,,0.0,0.0,2.62,1.7825,3.3675,0.0,2.4925,17.2125,71.4725,1.0525,0.0,40000,0,0.0,20000.00000000006,20000.0,0.2500300407409668,89.7375,,0.0,0.0,-0.016699999999999715,0.04459999999999997,0.04059999999999997,0.0,-0.06779999999999964,-0.11340000000000217,0.11069999999999425,0.0020000000000000018,0.0,-0.0007000000000090267,0.06779999999999964,20000.0
20347,T30TUM_20000_24,S2A_MSIL2A_20230610T110621_R137_T30TUM_20230610T202756,200,,0.0,0.0,2.61,1.71,3.21,0.0,2.47,17.56,71.37,1.07,0.0,10000,0,0.0,20000.00000000006,20000.0,0.20239782333374023,90.0,,0.0,0.0,-0.026699999999999946,-0.027900000000000036,-0.11690000000000023,0.0,-0.0902999999999996,0.23409999999999798,0.008200000000002206,0.019500000000000073,0.0,0.2617999999999938,0.2617999999999938,20000.0
20353,T30TUM_20000_24,S2A_MSIL2A_20230610T110621_R137_T30TUM_20230610T202756,500,,0.0,0.0,2.1875,1.75,3.5625,0.0,2.75,16.8125,72.125,0.8125,0.0,1600,0,0.0,20000.00000000006,20000.0,0.273897647857666,89.75,,0.0,0.0,-0.4491999999999998,0.0121,0.2355999999999998,0.0,0.1897000000000002,-0.5134000000000007,0.7631999999999977,-0.238,0.0,0.011799999999993815,0.4491999999999998,20000.0
20359,T30TUM_20000_24,S2A_MSIL2A_20230610T110621_R137_T30TUM_20230610T202756,1000,,0.0,0.0,2.0,1.25,3.25,0.0,2.75,20.75,69.25,0.75,0.0,400,0,0.0,20000.00000000006,20000.0,0.16028523445129395,90.75,,0.0,0.0,-0.6366999999999998,-0.4879,-0.07690000000000019,0.0,0.1897000000000002,3.4240999999999993,-2.1118000000000023,-0.3005,0.0,1.0117999999999938,1.0117999999999938,20000.0
20331,T30TUM_20000_24,S2A_MSIL2A_20230620T110621_R137_T30TUM_20230620T202552,20,,0.0,0.0,0.0148,0.0264,0.7868,0.0,0.0132,28.9357,58.0199,12.2032,0.0,1000000,0,0.0,20000.00000000006,20000.0,0.29899120330810547,99.1588,,0.0,0.0,0.0,0.0,0.0,0.0,0.0,0.0,0.0,0.0,0.0,0.0,0.0,20000.0
20337,T30TUM_20000_24,S2A_MSIL2A_20230620T110621_R137_T30TUM_20230620T202552,50,,0.0,0.0,0.015,0.02875,0.768125,0.0,0.010625,28.9075,58.074375,12.195625,0.0,160000,0,0.0,20000.00000000006,20000.0,0.23465561866760254,99.17750000000001,,0.0,0.0,0.0001999999999999988,0.0023500000000000014,-0.018675000000000108,0.0,-0.002574999999999999,-0.02820000000000178,0.054475000000003604,-0.007575000000000998,0.0,0.01870000000000971,0.01870000000000971,20000.0
20343,T30TUM_20000_24,S2A_MSIL2A_20230620T110621_R137_T30TUM_20230620T202552,100,,0.0,0.0,0.0125,0.0275,0.7675,0.0,0.02,28.825,58.205,12.1425,0.0,40000,0,0.0,20000.00000000006,20000.0,0.2500300407409668,99.1725,,0.0,0.0,-0.0023,0.0011000000000000003,-0.019300000000000095,0.0,0.0068000000000000005,-0.11070000000000135,0.1850999999999985,-0.06070000000000064,0.0,0.013700000000000045,0.019300000000000095,20000.0
20349,T30TUM_20000_24,S2A_MSIL2A_20230620T110621_R137_T30TUM_20230620T202552,200,,0.0,0.0,0.02,0.0,0.74,0.0,0.01,28.97,58.34,11.92,0.0,10000,0,0.0,20000.00000000006,20000.0,0.20239782333374023,99.23,,0.0,0.0,0.0052,-0.0264,-0.046800000000000064,0.0,-0.0031999999999999997,0.03429999999999822,0.3201000000000036,-0.2832000000000008,0.0,0.07120000000000459,0.07120000000000459,20000.0
20355,T30TUM_20000_24,S2A_MSIL2A_20230620T110621_R137_T30TUM_20230620T202552,500,,0.0,0.0,0.0625,0.0,0.625,0.0,0.0,28.625,58.75,11.9375,0.0,1600,0,0.0,20000.00000000006,20000.0,0.273897647857666,99.3125,,0.0,0.0,0.0477,-0.0264,-0.16180000000000005,0.0,-0.0132,-0.31070000000000064,0.7301000000000002,-0.2657000000000007,0.0,0.15370000000000061,0.16180000000000005,20000.0
20361,T30TUM_20000_24,S2A_MSIL2A_20230620T110621_R137_T30TUM_20230620T202552,1000,,0.0,0.0,0.0,0.0,1.0,0.0,0.0,27.25,59.5,12.25,0.0,400,0,0.0,20000.00000000006,20000.0,0.16028523445129395,99.0,,0.0,0.0,-0.0148,-0.0264,0.21319999999999995,0.0,-0.0132,-1.6857000000000006,1.4801000000000002,0.04679999999999929,0.0,-0.15879999999999939,0.21319999999999995,20000.0
20333,T30TUM_20000_24,S2A_MSIL2A_20230630T110621_R137_T30TUM_20230630T203024,20,,0.0,0.0034,0.0,24.2677,75.7167,0.0051,0.0047,0.0,0.0,0.0024,0.0,1000000,0,0.0,20000.00000000006,20000.0,0.29899120330810547,0.0024,,0.0,0.0,0.0,0.0,0.0,0.0,0.0,0.0,0.0,0.0,0.0,0.0,0.0,20000.0
20339,T30TUM_20000_24,S2A_MSIL2A_20230630T110621_R137_T30TUM_20230630T203024,50,,0.0,0.00125,0.0,24.279375,75.705,0.005,0.006875,0.0,0.0,0.0025,0.0,160000,0,0.0,20000.00000000006,20000.0,0.23465561866760254,0.0025,,0.0,-0.00215,0.0,0.011675000000000324,-0.011700000000004707,-0.00010000000000000026,0.002175,0.0,0.0,0.00010000000000000026,0.0,0.00010000000000000026,0.011700000000004707,20000.0
20345,T30TUM_20000_24,S2A_MSIL2A_20230630T110621_R137_T30TUM_20230630T203024,100,,0.0,0.0025,0.0,24.245,75.7425,0.005,0.0025,0.0,0.0,0.0025,0.0,40000,0,0.0,20000.00000000006,20000.0,0.2500300407409668,0.0025,,0.0,-0.0008999999999999998,0.0,-0.022700000000000387,0.02580000000000382,-0.00010000000000000026,-0.0022,0.0,0.0,0.00010000000000000026,0.0,0.00010000000000000026,0.02580000000000382,20000.0
20351,T30TUM_20000_24,S2A_MSIL2A_20230630T110621_R137_T30TUM_20230630T203024,200,,0.0,0.0,0.0,23.97,76.03,0.0,0.0,0.0,0.0,0.0,0.0,10000,0,0.0,20000.00000000006,20000.0,0.20239782333374023,0.0,,0.0,-0.0034,0.0,-0.2977000000000025,0.31329999999999814,-0.0051,-0.0047,0.0,0.0,-0.0024,0.0,-0.0024,0.31329999999999814,20000.0
20357,T30TUM_20000_24,S2A_MSIL2A_20230630T110621_R137_T30TUM_20230630T203024,500,,0.0,0.0,0.0,24.125,75.875,0.0,0.0,0.0,0.0,0.0,0.0,1600,0,0.0,20000.00000000006,20000.0,0.273897647857666,0.0,,0.0,-0.0034,0.0,-0.14270000000000138,0.158299999999997,-0.0051,-0.0047,0.0,0.0,-0.0024,0.0,-0.0024,0.158299999999997,20000.0
20363,T30TUM_20000_24,S2A_MSIL2A_20230630T110621_R137_T30TUM_20230630T203024,1000,,0.0,0.0,0.0,25.25,74.75,0.0,0.0,0.0,0.0,0.0,0.0,400,0,0.0,20000.00000000006,20000.0,0.16028523445129395,0.0,,0.0,-0.0034,0.0,0.9822999999999986,-0.966700000000003,-0.0051,-0.0047,0.0,0.0,-0.0024,0.0,-0.0024,0.9822999999999986,20000.0
20328,T30TUM_20000_24,S2B_MSIL2A_20230605T110619_R137_T30TUM_20230605T163049,20,,0.0,0.0257,13.642,21.6005,38.6576,0.0017,0.3594,9.9766,15.5043,0.2322,0.0,1000000,0,0.0,20000.00000000006,20000.0,0.29899120330810547,25.713099999999997,,0.0,0.0,0.0,0.0,0.0,0.0,0.0,0.0,0.0,0.0,0.0,0.0,0.0,20000.0
20334,T30TUM_20000_24,S2B_MSIL2A_20230605T110619_R137_T30TUM_20230605T163049,50,,0.0,0.025,13.566875,21.636875,38.64875,0.001875,0.353125,10.005625,15.534375,0.2275,0.0,160000,0,0.0,20000.00000000006,20000.0,0.23465561866760254,25.7675,,0.0,-0.0006999999999999992,-0.07512499999999989,0.0363749999999996,-0.008850000000002467,0.00017500000000000003,-0.006274999999999975,0.029025000000000745,0.030075000000000074,-0.004699999999999982,0.0,0.054400000000001114,0.07512499999999989,20000.0
20340,T30TUM_20000_24,S2B_MSIL2A_20230605T110619_R137_T30TUM_20230605T163049,100,,0.0,0.0325,13.55,21.5225,38.755,0.0025,0.3475,10.0175,15.5475,0.225,0.0,40000,0,0.0,20000.00000000006,20000.0,0.2500300407409668,25.79,,0.0,0.0068000000000000005,-0.09199999999999875,-0.0779999999999994,0.09740000000000038,0.0008000000000000001,-0.011900000000000022,0.0409000000000006,0.043199999999998795,-0.007199999999999984,0.0,0.07690000000000197,0.09740000000000038,20000.0
20346,T30TUM_20000_24,S2B_MSIL2A_20230605T110619_R137_T30TUM_20230605T163049,200,,0.0,0.0,13.35,21.44,38.97,0.0,0.38,10.1,15.49,0.27,0.0,10000,0,0.0,20000.00000000006,20000.0,0.20239782333374023,25.86,,0.0,-0.0257,-0.2919999999999998,-0.16049999999999898,0.3123999999999967,-0.0017,0.020600000000000007,0.12340000000000018,-0.014300000000000423,0.03780000000000003,0.0,0.14690000000000225,0.3123999999999967,20000.0
20352,T30TUM_20000_24,S2B_MSIL2A_20230605T110619_R137_T30TUM_20230605T163049,500,,0.0,0.0,13.5,22.9375,38.0,0.0,0.4375,8.875,16.0,0.25,0.0,1600,0,0.0,20000.00000000006,20000.0,0.273897647857666,25.125,,0.0,-0.0257,-0.14199999999999946,1.3369999999999997,-0.6576000000000022,-0.0017,0.0781,-1.1015999999999995,0.49569999999999936,0.01780000000000001,0.0,-0.5880999999999972,1.3369999999999997,20000.0
20358,T30TUM_20000_24,S2B_MSIL2A_20230605T110619_R137_T30TUM_20230605T163049,1000,,0.0,0.0,16.5,21.75,36.75,0.0,0.0,11.0,13.75,0.25,0.0,400,0,0.0,20000.00000000006,20000.0,0.16028523445129395,25.0,,0.0,-0.0257,2.8580000000000005,0.14949999999999974,-1.9076000000000022,-0.0017,-0.3594,1.0234000000000005,-1.7543000000000006,0.01780000000000001,0.0,-0.7130999999999972,2.8580000000000005,20000.0
20330,T30TUM_20000_24,S2B_MSIL2A_20230615T110629_R137_T30TUM_20230615T205813,20,,0.0,0.114,10.0475,21.1277,54.229,0.004,0.5827,6.9163,6.6668,0.312,0.0,1000000,0,0.0,20000.00000000006,20000.0,0.29899120330810547,13.8951,,0.0,0.0,0.0,0.0,0.0,0.0,0.0,0.0,0.0,0.0,0.0,0.0,0.0,20000.0
20336,T30TUM_20000_24,S2B_MSIL2A_20230615T110629_R137_T30TUM_20230615T205813,50,,0.0,0.11125,10.05375,21.195625,54.076875,0.005,0.599375,6.92625,6.710625,0.32125,0.0,160000,0,0.0,20000.00000000006,20000.0,0.23465561866760254,13.958124999999999,,0.0,-0.0027500000000000024,0.006250000000001421,0.0679249999999989,-0.15212499999999807,0.001,0.016674999999999995,0.009949999999999903,0.043825,0.00924999999999998,0.0,0.06302499999999966,0.15212499999999807,20000.0
20342,T30TUM_20000_24,S2B_MSIL2A_20230615T110629_R137_T30TUM_20230615T205813,100,,0.0,0.12,10.085,21.08,54.0775,0.0075,0.615,6.9325,6.7375,0.345,0.0,40000,0,0.0,20000.00000000006,20000.0,0.2500300407409668,14.015,,0.0,0.0059999999999999915,0.03750000000000142,-0.04770000000000252,-0.15149999999999864,0.0034999999999999996,0.032299999999999995,0.016200000000000436,0.07069999999999954,0.032999999999999974,0.0,0.11990000000000123,0.15149999999999864,20000.0
20348,T30TUM_20000_24,S2B_MSIL2A_20230615T110629_R137_T30TUM_20230615T205813,200,,0.0,0.08,10.04,21.2,54.29,0.0,0.57,6.68,6.78,0.36,0.0,10000,0,0.0,20000.00000000006,20000.0,0.20239782333374023,13.82,,0.0,-0.034,-0.007500000000000284,0.07229999999999848,0.06099999999999994,-0.004,-0.012700000000000045,-0.23629999999999995,0.11319999999999997,0.04799999999999999,0.0,-0.07509999999999906,0.07509999999999906,20000.0
20354,T30TUM_20000_24,S2B_MSIL2A_20230615T110629_R137_T30TUM_20230615T205813,500,,0.0,0.125,9.4375,22.1875,54.75,0.0,0.375,6.3125,6.5,0.3125,0.0,1600,0,0.0,20000.00000000006,20000.0,0.273897647857666,13.125,,0.0,0.010999999999999996,-0.6099999999999994,1.0597999999999992,0.5210000000000008,-0.004,-0.2077,-0.6037999999999997,-0.16680000000000028,0.0005000000000000004,0.0,-0.7700999999999993,1.0597999999999992,20000.0
20360,T30TUM_20000_24,S2B_MSIL2A_20230615T110629_R137_T30TUM_20230615T205813,1000,,0.0,0.0,10.5,22.5,54.75,0.0,0.75,6.25,5.25,0.0,0.0,400,0,0.0,20000.00000000006,20000.0,0.16028523445129395,11.5,,0.0,-0.114,0.45250000000000057,1.3722999999999992,0.5210000000000008,-0.004,0.1673,-0.6662999999999997,-1.4168000000000003,-0.312,0.0,-2.3950999999999993,2.3950999999999993,20000.0
20332,T30TUM_20000_24,S2B_MSIL2A_20230625T110619_R137_T30TUM_20230625T164707,20,,0.0,0.0267,8.2123,19.0085,62.791,0.0034,0.1843,5.107,4.4946,0.1722,0.0,1000000,0,0.0,20000.00000000006,20000.0,0.29899120330810547,9.773800000000001,,0.0,0.0,0.0,0.0,0.0,0.0,0.0,0.0,0.0,0.0,0.0,0.0,0.0,20000.0
20338,T30TUM_20000_24,S2B_MSIL2A_20230625T110619_R137_T30TUM_20230625T164707,50,,0.0,0.025625,8.22125,19.02875,62.759375,0.003125,0.19125,5.1025,4.506875,0.16125,0.0,160000,0,0.0,20000.00000000006,20000.0,0.23465561866760254,9.770625,,0.0,-0.001075000000000003,0.008949999999998681,0.020249999999997215,-0.03162499999999824,-0.00027499999999999964,0.006950000000000012,-0.0045000000000001705,0.012274999999999814,-0.010949999999999988,0.0,-0.003175000000000594,0.03162499999999824,20000.0
20344,T30TUM_20000_24,S2B_MSIL2A_20230625T110619_R137_T30TUM_20230625T164707,100,,0.0,0.025,8.1825,19.03,62.7925,0.005,0.1675,5.13,4.49,0.1775,0.0,40000,0,0.0,20000.00000000006,20000.0,0.2500300407409668,9.797500000000001,,0.0,-0.0017000000000000001,-0.029800000000001603,0.02149999999999963,0.0015000000000000568,0.0016000000000000003,-0.01679999999999998,0.022999999999999687,-0.0045999999999999375,0.005299999999999999,0.0,0.023699999999999832,0.029800000000001603,20000.0
20350,T30TUM_20000_24,S2B_MSIL2A_20230625T110619_R137_T30TUM_20230625T164707,200,,0.0,0.03,8.15,18.83,62.89,0.0,0.22,5.2,4.53,0.15,0.0,10000,0,0.0,20000.00000000006,20000.0,0.20239782333374023,9.88,,0.0,0.0032999999999999974,-0.062300000000000466,-0.1785000000000032,0.09900000000000375,-0.0034,0.03570000000000001,0.09299999999999997,0.0354000000000001,-0.022199999999999998,0.0,0.1061999999999994,0.1785000000000032,20000.0
20356,T30TUM_20000_24,S2B_MSIL2A_20230625T110619_R137_T30TUM_20230625T164707,500,,0.0,0.0,7.375,19.125,63.0,0.0,0.1875,5.5625,4.625,0.125,0.0,1600,0,0.0,20000.00000000006,20000.0,0.273897647857666,10.3125,,0.0,-0.0267,-0.8373000000000008,0.1164999999999985,0.20900000000000318,-0.0034,0.0032000000000000084,0.4554999999999998,0.13039999999999985,-0.04719999999999999,0.0,0.5386999999999986,0.8373000000000008,20000.0
20362,T30TUM_20000_24,S2B_MSIL2A_20230625T110619_R137_T30TUM_20230625T164707,1000,,0.0,0.0,9.0,19.5,62.25,0.0,0.0,4.0,5.0,0.25,0.0,400,0,0.0,20000.00000000006,20000.0,0.16028523445129395,9.25,,0.0,-0.0267,0.7876999999999992,0.4914999999999985,-0.5409999999999968,-0.0034,-0.1843,-1.1070000000000002,0.5053999999999998,0.07780000000000001,0.0,-0.5238000000000014,0.7876999999999992,20000.0
20365,T30TUM_20000_25,S2A_MSIL2A_20230610T110621_R137_T30TUM_20230610T202756,20,,0.0,0.0007,1.7807,1.4007,8.0646,0.0,2.7378,17.9682,67.1873,0.86,0.0,1000000,0,0.0,20000.0,20000.00000000093,0.3391852378845215,86.01549999999999,,0.0,0.0,0.0,0.0,0.0,0.0,0.0,0.0,0.0,0.0,0.0,0.0,0.0,20000.0
20371,T30TUM_20000_25,S2A_MSIL2A_20230610T110621_R137_T30TUM_20230610T202756,50,,0.0,0.0,1.79,1.3975,8.000625,0.0,2.773125,17.923125,67.250625,0.865,0.0,160000,0,0.0,20000.0,20000.00000000093,0.6030778884887695,86.03875,,0.0,-0.0007,0.009300000000000086,-0.0032000000000000917,-0.063975000000001,0.0,0.03532499999999983,-0.04507500000000064,0.06332500000000607,0.0050000000000000044,0.0,0.023250000000004434,0.063975000000001,20000.0
20377,T30TUM_20000_25,S2A_MSIL2A_20230610T110621_R137_T30TUM_20230610T202756,100,,0.0,0.0,1.795,1.3775,8.0325,0.0,2.7725,17.86,67.315,0.8475,0.0,40000,0,0.0,20000.0,20000.00000000093,0.3281278610229492,86.0225,,0.0,-0.0007,0.01429999999999998,-0.02320000000000011,-0.032099999999999795,0.0,0.03469999999999995,-0.10820000000000007,0.12770000000000437,-0.012499999999999956,0.0,0.007000000000005002,0.03469999999999995,20000.0
20383,T30TUM_20000_25,S2A_MSIL2A_20230610T110621_R137_T30TUM_20230610T202756,200,,0.0,0.0,1.7,1.38,7.91,0.0,2.8,17.82,67.51,0.88,0.0,10000,0,0.0,20000.0,20000.00000000093,0.16003847122192383,86.21000000000001,,0.0,-0.0007,-0.0807,-0.020700000000000163,-0.1546000000000003,0.0,0.06219999999999981,-0.14819999999999922,0.32270000000001176,0.020000000000000018,0.0,0.1945000000000192,0.1945000000000192,20000.0
20389,T30TUM_20000_25,S2A_MSIL2A_20230610T110621_R137_T30TUM_20230610T202756,500,,0.0,0.0,1.75,1.0,7.5625,0.0,3.625,16.625,68.625,0.8125,0.0,1600,0,0.0,20000.0,20000.00000000093,0.593397855758667,86.0625,,0.0,-0.0007,-0.03069999999999995,-0.40070000000000006,-0.5021000000000004,0.0,0.8872,-1.3431999999999995,1.4377000000000066,-0.04749999999999999,0.0,0.047000000000011255,0.8872,20000.0
20395,T30TUM_20000_25,S2A_MSIL2A_20230610T110621_R137_T30TUM_20230610T202756,1000,,0.0,0.0,1.75,1.75,8.25,0.0,1.75,15.75,70.0,0.75,0.0,400,0,0.0,20000.0,20000.00000000093,0.21846413612365723,86.5,,0.0,-0.0007,-0.03069999999999995,0.34929999999999994,0.18539999999999957,0.0,-0.9878,-2.2181999999999995,2.8127000000000066,-0.10999999999999999,0.0,0.48450000000001125,0.9878,20000.0
20367,T30TUM_20000_25,S2A_MSIL2A_20230620T110621_R137_T30TUM_20230620T202552,20,,0.0,0.0,0.0,0.1061,0.9536,0.0,0.0311,38.5155,48.3392,12.0545,0.0,1000000,0,0.0,20000.0,20000.00000000093,0.3391852378845215,98.90920000000001,,0.0,0.0,0.0,0.0,0.0,0.0,0.0,0.0,0.0,0.0,0.0,0.0,0.0,20000.0
20373,T30TUM_20000_25,S2A_MSIL2A_20230620T110621_R137_T30TUM_20230620T202552,50,,0.0,0.0,0.0,0.106875,0.953125,0.0,0.0325,38.55125,48.29375,12.0625,0.0,160000,0,0.0,20000.0,20000.00000000093,0.6030778884887695,98.9075,,0.0,0.0,0.0,0.0007749999999999979,-0.0004750000000000032,0.0,0.001400000000000002,0.03575000000000017,-0.04544999999999533,0.007999999999999119,0.0,-0.0017000000000138016,0.0017000000000138016,20000.0
20379,T30TUM_20000_25,S2A_MSIL2A_20230620T110621_R137_T30TUM_20230620T202552,100,,0.0,0.0,0.0,0.105,0.9475,0.0,0.035,38.5925,48.2375,12.0825,0.0,40000,0,0.0,20000.0,20000.00000000093,0.3281278610229492,98.9125,,0.0,0.0,0.0,-0.0011000000000000038,-0.006099999999999994,0.0,0.003900000000000004,0.07699999999999818,-0.10170000000000101,0.027999999999998693,0.0,0.003299999999981651,0.006099999999999994,20000.0
20385,T30TUM_20000_25,S2A_MSIL2A_20230620T110621_R137_T30TUM_20230620T202552,200,,0.0,0.0,0.0,0.08,1.03,0.0,0.01,38.59,48.22,12.07,0.0,10000,0,0.0,20000.0,20000.00000000093,0.16003847122192383,98.88,,0.0,0.0,0.0,-0.026099999999999998,0.07640000000000002,0.0,-0.0211,0.07450000000000045,-0.1191999999999993,0.015499999999999403,0.0,-0.029200000000017212,0.07640000000000002,20000.0
20391,T30TUM_20000_25,S2A_MSIL2A_20230620T110621_R137_T30TUM_20230620T202552,500,,0.0,0.0,0.0,0.0625,1.125,0.0,0.0,38.75,48.1875,11.875,0.0,1600,0,0.0,20000.0,20000.00000000093,0.593397855758667,98.8125,,0.0,0.0,0.0,-0.0436,0.1714,0.0,-0.0311,0.23449999999999704,-0.15169999999999817,-0.17950000000000088,0.0,-0.09670000000001266,0.1714,20000.0
20397,T30TUM_20000_25,S2A_MSIL2A_20230620T110621_R137_T30TUM_20230620T202552,1000,,0.0,0.0,0.0,0.25,0.75,0.0,0.0,41.0,46.25,11.75,0.0,400,0,0.0,20000.0,20000.00000000093,0.21846413612365723,99.0,,0.0,0.0,0.0,0.1439,-0.2036,0.0,-0.0311,2.484499999999997,-2.089199999999998,-0.3045000000000009,0.0,0.09079999999998734,0.2036,20000.0
20369,T30TUM_20000_25,S2A_MSIL2A_20230630T110621_R137_T30TUM_20230630T203024,20,,0.0,0.0042,0.0,9.2089,84.1587,0.0,0.0837,0.0034,0.0,6.5411,0.0,1000000,0,0.0,20000.0,20000.00000000093,0.3391852378845215,6.5445,,0.0,0.0,0.0,0.0,0.0,0.0,0.0,0.0,0.0,0.0,0.0,0.0,0.0,20000.0
20375,T30TUM_20000_25,S2A_MSIL2A_20230630T110621_R137_T30TUM_20230630T203024,50,,0.0,0.00375,0.0,9.1975,84.17875,0.0,0.08125,0.00375,0.0,6.535,0.0,160000,0,0.0,20000.0,20000.00000000093,0.6030778884887695,6.53875,,0.0,-0.0004499999999999999,0.0,-0.011400000000000077,0.02004999999999768,0.0,-0.002449999999999994,0.00035000000000000005,0.0,-0.006099999999999994,0.0,-0.005749999999999922,0.02004999999999768,20000.0
20381,T30TUM_20000_25,S2A_MSIL2A_20230630T110621_R137_T30TUM_20230630T203024,100,,0.0,0.005,0.0,9.2675,84.12,0.0,0.085,0.0025,0.0,6.52,0.0,40000,0,0.0,20000.0,20000.00000000093,0.3281278610229492,6.5225,,0.0,0.0008000000000000004,0.0,0.05860000000000021,-0.03869999999999152,0.0,0.0013000000000000095,-0.0008999999999999998,0.0,-0.021100000000000563,0.0,-0.02200000000000024,0.05860000000000021,20000.0
20387,T30TUM_20000_25,S2A_MSIL2A_20230630T110621_R137_T30TUM_20230630T203024,200,,0.0,0.0,0.0,9.22,84.17,0.0,0.1,0.0,0.0,6.51,0.0,10000,0,0.0,20000.0,20000.00000000093,0.16003847122192383,6.51,,0.0,-0.0042,0.0,0.011100000000000776,0.011300000000005639,0.0,0.01630000000000001,-0.0034,0.0,-0.03110000000000035,0.0,-0.03450000000000042,0.03450000000000042,20000.0
20393,T30TUM_20000_25,S2A_MSIL2A_20230630T110621_R137_T30TUM_20230630T203024,500,,0.0,0.0,0.0,9.0,84.0625,0.0,0.1875,0.0,0.0,6.75,0.0,1600,0,0.0,20000.0,20000.00000000093,0.593397855758667,6.75,,0.0,-0.0042,0.0,-0.20889999999999986,-0.09619999999999607,0.0,0.1038,-0.0034,0.0,0.20889999999999986,0.0,0.2054999999999998,0.20889999999999986,20000.0
20399,T30TUM_20000_25,S2A_MSIL2A_20230630T110621_R137_T30TUM_20230630T203024,1000,,0.0,0.0,0.0,11.25,83.0,0.0,0.0,0.0,0.0,5.75,0.0,400,0,0.0,20000.0,20000.00000000093,0.21846413612365723,5.75,,0.0,-0.0042,0.0,2.0411,-1.158699999999996,0.0,-0.0837,-0.0034,0.0,-0.7911000000000001,0.0,-0.7945000000000002,2.0411,20000.0
20364,T30TUM_20000_25,S2B_MSIL2A_20230605T110619_R137_T30TUM_20230605T163049,20,,0.0,0.0278,10.2157,16.4502,59.9484,0.0,0.3681,7.3804,5.592,0.0174,0.0,1000000,0,0.0,20000.0,20000.00000000093,0.3391852378845215,12.9898,,0.0,0.0,0.0,0.0,0.0,0.0,0.0,0.0,0.0,0.0,0.0,0.0,0.0,20000.0
20370,T30TUM_20000_25,S2B_MSIL2A_20230605T110619_R137_T30TUM_20230605T163049,50,,0.0,0.02625,10.26,16.431875,59.896875,0.0,0.361875,7.445625,5.5625,0.015,0.0,160000,0,0.0,20000.0,20000.00000000093,0.6030778884887695,13.023125,,0.0,-0.0015499999999999993,0.044299999999999784,-0.01832499999999726,-0.051524999999998045,0.0,-0.0062249999999999805,0.06522499999999987,-0.029499999999999638,-0.0023999999999999994,0.0,0.033324999999999605,0.051524999999998045,20000.0
20376,T30TUM_20000_25,S2B_MSIL2A_20230605T110619_R137_T30TUM_20230605T163049,100,,0.0,0.03,10.385,16.525,59.7125,0.0,0.3425,7.3875,5.5975,0.02,0.0,40000,0,0.0,20000.0,20000.00000000093,0.3281278610229492,13.004999999999999,,0.0,0.0022000000000000006,0.16929999999999978,0.07479999999999976,-0.2359000000000009,0.0,-0.025599999999999956,0.007100000000000328,0.0055000000000005045,0.0026000000000000016,0.0,0.015199999999998326,0.2359000000000009,20000.0
20382,T30TUM_20000_25,S2B_MSIL2A_20230605T110619_R137_T30TUM_20230605T163049,200,,0.0,0.01,10.4,15.99,60.28,0.0,0.4,7.22,5.69,0.01,0.0,10000,0,0.0,20000.0,20000.00000000093,0.16003847122192383,12.92,,0.0,-0.017799999999999996,0.18430000000000035,-0.4601999999999986,0.33160000000000167,0.0,0.03190000000000004,-0.1604000000000001,0.09800000000000075,-0.007399999999999999,0.0,-0.06980000000000075,0.4601999999999986,20000.0
20388,T30TUM_20000_25,S2B_MSIL2A_20230605T110619_R137_T30TUM_20230605T163049,500,,0.0,0.0625,10.75,16.0,60.1875,0.0,0.375,7.125,5.4375,0.0625,0.0,1600,0,0.0,20000.0,20000.00000000093,0.593397855758667,12.625,,0.0,0.0347,0.5343,-0.4501999999999988,0.23910000000000053,0.0,0.006900000000000017,-0.25539999999999985,-0.15449999999999964,0.0451,0.0,-0.3648000000000007,0.5343,20000.0
20394,T30TUM_20000_25,S2B_MSIL2A_20230605T110619_R137_T30TUM_20230605T163049,1000,,0.0,0.0,11.25,15.25,61.25,0.0,0.25,6.25,5.75,0.0,0.0,400,0,0.0,20000.0,20000.00000000093,0.21846413612365723,12.0,,0.0,-0.0278,1.0343,-1.2001999999999988,1.3016000000000005,0.0,-0.11809999999999998,-1.1303999999999998,0.15800000000000036,-0.0174,0.0,-0.9898000000000007,1.3016000000000005,20000.0
20366,T30TUM_20000_25,S2B_MSIL2A_20230615T110629_R137_T30TUM_20230615T205813,20,,0.0,0.0544,4.1324,14.2368,77.9887,0.0,0.2448,2.1365,1.1904,0.016,0.0,1000000,0,0.0,20000.0,20000.00000000093,0.3391852378845215,3.3428999999999998,,0.0,0.0,0.0,0.0,0.0,0.0,0.0,0.0,0.0,0.0,0.0,0.0,0.0,20000.0
20372,T30TUM_20000_25,S2B_MSIL2A_20230615T110629_R137_T30TUM_20230615T205813,50,,0.0,0.0575,4.12875,14.266875,77.94125,0.0,0.251875,2.140625,1.1975,0.015625,0.0,160000,0,0.0,20000.0,20000.00000000093,0.6030778884887695,3.35375,,0.0,0.0031000000000000055,-0.003649999999999487,0.030075000000000074,-0.04744999999999777,0.0,0.007075000000000026,0.004125000000000156,0.007100000000000106,-0.00037500000000000033,0.0,0.010850000000000026,0.04744999999999777,20000.0
20378,T30TUM_20000_25,S2B_MSIL2A_20230615T110629_R137_T30TUM_20230615T205813,100,,0.0,0.065,4.135,14.3,77.9,0.0,0.2525,2.1375,1.1975,0.0125,0.0,40000,0,0.0,20000.0,20000.00000000093,0.3281278610229492,3.3475,,0.0,0.010600000000000005,0.0026000000000001577,0.06320000000000014,-0.08869999999998868,0.0,0.007700000000000012,0.001000000000000334,0.007100000000000106,-0.0034999999999999996,0.0,0.0046000000000003816,0.08869999999998868,20000.0
20384,T30TUM_20000_25,S2B_MSIL2A_20230615T110629_R137_T30TUM_20230615T205813,200,,0.0,0.04,4.17,14.28,77.82,0.0,0.28,2.17,1.2,0.04,0.0,10000,0,0.0,20000.0,20000.00000000093,0.16003847122192383,3.41,,0.0,-0.014399999999999996,0.0376000000000003,0.043199999999998795,-0.16870000000000118,0.0,0.03520000000000004,0.033500000000000085,0.009600000000000053,0.024,0.0,0.06710000000000038,0.16870000000000118,20000.0
20390,T30TUM_20000_25,S2B_MSIL2A_20230615T110629_R137_T30TUM_20230615T205813,500,,0.0,0.0625,4.0625,14.3125,78.1875,0.0,0.25,1.875,1.25,0.0,0.0,1600,0,0.0,20000.0,20000.00000000093,0.593397855758667,3.125,,0.0,0.008100000000000003,-0.06989999999999963,0.07569999999999943,0.19880000000000564,0.0,0.00520000000000001,-0.26149999999999984,0.0596000000000001,-0.016,0.0,-0.21789999999999976,0.21789999999999976,20000.0
20396,T30TUM_20000_25,S2B_MSIL2A_20230615T110629_R137_T30TUM_20230615T205813,1000,,0.0,0.25,4.75,13.25,76.75,0.0,1.0,3.25,0.75,0.0,0.0,400,0,0.0,20000.0,20000.00000000093,0.21846413612365723,4.0,,0.0,0.1956,0.6176000000000004,-0.9868000000000006,-1.2386999999999944,0.0,0.7552,1.1135000000000002,-0.4403999999999999,-0.016,0.0,0.6571000000000002,1.2386999999999944,20000.0
20368,T30TUM_20000_25,S2B_MSIL2A_20230625T110619_R137_T30TUM_20230625T164707,20,,0.0,0.0039,0.8185,9.8063,88.7616,0.0,0.0233,0.313,0.2536,0.0198,0.0,1000000,0,0.0,20000.0,20000.00000000093,0.3391852378845215,0.5864,,0.0,0.0,0.0,0.0,0.0,0.0,0.0,0.0,0.0,0.0,0.0,0.0,0.0,20000.0
20374,T30TUM_20000_25,S2B_MSIL2A_20230625T110619_R137_T30TUM_20230625T164707,50,,0.0,0.005,0.82125,9.794375,88.77375,0.0,0.01875,0.31125,0.253125,0.0225,0.0,160000,0,0.0,20000.0,20000.00000000093,0.6030778884887695,0.586875,,0.0,0.0011000000000000003,0.00275000000000003,-0.011924999999999741,0.012150000000005434,0.0,-0.004550000000000002,-0.0017499999999999738,-0.0004750000000000032,0.0026999999999999975,0.0,0.0004750000000000032,0.012150000000005434,20000.0
20380,T30TUM_20000_25,S2B_MSIL2A_20230625T110619_R137_T30TUM_20230625T164707,100,,0.0,0.0025,0.8275,9.83,88.73,0.0,0.0175,0.3325,0.24,0.02,0.0,40000,0,0.0,20000.0,20000.00000000093,0.3281278610229492,0.5925,,0.0,-0.0013999999999999998,0.009000000000000008,0.023699999999999832,-0.03159999999999741,0.0,-0.0058,0.019500000000000017,-0.013600000000000001,0.0001999999999999988,0.0,0.006099999999999994,0.03159999999999741,20000.0
20386,T30TUM_20000_25,S2B_MSIL2A_20230625T110619_R137_T30TUM_20230625T164707,200,,0.0,0.01,0.87,9.76,88.77,0.0,0.01,0.3,0.26,0.02,0.0,10000,0,0.0,20000.0,20000.00000000093,0.16003847122192383,0.5800000000000001,,0.0,0.0061,0.05149999999999999,-0.04630000000000045,0.008399999999994634,0.0,-0.013300000000000001,-0.013000000000000012,0.006400000000000017,0.0001999999999999988,0.0,-0.006399999999999961,0.05149999999999999,20000.0
20392,T30TUM_20000_25,S2B_MSIL2A_20230625T110619_R137_T30TUM_20230625T164707,500,,0.0,0.0625,0.8125,9.875,88.5,0.0,0.0625,0.3125,0.25,0.125,0.0,1600,0,0.0,20000.0,20000.00000000093,0.593397855758667,0.6875,,0.0,0.0586,-0.006000000000000005,0.06869999999999976,-0.2616000000000014,0.0,0.0392,-0.0005000000000000004,-0.003599999999999992,0.1052,0.0,0.10109999999999997,0.2616000000000014,20000.0
20398,T30TUM_20000_25,S2B_MSIL2A_20230625T110619_R137_T30TUM_20230625T164707,1000,,0.0,0.0,1.0,9.5,88.75,0.0,0.0,0.5,0.25,0.0,0.0,400,0,0.0,20000.0,20000.00000000093,0.21846413612365723,0.75,,0.0,-0.0039,0.1815,-0.30630000000000024,-0.011600000000001387,0.0,-0.0233,0.187,-0.003599999999999992,-0.0198,0.0,0.16359999999999997,0.30630000000000024,20000.0
20401,T30TUM_20000_26,S2A_MSIL2A_20230610T110621_R137_T30TUM_20230610T202756,20,,0.0,0.0035,1.7906,2.3575,9.0365,0.0,0.8823,35.6579,46.1221,4.1496,0.0,1000000,0,0.0,20000.0,20000.00000000093,0.28278136253356934,85.92960000000001,,0.0,0.0,0.0,0.0,0.0,0.0,0.0,0.0,0.0,0.0,0.0,0.0,0.0,20000.0
20407,T30TUM_20000_26,S2A_MSIL2A_20230610T110621_R137_T30TUM_20230610T202756,50,,0.0,0.00375,1.783125,2.375,9.066875,0.0,0.8825,35.60125,46.12875,4.15875,0.0,160000,0,0.0,20000.0,20000.00000000093,0.2824406623840332,85.88874999999999,,0.0,0.0002499999999999998,-0.007474999999999898,0.01750000000000007,0.030374999999999375,0.0,0.00019999999999997797,-0.05664999999999765,0.006649999999993383,0.009149999999999991,0.0,-0.04085000000002026,0.04085000000002026,20000.0
20413,T30TUM_20000_26,S2A_MSIL2A_20230610T110621_R137_T30TUM_20230610T202756,100,,0.0,0.0075,1.81,2.31,9.205,0.0,0.8725,35.495,46.155,4.145,0.0,40000,0,0.0,20000.0,20000.00000000093,0.1711742877960205,85.795,,0.0,0.004,0.019400000000000084,-0.047499999999999876,0.16849999999999987,0.0,-0.00979999999999992,-0.1629000000000005,0.03289999999999793,-0.004600000000000826,0.0,-0.13460000000000605,0.16849999999999987,20000.0
20419,T30TUM_20000_26,S2A_MSIL2A_20230610T110621_R137_T30TUM_20230610T202756,200,,0.0,0.0,1.81,2.35,9.09,0.0,0.78,35.97,46.04,3.96,0.0,10000,0,0.0,20000.0,20000.00000000093,0.30289340019226074,85.96999999999998,,0.0,-0.0035,0.019400000000000084,-0.00749999999999984,0.05349999999999966,0.0,-0.10229999999999995,0.31210000000000093,-0.08210000000000406,-0.18960000000000043,0.0,0.0403999999999769,0.10229999999999995,20000.0
20425,T30TUM_20000_26,S2A_MSIL2A_20230610T110621_R137_T30TUM_20230610T202756,500,,0.0,0.0,1.9375,2.4375,8.1875,0.0,0.875,35.9375,46.625,4.0,0.0,1600,0,0.0,20000.0,20000.00000000093,0.30672740936279297,86.5625,,0.0,-0.0035,0.14690000000000003,0.08000000000000007,-0.8490000000000002,0.0,-0.007299999999999973,0.27960000000000207,0.5028999999999968,-0.1496000000000004,0.0,0.6328999999999922,0.8490000000000002,20000.0
20431,T30TUM_20000_26,S2A_MSIL2A_20230610T110621_R137_T30TUM_20230610T202756,1000,,0.0,0.0,1.5,2.25,9.0,0.0,1.5,36.75,45.5,3.5,0.0,400,0,0.0,20000.0,20000.00000000093,0.21457648277282715,85.75,,0.0,-0.0035,-0.29059999999999997,-0.10749999999999993,-0.0365000000000002,0.0,0.6177,1.092100000000002,-0.6221000000000032,-0.6496000000000004,0.0,-0.17960000000000775,0.6177,20000.0
20403,T30TUM_20000_26,S2A_MSIL2A_20230620T110621_R137_T30TUM_20230620T202552,20,,0.0,0.0,0.2197,0.0562,0.6951,0.0,0.9425,30.6676,61.1311,6.2878,0.0,1000000,0,0.0,20000.0,20000.00000000093,0.28278136253356934,98.0865,,0.0,0.0,0.0,0.0,0.0,0.0,0.0,0.0,0.0,0.0,0.0,0.0,0.0,20000.0
20409,T30TUM_20000_26,S2A_MSIL2A_20230620T110621_R137_T30TUM_20230620T202552,50,,0.0,0.0,0.216875,0.05375,0.70875,0.0,0.9425,30.704375,61.116875,6.256875,0.0,160000,0,0.0,20000.0,20000.00000000093,0.2824406623840332,98.07812499999999,,0.0,0.0,-0.002824999999999994,-0.002450000000000001,0.01364999999999994,0.0,0.0,0.03677499999999867,-0.014225000000003263,-0.03092499999999987,0.0,-0.00837500000001512,0.01364999999999994,20000.0
20415,T30TUM_20000_26,S2A_MSIL2A_20230620T110621_R137_T30TUM_20230620T202552,100,,0.0,0.0,0.2275,0.0575,0.7,0.0,0.955,30.74,61.0525,6.2675,0.0,40000,0,0.0,20000.0,20000.00000000093,0.1711742877960205,98.06,,0.0,0.0,0.007800000000000001,0.0013000000000000025,0.004899999999999904,0.0,0.012499999999999956,0.07239999999999824,-0.07860000000000156,-0.020299999999999763,0.0,-0.026499999999998636,0.026499999999998636,20000.0
20421,T30TUM_20000_26,S2A_MSIL2A_20230620T110621_R137_T30TUM_20230620T202552,200,,0.0,0.0,0.23,0.06,0.66,0.0,0.99,30.67,61.2,6.19,0.0,10000,0,0.0,20000.0,20000.00000000093,0.30289340019226074,98.06,,0.0,0.0,0.010300000000000004,0.003799999999999998,-0.03510000000000002,0.0,0.04749999999999999,0.002400000000001512,0.0688999999999993,-0.09779999999999944,0.0,-0.026499999999998636,0.04749999999999999,20000.0
20427,T30TUM_20000_26,S2A_MSIL2A_20230620T110621_R137_T30TUM_20230620T202552,500,,0.0,0.0,0.3125,0.0,0.75,0.0,0.9375,31.375,60.8125,5.8125,0.0,1600,0,0.0,20000.0,20000.00000000093,0.30672740936279297,98.0,,0.0,0.0,0.0928,-0.0562,0.05489999999999995,0.0,-0.0050000000000000044,0.7073999999999998,-0.31860000000000355,-0.47529999999999983,0.0,-0.08650000000000091,0.0928,20000.0
20433,T30TUM_20000_26,S2A_MSIL2A_20230620T110621_R137_T30TUM_20230620T202552,1000,,0.0,0.0,0.5,0.0,1.25,0.0,0.5,29.5,63.25,5.0,0.0,400,0,0.0,20000.0,20000.00000000093,0.21457648277282715,97.75,,0.0,0.0,0.2803,-0.0562,0.5549,0.0,-0.4425,-1.1676000000000002,2.1188999999999965,-1.2877999999999998,0.0,-0.3365000000000009,0.5549,20000.0
20405,T30TUM_20000_26,S2A_MSIL2A_20230630T110621_R137_T30TUM_20230630T203024,20,,0.0,0.0845,0.0354,11.9199,86.0895,0.031,0.5412,0.0095,0.0,1.289,0.0,1000000,0,0.0,20000.0,20000.00000000093,0.28278136253356934,1.2985,,0.0,0.0,0.0,0.0,0.0,0.0,0.0,0.0,0.0,0.0,0.0,0.0,0.0,20000.0
20411,T30TUM_20000_26,S2A_MSIL2A_20230630T110621_R137_T30TUM_20230630T203024,50,,0.0,0.0875,0.033125,11.961875,86.0375,0.030625,0.543125,0.01,0.0,1.29625,0.0,160000,0,0.0,20000.0,20000.00000000093,0.2824406623840332,1.30625,,0.0,0.002999999999999989,-0.0022749999999999992,0.041974999999998985,-0.05200000000000671,-0.00037500000000000033,0.0019249999999999545,0.0005000000000000004,0.0,0.007249999999999979,0.0,0.007749999999999924,0.05200000000000671,20000.0
20417,T30TUM_20000_26,S2A_MSIL2A_20230630T110621_R137_T30TUM_20230630T203024,100,,0.0,0.09,0.0325,11.8075,86.2325,0.025,0.4925,0.0025,0.0,1.3175,0.0,40000,0,0.0,20000.0,20000.00000000093,0.1711742877960205,1.3199999999999998,,0.0,0.005499999999999991,-0.0029,-0.11240000000000094,0.14300000000000068,-0.005999999999999998,-0.04870000000000002,-0.006999999999999999,0.0,0.02849999999999997,0.0,0.021499999999999853,0.14300000000000068,20000.0
20423,T30TUM_20000_26,S2A_MSIL2A_20230630T110621_R137_T30TUM_20230630T203024,200,,0.0,0.08,0.03,12.22,85.72,0.01,0.54,0.01,0.0,1.39,0.0,10000,0,0.0,20000.0,20000.00000000093,0.30289340019226074,1.4,,0.0,-0.004500000000000004,-0.005400000000000002,0.3001000000000005,-0.36950000000000216,-0.020999999999999998,-0.0011999999999999789,0.0005000000000000004,0.0,0.10099999999999998,0.0,0.10149999999999992,0.36950000000000216,20000.0
20429,T30TUM_20000_26,S2A_MSIL2A_20230630T110621_R137_T30TUM_20230630T203024,500,,0.0,0.0625,0.0,12.125,86.0,0.0,0.5,0.0,0.0,1.3125,0.0,1600,0,0.0,20000.0,20000.00000000093,0.30672740936279297,1.3125,,0.0,-0.022000000000000006,-0.0354,0.20509999999999984,-0.08950000000000102,-0.031,-0.041200000000000014,-0.0095,0.0,0.023500000000000076,0.0,0.014000000000000012,0.20509999999999984,20000.0
20435,T30TUM_20000_26,S2A_MSIL2A_20230630T110621_R137_T30TUM_20230630T203024,1000,,0.0,0.0,0.0,14.5,82.75,0.0,1.0,0.0,0.0,1.75,0.0,400,0,0.0,20000.0,20000.00000000093,0.21457648277282715,1.75,,0.0,-0.0845,-0.0354,2.5801,-3.339500000000001,-0.031,0.4588,-0.0095,0.0,0.4610000000000001,0.0,0.4515,3.339500000000001,20000.0
20400,T30TUM_20000_26,S2B_MSIL2A_20230605T110619_R137_T30TUM_20230605T163049,20,,0.0,0.067,5.9538,19.7648,65.2339,0.0444,0.3103,4.1451,4.4779,0.0028,0.0,1000000,0,0.0,20000.0,20000.00000000093,0.28278136253356934,8.625800000000002,,0.0,0.0,0.0,0.0,0.0,0.0,0.0,0.0,0.0,0.0,0.0,0.0,0.0,20000.0
20406,T30TUM_20000_26,S2B_MSIL2A_20230605T110619_R137_T30TUM_20230605T163049,50,,0.0,0.066875,5.960625,19.790625,65.19375,0.04125,0.31875,4.1375,4.488125,0.0025,0.0,160000,0,0.0,20000.0,20000.00000000093,0.2824406623840332,8.628124999999999,,0.0,-0.0001250000000000001,0.006825000000000081,0.025824999999997544,-0.04015000000001123,-0.00315,0.008449999999999958,-0.007600000000000051,0.01022500000000015,-0.0002999999999999999,0.0,0.002324999999997246,0.04015000000001123,20000.0
20412,T30TUM_20000_26,S2B_MSIL2A_20230605T110619_R137_T30TUM_20230605T163049,100,,0.0,0.07,6.03,19.6475,65.33,0.0375,0.3,4.05,4.5325,0.0025,0.0,40000,0,0.0,20000.0,20000.00000000093,0.1711742877960205,8.584999999999999,,0.0,0.0030000000000000027,0.07620000000000005,-0.11730000000000018,0.09609999999999275,-0.006900000000000003,-0.010300000000000031,-0.0951000000000004,0.05459999999999976,-0.0002999999999999999,0.0,-0.04080000000000261,0.11730000000000018,20000.0
20418,T30TUM_20000_26,S2B_MSIL2A_20230605T110619_R137_T30TUM_20230605T163049,200,,0.0,0.07,6.03,19.51,65.4,0.04,0.32,4.19,4.44,0.0,0.0,10000,0,0.0,20000.0,20000.00000000093,0.30289340019226074,8.63,,0.0,0.0030000000000000027,0.07620000000000005,-0.25479999999999947,0.16610000000000014,-0.004400000000000001,0.009699999999999986,0.04490000000000016,-0.0378999999999996,-0.0028,0.0,0.004199999999999093,0.25479999999999947,20000.0
20424,T30TUM_20000_26,S2B_MSIL2A_20230605T110619_R137_T30TUM_20230605T163049,500,,0.0,0.0,5.75,21.1875,63.6875,0.0,0.5625,4.6875,4.125,0.0,0.0,1600,0,0.0,20000.0,20000.00000000093,0.30672740936279297,8.8125,,0.0,-0.067,-0.2038000000000002,1.422699999999999,-1.5464000000000055,-0.0444,0.2522,0.5423999999999998,-0.3529,-0.0028,0.0,0.1866999999999983,1.5464000000000055,20000.0
20430,T30TUM_20000_26,S2B_MSIL2A_20230605T110619_R137_T30TUM_20230605T163049,1000,,0.0,0.25,6.25,20.0,65.5,0.0,0.75,3.25,4.0,0.0,0.0,400,0,0.0,20000.0,20000.00000000093,0.21457648277282715,7.25,,0.0,0.183,0.2961999999999998,0.23519999999999897,0.26609999999999445,-0.0444,0.4397,-0.8951000000000002,-0.4779,-0.0028,0.0,-1.3758000000000017,1.3758000000000017,20000.0
20402,T30TUM_20000_26,S2B_MSIL2A_20230615T110629_R137_T30TUM_20230615T205813,20,,0.0,0.0366,0.3453,18.3512,80.9363,0.0612,0.107,0.1424,0.02,0.0,0.0,1000000,0,0.0,20000.0,20000.00000000093,0.28278136253356934,0.1624,,0.0,0.0,0.0,0.0,0.0,0.0,0.0,0.0,0.0,0.0,0.0,0.0,0.0,20000.0
20408,T30TUM_20000_26,S2B_MSIL2A_20230615T110629_R137_T30TUM_20230615T205813,50,,0.0,0.03625,0.3475,18.326875,80.95875,0.06125,0.11,0.14125,0.018125,0.0,0.0,160000,0,0.0,20000.0,20000.00000000093,0.2824406623840332,0.159375,,0.0,-0.0003500000000000031,0.0021999999999999797,-0.024324999999997488,0.022449999999992087,5.000000000000143e-05,0.0030000000000000027,-0.0011500000000000121,-0.0018750000000000017,0.0,0.0,-0.003025,0.024324999999997488,20000.0
20414,T30TUM_20000_26,S2B_MSIL2A_20230615T110629_R137_T30TUM_20230615T205813,100,,0.0,0.035,0.35,18.395,80.905,0.0575,0.0975,0.145,0.015,0.0,0.0,40000,0,0.0,20000.0,20000.00000000093,0.1711742877960205,0.15999999999999998,,0.0,-0.0015999999999999973,0.004699999999999982,0.04380000000000095,-0.03130000000000166,-0.003699999999999995,-0.009499999999999995,0.002599999999999991,-0.005000000000000001,0.0,0.0,-0.0024000000000000132,0.04380000000000095,20000.0
20420,T30TUM_20000_26,S2B_MSIL2A_20230615T110629_R137_T30TUM_20230615T205813,200,,0.0,0.04,0.36,18.27,81.06,0.05,0.07,0.13,0.02,0.0,0.0,10000,0,0.0,20000.0,20000.00000000093,0.30289340019226074,0.15,,0.0,0.0034000000000000002,0.01469999999999999,-0.08119999999999905,0.12369999999999948,-0.011199999999999995,-0.03699999999999999,-0.012399999999999994,0.0,0.0,0.0,-0.012399999999999994,0.12369999999999948,20000.0
20426,T30TUM_20000_26,S2B_MSIL2A_20230615T110629_R137_T30TUM_20230615T205813,500,,0.0,0.0625,0.375,18.8125,80.4375,0.0,0.1875,0.125,0.0,0.0,0.0,1600,0,0.0,20000.0,20000.00000000093,0.30672740936279297,0.125,,0.0,0.0259,0.029700000000000004,0.4613000000000014,-0.4988000000000028,-0.0612,0.0805,-0.0174,-0.02,0.0,0.0,-0.03739999999999999,0.4988000000000028,20000.0
20432,T30TUM_20000_26,S2B_MSIL2A_20230615T110629_R137_T30TUM_20230615T205813,1000,,0.0,0.0,0.5,18.5,80.5,0.0,0.25,0.25,0.0,0.0,0.0,400,0,0.0,20000.0,20000.00000000093,0.21457648277282715,0.25,,0.0,-0.0366,0.1547,0.14880000000000138,-0.4363000000000028,-0.0612,0.14300000000000002,0.1076,-0.02,0.0,0.0,0.08760000000000001,0.4363000000000028,20000.0
20404,T30TUM_20000_26,S2B_MSIL2A_20230625T110619_R137_T30TUM_20230625T164707,20,,0.0,0.0,0.3624,12.2271,87.1293,0.026,0.0304,0.1674,0.0569,0.0005,0.0,1000000,0,0.0,20000.0,20000.00000000093,0.28278136253356934,0.2248,,0.0,0.0,0.0,0.0,0.0,0.0,0.0,0.0,0.0,0.0,0.0,0.0,0.0,20000.0
20410,T30TUM_20000_26,S2B_MSIL2A_20230625T110619_R137_T30TUM_20230625T164707,50,,0.0,0.0,0.363125,12.224375,87.135625,0.024375,0.030625,0.16875,0.051875,0.00125,0.0,160000,0,0.0,20000.0,20000.00000000093,0.2824406623840332,0.22187500000000002,,0.0,0.0,0.0007249999999999757,-0.0027249999999998664,0.006325000000003911,-0.001624999999999998,0.0002249999999999995,0.0013500000000000179,-0.005025000000000002,0.00075,0.0,-0.002924999999999983,0.006325000000003911,20000.0
20416,T30TUM_20000_26,S2B_MSIL2A_20230625T110619_R137_T30TUM_20230625T164707,100,,0.0,0.0,0.36,12.3,87.06,0.0225,0.0325,0.165,0.06,0.0,0.0,40000,0,0.0,20000.0,20000.00000000093,0.1711742877960205,0.225,,0.0,0.0,-0.0024000000000000132,0.07290000000000063,-0.06929999999999836,-0.0034999999999999996,0.002100000000000001,-0.0023999999999999855,0.0030999999999999986,-0.0005,0.0,0.00020000000000000573,0.07290000000000063,20000.0
20422,T30TUM_20000_26,S2B_MSIL2A_20230625T110619_R137_T30TUM_20230625T164707,200,,0.0,0.0,0.35,12.5,86.89,0.01,0.02,0.17,0.06,0.0,0.0,10000,0,0.0,20000.0,20000.00000000093,0.30289340019226074,0.23,,0.0,0.0,-0.012400000000000022,0.2728999999999999,-0.23930000000000007,-0.016,-0.0104,0.002600000000000019,0.0030999999999999986,-0.0005,0.0,0.00520000000000001,0.2728999999999999,20000.0
20428,T30TUM_20000_26,S2B_MSIL2A_20230625T110619_R137_T30TUM_20230625T164707,500,,0.0,0.0,0.5,13.0,86.1875,0.0,0.0,0.25,0.0625,0.0,0.0,1600,0,0.0,20000.0,20000.00000000093,0.30672740936279297,0.3125,,0.0,0.0,0.1376,0.7728999999999999,-0.9418000000000006,-0.026,-0.0304,0.0826,0.005600000000000001,-0.0005,0.0,0.0877,0.9418000000000006,20000.0
20434,T30TUM_20000_26,S2B_MSIL2A_20230625T110619_R137_T30TUM_20230625T164707,1000,,0.0,0.0,0.5,15.5,83.75,0.0,0.0,0.25,0.0,0.0,0.0,400,0,0.0,20000.0,20000.00000000093,0.21457648277282715,0.25,,0.0,0.0,0.1376,3.2729,-3.3793000000000006,-0.026,-0.0304,0.0826,-0.0569,-0.0005,0.0,0.0252,3.3793000000000006,20000.0
20437,T30TUM_20000_27,S2A_MSIL2A_20230610T110621_R137_T30TUM_20230610T202756,20,,0.0,0.0,0.0,0.0,0.0,0.0,0.0,72.4231,23.9684,3.6085,0.0,1000000,0,0.0,20000.00000000006,20000.0,0.2948789596557617,100.00000000000001,,0.0,0.0,0.0,0.0,0.0,0.0,0.0,0.0,0.0,0.0,0.0,0.0,0.0,20000.0
20443,T30TUM_20000_27,S2A_MSIL2A_20230610T110621_R137_T30TUM_20230610T202756,50,,0.0,0.0,0.0,0.0,0.0,0.0,0.0,72.4525,23.96,3.5875,0.0,160000,0,0.0,20000.00000000006,20000.0,0.17139005661010742,100.0,,0.0,0.0,0.0,0.0,0.0,0.0,0.0,0.02939999999999543,-0.008399999999998187,-0.020999999999999908,0.0,-1.4210854715202004e-14,1.4210854715202004e-14,20000.0
20449,T30TUM_20000_27,S2A_MSIL2A_20230610T110621_R137_T30TUM_20230610T202756,100,,0.0,0.0,0.0,0.0,0.0,0.0,0.0,72.4625,23.9375,3.6,0.0,40000,0,0.0,20000.00000000006,20000.0,0.24867463111877441,100.0,,0.0,0.0,0.0,0.0,0.0,0.0,0.0,0.039400000000000546,-0.03089999999999904,-0.00849999999999973,0.0,-1.4210854715202004e-14,1.4210854715202004e-14,20000.0
20455,T30TUM_20000_27,S2A_MSIL2A_20230610T110621_R137_T30TUM_20230610T202756,200,,0.0,0.0,0.0,0.0,0.0,0.0,0.0,72.61,23.83,3.56,0.0,10000,0,0.0,20000.00000000006,20000.0,0.6008515357971191,100.0,,0.0,0.0,0.0,0.0,0.0,0.0,0.0,0.1868999999999943,-0.13840000000000074,-0.048499999999999766,0.0,-1.4210854715202004e-14,1.4210854715202004e-14,20000.0
20461,T30TUM_20000_27,S2A_MSIL2A_20230610T110621_R137_T30TUM_20230610T202756,500,,0.0,0.0,0.0,0.0,0.0,0.0,0.0,72.0,24.25,3.75,0.0,1600,0,0.0,20000.00000000006,20000.0,0.22422218322753906,100.0,,0.0,0.0,0.0,0.0,0.0,0.0,0.0,-0.42310000000000514,0.28160000000000096,0.14150000000000018,0.0,-1.4210854715202004e-14,1.4210854715202004e-14,20000.0
20467,T30TUM_20000_27,S2A_MSIL2A_20230610T110621_R137_T30TUM_20230610T202756,1000,,0.0,0.0,0.0,0.0,0.0,0.0,0.0,71.75,24.5,3.75,0.0,400,0,0.0,20000.00000000006,20000.0,0.16101765632629395,100.0,,0.0,0.0,0.0,0.0,0.0,0.0,0.0,-0.6731000000000051,0.531600000000001,0.14150000000000018,0.0,-1.4210854715202004e-14,1.4210854715202004e-14,20000.0
20439,T30TUM_20000_27,S2A_MSIL2A_20230620T110621_R137_T30TUM_20230620T202552,20,,0.0,0.0,0.0,0.0,0.1261,0.0,0.2127,22.9491,76.1392,0.5729,0.0,1000000,0,0.0,20000.00000000006,20000.0,0.2948789596557617,99.66120000000001,,0.0,0.0,0.0,0.0,0.0,0.0,0.0,0.0,0.0,0.0,0.0,0.0,0.0,20000.0
20445,T30TUM_20000_27,S2A_MSIL2A_20230620T110621_R137_T30TUM_20230620T202552,50,,0.0,0.0,0.0,0.0,0.130625,0.0,0.211875,22.838125,76.23,0.589375,0.0,160000,0,0.0,20000.00000000006,20000.0,0.17139005661010742,99.65750000000001,,0.0,0.0,0.0,0.0,0.004525000000000001,0.0,-0.0008249999999999924,-0.11097499999999982,0.09080000000000155,0.016475000000000017,0.0,-0.0036999999999949296,0.004525000000000001,20000.0
20451,T30TUM_20000_27,S2A_MSIL2A_20230620T110621_R137_T30TUM_20230620T202552,100,,0.0,0.0,0.0,0.0,0.135,0.0,0.2225,22.7775,76.2625,0.6025,0.0,40000,0,0.0,20000.00000000006,20000.0,0.24867463111877441,99.64250000000001,,0.0,0.0,0.0,0.0,0.008900000000000019,0.0,0.009800000000000003,-0.17160000000000153,0.12330000000000041,0.02960000000000007,0.0,-0.018699999999995498,0.018699999999995498,20000.0
20457,T30TUM_20000_27,S2A_MSIL2A_20230620T110621_R137_T30TUM_20230620T202552,200,,0.0,0.0,0.0,0.0,0.16,0.0,0.19,22.99,76.0,0.66,0.0,10000,0,0.0,20000.00000000006,20000.0,0.6008515357971191,99.64999999999999,,0.0,0.0,0.0,0.0,0.03390000000000001,0.0,-0.022699999999999998,0.04089999999999705,-0.13920000000000243,0.08710000000000007,0.0,-0.01120000000001653,0.03390000000000001,20000.0
20463,T30TUM_20000_27,S2A_MSIL2A_20230620T110621_R137_T30TUM_20230620T202552,500,,0.0,0.0,0.0,0.0,0.1875,0.0,0.375,23.3125,75.6875,0.4375,0.0,1600,0,0.0,20000.00000000006,20000.0,0.22422218322753906,99.4375,,0.0,0.0,0.0,0.0,0.06140000000000001,0.0,0.1623,0.3633999999999986,-0.45170000000000243,-0.13539999999999996,0.0,-0.223700000000008,0.223700000000008,20000.0
20469,T30TUM_20000_27,S2A_MSIL2A_20230620T110621_R137_T30TUM_20230620T202552,1000,,0.0,0.0,0.0,0.0,0.5,0.0,0.0,22.5,76.5,0.5,0.0,400,0,0.0,20000.00000000006,20000.0,0.16101765632629395,99.5,,0.0,0.0,0.0,0.0,0.3739,0.0,-0.2127,-0.4491000000000014,0.36079999999999757,-0.07289999999999996,0.0,-0.161200000000008,0.3739,20000.0
20441,T30TUM_20000_27,S2A_MSIL2A_20230630T110621_R137_T30TUM_20230630T203024,20,,0.0,0.2472,1.1285,26.5043,70.8318,0.0037,0.8864,0.3214,0.0745,0.0022,0.0,1000000,0,0.0,20000.00000000006,20000.0,0.2948789596557617,0.3981,,0.0,0.0,0.0,0.0,0.0,0.0,0.0,0.0,0.0,0.0,0.0,0.0,0.0,20000.0
20447,T30TUM_20000_27,S2A_MSIL2A_20230630T110621_R137_T30TUM_20230630T203024,50,,0.0,0.2475,1.12875,26.518125,70.80875,0.00375,0.889375,0.333125,0.06875,0.001875,0.0,160000,0,0.0,20000.00000000006,20000.0,0.17139005661010742,0.40375,,0.0,0.0002999999999999947,0.00024999999999986144,0.013825000000000642,-0.023049999999997794,4.99999999999997e-05,0.002975000000000061,0.011724999999999985,-0.005749999999999991,-0.0003250000000000002,0.0,0.005649999999999988,0.023049999999997794,20000.0
20453,T30TUM_20000_27,S2A_MSIL2A_20230630T110621_R137_T30TUM_20230630T203024,100,,0.0,0.265,1.1475,26.58,70.665,0.005,0.925,0.345,0.065,0.0025,0.0,40000,0,0.0,20000.00000000006,20000.0,0.24867463111877441,0.4125,,0.0,0.01780000000000001,0.018999999999999906,0.07569999999999766,-0.16679999999999495,0.0013,0.03860000000000008,0.023599999999999954,-0.009499999999999995,0.0002999999999999999,0.0,0.014399999999999968,0.16679999999999495,20000.0
20459,T30TUM_20000_27,S2A_MSIL2A_20230630T110621_R137_T30TUM_20230630T203024,200,,0.0,0.23,1.15,26.79,70.5,0.02,0.89,0.35,0.07,0.0,0.0,10000,0,0.0,20000.00000000006,20000.0,0.6008515357971191,0.42,,0.0,-0.017199999999999993,0.021499999999999853,0.2856999999999985,-0.3318000000000012,0.016300000000000002,0.0036000000000000476,0.02859999999999996,-0.00449999999999999,-0.0022,0.0,0.021899999999999975,0.3318000000000012,20000.0
20465,T30TUM_20000_27,S2A_MSIL2A_20230630T110621_R137_T30TUM_20230630T203024,500,,0.0,0.375,1.375,26.25,70.6875,0.0,0.875,0.375,0.0625,0.0,0.0,1600,0,0.0,20000.00000000006,20000.0,0.22422218322753906,0.4375,,0.0,0.1278,0.24649999999999994,-0.25430000000000064,-0.1443000000000012,-0.0037,-0.011399999999999966,0.05359999999999998,-0.011999999999999997,-0.0022,0.0,0.03939999999999999,0.25430000000000064,20000.0
20471,T30TUM_20000_27,S2A_MSIL2A_20230630T110621_R137_T30TUM_20230630T203024,1000,,0.0,0.25,1.75,27.75,69.0,0.0,0.75,0.25,0.25,0.0,0.0,400,0,0.0,20000.00000000006,20000.0,0.16101765632629395,0.5,,0.0,0.002799999999999997,0.6214999999999999,1.2456999999999994,-1.8318000000000012,-0.0037,-0.13639999999999997,-0.07140000000000002,0.1755,-0.0022,0.0,0.10189999999999999,1.8318000000000012,20000.0
20436,T30TUM_20000_27,S2B_MSIL2A_20230605T110619_R137_T30TUM_20230605T163049,20,,0.0,0.0148,11.9668,23.9979,41.2958,0.0118,0.3146,10.6974,11.7009,0.0,0.0,1000000,0,0.0,20000.00000000006,20000.0,0.2948789596557617,22.3983,,0.0,0.0,0.0,0.0,0.0,0.0,0.0,0.0,0.0,0.0,0.0,0.0,0.0,20000.0
20442,T30TUM_20000_27,S2B_MSIL2A_20230605T110619_R137_T30TUM_20230605T163049,50,,0.0,0.014375,11.9675,23.911875,41.395625,0.011875,0.301875,10.69,11.706875,0.0,0.0,160000,0,0.0,20000.00000000006,20000.0,0.17139005661010742,22.396875,,0.0,-0.00042500000000000003,0.000700000000000145,-0.0860250000000029,0.09982500000000272,7.500000000000041e-05,-0.012724999999999986,-0.007400000000000517,0.0059749999999993975,0.0,0.0,-0.001424999999997567,0.09982500000000272,20000.0
20448,T30TUM_20000_27,S2B_MSIL2A_20230605T110619_R137_T30TUM_20230605T163049,100,,0.0,0.0175,11.925,23.9925,41.3075,0.01,0.3275,10.685,11.735,0.0,0.0,40000,0,0.0,20000.00000000006,20000.0,0.24867463111877441,22.42,,0.0,0.002700000000000001,-0.041799999999998505,-0.005400000000001626,0.011699999999997601,-0.0017999999999999995,0.012900000000000023,-0.012399999999999523,0.03409999999999869,0.0,0.0,0.021700000000002717,0.041799999999998505,20000.0
20454,T30TUM_20000_27,S2B_MSIL2A_20230605T110619_R137_T30TUM_20230605T163049,200,,0.0,0.02,11.85,24.27,40.84,0.03,0.32,11.14,11.53,0.0,0.0,10000,0,0.0,20000.00000000006,20000.0,0.6008515357971191,22.67,,0.0,0.0052,-0.11679999999999957,0.27209999999999823,-0.45579999999999643,0.0182,0.005400000000000016,0.44260000000000055,-0.17090000000000138,0.0,0.0,0.2717000000000027,0.45579999999999643,20000.0
20460,T30TUM_20000_27,S2B_MSIL2A_20230605T110619_R137_T30TUM_20230605T163049,500,,0.0,0.0,12.0625,25.0,40.0,0.0,0.5,10.25,12.1875,0.0,0.0,1600,0,0.0,20000.00000000006,20000.0,0.22422218322753906,22.4375,,0.0,-0.0148,0.09570000000000078,1.0020999999999987,-1.2957999999999998,-0.0118,0.1854,-0.4474,0.48659999999999926,0.0,0.0,0.03920000000000101,1.2957999999999998,20000.0
20466,T30TUM_20000_27,S2B_MSIL2A_20230605T110619_R137_T30TUM_20230605T163049,1000,,0.0,0.25,12.5,28.25,36.0,0.0,0.5,11.5,11.0,0.0,0.0,400,0,0.0,20000.00000000006,20000.0,0.16101765632629395,22.5,,0.0,0.2352,0.5332000000000008,4.252099999999999,-5.2958,-0.0118,0.1854,0.8026,-0.7009000000000007,0.0,0.0,0.10170000000000101,5.2958,20000.0
20438,T30TUM_20000_27,S2B_MSIL2A_20230615T110629_R137_T30TUM_20230615T205813,20,,0.0,0.02,0.4103,32.3975,66.6781,0.0124,0.2135,0.2292,0.0383,0.0007,0.0,1000000,0,0.0,20000.00000000006,20000.0,0.2948789596557617,0.26819999999999994,,0.0,0.0,0.0,0.0,0.0,0.0,0.0,0.0,0.0,0.0,0.0,0.0,0.0,20000.0
20444,T30TUM_20000_27,S2B_MSIL2A_20230615T110629_R137_T30TUM_20230615T205813,50,,0.0,0.01875,0.408125,32.37,66.691875,0.018125,0.218125,0.23375,0.04,0.00125,0.0,160000,0,0.0,20000.00000000006,20000.0,0.17139005661010742,0.27499999999999997,,0.0,-0.0012500000000000011,-0.0021749999999999825,-0.02750000000000341,0.01377499999999543,0.005724999999999999,0.004625000000000018,0.004550000000000026,0.0017000000000000001,0.00055,0.0,0.006800000000000028,0.02750000000000341,20000.0
20450,T30TUM_20000_27,S2B_MSIL2A_20230615T110629_R137_T30TUM_20230615T205813,100,,0.0,0.0175,0.41,32.49,66.5975,0.0125,0.2075,0.22,0.0425,0.0025,0.0,40000,0,0.0,20000.00000000006,20000.0,0.24867463111877441,0.265,,0.0,-0.0024999999999999988,-0.00030000000000002247,0.09250000000000114,-0.080600000000004,0.00010000000000000113,-0.006000000000000005,-0.009199999999999986,0.004200000000000002,0.0018,0.0,-0.003199999999999925,0.09250000000000114,20000.0
20456,T30TUM_20000_27,S2B_MSIL2A_20230615T110629_R137_T30TUM_20230615T205813,200,,0.0,0.02,0.42,32.72,66.35,0.03,0.19,0.22,0.05,0.0,0.0,10000,0,0.0,20000.00000000006,20000.0,0.6008515357971191,0.27,,0.0,0.0,0.009699999999999986,0.322499999999998,-0.3281000000000063,0.017599999999999998,-0.023499999999999993,-0.009199999999999986,0.011700000000000002,-0.0007,0.0,0.0018000000000000793,0.3281000000000063,20000.0
20462,T30TUM_20000_27,S2B_MSIL2A_20230615T110629_R137_T30TUM_20230615T205813,500,,0.0,0.0,0.375,32.625,66.3125,0.0,0.5,0.1875,0.0,0.0,0.0,1600,0,0.0,20000.00000000006,20000.0,0.22422218322753906,0.1875,,0.0,-0.02,-0.0353,0.22749999999999915,-0.3656000000000006,-0.0124,0.2865,-0.04169999999999999,-0.0383,-0.0007,0.0,-0.08069999999999994,0.3656000000000006,20000.0
20468,T30TUM_20000_27,S2B_MSIL2A_20230615T110629_R137_T30TUM_20230615T205813,1000,,0.0,0.0,0.5,33.75,65.5,0.0,0.0,0.25,0.0,0.0,0.0,400,0,0.0,20000.00000000006,20000.0,0.16101765632629395,0.25,,0.0,-0.02,0.0897,1.3524999999999991,-1.1781000000000006,-0.0124,-0.2135,0.020800000000000013,-0.0383,-0.0007,0.0,-0.01819999999999994,1.3524999999999991,20000.0
20440,T30TUM_20000_27,S2B_MSIL2A_20230625T110619_R137_T30TUM_20230625T164707,20,,0.0,0.0215,0.3234,28.9059,70.6105,0.0066,0.0442,0.0783,0.0082,0.0014,0.0,1000000,0,0.0,20000.00000000006,20000.0,0.2948789596557617,0.08789999999999999,,0.0,0.0,0.0,0.0,0.0,0.0,0.0,0.0,0.0,0.0,0.0,0.0,0.0,20000.0
20446,T30TUM_20000_27,S2B_MSIL2A_20230625T110619_R137_T30TUM_20230625T164707,50,,0.0,0.02125,0.31625,28.881875,70.640625,0.006875,0.04375,0.080625,0.0075,0.00125,0.0,160000,0,0.0,20000.00000000006,20000.0,0.17139005661010742,0.08937500000000001,,0.0,-0.00024999999999999675,-0.007150000000000045,-0.024024999999998187,0.03012499999999818,0.00027500000000000007,-0.00045000000000000595,0.0023250000000000076,-0.000700000000000001,-0.00014999999999999996,0.0,0.001475000000000018,0.03012499999999818,20000.0
20452,T30TUM_20000_27,S2B_MSIL2A_20230625T110619_R137_T30TUM_20230625T164707,100,,0.0,0.0175,0.315,29.035,70.5075,0.01,0.0225,0.0825,0.0075,0.0025,0.0,40000,0,0.0,20000.00000000006,20000.0,0.24867463111877441,0.0925,,0.0,-0.003999999999999997,-0.008400000000000019,0.1291000000000011,-0.10300000000000864,0.0034000000000000002,-0.021700000000000004,0.004200000000000009,-0.000700000000000001,0.0011,0.0,0.004600000000000007,0.1291000000000011,20000.0
20458,T30TUM_20000_27,S2B_MSIL2A_20230625T110619_R137_T30TUM_20230625T164707,200,,0.0,0.03,0.3,29.21,70.28,0.02,0.08,0.07,0.01,0.0,0.0,10000,0,0.0,20000.00000000006,20000.0,0.6008515357971191,0.08,,0.0,0.0085,-0.023400000000000032,0.3041000000000018,-0.3305000000000007,0.0134,0.0358,-0.008299999999999988,0.0017999999999999995,-0.0014,0.0,-0.00789999999999999,0.3305000000000007,20000.0
20464,T30TUM_20000_27,S2B_MSIL2A_20230625T110619_R137_T30TUM_20230625T164707,500,,0.0,0.0625,0.25,28.6875,70.8125,0.0,0.125,0.0625,0.0,0.0,0.0,1600,0,0.0,20000.00000000006,20000.0,0.22422218322753906,0.0625,,0.0,0.041,-0.07340000000000002,-0.21839999999999904,0.20199999999999818,-0.0066,0.0808,-0.015799999999999995,-0.0082,-0.0014,0.0,-0.025399999999999992,0.21839999999999904,20000.0
20470,T30TUM_20000_27,S2B_MSIL2A_20230625T110619_R137_T30TUM_20230625T164707,1000,,0.0,0.0,0.75,30.75,68.25,0.0,0.25,0.0,0.0,0.0,0.0,400,0,0.0,20000.00000000006,20000.0,0.16101765632629395,0.0,,0.0,-0.0215,0.4266,1.844100000000001,-2.360500000000002,-0.0066,0.20579999999999998,-0.0783,-0.0082,-0.0014,0.0,-0.08789999999999999,2.360500000000002,20000.0
20473,T30TUM_20000_28,S2A_MSIL2A_20230610T110621_R137_T30TUM_20230610T202756,20,,0.0,0.0,0.0,0.0001,1.9184,0.0,0.1038,25.3388,71.7969,0.842,0.0,1000000,0,0.0,20000.00000000006,19999.99999999907,0.2977747917175293,97.97769999999998,,0.0,0.0,0.0,0.0,0.0,0.0,0.0,0.0,0.0,0.0,0.0,0.0,0.0,20000.0
20479,T30TUM_20000_28,S2A_MSIL2A_20230610T110621_R137_T30TUM_20230610T202756,50,,0.0,0.0,0.0,0.0,1.925,0.0,0.106875,25.380625,71.733125,0.854375,0.0,160000,0,0.0,20000.00000000006,19999.99999999907,0.1800832748413086,97.968125,,0.0,0.0,0.0,-0.0001,0.006599999999999939,0.0,0.0030749999999999944,0.041824999999999335,-0.06377499999999259,0.012375000000000025,0.0,-0.009574999999983902,0.009574999999983902,20000.0
20485,T30TUM_20000_28,S2A_MSIL2A_20230610T110621_R137_T30TUM_20230610T202756,100,,0.0,0.0,0.0,0.0,1.905,0.0,0.115,25.4275,71.655,0.8975,0.0,40000,0,0.0,20000.00000000006,19999.99999999907,0.15116286277770996,97.97999999999999,,0.0,0.0,0.0,-0.0001,-0.013400000000000079,0.0,0.011200000000000002,0.08869999999999933,-0.1418999999999926,0.055499999999999994,0.0,0.002300000000005298,0.013400000000000079,20000.0
20491,T30TUM_20000_28,S2A_MSIL2A_20230610T110621_R137_T30TUM_20230610T202756,200,,0.0,0.0,0.0,0.0,1.97,0.0,0.11,25.42,71.61,0.89,0.0,10000,0,0.0,20000.00000000006,19999.99999999907,0.3218069076538086,97.92,,0.0,0.0,0.0,-0.0001,0.05159999999999987,0.0,0.006199999999999997,0.0812000000000026,-0.1868999999999943,0.04800000000000004,0.0,-0.057699999999982765,0.057699999999982765,20000.0
20497,T30TUM_20000_28,S2A_MSIL2A_20230610T110621_R137_T30TUM_20230610T202756,500,,0.0,0.0,0.0,0.0,2.25,0.0,0.0625,25.8125,70.75,1.125,0.0,1600,0,0.0,20000.00000000006,19999.99999999907,0.5778172016143799,97.6875,,0.0,0.0,0.0,-0.0001,0.3315999999999999,0.0,-0.0413,0.4737000000000009,-1.0468999999999937,0.28300000000000003,0.0,-0.29019999999998447,0.3315999999999999,20000.0
20503,T30TUM_20000_28,S2A_MSIL2A_20230610T110621_R137_T30TUM_20230610T202756,1000,,0.0,0.0,0.0,0.0,2.5,0.0,0.0,26.75,70.5,0.25,0.0,400,0,0.0,20000.00000000006,19999.99999999907,0.2191481590270996,97.5,,0.0,0.0,0.0,-0.0001,0.5815999999999999,0.0,-0.1038,1.411200000000001,-1.2968999999999937,-0.592,0.0,-0.47769999999998447,0.5815999999999999,20000.0
20475,T30TUM_20000_28,S2A_MSIL2A_20230620T110621_R137_T30TUM_20230620T202552,20,,0.0,0.0,0.4369,0.0,0.4143,0.0,0.4899,63.7701,33.3808,1.508,0.0,1000000,0,0.0,20000.00000000006,19999.99999999907,0.2977747917175293,98.6589,,0.0,0.0,0.0,0.0,0.0,0.0,0.0,0.0,0.0,0.0,0.0,0.0,0.0,20000.0
20481,T30TUM_20000_28,S2A_MSIL2A_20230620T110621_R137_T30TUM_20230620T202552,50,,0.0,0.0,0.440625,0.0,0.415,0.0,0.486875,63.87875,33.280625,1.498125,0.0,160000,0,0.0,20000.00000000006,19999.99999999907,0.1800832748413086,98.6575,,0.0,0.0,0.0037249999999999783,0.0,0.0006999999999999784,0.0,-0.003025,0.10864999999999725,-0.10017500000000013,-0.009875000000000078,0.0,-0.0014000000000038426,0.0037249999999999783,20000.0
20487,T30TUM_20000_28,S2A_MSIL2A_20230620T110621_R137_T30TUM_20230620T202552,100,,0.0,0.0,0.4375,0.0,0.4175,0.0,0.4825,63.9425,33.195,1.525,0.0,40000,0,0.0,20000.00000000006,19999.99999999907,0.15116286277770996,98.66250000000001,,0.0,0.0,0.0005999999999999894,0.0,0.0031999999999999806,0.0,-0.007400000000000018,0.17240000000000322,-0.1858000000000004,0.016999999999999904,0.0,0.0036000000000058208,0.007400000000000018,20000.0
20493,T30TUM_20000_28,S2A_MSIL2A_20230620T110621_R137_T30TUM_20230620T202552,200,,0.0,0.0,0.42,0.0,0.41,0.0,0.48,64.24,32.94,1.51,0.0,10000,0,0.0,20000.00000000006,19999.99999999907,0.3218069076538086,98.69,,0.0,0.0,-0.016900000000000026,0.0,-0.004300000000000026,0.0,-0.00990000000000002,0.46989999999999554,-0.44080000000000297,0.0020000000000000018,0.0,0.03109999999999502,0.03109999999999502,20000.0
20499,T30TUM_20000_28,S2A_MSIL2A_20230620T110621_R137_T30TUM_20230620T202552,500,,0.0,0.0,0.375,0.0,0.5625,0.0,0.3125,64.4375,32.4375,1.875,0.0,1600,0,0.0,20000.00000000006,19999.99999999907,0.5778172016143799,98.75,,0.0,0.0,-0.06190000000000001,0.0,0.1482,0.0,-0.1774,0.6674000000000007,-0.9433000000000007,0.367,0.0,0.0910999999999973,0.1774,20000.0
20505,T30TUM_20000_28,S2A_MSIL2A_20230620T110621_R137_T30TUM_20230620T202552,1000,,0.0,0.0,0.5,0.0,0.0,0.0,0.75,64.5,32.5,1.75,0.0,400,0,0.0,20000.00000000006,19999.99999999907,0.2191481590270996,98.75,,0.0,0.0,0.06309999999999999,0.0,-0.4143,0.0,0.2601,0.7299000000000007,-0.8808000000000007,0.242,0.0,0.0910999999999973,0.4143,20000.0
20477,T30TUM_20000_28,S2A_MSIL2A_20230630T110621_R137_T30TUM_20230630T203024,20,,0.0,0.0148,0.3189,13.5207,85.6609,0.0,0.3963,0.083,0.0054,0.0,0.0,1000000,0,0.0,20000.00000000006,19999.99999999907,0.2977747917175293,0.0884,,0.0,0.0,0.0,0.0,0.0,0.0,0.0,0.0,0.0,0.0,0.0,0.0,0.0,20000.0
20483,T30TUM_20000_28,S2A_MSIL2A_20230630T110621_R137_T30TUM_20230630T203024,50,,0.0,0.014375,0.320625,13.496875,85.67875,0.0,0.40125,0.081875,0.00625,0.0,0.0,160000,0,0.0,20000.00000000006,19999.99999999907,0.1800832748413086,0.08812500000000001,,0.0,-0.00042500000000000003,0.0017249999999999766,-0.02382500000000043,0.017849999999995703,0.0,0.00495000000000001,-0.001125000000000001,0.0008500000000000001,0.0,0.0,-0.00027499999999999747,0.02382500000000043,20000.0
20489,T30TUM_20000_28,S2A_MSIL2A_20230630T110621_R137_T30TUM_20230630T203024,100,,0.0,0.0125,0.3175,13.46,85.7075,0.0,0.415,0.0825,0.005,0.0,0.0,40000,0,0.0,20000.00000000006,19999.99999999907,0.15116286277770996,0.08750000000000001,,0.0,-0.0023,-0.0014000000000000123,-0.060699999999998866,0.046599999999997976,0.0,0.018699999999999994,-0.0005000000000000004,-0.0004000000000000002,0.0,0.0,-0.000899999999999998,0.060699999999998866,20000.0
20495,T30TUM_20000_28,S2A_MSIL2A_20230630T110621_R137_T30TUM_20230630T203024,200,,0.0,0.01,0.33,13.71,85.45,0.0,0.39,0.11,0.0,0.0,0.0,10000,0,0.0,20000.00000000006,19999.99999999907,0.3218069076538086,0.11,,0.0,-0.0048000000000000004,0.011099999999999999,0.18930000000000113,-0.2108999999999952,0.0,-0.006299999999999972,0.026999999999999996,-0.0054,0.0,0.0,0.021599999999999994,0.2108999999999952,20000.0
20501,T30TUM_20000_28,S2A_MSIL2A_20230630T110621_R137_T30TUM_20230630T203024,500,,0.0,0.0,0.3125,12.8125,86.4375,0.0,0.3125,0.125,0.0,0.0,0.0,1600,0,0.0,20000.00000000006,19999.99999999907,0.5778172016143799,0.125,,0.0,-0.0148,-0.006400000000000017,-0.7081999999999997,0.776600000000002,0.0,-0.08379999999999999,0.041999999999999996,-0.0054,0.0,0.0,0.036599999999999994,0.776600000000002,20000.0
20507,T30TUM_20000_28,S2A_MSIL2A_20230630T110621_R137_T30TUM_20230630T203024,1000,,0.0,0.0,0.0,15.0,85.0,0.0,0.0,0.0,0.0,0.0,0.0,400,0,0.0,20000.00000000006,19999.99999999907,0.2191481590270996,0.0,,0.0,-0.0148,-0.3189,1.4793000000000003,-0.660899999999998,0.0,-0.3963,-0.083,-0.0054,0.0,0.0,-0.0884,1.4793000000000003,20000.0
20472,T30TUM_20000_28,S2B_MSIL2A_20230605T110619_R137_T30TUM_20230605T163049,20,,0.0,0.0221,11.5625,17.3457,44.1743,0.004,0.2678,10.2029,16.4174,0.0033,0.0,1000000,0,0.0,20000.00000000006,19999.99999999907,0.2977747917175293,26.6236,,0.0,0.0,0.0,0.0,0.0,0.0,0.0,0.0,0.0,0.0,0.0,0.0,0.0,20000.0
20478,T30TUM_20000_28,S2B_MSIL2A_20230605T110619_R137_T30TUM_20230605T163049,50,,0.0,0.02,11.58125,17.316875,44.1675,0.005,0.265625,10.22625,16.41375,0.00375,0.0,160000,0,0.0,20000.00000000006,19999.99999999907,0.1800832748413086,26.64375,,0.0,-0.002100000000000001,0.01875000000000071,-0.02882500000000121,-0.006800000000005468,0.001,-0.0021749999999999825,0.023350000000000648,-0.003650000000000375,0.0004499999999999999,0.0,0.020150000000001,0.02882500000000121,20000.0
20484,T30TUM_20000_28,S2B_MSIL2A_20230605T110619_R137_T30TUM_20230605T163049,100,,0.0,0.0275,11.555,17.3675,43.985,0.0,0.3,10.3025,16.46,0.0025,0.0,40000,0,0.0,20000.00000000006,19999.99999999907,0.15116286277770996,26.765000000000004,,0.0,0.0053999999999999986,-0.007500000000000284,0.02179999999999893,-0.1893000000000029,-0.004,0.032200000000000006,0.09960000000000058,0.04260000000000019,-0.0007999999999999999,0.0,0.1414000000000044,0.1893000000000029,20000.0
20490,T30TUM_20000_28,S2B_MSIL2A_20230605T110619_R137_T30TUM_20230605T163049,200,,0.0,0.03,11.49,17.61,43.69,0.0,0.25,10.39,16.54,0.0,0.0,10000,0,0.0,20000.00000000006,19999.99999999907,0.3218069076538086,26.93,,0.0,0.007899999999999997,-0.07249999999999979,0.26429999999999865,-0.4843000000000046,-0.004,-0.017799999999999983,0.18710000000000093,0.12259999999999849,-0.0033,0.0,0.3064,0.4843000000000046,20000.0
20496,T30TUM_20000_28,S2B_MSIL2A_20230605T110619_R137_T30TUM_20230605T163049,500,,0.0,0.0625,11.25,17.9375,43.0625,0.0,0.3125,10.625,16.75,0.0,0.0,1600,0,0.0,20000.00000000006,19999.99999999907,0.5778172016143799,27.375,,0.0,0.0404,-0.3125,0.5917999999999992,-1.1118000000000023,-0.004,0.04470000000000002,0.42210000000000036,0.33259999999999934,-0.0033,0.0,0.7514000000000003,1.1118000000000023,20000.0
20502,T30TUM_20000_28,S2B_MSIL2A_20230605T110619_R137_T30TUM_20230605T163049,1000,,0.0,0.25,13.25,15.75,43.25,0.0,0.5,11.0,16.0,0.0,0.0,400,0,0.0,20000.00000000006,19999.99999999907,0.2191481590270996,27.0,,0.0,0.2279,1.6875,-1.5957000000000008,-0.9243000000000023,-0.004,0.23220000000000002,0.7971000000000004,-0.41740000000000066,-0.0033,0.0,0.3764000000000003,1.6875,20000.0
20474,T30TUM_20000_28,S2B_MSIL2A_20230615T110629_R137_T30TUM_20230615T205813,20,,0.0,0.0002,0.0,20.3629,79.6081,0.011,0.0178,0.0,0.0,0.0,0.0,1000000,0,0.0,20000.00000000006,19999.99999999907,0.2977747917175293,0.0,,0.0,0.0,0.0,0.0,0.0,0.0,0.0,0.0,0.0,0.0,0.0,0.0,0.0,20000.0
20480,T30TUM_20000_28,S2B_MSIL2A_20230615T110629_R137_T30TUM_20230615T205813,50,,0.0,0.000625,0.0,20.3075,79.660625,0.0125,0.01875,0.0,0.0,0.0,0.0,160000,0,0.0,20000.00000000006,19999.99999999907,0.1800832748413086,0.0,,0.0,0.00042500000000000003,0.0,-0.055399999999998784,0.05252500000000282,0.0015000000000000013,0.0009499999999999995,0.0,0.0,0.0,0.0,0.0,0.055399999999998784,20000.0
20486,T30TUM_20000_28,S2B_MSIL2A_20230615T110629_R137_T30TUM_20230615T205813,100,,0.0,0.0,0.0,20.3725,79.5825,0.01,0.035,0.0,0.0,0.0,0.0,40000,0,0.0,20000.00000000006,19999.99999999907,0.15116286277770996,0.0,,0.0,-0.0002,0.0,0.009599999999998943,-0.02559999999999718,-0.0009999999999999992,0.017200000000000003,0.0,0.0,0.0,0.0,0.0,0.02559999999999718,20000.0
20492,T30TUM_20000_28,S2B_MSIL2A_20230615T110629_R137_T30TUM_20230615T205813,200,,0.0,0.0,0.0,20.84,79.14,0.01,0.01,0.0,0.0,0.0,0.0,10000,0,0.0,20000.00000000006,19999.99999999907,0.3218069076538086,0.0,,0.0,-0.0002,0.0,0.4771000000000001,-0.46809999999999263,-0.0009999999999999992,-0.0078,0.0,0.0,0.0,0.0,0.0,0.4771000000000001,20000.0
20498,T30TUM_20000_28,S2B_MSIL2A_20230615T110629_R137_T30TUM_20230615T205813,500,,0.0,0.0,0.0,20.9375,79.0625,0.0,0.0,0.0,0.0,0.0,0.0,1600,0,0.0,20000.00000000006,19999.99999999907,0.5778172016143799,0.0,,0.0,-0.0002,0.0,0.5746000000000002,-0.5455999999999932,-0.011,-0.0178,0.0,0.0,0.0,0.0,0.0,0.5746000000000002,20000.0
20504,T30TUM_20000_28,S2B_MSIL2A_20230615T110629_R137_T30TUM_20230615T205813,1000,,0.0,0.0,0.0,22.75,77.25,0.0,0.0,0.0,0.0,0.0,0.0,400,0,0.0,20000.00000000006,19999.99999999907,0.2191481590270996,0.0,,0.0,-0.0002,0.0,2.3871,-2.358099999999993,-0.011,-0.0178,0.0,0.0,0.0,0.0,0.0,2.3871,20000.0
20476,T30TUM_20000_28,S2B_MSIL2A_20230625T110619_R137_T30TUM_20230625T164707,20,,0.0,0.0037,0.0431,15.1393,84.7722,0.0037,0.0291,0.0084,0.0005,0.0,0.0,1000000,0,0.0,20000.00000000006,19999.99999999907,0.2977747917175293,0.0089,,0.0,0.0,0.0,0.0,0.0,0.0,0.0,0.0,0.0,0.0,0.0,0.0,0.0,20000.0
20482,T30TUM_20000_28,S2B_MSIL2A_20230625T110619_R137_T30TUM_20230625T164707,50,,0.0,0.004375,0.0475,15.11625,84.7925,0.00375,0.026875,0.00875,0.0,0.0,0.0,160000,0,0.0,20000.00000000006,19999.99999999907,0.1800832748413086,0.00875,,0.0,0.0006750000000000003,0.004400000000000001,-0.02304999999999957,0.02030000000000598,4.99999999999997e-05,-0.0022250000000000013,0.00035000000000000135,-0.0005,0.0,0.0,-0.0001499999999999991,0.02304999999999957,20000.0
20488,T30TUM_20000_28,S2B_MSIL2A_20230625T110619_R137_T30TUM_20230625T164707,100,,0.0,0.0025,0.055,15.0575,84.8375,0.0025,0.0375,0.005,0.0025,0.0,0.0,40000,0,0.0,20000.00000000006,19999.99999999907,0.15116286277770996,0.0075,,0.0,-0.0012000000000000001,0.0119,-0.0818000000000012,0.06530000000000769,-0.0012000000000000001,0.008399999999999998,-0.0033999999999999994,0.002,0.0,0.0,-0.0014000000000000002,0.0818000000000012,20000.0
20494,T30TUM_20000_28,S2B_MSIL2A_20230625T110619_R137_T30TUM_20230625T164707,200,,0.0,0.0,0.05,15.47,84.44,0.01,0.02,0.01,0.0,0.0,0.0,10000,0,0.0,20000.00000000006,19999.99999999907,0.3218069076538086,0.01,,0.0,-0.0037,0.006900000000000003,0.3307000000000002,-0.3322000000000003,0.0063,-0.0091,0.0016000000000000007,-0.0005,0.0,0.0,0.0011000000000000003,0.3322000000000003,20000.0
20500,T30TUM_20000_28,S2B_MSIL2A_20230625T110619_R137_T30TUM_20230625T164707,500,,0.0,0.0,0.0625,14.5625,85.375,0.0,0.0,0.0,0.0,0.0,0.0,1600,0,0.0,20000.00000000006,19999.99999999907,0.5778172016143799,0.0,,0.0,-0.0037,0.0194,-0.5768000000000004,0.602800000000002,-0.0037,-0.0291,-0.0084,-0.0005,0.0,0.0,-0.0089,0.602800000000002,20000.0
20506,T30TUM_20000_28,S2B_MSIL2A_20230625T110619_R137_T30TUM_20230625T164707,1000,,0.0,0.0,0.0,16.75,83.25,0.0,0.0,0.0,0.0,0.0,0.0,400,0,0.0,20000.00000000006,19999.99999999907,0.2191481590270996,0.0,,0.0,-0.0037,-0.0431,1.6106999999999996,-1.522199999999998,-0.0037,-0.0291,-0.0084,-0.0005,0.0,0.0,-0.0089,1.6106999999999996,20000.0
20509,T30TUM_20000_29,S2A_MSIL2A_20230610T110621_R137_T30TUN_20230610T203048,20,,0.0,0.0001,2.0184,2.6328,11.8775,0.0003,3.5301,26.7302,52.8717,0.3389,0.0,1000000,0,0.0,20000.00000000006,20000.00000000093,0.30217695236206055,79.9408,,0.0,0.0,0.0,0.0,0.0,0.0,0.0,0.0,0.0,0.0,0.0,0.0,0.0,20000.0
20515,T30TUM_20000_29,S2A_MSIL2A_20230610T110621_R137_T30TUN_20230610T203048,50,,0.0,0.0,2.011875,2.63375,11.826875,0.000625,3.525625,26.6825,52.98375,0.335,0.0,160000,0,0.0,20000.00000000006,20000.00000000093,0.1806943416595459,80.00125,,0.0,-0.0001,-0.006525000000000336,0.0009500000000000064,-0.05062500000000014,0.00032500000000000004,-0.004475000000000229,-0.047699999999998965,0.11205000000000354,-0.003899999999999959,0.0,0.060450000000003,0.060450000000003,20000.0
20521,T30TUM_20000_29,S2A_MSIL2A_20230610T110621_R137_T30TUN_20230610T203048,100,,0.0,0.0,1.98,2.6475,11.76,0.0,3.53,26.63,53.115,0.3375,0.0,40000,0,0.0,20000.00000000006,20000.00000000093,0.16043615341186523,80.08250000000001,,0.0,-0.0001,-0.03840000000000021,0.014699999999999935,-0.11749999999999972,-0.0003,-0.00010000000000021103,-0.10020000000000095,0.24330000000000496,-0.0013999999999999568,0.0,0.14170000000001437,0.14170000000001437,20000.0
20527,T30TUM_20000_29,S2A_MSIL2A_20230610T110621_R137_T30TUN_20230610T203048,200,,0.0,0.0,2.0,2.46,12.2,0.0,3.43,26.83,52.79,0.29,0.0,10000,0,0.0,20000.00000000006,20000.00000000093,0.49929118156433105,79.91000000000001,,0.0,-0.0001,-0.018400000000000194,-0.17280000000000006,0.3224999999999998,-0.0003,-0.10009999999999986,0.09979999999999833,-0.08169999999999789,-0.0489,0.0,-0.03079999999998506,0.3224999999999998,20000.0
20533,T30TUM_20000_29,S2A_MSIL2A_20230610T110621_R137_T30TUN_20230610T203048,500,,0.0,0.0,1.875,1.875,13.25,0.0,3.6875,25.75,53.4375,0.125,0.0,1600,0,0.0,20000.00000000006,20000.00000000093,0.3143010139465332,79.3125,,0.0,-0.0001,-0.1434000000000002,-0.7578,1.3725000000000005,-0.0003,0.15739999999999998,-0.9802,0.565800000000003,-0.21389999999999998,0.0,-0.6282999999999959,1.3725000000000005,20000.0
20539,T30TUM_20000_29,S2A_MSIL2A_20230610T110621_R137_T30TUN_20230610T203048,1000,,0.0,0.0,3.25,3.25,10.5,0.0,2.5,27.25,52.75,0.5,0.0,400,0,0.0,20000.00000000006,20000.00000000093,0.1538407802581787,80.5,,0.0,-0.0001,1.2315999999999998,0.6172,-1.3774999999999995,-0.0003,-1.0301,0.5198,-0.12169999999999703,0.16110000000000002,0.0,0.5592000000000041,1.3774999999999995,20000.0
20511,T30TUM_20000_29,S2A_MSIL2A_20230620T110621_R137_T30TUN_20230620T202556,20,,0.0,0.0,0.0,0.0,0.1675,0.0,0.0,60.4391,38.9984,0.395,0.0,1000000,0,0.0,20000.00000000006,20000.00000000093,0.30217695236206055,99.8325,,0.0,0.0,0.0,0.0,0.0,0.0,0.0,0.0,0.0,0.0,0.0,0.0,0.0,20000.0
20517,T30TUM_20000_29,S2A_MSIL2A_20230620T110621_R137_T30TUN_20230620T202556,50,,0.0,0.0,0.0,0.0,0.16125,0.0,0.0,60.414375,39.035,0.389375,0.0,160000,0,0.0,20000.00000000006,20000.00000000093,0.1806943416595459,99.83875,,0.0,0.0,0.0,0.0,-0.0062500000000000056,0.0,0.0,-0.02472500000000366,0.036599999999999966,-0.005624999999999991,0.0,0.0062500000000085265,0.0062500000000085265,20000.0
20523,T30TUM_20000_29,S2A_MSIL2A_20230620T110621_R137_T30TUN_20230620T202556,100,,0.0,0.0,0.0,0.0,0.1725,0.0,0.0,60.3875,39.075,0.365,0.0,40000,0,0.0,20000.00000000006,20000.00000000093,0.16043615341186523,99.8275,,0.0,0.0,0.0,0.0,0.004999999999999977,0.0,0.0,-0.051600000000000534,0.07660000000000622,-0.030000000000000027,0.0,-0.0049999999999954525,0.004999999999999977,20000.0
20529,T30TUM_20000_29,S2A_MSIL2A_20230620T110621_R137_T30TUN_20230620T202556,200,,0.0,0.0,0.0,0.0,0.15,0.0,0.0,60.14,39.27,0.44,0.0,10000,0,0.0,20000.00000000006,20000.00000000093,0.49929118156433105,99.85,,0.0,0.0,0.0,0.0,-0.017500000000000016,0.0,0.0,-0.2991000000000028,0.2716000000000065,0.044999999999999984,0.0,0.017499999999998295,0.017500000000000016,20000.0
20535,T30TUM_20000_29,S2A_MSIL2A_20230620T110621_R137_T30TUN_20230620T202556,500,,0.0,0.0,0.0,0.0,0.1875,0.0,0.0,60.0,39.375,0.4375,0.0,1600,0,0.0,20000.00000000006,20000.00000000093,0.3143010139465332,99.8125,,0.0,0.0,0.0,0.0,0.01999999999999999,0.0,0.0,-0.4391000000000034,0.3766000000000034,0.04249999999999998,0.0,-0.01999999999999602,0.01999999999999999,20000.0
20541,T30TUM_20000_29,S2A_MSIL2A_20230620T110621_R137_T30TUN_20230620T202556,1000,,0.0,0.0,0.0,0.0,0.25,0.0,0.0,59.25,39.75,0.75,0.0,400,0,0.0,20000.00000000006,20000.00000000093,0.1538407802581787,99.75,,0.0,0.0,0.0,0.0,0.08249999999999999,0.0,0.0,-1.1891000000000034,0.7516000000000034,0.355,0.0,-0.08249999999999602,0.08249999999999999,20000.0
20513,T30TUM_20000_29,S2A_MSIL2A_20230630T110621_R137_T30TUN_20230630T203023,20,,0.0,0.0006,0.0,23.6532,69.0138,0.0004,0.0288,0.0005,0.0002,7.3025,0.0,1000000,0,0.0,20000.00000000006,20000.00000000093,0.30217695236206055,7.3032,,0.0,0.0,0.0,0.0,0.0,0.0,0.0,0.0,0.0,0.0,0.0,0.0,0.0,20000.0
20519,T30TUM_20000_29,S2A_MSIL2A_20230630T110621_R137_T30TUN_20230630T203023,50,,0.0,0.0,0.0,23.744375,68.9525,0.0,0.02625,0.0,0.000625,7.27625,0.0,160000,0,0.0,20000.00000000006,20000.00000000093,0.1806943416595459,7.276875,,0.0,-0.0006,0.0,0.09117500000000334,-0.0613000000000028,-0.0004,-0.00255,-0.0005,0.00042500000000000003,-0.026250000000000107,0.0,-0.026324999999999932,0.09117500000000334,20000.0
20525,T30TUM_20000_29,S2A_MSIL2A_20230630T110621_R137_T30TUN_20230630T203023,100,,0.0,0.0,0.0,23.62,69.125,0.0,0.0275,0.0,0.0,7.2275,0.0,40000,0,0.0,20000.00000000006,20000.00000000093,0.16043615341186523,7.2275,,0.0,-0.0006,0.0,-0.03319999999999723,0.11119999999999663,-0.0004,-0.001299999999999999,-0.0005,-0.0002,-0.07500000000000018,0.0,-0.07570000000000032,0.11119999999999663,20000.0
20531,T30TUM_20000_29,S2A_MSIL2A_20230630T110621_R137_T30TUN_20230630T203023,200,,0.0,0.0,0.0,23.52,69.17,0.0,0.04,0.0,0.0,7.27,0.0,10000,0,0.0,20000.00000000006,20000.00000000093,0.49929118156433105,7.27,,0.0,-0.0006,0.0,-0.13319999999999865,0.15619999999999834,-0.0004,0.011200000000000002,-0.0005,-0.0002,-0.03250000000000064,0.0,-0.033200000000000784,0.15619999999999834,20000.0
20537,T30TUM_20000_29,S2A_MSIL2A_20230630T110621_R137_T30TUN_20230630T203023,500,,0.0,0.0,0.0,23.5625,69.1875,0.0,0.125,0.0,0.0,7.125,0.0,1600,0,0.0,20000.00000000006,20000.00000000093,0.3143010139465332,7.125,,0.0,-0.0006,0.0,-0.09069999999999823,0.17369999999999663,-0.0004,0.09620000000000001,-0.0005,-0.0002,-0.1775000000000002,0.0,-0.17820000000000036,0.17820000000000036,20000.0
20543,T30TUM_20000_29,S2A_MSIL2A_20230630T110621_R137_T30TUN_20230630T203023,1000,,0.0,0.0,0.0,23.25,69.25,0.0,0.0,0.0,0.0,7.5,0.0,400,0,0.0,20000.00000000006,20000.00000000093,0.1538407802581787,7.5,,0.0,-0.0006,0.0,-0.4031999999999982,0.23619999999999663,-0.0004,-0.0288,-0.0005,-0.0002,0.1974999999999998,0.0,0.19679999999999964,0.4031999999999982,20000.0
20508,T30TUM_20000_29,S2B_MSIL2A_20230605T110619_R137_T30TUN_20230605T165004,20,,0.0,0.022,8.6362,27.5645,52.6024,0.0001,0.5573,6.4443,4.1732,0.0,0.0,1000000,0,0.0,20000.00000000006,20000.00000000093,0.30217695236206055,10.6175,,0.0,0.0,0.0,0.0,0.0,0.0,0.0,0.0,0.0,0.0,0.0,0.0,0.0,20000.0
20514,T30TUM_20000_29,S2B_MSIL2A_20230605T110619_R137_T30TUN_20230605T165004,50,,0.0,0.019375,8.6475,27.528125,52.613125,0.0,0.573125,6.431875,4.186875,0.0,0.0,160000,0,0.0,20000.00000000006,20000.00000000093,0.1806943416595459,10.618749999999999,,0.0,-0.002624999999999999,0.01130000000000031,-0.0363749999999996,0.010724999999993656,-0.0001,0.015824999999999978,-0.012425000000000352,0.013675000000000104,0.0,0.0,0.0012499999999988631,0.0363749999999996,20000.0
20520,T30TUM_20000_29,S2B_MSIL2A_20230605T110619_R137_T30TUN_20230605T165004,100,,0.0,0.0175,8.7175,27.3475,52.74,0.0,0.585,6.4225,4.17,0.0,0.0,40000,0,0.0,20000.00000000006,20000.00000000093,0.16043615341186523,10.592500000000001,,0.0,-0.004499999999999997,0.08129999999999882,-0.21699999999999875,0.13759999999999906,-0.0001,0.027699999999999947,-0.02179999999999982,-0.0031999999999996476,0.0,0.0,-0.02499999999999858,0.21699999999999875,20000.0
20526,T30TUM_20000_29,S2B_MSIL2A_20230605T110619_R137_T30TUN_20230605T165004,200,,0.0,0.02,8.54,27.41,52.85,0.0,0.46,6.43,4.29,0.0,0.0,10000,0,0.0,20000.00000000006,20000.00000000093,0.49929118156433105,10.719999999999999,,0.0,-0.0019999999999999983,-0.0962000000000014,-0.15449999999999875,0.2475999999999985,-0.0001,-0.0973,-0.014300000000000423,0.11680000000000046,0.0,0.0,0.10249999999999915,0.2475999999999985,20000.0
20532,T30TUM_20000_29,S2B_MSIL2A_20230605T110619_R137_T30TUN_20230605T165004,500,,0.0,0.0,8.625,27.125,52.625,0.0,0.5625,6.375,4.6875,0.0,0.0,1600,0,0.0,20000.00000000006,20000.00000000093,0.3143010139465332,11.0625,,0.0,-0.022,-0.011200000000000543,-0.4394999999999989,0.022599999999997067,-0.0001,0.005199999999999982,-0.06930000000000014,0.5143000000000004,0.0,0.0,0.4450000000000003,0.4450000000000003,20000.0
20538,T30TUM_20000_29,S2B_MSIL2A_20230605T110619_R137_T30TUN_20230605T165004,1000,,0.0,0.0,9.0,25.5,53.25,0.0,0.5,6.75,5.0,0.0,0.0,400,0,0.0,20000.00000000006,20000.00000000093,0.1538407802581787,11.75,,0.0,-0.022,0.36379999999999946,-2.064499999999999,0.6475999999999971,-0.0001,-0.05730000000000002,0.30569999999999986,0.8268000000000004,0.0,0.0,1.1325000000000003,2.064499999999999,20000.0
20510,T30TUM_20000_29,S2B_MSIL2A_20230615T110629_R137_T30TUN_20230615T203627,20,,0.0,0.0001,0.0,31.1805,68.8148,0.0003,0.0043,0.0,0.0,0.0,0.0,1000000,0,0.0,20000.00000000006,20000.00000000093,0.30217695236206055,0.0,,0.0,0.0,0.0,0.0,0.0,0.0,0.0,0.0,0.0,0.0,0.0,0.0,0.0,20000.0
20516,T30TUM_20000_29,S2B_MSIL2A_20230615T110629_R137_T30TUN_20230615T203627,50,,0.0,0.0,0.0,31.18125,68.8175,0.0,0.00125,0.0,0.0,0.0,0.0,160000,0,0.0,20000.00000000006,20000.00000000093,0.1806943416595459,0.0,,0.0,-0.0001,0.0,0.0007500000000000284,0.0026999999999901547,-0.0003,-0.0030499999999999998,0.0,0.0,0.0,0.0,0.0,0.0030499999999999998,20000.0
20522,T30TUM_20000_29,S2B_MSIL2A_20230615T110629_R137_T30TUN_20230615T203627,100,,0.0,0.0,0.0,30.9625,69.0325,0.0025,0.0025,0.0,0.0,0.0,0.0,40000,0,0.0,20000.00000000006,20000.00000000093,0.16043615341186523,0.0,,0.0,-0.0001,0.0,-0.21799999999999997,0.21769999999999357,0.0022,-0.0018,0.0,0.0,0.0,0.0,0.0,0.21799999999999997,20000.0
20528,T30TUM_20000_29,S2B_MSIL2A_20230615T110629_R137_T30TUN_20230615T203627,200,,0.0,0.0,0.0,30.81,69.18,0.0,0.01,0.0,0.0,0.0,0.0,10000,0,0.0,20000.00000000006,20000.00000000093,0.49929118156433105,0.0,,0.0,-0.0001,0.0,-0.37049999999999983,0.3652000000000015,-0.0003,0.0057,0.0,0.0,0.0,0.0,0.0,0.37049999999999983,20000.0
20534,T30TUM_20000_29,S2B_MSIL2A_20230615T110629_R137_T30TUN_20230615T203627,500,,0.0,0.0,0.0,29.875,70.125,0.0,0.0,0.0,0.0,0.0,0.0,1600,0,0.0,20000.00000000006,20000.00000000093,0.3143010139465332,0.0,,0.0,-0.0001,0.0,-1.3054999999999986,1.3101999999999947,-0.0003,-0.0043,0.0,0.0,0.0,0.0,0.0,1.3101999999999947,20000.0
20540,T30TUM_20000_29,S2B_MSIL2A_20230615T110629_R137_T30TUN_20230615T203627,1000,,0.0,0.0,0.0,29.5,70.5,0.0,0.0,0.0,0.0,0.0,0.0,400,0,0.0,20000.00000000006,20000.00000000093,0.1538407802581787,0.0,,0.0,-0.0001,0.0,-1.6804999999999986,1.6851999999999947,-0.0003,-0.0043,0.0,0.0,0.0,0.0,0.0,1.6851999999999947,20000.0
20512,T30TUM_20000_29,S2B_MSIL2A_20230625T110619_R137_T30TUN_20230625T165543,20,,0.0,0.0001,0.0,26.9487,73.0459,0.0,0.0034,0.0019,0.0,0.0,0.0,1000000,0,0.0,20000.00000000006,20000.00000000093,0.30217695236206055,0.0019,,0.0,0.0,0.0,0.0,0.0,0.0,0.0,0.0,0.0,0.0,0.0,0.0,0.0,20000.0
20518,T30TUM_20000_29,S2B_MSIL2A_20230625T110619_R137_T30TUN_20230625T165543,50,,0.0,0.0,0.0,26.996875,73.00125,0.0,0.00125,0.000625,0.0,0.0,0.0,160000,0,0.0,20000.00000000006,20000.00000000093,0.1806943416595459,0.000625,,0.0,-0.0001,0.0,0.04817500000000052,-0.0446500000000043,0.0,-0.00215,-0.001275,0.0,0.0,0.0,-0.001275,0.04817500000000052,20000.0
20524,T30TUM_20000_29,S2B_MSIL2A_20230625T110619_R137_T30TUN_20230625T165543,100,,0.0,0.0,0.0,26.915,73.085,0.0,0.0,0.0,0.0,0.0,0.0,40000,0,0.0,20000.00000000006,20000.00000000093,0.16043615341186523,0.0,,0.0,-0.0001,0.0,-0.03369999999999962,0.03909999999999059,0.0,-0.0034,-0.0019,0.0,0.0,0.0,-0.0019,0.03909999999999059,20000.0
20530,T30TUM_20000_29,S2B_MSIL2A_20230625T110619_R137_T30TUN_20230625T165543,200,,0.0,0.0,0.0,26.48,73.51,0.0,0.01,0.0,0.0,0.0,0.0,10000,0,0.0,20000.00000000006,20000.00000000093,0.49929118156433105,0.0,,0.0,-0.0001,0.0,-0.46869999999999834,0.46410000000000196,0.0,0.0066,-0.0019,0.0,0.0,0.0,-0.0019,0.46869999999999834,20000.0
20536,T30TUM_20000_29,S2B_MSIL2A_20230625T110619_R137_T30TUN_20230625T165543,500,,0.0,0.0,0.0,27.0625,72.9375,0.0,0.0,0.0,0.0,0.0,0.0,1600,0,0.0,20000.00000000006,20000.00000000093,0.3143010139465332,0.0,,0.0,-0.0001,0.0,0.11380000000000123,-0.10840000000000316,0.0,-0.0034,-0.0019,0.0,0.0,0.0,-0.0019,0.11380000000000123,20000.0
20542,T30TUM_20000_29,S2B_MSIL2A_20230625T110619_R137_T30TUN_20230625T165543,1000,,0.0,0.0,0.0,26.25,73.75,0.0,0.0,0.0,0.0,0.0,0.0,400,0,0.0,20000.00000000006,20000.00000000093,0.1538407802581787,0.0,,0.0,-0.0001,0.0,-0.6986999999999988,0.7040999999999968,0.0,-0.0034,-0.0019,0.0,0.0,0.0,-0.0019,0.7040999999999968,20000.0
19573,T30TUM_20000_3,S2A_MSIL2A_20230610T110621_R137_T30TUM_20230610T202756,20,,0.0,0.0066,9.1745,3.7632,32.0938,0.0002,0.7594,19.9011,28.6446,5.6566,0.0,1000000,0,0.0,20000.000000000116,20000.0,0.4739093780517578,54.202299999999994,,0.0,0.0,0.0,0.0,0.0,0.0,0.0,0.0,0.0,0.0,0.0,0.0,0.0,20000.0
19579,T30TUM_20000_3,S2A_MSIL2A_20230610T110621_R137_T30TUM_20230610T202756,50,,0.0,0.006875,9.173125,3.735,32.046875,0.0,0.7625,19.90375,28.705625,5.66625,0.0,160000,0,0.0,20000.000000000116,20000.0,0.27080535888671875,54.275625,,0.0,0.00027500000000000007,-0.00137499999999946,-0.028200000000000003,-0.04692500000000166,-0.0002,0.0030999999999999917,0.002649999999999153,0.06102500000000077,0.009649999999999714,0.0,0.07332500000000408,0.07332500000000408,20000.0
19585,T30TUM_20000_3,S2A_MSIL2A_20230610T110621_R137_T30TUM_20230610T202756,100,,0.0,0.0075,9.2175,3.735,31.91,0.0,0.7925,20.005,28.63,5.7025,0.0,40000,0,0.0,20000.000000000116,20000.0,0.16388559341430664,54.3375,,0.0,0.0008999999999999998,0.04299999999999926,-0.028200000000000003,-0.18380000000000152,-0.0002,0.03310000000000002,0.10389999999999944,-0.0146000000000015,0.04589999999999961,0.0,0.13520000000000465,0.18380000000000152,20000.0
19591,T30TUM_20000_3,S2A_MSIL2A_20230610T110621_R137_T30TUM_20230610T202756,200,,0.0,0.02,9.13,3.74,31.49,0.0,0.92,20.05,29.02,5.63,0.0,10000,0,0.0,20000.000000000116,20000.0,0.1719837188720703,54.7,,0.0,0.0134,-0.04449999999999932,-0.023199999999999665,-0.6038000000000032,-0.0002,0.16060000000000008,0.14890000000000114,0.37539999999999907,-0.02660000000000018,0.0,0.4977000000000089,0.6038000000000032,20000.0
19597,T30TUM_20000_3,S2A_MSIL2A_20230610T110621_R137_T30TUM_20230610T202756,500,,0.0,0.0,9.4375,3.8125,31.9375,0.0,0.75,18.1875,30.5625,5.3125,0.0,1600,0,0.0,20000.000000000116,20000.0,0.25109386444091797,54.0625,,0.0,-0.0066,0.2629999999999999,0.04930000000000012,-0.15630000000000166,-0.0002,-0.009399999999999964,-1.7135999999999996,1.9178999999999995,-0.3441000000000001,0.0,-0.13979999999999393,0.2629999999999999,20000.0
19603,T30TUM_20000_3,S2A_MSIL2A_20230610T110621_R137_T30TUM_20230610T202756,1000,,0.0,0.0,8.25,2.5,30.75,0.0,1.0,21.5,30.25,5.75,0.0,400,0,0.0,20000.000000000116,20000.0,0.6360554695129395,57.5,,0.0,-0.0066,-0.9245000000000001,-1.2631999999999999,-1.3438000000000017,-0.0002,0.24060000000000004,1.5989000000000004,1.6053999999999995,0.09339999999999993,0.0,3.297700000000006,3.297700000000006,20000.0
19575,T30TUM_20000_3,S2A_MSIL2A_20230620T110621_R137_T30TUM_20230620T202552,20,,0.0,0.0,0.0,0.0006,0.7534,0.0,0.0695,39.6422,40.1424,19.3919,0.0,1000000,0,0.0,20000.000000000116,20000.0,0.4739093780517578,99.1765,,0.0,0.0,0.0,0.0,0.0,0.0,0.0,0.0,0.0,0.0,0.0,0.0,0.0,20000.0
19581,T30TUM_20000_3,S2A_MSIL2A_20230620T110621_R137_T30TUM_20230620T202552,50,,0.0,0.0,0.0,0.0,0.735625,0.0,0.0775,39.61375,40.2,19.373125,0.0,160000,0,0.0,20000.000000000116,20000.0,0.27080535888671875,99.186875,,0.0,0.0,0.0,-0.0006,-0.017774999999999985,0.0,0.007999999999999993,-0.02844999999999942,0.05760000000000076,-0.018774999999997988,0.0,0.010374999999996248,0.017774999999999985,20000.0
19587,T30TUM_20000_3,S2A_MSIL2A_20230620T110621_R137_T30TUM_20230620T202552,100,,0.0,0.0,0.0,0.0,0.7125,0.0,0.075,39.5775,40.2525,19.3825,0.0,40000,0,0.0,20000.000000000116,20000.0,0.16388559341430664,99.2125,,0.0,0.0,0.0,-0.0006,-0.040899999999999936,0.0,0.005499999999999991,-0.06470000000000198,0.11009999999999565,-0.009399999999999409,0.0,0.036000000000001364,0.040899999999999936,20000.0
19593,T30TUM_20000_3,S2A_MSIL2A_20230620T110621_R137_T30TUM_20230620T202552,200,,0.0,0.0,0.0,0.01,0.66,0.0,0.07,39.73,40.14,19.39,0.0,10000,0,0.0,20000.000000000116,20000.0,0.1719837188720703,99.26,,0.0,0.0,0.0,0.0094,-0.09339999999999993,0.0,0.0005000000000000004,0.08779999999999433,-0.002400000000001512,-0.0018999999999991246,0.0,0.0835000000000008,0.09339999999999993,20000.0
19599,T30TUM_20000_3,S2A_MSIL2A_20230620T110621_R137_T30TUM_20230620T202552,500,,0.0,0.0,0.0,0.0,0.625,0.0,0.125,39.125,41.0,19.125,0.0,1600,0,0.0,20000.000000000116,20000.0,0.25109386444091797,99.25,,0.0,0.0,0.0,-0.0006,-0.12839999999999996,0.0,0.055499999999999994,-0.5172000000000025,0.8575999999999979,-0.2668999999999997,0.0,0.07349999999999568,0.12839999999999996,20000.0
19605,T30TUM_20000_3,S2A_MSIL2A_20230620T110621_R137_T30TUM_20230620T202552,1000,,0.0,0.0,0.0,0.0,0.75,0.0,0.0,40.25,40.75,18.25,0.0,400,0,0.0,20000.000000000116,20000.0,0.6360554695129395,99.25,,0.0,0.0,0.0,-0.0006,-0.0033999999999999586,0.0,-0.0695,0.6077999999999975,0.6075999999999979,-1.1418999999999997,0.0,0.07349999999999568,0.07349999999999568,20000.0
19577,T30TUM_20000_3,S2A_MSIL2A_20230630T110621_R137_T30TUM_20230630T203024,20,,0.0,0.0,0.0,10.1679,85.883,0.0,0.0012,0.0002,0.0001,3.9476,0.0,1000000,0,0.0,20000.000000000116,20000.0,0.4739093780517578,3.9479,,0.0,0.0,0.0,0.0,0.0,0.0,0.0,0.0,0.0,0.0,0.0,0.0,0.0,20000.0
19583,T30TUM_20000_3,S2A_MSIL2A_20230630T110621_R137_T30TUM_20230630T203024,50,,0.0,0.0,0.0,10.10125,85.933125,0.0,0.00125,0.000625,0.0,3.96375,0.0,160000,0,0.0,20000.000000000116,20000.0,0.27080535888671875,3.964375,,0.0,0.0,0.0,-0.06664999999999921,0.05012500000000841,0.0,5.000000000000013e-05,0.00042500000000000003,-0.0001,0.01615000000000011,0.0,0.016474999999999795,0.06664999999999921,20000.0
19589,T30TUM_20000_3,S2A_MSIL2A_20230630T110621_R137_T30TUM_20230630T203024,100,,0.0,0.0,0.0,10.125,85.89,0.0,0.0025,0.0,0.0,3.9825,0.0,40000,0,0.0,20000.000000000116,20000.0,0.16388559341430664,3.9825,,0.0,0.0,0.0,-0.042899999999999494,0.007000000000005002,0.0,0.0013000000000000002,-0.0002,-0.0001,0.03489999999999993,0.0,0.03459999999999974,0.042899999999999494,20000.0
19595,T30TUM_20000_3,S2A_MSIL2A_20230630T110621_R137_T30TUM_20230630T203024,200,,0.0,0.0,0.0,10.13,85.83,0.0,0.0,0.0,0.0,4.04,0.0,10000,0,0.0,20000.000000000116,20000.0,0.1719837188720703,4.04,,0.0,0.0,0.0,-0.03789999999999871,-0.05299999999999727,0.0,-0.0012,-0.0002,-0.0001,0.09240000000000004,0.0,0.09209999999999985,0.09209999999999985,20000.0
19601,T30TUM_20000_3,S2A_MSIL2A_20230630T110621_R137_T30TUM_20230630T203024,500,,0.0,0.0,0.0,9.625,86.5,0.0,0.0,0.0,0.0,3.875,0.0,1600,0,0.0,20000.000000000116,20000.0,0.25109386444091797,3.875,,0.0,0.0,0.0,-0.5428999999999995,0.6170000000000044,0.0,-0.0012,-0.0002,-0.0001,-0.0726,0.0,-0.07290000000000019,0.6170000000000044,20000.0
19607,T30TUM_20000_3,S2A_MSIL2A_20230630T110621_R137_T30TUM_20230630T203024,1000,,0.0,0.0,0.0,9.0,87.0,0.0,0.0,0.0,0.0,4.0,0.0,400,0,0.0,20000.000000000116,20000.0,0.6360554695129395,4.0,,0.0,0.0,0.0,-1.1678999999999995,1.1170000000000044,0.0,-0.0012,-0.0002,-0.0001,0.0524,0.0,0.05209999999999981,1.1678999999999995,20000.0
19572,T30TUM_20000_3,S2B_MSIL2A_20230605T110619_R137_T30TUM_20230605T163049,20,,0.0,0.0001,0.5052,1.1633,13.8813,0.0,0.0427,4.463,3.3846,76.5598,0.0,1000000,0,0.0,20000.000000000116,20000.0,0.4739093780517578,84.4074,,0.0,0.0,0.0,0.0,0.0,0.0,0.0,0.0,0.0,0.0,0.0,0.0,0.0,20000.0
19578,T30TUM_20000_3,S2B_MSIL2A_20230605T110619_R137_T30TUM_20230605T163049,50,,0.0,0.0,0.509375,1.140625,13.991875,0.0,0.043125,4.45875,3.389375,76.466875,0.0,160000,0,0.0,20000.000000000116,20000.0,0.27080535888671875,84.315,,0.0,-0.0001,0.00417500000000004,-0.022675,0.11057500000000076,0.0,0.0004249999999999948,-0.004249999999999865,0.004774999999999974,-0.09292499999999393,0.0,-0.09239999999999782,0.11057500000000076,20000.0
19584,T30TUM_20000_3,S2B_MSIL2A_20230605T110619_R137_T30TUM_20230605T163049,100,,0.0,0.0,0.525,1.135,14.06,0.0,0.045,4.4725,3.3825,76.38,0.0,40000,0,0.0,20000.000000000116,20000.0,0.16388559341430664,84.235,,0.0,-0.0001,0.01980000000000004,-0.028299999999999992,0.17870000000000097,0.0,0.0022999999999999965,0.009500000000000064,-0.0020999999999999908,-0.17980000000000018,0.0,-0.1723999999999961,0.17870000000000097,20000.0
19590,T30TUM_20000_3,S2B_MSIL2A_20230605T110619_R137_T30TUM_20230605T163049,200,,0.0,0.0,0.5,1.27,14.16,0.0,0.04,4.41,3.52,76.1,0.0,10000,0,0.0,20000.000000000116,20000.0,0.1719837188720703,84.03,,0.0,-0.0001,-0.005199999999999982,0.10670000000000002,0.2787000000000006,0.0,-0.002700000000000001,-0.052999999999999936,0.1354000000000002,-0.4598000000000013,0.0,-0.3773999999999944,0.3773999999999944,20000.0
19596,T30TUM_20000_3,S2B_MSIL2A_20230605T110619_R137_T30TUM_20230605T163049,500,,0.0,0.0,0.4375,1.0625,14.375,0.0,0.0625,4.75,3.5625,75.75,0.0,1600,0,0.0,20000.000000000116,20000.0,0.25109386444091797,84.0625,,0.0,-0.0001,-0.06769999999999998,-0.1008,0.49370000000000047,0.0,0.019799999999999998,0.2869999999999999,0.17790000000000017,-0.8097999999999956,0.0,-0.34489999999999554,0.49370000000000047,20000.0
19602,T30TUM_20000_3,S2B_MSIL2A_20230605T110619_R137_T30TUM_20230605T163049,1000,,0.0,0.0,0.75,2.0,13.75,0.0,0.0,4.75,3.25,75.5,0.0,400,0,0.0,20000.000000000116,20000.0,0.6360554695129395,83.5,,0.0,-0.0001,0.24480000000000002,0.8367,-0.13129999999999953,0.0,-0.0427,0.2869999999999999,-0.13459999999999983,-1.0597999999999956,0.0,-0.9073999999999955,0.9073999999999955,20000.0
19574,T30TUM_20000_3,S2B_MSIL2A_20230615T110629_R137_T30TUM_20230615T205813,20,,0.0,0.0052,0.9868,12.0591,86.1741,0.0001,0.2175,0.4601,0.0953,0.0018,0.0,1000000,0,0.0,20000.000000000116,20000.0,0.4739093780517578,0.5572,,0.0,0.0,0.0,0.0,0.0,0.0,0.0,0.0,0.0,0.0,0.0,0.0,0.0,20000.0
19580,T30TUM_20000_3,S2B_MSIL2A_20230615T110629_R137_T30TUM_20230615T205813,50,,0.0,0.00375,0.99875,12.07375,86.14125,0.0,0.2175,0.463125,0.1,0.001875,0.0,160000,0,0.0,20000.000000000116,20000.0,0.27080535888671875,0.565,,0.0,-0.00145,0.011950000000000016,0.014649999999999608,-0.03284999999999627,-0.0001,0.0,0.003025,0.00470000000000001,7.499999999999998e-05,0.0,0.007799999999999918,0.03284999999999627,20000.0
19586,T30TUM_20000_3,S2B_MSIL2A_20230615T110629_R137_T30TUM_20230615T205813,100,,0.0,0.005,1.0025,11.9675,86.2375,0.0,0.21,0.48,0.095,0.0025,0.0,40000,0,0.0,20000.000000000116,20000.0,0.16388559341430664,0.5774999999999999,,0.0,-0.00019999999999999966,0.015699999999999936,-0.09160000000000146,0.06340000000000146,-0.0001,-0.007500000000000007,0.019899999999999973,-0.0002999999999999947,0.0007000000000000001,0.0,0.020299999999999874,0.09160000000000146,20000.0
19592,T30TUM_20000_3,S2B_MSIL2A_20230615T110629_R137_T30TUM_20230615T205813,200,,0.0,0.0,1.0,12.05,86.19,0.0,0.18,0.43,0.15,0.0,0.0,10000,0,0.0,20000.000000000116,20000.0,0.1719837188720703,0.58,,0.0,-0.0052,0.01319999999999999,-0.009100000000000108,0.015900000000002024,-0.0001,-0.037500000000000006,-0.030100000000000016,0.0547,-0.0018,0.0,0.02279999999999993,0.037500000000000006,20000.0
19598,T30TUM_20000_3,S2B_MSIL2A_20230615T110629_R137_T30TUM_20230615T205813,500,,0.0,0.0,1.125,11.0625,86.875,0.0,0.25,0.4375,0.25,0.0,0.0,1600,0,0.0,20000.000000000116,20000.0,0.25109386444091797,0.6875,,0.0,-0.0052,0.1382,-0.9966000000000008,0.7009000000000043,-0.0001,0.0325,-0.02260000000000001,0.1547,-0.0018,0.0,0.13029999999999997,0.9966000000000008,20000.0
19604,T30TUM_20000_3,S2B_MSIL2A_20230615T110629_R137_T30TUM_20230615T205813,1000,,0.0,0.0,0.75,9.75,89.25,0.0,0.0,0.25,0.0,0.0,0.0,400,0,0.0,20000.000000000116,20000.0,0.6360554695129395,0.25,,0.0,-0.0052,-0.2368,-2.309100000000001,3.0759000000000043,-0.0001,-0.2175,-0.2101,-0.0953,-0.0018,0.0,-0.30720000000000003,3.0759000000000043,20000.0
19576,T30TUM_20000_3,S2B_MSIL2A_20230625T110619_R137_T30TUM_20230625T164707,20,,0.0,0.0,0.1408,11.0091,88.7524,0.0,0.0065,0.0721,0.0185,0.0006,0.0,1000000,0,0.0,20000.000000000116,20000.0,0.4739093780517578,0.0912,,0.0,0.0,0.0,0.0,0.0,0.0,0.0,0.0,0.0,0.0,0.0,0.0,0.0,20000.0
19582,T30TUM_20000_3,S2B_MSIL2A_20230625T110619_R137_T30TUM_20230625T164707,50,,0.0,0.0,0.141875,10.976875,88.78625,0.0,0.00625,0.069375,0.019375,0.0,0.0,160000,0,0.0,20000.000000000116,20000.0,0.27080535888671875,0.08875000000000001,,0.0,0.0,0.0010749999999999926,-0.03222500000000039,0.033850000000001046,0.0,-0.00024999999999999935,-0.0027249999999999913,0.0008750000000000008,-0.0006,0.0,-0.002449999999999994,0.033850000000001046,20000.0
19588,T30TUM_20000_3,S2B_MSIL2A_20230625T110619_R137_T30TUM_20230625T164707,100,,0.0,0.0,0.1425,10.9275,88.84,0.0,0.0,0.075,0.015,0.0,0.0,40000,0,0.0,20000.000000000116,20000.0,0.16388559341430664,0.09,,0.0,0.0,0.0016999999999999793,-0.0815999999999999,0.087600000000009,0.0,-0.0065,0.0029,-0.0034999999999999996,-0.0006,0.0,-0.0012000000000000066,0.087600000000009,20000.0
19594,T30TUM_20000_3,S2B_MSIL2A_20230625T110619_R137_T30TUM_20230625T164707,200,,0.0,0.0,0.13,11.11,88.66,0.0,0.0,0.08,0.02,0.0,0.0,10000,0,0.0,20000.000000000116,20000.0,0.1719837188720703,0.1,,0.0,0.0,-0.010800000000000004,0.10089999999999932,-0.09239999999999782,0.0,-0.0065,0.007900000000000004,0.0015000000000000013,-0.0006,0.0,0.008800000000000002,0.10089999999999932,20000.0
19600,T30TUM_20000_3,S2B_MSIL2A_20230625T110619_R137_T30TUM_20230625T164707,500,,0.0,0.0,0.25,10.25,89.4375,0.0,0.0,0.0,0.0625,0.0,0.0,1600,0,0.0,20000.000000000116,20000.0,0.25109386444091797,0.0625,,0.0,0.0,0.10919999999999999,-0.7591000000000001,0.6851000000000056,0.0,-0.0065,-0.0721,0.044,-0.0006,0.0,-0.028700000000000003,0.7591000000000001,20000.0
19606,T30TUM_20000_3,S2B_MSIL2A_20230625T110619_R137_T30TUM_20230625T164707,1000,,0.0,0.0,0.0,10.5,89.5,0.0,0.0,0.0,0.0,0.0,0.0,400,0,0.0,20000.000000000116,20000.0,0.6360554695129395,0.0,,0.0,0.0,-0.1408,-0.5091000000000001,0.7476000000000056,0.0,-0.0065,-0.0721,-0.0185,-0.0006,0.0,-0.0912,0.7476000000000056,20000.0
20545,T30TUM_20000_30,S2A_MSIL2A_20230610T110621_R137_T30TVM_20230610T204848,20,,0.0,0.0,3.0391,0.0,0.0014,0.0028,0.0,15.5938,81.2285,0.1344,0.0,1000000,0,0.0,20000.0,20000.000000001863,0.3011457920074463,96.9567,,0.0,0.0,0.0,0.0,0.0,0.0,0.0,0.0,0.0,0.0,0.0,0.0,0.0,20000.0
20551,T30TUM_20000_30,S2A_MSIL2A_20230610T110621_R137_T30TVM_20230610T204848,50,,0.0,0.0,3.04,0.0,0.001875,0.0025,0.0,15.62,81.204375,0.13125,0.0,160000,0,0.0,20000.0,20000.000000001863,0.19895076751708984,96.955625,,0.0,0.0,0.0009000000000001229,0.0,0.00047499999999999994,-0.0002999999999999999,0.0,0.026199999999999335,-0.024124999999997954,-0.003149999999999986,0.0,-0.0010750000000001592,0.0010750000000001592,20000.0
20557,T30TUM_20000_30,S2A_MSIL2A_20230610T110621_R137_T30TVM_20230610T204848,100,,0.0,0.0,3.0725,0.0,0.0,0.0025,0.0,15.6525,81.135,0.1375,0.0,40000,0,0.0,20000.0,20000.000000001863,0.1621694564819336,96.92500000000001,,0.0,0.0,0.033399999999999874,0.0,-0.0014,-0.0002999999999999999,0.0,0.058699999999999974,-0.0934999999999917,0.0031000000000000194,0.0,-0.03169999999998652,0.033399999999999874,20000.0
20563,T30TUM_20000_30,S2A_MSIL2A_20230610T110621_R137_T30TVM_20230610T204848,200,,0.0,0.0,3.0,0.0,0.0,0.0,0.0,15.26,81.59,0.15,0.0,10000,0,0.0,20000.0,20000.000000001863,0.1687004566192627,97.00000000000001,,0.0,0.0,-0.03909999999999991,0.0,-0.0014,-0.0028,0.0,-0.3338000000000001,0.3615000000000066,0.015600000000000003,0.0,0.043300000000016325,0.043300000000016325,20000.0
20569,T30TUM_20000_30,S2A_MSIL2A_20230610T110621_R137_T30TVM_20230610T204848,500,,0.0,0.0,3.625,0.0,0.0,0.0,0.0,14.375,82.0,0.0,0.0,1600,0,0.0,20000.0,20000.000000001863,0.19161772727966309,96.375,,0.0,0.0,0.5859000000000001,0.0,-0.0014,-0.0028,0.0,-1.2187999999999999,0.7715000000000032,-0.1344,0.0,-0.5816999999999979,0.5859000000000001,20000.0
20575,T30TUM_20000_30,S2A_MSIL2A_20230610T110621_R137_T30TVM_20230610T204848,1000,,0.0,0.0,3.0,0.0,0.0,0.0,0.0,16.25,80.25,0.5,0.0,400,0,0.0,20000.0,20000.000000001863,0.15109729766845703,97.0,,0.0,0.0,-0.03909999999999991,0.0,-0.0014,-0.0028,0.0,0.6562000000000001,-0.9784999999999968,0.36560000000000004,0.0,0.043300000000002115,0.043300000000002115,20000.0
20547,T30TUM_20000_30,S2A_MSIL2A_20230620T110621_R137_T30TVM_20230620T202730,20,,0.0,0.0,0.0,0.0,0.0,0.0,0.0,25.4514,74.3644,0.1842,0.0,1000000,0,0.0,20000.0,20000.000000001863,0.3011457920074463,100.0,,0.0,0.0,0.0,0.0,0.0,0.0,0.0,0.0,0.0,0.0,0.0,0.0,0.0,20000.0
20553,T30TUM_20000_30,S2A_MSIL2A_20230620T110621_R137_T30TVM_20230620T202730,50,,0.0,0.0,0.0,0.0,0.0,0.0,0.0,25.556875,74.264375,0.17875,0.0,160000,0,0.0,20000.0,20000.000000001863,0.19895076751708984,100.0,,0.0,0.0,0.0,0.0,0.0,0.0,0.0,0.10547500000000198,-0.10002500000000225,-0.00545000000000001,0.0,0.0,0.0,20000.0
20559,T30TUM_20000_30,S2A_MSIL2A_20230620T110621_R137_T30TVM_20230620T202730,100,,0.0,0.0,0.0,0.0,0.0,0.0,0.0,25.7375,74.0875,0.175,0.0,40000,0,0.0,20000.0,20000.000000001863,0.1621694564819336,100.0,,0.0,0.0,0.0,0.0,0.0,0.0,0.0,0.28610000000000113,-0.2768999999999977,-0.009200000000000014,0.0,0.0,0.0,20000.0
20565,T30TUM_20000_30,S2A_MSIL2A_20230620T110621_R137_T30TVM_20230620T202730,200,,0.0,0.0,0.0,0.0,0.0,0.0,0.0,26.0,73.82,0.18,0.0,10000,0,0.0,20000.0,20000.000000001863,0.1687004566192627,100.0,,0.0,0.0,0.0,0.0,0.0,0.0,0.0,0.5486000000000004,-0.5444000000000102,-0.004200000000000009,0.0,0.0,0.0,20000.0
20571,T30TUM_20000_30,S2A_MSIL2A_20230620T110621_R137_T30TVM_20230620T202730,500,,0.0,0.0,0.0,0.0,0.0,0.0,0.0,26.9375,72.875,0.1875,0.0,1600,0,0.0,20000.0,20000.000000001863,0.19161772727966309,100.0,,0.0,0.0,0.0,0.0,0.0,0.0,0.0,1.4861000000000004,-1.4894000000000034,0.0032999999999999974,0.0,0.0,0.0,20000.0
20577,T30TUM_20000_30,S2A_MSIL2A_20230620T110621_R137_T30TVM_20230620T202730,1000,,0.0,0.0,0.0,0.0,0.0,0.0,0.0,27.5,72.5,0.0,0.0,400,0,0.0,20000.0,20000.000000001863,0.15109729766845703,100.0,,0.0,0.0,0.0,0.0,0.0,0.0,0.0,2.0486000000000004,-1.8644000000000034,-0.1842,0.0,0.0,0.0,20000.0
20549,T30TUM_20000_30,S2A_MSIL2A_20230630T110621_R137_T30TVM_20230630T203031,20,,0.0,0.0223,0.0,11.737,88.1876,0.0189,0.0342,0.0,0.0,0.0,0.0,1000000,0,0.0,20000.0,20000.000000001863,0.3011457920074463,0.0,,0.0,0.0,0.0,0.0,0.0,0.0,0.0,0.0,0.0,0.0,0.0,0.0,0.0,20000.0
20555,T30TUM_20000_30,S2A_MSIL2A_20230630T110621_R137_T30TVM_20230630T203031,50,,0.0,0.023125,0.0,11.710625,88.215625,0.019375,0.03125,0.0,0.0,0.0,0.0,160000,0,0.0,20000.0,20000.000000001863,0.19895076751708984,0.0,,0.0,0.0008249999999999993,0.0,-0.026374999999999815,0.028024999999999523,0.00047499999999999973,-0.0029500000000000012,0.0,0.0,0.0,0.0,0.0,0.028024999999999523,20000.0
20561,T30TUM_20000_30,S2A_MSIL2A_20230630T110621_R137_T30TVM_20230630T203031,100,,0.0,0.0225,0.0,11.9,88.0225,0.0175,0.0375,0.0,0.0,0.0,0.0,40000,0,0.0,20000.0,20000.000000001863,0.1621694564819336,0.0,,0.0,0.0001999999999999988,0.0,0.16300000000000026,-0.16510000000000957,-0.0013999999999999985,0.0032999999999999974,0.0,0.0,0.0,0.0,0.0,0.16510000000000957,20000.0
20567,T30TUM_20000_30,S2A_MSIL2A_20230630T110621_R137_T30TVM_20230630T203031,200,,0.0,0.02,0.0,12.11,87.81,0.02,0.04,0.0,0.0,0.0,0.0,10000,0,0.0,20000.0,20000.000000001863,0.1687004566192627,0.0,,0.0,-0.0023,0.0,0.37299999999999933,-0.37760000000000105,0.0011000000000000003,0.0058,0.0,0.0,0.0,0.0,0.0,0.37760000000000105,20000.0
20573,T30TUM_20000_30,S2A_MSIL2A_20230630T110621_R137_T30TVM_20230630T203031,500,,0.0,0.0625,0.0,13.125,86.75,0.0,0.0625,0.0,0.0,0.0,0.0,1600,0,0.0,20000.0,20000.000000001863,0.19161772727966309,0.0,,0.0,0.0402,0.0,1.388,-1.4376000000000033,-0.0189,0.0283,0.0,0.0,0.0,0.0,0.0,1.4376000000000033,20000.0
20579,T30TUM_20000_30,S2A_MSIL2A_20230630T110621_R137_T30TVM_20230630T203031,1000,,0.0,0.0,0.0,11.75,88.25,0.0,0.0,0.0,0.0,0.0,0.0,400,0,0.0,20000.0,20000.000000001863,0.15109729766845703,0.0,,0.0,-0.0223,0.0,0.0129999999999999,0.06239999999999668,-0.0189,-0.0342,0.0,0.0,0.0,0.0,0.0,0.06239999999999668,20000.0
20544,T30TUM_20000_30,S2B_MSIL2A_20230605T110619_R137_T30TVM_20230605T165116,20,,0.0,0.0571,4.2737,18.9792,64.8154,0.0527,0.2642,4.5974,6.946,0.0143,0.0,1000000,0,0.0,20000.0,20000.000000001863,0.3011457920074463,11.5577,,0.0,0.0,0.0,0.0,0.0,0.0,0.0,0.0,0.0,0.0,0.0,0.0,0.0,20000.0
20550,T30TUM_20000_30,S2B_MSIL2A_20230605T110619_R137_T30TVM_20230605T165116,50,,0.0,0.055625,4.248125,18.975625,64.891875,0.055625,0.26,4.56375,6.935,0.014375,0.0,160000,0,0.0,20000.0,20000.000000001863,0.19895076751708984,11.513124999999999,,0.0,-0.0014749999999999971,-0.025574999999999903,-0.0035749999999978854,0.07647500000000207,0.002925000000000004,-0.0041999999999999815,-0.033650000000000624,-0.01100000000000012,7.500000000000041e-05,0.0,-0.04457500000000181,0.07647500000000207,20000.0
20556,T30TUM_20000_30,S2B_MSIL2A_20230605T110619_R137_T30TVM_20230605T165116,100,,0.0,0.0475,4.2075,19.1725,64.8125,0.045,0.27,4.5625,6.865,0.0175,0.0,40000,0,0.0,20000.0,20000.000000001863,0.1621694564819336,11.445,,0.0,-0.009599999999999997,-0.06620000000000026,0.1933000000000007,-0.002899999999996794,-0.0076999999999999985,0.005800000000000027,-0.034900000000000375,-0.08099999999999952,0.0032000000000000015,0.0,-0.11270000000000024,0.1933000000000007,20000.0
20562,T30TUM_20000_30,S2B_MSIL2A_20230605T110619_R137_T30TVM_20230605T165116,200,,0.0,0.08,4.29,19.18,64.68,0.06,0.3,4.74,6.64,0.03,0.0,10000,0,0.0,20000.0,20000.000000001863,0.1687004566192627,11.409999999999998,,0.0,0.022900000000000004,0.016300000000000203,0.20080000000000098,-0.13539999999998997,0.007300000000000001,0.0358,0.14259999999999984,-0.30600000000000005,0.0157,0.0,-0.14770000000000216,0.20080000000000098,20000.0
20568,T30TUM_20000_30,S2B_MSIL2A_20230605T110619_R137_T30TVM_20230605T165116,500,,0.0,0.0,4.3125,19.75,64.1875,0.0625,0.1875,5.5625,5.9375,0.0,0.0,1600,0,0.0,20000.0,20000.000000001863,0.19161772727966309,11.5,,0.0,-0.0571,0.03880000000000017,0.7708000000000013,-0.6278999999999968,0.009800000000000003,-0.07669999999999999,0.9650999999999996,-1.0084999999999997,-0.0143,0.0,-0.05770000000000053,0.7708000000000013,20000.0
20574,T30TUM_20000_30,S2B_MSIL2A_20230605T110619_R137_T30TVM_20230605T165116,1000,,0.0,0.0,3.5,21.0,62.75,0.0,0.25,4.25,8.25,0.0,0.0,400,0,0.0,20000.0,20000.000000001863,0.15109729766845703,12.5,,0.0,-0.0571,-0.7736999999999998,2.0208000000000013,-2.065399999999997,-0.0527,-0.01419999999999999,-0.3474000000000004,1.3040000000000003,-0.0143,0.0,0.9422999999999995,2.065399999999997,20000.0
20546,T30TUM_20000_30,S2B_MSIL2A_20230615T110629_R137_T30TVM_20230615T203626,20,,0.0,0.4221,0.6986,16.2301,77.1248,0.0414,1.8567,2.2405,1.3735,0.0123,0.0,1000000,0,0.0,20000.0,20000.000000001863,0.3011457920074463,3.6263,,0.0,0.0,0.0,0.0,0.0,0.0,0.0,0.0,0.0,0.0,0.0,0.0,0.0,20000.0
20552,T30TUM_20000_30,S2B_MSIL2A_20230615T110629_R137_T30TVM_20230615T203626,50,,0.0,0.42125,0.705,16.19125,77.17875,0.04125,1.845,2.2225,1.3825,0.0125,0.0,160000,0,0.0,20000.0,20000.000000001863,0.19895076751708984,3.6175000000000006,,0.0,-0.0008499999999999619,0.006399999999999961,-0.03885000000000005,0.05395000000000039,-0.00014999999999999736,-0.011700000000000044,-0.017999999999999794,0.009000000000000119,0.00020000000000000052,0.0,-0.008799999999999475,0.05395000000000039,20000.0
20558,T30TUM_20000_30,S2B_MSIL2A_20230615T110629_R137_T30TVM_20230615T203626,100,,0.0,0.435,0.705,16.26,77.1175,0.03,1.8525,2.185,1.3975,0.0175,0.0,40000,0,0.0,20000.0,20000.000000001863,0.1621694564819336,3.6,,0.0,0.012900000000000023,0.006399999999999961,0.02990000000000137,-0.0072999999999865395,-0.0114,-0.0041999999999999815,-0.05549999999999988,0.02400000000000002,0.0052000000000000015,0.0,-0.02629999999999999,0.02990000000000137,20000.0
20564,T30TUM_20000_30,S2B_MSIL2A_20230615T110629_R137_T30TVM_20230615T203626,200,,0.0,0.39,0.7,16.58,76.94,0.05,1.75,2.2,1.38,0.01,0.0,10000,0,0.0,20000.0,20000.000000001863,0.1687004566192627,3.59,,0.0,-0.03209999999999996,0.0013999999999999568,0.3498999999999981,-0.18479999999999563,0.008600000000000003,-0.10670000000000002,-0.04049999999999976,0.00649999999999995,-0.0023,0.0,-0.03630000000000022,0.3498999999999981,20000.0
20570,T30TUM_20000_30,S2B_MSIL2A_20230615T110629_R137_T30TVM_20230615T203626,500,,0.0,0.375,0.625,16.8125,76.4375,0.0,2.0,2.25,1.4375,0.0625,0.0,1600,0,0.0,20000.0,20000.000000001863,0.19161772727966309,3.75,,0.0,-0.047099999999999975,-0.0736,0.5823999999999998,-0.6872999999999934,-0.0414,0.14329999999999998,0.009500000000000064,0.06400000000000006,0.0502,0.0,0.12369999999999992,0.6872999999999934,20000.0
20576,T30TUM_20000_30,S2B_MSIL2A_20230615T110629_R137_T30TVM_20230615T203626,1000,,0.0,0.5,0.25,17.75,75.75,0.0,1.5,1.75,2.5,0.0,0.0,400,0,0.0,20000.0,20000.000000001863,0.15109729766845703,4.25,,0.0,0.07790000000000002,-0.4486,1.5198999999999998,-1.3747999999999934,-0.0414,-0.3567,-0.49049999999999994,1.1265,-0.0123,0.0,0.6236999999999999,1.5198999999999998,20000.0
20548,T30TUM_20000_30,S2B_MSIL2A_20230625T110619_R137_T30TVM_20230625T163939,20,,0.0,0.2844,4.6313,9.5675,74.2116,0.018,1.4497,5.2892,4.3285,0.2198,0.0,1000000,0,0.0,20000.0,20000.000000001863,0.3011457920074463,9.837499999999999,,0.0,0.0,0.0,0.0,0.0,0.0,0.0,0.0,0.0,0.0,0.0,0.0,0.0,20000.0
20554,T30TUM_20000_30,S2B_MSIL2A_20230625T110619_R137_T30TVM_20230625T163939,50,,0.0,0.278125,4.635,9.509375,74.309375,0.016875,1.441875,5.263125,4.323125,0.223125,0.0,160000,0,0.0,20000.0,20000.000000001863,0.19895076751708984,9.809375,,0.0,-0.006274999999999975,0.0036999999999993705,-0.058125000000000426,0.09777499999999861,-0.0011249999999999975,-0.007824999999999971,-0.026075000000000514,-0.005374999999999908,0.0033249999999999946,0.0,-0.02812499999999929,0.09777499999999861,20000.0
20560,T30TUM_20000_30,S2B_MSIL2A_20230625T110619_R137_T30TVM_20230625T163939,100,,0.0,0.275,4.615,9.6275,74.2975,0.0225,1.4775,5.09,4.3775,0.2175,0.0,40000,0,0.0,20000.0,20000.000000001863,0.1621694564819336,9.685,,0.0,-0.009399999999999964,-0.016300000000000203,0.05999999999999872,0.0858999999999952,0.0045000000000000005,0.027800000000000047,-0.19920000000000027,0.04900000000000038,-0.0022999999999999965,0.0,-0.15249999999999808,0.15249999999999808,20000.0
20566,T30TUM_20000_30,S2B_MSIL2A_20230625T110619_R137_T30TVM_20230625T163939,200,,0.0,0.31,4.69,9.93,73.81,0.03,1.48,5.32,4.2,0.23,0.0,10000,0,0.0,20000.0,20000.000000001863,0.1687004566192627,9.75,,0.0,0.02560000000000001,0.058699999999999974,0.36249999999999893,-0.40160000000000196,0.012,0.030299999999999994,0.03080000000000016,-0.12849999999999984,0.010200000000000015,0.0,-0.08749999999999858,0.40160000000000196,20000.0
20572,T30TUM_20000_30,S2B_MSIL2A_20230625T110619_R137_T30TVM_20230625T163939,500,,0.0,0.4375,4.4375,10.875,73.5,0.0,1.375,4.8125,4.375,0.1875,0.0,1600,0,0.0,20000.0,20000.000000001863,0.19161772727966309,9.375,,0.0,0.1531,-0.19380000000000042,1.3074999999999992,-0.7116000000000042,-0.018,-0.07469999999999999,-0.4767000000000001,0.046499999999999986,-0.032299999999999995,0.0,-0.4624999999999986,1.3074999999999992,20000.0
20578,T30TUM_20000_30,S2B_MSIL2A_20230625T110619_R137_T30TVM_20230625T163939,1000,,0.0,0.25,4.25,9.5,74.75,0.0,1.0,6.0,4.0,0.25,0.0,400,0,0.0,20000.0,20000.000000001863,0.15109729766845703,10.25,,0.0,-0.034399999999999986,-0.3813000000000004,-0.06750000000000078,0.5383999999999958,-0.018,-0.4497,0.7107999999999999,-0.3285,0.030200000000000005,0.0,0.4125000000000014,0.5383999999999958,20000.0
20581,T30TUM_20000_31,S2A_MSIL2A_20230610T110621_R137_T30TVM_20230610T204848,20,,0.0,0.0,0.1489,0.0,0.0,0.0,0.0,3.1402,96.7073,0.0036,0.0,1000000,0,0.0,20000.00000000006,20000.00000000093,0.29779553413391113,99.8511,,0.0,0.0,0.0,0.0,0.0,0.0,0.0,0.0,0.0,0.0,0.0,0.0,0.0,20000.0
20587,T30TUM_20000_31,S2A_MSIL2A_20230610T110621_R137_T30TVM_20230610T204848,50,,0.0,0.0,0.155625,0.0,0.0,0.0,0.0,3.183125,96.658125,0.003125,0.0,160000,0,0.0,20000.00000000006,20000.00000000093,0.1798386573791504,99.844375,,0.0,0.0,0.006725000000000009,0.0,0.0,0.0,0.0,0.04292499999999988,-0.0491750000000053,-0.00047499999999999973,0.0,-0.006725000000002979,0.006725000000002979,20000.0
20593,T30TUM_20000_31,S2A_MSIL2A_20230610T110621_R137_T30TVM_20230610T204848,100,,0.0,0.0,0.1575,0.0,0.0,0.0,0.0,3.1975,96.6425,0.0025,0.0,40000,0,0.0,20000.00000000006,20000.00000000093,0.2616286277770996,99.8425,,0.0,0.0,0.008599999999999997,0.0,0.0,0.0,0.0,0.057299999999999685,-0.0648000000000053,-0.0010999999999999998,0.0,-0.008600000000001273,0.008600000000001273,20000.0
20599,T30TUM_20000_31,S2A_MSIL2A_20230610T110621_R137_T30TVM_20230610T204848,200,,0.0,0.0,0.1,0.0,0.0,0.0,0.0,3.05,96.85,0.0,0.0,10000,0,0.0,20000.00000000006,20000.00000000093,0.5759162902832031,99.89999999999999,,0.0,0.0,-0.0489,0.0,0.0,0.0,0.0,-0.09020000000000028,0.14269999999999072,-0.0036,0.0,0.04889999999998906,0.0489,20000.0
20605,T30TUM_20000_31,S2A_MSIL2A_20230610T110621_R137_T30TVM_20230610T204848,500,,0.0,0.0,0.125,0.0,0.0,0.0,0.0,2.9375,96.9375,0.0,0.0,1600,0,0.0,20000.00000000006,20000.00000000093,0.27111053466796875,99.875,,0.0,0.0,-0.023900000000000005,0.0,0.0,0.0,0.0,-0.2027000000000001,0.2301999999999964,-0.0036,0.0,0.02389999999999759,0.023900000000000005,20000.0
20611,T30TUM_20000_31,S2A_MSIL2A_20230610T110621_R137_T30TVM_20230610T204848,1000,,0.0,0.0,0.0,0.0,0.0,0.0,0.0,2.75,97.25,0.0,0.0,400,0,0.0,20000.00000000006,20000.00000000093,0.16894936561584473,100.0,,0.0,0.0,-0.1489,0.0,0.0,0.0,0.0,-0.3902000000000001,0.5426999999999964,-0.0036,0.0,0.1488999999999976,0.1489,20000.0
20583,T30TUM_20000_31,S2A_MSIL2A_20230620T110621_R137_T30TVM_20230620T202730,20,,0.0,0.0,0.0159,0.1086,2.7276,0.0,0.5314,17.0516,77.4504,2.1145,0.0,1000000,0,0.0,20000.00000000006,20000.00000000093,0.29779553413391113,96.61650000000002,,0.0,0.0,0.0,0.0,0.0,0.0,0.0,0.0,0.0,0.0,0.0,0.0,0.0,20000.0
20589,T30TUM_20000_31,S2A_MSIL2A_20230620T110621_R137_T30TVM_20230620T202730,50,,0.0,0.0,0.016875,0.110625,2.7025,0.0,0.5225,17.053125,77.503125,2.09125,0.0,160000,0,0.0,20000.00000000006,20000.00000000093,0.1798386573791504,96.64750000000001,,0.0,0.0,0.0009750000000000002,0.002024999999999999,-0.025099999999999678,0.0,-0.008900000000000019,0.0015250000000008868,0.05272499999999525,-0.023249999999999993,0.0,0.0309999999999917,0.0309999999999917,20000.0
20595,T30TUM_20000_31,S2A_MSIL2A_20230620T110621_R137_T30TVM_20230620T202730,100,,0.0,0.0,0.015,0.115,2.6575,0.0,0.5125,17.04,77.6475,2.0125,0.0,40000,0,0.0,20000.00000000006,20000.00000000093,0.2616286277770996,96.7,,0.0,0.0,-0.0009000000000000015,0.006400000000000003,-0.07009999999999961,0.0,-0.018900000000000028,-0.011600000000001387,0.19709999999999184,-0.10199999999999987,0.0,0.08349999999998658,0.08349999999998658,20000.0
20601,T30TUM_20000_31,S2A_MSIL2A_20230620T110621_R137_T30TVM_20230620T202730,200,,0.0,0.0,0.02,0.07,2.68,0.0,0.51,16.97,77.64,2.11,0.0,10000,0,0.0,20000.00000000006,20000.00000000093,0.5759162902832031,96.72,,0.0,0.0,0.0040999999999999995,-0.038599999999999995,-0.04759999999999964,0.0,-0.021399999999999975,-0.08160000000000167,0.18959999999999866,-0.0045000000000001705,0.0,0.1034999999999826,0.1034999999999826,20000.0
20607,T30TUM_20000_31,S2A_MSIL2A_20230620T110621_R137_T30TVM_20230620T202730,500,,0.0,0.0,0.0,0.25,2.3125,0.0,0.625,16.875,77.75,2.1875,0.0,1600,0,0.0,20000.00000000006,20000.00000000093,0.27111053466796875,96.8125,,0.0,0.0,-0.0159,0.1414,-0.4150999999999998,0.0,0.09360000000000002,-0.17660000000000053,0.2995999999999981,0.07299999999999995,0.0,0.19599999999998374,0.4150999999999998,20000.0
20613,T30TUM_20000_31,S2A_MSIL2A_20230620T110621_R137_T30TVM_20230620T202730,1000,,0.0,0.0,0.0,0.0,2.75,0.0,0.75,16.5,78.25,1.75,0.0,400,0,0.0,20000.00000000006,20000.00000000093,0.16894936561584473,96.5,,0.0,0.0,-0.0159,-0.1086,0.022400000000000198,0.0,0.21860000000000002,-0.5516000000000005,0.7995999999999981,-0.36450000000000005,0.0,-0.11650000000001626,0.21860000000000002,20000.0
20585,T30TUM_20000_31,S2A_MSIL2A_20230630T110621_R137_T30TVM_20230630T203031,20,,0.0,0.0044,0.0,7.337,92.3872,0.0197,0.1598,0.0,0.0,0.0919,0.0,1000000,0,0.0,20000.00000000006,20000.00000000093,0.29779553413391113,0.0919,,0.0,0.0,0.0,0.0,0.0,0.0,0.0,0.0,0.0,0.0,0.0,0.0,0.0,20000.0
20591,T30TUM_20000_31,S2A_MSIL2A_20230630T110621_R137_T30TVM_20230630T203031,50,,0.0,0.004375,0.0,7.31625,92.411875,0.019375,0.1575,0.0,0.0,0.090625,0.0,160000,0,0.0,20000.00000000006,20000.00000000093,0.1798386573791504,0.090625,,0.0,-2.499999999999985e-05,0.0,-0.020749999999999602,0.02467499999998779,-0.0003249999999999989,-0.0022999999999999965,0.0,0.0,-0.0012749999999999984,0.0,-0.0012749999999999984,0.02467499999998779,20000.0
20597,T30TUM_20000_31,S2A_MSIL2A_20230630T110621_R137_T30TVM_20230630T203031,100,,0.0,0.0025,0.0,7.31,92.425,0.02,0.1475,0.0,0.0,0.095,0.0,40000,0,0.0,20000.00000000006,20000.00000000093,0.2616286277770996,0.095,,0.0,-0.0019000000000000002,0.0,-0.027000000000000135,0.037799999999990064,0.00030000000000000165,-0.012300000000000005,0.0,0.0,0.0031000000000000055,0.0,0.0031000000000000055,0.037799999999990064,20000.0
20603,T30TUM_20000_31,S2A_MSIL2A_20230630T110621_R137_T30TVM_20230630T203031,200,,0.0,0.01,0.0,7.38,92.32,0.02,0.18,0.0,0.0,0.09,0.0,10000,0,0.0,20000.00000000006,20000.00000000093,0.5759162902832031,0.09,,0.0,0.0056,0.0,0.04300000000000015,-0.06720000000001392,0.00030000000000000165,0.020199999999999996,0.0,0.0,-0.001899999999999999,0.0,-0.001899999999999999,0.06720000000001392,20000.0
20609,T30TUM_20000_31,S2A_MSIL2A_20230630T110621_R137_T30TVM_20230630T203031,500,,0.0,0.0,0.0,6.5,93.25,0.0,0.1875,0.0,0.0,0.0625,0.0,1600,0,0.0,20000.00000000006,20000.00000000093,0.27111053466796875,0.0625,,0.0,-0.0044,0.0,-0.8369999999999997,0.8627999999999929,-0.0197,0.027700000000000002,0.0,0.0,-0.029399999999999996,0.0,-0.029399999999999996,0.8627999999999929,20000.0
20615,T30TUM_20000_31,S2A_MSIL2A_20230630T110621_R137_T30TVM_20230630T203031,1000,,0.0,0.0,0.0,7.75,92.25,0.0,0.0,0.0,0.0,0.0,0.0,400,0,0.0,20000.00000000006,20000.00000000093,0.16894936561584473,0.0,,0.0,-0.0044,0.0,0.41300000000000026,-0.1372000000000071,-0.0197,-0.1598,0.0,0.0,-0.0919,0.0,-0.0919,0.41300000000000026,20000.0
20580,T30TUM_20000_31,S2B_MSIL2A_20230605T110619_R137_T30TVM_20230605T165116,20,,0.0,0.0535,10.9135,12.9739,57.5648,0.0405,0.7908,9.2701,8.3896,0.0033,0.0,1000000,0,0.0,20000.00000000006,20000.00000000093,0.29779553413391113,17.663,,0.0,0.0,0.0,0.0,0.0,0.0,0.0,0.0,0.0,0.0,0.0,0.0,0.0,20000.0
20586,T30TUM_20000_31,S2B_MSIL2A_20230605T110619_R137_T30TVM_20230605T165116,50,,0.0,0.053125,10.904375,13.018125,57.523125,0.03875,0.785625,9.2775,8.395625,0.00375,0.0,160000,0,0.0,20000.00000000006,20000.00000000093,0.1798386573791504,17.676875,,0.0,-0.00037500000000000033,-0.009125000000000938,0.04422499999999907,-0.04167499999999791,-0.0017500000000000016,-0.00517499999999993,0.007400000000000517,0.006025000000001057,0.0004499999999999999,0.0,0.01387499999999875,0.04422499999999907,20000.0
20592,T30TUM_20000_31,S2B_MSIL2A_20230605T110619_R137_T30TVM_20230605T165116,100,,0.0,0.0575,10.9225,13.015,57.47,0.0425,0.785,9.2475,8.46,0.0,0.0,40000,0,0.0,20000.00000000006,20000.00000000093,0.2616286277770996,17.707500000000003,,0.0,0.0040000000000000036,0.008999999999998565,0.041100000000000136,-0.09479999999999933,0.0020000000000000018,-0.005799999999999916,-0.022599999999998843,0.07040000000000113,-0.0033,0.0,0.04450000000000287,0.09479999999999933,20000.0
20598,T30TUM_20000_31,S2B_MSIL2A_20230605T110619_R137_T30TVM_20230605T165116,200,,0.0,0.13,10.9,12.97,57.35,0.06,0.75,9.49,8.35,0.0,0.0,10000,0,0.0,20000.00000000006,20000.00000000093,0.5759162902832031,17.84,,0.0,0.07650000000000001,-0.013500000000000512,-0.0038999999999997925,-0.21479999999999677,0.019499999999999997,-0.04079999999999995,0.21990000000000087,-0.03960000000000008,-0.0033,0.0,0.1769999999999996,0.21479999999999677,20000.0
20604,T30TUM_20000_31,S2B_MSIL2A_20230605T110619_R137_T30TVM_20230605T165116,500,,0.0,0.125,11.125,12.9375,56.875,0.0625,0.75,9.9375,8.1875,0.0,0.0,1600,0,0.0,20000.00000000006,20000.00000000093,0.27111053466796875,18.125,,0.0,0.07150000000000001,0.21149999999999913,-0.03640000000000043,-0.6897999999999982,0.022,-0.04079999999999995,0.6674000000000007,-0.20209999999999972,-0.0033,0.0,0.46199999999999974,0.6897999999999982,20000.0
20610,T30TUM_20000_31,S2B_MSIL2A_20230605T110619_R137_T30TVM_20230605T165116,1000,,0.0,0.0,10.75,11.5,58.75,0.0,1.0,9.25,8.75,0.0,0.0,400,0,0.0,20000.00000000006,20000.00000000093,0.16894936561584473,18.0,,0.0,-0.0535,-0.16350000000000087,-1.4739000000000004,1.1852000000000018,-0.0405,0.20920000000000005,-0.02009999999999934,0.3604000000000003,-0.0033,0.0,0.33699999999999974,1.4739000000000004,20000.0
20582,T30TUM_20000_31,S2B_MSIL2A_20230615T110629_R137_T30TVM_20230615T203626,20,,0.0,0.5536,0.588,8.12,79.3815,0.0353,4.4557,3.8039,2.986,0.076,0.0,1000000,0,0.0,20000.00000000006,20000.00000000093,0.29779553413391113,6.8659,,0.0,0.0,0.0,0.0,0.0,0.0,0.0,0.0,0.0,0.0,0.0,0.0,0.0,20000.0
20588,T30TUM_20000_31,S2B_MSIL2A_20230615T110629_R137_T30TVM_20230615T203626,50,,0.0,0.56,0.578125,8.17375,79.2925,0.03375,4.476875,3.808125,3.000625,0.07625,0.0,160000,0,0.0,20000.00000000006,20000.00000000093,0.1798386573791504,6.885,,0.0,0.006400000000000072,-0.009874999999999967,0.05375000000000085,-0.08899999999999864,-0.0015499999999999958,0.0211749999999995,0.004224999999999923,0.014624999999999666,0.0002500000000000002,0.0,0.019099999999999895,0.08899999999999864,20000.0
20594,T30TUM_20000_31,S2B_MSIL2A_20230615T110629_R137_T30TVM_20230615T203626,100,,0.0,0.5625,0.5675,8.08,79.315,0.035,4.5375,3.845,2.9875,0.07,0.0,40000,0,0.0,20000.00000000006,20000.00000000093,0.2616286277770996,6.9025,,0.0,0.008900000000000019,-0.020499999999999963,-0.03999999999999915,-0.06650000000000489,-0.0002999999999999947,0.08179999999999943,0.041100000000000136,0.0014999999999996128,-0.0059999999999999915,0.0,0.036599999999999966,0.08179999999999943,20000.0
20600,T30TUM_20000_31,S2B_MSIL2A_20230615T110629_R137_T30TVM_20230615T203626,200,,0.0,0.59,0.56,8.26,79.07,0.04,4.54,3.88,2.99,0.07,0.0,10000,0,0.0,20000.00000000006,20000.00000000093,0.5759162902832031,6.94,,0.0,0.03639999999999999,-0.027999999999999914,0.14000000000000057,-0.31150000000000944,0.004700000000000003,0.08429999999999982,0.07609999999999983,0.0040000000000000036,-0.0059999999999999915,0.0,0.0741000000000005,0.31150000000000944,20000.0
20606,T30TUM_20000_31,S2B_MSIL2A_20230615T110629_R137_T30TVM_20230615T203626,500,,0.0,0.5,0.4375,6.875,80.8125,0.0,4.5,4.125,2.75,0.0,0.0,1600,0,0.0,20000.00000000006,20000.00000000093,0.27111053466796875,6.875,,0.0,-0.05359999999999998,-0.15049999999999997,-1.2449999999999992,1.4309999999999974,-0.0353,0.044299999999999784,0.32109999999999994,-0.2360000000000002,-0.076,0.0,0.009100000000000108,1.4309999999999974,20000.0
20612,T30TUM_20000_31,S2B_MSIL2A_20230615T110629_R137_T30TVM_20230615T203626,1000,,0.0,1.0,0.5,8.75,80.5,0.0,3.0,3.5,2.75,0.0,0.0,400,0,0.0,20000.00000000006,20000.00000000093,0.16894936561584473,6.25,,0.0,0.4464,-0.08799999999999997,0.6300000000000008,1.1184999999999974,-0.0353,-1.4557000000000002,-0.30390000000000006,-0.2360000000000002,-0.076,0.0,-0.6158999999999999,1.4557000000000002,20000.0
20584,T30TUM_20000_31,S2B_MSIL2A_20230625T110619_R137_T30TVM_20230625T163939,20,,0.0,0.1829,5.3801,5.5885,77.6145,0.0447,1.5573,4.8896,4.6348,0.1076,0.0,1000000,0,0.0,20000.00000000006,20000.00000000093,0.29779553413391113,9.632,,0.0,0.0,0.0,0.0,0.0,0.0,0.0,0.0,0.0,0.0,0.0,0.0,0.0,20000.0
20590,T30TUM_20000_31,S2B_MSIL2A_20230625T110619_R137_T30TVM_20230625T163939,50,,0.0,0.185625,5.395,5.594375,77.596875,0.045625,1.545625,4.91,4.620625,0.10625,0.0,160000,0,0.0,20000.00000000006,20000.00000000093,0.1798386573791504,9.636875,,0.0,0.002725000000000005,0.014899999999999913,0.005875000000000519,-0.01762500000000955,0.0009250000000000022,-0.01167499999999988,0.020400000000000418,-0.014174999999999827,-0.001350000000000004,0.0,0.004875000000000185,0.01762500000000955,20000.0
20596,T30TUM_20000_31,S2B_MSIL2A_20230625T110619_R137_T30TVM_20230625T163939,100,,0.0,0.1725,5.4225,5.52,77.66,0.0525,1.535,4.9475,4.5725,0.1175,0.0,40000,0,0.0,20000.00000000006,20000.00000000093,0.2616286277770996,9.6375,,0.0,-0.01040000000000002,0.04240000000000066,-0.06850000000000023,0.04549999999998988,0.007800000000000001,-0.022299999999999986,0.05790000000000006,-0.062300000000000466,0.009899999999999992,0.0,0.005499999999999616,0.06850000000000023,20000.0
20602,T30TUM_20000_31,S2B_MSIL2A_20230625T110619_R137_T30TVM_20230625T163939,200,,0.0,0.2,5.55,5.65,77.27,0.07,1.5,5.07,4.59,0.1,0.0,10000,0,0.0,20000.00000000006,20000.00000000093,0.5759162902832031,9.76,,0.0,0.017100000000000004,0.16990000000000016,0.061500000000000554,-0.3445000000000107,0.02530000000000001,-0.05729999999999991,0.18040000000000056,-0.044800000000000395,-0.007599999999999996,0.0,0.1280000000000001,0.3445000000000107,20000.0
20608,T30TUM_20000_31,S2B_MSIL2A_20230625T110619_R137_T30TVM_20230625T163939,500,,0.0,0.0625,5.375,5.0,78.125,0.0625,1.6875,5.0,4.625,0.0625,0.0,1600,0,0.0,20000.00000000006,20000.00000000093,0.27111053466796875,9.6875,,0.0,-0.12040000000000001,-0.00509999999999966,-0.5884999999999998,0.5104999999999933,0.017800000000000003,0.1302000000000001,0.11040000000000028,-0.009800000000000253,-0.0451,0.0,0.05550000000000033,0.5884999999999998,20000.0
20614,T30TUM_20000_31,S2B_MSIL2A_20230625T110619_R137_T30TVM_20230625T163939,1000,,0.0,0.5,6.5,6.25,76.25,0.0,0.75,5.75,4.0,0.0,0.0,400,0,0.0,20000.00000000006,20000.00000000093,0.16894936561584473,9.75,,0.0,0.3171,1.1199000000000003,0.6615000000000002,-1.3645000000000067,-0.0447,-0.8072999999999999,0.8604000000000003,-0.6348000000000003,-0.1076,0.0,0.11800000000000033,1.3645000000000067,20000.0
20617,T30TUM_20000_32,S2A_MSIL2A_20230610T110621_R137_T30TVM_20230610T204848,20,,0.0,0.0,0.0,0.0,0.0,0.0,0.0,24.651,74.7852,0.5638,0.0,1000000,0,0.0,20000.00000000006,19999.99999999907,0.3002347946166992,100.0,,0.0,0.0,0.0,0.0,0.0,0.0,0.0,0.0,0.0,0.0,0.0,0.0,0.0,20000.0
20623,T30TUM_20000_32,S2A_MSIL2A_20230610T110621_R137_T30TVM_20230610T204848,50,,0.0,0.0,0.0,0.0,0.0,0.0,0.0,24.624375,74.81875,0.556875,0.0,160000,0,0.0,20000.00000000006,19999.99999999907,0.23111963272094727,100.0,,0.0,0.0,0.0,0.0,0.0,0.0,0.0,-0.026624999999999233,0.03354999999999109,-0.006924999999999959,0.0,0.0,0.0,20000.0
20629,T30TUM_20000_32,S2A_MSIL2A_20230610T110621_R137_T30TVM_20230610T204848,100,,0.0,0.0,0.0,0.0,0.0,0.0,0.0,24.6125,74.8525,0.535,0.0,40000,0,0.0,20000.00000000006,19999.99999999907,0.1643199920654297,100.0,,0.0,0.0,0.0,0.0,0.0,0.0,0.0,-0.03849999999999909,0.06730000000000302,-0.028799999999999937,0.0,0.0,0.0,20000.0
20635,T30TUM_20000_32,S2A_MSIL2A_20230610T110621_R137_T30TVM_20230610T204848,200,,0.0,0.0,0.0,0.0,0.0,0.0,0.0,24.03,75.35,0.62,0.0,10000,0,0.0,20000.00000000006,19999.99999999907,0.21810054779052734,100.0,,0.0,0.0,0.0,0.0,0.0,0.0,0.0,-0.6209999999999987,0.5647999999999911,0.05620000000000003,0.0,0.0,0.0,20000.0
20641,T30TUM_20000_32,S2A_MSIL2A_20230610T110621_R137_T30TVM_20230610T204848,500,,0.0,0.0,0.0,0.0,0.0,0.0,0.0,23.5625,75.8125,0.625,0.0,1600,0,0.0,20000.00000000006,19999.99999999907,0.15954113006591797,100.0,,0.0,0.0,0.0,0.0,0.0,0.0,0.0,-1.0884999999999998,1.0272999999999968,0.06120000000000003,0.0,0.0,0.0,20000.0
20647,T30TUM_20000_32,S2A_MSIL2A_20230610T110621_R137_T30TVM_20230610T204848,1000,,0.0,0.0,0.0,0.0,0.0,0.0,0.0,22.75,76.25,1.0,0.0,400,0,0.0,20000.00000000006,19999.99999999907,0.18170404434204102,100.0,,0.0,0.0,0.0,0.0,0.0,0.0,0.0,-1.9009999999999998,1.4647999999999968,0.43620000000000003,0.0,0.0,0.0,20000.0
20619,T30TUM_20000_32,S2A_MSIL2A_20230620T110621_R137_T30TVM_20230620T202730,20,,0.0,0.0011,0.4261,1.6134,7.6755,0.0,1.5498,32.126,20.9651,35.643,0.0,1000000,0,0.0,20000.00000000006,19999.99999999907,0.3002347946166992,88.7341,,0.0,0.0,0.0,0.0,0.0,0.0,0.0,0.0,0.0,0.0,0.0,0.0,0.0,20000.0
20625,T30TUM_20000_32,S2A_MSIL2A_20230620T110621_R137_T30TVM_20230620T202730,50,,0.0,0.000625,0.4275,1.5975,7.706875,0.0,1.535,32.119375,21.02875,35.584375,0.0,160000,0,0.0,20000.00000000006,19999.99999999907,0.23111963272094727,88.73249999999999,,0.0,-0.00047500000000000005,0.0014000000000000123,-0.015900000000000025,0.03137499999999971,0.0,-0.014800000000000146,-0.006624999999999659,0.0636499999999991,-0.05862499999999926,0.0,-0.001600000000010482,0.03137499999999971,20000.0
20631,T30TUM_20000_32,S2A_MSIL2A_20230620T110621_R137_T30TVM_20230620T202730,100,,0.0,0.0,0.4375,1.595,7.7425,0.0,1.5525,32.055,21.175,35.4425,0.0,40000,0,0.0,20000.00000000006,19999.99999999907,0.1643199920654297,88.67250000000001,,0.0,-0.0011,0.011400000000000021,-0.018399999999999972,0.06699999999999928,0.0,0.0026999999999999247,-0.07099999999999795,0.20990000000000109,-0.20049999999999812,0.0,-0.061599999999984334,0.06699999999999928,20000.0
20637,T30TUM_20000_32,S2A_MSIL2A_20230620T110621_R137_T30TVM_20230620T202730,200,,0.0,0.0,0.43,1.54,7.74,0.0,1.65,31.74,20.93,35.97,0.0,10000,0,0.0,20000.00000000006,19999.99999999907,0.21810054779052734,88.64,,0.0,-0.0011,0.0039000000000000146,-0.07339999999999991,0.06449999999999978,0.0,0.10019999999999984,-0.38599999999999923,-0.03509999999999991,0.3269999999999982,0.0,-0.09409999999999741,0.10019999999999984,20000.0
20643,T30TUM_20000_32,S2A_MSIL2A_20230620T110621_R137_T30TVM_20230620T202730,500,,0.0,0.0,0.4375,1.6875,7.5,0.0,1.5,32.25,19.875,36.75,0.0,1600,0,0.0,20000.00000000006,19999.99999999907,0.15954113006591797,88.875,,0.0,-0.0011,0.011400000000000021,0.07410000000000005,-0.17550000000000043,0.0,-0.049800000000000066,0.12400000000000233,-1.0900999999999996,1.1069999999999993,0.0,0.14090000000000202,0.17550000000000043,20000.0
20649,T30TUM_20000_32,S2A_MSIL2A_20230620T110621_R137_T30TVM_20230620T202730,1000,,0.0,0.0,0.25,1.5,9.75,0.0,1.25,32.0,21.75,33.5,0.0,400,0,0.0,20000.00000000006,19999.99999999907,0.18170404434204102,87.25,,0.0,-0.0011,-0.17609999999999998,-0.11339999999999995,2.0744999999999996,0.0,-0.29980000000000007,-0.12599999999999767,0.7849000000000004,-2.1430000000000007,0.0,-1.484099999999998,2.0744999999999996,20000.0
20621,T30TUM_20000_32,S2A_MSIL2A_20230630T110621_R137_T30TVM_20230630T203031,20,,0.0,0.3245,1.9061,16.8062,76.9427,0.0,1.6599,1.8264,0.5342,0.0,0.0,1000000,0,0.0,20000.00000000006,19999.99999999907,0.3002347946166992,2.3606,,0.0,0.0,0.0,0.0,0.0,0.0,0.0,0.0,0.0,0.0,0.0,0.0,0.0,20000.0
20627,T30TUM_20000_32,S2A_MSIL2A_20230630T110621_R137_T30TVM_20230630T203031,50,,0.0,0.31,1.91375,16.826875,76.915625,0.0,1.671875,1.82875,0.533125,0.0,0.0,160000,0,0.0,20000.00000000006,19999.99999999907,0.23111963272094727,2.361875,,0.0,-0.014500000000000013,0.007650000000000157,0.020675000000000665,-0.027074999999996407,0.0,0.011975000000000069,0.0023500000000000743,-0.0010750000000000481,0.0,0.0,0.0012750000000001371,0.027074999999996407,20000.0
20633,T30TUM_20000_32,S2A_MSIL2A_20230630T110621_R137_T30TVM_20230630T203031,100,,0.0,0.3075,1.9025,16.845,76.965,0.0,1.65,1.7825,0.5475,0.0,0.0,40000,0,0.0,20000.00000000006,19999.99999999907,0.1643199920654297,2.33,,0.0,-0.017000000000000015,-0.0035999999999998256,0.03879999999999839,0.02230000000000132,0.0,-0.00990000000000002,-0.04390000000000005,0.013299999999999979,0.0,0.0,-0.03059999999999974,0.03879999999999839,20000.0
20639,T30TUM_20000_32,S2A_MSIL2A_20230630T110621_R137_T30TVM_20230630T203031,200,,0.0,0.24,1.84,16.8,76.97,0.0,1.8,1.83,0.52,0.0,0.0,10000,0,0.0,20000.00000000006,19999.99999999907,0.21810054779052734,2.35,,0.0,-0.08450000000000002,-0.06609999999999983,-0.006199999999999761,0.02729999999999677,0.0,0.1401000000000001,0.0036000000000000476,-0.01419999999999999,0.0,0.0,-0.01059999999999972,0.1401000000000001,20000.0
20645,T30TUM_20000_32,S2A_MSIL2A_20230630T110621_R137_T30TVM_20230630T203031,500,,0.0,0.1875,1.9375,15.9375,77.5625,0.0,1.75,1.8125,0.8125,0.0,0.0,1600,0,0.0,20000.00000000006,19999.99999999907,0.15954113006591797,2.625,,0.0,-0.137,0.031400000000000095,-0.8687000000000005,0.6197999999999979,0.0,0.09010000000000007,-0.013900000000000023,0.2783,0.0,0.0,0.2644000000000002,0.8687000000000005,20000.0
20651,T30TUM_20000_32,S2A_MSIL2A_20230630T110621_R137_T30TVM_20230630T203031,1000,,0.0,0.0,2.0,18.25,76.0,0.0,2.0,1.5,0.25,0.0,0.0,400,0,0.0,20000.00000000006,19999.99999999907,0.18170404434204102,1.75,,0.0,-0.3245,0.0939000000000001,1.4437999999999995,-0.9427000000000021,0.0,0.34010000000000007,-0.3264,-0.2842,0.0,0.0,-0.6105999999999998,1.4437999999999995,20000.0
20616,T30TUM_20000_32,S2B_MSIL2A_20230605T110619_R137_T30TVM_20230605T165116,20,,0.0,0.0514,8.5961,22.2744,54.2999,0.0001,0.4732,7.1314,7.1735,0.0,0.0,1000000,0,0.0,20000.00000000006,19999.99999999907,0.3002347946166992,14.3049,,0.0,0.0,0.0,0.0,0.0,0.0,0.0,0.0,0.0,0.0,0.0,0.0,0.0,20000.0
20622,T30TUM_20000_32,S2B_MSIL2A_20230605T110619_R137_T30TVM_20230605T165116,50,,0.0,0.053125,8.601875,22.310625,54.26,0.000625,0.4625,7.118125,7.193125,0.0,0.0,160000,0,0.0,20000.00000000006,19999.99999999907,0.23111963272094727,14.311250000000001,,0.0,0.0017249999999999974,0.005774999999999864,0.03622500000000173,-0.03990000000000293,0.000525,-0.010699999999999987,-0.013275000000000148,0.019625000000000448,0.0,0.0,0.006350000000001188,0.03990000000000293,20000.0
20628,T30TUM_20000_32,S2B_MSIL2A_20230605T110619_R137_T30TVM_20230605T165116,100,,0.0,0.05,8.605,22.43,54.0975,0.0,0.485,7.1225,7.21,0.0,0.0,40000,0,0.0,20000.00000000006,19999.99999999907,0.1643199920654297,14.3325,,0.0,-0.0013999999999999985,0.008900000000000574,0.15559999999999974,-0.20240000000000435,-0.0001,0.011799999999999977,-0.008900000000000574,0.0365000000000002,0.0,0.0,0.027599999999999625,0.20240000000000435,20000.0
20634,T30TUM_20000_32,S2B_MSIL2A_20230605T110619_R137_T30TVM_20230605T165116,200,,0.0,0.02,8.6,22.32,54.09,0.0,0.54,7.06,7.37,0.0,0.0,10000,0,0.0,20000.00000000006,19999.99999999907,0.21810054779052734,14.43,,0.0,-0.0314,0.0038999999999997925,0.04560000000000031,-0.20989999999999753,-0.0001,0.06680000000000003,-0.07140000000000057,0.19650000000000034,0.0,0.0,0.12509999999999977,0.20989999999999753,20000.0
20640,T30TUM_20000_32,S2B_MSIL2A_20230605T110619_R137_T30TVM_20230605T165116,500,,0.0,0.0,8.5,22.5625,54.25,0.0,0.25,7.1875,7.25,0.0,0.0,1600,0,0.0,20000.00000000006,19999.99999999907,0.15954113006591797,14.4375,,0.0,-0.0514,-0.09609999999999985,0.2881,-0.049900000000000944,-0.0001,-0.2232,0.05609999999999982,0.07650000000000023,0.0,0.0,0.13260000000000005,0.2881,20000.0
20646,T30TUM_20000_32,S2B_MSIL2A_20230605T110619_R137_T30TVM_20230605T165116,1000,,0.0,0.0,7.25,23.5,53.0,0.0,0.5,7.75,8.0,0.0,0.0,400,0,0.0,20000.00000000006,19999.99999999907,0.18170404434204102,15.75,,0.0,-0.0514,-1.3460999999999999,1.2256,-1.299900000000001,-0.0001,0.02679999999999999,0.6185999999999998,0.8265000000000002,0.0,0.0,1.4451,1.4451,20000.0
20618,T30TUM_20000_32,S2B_MSIL2A_20230615T110629_R137_T30TVM_20230615T203626,20,,0.0,0.0513,0.2976,23.5878,75.5403,0.0,0.3206,0.1715,0.0252,0.0057,0.0,1000000,0,0.0,20000.00000000006,19999.99999999907,0.3002347946166992,0.20240000000000002,,0.0,0.0,0.0,0.0,0.0,0.0,0.0,0.0,0.0,0.0,0.0,0.0,0.0,20000.0
20624,T30TUM_20000_32,S2B_MSIL2A_20230615T110629_R137_T30TVM_20230615T203626,50,,0.0,0.054375,0.295625,23.579375,75.540625,0.0,0.33,0.17,0.025625,0.004375,0.0,160000,0,0.0,20000.00000000006,19999.99999999907,0.23111963272094727,0.2,,0.0,0.0030750000000000013,-0.001974999999999949,-0.00842500000000257,0.00032500000000368345,0.0,0.00940000000000002,-0.0015000000000000013,0.0004249999999999983,-0.0013249999999999998,0.0,-0.0024000000000000132,0.00940000000000002,20000.0
20630,T30TUM_20000_32,S2B_MSIL2A_20230615T110629_R137_T30TVM_20230615T203626,100,,0.0,0.06,0.2975,23.735,75.365,0.0,0.34,0.175,0.025,0.0025,0.0,40000,0,0.0,20000.00000000006,19999.99999999907,0.1643199920654297,0.20249999999999999,,0.0,0.0087,-9.999999999998899e-05,0.147199999999998,-0.17530000000000712,0.0,0.01940000000000003,0.0034999999999999754,-0.0001999999999999988,-0.0032,0.0,9.999999999996123e-05,0.17530000000000712,20000.0
20636,T30TUM_20000_32,S2B_MSIL2A_20230615T110629_R137_T30TVM_20230615T203626,200,,0.0,0.05,0.31,23.54,75.58,0.0,0.32,0.17,0.02,0.01,0.0,10000,0,0.0,20000.00000000006,19999.99999999907,0.21810054779052734,0.2,,0.0,-0.0012999999999999956,0.012400000000000022,-0.047800000000002285,0.039699999999996294,0.0,-0.0005999999999999894,-0.0015000000000000013,-0.0052,0.0043,0.0,-0.0024000000000000132,0.047800000000002285,20000.0
20642,T30TUM_20000_32,S2B_MSIL2A_20230615T110629_R137_T30TVM_20230615T203626,500,,0.0,0.125,0.3125,21.875,77.0,0.0,0.5625,0.0625,0.0625,0.0,0.0,1600,0,0.0,20000.00000000006,19999.99999999907,0.15954113006591797,0.125,,0.0,0.0737,0.014900000000000024,-1.7128000000000014,1.459699999999998,0.0,0.2419,-0.10900000000000001,0.0373,-0.0057,0.0,-0.07740000000000002,1.7128000000000014,20000.0
20648,T30TUM_20000_32,S2B_MSIL2A_20230615T110629_R137_T30TVM_20230615T203626,1000,,0.0,0.0,0.25,28.0,71.25,0.0,0.5,0.0,0.0,0.0,0.0,400,0,0.0,20000.00000000006,19999.99999999907,0.18170404434204102,0.0,,0.0,-0.0513,-0.047599999999999976,4.412199999999999,-4.290300000000002,0.0,0.1794,-0.1715,-0.0252,-0.0057,0.0,-0.20240000000000002,4.412199999999999,20000.0
20620,T30TUM_20000_32,S2B_MSIL2A_20230625T110619_R137_T30TVM_20230625T163939,20,,0.0,0.1492,4.2127,17.4509,69.03,0.0001,0.948,3.2326,4.9139,0.0626,0.0,1000000,0,0.0,20000.00000000006,19999.99999999907,0.3002347946166992,8.2091,,0.0,0.0,0.0,0.0,0.0,0.0,0.0,0.0,0.0,0.0,0.0,0.0,0.0,20000.0
20626,T30TUM_20000_32,S2B_MSIL2A_20230625T110619_R137_T30TVM_20230625T163939,50,,0.0,0.145,4.20125,17.508125,68.95625,0.000625,0.93875,3.245,4.941875,0.063125,0.0,160000,0,0.0,20000.00000000006,19999.99999999907,0.23111963272094727,8.25,,0.0,-0.004200000000000009,-0.01144999999999996,0.05722499999999897,-0.07375000000000398,0.000525,-0.00924999999999998,0.012399999999999967,0.02797499999999964,0.0005249999999999977,0.0,0.0409000000000006,0.07375000000000398,20000.0
20632,T30TUM_20000_32,S2B_MSIL2A_20230625T110619_R137_T30TVM_20230625T163939,100,,0.0,0.1425,4.16,17.5625,68.8775,0.0,0.9125,3.26,5.0225,0.0625,0.0,40000,0,0.0,20000.00000000006,19999.99999999907,0.1643199920654297,8.344999999999999,,0.0,-0.0067000000000000115,-0.05269999999999975,0.11159999999999926,-0.1525000000000034,-0.0001,-0.035499999999999976,0.027399999999999647,0.10860000000000003,-0.00010000000000000286,0.0,0.13589999999999947,0.1525000000000034,20000.0
20638,T30TUM_20000_32,S2B_MSIL2A_20230625T110619_R137_T30TVM_20230625T163939,200,,0.0,0.17,4.23,17.02,69.13,0.0,0.85,3.39,5.16,0.05,0.0,10000,0,0.0,20000.00000000006,19999.99999999907,0.21810054779052734,8.600000000000001,,0.0,0.020800000000000013,0.017300000000000537,-0.43090000000000117,0.09999999999999432,-0.0001,-0.09799999999999998,0.15739999999999998,0.2461000000000002,-0.0126,0.0,0.390900000000002,0.43090000000000117,20000.0
20644,T30TUM_20000_32,S2B_MSIL2A_20230625T110619_R137_T30TVM_20230625T163939,500,,0.0,0.1875,4.25,16.5,69.5625,0.0,1.125,2.6875,5.5625,0.125,0.0,1600,0,0.0,20000.00000000006,19999.99999999907,0.15954113006591797,8.375,,0.0,0.0383,0.03730000000000011,-0.9509000000000007,0.5324999999999989,-0.0001,0.17700000000000005,-0.5451000000000001,0.6486000000000001,0.0624,0.0,0.1659000000000006,0.9509000000000007,20000.0
20650,T30TUM_20000_32,S2B_MSIL2A_20230625T110619_R137_T30TVM_20230625T163939,1000,,0.0,0.0,6.0,19.0,64.5,0.0,0.75,4.5,5.25,0.0,0.0,400,0,0.0,20000.00000000006,19999.99999999907,0.18170404434204102,9.75,,0.0,-0.1492,1.7873,1.5490999999999993,-4.530000000000001,-0.0001,-0.19799999999999995,1.2673999999999999,0.33610000000000007,-0.0626,0.0,1.5409000000000006,4.530000000000001,20000.0
20653,T30TUM_20000_33,S2A_MSIL2A_20230610T110621_R137_T30TVM_20230610T204848,20,,0.0,0.0,1.0166,0.0,0.0002,0.0,0.0006,16.7631,81.1644,1.0551,0.0,1000000,0,0.0,20000.0,20000.0,0.6241393089294434,98.9826,,0.0,0.0,0.0,0.0,0.0,0.0,0.0,0.0,0.0,0.0,0.0,0.0,0.0,20000.0
20659,T30TUM_20000_33,S2A_MSIL2A_20230610T110621_R137_T30TVM_20230610T204848,50,,0.0,0.0,1.015625,0.0,0.0,0.0,0.001875,16.810625,81.118125,1.05375,0.0,160000,0,0.0,20000.0,20000.0,0.3148770332336426,98.9825,,0.0,0.0,-0.0009749999999999481,0.0,-0.0002,0.0,0.001275,0.04752500000000026,-0.04627499999999429,-0.0013499999999999623,0.0,-0.00010000000000331966,0.001275,20000.0
20665,T30TUM_20000_33,S2A_MSIL2A_20230610T110621_R137_T30TVM_20230610T204848,100,,0.0,0.0,1.0325,0.0,0.0,0.0,0.0,16.865,81.035,1.0675,0.0,40000,0,0.0,20000.0,20000.0,0.6015989780426025,98.96749999999999,,0.0,0.0,0.015900000000000025,0.0,-0.0002,0.0,-0.0006,0.10189999999999699,-0.12940000000000396,0.012399999999999967,0.0,-0.015100000000018099,0.015900000000000025,20000.0
20671,T30TUM_20000_33,S2A_MSIL2A_20230610T110621_R137_T30TVM_20230610T204848,200,,0.0,0.0,1.05,0.0,0.0,0.0,0.0,16.89,81.1,0.96,0.0,10000,0,0.0,20000.0,20000.0,0.18155670166015625,98.94999999999999,,0.0,0.0,0.033400000000000096,0.0,-0.0002,0.0,-0.0006,0.12689999999999912,-0.06440000000000623,-0.09509999999999996,0.0,-0.032600000000016394,0.033400000000000096,20000.0
20677,T30TUM_20000_33,S2A_MSIL2A_20230610T110621_R137_T30TVM_20230610T204848,500,,0.0,0.0,1.1875,0.0,0.0,0.0,0.0,16.75,80.9375,1.125,0.0,1600,0,0.0,20000.0,20000.0,0.15863609313964844,98.8125,,0.0,0.0,0.17090000000000005,0.0,-0.0002,0.0,-0.0006,-0.013100000000001444,-0.22690000000000055,0.06990000000000007,0.0,-0.17010000000000502,0.17090000000000005,20000.0
20683,T30TUM_20000_33,S2A_MSIL2A_20230610T110621_R137_T30TVM_20230610T204848,1000,,0.0,0.0,1.5,0.0,0.0,0.0,0.0,16.0,81.5,1.0,0.0,400,0,0.0,20000.0,20000.0,0.1629798412322998,98.5,,0.0,0.0,0.48340000000000005,0.0,-0.0002,0.0,-0.0006,-0.7631000000000014,0.33559999999999945,-0.05509999999999993,0.0,-0.482600000000005,0.48340000000000005,20000.0
20655,T30TUM_20000_33,S2A_MSIL2A_20230620T110621_R137_T30TVM_20230620T202730,20,,0.0,0.0,0.049,0.3501,1.5287,0.0,0.3169,24.2527,64.9149,8.5877,0.0,1000000,0,0.0,20000.0,20000.0,0.6241393089294434,97.7553,,0.0,0.0,0.0,0.0,0.0,0.0,0.0,0.0,0.0,0.0,0.0,0.0,0.0,20000.0
20661,T30TUM_20000_33,S2A_MSIL2A_20230620T110621_R137_T30TVM_20230620T202730,50,,0.0,0.0,0.049375,0.351875,1.549375,0.0,0.32625,24.28875,64.800625,8.63375,0.0,160000,0,0.0,20000.0,20000.0,0.3148770332336426,97.72312499999998,,0.0,0.0,0.00037500000000000033,0.001774999999999971,0.020675,0.0,0.00934999999999997,0.03604999999999947,-0.11427500000000634,0.04604999999999926,0.0,-0.0321750000000236,0.0321750000000236,20000.0
20667,T30TUM_20000_33,S2A_MSIL2A_20230620T110621_R137_T30TVM_20230620T202730,100,,0.0,0.0,0.0525,0.36,1.595,0.0,0.3425,24.1975,64.685,8.7675,0.0,40000,0,0.0,20000.0,20000.0,0.6015989780426025,97.65,,0.0,0.0,0.003499999999999996,0.009899999999999964,0.06630000000000003,0.0,0.02560000000000001,-0.05519999999999925,-0.22990000000000066,0.17980000000000018,0.0,-0.10529999999999973,0.10529999999999973,20000.0
20673,T30TUM_20000_33,S2A_MSIL2A_20230620T110621_R137_T30TVM_20230620T202730,200,,0.0,0.0,0.05,0.43,1.61,0.0,0.3,24.33,64.41,8.87,0.0,10000,0,0.0,20000.0,20000.0,0.18155670166015625,97.61,,0.0,0.0,0.0010000000000000009,0.07989999999999997,0.08130000000000015,0.0,-0.016900000000000026,0.07729999999999748,-0.5049000000000063,0.28229999999999933,0.0,-0.14530000000000598,0.14530000000000598,20000.0
20679,T30TUM_20000_33,S2A_MSIL2A_20230620T110621_R137_T30TVM_20230620T202730,500,,0.0,0.0,0.0625,0.25,2.125,0.0,0.1875,23.625,65.0,8.75,0.0,1600,0,0.0,20000.0,20000.0,0.15863609313964844,97.375,,0.0,0.0,0.013499999999999998,-0.10010000000000002,0.5963,0.0,-0.12940000000000002,-0.6277000000000008,0.08509999999999707,0.1623000000000001,0.0,-0.3803000000000054,0.5963,20000.0
20685,T30TUM_20000_33,S2A_MSIL2A_20230620T110621_R137_T30TVM_20230620T202730,1000,,0.0,0.0,0.25,0.25,1.75,0.0,0.25,26.25,62.5,8.75,0.0,400,0,0.0,20000.0,20000.0,0.1629798412322998,97.5,,0.0,0.0,0.201,-0.10010000000000002,0.22130000000000005,0.0,-0.06690000000000002,1.9972999999999992,-2.414900000000003,0.1623000000000001,0.0,-0.2553000000000054,0.2553000000000054,20000.0
20657,T30TUM_20000_33,S2A_MSIL2A_20230630T110621_R137_T30TVM_20230630T203031,20,,0.0,0.5078,3.7188,7.897,81.0867,0.0007,2.3516,3.0413,1.396,0.0001,0.0,1000000,0,0.0,20000.0,20000.0,0.6241393089294434,4.4374,,0.0,0.0,0.0,0.0,0.0,0.0,0.0,0.0,0.0,0.0,0.0,0.0,0.0,20000.0
20663,T30TUM_20000_33,S2A_MSIL2A_20230630T110621_R137_T30TVM_20230630T203031,50,,0.0,0.521875,3.730625,7.923125,81.035,0.000625,2.35875,3.040625,1.389375,0.0,0.0,160000,0,0.0,20000.0,20000.0,0.3148770332336426,4.43,,0.0,0.014074999999999949,0.011824999999999974,0.02612499999999951,-0.05169999999999675,-7.499999999999998e-05,0.007150000000000212,-0.0006750000000002032,-0.006624999999999881,-0.0001,0.0,-0.007400000000000517,0.05169999999999675,20000.0
20669,T30TUM_20000_33,S2A_MSIL2A_20230630T110621_R137_T30TVM_20230630T203031,100,,0.0,0.53,3.7425,7.9075,81.0275,0.0025,2.3775,3.0325,1.38,0.0,0.0,40000,0,0.0,20000.0,20000.0,0.6015989780426025,4.4125,,0.0,0.022199999999999998,0.023700000000000276,0.01049999999999951,-0.05919999999998993,0.0018,0.025900000000000034,-0.008799999999999919,-0.016000000000000014,-0.0001,0.0,-0.02490000000000059,0.05919999999998993,20000.0
20675,T30TUM_20000_33,S2A_MSIL2A_20230630T110621_R137_T30TVM_20230630T203031,200,,0.0,0.47,3.66,7.77,81.45,0.0,2.16,3.01,1.48,0.0,0.0,10000,0,0.0,20000.0,20000.0,0.18155670166015625,4.49,,0.0,-0.037800000000000056,-0.05879999999999974,-0.12700000000000067,0.3633000000000095,-0.0007,-0.19159999999999977,-0.03130000000000033,0.08400000000000007,-0.0001,0.0,0.05259999999999998,0.3633000000000095,20000.0
20681,T30TUM_20000_33,S2A_MSIL2A_20230630T110621_R137_T30TVM_20230630T203031,500,,0.0,0.4375,4.0,7.3125,81.5625,0.0,2.125,2.875,1.6875,0.0,0.0,1600,0,0.0,20000.0,20000.0,0.15863609313964844,4.5625,,0.0,-0.07030000000000003,0.2812000000000001,-0.5845000000000002,0.47580000000000666,-0.0007,-0.2265999999999999,-0.16630000000000011,0.2915000000000001,-0.0001,0.0,0.12509999999999977,0.5845000000000002,20000.0
20687,T30TUM_20000_33,S2A_MSIL2A_20230630T110621_R137_T30TVM_20230630T203031,1000,,0.0,0.0,4.5,7.75,79.75,0.0,3.75,3.0,1.25,0.0,0.0,400,0,0.0,20000.0,20000.0,0.1629798412322998,4.25,,0.0,-0.5078,0.7812000000000001,-0.14700000000000024,-1.3366999999999933,-0.0007,1.3984,-0.041300000000000114,-0.1459999999999999,-0.0001,0.0,-0.18740000000000023,1.3984,20000.0
20652,T30TUM_20000_33,S2B_MSIL2A_20230605T110619_R137_T30TVM_20230605T165116,20,,0.0,0.0615,9.6435,16.8699,47.9682,0.0088,0.6486,10.0334,14.7644,0.0017,0.0,1000000,0,0.0,20000.0,20000.0,0.6241393089294434,24.799500000000002,,0.0,0.0,0.0,0.0,0.0,0.0,0.0,0.0,0.0,0.0,0.0,0.0,0.0,20000.0
20658,T30TUM_20000_33,S2B_MSIL2A_20230605T110619_R137_T30TVM_20230605T165116,50,,0.0,0.059375,9.64,16.87625,48.025625,0.008125,0.6625,10.0125,14.71375,0.001875,0.0,160000,0,0.0,20000.0,20000.0,0.3148770332336426,24.728125,,0.0,-0.002125000000000002,-0.0034999999999989484,0.006349999999997635,0.05742499999999495,-0.0006750000000000003,0.013900000000000023,-0.02090000000000103,-0.05065000000000097,0.00017500000000000003,0.0,-0.0713750000000033,0.0713750000000033,20000.0
20664,T30TUM_20000_33,S2B_MSIL2A_20230605T110619_R137_T30TVM_20230605T165116,100,,0.0,0.0575,9.6175,16.8575,48.145,0.01,0.6375,10.0675,14.605,0.0025,0.0,40000,0,0.0,20000.0,20000.0,0.6015989780426025,24.675,,0.0,-0.003999999999999997,-0.0259999999999998,-0.012399999999999523,0.17680000000000007,0.0011999999999999997,-0.011099999999999999,0.03410000000000046,-0.15939999999999976,0.0008000000000000001,0.0,-0.12450000000000117,0.17680000000000007,20000.0
20670,T30TUM_20000_33,S2B_MSIL2A_20230605T110619_R137_T30TVM_20230605T165116,200,,0.0,0.03,9.86,17.13,47.8,0.01,0.55,10.19,14.43,0.0,0.0,10000,0,0.0,20000.0,20000.0,0.18155670166015625,24.619999999999997,,0.0,-0.0315,0.21649999999999991,0.2600999999999978,-0.1682000000000059,0.0011999999999999997,-0.09859999999999991,0.15659999999999918,-0.3344000000000005,-0.0017,0.0,-0.17950000000000443,0.2600999999999978,20000.0
20676,T30TUM_20000_33,S2B_MSIL2A_20230605T110619_R137_T30TVM_20230605T165116,500,,0.0,0.0625,9.75,15.125,50.0,0.0,0.75,10.25,14.0625,0.0,0.0,1600,0,0.0,20000.0,20000.0,0.15863609313964844,24.3125,,0.0,0.0010000000000000009,0.10650000000000048,-1.7449000000000012,2.031799999999997,-0.0088,0.10140000000000005,0.21659999999999968,-0.7019000000000002,-0.0017,0.0,-0.4870000000000019,2.031799999999997,20000.0
20682,T30TUM_20000_33,S2B_MSIL2A_20230605T110619_R137_T30TVM_20230605T165116,1000,,0.0,0.0,10.5,20.0,44.0,0.0,0.25,10.75,14.5,0.0,0.0,400,0,0.0,20000.0,20000.0,0.1629798412322998,25.25,,0.0,-0.0615,0.8565000000000005,3.1300999999999988,-3.968200000000003,-0.0088,-0.39859999999999995,0.7165999999999997,-0.2644000000000002,-0.0017,0.0,0.4504999999999981,3.968200000000003,20000.0
20654,T30TUM_20000_33,S2B_MSIL2A_20230615T110629_R137_T30TVM_20230615T203626,20,,0.0,0.0024,0.0,15.2923,84.168,0.0071,0.0178,0.0,0.0,0.5124,0.0,1000000,0,0.0,20000.0,20000.0,0.6241393089294434,0.5124,,0.0,0.0,0.0,0.0,0.0,0.0,0.0,0.0,0.0,0.0,0.0,0.0,0.0,20000.0
20660,T30TUM_20000_33,S2B_MSIL2A_20230615T110629_R137_T30TVM_20230615T203626,50,,0.0,0.0025,0.0,15.3075,84.1475,0.006875,0.020625,0.0,0.0,0.515,0.0,160000,0,0.0,20000.0,20000.0,0.3148770332336426,0.515,,0.0,0.00010000000000000026,0.0,0.015200000000000102,-0.02050000000001262,-0.00022500000000000037,0.002825000000000001,0.0,0.0,0.0026000000000000467,0.0,0.0026000000000000467,0.02050000000001262,20000.0
20666,T30TUM_20000_33,S2B_MSIL2A_20230615T110629_R137_T30TVM_20230615T203626,100,,0.0,0.0025,0.0,15.3225,84.1425,0.0075,0.0125,0.0,0.0,0.5125,0.0,40000,0,0.0,20000.0,20000.0,0.6015989780426025,0.5125,,0.0,0.00010000000000000026,0.0,0.03020000000000067,-0.025500000000008072,0.0003999999999999993,-0.005299999999999999,0.0,0.0,9.999999999998899e-05,0.0,9.999999999998899e-05,0.03020000000000067,20000.0
20672,T30TUM_20000_33,S2B_MSIL2A_20230615T110629_R137_T30TVM_20230615T203626,200,,0.0,0.0,0.0,15.33,84.12,0.01,0.02,0.0,0.0,0.52,0.0,10000,0,0.0,20000.0,20000.0,0.18155670166015625,0.52,,0.0,-0.0024,0.0,0.037700000000000955,-0.04800000000000182,0.0029,0.0022000000000000006,0.0,0.0,0.007600000000000051,0.0,0.007600000000000051,0.04800000000000182,20000.0
20678,T30TUM_20000_33,S2B_MSIL2A_20230615T110629_R137_T30TVM_20230615T203626,500,,0.0,0.0625,0.0,14.125,85.3125,0.0,0.0,0.0,0.0,0.5,0.0,1600,0,0.0,20000.0,20000.0,0.15863609313964844,0.5,,0.0,0.0601,0.0,-1.1672999999999991,1.1444999999999936,-0.0071,-0.0178,0.0,0.0,-0.012399999999999967,0.0,-0.012399999999999967,1.1672999999999991,20000.0
20684,T30TUM_20000_33,S2B_MSIL2A_20230615T110629_R137_T30TVM_20230615T203626,1000,,0.0,0.0,0.0,15.75,83.75,0.0,0.0,0.0,0.0,0.5,0.0,400,0,0.0,20000.0,20000.0,0.1629798412322998,0.5,,0.0,-0.0024,0.0,0.4577000000000009,-0.41800000000000637,-0.0071,-0.0178,0.0,0.0,-0.012399999999999967,0.0,-0.012399999999999967,0.4577000000000009,20000.0
20656,T30TUM_20000_33,S2B_MSIL2A_20230625T110619_R137_T30TVM_20230625T163939,20,,0.0,0.067,1.734,8.7945,86.3054,0.0034,0.3362,1.1885,1.5467,0.0243,0.0,1000000,0,0.0,20000.0,20000.0,0.6241393089294434,2.7595,,0.0,0.0,0.0,0.0,0.0,0.0,0.0,0.0,0.0,0.0,0.0,0.0,0.0,20000.0
20662,T30TUM_20000_33,S2B_MSIL2A_20230625T110619_R137_T30TVM_20230625T163939,50,,0.0,0.0625,1.740625,8.80375,86.299375,0.0025,0.34,1.183125,1.545625,0.0225,0.0,160000,0,0.0,20000.0,20000.0,0.3148770332336426,2.7512499999999998,,0.0,-0.004500000000000004,0.006625000000000103,0.009250000000001535,-0.006025000000008163,-0.0008999999999999998,0.0038000000000000256,-0.005374999999999908,-0.0010749999999999371,-0.0017999999999999995,0.0,-0.008250000000000313,0.009250000000001535,20000.0
20668,T30TUM_20000_33,S2B_MSIL2A_20230625T110619_R137_T30TVM_20230625T163939,100,,0.0,0.065,1.7625,8.88,86.19,0.005,0.37,1.205,1.5025,0.02,0.0,40000,0,0.0,20000.0,20000.0,0.6015989780426025,2.7275,,0.0,-0.0020000000000000018,0.02849999999999997,0.08550000000000146,-0.11540000000000816,0.0016000000000000003,0.0338,0.01650000000000018,-0.04420000000000002,-0.004299999999999998,0.0,-0.03200000000000003,0.11540000000000816,20000.0
20674,T30TUM_20000_33,S2B_MSIL2A_20230625T110619_R137_T30TVM_20230625T163939,200,,0.0,0.07,1.73,8.65,86.4,0.0,0.34,1.17,1.62,0.02,0.0,10000,0,0.0,20000.0,20000.0,0.18155670166015625,2.81,,0.0,0.0030000000000000027,-0.0040000000000000036,-0.14449999999999896,0.0945999999999998,-0.0034,0.0038000000000000256,-0.01849999999999996,0.07330000000000014,-0.004299999999999998,0.0,0.05049999999999999,0.14449999999999896,20000.0
20680,T30TUM_20000_33,S2B_MSIL2A_20230625T110619_R137_T30TVM_20230625T163939,500,,0.0,0.0625,1.8125,7.5625,87.5625,0.0,0.3125,0.9375,1.75,0.0,0.0,1600,0,0.0,20000.0,20000.0,0.15863609313964844,2.6875,,0.0,-0.004500000000000004,0.07850000000000001,-1.2319999999999993,1.257099999999994,-0.0034,-0.0237,-0.2509999999999999,0.20330000000000004,-0.0243,0.0,-0.07200000000000006,1.257099999999994,20000.0
20686,T30TUM_20000_33,S2B_MSIL2A_20230625T110619_R137_T30TVM_20230625T163939,1000,,0.0,0.25,2.25,8.5,85.75,0.0,0.25,1.5,1.5,0.0,0.0,400,0,0.0,20000.0,20000.0,0.1629798412322998,3.0,,0.0,0.183,0.516,-0.2944999999999993,-0.5554000000000059,-0.0034,-0.0862,0.3115000000000001,-0.046699999999999964,-0.0243,0.0,0.24049999999999994,0.5554000000000059,20000.0
20689,T30TUM_20000_34,S2A_MSIL2A_20230610T110621_R137_T30TVM_20230610T204848,20,,0.0,0.0,7.4329,0.0265,0.1715,0.0,0.0333,17.0642,73.9237,1.3479,0.0,1000000,0,0.0,20000.000000000116,19999.99999999907,0.3022940158843994,92.33579999999999,,0.0,0.0,0.0,0.0,0.0,0.0,0.0,0.0,0.0,0.0,0.0,0.0,0.0,20000.0
20695,T30TUM_20000_34,S2A_MSIL2A_20230610T110621_R137_T30TVM_20230610T204848,50,,0.0,0.0,7.388125,0.0275,0.17,0.0,0.03375,17.055625,73.98,1.345,0.0,160000,0,0.0,20000.000000000116,19999.99999999907,0.23169589042663574,92.38062500000001,,0.0,0.0,-0.04477500000000045,0.0010000000000000009,-0.0015000000000000013,0.0,0.000449999999999999,-0.008575000000000443,0.056300000000007344,-0.0029000000000001247,0.0,0.04482500000001721,0.04482500000001721,20000.0
20701,T30TUM_20000_34,S2A_MSIL2A_20230610T110621_R137_T30TVM_20230610T204848,100,,0.0,0.0,7.425,0.02,0.175,0.0,0.025,16.9875,74.06,1.3075,0.0,40000,0,0.0,20000.000000000116,19999.99999999907,0.26999592781066895,92.355,,0.0,0.0,-0.00790000000000024,-0.006499999999999999,0.0034999999999999754,0.0,-0.008300000000000002,-0.07669999999999888,0.13630000000000564,-0.04039999999999999,0.0,0.019200000000012096,0.019200000000012096,20000.0
20707,T30TUM_20000_34,S2A_MSIL2A_20230610T110621_R137_T30TVM_20230610T204848,200,,0.0,0.0,7.32,0.01,0.18,0.0,0.05,16.77,74.34,1.33,0.0,10000,0,0.0,20000.000000000116,19999.99999999907,0.16475939750671387,92.44,,0.0,0.0,-0.11289999999999978,-0.0165,0.00849999999999998,0.0,0.0167,-0.2942,0.4163000000000068,-0.017900000000000027,0.0,0.10420000000000584,0.11289999999999978,20000.0
20713,T30TUM_20000_34,S2A_MSIL2A_20230610T110621_R137_T30TVM_20230610T204848,500,,0.0,0.0,7.6875,0.0,0.25,0.0,0.0625,16.625,74.125,1.25,0.0,1600,0,0.0,20000.000000000116,19999.99999999907,0.2827894687652588,92.0,,0.0,0.0,0.25459999999999994,-0.0265,0.07849999999999999,0.0,0.029199999999999997,-0.4391999999999996,0.20130000000000337,-0.0979000000000001,0.0,-0.3357999999999919,0.3357999999999919,20000.0
20719,T30TUM_20000_34,S2A_MSIL2A_20230610T110621_R137_T30TVM_20230610T204848,1000,,0.0,0.0,7.75,0.0,0.25,0.0,0.0,16.25,74.0,1.75,0.0,400,0,0.0,20000.000000000116,19999.99999999907,0.39639925956726074,92.0,,0.0,0.0,0.31709999999999994,-0.0265,0.07849999999999999,0.0,-0.0333,-0.8141999999999996,0.07630000000000337,0.4020999999999999,0.0,-0.3357999999999919,0.3357999999999919,20000.0
20691,T30TUM_20000_34,S2A_MSIL2A_20230620T110621_R137_T30TVM_20230620T202730,20,,0.0,0.0023,0.009,0.1594,1.808,0.0,0.8722,32.5489,61.7433,2.8569,0.0,1000000,0,0.0,20000.000000000116,19999.99999999907,0.3022940158843994,97.1491,,0.0,0.0,0.0,0.0,0.0,0.0,0.0,0.0,0.0,0.0,0.0,0.0,0.0,20000.0
20697,T30TUM_20000_34,S2A_MSIL2A_20230620T110621_R137_T30TVM_20230620T202730,50,,0.0,0.0025,0.009375,0.165625,1.819375,0.0,0.8475,32.565,61.750625,2.84,0.0,160000,0,0.0,20000.000000000116,19999.99999999907,0.23169589042663574,97.155625,,0.0,0.0002000000000000001,0.00037500000000000033,0.006225000000000008,0.011374999999999913,0.0,-0.024699999999999944,0.016099999999994452,0.00732500000000158,-0.016900000000000137,0.0,0.006524999999996339,0.024699999999999944,20000.0
20703,T30TUM_20000_34,S2A_MSIL2A_20230620T110621_R137_T30TVM_20230620T202730,100,,0.0,0.0025,0.01,0.1625,1.8325,0.0,0.8275,32.485,61.7875,2.8925,0.0,40000,0,0.0,20000.000000000116,19999.99999999907,0.26999592781066895,97.165,,0.0,0.0002000000000000001,0.0010000000000000009,0.0031000000000000194,0.024499999999999966,0.0,-0.04469999999999996,-0.06390000000000384,0.04420000000000357,0.035600000000000076,0.0,0.015900000000002024,0.04469999999999996,20000.0
20709,T30TUM_20000_34,S2A_MSIL2A_20230620T110621_R137_T30TVM_20230620T202730,200,,0.0,0.01,0.01,0.15,1.89,0.0,0.92,32.04,62.15,2.83,0.0,10000,0,0.0,20000.000000000116,19999.99999999907,0.16475939750671387,97.02,,0.0,0.0077,0.0010000000000000009,-0.009399999999999992,0.08199999999999985,0.0,0.047800000000000065,-0.5089000000000041,0.4067000000000007,-0.026899999999999924,0.0,-0.1291000000000082,0.1291000000000082,20000.0
20715,T30TUM_20000_34,S2A_MSIL2A_20230620T110621_R137_T30TVM_20230620T202730,500,,0.0,0.0,0.0,0.125,2.0,0.0,0.875,31.0625,62.5,3.4375,0.0,1600,0,0.0,20000.000000000116,19999.99999999907,0.2827894687652588,97.0,,0.0,-0.0023,-0.009,-0.034399999999999986,0.19199999999999995,0.0,0.0028000000000000247,-1.4864000000000033,0.7567000000000021,0.5806,0.0,-0.14910000000000423,0.19199999999999995,20000.0
20721,T30TUM_20000_34,S2A_MSIL2A_20230620T110621_R137_T30TVM_20230620T202730,1000,,0.0,0.0,0.0,0.25,1.75,0.0,0.75,29.25,65.0,3.0,0.0,400,0,0.0,20000.000000000116,19999.99999999907,0.39639925956726074,97.25,,0.0,-0.0023,-0.009,0.09060000000000001,-0.05800000000000005,0.0,-0.12219999999999998,-3.2989000000000033,3.256700000000002,0.1431,0.0,0.10089999999999577,0.12219999999999998,20000.0
20693,T30TUM_20000_34,S2A_MSIL2A_20230630T110621_R137_T30TVM_20230630T203031,20,,0.0,0.414,2.5921,11.4139,81.3693,0.0002,1.6223,1.9431,0.6451,0.0,0.0,1000000,0,0.0,20000.000000000116,19999.99999999907,0.3022940158843994,2.5882,,0.0,0.0,0.0,0.0,0.0,0.0,0.0,0.0,0.0,0.0,0.0,0.0,0.0,20000.0
20699,T30TUM_20000_34,S2A_MSIL2A_20230630T110621_R137_T30TVM_20230630T203031,50,,0.0,0.411875,2.59625,11.464375,81.293125,0.0,1.6275,1.96625,0.640625,0.0,0.0,160000,0,0.0,20000.000000000116,19999.99999999907,0.23169589042663574,2.606875,,0.0,-0.002124999999999988,0.004150000000000098,0.05047500000000049,-0.07617499999999211,-0.0002,0.005199999999999871,0.023150000000000004,-0.004475000000000007,0.0,0.0,0.018674999999999997,0.07617499999999211,20000.0
20705,T30TUM_20000_34,S2A_MSIL2A_20230630T110621_R137_T30TVM_20230630T203031,100,,0.0,0.415,2.61,11.53,81.255,0.0,1.6,1.9525,0.6375,0.0,0.0,40000,0,0.0,20000.000000000116,19999.99999999907,0.26999592781066895,2.59,,0.0,0.0010000000000000009,0.017900000000000027,0.11609999999999943,-0.11430000000000007,-0.0002,-0.022299999999999986,0.009399999999999853,-0.007600000000000051,0.0,0.0,0.0017999999999998018,0.11609999999999943,20000.0
20711,T30TUM_20000_34,S2A_MSIL2A_20230630T110621_R137_T30TVM_20230630T203031,200,,0.0,0.37,2.63,11.6,81.06,0.0,1.59,2.07,0.68,0.0,0.0,10000,0,0.0,20000.000000000116,19999.99999999907,0.16475939750671387,2.75,,0.0,-0.043999999999999984,0.037900000000000045,0.1860999999999997,-0.30929999999999325,-0.0002,-0.032299999999999995,0.1268999999999998,0.03490000000000004,0.0,0.0,0.16179999999999994,0.30929999999999325,20000.0
20717,T30TUM_20000_34,S2A_MSIL2A_20230630T110621_R137_T30TVM_20230630T203031,500,,0.0,0.4375,2.625,10.5625,82.125,0.0,1.8125,1.375,1.0625,0.0,0.0,1600,0,0.0,20000.000000000116,19999.99999999907,0.2827894687652588,2.4375,,0.0,0.02350000000000002,0.03290000000000015,-0.8513999999999999,0.7557000000000045,-0.0002,0.19019999999999992,-0.5681,0.4174,0.0,0.0,-0.15070000000000006,0.8513999999999999,20000.0
20723,T30TUM_20000_34,S2A_MSIL2A_20230630T110621_R137_T30TVM_20230630T203031,1000,,0.0,0.5,2.0,9.75,82.25,0.0,3.0,1.75,0.75,0.0,0.0,400,0,0.0,20000.000000000116,19999.99999999907,0.39639925956726074,2.5,,0.0,0.08600000000000002,-0.5920999999999998,-1.6639,0.8807000000000045,-0.0002,1.3777,-0.19310000000000005,0.1049,0.0,0.0,-0.08820000000000006,1.6639,20000.0
20688,T30TUM_20000_34,S2B_MSIL2A_20230605T110619_R137_T30TVM_20230605T165116,20,,0.0,0.0359,13.5802,14.5246,22.7698,0.0004,0.8772,14.6237,33.5259,0.0623,0.0,1000000,0,0.0,20000.000000000116,19999.99999999907,0.3022940158843994,48.2119,,0.0,0.0,0.0,0.0,0.0,0.0,0.0,0.0,0.0,0.0,0.0,0.0,0.0,20000.0
20694,T30TUM_20000_34,S2B_MSIL2A_20230605T110619_R137_T30TVM_20230605T165116,50,,0.0,0.0375,13.594375,14.5225,22.750625,0.00125,0.865625,14.595625,33.571875,0.060625,0.0,160000,0,0.0,20000.000000000116,19999.99999999907,0.23169589042663574,48.228125,,0.0,0.0015999999999999973,0.014174999999999827,-0.0020999999999986585,-0.019175000000000608,0.0008500000000000001,-0.011575000000000002,-0.028074999999999406,0.045974999999998545,-0.0016750000000000029,0.0,0.0162249999999986,0.019175000000000608,20000.0
20700,T30TUM_20000_34,S2B_MSIL2A_20230605T110619_R137_T30TVM_20230605T165116,100,,0.0,0.0425,13.5275,14.74,22.4875,0.0025,0.86,14.7225,33.55,0.0675,0.0,40000,0,0.0,20000.000000000116,19999.99999999907,0.26999592781066895,48.339999999999996,,0.0,0.006600000000000002,-0.05269999999999975,0.2154000000000007,-0.28229999999999933,0.0021,-0.017199999999999993,0.09880000000000067,0.024099999999997124,0.005200000000000003,0.0,0.12809999999999633,0.28229999999999933,20000.0
20706,T30TUM_20000_34,S2B_MSIL2A_20230605T110619_R137_T30TVM_20230605T165116,200,,0.0,0.05,13.7,14.28,22.87,0.0,0.83,14.42,33.79,0.06,0.0,10000,0,0.0,20000.000000000116,19999.99999999907,0.16475939750671387,48.27,,0.0,0.014100000000000001,0.11979999999999968,-0.24460000000000015,0.10020000000000095,-0.0004,-0.04720000000000002,-0.20369999999999955,0.2640999999999991,-0.0023000000000000034,0.0,0.05810000000000315,0.24460000000000015,20000.0
20712,T30TUM_20000_34,S2B_MSIL2A_20230605T110619_R137_T30TVM_20230605T165116,500,,0.0,0.0,13.8125,15.0,22.5625,0.0,1.3125,13.6875,33.5,0.125,0.0,1600,0,0.0,20000.000000000116,19999.99999999907,0.2827894687652588,47.3125,,0.0,-0.0359,0.2323000000000004,0.4754000000000005,-0.20730000000000004,-0.0004,0.4353,-0.9361999999999995,-0.025900000000000034,0.0627,0.0,-0.8994,0.8994,20000.0
20718,T30TUM_20000_34,S2B_MSIL2A_20230605T110619_R137_T30TVM_20230605T165116,1000,,0.0,0.0,13.5,13.75,24.75,0.0,1.25,13.75,33.0,0.0,0.0,400,0,0.0,20000.000000000116,19999.99999999907,0.39639925956726074,46.75,,0.0,-0.0359,-0.0801999999999996,-0.7745999999999995,1.9802,-0.0004,0.3728,-0.8736999999999995,-0.5259,-0.0623,0.0,-1.4619,1.9802,20000.0
20690,T30TUM_20000_34,S2B_MSIL2A_20230615T110629_R137_T30TVM_20230615T203626,20,,0.0,0.0,0.0,26.0082,73.9861,0.0018,0.0039,0.0,0.0,0.0,0.0,1000000,0,0.0,20000.000000000116,19999.99999999907,0.3022940158843994,0.0,,0.0,0.0,0.0,0.0,0.0,0.0,0.0,0.0,0.0,0.0,0.0,0.0,0.0,20000.0
20696,T30TUM_20000_34,S2B_MSIL2A_20230615T110629_R137_T30TVM_20230615T203626,50,,0.0,0.0,0.0,26.051875,73.943125,0.00125,0.00375,0.0,0.0,0.0,0.0,160000,0,0.0,20000.000000000116,19999.99999999907,0.23169589042663574,0.0,,0.0,0.0,0.0,0.04367500000000035,-0.04297499999999843,-0.0005499999999999999,-0.00014999999999999996,0.0,0.0,0.0,0.0,0.0,0.04367500000000035,20000.0
20702,T30TUM_20000_34,S2B_MSIL2A_20230615T110629_R137_T30TVM_20230615T203626,100,,0.0,0.0,0.0,26.125,73.87,0.0,0.005,0.0,0.0,0.0,0.0,40000,0,0.0,20000.000000000116,19999.99999999907,0.26999592781066895,0.0,,0.0,0.0,0.0,0.11680000000000135,-0.11609999999998877,-0.0018,0.0011000000000000003,0.0,0.0,0.0,0.0,0.0,0.11680000000000135,20000.0
20708,T30TUM_20000_34,S2B_MSIL2A_20230615T110629_R137_T30TVM_20230615T203626,200,,0.0,0.0,0.0,25.89,74.1,0.0,0.01,0.0,0.0,0.0,0.0,10000,0,0.0,20000.000000000116,19999.99999999907,0.16475939750671387,0.0,,0.0,0.0,0.0,-0.11819999999999808,0.113900000000001,-0.0018,0.0061,0.0,0.0,0.0,0.0,0.0,0.11819999999999808,20000.0
20714,T30TUM_20000_34,S2B_MSIL2A_20230615T110629_R137_T30TVM_20230615T203626,500,,0.0,0.0,0.0,26.5,73.5,0.0,0.0,0.0,0.0,0.0,0.0,1600,0,0.0,20000.000000000116,19999.99999999907,0.2827894687652588,0.0,,0.0,0.0,0.0,0.49180000000000135,-0.4860999999999933,-0.0018,-0.0039,0.0,0.0,0.0,0.0,0.0,0.49180000000000135,20000.0
20720,T30TUM_20000_34,S2B_MSIL2A_20230615T110629_R137_T30TVM_20230615T203626,1000,,0.0,0.0,0.0,23.75,76.25,0.0,0.0,0.0,0.0,0.0,0.0,400,0,0.0,20000.000000000116,19999.99999999907,0.39639925956726074,0.0,,0.0,0.0,0.0,-2.2581999999999987,2.2639000000000067,-0.0018,-0.0039,0.0,0.0,0.0,0.0,0.0,2.2639000000000067,20000.0
20692,T30TUM_20000_34,S2B_MSIL2A_20230625T110619_R137_T30TVM_20230625T163939,20,,0.0,0.0204,0.5227,15.4328,83.402,0.0005,0.1558,0.3364,0.1168,0.0126,0.0,1000000,0,0.0,20000.000000000116,19999.99999999907,0.3022940158843994,0.4658,,0.0,0.0,0.0,0.0,0.0,0.0,0.0,0.0,0.0,0.0,0.0,0.0,0.0,20000.0
20698,T30TUM_20000_34,S2B_MSIL2A_20230625T110619_R137_T30TVM_20230625T163939,50,,0.0,0.0175,0.519375,15.47375,83.361875,0.000625,0.1575,0.331875,0.120625,0.016875,0.0,160000,0,0.0,20000.000000000116,19999.99999999907,0.23169589042663574,0.469375,,0.0,-0.0029,-0.0033250000000000224,0.040950000000000486,-0.0401250000000033,0.000125,0.001700000000000007,-0.004525000000000001,0.003824999999999995,0.004275000000000001,0.0,0.003574999999999995,0.040950000000000486,20000.0
20704,T30TUM_20000_34,S2B_MSIL2A_20230625T110619_R137_T30TVM_20230625T163939,100,,0.0,0.0175,0.525,15.41,83.41,0.0,0.1625,0.3575,0.105,0.0125,0.0,40000,0,0.0,20000.000000000116,19999.99999999907,0.26999592781066895,0.475,,0.0,-0.0029,0.0022999999999999687,-0.022800000000000153,0.007999999999995566,-0.0005,0.0067000000000000115,0.021100000000000008,-0.011800000000000005,-9.99999999999994e-05,0.0,0.009199999999999986,0.022800000000000153,20000.0
20710,T30TUM_20000_34,S2B_MSIL2A_20230625T110619_R137_T30TVM_20230625T163939,200,,0.0,0.01,0.5,15.79,82.99,0.0,0.23,0.3,0.15,0.03,0.0,10000,0,0.0,20000.000000000116,19999.99999999907,0.16475939750671387,0.48,,0.0,-0.010400000000000001,-0.022700000000000053,0.35719999999999885,-0.41200000000000614,-0.0005,0.07420000000000002,-0.03639999999999999,0.03319999999999999,0.0174,0.0,0.01419999999999999,0.41200000000000614,20000.0
20716,T30TUM_20000_34,S2B_MSIL2A_20230625T110619_R137_T30TVM_20230625T163939,500,,0.0,0.0,0.75,15.375,83.0625,0.0,0.1875,0.5,0.125,0.0,0.0,1600,0,0.0,20000.000000000116,19999.99999999907,0.2827894687652588,0.625,,0.0,-0.0204,0.22729999999999995,-0.057800000000000296,-0.339500000000001,-0.0005,0.031700000000000006,0.16360000000000002,0.008199999999999999,-0.0126,0.0,0.1592,0.339500000000001,20000.0
20722,T30TUM_20000_34,S2B_MSIL2A_20230625T110619_R137_T30TVM_20230625T163939,1000,,0.0,0.0,0.75,14.5,83.5,0.0,0.5,0.5,0.25,0.0,0.0,400,0,0.0,20000.000000000116,19999.99999999907,0.39639925956726074,0.75,,0.0,-0.0204,0.22729999999999995,-0.9328000000000003,0.09799999999999898,-0.0005,0.3442,0.16360000000000002,0.13319999999999999,-0.0126,0.0,0.2842,0.9328000000000003,20000.0
20725,T30TUM_20000_35,S2A_MSIL2A_20230610T110621_R137_T30TVN_20230610T202756,20,,0.0,0.0001,2.8354,1.2713,13.5129,0.0,4.6025,27.5015,49.0392,1.2371,0.0,1000000,0,0.0,20000.000000000116,20000.00000000093,0.40280723571777344,77.7778,,0.0,0.0,0.0,0.0,0.0,0.0,0.0,0.0,0.0,0.0,0.0,0.0,0.0,20000.0
20731,T30TUM_20000_35,S2A_MSIL2A_20230610T110621_R137_T30TVN_20230610T202756,50,,0.0,0.0,2.8225,1.259375,13.526875,0.0,4.5725,27.51375,49.04625,1.25875,0.0,160000,0,0.0,20000.000000000116,20000.00000000093,0.3554713726043701,77.81875000000001,,0.0,-0.0001,-0.012900000000000134,-0.011925000000000185,0.013975000000000293,0.0,-0.03000000000000025,0.012250000000001648,0.007049999999999557,0.021649999999999947,0.0,0.04095000000000937,0.04095000000000937,20000.0
20737,T30TUM_20000_35,S2A_MSIL2A_20230610T110621_R137_T30TVN_20230610T202756,100,,0.0,0.0,2.7775,1.245,13.4675,0.0,4.63,27.525,49.1225,1.2325,0.0,40000,0,0.0,20000.000000000116,20000.00000000093,0.2168726921081543,77.88000000000001,,0.0,-0.0001,-0.05790000000000006,-0.02629999999999999,-0.04540000000000077,0.0,0.027499999999999858,0.023499999999998522,0.08330000000000126,-0.0046000000000001595,0.0,0.1022000000000105,0.1022000000000105,20000.0
20743,T30TUM_20000_35,S2A_MSIL2A_20230610T110621_R137_T30TVN_20230610T202756,200,,0.0,0.0,2.75,1.25,13.15,0.0,4.63,27.4,49.52,1.3,0.0,10000,0,0.0,20000.000000000116,20000.00000000093,0.28242063522338867,78.22,,0.0,-0.0001,-0.08539999999999992,-0.021300000000000097,-0.3628999999999998,0.0,0.027499999999999858,-0.10150000000000148,0.4808000000000021,0.06289999999999996,0.0,0.4421999999999997,0.4421999999999997,20000.0
20749,T30TUM_20000_35,S2A_MSIL2A_20230610T110621_R137_T30TVN_20230610T202756,500,,0.0,0.0,2.5,1.1875,12.125,0.0,5.375,27.625,49.8125,1.375,0.0,1600,0,0.0,20000.000000000116,20000.00000000093,0.20735478401184082,78.8125,,0.0,-0.0001,-0.3353999999999999,-0.0838000000000001,-1.3879000000000001,0.0,0.7725,0.12349999999999994,0.773299999999999,0.1378999999999999,0.0,1.0347000000000008,1.3879000000000001,20000.0
20755,T30TUM_20000_35,S2A_MSIL2A_20230610T110621_R137_T30TVN_20230610T202756,1000,,0.0,0.0,3.25,1.0,12.75,0.0,6.0,27.75,47.75,1.5,0.0,400,0,0.0,20000.000000000116,20000.00000000093,0.29380035400390625,77.0,,0.0,-0.0001,0.4146000000000001,-0.2713000000000001,-0.7629000000000001,0.0,1.3975,0.24849999999999994,-1.289200000000001,0.2628999999999999,0.0,-0.7777999999999992,1.3975,20000.0
20727,T30TUM_20000_35,S2A_MSIL2A_20230620T110621_R137_T30TVN_20230620T202551,20,,0.0,0.0,0.3169,0.1646,2.2364,0.0001,1.0985,24.1527,65.3095,6.7213,0.0,1000000,0,0.0,20000.000000000116,20000.00000000093,0.40280723571777344,96.1835,,0.0,0.0,0.0,0.0,0.0,0.0,0.0,0.0,0.0,0.0,0.0,0.0,0.0,20000.0
20733,T30TUM_20000_35,S2A_MSIL2A_20230620T110621_R137_T30TVN_20230620T202551,50,,0.0,0.0,0.315625,0.16625,2.23,0.0,1.10375,24.110625,65.38875,6.685,0.0,160000,0,0.0,20000.000000000116,20000.00000000093,0.3554713726043701,96.184375,,0.0,0.0,-0.0012750000000000261,0.0016500000000000126,-0.006400000000000183,-0.0001,0.005249999999999977,-0.04207500000000053,0.07925000000000182,-0.036300000000000665,0.0,0.0008750000000077307,0.006400000000000183,20000.0
20739,T30TUM_20000_35,S2A_MSIL2A_20230620T110621_R137_T30TVN_20230620T202551,100,,0.0,0.0,0.31,0.165,2.23,0.0,1.12,23.99,65.555,6.63,0.0,40000,0,0.0,20000.000000000116,20000.00000000093,0.2168726921081543,96.175,,0.0,0.0,-0.006900000000000017,0.00040000000000001146,-0.006400000000000183,-0.0001,0.021500000000000075,-0.16270000000000095,0.24550000000000693,-0.09130000000000038,0.0,-0.008499999999997954,0.021500000000000075,20000.0
20745,T30TUM_20000_35,S2A_MSIL2A_20230620T110621_R137_T30TVN_20230620T202551,200,,0.0,0.0,0.34,0.25,2.13,0.0,1.1,23.91,65.55,6.72,0.0,10000,0,0.0,20000.000000000116,20000.00000000093,0.28242063522338867,96.17999999999999,,0.0,0.0,0.02310000000000001,0.0854,-0.10640000000000027,-0.0001,0.0015000000000000568,-0.24269999999999925,0.24049999999999727,-0.001300000000000523,0.0,-0.003500000000002501,0.10640000000000027,20000.0
20751,T30TUM_20000_35,S2A_MSIL2A_20230620T110621_R137_T30TVN_20230620T202551,500,,0.0,0.0,0.4375,0.125,2.375,0.0,1.0625,24.75,65.125,6.125,0.0,1600,0,0.0,20000.000000000116,20000.00000000093,0.20735478401184082,96.0,,0.0,0.0,0.12059999999999998,-0.039599999999999996,0.13859999999999983,-0.0001,-0.03600000000000003,0.5973000000000006,-0.1844999999999999,-0.5963000000000003,0.0,-0.1834999999999951,0.1834999999999951,20000.0
20757,T30TUM_20000_35,S2A_MSIL2A_20230620T110621_R137_T30TVN_20230620T202551,1000,,0.0,0.0,0.25,0.0,2.5,0.0,1.0,23.75,65.0,7.5,0.0,400,0,0.0,20000.000000000116,20000.00000000093,0.29380035400390625,96.25,,0.0,0.0,-0.06690000000000002,-0.1646,0.26359999999999983,-0.0001,-0.09850000000000003,-0.4026999999999994,-0.3094999999999999,0.7786999999999997,0.0,0.06650000000000489,0.26359999999999983,20000.0
20729,T30TUM_20000_35,S2A_MSIL2A_20230630T110621_R137_T30TVN_20230630T203023,20,,0.0,0.1698,0.8093,10.7314,86.9018,0.0003,0.5895,0.5737,0.2242,0.0,0.0,1000000,0,0.0,20000.000000000116,20000.00000000093,0.40280723571777344,0.7979,,0.0,0.0,0.0,0.0,0.0,0.0,0.0,0.0,0.0,0.0,0.0,0.0,0.0,20000.0
20735,T30TUM_20000_35,S2A_MSIL2A_20230630T110621_R137_T30TVN_20230630T203023,50,,0.0,0.169375,0.803125,10.760625,86.870625,0.000625,0.595,0.575,0.225625,0.0,0.0,160000,0,0.0,20000.000000000116,20000.00000000093,0.3554713726043701,0.8006249999999999,,0.0,-0.0004250000000000087,-0.006175000000000042,0.029224999999998502,-0.031174999999990405,0.00032500000000000004,0.005499999999999949,0.0012999999999999678,0.0014249999999999818,0.0,0.0,0.0027249999999998664,0.031174999999990405,20000.0
20741,T30TUM_20000_35,S2A_MSIL2A_20230630T110621_R137_T30TVN_20230630T203023,100,,0.0,0.1825,0.8075,10.6975,86.9275,0.0,0.6,0.545,0.24,0.0,0.0,40000,0,0.0,20000.000000000116,20000.00000000093,0.2168726921081543,0.785,,0.0,0.012699999999999989,-0.0018000000000000238,-0.03390000000000093,0.0257000000000005,-0.0003,0.010499999999999954,-0.028699999999999948,0.01579999999999998,0.0,0.0,-0.012900000000000023,0.03390000000000093,20000.0
20747,T30TUM_20000_35,S2A_MSIL2A_20230630T110621_R137_T30TVN_20230630T203023,200,,0.0,0.15,0.84,10.62,86.83,0.0,0.65,0.75,0.16,0.0,0.0,10000,0,0.0,20000.000000000116,20000.00000000093,0.28242063522338867,0.91,,0.0,-0.019800000000000012,0.03069999999999995,-0.1114000000000015,-0.07179999999999609,-0.0003,0.0605,0.1763,-0.06420000000000001,0.0,0.0,0.11209999999999998,0.11209999999999998,20000.0
20753,T30TUM_20000_35,S2A_MSIL2A_20230630T110621_R137_T30TVN_20230630T203023,500,,0.0,0.25,1.0625,11.375,85.5625,0.0,0.8125,0.625,0.3125,0.0,0.0,1600,0,0.0,20000.000000000116,20000.00000000093,0.20735478401184082,0.9375,,0.0,0.0802,0.2532,0.6435999999999993,-1.3392999999999944,-0.0003,0.22299999999999998,0.05130000000000001,0.08829999999999999,0.0,0.0,0.13959999999999995,1.3392999999999944,20000.0
20759,T30TUM_20000_35,S2A_MSIL2A_20230630T110621_R137_T30TVN_20230630T203023,1000,,0.0,0.0,0.5,11.25,86.75,0.0,0.25,1.0,0.25,0.0,0.0,400,0,0.0,20000.000000000116,20000.00000000093,0.29380035400390625,1.25,,0.0,-0.1698,-0.3093,0.5185999999999993,-0.15179999999999438,-0.0003,-0.3395,0.4263,0.02579999999999999,0.0,0.0,0.45209999999999995,0.5185999999999993,20000.0
20724,T30TUM_20000_35,S2B_MSIL2A_20230605T110619_R137_T30TVN_20230605T163054,20,,0.0,0.0279,8.0834,16.3739,50.0302,0.0001,1.2362,11.2113,8.6516,4.3854,0.0,1000000,0,0.0,20000.000000000116,20000.00000000093,0.40280723571777344,24.2483,,0.0,0.0,0.0,0.0,0.0,0.0,0.0,0.0,0.0,0.0,0.0,0.0,0.0,20000.0
20730,T30TUM_20000_35,S2B_MSIL2A_20230605T110619_R137_T30TVN_20230605T163054,50,,0.0,0.030625,8.09375,16.30375,50.1175,0.0,1.213125,11.226875,8.6575,4.356875,0.0,160000,0,0.0,20000.000000000116,20000.00000000093,0.3554713726043701,24.241249999999997,,0.0,0.0027249999999999983,0.010350000000000747,-0.07014999999999816,0.08729999999999905,-0.0001,-0.023074999999999957,0.015575000000000117,0.00590000000000046,-0.028525000000000134,0.0,-0.007050000000003109,0.08729999999999905,20000.0
20736,T30TUM_20000_35,S2B_MSIL2A_20230605T110619_R137_T30TVN_20230605T163054,100,,0.0,0.025,8.18,16.2375,50.0725,0.0,1.245,11.26,8.7075,4.2725,0.0,40000,0,0.0,20000.000000000116,20000.00000000093,0.2168726921081543,24.240000000000002,,0.0,-0.0029,0.09660000000000046,-0.1363999999999983,0.04229999999999734,-0.0001,0.008800000000000141,0.04870000000000019,0.055899999999999395,-0.11289999999999978,0.0,-0.00829999999999842,0.1363999999999983,20000.0
20742,T30TUM_20000_35,S2B_MSIL2A_20230605T110619_R137_T30TVN_20230605T163054,200,,0.0,0.04,8.24,16.5,49.7,0.0,1.24,11.2,8.75,4.33,0.0,10000,0,0.0,20000.000000000116,20000.00000000093,0.28242063522338867,24.28,,0.0,0.0121,0.15660000000000096,0.126100000000001,-0.33019999999999783,-0.0001,0.0038000000000000256,-0.01130000000000031,0.09839999999999982,-0.05539999999999967,0.0,0.03170000000000073,0.33019999999999783,20000.0
20748,T30TUM_20000_35,S2B_MSIL2A_20230605T110619_R137_T30TVN_20230605T163054,500,,0.0,0.0,7.875,17.0,49.8125,0.0,1.3125,9.75,9.8125,4.4375,0.0,1600,0,0.0,20000.000000000116,20000.00000000093,0.20735478401184082,24.0,,0.0,-0.0279,-0.20839999999999925,0.626100000000001,-0.21770000000000067,-0.0001,0.07630000000000003,-1.4612999999999996,1.1608999999999998,0.05210000000000026,0.0,-0.2483000000000004,0.626100000000001,20000.0
20754,T30TUM_20000_35,S2B_MSIL2A_20230605T110619_R137_T30TVN_20230605T163054,1000,,0.0,0.25,7.0,16.0,51.25,0.0,1.75,11.25,9.25,3.25,0.0,400,0,0.0,20000.000000000116,20000.00000000093,0.29380035400390625,23.75,,0.0,0.2221,-1.0833999999999993,-0.373899999999999,1.2197999999999993,-0.0001,0.5138,0.0387000000000004,0.5983999999999998,-1.1353999999999997,0.0,-0.4983000000000004,1.2197999999999993,20000.0
20726,T30TUM_20000_35,S2B_MSIL2A_20230615T110629_R137_T30TVN_20230615T203624,20,,0.0,0.0011,0.0,17.0709,82.8821,0.0022,0.0202,0.0,0.0,0.0235,0.0,1000000,0,0.0,20000.000000000116,20000.00000000093,0.40280723571777344,0.0235,,0.0,0.0,0.0,0.0,0.0,0.0,0.0,0.0,0.0,0.0,0.0,0.0,0.0,20000.0
20732,T30TUM_20000_35,S2B_MSIL2A_20230615T110629_R137_T30TVN_20230615T203624,50,,0.0,0.00125,0.0,17.0875,82.865,0.003125,0.0225,0.0,0.0,0.020625,0.0,160000,0,0.0,20000.000000000116,20000.00000000093,0.3554713726043701,0.020625,,0.0,0.00014999999999999996,0.0,0.01659999999999684,-0.017099999999999227,0.000925,0.0023,0.0,0.0,-0.002874999999999999,0.0,-0.002874999999999999,0.017099999999999227,20000.0
20738,T30TUM_20000_35,S2B_MSIL2A_20230615T110629_R137_T30TVN_20230615T203624,100,,0.0,0.0025,0.0,17.1275,82.82,0.0075,0.0225,0.0,0.0,0.02,0.0,40000,0,0.0,20000.000000000116,20000.00000000093,0.2168726921081543,0.02,,0.0,0.0014,0.0,0.05659999999999954,-0.06210000000000093,0.005299999999999999,0.0023,0.0,0.0,-0.0034999999999999996,0.0,-0.0034999999999999996,0.06210000000000093,20000.0
20744,T30TUM_20000_35,S2B_MSIL2A_20230615T110629_R137_T30TVN_20230615T203624,200,,0.0,0.0,0.0,17.39,82.54,0.0,0.04,0.0,0.0,0.03,0.0,10000,0,0.0,20000.000000000116,20000.00000000093,0.28242063522338867,0.03,,0.0,-0.0011,0.0,0.31909999999999883,-0.34209999999998786,-0.0022,0.0198,0.0,0.0,0.006499999999999999,0.0,0.006499999999999999,0.34209999999998786,20000.0
20750,T30TUM_20000_35,S2B_MSIL2A_20230615T110629_R137_T30TVN_20230615T203624,500,,0.0,0.0,0.0,17.8125,82.0625,0.0,0.0625,0.0,0.0,0.0625,0.0,1600,0,0.0,20000.000000000116,20000.00000000093,0.20735478401184082,0.0625,,0.0,-0.0011,0.0,0.7415999999999983,-0.8195999999999941,-0.0022,0.042300000000000004,0.0,0.0,0.039,0.0,0.039,0.8195999999999941,20000.0
20756,T30TUM_20000_35,S2B_MSIL2A_20230615T110629_R137_T30TVN_20230615T203624,1000,,0.0,0.0,0.0,15.25,84.75,0.0,0.0,0.0,0.0,0.0,0.0,400,0,0.0,20000.000000000116,20000.00000000093,0.29380035400390625,0.0,,0.0,-0.0011,0.0,-1.8209000000000017,1.867900000000006,-0.0022,-0.0202,0.0,0.0,-0.0235,0.0,-0.0235,1.867900000000006,20000.0
20728,T30TUM_20000_35,S2B_MSIL2A_20230625T110619_R137_T30TVN_20230625T163003,20,,0.0,0.0,0.0,12.3978,87.5886,0.0,0.0136,0.0,0.0,0.0,0.0,1000000,0,0.0,20000.000000000116,20000.00000000093,0.40280723571777344,0.0,,0.0,0.0,0.0,0.0,0.0,0.0,0.0,0.0,0.0,0.0,0.0,0.0,0.0,20000.0
20734,T30TUM_20000_35,S2B_MSIL2A_20230625T110619_R137_T30TVN_20230625T163003,50,,0.0,0.0,0.0,12.395,87.5925,0.0,0.0125,0.0,0.0,0.0,0.0,160000,0,0.0,20000.000000000116,20000.00000000093,0.3554713726043701,0.0,,0.0,0.0,0.0,-0.00280000000000058,0.003900000000001569,0.0,-0.0010999999999999985,0.0,0.0,0.0,0.0,0.0,0.003900000000001569,20000.0
20740,T30TUM_20000_35,S2B_MSIL2A_20230625T110619_R137_T30TVN_20230625T163003,100,,0.0,0.0,0.0,12.3725,87.605,0.0,0.0225,0.0,0.0,0.0,0.0,40000,0,0.0,20000.000000000116,20000.00000000093,0.2168726921081543,0.0,,0.0,0.0,0.0,-0.025299999999999656,0.01640000000000441,0.0,0.0089,0.0,0.0,0.0,0.0,0.0,0.025299999999999656,20000.0
20746,T30TUM_20000_35,S2B_MSIL2A_20230625T110619_R137_T30TVN_20230625T163003,200,,0.0,0.0,0.0,12.43,87.55,0.0,0.02,0.0,0.0,0.0,0.0,10000,0,0.0,20000.000000000116,20000.00000000093,0.28242063522338867,0.0,,0.0,0.0,0.0,0.03219999999999956,-0.03860000000000241,0.0,0.006400000000000001,0.0,0.0,0.0,0.0,0.0,0.03860000000000241,20000.0
20752,T30TUM_20000_35,S2B_MSIL2A_20230625T110619_R137_T30TVN_20230625T163003,500,,0.0,0.0,0.0,13.8125,86.1875,0.0,0.0,0.0,0.0,0.0,0.0,1600,0,0.0,20000.000000000116,20000.00000000093,0.20735478401184082,0.0,,0.0,0.0,0.0,1.4146999999999998,-1.4010999999999996,0.0,-0.0136,0.0,0.0,0.0,0.0,0.0,1.4146999999999998,20000.0
20758,T30TUM_20000_35,S2B_MSIL2A_20230625T110619_R137_T30TVN_20230625T163003,1000,,0.0,0.0,0.0,11.75,88.25,0.0,0.0,0.0,0.0,0.0,0.0,400,0,0.0,20000.000000000116,20000.00000000093,0.29380035400390625,0.0,,0.0,0.0,0.0,-0.6478000000000002,0.6614000000000004,0.0,-0.0136,0.0,0.0,0.0,0.0,0.0,0.6614000000000004,20000.0
19609,T30TUM_20000_4,S2A_MSIL2A_20230610T110621_R137_T30TUM_20230610T202756,20,,0.0,0.0066,10.7538,5.5439,40.5222,0.0,0.5175,15.5973,18.3595,8.6992,0.0,1000000,0,0.0,20000.0,20000.0,0.6726412773132324,42.656,,0.0,0.0,0.0,0.0,0.0,0.0,0.0,0.0,0.0,0.0,0.0,0.0,0.0,20000.0
19615,T30TUM_20000_4,S2A_MSIL2A_20230610T110621_R137_T30TUM_20230610T202756,50,,0.0,0.00625,10.721875,5.496875,40.59375,0.0,0.52125,15.58375,18.40125,8.675,0.0,160000,0,0.0,20000.0,20000.0,0.18624186515808105,42.66,,0.0,-0.0003499999999999996,-0.031924999999999315,-0.04702499999999965,0.071550000000002,0.0,0.003750000000000031,-0.013550000000000395,0.0417500000000004,-0.024199999999998667,0.0,0.003999999999997783,0.071550000000002,20000.0
19621,T30TUM_20000_4,S2A_MSIL2A_20230610T110621_R137_T30TUM_20230610T202756,100,,0.0,0.0075,10.7475,5.4575,40.66,0.0,0.525,15.4325,18.4925,8.6775,0.0,40000,0,0.0,20000.0,20000.0,0.16832709312438965,42.6025,,0.0,0.0008999999999999998,-0.006299999999999528,-0.08640000000000025,0.1377999999999986,0.0,0.007500000000000062,-0.1648000000000014,0.13299999999999912,-0.021699999999999164,0.0,-0.05349999999999966,0.1377999999999986,20000.0
19627,T30TUM_20000_4,S2A_MSIL2A_20230610T110621_R137_T30TUM_20230610T202756,200,,0.0,0.01,10.82,5.59,40.33,0.0,0.48,15.45,18.65,8.67,0.0,10000,0,0.0,20000.0,20000.0,0.1634509563446045,42.769999999999996,,0.0,0.0034000000000000002,0.06620000000000026,0.04610000000000003,-0.1921999999999997,0.0,-0.03749999999999998,-0.14730000000000132,0.290499999999998,-0.02919999999999945,0.0,0.11399999999999721,0.1921999999999997,20000.0
19633,T30TUM_20000_4,S2A_MSIL2A_20230610T110621_R137_T30TUM_20230610T202756,500,,0.0,0.0,10.1875,5.5625,40.75,0.0,0.5,16.9375,17.625,8.4375,0.0,1600,0,0.0,20000.0,20000.0,0.575629711151123,43.0,,0.0,-0.0066,-0.5663,0.018600000000000172,0.227800000000002,0.0,-0.01749999999999996,1.3401999999999994,-0.7345000000000006,-0.2616999999999994,0.0,0.3440000000000012,0.5663,20000.0
19639,T30TUM_20000_4,S2A_MSIL2A_20230610T110621_R137_T30TUM_20230610T202756,1000,,0.0,0.0,9.5,5.75,39.5,0.0,0.0,16.0,20.25,9.0,0.0,400,0,0.0,20000.0,20000.0,0.2664988040924072,45.25,,0.0,-0.0066,-1.2538,0.20610000000000017,-1.022199999999998,0.0,-0.5175,0.4026999999999994,1.8904999999999994,0.3008000000000006,0.0,2.594000000000001,2.594000000000001,20000.0
19611,T30TUM_20000_4,S2A_MSIL2A_20230620T110621_R137_T30TUM_20230620T202552,20,,0.0,0.0044,0.3903,0.6129,8.5733,0.0001,0.8248,20.4123,40.894,28.2879,0.0,1000000,0,0.0,20000.0,20000.0,0.6726412773132324,89.5942,,0.0,0.0,0.0,0.0,0.0,0.0,0.0,0.0,0.0,0.0,0.0,0.0,0.0,20000.0
19617,T30TUM_20000_4,S2A_MSIL2A_20230620T110621_R137_T30TUM_20230620T202552,50,,0.0,0.00375,0.39,0.60125,8.561875,0.0,0.835625,20.401875,40.875625,28.33,0.0,160000,0,0.0,20000.0,20000.0,0.18624186515808105,89.6075,,0.0,-0.0006500000000000004,-0.00029999999999996696,-0.01165000000000005,-0.01142499999999913,-0.0001,0.010824999999999974,-0.010424999999997908,-0.01837499999999892,0.042099999999997806,0.0,0.013300000000000978,0.013300000000000978,20000.0
19623,T30TUM_20000_4,S2A_MSIL2A_20230620T110621_R137_T30TUM_20230620T202552,100,,0.0,0.005,0.3925,0.575,8.575,0.0,0.865,20.42,40.7625,28.405,0.0,40000,0,0.0,20000.0,20000.0,0.16832709312438965,89.5875,,0.0,0.0005999999999999998,0.0022000000000000353,-0.037900000000000045,0.0016999999999995907,-0.0001,0.040200000000000014,0.007700000000003371,-0.1314999999999955,0.11710000000000065,0.0,-0.006699999999995043,0.040200000000000014,20000.0
19629,T30TUM_20000_4,S2A_MSIL2A_20230620T110621_R137_T30TUM_20230620T202552,200,,0.0,0.0,0.37,0.54,8.24,0.0,0.98,20.75,41.01,28.11,0.0,10000,0,0.0,20000.0,20000.0,0.1634509563446045,89.87,,0.0,-0.0044,-0.020299999999999985,-0.07289999999999996,-0.3332999999999995,-0.0001,0.1552,0.33770000000000167,0.11599999999999966,-0.17790000000000106,0.0,0.2758000000000038,0.3332999999999995,20000.0
19635,T30TUM_20000_4,S2A_MSIL2A_20230620T110621_R137_T30TUM_20230620T202552,500,,0.0,0.0,0.1875,0.4375,8.0625,0.0,1.125,20.0,41.8125,28.375,0.0,1600,0,0.0,20000.0,20000.0,0.575629711151123,90.1875,,0.0,-0.0044,-0.20279999999999998,-0.1754,-0.5107999999999997,-0.0001,0.3002,-0.41229999999999833,0.9185000000000016,0.08709999999999951,0.0,0.5932999999999993,0.5932999999999993,20000.0
19641,T30TUM_20000_4,S2A_MSIL2A_20230620T110621_R137_T30TUM_20230620T202552,1000,,0.0,0.0,0.5,0.25,7.75,0.0,1.25,20.0,40.25,30.0,0.0,400,0,0.0,20000.0,20000.0,0.2664988040924072,90.25,,0.0,-0.0044,0.10970000000000002,-0.3629,-0.8232999999999997,-0.0001,0.4252,-0.41229999999999833,-0.6439999999999984,1.7120999999999995,0.0,0.6557999999999993,0.8232999999999997,20000.0
19613,T30TUM_20000_4,S2A_MSIL2A_20230630T110621_R137_T30TUM_20230630T203024,20,,0.0,0.0008,0.0,17.0213,82.9313,0.0382,0.0077,0.0,0.0,0.0007,0.0,1000000,0,0.0,20000.0,20000.0,0.6726412773132324,0.0007,,0.0,0.0,0.0,0.0,0.0,0.0,0.0,0.0,0.0,0.0,0.0,0.0,0.0,20000.0
19619,T30TUM_20000_4,S2A_MSIL2A_20230630T110621_R137_T30TUM_20230630T203024,50,,0.0,0.00125,0.0,17.00625,82.946875,0.038125,0.00625,0.0,0.0,0.00125,0.0,160000,0,0.0,20000.0,20000.0,0.18624186515808105,0.00125,,0.0,0.00045,0.0,-0.015049999999998676,0.015575000000012551,-7.499999999999868e-05,-0.00145,0.0,0.0,0.00055,0.0,0.00055,0.015575000000012551,20000.0
19625,T30TUM_20000_4,S2A_MSIL2A_20230630T110621_R137_T30TUM_20230630T203024,100,,0.0,0.0025,0.0,16.9875,82.96,0.04,0.01,0.0,0.0,0.0,0.0,40000,0,0.0,20000.0,20000.0,0.16832709312438965,0.0,,0.0,0.0017000000000000001,0.0,-0.033799999999999386,0.028700000000000614,0.001800000000000003,0.0023,0.0,0.0,-0.0007,0.0,-0.0007,0.033799999999999386,20000.0
19631,T30TUM_20000_4,S2A_MSIL2A_20230630T110621_R137_T30TUM_20230630T203024,200,,0.0,0.0,0.0,16.93,83.02,0.03,0.01,0.0,0.0,0.01,0.0,10000,0,0.0,20000.0,20000.0,0.1634509563446045,0.01,,0.0,-0.0008,0.0,-0.09130000000000038,0.08870000000000289,-0.008199999999999999,0.0023,0.0,0.0,0.009300000000000001,0.0,0.009300000000000001,0.09130000000000038,20000.0
19637,T30TUM_20000_4,S2A_MSIL2A_20230630T110621_R137_T30TUM_20230630T203024,500,,0.0,0.0,0.0,18.0625,81.8125,0.125,0.0,0.0,0.0,0.0,0.0,1600,0,0.0,20000.0,20000.0,0.575629711151123,0.0,,0.0,-0.0008,0.0,1.0412,-1.1187999999999931,0.0868,-0.0077,0.0,0.0,-0.0007,0.0,-0.0007,1.1187999999999931,20000.0
19643,T30TUM_20000_4,S2A_MSIL2A_20230630T110621_R137_T30TUM_20230630T203024,1000,,0.0,0.0,0.0,16.75,83.0,0.0,0.0,0.0,0.0,0.25,0.0,400,0,0.0,20000.0,20000.0,0.2664988040924072,0.25,,0.0,-0.0008,0.0,-0.2713000000000001,0.06870000000000687,-0.0382,-0.0077,0.0,0.0,0.2493,0.0,0.2493,0.2713000000000001,20000.0
19608,T30TUM_20000_4,S2B_MSIL2A_20230605T110619_R137_T30TUM_20230605T163049,20,,0.0,0.0035,1.1096,4.2272,25.0061,0.0233,0.0993,4.5682,2.3519,62.6109,0.0,1000000,0,0.0,20000.0,20000.0,0.6726412773132324,69.531,,0.0,0.0,0.0,0.0,0.0,0.0,0.0,0.0,0.0,0.0,0.0,0.0,0.0,20000.0
19614,T30TUM_20000_4,S2B_MSIL2A_20230605T110619_R137_T30TUM_20230605T163049,50,,0.0,0.004375,1.109375,4.209375,24.99625,0.02375,0.093125,4.548125,2.35125,62.664375,0.0,160000,0,0.0,20000.0,20000.0,0.18624186515808105,69.56375,,0.0,0.0008750000000000003,-0.0002249999999999197,-0.017825000000000202,-0.009850000000000136,0.000449999999999999,-0.006175,-0.020075000000000287,-0.0006500000000002615,0.05347499999999883,0.0,0.03274999999999295,0.03274999999999295,20000.0
19620,T30TUM_20000_4,S2B_MSIL2A_20230605T110619_R137_T30TUM_20230605T163049,100,,0.0,0.0025,1.125,4.23,24.8475,0.0225,0.1025,4.59,2.3175,62.7625,0.0,40000,0,0.0,20000.0,20000.0,0.16832709312438965,69.67,,0.0,-0.001,0.01540000000000008,0.00280000000000058,-0.15859999999999985,-0.0008000000000000021,0.0031999999999999945,0.02179999999999982,-0.03440000000000021,0.15160000000000196,0.0,0.1389999999999958,0.15859999999999985,20000.0
19626,T30TUM_20000_4,S2B_MSIL2A_20230605T110619_R137_T30TUM_20230605T163049,200,,0.0,0.0,1.11,4.12,25.48,0.02,0.09,4.55,2.33,62.3,0.0,10000,0,0.0,20000.0,20000.0,0.1634509563446045,69.17999999999999,,0.0,-0.0035,0.000400000000000178,-0.10719999999999974,0.47390000000000043,-0.003300000000000001,-0.009300000000000003,-0.018200000000000216,-0.02190000000000003,-0.31090000000000373,0.0,-0.3510000000000133,0.47390000000000043,20000.0
19632,T30TUM_20000_4,S2B_MSIL2A_20230605T110619_R137_T30TUM_20230605T163049,500,,0.0,0.0,1.25,4.8125,25.5,0.0625,0.0625,4.125,2.6875,61.5,0.0,1600,0,0.0,20000.0,20000.0,0.575629711151123,68.3125,,0.0,-0.0035,0.14040000000000008,0.5853000000000002,0.4939,0.0392,-0.0368,-0.44320000000000004,0.3355999999999999,-1.1109000000000009,0.0,-1.218500000000006,1.218500000000006,20000.0
19638,T30TUM_20000_4,S2B_MSIL2A_20230605T110619_R137_T30TUM_20230605T163049,1000,,0.0,0.0,1.0,4.5,26.0,0.0,0.25,4.25,2.0,62.0,0.0,400,0,0.0,20000.0,20000.0,0.2664988040924072,68.25,,0.0,-0.0035,-0.10959999999999992,0.27280000000000015,0.9939,-0.0233,0.1507,-0.31820000000000004,-0.3519000000000001,-0.6109000000000009,0.0,-1.281000000000006,1.281000000000006,20000.0
19610,T30TUM_20000_4,S2B_MSIL2A_20230615T110629_R137_T30TUM_20230615T205813,20,,0.0,0.0085,0.4944,15.6235,83.4548,0.0283,0.125,0.2347,0.03,0.0008,0.0,1000000,0,0.0,20000.0,20000.0,0.6726412773132324,0.2655,,0.0,0.0,0.0,0.0,0.0,0.0,0.0,0.0,0.0,0.0,0.0,0.0,0.0,20000.0
19616,T30TUM_20000_4,S2B_MSIL2A_20230615T110629_R137_T30TUM_20230615T205813,50,,0.0,0.009375,0.488125,15.569375,83.5075,0.031875,0.124375,0.24125,0.028125,0.0,0.0,160000,0,0.0,20000.0,20000.0,0.18624186515808105,0.269375,,0.0,0.000874999999999999,-0.0062750000000000306,-0.05412499999999909,0.05269999999998731,0.003575000000000002,-0.0006250000000000006,0.00655,-0.0018749999999999982,-0.0008,0.0,0.003874999999999962,0.05412499999999909,20000.0
19622,T30TUM_20000_4,S2B_MSIL2A_20230615T110629_R137_T30TUM_20230615T205813,100,,0.0,0.01,0.4775,15.545,83.5525,0.03,0.1025,0.265,0.0175,0.0,0.0,40000,0,0.0,20000.0,20000.0,0.16832709312438965,0.28250000000000003,,0.0,0.0014999999999999996,-0.016900000000000026,-0.07850000000000001,0.09769999999998902,0.0017000000000000001,-0.022500000000000006,0.03030000000000002,-0.012499999999999997,-0.0008,0.0,0.017000000000000015,0.09769999999998902,20000.0
19628,T30TUM_20000_4,S2B_MSIL2A_20230615T110629_R137_T30TUM_20230615T205813,200,,0.0,0.01,0.51,15.77,83.28,0.01,0.14,0.25,0.03,0.0,0.0,10000,0,0.0,20000.0,20000.0,0.1634509563446045,0.28,,0.0,0.0014999999999999996,0.015600000000000003,0.14649999999999963,-0.17480000000000473,-0.018299999999999997,0.015000000000000013,0.015300000000000008,0.0,-0.0008,0.0,0.014500000000000013,0.17480000000000473,20000.0
19634,T30TUM_20000_4,S2B_MSIL2A_20230615T110629_R137_T30TUM_20230615T205813,500,,0.0,0.0,0.625,16.625,82.375,0.125,0.0625,0.125,0.0625,0.0,0.0,1600,0,0.0,20000.0,20000.0,0.575629711151123,0.1875,,0.0,-0.0085,0.1306,1.0015,-1.0798000000000059,0.09670000000000001,-0.0625,-0.10969999999999999,0.0325,-0.0008,0.0,-0.07800000000000001,1.0798000000000059,20000.0
19640,T30TUM_20000_4,S2B_MSIL2A_20230615T110629_R137_T30TUM_20230615T205813,1000,,0.0,0.0,0.5,17.75,81.75,0.0,0.0,0.0,0.0,0.0,0.0,400,0,0.0,20000.0,20000.0,0.2664988040924072,0.0,,0.0,-0.0085,0.005599999999999994,2.1265,-1.7048000000000059,-0.0283,-0.125,-0.2347,-0.03,-0.0008,0.0,-0.2655,2.1265,20000.0
19612,T30TUM_20000_4,S2B_MSIL2A_20230625T110619_R137_T30TUM_20230625T164707,20,,0.0,0.0,0.1737003474006948,16.03483206966414,83.57076714153429,0.0088000176000352,0.0744001488002976,0.0976001952003904,0.0374000748001496,0.00250000500001,0.0,1000000,2,0.0002,20000.0,20000.0,0.6726412773132324,0.13750027500054998,,0.0,0.0,0.0,0.0,0.0,0.0,0.0,0.0,0.0,0.0,0.0,0.0,0.0,20000.0
19618,T30TUM_20000_4,S2B_MSIL2A_20230625T110619_R137_T30TUM_20230625T164707,50,,0.0,0.0,0.17312608203801275,16.016350102188138,83.58489740560879,0.009375058594116213,0.07625047656547854,0.09750060937880861,0.03937524609528809,0.003125019531372071,0.0,160000,1,0.000625,20000.0,20000.0,0.18624186515808105,0.14000087500546876,,0.0,0.0,-0.0005742653626820415,-0.018481967476002836,0.014130264074495358,0.0005750409940810126,0.0018503277651809313,-9.958582158178797e-05,0.0019751712951384948,0.0006250145313620712,0.0,0.0025006000049187793,0.018481967476002836,20000.0
19624,T30TUM_20000_4,S2B_MSIL2A_20230625T110619_R137_T30TUM_20230625T164707,100,,0.0,0.0,0.175,16.055,83.5425,0.0075,0.0775,0.095,0.045,0.0025,0.0,40000,0,0.0,20000.0,20000.0,0.16832709312438965,0.14250000000000002,,0.0,0.0,0.001299652599305201,0.02016793033585884,-0.02826714153428611,-0.0013000176000352009,0.003099851199702394,-0.0026001952003903983,0.0075999251998504005,-5.000009999783783e-09,0.0,0.004999724999450034,0.02826714153428611,20000.0
19630,T30TUM_20000_4,S2B_MSIL2A_20230625T110619_R137_T30TUM_20230625T164707,200,,0.0,0.0,0.15,16.01,83.63,0.02,0.09,0.05,0.05,0.0,0.0,10000,0,0.0,20000.0,20000.0,0.1634509563446045,0.1,,0.0,0.0,-0.023700347400694793,-0.02483206966413931,0.05923285846570536,0.0111999823999648,0.015599851199702391,-0.0476001952003904,0.012599925199850405,-0.00250000500001,0.0,-0.037500275000549976,0.05923285846570536,20000.0
19636,T30TUM_20000_4,S2B_MSIL2A_20230625T110619_R137_T30TUM_20230625T164707,500,,0.0,0.0,0.1875,17.3125,82.3125,0.0,0.0625,0.0625,0.0625,0.0,0.0,1600,0,0.0,20000.0,20000.0,0.575629711151123,0.125,,0.0,0.0,0.013799652599305212,1.2776679303358591,-1.25826714153429,-0.0088000176000352,-0.011900148800297605,-0.0351001952003904,0.025099925199850402,-0.00250000500001,0.0,-0.012500275000549982,1.2776679303358591,20000.0
19642,T30TUM_20000_4,S2B_MSIL2A_20230625T110619_R137_T30TUM_20230625T164707,1000,,0.0,0.0,0.0,16.0,83.75,0.0,0.0,0.0,0.25,0.0,0.0,400,0,0.0,20000.0,20000.0,0.2664988040924072,0.25,,0.0,0.0,-0.1737003474006948,-0.034832069664140874,0.1792328584657099,-0.0088000176000352,-0.0744001488002976,-0.0976001952003904,0.2125999251998504,-0.00250000500001,0.0,0.11249972499945002,0.1792328584657099,20000.0
19645,T30TUM_20000_5,S2A_MSIL2A_20230610T110621_R137_T30TUN_20230610T203048,20,,0.0,0.0002,8.0797,4.797,26.1961,0.0003,2.1651,22.886,26.1941,9.6815,0.0,1000000,0,0.0,20000.000000000175,20000.0,0.6568467617034912,58.7616,,0.0,0.0,0.0,0.0,0.0,0.0,0.0,0.0,0.0,0.0,0.0,0.0,0.0,20000.0
19651,T30TUM_20000_5,S2A_MSIL2A_20230610T110621_R137_T30TUN_20230610T203048,50,,0.0,0.000625,8.09,4.81375,26.25375,0.0,2.12625,22.88625,26.146875,9.6825,0.0,160000,0,0.0,20000.000000000175,20000.0,0.27653002738952637,58.715624999999996,,0.0,0.00042500000000000003,0.010299999999999088,0.016750000000000043,0.05764999999999887,-0.0003,-0.03884999999999961,0.0002500000000011937,-0.04722499999999741,0.0009999999999994458,0.0,-0.04597500000000565,0.05764999999999887,20000.0
19657,T30TUM_20000_5,S2A_MSIL2A_20230610T110621_R137_T30TUN_20230610T203048,100,,0.0,0.0,8.25,4.7825,26.3275,0.0,2.0925,22.79,26.025,9.7325,0.0,40000,0,0.0,20000.000000000175,20000.0,0.24362850189208984,58.5475,,0.0,-0.0002,0.17029999999999923,-0.014499999999999957,0.1313999999999993,-0.0003,-0.0726,-0.09600000000000009,-0.16910000000000025,0.051000000000000156,0.0,-0.21410000000000196,0.21410000000000196,20000.0
19663,T30TUM_20000_5,S2A_MSIL2A_20230610T110621_R137_T30TUN_20230610T203048,200,,0.0,0.0,8.0,4.8,26.59,0.0,2.11,23.06,25.78,9.66,0.0,10000,0,0.0,20000.000000000175,20000.0,0.24610161781311035,58.5,,0.0,-0.0002,-0.07970000000000077,0.0030000000000001137,0.3938999999999986,-0.0003,-0.05509999999999993,0.1739999999999995,-0.4140999999999977,-0.02149999999999963,0.0,-0.2616000000000014,0.3938999999999986,20000.0
19669,T30TUM_20000_5,S2A_MSIL2A_20230610T110621_R137_T30TUN_20230610T203048,500,,0.0,0.0,8.4375,4.9375,25.4375,0.0,2.1875,23.5,25.5625,9.9375,0.0,1600,0,0.0,20000.000000000175,20000.0,0.1581723690032959,59.0,,0.0,-0.0002,0.35779999999999923,0.1405000000000003,-0.7586000000000013,-0.0003,0.022400000000000198,0.6140000000000008,-0.6315999999999988,0.2560000000000002,0.0,0.2383999999999986,0.7586000000000013,20000.0
19675,T30TUM_20000_5,S2A_MSIL2A_20230610T110621_R137_T30TUN_20230610T203048,1000,,0.0,0.0,8.0,3.75,25.75,0.0,2.25,25.0,26.75,8.5,0.0,400,0,0.0,20000.000000000175,20000.0,0.2862560749053955,60.25,,0.0,-0.0002,-0.07970000000000077,-1.0469999999999997,-0.4461000000000013,-0.0003,0.0849000000000002,2.1140000000000008,0.5559000000000012,-1.1814999999999998,0.0,1.4883999999999986,1.4883999999999986,20000.0
19647,T30TUM_20000_5,S2A_MSIL2A_20230620T110621_R137_T30TUN_20230620T202556,20,,0.0,0.0007,7.0821,13.3452,32.0901,0.0109,2.8651,17.6634,20.5266,6.4159,0.0,1000000,0,0.0,20000.000000000175,20000.0,0.6568467617034912,44.6059,,0.0,0.0,0.0,0.0,0.0,0.0,0.0,0.0,0.0,0.0,0.0,0.0,0.0,20000.0
19653,T30TUM_20000_5,S2A_MSIL2A_20230620T110621_R137_T30TUN_20230620T202556,50,,0.0,0.000625,7.043125,13.313125,32.025625,0.010625,2.895625,17.728125,20.555,6.428125,0.0,160000,0,0.0,20000.000000000175,20000.0,0.27653002738952637,44.71125,,0.0,-7.499999999999998e-05,-0.03897499999999976,-0.03207500000000074,-0.06447500000000161,-0.0002749999999999992,0.030524999999999913,0.06472499999999926,0.028400000000001313,0.01222499999999993,0.0,0.10535000000000139,0.10535000000000139,20000.0
19659,T30TUM_20000_5,S2A_MSIL2A_20230620T110621_R137_T30TUN_20230620T202556,100,,0.0,0.0025,7.0675,13.17,31.9825,0.0125,2.9525,17.69,20.6325,6.49,0.0,40000,0,0.0,20000.000000000175,20000.0,0.24362850189208984,44.81250000000001,,0.0,0.0018,-0.014599999999999724,-0.17520000000000024,-0.10759999999999792,0.0016000000000000007,0.08740000000000014,0.026600000000001955,0.10590000000000188,0.0741000000000005,0.0,0.20660000000000878,0.20660000000000878,20000.0
19665,T30TUM_20000_5,S2A_MSIL2A_20230620T110621_R137_T30TUN_20230620T202556,200,,0.0,0.0,7.04,13.23,31.62,0.01,2.85,18.0,20.67,6.58,0.0,10000,0,0.0,20000.000000000175,20000.0,0.24610161781311035,45.25,,0.0,-0.0007,-0.04209999999999958,-0.11519999999999975,-0.47009999999999863,-0.0008999999999999998,-0.015099999999999891,0.3366000000000007,0.1434000000000033,0.16410000000000036,0.0,0.6441000000000017,0.6441000000000017,20000.0
19671,T30TUM_20000_5,S2A_MSIL2A_20230620T110621_R137_T30TUN_20230620T202556,500,,0.0,0.0,7.0625,13.1875,31.5625,0.0,3.0625,17.75,20.875,6.5,0.0,1600,0,0.0,20000.000000000175,20000.0,0.1581723690032959,45.125,,0.0,-0.0007,-0.019599999999999618,-0.15770000000000017,-0.5275999999999996,-0.0109,0.19740000000000002,0.08660000000000068,0.3484000000000016,0.08410000000000029,0.0,0.5191000000000017,0.5275999999999996,20000.0
19677,T30TUM_20000_5,S2A_MSIL2A_20230620T110621_R137_T30TUN_20230620T202556,1000,,0.0,0.0,8.25,12.75,28.0,0.0,3.0,19.0,21.25,7.75,0.0,400,0,0.0,20000.000000000175,20000.0,0.2862560749053955,48.0,,0.0,-0.0007,1.1679000000000004,-0.5952000000000002,-4.0901,-0.0109,0.13490000000000002,1.3366000000000007,0.7234000000000016,1.3341000000000003,0.0,3.3941000000000017,4.0901,20000.0
19649,T30TUM_20000_5,S2A_MSIL2A_20230630T110621_R137_T30TUN_20230630T203023,20,,0.0,0.0002,0.0,30.2865,69.6148,0.0453,0.0532,0.0,0.0,0.0,0.0,1000000,0,0.0,20000.000000000175,20000.0,0.6568467617034912,0.0,,0.0,0.0,0.0,0.0,0.0,0.0,0.0,0.0,0.0,0.0,0.0,0.0,0.0,20000.0
19655,T30TUM_20000_5,S2A_MSIL2A_20230630T110621_R137_T30TUN_20230630T203023,50,,0.0,0.0,0.0,30.183125,69.72,0.04625,0.050625,0.0,0.0,0.0,0.0,160000,0,0.0,20000.000000000175,20000.0,0.27653002738952637,0.0,,0.0,-0.0002,0.0,-0.10337499999999977,0.10519999999999641,0.0009499999999999995,-0.002574999999999994,0.0,0.0,0.0,0.0,0.0,0.10519999999999641,20000.0
19661,T30TUM_20000_5,S2A_MSIL2A_20230630T110621_R137_T30TUN_20230630T203023,100,,0.0,0.0,0.0,30.12,69.79,0.045,0.045,0.0,0.0,0.0,0.0,40000,0,0.0,20000.000000000175,20000.0,0.24362850189208984,0.0,,0.0,-0.0002,0.0,-0.1664999999999992,0.1752000000000038,-0.00030000000000000165,-0.008199999999999999,0.0,0.0,0.0,0.0,0.0,0.1752000000000038,20000.0
19667,T30TUM_20000_5,S2A_MSIL2A_20230630T110621_R137_T30TUN_20230630T203023,200,,0.0,0.0,0.0,30.59,69.3,0.04,0.07,0.0,0.0,0.0,0.0,10000,0,0.0,20000.000000000175,20000.0,0.24610161781311035,0.0,,0.0,-0.0002,0.0,0.30349999999999966,-0.3148000000000053,-0.005299999999999999,0.01680000000000001,0.0,0.0,0.0,0.0,0.0,0.3148000000000053,20000.0
19673,T30TUM_20000_5,S2A_MSIL2A_20230630T110621_R137_T30TUN_20230630T203023,500,,0.0,0.0,0.0,30.5625,69.4375,0.0,0.0,0.0,0.0,0.0,0.0,1600,0,0.0,20000.000000000175,20000.0,0.1581723690032959,0.0,,0.0,-0.0002,0.0,0.2759999999999998,-0.17730000000000246,-0.0453,-0.0532,0.0,0.0,0.0,0.0,0.0,0.2759999999999998,20000.0
19679,T30TUM_20000_5,S2A_MSIL2A_20230630T110621_R137_T30TUN_20230630T203023,1000,,0.0,0.0,0.0,30.25,69.75,0.0,0.0,0.0,0.0,0.0,0.0,400,0,0.0,20000.000000000175,20000.0,0.2862560749053955,0.0,,0.0,-0.0002,0.0,-0.0365000000000002,0.13519999999999754,-0.0453,-0.0532,0.0,0.0,0.0,0.0,0.0,0.13519999999999754,20000.0
19644,T30TUM_20000_5,S2B_MSIL2A_20230605T110619_R137_T30TUN_20230605T165004,20,,0.0,0.0015,3.1698,12.4612,48.5759,0.0137,0.2906,3.7355,1.7944,29.9574,0.0,1000000,0,0.0,20000.000000000175,20000.0,0.6568467617034912,35.4873,,0.0,0.0,0.0,0.0,0.0,0.0,0.0,0.0,0.0,0.0,0.0,0.0,0.0,20000.0
19650,T30TUM_20000_5,S2B_MSIL2A_20230605T110619_R137_T30TUN_20230605T165004,50,,0.0,0.0025,3.169375,12.386875,48.561875,0.01625,0.289375,3.72875,1.815,30.03,0.0,160000,0,0.0,20000.000000000175,20000.0,0.27653002738952637,35.573750000000004,,0.0,0.001,-0.0004249999999998977,-0.07432499999999997,-0.014024999999996624,0.00255,-0.0012250000000000316,-0.006750000000000256,0.02059999999999995,0.07260000000000133,0.0,0.08645000000000636,0.08645000000000636,20000.0
19656,T30TUM_20000_5,S2B_MSIL2A_20230605T110619_R137_T30TUN_20230605T165004,100,,0.0,0.0025,3.18,12.2075,48.535,0.0125,0.315,3.725,1.8025,30.22,0.0,40000,0,0.0,20000.000000000175,20000.0,0.24362850189208984,35.7475,,0.0,0.001,0.010200000000000209,-0.25370000000000026,-0.0409000000000006,-0.0011999999999999997,0.024399999999999977,-0.010499999999999954,0.008099999999999996,0.26259999999999906,0.0,0.26020000000000465,0.26020000000000465,20000.0
19662,T30TUM_20000_5,S2B_MSIL2A_20230605T110619_R137_T30TUN_20230605T165004,200,,0.0,0.0,3.28,12.31,48.69,0.0,0.29,3.64,1.76,30.03,0.0,10000,0,0.0,20000.000000000175,20000.0,0.24610161781311035,35.43,,0.0,-0.0015,0.11019999999999985,-0.15119999999999933,0.11410000000000053,-0.0137,-0.0006000000000000449,-0.09549999999999992,-0.034399999999999986,0.07260000000000133,0.0,-0.05729999999999791,0.15119999999999933,20000.0
19668,T30TUM_20000_5,S2B_MSIL2A_20230605T110619_R137_T30TUN_20230605T165004,500,,0.0,0.0,3.0,12.1875,49.4375,0.0,0.3125,3.6875,1.875,29.5,0.0,1600,0,0.0,20000.000000000175,20000.0,0.1581723690032959,35.0625,,0.0,-0.0015,-0.16979999999999995,-0.27369999999999983,0.8616000000000028,-0.0137,0.021899999999999975,-0.04800000000000004,0.0806,-0.4573999999999998,0.0,-0.4247999999999976,0.8616000000000028,20000.0
19674,T30TUM_20000_5,S2B_MSIL2A_20230605T110619_R137_T30TUN_20230605T165004,1000,,0.0,0.0,3.5,11.75,48.25,0.0,0.5,5.0,1.5,29.5,0.0,400,0,0.0,20000.000000000175,20000.0,0.2862560749053955,36.0,,0.0,-0.0015,0.33020000000000005,-0.7111999999999998,-0.3258999999999972,-0.0137,0.20939999999999998,1.2645,-0.2944,-0.4573999999999998,0.0,0.5127000000000024,0.7111999999999998,20000.0
19646,T30TUM_20000_5,S2B_MSIL2A_20230615T110629_R137_T30TUN_20230615T203627,20,,0.0,0.0028,1.0078,24.5878,73.3789,0.0447,0.2515,0.562,0.1645,0.0,0.0,1000000,0,0.0,20000.000000000175,20000.0,0.6568467617034912,0.7265,,0.0,0.0,0.0,0.0,0.0,0.0,0.0,0.0,0.0,0.0,0.0,0.0,0.0,20000.0
19652,T30TUM_20000_5,S2B_MSIL2A_20230615T110629_R137_T30TUN_20230615T203627,50,,0.0,0.003125,1.0075,24.54,73.428125,0.045,0.26,0.549375,0.166875,0.0,0.0,160000,0,0.0,20000.000000000175,20000.0,0.27653002738952637,0.7162499999999999,,0.0,0.0003250000000000002,-0.00029999999999996696,-0.047800000000002285,0.04922499999999275,0.00030000000000000165,0.008500000000000008,-0.012625000000000108,0.0023749999999999882,0.0,0.0,-0.010250000000000092,0.04922499999999275,20000.0
19658,T30TUM_20000_5,S2B_MSIL2A_20230615T110629_R137_T30TUN_20230615T203627,100,,0.0,0.0025,1.0225,24.4075,73.5225,0.0525,0.2725,0.54,0.18,0.0,0.0,40000,0,0.0,20000.000000000175,20000.0,0.24362850189208984,0.72,,0.0,-0.0002999999999999999,0.014699999999999935,-0.18030000000000257,0.14359999999999218,0.007800000000000001,0.02100000000000002,-0.02200000000000002,0.015499999999999986,0.0,0.0,-0.006500000000000061,0.18030000000000257,20000.0
19664,T30TUM_20000_5,S2B_MSIL2A_20230615T110629_R137_T30TUN_20230615T203627,200,,0.0,0.0,1.0,24.71,73.25,0.04,0.31,0.5,0.19,0.0,0.0,10000,0,0.0,20000.000000000175,20000.0,0.24610161781311035,0.69,,0.0,-0.0028,-0.007800000000000029,0.12219999999999942,-0.12890000000000157,-0.004699999999999996,0.058499999999999996,-0.062000000000000055,0.025499999999999995,0.0,0.0,-0.03650000000000009,0.12890000000000157,20000.0
19670,T30TUM_20000_5,S2B_MSIL2A_20230615T110629_R137_T30TUN_20230615T203627,500,,0.0,0.0,0.875,23.9375,74.25,0.0,0.0625,0.75,0.125,0.0,0.0,1600,0,0.0,20000.000000000175,20000.0,0.1581723690032959,0.875,,0.0,-0.0028,-0.13280000000000003,-0.6503000000000014,0.8710999999999984,-0.0447,-0.189,0.18799999999999994,-0.03950000000000001,0.0,0.0,0.14849999999999997,0.8710999999999984,20000.0
19676,T30TUM_20000_5,S2B_MSIL2A_20230615T110629_R137_T30TUN_20230615T203627,1000,,0.0,0.0,0.75,24.25,73.5,0.0,0.5,0.75,0.25,0.0,0.0,400,0,0.0,20000.000000000175,20000.0,0.2862560749053955,1.0,,0.0,-0.0028,-0.25780000000000003,-0.33780000000000143,0.12109999999999843,-0.0447,0.2485,0.18799999999999994,0.08549999999999999,0.0,0.0,0.27349999999999997,0.33780000000000143,20000.0
19648,T30TUM_20000_5,S2B_MSIL2A_20230625T110619_R137_T30TUN_20230625T165543,20,,0.0,0.003,0.0,28.6517,71.2442,0.0247,0.0764,0.0,0.0,0.0,0.0,1000000,0,0.0,20000.000000000175,20000.0,0.6568467617034912,0.0,,0.0,0.0,0.0,0.0,0.0,0.0,0.0,0.0,0.0,0.0,0.0,0.0,0.0,20000.0
19654,T30TUM_20000_5,S2B_MSIL2A_20230625T110619_R137_T30TUN_20230625T165543,50,,0.0,0.001875,0.0,28.591875,71.305,0.025,0.07625,0.0,0.0,0.0,0.0,160000,0,0.0,20000.000000000175,20000.0,0.27653002738952637,0.0,,0.0,-0.0011250000000000001,0.0,-0.05982500000000002,0.06080000000000041,0.00030000000000000165,-0.00014999999999999736,0.0,0.0,0.0,0.0,0.0,0.06080000000000041,20000.0
19660,T30TUM_20000_5,S2B_MSIL2A_20230625T110619_R137_T30TUN_20230625T165543,100,,0.0,0.005,0.0,28.425,71.47,0.03,0.07,0.0,0.0,0.0,0.0,40000,0,0.0,20000.000000000175,20000.0,0.24362850189208984,0.0,,0.0,0.002,0.0,-0.226700000000001,0.22579999999999245,0.005299999999999999,-0.006399999999999989,0.0,0.0,0.0,0.0,0.0,0.226700000000001,20000.0
19666,T30TUM_20000_5,S2B_MSIL2A_20230625T110619_R137_T30TUN_20230625T165543,200,,0.0,0.01,0.0,28.67,71.21,0.02,0.09,0.0,0.0,0.0,0.0,10000,0,0.0,20000.000000000175,20000.0,0.24610161781311035,0.0,,0.0,0.007,0.0,0.018299999999999983,-0.034200000000012665,-0.004699999999999999,0.013600000000000001,0.0,0.0,0.0,0.0,0.0,0.034200000000012665,20000.0
19672,T30TUM_20000_5,S2B_MSIL2A_20230625T110619_R137_T30TUN_20230625T165543,500,,0.0,0.0,0.0,29.5,70.5,0.0,0.0,0.0,0.0,0.0,0.0,1600,0,0.0,20000.000000000175,20000.0,0.1581723690032959,0.0,,0.0,-0.003,0.0,0.8482999999999983,-0.7442000000000064,-0.0247,-0.0764,0.0,0.0,0.0,0.0,0.0,0.8482999999999983,20000.0
19678,T30TUM_20000_5,S2B_MSIL2A_20230625T110619_R137_T30TUN_20230625T165543,1000,,0.0,0.0,0.0,27.75,72.25,0.0,0.0,0.0,0.0,0.0,0.0,400,0,0.0,20000.000000000175,20000.0,0.2862560749053955,0.0,,0.0,-0.003,0.0,-0.9017000000000017,1.0057999999999936,-0.0247,-0.0764,0.0,0.0,0.0,0.0,0.0,1.0057999999999936,20000.0
19681,T30TUM_20000_6,S2A_MSIL2A_20230610T110621_R137_T30TUM_20230610T202756,20,,0.0,0.0124,14.1591,15.9983,38.3375,0.0965,0.3932,14.0192,14.6936,2.2902,0.0,1000000,0,0.0,20000.000000000116,20000.000000001863,0.6484951972961426,31.003,,0.0,0.0,0.0,0.0,0.0,0.0,0.0,0.0,0.0,0.0,0.0,0.0,0.0,20000.0
19687,T30TUM_20000_6,S2A_MSIL2A_20230610T110621_R137_T30TUM_20230610T202756,50,,0.0,0.0125,14.18625,16.013125,38.365625,0.10375,0.383125,13.979375,14.6875,2.26875,0.0,160000,0,0.0,20000.000000000116,20000.000000001863,0.3437309265136719,30.935624999999998,,0.0,0.00010000000000000113,0.027149999999998897,0.014824999999998312,0.028125000000002842,0.0072499999999999926,-0.010075,-0.03982500000000044,-0.006099999999999994,-0.02145000000000019,0.0,-0.06737500000000196,0.06737500000000196,20000.0
19693,T30TUM_20000_6,S2A_MSIL2A_20230610T110621_R137_T30TUM_20230610T202756,100,,0.0,0.005,14.1825,16.1775,38.2675,0.105,0.3975,13.925,14.72,2.22,0.0,40000,0,0.0,20000.000000000116,20000.000000001863,0.49009275436401367,30.865000000000002,,0.0,-0.0073999999999999995,0.023399999999998755,0.17919999999999803,-0.07000000000000028,0.008499999999999994,0.004300000000000026,-0.09419999999999895,0.026400000000000645,-0.07019999999999982,0.0,-0.13799999999999812,0.17919999999999803,20000.0
19699,T30TUM_20000_6,S2A_MSIL2A_20230610T110621_R137_T30TUM_20230610T202756,200,,0.0,0.02,13.96,15.93,38.6,0.09,0.47,13.52,15.17,2.24,0.0,10000,0,0.0,20000.000000000116,20000.000000001863,0.32128119468688965,30.93,,0.0,0.007600000000000001,-0.1990999999999996,-0.0683000000000007,0.26250000000000284,-0.006500000000000006,0.07679999999999998,-0.4992000000000001,0.47639999999999993,-0.0501999999999998,0.0,-0.0730000000000004,0.26250000000000284,20000.0
19705,T30TUM_20000_6,S2A_MSIL2A_20230610T110621_R137_T30TUM_20230610T202756,500,,0.0,0.0625,14.5625,16.375,37.25,0.0625,0.5,13.1875,15.6875,2.3125,0.0,1600,0,0.0,20000.000000000116,20000.000000001863,0.2473437786102295,31.1875,,0.0,0.0501,0.40339999999999954,0.3766999999999996,-1.0874999999999986,-0.034,0.1068,-0.8316999999999997,0.9939,0.022299999999999986,0.0,0.1844999999999999,1.0874999999999986,20000.0
19711,T30TUM_20000_6,S2A_MSIL2A_20230610T110621_R137_T30TUM_20230610T202756,1000,,0.0,0.0,12.75,20.75,35.25,0.0,0.5,13.75,15.5,1.5,0.0,400,0,0.0,20000.000000000116,20000.000000001863,0.2950429916381836,30.75,,0.0,-0.0124,-1.4091000000000005,4.7517,-3.0874999999999986,-0.0965,0.1068,-0.26919999999999966,0.8064,-0.7902,0.0,-0.2530000000000001,4.7517,20000.0
19683,T30TUM_20000_6,S2A_MSIL2A_20230620T110621_R137_T30TUM_20230620T202552,20,,0.0,0.0009,1.0791,5.8661,26.0898,0.1645,2.7071,23.707,30.0282,10.3573,0.0,1000000,0,0.0,20000.000000000116,20000.000000001863,0.6484951972961426,64.0925,,0.0,0.0,0.0,0.0,0.0,0.0,0.0,0.0,0.0,0.0,0.0,0.0,0.0,20000.0
19689,T30TUM_20000_6,S2A_MSIL2A_20230620T110621_R137_T30TUM_20230620T202552,50,,0.0,0.000625,1.0975,5.87875,26.155625,0.1725,2.694375,23.64375,30.00375,10.353125,0.0,160000,0,0.0,20000.000000000116,20000.000000001863,0.3437309265136719,64.000625,,0.0,-0.00027499999999999996,0.018399999999999972,0.012649999999999828,0.06582500000000024,0.00799999999999998,-0.012725000000000097,-0.06325000000000003,-0.024449999999998084,-0.00417500000000004,0.0,-0.0918750000000017,0.0918750000000017,20000.0
19695,T30TUM_20000_6,S2A_MSIL2A_20230620T110621_R137_T30TUM_20230620T202552,100,,0.0,0.0,1.13,5.885,26.2925,0.1775,2.6725,23.745,29.8575,10.24,0.0,40000,0,0.0,20000.000000000116,20000.000000001863,0.49009275436401367,63.84250000000001,,0.0,-0.0009,0.050899999999999945,0.018899999999999473,0.2027000000000001,0.012999999999999984,-0.034600000000000186,0.038000000000000256,-0.17069999999999652,-0.11730000000000018,0.0,-0.2499999999999929,0.2499999999999929,20000.0
19701,T30TUM_20000_6,S2A_MSIL2A_20230620T110621_R137_T30TUM_20230620T202552,200,,0.0,0.0,1.15,6.0,26.57,0.15,2.69,23.57,29.52,10.35,0.0,10000,0,0.0,20000.000000000116,20000.000000001863,0.32128119468688965,63.440000000000005,,0.0,-0.0009,0.07089999999999996,0.13389999999999969,0.48019999999999996,-0.014500000000000013,-0.017100000000000115,-0.13700000000000045,-0.5081999999999987,-0.00730000000000075,0.0,-0.6524999999999963,0.6524999999999963,20000.0
19707,T30TUM_20000_6,S2A_MSIL2A_20230620T110621_R137_T30TUM_20230620T202552,500,,0.0,0.0,1.375,6.125,26.625,0.125,1.8125,24.875,28.0,11.0625,0.0,1600,0,0.0,20000.000000000116,20000.000000001863,0.2473437786102295,63.9375,,0.0,-0.0009,0.29590000000000005,0.2588999999999997,0.5351999999999997,-0.03950000000000001,-0.8946000000000001,1.1679999999999993,-2.0281999999999982,0.7051999999999996,0.0,-0.15500000000000114,0.8946000000000001,20000.0
19713,T30TUM_20000_6,S2A_MSIL2A_20230620T110621_R137_T30TUM_20230620T202552,1000,,0.0,0.0,1.25,5.75,26.75,0.5,3.0,21.75,30.0,11.0,0.0,400,0,0.0,20000.000000000116,20000.000000001863,0.2950429916381836,62.75,,0.0,-0.0009,0.17090000000000005,-0.11610000000000031,0.6601999999999997,0.3355,0.29289999999999994,-1.9570000000000007,-0.028199999999998226,0.6426999999999996,0.0,-1.3425000000000011,1.3425000000000011,20000.0
19685,T30TUM_20000_6,S2A_MSIL2A_20230630T110621_R137_T30TUM_20230630T203024,20,,0.0,0.0177,0.0,17.5354,82.0792,0.3336,0.0341,0.0,0.0,0.0,0.0,1000000,0,0.0,20000.000000000116,20000.000000001863,0.6484951972961426,0.0,,0.0,0.0,0.0,0.0,0.0,0.0,0.0,0.0,0.0,0.0,0.0,0.0,0.0,20000.0
19691,T30TUM_20000_6,S2A_MSIL2A_20230630T110621_R137_T30TUM_20230630T203024,50,,0.0,0.02,0.0,17.5425,82.06,0.340625,0.036875,0.0,0.0,0.0,0.0,160000,0,0.0,20000.000000000116,20000.000000001863,0.3437309265136719,0.0,,0.0,0.0023,0.0,0.0071000000000012164,-0.019199999999997885,0.0070250000000000035,0.0027749999999999997,0.0,0.0,0.0,0.0,0.0,0.019199999999997885,20000.0
19697,T30TUM_20000_6,S2A_MSIL2A_20230630T110621_R137_T30TUM_20230630T203024,100,,0.0,0.0125,0.0,17.6875,81.9125,0.36,0.0275,0.0,0.0,0.0,0.0,40000,0,0.0,20000.000000000116,20000.000000001863,0.49009275436401367,0.0,,0.0,-0.0052,0.0,0.1521000000000008,-0.16670000000000584,0.02639999999999998,-0.006599999999999998,0.0,0.0,0.0,0.0,0.0,0.16670000000000584,20000.0
19703,T30TUM_20000_6,S2A_MSIL2A_20230630T110621_R137_T30TUM_20230630T203024,200,,0.0,0.01,0.0,17.82,81.88,0.26,0.03,0.0,0.0,0.0,0.0,10000,0,0.0,20000.000000000116,20000.000000001863,0.32128119468688965,0.0,,0.0,-0.0077,0.0,0.2846000000000011,-0.1992000000000047,-0.0736,-0.0040999999999999995,0.0,0.0,0.0,0.0,0.0,0.2846000000000011,20000.0
19709,T30TUM_20000_6,S2A_MSIL2A_20230630T110621_R137_T30TUM_20230630T203024,500,,0.0,0.0,0.0,17.9375,81.625,0.4375,0.0,0.0,0.0,0.0,0.0,1600,0,0.0,20000.000000000116,20000.000000001863,0.2473437786102295,0.0,,0.0,-0.0177,0.0,0.4021000000000008,-0.45420000000000016,0.10389999999999999,-0.0341,0.0,0.0,0.0,0.0,0.0,0.45420000000000016,20000.0
19715,T30TUM_20000_6,S2A_MSIL2A_20230630T110621_R137_T30TUM_20230630T203024,1000,,0.0,0.0,0.0,18.25,81.25,0.5,0.0,0.0,0.0,0.0,0.0,400,0,0.0,20000.000000000116,20000.000000001863,0.2950429916381836,0.0,,0.0,-0.0177,0.0,0.7146000000000008,-0.8292000000000002,0.1664,-0.0341,0.0,0.0,0.0,0.0,0.0,0.8292000000000002,20000.0
19680,T30TUM_20000_6,S2B_MSIL2A_20230605T110619_R137_T30TUM_20230605T163049,20,,0.0,0.0178,14.2996,13.4459,30.002,0.2138,0.316,13.76,21.5204,6.4245,0.0,1000000,0,0.0,20000.000000000116,20000.000000001863,0.6484951972961426,41.7049,,0.0,0.0,0.0,0.0,0.0,0.0,0.0,0.0,0.0,0.0,0.0,0.0,0.0,20000.0
19686,T30TUM_20000_6,S2B_MSIL2A_20230605T110619_R137_T30TUM_20230605T163049,50,,0.0,0.015625,14.29875,13.505,30.030625,0.225,0.32,13.7275,21.499375,6.378125,0.0,160000,0,0.0,20000.000000000116,20000.000000001863,0.3437309265136719,41.605,,0.0,-0.002175,-0.0008499999999997954,0.05910000000000082,0.028625000000001677,0.011200000000000015,0.0040000000000000036,-0.03250000000000064,-0.021024999999998073,-0.04637500000000028,0.0,-0.0999000000000052,0.0999000000000052,20000.0
19692,T30TUM_20000_6,S2B_MSIL2A_20230605T110619_R137_T30TUM_20230605T163049,100,,0.0,0.0125,14.295,13.57,30.1275,0.2625,0.34,13.6525,21.4875,6.2525,0.0,40000,0,0.0,20000.000000000116,20000.000000001863,0.49009275436401367,41.3925,,0.0,-0.005299999999999999,-0.0045999999999999375,0.12410000000000032,0.1255000000000024,0.04870000000000002,0.02400000000000002,-0.10749999999999993,-0.03289999999999793,-0.1719999999999997,0.0,-0.3124000000000038,0.3124000000000038,20000.0
19698,T30TUM_20000_6,S2B_MSIL2A_20230605T110619_R137_T30TUM_20230605T163049,200,,0.0,0.01,14.16,13.05,30.7,0.19,0.4,13.76,21.52,6.21,0.0,10000,0,0.0,20000.000000000116,20000.000000001863,0.32128119468688965,41.49,,0.0,-0.0078,-0.13959999999999972,-0.39589999999999925,0.6980000000000004,-0.023799999999999988,0.08400000000000002,0.0,-0.00039999999999906777,-0.21450000000000014,0.0,-0.2149000000000001,0.6980000000000004,20000.0
19704,T30TUM_20000_6,S2B_MSIL2A_20230605T110619_R137_T30TUM_20230605T163049,500,,0.0,0.0,15.0,13.5625,29.5,0.1875,0.3125,12.9375,22.25,6.25,0.0,1600,0,0.0,20000.000000000116,20000.000000001863,0.2473437786102295,41.4375,,0.0,-0.0178,0.7004000000000001,0.11660000000000004,-0.5019999999999989,-0.02629999999999999,-0.003500000000000003,-0.8224999999999998,0.7296000000000014,-0.1745000000000001,0.0,-0.2674000000000021,0.7004000000000001,20000.0
19710,T30TUM_20000_6,S2B_MSIL2A_20230605T110619_R137_T30TUM_20230605T163049,1000,,0.0,0.0,14.0,14.75,30.25,0.5,0.0,14.5,20.25,5.75,0.0,400,0,0.0,20000.000000000116,20000.000000001863,0.2950429916381836,40.5,,0.0,-0.0178,-0.29959999999999987,1.3041,0.2480000000000011,0.2862,-0.316,0.7400000000000002,-1.2703999999999986,-0.6745000000000001,0.0,-1.204900000000002,1.3041,20000.0
19682,T30TUM_20000_6,S2B_MSIL2A_20230615T110629_R137_T30TUM_20230615T205813,20,,0.0,0.0354,7.1557,19.6326,55.5487,0.4111,0.3859,8.2805,8.5495,0.0006,0.0,1000000,0,0.0,20000.000000000116,20000.000000001863,0.6484951972961426,16.830599999999997,,0.0,0.0,0.0,0.0,0.0,0.0,0.0,0.0,0.0,0.0,0.0,0.0,0.0,20000.0
19688,T30TUM_20000_6,S2B_MSIL2A_20230615T110629_R137_T30TUM_20230615T205813,50,,0.0,0.040625,7.12875,19.64625,55.595,0.419375,0.375,8.230625,8.564375,0.0,0.0,160000,0,0.0,20000.000000000116,20000.000000001863,0.3437309265136719,16.795,,0.0,0.0052250000000000005,-0.02695000000000025,0.013649999999998386,0.04630000000000223,0.008274999999999977,-0.01090000000000002,-0.049875000000000114,0.014874999999999972,-0.0006,0.0,-0.03559999999999519,0.04630000000000223,20000.0
19694,T30TUM_20000_6,S2B_MSIL2A_20230615T110629_R137_T30TUM_20230615T205813,100,,0.0,0.0375,7.0775,19.6775,55.675,0.44,0.4025,8.1775,8.5125,0.0,0.0,40000,0,0.0,20000.000000000116,20000.000000001863,0.49009275436401367,16.689999999999998,,0.0,0.0020999999999999977,-0.07820000000000071,0.044899999999998386,0.12630000000000052,0.02889999999999998,0.016600000000000004,-0.10299999999999976,-0.03700000000000081,-0.0006,0.0,-0.14059999999999917,0.14059999999999917,20000.0
19700,T30TUM_20000_6,S2B_MSIL2A_20230615T110629_R137_T30TUM_20230615T205813,200,,0.0,0.02,6.99,19.48,56.06,0.37,0.43,8.28,8.37,0.0,0.0,10000,0,0.0,20000.000000000116,20000.000000001863,0.32128119468688965,16.65,,0.0,-0.0154,-0.16570000000000018,-0.15259999999999962,0.5113000000000056,-0.041100000000000025,0.04409999999999997,-0.0005000000000006111,-0.17950000000000088,-0.0006,0.0,-0.18059999999999832,0.5113000000000056,20000.0
19706,T30TUM_20000_6,S2B_MSIL2A_20230615T110629_R137_T30TUM_20230615T205813,500,,0.0,0.0,7.1875,19.25,56.375,0.5,0.375,8.1875,8.125,0.0,0.0,1600,0,0.0,20000.000000000116,20000.000000001863,0.2473437786102295,16.3125,,0.0,-0.0354,0.031799999999999606,-0.38260000000000005,0.8263000000000034,0.08889999999999998,-0.01090000000000002,-0.09299999999999997,-0.4245000000000001,-0.0006,0.0,-0.5180999999999969,0.8263000000000034,20000.0
19712,T30TUM_20000_6,S2B_MSIL2A_20230615T110629_R137_T30TUM_20230615T205813,1000,,0.0,0.0,7.75,22.25,52.5,0.5,0.5,8.25,8.25,0.0,0.0,400,0,0.0,20000.000000000116,20000.000000001863,0.2950429916381836,16.5,,0.0,-0.0354,0.5942999999999996,2.6174,-3.0486999999999966,0.08889999999999998,0.11409999999999998,-0.03049999999999997,-0.2995000000000001,-0.0006,0.0,-0.3305999999999969,3.0486999999999966,20000.0
19684,T30TUM_20000_6,S2B_MSIL2A_20230625T110619_R137_T30TUM_20230625T164707,20,,0.0,0.0064,0.0561,18.8751,80.6028,0.3585,0.0193,0.0603,0.0215,0.0,0.0,1000000,0,0.0,20000.000000000116,20000.000000001863,0.6484951972961426,0.0818,,0.0,0.0,0.0,0.0,0.0,0.0,0.0,0.0,0.0,0.0,0.0,0.0,0.0,20000.0
19690,T30TUM_20000_6,S2B_MSIL2A_20230625T110619_R137_T30TUM_20230625T164707,50,,0.0,0.006875,0.054375,18.869375,80.5975,0.36625,0.02375,0.058125,0.02375,0.0,0.0,160000,0,0.0,20000.000000000116,20000.000000001863,0.3437309265136719,0.081875,,0.0,0.00047499999999999973,-0.0017249999999999974,-0.005724999999998204,-0.0053000000000054115,0.007750000000000035,0.004449999999999999,-0.0021749999999999964,0.002250000000000002,0.0,0.0,7.500000000000562e-05,0.007750000000000035,20000.0
19696,T30TUM_20000_6,S2B_MSIL2A_20230625T110619_R137_T30TUM_20230625T164707,100,,0.0,0.005,0.0475,19.095,80.3625,0.3925,0.015,0.0625,0.02,0.0,0.0,40000,0,0.0,20000.000000000116,20000.000000001863,0.49009275436401367,0.0825,,0.0,-0.0014000000000000002,-0.008599999999999997,0.2198999999999991,-0.24030000000000484,0.03400000000000003,-0.004300000000000002,0.0022000000000000006,-0.0014999999999999979,0.0,0.0,0.0007000000000000062,0.24030000000000484,20000.0
19702,T30TUM_20000_6,S2B_MSIL2A_20230625T110619_R137_T30TUM_20230625T164707,200,,0.0,0.0,0.04,18.91,80.64,0.28,0.03,0.08,0.02,0.0,0.0,10000,0,0.0,20000.000000000116,20000.000000001863,0.32128119468688965,0.1,,0.0,-0.0064,-0.016099999999999996,0.034900000000000375,0.03719999999999857,-0.07849999999999996,0.010699999999999998,0.019700000000000002,-0.0014999999999999979,0.0,0.0,0.018200000000000008,0.07849999999999996,20000.0
19708,T30TUM_20000_6,S2B_MSIL2A_20230625T110619_R137_T30TUM_20230625T164707,500,,0.0,0.0,0.0625,19.875,79.4375,0.5,0.0,0.125,0.0,0.0,0.0,1600,0,0.0,20000.000000000116,20000.000000001863,0.2473437786102295,0.125,,0.0,-0.0064,0.006400000000000003,0.9999000000000002,-1.165300000000002,0.14150000000000001,-0.0193,0.06470000000000001,-0.0215,0.0,0.0,0.0432,1.165300000000002,20000.0
19714,T30TUM_20000_6,S2B_MSIL2A_20230625T110619_R137_T30TUM_20230625T164707,1000,,0.0,0.0,0.0,20.0,79.5,0.5,0.0,0.0,0.0,0.0,0.0,400,0,0.0,20000.000000000116,20000.000000001863,0.2950429916381836,0.0,,0.0,-0.0064,-0.0561,1.1249000000000002,-1.102800000000002,0.14150000000000001,-0.0193,-0.0603,-0.0215,0.0,0.0,-0.0818,1.1249000000000002,20000.0
19717,T30TUM_20000_7,S2A_MSIL2A_20230610T110621_R137_T30TUM_20230610T202756,20,,0.0,0.0087,7.5907,7.5342,25.8301,0.0005,0.5205,17.2768,26.7939,14.4446,0.0,1000000,0,0.0,20000.000000000116,20000.0,0.3787806034088135,58.5153,,0.0,0.0,0.0,0.0,0.0,0.0,0.0,0.0,0.0,0.0,0.0,0.0,0.0,20000.0
19723,T30TUM_20000_7,S2A_MSIL2A_20230610T110621_R137_T30TUM_20230610T202756,50,,0.0,0.009375,7.570625,7.57875,25.84,0.0,0.515625,17.241875,26.780625,14.463125,0.0,160000,0,0.0,20000.000000000116,20000.0,0.27261972427368164,58.485625,,0.0,0.0006750000000000003,-0.020075000000000287,0.04455000000000009,0.009899999999998244,-0.0005,-0.004874999999999963,-0.034925000000001205,-0.013275000000000148,0.018525000000000347,0.0,-0.02967500000000456,0.04455000000000009,20000.0
19729,T30TUM_20000_7,S2A_MSIL2A_20230610T110621_R137_T30TUM_20230610T202756,100,,0.0,0.0075,7.57,7.5525,25.8075,0.0,0.48,17.39,26.6775,14.515,0.0,40000,0,0.0,20000.000000000116,20000.0,0.15774989128112793,58.582499999999996,,0.0,-0.0011999999999999997,-0.02069999999999972,0.018299999999999983,-0.02260000000000062,-0.0005,-0.04049999999999998,0.11319999999999908,-0.11640000000000228,0.07040000000000113,0.0,0.0671999999999926,0.0671999999999926,20000.0
19735,T30TUM_20000_7,S2A_MSIL2A_20230610T110621_R137_T30TUM_20230610T202756,200,,0.0,0.01,7.74,7.62,25.79,0.0,0.59,17.02,26.78,14.45,0.0,10000,0,0.0,20000.000000000116,20000.0,0.16745305061340332,58.25,,0.0,0.0013000000000000008,0.1493000000000002,0.08579999999999988,-0.04010000000000247,-0.0005,0.0695,-0.2568000000000019,-0.01389999999999958,0.005399999999999849,0.0,-0.2653000000000034,0.2653000000000034,20000.0
19741,T30TUM_20000_7,S2A_MSIL2A_20230610T110621_R137_T30TUM_20230610T202756,500,,0.0,0.0,7.3125,7.3125,26.5625,0.0,0.75,16.4375,27.4375,14.1875,0.0,1600,0,0.0,20000.000000000116,20000.0,0.29813241958618164,58.0625,,0.0,-0.0087,-0.2782,-0.22170000000000023,0.7323999999999984,-0.0005,0.22950000000000004,-0.8393000000000015,0.6435999999999993,-0.25709999999999944,0.0,-0.4528000000000034,0.7323999999999984,20000.0
19747,T30TUM_20000_7,S2A_MSIL2A_20230610T110621_R137_T30TUM_20230610T202756,1000,,0.0,0.0,8.25,9.0,24.5,0.0,0.75,17.0,25.75,14.75,0.0,400,0,0.0,20000.000000000116,20000.0,0.5757443904876709,57.5,,0.0,-0.0087,0.6593,1.4657999999999998,-1.3301000000000016,-0.0005,0.22950000000000004,-0.2768000000000015,-1.0439000000000007,0.30540000000000056,0.0,-1.0153000000000034,1.4657999999999998,20000.0
19719,T30TUM_20000_7,S2A_MSIL2A_20230620T110621_R137_T30TUM_20230620T202552,20,,0.0,0.0012,0.7352,1.3528,5.6256,0.0003,0.7743,24.6095,40.8866,26.0145,0.0,1000000,0,0.0,20000.000000000116,20000.0,0.3787806034088135,91.5106,,0.0,0.0,0.0,0.0,0.0,0.0,0.0,0.0,0.0,0.0,0.0,0.0,0.0,20000.0
19725,T30TUM_20000_7,S2A_MSIL2A_20230620T110621_R137_T30TUM_20230620T202552,50,,0.0,0.00125,0.73375,1.35,5.570625,0.000625,0.78,24.62,40.909375,26.034375,0.0,160000,0,0.0,20000.000000000116,20000.0,0.27261972427368164,91.56375,,0.0,5.000000000000013e-05,-0.0014499999999999513,-0.0027999999999999137,-0.05497500000000066,0.00032500000000000004,0.005700000000000038,0.010500000000000398,0.02277499999999577,0.019874999999998977,0.0,0.05315000000000225,0.05497500000000066,20000.0
19731,T30TUM_20000_7,S2A_MSIL2A_20230620T110621_R137_T30TUM_20230620T202552,100,,0.0,0.0,0.7375,1.3775,5.465,0.0,0.7925,24.5775,40.9725,26.0775,0.0,40000,0,0.0,20000.000000000116,20000.0,0.15774989128112793,91.6275,,0.0,-0.0012,0.0023000000000000798,0.024699999999999944,-0.16060000000000052,-0.0003,0.018199999999999994,-0.03200000000000003,0.0858999999999952,0.06299999999999883,0.0,0.11690000000000111,0.16060000000000052,20000.0
19737,T30TUM_20000_7,S2A_MSIL2A_20230620T110621_R137_T30TUM_20230620T202552,200,,0.0,0.0,0.7,1.31,5.46,0.0,0.75,24.69,41.31,25.78,0.0,10000,0,0.0,20000.000000000116,20000.0,0.16745305061340332,91.78,,0.0,-0.0012,-0.03520000000000001,-0.04279999999999995,-0.1656000000000004,-0.0003,-0.02429999999999999,0.08050000000000068,0.4234000000000009,-0.2345000000000006,0.0,0.2694000000000045,0.2694000000000045,20000.0
19743,T30TUM_20000_7,S2A_MSIL2A_20230620T110621_R137_T30TUM_20230620T202552,500,,0.0,0.0,0.5,1.5,5.1875,0.0,0.75,24.9375,41.75,25.375,0.0,1600,0,0.0,20000.000000000116,20000.0,0.29813241958618164,92.0625,,0.0,-0.0012,-0.23519999999999996,0.1472,-0.4381000000000004,-0.0003,-0.02429999999999999,0.3279999999999994,0.8633999999999986,-0.6395000000000017,0.0,0.5519000000000034,0.5519000000000034,20000.0
19749,T30TUM_20000_7,S2A_MSIL2A_20230620T110621_R137_T30TUM_20230620T202552,1000,,0.0,0.0,0.5,1.25,5.5,0.0,1.0,22.25,44.25,25.25,0.0,400,0,0.0,20000.000000000116,20000.0,0.5757443904876709,91.75,,0.0,-0.0012,-0.23519999999999996,-0.1028,-0.12560000000000038,-0.0003,0.2257,-2.3595000000000006,3.3633999999999986,-0.7645000000000017,0.0,0.2394000000000034,0.2394000000000034,20000.0
19721,T30TUM_20000_7,S2A_MSIL2A_20230630T110621_R137_T30TUM_20230630T203024,20,,0.0,0.002,0.0,21.6196,73.8673,0.007,0.0064,0.0006,0.0011,4.496,0.0,1000000,0,0.0,20000.000000000116,20000.0,0.3787806034088135,4.4977,,0.0,0.0,0.0,0.0,0.0,0.0,0.0,0.0,0.0,0.0,0.0,0.0,0.0,20000.0
19727,T30TUM_20000_7,S2A_MSIL2A_20230630T110621_R137_T30TUM_20230630T203024,50,,0.0,0.0025,0.0,21.671875,73.82625,0.008125,0.005625,0.0,0.000625,4.485,0.0,160000,0,0.0,20000.000000000116,20000.0,0.27261972427368164,4.485625000000001,,0.0,0.0005,0.0,0.052275000000001626,-0.04104999999999848,0.0011250000000000001,-0.0007750000000000005,-0.0006,-0.00047500000000000005,-0.01100000000000012,0.0,-0.012074999999999392,0.052275000000001626,20000.0
19733,T30TUM_20000_7,S2A_MSIL2A_20230630T110621_R137_T30TUM_20230630T203024,100,,0.0,0.0,0.0,21.7125,73.85,0.005,0.0125,0.0,0.0,4.42,0.0,40000,0,0.0,20000.000000000116,20000.0,0.15774989128112793,4.42,,0.0,-0.002,0.0,0.0929000000000002,-0.017300000000005866,-0.002,0.0061,-0.0006,-0.0011,-0.07600000000000051,0.0,-0.0777000000000001,0.0929000000000002,20000.0
19739,T30TUM_20000_7,S2A_MSIL2A_20230630T110621_R137_T30TUM_20230630T203024,200,,0.0,0.0,0.0,21.66,73.98,0.01,0.01,0.0,0.01,4.33,0.0,10000,0,0.0,20000.000000000116,20000.0,0.16745305061340332,4.34,,0.0,-0.002,0.0,0.04040000000000177,0.1127000000000038,0.003,0.0036,-0.0006,0.0089,-0.16600000000000037,0.0,-0.15770000000000017,0.15770000000000017,20000.0
19745,T30TUM_20000_7,S2A_MSIL2A_20230630T110621_R137_T30TUM_20230630T203024,500,,0.0,0.0,0.0,20.9375,74.75,0.0,0.0,0.0,0.0,4.3125,0.0,1600,0,0.0,20000.000000000116,20000.0,0.29813241958618164,4.3125,,0.0,-0.002,0.0,-0.6820999999999984,0.8826999999999998,-0.007,-0.0064,-0.0006,-0.0011,-0.18350000000000044,0.0,-0.18520000000000003,0.8826999999999998,20000.0
19751,T30TUM_20000_7,S2A_MSIL2A_20230630T110621_R137_T30TUM_20230630T203024,1000,,0.0,0.0,0.0,22.25,73.5,0.0,0.0,0.0,0.0,4.25,0.0,400,0,0.0,20000.000000000116,20000.0,0.5757443904876709,4.25,,0.0,-0.002,0.0,0.6304000000000016,-0.3673000000000002,-0.007,-0.0064,-0.0006,-0.0011,-0.24600000000000044,0.0,-0.24770000000000003,0.6304000000000016,20000.0
19716,T30TUM_20000_7,S2B_MSIL2A_20230605T110619_R137_T30TUM_20230605T163049,20,,0.0,0.0128,11.4718,11.5316,47.1715,0.0001,0.3578,10.2311,9.5767,9.6466,0.0,1000000,0,0.0,20000.000000000116,20000.0,0.3787806034088135,29.4544,,0.0,0.0,0.0,0.0,0.0,0.0,0.0,0.0,0.0,0.0,0.0,0.0,0.0,20000.0
19722,T30TUM_20000_7,S2B_MSIL2A_20230605T110619_R137_T30TUM_20230605T163049,50,,0.0,0.010625,11.480625,11.554375,47.068125,0.0,0.366875,10.239375,9.58,9.7,0.0,160000,0,0.0,20000.000000000116,20000.0,0.27261972427368164,29.519375,,0.0,-0.002175,0.00882499999999986,0.0227750000000011,-0.10337499999999977,-0.0001,0.009075,0.008275000000001143,0.0032999999999994145,0.05339999999999989,0.0,0.06497500000000045,0.10337499999999977,20000.0
19728,T30TUM_20000_7,S2B_MSIL2A_20230605T110619_R137_T30TUM_20230605T163049,100,,0.0,0.015,11.4,11.63,46.8675,0.0,0.36,10.3575,9.5725,9.7975,0.0,40000,0,0.0,20000.000000000116,20000.0,0.15774989128112793,29.7275,,0.0,0.002199999999999999,-0.07179999999999964,0.0984000000000016,-0.30400000000000205,-0.0001,0.0021999999999999797,0.1264000000000003,-0.00420000000000087,0.15090000000000003,0.0,0.27309999999999945,0.30400000000000205,20000.0
19734,T30TUM_20000_7,S2B_MSIL2A_20230605T110619_R137_T30TUM_20230605T163049,200,,0.0,0.01,11.43,11.48,46.84,0.0,0.41,10.38,9.64,9.81,0.0,10000,0,0.0,20000.000000000116,20000.0,0.16745305061340332,29.830000000000005,,0.0,-0.0028000000000000004,-0.04180000000000028,-0.05159999999999876,-0.33149999999999835,-0.0001,0.05219999999999997,0.14890000000000114,0.06329999999999991,0.1634000000000011,0.0,0.3756000000000057,0.3756000000000057,20000.0
19740,T30TUM_20000_7,S2B_MSIL2A_20230605T110619_R137_T30TUM_20230605T163049,500,,0.0,0.0,11.5625,10.875,47.4375,0.0,0.375,9.5,10.4375,9.8125,0.0,1600,0,0.0,20000.000000000116,20000.0,0.29813241958618164,29.75,,0.0,-0.0128,0.0907,-0.6565999999999992,0.26599999999999824,-0.0001,0.017199999999999993,-0.7310999999999996,0.8607999999999993,0.1659000000000006,0.0,0.2956000000000003,0.6565999999999992,20000.0
19746,T30TUM_20000_7,S2B_MSIL2A_20230605T110619_R137_T30TUM_20230605T163049,1000,,0.0,0.0,11.75,15.75,44.5,0.0,0.5,10.25,8.25,9.0,0.0,400,0,0.0,20000.000000000116,20000.0,0.5757443904876709,27.5,,0.0,-0.0128,0.2782,4.218400000000001,-2.6715000000000018,-0.0001,0.1422,0.01890000000000036,-1.3267000000000007,-0.6465999999999994,0.0,-1.9543999999999997,4.218400000000001,20000.0
19718,T30TUM_20000_7,S2B_MSIL2A_20230615T110629_R137_T30TUM_20230615T205813,20,,0.0,0.0505,10.9391,16.2805,53.9492,0.0122,0.8578,8.9872,8.9217,0.0018,0.0,1000000,0,0.0,20000.000000000116,20000.0,0.3787806034088135,17.9107,,0.0,0.0,0.0,0.0,0.0,0.0,0.0,0.0,0.0,0.0,0.0,0.0,0.0,20000.0
19724,T30TUM_20000_7,S2B_MSIL2A_20230615T110629_R137_T30TUM_20230615T205813,50,,0.0,0.051875,10.954375,16.23875,53.92375,0.01125,0.844375,9.019375,8.955625,0.000625,0.0,160000,0,0.0,20000.000000000116,20000.0,0.27261972427368164,17.975625,,0.0,0.0013749999999999943,0.015275000000000816,-0.0417500000000004,-0.025449999999999307,-0.0009500000000000012,-0.01342500000000002,0.03217500000000051,0.03392499999999998,-0.0011749999999999998,0.0,0.06492500000000234,0.06492500000000234,20000.0
19730,T30TUM_20000_7,S2B_MSIL2A_20230615T110629_R137_T30TUM_20230615T205813,100,,0.0,0.055,10.96,16.2725,53.875,0.01,0.7925,9.0525,8.9825,0.0,0.0,40000,0,0.0,20000.000000000116,20000.0,0.15774989128112793,18.035,,0.0,0.004499999999999997,0.02090000000000103,-0.007999999999999119,-0.0741999999999976,-0.0022000000000000006,-0.06530000000000002,0.06530000000000058,0.06080000000000041,-0.0018,0.0,0.12430000000000163,0.12430000000000163,20000.0
19736,T30TUM_20000_7,S2B_MSIL2A_20230615T110629_R137_T30TUM_20230615T205813,200,,0.0,0.09,11.01,16.4,53.41,0.01,0.85,9.25,8.98,0.0,0.0,10000,0,0.0,20000.000000000116,20000.0,0.16745305061340332,18.23,,0.0,0.03949999999999999,0.07089999999999996,0.11949999999999861,-0.539200000000001,-0.0022000000000000006,-0.007800000000000029,0.26280000000000037,0.05830000000000091,-0.0018,0.0,0.3193000000000019,0.539200000000001,20000.0
19742,T30TUM_20000_7,S2B_MSIL2A_20230615T110629_R137_T30TUM_20230615T205813,500,,0.0,0.0625,11.25,15.375,54.5,0.0,0.6875,9.25,8.875,0.0,0.0,1600,0,0.0,20000.000000000116,20000.0,0.29813241958618164,18.125,,0.0,0.011999999999999997,0.3109000000000002,-0.9055,0.5508000000000024,-0.0122,-0.1703,0.26280000000000037,-0.04669999999999952,-0.0018,0.0,0.2143000000000015,0.9055,20000.0
19748,T30TUM_20000_7,S2B_MSIL2A_20230615T110629_R137_T30TUM_20230615T205813,1000,,0.0,0.75,7.5,17.75,53.25,0.0,0.5,11.25,9.0,0.0,0.0,400,0,0.0,20000.000000000116,20000.0,0.5757443904876709,20.25,,0.0,0.6995,-3.4391,1.4695,-0.6991999999999976,-0.0122,-0.3578,2.2628000000000004,0.07830000000000048,-0.0018,0.0,2.3393000000000015,3.4391,20000.0
19720,T30TUM_20000_7,S2B_MSIL2A_20230625T110619_R137_T30TUM_20230625T164707,20,,0.0,0.0059,0.4118,22.9421,76.2014,0.0035,0.0462,0.2885,0.1006,0.0,0.0,1000000,0,0.0,20000.000000000116,20000.0,0.3787806034088135,0.3891,,0.0,0.0,0.0,0.0,0.0,0.0,0.0,0.0,0.0,0.0,0.0,0.0,0.0,20000.0
19726,T30TUM_20000_7,S2B_MSIL2A_20230625T110619_R137_T30TUM_20230625T164707,50,,0.0,0.005625,0.404375,22.956875,76.2025,0.00375,0.0425,0.2825,0.101875,0.0,0.0,160000,0,0.0,20000.000000000116,20000.0,0.27261972427368164,0.38437499999999997,,0.0,-0.00027500000000000007,-0.007425000000000015,0.014775000000000205,0.0010999999999938836,0.0002499999999999998,-0.003699999999999995,-0.006000000000000005,0.0012749999999999984,0.0,0.0,-0.004725000000000035,0.014775000000000205,20000.0
19732,T30TUM_20000_7,S2B_MSIL2A_20230625T110619_R137_T30TUM_20230625T164707,100,,0.0,0.005,0.4125,23.01,76.1675,0.0025,0.035,0.26,0.1075,0.0,0.0,40000,0,0.0,20000.000000000116,20000.0,0.15774989128112793,0.3675,,0.0,-0.0008999999999999998,0.0006999999999999784,0.06790000000000163,-0.033900000000002706,-0.001,-0.011199999999999995,-0.02849999999999997,0.006900000000000003,0.0,0.0,-0.021600000000000008,0.06790000000000163,20000.0
19738,T30TUM_20000_7,S2B_MSIL2A_20230625T110619_R137_T30TUM_20230625T164707,200,,0.0,0.0,0.41,22.85,76.32,0.01,0.02,0.3,0.09,0.0,0.0,10000,0,0.0,20000.000000000116,20000.0,0.16745305061340332,0.39,,0.0,-0.0059,-0.0018000000000000238,-0.09209999999999852,0.1185999999999865,0.006500000000000001,-0.026199999999999998,0.01150000000000001,-0.010599999999999998,0.0,0.0,0.0009000000000000119,0.1185999999999865,20000.0
19744,T30TUM_20000_7,S2B_MSIL2A_20230625T110619_R137_T30TUM_20230625T164707,500,,0.0,0.0,0.5,21.5,77.5625,0.0,0.0625,0.3125,0.0625,0.0,0.0,1600,0,0.0,20000.000000000116,20000.0,0.29813241958618164,0.375,,0.0,-0.0059,0.0882,-1.4421,1.3610999999999933,-0.0035,0.016300000000000002,0.02400000000000002,-0.038099999999999995,0.0,0.0,-0.014100000000000001,1.4421,20000.0
19750,T30TUM_20000_7,S2B_MSIL2A_20230625T110619_R137_T30TUM_20230625T164707,1000,,0.0,0.0,0.0,25.0,74.5,0.0,0.0,0.5,0.0,0.0,0.0,400,0,0.0,20000.000000000116,20000.0,0.5757443904876709,0.5,,0.0,-0.0059,-0.4118,2.0579,-1.7014000000000067,-0.0035,-0.0462,0.21150000000000002,-0.1006,0.0,0.0,0.1109,2.0579,20000.0
19753,T30TUM_20000_8,S2A_MSIL2A_20230610T110621_R137_T30TUM_20230610T202756,20,,0.0,0.0002,3.2017,3.1259,13.0698,0.0,1.0895,23.7403,50.3867,5.3859,0.0,1000000,0,0.0,20000.000000000116,20000.0,0.41182994842529297,79.5129,,0.0,0.0,0.0,0.0,0.0,0.0,0.0,0.0,0.0,0.0,0.0,0.0,0.0,20000.0
19759,T30TUM_20000_8,S2A_MSIL2A_20230610T110621_R137_T30TUM_20230610T202756,50,,0.0,0.000625,3.23,3.10375,13.118125,0.0,1.090625,23.681875,50.39375,5.38125,0.0,160000,0,0.0,20000.000000000116,20000.0,0.18060588836669922,79.456875,,0.0,0.00042500000000000003,0.02829999999999977,-0.022150000000000336,0.0483249999999984,0.0,0.0011250000000000426,-0.05842499999999973,0.007049999999999557,-0.004650000000000709,0.0,-0.05602500000000532,0.05602500000000532,20000.0
19765,T30TUM_20000_8,S2A_MSIL2A_20230610T110621_R137_T30TUM_20230610T202756,100,,0.0,0.0,3.265,3.085,13.215,0.0,1.0625,23.67,50.3275,5.375,0.0,40000,0,0.0,20000.000000000116,20000.0,0.1655890941619873,79.3725,,0.0,-0.0002,0.06329999999999991,-0.04090000000000016,0.1451999999999991,0.0,-0.026999999999999913,-0.07029999999999959,-0.05919999999999703,-0.010900000000000354,0.0,-0.14039999999999964,0.1451999999999991,20000.0
19771,T30TUM_20000_8,S2A_MSIL2A_20230610T110621_R137_T30TUM_20230610T202756,200,,0.0,0.0,3.16,3.23,12.76,0.0,1.12,23.67,50.75,5.31,0.0,10000,0,0.0,20000.000000000116,20000.0,0.16515064239501953,79.73,,0.0,-0.0002,-0.04170000000000007,0.10409999999999986,-0.30980000000000096,0.0,0.030500000000000194,-0.07029999999999959,0.3633000000000024,-0.07590000000000074,0.0,0.21710000000000207,0.30980000000000096,20000.0
19777,T30TUM_20000_8,S2A_MSIL2A_20230610T110621_R137_T30TUM_20230610T202756,500,,0.0,0.0,2.9375,2.3125,12.9375,0.0,1.3125,23.5,51.0625,5.9375,0.0,1600,0,0.0,20000.000000000116,20000.0,0.16845130920410156,80.5,,0.0,-0.0002,-0.2642000000000002,-0.8134000000000001,-0.13230000000000075,0.0,0.2230000000000001,-0.2403000000000013,0.6758000000000024,0.5515999999999996,0.0,0.9870999999999981,0.9870999999999981,20000.0
19783,T30TUM_20000_8,S2A_MSIL2A_20230610T110621_R137_T30TUM_20230610T202756,1000,,0.0,0.0,3.0,2.5,13.5,0.0,0.75,26.5,48.5,5.25,0.0,400,0,0.0,20000.000000000116,20000.0,0.15967488288879395,80.25,,0.0,-0.0002,-0.2017000000000002,-0.6259000000000001,0.43019999999999925,0.0,-0.3394999999999999,2.7596999999999987,-1.8866999999999976,-0.13590000000000035,0.0,0.7370999999999981,0.7370999999999981,20000.0
19755,T30TUM_20000_8,S2A_MSIL2A_20230620T110621_R137_T30TUM_20230620T202552,20,,0.0,0.0044,1.1978,6.7439,39.0733,0.0004,3.2453,12.3653,13.2065,24.1631,0.0,1000000,0,0.0,20000.000000000116,20000.0,0.41182994842529297,49.734899999999996,,0.0,0.0,0.0,0.0,0.0,0.0,0.0,0.0,0.0,0.0,0.0,0.0,0.0,20000.0
19761,T30TUM_20000_8,S2A_MSIL2A_20230620T110621_R137_T30TUM_20230620T202552,50,,0.0,0.00375,1.205,6.695625,39.125625,0.000625,3.241875,12.331875,13.241875,24.15375,0.0,160000,0,0.0,20000.000000000116,20000.0,0.18060588836669922,49.7275,,0.0,-0.0006500000000000004,0.007200000000000095,-0.04827500000000029,0.05232499999999618,0.000225,-0.0034250000000000114,-0.03342499999999937,0.035375000000000156,-0.009350000000001302,0.0,-0.0073999999999969646,0.05232499999999618,20000.0
19767,T30TUM_20000_8,S2A_MSIL2A_20230620T110621_R137_T30TUM_20230620T202552,100,,0.0,0.005,1.215,6.81,38.99,0.0,3.1525,12.3825,13.345,24.1,0.0,40000,0,0.0,20000.000000000116,20000.0,0.1655890941619873,49.8275,,0.0,0.0005999999999999998,0.017200000000000104,0.0660999999999996,-0.08330000000000126,-0.0004,-0.0928,0.01720000000000077,0.1385000000000005,-0.0630999999999986,0.0,0.09260000000000446,0.0928,20000.0
19773,T30TUM_20000_8,S2A_MSIL2A_20230620T110621_R137_T30TUM_20230620T202552,200,,0.0,0.0,1.21,7.0,38.71,0.0,3.33,12.37,13.39,23.99,0.0,10000,0,0.0,20000.000000000116,20000.0,0.16515064239501953,49.75,,0.0,-0.0044,0.012199999999999989,0.2561,-0.3633000000000024,-0.0004,0.08470000000000022,0.004699999999999704,0.18350000000000044,-0.17310000000000159,0.0,0.015100000000003888,0.3633000000000024,20000.0
19779,T30TUM_20000_8,S2A_MSIL2A_20230620T110621_R137_T30TUM_20230620T202552,500,,0.0,0.0,1.0,6.5625,40.0625,0.0,3.375,11.8125,13.4375,23.75,0.0,1600,0,0.0,20000.000000000116,20000.0,0.16845130920410156,49.0,,0.0,-0.0044,-0.19779999999999998,-0.1814,0.9891999999999967,-0.0004,0.12970000000000015,-0.5527999999999995,0.23099999999999987,-0.4131,0.0,-0.7348999999999961,0.9891999999999967,20000.0
19785,T30TUM_20000_8,S2A_MSIL2A_20230620T110621_R137_T30TUM_20230620T202552,1000,,0.0,0.0,1.0,6.0,39.25,0.0,4.0,12.5,13.75,23.5,0.0,400,0,0.0,20000.000000000116,20000.0,0.15967488288879395,49.75,,0.0,-0.0044,-0.19779999999999998,-0.7439,0.17669999999999675,-0.0004,0.7547000000000001,0.13470000000000049,0.5434999999999999,-0.6631,0.0,0.015100000000003888,0.7547000000000001,20000.0
19757,T30TUM_20000_8,S2A_MSIL2A_20230630T110621_R137_T30TUM_20230630T203024,20,,0.0,0.0,0.0,6.7105,45.3143,0.0,0.0017,0.0209,0.0047,47.9479,0.0,1000000,0,0.0,20000.000000000116,20000.0,0.41182994842529297,47.973499999999994,,0.0,0.0,0.0,0.0,0.0,0.0,0.0,0.0,0.0,0.0,0.0,0.0,0.0,20000.0
19763,T30TUM_20000_8,S2A_MSIL2A_20230630T110621_R137_T30TUM_20230630T203024,50,,0.0,0.0,0.0,6.7525,45.273125,0.0,0.00125,0.02,0.005,47.948125,0.0,160000,0,0.0,20000.000000000116,20000.0,0.18060588836669922,47.973124999999996,,0.0,0.0,0.0,0.0420000000000007,-0.041175000000002626,0.0,-0.0004499999999999999,-0.000899999999999998,0.0002999999999999999,0.0002250000000003638,0.0,-0.00037499999999823785,0.0420000000000007,20000.0
19769,T30TUM_20000_8,S2A_MSIL2A_20230630T110621_R137_T30TUM_20230630T203024,100,,0.0,0.0,0.0,6.8125,45.285,0.0,0.0025,0.0175,0.0025,47.88,0.0,40000,0,0.0,20000.000000000116,20000.0,0.1655890941619873,47.900000000000006,,0.0,0.0,0.0,0.10200000000000031,-0.02930000000000632,0.0,0.0008000000000000001,-0.0033999999999999968,-0.0022,-0.06789999999999452,0.0,-0.07349999999998857,0.10200000000000031,20000.0
19775,T30TUM_20000_8,S2A_MSIL2A_20230630T110621_R137_T30TUM_20230630T203024,200,,0.0,0.0,0.0,6.84,45.45,0.0,0.0,0.03,0.0,47.68,0.0,10000,0,0.0,20000.000000000116,20000.0,0.16515064239501953,47.71,,0.0,0.0,0.0,0.12950000000000017,0.13569999999999993,0.0,-0.0017,0.0091,-0.0047,-0.26789999999999736,0.0,-0.2634999999999934,0.2634999999999934,20000.0
19781,T30TUM_20000_8,S2A_MSIL2A_20230630T110621_R137_T30TUM_20230630T203024,500,,0.0,0.0,0.0,6.5,46.1875,0.0,0.0,0.0,0.0,47.3125,0.0,1600,0,0.0,20000.000000000116,20000.0,0.16845130920410156,47.3125,,0.0,0.0,0.0,-0.2104999999999997,0.8731999999999971,0.0,-0.0017,-0.0209,-0.0047,-0.6353999999999971,0.0,-0.6609999999999943,0.8731999999999971,20000.0
19787,T30TUM_20000_8,S2A_MSIL2A_20230630T110621_R137_T30TUM_20230630T203024,1000,,0.0,0.0,0.0,7.0,45.0,0.0,0.0,0.0,0.0,48.0,0.0,400,0,0.0,20000.000000000116,20000.0,0.15967488288879395,48.0,,0.0,0.0,0.0,0.2895000000000003,-0.3143000000000029,0.0,-0.0017,-0.0209,-0.0047,0.05210000000000292,0.0,0.02650000000000574,0.3143000000000029,20000.0
19752,T30TUM_20000_8,S2B_MSIL2A_20230605T110619_R137_T30TUM_20230605T163049,20,,0.0,0.0103,6.6922,10.1624,71.36,0.011,0.2382,5.2597,4.572,1.6942,0.0,1000000,0,0.0,20000.000000000116,20000.0,0.41182994842529297,11.5259,,0.0,0.0,0.0,0.0,0.0,0.0,0.0,0.0,0.0,0.0,0.0,0.0,0.0,20000.0
19758,T30TUM_20000_8,S2B_MSIL2A_20230605T110619_R137_T30TUM_20230605T163049,50,,0.0,0.011875,6.710625,10.139375,71.420625,0.013125,0.24125,5.290625,4.538125,1.634375,0.0,160000,0,0.0,20000.000000000116,20000.0,0.18060588836669922,11.463125,,0.0,0.001575,0.01842500000000058,-0.023025000000000517,0.060625000000001705,0.002125,0.003049999999999997,0.030925000000000757,-0.0338750000000001,-0.05982500000000002,0.0,-0.06277500000000025,0.06277500000000025,20000.0
19764,T30TUM_20000_8,S2B_MSIL2A_20230605T110619_R137_T30TUM_20230605T163049,100,,0.0,0.0125,6.7175,10.1625,71.4975,0.01,0.2125,5.2275,4.5975,1.5625,0.0,40000,0,0.0,20000.000000000116,20000.0,0.1655890941619873,11.3875,,0.0,0.0022000000000000006,0.025300000000000544,9.999999999976694e-05,0.13750000000000284,-0.0009999999999999992,-0.0257,-0.03219999999999956,0.025500000000000078,-0.13169999999999993,0.0,-0.13840000000000074,0.13840000000000074,20000.0
19770,T30TUM_20000_8,S2B_MSIL2A_20230605T110619_R137_T30TUM_20230605T163049,200,,0.0,0.01,6.73,10.33,71.15,0.01,0.34,5.26,4.59,1.58,0.0,10000,0,0.0,20000.000000000116,20000.0,0.16515064239501953,11.43,,0.0,-0.0002999999999999999,0.03780000000000072,0.1676000000000002,-0.20999999999999375,-0.0009999999999999992,0.10180000000000003,0.000300000000000189,0.017999999999999794,-0.11419999999999986,0.0,-0.09590000000000032,0.20999999999999375,20000.0
19776,T30TUM_20000_8,S2B_MSIL2A_20230605T110619_R137_T30TUM_20230605T163049,500,,0.0,0.0,6.875,10.5,70.9375,0.0,0.3125,4.875,5.0,1.5,0.0,1600,0,0.0,20000.000000000116,20000.0,0.16845130920410156,11.375,,0.0,-0.0103,0.1828000000000003,0.3376000000000001,-0.42249999999999943,-0.011,0.0743,-0.3846999999999996,0.42799999999999994,-0.19419999999999993,0.0,-0.15090000000000003,0.42249999999999943,20000.0
19782,T30TUM_20000_8,S2B_MSIL2A_20230605T110619_R137_T30TUM_20230605T163049,1000,,0.0,0.0,8.25,9.75,70.5,0.0,0.5,5.0,4.75,1.25,0.0,400,0,0.0,20000.000000000116,20000.0,0.15967488288879395,11.0,,0.0,-0.0103,1.5578000000000003,-0.4123999999999999,-0.8599999999999994,-0.011,0.26180000000000003,-0.2596999999999996,0.17799999999999994,-0.44419999999999993,0.0,-0.5259,1.5578000000000003,20000.0
19754,T30TUM_20000_8,S2B_MSIL2A_20230615T110629_R137_T30TUM_20230615T205813,20,,0.0,0.0122,0.4523,15.5235,83.4923,0.013,0.1936,0.2712,0.0367,0.0052,0.0,1000000,0,0.0,20000.000000000116,20000.0,0.41182994842529297,0.3131,,0.0,0.0,0.0,0.0,0.0,0.0,0.0,0.0,0.0,0.0,0.0,0.0,0.0,20000.0
19760,T30TUM_20000_8,S2B_MSIL2A_20230615T110629_R137_T30TUM_20230615T205813,50,,0.0,0.01375,0.455,15.551875,83.458125,0.015,0.193125,0.270625,0.036875,0.005625,0.0,160000,0,0.0,20000.000000000116,20000.0,0.18060588836669922,0.313125,,0.0,0.0015499999999999993,0.0027000000000000357,0.028375000000000483,-0.03417500000000473,0.002,-0.0004750000000000032,-0.0005749999999999922,0.0001749999999999946,0.00042500000000000003,0.0,2.4999999999997247e-05,0.03417500000000473,20000.0
19766,T30TUM_20000_8,S2B_MSIL2A_20230615T110629_R137_T30TUM_20230615T205813,100,,0.0,0.0125,0.465,15.445,83.5275,0.02,0.2025,0.2925,0.03,0.005,0.0,40000,0,0.0,20000.000000000116,20000.0,0.1655890941619873,0.3275,,0.0,0.0002999999999999999,0.012700000000000045,-0.07850000000000001,0.03520000000000323,0.007000000000000001,0.008900000000000019,0.021299999999999986,-0.0067000000000000046,-0.00019999999999999966,0.0,0.014400000000000024,0.07850000000000001,20000.0
19772,T30TUM_20000_8,S2B_MSIL2A_20230615T110629_R137_T30TUM_20230615T205813,200,,0.0,0.0,0.42,15.96,83.17,0.02,0.15,0.23,0.05,0.0,0.0,10000,0,0.0,20000.000000000116,20000.0,0.16515064239501953,0.28,,0.0,-0.0122,-0.032299999999999995,0.43650000000000055,-0.3222999999999985,0.007000000000000001,-0.0436,-0.04119999999999999,0.0133,-0.0052,0.0,-0.03309999999999996,0.43650000000000055,20000.0
19778,T30TUM_20000_8,S2B_MSIL2A_20230615T110629_R137_T30TUM_20230615T205813,500,,0.0,0.0,0.4375,15.0,84.1875,0.0,0.0,0.375,0.0,0.0,0.0,1600,0,0.0,20000.000000000116,20000.0,0.16845130920410156,0.375,,0.0,-0.0122,-0.01479999999999998,-0.5235000000000003,0.6951999999999998,-0.013,-0.1936,0.1038,-0.0367,-0.0052,0.0,0.06190000000000001,0.6951999999999998,20000.0
19784,T30TUM_20000_8,S2B_MSIL2A_20230615T110629_R137_T30TUM_20230615T205813,1000,,0.0,0.0,0.5,16.25,82.75,0.0,0.25,0.25,0.0,0.0,0.0,400,0,0.0,20000.000000000116,20000.0,0.15967488288879395,0.25,,0.0,-0.0122,0.04770000000000002,0.7264999999999997,-0.7423000000000002,-0.013,0.056400000000000006,-0.021199999999999997,-0.0367,-0.0052,0.0,-0.06309999999999999,0.7423000000000002,20000.0
19756,T30TUM_20000_8,S2B_MSIL2A_20230625T110619_R137_T30TUM_20230625T164707,20,,0.0,0.0063,0.25,15.2607,84.4134,0.0079,0.0165,0.0407,0.0045,0.0,0.0,1000000,0,0.0,20000.000000000116,20000.0,0.41182994842529297,0.0452,,0.0,0.0,0.0,0.0,0.0,0.0,0.0,0.0,0.0,0.0,0.0,0.0,0.0,20000.0
19762,T30TUM_20000_8,S2B_MSIL2A_20230625T110619_R137_T30TUM_20230625T164707,50,,0.0,0.006875,0.2525,15.278125,84.386875,0.008125,0.015625,0.05,0.001875,0.0,0.0,160000,0,0.0,20000.000000000116,20000.0,0.18060588836669922,0.051875000000000004,,0.0,0.000575,0.0025000000000000022,0.017424999999999358,-0.02652499999999236,0.0002249999999999995,-0.0008750000000000008,0.009300000000000003,-0.0026249999999999997,0.0,0.0,0.006675000000000007,0.02652499999999236,20000.0
19768,T30TUM_20000_8,S2B_MSIL2A_20230625T110619_R137_T30TUM_20230625T164707,100,,0.0,0.0075,0.25,15.315,84.345,0.0075,0.015,0.055,0.005,0.0,0.0,40000,0,0.0,20000.000000000116,20000.0,0.1655890941619873,0.06,,0.0,0.0011999999999999997,0.0,0.05429999999999957,-0.06839999999999691,-0.00040000000000000105,-0.0015000000000000013,0.0143,0.0005000000000000004,0.0,0.0,0.0148,0.06839999999999691,20000.0
19774,T30TUM_20000_8,S2B_MSIL2A_20230625T110619_R137_T30TUM_20230625T164707,200,,0.0,0.0,0.27,15.35,84.3,0.0,0.02,0.05,0.01,0.0,0.0,10000,0,0.0,20000.000000000116,20000.0,0.16515064239501953,0.060000000000000005,,0.0,-0.0063,0.020000000000000018,0.08929999999999971,-0.11339999999999861,-0.0079,0.0034999999999999996,0.009300000000000003,0.0055000000000000005,0.0,0.0,0.014800000000000008,0.11339999999999861,20000.0
19780,T30TUM_20000_8,S2B_MSIL2A_20230625T110619_R137_T30TUM_20230625T164707,500,,0.0,0.0,0.25,13.8125,85.8125,0.0,0.0,0.125,0.0,0.0,0.0,1600,0,0.0,20000.000000000116,20000.0,0.16845130920410156,0.125,,0.0,-0.0063,0.0,-1.4482,1.3991000000000042,-0.0079,-0.0165,0.0843,-0.0045,0.0,0.0,0.07980000000000001,1.4482,20000.0
19786,T30TUM_20000_8,S2B_MSIL2A_20230625T110619_R137_T30TUM_20230625T164707,1000,,0.0,0.0,0.25,16.0,83.75,0.0,0.0,0.0,0.0,0.0,0.0,400,0,0.0,20000.000000000116,20000.0,0.15967488288879395,0.0,,0.0,-0.0063,0.0,0.7393000000000001,-0.6633999999999958,-0.0079,-0.0165,-0.0407,-0.0045,0.0,0.0,-0.0452,0.7393000000000001,20000.0
19789,T30TUM_20000_9,S2A_MSIL2A_20230610T110621_R137_T30TUM_20230610T202756,20,,0.0,0.0003,2.4677,1.5203,15.269,0.0001,1.1582,46.1338,27.4836,5.967,0.0,1000000,0,0.0,20000.000000000116,20000.0,0.4443368911743164,79.5844,,0.0,0.0,0.0,0.0,0.0,0.0,0.0,0.0,0.0,0.0,0.0,0.0,0.0,20000.0
19795,T30TUM_20000_9,S2A_MSIL2A_20230610T110621_R137_T30TUM_20230610T202756,50,,0.0,0.0,2.47625,1.52875,15.22875,0.0,1.1825,46.145,27.475625,5.963125,0.0,160000,0,0.0,20000.000000000116,20000.0,0.1742420196533203,79.58375000000001,,0.0,-0.0003,0.008550000000000058,0.008450000000000069,-0.04025000000000034,-0.0001,0.02430000000000021,0.01120000000000232,-0.007974999999998289,-0.003874999999999851,0.0,-0.000649999999993156,0.04025000000000034,20000.0
19801,T30TUM_20000_9,S2A_MSIL2A_20230610T110621_R137_T30TUM_20230610T202756,100,,0.0,0.0,2.4625,1.5,15.2825,0.0,1.1625,46.05,27.585,5.9575,0.0,40000,0,0.0,20000.000000000116,20000.0,0.15479493141174316,79.59249999999999,,0.0,-0.0003,-0.005199999999999871,-0.020299999999999985,0.013500000000000512,-0.0001,0.0043000000000001926,-0.08380000000000365,0.10140000000000171,-0.009500000000000064,0.0,0.008099999999984675,0.020299999999999985,20000.0
19807,T30TUM_20000_9,S2A_MSIL2A_20230610T110621_R137_T30TUM_20230610T202756,200,,0.0,0.0,2.49,1.57,15.32,0.0,1.1,46.32,27.27,5.93,0.0,10000,0,0.0,20000.000000000116,20000.0,0.1551053524017334,79.52000000000001,,0.0,-0.0003,0.02230000000000043,0.04970000000000008,0.051000000000000156,-0.0001,-0.05819999999999981,0.18619999999999948,-0.21359999999999957,-0.03699999999999992,0.0,-0.06439999999999202,0.06439999999999202,20000.0
19813,T30TUM_20000_9,S2A_MSIL2A_20230610T110621_R137_T30TUM_20230610T202756,500,,0.0,0.0,2.0625,1.5,15.6875,0.0,0.875,46.1875,27.625,6.0625,0.0,1600,0,0.0,20000.000000000116,20000.0,0.33290624618530273,79.875,,0.0,-0.0003,-0.4051999999999998,-0.020299999999999985,0.41849999999999987,-0.0001,-0.2831999999999999,0.05369999999999919,0.14140000000000086,0.09550000000000036,0.0,0.29059999999999775,0.41849999999999987,20000.0
19819,T30TUM_20000_9,S2A_MSIL2A_20230610T110621_R137_T30TUM_20230610T202756,1000,,0.0,0.0,2.0,1.0,16.25,0.0,1.75,45.75,27.75,5.5,0.0,400,0,0.0,20000.000000000116,20000.0,0.345872163772583,79.0,,0.0,-0.0003,-0.4676999999999998,-0.5203,0.9809999999999999,-0.0001,0.5918000000000001,-0.3838000000000008,0.26640000000000086,-0.46699999999999964,0.0,-0.5844000000000023,0.9809999999999999,20000.0
19791,T30TUM_20000_9,S2A_MSIL2A_20230620T110621_R137_T30TUM_20230620T202552,20,,0.0,0.0006,1.3228,3.8287,29.797,0.0005,2.9341,19.2559,22.86,20.0004,0.0,1000000,0,0.0,20000.000000000116,20000.0,0.4443368911743164,62.116299999999995,,0.0,0.0,0.0,0.0,0.0,0.0,0.0,0.0,0.0,0.0,0.0,0.0,0.0,20000.0
19797,T30TUM_20000_9,S2A_MSIL2A_20230620T110621_R137_T30TUM_20230620T202552,50,,0.0,0.00125,1.326875,3.84375,29.816875,0.000625,2.95,19.228125,22.829375,20.003125,0.0,160000,0,0.0,20000.000000000116,20000.0,0.1742420196533203,62.060625,,0.0,0.0006500000000000001,0.004075000000000051,0.015050000000000008,0.019874999999998977,0.000125,0.015900000000000247,-0.02777500000000188,-0.03062500000000057,0.0027250000000016428,0.0,-0.0556749999999937,0.0556749999999937,20000.0
19803,T30TUM_20000_9,S2A_MSIL2A_20230620T110621_R137_T30TUM_20230620T202552,100,,0.0,0.0,1.295,3.91,29.88,0.0,2.9375,19.395,22.6175,19.965,0.0,40000,0,0.0,20000.000000000116,20000.0,0.15479493141174316,61.977500000000006,,0.0,-0.0006,-0.027800000000000047,0.08130000000000015,0.08299999999999841,-0.0005,0.0034000000000000696,0.1390999999999991,-0.24249999999999972,-0.03539999999999921,0.0,-0.13879999999998915,0.13879999999998915,20000.0
19809,T30TUM_20000_9,S2A_MSIL2A_20230620T110621_R137_T30TUM_20230620T202552,200,,0.0,0.0,1.34,3.99,30.21,0.0,3.11,19.14,22.28,19.93,0.0,10000,0,0.0,20000.000000000116,20000.0,0.1551053524017334,61.35,,0.0,-0.0006,0.017200000000000104,0.16130000000000022,0.41300000000000026,-0.0005,0.17589999999999995,-0.11589999999999989,-0.5799999999999983,-0.07039999999999935,0.0,-0.766299999999994,0.766299999999994,20000.0
19815,T30TUM_20000_9,S2A_MSIL2A_20230620T110621_R137_T30TUM_20230620T202552,500,,0.0,0.0,1.5,3.6875,29.8125,0.0,3.4375,19.75,22.1875,19.625,0.0,1600,0,0.0,20000.000000000116,20000.0,0.33290624618530273,61.5625,,0.0,-0.0006,0.17720000000000002,-0.1412,0.015499999999999403,-0.0005,0.5034000000000001,0.49409999999999954,-0.6724999999999994,-0.37539999999999907,0.0,-0.5537999999999954,0.5537999999999954,20000.0
19821,T30TUM_20000_9,S2A_MSIL2A_20230620T110621_R137_T30TUM_20230620T202552,1000,,0.0,0.0,1.25,3.0,32.0,0.0,4.5,17.25,23.25,18.75,0.0,400,0,0.0,20000.000000000116,20000.0,0.345872163772583,59.25,,0.0,-0.0006,-0.07279999999999998,-0.8287,2.2029999999999994,-0.0005,1.5659,-2.0059000000000005,0.39000000000000057,-1.250399999999999,0.0,-2.8662999999999954,2.8662999999999954,20000.0
19793,T30TUM_20000_9,S2A_MSIL2A_20230630T110621_R137_T30TUM_20230630T203024,20,,0.0,0.0,0.0,14.001,83.4048,0.2347,0.0289,0.0,0.0,2.3306,0.0,1000000,0,0.0,20000.000000000116,20000.0,0.4443368911743164,2.3306,,0.0,0.0,0.0,0.0,0.0,0.0,0.0,0.0,0.0,0.0,0.0,0.0,0.0,20000.0
19799,T30TUM_20000_9,S2A_MSIL2A_20230630T110621_R137_T30TUM_20230630T203024,50,,0.0,0.0,0.0,13.99375,83.390625,0.234375,0.028125,0.0,0.0,2.353125,0.0,160000,0,0.0,20000.000000000116,20000.0,0.1742420196533203,2.353125,,0.0,0.0,0.0,-0.0072499999999990905,-0.014174999999994498,-0.00032499999999999196,-0.0007749999999999979,0.0,0.0,0.022524999999999906,0.0,0.022524999999999906,0.022524999999999906,20000.0
19805,T30TUM_20000_9,S2A_MSIL2A_20230630T110621_R137_T30TUM_20230630T203024,100,,0.0,0.0,0.0,13.9025,83.4625,0.2325,0.0325,0.0,0.0,2.37,0.0,40000,0,0.0,20000.000000000116,20000.0,0.15479493141174316,2.37,,0.0,0.0,0.0,-0.09849999999999959,0.05770000000001119,-0.0021999999999999797,0.0036000000000000025,0.0,0.0,0.0394000000000001,0.0,0.0394000000000001,0.09849999999999959,20000.0
19811,T30TUM_20000_9,S2A_MSIL2A_20230630T110621_R137_T30TUM_20230630T203024,200,,0.0,0.0,0.0,14.15,83.39,0.24,0.04,0.0,0.0,2.18,0.0,10000,0,0.0,20000.000000000116,20000.0,0.1551053524017334,2.18,,0.0,0.0,0.0,0.1490000000000009,-0.014799999999993929,0.005299999999999999,0.011100000000000002,0.0,0.0,-0.15059999999999985,0.0,-0.15059999999999985,0.15059999999999985,20000.0
19817,T30TUM_20000_9,S2A_MSIL2A_20230630T110621_R137_T30TUM_20230630T203024,500,,0.0,0.0,0.0,13.5625,84.1875,0.25,0.0,0.0,0.0,2.0,0.0,1600,0,0.0,20000.000000000116,20000.0,0.33290624618530273,2.0,,0.0,0.0,0.0,-0.43849999999999945,0.7827000000000055,0.015300000000000008,-0.0289,0.0,0.0,-0.3306,0.0,-0.3306,0.7827000000000055,20000.0
19823,T30TUM_20000_9,S2A_MSIL2A_20230630T110621_R137_T30TUM_20230630T203024,1000,,0.0,0.0,0.0,17.25,80.0,0.25,0.0,0.0,0.0,2.5,0.0,400,0,0.0,20000.000000000116,20000.0,0.345872163772583,2.5,,0.0,0.0,0.0,3.2490000000000006,-3.4047999999999945,0.015300000000000008,-0.0289,0.0,0.0,0.1694,0.0,0.1694,3.4047999999999945,20000.0
19788,T30TUM_20000_9,S2B_MSIL2A_20230605T110619_R137_T30TUM_20230605T163049,20,,0.0,0.0,7.3449,2.7548,46.8884,0.2338,0.3145,8.9629,8.5769,24.9238,0.0,1000000,0,0.0,20000.000000000116,20000.0,0.4443368911743164,42.4636,,0.0,0.0,0.0,0.0,0.0,0.0,0.0,0.0,0.0,0.0,0.0,0.0,0.0,20000.0
19794,T30TUM_20000_9,S2B_MSIL2A_20230605T110619_R137_T30TUM_20230605T163049,50,,0.0,0.0,7.340625,2.755625,46.840625,0.23375,0.31625,8.966875,8.593125,24.953125,0.0,160000,0,0.0,20000.000000000116,20000.0,0.1742420196533203,42.513125,,0.0,0.0,-0.004274999999999807,0.0008250000000002977,-0.04777499999999435,-4.999999999999449e-05,0.0017499999999999738,0.003975000000000506,0.016225000000000378,0.029325000000000045,0.0,0.049525000000002706,0.049525000000002706,20000.0
19800,T30TUM_20000_9,S2B_MSIL2A_20230605T110619_R137_T30TUM_20230605T163049,100,,0.0,0.0,7.2825,2.66,46.8525,0.235,0.2875,9.01,8.6075,25.065,0.0,40000,0,0.0,20000.000000000116,20000.0,0.15479493141174316,42.682500000000005,,0.0,0.0,-0.06240000000000023,-0.09479999999999977,-0.035899999999998045,0.0011999999999999789,-0.027000000000000024,0.047100000000000364,0.03059999999999974,0.14120000000000132,0.0,0.21890000000000498,0.21890000000000498,20000.0
19806,T30TUM_20000_9,S2B_MSIL2A_20230605T110619_R137_T30TUM_20230605T163049,200,,0.0,0.0,7.44,2.76,46.81,0.23,0.39,9.1,8.48,24.79,0.0,10000,0,0.0,20000.000000000116,20000.0,0.1551053524017334,42.37,,0.0,0.0,0.0951000000000004,0.005199999999999871,-0.07839999999999492,-0.003799999999999998,0.07550000000000001,0.13710000000000022,-0.09689999999999976,-0.1338000000000008,0.0,-0.09360000000000213,0.0951000000000004,20000.0
19812,T30TUM_20000_9,S2B_MSIL2A_20230605T110619_R137_T30TUM_20230605T163049,500,,0.0,0.0,7.3125,2.5,46.875,0.25,0.5,9.8125,8.125,24.625,0.0,1600,0,0.0,20000.000000000116,20000.0,0.33290624618530273,42.5625,,0.0,0.0,-0.032399999999999984,-0.2547999999999999,-0.013399999999997192,0.016199999999999992,0.1855,0.8496000000000006,-0.4519000000000002,-0.29879999999999995,0.0,0.09890000000000043,0.2547999999999999,20000.0
19818,T30TUM_20000_9,S2B_MSIL2A_20230605T110619_R137_T30TUM_20230605T163049,1000,,0.0,0.0,7.5,2.0,48.5,0.25,1.25,8.75,7.25,24.5,0.0,400,0,0.0,20000.000000000116,20000.0,0.345872163772583,40.5,,0.0,0.0,0.15510000000000002,-0.7547999999999999,1.6116000000000028,0.016199999999999992,0.9355,-0.21289999999999942,-1.3269000000000002,-0.42379999999999995,0.0,-1.9635999999999996,1.9635999999999996,20000.0
19790,T30TUM_20000_9,S2B_MSIL2A_20230615T110629_R137_T30TUM_20230615T205813,20,,0.0,0.0032,0.2629,12.5732,86.6987,0.2355,0.1453,0.0763,0.0049,0.0,0.0,1000000,0,0.0,20000.000000000116,20000.0,0.4443368911743164,0.08120000000000001,,0.0,0.0,0.0,0.0,0.0,0.0,0.0,0.0,0.0,0.0,0.0,0.0,0.0,20000.0
19796,T30TUM_20000_9,S2B_MSIL2A_20230615T110629_R137_T30TUM_20230615T205813,50,,0.0,0.003125,0.265625,12.583125,86.67875,0.236875,0.153125,0.075625,0.00375,0.0,0.0,160000,0,0.0,20000.000000000116,20000.0,0.1742420196533203,0.079375,,0.0,-7.499999999999998e-05,0.0027249999999999774,0.00992500000000085,-0.019950000000008572,0.001375000000000015,0.007824999999999999,-0.0006750000000000089,-0.00115,0.0,0.0,-0.0018250000000000072,0.019950000000008572,20000.0
19802,T30TUM_20000_9,S2B_MSIL2A_20230615T110629_R137_T30TUM_20230615T205813,100,,0.0,0.0025,0.265,12.5025,86.7725,0.235,0.1425,0.0725,0.0075,0.0,0.0,40000,0,0.0,20000.000000000116,20000.0,0.15479493141174316,0.07999999999999999,,0.0,-0.0007000000000000001,0.0020999999999999908,-0.07070000000000043,0.07379999999999143,-0.0005000000000000004,-0.0028000000000000247,-0.0038000000000000117,0.0026,0.0,0.0,-0.0012000000000000205,0.07379999999999143,20000.0
19808,T30TUM_20000_9,S2B_MSIL2A_20230615T110629_R137_T30TUM_20230615T205813,200,,0.0,0.0,0.26,12.53,86.68,0.24,0.19,0.09,0.01,0.0,0.0,10000,0,0.0,20000.000000000116,20000.0,0.1551053524017334,0.09999999999999999,,0.0,-0.0032,-0.0029000000000000137,-0.04320000000000057,-0.018699999999995498,0.004500000000000004,0.04469999999999999,0.01369999999999999,0.0051,0.0,0.0,0.018799999999999983,0.04469999999999999,20000.0
19814,T30TUM_20000_9,S2B_MSIL2A_20230615T110629_R137_T30TUM_20230615T205813,500,,0.0,0.0,0.125,12.125,87.25,0.25,0.125,0.125,0.0,0.0,0.0,1600,0,0.0,20000.000000000116,20000.0,0.33290624618530273,0.125,,0.0,-0.0032,-0.13790000000000002,-0.44819999999999993,0.5512999999999977,0.014500000000000013,-0.020300000000000012,0.04869999999999999,-0.0049,0.0,0.0,0.04379999999999999,0.5512999999999977,20000.0
19820,T30TUM_20000_9,S2B_MSIL2A_20230615T110629_R137_T30TUM_20230615T205813,1000,,0.0,0.0,0.25,13.25,85.75,0.25,0.5,0.0,0.0,0.0,0.0,400,0,0.0,20000.000000000116,20000.0,0.345872163772583,0.0,,0.0,-0.0032,-0.012900000000000023,0.6768000000000001,-0.9487000000000023,0.014500000000000013,0.3547,-0.0763,-0.0049,0.0,0.0,-0.08120000000000001,0.9487000000000023,20000.0
19792,T30TUM_20000_9,S2B_MSIL2A_20230625T110619_R137_T30TUM_20230625T164707,20,,0.0,0.0,0.0,15.5166,84.2644,0.2089,0.0101,0.0,0.0,0.0,0.0,1000000,0,0.0,20000.000000000116,20000.0,0.4443368911743164,0.0,,0.0,0.0,0.0,0.0,0.0,0.0,0.0,0.0,0.0,0.0,0.0,0.0,0.0,20000.0
19798,T30TUM_20000_9,S2B_MSIL2A_20230625T110619_R137_T30TUM_20230625T164707,50,,0.0,0.0,0.0,15.486875,84.295,0.208125,0.01,0.0,0.0,0.0,0.0,160000,0,0.0,20000.000000000116,20000.0,0.1742420196533203,0.0,,0.0,0.0,0.0,-0.02972500000000089,0.030600000000006844,-0.0007749999999999979,-9.99999999999994e-05,0.0,0.0,0.0,0.0,0.0,0.030600000000006844,20000.0
19804,T30TUM_20000_9,S2B_MSIL2A_20230625T110619_R137_T30TUM_20230625T164707,100,,0.0,0.0,0.0,15.3775,84.4,0.2075,0.015,0.0,0.0,0.0,0.0,40000,0,0.0,20000.000000000116,20000.0,0.15479493141174316,0.0,,0.0,0.0,0.0,-0.1391000000000009,0.13560000000001082,-0.0014000000000000123,0.0049,0.0,0.0,0.0,0.0,0.0,0.1391000000000009,20000.0
19810,T30TUM_20000_9,S2B_MSIL2A_20230625T110619_R137_T30TUM_20230625T164707,200,,0.0,0.0,0.0,15.47,84.31,0.21,0.01,0.0,0.0,0.0,0.0,10000,0,0.0,20000.000000000116,20000.0,0.1551053524017334,0.0,,0.0,0.0,0.0,-0.04659999999999975,0.04560000000000741,0.0010999999999999899,-9.99999999999994e-05,0.0,0.0,0.0,0.0,0.0,0.04659999999999975,20000.0
19816,T30TUM_20000_9,S2B_MSIL2A_20230625T110619_R137_T30TUM_20230625T164707,500,,0.0,0.0,0.0,15.6875,84.1875,0.125,0.0,0.0,0.0,0.0,0.0,1600,0,0.0,20000.000000000116,20000.0,0.33290624618530273,0.0,,0.0,0.0,0.0,0.1708999999999996,-0.07689999999999486,-0.0839,-0.0101,0.0,0.0,0.0,0.0,0.0,0.1708999999999996,20000.0
19822,T30TUM_20000_9,S2B_MSIL2A_20230625T110619_R137_T30TUM_20230625T164707,1000,,0.0,0.0,0.0,17.25,82.5,0.25,0.0,0.0,0.0,0.0,0.0,400,0,0.0,20000.000000000116,20000.0,0.345872163772583,0.0,,0.0,0.0,0.0,1.7333999999999996,-1.7643999999999949,0.0411,-0.0101,0.0,0.0,0.0,0.0,0.0,1.7643999999999949,20000.0
20761,T30TUM_40000_0,S2A_MSIL2A_20230610T110621_R137_T30TUM_20230610T202756,20,,0.0,0.0057,5.8126,6.366975,17.1448,0.02425,0.315475,20.84425,40.0058,9.48015,0.0,4000000,0,0.0,40000.0,40000.00000000186,0.961327314376831,70.33019999999999,,0.0,0.0,0.0,0.0,0.0,0.0,0.0,0.0,0.0,0.0,0.0,0.0,0.0,40000.0
20767,T30TUM_40000_0,S2A_MSIL2A_20230610T110621_R137_T30TUM_20230610T202756,50,,0.0,0.00625,5.8128125,6.378125,17.16234375,0.0259375,0.3140625,20.8078125,39.9975,9.49515625,0.0,640000,0,0.0,40000.0,40000.00000000186,0.428558349609375,70.30046875,,0.0,0.0005500000000000001,0.00021249999999994884,0.011149999999999771,0.017543750000001523,0.001687499999999998,-0.0014124999999999832,-0.036437499999998124,-0.00829999999999842,0.015006250000000776,0.0,-0.029731249999997544,0.029731249999997544,40000.0
20773,T30TUM_40000_0,S2A_MSIL2A_20230610T110621_R137_T30TUM_20230610T202756,100,,0.0,0.004375,5.81875,6.405,17.14125,0.02625,0.309375,20.835625,39.96125,9.498125,0.0,160000,0,0.0,40000.0,40000.00000000186,0.3469870090484619,70.295,,0.0,-0.0013249999999999998,0.006149999999999878,0.0380250000000002,-0.0035500000000006082,0.0019999999999999983,-0.006099999999999994,-0.00862499999999855,-0.04455000000000098,0.017974999999999852,0.0,-0.03519999999998902,0.0380250000000002,40000.0
20779,T30TUM_40000_0,S2A_MSIL2A_20230610T110621_R137_T30TUM_20230610T202756,200,,0.0,0.0075,5.8075,6.4225,17.23,0.0225,0.3525,20.7125,40.0425,9.4025,0.0,40000,0,0.0,40000.0,40000.00000000186,0.3230011463165283,70.1575,,0.0,0.0017999999999999995,-0.00509999999999966,0.05552500000000027,0.08520000000000039,-0.0017500000000000016,0.037024999999999975,-0.13175000000000026,0.03669999999999618,-0.07765000000000022,0.0,-0.17269999999999186,0.17269999999999186,40000.0
20785,T30TUM_40000_0,S2A_MSIL2A_20230610T110621_R137_T30TUM_20230610T202756,500,,0.0,0.015625,5.828125,6.578125,17.21875,0.015625,0.421875,19.96875,40.5625,9.390625,0.0,6400,0,0.0,40000.0,40000.00000000186,0.622983455657959,69.921875,,0.0,0.009925,0.015525000000000233,0.21114999999999995,0.07394999999999996,-0.008625,0.1064,-0.8754999999999988,0.5566999999999993,-0.08952500000000008,0.0,-0.4083249999999907,0.4083249999999907,40000.0
20791,T30TUM_40000_0,S2A_MSIL2A_20230610T110621_R137_T30TUM_20230610T202756,1000,,0.0,0.0,5.6875,7.75,16.0625,0.0,0.375,21.75,39.9375,8.4375,0.0,1600,0,0.0,40000.0,40000.00000000186,0.3065178394317627,70.125,,0.0,-0.0057,-0.12509999999999977,1.383025,-1.0823,-0.02425,0.059524999999999995,0.9057500000000012,-0.0683000000000007,-1.04265,0.0,-0.20519999999999072,1.383025,40000.0
20763,T30TUM_40000_0,S2A_MSIL2A_20230620T110621_R137_T30TUM_20230620T202552,20,,0.0,0.000525,0.613425,2.3011,11.31935,0.041225,1.268975,22.7399,48.393775,13.321725,0.0,4000000,0,0.0,40000.0,40000.00000000186,0.961327314376831,84.4554,,0.0,0.0,0.0,0.0,0.0,0.0,0.0,0.0,0.0,0.0,0.0,0.0,0.0,40000.0
20769,T30TUM_40000_0,S2A_MSIL2A_20230620T110621_R137_T30TUM_20230620T202552,50,,0.0,0.00046875,0.61765625,2.299375,11.3125,0.04328125,1.26765625,22.74296875,48.4109375,13.30515625,0.0,640000,0,0.0,40000.0,40000.00000000186,0.428558349609375,84.4590625,,0.0,-5.6249999999999985e-05,0.00423125000000002,-0.0017249999999999766,-0.006850000000000023,0.0020562500000000025,-0.0013187500000000352,0.0030687500000006196,0.017162500000004854,-0.01656875000000113,0.0,0.003662500000004343,0.006850000000000023,40000.0
20775,T30TUM_40000_0,S2A_MSIL2A_20230620T110621_R137_T30TUM_20230620T202552,100,,0.0,0.0,0.625,2.3025,11.304375,0.044375,1.26875,22.756875,48.436875,13.26125,0.0,160000,0,0.0,40000.0,40000.00000000186,0.3469870090484619,84.455,,0.0,-0.000525,0.011575000000000002,0.00140000000000029,-0.014974999999999739,0.00315,-0.0002249999999999197,0.016975000000002183,0.04310000000000258,-0.06047500000000028,0.0,-0.00039999999999906777,0.014974999999999739,40000.0
20781,T30TUM_40000_0,S2A_MSIL2A_20230620T110621_R137_T30TUM_20230620T202552,200,,0.0,0.0,0.6175,2.2975,11.3775,0.04,1.275,22.7875,48.35,13.255,0.0,40000,0,0.0,40000.0,40000.00000000186,0.3230011463165283,84.3925,,0.0,-0.000525,0.004075000000000051,-0.0036000000000000476,0.05814999999999948,-0.001224999999999997,0.006024999999999947,0.04760000000000275,-0.04377499999999657,-0.06672499999999992,0.0,-0.06289999999999907,0.06289999999999907,40000.0
20787,T30TUM_40000_0,S2A_MSIL2A_20230620T110621_R137_T30TUM_20230620T202552,500,,0.0,0.0,0.578125,2.375,11.578125,0.03125,1.03125,23.078125,47.890625,13.4375,0.0,6400,0,0.0,40000.0,40000.00000000186,0.622983455657959,84.40625,,0.0,-0.000525,-0.0353,0.07390000000000008,0.258775,-0.009974999999999998,-0.23772499999999996,0.33822500000000133,-0.503149999999998,0.1157749999999993,0.0,-0.04914999999999736,0.258775,40000.0
20793,T30TUM_40000_0,S2A_MSIL2A_20230620T110621_R137_T30TUM_20230620T202552,1000,,0.0,0.0,0.5,2.125,11.8125,0.125,1.25,21.6875,49.0625,13.4375,0.0,1600,0,0.0,40000.0,40000.00000000186,0.3065178394317627,84.1875,,0.0,-0.000525,-0.113425,-0.17609999999999992,0.49315,0.083775,-0.018974999999999964,-1.0523999999999987,0.668725000000002,0.1157749999999993,0.0,-0.26789999999999736,0.49315,40000.0
20765,T30TUM_40000_0,S2A_MSIL2A_20230630T110621_R137_T30TUM_20230630T203024,20,,0.0,0.005075,0.0,17.021075,80.56295,0.1008,0.01345,0.00025,0.000275,2.296125,0.0,4000000,0,0.0,40000.0,40000.00000000186,0.961327314376831,2.29665,,0.0,0.0,0.0,0.0,0.0,0.0,0.0,0.0,0.0,0.0,0.0,0.0,0.0,40000.0
20771,T30TUM_40000_0,S2A_MSIL2A_20230630T110621_R137_T30TUM_20230630T203024,50,,0.0,0.0059375,0.0,17.05515625,80.53421875,0.1025,0.01421875,0.0,0.00015625,2.2878125,0.0,640000,0,0.0,40000.0,40000.00000000186,0.428558349609375,2.2879687499999997,,0.0,0.0008625000000000004,0.0,0.03408124999999984,-0.02873125000000698,0.0016999999999999932,0.0007687500000000003,-0.00025,-0.00011875000000000001,-0.008312500000000167,0.0,-0.008681250000000418,0.03408124999999984,40000.0
20777,T30TUM_40000_0,S2A_MSIL2A_20230630T110621_R137_T30TUM_20230630T203024,100,,0.0,0.003125,0.0,17.1275,80.491875,0.105625,0.013125,0.0,0.0,2.25875,0.0,160000,0,0.0,40000.0,40000.00000000186,0.3469870090484619,2.25875,,0.0,-0.0019499999999999995,0.0,0.10642500000000155,-0.07107500000000755,0.004824999999999996,-0.00032500000000000064,-0.00025,-0.000275,-0.037374999999999936,0.0,-0.037900000000000045,0.10642500000000155,40000.0
20783,T30TUM_40000_0,S2A_MSIL2A_20230630T110621_R137_T30TUM_20230630T203024,200,,0.0,0.0025,0.0,17.2575,80.37,0.0875,0.015,0.0,0.0025,2.265,0.0,40000,0,0.0,40000.0,40000.00000000186,0.3230011463165283,2.2675,,0.0,-0.0025749999999999996,0.0,0.23642500000000055,-0.19294999999999618,-0.013300000000000006,0.0015499999999999993,-0.00025,0.002225,-0.031124999999999847,0.0,-0.02915000000000001,0.23642500000000055,40000.0
20789,T30TUM_40000_0,S2A_MSIL2A_20230630T110621_R137_T30TUM_20230630T203024,500,,0.0,0.0,0.0,17.359375,80.171875,0.125,0.0,0.0,0.0,2.34375,0.0,6400,0,0.0,40000.0,40000.00000000186,0.622983455657959,2.34375,,0.0,-0.005075,0.0,0.33830000000000027,-0.3910750000000007,0.0242,-0.01345,-0.00025,-0.000275,0.04762500000000003,0.0,0.04709999999999992,0.3910750000000007,40000.0
20795,T30TUM_40000_0,S2A_MSIL2A_20230630T110621_R137_T30TUM_20230630T203024,1000,,0.0,0.0,0.0,17.5625,79.9375,0.125,0.0,0.0,0.0,2.375,0.0,1600,0,0.0,40000.0,40000.00000000186,0.3065178394317627,2.375,,0.0,-0.005075,0.0,0.5414250000000003,-0.6254500000000007,0.0242,-0.01345,-0.00025,-0.000275,0.07887500000000003,0.0,0.07834999999999992,0.6254500000000007,40000.0
20760,T30TUM_40000_0,S2B_MSIL2A_20230605T110619_R137_T30TUM_20230605T163049,20,,0.0,0.00975,8.977625,11.752325,41.0793,0.06855,0.285775,9.21025,10.1677,18.448725,0.0,4000000,0,0.0,40000.0,40000.00000000186,0.961327314376831,37.826674999999994,,0.0,0.0,0.0,0.0,0.0,0.0,0.0,0.0,0.0,0.0,0.0,0.0,0.0,40000.0
20766,T30TUM_40000_0,S2B_MSIL2A_20230605T110619_R137_T30TUM_20230605T163049,50,,0.0,0.0090625,8.9803125,11.7753125,41.06984375,0.070625,0.28640625,9.21078125,10.159375,18.43828125,0.0,640000,0,0.0,40000.0,40000.00000000186,0.428558349609375,37.8084375,,0.0,-0.0006875000000000006,0.002687500000000398,0.022987499999999272,-0.009456250000006605,0.0020749999999999935,0.0006312499999999721,0.0005312499999998721,-0.00832499999999925,-0.010443750000000307,0.0,-0.018237499999997908,0.022987499999999272,40000.0
20772,T30TUM_40000_0,S2B_MSIL2A_20230605T110619_R137_T30TUM_20230605T163049,100,,0.0,0.01,8.945625,11.825625,41.08875,0.07875,0.290625,9.21125,10.145625,18.40375,0.0,160000,0,0.0,40000.0,40000.00000000186,0.3469870090484619,37.760625000000005,,0.0,0.0002500000000000002,-0.03200000000000003,0.0732999999999997,0.009449999999993963,0.0102,0.004850000000000021,0.0009999999999994458,-0.02207499999999918,-0.044975000000000875,0.0,-0.06604999999998995,0.0732999999999997,40000.0
20778,T30TUM_40000_0,S2B_MSIL2A_20230605T110619_R137_T30TUM_20230605T163049,200,,0.0,0.005,8.9675,11.7625,41.07,0.0675,0.3325,9.2775,10.1825,18.335,0.0,40000,0,0.0,40000.0,40000.00000000186,0.3230011463165283,37.795,,0.0,-0.00475,-0.010125000000000384,0.01017499999999849,-0.009300000000003195,-0.0010499999999999954,0.046725000000000017,0.06724999999999959,0.014799999999999258,-0.11372499999999874,0.0,-0.03167499999999279,0.046725000000000017,40000.0
20784,T30TUM_40000_0,S2B_MSIL2A_20230605T110619_R137_T30TUM_20230605T163049,500,,0.0,0.0,9.09375,11.890625,40.734375,0.0625,0.25,9.046875,10.46875,18.453125,0.0,6400,0,0.0,40000.0,40000.00000000186,0.622983455657959,37.96875,,0.0,-0.00975,0.11612500000000026,0.1382999999999992,-0.3449250000000035,-0.00605,-0.035775,-0.16337500000000027,0.30105000000000004,0.004400000000000404,0.0,0.1420750000000055,0.3449250000000035,40000.0
20790,T30TUM_40000_0,S2B_MSIL2A_20230605T110619_R137_T30TUM_20230605T163049,1000,,0.0,0.0,9.4375,13.625,39.9375,0.125,0.125,9.375,9.625,17.75,0.0,1600,0,0.0,40000.0,40000.00000000186,0.3065178394317627,36.75,,0.0,-0.00975,0.45987500000000026,1.8726749999999992,-1.1418000000000035,0.05645,-0.160775,0.16474999999999973,-0.5427,-0.6987249999999996,0.0,-1.0766749999999945,1.8726749999999992,40000.0
20762,T30TUM_40000_0,S2B_MSIL2A_20230615T110629_R137_T30TUM_20230615T205813,20,,0.0,0.033725,7.46855,17.1873,61.42115,0.1226,0.55265,7.016575,6.19655,0.0009,0.0,4000000,0,0.0,40000.0,40000.00000000186,0.961327314376831,13.214025,,0.0,0.0,0.0,0.0,0.0,0.0,0.0,0.0,0.0,0.0,0.0,0.0,0.0,40000.0
20768,T30TUM_40000_0,S2B_MSIL2A_20230615T110629_R137_T30TUM_20230615T205813,50,,0.0,0.03515625,7.46453125,17.1734375,61.43453125,0.12359375,0.553125,7.0128125,6.20234375,0.00046875,0.0,640000,0,0.0,40000.0,40000.00000000186,0.428558349609375,13.215625,,0.0,0.001431250000000002,-0.004018749999999294,-0.013862500000001887,0.013381250000001899,0.0009937500000000016,0.0004750000000000032,-0.003762499999999669,0.005793749999999598,-0.00043125,0.0,0.0015999999999998238,0.013862500000001887,40000.0
20774,T30TUM_40000_0,S2B_MSIL2A_20230615T110629_R137_T30TUM_20230615T205813,100,,0.0,0.035625,7.455,17.248125,61.38,0.1275,0.563125,7.00375,6.186875,0.0,0.0,160000,0,0.0,40000.0,40000.00000000186,0.3469870090484619,13.190625,,0.0,0.001899999999999999,-0.013549999999999507,0.06082500000000124,-0.04114999999999469,0.004900000000000002,0.010475000000000012,-0.01282499999999942,-0.009675000000000544,-0.0009,0.0,-0.023399999999998755,0.06082500000000124,40000.0
20780,T30TUM_40000_0,S2B_MSIL2A_20230615T110629_R137_T30TUM_20230615T205813,200,,0.0,0.035,7.4325,17.2475,61.38,0.115,0.545,7.12,6.1225,0.0025,0.0,40000,0,0.0,40000.0,40000.00000000186,0.3230011463165283,13.245,,0.0,0.0012750000000000053,-0.03604999999999947,0.060199999999998255,-0.04114999999999469,-0.007599999999999996,-0.007649999999999935,0.10342500000000054,-0.07405000000000062,0.0016,0.0,0.030974999999999753,0.060199999999998255,40000.0
20786,T30TUM_40000_0,S2B_MSIL2A_20230615T110629_R137_T30TUM_20230615T205813,500,,0.0,0.015625,7.359375,17.046875,61.71875,0.140625,0.5,7.078125,6.140625,0.0,0.0,6400,0,0.0,40000.0,40000.00000000186,0.622983455657959,13.21875,,0.0,-0.018099999999999998,-0.10917499999999958,-0.14042500000000047,0.29760000000000275,0.018025,-0.052649999999999975,0.06155000000000044,-0.055925000000000225,-0.0009,0.0,0.004725000000000534,0.29760000000000275,40000.0
20792,T30TUM_40000_0,S2B_MSIL2A_20230615T110629_R137_T30TUM_20230615T205813,1000,,0.0,0.1875,7.5625,18.8125,59.625,0.125,0.375,7.25,6.0,0.0625,0.0,1600,0,0.0,40000.0,40000.00000000186,0.3065178394317627,13.3125,,0.0,0.153775,0.09395000000000042,1.6251999999999995,-1.7961499999999972,0.0023999999999999994,-0.17764999999999997,0.23342500000000044,-0.19655000000000022,0.0616,0.0,0.09847500000000053,1.7961499999999972,40000.0
20764,T30TUM_40000_0,S2B_MSIL2A_20230625T110619_R137_T30TUM_20230625T164707,20,,0.0,0.003475,0.1338,17.629025,81.980025,0.105475,0.0211,0.09585,0.031,0.00025,0.0,4000000,0,0.0,40000.0,40000.00000000186,0.961327314376831,0.12710000000000002,,0.0,0.0,0.0,0.0,0.0,0.0,0.0,0.0,0.0,0.0,0.0,0.0,0.0,40000.0
20770,T30TUM_40000_0,S2B_MSIL2A_20230625T110619_R137_T30TUM_20230625T164707,50,,0.0,0.00359375,0.13125,17.635,81.975,0.10734375,0.02171875,0.09421875,0.0315625,0.0003125,0.0,640000,0,0.0,40000.0,40000.00000000186,0.428558349609375,0.12609375,,0.0,0.00011875000000000037,-0.0025499999999999967,0.00597500000000295,-0.005025000000003388,0.0018687500000000024,0.0006187499999999978,-0.0016312500000000008,0.0005625000000000005,6.25e-05,0.0,-0.001006250000000014,0.00597500000000295,40000.0
20776,T30TUM_40000_0,S2B_MSIL2A_20230625T110619_R137_T30TUM_20230625T164707,100,,0.0,0.0025,0.13125,17.743125,81.86875,0.113125,0.018125,0.090625,0.031875,0.000625,0.0,160000,0,0.0,40000.0,40000.00000000186,0.3469870090484619,0.123125,,0.0,-0.0009749999999999997,-0.0025499999999999967,0.11410000000000053,-0.11127499999999202,0.007650000000000004,-0.002975000000000002,-0.005225000000000007,0.0008750000000000008,0.000375,0.0,-0.00397500000000002,0.11410000000000053,40000.0
20782,T30TUM_40000_0,S2B_MSIL2A_20230625T110619_R137_T30TUM_20230625T164707,200,,0.0,0.0,0.13,17.7525,81.8775,0.09,0.0175,0.1025,0.0275,0.0025,0.0,40000,0,0.0,40000.0,40000.00000000186,0.3230011463165283,0.1325,,0.0,-0.003475,-0.003799999999999998,0.12347500000000267,-0.10252499999999998,-0.015475000000000003,-0.003599999999999999,0.006649999999999989,-0.0034999999999999996,0.0022500000000000003,0.0,0.005399999999999988,0.12347500000000267,40000.0
20788,T30TUM_40000_0,S2B_MSIL2A_20230625T110619_R137_T30TUM_20230625T164707,500,,0.0,0.0,0.140625,17.890625,81.703125,0.125,0.015625,0.109375,0.015625,0.0,0.0,6400,0,0.0,40000.0,40000.00000000186,0.622983455657959,0.125,,0.0,-0.003475,0.006824999999999998,0.2616000000000014,-0.2768999999999977,0.019525,-0.005475000000000001,0.013524999999999995,-0.015375,-0.00025,0.0,-0.0021000000000000185,0.2768999999999977,40000.0
20794,T30TUM_40000_0,S2B_MSIL2A_20230625T110619_R137_T30TUM_20230625T164707,1000,,0.0,0.0,0.0,18.5,81.1875,0.125,0.0,0.1875,0.0,0.0,0.0,1600,0,0.0,40000.0,40000.00000000186,0.3065178394317627,0.1875,,0.0,-0.003475,-0.1338,0.8709750000000014,-0.7925249999999977,0.019525,-0.0211,0.09165,-0.031,-0.00025,0.0,0.06039999999999998,0.8709750000000014,40000.0
20797,T30TUM_40000_1,S2A_MSIL2A_20230610T110621_R137_T30TUM_20230610T202756,20,,0.0,0.001875,6.105075,2.97775,22.059025,0.000175,0.900225,27.462725,33.3223,7.17085,0.0,4000000,0,0.0,40000.00000000006,40000.0,1.0339133739471436,67.95587499999999,,0.0,0.0,0.0,0.0,0.0,0.0,0.0,0.0,0.0,0.0,0.0,0.0,0.0,40000.0
20803,T30TUM_40000_1,S2A_MSIL2A_20230610T110621_R137_T30TUM_20230610T202756,50,,0.0,0.001875,6.11390625,2.965625,22.0425,0.00015625,0.9015625,27.45734375,33.34109375,7.1759375,0.0,640000,0,0.0,40000.00000000006,40000.0,0.4023416042327881,67.974375,,0.0,0.0,0.008831250000000068,-0.01212499999999972,-0.016524999999997902,-1.8749999999999995e-05,0.0013374999999999915,-0.005381249999999227,0.018793750000000387,0.005087500000000134,0.0,0.01850000000000307,0.01850000000000307,40000.0
20809,T30TUM_40000_1,S2A_MSIL2A_20230610T110621_R137_T30TUM_20230610T202756,100,,0.0,0.001875,6.114375,2.935625,22.05875,0.0,0.9025,27.46625,33.335625,7.185,0.0,160000,0,0.0,40000.00000000006,40000.0,0.5465776920318604,67.986875,,0.0,0.0,0.009299999999999642,-0.04212499999999997,-0.0002749999999984709,-0.000175,0.002274999999999916,0.0035249999999997783,0.013325000000001808,0.014149999999999885,0.0,0.03100000000000591,0.04212499999999997,40000.0
20815,T30TUM_40000_1,S2A_MSIL2A_20230610T110621_R137_T30TUM_20230610T202756,200,,0.0,0.005,6.0625,3.0075,21.8375,0.0,0.95,27.6,33.4375,7.1,0.0,40000,0,0.0,40000.00000000006,40000.0,0.31439709663391113,68.1375,,0.0,0.003125,-0.04257500000000025,0.029749999999999943,-0.22152499999999975,-0.000175,0.0497749999999999,0.13727500000000248,0.11520000000000152,-0.07085000000000008,0.0,0.18162500000001103,0.22152499999999975,40000.0
20821,T30TUM_40000_1,S2A_MSIL2A_20230610T110621_R137_T30TUM_20230610T202756,500,,0.0,0.0,5.96875,2.8125,22.15625,0.0,0.953125,26.796875,34.09375,7.21875,0.0,6400,0,0.0,40000.00000000006,40000.0,0.3420419692993164,68.109375,,0.0,-0.001875,-0.13632500000000025,-0.1652499999999999,0.09722500000000167,-0.000175,0.05289999999999995,-0.6658499999999989,0.7714500000000015,0.047900000000000276,0.0,0.15350000000000819,0.1652499999999999,40000.0
20827,T30TUM_40000_1,S2A_MSIL2A_20230610T110621_R137_T30TUM_20230610T202756,1000,,0.0,0.0,5.5625,2.0,22.25,0.0,1.125,28.9375,33.3125,6.8125,0.0,1600,0,0.0,40000.00000000006,40000.0,0.3048069477081299,69.0625,,0.0,-0.001875,-0.5425750000000003,-0.9777499999999999,0.19097500000000167,-0.000175,0.22477499999999995,1.474775000000001,-0.009799999999998477,-0.3583499999999997,0.0,1.1066250000000082,1.1066250000000082,40000.0
20799,T30TUM_40000_1,S2A_MSIL2A_20230620T110621_R137_T30TUM_20230620T202552,20,,0.0,0.001275,0.658925,2.784975,18.143625,0.000225,1.65895,23.6569,27.86415,25.230975,0.0,4000000,0,0.0,40000.00000000006,40000.0,1.0339133739471436,76.752025,,0.0,0.0,0.0,0.0,0.0,0.0,0.0,0.0,0.0,0.0,0.0,0.0,0.0,40000.0
20805,T30TUM_40000_1,S2A_MSIL2A_20230620T110621_R137_T30TUM_20230620T202552,50,,0.0,0.00125,0.66203125,2.77765625,18.1665625,0.0003125,1.66734375,23.6203125,27.87640625,25.228125,0.0,640000,0,0.0,40000.00000000006,40000.0,0.4023416042327881,76.72484374999999,,0.0,-2.5000000000000066e-05,0.003106249999999977,-0.0073187500000000405,0.022937500000001165,8.750000000000001e-05,0.008393749999999978,-0.03658749999999955,0.01225625000000008,-0.0028500000000022396,0.0,-0.02718125000001237,0.02718125000001237,40000.0
20811,T30TUM_40000_1,S2A_MSIL2A_20230620T110621_R137_T30TUM_20230620T202552,100,,0.0,0.00125,0.658125,2.831875,18.156875,0.0,1.63625,23.67125,27.84125,25.203125,0.0,160000,0,0.0,40000.00000000006,40000.0,0.5465776920318604,76.715625,,0.0,-2.5000000000000066e-05,-0.0008000000000000229,0.04689999999999994,0.013249999999999318,-0.000225,-0.022699999999999942,0.014350000000000307,-0.02289999999999992,-0.02785000000000082,0.0,-0.03640000000000043,0.04689999999999994,40000.0
20817,T30TUM_40000_1,S2A_MSIL2A_20230620T110621_R137_T30TUM_20230620T202552,200,,0.0,0.0,0.665,2.9075,18.195,0.0,1.735,23.59,27.7125,25.195,0.0,40000,0,0.0,40000.00000000006,40000.0,0.31439709663391113,76.4975,,0.0,-0.001275,0.006075000000000053,0.122525,0.05137500000000017,-0.000225,0.07605000000000017,-0.0669000000000004,-0.15165000000000006,-0.035975000000000534,0.0,-0.254525000000001,0.254525000000001,40000.0
20823,T30TUM_40000_1,S2A_MSIL2A_20230620T110621_R137_T30TUM_20230620T202552,500,,0.0,0.0,0.671875,2.78125,18.421875,0.0,1.8125,23.703125,27.484375,25.125,0.0,6400,0,0.0,40000.00000000006,40000.0,0.3420419692993164,76.3125,,0.0,-0.001275,0.012950000000000017,-0.0037250000000002004,0.2782499999999999,-0.000225,0.15355000000000008,0.04622499999999974,-0.37977499999999864,-0.10597500000000082,0.0,-0.4395250000000033,0.4395250000000033,40000.0
20829,T30TUM_40000_1,S2A_MSIL2A_20230620T110621_R137_T30TUM_20230620T202552,1000,,0.0,0.0,0.5625,2.3125,19.0625,0.0,2.3125,22.625,28.4375,24.6875,0.0,1600,0,0.0,40000.00000000006,40000.0,0.3048069477081299,75.75,,0.0,-0.001275,-0.09642499999999998,-0.4724750000000002,0.9188749999999999,-0.000225,0.6535500000000001,-1.0319000000000003,0.5733500000000014,-0.5434750000000008,0.0,-1.0020250000000033,1.0020250000000033,40000.0
20801,T30TUM_40000_1,S2A_MSIL2A_20230630T110621_R137_T30TUM_20230630T203024,20,,0.0,0.0,0.0,8.774125,65.66615,0.058675,0.008275,0.0055,0.0015,25.485775,0.0,4000000,0,0.0,40000.00000000006,40000.0,1.0339133739471436,25.492775,,0.0,0.0,0.0,0.0,0.0,0.0,0.0,0.0,0.0,0.0,0.0,0.0,0.0,40000.0
20807,T30TUM_40000_1,S2A_MSIL2A_20230630T110621_R137_T30TUM_20230630T203024,50,,0.0,0.0,0.0,8.7678125,65.6590625,0.05859375,0.0078125,0.00546875,0.0015625,25.4996875,0.0,640000,0,0.0,40000.00000000006,40000.0,0.4023416042327881,25.50671875,,0.0,0.0,0.0,-0.006312499999999943,-0.007087499999997249,-8.124999999999799e-05,-0.00046249999999999937,-3.125000000000003e-05,6.250000000000006e-05,0.013912499999999994,0.0,0.013943749999999255,0.013943749999999255,40000.0
20813,T30TUM_40000_1,S2A_MSIL2A_20230630T110621_R137_T30TUM_20230630T203024,100,,0.0,0.0,0.0,8.7675,65.65875,0.058125,0.009375,0.004375,0.000625,25.50125,0.0,160000,0,0.0,40000.00000000006,40000.0,0.5465776920318604,25.506249999999998,,0.0,0.0,0.0,-0.006624999999999659,-0.00740000000000407,-0.0005499999999999949,0.0011000000000000003,-0.0011249999999999993,-0.000875,0.015474999999998573,0.0,0.013474999999996129,0.013474999999996129,40000.0
20819,T30TUM_40000_1,S2A_MSIL2A_20230630T110621_R137_T30TUM_20230630T203024,200,,0.0,0.0,0.0,8.8475,65.6225,0.06,0.01,0.0075,0.0,25.4525,0.0,40000,0,0.0,40000.00000000006,40000.0,0.31439709663391113,25.46,,0.0,0.0,0.0,0.07337500000000041,-0.04364999999999952,0.0013249999999999998,0.0017250000000000008,0.002,-0.0015,-0.03327499999999972,0.0,-0.03277500000000089,0.07337500000000041,40000.0
20825,T30TUM_40000_1,S2A_MSIL2A_20230630T110621_R137_T30TUM_20230630T203024,500,,0.0,0.0,0.0,8.421875,66.203125,0.0625,0.0,0.0,0.0,25.3125,0.0,6400,0,0.0,40000.00000000006,40000.0,0.3420419692993164,25.3125,,0.0,0.0,0.0,-0.35224999999999973,0.5369749999999982,0.003825000000000002,-0.008275,-0.0055,-0.0015,-0.1732750000000003,0.0,-0.18027500000000174,0.5369749999999982,40000.0
20831,T30TUM_40000_1,S2A_MSIL2A_20230630T110621_R137_T30TUM_20230630T203024,1000,,0.0,0.0,0.0,9.125,65.25,0.0625,0.0,0.0,0.0,25.5625,0.0,1600,0,0.0,40000.00000000006,40000.0,0.3048069477081299,25.5625,,0.0,0.0,0.0,0.35087500000000027,-0.4161500000000018,0.003825000000000002,-0.008275,-0.0055,-0.0015,0.07672499999999971,0.0,0.06972499999999826,0.4161500000000018,40000.0
20796,T30TUM_40000_1,S2B_MSIL2A_20230605T110619_R137_T30TUM_20230605T163049,20,,0.0,0.0036,4.7976,4.825925,52.220075,0.061225,0.209075,5.497725,4.6191,27.765675,0.0,4000000,0,0.0,40000.00000000006,40000.0,1.0339133739471436,37.8825,,0.0,0.0,0.0,0.0,0.0,0.0,0.0,0.0,0.0,0.0,0.0,0.0,0.0,40000.0
20802,T30TUM_40000_1,S2B_MSIL2A_20230605T110619_R137_T30TUM_20230605T163049,50,,0.0,0.0040625,4.804375,4.80484375,52.25390625,0.06171875,0.211875,5.5025,4.61890625,27.7378125,0.0,640000,0,0.0,40000.00000000006,40000.0,0.4023416042327881,37.85921875,,0.0,0.00046250000000000024,0.0067750000000001975,-0.02108124999999994,0.03383124999999865,0.0004937500000000011,0.002799999999999997,0.004775000000000418,-0.00019375000000021458,-0.027862500000001234,0.0,-0.023281250000003695,0.03383124999999865,40000.0
20808,T30TUM_40000_1,S2B_MSIL2A_20230605T110619_R137_T30TUM_20230605T163049,100,,0.0,0.00375,4.8,4.759375,52.313125,0.06125,0.1975,5.496875,4.644375,27.72375,0.0,160000,0,0.0,40000.00000000006,40000.0,0.5465776920318604,37.864999999999995,,0.0,0.00014999999999999996,0.0023999999999997357,-0.06654999999999944,0.09304999999999808,2.4999999999997247e-05,-0.011575000000000002,-0.0008499999999997954,0.025274999999999714,-0.041925000000002655,0.0,-0.0175000000000054,0.09304999999999808,40000.0
20814,T30TUM_40000_1,S2B_MSIL2A_20230605T110619_R137_T30TUM_20230605T163049,200,,0.0,0.005,4.8225,4.9075,52.195,0.06,0.2475,5.555,4.6225,27.585,0.0,40000,0,0.0,40000.00000000006,40000.0,0.31439709663391113,37.7625,,0.0,0.0014000000000000002,0.0248999999999997,0.08157499999999995,-0.02507500000000107,-0.0012250000000000039,0.03842499999999999,0.05727499999999974,0.0033999999999991815,-0.1806750000000008,0.0,-0.11999999999999744,0.11999999999999744,40000.0
20820,T30TUM_40000_1,S2B_MSIL2A_20230605T110619_R137_T30TUM_20230605T163049,500,,0.0,0.0,4.765625,4.78125,52.3125,0.0625,0.28125,5.671875,4.75,27.375,0.0,6400,0,0.0,40000.00000000006,40000.0,0.3420419692993164,37.796875,,0.0,-0.0036,-0.03197500000000009,-0.0446749999999998,0.09242499999999865,0.0012749999999999984,0.07217499999999999,0.17415000000000003,0.13089999999999957,-0.39067500000000166,0.0,-0.08562500000000028,0.09242499999999865,40000.0
20826,T30TUM_40000_1,S2B_MSIL2A_20230605T110619_R137_T30TUM_20230605T163049,1000,,0.0,0.0,5.375,4.8125,52.75,0.0625,0.4375,5.375,4.1875,27.0,0.0,1600,0,0.0,40000.00000000006,40000.0,0.3048069477081299,36.5625,,0.0,-0.0036,0.5773999999999999,-0.013424999999999798,0.5299249999999986,0.0012749999999999984,0.228425,-0.12272499999999997,-0.4316000000000004,-0.7656750000000017,0.0,-1.3200000000000003,1.3200000000000003,40000.0
20798,T30TUM_40000_1,S2B_MSIL2A_20230615T110629_R137_T30TUM_20230615T205813,20,,0.0,0.007975,1.314875,13.084025,84.363525,0.062375,0.2501,0.68155,0.2311,0.004475,0.0,4000000,0,0.0,40000.00000000006,40000.0,1.0339133739471436,0.917125,,0.0,0.0,0.0,0.0,0.0,0.0,0.0,0.0,0.0,0.0,0.0,0.0,0.0,40000.0
20804,T30TUM_40000_1,S2B_MSIL2A_20230615T110629_R137_T30TUM_20230615T205813,50,,0.0,0.0078125,1.3234375,13.0984375,84.33265625,0.06328125,0.254375,0.6821875,0.23328125,0.00453125,0.0,640000,0,0.0,40000.00000000006,40000.0,0.4023416042327881,0.9199999999999999,,0.0,-0.00016249999999999945,0.008562500000000028,0.014412499999998829,-0.030868749999996226,0.0009062499999999973,0.004275000000000029,0.0006374999999999575,0.0021812499999999957,5.6249999999999876e-05,0.0,0.002874999999999961,0.030868749999996226,40000.0
20810,T30TUM_40000_1,S2B_MSIL2A_20230615T110629_R137_T30TUM_20230615T205813,100,,0.0,0.0075,1.324375,13.00875,84.41125,0.064375,0.25,0.695,0.235,0.00375,0.0,160000,0,0.0,40000.00000000006,40000.0,0.5465776920318604,0.93375,,0.0,-0.00047499999999999973,0.009500000000000064,-0.07527500000000131,0.047724999999999795,0.0020000000000000018,-9.999999999998899e-05,0.013449999999999962,0.003899999999999987,-0.000725,0.0,0.016625,0.07527500000000131,40000.0
20816,T30TUM_40000_1,S2B_MSIL2A_20230615T110629_R137_T30TUM_20230615T205813,200,,0.0,0.0025,1.32,13.235,84.2125,0.065,0.2375,0.6725,0.2475,0.0075,0.0,40000,0,0.0,40000.00000000006,40000.0,0.31439709663391113,0.9274999999999999,,0.0,-0.005474999999999999,0.005125000000000046,0.15097499999999897,-0.15102499999998997,0.0026250000000000023,-0.0126,-0.009050000000000002,0.016399999999999998,0.003025,0.0,0.010374999999999912,0.15102499999998997,40000.0
20822,T30TUM_40000_1,S2B_MSIL2A_20230615T110629_R137_T30TUM_20230615T205813,500,,0.0,0.0,1.359375,12.53125,84.90625,0.0625,0.203125,0.671875,0.265625,0.0,0.0,6400,0,0.0,40000.00000000006,40000.0,0.3420419692993164,0.9375,,0.0,-0.007975,0.044499999999999984,-0.5527750000000005,0.5427250000000043,0.0001250000000000001,-0.04697499999999999,-0.00967499999999999,0.034525,-0.004475,0.0,0.020375000000000032,0.5527750000000005,40000.0
20828,T30TUM_40000_1,S2B_MSIL2A_20230615T110629_R137_T30TUM_20230615T205813,1000,,0.0,0.0,1.3125,12.625,84.625,0.0625,0.25,0.625,0.4375,0.0625,0.0,1600,0,0.0,40000.00000000006,40000.0,0.3048069477081299,1.125,,0.0,-0.007975,-0.002375000000000016,-0.45902500000000046,0.26147500000000434,0.0001250000000000001,-9.999999999998899e-05,-0.05654999999999999,0.2064,0.058025,0.0,0.20787500000000003,0.45902500000000046,40000.0
20800,T30TUM_40000_1,S2B_MSIL2A_20230625T110619_R137_T30TUM_20230625T164707,20,,0.0,0.001575,0.0977,13.214625,86.58915,0.0542,0.00865,0.0282,0.00575,0.00015,0.0,4000000,0,0.0,40000.00000000006,40000.0,1.0339133739471436,0.0341,,0.0,0.0,0.0,0.0,0.0,0.0,0.0,0.0,0.0,0.0,0.0,0.0,0.0,40000.0
20806,T30TUM_40000_1,S2B_MSIL2A_20230625T110619_R137_T30TUM_20230625T164707,50,,0.0,0.00171875,0.09859375,13.1946875,86.60765625,0.0540625,0.008125,0.02984375,0.0053125,0.0,0.0,640000,0,0.0,40000.00000000006,40000.0,0.4023416042327881,0.03515625,,0.0,0.00014375,0.0008937499999999987,-0.019937499999999275,0.0185062500000015,-0.00013749999999999873,-0.0005249999999999994,0.0016437499999999994,-0.0004374999999999995,-0.00015,0.0,0.0010562500000000016,0.019937499999999275,40000.0
20812,T30TUM_40000_1,S2B_MSIL2A_20230625T110619_R137_T30TUM_20230625T164707,100,,0.0,0.001875,0.098125,13.183125,86.618125,0.05375,0.0075,0.0325,0.005,0.0,0.0,160000,0,0.0,40000.00000000006,40000.0,0.5465776920318604,0.0375,,0.0,0.0002999999999999999,0.0004250000000000087,-0.03149999999999942,0.028975000000002638,-0.000449999999999999,-0.00115,0.004300000000000002,-0.0007499999999999998,-0.00015,0.0,0.0034000000000000002,0.03149999999999942,40000.0
20818,T30TUM_40000_1,S2B_MSIL2A_20230625T110619_R137_T30TUM_20230625T164707,200,,0.0,0.0,0.1,13.34,86.46,0.0525,0.0075,0.0325,0.0075,0.0,0.0,40000,0,0.0,40000.00000000006,40000.0,0.31439709663391113,0.04,,0.0,-0.001575,0.0023000000000000104,0.12537500000000001,-0.12915000000000987,-0.0017000000000000001,-0.00115,0.004300000000000002,0.0017499999999999998,-0.00015,0.0,0.0059000000000000025,0.12915000000000987,40000.0
20824,T30TUM_40000_1,S2B_MSIL2A_20230625T110619_R137_T30TUM_20230625T164707,500,,0.0,0.0,0.125,12.6875,87.109375,0.03125,0.0,0.03125,0.015625,0.0,0.0,6400,0,0.0,40000.00000000006,40000.0,0.3420419692993164,0.046875,,0.0,-0.001575,0.027300000000000005,-0.5271249999999998,0.5202249999999964,-0.022949999999999998,-0.00865,0.0030500000000000006,0.009875,-0.00015,0.0,0.012775000000000002,0.5271249999999998,40000.0
20830,T30TUM_40000_1,S2B_MSIL2A_20230625T110619_R137_T30TUM_20230625T164707,1000,,0.0,0.0,0.0625,13.5,86.375,0.0625,0.0,0.0,0.0,0.0,0.0,1600,0,0.0,40000.00000000006,40000.0,0.3048069477081299,0.0,,0.0,-0.001575,-0.035199999999999995,0.28537500000000016,-0.21415000000000362,0.008300000000000002,-0.00865,-0.0282,-0.00575,-0.00015,0.0,-0.0341,0.28537500000000016,40000.0
20833,T30TUM_40000_3,S2A_MSIL2A_20230610T110621_R137_T30TUM_20230610T202756,20,,0.0,0.01175,8.008925,6.49165,19.023775,0.03635,1.768125,22.1405,36.812125,5.7068,0.0,4000000,0,0.0,40000.00000000006,40000.00000000186,0.9580504894256592,64.659425,,0.0,0.0,0.0,0.0,0.0,0.0,0.0,0.0,0.0,0.0,0.0,0.0,0.0,40000.0
20839,T30TUM_40000_3,S2A_MSIL2A_20230610T110621_R137_T30TUM_20230610T202756,50,,0.0,0.01203125,8.02046875,6.49,19.04828125,0.03671875,1.7725,22.165,36.76171875,5.69328125,0.0,640000,0,0.0,40000.00000000006,40000.00000000186,0.3855249881744385,64.62,,0.0,0.00028125000000000025,0.01154374999999952,-0.0016499999999997073,0.024506249999998175,0.000368750000000001,0.004375000000000018,0.024499999999999744,-0.05040625000000176,-0.013518750000000246,0.0,-0.03942499999999427,0.03942499999999427,40000.0
20845,T30TUM_40000_3,S2A_MSIL2A_20230610T110621_R137_T30TUM_20230610T202756,100,,0.0,0.011875,8.031875,6.485,19.10625,0.03,1.775625,22.061875,36.789375,5.708125,0.0,160000,0,0.0,40000.00000000006,40000.00000000186,0.5810461044311523,64.559375,,0.0,0.0001250000000000001,0.022949999999999804,-0.006649999999999601,0.08247499999999874,-0.0063500000000000015,0.007500000000000062,-0.07862499999999883,-0.022750000000002046,0.0013249999999995765,0.0,-0.10004999999999598,0.10004999999999598,40000.0
20851,T30TUM_40000_3,S2A_MSIL2A_20230610T110621_R137_T30TUM_20230610T202756,200,,0.0,0.02,7.955,6.5425,19.1125,0.0225,1.7075,22.255,36.76,5.625,0.0,40000,0,0.0,40000.00000000006,40000.00000000186,0.3550732135772705,64.64,,0.0,0.00825,-0.05392499999999956,0.050850000000000506,0.08872500000000016,-0.013850000000000001,-0.06062499999999993,0.1144999999999996,-0.05212500000000375,-0.08180000000000032,0.0,-0.01942499999999825,0.08872500000000016,40000.0
20857,T30TUM_40000_3,S2A_MSIL2A_20230610T110621_R137_T30TUM_20230610T202756,500,,0.0,0.0,8.046875,6.65625,18.8125,0.0,1.796875,22.5,36.5625,5.625,0.0,6400,0,0.0,40000.00000000006,40000.00000000186,0.32428908348083496,64.6875,,0.0,-0.01175,0.03795000000000037,0.16460000000000008,-0.21127500000000055,-0.03635,0.028750000000000053,0.3595000000000006,-0.24962500000000176,-0.08180000000000032,0.0,0.028075000000001182,0.21127500000000055,40000.0
20863,T30TUM_40000_3,S2A_MSIL2A_20230610T110621_R137_T30TUM_20230610T202756,1000,,0.0,0.0,8.375,6.3125,19.0625,0.0625,1.1875,21.1875,37.5,6.3125,0.0,1600,0,0.0,40000.00000000006,40000.00000000186,0.3205690383911133,65.0,,0.0,-0.01175,0.3660750000000004,-0.17914999999999992,0.038724999999999454,0.02615,-0.580625,-0.9529999999999994,0.6878749999999982,0.6056999999999997,0.0,0.3405750000000012,0.580625,40000.0
20835,T30TUM_40000_3,S2A_MSIL2A_20230620T110621_R137_T30TUM_20230620T202552,20,,0.0,0.004175,1.422175,2.947275,13.846225,0.066725,1.9554,26.253975,42.803925,10.700125,0.0,4000000,0,0.0,40000.00000000006,40000.00000000186,0.9580504894256592,79.758025,,0.0,0.0,0.0,0.0,0.0,0.0,0.0,0.0,0.0,0.0,0.0,0.0,0.0,40000.0
20841,T30TUM_40000_3,S2A_MSIL2A_20230620T110621_R137_T30TUM_20230620T202552,50,,0.0,0.00421875,1.42109375,2.9596875,13.82859375,0.06828125,1.9496875,26.27765625,42.789375,10.70140625,0.0,640000,0,0.0,40000.00000000006,40000.00000000186,0.3855249881744385,79.7684375,,0.0,4.3750000000000386e-05,-0.0010812499999999226,0.012412499999999937,-0.017631250000000875,0.0015562499999999951,-0.005712500000000009,0.02368124999999921,-0.01454999999999984,0.0012812499999999005,0.0,0.010412500000001046,0.017631250000000875,40000.0
20847,T30TUM_40000_3,S2A_MSIL2A_20230620T110621_R137_T30TUM_20230620T202552,100,,0.0,0.004375,1.4075,2.96625,13.82875,0.06375,1.94125,26.223125,42.8425,10.7225,0.0,160000,0,0.0,40000.00000000006,40000.00000000186,0.5810461044311523,79.788125,,0.0,0.00020000000000000052,-0.014674999999999994,0.018975000000000186,-0.017475000000001017,-0.0029750000000000054,-0.014150000000000107,-0.030850000000000932,0.03857500000000158,0.022375000000000256,0.0,0.030099999999990246,0.030099999999990246,40000.0
20853,T30TUM_40000_3,S2A_MSIL2A_20230620T110621_R137_T30TUM_20230620T202552,200,,0.0,0.0075,1.425,2.925,13.805,0.0525,1.9275,26.2825,42.865,10.71,0.0,40000,0,0.0,40000.00000000006,40000.00000000186,0.3550732135772705,79.85750000000002,,0.0,0.003325,0.0028250000000000774,-0.022275000000000045,-0.04122500000000073,-0.014225000000000008,-0.027900000000000036,0.028524999999998357,0.06107500000000243,0.009875000000000966,0.0,0.09947500000001241,0.09947500000001241,40000.0
20859,T30TUM_40000_3,S2A_MSIL2A_20230620T110621_R137_T30TUM_20230620T202552,500,,0.0,0.0,1.375,3.140625,13.515625,0.015625,2.03125,26.890625,42.828125,10.203125,0.0,6400,0,0.0,40000.00000000006,40000.00000000186,0.32428908348083496,79.921875,,0.0,-0.004175,-0.04717499999999997,0.19335000000000013,-0.33060000000000045,-0.051100000000000007,0.07584999999999997,0.6366499999999995,0.024200000000000443,-0.4969999999999999,0.0,0.1638499999999965,0.33060000000000045,40000.0
20865,T30TUM_40000_3,S2A_MSIL2A_20230620T110621_R137_T30TUM_20230620T202552,1000,,0.0,0.0,1.3125,3.0625,14.3125,0.0,1.625,25.5,43.6875,10.5,0.0,1600,0,0.0,40000.00000000006,40000.00000000186,0.3205690383911133,79.6875,,0.0,-0.004175,-0.10967499999999997,0.11522500000000013,0.46627499999999955,-0.066725,-0.3304,-0.7539750000000005,0.8835750000000004,-0.2001249999999999,0.0,-0.0705250000000035,0.46627499999999955,40000.0
20837,T30TUM_40000_3,S2A_MSIL2A_20230630T110621_R137_T30TUM_20230630T203024,20,,0.0,0.01605,0.00075,23.8622,74.628875,0.08515,0.024375,0.000225,0.000325,1.38205,0.0,4000000,0,0.0,40000.00000000006,40000.00000000186,0.9580504894256592,1.3826,,0.0,0.0,0.0,0.0,0.0,0.0,0.0,0.0,0.0,0.0,0.0,0.0,0.0,40000.0
20843,T30TUM_40000_3,S2A_MSIL2A_20230630T110621_R137_T30TUM_20230630T203024,50,,0.0,0.015,0.00078125,23.90671875,74.58453125,0.08765625,0.02359375,0.0003125,0.0003125,1.38109375,0.0,640000,0,0.0,40000.00000000006,40000.00000000186,0.3855249881744385,1.38171875,,0.0,-0.0010499999999999989,3.125000000000003e-05,0.044518749999998164,-0.04434374999999591,0.0025062500000000015,-0.0007812500000000007,8.750000000000001e-05,-1.2499999999999979e-05,-0.0009562499999999918,0.0,-0.0008812499999999446,0.044518749999998164,40000.0
20849,T30TUM_40000_3,S2A_MSIL2A_20230630T110621_R137_T30TUM_20230630T203024,100,,0.0,0.01875,0.00125,23.9725,74.52375,0.08,0.02,0.0,0.0,1.38375,0.0,160000,0,0.0,40000.00000000006,40000.00000000186,0.5810461044311523,1.38375,,0.0,0.002700000000000001,0.0005,0.11029999999999873,-0.10512499999998681,-0.005150000000000002,-0.004375,-0.000225,-0.000325,0.0017000000000000348,0.0,0.0011499999999999844,0.11029999999999873,40000.0
20855,T30TUM_40000_3,S2A_MSIL2A_20230630T110621_R137_T30TUM_20230630T203024,200,,0.0,0.0225,0.0025,23.9625,74.55,0.0625,0.01,0.0,0.0,1.39,0.0,40000,0,0.0,40000.00000000006,40000.00000000186,0.3550732135772705,1.39,,0.0,0.006450000000000001,0.00175,0.10029999999999717,-0.07887499999999648,-0.022650000000000003,-0.014375,-0.000225,-0.000325,0.007949999999999902,0.0,0.007399999999999851,0.10029999999999717,40000.0
20861,T30TUM_40000_3,S2A_MSIL2A_20230630T110621_R137_T30TUM_20230630T203024,500,,0.0,0.03125,0.015625,24.078125,74.453125,0.015625,0.03125,0.0,0.0,1.375,0.0,6400,0,0.0,40000.00000000006,40000.00000000186,0.32428908348083496,1.375,,0.0,0.015200000000000002,0.014875,0.2159249999999986,-0.17574999999999363,-0.069525,0.006874999999999999,-0.000225,-0.000325,-0.007050000000000001,0.0,-0.007600000000000051,0.2159249999999986,40000.0
20867,T30TUM_40000_3,S2A_MSIL2A_20230630T110621_R137_T30TUM_20230630T203024,1000,,0.0,0.0,0.0,23.125,75.8125,0.0625,0.0,0.0,0.0,1.0,0.0,1600,0,0.0,40000.00000000006,40000.00000000186,0.3205690383911133,1.0,,0.0,-0.01605,-0.00075,-0.7372000000000014,1.1836250000000064,-0.022650000000000003,-0.024375,-0.000225,-0.000325,-0.38205,0.0,-0.38260000000000005,1.1836250000000064,40000.0
20832,T30TUM_40000_3,S2B_MSIL2A_20230605T110619_R137_T30TUM_20230605T163049,20,,0.0,0.03715,10.93105,18.535875,44.63105,0.069775,0.326025,9.3935,15.267625,0.80795,0.0,4000000,0,0.0,40000.00000000006,40000.00000000186,0.9580504894256592,25.469074999999997,,0.0,0.0,0.0,0.0,0.0,0.0,0.0,0.0,0.0,0.0,0.0,0.0,0.0,40000.0
20838,T30TUM_40000_3,S2B_MSIL2A_20230605T110619_R137_T30TUM_20230605T163049,50,,0.0,0.03734375,10.9315625,18.5484375,44.63125,0.0671875,0.32421875,9.378125,15.27640625,0.80546875,0.0,640000,0,0.0,40000.00000000006,40000.00000000186,0.3855249881744385,25.46,,0.0,0.00019374999999999948,0.0005124999999992497,0.012562499999997812,0.00019999999999953388,-0.0025875000000000065,-0.0018062500000000092,-0.015374999999998806,0.008781250000000185,-0.0024812499999999904,0.0,-0.009074999999995725,0.012562499999997812,40000.0
20844,T30TUM_40000_3,S2B_MSIL2A_20230605T110619_R137_T30TUM_20230605T163049,100,,0.0,0.03625,10.938125,18.503125,44.70375,0.066875,0.32,9.39375,15.240625,0.7975,0.0,160000,0,0.0,40000.00000000006,40000.00000000186,0.5810461044311523,25.431874999999998,,0.0,-0.000900000000000005,0.00707499999999861,-0.03275000000000006,0.07269999999999754,-0.0029,-0.006025000000000003,0.0002500000000011937,-0.027000000000001023,-0.01044999999999996,0.0,-0.03719999999999857,0.07269999999999754,40000.0
20850,T30TUM_40000_3,S2B_MSIL2A_20230605T110619_R137_T30TUM_20230605T163049,200,,0.0,0.05,10.8975,18.6625,44.6475,0.05,0.335,9.51,15.0425,0.805,0.0,40000,0,0.0,40000.00000000006,40000.00000000186,0.3550732135772705,25.3575,,0.0,0.01285,-0.03354999999999997,0.12662500000000065,0.016449999999998965,-0.019775,0.00897500000000001,0.11650000000000027,-0.22512500000000024,-0.002949999999999897,0.0,-0.11157499999999487,0.12662500000000065,40000.0
20856,T30TUM_40000_3,S2B_MSIL2A_20230605T110619_R137_T30TUM_20230605T163049,500,,0.0,0.03125,10.96875,18.359375,44.859375,0.03125,0.421875,9.1875,15.40625,0.734375,0.0,6400,0,0.0,40000.00000000006,40000.00000000186,0.32428908348083496,25.328125,,0.0,-0.0059000000000000025,0.03769999999999918,-0.17650000000000077,0.2283249999999981,-0.038525000000000004,0.09584999999999999,-0.20599999999999952,0.13862499999999933,-0.07357499999999995,0.0,-0.14094999999999658,0.2283249999999981,40000.0
20862,T30TUM_40000_3,S2B_MSIL2A_20230605T110619_R137_T30TUM_20230605T163049,1000,,0.0,0.0625,11.3125,17.1875,46.8125,0.0625,0.25,8.5625,14.875,0.875,0.0,1600,0,0.0,40000.00000000006,40000.00000000186,0.3205690383911133,24.3125,,0.0,0.025349999999999998,0.3814499999999992,-1.3483750000000008,2.181449999999998,-0.007275000000000004,-0.07602500000000001,-0.8309999999999995,-0.39262500000000067,0.06705000000000005,0.0,-1.1565749999999966,2.181449999999998,40000.0
20834,T30TUM_40000_3,S2B_MSIL2A_20230615T110629_R137_T30TUM_20230615T205813,20,,0.0,0.041425,4.8718,23.2037,65.04455,0.134525,0.26695,3.535825,2.899675,0.00155,0.0,4000000,0,0.0,40000.00000000006,40000.00000000186,0.9580504894256592,6.437049999999999,,0.0,0.0,0.0,0.0,0.0,0.0,0.0,0.0,0.0,0.0,0.0,0.0,0.0,40000.0
20840,T30TUM_40000_3,S2B_MSIL2A_20230615T110629_R137_T30TUM_20230615T205813,50,,0.0,0.040625,4.87265625,23.20265625,65.03515625,0.13671875,0.27015625,3.5409375,2.899375,0.00171875,0.0,640000,0,0.0,40000.00000000006,40000.00000000186,0.3855249881744385,6.44203125,,0.0,-0.0007999999999999952,0.0008562500000000028,-0.0010437500000008981,-0.009393750000000978,0.0021937499999999943,0.003206249999999966,0.005112500000000075,-0.0002999999999997449,0.00016875000000000006,0.0,0.004981250000001047,0.009393750000000978,40000.0
20846,T30TUM_40000_3,S2B_MSIL2A_20230615T110629_R137_T30TUM_20230615T205813,100,,0.0,0.039375,4.92,23.166875,65.06625,0.13125,0.26,3.48875,2.92375,0.00375,0.0,160000,0,0.0,40000.00000000006,40000.00000000186,0.5810461044311523,6.41625,,0.0,-0.0020499999999999963,0.048199999999999577,-0.03682500000000033,0.02169999999999561,-0.003275,-0.006950000000000012,-0.04707499999999998,0.02407500000000029,0.0021999999999999997,0.0,-0.020799999999999486,0.048199999999999577,40000.0
20852,T30TUM_40000_3,S2B_MSIL2A_20230615T110629_R137_T30TUM_20230615T205813,200,,0.0,0.05,4.9175,23.2525,65.0025,0.1225,0.2675,3.4925,2.8925,0.0025,0.0,40000,0,0.0,40000.00000000006,40000.00000000186,0.3550732135772705,6.3875,,0.0,0.008575000000000006,0.045700000000000074,0.048799999999999955,-0.04205000000000325,-0.012025000000000008,0.0005499999999999949,-0.043324999999999836,-0.007174999999999709,0.0009500000000000001,0.0,-0.049549999999999095,0.049549999999999095,40000.0
20858,T30TUM_40000_3,S2B_MSIL2A_20230615T110629_R137_T30TUM_20230615T205813,500,,0.0,0.046875,4.96875,23.28125,64.890625,0.0625,0.171875,3.421875,3.15625,0.0,0.0,6400,0,0.0,40000.00000000006,40000.00000000186,0.32428908348083496,6.578125,,0.0,0.0054500000000000035,0.09694999999999965,0.07754999999999868,-0.15392500000000098,-0.072025,-0.09507500000000002,-0.11395,0.2565750000000002,-0.00155,0.0,0.14107500000000073,0.15392500000000098,40000.0
20864,T30TUM_40000_3,S2B_MSIL2A_20230615T110629_R137_T30TUM_20230615T205813,1000,,0.0,0.0,5.0625,22.1875,66.4375,0.125,0.0625,3.375,2.75,0.0,0.0,1600,0,0.0,40000.00000000006,40000.00000000186,0.3205690383911133,6.125,,0.0,-0.041425,0.19069999999999965,-1.0162000000000013,1.392949999999999,-0.009525000000000006,-0.20445000000000002,-0.160825,-0.14967499999999978,-0.00155,0.0,-0.3120499999999993,1.392949999999999,40000.0
20836,T30TUM_40000_3,S2B_MSIL2A_20230625T110619_R137_T30TUM_20230625T164707,20,,0.0,0.00725,1.607225,23.3674,71.47835,0.094775,0.04915,1.39005,1.942325,0.063475,0.0,4000000,0,0.0,40000.00000000006,40000.00000000186,0.9580504894256592,3.39585,,0.0,0.0,0.0,0.0,0.0,0.0,0.0,0.0,0.0,0.0,0.0,0.0,0.0,40000.0
20842,T30TUM_40000_3,S2B_MSIL2A_20230625T110619_R137_T30TUM_20230625T164707,50,,0.0,0.0071875,1.60359375,23.42515625,71.429375,0.09546875,0.04875,1.3825,1.94359375,0.064375,0.0,640000,0,0.0,40000.00000000006,40000.00000000186,0.3855249881744385,3.39046875,,0.0,-6.250000000000006e-05,-0.0036312499999999748,0.05775625000000062,-0.04897500000001287,0.0006937500000000069,-0.0003999999999999976,-0.007549999999999946,0.0012687499999999297,0.000899999999999998,0.0,-0.005381249999999671,0.05775625000000062,40000.0
20848,T30TUM_40000_3,S2B_MSIL2A_20230625T110619_R137_T30TUM_20230625T164707,100,,0.0,0.008125,1.600625,23.39375,71.4825,0.08625,0.046875,1.381875,1.934375,0.065625,0.0,160000,0,0.0,40000.00000000006,40000.00000000186,0.5810461044311523,3.381875,,0.0,0.0008749999999999999,-0.006599999999999939,0.02635000000000076,0.004149999999995657,-0.008525000000000005,-0.0022749999999999992,-0.008175000000000043,-0.007950000000000124,0.002149999999999999,0.0,-0.013974999999999849,0.02635000000000076,40000.0
20854,T30TUM_40000_3,S2B_MSIL2A_20230625T110619_R137_T30TUM_20230625T164707,200,,0.0,0.005,1.6075,23.4625,71.3925,0.08,0.04,1.4275,1.9125,0.0725,0.0,40000,0,0.0,40000.00000000006,40000.00000000186,0.3550732135772705,3.4124999999999996,,0.0,-0.0022500000000000003,0.0002750000000000252,0.09509999999999863,-0.08585000000000775,-0.014774999999999996,-0.009149999999999998,0.03744999999999998,-0.02982499999999999,0.009024999999999991,0.0,0.01664999999999983,0.09509999999999863,40000.0
20860,T30TUM_40000_3,S2B_MSIL2A_20230625T110619_R137_T30TUM_20230625T164707,500,,0.0,0.0,1.71875,23.265625,71.515625,0.015625,0.03125,1.3125,2.078125,0.0625,0.0,6400,0,0.0,40000.00000000006,40000.00000000186,0.32428908348083496,3.453125,,0.0,-0.00725,0.1115250000000001,-0.10177499999999995,0.03727499999999395,-0.07915,-0.0179,-0.07755000000000001,0.13579999999999992,-0.0009750000000000036,0.0,0.05727500000000019,0.1115250000000001,40000.0
20866,T30TUM_40000_3,S2B_MSIL2A_20230625T110619_R137_T30TUM_20230625T164707,1000,,0.0,0.0,1.25,23.0,72.0,0.0625,0.0,1.875,1.6875,0.125,0.0,1600,0,0.0,40000.00000000006,40000.00000000186,0.3205690383911133,3.6875,,0.0,-0.00725,-0.3572249999999999,-0.36739999999999995,0.521649999999994,-0.032275,-0.04915,0.48495,-0.2548250000000001,0.061524999999999996,0.0,0.2916500000000002,0.521649999999994,40000.0
20869,T30TUM_40000_4,S2A_MSIL2A_20230610T110621_R137_T30TUM_20230610T202756,20,,0.0,0.0003,0.925475,0.988,5.465275,0.00285,1.26335,43.383325,44.354075,3.61735,0.0,4000000,0,0.0,40000.0,40000.00000000093,0.8936972618103027,91.35475000000001,,0.0,0.0,0.0,0.0,0.0,0.0,0.0,0.0,0.0,0.0,0.0,0.0,0.0,40000.0
20875,T30TUM_40000_4,S2A_MSIL2A_20230610T110621_R137_T30TUM_20230610T202756,50,,0.0,0.0003125,0.924375,0.99109375,5.47171875,0.00296875,1.25703125,43.3546875,44.37765625,3.62015625,0.0,640000,0,0.0,40000.0,40000.00000000093,0.387620210647583,91.35249999999999,,0.0,1.2500000000000033e-05,-0.001100000000000101,0.0030937500000000062,0.006443749999999859,0.00011874999999999993,-0.006318749999999929,-0.028637500000002092,0.023581249999999443,0.002806249999999899,0.0,-0.002250000000017849,0.006443749999999859,40000.0
20881,T30TUM_40000_4,S2A_MSIL2A_20230610T110621_R137_T30TUM_20230610T202756,100,,0.0,0.0,0.935,1.003125,5.449375,0.003125,1.269375,43.261875,44.441875,3.63625,0.0,160000,0,0.0,40000.0,40000.00000000093,0.33937883377075195,91.34000000000002,,0.0,-0.0003,0.009525000000000006,0.015125000000000055,-0.015900000000000247,0.00027500000000000007,0.006024999999999947,-0.12144999999999584,0.08780000000000143,0.018899999999999917,0.0,-0.01474999999999227,0.015900000000000247,40000.0
20887,T30TUM_40000_4,S2A_MSIL2A_20230610T110621_R137_T30TUM_20230610T202756,200,,0.0,0.0,0.93,0.9475,5.4525,0.005,1.2625,43.275,44.415,3.7125,0.0,40000,0,0.0,40000.0,40000.00000000093,0.5779294967651367,91.4025,,0.0,-0.0003,0.004525000000000001,-0.04049999999999998,-0.012775000000000425,0.00215,-0.0008500000000000174,-0.10832500000000067,0.06092499999999745,0.09514999999999985,0.0,0.04774999999999352,0.04774999999999352,40000.0
20893,T30TUM_40000_4,S2A_MSIL2A_20230610T110621_R137_T30TUM_20230610T202756,500,,0.0,0.0,1.0625,1.09375,5.359375,0.0,1.3125,43.4375,44.09375,3.640625,0.0,6400,0,0.0,40000.0,40000.00000000093,0.3154892921447754,91.171875,,0.0,-0.0003,0.13702499999999995,0.10575000000000001,-0.1059000000000001,-0.00285,0.04915000000000003,0.05417500000000075,-0.2603250000000017,0.023274999999999935,0.0,-0.1828750000000099,0.1828750000000099,40000.0
20899,T30TUM_40000_4,S2A_MSIL2A_20230610T110621_R137_T30TUM_20230610T202756,1000,,0.0,0.0,0.8125,0.9375,5.0625,0.0,1.8125,42.375,45.375,3.625,0.0,1600,0,0.0,40000.0,40000.00000000093,0.3171858787536621,91.375,,0.0,-0.0003,-0.11297500000000005,-0.05049999999999999,-0.4027750000000001,-0.00285,0.54915,-1.0083249999999992,1.0209249999999983,0.007649999999999935,0.0,0.02024999999999011,0.54915,40000.0
20871,T30TUM_40000_4,S2A_MSIL2A_20230620T110621_R137_T30TUM_20230620T202552,20,,0.0,0.00055,1.391925,1.866225,12.548325,0.004475,3.26615,20.52425,52.36175,8.03635,0.0,4000000,0,0.0,40000.0,40000.00000000093,0.8936972618103027,80.92235,,0.0,0.0,0.0,0.0,0.0,0.0,0.0,0.0,0.0,0.0,0.0,0.0,0.0,40000.0
20877,T30TUM_40000_4,S2A_MSIL2A_20230620T110621_R137_T30TUM_20230620T202552,50,,0.0,0.0009375,1.39109375,1.87796875,12.52609375,0.00421875,3.265625,20.5346875,52.36421875,8.03515625,0.0,640000,0,0.0,40000.0,40000.00000000093,0.387620210647583,80.9340625,,0.0,0.00038749999999999993,-0.0008312500000000611,0.011743749999999942,-0.022231250000000813,-0.00025624999999999953,-0.0005250000000001087,0.010437500000001876,0.0024687499999984652,-0.0011937500000005485,0.0,0.011712500000001569,0.022231250000000813,40000.0
20883,T30TUM_40000_4,S2A_MSIL2A_20230620T110621_R137_T30TUM_20230620T202552,100,,0.0,0.0,1.4,1.86375,12.503125,0.003125,3.241875,20.525,52.39375,8.069375,0.0,160000,0,0.0,40000.0,40000.00000000093,0.33937883377075195,80.988125,,0.0,-0.00055,0.008074999999999832,-0.002475000000000005,-0.04519999999999946,-0.0013499999999999996,-0.02427500000000027,0.0007500000000000284,0.031999999999996476,0.033025000000000304,0.0,0.06577500000000214,0.06577500000000214,40000.0
20889,T30TUM_40000_4,S2A_MSIL2A_20230620T110621_R137_T30TUM_20230620T202552,200,,0.0,0.0,1.385,1.86,12.4625,0.0025,3.225,20.5775,52.4575,8.03,0.0,40000,0,0.0,40000.0,40000.00000000093,0.5779294967651367,81.065,,0.0,-0.00055,-0.00692500000000007,-0.006224999999999925,-0.08582499999999982,-0.0019749999999999998,-0.04115000000000002,0.05325000000000202,0.09575000000000244,-0.006350000000001188,0.0,0.14265000000000327,0.14265000000000327,40000.0
20895,T30TUM_40000_4,S2A_MSIL2A_20230620T110621_R137_T30TUM_20230620T202552,500,,0.0,0.0,1.296875,2.046875,12.140625,0.0,3.40625,20.078125,53.171875,7.859375,0.0,6400,0,0.0,40000.0,40000.00000000093,0.3154892921447754,81.109375,,0.0,-0.00055,-0.09505000000000008,0.18064999999999998,-0.4077000000000002,-0.004475,0.1400999999999999,-0.44612499999999855,0.8101249999999993,-0.17697500000000055,0.0,0.18702500000000555,0.4077000000000002,40000.0
20901,T30TUM_40000_4,S2A_MSIL2A_20230620T110621_R137_T30TUM_20230620T202552,1000,,0.0,0.0,1.5,1.9375,12.6875,0.0,3.25,20.125,52.6875,7.8125,0.0,1600,0,0.0,40000.0,40000.00000000093,0.3171858787536621,80.625,,0.0,-0.00055,0.10807499999999992,0.07127499999999998,0.13917499999999983,-0.004475,-0.01615000000000011,-0.39924999999999855,0.3257499999999993,-0.22385000000000055,0.0,-0.29734999999999445,0.29734999999999445,40000.0
20873,T30TUM_40000_4,S2A_MSIL2A_20230630T110621_R137_T30TUM_20230630T203024,20,,0.0,0.025175,0.0309,17.0263,80.8047,0.0104,0.103825,0.003075,0.000125,1.9955,0.0,4000000,0,0.0,40000.0,40000.00000000093,0.8936972618103027,1.9987000000000001,,0.0,0.0,0.0,0.0,0.0,0.0,0.0,0.0,0.0,0.0,0.0,0.0,0.0,40000.0
20879,T30TUM_40000_4,S2A_MSIL2A_20230630T110621_R137_T30TUM_20230630T203024,50,,0.0,0.02546875,0.0309375,17.0171875,80.81109375,0.01046875,0.10203125,0.00359375,0.00015625,1.9990625,0.0,640000,0,0.0,40000.0,40000.00000000093,0.387620210647583,2.0028125,,0.0,0.0002937499999999989,3.749999999999934e-05,-0.009112500000000523,0.006393750000000864,6.87500000000011e-05,-0.0017937499999999967,0.0005187500000000001,3.125e-05,0.003562499999999913,0.0,0.004112499999999963,0.009112500000000523,40000.0
20885,T30TUM_40000_4,S2A_MSIL2A_20230630T110621_R137_T30TUM_20230630T203024,100,,0.0,0.0275,0.03125,17.103125,80.725625,0.008125,0.095625,0.0025,0.000625,2.005625,0.0,160000,0,0.0,40000.0,40000.00000000093,0.33937883377075195,2.00875,,0.0,0.0023250000000000007,0.0003499999999999996,0.07682499999999948,-0.07907500000000312,-0.0022749999999999992,-0.008199999999999999,-0.000575,0.0005,0.010125000000000162,0.0,0.010049999999999892,0.07907500000000312,40000.0
20891,T30TUM_40000_4,S2A_MSIL2A_20230630T110621_R137_T30TUM_20230630T203024,200,,0.0,0.02,0.03,16.8725,80.955,0.005,0.0975,0.0025,0.0,2.0175,0.0,40000,0,0.0,40000.0,40000.00000000093,0.5779294967651367,2.02,,0.0,-0.005174999999999999,-0.0009000000000000015,-0.15380000000000038,0.15030000000000143,-0.005399999999999999,-0.006324999999999997,-0.000575,-0.000125,0.02200000000000002,0.0,0.021299999999999875,0.15380000000000038,40000.0
20897,T30TUM_40000_4,S2A_MSIL2A_20230630T110621_R137_T30TUM_20230630T203024,500,,0.0,0.0625,0.03125,17.3125,80.671875,0.0,0.09375,0.0,0.0,1.828125,0.0,6400,0,0.0,40000.0,40000.00000000093,0.3154892921447754,1.828125,,0.0,0.037325,0.0003499999999999996,0.2862000000000009,-0.13282499999999686,-0.0104,-0.010075,-0.003075,-0.000125,-0.16737500000000005,0.0,-0.17057500000000014,0.2862000000000009,40000.0
20903,T30TUM_40000_4,S2A_MSIL2A_20230630T110621_R137_T30TUM_20230630T203024,1000,,0.0,0.0625,0.0625,15.875,82.1875,0.0,0.0625,0.0,0.0,1.75,0.0,1600,0,0.0,40000.0,40000.00000000093,0.3171858787536621,1.75,,0.0,0.037325,0.0316,-1.151299999999999,1.3828000000000031,-0.0104,-0.041325,-0.003075,-0.000125,-0.24550000000000005,0.0,-0.24870000000000014,1.3828000000000031,40000.0
20868,T30TUM_40000_4,S2B_MSIL2A_20230605T110619_R137_T30TUM_20230605T163049,20,,0.0,0.024025,9.214825,16.09475,52.082575,0.018075,0.4485,8.304025,9.72135,4.091875,0.0,4000000,0,0.0,40000.0,40000.00000000093,0.8936972618103027,22.11725,,0.0,0.0,0.0,0.0,0.0,0.0,0.0,0.0,0.0,0.0,0.0,0.0,0.0,40000.0
20874,T30TUM_40000_4,S2B_MSIL2A_20230605T110619_R137_T30TUM_20230605T163049,50,,0.0,0.025,9.21,16.08984375,52.08,0.0171875,0.4490625,8.3103125,9.729375,4.08921875,0.0,640000,0,0.0,40000.0,40000.00000000093,0.387620210647583,22.12890625,,0.0,0.0009750000000000002,-0.004824999999998525,-0.004906250000001222,-0.002575000000000216,-0.0008874999999999994,0.0005624999999999658,0.00628750000000089,0.008024999999999949,-0.0026562500000002487,0.0,0.011656250000001478,0.011656250000001478,40000.0
20880,T30TUM_40000_4,S2B_MSIL2A_20230605T110619_R137_T30TUM_20230605T163049,100,,0.0,0.02625,9.23875,16.076875,52.04875,0.0175,0.43375,8.324375,9.73875,4.095,0.0,160000,0,0.0,40000.0,40000.00000000093,0.33937883377075195,22.158125,,0.0,0.002224999999999998,0.023925000000000196,-0.017875000000000085,-0.033825000000000216,-0.0005749999999999991,-0.014749999999999985,0.020350000000000534,0.017400000000000304,0.0031249999999998224,0.0,0.04087499999999977,0.04087499999999977,40000.0
20886,T30TUM_40000_4,S2B_MSIL2A_20230605T110619_R137_T30TUM_20230605T163049,200,,0.0,0.0225,9.195,15.9725,52.1725,0.015,0.475,8.33,9.715,4.1025,0.0,40000,0,0.0,40000.0,40000.00000000093,0.5779294967651367,22.1475,,0.0,-0.001525000000000002,-0.019824999999999093,-0.12225000000000108,0.08992500000000092,-0.0030750000000000013,0.026499999999999968,0.025975000000000747,-0.006349999999999412,0.010625000000000107,0.0,0.03025000000000233,0.12225000000000108,40000.0
20892,T30TUM_40000_4,S2B_MSIL2A_20230605T110619_R137_T30TUM_20230605T163049,500,,0.0,0.015625,9.375,16.15625,52.203125,0.015625,0.390625,8.359375,9.5,3.984375,0.0,6400,0,0.0,40000.0,40000.00000000093,0.3154892921447754,21.84375,,0.0,-0.008400000000000001,0.16017500000000062,0.06149999999999878,0.12055000000000149,-0.002450000000000001,-0.05787500000000001,0.055350000000000676,-0.22134999999999927,-0.10749999999999993,0.0,-0.2734999999999985,0.2734999999999985,40000.0
20898,T30TUM_40000_4,S2B_MSIL2A_20230605T110619_R137_T30TUM_20230605T163049,1000,,0.0,0.0,9.125,15.625,52.0,0.0,0.3125,8.8125,10.0625,4.0625,0.0,1600,0,0.0,40000.0,40000.00000000093,0.3171858787536621,22.9375,,0.0,-0.024025,-0.08982499999999938,-0.4697500000000012,-0.08257499999999851,-0.018075,-0.136,0.5084750000000007,0.34115000000000073,-0.02937499999999993,0.0,0.8202500000000015,0.8202500000000015,40000.0
20870,T30TUM_40000_4,S2B_MSIL2A_20230615T110629_R137_T30TUM_20230615T205813,20,,0.0,0.01955,1.082225,21.844775,76.02695,0.065325,0.186575,0.532225,0.241575,0.0008,0.0,4000000,0,0.0,40000.0,40000.00000000093,0.8936972618103027,0.7746,,0.0,0.0,0.0,0.0,0.0,0.0,0.0,0.0,0.0,0.0,0.0,0.0,0.0,40000.0
20876,T30TUM_40000_4,S2B_MSIL2A_20230615T110629_R137_T30TUM_20230615T205813,50,,0.0,0.02046875,1.084375,21.8253125,76.04046875,0.06265625,0.18890625,0.535,0.24203125,0.00078125,0.0,640000,0,0.0,40000.0,40000.00000000093,0.387620210647583,0.7778125,,0.0,0.0009187499999999994,0.0021500000000000963,-0.019462499999999494,0.01351875000000291,-0.0026687499999999975,0.002331250000000007,0.002775000000000083,0.0004562499999999914,-1.8749999999999995e-05,0.0,0.0032125000000000625,0.019462499999999494,40000.0
20882,T30TUM_40000_4,S2B_MSIL2A_20230615T110629_R137_T30TUM_20230615T205813,100,,0.0,0.02125,1.0825,21.88625,75.963125,0.058125,0.195625,0.548125,0.24375,0.00125,0.0,160000,0,0.0,40000.0,40000.00000000093,0.33937883377075195,0.793125,,0.0,0.0017000000000000001,0.0002750000000000252,0.04147500000000193,-0.06382499999999425,-0.007199999999999991,0.009050000000000002,0.015900000000000025,0.0021749999999999825,0.00045,0.0,0.018525000000000014,0.06382499999999425,40000.0
20888,T30TUM_40000_4,S2B_MSIL2A_20230615T110629_R137_T30TUM_20230615T205813,200,,0.0,0.005,1.0875,21.675,76.2275,0.06,0.17,0.5175,0.2575,0.0,0.0,40000,0,0.0,40000.0,40000.00000000093,0.5779294967651367,0.7749999999999999,,0.0,-0.01455,0.005274999999999919,-0.1697749999999978,0.2005500000000069,-0.005324999999999996,-0.01657499999999998,-0.014724999999999988,0.015924999999999995,-0.0008,0.0,0.00039999999999995595,0.2005500000000069,40000.0
20894,T30TUM_40000_4,S2B_MSIL2A_20230615T110629_R137_T30TUM_20230615T205813,500,,0.0,0.015625,1.0,21.84375,76.25,0.015625,0.15625,0.5,0.21875,0.0,0.0,6400,0,0.0,40000.0,40000.00000000093,0.3154892921447754,0.71875,,0.0,-0.003925000000000001,-0.08222499999999999,-0.0010249999999984993,0.22305000000000064,-0.049699999999999994,-0.03032499999999999,-0.03222499999999995,-0.022825000000000012,-0.0008,0.0,-0.055849999999999955,0.22305000000000064,40000.0
20900,T30TUM_40000_4,S2B_MSIL2A_20230615T110629_R137_T30TUM_20230615T205813,1000,,0.0,0.0,0.875,21.3125,76.875,0.0,0.125,0.4375,0.375,0.0,0.0,1600,0,0.0,40000.0,40000.00000000093,0.3171858787536621,0.8125,,0.0,-0.01955,-0.207225,-0.5322749999999985,0.8480500000000006,-0.065325,-0.06157499999999999,-0.09472499999999995,0.133425,-0.0008,0.0,0.037900000000000045,0.8480500000000006,40000.0
20872,T30TUM_40000_4,S2B_MSIL2A_20230625T110619_R137_T30TUM_20230625T164707,20,,0.0,0.0077250019312504825,1.3844003461000864,19.132004783001197,77.41304435326109,0.05532501383125346,0.06602501650625413,0.8353002088250522,1.0970252742563185,0.009150002287500571,0.0,4000000,1,2.5e-05,40000.0,40000.00000000093,0.8936972618103027,1.9414754853688712,,0.0,0.0,0.0,0.0,0.0,0.0,0.0,0.0,0.0,0.0,0.0,0.0,0.0,40000.0
20878,T30TUM_40000_4,S2B_MSIL2A_20230625T110619_R137_T30TUM_20230625T164707,50,,0.0,0.00828125,1.38984375,19.09078125,77.4459375,0.0553125,0.06515625,0.83375,1.10296875,0.00796875,0.0,640000,0,0.0,40000.0,40000.00000000093,0.387620210647583,1.9446875000000001,,0.0,0.0005562480687495179,0.005443403899913601,-0.04122353300119741,0.03289314673891397,-1.2513831253460617e-05,-0.0008687665062541289,-0.0015502088250521906,0.005943475743681592,-0.001181252287500571,0.0,0.0032120146311289677,0.04122353300119741,40000.0
20884,T30TUM_40000_4,S2B_MSIL2A_20230625T110619_R137_T30TUM_20230625T164707,100,,0.0,0.00875,1.409375,19.16875,77.351875,0.054375,0.065625,0.836875,1.095625,0.00875,0.0,160000,0,0.0,40000.0,40000.00000000093,0.33937883377075195,1.9412500000000001,,0.0,0.0010249980687495183,0.0249746538999136,0.03674521699880273,-0.06116935326107864,-0.0009500138312534614,-0.000400016506254125,0.0015747911749478538,-0.00140027425631839,-0.0004000022875005702,0.0,-0.00022548536887101456,0.06116935326107864,40000.0
20890,T30TUM_40000_4,S2B_MSIL2A_20230625T110619_R137_T30TUM_20230625T164707,200,,0.0,0.0025,1.385,19.0775,77.4825,0.055,0.0575,0.85,1.0825,0.0075,0.0,40000,0,0.0,40000.0,40000.00000000093,0.5779294967651367,1.9400000000000002,,0.0,-0.005225001931250483,0.0005996538999135659,-0.05450478300119599,0.06945564673891624,-0.0003250138312534609,-0.008525016506254125,0.014699791174947796,-0.014525274256318443,-0.0016500022875005713,0.0,-0.001475485368870988,0.06945564673891624,40000.0
20896,T30TUM_40000_4,S2B_MSIL2A_20230625T110619_R137_T30TUM_20230625T164707,500,,0.0,0.015625,1.421875,19.4375,77.140625,0.015625,0.078125,0.71875,1.15625,0.015625,0.0,6400,0,0.0,40000.0,40000.00000000093,0.3154892921447754,1.890625,,0.0,0.007899998068749518,0.03747465389991356,0.30549521699880344,-0.27241935326108546,-0.03970001383125346,0.012099983493745872,-0.11655020882505218,0.05922472574368154,0.006474997712499429,0.0,-0.05085048536887116,0.30549521699880344,40000.0
20902,T30TUM_40000_4,S2B_MSIL2A_20230625T110619_R137_T30TUM_20230625T164707,1000,,0.0,0.0,1.4375,18.125,78.375,0.0625,0.1875,0.875,0.9375,0.0,0.0,1600,0,0.0,40000.0,40000.00000000093,0.3171858787536621,1.8125,,0.0,-0.0077250019312504825,0.05309965389991356,-1.0070047830011966,0.9619556467389145,0.007174986168746539,0.12147498349374587,0.03969979117494782,-0.15952527425631846,-0.009150002287500571,0.0,-0.12897548536887116,1.0070047830011966,40000.0
20905,T30TUM_60000_0,S2A_MSIL2A_20230610T110621_R137_T30TUM_20230610T202756,20,,0.0,0.0064444444444444445,6.381966666666667,5.4066,17.3251,0.026344444444444445,0.6933222222222222,24.129433333333335,38.23883333333333,7.791955555555556,0.0,9000000,0,0.0,60000.00000000006,60000.00000000093,2.4796459674835205,70.16022222222223,,0.0,0.0,0.0,0.0,0.0,0.0,0.0,0.0,0.0,0.0,0.0,0.0,0.0,60000.0
20911,T30TUM_60000_0,S2A_MSIL2A_20230610T110621_R137_T30TUM_20230610T202756,50,,0.0,0.006666666666666667,6.3869444444444445,5.407013888888889,17.342222222222222,0.02722222222222222,0.6909722222222222,24.1175,38.22263888888889,7.798819444444445,0.0,1440000,0,0.0,60000.00000000006,60000.00000000093,0.8225231170654297,70.13895833333333,,0.0,0.0002222222222222226,0.004977777777777526,0.0004138888888887138,0.01712222222222337,0.0008777777777777759,-0.0023499999999999632,-0.011933333333335128,-0.0161944444444444,0.006863888888888781,0.0,-0.021263888888896076,0.021263888888896076,60000.0
20917,T30TUM_60000_0,S2A_MSIL2A_20230610T110621_R137_T30TUM_20230610T202756,100,,0.0,0.005555555555555556,6.388055555555556,5.405277777777778,17.377222222222223,0.024444444444444446,0.6827777777777778,24.089166666666667,38.221666666666664,7.805833333333333,0.0,360000,0,0.0,60000.00000000006,60000.00000000093,0.41895484924316406,70.11666666666667,,0.0,-0.0008888888888888887,0.00608888888888881,-0.0013222222222220026,0.05212222222222351,-0.001899999999999999,-0.010544444444444356,-0.04026666666666756,-0.017166666666668107,0.013877777777777212,0.0,-0.04355555555555668,0.05212222222222351,60000.0
20923,T30TUM_60000_0,S2A_MSIL2A_20230610T110621_R137_T30TUM_20230610T202756,200,,0.0,0.008888888888888889,6.337777777777778,5.4688888888888885,17.362222222222222,0.01888888888888889,0.7177777777777777,24.104444444444443,38.23,7.751111111111111,0.0,90000,0,0.0,60000.00000000006,60000.00000000093,0.35878872871398926,70.08555555555556,,0.0,0.0024444444444444444,-0.04418888888888883,0.062288888888888394,0.037122222222222945,-0.0074555555555555555,0.024455555555555564,-0.024988888888891836,-0.008833333333335247,-0.04084444444444468,0.0,-0.07466666666667265,0.07466666666667265,60000.0
20929,T30TUM_60000_0,S2A_MSIL2A_20230610T110621_R137_T30TUM_20230610T202756,500,,0.0,0.006944444444444444,6.416666666666667,5.486111111111111,17.34027777777778,0.006944444444444444,0.8472222222222222,23.618055555555557,38.43055555555556,7.847222222222222,0.0,14400,0,0.0,60000.00000000006,60000.00000000093,0.4155702590942383,69.89583333333334,,0.0,0.0004999999999999996,0.03469999999999995,0.07951111111111064,0.015177777777779511,-0.0194,0.15390000000000004,-0.5113777777777777,0.191722222222225,0.05526666666666635,0.0,-0.2643888888888881,0.2643888888888881,60000.0
20935,T30TUM_60000_0,S2A_MSIL2A_20230610T110621_R137_T30TUM_20230610T202756,1000,,0.0,0.0,6.416666666666667,5.75,16.97222222222222,0.027777777777777776,0.5833333333333334,24.916666666666668,38.0,7.333333333333333,0.0,3600,0,0.0,60000.00000000006,60000.00000000093,0.3845968246459961,70.25,,0.0,-0.0064444444444444445,0.03469999999999995,0.3433999999999999,-0.3528777777777776,0.0014333333333333316,-0.1099888888888888,0.787233333333333,-0.23883333333333212,-0.45862222222222293,0.0,0.08977777777776907,0.3528777777777776,60000.0
20907,T30TUM_60000_0,S2A_MSIL2A_20230620T110621_R137_T30TUM_20230620T202552,20,,0.0,0.0016222222222222222,0.7010666666666666,2.9386666666666668,14.75928888888889,0.04548888888888889,1.4448555555555556,20.61863333333333,42.63858888888889,16.85178888888889,0.0,9000000,0,0.0,60000.00000000006,60000.00000000093,2.4796459674835205,80.10901111111112,,0.0,0.0,0.0,0.0,0.0,0.0,0.0,0.0,0.0,0.0,0.0,0.0,0.0,60000.0
20913,T30TUM_60000_0,S2A_MSIL2A_20230620T110621_R137_T30TUM_20230620T202552,50,,0.0,0.0015277777777777779,0.7040277777777778,2.9386805555555555,14.760902777777778,0.04680555555555556,1.4439583333333332,20.621458333333333,42.63430555555556,16.848333333333333,0.0,1440000,0,0.0,60000.00000000006,60000.00000000093,0.8225231170654297,80.10409722222222,,0.0,-9.44444444444443e-05,0.002961111111111192,1.3888888888757833e-05,0.0016138888888885816,0.0013166666666666674,-0.000897222222222327,0.0028250000000014097,-0.004283333333333417,-0.0034555555555577655,0.0,-0.004913888888893325,0.004913888888893325,60000.0
20919,T30TUM_60000_0,S2A_MSIL2A_20230620T110621_R137_T30TUM_20230620T202552,100,,0.0,0.001388888888888889,0.7086111111111111,2.955,14.748611111111112,0.045,1.4319444444444445,20.640555555555554,42.63944444444444,16.829444444444444,0.0,360000,0,0.0,60000.00000000006,60000.00000000093,0.41895484924316406,80.10944444444445,,0.0,-0.00023333333333333322,0.007544444444444465,0.01633333333333331,-0.010677777777777564,-0.0004888888888888929,-0.012911111111111095,0.021922222222222842,0.0008555555555531669,-0.022344444444446054,0.0,0.00043333333333350765,0.01633333333333331,60000.0
20925,T30TUM_60000_0,S2A_MSIL2A_20230620T110621_R137_T30TUM_20230620T202552,200,,0.0,0.0022222222222222222,0.6944444444444444,2.97,14.75,0.03777777777777778,1.461111111111111,20.627777777777776,42.65,16.80666666666667,0.0,90000,0,0.0,60000.00000000006,60000.00000000093,0.35878872871398926,80.08444444444444,,0.0,0.0006000000000000001,-0.006622222222222196,0.031333333333333435,-0.009288888888889346,-0.007711111111111113,0.016255555555555468,0.009144444444444844,0.011411111111108596,-0.045122222222222064,0.0,-0.024566666666672177,0.031333333333333435,60000.0
20931,T30TUM_60000_0,S2A_MSIL2A_20230620T110621_R137_T30TUM_20230620T202552,500,,0.0,0.0,0.6388888888888888,3.076388888888889,14.895833333333334,0.020833333333333332,1.3680555555555556,21.04861111111111,42.270833333333336,16.680555555555557,0.0,14400,0,0.0,60000.00000000006,60000.00000000093,0.4155702590942383,80.0,,0.0,-0.0016222222222222222,-0.062177777777777776,0.13772222222222208,0.13654444444444458,-0.02465555555555556,-0.07679999999999998,0.4299777777777791,-0.3677555555555543,-0.17123333333333335,0.0,-0.10901111111111561,0.13772222222222208,60000.0
20937,T30TUM_60000_0,S2A_MSIL2A_20230620T110621_R137_T30TUM_20230620T202552,1000,,0.0,0.0,0.5555555555555556,2.7222222222222223,15.444444444444445,0.05555555555555555,1.4166666666666667,19.86111111111111,43.166666666666664,16.77777777777778,0.0,3600,0,0.0,60000.00000000006,60000.00000000093,0.3845968246459961,79.80555555555554,,0.0,-0.0016222222222222222,-0.14551111111111104,-0.21644444444444444,0.6851555555555553,0.010066666666666661,-0.02818888888888882,-0.7575222222222209,0.5280777777777743,-0.07401111111111192,0.0,-0.3034555555555727,0.6851555555555553,60000.0
20909,T30TUM_60000_0,S2A_MSIL2A_20230630T110621_R137_T30TUM_20230630T203024,20,,0.0,0.007288888888888889,0.0003333333333333333,15.828122222222222,71.13904444444445,0.08001111111111112,0.017066666666666667,0.0028888888888888888,0.0009666666666666667,12.924277777777778,0.0,9000000,0,0.0,60000.00000000006,60000.00000000093,2.4796459674835205,12.928133333333333,,0.0,0.0,0.0,0.0,0.0,0.0,0.0,0.0,0.0,0.0,0.0,0.0,0.0,60000.0
20915,T30TUM_60000_0,S2A_MSIL2A_20230630T110621_R137_T30TUM_20230630T203024,50,,0.0,0.006944444444444444,0.00034722222222222224,15.862847222222221,71.10430555555556,0.08152777777777778,0.016666666666666666,0.0029861111111111113,0.0009722222222222222,12.923402777777778,0.0,1440000,0,0.0,60000.00000000006,60000.00000000093,0.8225231170654297,12.92736111111111,,0.0,-0.00034444444444444496,1.3888888888888913e-05,0.034724999999999895,-0.03473888888889576,0.0015166666666666662,-0.00040000000000000105,9.72222222222225e-05,5.555555555555522e-06,-0.0008750000000006253,0.0,-0.0007722222222223962,0.03473888888889576,60000.0
20921,T30TUM_60000_0,S2A_MSIL2A_20230630T110621_R137_T30TUM_20230630T203024,100,,0.0,0.006388888888888889,0.0005555555555555556,15.900833333333333,71.0825,0.0811111111111111,0.013888888888888888,0.0019444444444444444,0.0005555555555555556,12.912222222222223,0.0,360000,0,0.0,60000.00000000006,60000.00000000093,0.41895484924316406,12.914722222222222,,0.0,-0.0008999999999999998,0.00022222222222222223,0.07271111111111139,-0.056544444444455166,0.0010999999999999899,-0.0031777777777777794,-0.0009444444444444444,-0.0004111111111111111,-0.012055555555555486,0.0,-0.01341111111111104,0.07271111111111139,60000.0
20927,T30TUM_60000_0,S2A_MSIL2A_20230630T110621_R137_T30TUM_20230630T203024,200,,0.0,0.008888888888888889,0.0011111111111111111,15.95111111111111,71.04222222222222,0.06333333333333334,0.013333333333333334,0.0033333333333333335,0.0011111111111111111,12.915555555555555,0.0,90000,0,0.0,60000.00000000006,60000.00000000093,0.35878872871398926,12.92,,0.0,0.0015999999999999999,0.0007777777777777778,0.12298888888888904,-0.09682222222222947,-0.016677777777777777,-0.0037333333333333333,0.0004444444444444448,0.00014444444444444444,-0.008722222222223408,0.0,-0.008133333333333326,0.12298888888888904,60000.0
20933,T30TUM_60000_0,S2A_MSIL2A_20230630T110621_R137_T30TUM_20230630T203024,500,,0.0,0.006944444444444444,0.006944444444444444,16.21527777777778,70.84027777777777,0.0625,0.006944444444444444,0.0,0.0,12.86111111111111,0.0,14400,0,0.0,60000.00000000006,60000.00000000093,0.4155702590942383,12.86111111111111,,0.0,-0.00034444444444444496,0.006611111111111111,0.38715555555555703,-0.2987666666666797,-0.017511111111111116,-0.010122222222222223,-0.0028888888888888888,-0.0009666666666666667,-0.06316666666666748,0.0,-0.06702222222222254,0.38715555555555703,60000.0
20939,T30TUM_60000_0,S2A_MSIL2A_20230630T110621_R137_T30TUM_20230630T203024,1000,,0.0,0.0,0.0,16.194444444444443,70.97222222222223,0.08333333333333333,0.0,0.0,0.0,12.75,0.0,3600,0,0.0,60000.00000000006,60000.00000000093,0.3845968246459961,12.75,,0.0,-0.007288888888888889,-0.0003333333333333333,0.3663222222222213,-0.16682222222222265,0.0033222222222222125,-0.017066666666666667,-0.0028888888888888888,-0.0009666666666666667,-0.1742777777777782,0.0,-0.17813333333333325,0.3663222222222213,60000.0
20904,T30TUM_60000_0,S2B_MSIL2A_20230605T110619_R137_T30TUM_20230605T163049,20,,0.0,0.014122222222222222,9.331288888888889,11.641833333333333,48.882422222222225,0.06313333333333333,0.3048,8.715866666666667,11.003266666666667,10.043266666666666,0.0,9000000,0,0.0,60000.00000000006,60000.00000000093,2.4796459674835205,29.7624,,0.0,0.0,0.0,0.0,0.0,0.0,0.0,0.0,0.0,0.0,0.0,0.0,0.0,60000.0
20910,T30TUM_60000_0,S2B_MSIL2A_20230605T110619_R137_T30TUM_20230605T163049,50,,0.0,0.014166666666666666,9.337291666666667,11.656319444444444,48.880208333333336,0.06277777777777778,0.3032638888888889,8.713125,11.001944444444444,10.030902777777778,0.0,1440000,0,0.0,60000.00000000006,60000.00000000093,0.8225231170654297,29.74597222222222,,0.0,4.4444444444444176e-05,0.0060027777777786895,0.0144861111111112,-0.0022138888888889596,-0.0003555555555555534,-0.001536111111111127,-0.0027416666666670864,-0.0013222222222228908,-0.012363888888888397,0.0,-0.016427777777778374,0.016427777777778374,60000.0
20916,T30TUM_60000_0,S2B_MSIL2A_20230605T110619_R137_T30TUM_20230605T163049,100,,0.0,0.014166666666666666,9.331388888888888,11.632777777777777,48.943333333333335,0.06722222222222222,0.30694444444444446,8.709444444444445,10.992777777777778,10.001944444444444,0.0,360000,0,0.0,60000.00000000006,60000.00000000093,0.41895484924316406,29.70416666666667,,0.0,4.4444444444444176e-05,9.999999999976694e-05,-0.009055555555555372,0.06091111111111047,0.004088888888888892,0.002144444444444449,-0.006422222222221663,-0.010488888888888326,-0.04132222222222204,0.0,-0.05823333333333025,0.06091111111111047,60000.0
20922,T30TUM_60000_0,S2B_MSIL2A_20230605T110619_R137_T30TUM_20230605T163049,200,,0.0,0.015555555555555555,9.326666666666666,11.676666666666666,48.9,0.05555555555555555,0.33,8.776666666666667,10.948888888888888,9.97,0.0,90000,0,0.0,60000.00000000006,60000.00000000093,0.35878872871398926,29.695555555555558,,0.0,0.0014333333333333333,-0.004622222222222305,0.03483333333333327,0.017577777777773917,-0.0075777777777777805,0.0252,0.06080000000000041,-0.054377777777778746,-0.07326666666666526,0.0,-0.06684444444444182,0.06684444444444182,60000.0
20928,T30TUM_60000_0,S2B_MSIL2A_20230605T110619_R137_T30TUM_20230605T163049,500,,0.0,0.0,9.375,11.770833333333334,48.826388888888886,0.041666666666666664,0.3194444444444444,8.534722222222221,11.180555555555555,9.95138888888889,0.0,14400,0,0.0,60000.00000000006,60000.00000000093,0.4155702590942383,29.666666666666668,,0.0,-0.014122222222222222,0.04371111111111148,0.12900000000000134,-0.05603333333333893,-0.02146666666666667,0.014644444444444404,-0.18114444444444544,0.1772888888888886,-0.09187777777777661,0.0,-0.09573333333333167,0.12900000000000134,60000.0
20934,T30TUM_60000_0,S2B_MSIL2A_20230605T110619_R137_T30TUM_20230605T163049,1000,,0.0,0.0,9.944444444444445,12.277777777777779,49.05555555555556,0.08333333333333333,0.16666666666666666,8.13888888888889,10.75,9.583333333333334,0.0,3600,0,0.0,60000.00000000006,60000.00000000093,0.3845968246459961,28.47222222222222,,0.0,-0.014122222222222222,0.6131555555555561,0.635944444444446,0.17313333333333247,0.020199999999999996,-0.13813333333333336,-0.5769777777777776,-0.25326666666666675,-0.459933333333332,0.0,-1.290177777777778,1.290177777777778,60000.0
20906,T30TUM_60000_0,S2B_MSIL2A_20230615T110629_R137_T30TUM_20230615T205813,20,,0.0,0.02578888888888889,5.303055555555556,17.628044444444445,68.2994,0.11667777777777778,0.4283888888888889,4.536266666666666,3.6595222222222223,0.0028555555555555556,0.0,9000000,0,0.0,60000.00000000006,60000.00000000093,2.4796459674835205,8.198644444444444,,0.0,0.0,0.0,0.0,0.0,0.0,0.0,0.0,0.0,0.0,0.0,0.0,0.0,60000.0
20912,T30TUM_60000_0,S2B_MSIL2A_20230615T110629_R137_T30TUM_20230615T205813,50,,0.0,0.026458333333333334,5.3024305555555555,17.629166666666666,68.29270833333334,0.11763888888888889,0.43069444444444444,4.5368055555555555,3.66125,0.0028472222222222223,0.0,1440000,0,0.0,60000.00000000006,60000.00000000093,0.8225231170654297,8.200902777777777,,0.0,0.0006694444444444447,-0.0006250000000003197,0.0011222222222215805,-0.006691666666668539,0.000961111111111107,0.0023055555555555607,0.0005388888888893106,0.0017277777777775505,-8.333333333333283e-06,0.0,0.0022583333333336952,0.006691666666668539,60000.0
20918,T30TUM_60000_0,S2B_MSIL2A_20230615T110629_R137_T30TUM_20230615T205813,100,,0.0,0.025833333333333333,5.306666666666667,17.610277777777778,68.31555555555556,0.12055555555555555,0.43277777777777776,4.523333333333333,3.6622222222222223,0.002777777777777778,0.0,360000,0,0.0,60000.00000000006,60000.00000000093,0.41895484924316406,8.188333333333334,,0.0,4.4444444444444176e-05,0.0036111111111107874,-0.01776666666666671,0.01615555555555659,0.0038777777777777717,0.004388888888888887,-0.012933333333332797,0.0026999999999999247,-7.777777777777774e-05,0.0,-0.010311111111109383,0.01776666666666671,60000.0
20924,T30TUM_60000_0,S2B_MSIL2A_20230615T110629_R137_T30TUM_20230615T205813,200,,0.0,0.022222222222222223,5.2877777777777775,17.773333333333333,68.21666666666667,0.10666666666666667,0.41444444444444445,4.552222222222222,3.621111111111111,0.005555555555555556,0.0,90000,0,0.0,60000.00000000006,60000.00000000093,0.35878872871398926,8.17888888888889,,0.0,-0.003566666666666666,-0.01527777777777839,0.14528888888888858,-0.0827333333333371,-0.01001111111111111,-0.013944444444444426,0.015955555555556167,-0.038411111111111396,0.0027,0.0,-0.019755555555553528,0.14528888888888858,60000.0
20930,T30TUM_60000_0,S2B_MSIL2A_20230615T110629_R137_T30TUM_20230615T205813,500,,0.0,0.006944444444444444,5.277777777777778,17.6875,68.45138888888889,0.09027777777777778,0.3402777777777778,4.5,3.6458333333333335,0.0,0.0,14400,0,0.0,60000.00000000006,60000.00000000093,0.4155702590942383,8.145833333333334,,0.0,-0.018844444444444445,-0.025277777777778176,0.05945555555555515,0.15198888888888007,-0.026400000000000007,-0.08811111111111108,-0.036266666666666225,-0.013688888888888862,-0.0028555555555555556,0.0,-0.05281111111110981,0.15198888888888007,60000.0
20936,T30TUM_60000_0,S2B_MSIL2A_20230615T110629_R137_T30TUM_20230615T205813,1000,,0.0,0.08333333333333333,5.5,18.055555555555557,67.86111111111111,0.1111111111111111,0.25,4.5,3.5833333333333335,0.05555555555555555,0.0,3600,0,0.0,60000.00000000006,60000.00000000093,0.3845968246459961,8.13888888888889,,0.0,0.05754444444444444,0.19694444444444414,0.4275111111111123,-0.4382888888888914,-0.005566666666666678,-0.17838888888888887,-0.036266666666666225,-0.07618888888888886,0.0527,0.0,-0.05975555555555445,0.4382888888888914,60000.0
20908,T30TUM_60000_0,S2B_MSIL2A_20230625T110619_R137_T30TUM_20230625T164707,20,,0.0,0.004566666666666667,1.2915222222222222,17.799833333333332,78.49203333333334,0.09623333333333334,0.04751111111111111,0.9463777777777778,1.2909666666666666,0.030955555555555556,0.0,9000000,0,0.0,60000.00000000006,60000.00000000093,2.4796459674835205,2.2682999999999995,,0.0,0.0,0.0,0.0,0.0,0.0,0.0,0.0,0.0,0.0,0.0,0.0,0.0,60000.0
20914,T30TUM_60000_0,S2B_MSIL2A_20230625T110619_R137_T30TUM_20230625T164707,50,,0.0,0.004722222222222222,1.2915277777777778,17.816111111111113,78.47527777777778,0.09701388888888889,0.04763888888888889,0.9424305555555555,1.2942361111111111,0.031041666666666665,0.0,1440000,0,0.0,60000.00000000006,60000.00000000093,0.8225231170654297,2.2677083333333337,,0.0,0.00015555555555555548,5.555555555591951e-06,0.0162777777777805,-0.016755555555562296,0.0007805555555555482,0.0001277777777777822,-0.003947222222222213,0.003269444444444547,8.611111111110972e-05,0.0,-0.0005916666666658799,0.016755555555562296,60000.0
20920,T30TUM_60000_0,S2B_MSIL2A_20230625T110619_R137_T30TUM_20230625T164707,100,,0.0,0.005277777777777778,1.2963888888888888,17.848333333333333,78.44555555555556,0.09777777777777778,0.045,0.9413888888888889,1.2886111111111112,0.03166666666666667,0.0,360000,0,0.0,60000.00000000006,60000.00000000093,0.41895484924316406,2.2616666666666667,,0.0,0.0007111111111111111,0.004866666666666575,0.048500000000000654,-0.04647777777778117,0.0015444444444444455,-0.00251111111111111,-0.0049888888888888205,-0.002355555555555444,0.0007111111111111137,0.0,-0.006633333333332825,0.048500000000000654,60000.0
20926,T30TUM_60000_0,S2B_MSIL2A_20230625T110619_R137_T30TUM_20230625T164707,200,,0.0,0.0022222222222222222,1.2877777777777777,17.944444444444443,78.36111111111111,0.08,0.03777777777777778,0.9822222222222222,1.268888888888889,0.035555555555555556,0.0,90000,0,0.0,60000.00000000006,60000.00000000093,0.35878872871398926,2.2866666666666666,,0.0,-0.0023444444444444446,-0.00374444444444455,0.1446111111111108,-0.1309222222222246,-0.016233333333333336,-0.00973333333333333,0.03584444444444446,-0.02207777777777764,0.0046,0.0,0.018366666666667086,0.1446111111111108,60000.0
20932,T30TUM_60000_0,S2B_MSIL2A_20230625T110619_R137_T30TUM_20230625T164707,500,,0.0,0.0,1.3541666666666667,17.958333333333332,78.29166666666667,0.06944444444444445,0.027777777777777776,0.8958333333333334,1.3680555555555556,0.034722222222222224,0.0,14400,0,0.0,60000.00000000006,60000.00000000093,0.4155702590942383,2.298611111111111,,0.0,-0.004566666666666667,0.0626444444444445,0.15850000000000009,-0.20036666666666747,-0.02678888888888889,-0.019733333333333332,-0.05054444444444439,0.07708888888888898,0.003766666666666668,0.0,0.03031111111111162,0.20036666666666747,60000.0
20938,T30TUM_60000_0,S2B_MSIL2A_20230625T110619_R137_T30TUM_20230625T164707,1000,,0.0,0.0,1.1388888888888888,18.333333333333332,77.97222222222223,0.1111111111111111,0.08333333333333333,1.2222222222222223,1.0833333333333333,0.05555555555555555,0.0,3600,0,0.0,60000.00000000006,60000.00000000093,0.3845968246459961,2.3611111111111107,,0.0,-0.004566666666666667,-0.1526333333333334,0.5335000000000001,-0.5198111111111103,0.014877777777777768,0.03582222222222222,0.27584444444444456,-0.20763333333333334,0.024599999999999997,0.0,0.09281111111111118,0.5335000000000001,60000.0
