index,aoi,id,resolution,Mask,Sat,Dark,Shadow,Veg,Bare,Water,Unknown,Cl_Med,Cl_High,Cl_Cirrus,Snow,Total_pixels,NoData_pixels,NoData_pc,aoi_width,aoi_height,runtime,Cl_all,Mask_diff,Sat_diff,Dark_diff,Shadow_diff,Veg_diff,Bare_diff,Water_diff,Unknown_diff,Cl_Med_diff,Cl_High_diff,Cl_Cirrus_diff,Snow_diff,Cl_all_diff,diff_max,tile_size
17401,T33UWP_20000_0,S2A_MSIL2A_20230609T100031_R122_T33UWP_20230609T173715,20,,0.0,0.0,4.4458,0.0,0.0025,0.0015,0.0,10.4851,79.3898,5.6651,0.0102,1000000,0,0.0,20000.0,20000.0,0.5594532489776611,95.53999999999999,,0.0,0.0,0.0,0.0,0.0,0.0,0.0,0.0,0.0,0.0,0.0,0.0,0.0,20000.0
17407,T33UWP_20000_0,S2A_MSIL2A_20230609T100031_R122_T33UWP_20230609T173715,50,,0.0,0.0,4.445,0.0,0.00375,0.001875,0.0,10.485,79.378125,5.675,0.01125,160000,0,0.0,20000.0,20000.0,0.38843703269958496,95.538125,,0.0,0.0,-0.0007999999999999119,0.0,0.0012499999999999998,0.0003749999999999999,0.0,-9.999999999976694e-05,-0.011674999999996771,0.00990000000000002,0.0010499999999999989,-0.0018749999999982947,0.0018749999999982947,20000.0
17413,T33UWP_20000_0,S2A_MSIL2A_20230609T100031_R122_T33UWP_20230609T173715,100,,0.0,0.0,4.4425,0.0,0.005,0.0,0.0,10.5275,79.3925,5.6225,0.01,40000,0,0.0,20000.0,20000.0,0.3589668273925781,95.5425,,0.0,0.0,-0.0033000000000003027,0.0,0.0025,-0.0015,0.0,0.04240000000000066,0.0027000000000043656,-0.04260000000000019,-0.00020000000000000052,0.002500000000011937,0.0033000000000003027,20000.0
17419,T33UWP_20000_0,S2A_MSIL2A_20230609T100031_R122_T33UWP_20230609T173715,200,,0.0,0.0,4.53,0.0,0.01,0.0,0.0,10.52,79.07,5.86,0.01,10000,0,0.0,20000.0,20000.0,0.353588342666626,95.44999999999999,,0.0,0.0,0.08420000000000005,0.0,0.0075,-0.0015,0.0,0.034900000000000375,-0.31980000000000075,0.19490000000000052,-0.00020000000000000052,-0.09000000000000341,0.09000000000000341,20000.0
17425,T33UWP_20000_0,S2A_MSIL2A_20230609T100031_R122_T33UWP_20230609T173715,500,,0.0,0.0,4.75,0.0,0.0625,0.0,0.0,9.75,79.6875,5.75,0.0,1600,0,0.0,20000.0,20000.0,0.4422180652618408,95.1875,,0.0,0.0,0.3041999999999998,0.0,0.06,-0.0015,0.0,-0.7350999999999992,0.29770000000000607,0.0849000000000002,-0.0102,-0.35249999999999204,0.35249999999999204,20000.0
17431,T33UWP_20000_0,S2A_MSIL2A_20230609T100031_R122_T33UWP_20230609T173715,1000,,0.0,0.0,4.5,0.0,0.0,0.0,0.0,11.0,78.75,5.75,0.0,400,0,0.0,20000.0,20000.0,0.4013535976409912,95.5,,0.0,0.0,0.054199999999999804,0.0,-0.0025,-0.0015,0.0,0.5149000000000008,-0.6397999999999939,0.0849000000000002,-0.0102,-0.03999999999999204,0.054199999999999804,20000.0
17403,T33UWP_20000_0,S2A_MSIL2A_20230619T100031_R122_T33UWP_20230619T172742,20,,0.0,0.0,3.3246,3.0762,0.082,0.0009,0.7933,11.062,79.21,2.451,0.0,1000000,0,0.0,20000.0,20000.0,0.5594532489776611,92.72299999999998,,0.0,0.0,0.0,0.0,0.0,0.0,0.0,0.0,0.0,0.0,0.0,0.0,0.0,20000.0
17409,T33UWP_20000_0,S2A_MSIL2A_20230619T100031_R122_T33UWP_20230619T172742,50,,0.0,0.0,3.33,3.075625,0.07875,0.000625,0.79375,11.044375,79.213125,2.46375,0.0,160000,0,0.0,20000.0,20000.0,0.38843703269958496,92.72125000000001,,0.0,0.0,0.005399999999999849,-0.0005749999999999922,-0.003250000000000003,-0.00027499999999999996,0.00044999999999995044,-0.01762499999999889,0.0031250000000113687,0.012750000000000039,0.0,-0.0017499999999728288,0.005399999999999849,20000.0
17415,T33UWP_20000_0,S2A_MSIL2A_20230619T100031_R122_T33UWP_20230619T172742,100,,0.0,0.0,3.3325,3.0175,0.0925,0.0025,0.7875,11.075,79.22,2.4725,0.0,40000,0,0.0,20000.0,20000.0,0.3589668273925781,92.7675,,0.0,0.0,0.007899999999999796,-0.058699999999999974,0.010499999999999995,0.0016,-0.005800000000000027,0.0129999999999999,0.010000000000005116,0.021500000000000075,0.0,0.04450000000001353,0.058699999999999974,20000.0
17421,T33UWP_20000_0,S2A_MSIL2A_20230619T100031_R122_T33UWP_20230619T172742,200,,0.0,0.0,3.3,3.01,0.06,0.0,0.76,10.93,79.39,2.55,0.0,10000,0,0.0,20000.0,20000.0,0.353588342666626,92.86999999999999,,0.0,0.0,-0.0246000000000004,-0.06620000000000026,-0.022000000000000006,-0.0009,-0.033299999999999996,-0.13199999999999967,0.18000000000000682,0.09899999999999975,0.0,0.14700000000000557,0.14700000000000557,20000.0
17427,T33UWP_20000_0,S2A_MSIL2A_20230619T100031_R122_T33UWP_20230619T172742,500,,0.0,0.0,3.3125,2.875,0.25,0.0625,0.875,11.75,78.6875,2.1875,0.0,1600,0,0.0,20000.0,20000.0,0.4422180652618408,92.625,,0.0,0.0,-0.012100000000000222,-0.20120000000000005,0.16799999999999998,0.0616,0.0817,0.6880000000000006,-0.5224999999999937,-0.26350000000000007,0.0,-0.09799999999998477,0.20120000000000005,20000.0
17433,T33UWP_20000_0,S2A_MSIL2A_20230619T100031_R122_T33UWP_20230619T172742,1000,,0.0,0.0,3.0,3.25,0.0,0.0,1.25,10.0,80.0,2.5,0.0,400,0,0.0,20000.0,20000.0,0.4013535976409912,92.5,,0.0,0.0,-0.3246000000000002,0.17379999999999995,-0.082,-0.0009,0.4567,-1.0619999999999994,0.7900000000000063,0.04899999999999993,0.0,-0.22299999999998477,0.4567,20000.0
17405,T33UWP_20000_0,S2A_MSIL2A_20230629T100031_R122_T33UWP_20230629T191411,20,,0.0,0.0397,10.3005,76.1513,0.9469,0.1794,0.42,7.2363,4.6238,0.1021,0.0,1000000,0,0.0,20000.0,20000.0,0.5594532489776611,11.9622,,0.0,0.0,0.0,0.0,0.0,0.0,0.0,0.0,0.0,0.0,0.0,0.0,0.0,20000.0
17411,T33UWP_20000_0,S2A_MSIL2A_20230629T100031_R122_T33UWP_20230629T191411,50,,0.0,0.03625,10.305,76.1575,0.954375,0.17625,0.405625,7.245625,4.616875,0.1025,0.0,160000,0,0.0,20000.0,20000.0,0.38843703269958496,11.965,,0.0,-0.0034500000000000017,0.0045000000000001705,0.006199999999992656,0.007475000000000009,-0.003150000000000014,-0.014374999999999971,0.009325000000000472,-0.006924999999999848,0.0003999999999999976,0.0,0.00280000000000058,0.014374999999999971,20000.0
17417,T33UWP_20000_0,S2A_MSIL2A_20230629T100031_R122_T33UWP_20230629T191411,100,,0.0,0.045,10.305,76.18,0.97,0.1775,0.385,7.23,4.6175,0.09,0.0,40000,0,0.0,20000.0,20000.0,0.3589668273925781,11.9375,,0.0,0.005299999999999999,0.0045000000000001705,0.028700000000000614,0.02310000000000001,-0.0019000000000000128,-0.034999999999999976,-0.006299999999999528,-0.006300000000000416,-0.0121,0.0,-0.024699999999999278,0.034999999999999976,20000.0
17423,T33UWP_20000_0,S2A_MSIL2A_20230629T100031_R122_T33UWP_20230629T191411,200,,0.0,0.05,10.35,76.12,0.95,0.21,0.42,7.17,4.64,0.09,0.0,10000,0,0.0,20000.0,20000.0,0.353588342666626,11.899999999999999,,0.0,0.010300000000000004,0.0495000000000001,-0.03130000000000166,0.0030999999999999917,0.03059999999999999,0.0,-0.06630000000000003,0.016199999999999548,-0.0121,0.0,-0.0622000000000007,0.0622000000000007,20000.0
17429,T33UWP_20000_0,S2A_MSIL2A_20230629T100031_R122_T33UWP_20230629T191411,500,,0.0,0.125,10.125,75.25,1.3125,0.1875,0.3125,7.625,5.0,0.0625,0.0,1600,0,0.0,20000.0,20000.0,0.4422180652618408,12.6875,,0.0,0.0853,-0.17549999999999955,-0.9013000000000062,0.36560000000000004,0.008099999999999996,-0.10749999999999998,0.38870000000000005,0.37619999999999987,-0.039599999999999996,0.0,0.7253000000000007,0.9013000000000062,20000.0
17435,T33UWP_20000_0,S2A_MSIL2A_20230629T100031_R122_T33UWP_20230629T191411,1000,,0.0,0.25,11.75,74.25,1.25,0.0,0.25,6.75,5.25,0.25,0.0,400,0,0.0,20000.0,20000.0,0.4013535976409912,12.25,,0.0,0.2103,1.4495000000000005,-1.9013000000000062,0.30310000000000004,-0.1794,-0.16999999999999998,-0.48629999999999995,0.6261999999999999,0.1479,0.0,0.2878000000000007,1.9013000000000062,20000.0
17400,T33UWP_20000_0,S2B_MSIL2A_20230604T095559_R122_T33UWP_20230604T174403,20,,0.0,0.0,0.0003,0.1192,0.0003,0.0,0.2508,6.5361,91.8781,1.2152,0.0,1000000,0,0.0,20000.0,20000.0,0.5594532489776611,99.6294,,0.0,0.0,0.0,0.0,0.0,0.0,0.0,0.0,0.0,0.0,0.0,0.0,0.0,20000.0
17406,T33UWP_20000_0,S2B_MSIL2A_20230604T095559_R122_T33UWP_20230604T174403,50,,0.0,0.0,0.000625,0.115,0.000625,0.0,0.254375,6.54125,91.888125,1.2,0.0,160000,0,0.0,20000.0,20000.0,0.38843703269958496,99.62937500000001,,0.0,0.0,0.00032500000000000004,-0.004199999999999995,0.00032500000000000004,0.0,0.003574999999999995,0.005149999999999544,0.01002499999999884,-0.015200000000000102,0.0,-2.4999999993724487e-05,0.004199999999999995,20000.0
17412,T33UWP_20000_0,S2B_MSIL2A_20230604T095559_R122_T33UWP_20230604T174403,100,,0.0,0.0,0.0,0.1125,0.0,0.0,0.2525,6.4525,91.9625,1.22,0.0,40000,0,0.0,20000.0,20000.0,0.3589668273925781,99.635,,0.0,0.0,-0.0003,-0.006699999999999998,-0.0003,0.0,0.0016999999999999793,-0.08360000000000056,0.08440000000000225,0.0047999999999999154,0.0,0.00560000000000116,0.006699999999999998,20000.0
17418,T33UWP_20000_0,S2B_MSIL2A_20230604T095559_R122_T33UWP_20230604T174403,200,,0.0,0.0,0.0,0.08,0.0,0.0,0.27,6.21,92.18,1.26,0.0,10000,0,0.0,20000.0,20000.0,0.353588342666626,99.65,,0.0,0.0,-0.0003,-0.0392,-0.0003,0.0,0.019199999999999995,-0.3261000000000003,0.3019000000000034,0.04479999999999995,0.0,0.020600000000001728,0.0392,20000.0
17424,T33UWP_20000_0,S2B_MSIL2A_20230604T095559_R122_T33UWP_20230604T174403,500,,0.0,0.0,0.0,0.0625,0.0,0.0,0.25,5.1875,93.25,1.25,0.0,1600,0,0.0,20000.0,20000.0,0.4422180652618408,99.6875,,0.0,0.0,-0.0003,-0.0567,-0.0003,0.0,-0.0008000000000000229,-1.3486000000000002,1.3718999999999966,0.03479999999999994,0.0,0.058099999999996044,0.058099999999996044,20000.0
17430,T33UWP_20000_0,S2B_MSIL2A_20230604T095559_R122_T33UWP_20230604T174403,1000,,0.0,0.0,0.0,0.0,0.0,0.0,0.5,5.5,93.25,0.75,0.0,400,0,0.0,20000.0,20000.0,0.4013535976409912,99.5,,0.0,0.0,-0.0003,-0.1192,-0.0003,0.0,0.24919999999999998,-1.0361000000000002,1.3718999999999966,-0.46520000000000006,0.0,-0.12940000000000396,0.24919999999999998,20000.0
17402,T33UWP_20000_0,S2B_MSIL2A_20230614T095559_R122_T33UWP_20230614T142248,20,,0.0,0.0093,16.7082,27.5517,0.7564,0.1456,0.6525,17.5987,36.2415,0.3361,0.0,1000000,0,0.0,20000.0,20000.0,0.5594532489776611,54.176300000000005,,0.0,0.0,0.0,0.0,0.0,0.0,0.0,0.0,0.0,0.0,0.0,0.0,0.0,20000.0
17408,T33UWP_20000_0,S2B_MSIL2A_20230614T095559_R122_T33UWP_20230614T142248,50,,0.0,0.00875,16.71,27.521875,0.759375,0.14375,0.6525,17.639375,36.233125,0.33125,0.0,160000,0,0.0,20000.0,20000.0,0.38843703269958496,54.20375,,0.0,-0.0005499999999999984,0.0017999999999993577,-0.02982499999999888,0.002975000000000061,-0.0018500000000000183,0.0,0.04067500000000024,-0.00837500000000091,-0.004850000000000021,0.0,0.027449999999994645,0.02982499999999888,20000.0
17414,T33UWP_20000_0,S2B_MSIL2A_20230614T095559_R122_T33UWP_20230614T142248,100,,0.0,0.015,16.7525,27.43,0.8075,0.1525,0.64,17.5925,36.3,0.31,0.0,40000,0,0.0,20000.0,20000.0,0.3589668273925781,54.2025,,0.0,0.0057,0.044299999999999784,-0.12170000000000059,0.051100000000000034,0.0068999999999999895,-0.012499999999999956,-0.006199999999999761,0.05849999999999511,-0.026100000000000012,0.0,0.026199999999995782,0.12170000000000059,20000.0
17420,T33UWP_20000_0,S2B_MSIL2A_20230614T095559_R122_T33UWP_20230614T142248,200,,0.0,0.02,16.42,27.54,0.74,0.15,0.61,17.24,36.88,0.4,0.0,10000,0,0.0,20000.0,20000.0,0.353588342666626,54.52,,0.0,0.010700000000000001,-0.2881999999999998,-0.011700000000001154,-0.01639999999999997,0.004399999999999987,-0.04249999999999998,-0.35870000000000246,0.6385000000000005,0.06390000000000001,0.0,0.34369999999999834,0.34369999999999834,20000.0
17426,T33UWP_20000_0,S2B_MSIL2A_20230614T095559_R122_T33UWP_20230614T142248,500,,0.0,0.0,16.9375,25.8125,0.9375,0.1875,0.5,17.875,37.5,0.25,0.0,1600,0,0.0,20000.0,20000.0,0.4422180652618408,55.625,,0.0,-0.0093,0.2292999999999985,-1.7392000000000003,0.18110000000000004,0.04189999999999999,-0.15249999999999997,0.2762999999999991,1.258499999999998,-0.08610000000000001,0.0,1.4486999999999952,1.7392000000000003,20000.0
17432,T33UWP_20000_0,S2B_MSIL2A_20230614T095559_R122_T33UWP_20230614T142248,1000,,0.0,0.0,17.25,28.25,0.0,0.0,0.75,16.0,36.75,1.0,0.0,400,0,0.0,20000.0,20000.0,0.4013535976409912,53.75,,0.0,-0.0093,0.5417999999999985,0.6982999999999997,-0.7564,-0.1456,0.09750000000000003,-1.598700000000001,0.508499999999998,0.6638999999999999,0.0,-0.4263000000000048,0.7564,20000.0
17404,T33UWP_20000_0,S2B_MSIL2A_20230624T095559_R122_T33UWP_20230624T142946,20,,0.0,0.0,4.0384,0.0,0.0033,0.0185,0.0,9.1967,83.9974,2.7149,0.0308,1000000,0,0.0,20000.0,20000.0,0.5594532489776611,95.90899999999999,,0.0,0.0,0.0,0.0,0.0,0.0,0.0,0.0,0.0,0.0,0.0,0.0,0.0,20000.0
17410,T33UWP_20000_0,S2B_MSIL2A_20230624T095559_R122_T33UWP_20230624T142946,50,,0.0,0.0,4.054375,0.0,0.004375,0.019375,0.0,9.188125,84.005625,2.695625,0.0325,160000,0,0.0,20000.0,20000.0,0.38843703269958496,95.889375,,0.0,0.0,0.015975000000000072,0.0,0.0010750000000000004,0.0008750000000000008,0.0,-0.008575000000000443,0.00822499999999593,-0.01927499999999993,0.0017000000000000001,-0.019624999999990678,0.019624999999990678,20000.0
17416,T33UWP_20000_0,S2B_MSIL2A_20230624T095559_R122_T33UWP_20230624T142946,100,,0.0,0.0,3.985,0.0,0.0025,0.02,0.0,9.3,83.925,2.735,0.0325,40000,0,0.0,20000.0,20000.0,0.3589668273925781,95.96,,0.0,0.0,-0.053400000000000336,0.0,-0.0007999999999999999,0.0015000000000000013,0.0,0.10330000000000084,-0.0724000000000018,0.020099999999999785,0.0017000000000000001,0.05100000000000193,0.053400000000000336,20000.0
17422,T33UWP_20000_0,S2B_MSIL2A_20230624T095559_R122_T33UWP_20230624T142946,200,,0.0,0.0,3.98,0.0,0.0,0.02,0.0,9.09,84.08,2.8,0.03,10000,0,0.0,20000.0,20000.0,0.353588342666626,95.97,,0.0,0.0,-0.05840000000000023,0.0,-0.0033,0.0015000000000000013,0.0,-0.10670000000000002,0.08259999999999934,0.08509999999999973,-0.0008000000000000021,0.06100000000000705,0.06100000000000705,20000.0
17428,T33UWP_20000_0,S2B_MSIL2A_20230624T095559_R122_T33UWP_20230624T142946,500,,0.0,0.0,4.1875,0.0,0.0,0.0,0.0,8.75,84.875,2.125,0.0625,1600,0,0.0,20000.0,20000.0,0.4422180652618408,95.75,,0.0,0.0,0.1490999999999998,0.0,-0.0033,-0.0185,0.0,-0.4466999999999999,0.877600000000001,-0.5899000000000001,0.0317,-0.15899999999999181,0.15899999999999181,20000.0
17434,T33UWP_20000_0,S2B_MSIL2A_20230624T095559_R122_T33UWP_20230624T142946,1000,,0.0,0.0,3.25,0.0,0.0,0.0,0.0,10.5,83.75,2.5,0.0,400,0,0.0,20000.0,20000.0,0.4013535976409912,96.75,,0.0,0.0,-0.7884000000000002,0.0,-0.0033,-0.0185,0.0,1.3033000000000001,-0.24739999999999895,-0.2149000000000001,-0.0308,0.8410000000000082,0.8410000000000082,20000.0
17437,T33UWP_20000_1,S2A_MSIL2A_20230609T100031_R122_T33UWP_20230609T173715,20,,0.0,0.0,0.7297,0.0,0.0,0.0,0.0001,11.9524,86.8779,0.4399,0.0,1000000,0,0.0,20000.000000000116,20000.000000001863,0.5473096370697021,99.27019999999999,,0.0,0.0,0.0,0.0,0.0,0.0,0.0,0.0,0.0,0.0,0.0,0.0,0.0,20000.0
17443,T33UWP_20000_1,S2A_MSIL2A_20230609T100031_R122_T33UWP_20230609T173715,50,,0.0,0.0,0.734375,0.0,0.0,0.0,0.000625,11.944375,86.87125,0.449375,0.0,160000,0,0.0,20000.000000000116,20000.000000001863,0.37755632400512695,99.26500000000001,,0.0,0.0,0.004674999999999985,0.0,0.0,0.0,0.000525,-0.008024999999999949,-0.006649999999993383,0.009475000000000011,0.0,-0.00519999999997367,0.00519999999997367,20000.0
17449,T33UWP_20000_1,S2A_MSIL2A_20230609T100031_R122_T33UWP_20230609T173715,100,,0.0,0.0,0.7575,0.0,0.0,0.0,0.0,11.895,86.9275,0.42,0.0,40000,0,0.0,20000.000000000116,20000.000000001863,0.6542279720306396,99.24249999999999,,0.0,0.0,0.027799999999999936,0.0,0.0,0.0,-0.0001,-0.05740000000000123,0.04959999999999809,-0.01990000000000003,0.0,-0.02769999999999584,0.027799999999999936,20000.0
17455,T33UWP_20000_1,S2A_MSIL2A_20230609T100031_R122_T33UWP_20230609T173715,200,,0.0,0.0,0.71,0.0,0.0,0.0,0.0,11.81,87.05,0.43,0.0,10000,0,0.0,20000.000000000116,20000.000000001863,0.37955212593078613,99.29,,0.0,0.0,-0.01970000000000005,0.0,0.0,0.0,-0.0001,-0.1424000000000003,0.17210000000000036,-0.00990000000000002,0.0,0.019800000000017803,0.019800000000017803,20000.0
17461,T33UWP_20000_1,S2A_MSIL2A_20230609T100031_R122_T33UWP_20230609T173715,500,,0.0,0.0,0.6875,0.0,0.0,0.0,0.0,11.6875,87.125,0.5,0.0,1600,0,0.0,20000.000000000116,20000.000000001863,0.429614782333374,99.3125,,0.0,0.0,-0.042200000000000015,0.0,0.0,0.0,-0.0001,-0.2649000000000008,0.2471000000000032,0.06009999999999999,0.0,0.04230000000001155,0.04230000000001155,20000.0
17467,T33UWP_20000_1,S2A_MSIL2A_20230609T100031_R122_T33UWP_20230609T173715,1000,,0.0,0.0,0.25,0.0,0.0,0.0,0.0,14.0,85.75,0.0,0.0,400,0,0.0,20000.000000000116,20000.000000001863,0.515723466873169,99.75,,0.0,0.0,-0.4797,0.0,0.0,0.0,-0.0001,2.047599999999999,-1.1278999999999968,-0.4399,0.0,0.47980000000001155,0.47980000000001155,20000.0
17439,T33UWP_20000_1,S2A_MSIL2A_20230619T100031_R122_T33UWP_20230619T172742,20,,0.0,0.0062,3.7944,6.714,2.8825,0.0,0.7393,11.9161,53.1283,20.8192,0.0,1000000,0,0.0,20000.000000000116,20000.000000001863,0.5473096370697021,85.86359999999999,,0.0,0.0,0.0,0.0,0.0,0.0,0.0,0.0,0.0,0.0,0.0,0.0,0.0,20000.0
17445,T33UWP_20000_1,S2A_MSIL2A_20230619T100031_R122_T33UWP_20230619T172742,50,,0.0,0.005625,3.780625,6.69375,2.91375,0.0,0.744375,11.8625,53.1575,20.841875,0.0,160000,0,0.0,20000.000000000116,20000.000000001863,0.37755632400512695,85.861875,,0.0,-0.000575,-0.01377499999999987,-0.020250000000000767,0.03125,0.0,0.005075000000000052,-0.053599999999999426,0.029199999999995896,0.02267500000000311,0.0,-0.0017249999999933152,0.03125,20000.0
17451,T33UWP_20000_1,S2A_MSIL2A_20230619T100031_R122_T33UWP_20230619T172742,100,,0.0,0.0075,3.79,6.7075,2.87,0.0,0.74,11.9675,53.0825,20.835,0.0,40000,0,0.0,20000.000000000116,20000.000000001863,0.6542279720306396,85.88499999999999,,0.0,0.0013,-0.0043999999999999595,-0.0065000000000008384,-0.012499999999999734,0.0,0.0007000000000000339,0.051399999999999224,-0.04579999999999984,0.015800000000002257,0.0,0.021399999999999864,0.021399999999999864,20000.0
17457,T33UWP_20000_1,S2A_MSIL2A_20230619T100031_R122_T33UWP_20230619T172742,200,,0.0,0.0,3.79,6.71,3.01,0.0,0.69,12.01,53.26,20.53,0.0,10000,0,0.0,20000.000000000116,20000.000000001863,0.37955212593078613,85.8,,0.0,-0.0062,-0.0043999999999999595,-0.004000000000000448,0.12749999999999995,0.0,-0.04930000000000001,0.09389999999999965,0.13169999999999504,-0.28919999999999746,0.0,-0.06359999999999388,0.12749999999999995,20000.0
17463,T33UWP_20000_1,S2A_MSIL2A_20230619T100031_R122_T33UWP_20230619T172742,500,,0.0,0.0,3.9375,6.25,3.375,0.0,0.8125,11.4375,54.75,19.4375,0.0,1600,0,0.0,20000.000000000116,20000.000000001863,0.429614782333374,85.625,,0.0,-0.0062,0.1431,-0.4640000000000004,0.49250000000000016,0.0,0.07320000000000004,-0.47860000000000014,1.621699999999997,-1.3816999999999986,0.0,-0.23859999999999104,0.49250000000000016,20000.0
17469,T33UWP_20000_1,S2A_MSIL2A_20230619T100031_R122_T33UWP_20230619T172742,1000,,0.0,0.0,4.75,5.75,3.0,0.0,0.75,10.75,54.25,20.75,0.0,400,0,0.0,20000.000000000116,20000.000000001863,0.515723466873169,85.75,,0.0,-0.0062,0.9556,-0.9640000000000004,0.11750000000000016,0.0,0.010700000000000043,-1.1661000000000001,1.121699999999997,-0.0691999999999986,0.0,-0.11359999999999104,0.9640000000000004,20000.0
17441,T33UWP_20000_1,S2A_MSIL2A_20230629T100031_R122_T33UWP_20230629T191411,20,,0.0,0.0358,1.7196,84.5123,12.1808,0.0831,0.1054,0.8695,0.4914,0.0021,0.0,1000000,0,0.0,20000.000000000116,20000.000000001863,0.5473096370697021,1.363,,0.0,0.0,0.0,0.0,0.0,0.0,0.0,0.0,0.0,0.0,0.0,0.0,0.0,20000.0
17447,T33UWP_20000_1,S2A_MSIL2A_20230629T100031_R122_T33UWP_20230629T191411,50,,0.0,0.035625,1.71375,84.50375,12.17375,0.09,0.116875,0.884375,0.479375,0.0025,0.0,160000,0,0.0,20000.000000000116,20000.000000001863,0.37755632400512695,1.36625,,0.0,-0.00017500000000000154,-0.005849999999999911,-0.008549999999999613,-0.007049999999999557,0.006900000000000003,0.011475000000000013,0.014874999999999972,-0.012025000000000008,0.0004000000000000002,0.0,0.003249999999999975,0.011475000000000013,20000.0
17453,T33UWP_20000_1,S2A_MSIL2A_20230629T100031_R122_T33UWP_20230629T191411,100,,0.0,0.0375,1.7175,84.485,12.195,0.0775,0.1225,0.885,0.4775,0.0025,0.0,40000,0,0.0,20000.000000000116,20000.000000001863,0.6542279720306396,1.365,,0.0,0.0017000000000000001,-0.0020999999999999908,-0.02729999999999677,0.014200000000000657,-0.005599999999999994,0.017100000000000004,0.015499999999999958,-0.013900000000000023,0.0004000000000000002,0.0,0.0020000000000000018,0.02729999999999677,20000.0
17459,T33UWP_20000_1,S2A_MSIL2A_20230629T100031_R122_T33UWP_20230629T191411,200,,0.0,0.05,1.71,84.33,12.44,0.09,0.11,0.79,0.48,0.0,0.0,10000,0,0.0,20000.000000000116,20000.000000001863,0.37955212593078613,1.27,,0.0,0.014200000000000004,-0.009600000000000053,-0.1822999999999979,0.2591999999999999,0.006900000000000003,0.004600000000000007,-0.07950000000000002,-0.011400000000000021,-0.0021,0.0,-0.09299999999999997,0.2591999999999999,20000.0
17465,T33UWP_20000_1,S2A_MSIL2A_20230629T100031_R122_T33UWP_20230629T191411,500,,0.0,0.0625,2.0,84.8125,11.875,0.0625,0.125,0.625,0.4375,0.0,0.0,1600,0,0.0,20000.000000000116,20000.000000001863,0.429614782333374,1.0625,,0.0,0.0267,0.2804,0.3002000000000038,-0.3057999999999996,-0.020599999999999993,0.019600000000000006,-0.24450000000000005,-0.0539,-0.0021,0.0,-0.3005,0.3057999999999996,20000.0
17471,T33UWP_20000_1,S2A_MSIL2A_20230629T100031_R122_T33UWP_20230629T191411,1000,,0.0,0.0,1.5,86.25,10.5,0.25,0.25,0.5,0.75,0.0,0.0,400,0,0.0,20000.000000000116,20000.000000001863,0.515723466873169,1.25,,0.0,-0.0358,-0.21960000000000002,1.7377000000000038,-1.6807999999999996,0.1669,0.1446,-0.36950000000000005,0.2586,-0.0021,0.0,-0.11299999999999999,1.7377000000000038,20000.0
17436,T33UWP_20000_1,S2B_MSIL2A_20230604T095559_R122_T33UWP_20230604T174403,20,,0.0,0.0,0.0,0.8131,1.6517,0.0,2.5667,27.5838,61.6576,5.7271,0.0,1000000,0,0.0,20000.000000000116,20000.000000001863,0.5473096370697021,94.9685,,0.0,0.0,0.0,0.0,0.0,0.0,0.0,0.0,0.0,0.0,0.0,0.0,0.0,20000.0
17442,T33UWP_20000_1,S2B_MSIL2A_20230604T095559_R122_T33UWP_20230604T174403,50,,0.0,0.0,0.0,0.80875,1.656875,0.0,2.546875,27.635,61.66375,5.68875,0.0,160000,0,0.0,20000.000000000116,20000.000000001863,0.37755632400512695,94.9875,,0.0,0.0,0.0,-0.004350000000000076,0.005175000000000152,0.0,-0.01982499999999998,0.05120000000000147,0.006149999999998101,-0.03835000000000033,0.0,0.018999999999991246,0.01982499999999998,20000.0
17448,T33UWP_20000_1,S2B_MSIL2A_20230604T095559_R122_T33UWP_20230604T174403,100,,0.0,0.0,0.0,0.8125,1.65,0.0,2.5775,27.4675,61.745,5.7475,0.0,40000,0,0.0,20000.000000000116,20000.000000001863,0.6542279720306396,94.96000000000001,,0.0,0.0,0.0,-0.0006000000000000449,-0.0017000000000000348,0.0,0.010800000000000143,-0.11629999999999896,0.08739999999999526,0.02039999999999953,0.0,-0.008499999999997954,0.010800000000000143,20000.0
17454,T33UWP_20000_1,S2B_MSIL2A_20230604T095559_R122_T33UWP_20230604T174403,200,,0.0,0.0,0.0,0.86,1.55,0.0,2.52,27.72,61.44,5.91,0.0,10000,0,0.0,20000.000000000116,20000.000000001863,0.37955212593078613,95.07,,0.0,0.0,0.0,0.04689999999999994,-0.1016999999999999,0.0,-0.046699999999999964,0.13619999999999877,-0.21760000000000446,0.18290000000000006,0.0,0.10149999999998727,0.1016999999999999,20000.0
17460,T33UWP_20000_1,S2B_MSIL2A_20230604T095559_R122_T33UWP_20230604T174403,500,,0.0,0.0,0.0,0.5,1.75,0.0,3.0625,28.0,61.0625,5.625,0.0,1600,0,0.0,20000.000000000116,20000.000000001863,0.429614782333374,94.6875,,0.0,0.0,0.0,-0.31310000000000004,0.09830000000000005,0.0,0.4958,0.4161999999999999,-0.5951000000000022,-0.10210000000000008,0.0,-0.2810000000000059,0.4958,20000.0
17466,T33UWP_20000_1,S2B_MSIL2A_20230604T095559_R122_T33UWP_20230604T174403,1000,,0.0,0.0,0.0,0.25,1.75,0.0,2.0,29.25,62.25,4.5,0.0,400,0,0.0,20000.000000000116,20000.000000001863,0.515723466873169,96.0,,0.0,0.0,0.0,-0.5631,0.09830000000000005,0.0,-0.5667,1.6662,0.5923999999999978,-1.2271,0.0,1.031499999999994,1.031499999999994,20000.0
17438,T33UWP_20000_1,S2B_MSIL2A_20230614T095559_R122_T33UWP_20230614T142248,20,,0.0,0.0554,3.9816,61.9566,13.3277,0.0542,0.5368,4.3768,2.5005,13.2104,0.0,1000000,0,0.0,20000.000000000116,20000.000000001863,0.5473096370697021,20.087699999999998,,0.0,0.0,0.0,0.0,0.0,0.0,0.0,0.0,0.0,0.0,0.0,0.0,0.0,20000.0
17444,T33UWP_20000_1,S2B_MSIL2A_20230614T095559_R122_T33UWP_20230614T142248,50,,0.0,0.0575,3.985,61.93375,13.333125,0.0525,0.55,4.395,2.490625,13.2025,0.0,160000,0,0.0,20000.000000000116,20000.000000001863,0.37755632400512695,20.088124999999998,,0.0,0.0021000000000000046,0.0034000000000000696,-0.02284999999999826,0.005425000000000679,-0.0017000000000000001,0.01319999999999999,0.018199999999999328,-0.009875000000000078,-0.007899999999999352,0.0,0.0004249999999998977,0.02284999999999826,20000.0
17450,T33UWP_20000_1,S2B_MSIL2A_20230614T095559_R122_T33UWP_20230614T142248,100,,0.0,0.055,3.9925,61.8775,13.3875,0.0575,0.5175,4.3775,2.5,13.235,0.0,40000,0,0.0,20000.000000000116,20000.000000001863,0.6542279720306396,20.1125,,0.0,-0.0003999999999999976,0.010900000000000354,-0.07910000000000394,0.05979999999999919,0.0033000000000000043,-0.019300000000000095,0.000700000000000145,-0.000500000000000167,0.02459999999999951,0.0,0.024800000000002598,0.07910000000000394,20000.0
17456,T33UWP_20000_1,S2B_MSIL2A_20230614T095559_R122_T33UWP_20230614T142248,200,,0.0,0.07,4.13,61.62,13.49,0.05,0.5,4.36,2.59,13.19,0.0,10000,0,0.0,20000.000000000116,20000.000000001863,0.37955212593078613,20.14,,0.0,0.014600000000000009,0.1484000000000001,-0.33660000000000423,0.1623000000000001,-0.004199999999999995,-0.036800000000000055,-0.016799999999999926,0.08949999999999969,-0.020400000000000418,0.0,0.052300000000002456,0.33660000000000423,20000.0
17462,T33UWP_20000_1,S2B_MSIL2A_20230614T095559_R122_T33UWP_20230614T142248,500,,0.0,0.0625,4.375,61.5,13.0,0.0625,0.625,4.25,3.25,12.875,0.0,1600,0,0.0,20000.000000000116,20000.000000001863,0.429614782333374,20.375,,0.0,0.007100000000000002,0.3934000000000002,-0.45660000000000167,-0.3277000000000001,0.008300000000000002,0.08819999999999995,-0.12680000000000025,0.7494999999999998,-0.3353999999999999,0.0,0.2873000000000019,0.45660000000000167,20000.0
17468,T33UWP_20000_1,S2B_MSIL2A_20230614T095559_R122_T33UWP_20230614T142248,1000,,0.0,0.0,4.75,60.5,14.0,0.0,0.5,4.75,2.0,13.5,0.0,400,0,0.0,20000.000000000116,20000.000000001863,0.515723466873169,20.25,,0.0,-0.0554,0.7684000000000002,-1.4566000000000017,0.6722999999999999,-0.0542,-0.036800000000000055,0.37319999999999975,-0.5005000000000002,0.2896000000000001,0.0,0.1623000000000019,1.4566000000000017,20000.0
17440,T33UWP_20000_1,S2B_MSIL2A_20230624T095559_R122_T33UWP_20230624T142946,20,,0.0,0.0,1.5362,0.0,0.006,0.0,0.0,31.2957,54.23,12.9261,0.006,1000000,0,0.0,20000.000000000116,20000.000000001863,0.5473096370697021,98.4518,,0.0,0.0,0.0,0.0,0.0,0.0,0.0,0.0,0.0,0.0,0.0,0.0,0.0,20000.0
17446,T33UWP_20000_1,S2B_MSIL2A_20230624T095559_R122_T33UWP_20230624T142946,50,,0.0,0.0,1.53875,0.0,0.0075,0.0,0.0,31.335625,54.1675,12.945625,0.005,160000,0,0.0,20000.000000000116,20000.000000001863,0.37755632400512695,98.44874999999999,,0.0,0.0,0.0025500000000000522,0.0,0.0014999999999999996,0.0,0.0,0.03992500000000021,-0.0625,0.019524999999999793,-0.001,-0.0030500000000159844,0.0030500000000159844,20000.0
17452,T33UWP_20000_1,S2B_MSIL2A_20230624T095559_R122_T33UWP_20230624T142946,100,,0.0,0.0,1.5175,0.0,0.0,0.0,0.0,31.245,54.265,12.97,0.0025,40000,0,0.0,20000.000000000116,20000.000000001863,0.6542279720306396,98.48,,0.0,0.0,-0.01869999999999994,0.0,-0.006,0.0,0.0,-0.05069999999999908,0.035000000000003695,0.043900000000000716,-0.0035,0.028199999999998226,0.028199999999998226,20000.0
17458,T33UWP_20000_1,S2B_MSIL2A_20230624T095559_R122_T33UWP_20230624T142946,200,,0.0,0.0,1.48,0.0,0.01,0.0,0.0,31.45,54.06,13.0,0.0,10000,0,0.0,20000.000000000116,20000.000000001863,0.37955212593078613,98.51,,0.0,0.0,-0.05620000000000003,0.0,0.004,0.0,0.0,0.15429999999999922,-0.1699999999999946,0.07390000000000008,-0.006,0.05819999999999936,0.05819999999999936,20000.0
17464,T33UWP_20000_1,S2B_MSIL2A_20230624T095559_R122_T33UWP_20230624T142946,500,,0.0,0.0,1.8125,0.0,0.0,0.0,0.0,31.5,54.0625,12.625,0.0,1600,0,0.0,20000.000000000116,20000.000000001863,0.429614782333374,98.1875,,0.0,0.0,0.2763,0.0,-0.006,0.0,0.0,0.20429999999999993,-0.16749999999999687,-0.3010999999999999,-0.006,-0.26430000000000575,0.2763,20000.0
17470,T33UWP_20000_1,S2B_MSIL2A_20230624T095559_R122_T33UWP_20230624T142946,1000,,0.0,0.0,1.75,0.0,0.0,0.0,0.0,32.0,53.75,12.5,0.0,400,0,0.0,20000.000000000116,20000.000000001863,0.515723466873169,98.25,,0.0,0.0,0.2138,0.0,-0.006,0.0,0.0,0.7042999999999999,-0.4799999999999969,-0.4260999999999999,-0.006,-0.20180000000000575,0.2138,20000.0
17761,T33UWP_20000_10,S2A_MSIL2A_20230609T100031_R122_T33UWP_20230609T173715,20,,0.0,0.0,0.0,0.0,0.0,0.0,0.0,12.0379,86.9471,1.015,0.0,1000000,0,0.0,19999.99999999994,19999.99999999907,0.5122463703155518,100.00000000000001,,0.0,0.0,0.0,0.0,0.0,0.0,0.0,0.0,0.0,0.0,0.0,0.0,0.0,20000.0
17767,T33UWP_20000_10,S2A_MSIL2A_20230609T100031_R122_T33UWP_20230609T173715,50,,0.0,0.0,0.0,0.0,0.0,0.0,0.0,12.0275,86.9625,1.01,0.0,160000,0,0.0,19999.99999999994,19999.99999999907,0.36754322052001953,100.00000000000001,,0.0,0.0,0.0,0.0,0.0,0.0,0.0,-0.010400000000000631,0.015399999999999636,-0.004999999999999893,0.0,0.0,0.0,20000.0
17773,T33UWP_20000_10,S2A_MSIL2A_20230609T100031_R122_T33UWP_20230609T173715,100,,0.0,0.0,0.0,0.0,0.0,0.0,0.0,12.1025,86.9475,0.95,0.0,40000,0,0.0,19999.99999999994,19999.99999999907,0.35747838020324707,100.00000000000001,,0.0,0.0,0.0,0.0,0.0,0.0,0.0,0.06459999999999866,0.00039999999999906777,-0.06499999999999995,0.0,0.0,0.0,20000.0
17779,T33UWP_20000_10,S2A_MSIL2A_20230609T100031_R122_T33UWP_20230609T173715,200,,0.0,0.0,0.0,0.0,0.0,0.0,0.0,12.25,86.8,0.95,0.0,10000,0,0.0,19999.99999999994,19999.99999999907,1.0343031883239746,100.0,,0.0,0.0,0.0,0.0,0.0,0.0,0.0,0.2120999999999995,-0.1471000000000089,-0.06499999999999995,0.0,-1.4210854715202004e-14,1.4210854715202004e-14,20000.0
17785,T33UWP_20000_10,S2A_MSIL2A_20230609T100031_R122_T33UWP_20230609T173715,500,,0.0,0.0,0.0,0.0,0.0,0.0,0.0,11.5,87.5,1.0,0.0,1600,0,0.0,19999.99999999994,19999.99999999907,0.40159130096435547,100.0,,0.0,0.0,0.0,0.0,0.0,0.0,0.0,-0.5379000000000005,0.552899999999994,-0.014999999999999902,0.0,-1.4210854715202004e-14,1.4210854715202004e-14,20000.0
17791,T33UWP_20000_10,S2A_MSIL2A_20230609T100031_R122_T33UWP_20230609T173715,1000,,0.0,0.0,0.0,0.0,0.0,0.0,0.0,10.0,88.25,1.75,0.0,400,0,0.0,19999.99999999994,19999.99999999907,0.37656378746032715,100.0,,0.0,0.0,0.0,0.0,0.0,0.0,0.0,-2.0379000000000005,1.302899999999994,0.7350000000000001,0.0,-1.4210854715202004e-14,1.4210854715202004e-14,20000.0
17763,T33UWP_20000_10,S2A_MSIL2A_20230619T100031_R122_T33UWP_20230619T172742,20,,0.0,0.1262,0.2452,93.2718,4.8566,0.7614,0.2816,0.2716,0.1856,0.0,0.0,1000000,0,0.0,19999.99999999994,19999.99999999907,0.5122463703155518,0.4572,,0.0,0.0,0.0,0.0,0.0,0.0,0.0,0.0,0.0,0.0,0.0,0.0,0.0,20000.0
17769,T33UWP_20000_10,S2A_MSIL2A_20230619T100031_R122_T33UWP_20230619T172742,50,,0.0,0.1225,0.243125,93.283125,4.853125,0.765,0.28125,0.264375,0.1875,0.0,0.0,160000,0,0.0,19999.99999999994,19999.99999999907,0.36754322052001953,0.451875,,0.0,-0.003700000000000009,-0.0020749999999999935,0.011324999999999363,-0.003474999999999895,0.0036000000000000476,-0.00035000000000001696,-0.0072249999999999814,0.0019000000000000128,0.0,0.0,-0.005324999999999969,0.011324999999999363,20000.0
17775,T33UWP_20000_10,S2A_MSIL2A_20230619T100031_R122_T33UWP_20230619T172742,100,,0.0,0.1025,0.2425,93.355,4.805,0.76,0.2725,0.2725,0.19,0.0,0.0,40000,0,0.0,19999.99999999994,19999.99999999907,0.35747838020324707,0.4625,,0.0,-0.023700000000000013,-0.002700000000000008,0.08320000000000505,-0.051600000000000534,-0.0013999999999999568,-0.009099999999999997,0.0009000000000000119,0.004400000000000015,0.0,0.0,0.005300000000000027,0.08320000000000505,20000.0
17781,T33UWP_20000_10,S2A_MSIL2A_20230619T100031_R122_T33UWP_20230619T172742,200,,0.0,0.12,0.2,93.15,5.06,0.73,0.33,0.23,0.18,0.0,0.0,10000,0,0.0,19999.99999999994,19999.99999999907,1.0343031883239746,0.41000000000000003,,0.0,-0.006200000000000011,-0.04519999999999999,-0.12179999999999325,0.20339999999999936,-0.031399999999999983,0.0484,-0.0416,-0.005599999999999994,0.0,0.0,-0.047199999999999964,0.20339999999999936,20000.0
17787,T33UWP_20000_10,S2A_MSIL2A_20230619T100031_R122_T33UWP_20230619T172742,500,,0.0,0.1875,0.3125,93.25,4.4375,0.875,0.5,0.25,0.1875,0.0,0.0,1600,0,0.0,19999.99999999994,19999.99999999907,0.40159130096435547,0.4375,,0.0,0.06129999999999999,0.0673,-0.02179999999999893,-0.41910000000000025,0.11360000000000003,0.21839999999999998,-0.021600000000000008,0.0019000000000000128,0.0,0.0,-0.019699999999999995,0.41910000000000025,20000.0
17793,T33UWP_20000_10,S2A_MSIL2A_20230619T100031_R122_T33UWP_20230619T172742,1000,,0.0,0.0,0.25,94.0,4.0,0.75,0.25,0.5,0.25,0.0,0.0,400,0,0.0,19999.99999999994,19999.99999999907,0.37656378746032715,0.75,,0.0,-0.1262,0.004799999999999999,0.7282000000000011,-0.8566000000000003,-0.011399999999999966,-0.03160000000000002,0.2284,0.06440000000000001,0.0,0.0,0.2928,0.8566000000000003,20000.0
17765,T33UWP_20000_10,S2A_MSIL2A_20230629T100031_R122_T33UWP_20230629T191411,20,,0.0,0.0538,5.1302,84.8114,3.9415,0.7832,0.2859,3.2967,1.6729,0.0244,0.0,1000000,0,0.0,19999.99999999994,19999.99999999907,0.5122463703155518,4.994,,0.0,0.0,0.0,0.0,0.0,0.0,0.0,0.0,0.0,0.0,0.0,0.0,0.0,20000.0
17771,T33UWP_20000_10,S2A_MSIL2A_20230629T100031_R122_T33UWP_20230629T191411,50,,0.0,0.048125,5.11875,84.868125,3.906875,0.77875,0.27875,3.28875,1.688125,0.02375,0.0,160000,0,0.0,19999.99999999994,19999.99999999907,0.36754322052001953,5.000624999999999,,0.0,-0.0056749999999999995,-0.01144999999999996,0.056725000000000136,-0.03462500000000013,-0.004449999999999954,-0.00714999999999999,-0.007950000000000124,0.015225000000000044,-0.0006500000000000013,0.0,0.006624999999999659,0.056725000000000136,20000.0
17777,T33UWP_20000_10,S2A_MSIL2A_20230629T100031_R122_T33UWP_20230629T191411,100,,0.0,0.0425,5.1025,84.89,3.8875,0.7825,0.2775,3.3875,1.61,0.02,0.0,40000,0,0.0,19999.99999999994,19999.99999999907,0.35747838020324707,5.0175,,0.0,-0.011299999999999998,-0.02770000000000028,0.07859999999999445,-0.053999999999999826,-0.0007000000000000339,-0.008399999999999963,0.09080000000000021,-0.06289999999999996,-0.004400000000000001,0.0,0.0235000000000003,0.07859999999999445,20000.0
17783,T33UWP_20000_10,S2A_MSIL2A_20230629T100031_R122_T33UWP_20230629T191411,200,,0.0,0.07,5.07,84.91,3.8,0.77,0.27,3.28,1.82,0.01,0.0,10000,0,0.0,19999.99999999994,19999.99999999907,1.0343031883239746,5.109999999999999,,0.0,0.016200000000000006,-0.06020000000000003,0.09859999999999047,-0.14150000000000018,-0.01319999999999999,-0.01589999999999997,-0.01670000000000016,0.1471,-0.014400000000000001,0.0,0.11599999999999966,0.14150000000000018,20000.0
17789,T33UWP_20000_10,S2A_MSIL2A_20230629T100031_R122_T33UWP_20230629T191411,500,,0.0,0.125,5.0625,85.375,3.5,0.875,0.25,3.125,1.625,0.0625,0.0,1600,0,0.0,19999.99999999994,19999.99999999907,0.40159130096435547,4.8125,,0.0,0.0712,-0.06770000000000032,0.5635999999999939,-0.4415,0.09179999999999999,-0.03589999999999999,-0.17169999999999996,-0.047900000000000054,0.038099999999999995,0.0,-0.18149999999999977,0.5635999999999939,20000.0
17795,T33UWP_20000_10,S2A_MSIL2A_20230629T100031_R122_T33UWP_20230629T191411,1000,,0.0,0.0,4.75,85.25,3.5,0.75,0.25,3.5,2.0,0.0,0.0,400,0,0.0,19999.99999999994,19999.99999999907,0.37656378746032715,5.5,,0.0,-0.0538,-0.3802000000000003,0.4385999999999939,-0.4415,-0.03320000000000001,-0.03589999999999999,0.20330000000000004,0.32709999999999995,-0.0244,0.0,0.5060000000000002,0.5060000000000002,20000.0
17760,T33UWP_20000_10,S2B_MSIL2A_20230604T095559_R122_T33UWP_20230604T174403,20,,0.0,0.0037,3.1077,28.7645,2.7654,0.4486,4.4368,21.7892,24.0862,14.5979,0.0,1000000,0,0.0,19999.99999999994,19999.99999999907,0.5122463703155518,60.473299999999995,,0.0,0.0,0.0,0.0,0.0,0.0,0.0,0.0,0.0,0.0,0.0,0.0,0.0,20000.0
17766,T33UWP_20000_10,S2B_MSIL2A_20230604T095559_R122_T33UWP_20230604T174403,50,,0.0,0.00375,3.095625,28.786875,2.74625,0.4425,4.430625,21.81875,24.11,14.565625,0.0,160000,0,0.0,19999.99999999994,19999.99999999907,0.36754322052001953,60.494375000000005,,0.0,4.99999999999997e-05,-0.012074999999999836,0.022374999999996703,-0.019150000000000222,-0.006099999999999994,-0.0061749999999998195,0.02955000000000041,0.023799999999997823,-0.0322749999999985,0.0,0.02107500000001039,0.022374999999996703,20000.0
17772,T33UWP_20000_10,S2B_MSIL2A_20230604T095559_R122_T33UWP_20230604T174403,100,,0.0,0.005,3.1025,28.755,2.725,0.4425,4.4525,21.795,24.13,14.5925,0.0,40000,0,0.0,19999.99999999994,19999.99999999907,0.35747838020324707,60.5175,,0.0,0.0013,-0.005199999999999871,-0.009500000000002728,-0.04039999999999999,-0.006099999999999994,0.015699999999999825,0.0058000000000006935,0.0437999999999974,-0.005399999999999849,0.0,0.04420000000000357,0.04420000000000357,20000.0
17778,T33UWP_20000_10,S2B_MSIL2A_20230604T095559_R122_T33UWP_20230604T174403,200,,0.0,0.01,3.09,29.05,2.63,0.42,4.51,21.17,24.41,14.71,0.0,10000,0,0.0,19999.99999999994,19999.99999999907,1.0343031883239746,60.29,,0.0,0.0063,-0.01770000000000005,0.285499999999999,-0.1354000000000002,-0.028600000000000014,0.07319999999999993,-0.6191999999999993,0.32379999999999853,0.11210000000000164,0.0,-0.18329999999999558,0.285499999999999,20000.0
17784,T33UWP_20000_10,S2B_MSIL2A_20230604T095559_R122_T33UWP_20230604T174403,500,,0.0,0.0,2.75,27.5,2.8125,0.5,4.1875,23.1875,23.1875,15.875,0.0,1600,0,0.0,19999.99999999994,19999.99999999907,0.40159130096435547,62.25,,0.0,-0.0037,-0.3576999999999999,-1.2645000000000017,0.04709999999999992,0.0514,-0.24929999999999986,1.398299999999999,-0.8987000000000016,1.2771000000000008,0.0,1.7767000000000053,1.7767000000000053,20000.0
17790,T33UWP_20000_10,S2B_MSIL2A_20230604T095559_R122_T33UWP_20230604T174403,1000,,0.0,0.0,2.5,31.0,2.25,0.5,3.75,23.5,21.5,15.0,0.0,400,0,0.0,19999.99999999994,19999.99999999907,0.37656378746032715,60.0,,0.0,-0.0037,-0.6076999999999999,2.2354999999999983,-0.5154000000000001,0.0514,-0.6867999999999999,1.710799999999999,-2.5862000000000016,0.4021000000000008,0.0,-0.4732999999999947,2.2354999999999983,20000.0
17762,T33UWP_20000_10,S2B_MSIL2A_20230614T095559_R122_T33UWP_20230614T142248,20,,0.0,0.0936,1.6298,89.8483,4.8215,0.7351,0.1762,1.0216,0.6749,0.999,0.0,1000000,0,0.0,19999.99999999994,19999.99999999907,0.5122463703155518,2.6955,,0.0,0.0,0.0,0.0,0.0,0.0,0.0,0.0,0.0,0.0,0.0,0.0,0.0,20000.0
17768,T33UWP_20000_10,S2B_MSIL2A_20230614T095559_R122_T33UWP_20230614T142248,50,,0.0,0.088125,1.6375,89.87375,4.813125,0.739375,0.17375,1.00875,0.671875,0.99375,0.0,160000,0,0.0,19999.99999999994,19999.99999999907,0.36754322052001953,2.674375,,0.0,-0.005475000000000008,0.00770000000000004,0.025450000000006412,-0.008375000000000021,0.004275000000000029,-0.0024500000000000077,-0.012850000000000028,-0.0030250000000000554,-0.005249999999999977,0.0,-0.02112500000000006,0.025450000000006412,20000.0
17774,T33UWP_20000_10,S2B_MSIL2A_20230614T095559_R122_T33UWP_20230614T142248,100,,0.0,0.0775,1.6525,89.8675,4.785,0.74,0.1875,1.02,0.6575,1.0125,0.0,40000,0,0.0,19999.99999999994,19999.99999999907,0.35747838020324707,2.69,,0.0,-0.016100000000000003,0.022700000000000164,0.019200000000012096,-0.0365000000000002,0.0049000000000000155,0.011300000000000004,-0.0016000000000000458,-0.017400000000000082,0.013499999999999956,0.0,-0.00550000000000006,0.0365000000000002,20000.0
17780,T33UWP_20000_10,S2B_MSIL2A_20230614T095559_R122_T33UWP_20230614T142248,200,,0.0,0.08,1.59,89.77,5.06,0.72,0.19,1.02,0.65,0.92,0.0,10000,0,0.0,19999.99999999994,19999.99999999907,1.0343031883239746,2.59,,0.0,-0.013600000000000001,-0.039799999999999836,-0.0782999999999987,0.23849999999999927,-0.015100000000000002,0.013800000000000007,-0.0016000000000000458,-0.024900000000000033,-0.07899999999999996,0.0,-0.10550000000000015,0.23849999999999927,20000.0
17786,T33UWP_20000_10,S2B_MSIL2A_20230614T095559_R122_T33UWP_20230614T142248,500,,0.0,0.1875,1.625,89.1875,5.125,0.8125,0.1875,1.0625,0.625,1.1875,0.0,1600,0,0.0,19999.99999999994,19999.99999999907,0.40159130096435547,2.875,,0.0,0.0939,-0.0047999999999999154,-0.6607999999999947,0.30349999999999966,0.07740000000000002,0.011300000000000004,0.040899999999999936,-0.049900000000000055,0.1885,0.0,0.1795,0.6607999999999947,20000.0
17792,T33UWP_20000_10,S2B_MSIL2A_20230614T095559_R122_T33UWP_20230614T142248,1000,,0.0,0.0,1.0,91.0,4.0,0.75,0.25,0.25,1.5,1.25,0.0,400,0,0.0,19999.99999999994,19999.99999999907,0.37656378746032715,3.0,,0.0,-0.0936,-0.6297999999999999,1.1517000000000053,-0.8215000000000003,0.014900000000000024,0.0738,-0.7716000000000001,0.8251,0.251,0.0,0.3045,1.1517000000000053,20000.0
17764,T33UWP_20000_10,S2B_MSIL2A_20230624T095559_R122_T33UWP_20230624T142946,20,,0.0,0.0,0.0586,0.0,0.0,0.0,0.0,1.5841,98.093,0.2643,0.0,1000000,0,0.0,19999.99999999994,19999.99999999907,0.5122463703155518,99.94140000000002,,0.0,0.0,0.0,0.0,0.0,0.0,0.0,0.0,0.0,0.0,0.0,0.0,0.0,20000.0
17770,T33UWP_20000_10,S2B_MSIL2A_20230624T095559_R122_T33UWP_20230624T142946,50,,0.0,0.0,0.06,0.0,0.0,0.0,0.0,1.5825,98.095,0.2625,0.0,160000,0,0.0,19999.99999999994,19999.99999999907,0.36754322052001953,99.94,,0.0,0.0,0.0013999999999999985,0.0,0.0,0.0,0.0,-0.0016000000000000458,0.001999999999995339,-0.0017999999999999683,0.0,-0.0014000000000180535,0.0014000000000180535,20000.0
17776,T33UWP_20000_10,S2B_MSIL2A_20230624T095559_R122_T33UWP_20230624T142946,100,,0.0,0.0,0.055,0.0,0.0,0.0,0.0,1.61,98.0675,0.2675,0.0,40000,0,0.0,19999.99999999994,19999.99999999907,0.35747838020324707,99.945,,0.0,0.0,-0.003599999999999999,0.0,0.0,0.0,0.0,0.025900000000000034,-0.025500000000008072,0.003200000000000036,0.0,0.003599999999977399,0.003599999999999999,20000.0
17782,T33UWP_20000_10,S2B_MSIL2A_20230624T095559_R122_T33UWP_20230624T142946,200,,0.0,0.0,0.06,0.0,0.0,0.0,0.0,1.68,98.01,0.25,0.0,10000,0,0.0,19999.99999999994,19999.99999999907,1.0343031883239746,99.94000000000001,,0.0,0.0,0.0013999999999999985,0.0,0.0,0.0,0.0,0.09589999999999987,-0.08299999999999841,-0.01429999999999998,0.0,-0.0014000000000038426,0.0014000000000038426,20000.0
17788,T33UWP_20000_10,S2B_MSIL2A_20230624T095559_R122_T33UWP_20230624T142946,500,,0.0,0.0,0.125,0.0,0.0,0.0,0.0,1.625,98.0,0.25,0.0,1600,0,0.0,19999.99999999994,19999.99999999907,0.40159130096435547,99.875,,0.0,0.0,0.0664,0.0,0.0,0.0,0.0,0.040899999999999936,-0.09300000000000352,-0.01429999999999998,0.0,-0.06640000000001578,0.06640000000001578,20000.0
17794,T33UWP_20000_10,S2B_MSIL2A_20230624T095559_R122_T33UWP_20230624T142946,1000,,0.0,0.0,0.0,0.0,0.0,0.0,0.0,1.5,98.5,0.0,0.0,400,0,0.0,19999.99999999994,19999.99999999907,0.37656378746032715,100.0,,0.0,0.0,-0.0586,0.0,0.0,0.0,0.0,-0.08410000000000006,0.4069999999999965,-0.2643,0.0,0.05859999999998422,0.0586,20000.0
17797,T33UWP_20000_11,S2A_MSIL2A_20230609T100031_R122_T33UWQ_20230609T173715,20,,0.0,0.0,0.0,0.0002,0.0002,0.0,0.0,34.5365,44.7621,20.701,0.0,1000000,0,0.0,20000.00000000006,20000.00000000093,0.5510666370391846,99.99959999999999,,0.0,0.0,0.0,0.0,0.0,0.0,0.0,0.0,0.0,0.0,0.0,0.0,0.0,20000.0
17803,T33UWP_20000_11,S2A_MSIL2A_20230609T100031_R122_T33UWQ_20230609T173715,50,,0.0,0.0,0.0,0.000625,0.000625,0.0,0.0,34.521875,44.78375,20.693125,0.0,160000,0,0.0,20000.00000000006,20000.00000000093,0.3945286273956299,99.99874999999999,,0.0,0.0,0.0,0.00042500000000000003,0.00042500000000000003,0.0,0.0,-0.014624999999995225,0.021650000000001057,-0.007875000000002075,0.0,-0.0008499999999997954,0.0008499999999997954,20000.0
17809,T33UWP_20000_11,S2A_MSIL2A_20230609T100031_R122_T33UWQ_20230609T173715,100,,0.0,0.0,0.0,0.0,0.0,0.0,0.0,34.6425,44.775,20.5825,0.0,40000,0,0.0,20000.00000000006,20000.00000000093,0.37375617027282715,99.99999999999999,,0.0,0.0,0.0,-0.0002,-0.0002,0.0,0.0,0.10600000000000165,0.01290000000000191,-0.11850000000000094,0.0,0.00039999999999906777,0.00039999999999906777,20000.0
17815,T33UWP_20000_11,S2A_MSIL2A_20230609T100031_R122_T33UWQ_20230609T173715,200,,0.0,0.0,0.0,0.0,0.0,0.0,0.0,34.52,44.23,21.25,0.0,10000,0,0.0,20000.00000000006,20000.00000000093,0.3351163864135742,100.0,,0.0,0.0,0.0,-0.0002,-0.0002,0.0,0.0,-0.01649999999999352,-0.5320999999999998,0.5489999999999995,0.0,0.0004000000000132786,0.0004000000000132786,20000.0
17821,T33UWP_20000_11,S2A_MSIL2A_20230609T100031_R122_T33UWQ_20230609T173715,500,,0.0,0.0,0.0,0.0,0.0,0.0,0.0,32.9375,46.125,20.9375,0.0,1600,0,0.0,20000.00000000006,20000.00000000093,0.35542726516723633,100.0,,0.0,0.0,0.0,-0.0002,-0.0002,0.0,0.0,-1.5989999999999966,1.3629000000000033,0.2364999999999995,0.0,0.0004000000000132786,0.0004000000000132786,20000.0
17827,T33UWP_20000_11,S2A_MSIL2A_20230609T100031_R122_T33UWQ_20230609T173715,1000,,0.0,0.0,0.0,0.0,0.0,0.0,0.0,34.5,46.5,19.0,0.0,400,0,0.0,20000.00000000006,20000.00000000093,0.504981279373169,100.0,,0.0,0.0,0.0,-0.0002,-0.0002,0.0,0.0,-0.036499999999996646,1.7379000000000033,-1.7010000000000005,0.0,0.0004000000000132786,0.0004000000000132786,20000.0
17799,T33UWP_20000_11,S2A_MSIL2A_20230619T100031_R122_T33UWQ_20230619T173043,20,,0.0,0.0428,1.8153,88.1234,7.1641,0.0318,0.4223,1.3613,1.0389,0.0001,0.0,1000000,0,0.0,20000.00000000006,20000.00000000093,0.5510666370391846,2.4003,,0.0,0.0,0.0,0.0,0.0,0.0,0.0,0.0,0.0,0.0,0.0,0.0,0.0,20000.0
17805,T33UWP_20000_11,S2A_MSIL2A_20230619T100031_R122_T33UWQ_20230619T173043,50,,0.0,0.040625,1.8225,88.111875,7.168125,0.033125,0.423125,1.364375,1.03625,0.0,0.0,160000,0,0.0,20000.00000000006,20000.00000000093,0.3945286273956299,2.400625,,0.0,-0.0021749999999999964,0.007200000000000095,-0.011525000000006003,0.004024999999999501,0.0013249999999999998,0.0008249999999999647,0.003074999999999939,-0.002650000000000041,-0.0001,0.0,0.00032499999999968665,0.011525000000006003,20000.0
17811,T33UWP_20000_11,S2A_MSIL2A_20230619T100031_R122_T33UWQ_20230619T173043,100,,0.0,0.05,1.7875,88.0625,7.2125,0.03,0.435,1.3825,1.04,0.0,0.0,40000,0,0.0,20000.00000000006,20000.00000000093,0.37375617027282715,2.4225000000000003,,0.0,0.007200000000000005,-0.027799999999999825,-0.06090000000000373,0.0484,-0.001800000000000003,0.012699999999999989,0.021200000000000108,0.001100000000000101,-0.0001,0.0,0.02220000000000022,0.06090000000000373,20000.0
17817,T33UWP_20000_11,S2A_MSIL2A_20230619T100031_R122_T33UWQ_20230619T173043,200,,0.0,0.04,1.83,88.28,7.03,0.03,0.42,1.33,1.04,0.0,0.0,10000,0,0.0,20000.00000000006,20000.00000000093,0.3351163864135742,2.37,,0.0,-0.002799999999999997,0.014700000000000157,0.1565999999999974,-0.1341000000000001,-0.001800000000000003,-0.0023000000000000242,-0.031299999999999883,0.001100000000000101,-0.0001,0.0,-0.030299999999999994,0.1565999999999974,20000.0
17823,T33UWP_20000_11,S2A_MSIL2A_20230619T100031_R122_T33UWQ_20230619T173043,500,,0.0,0.0625,1.625,89.4375,6.375,0.0,0.375,1.375,0.75,0.0,0.0,1600,0,0.0,20000.00000000006,20000.00000000093,0.35542726516723633,2.125,,0.0,0.019700000000000002,-0.1902999999999999,1.3140999999999963,-0.7891000000000004,-0.0318,-0.04730000000000001,0.013700000000000045,-0.28889999999999993,-0.0001,0.0,-0.2753000000000001,1.3140999999999963,20000.0
17829,T33UWP_20000_11,S2A_MSIL2A_20230619T100031_R122_T33UWQ_20230619T173043,1000,,0.0,0.0,1.75,90.75,5.25,0.0,0.25,1.0,1.0,0.0,0.0,400,0,0.0,20000.00000000006,20000.00000000093,0.504981279373169,2.0,,0.0,-0.0428,-0.06529999999999991,2.6265999999999963,-1.9141000000000004,-0.0318,-0.1723,-0.36129999999999995,-0.038899999999999935,-0.0001,0.0,-0.4003000000000001,2.6265999999999963,20000.0
17801,T33UWP_20000_11,S2A_MSIL2A_20230629T100031_R122_T33UWQ_20230629T191404,20,,0.0,0.0318000318000318,4.271504271504272,87.41258741258741,5.681705681705682,0.0393000393000393,0.173000173000173,1.575001575001575,0.7916007916007916,0.0235000235000235,0.0,1000000,1,0.0001,20000.00000000006,20000.00000000093,0.5510666370391846,2.39010239010239,,0.0,0.0,0.0,0.0,0.0,0.0,0.0,0.0,0.0,0.0,0.0,0.0,0.0,20000.0
17807,T33UWP_20000_11,S2A_MSIL2A_20230629T100031_R122_T33UWQ_20230629T191404,50,,0.0,0.03125,4.263125,87.370625,5.725625,0.0375,0.175625,1.570625,0.7975,0.028125,0.0,160000,0,0.0,20000.00000000006,20000.00000000093,0.3945286273956299,2.39625,,0.0,-0.0005500318000317972,-0.00837927150427209,-0.0419624125874094,0.04391931829431783,-0.0018000393000393022,0.0026248269998269957,-0.004376575001574956,0.005899208399208433,0.0046249764999765006,0.0,0.006147609897610096,0.04391931829431783,20000.0
17813,T33UWP_20000_11,S2A_MSIL2A_20230629T100031_R122_T33UWQ_20230629T191404,100,,0.0,0.03,4.26,87.22,5.8775,0.0375,0.1775,1.5925,0.7875,0.0175,0.0,40000,0,0.0,20000.00000000006,20000.00000000093,0.37375617027282715,2.3975,,0.0,-0.0018000318000317983,-0.011504271504271912,-0.19258741258741452,0.19579431829431826,-0.0018000393000393022,0.0044998269998269835,0.017498424998425133,-0.004100791600791576,-0.0060000235000234985,0.0,0.007397609897609847,0.19579431829431826,20000.0
17819,T33UWP_20000_11,S2A_MSIL2A_20230629T100031_R122_T33UWQ_20230629T191404,200,,0.0,0.02,4.38,87.39,5.58,0.05,0.26,1.51,0.8,0.01,0.0,10000,0,0.0,20000.00000000006,20000.00000000093,0.3351163864135742,2.32,,0.0,-0.011800031800031797,0.1084957284957282,-0.022587412587412814,-0.10170568170568206,0.010699960699960702,0.086999826999827,-0.06500157500157488,0.008399208399208491,-0.0135000235000235,0.0,-0.07010239010239028,0.1084957284957282,20000.0
17825,T33UWP_20000_11,S2A_MSIL2A_20230629T100031_R122_T33UWQ_20230629T191404,500,,0.0,0.0,4.3125,87.5625,5.375,0.0,0.25,1.5,0.9375,0.0625,0.0,1600,0,0.0,20000.00000000006,20000.00000000093,0.35542726516723633,2.5,,0.0,-0.0318000318000318,0.0409957284957283,0.14991258741258662,-0.30670568170568213,-0.0393000393000393,0.07699982699982699,-0.0750015750015749,0.14589920839920845,0.038999976499976496,0.0,0.10989760989760988,0.30670568170568213,20000.0
17831,T33UWP_20000_11,S2A_MSIL2A_20230629T100031_R122_T33UWQ_20230629T191404,1000,,0.0,0.0,5.0,87.75,4.0,0.0,1.0,1.75,0.5,0.0,0.0,400,0,0.0,20000.00000000006,20000.00000000093,0.504981279373169,2.25,,0.0,-0.0318000318000318,0.7284957284957283,0.3374125874125866,-1.6817056817056821,-0.0393000393000393,0.826999826999827,0.1749984249984251,-0.29160079160079155,-0.0235000235000235,0.0,-0.14010239010239012,1.6817056817056821,20000.0
17796,T33UWP_20000_11,S2B_MSIL2A_20230604T095559_R122_T33UWQ_20230604T174401,20,,0.0,0.0015,0.7297,5.1892,1.0861,0.0002,3.8,22.2586,66.8852,0.0495,0.0,1000000,0,0.0,20000.00000000006,20000.00000000093,0.5510666370391846,89.1933,,0.0,0.0,0.0,0.0,0.0,0.0,0.0,0.0,0.0,0.0,0.0,0.0,0.0,20000.0
17802,T33UWP_20000_11,S2B_MSIL2A_20230604T095559_R122_T33UWQ_20230604T174401,50,,0.0,0.001875,0.7225,5.183125,1.083125,0.0,3.770625,22.291875,66.891875,0.055,0.0,160000,0,0.0,20000.00000000006,20000.00000000093,0.3945286273956299,89.23875000000001,,0.0,0.0003749999999999999,-0.007199999999999984,-0.006074999999999164,-0.002975000000000172,-0.0002,-0.02937499999999993,0.03327499999999972,0.006675000000001319,0.005499999999999998,0.0,0.045450000000016644,0.045450000000016644,20000.0
17808,T33UWP_20000_11,S2B_MSIL2A_20230604T095559_R122_T33UWQ_20230604T174401,100,,0.0,0.0025,0.725,5.1075,1.0825,0.0,3.7575,22.2325,67.045,0.0475,0.0,40000,0,0.0,20000.00000000006,20000.00000000093,0.37375617027282715,89.325,,0.0,0.001,-0.0047000000000000375,-0.08169999999999966,-0.0036000000000000476,-0.0002,-0.04249999999999998,-0.026099999999999568,0.15980000000000416,-0.0020000000000000018,0.0,0.13170000000000925,0.13170000000000925,20000.0
17814,T33UWP_20000_11,S2B_MSIL2A_20230604T095559_R122_T33UWQ_20230604T174401,200,,0.0,0.0,0.69,5.15,1.17,0.0,3.9,22.14,66.91,0.04,0.0,10000,0,0.0,20000.00000000006,20000.00000000093,0.3351163864135742,89.09,,0.0,-0.0015,-0.03970000000000007,-0.039199999999999235,0.08389999999999986,-0.0002,0.10000000000000009,-0.1186000000000007,0.024799999999999045,-0.009500000000000001,0.0,-0.10329999999999018,0.10329999999999018,20000.0
17820,T33UWP_20000_11,S2B_MSIL2A_20230604T095559_R122_T33UWQ_20230604T174401,500,,0.0,0.0,0.625,5.9375,1.0,0.0,3.1875,21.625,67.5625,0.0625,0.0,1600,0,0.0,20000.00000000006,20000.00000000093,0.35542726516723633,89.25,,0.0,-0.0015,-0.10470000000000002,0.7483000000000004,-0.08610000000000007,-0.0002,-0.6124999999999998,-0.6336000000000013,0.6773000000000025,0.012999999999999998,0.0,0.05670000000000641,0.7483000000000004,20000.0
17826,T33UWP_20000_11,S2B_MSIL2A_20230604T095559_R122_T33UWQ_20230604T174401,1000,,0.0,0.0,1.0,4.25,1.25,0.0,3.75,23.75,66.0,0.0,0.0,400,0,0.0,20000.00000000006,20000.00000000093,0.504981279373169,89.75,,0.0,-0.0015,0.2703,-0.9391999999999996,0.16389999999999993,-0.0002,-0.04999999999999982,1.4913999999999987,-0.8851999999999975,-0.0495,0.0,0.5567000000000064,0.9391999999999996,20000.0
17798,T33UWP_20000_11,S2B_MSIL2A_20230614T095559_R122_T33UWQ_20230614T142556,20,,0.0,0.0295000295000295,5.657705657705658,79.79347979347979,6.811106811106811,0.0252000252000252,0.2272002272002272,4.128104128104128,3.3277033277033277,0.0,0.0,1000000,1,0.0001,20000.00000000006,20000.00000000093,0.5510666370391846,7.455807455807456,,0.0,0.0,0.0,0.0,0.0,0.0,0.0,0.0,0.0,0.0,0.0,0.0,0.0,20000.0
17804,T33UWP_20000_11,S2B_MSIL2A_20230614T095559_R122_T33UWQ_20230614T142556,50,,0.0,0.02625,5.644375,79.773125,6.86,0.02625,0.219375,4.1375,3.313125,0.0,0.0,160000,0,0.0,20000.00000000006,20000.00000000093,0.3945286273956299,7.4506250000000005,,0.0,-0.003250029500029502,-0.013330657705657778,-0.02035479347979674,0.04889318889318961,0.0010499747999748003,-0.007825227200227214,0.009395871895872432,-0.014578327703327787,0.0,0.0,-0.005182455807455355,0.04889318889318961,20000.0
17810,T33UWP_20000_11,S2B_MSIL2A_20230614T095559_R122_T33UWQ_20230614T142556,100,,0.0,0.03,5.6025,79.6325,7.04,0.0225,0.26,4.0475,3.365,0.0,0.0,40000,0,0.0,20000.00000000006,20000.00000000093,0.37375617027282715,7.4125000000000005,,0.0,0.0004999704999704979,-0.055205657705657885,-0.16097979347979674,0.22889318889318933,-0.0027000252000251995,0.03279977279977281,-0.08060412810412743,0.03729667229667255,0.0,0.0,-0.04330745580745532,0.22889318889318933,20000.0
17816,T33UWP_20000_11,S2B_MSIL2A_20230614T095559_R122_T33UWQ_20230614T142556,200,,0.0,0.02,5.52,79.87,6.8,0.03,0.29,3.97,3.5,0.0,0.0,10000,0,0.0,20000.00000000006,20000.00000000093,0.3351163864135742,7.470000000000001,,0.0,-0.0095000295000295,-0.13770565770565835,0.07652020652021463,-0.011106811106810888,0.0047999747999748,0.06279977279977278,-0.15810412810412755,0.17229667229667234,0.0,0.0,0.014192544192544787,0.13770565770565835,20000.0
17822,T33UWP_20000_11,S2B_MSIL2A_20230614T095559_R122_T33UWQ_20230614T142556,500,,0.0,0.0,5.25,81.25,5.6875,0.0,0.3125,4.0,3.5,0.0,0.0,1600,0,0.0,20000.00000000006,20000.00000000093,0.35542726516723633,7.5,,0.0,-0.0295000295000295,-0.4077056577056579,1.45652020652021,-1.1236068111068107,-0.0252000252000252,0.0852997727997728,-0.12810412810412775,0.17229667229667234,0.0,0.0,0.04419254419254415,1.45652020652021,20000.0
17828,T33UWP_20000_11,S2B_MSIL2A_20230614T095559_R122_T33UWQ_20230614T142556,1000,,0.0,0.0,6.25,82.25,5.25,0.0,0.0,3.75,2.5,0.0,0.0,400,0,0.0,20000.00000000006,20000.00000000093,0.504981279373169,6.25,,0.0,-0.0295000295000295,0.5922943422943421,2.45652020652021,-1.5611068111068107,-0.0252000252000252,-0.2272002272002272,-0.37810412810412775,-0.8277033277033277,0.0,0.0,-1.2058074558074559,2.45652020652021,20000.0
17800,T33UWP_20000_11,S2B_MSIL2A_20230624T095559_R122_T33UWQ_20230624T154230,20,,0.0,0.0,0.0,0.0,0.0,0.0,0.0,0.2253,99.7747,0.0,0.0,1000000,0,0.0,20000.00000000006,20000.00000000093,0.5510666370391846,100.0,,0.0,0.0,0.0,0.0,0.0,0.0,0.0,0.0,0.0,0.0,0.0,0.0,0.0,20000.0
17806,T33UWP_20000_11,S2B_MSIL2A_20230624T095559_R122_T33UWQ_20230624T154230,50,,0.0,0.0,0.0,0.0,0.0,0.0,0.0,0.22875,99.77125,0.0,0.0,160000,0,0.0,20000.00000000006,20000.00000000093,0.3945286273956299,100.0,,0.0,0.0,0.0,0.0,0.0,0.0,0.0,0.0034500000000000086,-0.0034500000000008413,0.0,0.0,0.0,0.0,20000.0
17812,T33UWP_20000_11,S2B_MSIL2A_20230624T095559_R122_T33UWQ_20230624T154230,100,,0.0,0.0,0.0,0.0,0.0,0.0,0.0,0.235,99.765,0.0,0.0,40000,0,0.0,20000.00000000006,20000.00000000093,0.37375617027282715,100.0,,0.0,0.0,0.0,0.0,0.0,0.0,0.0,0.009699999999999986,-0.009699999999995157,0.0,0.0,0.0,0.0,20000.0
17818,T33UWP_20000_11,S2B_MSIL2A_20230624T095559_R122_T33UWQ_20230624T154230,200,,0.0,0.0,0.0,0.0,0.0,0.0,0.0,0.19,99.81,0.0,0.0,10000,0,0.0,20000.00000000006,20000.00000000093,0.3351163864135742,100.0,,0.0,0.0,0.0,0.0,0.0,0.0,0.0,-0.0353,0.03530000000000655,0.0,0.0,0.0,0.0,20000.0
17824,T33UWP_20000_11,S2B_MSIL2A_20230624T095559_R122_T33UWQ_20230624T154230,500,,0.0,0.0,0.0,0.0,0.0,0.0,0.0,0.125,99.875,0.0,0.0,1600,0,0.0,20000.00000000006,20000.00000000093,0.35542726516723633,100.0,,0.0,0.0,0.0,0.0,0.0,0.0,0.0,-0.1003,0.10030000000000427,0.0,0.0,0.0,0.0,20000.0
17830,T33UWP_20000_11,S2B_MSIL2A_20230624T095559_R122_T33UWQ_20230624T154230,1000,,0.0,0.0,0.0,0.0,0.0,0.0,0.0,0.0,100.0,0.0,0.0,400,0,0.0,20000.00000000006,20000.00000000093,0.504981279373169,100.0,,0.0,0.0,0.0,0.0,0.0,0.0,0.0,-0.2253,0.22530000000000427,0.0,0.0,0.0,0.0,20000.0
17833,T33UWP_20000_12,S2A_MSIL2A_20230609T100031_R122_T33UWP_20230609T173715,20,,0.0,0.0,10.1868,0.3919,0.0169,0.0,0.0706,15.0901,74.2213,0.0224,0.0,1000000,0,0.0,20000.000000000233,20000.0,0.4729459285736084,89.3338,,0.0,0.0,0.0,0.0,0.0,0.0,0.0,0.0,0.0,0.0,0.0,0.0,0.0,20000.0
17839,T33UWP_20000_12,S2A_MSIL2A_20230609T100031_R122_T33UWP_20230609T173715,50,,0.0,0.0,10.163125,0.39125,0.0175,0.0,0.07375,15.121875,74.210625,0.021875,0.0,160000,0,0.0,20000.000000000233,20000.0,0.7076354026794434,89.35437499999999,,0.0,0.0,-0.023674999999999002,-0.0006500000000000394,0.0006000000000000033,0.0,0.00315,0.031774999999999665,-0.010675000000006207,-0.0005250000000000012,0.0,0.020574999999993793,0.023674999999999002,20000.0
17845,T33UWP_20000_12,S2A_MSIL2A_20230609T100031_R122_T33UWP_20230609T173715,100,,0.0,0.0,10.2325,0.3875,0.0175,0.0,0.0775,15.0425,74.22,0.0225,0.0,40000,0,0.0,20000.000000000233,20000.0,0.4200620651245117,89.285,,0.0,0.0,0.045700000000000074,-0.004400000000000015,0.0006000000000000033,0.0,0.006900000000000003,-0.0475999999999992,-0.001300000000000523,9.99999999999994e-05,0.0,-0.048799999999999955,0.048799999999999955,20000.0
17851,T33UWP_20000_12,S2A_MSIL2A_20230609T100031_R122_T33UWP_20230609T173715,200,,0.0,0.0,10.25,0.38,0.0,0.0,0.09,14.75,74.5,0.03,0.0,10000,0,0.0,20000.000000000233,20000.0,0.3424086570739746,89.28,,0.0,0.0,0.06320000000000014,-0.011900000000000022,-0.0169,0.0,0.0194,-0.3400999999999996,0.2787000000000006,0.007599999999999999,0.0,-0.05379999999999541,0.06320000000000014,20000.0
17857,T33UWP_20000_12,S2A_MSIL2A_20230609T100031_R122_T33UWP_20230609T173715,500,,0.0,0.0,10.875,0.375,0.0,0.0,0.125,14.375,74.25,0.0,0.0,1600,0,0.0,20000.000000000233,20000.0,0.35529017448425293,88.625,,0.0,0.0,0.6882000000000001,-0.016900000000000026,-0.0169,0.0,0.054400000000000004,-0.7150999999999996,0.028700000000000614,-0.0224,0.0,-0.7087999999999965,0.7087999999999965,20000.0
17863,T33UWP_20000_12,S2A_MSIL2A_20230609T100031_R122_T33UWP_20230609T173715,1000,,0.0,0.0,10.75,0.25,0.0,0.0,0.0,15.0,74.0,0.0,0.0,400,0,0.0,20000.000000000233,20000.0,0.6360807418823242,89.0,,0.0,0.0,0.5632000000000001,-0.14190000000000003,-0.0169,0.0,-0.0706,-0.09009999999999962,-0.22129999999999939,-0.0224,0.0,-0.33379999999999654,0.5632000000000001,20000.0
17835,T33UWP_20000_12,S2A_MSIL2A_20230619T100031_R122_T33UWP_20230619T172742,20,,0.0,0.0092,5.5018,51.2135,0.3399,0.0001,0.2088,10.703,14.4292,17.5945,0.0,1000000,0,0.0,20000.000000000233,20000.0,0.4729459285736084,42.726699999999994,,0.0,0.0,0.0,0.0,0.0,0.0,0.0,0.0,0.0,0.0,0.0,0.0,0.0,20000.0
17841,T33UWP_20000_12,S2A_MSIL2A_20230619T100031_R122_T33UWP_20230619T172742,50,,0.0,0.00875,5.49125,51.225625,0.345625,0.0,0.21125,10.729375,14.400625,17.5875,0.0,160000,0,0.0,20000.000000000233,20000.0,0.7076354026794434,42.7175,,0.0,-0.000449999999999999,-0.010550000000000281,0.012124999999997499,0.005725000000000036,-0.0001,0.00244999999999998,0.026374999999999815,-0.028575000000000017,-0.0070000000000014495,0.0,-0.00919999999999277,0.012124999999997499,20000.0
17847,T33UWP_20000_12,S2A_MSIL2A_20230619T100031_R122_T33UWP_20230619T172742,100,,0.0,0.0075,5.4875,51.275,0.33,0.0,0.1975,10.73,14.3525,17.62,0.0,40000,0,0.0,20000.000000000233,20000.0,0.4200620651245117,42.7025,,0.0,-0.0017000000000000001,-0.014300000000000423,0.061499999999995225,-0.009899999999999964,-0.0001,-0.011300000000000004,0.027000000000001023,-0.07670000000000066,0.025500000000000966,0.0,-0.024199999999993338,0.061499999999995225,20000.0
17853,T33UWP_20000_12,S2A_MSIL2A_20230619T100031_R122_T33UWP_20230619T172742,200,,0.0,0.01,5.58,51.2,0.33,0.0,0.2,10.65,14.36,17.67,0.0,10000,0,0.0,20000.000000000233,20000.0,0.3424086570739746,42.68,,0.0,0.0008000000000000004,0.07819999999999983,-0.013500000000000512,-0.009899999999999964,-0.0001,-0.008800000000000002,-0.05299999999999905,-0.06920000000000037,0.07550000000000168,0.0,-0.04669999999999419,0.07819999999999983,20000.0
17859,T33UWP_20000_12,S2A_MSIL2A_20230619T100031_R122_T33UWP_20230619T172742,500,,0.0,0.0,5.8125,52.0625,0.375,0.0,0.25,9.625,13.75,18.125,0.0,1600,0,0.0,20000.000000000233,20000.0,0.35529017448425293,41.5,,0.0,-0.0092,0.31069999999999975,0.8489999999999966,0.03510000000000002,-0.0001,0.04119999999999999,-1.0779999999999994,-0.6791999999999998,0.5305,0.0,-1.226699999999994,1.226699999999994,20000.0
17865,T33UWP_20000_12,S2A_MSIL2A_20230619T100031_R122_T33UWP_20230619T172742,1000,,0.0,0.0,5.5,51.5,0.25,0.0,0.25,11.75,13.0,17.75,0.0,400,0,0.0,20000.000000000233,20000.0,0.6360807418823242,42.5,,0.0,-0.0092,-0.0018000000000002458,0.28649999999999665,-0.08989999999999998,-0.0001,0.04119999999999999,1.0470000000000006,-1.4291999999999998,0.15549999999999997,0.0,-0.2266999999999939,0.28649999999999665,20000.0
17837,T33UWP_20000_12,S2A_MSIL2A_20230629T100031_R122_T33UWP_20230629T191411,20,,0.0,0.0129,7.7683,85.2219,0.6675,0.0001,0.2754,3.9478,2.0944,0.0117,0.0,1000000,0,0.0,20000.000000000233,20000.0,0.4729459285736084,6.0539,,0.0,0.0,0.0,0.0,0.0,0.0,0.0,0.0,0.0,0.0,0.0,0.0,0.0,20000.0
17843,T33UWP_20000_12,S2A_MSIL2A_20230629T100031_R122_T33UWP_20230629T191411,50,,0.0,0.010625,7.7725,85.199375,0.681875,0.0,0.269375,3.961875,2.09125,0.013125,0.0,160000,0,0.0,20000.000000000233,20000.0,0.7076354026794434,6.066249999999999,,0.0,-0.0022749999999999992,0.0041999999999999815,-0.022525000000001683,0.014375000000000027,-0.0001,-0.006025000000000003,0.01407500000000006,-0.003149999999999764,0.0014249999999999992,0.0,0.012349999999999639,0.022525000000001683,20000.0
17849,T33UWP_20000_12,S2A_MSIL2A_20230629T100031_R122_T33UWP_20230629T191411,100,,0.0,0.01,7.7925,85.255,0.62,0.0,0.27,3.89,2.1525,0.01,0.0,40000,0,0.0,20000.000000000233,20000.0,0.4200620651245117,6.0525,,0.0,-0.0029,0.024200000000000443,0.03309999999999036,-0.04749999999999999,-0.0001,-0.00539999999999996,-0.05779999999999985,0.05810000000000004,-0.0017000000000000001,0.0,-0.0013999999999994017,0.04749999999999999,20000.0
17855,T33UWP_20000_12,S2A_MSIL2A_20230629T100031_R122_T33UWP_20230629T191411,200,,0.0,0.01,7.76,85.37,0.59,0.0,0.31,3.91,2.03,0.02,0.0,10000,0,0.0,20000.000000000233,20000.0,0.3424086570739746,5.959999999999999,,0.0,-0.0029,-0.008300000000000196,0.14809999999999945,-0.07750000000000001,-0.0001,0.03460000000000002,-0.037799999999999834,-0.06440000000000001,0.0083,0.0,-0.09390000000000054,0.14809999999999945,20000.0
17861,T33UWP_20000_12,S2A_MSIL2A_20230629T100031_R122_T33UWP_20230629T191411,500,,0.0,0.0,8.6875,83.875,0.5625,0.0,0.3125,4.1875,2.375,0.0,0.0,1600,0,0.0,20000.000000000233,20000.0,0.35529017448425293,6.5625,,0.0,-0.0129,0.9192,-1.346900000000005,-0.10499999999999998,-0.0001,0.03710000000000002,0.23970000000000002,0.2806000000000002,-0.0117,0.0,0.5086000000000004,1.346900000000005,20000.0
17867,T33UWP_20000_12,S2A_MSIL2A_20230629T100031_R122_T33UWP_20230629T191411,1000,,0.0,0.0,8.25,85.5,0.25,0.0,0.0,3.75,2.25,0.0,0.0,400,0,0.0,20000.000000000233,20000.0,0.6360807418823242,6.0,,0.0,-0.0129,0.4817,0.2780999999999949,-0.4175,-0.0001,-0.2754,-0.19779999999999998,0.15560000000000018,-0.0117,0.0,-0.053899999999999615,0.4817,20000.0
17832,T33UWP_20000_12,S2B_MSIL2A_20230604T095559_R122_T33UWP_20230604T174403,20,,0.0,0.0,0.0,0.0,0.6687,0.0,0.5503,16.8693,81.8001,0.1116,0.0,1000000,0,0.0,20000.000000000233,20000.0,0.4729459285736084,98.78099999999999,,0.0,0.0,0.0,0.0,0.0,0.0,0.0,0.0,0.0,0.0,0.0,0.0,0.0,20000.0
17838,T33UWP_20000_12,S2B_MSIL2A_20230604T095559_R122_T33UWP_20230604T174403,50,,0.0,0.0,0.0,0.0,0.668125,0.0,0.546875,16.86,81.81125,0.11375,0.0,160000,0,0.0,20000.000000000233,20000.0,0.7076354026794434,98.785,,0.0,0.0,0.0,0.0,-0.0005749999999999922,0.0,-0.0034250000000000114,-0.009299999999999642,0.01115000000000066,0.002149999999999999,0.0,0.0040000000000048885,0.0040000000000048885,20000.0
17844,T33UWP_20000_12,S2B_MSIL2A_20230604T095559_R122_T33UWP_20230604T174403,100,,0.0,0.0,0.0,0.0,0.665,0.0,0.5425,16.8675,81.81,0.115,0.0,40000,0,0.0,20000.000000000233,20000.0,0.4200620651245117,98.7925,,0.0,0.0,0.0,0.0,-0.0036999999999999256,0.0,-0.007800000000000029,-0.0017999999999993577,0.009900000000001796,0.0034000000000000002,0.0,0.011500000000012278,0.011500000000012278,20000.0
17850,T33UWP_20000_12,S2B_MSIL2A_20230604T095559_R122_T33UWP_20230604T174403,200,,0.0,0.0,0.0,0.0,0.68,0.0,0.51,16.89,81.82,0.1,0.0,10000,0,0.0,20000.000000000233,20000.0,0.3424086570739746,98.80999999999999,,0.0,0.0,0.0,0.0,0.011300000000000088,0.0,-0.0403,0.020700000000001495,0.0198999999999927,-0.0116,0.0,0.028999999999996362,0.0403,20000.0
17856,T33UWP_20000_12,S2B_MSIL2A_20230604T095559_R122_T33UWP_20230604T174403,500,,0.0,0.0,0.0,0.0,0.6875,0.0,0.375,16.875,81.875,0.1875,0.0,1600,0,0.0,20000.000000000233,20000.0,0.35529017448425293,98.9375,,0.0,0.0,0.0,0.0,0.01880000000000004,0.0,-0.1753,0.0057000000000009265,0.07489999999999952,0.0759,0.0,0.1565000000000083,0.1753,20000.0
17862,T33UWP_20000_12,S2B_MSIL2A_20230604T095559_R122_T33UWP_20230604T174403,1000,,0.0,0.0,0.0,0.0,0.5,0.0,0.25,17.75,81.25,0.25,0.0,400,0,0.0,20000.000000000233,20000.0,0.6360807418823242,99.25,,0.0,0.0,0.0,0.0,-0.16869999999999996,0.0,-0.3003,0.8807000000000009,-0.5501000000000005,0.1384,0.0,0.4690000000000083,0.4690000000000083,20000.0
17834,T33UWP_20000_12,S2B_MSIL2A_20230614T095559_R122_T33UWP_20230614T142248,20,,0.0,0.0008,8.143,5.6919,0.0928,0.0,2.184,25.8022,57.176,0.9093,0.0,1000000,0,0.0,20000.000000000233,20000.0,0.4729459285736084,83.8875,,0.0,0.0,0.0,0.0,0.0,0.0,0.0,0.0,0.0,0.0,0.0,0.0,0.0,20000.0
17840,T33UWP_20000_12,S2B_MSIL2A_20230614T095559_R122_T33UWP_20230614T142248,50,,0.0,0.00125,8.13875,5.689375,0.085625,0.0,2.195625,25.78375,57.19875,0.906875,0.0,160000,0,0.0,20000.000000000233,20000.0,0.7076354026794434,83.889375,,0.0,0.00045,-0.004250000000000753,-0.0025250000000003325,-0.007174999999999987,0.0,0.011624999999999996,-0.018449999999997857,0.02274999999999494,-0.0024250000000000105,0.0,0.0018749999999982947,0.011624999999999996,20000.0
17846,T33UWP_20000_12,S2B_MSIL2A_20230614T095559_R122_T33UWP_20230614T142248,100,,0.0,0.0025,8.115,5.69,0.1025,0.0,2.1675,25.8025,57.2,0.92,0.0,40000,0,0.0,20000.000000000233,20000.0,0.4200620651245117,83.9225,,0.0,0.0017000000000000001,-0.02800000000000047,-0.0019000000000000128,0.0097,0.0,-0.01650000000000018,0.0002999999999993008,0.02400000000000091,0.010700000000000043,0.0,0.03499999999999659,0.03499999999999659,20000.0
17852,T33UWP_20000_12,S2B_MSIL2A_20230614T095559_R122_T33UWP_20230614T142248,200,,0.0,0.0,8.24,5.63,0.11,0.0,2.31,25.48,57.43,0.8,0.0,10000,0,0.0,20000.000000000233,20000.0,0.3424086570739746,83.71,,0.0,-0.0008,0.09699999999999953,-0.06190000000000051,0.017200000000000007,0.0,0.1259999999999999,-0.3221999999999987,0.2539999999999978,-0.10929999999999995,0.0,-0.1775000000000091,0.1775000000000091,20000.0
17858,T33UWP_20000_12,S2B_MSIL2A_20230614T095559_R122_T33UWP_20230614T142248,500,,0.0,0.0,8.0,5.5625,0.0625,0.0,1.6875,27.0,56.75,0.9375,0.0,1600,0,0.0,20000.000000000233,20000.0,0.35529017448425293,84.6875,,0.0,-0.0008,-0.14300000000000068,-0.1294000000000004,-0.030299999999999994,0.0,-0.49650000000000016,1.1978000000000009,-0.42600000000000193,0.028200000000000003,0.0,0.7999999999999972,0.7999999999999972,20000.0
17864,T33UWP_20000_12,S2B_MSIL2A_20230614T095559_R122_T33UWP_20230614T142248,1000,,0.0,0.0,8.5,4.75,0.0,0.0,3.0,24.0,58.75,1.0,0.0,400,0,0.0,20000.000000000233,20000.0,0.6360807418823242,83.75,,0.0,-0.0008,0.3569999999999993,-0.9419000000000004,-0.0928,0.0,0.8159999999999998,-1.8021999999999991,1.573999999999998,0.0907,0.0,-0.13750000000000284,0.9419000000000004,20000.0
17836,T33UWP_20000_12,S2B_MSIL2A_20230624T095559_R122_T33UWP_20230624T142946,20,,0.0,0.0,0.0014,0.0,0.0,0.0,0.0,0.0786,99.92,0.0,0.0,1000000,0,0.0,20000.000000000233,20000.0,0.4729459285736084,99.9986,,0.0,0.0,0.0,0.0,0.0,0.0,0.0,0.0,0.0,0.0,0.0,0.0,0.0,20000.0
17842,T33UWP_20000_12,S2B_MSIL2A_20230624T095559_R122_T33UWP_20230624T142946,50,,0.0,0.0,0.00125,0.0,0.0,0.0,0.0,0.08,99.91875,0.0,0.0,160000,0,0.0,20000.000000000233,20000.0,0.7076354026794434,99.99875,,0.0,0.0,-0.00014999999999999996,0.0,0.0,0.0,0.0,0.0013999999999999985,-0.0012499999999988631,0.0,0.0,0.00015000000000497948,0.00015000000000497948,20000.0
17848,T33UWP_20000_12,S2B_MSIL2A_20230624T095559_R122_T33UWP_20230624T142946,100,,0.0,0.0,0.0,0.0,0.0,0.0,0.0,0.0875,99.9125,0.0,0.0,40000,0,0.0,20000.000000000233,20000.0,0.4200620651245117,100.0,,0.0,0.0,-0.0014,0.0,0.0,0.0,0.0,0.008899999999999991,-0.00750000000000739,0.0,0.0,0.0014000000000038426,0.0014000000000038426,20000.0
17854,T33UWP_20000_12,S2B_MSIL2A_20230624T095559_R122_T33UWP_20230624T142946,200,,0.0,0.0,0.0,0.0,0.0,0.0,0.0,0.1,99.9,0.0,0.0,10000,0,0.0,20000.000000000233,20000.0,0.3424086570739746,100.0,,0.0,0.0,-0.0014,0.0,0.0,0.0,0.0,0.021400000000000002,-0.01999999999999602,0.0,0.0,0.0014000000000038426,0.0014000000000038426,20000.0
17860,T33UWP_20000_12,S2B_MSIL2A_20230624T095559_R122_T33UWP_20230624T142946,500,,0.0,0.0,0.0625,0.0,0.0,0.0,0.0,0.0625,99.875,0.0,0.0,1600,0,0.0,20000.000000000233,20000.0,0.35529017448425293,99.9375,,0.0,0.0,0.0611,0.0,0.0,0.0,0.0,-0.016100000000000003,-0.045000000000001705,0.0,0.0,-0.06109999999999616,0.0611,20000.0
17866,T33UWP_20000_12,S2B_MSIL2A_20230624T095559_R122_T33UWP_20230624T142946,1000,,0.0,0.0,0.0,0.0,0.0,0.0,0.0,0.0,100.0,0.0,0.0,400,0,0.0,20000.000000000233,20000.0,0.6360807418823242,100.0,,0.0,0.0,-0.0014,0.0,0.0,0.0,0.0,-0.0786,0.0799999999999983,0.0,0.0,0.0014000000000038426,0.0014000000000038426,20000.0
17869,T33UWP_20000_13,S2A_MSIL2A_20230609T100031_R122_T33UWP_20230609T173715,20,,0.0,0.0,7.0115,0.2001,0.0605,0.0,0.2325,11.8537,79.9985,0.6432,0.0,1000000,0,0.0,20000.000000000233,20000.000000001863,0.4775087833404541,92.4954,,0.0,0.0,0.0,0.0,0.0,0.0,0.0,0.0,0.0,0.0,0.0,0.0,0.0,20000.0
17875,T33UWP_20000_13,S2A_MSIL2A_20230609T100031_R122_T33UWP_20230609T173715,50,,0.0,0.0,7.010625,0.199375,0.0575,0.0,0.238125,11.851875,80.003125,0.639375,0.0,160000,0,0.0,20000.000000000233,20000.000000001863,0.3582286834716797,92.49437499999999,,0.0,0.0,-0.0008749999999997371,-0.0007250000000000034,-0.0029999999999999957,0.0,0.005624999999999991,-0.0018250000000001876,0.004624999999990109,-0.0038249999999999673,0.0,-0.0010250000000127102,0.005624999999999991,20000.0
17881,T33UWP_20000_13,S2A_MSIL2A_20230609T100031_R122_T33UWP_20230609T173715,100,,0.0,0.0,7.025,0.2075,0.0675,0.0,0.215,11.9225,79.92,0.6425,0.0,40000,0,0.0,20000.000000000233,20000.000000001863,0.37853455543518066,92.485,,0.0,0.0,0.013500000000000512,0.00739999999999999,0.007000000000000006,0.0,-0.017500000000000016,0.06879999999999953,-0.07850000000000534,-0.0007000000000000339,0.0,-0.010400000000004184,0.017500000000000016,20000.0
17887,T33UWP_20000_13,S2A_MSIL2A_20230609T100031_R122_T33UWP_20230609T173715,200,,0.0,0.0,7.05,0.2,0.05,0.0,0.26,11.69,80.09,0.66,0.0,10000,0,0.0,20000.000000000233,20000.000000001863,0.37087535858154297,92.44,,0.0,0.0,0.03849999999999998,-9.999999999998899e-05,-0.010499999999999995,0.0,0.027499999999999997,-0.1637000000000004,0.09149999999999636,0.016800000000000037,0.0,-0.05540000000000589,0.05540000000000589,20000.0
17893,T33UWP_20000_13,S2A_MSIL2A_20230609T100031_R122_T33UWP_20230609T173715,500,,0.0,0.0,6.6875,0.125,0.1875,0.0,0.125,12.5,79.875,0.5,0.0,1600,0,0.0,20000.000000000233,20000.000000001863,0.7347638607025146,92.875,,0.0,0.0,-0.32399999999999984,-0.0751,0.127,0.0,-0.10750000000000001,0.6463000000000001,-0.12350000000000705,-0.1432,0.0,0.3795999999999964,0.3795999999999964,20000.0
17899,T33UWP_20000_13,S2A_MSIL2A_20230609T100031_R122_T33UWP_20230609T173715,1000,,0.0,0.0,8.0,0.25,0.0,0.0,0.25,11.75,79.25,0.5,0.0,400,0,0.0,20000.000000000233,20000.000000001863,0.42841267585754395,91.5,,0.0,0.0,0.9885000000000002,0.0499,-0.0605,0.0,0.017499999999999988,-0.1036999999999999,-0.748500000000007,-0.1432,0.0,-0.9954000000000036,0.9954000000000036,20000.0
17871,T33UWP_20000_13,S2A_MSIL2A_20230619T100031_R122_T33UWP_20230619T172742,20,,0.0,0.0086,2.3219,41.4008,2.5817,0.008,0.1919,13.7681,15.4971,24.2219,0.0,1000000,0,0.0,20000.000000000233,20000.000000001863,0.4775087833404541,53.4871,,0.0,0.0,0.0,0.0,0.0,0.0,0.0,0.0,0.0,0.0,0.0,0.0,0.0,20000.0
17877,T33UWP_20000_13,S2A_MSIL2A_20230619T100031_R122_T33UWP_20230619T172742,50,,0.0,0.010625,2.320625,41.41125,2.578125,0.009375,0.183125,13.79375,15.473125,24.22,0.0,160000,0,0.0,20000.000000000233,20000.000000001863,0.3582286834716797,53.486875,,0.0,0.0020250000000000008,-0.001274999999999693,0.010450000000005844,-0.003575000000000106,0.0013749999999999995,-0.008774999999999977,0.02564999999999884,-0.02397500000000008,-0.0019000000000026773,0.0,-0.0002250000000003638,0.010450000000005844,20000.0
17883,T33UWP_20000_13,S2A_MSIL2A_20230619T100031_R122_T33UWP_20230619T172742,100,,0.0,0.015,2.34,41.4325,2.5575,0.01,0.2075,13.8,15.4625,24.175,0.0,40000,0,0.0,20000.000000000233,20000.000000001863,0.37853455543518066,53.4375,,0.0,0.0063999999999999994,0.018100000000000005,0.03170000000000073,-0.0242,0.002,0.015600000000000003,0.03190000000000026,-0.0345999999999993,-0.04690000000000083,0.0,-0.04959999999999809,0.04959999999999809,20000.0
17889,T33UWP_20000_13,S2A_MSIL2A_20230619T100031_R122_T33UWP_20230619T172742,200,,0.0,0.01,2.32,41.13,2.75,0.0,0.23,14.34,15.18,24.04,0.0,10000,0,0.0,20000.000000000233,20000.000000001863,0.37087535858154297,53.56,,0.0,0.0014000000000000002,-0.0019000000000000128,-0.27079999999999416,0.1682999999999999,-0.008,0.03810000000000002,0.5718999999999994,-0.31709999999999994,-0.1819000000000024,0.0,0.07290000000000418,0.27079999999999416,20000.0
17895,T33UWP_20000_13,S2A_MSIL2A_20230619T100031_R122_T33UWP_20230619T172742,500,,0.0,0.0625,2.5625,40.8125,2.125,0.0,0.3125,14.625,15.75,23.75,0.0,1600,0,0.0,20000.000000000233,20000.000000001863,0.7347638607025146,54.125,,0.0,0.0539,0.24060000000000015,-0.5882999999999967,-0.4567000000000001,-0.008,0.12060000000000001,0.8568999999999996,0.25290000000000035,-0.47190000000000154,0.0,0.6379000000000019,0.6379000000000019,20000.0
17901,T33UWP_20000_13,S2A_MSIL2A_20230619T100031_R122_T33UWP_20230619T172742,1000,,0.0,0.0,2.75,40.0,1.5,0.0,0.0,14.25,16.75,24.75,0.0,400,0,0.0,20000.000000000233,20000.000000001863,0.42841267585754395,55.75,,0.0,-0.0086,0.42810000000000015,-1.4007999999999967,-1.0817,-0.008,-0.1919,0.48189999999999955,1.2529000000000003,0.5280999999999985,0.0,2.262900000000002,2.262900000000002,20000.0
17873,T33UWP_20000_13,S2A_MSIL2A_20230629T100031_R122_T33UWP_20230629T191411,20,,0.0,0.0086,1.3266,94.7834,3.1785,0.0093,0.0617,0.5216,0.1079,0.0024,0.0,1000000,0,0.0,20000.000000000233,20000.000000001863,0.4775087833404541,0.6318999999999999,,0.0,0.0,0.0,0.0,0.0,0.0,0.0,0.0,0.0,0.0,0.0,0.0,0.0,20000.0
17879,T33UWP_20000_13,S2A_MSIL2A_20230629T100031_R122_T33UWP_20230629T191411,50,,0.0,0.01,1.319375,94.78875,3.17625,0.010625,0.065,0.520625,0.10875,0.000625,0.0,160000,0,0.0,20000.000000000233,20000.000000001863,0.3582286834716797,0.63,,0.0,0.0014000000000000002,-0.007225000000000037,0.0053499999999928605,-0.0022500000000000853,0.0013250000000000015,0.0033000000000000043,-0.0009749999999999481,0.0008500000000000035,-0.0017749999999999997,0.0,-0.0018999999999999018,0.007225000000000037,20000.0
17885,T33UWP_20000_13,S2A_MSIL2A_20230629T100031_R122_T33UWP_20230629T191411,100,,0.0,0.0025,1.3225,94.8275,3.135,0.01,0.0675,0.535,0.0975,0.0025,0.0,40000,0,0.0,20000.000000000233,20000.000000001863,0.37853455543518066,0.635,,0.0,-0.0060999999999999995,-0.0040999999999999925,0.04410000000000025,-0.043500000000000316,0.000700000000000001,0.0058000000000000065,0.013400000000000079,-0.010399999999999993,0.00010000000000000026,0.0,0.0031000000000001027,0.04410000000000025,20000.0
17891,T33UWP_20000_13,S2A_MSIL2A_20230629T100031_R122_T33UWP_20230629T191411,200,,0.0,0.01,1.33,94.8,3.19,0.01,0.06,0.44,0.16,0.0,0.0,10000,0,0.0,20000.000000000233,20000.000000001863,0.37087535858154297,0.6,,0.0,0.0014000000000000002,0.0034000000000000696,0.01659999999999684,0.011499999999999844,0.000700000000000001,-0.0017000000000000001,-0.08159999999999995,0.05210000000000001,-0.0024,0.0,-0.03189999999999993,0.03189999999999993,20000.0
17897,T33UWP_20000_13,S2A_MSIL2A_20230629T100031_R122_T33UWP_20230629T191411,500,,0.0,0.0,1.4375,94.75,2.9375,0.0,0.0625,0.625,0.1875,0.0,0.0,1600,0,0.0,20000.000000000233,20000.000000001863,0.7347638607025146,0.8125,,0.0,-0.0086,0.1109,-0.03340000000000032,-0.2410000000000001,-0.0093,0.0008000000000000021,0.10340000000000005,0.0796,-0.0024,0.0,0.1806000000000001,0.2410000000000001,20000.0
17903,T33UWP_20000_13,S2A_MSIL2A_20230629T100031_R122_T33UWP_20230629T191411,1000,,0.0,0.0,1.0,95.75,2.5,0.0,0.0,0.5,0.25,0.0,0.0,400,0,0.0,20000.000000000233,20000.000000001863,0.42841267585754395,0.75,,0.0,-0.0086,-0.3266,0.9665999999999997,-0.6785000000000001,-0.0093,-0.0617,-0.021599999999999953,0.1421,-0.0024,0.0,0.1181000000000001,0.9665999999999997,20000.0
17868,T33UWP_20000_13,S2B_MSIL2A_20230604T095559_R122_T33UWP_20230604T174403,20,,0.0,0.0,0.201,3.8444,0.5217,0.0,1.3642,14.0015,75.4948,4.5724,0.0,1000000,0,0.0,20000.000000000233,20000.000000001863,0.4775087833404541,94.06869999999999,,0.0,0.0,0.0,0.0,0.0,0.0,0.0,0.0,0.0,0.0,0.0,0.0,0.0,20000.0
17874,T33UWP_20000_13,S2B_MSIL2A_20230604T095559_R122_T33UWP_20230604T174403,50,,0.0,0.0,0.206875,3.850625,0.505625,0.0,1.36375,13.976875,75.50375,4.5925,0.0,160000,0,0.0,20000.000000000233,20000.000000001863,0.3582286834716797,94.073125,,0.0,0.0,0.005874999999999991,0.006225000000000147,-0.01607500000000006,0.0,-0.00045000000000006146,-0.02462500000000034,0.008949999999998681,0.02010000000000023,0.0,0.004425000000011892,0.01607500000000006,20000.0
17880,T33UWP_20000_13,S2B_MSIL2A_20230604T095559_R122_T33UWP_20230604T174403,100,,0.0,0.0,0.2075,3.845,0.53,0.0,1.3625,13.9775,75.5225,4.555,0.0,40000,0,0.0,20000.000000000233,20000.000000001863,0.37853455543518066,94.055,,0.0,0.0,0.006499999999999978,0.000600000000000378,0.008299999999999974,0.0,-0.0017000000000000348,-0.02400000000000091,0.02769999999999584,-0.017400000000000304,0.0,-0.013699999999985835,0.013699999999985835,20000.0
17886,T33UWP_20000_13,S2B_MSIL2A_20230604T095559_R122_T33UWP_20230604T174403,200,,0.0,0.0,0.16,3.95,0.48,0.0,1.38,14.04,75.24,4.75,0.0,10000,0,0.0,20000.000000000233,20000.000000001863,0.37087535858154297,94.03,,0.0,0.0,-0.04100000000000001,0.10560000000000036,-0.04170000000000007,0.0,0.015799999999999814,0.03849999999999909,-0.254800000000003,0.17759999999999998,0.0,-0.03869999999999152,0.10560000000000036,20000.0
17892,T33UWP_20000_13,S2B_MSIL2A_20230604T095559_R122_T33UWP_20230604T174403,500,,0.0,0.0,0.0,4.0625,0.625,0.0,1.25,12.625,76.5625,4.875,0.0,1600,0,0.0,20000.000000000233,20000.000000001863,0.7347638607025146,94.0625,,0.0,0.0,-0.201,0.21810000000000018,0.10329999999999995,0.0,-0.11420000000000008,-1.3765,1.067700000000002,0.3026,0.0,-0.006199999999992656,0.21810000000000018,20000.0
17898,T33UWP_20000_13,S2B_MSIL2A_20230604T095559_R122_T33UWP_20230604T174403,1000,,0.0,0.0,0.25,3.75,0.5,0.0,1.0,13.25,76.75,4.5,0.0,400,0,0.0,20000.000000000233,20000.000000001863,0.42841267585754395,94.5,,0.0,0.0,0.04899999999999999,-0.09439999999999982,-0.021700000000000053,0.0,-0.3642000000000001,-0.7515000000000001,1.255200000000002,-0.07240000000000002,0.0,0.43130000000000734,0.43130000000000734,20000.0
17870,T33UWP_20000_13,S2B_MSIL2A_20230614T095559_R122_T33UWP_20230614T142248,20,,0.0,0.0036,10.3311,26.0075,3.3023,0.0,1.8322,17.3089,41.0261,0.1883,0.0,1000000,0,0.0,20000.000000000233,20000.000000001863,0.4775087833404541,58.5233,,0.0,0.0,0.0,0.0,0.0,0.0,0.0,0.0,0.0,0.0,0.0,0.0,0.0,20000.0
17876,T33UWP_20000_13,S2B_MSIL2A_20230614T095559_R122_T33UWP_20230614T142248,50,,0.0,0.0025,10.34125,25.993125,3.33125,0.0,1.829375,17.29375,41.0175,0.19125,0.0,160000,0,0.0,20000.000000000233,20000.000000001863,0.3582286834716797,58.5025,,0.0,-0.0010999999999999998,0.010150000000001214,-0.014375000000001137,0.02895000000000003,0.0,-0.0028250000000000774,-0.015150000000001995,-0.008600000000001273,0.002950000000000008,0.0,-0.020800000000001262,0.02895000000000003,20000.0
17882,T33UWP_20000_13,S2B_MSIL2A_20230614T095559_R122_T33UWP_20230614T142248,100,,0.0,0.0025,10.315,26.05,3.295,0.0,1.8475,17.335,40.955,0.2,0.0,40000,0,0.0,20000.000000000233,20000.000000001863,0.37853455543518066,58.49,,0.0,-0.0010999999999999998,-0.01609999999999978,0.042500000000000426,-0.007299999999999862,0.0,0.01529999999999987,0.026099999999999568,-0.07110000000000127,0.011700000000000016,0.0,-0.033299999999997,0.042500000000000426,20000.0
17888,T33UWP_20000_13,S2B_MSIL2A_20230614T095559_R122_T33UWP_20230614T142248,200,,0.0,0.0,10.27,25.74,3.39,0.0,1.83,17.54,41.08,0.15,0.0,10000,0,0.0,20000.000000000233,20000.000000001863,0.37087535858154297,58.769999999999996,,0.0,-0.0036,-0.06109999999999971,-0.26750000000000185,0.08770000000000033,0.0,-0.0021999999999999797,0.23109999999999786,0.05389999999999873,-0.0383,0.0,0.24669999999999703,0.26750000000000185,20000.0
17894,T33UWP_20000_13,S2B_MSIL2A_20230614T095559_R122_T33UWP_20230614T142248,500,,0.0,0.0,11.3125,25.3125,2.3125,0.0,1.5,17.375,42.0,0.1875,0.0,1600,0,0.0,20000.000000000233,20000.000000001863,0.7347638607025146,59.5625,,0.0,-0.0036,0.9814000000000007,-0.6950000000000003,-0.9897999999999998,0.0,-0.33220000000000005,0.06609999999999872,0.9739000000000004,-0.0007999999999999952,0.0,1.039200000000001,1.039200000000001,20000.0
17900,T33UWP_20000_13,S2B_MSIL2A_20230614T095559_R122_T33UWP_20230614T142248,1000,,0.0,0.0,9.5,26.0,1.75,0.0,1.5,18.75,42.0,0.5,0.0,400,0,0.0,20000.000000000233,20000.000000001863,0.42841267585754395,61.25,,0.0,-0.0036,-0.8310999999999993,-0.007500000000000284,-1.5522999999999998,0.0,-0.33220000000000005,1.4410999999999987,0.9739000000000004,0.3117,0.0,2.726700000000001,2.726700000000001,20000.0
17872,T33UWP_20000_13,S2B_MSIL2A_20230624T095559_R122_T33UWP_20230624T142946,20,,0.0,0.0,0.0,0.0,0.0,0.0,0.0,1.1645,98.8351,0.0,0.0004,1000000,0,0.0,20000.000000000233,20000.000000001863,0.4775087833404541,99.9996,,0.0,0.0,0.0,0.0,0.0,0.0,0.0,0.0,0.0,0.0,0.0,0.0,0.0,20000.0
17878,T33UWP_20000_13,S2B_MSIL2A_20230624T095559_R122_T33UWP_20230624T142946,50,,0.0,0.0,0.0,0.0,0.0,0.0,0.0,1.163125,98.83625,0.0,0.000625,160000,0,0.0,20000.000000000233,20000.000000001863,0.3582286834716797,99.999375,,0.0,0.0,0.0,0.0,0.0,0.0,0.0,-0.0013750000000001261,0.0011500000000097543,0.0,0.000225,-0.0002250000000003638,0.0002250000000003638,20000.0
17884,T33UWP_20000_13,S2B_MSIL2A_20230624T095559_R122_T33UWP_20230624T142946,100,,0.0,0.0,0.0,0.0,0.0,0.0,0.0,1.1325,98.8675,0.0,0.0,40000,0,0.0,20000.000000000233,20000.000000001863,0.37853455543518066,100.0,,0.0,0.0,0.0,0.0,0.0,0.0,0.0,-0.03200000000000003,0.032400000000009754,0.0,-0.0004,0.00039999999999906777,0.0004,20000.0
17890,T33UWP_20000_13,S2B_MSIL2A_20230624T095559_R122_T33UWP_20230624T142946,200,,0.0,0.0,0.0,0.0,0.0,0.0,0.0,1.17,98.83,0.0,0.0,10000,0,0.0,20000.000000000233,20000.000000001863,0.37087535858154297,100.0,,0.0,0.0,0.0,0.0,0.0,0.0,0.0,0.005499999999999838,-0.005099999999998772,0.0,-0.0004,0.00039999999999906777,0.0004,20000.0
17896,T33UWP_20000_13,S2B_MSIL2A_20230624T095559_R122_T33UWP_20230624T142946,500,,0.0,0.0,0.0,0.0,0.0,0.0,0.0,0.8125,99.1875,0.0,0.0,1600,0,0.0,20000.000000000233,20000.000000001863,0.7347638607025146,100.0,,0.0,0.0,0.0,0.0,0.0,0.0,0.0,-0.3520000000000001,0.35240000000000293,0.0,-0.0004,0.00039999999999906777,0.0004,20000.0
17902,T33UWP_20000_13,S2B_MSIL2A_20230624T095559_R122_T33UWP_20230624T142946,1000,,0.0,0.0,0.0,0.0,0.0,0.0,0.0,1.25,98.75,0.0,0.0,400,0,0.0,20000.000000000233,20000.000000001863,0.42841267585754395,100.0,,0.0,0.0,0.0,0.0,0.0,0.0,0.0,0.08549999999999991,-0.08509999999999707,0.0,-0.0004,0.00039999999999906777,0.0004,20000.0
17905,T33UWP_20000_14,S2A_MSIL2A_20230609T100031_R122_T33UWP_20230609T173715,20,,0.0,0.0,0.5946,0.0,0.0,0.0,0.004,27.298,68.5616,3.5418,0.0,1000000,0,0.0,20000.000000000233,20000.0,0.5099554061889648,99.4014,,0.0,0.0,0.0,0.0,0.0,0.0,0.0,0.0,0.0,0.0,0.0,0.0,0.0,20000.0
17911,T33UWP_20000_14,S2A_MSIL2A_20230609T100031_R122_T33UWP_20230609T173715,50,,0.0,0.0,0.59375,0.0,0.0,0.0,0.005625,27.29,68.555,3.555625,0.0,160000,0,0.0,20000.000000000233,20000.0,0.4036264419555664,99.400625,,0.0,0.0,-0.0008500000000000174,0.0,0.0,0.0,0.0016249999999999997,-0.007999999999999119,-0.006599999999991724,0.013825000000000198,0.0,-0.0007749999999902002,0.0016249999999999997,20000.0
17917,T33UWP_20000_14,S2A_MSIL2A_20230609T100031_R122_T33UWP_20230609T173715,100,,0.0,0.0,0.58,0.0,0.0,0.0,0.005,27.3,68.5875,3.5275,0.0,40000,0,0.0,20000.000000000233,20000.0,0.41690850257873535,99.415,,0.0,0.0,-0.014600000000000057,0.0,0.0,0.0,0.001,0.0020000000000024443,0.02590000000000714,-0.01429999999999998,0.0,0.013600000000010937,0.014600000000000057,20000.0
17923,T33UWP_20000_14,S2A_MSIL2A_20230609T100031_R122_T33UWP_20230609T173715,200,,0.0,0.0,0.56,0.0,0.0,0.0,0.0,27.77,68.27,3.4,0.0,10000,0,0.0,20000.000000000233,20000.0,0.3804032802581787,99.44,,0.0,0.0,-0.034599999999999964,0.0,0.0,0.0,-0.004,0.4720000000000013,-0.2916000000000025,-0.14179999999999993,0.0,0.03860000000000241,0.03860000000000241,20000.0
17929,T33UWP_20000_14,S2A_MSIL2A_20230609T100031_R122_T33UWP_20230609T173715,500,,0.0,0.0,1.0625,0.0,0.0,0.0,0.0,27.375,68.75,2.8125,0.0,1600,0,0.0,20000.000000000233,20000.0,0.4526636600494385,98.9375,,0.0,0.0,0.4679,0.0,0.0,0.0,-0.004,0.07700000000000173,0.18840000000000146,-0.7292999999999998,0.0,-0.4638999999999953,0.4679,20000.0
17935,T33UWP_20000_14,S2A_MSIL2A_20230609T100031_R122_T33UWP_20230609T173715,1000,,0.0,0.0,1.0,0.0,0.0,0.0,0.0,26.0,68.5,4.5,0.0,400,0,0.0,20000.000000000233,20000.0,0.40255093574523926,99.0,,0.0,0.0,0.4054,0.0,0.0,0.0,-0.004,-1.2979999999999983,-0.061599999999998545,0.9582000000000002,0.0,-0.4013999999999953,0.4054,20000.0
17907,T33UWP_20000_14,S2A_MSIL2A_20230619T100031_R122_T33UWP_20230619T172742,20,,0.0,0.019,0.0175,76.5066,21.1273,0.1228,0.2968,0.0018,0.0001,1.9081,0.0,1000000,0,0.0,20000.000000000233,20000.0,0.5099554061889648,1.91,,0.0,0.0,0.0,0.0,0.0,0.0,0.0,0.0,0.0,0.0,0.0,0.0,0.0,20000.0
17913,T33UWP_20000_14,S2A_MSIL2A_20230619T100031_R122_T33UWP_20230619T172742,50,,0.0,0.02125,0.01875,76.51125,21.1275,0.120625,0.28625,0.0025,0.0,1.911875,0.0,160000,0,0.0,20000.000000000233,20000.0,0.4036264419555664,1.914375,,0.0,0.002250000000000002,0.0012499999999999976,0.004649999999998045,0.00019999999999953388,-0.0021750000000000103,-0.010550000000000004,0.0007000000000000001,-0.0001,0.003775000000000084,0.0,0.004375000000000018,0.010550000000000004,20000.0
17919,T33UWP_20000_14,S2A_MSIL2A_20230619T100031_R122_T33UWP_20230619T172742,100,,0.0,0.0225,0.02,76.6,21.065,0.125,0.275,0.0,0.0,1.8925,0.0,40000,0,0.0,20000.000000000233,20000.0,0.41690850257873535,1.8925,,0.0,0.0034999999999999996,0.0024999999999999988,0.09339999999998838,-0.062300000000000466,0.0021999999999999936,-0.021799999999999986,-0.0018,-0.0001,-0.015599999999999836,0.0,-0.01749999999999985,0.09339999999998838,20000.0
17925,T33UWP_20000_14,S2A_MSIL2A_20230619T100031_R122_T33UWP_20230619T172742,200,,0.0,0.01,0.01,76.34,21.25,0.09,0.32,0.01,0.0,1.97,0.0,10000,0,0.0,20000.000000000233,20000.0,0.3804032802581787,1.98,,0.0,-0.009,-0.0075000000000000015,-0.16660000000000252,0.12269999999999825,-0.03280000000000001,0.0232,0.0082,-0.0001,0.061900000000000066,0.0,0.07000000000000006,0.16660000000000252,20000.0
17931,T33UWP_20000_14,S2A_MSIL2A_20230619T100031_R122_T33UWP_20230619T172742,500,,0.0,0.0,0.0,76.1875,21.4375,0.125,0.3125,0.0,0.0,1.9375,0.0,1600,0,0.0,20000.000000000233,20000.0,0.4526636600494385,1.9375,,0.0,-0.019,-0.0175,-0.31910000000000593,0.31019999999999825,0.0021999999999999936,0.015699999999999992,-0.0018,-0.0001,0.029400000000000093,0.0,0.02750000000000008,0.31910000000000593,20000.0
17937,T33UWP_20000_14,S2A_MSIL2A_20230619T100031_R122_T33UWP_20230619T172742,1000,,0.0,0.0,0.0,73.75,24.25,0.0,0.0,0.0,0.0,2.0,0.0,400,0,0.0,20000.000000000233,20000.0,0.40255093574523926,2.0,,0.0,-0.019,-0.0175,-2.756600000000006,3.1226999999999983,-0.1228,-0.2968,-0.0018,-0.0001,0.09190000000000009,0.0,0.09000000000000008,3.1226999999999983,20000.0
17909,T33UWP_20000_14,S2A_MSIL2A_20230629T100031_R122_T33UWP_20230629T191411,20,,0.0,0.0023000023000023,0.7644007644007644,86.54988654988655,12.027712027712028,0.1252001252001252,0.0811000811000811,0.3556003556003556,0.0844000844000844,0.0094000094000094,0.0,1000000,1,0.0001,20000.000000000233,20000.0,0.5099554061889648,0.4494004494004494,,0.0,0.0,0.0,0.0,0.0,0.0,0.0,0.0,0.0,0.0,0.0,0.0,0.0,20000.0
17915,T33UWP_20000_14,S2A_MSIL2A_20230629T100031_R122_T33UWP_20230629T191411,50,,0.0,0.001875,0.761875,86.55,12.03625,0.124375,0.08625,0.33875,0.091875,0.00875,0.0,160000,0,0.0,20000.000000000233,20000.0,0.4036264419555664,0.43937499999999996,,0.0,-0.0004250023000023002,-0.002525764400764463,0.00011345011344587874,0.008537972287973261,-0.0008251252001251902,0.005149918899918893,-0.016850355600355582,0.007474915599915602,-0.0006500094000093989,0.0,-0.010025449400449415,0.010025449400449415,20000.0
17921,T33UWP_20000_14,S2A_MSIL2A_20230629T100031_R122_T33UWP_20230629T191411,100,,0.0,0.005,0.745,86.565,12.045,0.1325,0.0825,0.33,0.085,0.01,0.0,40000,0,0.0,20000.000000000233,20000.0,0.41690850257873535,0.42500000000000004,,0.0,0.0026999976999977,-0.019400764400764436,0.015113450113446447,0.01728797228797241,0.007299874799874817,0.0013999188999189033,-0.025600355600355562,0.0005999155999156097,0.0005999905999906005,0.0,-0.02440044940044933,0.02440044940044933,20000.0
17927,T33UWP_20000_14,S2A_MSIL2A_20230629T100031_R122_T33UWP_20230629T191411,200,,0.0,0.0,0.75,86.62,12.03,0.09,0.13,0.32,0.04,0.02,0.0,10000,0,0.0,20000.000000000233,20000.0,0.3804032802581787,0.38,,0.0,-0.0023000023000023,-0.014400764400764432,0.07011345011345327,0.00228797228797184,-0.03520012520012519,0.048899918899918904,-0.03560035560035557,-0.044400084400084396,0.0105999905999906,0.0,-0.06940044940044937,0.07011345011345327,20000.0
17933,T33UWP_20000_14,S2A_MSIL2A_20230629T100031_R122_T33UWP_20230629T191411,500,,0.0,0.0,0.75,86.75,12.0,0.0625,0.0625,0.3125,0.0625,0.0,0.0,1600,0,0.0,20000.000000000233,20000.0,0.4526636600494385,0.375,,0.0,-0.0023000023000023,-0.014400764400764432,0.20011345011344872,-0.02771202771202752,-0.06270012520012519,-0.0186000811000811,-0.04310035560035558,-0.021900084400084396,-0.0094000094000094,0.0,-0.07440044940044938,0.20011345011344872,20000.0
17939,T33UWP_20000_14,S2A_MSIL2A_20230629T100031_R122_T33UWP_20230629T191411,1000,,0.0,0.0,0.75,86.25,12.75,0.0,0.0,0.25,0.0,0.0,0.0,400,0,0.0,20000.000000000233,20000.0,0.40255093574523926,0.25,,0.0,-0.0023000023000023,-0.014400764400764432,-0.2998865498865513,0.7222879722879725,-0.1252001252001252,-0.0811000811000811,-0.10560035560035558,-0.0844000844000844,-0.0094000094000094,0.0,-0.19940044940044938,0.7222879722879725,20000.0
17904,T33UWP_20000_14,S2B_MSIL2A_20230604T095559_R122_T33UWP_20230604T174403,20,,0.0,0.0012,1.2799,30.6141,26.4803,0.0729,4.1835,14.5575,11.2531,11.5575,0.0,1000000,0,0.0,20000.000000000233,20000.0,0.5099554061889648,37.3681,,0.0,0.0,0.0,0.0,0.0,0.0,0.0,0.0,0.0,0.0,0.0,0.0,0.0,20000.0
17910,T33UWP_20000_14,S2B_MSIL2A_20230604T095559_R122_T33UWP_20230604T174403,50,,0.0,0.00125,1.283125,30.628125,26.46375,0.071875,4.163125,14.58375,11.248125,11.556875,0.0,160000,0,0.0,20000.000000000233,20000.0,0.4036264419555664,37.38875,,0.0,5.000000000000013e-05,0.0032250000000000334,0.014025000000000176,-0.016549999999998732,-0.001025000000000012,-0.020375000000000476,0.026250000000000995,-0.004974999999999952,-0.0006249999999994316,0.0,0.020650000000003388,0.020650000000003388,20000.0
17916,T33UWP_20000_14,S2B_MSIL2A_20230604T095559_R122_T33UWP_20230604T174403,100,,0.0,0.0025,1.2725,30.7375,26.39,0.075,4.1275,14.565,11.245,11.585,0.0,40000,0,0.0,20000.000000000233,20000.0,0.41690850257873535,37.394999999999996,,0.0,0.0013000000000000002,-0.007400000000000073,0.12340000000000018,-0.09029999999999916,0.0020999999999999908,-0.05600000000000005,0.007500000000000284,-0.008100000000000662,0.027500000000001634,0.0,0.026899999999997704,0.12340000000000018,20000.0
17922,T33UWP_20000_14,S2B_MSIL2A_20230604T095559_R122_T33UWP_20230604T174403,200,,0.0,0.0,1.28,30.97,26.07,0.06,4.22,14.67,11.45,11.28,0.0,10000,0,0.0,20000.000000000233,20000.0,0.3804032802581787,37.4,,0.0,-0.0012,9.999999999998899e-05,0.35589999999999833,-0.41029999999999944,-0.012900000000000009,0.03649999999999931,0.11250000000000071,0.1968999999999994,-0.27749999999999986,0.0,0.03190000000000026,0.41029999999999944,20000.0
17928,T33UWP_20000_14,S2B_MSIL2A_20230604T095559_R122_T33UWP_20230604T174403,500,,0.0,0.0,1.5625,28.625,27.125,0.0,4.3125,15.5,12.625,10.25,0.0,1600,0,0.0,20000.000000000233,20000.0,0.4526636600494385,38.375,,0.0,-0.0012,0.28259999999999996,-1.9891000000000005,0.6447000000000003,-0.0729,0.12899999999999956,0.9425000000000008,1.3719000000000001,-1.3074999999999992,0.0,1.0069000000000017,1.9891000000000005,20000.0
17934,T33UWP_20000_14,S2B_MSIL2A_20230604T095559_R122_T33UWP_20230604T174403,1000,,0.0,0.0,0.5,30.0,25.75,0.0,4.75,17.5,11.5,10.0,0.0,400,0,0.0,20000.000000000233,20000.0,0.40255093574523926,39.0,,0.0,-0.0012,-0.7799,-0.6141000000000005,-0.7302999999999997,-0.0729,0.5664999999999996,2.942500000000001,0.24690000000000012,-1.5574999999999992,0.0,1.6319000000000017,1.6319000000000017,20000.0
17906,T33UWP_20000_14,S2B_MSIL2A_20230614T095559_R122_T33UWP_20230614T142248,20,,0.0,0.0074,4.5984,60.6297,28.6787,0.1284,0.3297,3.4256,2.1815,0.0206,0.0,1000000,0,0.0,20000.000000000233,20000.0,0.5099554061889648,5.627700000000001,,0.0,0.0,0.0,0.0,0.0,0.0,0.0,0.0,0.0,0.0,0.0,0.0,0.0,20000.0
17912,T33UWP_20000_14,S2B_MSIL2A_20230614T095559_R122_T33UWP_20230614T142248,50,,0.0,0.00875,4.58375,60.634375,28.68875,0.130625,0.334375,3.430625,2.16875,0.02,0.0,160000,0,0.0,20000.000000000233,20000.0,0.4036264419555664,5.619375,,0.0,0.0013500000000000005,-0.014649999999999608,0.0046749999999988745,0.01004999999999967,0.0022250000000000048,0.004674999999999985,0.005024999999999835,-0.012750000000000039,-0.0005999999999999998,0.0,-0.008325000000001026,0.014649999999999608,20000.0
17918,T33UWP_20000_14,S2B_MSIL2A_20230614T095559_R122_T33UWP_20230614T142248,100,,0.0,0.01,4.55,60.7275,28.5525,0.1425,0.3625,3.4675,2.1725,0.015,0.0,40000,0,0.0,20000.000000000233,20000.0,0.41690850257873535,5.654999999999999,,0.0,0.0026,-0.0484,0.09779999999999944,-0.12620000000000076,0.014100000000000001,0.032799999999999996,0.041899999999999604,-0.009000000000000341,-0.005600000000000001,0.0,0.027299999999998548,0.12620000000000076,20000.0
17924,T33UWP_20000_14,S2B_MSIL2A_20230614T095559_R122_T33UWP_20230614T142248,200,,0.0,0.0,4.62,60.56,28.8,0.1,0.37,3.36,2.16,0.03,0.0,10000,0,0.0,20000.000000000233,20000.0,0.3804032802581787,5.55,,0.0,-0.0074,0.021600000000000286,-0.06969999999999743,0.12130000000000152,-0.02839999999999998,0.0403,-0.06560000000000032,-0.021500000000000075,0.009399999999999999,0.0,-0.07770000000000099,0.12130000000000152,20000.0
17930,T33UWP_20000_14,S2B_MSIL2A_20230614T095559_R122_T33UWP_20230614T142248,500,,0.0,0.0,4.375,59.8125,29.6875,0.0625,0.25,3.4375,2.375,0.0,0.0,1600,0,0.0,20000.000000000233,20000.0,0.4526636600494385,5.8125,,0.0,-0.0074,-0.22339999999999982,-0.8171999999999997,1.0088000000000008,-0.06589999999999999,-0.0797,0.0118999999999998,0.19349999999999978,-0.0206,0.0,0.1847999999999992,1.0088000000000008,20000.0
17936,T33UWP_20000_14,S2B_MSIL2A_20230614T095559_R122_T33UWP_20230614T142248,1000,,0.0,0.0,5.25,59.5,28.25,0.0,0.25,5.25,1.5,0.0,0.0,400,0,0.0,20000.000000000233,20000.0,0.40255093574523926,6.75,,0.0,-0.0074,0.6516000000000002,-1.1296999999999997,-0.4286999999999992,-0.1284,-0.0797,1.8243999999999998,-0.6815000000000002,-0.0206,0.0,1.1222999999999992,1.1296999999999997,20000.0
17908,T33UWP_20000_14,S2B_MSIL2A_20230624T095559_R122_T33UWP_20230624T142946,20,,0.0,0.0,0.0816,0.0,0.0,0.0,0.0,1.0192,98.8968,0.0,0.0024,1000000,0,0.0,20000.000000000233,20000.0,0.5099554061889648,99.916,,0.0,0.0,0.0,0.0,0.0,0.0,0.0,0.0,0.0,0.0,0.0,0.0,0.0,20000.0
17914,T33UWP_20000_14,S2B_MSIL2A_20230624T095559_R122_T33UWP_20230624T142946,50,,0.0,0.0,0.08125,0.0,0.0,0.0,0.0,1.0175,98.899375,0.0,0.001875,160000,0,0.0,20000.000000000233,20000.0,0.4036264419555664,99.916875,,0.0,0.0,-0.0003500000000000031,0.0,0.0,0.0,0.0,-0.0017000000000000348,0.0025750000000073214,0.0,-0.0005249999999999999,0.0008750000000077307,0.0008750000000077307,20000.0
17920,T33UWP_20000_14,S2B_MSIL2A_20230624T095559_R122_T33UWP_20230624T142946,100,,0.0,0.0,0.085,0.0,0.0,0.0,0.0,1.0,98.9125,0.0,0.0025,40000,0,0.0,20000.000000000233,20000.0,0.41690850257873535,99.9125,,0.0,0.0,0.0034000000000000002,0.0,0.0,0.0,0.0,-0.019200000000000106,0.015699999999995384,0.0,0.00010000000000000026,-0.003500000000002501,0.003500000000002501,20000.0
17926,T33UWP_20000_14,S2B_MSIL2A_20230624T095559_R122_T33UWP_20230624T142946,200,,0.0,0.0,0.06,0.0,0.0,0.0,0.0,1.09,98.84,0.0,0.01,10000,0,0.0,20000.000000000233,20000.0,0.3804032802581787,99.93,,0.0,0.0,-0.021600000000000008,0.0,0.0,0.0,0.0,0.07079999999999997,-0.05679999999999552,0.0,0.007600000000000001,0.014000000000010004,0.021600000000000008,20000.0
17932,T33UWP_20000_14,S2B_MSIL2A_20230624T095559_R122_T33UWP_20230624T142946,500,,0.0,0.0,0.0,0.0,0.0,0.0,0.0,1.25,98.75,0.0,0.0,1600,0,0.0,20000.000000000233,20000.0,0.4526636600494385,100.0,,0.0,0.0,-0.0816,0.0,0.0,0.0,0.0,0.2307999999999999,-0.14679999999999893,0.0,-0.0024,0.08400000000000318,0.08400000000000318,20000.0
17938,T33UWP_20000_14,S2B_MSIL2A_20230624T095559_R122_T33UWP_20230624T142946,1000,,0.0,0.0,0.0,0.0,0.0,0.0,0.0,1.25,98.75,0.0,0.0,400,0,0.0,20000.000000000233,20000.0,0.40255093574523926,100.0,,0.0,0.0,-0.0816,0.0,0.0,0.0,0.0,0.2307999999999999,-0.14679999999999893,0.0,-0.0024,0.08400000000000318,0.08400000000000318,20000.0
17941,T33UWP_20000_15,S2A_MSIL2A_20230609T100031_R122_T33UWP_20230609T173715,20,,0.0,0.0,0.2455,0.305,0.0297,0.0,0.0089,38.7667,51.1738,9.4704,0.0,1000000,0,0.0,20000.000000000233,20000.0,0.48557567596435547,99.4109,,0.0,0.0,0.0,0.0,0.0,0.0,0.0,0.0,0.0,0.0,0.0,0.0,0.0,20000.0
17947,T33UWP_20000_15,S2A_MSIL2A_20230609T100031_R122_T33UWP_20230609T173715,50,,0.0,0.0,0.24625,0.305625,0.03,0.0,0.006875,38.754375,51.183125,9.47375,0.0,160000,0,0.0,20000.000000000233,20000.0,0.36260557174682617,99.41125,,0.0,0.0,0.0007500000000000007,0.0006249999999999867,0.0002999999999999982,0.0,-0.002025,-0.012324999999997033,0.009324999999996919,0.0033500000000010743,0.0,0.00034999999999740794,0.002025,20000.0
17953,T33UWP_20000_15,S2A_MSIL2A_20230609T100031_R122_T33UWP_20230609T173715,100,,0.0,0.0,0.24,0.315,0.03,0.0,0.005,38.8025,51.135,9.4725,0.0,40000,0,0.0,20000.000000000233,20000.0,0.3621251583099365,99.41,,0.0,0.0,-0.005500000000000005,0.010000000000000009,0.0002999999999999982,0.0,-0.0039,0.03580000000000183,-0.038800000000001944,0.002100000000000435,0.0,-0.0009000000000014552,0.010000000000000009,20000.0
17959,T33UWP_20000_15,S2A_MSIL2A_20230609T100031_R122_T33UWP_20230609T173715,200,,0.0,0.0,0.23,0.31,0.03,0.0,0.0,38.53,51.53,9.37,0.0,10000,0,0.0,20000.000000000233,20000.0,0.3379380702972412,99.43,,0.0,0.0,-0.015499999999999986,0.0050000000000000044,0.0002999999999999982,0.0,-0.0089,-0.23669999999999902,0.3562000000000012,-0.10040000000000049,0.0,0.019100000000008777,0.019100000000008777,20000.0
17965,T33UWP_20000_15,S2A_MSIL2A_20230609T100031_R122_T33UWP_20230609T173715,500,,0.0,0.0,0.1875,0.25,0.0625,0.0,0.0,39.8125,50.375,9.3125,0.0,1600,0,0.0,20000.000000000233,20000.0,0.4397752285003662,99.5,,0.0,0.0,-0.057999999999999996,-0.05499999999999999,0.032799999999999996,0.0,-0.0089,1.0457999999999998,-0.7988,-0.1578999999999997,0.0,0.08910000000000196,0.08910000000000196,20000.0
17971,T33UWP_20000_15,S2A_MSIL2A_20230609T100031_R122_T33UWP_20230609T173715,1000,,0.0,0.0,0.0,0.5,0.0,0.0,0.0,39.0,51.5,9.0,0.0,400,0,0.0,20000.000000000233,20000.0,0.40369701385498047,99.5,,0.0,0.0,-0.2455,0.195,-0.0297,0.0,-0.0089,0.23329999999999984,0.32620000000000005,-0.4703999999999997,0.0,0.08910000000000196,0.2455,20000.0
17943,T33UWP_20000_15,S2A_MSIL2A_20230619T100031_R122_T33UWP_20230619T172742,20,,0.0,0.0684,0.0,84.6693,11.6594,2.2443,0.3411,0.0029,0.0,1.0146,0.0,1000000,0,0.0,20000.000000000233,20000.0,0.48557567596435547,1.0174999999999998,,0.0,0.0,0.0,0.0,0.0,0.0,0.0,0.0,0.0,0.0,0.0,0.0,0.0,20000.0
17949,T33UWP_20000_15,S2A_MSIL2A_20230619T100031_R122_T33UWP_20230619T172742,50,,0.0,0.065625,0.0,84.6875,11.646875,2.248125,0.333125,0.003125,0.0,1.015625,0.0,160000,0,0.0,20000.000000000233,20000.0,0.36260557174682617,1.01875,,0.0,-0.0027749999999999997,0.0,0.01819999999999311,-0.01252500000000012,0.0038249999999999673,-0.00797500000000001,0.00022500000000000037,0.0,0.0010250000000000536,0.0,0.0012500000000001954,0.01819999999999311,20000.0
17955,T33UWP_20000_15,S2A_MSIL2A_20230619T100031_R122_T33UWP_20230619T172742,100,,0.0,0.0625,0.0,84.9675,11.385,2.235,0.3375,0.005,0.0,1.0075,0.0,40000,0,0.0,20000.000000000233,20000.0,0.3621251583099365,1.0125,,0.0,-0.0059000000000000025,0.0,0.29819999999999425,-0.2744,-0.009300000000000086,-0.003599999999999992,0.0021000000000000003,0.0,-0.007099999999999884,0.0,-0.004999999999999893,0.29819999999999425,20000.0
17961,T33UWP_20000_15,S2A_MSIL2A_20230619T100031_R122_T33UWP_20230619T172742,200,,0.0,0.11,0.0,84.65,11.7,2.23,0.31,0.0,0.0,1.0,0.0,10000,0,0.0,20000.000000000233,20000.0,0.3379380702972412,1.0,,0.0,0.0416,0.0,-0.019300000000001205,0.040599999999999525,-0.01429999999999998,-0.031100000000000017,-0.0029,0.0,-0.014599999999999946,0.0,-0.01749999999999985,0.0416,20000.0
17967,T33UWP_20000_15,S2A_MSIL2A_20230619T100031_R122_T33UWP_20230619T172742,500,,0.0,0.0625,0.0,84.5625,11.8125,2.0625,0.5,0.0,0.0,1.0,0.0,1600,0,0.0,20000.000000000233,20000.0,0.4397752285003662,1.0,,0.0,-0.0059000000000000025,0.0,-0.10680000000000689,0.15310000000000024,-0.18179999999999996,0.15889999999999999,-0.0029,0.0,-0.014599999999999946,0.0,-0.01749999999999985,0.18179999999999996,20000.0
17973,T33UWP_20000_15,S2A_MSIL2A_20230619T100031_R122_T33UWP_20230619T172742,1000,,0.0,0.25,0.0,83.5,13.75,1.75,0.25,0.0,0.0,0.5,0.0,400,0,0.0,20000.000000000233,20000.0,0.40369701385498047,0.5,,0.0,0.18159999999999998,0.0,-1.169300000000007,2.0906000000000002,-0.49429999999999996,-0.09110000000000001,-0.0029,0.0,-0.5146,0.0,-0.5174999999999998,2.0906000000000002,20000.0
17945,T33UWP_20000_15,S2A_MSIL2A_20230629T100031_R122_T33UWP_20230629T191411,20,,0.0,0.0335,6.1268,70.703,8.2566,2.2589,0.4016,6.6357,5.4894,0.0945,0.0,1000000,0,0.0,20000.000000000233,20000.0,0.48557567596435547,12.2196,,0.0,0.0,0.0,0.0,0.0,0.0,0.0,0.0,0.0,0.0,0.0,0.0,0.0,20000.0
17951,T33UWP_20000_15,S2A_MSIL2A_20230629T100031_R122_T33UWP_20230629T191411,50,,0.0,0.03,6.14375,70.705,8.244375,2.260625,0.400625,6.636875,5.48375,0.095,0.0,160000,0,0.0,20000.000000000233,20000.0,0.36260557174682617,12.215625000000001,,0.0,-0.003500000000000003,0.016949999999999577,0.001999999999995339,-0.012225000000000819,0.0017249999999999766,-0.0009750000000000036,0.001174999999999926,-0.005650000000000155,0.0005000000000000004,0.0,-0.0039749999999987295,0.016949999999999577,20000.0
17957,T33UWP_20000_15,S2A_MSIL2A_20230629T100031_R122_T33UWP_20230629T191411,100,,0.0,0.0275,6.17,70.9,7.995,2.2825,0.4175,6.61,5.5,0.0975,0.0,40000,0,0.0,20000.000000000233,20000.0,0.3621251583099365,12.2075,,0.0,-0.006000000000000002,0.04319999999999968,0.19700000000000273,-0.2616000000000005,0.023600000000000065,0.01589999999999997,-0.025699999999999612,0.010600000000000165,0.0030000000000000027,0.0,-0.012100000000000222,0.2616000000000005,20000.0
17963,T33UWP_20000_15,S2A_MSIL2A_20230629T100031_R122_T33UWP_20230629T191411,200,,0.0,0.04,6.01,70.94,8.26,2.26,0.4,6.58,5.46,0.05,0.0,10000,0,0.0,20000.000000000233,20000.0,0.3379380702972412,12.09,,0.0,0.006499999999999999,-0.11680000000000046,0.23699999999999477,0.0033999999999991815,0.0010999999999996568,-0.0015999999999999903,-0.05569999999999986,-0.02939999999999987,-0.0445,0.0,-0.12959999999999994,0.23699999999999477,20000.0
17969,T33UWP_20000_15,S2A_MSIL2A_20230629T100031_R122_T33UWP_20230629T191411,500,,0.0,0.0625,4.9375,71.9375,8.3125,2.125,0.6875,6.5625,5.3125,0.0625,0.0,1600,0,0.0,20000.000000000233,20000.0,0.4397752285003662,11.9375,,0.0,0.028999999999999998,-1.1893000000000002,1.234499999999997,0.055899999999999395,-0.13390000000000013,0.2859,-0.07319999999999993,-0.17689999999999984,-0.032,0.0,-0.2820999999999998,1.234499999999997,20000.0
17975,T33UWP_20000_15,S2A_MSIL2A_20230629T100031_R122_T33UWP_20230629T191411,1000,,0.0,0.25,6.25,69.75,8.75,1.75,0.75,8.0,4.25,0.25,0.0,400,0,0.0,20000.000000000233,20000.0,0.40369701385498047,12.5,,0.0,0.2165,0.12319999999999975,-0.953000000000003,0.4933999999999994,-0.5089000000000001,0.3484,1.3643,-1.2393999999999998,0.1555,0.0,0.2804000000000002,0.953000000000003,20000.0
17940,T33UWP_20000_15,S2B_MSIL2A_20230604T095559_R122_T33UWP_20230604T174403,20,,0.0,0.035,0.928,39.1594,12.9874,1.7203,1.3042,6.6475,4.8755,32.3427,0.0,1000000,0,0.0,20000.000000000233,20000.0,0.48557567596435547,43.865700000000004,,0.0,0.0,0.0,0.0,0.0,0.0,0.0,0.0,0.0,0.0,0.0,0.0,0.0,20000.0
17946,T33UWP_20000_15,S2B_MSIL2A_20230604T095559_R122_T33UWP_20230604T174403,50,,0.0,0.029375,0.931875,39.19625,12.950625,1.710625,1.2875,6.66,4.8625,32.37125,0.0,160000,0,0.0,20000.000000000233,20000.0,0.36260557174682617,43.893750000000004,,0.0,-0.005625000000000005,0.003874999999999962,0.03685000000000116,-0.03677499999999867,-0.009674999999999878,-0.016699999999999937,0.012500000000000178,-0.0129999999999999,0.02855000000000274,0.0,0.028050000000000352,0.03685000000000116,20000.0
17952,T33UWP_20000_15,S2B_MSIL2A_20230604T095559_R122_T33UWP_20230604T174403,100,,0.0,0.0275,0.89,39.38,12.8025,1.7225,1.3075,6.605,4.8575,32.4075,0.0,40000,0,0.0,20000.000000000233,20000.0,0.3621251583099365,43.87,,0.0,-0.007500000000000003,-0.038000000000000034,0.22060000000000457,-0.18489999999999895,0.0021999999999999797,0.0033000000000000806,-0.04249999999999954,-0.017999999999999794,0.06479999999999819,0.0,0.004299999999993531,0.22060000000000457,20000.0
17958,T33UWP_20000_15,S2B_MSIL2A_20230604T095559_R122_T33UWP_20230604T174403,200,,0.0,0.08,0.96,38.84,13.37,1.66,1.36,6.48,4.93,32.32,0.0,10000,0,0.0,20000.000000000233,20000.0,0.3379380702972412,43.730000000000004,,0.0,0.045,0.03199999999999992,-0.3193999999999946,0.38260000000000005,-0.06030000000000002,0.05580000000000007,-0.16749999999999954,0.05449999999999999,-0.022700000000000387,0.0,-0.13569999999999993,0.38260000000000005,20000.0
17964,T33UWP_20000_15,S2B_MSIL2A_20230604T095559_R122_T33UWP_20230604T174403,500,,0.0,0.0,1.0625,40.6875,12.75,1.5625,1.5625,6.625,4.0,31.75,0.0,1600,0,0.0,20000.000000000233,20000.0,0.4397752285003662,42.375,,0.0,-0.035,0.13449999999999995,1.528100000000002,-0.23739999999999917,-0.15779999999999994,0.2583,-0.022499999999999964,-0.8754999999999997,-0.5927000000000007,0.0,-1.490700000000004,1.528100000000002,20000.0
17970,T33UWP_20000_15,S2B_MSIL2A_20230604T095559_R122_T33UWP_20230604T174403,1000,,0.0,0.0,1.0,36.75,16.0,1.75,1.25,6.5,3.75,33.0,0.0,400,0,0.0,20000.000000000233,20000.0,0.40369701385498047,43.25,,0.0,-0.035,0.07199999999999995,-2.409399999999998,3.012600000000001,0.02970000000000006,-0.054200000000000026,-0.14749999999999996,-1.1254999999999997,0.6572999999999993,0.0,-0.6157000000000039,3.012600000000001,20000.0
17942,T33UWP_20000_15,S2B_MSIL2A_20230614T095559_R122_T33UWP_20230614T142248,20,,0.0,0.0579,1.4774,80.8048,14.0668,2.2503,0.3674,0.6757,0.2902,0.0095,0.0,1000000,0,0.0,20000.000000000233,20000.0,0.48557567596435547,0.9753999999999999,,0.0,0.0,0.0,0.0,0.0,0.0,0.0,0.0,0.0,0.0,0.0,0.0,0.0,20000.0
17948,T33UWP_20000_15,S2B_MSIL2A_20230614T095559_R122_T33UWP_20230614T142248,50,,0.0,0.050625,1.470625,80.854375,14.0375,2.25375,0.363125,0.66625,0.29375,0.01,0.0,160000,0,0.0,20000.000000000233,20000.0,0.36260557174682617,0.97,,0.0,-0.007274999999999997,-0.0067749999999999755,0.049575000000004366,-0.029300000000000992,0.003449999999999953,-0.004275000000000029,-0.009449999999999958,0.0035499999999999976,0.0005000000000000004,0.0,-0.00539999999999996,0.049575000000004366,20000.0
17954,T33UWP_20000_15,S2B_MSIL2A_20230614T095559_R122_T33UWP_20230614T142248,100,,0.0,0.045,1.4725,81.09,13.7975,2.2525,0.355,0.6775,0.3025,0.0075,0.0,40000,0,0.0,20000.000000000233,20000.0,0.3621251583099365,0.9874999999999999,,0.0,-0.012900000000000002,-0.0049000000000001265,0.28520000000000323,-0.2693000000000012,0.0021999999999997577,-0.012400000000000022,0.0018000000000000238,0.012299999999999978,-0.002,0.0,0.0121,0.28520000000000323,20000.0
17960,T33UWP_20000_15,S2B_MSIL2A_20230614T095559_R122_T33UWP_20230614T142248,200,,0.0,0.1,1.41,80.7,14.17,2.22,0.34,0.75,0.3,0.01,0.0,10000,0,0.0,20000.000000000233,20000.0,0.3379380702972412,1.06,,0.0,0.042100000000000005,-0.06740000000000013,-0.10479999999999734,0.10319999999999929,-0.030299999999999994,-0.02739999999999998,0.07430000000000003,0.009799999999999975,0.0005000000000000004,0.0,0.08460000000000012,0.10479999999999734,20000.0
17966,T33UWP_20000_15,S2B_MSIL2A_20230614T095559_R122_T33UWP_20230614T142248,500,,0.0,0.0,1.4375,80.6875,13.9375,2.125,0.625,0.6875,0.5,0.0,0.0,1600,0,0.0,20000.000000000233,20000.0,0.4397752285003662,1.1875,,0.0,-0.0579,-0.03990000000000005,-0.11730000000000018,-0.12930000000000064,-0.1253000000000002,0.2576,0.011800000000000033,0.2098,-0.0095,0.0,0.21210000000000007,0.2576,20000.0
17972,T33UWP_20000_15,S2B_MSIL2A_20230614T095559_R122_T33UWP_20230614T142248,1000,,0.0,0.25,1.0,79.25,15.75,1.75,0.75,1.25,0.0,0.0,0.0,400,0,0.0,20000.000000000233,20000.0,0.40369701385498047,1.25,,0.0,0.1921,-0.47740000000000005,-1.5548000000000002,1.6831999999999994,-0.5003000000000002,0.3826,0.5743,-0.2902,-0.0095,0.0,0.27460000000000007,1.6831999999999994,20000.0
17944,T33UWP_20000_15,S2B_MSIL2A_20230624T095559_R122_T33UWP_20230624T142946,20,,0.0,0.0,0.061,0.0,0.0026,0.0036,0.0,1.0061,98.9267,0.0,0.0,1000000,0,0.0,20000.000000000233,20000.0,0.48557567596435547,99.9328,,0.0,0.0,0.0,0.0,0.0,0.0,0.0,0.0,0.0,0.0,0.0,0.0,0.0,20000.0
17950,T33UWP_20000_15,S2B_MSIL2A_20230624T095559_R122_T33UWP_20230624T142946,50,,0.0,0.0,0.0625,0.0,0.00375,0.00375,0.0,1.0075,98.9225,0.0,0.0,160000,0,0.0,20000.000000000233,20000.0,0.36260557174682617,99.92999999999999,,0.0,0.0,0.0015000000000000013,0.0,0.00115,0.00014999999999999996,0.0,0.0014000000000000679,-0.004199999999997317,0.0,0.0,-0.0028000000000076852,0.0028000000000076852,20000.0
17956,T33UWP_20000_15,S2B_MSIL2A_20230624T095559_R122_T33UWP_20230624T142946,100,,0.0,0.0,0.065,0.0,0.005,0.0025,0.0,1.0,98.9275,0.0,0.0,40000,0,0.0,20000.000000000233,20000.0,0.3621251583099365,99.9275,,0.0,0.0,0.0040000000000000036,0.0,0.0024000000000000002,-0.0010999999999999998,0.0,-0.006099999999999994,0.0007999999999981355,0.0,0.0,-0.0053000000000054115,0.0053000000000054115,20000.0
17962,T33UWP_20000_15,S2B_MSIL2A_20230624T095559_R122_T33UWP_20230624T142946,200,,0.0,0.0,0.08,0.0,0.0,0.0,0.0,1.01,98.91,0.0,0.0,10000,0,0.0,20000.000000000233,20000.0,0.3379380702972412,99.92,,0.0,0.0,0.019000000000000003,0.0,-0.0026,-0.0036,0.0,0.0039000000000000146,-0.01670000000000016,0.0,0.0,-0.01279999999999859,0.019000000000000003,20000.0
17968,T33UWP_20000_15,S2B_MSIL2A_20230624T095559_R122_T33UWP_20230624T142946,500,,0.0,0.0,0.0,0.0,0.0,0.0,0.0,1.0625,98.9375,0.0,0.0,1600,0,0.0,20000.000000000233,20000.0,0.4397752285003662,100.0,,0.0,0.0,-0.061,0.0,-0.0026,-0.0036,0.0,0.056400000000000006,0.010800000000003251,0.0,0.0,0.0671999999999997,0.0671999999999997,20000.0
17974,T33UWP_20000_15,S2B_MSIL2A_20230624T095559_R122_T33UWP_20230624T142946,1000,,0.0,0.0,0.0,0.0,0.0,0.0,0.0,1.0,99.0,0.0,0.0,400,0,0.0,20000.000000000233,20000.0,0.40369701385498047,100.0,,0.0,0.0,-0.061,0.0,-0.0026,-0.0036,0.0,-0.006099999999999994,0.07330000000000325,0.0,0.0,0.0671999999999997,0.0671999999999997,20000.0
17977,T33UWP_20000_16,S2A_MSIL2A_20230609T100031_R122_T33UWP_20230609T173715,20,,0.0,0.0,0.0,0.0,0.0,0.0,0.0,46.8867,46.7058,6.4075,0.0,1000000,0,0.0,20000.000000000116,19999.99999999907,0.519312858581543,100.0,,0.0,0.0,0.0,0.0,0.0,0.0,0.0,0.0,0.0,0.0,0.0,0.0,0.0,20000.0
17983,T33UWP_20000_16,S2A_MSIL2A_20230609T100031_R122_T33UWP_20230609T173715,50,,0.0,0.0,0.0,0.0,0.0,0.0,0.0,46.89625,46.711875,6.391875,0.0,160000,0,0.0,20000.000000000116,19999.99999999907,0.3579237461090088,100.0,,0.0,0.0,0.0,0.0,0.0,0.0,0.0,0.009550000000004388,0.006074999999995612,-0.015625,0.0,0.0,0.0,20000.0
17989,T33UWP_20000_16,S2A_MSIL2A_20230609T100031_R122_T33UWP_20230609T173715,100,,0.0,0.0,0.0,0.0,0.0,0.0,0.0,47.02,46.6125,6.3675,0.0,40000,0,0.0,20000.000000000116,19999.99999999907,0.43976783752441406,100.0,,0.0,0.0,0.0,0.0,0.0,0.0,0.0,0.13330000000000553,-0.09330000000000638,-0.040000000000000036,0.0,0.0,0.0,20000.0
17995,T33UWP_20000_16,S2A_MSIL2A_20230609T100031_R122_T33UWP_20230609T173715,200,,0.0,0.0,0.0,0.0,0.0,0.0,0.0,46.83,46.9,6.27,0.0,10000,0,0.0,20000.000000000116,19999.99999999907,0.3467884063720703,99.99999999999999,,0.0,0.0,0.0,0.0,0.0,0.0,0.0,-0.056699999999999307,0.19419999999999504,-0.13750000000000018,0.0,-1.4210854715202004e-14,1.4210854715202004e-14,20000.0
18001,T33UWP_20000_16,S2A_MSIL2A_20230609T100031_R122_T33UWP_20230609T173715,500,,0.0,0.0,0.0,0.0,0.0,0.0,0.0,45.5,47.6875,6.8125,0.0,1600,0,0.0,20000.000000000116,19999.99999999907,0.43382930755615234,100.0,,0.0,0.0,0.0,0.0,0.0,0.0,0.0,-1.3866999999999976,0.9816999999999965,0.40500000000000025,0.0,0.0,0.0,20000.0
18007,T33UWP_20000_16,S2A_MSIL2A_20230609T100031_R122_T33UWP_20230609T173715,1000,,0.0,0.0,0.0,0.0,0.0,0.0,0.0,43.0,51.25,5.75,0.0,400,0,0.0,20000.000000000116,19999.99999999907,0.37059807777404785,100.0,,0.0,0.0,0.0,0.0,0.0,0.0,0.0,-3.8866999999999976,4.5441999999999965,-0.6574999999999998,0.0,0.0,0.0,20000.0
17979,T33UWP_20000_16,S2A_MSIL2A_20230619T100031_R122_T33UWP_20230619T172742,20,,0.0,0.0232,0.1312,87.8997,11.9,0.0246,0.0212,0.0001,0.0,0.0,0.0,1000000,0,0.0,20000.000000000116,19999.99999999907,0.519312858581543,0.0001,,0.0,0.0,0.0,0.0,0.0,0.0,0.0,0.0,0.0,0.0,0.0,0.0,0.0,20000.0
17985,T33UWP_20000_16,S2A_MSIL2A_20230619T100031_R122_T33UWP_20230619T172742,50,,0.0,0.02375,0.129375,87.83125,11.97125,0.02375,0.020625,0.0,0.0,0.0,0.0,160000,0,0.0,20000.000000000116,19999.99999999907,0.3579237461090088,0.0,,0.0,0.0005500000000000019,-0.001825000000000021,-0.06844999999999857,0.07124999999999915,-0.0008500000000000001,-0.0005749999999999991,-0.0001,0.0,0.0,0.0,-0.0001,0.07124999999999915,20000.0
17991,T33UWP_20000_16,S2A_MSIL2A_20230619T100031_R122_T33UWP_20230619T172742,100,,0.0,0.0225,0.13,87.8125,11.9875,0.0225,0.025,0.0,0.0,0.0,0.0,40000,0,0.0,20000.000000000116,19999.99999999907,0.43976783752441406,0.0,,0.0,-0.0006999999999999992,-0.0012000000000000066,-0.08719999999999573,0.08750000000000036,-0.002100000000000001,0.0038000000000000013,-0.0001,0.0,0.0,0.0,-0.0001,0.08750000000000036,20000.0
17997,T33UWP_20000_16,S2A_MSIL2A_20230619T100031_R122_T33UWP_20230619T172742,200,,0.0,0.0,0.14,87.56,12.26,0.02,0.02,0.0,0.0,0.0,0.0,10000,0,0.0,20000.000000000116,19999.99999999907,0.3467884063720703,0.0,,0.0,-0.0232,0.008800000000000002,-0.33969999999999345,0.35999999999999943,-0.0046,-0.0011999999999999997,-0.0001,0.0,0.0,0.0,-0.0001,0.35999999999999943,20000.0
18003,T33UWP_20000_16,S2A_MSIL2A_20230619T100031_R122_T33UWP_20230619T172742,500,,0.0,0.0,0.0625,88.1875,11.6875,0.0,0.0625,0.0,0.0,0.0,0.0,1600,0,0.0,20000.000000000116,19999.99999999907,0.43382930755615234,0.0,,0.0,-0.0232,-0.06870000000000001,0.2878000000000043,-0.21250000000000036,-0.0246,0.0413,-0.0001,0.0,0.0,0.0,-0.0001,0.2878000000000043,20000.0
18009,T33UWP_20000_16,S2A_MSIL2A_20230619T100031_R122_T33UWP_20230619T172742,1000,,0.0,0.0,0.25,90.0,9.75,0.0,0.0,0.0,0.0,0.0,0.0,400,0,0.0,20000.000000000116,19999.99999999907,0.37059807777404785,0.0,,0.0,-0.0232,0.11879999999999999,2.1003000000000043,-2.1500000000000004,-0.0246,-0.0212,-0.0001,0.0,0.0,0.0,-0.0001,2.1500000000000004,20000.0
17981,T33UWP_20000_16,S2A_MSIL2A_20230629T100031_R122_T33UWP_20230629T191411,20,,0.0,0.0059,13.3344,60.783,7.4555,0.0058,0.4398,10.5329,7.3513,0.0914,0.0,1000000,0,0.0,20000.000000000116,19999.99999999907,0.519312858581543,17.9756,,0.0,0.0,0.0,0.0,0.0,0.0,0.0,0.0,0.0,0.0,0.0,0.0,0.0,20000.0
17987,T33UWP_20000_16,S2A_MSIL2A_20230629T100031_R122_T33UWP_20230629T191411,50,,0.0,0.00625,13.3525,60.76625,7.459375,0.00625,0.444375,10.505,7.373125,0.086875,0.0,160000,0,0.0,20000.000000000116,19999.99999999907,0.3579237461090088,17.965,,0.0,0.0003500000000000005,0.018099999999998673,-0.01675000000000182,0.003874999999999851,0.00045000000000000075,0.004574999999999996,-0.027899999999998926,0.02182499999999976,-0.004525000000000001,0.0,-0.010600000000000165,0.018099999999998673,20000.0
17993,T33UWP_20000_16,S2A_MSIL2A_20230629T100031_R122_T33UWP_20230629T191411,100,,0.0,0.005,13.3125,60.7925,7.5525,0.005,0.41,10.5225,7.2975,0.1025,0.0,40000,0,0.0,20000.000000000116,19999.99999999907,0.43976783752441406,17.9225,,0.0,-0.0008999999999999998,-0.021900000000000475,0.009499999999995623,0.09700000000000042,-0.0007999999999999995,-0.02980000000000005,-0.010399999999998855,-0.05379999999999985,0.011099999999999999,0.0,-0.05310000000000059,0.09700000000000042,20000.0
17999,T33UWP_20000_16,S2A_MSIL2A_20230629T100031_R122_T33UWP_20230629T191411,200,,0.0,0.0,13.3,60.73,7.71,0.0,0.45,10.2,7.53,0.08,0.0,10000,0,0.0,20000.000000000116,19999.99999999907,0.3467884063720703,17.81,,0.0,-0.0059,-0.034399999999999764,-0.05300000000000438,0.25450000000000017,-0.0058,0.010199999999999987,-0.3329000000000004,0.17870000000000008,-0.011399999999999993,0.0,-0.1656000000000013,0.25450000000000017,20000.0
18005,T33UWP_20000_16,S2A_MSIL2A_20230629T100031_R122_T33UWP_20230629T191411,500,,0.0,0.0,13.5,60.25,8.125,0.0,0.25,10.5625,7.1875,0.125,0.0,1600,0,0.0,20000.000000000116,19999.99999999907,0.43382930755615234,17.875,,0.0,-0.0059,0.16559999999999953,-0.5330000000000013,0.6695000000000002,-0.0058,-0.18980000000000002,0.029600000000000293,-0.16380000000000017,0.033600000000000005,0.0,-0.10060000000000002,0.6695000000000002,20000.0
18011,T33UWP_20000_16,S2A_MSIL2A_20230629T100031_R122_T33UWP_20230629T191411,1000,,0.0,0.0,14.0,60.0,7.5,0.0,0.0,10.5,8.0,0.0,0.0,400,0,0.0,20000.000000000116,19999.99999999907,0.37059807777404785,18.5,,0.0,-0.0059,0.6655999999999995,-0.7830000000000013,0.044500000000000206,-0.0058,-0.4398,-0.03289999999999971,0.6486999999999998,-0.0914,0.0,0.5244,0.7830000000000013,20000.0
17976,T33UWP_20000_16,S2B_MSIL2A_20230604T095559_R122_T33UWP_20230604T174403,20,,0.0,0.0001,1.3387,21.5606,6.6151,0.0023,6.2303,23.9273,26.0236,14.302,0.0,1000000,0,0.0,20000.000000000116,19999.99999999907,0.519312858581543,64.2529,,0.0,0.0,0.0,0.0,0.0,0.0,0.0,0.0,0.0,0.0,0.0,0.0,0.0,20000.0
17982,T33UWP_20000_16,S2B_MSIL2A_20230604T095559_R122_T33UWP_20230604T174403,50,,0.0,0.000625,1.334375,21.553125,6.623125,0.003125,6.24125,23.950625,25.980625,14.313125,0.0,160000,0,0.0,20000.000000000116,19999.99999999907,0.3579237461090088,64.24437499999999,,0.0,0.000525,-0.004324999999999912,-0.007474999999999454,0.008024999999999949,0.0008250000000000002,0.010950000000000237,0.023324999999999818,-0.04297499999999843,0.01112499999999983,0.0,-0.008525000000005889,0.010950000000000237,20000.0
17988,T33UWP_20000_16,S2B_MSIL2A_20230604T095559_R122_T33UWP_20230604T174403,100,,0.0,0.0,1.36,21.5875,6.5825,0.0025,6.285,23.7975,26.055,14.33,0.0,40000,0,0.0,20000.000000000116,19999.99999999907,0.43976783752441406,64.1825,,0.0,-0.0001,0.021300000000000097,0.026899999999997704,-0.032600000000000406,0.0002000000000000001,0.054700000000000415,-0.12979999999999947,0.03140000000000143,0.02800000000000047,0.0,-0.07039999999999225,0.07039999999999225,20000.0
17994,T33UWP_20000_16,S2B_MSIL2A_20230604T095559_R122_T33UWP_20230604T174403,200,,0.0,0.0,1.28,21.58,6.82,0.0,6.19,24.03,25.89,14.21,0.0,10000,0,0.0,20000.000000000116,19999.99999999907,0.3467884063720703,64.13,,0.0,-0.0001,-0.058699999999999974,0.01939999999999742,0.2049000000000003,-0.0023,-0.040299999999999336,0.10270000000000223,-0.13359999999999772,-0.09199999999999875,0.0,-0.12290000000000134,0.2049000000000003,20000.0
18000,T33UWP_20000_16,S2B_MSIL2A_20230604T095559_R122_T33UWP_20230604T174403,500,,0.0,0.0,1.375,21.5625,6.4375,0.0,5.4375,23.75,26.25,15.1875,0.0,1600,0,0.0,20000.000000000116,19999.99999999907,0.43382930755615234,65.1875,,0.0,-0.0001,0.0363,0.0018999999999991246,-0.17759999999999998,-0.0023,-0.7927999999999997,-0.1772999999999989,0.2264000000000017,0.8855000000000004,0.0,0.9346000000000032,0.9346000000000032,20000.0
18006,T33UWP_20000_16,S2B_MSIL2A_20230604T095559_R122_T33UWP_20230604T174403,1000,,0.0,0.0,1.75,23.5,4.25,0.0,6.75,22.25,25.75,15.75,0.0,400,0,0.0,20000.000000000116,19999.99999999907,0.37059807777404785,63.75,,0.0,-0.0001,0.4113,1.9393999999999991,-2.3651,-0.0023,0.5197000000000003,-1.677299999999999,-0.2735999999999983,1.4480000000000004,0.0,-0.5028999999999968,2.3651,20000.0
17978,T33UWP_20000_16,S2B_MSIL2A_20230614T095559_R122_T33UWP_20230614T142248,20,,0.0,0.0219,0.069,86.6116,13.2471,0.0271,0.0225,0.0,0.0,0.0008,0.0,1000000,0,0.0,20000.000000000116,19999.99999999907,0.519312858581543,0.0008,,0.0,0.0,0.0,0.0,0.0,0.0,0.0,0.0,0.0,0.0,0.0,0.0,0.0,20000.0
17984,T33UWP_20000_16,S2B_MSIL2A_20230614T095559_R122_T33UWP_20230614T142248,50,,0.0,0.02375,0.0675,86.623125,13.231875,0.026875,0.02625,0.0,0.0,0.000625,0.0,160000,0,0.0,20000.000000000116,19999.99999999907,0.3579237461090088,0.000625,,0.0,0.001850000000000001,-0.0015000000000000013,0.011525000000006003,-0.015224999999999156,-0.0002249999999999995,0.00375,0.0,0.0,-0.00017500000000000003,0.0,-0.00017500000000000003,0.015224999999999156,20000.0
17990,T33UWP_20000_16,S2B_MSIL2A_20230614T095559_R122_T33UWP_20230614T142248,100,,0.0,0.0225,0.0675,86.5775,13.27,0.0275,0.035,0.0,0.0,0.0,0.0,40000,0,0.0,20000.000000000116,19999.99999999907,0.43976783752441406,0.0,,0.0,0.0005999999999999998,-0.0015000000000000013,-0.034099999999995134,0.02289999999999992,0.00040000000000000105,0.012500000000000004,0.0,0.0,-0.0008,0.0,-0.0008,0.034099999999995134,20000.0
17996,T33UWP_20000_16,S2B_MSIL2A_20230614T095559_R122_T33UWP_20230614T142248,200,,0.0,0.0,0.06,86.18,13.72,0.02,0.02,0.0,0.0,0.0,0.0,10000,0,0.0,20000.000000000116,19999.99999999907,0.3467884063720703,0.0,,0.0,-0.0219,-0.009000000000000008,-0.4315999999999889,0.472900000000001,-0.007099999999999999,-0.0024999999999999988,0.0,0.0,-0.0008,0.0,-0.0008,0.472900000000001,20000.0
18002,T33UWP_20000_16,S2B_MSIL2A_20230614T095559_R122_T33UWP_20230614T142248,500,,0.0,0.0,0.1875,87.0625,12.6875,0.0,0.0625,0.0,0.0,0.0,0.0,1600,0,0.0,20000.000000000116,19999.99999999907,0.43382930755615234,0.0,,0.0,-0.0219,0.1185,0.4509000000000043,-0.5595999999999997,-0.0271,0.04,0.0,0.0,-0.0008,0.0,-0.0008,0.5595999999999997,20000.0
18008,T33UWP_20000_16,S2B_MSIL2A_20230614T095559_R122_T33UWP_20230614T142248,1000,,0.0,0.0,0.25,88.5,11.25,0.0,0.0,0.0,0.0,0.0,0.0,400,0,0.0,20000.000000000116,19999.99999999907,0.37059807777404785,0.0,,0.0,-0.0219,0.181,1.8884000000000043,-1.9970999999999997,-0.0271,-0.0225,0.0,0.0,-0.0008,0.0,-0.0008,1.9970999999999997,20000.0
17980,T33UWP_20000_16,S2B_MSIL2A_20230624T095559_R122_T33UWP_20230624T142946,20,,0.0,0.0,0.0,0.0,0.0,0.0,0.0,0.0,100.0,0.0,0.0,1000000,0,0.0,20000.000000000116,19999.99999999907,0.519312858581543,100.0,,0.0,0.0,0.0,0.0,0.0,0.0,0.0,0.0,0.0,0.0,0.0,0.0,0.0,20000.0
17986,T33UWP_20000_16,S2B_MSIL2A_20230624T095559_R122_T33UWP_20230624T142946,50,,0.0,0.0,0.0,0.0,0.0,0.0,0.0,0.0,100.0,0.0,0.0,160000,0,0.0,20000.000000000116,19999.99999999907,0.3579237461090088,100.0,,0.0,0.0,0.0,0.0,0.0,0.0,0.0,0.0,0.0,0.0,0.0,0.0,0.0,20000.0
17992,T33UWP_20000_16,S2B_MSIL2A_20230624T095559_R122_T33UWP_20230624T142946,100,,0.0,0.0,0.0,0.0,0.0,0.0,0.0,0.0,100.0,0.0,0.0,40000,0,0.0,20000.000000000116,19999.99999999907,0.43976783752441406,100.0,,0.0,0.0,0.0,0.0,0.0,0.0,0.0,0.0,0.0,0.0,0.0,0.0,0.0,20000.0
17998,T33UWP_20000_16,S2B_MSIL2A_20230624T095559_R122_T33UWP_20230624T142946,200,,0.0,0.0,0.0,0.0,0.0,0.0,0.0,0.0,100.0,0.0,0.0,10000,0,0.0,20000.000000000116,19999.99999999907,0.3467884063720703,100.0,,0.0,0.0,0.0,0.0,0.0,0.0,0.0,0.0,0.0,0.0,0.0,0.0,0.0,20000.0
18004,T33UWP_20000_16,S2B_MSIL2A_20230624T095559_R122_T33UWP_20230624T142946,500,,0.0,0.0,0.0,0.0,0.0,0.0,0.0,0.0,100.0,0.0,0.0,1600,0,0.0,20000.000000000116,19999.99999999907,0.43382930755615234,100.0,,0.0,0.0,0.0,0.0,0.0,0.0,0.0,0.0,0.0,0.0,0.0,0.0,0.0,20000.0
18010,T33UWP_20000_16,S2B_MSIL2A_20230624T095559_R122_T33UWP_20230624T142946,1000,,0.0,0.0,0.0,0.0,0.0,0.0,0.0,0.0,100.0,0.0,0.0,400,0,0.0,20000.000000000116,19999.99999999907,0.37059807777404785,100.0,,0.0,0.0,0.0,0.0,0.0,0.0,0.0,0.0,0.0,0.0,0.0,0.0,0.0,20000.0
18013,T33UWP_20000_17,S2A_MSIL2A_20230609T100031_R122_T33UWQ_20230609T173715,20,,0.0,0.0,2.6314,4.657,2.2769,0.0901,1.3948,27.0454,49.2746,12.6298,0.0,1000000,0,0.0,20000.000000000116,20000.00000000093,0.5282127857208252,88.9498,,0.0,0.0,0.0,0.0,0.0,0.0,0.0,0.0,0.0,0.0,0.0,0.0,0.0,20000.0
18019,T33UWP_20000_17,S2A_MSIL2A_20230609T100031_R122_T33UWQ_20230609T173715,50,,0.0,0.0,2.618125,4.670625,2.2625,0.090625,1.388125,27.0975,49.284375,12.588125,0.0,160000,0,0.0,20000.000000000116,20000.00000000093,0.35315489768981934,88.97,,0.0,0.0,-0.013275000000000148,0.01362500000000022,-0.014399999999999746,0.0005249999999999977,-0.0066749999999999865,0.05209999999999937,0.009774999999997647,-0.041674999999999685,0.0,0.02020000000000266,0.02020000000000266,20000.0
18025,T33UWP_20000_17,S2A_MSIL2A_20230609T100031_R122_T33UWQ_20230609T173715,100,,0.0,0.0,2.6125,4.6375,2.315,0.1,1.37,27.0725,49.33,12.5625,0.0,40000,0,0.0,20000.000000000116,20000.00000000093,0.36797213554382324,88.965,,0.0,0.0,-0.01890000000000036,-0.01949999999999985,0.03810000000000002,0.009900000000000006,-0.024799999999999933,0.02710000000000079,0.055399999999998784,-0.06729999999999947,0.0,0.015200000000007208,0.03810000000000002,20000.0
18031,T33UWP_20000_17,S2A_MSIL2A_20230609T100031_R122_T33UWQ_20230609T173715,200,,0.0,0.0,2.69,4.79,2.28,0.07,1.38,27.04,49.35,12.4,0.0,10000,0,0.0,20000.000000000116,20000.00000000093,0.38955116271972656,88.79,,0.0,0.0,0.05859999999999976,0.133,0.0030999999999998806,-0.020099999999999993,-0.014800000000000146,-0.005400000000001626,0.07540000000000191,-0.22979999999999912,0.0,-0.15979999999998995,0.15979999999998995,20000.0
18037,T33UWP_20000_17,S2A_MSIL2A_20230609T100031_R122_T33UWQ_20230609T173715,500,,0.0,0.0,2.125,4.5,2.8125,0.0625,1.4375,27.4375,49.0625,12.5625,0.0,1600,0,0.0,20000.000000000116,20000.00000000093,0.37136363983154297,89.0625,,0.0,0.0,-0.5064000000000002,-0.15700000000000003,0.5356000000000001,-0.0276,0.04269999999999996,0.3920999999999992,-0.2120999999999995,-0.06729999999999947,0.0,0.1127000000000038,0.5356000000000001,20000.0
18043,T33UWP_20000_17,S2A_MSIL2A_20230609T100031_R122_T33UWQ_20230609T173715,1000,,0.0,0.0,2.5,4.25,2.25,0.25,0.75,28.75,48.25,13.0,0.0,400,0,0.0,20000.000000000116,20000.00000000093,0.45822596549987793,90.0,,0.0,0.0,-0.13140000000000018,-0.40700000000000003,-0.026899999999999924,0.1599,-0.6448,1.7045999999999992,-1.0245999999999995,0.37020000000000053,0.0,1.0502000000000038,1.0502000000000038,20000.0
18015,T33UWP_20000_17,S2A_MSIL2A_20230619T100031_R122_T33UWQ_20230619T173043,20,,0.0,0.0276,0.3184,74.0768,6.927,0.1314,0.4763,0.1714,0.0073,17.8638,0.0,1000000,0,0.0,20000.000000000116,20000.00000000093,0.5282127857208252,18.0425,,0.0,0.0,0.0,0.0,0.0,0.0,0.0,0.0,0.0,0.0,0.0,0.0,0.0,20000.0
18021,T33UWP_20000_17,S2A_MSIL2A_20230619T100031_R122_T33UWQ_20230619T173043,50,,0.0,0.025,0.31625,74.058125,6.938125,0.136875,0.48,0.173125,0.005625,17.866875,0.0,160000,0,0.0,20000.000000000116,20000.00000000093,0.35315489768981934,18.045625,,0.0,-0.002599999999999998,-0.0021500000000000408,-0.018675000000001774,0.011125000000000718,0.005475000000000008,0.003699999999999981,0.0017250000000000043,-0.0016750000000000003,0.0030749999999990507,0.0,0.0031250000000007105,0.018675000000001774,20000.0
18027,T33UWP_20000_17,S2A_MSIL2A_20230619T100031_R122_T33UWQ_20230619T173043,100,,0.0,0.025,0.3025,73.985,7.015,0.1325,0.4575,0.175,0.0075,17.9,0.0,40000,0,0.0,20000.000000000116,20000.00000000093,0.36797213554382324,18.0825,,0.0,-0.002599999999999998,-0.015900000000000025,-0.09180000000000632,0.08800000000000008,0.0011000000000000176,-0.018799999999999983,0.003599999999999992,0.00019999999999999966,0.036199999999997345,0.0,0.03999999999999915,0.09180000000000632,20000.0
18033,T33UWP_20000_17,S2A_MSIL2A_20230619T100031_R122_T33UWQ_20230619T173043,200,,0.0,0.03,0.41,73.91,6.85,0.12,0.49,0.18,0.02,17.99,0.0,10000,0,0.0,20000.000000000116,20000.00000000093,0.38955116271972656,18.189999999999998,,0.0,0.0023999999999999994,0.09159999999999996,-0.16680000000000916,-0.07699999999999996,-0.011399999999999993,0.01369999999999999,0.008599999999999997,0.0127,0.1261999999999972,0.0,0.1474999999999973,0.16680000000000916,20000.0
18039,T33UWP_20000_17,S2A_MSIL2A_20230619T100031_R122_T33UWQ_20230619T173043,500,,0.0,0.0,0.1875,74.75,6.5625,0.125,0.6875,0.3125,0.0,17.375,0.0,1600,0,0.0,20000.000000000116,20000.00000000093,0.37136363983154297,17.6875,,0.0,-0.0276,-0.13090000000000002,0.6731999999999942,-0.3644999999999996,-0.006399999999999989,0.2112,0.1411,-0.0073,-0.48880000000000123,0.0,-0.3550000000000004,0.6731999999999942,20000.0
18045,T33UWP_20000_17,S2A_MSIL2A_20230619T100031_R122_T33UWQ_20230619T173043,1000,,0.0,0.0,0.75,72.75,7.25,0.5,0.25,0.0,0.0,18.5,0.0,400,0,0.0,20000.000000000116,20000.00000000093,0.45822596549987793,18.5,,0.0,-0.0276,0.4316,-1.3268000000000058,0.3230000000000004,0.36860000000000004,-0.2263,-0.1714,-0.0073,0.6361999999999988,0.0,0.4574999999999996,1.3268000000000058,20000.0
18017,T33UWP_20000_17,S2A_MSIL2A_20230629T100031_R122_T33UWQ_20230629T191404,20,,0.0,0.016,3.0755,87.7348,6.9834,0.1721,0.1714,1.4393,0.387,0.0205,0.0,1000000,0,0.0,20000.000000000116,20000.00000000093,0.5282127857208252,1.8468,,0.0,0.0,0.0,0.0,0.0,0.0,0.0,0.0,0.0,0.0,0.0,0.0,0.0,20000.0
18023,T33UWP_20000_17,S2A_MSIL2A_20230629T100031_R122_T33UWQ_20230629T191404,50,,0.0,0.014375,3.0825,87.72375,6.994375,0.17,0.160625,1.4375,0.39375,0.023125,0.0,160000,0,0.0,20000.000000000116,20000.00000000093,0.35315489768981934,1.854375,,0.0,-0.0016249999999999997,0.007000000000000117,-0.01105000000001155,0.010975000000000179,-0.0020999999999999908,-0.010775000000000007,-0.0018000000000000238,0.006749999999999978,0.002624999999999999,0.0,0.007575000000000109,0.01105000000001155,20000.0
18029,T33UWP_20000_17,S2A_MSIL2A_20230629T100031_R122_T33UWQ_20230629T191404,100,,0.0,0.0125,3.0475,87.6775,7.0675,0.1775,0.145,1.475,0.375,0.0225,0.0,40000,0,0.0,20000.000000000116,20000.00000000093,0.36797213554382324,1.8725,,0.0,-0.0034999999999999996,-0.028000000000000025,-0.05730000000001212,0.08410000000000029,0.005399999999999988,-0.026400000000000007,0.035700000000000065,-0.01200000000000001,0.0019999999999999983,0.0,0.025700000000000056,0.08410000000000029,20000.0
18035,T33UWP_20000_17,S2A_MSIL2A_20230629T100031_R122_T33UWQ_20230629T191404,200,,0.0,0.0,2.93,87.96,6.99,0.16,0.16,1.39,0.39,0.02,0.0,10000,0,0.0,20000.000000000116,20000.00000000093,0.38955116271972656,1.7999999999999998,,0.0,-0.016,-0.14549999999999974,0.22519999999998674,0.006600000000000605,-0.0121,-0.011399999999999993,-0.04930000000000012,0.0030000000000000027,-0.0005000000000000004,0.0,-0.046800000000000175,0.22519999999998674,20000.0
18041,T33UWP_20000_17,S2A_MSIL2A_20230629T100031_R122_T33UWQ_20230629T191404,500,,0.0,0.0,3.1875,87.9375,6.6875,0.125,0.25,1.1875,0.625,0.0,0.0,1600,0,0.0,20000.000000000116,20000.00000000093,0.37136363983154297,1.8125,,0.0,-0.016,0.1120000000000001,0.202699999999993,-0.2958999999999996,-0.0471,0.0786,-0.2518,0.238,-0.0205,0.0,-0.0343,0.2958999999999996,20000.0
18047,T33UWP_20000_17,S2A_MSIL2A_20230629T100031_R122_T33UWQ_20230629T191404,1000,,0.0,0.0,3.75,84.75,8.0,0.5,0.5,1.75,0.75,0.0,0.0,400,0,0.0,20000.000000000116,20000.00000000093,0.45822596549987793,2.5,,0.0,-0.016,0.6745000000000001,-2.984800000000007,1.0166000000000004,0.32789999999999997,0.3286,0.3107,0.363,-0.0205,0.0,0.6532,2.984800000000007,20000.0
18012,T33UWP_20000_17,S2B_MSIL2A_20230604T095559_R122_T33UWQ_20230604T174401,20,,0.0,0.0008,4.4268,23.274,7.4925,0.1448,12.3438,26.4543,25.5741,0.2889,0.0,1000000,0,0.0,20000.000000000116,20000.00000000093,0.5282127857208252,52.3173,,0.0,0.0,0.0,0.0,0.0,0.0,0.0,0.0,0.0,0.0,0.0,0.0,0.0,20000.0
18018,T33UWP_20000_17,S2B_MSIL2A_20230604T095559_R122_T33UWQ_20230604T174401,50,,0.0,0.000625,4.43375,23.27375,7.465,0.14375,12.379375,26.456875,25.556875,0.29,0.0,160000,0,0.0,20000.000000000116,20000.00000000093,0.35315489768981934,52.30375,,0.0,-0.00017500000000000003,0.00694999999999979,-0.0002500000000011937,-0.027499999999999858,-0.0010500000000000231,0.03557499999999969,0.002575000000000216,-0.017224999999999824,0.0010999999999999899,0.0,-0.013550000000002171,0.03557499999999969,20000.0
18024,T33UWP_20000_17,S2B_MSIL2A_20230604T095559_R122_T33UWQ_20230604T174401,100,,0.0,0.0025,4.4175,23.3475,7.52,0.145,12.335,26.3725,25.61,0.25,0.0,40000,0,0.0,20000.000000000116,20000.00000000093,0.36797213554382324,52.2325,,0.0,0.0017000000000000001,-0.009299999999999642,0.07349999999999923,0.027499999999999858,0.00019999999999997797,-0.00879999999999903,-0.0818000000000012,0.035899999999998045,-0.03889999999999999,0.0,-0.08480000000000132,0.08480000000000132,20000.0
18030,T33UWP_20000_17,S2B_MSIL2A_20230604T095559_R122_T33UWQ_20230604T174401,200,,0.0,0.0,4.54,23.43,7.59,0.14,12.03,27.12,24.88,0.27,0.0,10000,0,0.0,20000.000000000116,20000.00000000093,0.38955116271972656,52.27,,0.0,-0.0008,0.11319999999999997,0.1559999999999988,0.09750000000000014,-0.004799999999999999,-0.3138000000000005,0.6657000000000011,-0.6941000000000024,-0.018899999999999972,0.0,-0.0472999999999999,0.3138000000000005,20000.0
18036,T33UWP_20000_17,S2B_MSIL2A_20230604T095559_R122_T33UWQ_20230604T174401,500,,0.0,0.0,4.5,23.1875,7.1875,0.1875,12.8125,27.0625,24.8125,0.25,0.0,1600,0,0.0,20000.000000000116,20000.00000000093,0.37136363983154297,52.125,,0.0,-0.0008,0.07319999999999993,-0.08650000000000091,-0.3049999999999997,0.04269999999999999,0.4687000000000001,0.6082000000000001,-0.7616000000000014,-0.03889999999999999,0.0,-0.19230000000000302,0.4687000000000001,20000.0
18042,T33UWP_20000_17,S2B_MSIL2A_20230604T095559_R122_T33UWQ_20230604T174401,1000,,0.0,0.0,3.75,24.75,6.5,0.25,13.0,27.0,24.75,0.0,0.0,400,0,0.0,20000.000000000116,20000.00000000093,0.45822596549987793,51.75,,0.0,-0.0008,-0.6768000000000001,1.475999999999999,-0.9924999999999997,0.10519999999999999,0.6562000000000001,0.5457000000000001,-0.8241000000000014,-0.2889,0.0,-0.567300000000003,1.475999999999999,20000.0
18014,T33UWP_20000_17,S2B_MSIL2A_20230614T095559_R122_T33UWQ_20230614T142556,20,,0.0,0.0326,3.2005,81.6819,9.6404,0.1153,0.194,2.828,2.3071,0.0002,0.0,1000000,0,0.0,20000.000000000116,20000.00000000093,0.5282127857208252,5.1353,,0.0,0.0,0.0,0.0,0.0,0.0,0.0,0.0,0.0,0.0,0.0,0.0,0.0,20000.0
18020,T33UWP_20000_17,S2B_MSIL2A_20230614T095559_R122_T33UWQ_20230614T142556,50,,0.0,0.03,3.1975,81.673125,9.651875,0.113125,0.18375,2.83625,2.314375,0.0,0.0,160000,0,0.0,20000.000000000116,20000.00000000093,0.35315489768981934,5.150625,,0.0,-0.002599999999999998,-0.0030000000000001137,-0.008774999999999977,0.01147500000000079,-0.0021749999999999964,-0.010250000000000009,0.008250000000000313,0.00727499999999992,-0.0002,0.0,0.015324999999999811,0.015324999999999811,20000.0
18026,T33UWP_20000_17,S2B_MSIL2A_20230614T095559_R122_T33UWQ_20230614T142556,100,,0.0,0.035,3.2075,81.5575,9.715,0.12,0.21,2.8925,2.2625,0.0,0.0,40000,0,0.0,20000.000000000116,20000.00000000093,0.36797213554382324,5.155,,0.0,0.0024000000000000063,0.007000000000000117,-0.12439999999999429,0.07460000000000022,0.004699999999999996,0.015999999999999986,0.06450000000000022,-0.04459999999999997,-0.0002,0.0,0.019700000000000273,0.12439999999999429,20000.0
18032,T33UWP_20000_17,S2B_MSIL2A_20230614T095559_R122_T33UWQ_20230614T142556,200,,0.0,0.01,3.22,81.87,9.58,0.11,0.12,2.74,2.35,0.0,0.0,10000,0,0.0,20000.000000000116,20000.00000000093,0.38955116271972656,5.09,,0.0,-0.022599999999999995,0.019500000000000295,0.1881000000000057,-0.060399999999999565,-0.005299999999999999,-0.07400000000000001,-0.08799999999999963,0.04289999999999994,-0.0002,0.0,-0.04530000000000012,0.1881000000000057,20000.0
18038,T33UWP_20000_17,S2B_MSIL2A_20230614T095559_R122_T33UWQ_20230614T142556,500,,0.0,0.0,3.1875,82.5625,9.125,0.0,0.25,2.875,2.0,0.0,0.0,1600,0,0.0,20000.000000000116,20000.00000000093,0.37136363983154297,4.875,,0.0,-0.0326,-0.0129999999999999,0.8806000000000012,-0.5153999999999996,-0.1153,0.055999999999999994,0.04700000000000015,-0.30710000000000015,-0.0002,0.0,-0.2603,0.8806000000000012,20000.0
18044,T33UWP_20000_17,S2B_MSIL2A_20230614T095559_R122_T33UWQ_20230614T142556,1000,,0.0,0.0,4.75,79.75,10.5,0.5,0.5,2.25,1.75,0.0,0.0,400,0,0.0,20000.000000000116,20000.00000000093,0.45822596549987793,4.0,,0.0,-0.0326,1.5495,-1.9318999999999988,0.8596000000000004,0.3847,0.306,-0.5779999999999998,-0.5571000000000002,-0.0002,0.0,-1.1353,1.9318999999999988,20000.0
18016,T33UWP_20000_17,S2B_MSIL2A_20230624T095559_R122_T33UWQ_20230624T154230,20,,0.0,0.0,0.0,0.0,0.0,0.0,0.0,0.0,100.0,0.0,0.0,1000000,0,0.0,20000.000000000116,20000.00000000093,0.5282127857208252,100.0,,0.0,0.0,0.0,0.0,0.0,0.0,0.0,0.0,0.0,0.0,0.0,0.0,0.0,20000.0
18022,T33UWP_20000_17,S2B_MSIL2A_20230624T095559_R122_T33UWQ_20230624T154230,50,,0.0,0.0,0.0,0.0,0.0,0.0,0.0,0.0,100.0,0.0,0.0,160000,0,0.0,20000.000000000116,20000.00000000093,0.35315489768981934,100.0,,0.0,0.0,0.0,0.0,0.0,0.0,0.0,0.0,0.0,0.0,0.0,0.0,0.0,20000.0
18028,T33UWP_20000_17,S2B_MSIL2A_20230624T095559_R122_T33UWQ_20230624T154230,100,,0.0,0.0,0.0,0.0,0.0,0.0,0.0,0.0,100.0,0.0,0.0,40000,0,0.0,20000.000000000116,20000.00000000093,0.36797213554382324,100.0,,0.0,0.0,0.0,0.0,0.0,0.0,0.0,0.0,0.0,0.0,0.0,0.0,0.0,20000.0
18034,T33UWP_20000_17,S2B_MSIL2A_20230624T095559_R122_T33UWQ_20230624T154230,200,,0.0,0.0,0.0,0.0,0.0,0.0,0.0,0.0,100.0,0.0,0.0,10000,0,0.0,20000.000000000116,20000.00000000093,0.38955116271972656,100.0,,0.0,0.0,0.0,0.0,0.0,0.0,0.0,0.0,0.0,0.0,0.0,0.0,0.0,20000.0
18040,T33UWP_20000_17,S2B_MSIL2A_20230624T095559_R122_T33UWQ_20230624T154230,500,,0.0,0.0,0.0,0.0,0.0,0.0,0.0,0.0,100.0,0.0,0.0,1600,0,0.0,20000.000000000116,20000.00000000093,0.37136363983154297,100.0,,0.0,0.0,0.0,0.0,0.0,0.0,0.0,0.0,0.0,0.0,0.0,0.0,0.0,20000.0
18046,T33UWP_20000_17,S2B_MSIL2A_20230624T095559_R122_T33UWQ_20230624T154230,1000,,0.0,0.0,0.0,0.0,0.0,0.0,0.0,0.0,100.0,0.0,0.0,400,0,0.0,20000.000000000116,20000.00000000093,0.45822596549987793,100.0,,0.0,0.0,0.0,0.0,0.0,0.0,0.0,0.0,0.0,0.0,0.0,0.0,0.0,20000.0
18050,T33UWP_20000_18,S2A_MSIL2A_20230606T095031_R079_T33UWP_20230606T162616,20,,0.0,0.0,0.0,0.0,0.0,0.0,0.0,14.9365,83.2163,1.8472,0.0,1000000,0,0.0,20000.00000000035,20000.00000000093,1.131387710571289,100.0,,0.0,0.0,0.0,0.0,0.0,0.0,0.0,0.0,0.0,0.0,0.0,0.0,0.0,20000.0
18063,T33UWP_20000_18,S2A_MSIL2A_20230606T095031_R079_T33UWP_20230606T162616,50,,0.0,0.0,0.0,0.0,0.0,0.0,0.0,14.948125,83.21875,1.833125,0.0,160000,0,0.0,20000.00000000035,20000.00000000093,0.8605825901031494,100.0,,0.0,0.0,0.0,0.0,0.0,0.0,0.0,0.011624999999998664,0.0024499999999960664,-0.01407500000000006,0.0,0.0,0.0,20000.0
18076,T33UWP_20000_18,S2A_MSIL2A_20230606T095031_R079_T33UWP_20230606T162616,100,,0.0,0.0,0.0,0.0,0.0,0.0,0.0,14.9475,83.2175,1.835,0.0,40000,0,0.0,20000.00000000035,20000.00000000093,0.7939307689666748,100.0,,0.0,0.0,0.0,0.0,0.0,0.0,0.0,0.010999999999999233,0.0011999999999972033,-0.012199999999999989,0.0,0.0,0.0,20000.0
18089,T33UWP_20000_18,S2A_MSIL2A_20230606T095031_R079_T33UWP_20230606T162616,200,,0.0,0.0,0.0,0.0,0.0,0.0,0.0,14.94,83.15,1.91,0.0,10000,0,0.0,20000.00000000035,20000.00000000093,0.7317676544189453,100.0,,0.0,0.0,0.0,0.0,0.0,0.0,0.0,0.0034999999999989484,-0.06629999999999825,0.06279999999999997,0.0,0.0,0.0,20000.0
18102,T33UWP_20000_18,S2A_MSIL2A_20230606T095031_R079_T33UWP_20230606T162616,500,,0.0,0.0,0.0,0.0,0.0,0.0,0.0,14.875,83.125,2.0,0.0,1600,0,0.0,20000.00000000035,20000.00000000093,0.7268433570861816,100.0,,0.0,0.0,0.0,0.0,0.0,0.0,0.0,-0.061500000000000554,-0.09130000000000393,0.15280000000000005,0.0,0.0,0.0,20000.0
18115,T33UWP_20000_18,S2A_MSIL2A_20230606T095031_R079_T33UWP_20230606T162616,1000,,0.0,0.0,0.0,0.0,0.0,0.0,0.0,15.0,83.0,2.0,0.0,400,0,0.0,20000.00000000035,20000.00000000093,0.7859480381011963,100.0,,0.0,0.0,0.0,0.0,0.0,0.0,0.0,0.06349999999999945,-0.21630000000000393,0.15280000000000005,0.0,0.0,0.0,20000.0
18051,T33UWP_20000_18,S2A_MSIL2A_20230609T100031_R122_T33UWP_20230609T173715,20,,0.0,0.0,5.2158,0.0,0.0,0.0,0.0004,11.323,83.3781,0.0827,0.0,1000000,0,0.0,20000.00000000035,20000.00000000093,1.131387710571289,94.7838,,0.0,0.0,0.0,0.0,0.0,0.0,0.0,0.0,0.0,0.0,0.0,0.0,0.0,20000.0
18064,T33UWP_20000_18,S2A_MSIL2A_20230609T100031_R122_T33UWP_20230609T173715,50,,0.0,0.0,5.210625,0.0,0.0,0.0,0.0,11.326875,83.381875,0.080625,0.0,160000,0,0.0,20000.00000000035,20000.00000000093,0.8605825901031494,94.78937499999999,,0.0,0.0,-0.005174999999999486,0.0,0.0,0.0,-0.0004,0.0038749999999989626,0.003774999999990314,-0.0020749999999999935,0.0,0.005574999999993224,0.005574999999993224,20000.0
18077,T33UWP_20000_18,S2A_MSIL2A_20230609T100031_R122_T33UWP_20230609T173715,100,,0.0,0.0,5.2475,0.0,0.0,0.0,0.0,11.245,83.42,0.0875,0.0,40000,0,0.0,20000.00000000035,20000.00000000093,0.7939307689666748,94.75250000000001,,0.0,0.0,0.03169999999999984,0.0,0.0,0.0,-0.0004,-0.07800000000000118,0.04189999999999827,0.004799999999999999,0.0,-0.03129999999998745,0.03169999999999984,20000.0
18090,T33UWP_20000_18,S2A_MSIL2A_20230609T100031_R122_T33UWP_20230609T173715,200,,0.0,0.0,5.27,0.0,0.0,0.0,0.0,11.38,83.27,0.08,0.0,10000,0,0.0,20000.00000000035,20000.00000000093,0.7317676544189453,94.72999999999999,,0.0,0.0,0.054199999999999804,0.0,0.0,0.0,-0.0004,0.057000000000000384,-0.10810000000000741,-0.002699999999999994,0.0,-0.05380000000000962,0.054199999999999804,20000.0
18103,T33UWP_20000_18,S2A_MSIL2A_20230609T100031_R122_T33UWP_20230609T173715,500,,0.0,0.0,5.0,0.0,0.0,0.0,0.0,11.0625,83.875,0.0625,0.0,1600,0,0.0,20000.00000000035,20000.00000000093,0.7268433570861816,95.0,,0.0,0.0,-0.21579999999999977,0.0,0.0,0.0,-0.0004,-0.2605000000000004,0.49689999999999657,-0.020199999999999996,0.0,0.21620000000000061,0.21620000000000061,20000.0
18116,T33UWP_20000_18,S2A_MSIL2A_20230609T100031_R122_T33UWP_20230609T173715,1000,,0.0,0.0,5.0,0.0,0.0,0.0,0.0,13.75,81.25,0.0,0.0,400,0,0.0,20000.00000000035,20000.00000000093,0.7859480381011963,95.0,,0.0,0.0,-0.21579999999999977,0.0,0.0,0.0,-0.0004,2.4269999999999996,-2.1281000000000034,-0.0827,0.0,0.21620000000000061,0.21620000000000061,20000.0
18054,T33UWP_20000_18,S2A_MSIL2A_20230616T095031_R079_T33UWP_20230616T172735,20,,0.0,0.0209,11.8359,71.8034,1.4228,0.0,0.369,8.0448,6.4983,0.0049,0.0,1000000,0,0.0,20000.00000000035,20000.00000000093,1.131387710571289,14.548,,0.0,0.0,0.0,0.0,0.0,0.0,0.0,0.0,0.0,0.0,0.0,0.0,0.0,20000.0
18067,T33UWP_20000_18,S2A_MSIL2A_20230616T095031_R079_T33UWP_20230616T172735,50,,0.0,0.018125,11.84,71.77625,1.443125,0.0,0.3625,8.09875,6.455,0.00625,0.0,160000,0,0.0,20000.00000000035,20000.00000000093,0.8605825901031494,14.56,,0.0,-0.0027749999999999997,0.004099999999999326,-0.027149999999991792,0.020324999999999926,0.0,-0.006500000000000006,0.05395000000000039,-0.04330000000000034,0.0013500000000000005,0.0,0.012000000000000455,0.027149999999991792,20000.0
18080,T33UWP_20000_18,S2A_MSIL2A_20230616T095031_R079_T33UWP_20230616T172735,100,,0.0,0.0225,11.8125,71.8525,1.4175,0.0,0.3625,8.085,6.4425,0.005,0.0,40000,0,0.0,20000.00000000035,20000.00000000093,0.7939307689666748,14.5325,,0.0,0.0016000000000000007,-0.02340000000000053,0.049100000000009913,-0.005300000000000082,0.0,-0.006500000000000006,0.04020000000000046,-0.055800000000000516,0.00010000000000000026,0.0,-0.015499999999999403,0.049100000000009913,20000.0
18093,T33UWP_20000_18,S2A_MSIL2A_20230616T095031_R079_T33UWP_20230616T172735,200,,0.0,0.04,11.81,71.8,1.36,0.0,0.33,8.06,6.6,0.0,0.0,10000,0,0.0,20000.00000000035,20000.00000000093,0.7317676544189453,14.66,,0.0,0.019100000000000002,-0.025900000000000034,-0.0033999999999991815,-0.06279999999999997,0.0,-0.03899999999999998,0.015200000000000102,0.10169999999999924,-0.0049,0.0,0.1120000000000001,0.1120000000000001,20000.0
18106,T33UWP_20000_18,S2A_MSIL2A_20230616T095031_R079_T33UWP_20230616T172735,500,,0.0,0.0,11.25,71.9375,1.5,0.0,0.3125,8.25,6.75,0.0,0.0,1600,0,0.0,20000.00000000035,20000.00000000093,0.7268433570861816,15.0,,0.0,-0.0209,-0.5859000000000005,0.13410000000000366,0.07719999999999994,0.0,-0.056499999999999995,0.2051999999999996,0.2516999999999996,-0.0049,0.0,0.45199999999999996,0.5859000000000005,20000.0
18119,T33UWP_20000_18,S2A_MSIL2A_20230616T095031_R079_T33UWP_20230616T172735,1000,,0.0,0.0,12.75,71.25,1.75,0.0,0.25,8.25,5.75,0.0,0.0,400,0,0.0,20000.00000000035,20000.00000000093,0.7859480381011963,14.0,,0.0,-0.0209,0.9140999999999995,-0.5533999999999963,0.32719999999999994,0.0,-0.119,0.2051999999999996,-0.7483000000000004,-0.0049,0.0,-0.548,0.9140999999999995,20000.0
18055,T33UWP_20000_18,S2A_MSIL2A_20230619T100031_R122_T33UWP_20230619T172742,20,,0.0,0.0067,9.5995,26.8836,0.1961,0.0,0.4388,16.0124,19.2022,27.6607,0.0,1000000,0,0.0,20000.00000000035,20000.00000000093,1.131387710571289,62.8753,,0.0,0.0,0.0,0.0,0.0,0.0,0.0,0.0,0.0,0.0,0.0,0.0,0.0,20000.0
18068,T33UWP_20000_18,S2A_MSIL2A_20230619T100031_R122_T33UWP_20230619T172742,50,,0.0,0.00375,9.579375,26.886875,0.20625,0.0,0.454375,16.065,19.201875,27.6025,0.0,160000,0,0.0,20000.00000000035,20000.00000000093,0.8605825901031494,62.869375,,0.0,-0.0029500000000000004,-0.02012500000000017,0.0032749999999985846,0.010149999999999992,0.0,0.01557499999999995,0.052600000000001756,-0.00032500000000013074,-0.05819999999999936,0.0,-0.005925000000004843,0.02012500000000017,20000.0
18081,T33UWP_20000_18,S2A_MSIL2A_20230619T100031_R122_T33UWP_20230619T172742,100,,0.0,0.005,9.6075,26.9,0.21,0.0,0.42,16.0825,19.185,27.59,0.0,40000,0,0.0,20000.00000000035,20000.00000000093,0.7939307689666748,62.8575,,0.0,-0.0017000000000000001,0.007999999999999119,0.016399999999997306,0.013899999999999996,0.0,-0.01880000000000004,0.07010000000000005,-0.017200000000002547,-0.07069999999999865,0.0,-0.017800000000001148,0.01880000000000004,20000.0
18094,T33UWP_20000_18,S2A_MSIL2A_20230619T100031_R122_T33UWP_20230619T172742,200,,0.0,0.01,9.6,27.02,0.25,0.0,0.37,15.56,19.47,27.72,0.0,10000,0,0.0,20000.00000000035,20000.00000000093,0.7317676544189453,62.75,,0.0,0.0033,0.0004999999999988347,0.1363999999999983,0.0539,0.0,-0.06880000000000003,-0.452399999999999,0.2677999999999976,0.05930000000000035,0.0,-0.12530000000000285,0.1363999999999983,20000.0
18107,T33UWP_20000_18,S2A_MSIL2A_20230619T100031_R122_T33UWP_20230619T172742,500,,0.0,0.0,9.125,27.4375,0.125,0.0,0.5,16.0,19.5,27.3125,0.0,1600,0,0.0,20000.00000000035,20000.00000000093,0.7268433570861816,62.8125,,0.0,-0.0067,-0.4745000000000008,0.5538999999999987,-0.0711,0.0,0.06119999999999998,-0.012399999999999523,0.29779999999999873,-0.3481999999999985,0.0,-0.06280000000000285,0.5538999999999987,20000.0
18120,T33UWP_20000_18,S2A_MSIL2A_20230619T100031_R122_T33UWP_20230619T172742,1000,,0.0,0.0,9.5,26.75,0.5,0.0,0.25,16.25,18.25,28.5,0.0,400,0,0.0,20000.00000000035,20000.00000000093,0.7859480381011963,63.0,,0.0,-0.0067,-0.09950000000000081,-0.13360000000000127,0.3039,0.0,-0.18880000000000002,0.23760000000000048,-0.9522000000000013,0.8393000000000015,0.0,0.12469999999999715,0.3039,20000.0
18058,T33UWP_20000_18,S2A_MSIL2A_20230626T095031_R079_T33UWP_20230626T161132,20,,0.0,0.0079,16.9421,43.5564,0.7813,0.0,0.3819,11.8371,26.4933,0.0,0.0,1000000,0,0.0,20000.00000000035,20000.00000000093,1.131387710571289,38.3304,,0.0,0.0,0.0,0.0,0.0,0.0,0.0,0.0,0.0,0.0,0.0,0.0,0.0,20000.0
18071,T33UWP_20000_18,S2A_MSIL2A_20230626T095031_R079_T33UWP_20230626T161132,50,,0.0,0.00625,16.924375,43.546875,0.794375,0.0,0.3775,11.843125,26.5075,0.0,0.0,160000,0,0.0,20000.00000000035,20000.00000000093,0.8605825901031494,38.350625,,0.0,-0.0016500000000000004,-0.01772499999999866,-0.009524999999996453,0.013075000000000059,0.0,-0.004400000000000015,0.006025000000001057,0.01419999999999888,0.0,0.0,0.02022500000000349,0.02022500000000349,20000.0
18084,T33UWP_20000_18,S2A_MSIL2A_20230626T095031_R079_T33UWP_20230626T161132,100,,0.0,0.0025,16.91,43.5475,0.8175,0.0,0.3925,11.8125,26.5175,0.0,0.0,40000,0,0.0,20000.00000000035,20000.00000000093,0.7939307689666748,38.33,,0.0,-0.0054,-0.032099999999999795,-0.008899999999997021,0.03620000000000001,0.0,0.010599999999999998,-0.02459999999999951,0.02419999999999689,0.0,0.0,-0.00039999999999906777,0.03620000000000001,20000.0
18097,T33UWP_20000_18,S2A_MSIL2A_20230626T095031_R079_T33UWP_20230626T161132,200,,0.0,0.01,16.87,43.6,0.78,0.0,0.45,11.57,26.72,0.0,0.0,10000,0,0.0,20000.00000000035,20000.00000000093,0.7317676544189453,38.29,,0.0,0.0020999999999999994,-0.07209999999999894,0.04360000000000497,-0.0012999999999999678,0.0,0.0681,-0.2670999999999992,0.22669999999999746,0.0,0.0,-0.040399999999998215,0.07209999999999894,20000.0
18110,T33UWP_20000_18,S2A_MSIL2A_20230626T095031_R079_T33UWP_20230626T161132,500,,0.0,0.0,17.3125,42.1875,0.75,0.0,0.5,11.3125,27.9375,0.0,0.0,1600,0,0.0,20000.00000000035,20000.00000000093,0.7268433570861816,39.25,,0.0,-0.0079,0.37040000000000006,-1.3688999999999965,-0.031299999999999994,0.0,0.11809999999999998,-0.5245999999999995,1.4441999999999986,0.0,0.0,0.9196000000000026,1.3688999999999965,20000.0
18123,T33UWP_20000_18,S2A_MSIL2A_20230626T095031_R079_T33UWP_20230626T161132,1000,,0.0,0.0,18.25,41.75,1.25,0.0,0.25,10.75,27.75,0.0,0.0,400,0,0.0,20000.00000000035,20000.00000000093,0.7859480381011963,38.5,,0.0,-0.0079,1.3079,-1.8063999999999965,0.4687,0.0,-0.13190000000000002,-1.0870999999999995,1.2566999999999986,0.0,0.0,0.16960000000000264,1.8063999999999965,20000.0
18059,T33UWP_20000_18,S2A_MSIL2A_20230629T100031_R122_T33UWP_20230629T191411,20,,0.0,0.009,10.7346,79.743,1.2709,0.0006,0.4454,5.1684,2.5461,0.082,0.0,1000000,0,0.0,20000.00000000035,20000.00000000093,1.131387710571289,7.7965,,0.0,0.0,0.0,0.0,0.0,0.0,0.0,0.0,0.0,0.0,0.0,0.0,0.0,20000.0
18072,T33UWP_20000_18,S2A_MSIL2A_20230629T100031_R122_T33UWP_20230629T191411,50,,0.0,0.008125,10.736875,79.71875,1.280625,0.0,0.459375,5.15875,2.556875,0.080625,0.0,160000,0,0.0,20000.00000000035,20000.00000000093,0.8605825901031494,7.796250000000001,,0.0,-0.000874999999999999,0.002274999999999139,-0.024249999999994998,0.009724999999999984,-0.0006,0.01397499999999996,-0.009649999999999714,0.010774999999999757,-0.0013750000000000012,0.0,-0.00024999999999941735,0.024249999999994998,20000.0
18085,T33UWP_20000_18,S2A_MSIL2A_20230629T100031_R122_T33UWP_20230629T191411,100,,0.0,0.0075,10.7375,79.7025,1.3,0.0,0.445,5.175,2.5525,0.08,0.0,40000,0,0.0,20000.00000000035,20000.00000000093,0.7939307689666748,7.8075,,0.0,-0.0014999999999999996,0.0029000000000003467,-0.04049999999999443,0.029100000000000126,-0.0006,-0.00040000000000001146,0.006599999999999717,0.006400000000000183,-0.0020000000000000018,0.0,0.01100000000000012,0.04049999999999443,20000.0
18098,T33UWP_20000_18,S2A_MSIL2A_20230629T100031_R122_T33UWP_20230629T191411,200,,0.0,0.01,10.69,79.73,1.18,0.0,0.57,5.07,2.71,0.04,0.0,10000,0,0.0,20000.00000000035,20000.00000000093,0.7317676544189453,7.82,,0.0,0.0010000000000000009,-0.04460000000000086,-0.012999999999991019,-0.09089999999999998,-0.0006,0.12459999999999993,-0.09839999999999982,0.16389999999999993,-0.042,0.0,0.0235000000000003,0.12459999999999993,20000.0
18111,T33UWP_20000_18,S2A_MSIL2A_20230629T100031_R122_T33UWP_20230629T191411,500,,0.0,0.0625,10.6875,79.3125,1.6875,0.0,0.3125,5.3125,2.5625,0.0625,0.0,1600,0,0.0,20000.00000000035,20000.00000000093,0.7268433570861816,7.9375,,0.0,0.0535,-0.047100000000000364,-0.430499999999995,0.4166000000000001,-0.0006,-0.13290000000000002,0.1440999999999999,0.01639999999999997,-0.019500000000000003,0.0,0.14100000000000001,0.430499999999995,20000.0
18124,T33UWP_20000_18,S2A_MSIL2A_20230629T100031_R122_T33UWP_20230629T191411,1000,,0.0,0.0,12.75,76.5,1.5,0.0,0.25,6.25,2.75,0.0,0.0,400,0,0.0,20000.00000000035,20000.00000000093,0.7859480381011963,9.0,,0.0,-0.009,2.0153999999999996,-3.242999999999995,0.22910000000000008,-0.0006,-0.19540000000000002,1.0816,0.20389999999999997,-0.082,0.0,1.2035,3.242999999999995,20000.0
18048,T33UWP_20000_18,S2B_MSIL2A_20230601T094549_R079_T33UWP_20230601T163321,20,,0.0,0.056,2.8576,92.9064,1.711,0.0004,0.1024,1.448,0.8621,0.0561,0.0,1000000,0,0.0,20000.00000000035,20000.00000000093,1.131387710571289,2.3661999999999996,,0.0,0.0,0.0,0.0,0.0,0.0,0.0,0.0,0.0,0.0,0.0,0.0,0.0,20000.0
18061,T33UWP_20000_18,S2B_MSIL2A_20230601T094549_R079_T33UWP_20230601T163321,50,,0.0,0.054375,2.860625,92.915625,1.710625,0.0,0.09875,1.439375,0.865625,0.055,0.0,160000,0,0.0,20000.00000000035,20000.00000000093,0.8605825901031494,2.3600000000000003,,0.0,-0.0016250000000000014,0.0030250000000000554,0.009225000000000705,-0.0003750000000000142,-0.0004,-0.0036500000000000005,-0.008624999999999883,0.0035250000000000004,-0.0010999999999999968,0.0,-0.006199999999999317,0.009225000000000705,20000.0
18074,T33UWP_20000_18,S2B_MSIL2A_20230601T094549_R079_T33UWP_20230601T163321,100,,0.0,0.0525,2.8575,92.915,1.685,0.0,0.1075,1.4675,0.8525,0.0625,0.0,40000,0,0.0,20000.00000000035,20000.00000000093,0.7939307689666748,2.3825000000000003,,0.0,-0.003500000000000003,-0.00010000000000021103,0.008600000000001273,-0.026000000000000023,-0.0004,0.005099999999999993,0.019500000000000073,-0.009599999999999942,0.006400000000000003,0.0,0.016300000000000647,0.026000000000000023,20000.0
18087,T33UWP_20000_18,S2B_MSIL2A_20230601T094549_R079_T33UWP_20230601T163321,200,,0.0,0.04,2.83,93.09,1.62,0.0,0.09,1.53,0.77,0.03,0.0,10000,0,0.0,20000.00000000035,20000.00000000093,0.7317676544189453,2.3299999999999996,,0.0,-0.016,-0.02760000000000007,0.18359999999999843,-0.09099999999999997,-0.0004,-0.012400000000000008,0.08200000000000007,-0.09209999999999996,-0.026099999999999998,0.0,-0.03620000000000001,0.18359999999999843,20000.0
18100,T33UWP_20000_18,S2B_MSIL2A_20230601T094549_R079_T33UWP_20230601T163321,500,,0.0,0.0625,2.875,92.4375,1.875,0.0,0.3125,1.5625,0.875,0.0,0.0,1600,0,0.0,20000.00000000035,20000.00000000093,0.7268433570861816,2.4375,,0.0,0.006499999999999999,0.01739999999999986,-0.468900000000005,0.16399999999999992,-0.0004,0.2101,0.11450000000000005,0.012900000000000023,-0.0561,0.0,0.07130000000000036,0.468900000000005,20000.0
18113,T33UWP_20000_18,S2B_MSIL2A_20230601T094549_R079_T33UWP_20230601T163321,1000,,0.0,0.0,3.25,92.0,2.25,0.0,0.0,1.5,1.0,0.0,0.0,400,0,0.0,20000.00000000035,20000.00000000093,0.7859480381011963,2.5,,0.0,-0.056,0.39239999999999986,-0.906400000000005,0.5389999999999999,-0.0004,-0.1024,0.052000000000000046,0.13790000000000002,-0.0561,0.0,0.13380000000000036,0.906400000000005,20000.0
18049,T33UWP_20000_18,S2B_MSIL2A_20230604T095559_R122_T33UWP_20230604T174403,20,,0.0,0.0,0.0406,1.2486,2.527,0.0,1.3688,18.012,73.4514,3.3516,0.0,1000000,0,0.0,20000.00000000035,20000.00000000093,1.131387710571289,94.81500000000001,,0.0,0.0,0.0,0.0,0.0,0.0,0.0,0.0,0.0,0.0,0.0,0.0,0.0,20000.0
18062,T33UWP_20000_18,S2B_MSIL2A_20230604T095559_R122_T33UWP_20230604T174403,50,,0.0,0.0,0.041875,1.249375,2.535,0.0,1.355,18.0325,73.4375,3.34875,0.0,160000,0,0.0,20000.00000000035,20000.00000000093,0.8605825901031494,94.81875,,0.0,0.0,0.0012750000000000053,0.0007749999999999702,0.008000000000000007,0.0,-0.013800000000000034,0.02049999999999841,-0.013900000000006685,-0.002850000000000019,0.0,0.0037499999999823785,0.013800000000000034,20000.0
18075,T33UWP_20000_18,S2B_MSIL2A_20230604T095559_R122_T33UWP_20230604T174403,100,,0.0,0.0,0.0425,1.2475,2.5425,0.0,1.3775,17.9025,73.535,3.3525,0.0,40000,0,0.0,20000.00000000035,20000.00000000093,0.7939307689666748,94.79,,0.0,0.0,0.0019000000000000059,-0.0010999999999998789,0.015499999999999847,0.0,0.00869999999999993,-0.1095000000000006,0.0835999999999899,0.0009000000000001229,0.0,-0.025000000000005684,0.025000000000005684,20000.0
18088,T33UWP_20000_18,S2B_MSIL2A_20230604T095559_R122_T33UWP_20230604T174403,200,,0.0,0.0,0.03,1.25,2.52,0.0,1.39,18.14,73.49,3.18,0.0,10000,0,0.0,20000.00000000035,20000.00000000093,0.7317676544189453,94.81,,0.0,0.0,-0.010599999999999998,0.0014000000000000679,-0.007000000000000117,0.0,0.021199999999999886,0.1280000000000001,0.0385999999999882,-0.17159999999999975,0.0,-0.005000000000009663,0.021199999999999886,20000.0
18101,T33UWP_20000_18,S2B_MSIL2A_20230604T095559_R122_T33UWP_20230604T174403,500,,0.0,0.0,0.0,1.1875,2.375,0.0,1.0625,17.125,74.75,3.5,0.0,1600,0,0.0,20000.00000000035,20000.00000000093,0.7268433570861816,95.375,,0.0,0.0,-0.0406,-0.06109999999999993,-0.15200000000000014,0.0,-0.3063,-0.8870000000000005,1.2985999999999933,0.1484000000000001,0.0,0.5599999999999881,0.5599999999999881,20000.0
18114,T33UWP_20000_18,S2B_MSIL2A_20230604T095559_R122_T33UWP_20230604T174403,1000,,0.0,0.0,0.0,0.75,3.0,0.0,1.25,17.25,74.5,3.25,0.0,400,0,0.0,20000.00000000035,20000.00000000093,0.7859480381011963,95.0,,0.0,0.0,-0.0406,-0.49859999999999993,0.47299999999999986,0.0,-0.11880000000000002,-0.7620000000000005,1.0485999999999933,-0.10159999999999991,0.0,0.18499999999998806,0.49859999999999993,20000.0
18052,T33UWP_20000_18,S2B_MSIL2A_20230611T094549_R079_T33UWP_20230611T135320,20,,0.0,0.0,2.1514,0.0,0.0,0.0,0.0,1.5571,96.287,0.0045,0.0,1000000,0,0.0,20000.00000000035,20000.00000000093,1.131387710571289,97.8486,,0.0,0.0,0.0,0.0,0.0,0.0,0.0,0.0,0.0,0.0,0.0,0.0,0.0,20000.0
18065,T33UWP_20000_18,S2B_MSIL2A_20230611T094549_R079_T33UWP_20230611T135320,50,,0.0,0.0,2.161875,0.0,0.0,0.0,0.0,1.5525,96.28125,0.004375,0.0,160000,0,0.0,20000.00000000035,20000.00000000093,0.8605825901031494,97.83812499999999,,0.0,0.0,0.010475000000000012,0.0,0.0,0.0,0.0,-0.0045999999999999375,-0.005750000000006139,-0.00012499999999999924,0.0,-0.010475000000013779,0.010475000000013779,20000.0
18078,T33UWP_20000_18,S2B_MSIL2A_20230611T094549_R079_T33UWP_20230611T135320,100,,0.0,0.0,2.16,0.0,0.0,0.0,0.0,1.5525,96.2875,0.0,0.0,40000,0,0.0,20000.00000000035,20000.00000000093,0.7939307689666748,97.83999999999999,,0.0,0.0,0.008599999999999941,0.0,0.0,0.0,0.0,-0.0045999999999999375,0.0004999999999881766,-0.0045,0.0,-0.008600000000015484,0.008600000000015484,20000.0
18091,T33UWP_20000_18,S2B_MSIL2A_20230611T094549_R079_T33UWP_20230611T135320,200,,0.0,0.0,2.27,0.0,0.0,0.0,0.0,1.42,96.31,0.0,0.0,10000,0,0.0,20000.00000000035,20000.00000000093,0.7317676544189453,97.73,,0.0,0.0,0.11859999999999982,0.0,0.0,0.0,0.0,-0.1371,0.022999999999996135,-0.0045,0.0,-0.1186000000000007,0.1186000000000007,20000.0
18104,T33UWP_20000_18,S2B_MSIL2A_20230611T094549_R079_T33UWP_20230611T135320,500,,0.0,0.0,2.3125,0.0,0.0,0.0,0.0,1.875,95.8125,0.0,0.0,1600,0,0.0,20000.00000000035,20000.00000000093,0.7268433570861816,97.6875,,0.0,0.0,0.1610999999999998,0.0,0.0,0.0,0.0,0.31790000000000007,-0.47450000000000614,-0.0045,0.0,-0.16110000000000468,0.16110000000000468,20000.0
18117,T33UWP_20000_18,S2B_MSIL2A_20230611T094549_R079_T33UWP_20230611T135320,1000,,0.0,0.0,1.75,0.0,0.0,0.0,0.0,2.0,96.25,0.0,0.0,400,0,0.0,20000.00000000035,20000.00000000093,0.7859480381011963,98.25,,0.0,0.0,-0.4014000000000002,0.0,0.0,0.0,0.0,0.44290000000000007,-0.03700000000000614,-0.0045,0.0,0.4013999999999953,0.4014000000000002,20000.0
18053,T33UWP_20000_18,S2B_MSIL2A_20230614T095559_R122_T33UWP_20230614T142248,20,,0.0,0.0008,3.7958,6.8722,0.189,0.0,4.1269,23.5542,61.0266,0.4345,0.0,1000000,0,0.0,20000.00000000035,20000.00000000093,1.131387710571289,85.01530000000001,,0.0,0.0,0.0,0.0,0.0,0.0,0.0,0.0,0.0,0.0,0.0,0.0,0.0,20000.0
18066,T33UWP_20000_18,S2B_MSIL2A_20230614T095559_R122_T33UWP_20230614T142248,50,,0.0,0.000625,3.813125,6.87125,0.205,0.0,4.145,23.553125,60.974375,0.4375,0.0,160000,0,0.0,20000.00000000035,20000.00000000093,0.8605825901031494,84.965,,0.0,-0.00017500000000000003,0.017325000000000035,-0.0009500000000004505,0.015999999999999986,0.0,0.01809999999999956,-0.0010750000000001592,-0.052224999999999966,0.0030000000000000027,0.0,-0.05030000000000712,0.05030000000000712,20000.0
18079,T33UWP_20000_18,S2B_MSIL2A_20230614T095559_R122_T33UWP_20230614T142248,100,,0.0,0.0,3.8,6.8825,0.19,0.0,4.2,23.37,61.1125,0.445,0.0,40000,0,0.0,20000.00000000035,20000.00000000093,0.7939307689666748,84.9275,,0.0,-0.0008,0.0041999999999999815,0.010299999999999976,0.0010000000000000009,0.0,0.07310000000000016,-0.18420000000000059,0.0858999999999952,0.01050000000000001,0.0,-0.08780000000001564,0.08780000000001564,20000.0
18092,T33UWP_20000_18,S2B_MSIL2A_20230614T095559_R122_T33UWP_20230614T142248,200,,0.0,0.0,3.83,6.76,0.19,0.0,3.94,23.57,61.3,0.41,0.0,10000,0,0.0,20000.00000000035,20000.00000000093,0.7317676544189453,85.28,,0.0,-0.0008,0.03420000000000023,-0.11220000000000052,0.0010000000000000009,0.0,-0.18690000000000007,0.015799999999998704,0.2733999999999952,-0.024500000000000022,0.0,0.2646999999999906,0.2646999999999906,20000.0
18105,T33UWP_20000_18,S2B_MSIL2A_20230614T095559_R122_T33UWP_20230614T142248,500,,0.0,0.0,3.5,6.625,0.125,0.0,4.0625,21.6875,63.5,0.5,0.0,1600,0,0.0,20000.00000000035,20000.00000000093,0.7268433570861816,85.6875,,0.0,-0.0008,-0.29579999999999984,-0.2472000000000003,-0.064,0.0,-0.06440000000000001,-1.8667000000000016,2.473399999999998,0.0655,0.0,0.6721999999999895,0.6721999999999895,20000.0
18118,T33UWP_20000_18,S2B_MSIL2A_20230614T095559_R122_T33UWP_20230614T142248,1000,,0.0,0.0,3.75,7.5,0.0,0.0,4.25,24.75,59.5,0.25,0.0,400,0,0.0,20000.00000000035,20000.00000000093,0.7859480381011963,84.5,,0.0,-0.0008,-0.04579999999999984,0.6277999999999997,-0.189,0.0,0.12309999999999999,1.1957999999999984,-1.526600000000002,-0.1845,0.0,-0.5153000000000105,0.6277999999999997,20000.0
18056,T33UWP_20000_18,S2B_MSIL2A_20230621T094549_R079_T33UWP_20230621T143955,20,,0.0,0.0,1.7792,41.2313,0.7593,0.0,0.0042,8.7293,0.0798,47.4169,0.0,1000000,0,0.0,20000.00000000035,20000.00000000093,1.131387710571289,56.226,,0.0,0.0,0.0,0.0,0.0,0.0,0.0,0.0,0.0,0.0,0.0,0.0,0.0,20000.0
18069,T33UWP_20000_18,S2B_MSIL2A_20230621T094549_R079_T33UWP_20230621T143955,50,,0.0,0.0,1.781875,41.2375,0.75375,0.0,0.00625,8.734375,0.079375,47.406875,0.0,160000,0,0.0,20000.00000000035,20000.00000000093,0.8605825901031494,56.220625,,0.0,0.0,0.002675000000000205,0.006199999999999761,-0.005549999999999944,0.0,0.0020500000000000006,0.005074999999999719,-0.0004249999999999948,-0.01002499999999884,0.0,-0.005375000000000796,0.006199999999999761,20000.0
18082,T33UWP_20000_18,S2B_MSIL2A_20230621T094549_R079_T33UWP_20230621T143955,100,,0.0,0.0,1.805,41.1925,0.76,0.0,0.0075,8.71,0.0725,47.4525,0.0,40000,0,0.0,20000.00000000035,20000.00000000093,0.7939307689666748,56.235,,0.0,0.0,0.025800000000000045,-0.03879999999999484,0.0007000000000000339,0.0,0.0033,-0.01929999999999943,-0.007300000000000001,0.035600000000002296,0.0,0.009000000000000341,0.03879999999999484,20000.0
18095,T33UWP_20000_18,S2B_MSIL2A_20230621T094549_R079_T33UWP_20230621T143955,200,,0.0,0.0,1.82,41.76,0.69,0.0,0.0,8.48,0.08,47.17,0.0,10000,0,0.0,20000.00000000035,20000.00000000093,0.7317676544189453,55.730000000000004,,0.0,0.0,0.04080000000000017,0.5287000000000006,-0.06930000000000003,0.0,-0.0042,-0.24929999999999986,0.00020000000000000573,-0.24689999999999657,0.0,-0.4959999999999951,0.5287000000000006,20000.0
18108,T33UWP_20000_18,S2B_MSIL2A_20230621T094549_R079_T33UWP_20230621T143955,500,,0.0,0.0,1.6875,41.125,1.25,0.0,0.0625,8.875,0.125,46.875,0.0,1600,0,0.0,20000.00000000035,20000.00000000093,0.7268433570861816,55.875,,0.0,0.0,-0.09169999999999989,-0.1062999999999974,0.4907,0.0,0.0583,0.14569999999999972,0.045200000000000004,-0.5418999999999983,0.0,-0.3509999999999991,0.4907,20000.0
18121,T33UWP_20000_18,S2B_MSIL2A_20230621T094549_R079_T33UWP_20230621T143955,1000,,0.0,0.0,2.5,41.75,1.5,0.0,0.0,8.75,0.0,45.5,0.0,400,0,0.0,20000.00000000035,20000.00000000093,0.7859480381011963,54.25,,0.0,0.0,0.7208000000000001,0.5187000000000026,0.7407,0.0,-0.0042,0.02069999999999972,-0.0798,-1.9168999999999983,0.0,-1.975999999999999,1.975999999999999,20000.0
18057,T33UWP_20000_18,S2B_MSIL2A_20230624T095559_R122_T33UWP_20230624T142946,20,,0.0,0.0,0.1422,0.0,0.0,0.0,0.0,1.6441,98.2137,0.0,0.0,1000000,0,0.0,20000.00000000035,20000.00000000093,1.131387710571289,99.8578,,0.0,0.0,0.0,0.0,0.0,0.0,0.0,0.0,0.0,0.0,0.0,0.0,0.0,20000.0
18070,T33UWP_20000_18,S2B_MSIL2A_20230624T095559_R122_T33UWP_20230624T142946,50,,0.0,0.0,0.138125,0.0,0.0,0.0,0.0,1.646875,98.215,0.0,0.0,160000,0,0.0,20000.00000000035,20000.00000000093,0.8605825901031494,99.861875,,0.0,0.0,-0.004074999999999995,0.0,0.0,0.0,0.0,0.002775000000000194,0.001300000000000523,0.0,0.0,0.004075000000000273,0.004075000000000273,20000.0
18083,T33UWP_20000_18,S2B_MSIL2A_20230624T095559_R122_T33UWP_20230624T142946,100,,0.0,0.0,0.1325,0.0,0.0,0.0,0.0,1.6525,98.215,0.0,0.0,40000,0,0.0,20000.00000000035,20000.00000000093,0.7939307689666748,99.8675,,0.0,0.0,-0.009699999999999986,0.0,0.0,0.0,0.0,0.008400000000000185,0.001300000000000523,0.0,0.0,0.009700000000009368,0.009700000000009368,20000.0
18096,T33UWP_20000_18,S2B_MSIL2A_20230624T095559_R122_T33UWP_20230624T142946,200,,0.0,0.0,0.15,0.0,0.0,0.0,0.0,1.69,98.16,0.0,0.0,10000,0,0.0,20000.00000000035,20000.00000000093,0.7317676544189453,99.85,,0.0,0.0,0.007800000000000001,0.0,0.0,0.0,0.0,0.04590000000000005,-0.0537000000000063,0.0,0.0,-0.007800000000003138,0.007800000000003138,20000.0
18109,T33UWP_20000_18,S2B_MSIL2A_20230624T095559_R122_T33UWP_20230624T142946,500,,0.0,0.0,0.125,0.0,0.0,0.0,0.0,1.375,98.5,0.0,0.0,1600,0,0.0,20000.00000000035,20000.00000000093,0.7268433570861816,99.875,,0.0,0.0,-0.017199999999999993,0.0,0.0,0.0,0.0,-0.2690999999999999,0.2862999999999971,0.0,0.0,0.017200000000002547,0.017200000000002547,20000.0
18122,T33UWP_20000_18,S2B_MSIL2A_20230624T095559_R122_T33UWP_20230624T142946,1000,,0.0,0.0,0.25,0.0,0.0,0.0,0.0,1.5,98.25,0.0,0.0,400,0,0.0,20000.00000000035,20000.00000000093,0.7859480381011963,99.75,,0.0,0.0,0.1078,0.0,0.0,0.0,0.0,-0.1440999999999999,0.03629999999999711,0.0,0.0,-0.10779999999999745,0.1078,20000.0
18060,T33UWP_20000_18,S2B_MSIL2A_20230701T094549_R079_T33UWP_20230701T152448,20,,0.0,0.0,0.0,0.0,0.0,0.0,0.0,0.1018,99.8982,0.0,0.0,1000000,0,0.0,20000.00000000035,20000.00000000093,1.131387710571289,100.0,,0.0,0.0,0.0,0.0,0.0,0.0,0.0,0.0,0.0,0.0,0.0,0.0,0.0,20000.0
18073,T33UWP_20000_18,S2B_MSIL2A_20230701T094549_R079_T33UWP_20230701T152448,50,,0.0,0.0,0.0,0.0,0.0,0.0,0.0,0.105625,99.894375,0.0,0.0,160000,0,0.0,20000.00000000035,20000.00000000093,0.8605825901031494,100.0,,0.0,0.0,0.0,0.0,0.0,0.0,0.0,0.003824999999999995,-0.0038250000000061846,0.0,0.0,0.0,0.0,20000.0
18086,T33UWP_20000_18,S2B_MSIL2A_20230701T094549_R079_T33UWP_20230701T152448,100,,0.0,0.0,0.0,0.0,0.0,0.0,0.0,0.1125,99.8875,0.0,0.0,40000,0,0.0,20000.00000000035,20000.00000000093,0.7939307689666748,100.0,,0.0,0.0,0.0,0.0,0.0,0.0,0.0,0.010700000000000001,-0.010699999999999932,0.0,0.0,0.0,0.0,20000.0
18099,T33UWP_20000_18,S2B_MSIL2A_20230701T094549_R079_T33UWP_20230701T152448,200,,0.0,0.0,0.0,0.0,0.0,0.0,0.0,0.07,99.93,0.0,0.0,10000,0,0.0,20000.00000000035,20000.00000000093,0.7317676544189453,100.0,,0.0,0.0,0.0,0.0,0.0,0.0,0.0,-0.031799999999999995,0.03180000000000405,0.0,0.0,0.0,0.0,20000.0
18112,T33UWP_20000_18,S2B_MSIL2A_20230701T094549_R079_T33UWP_20230701T152448,500,,0.0,0.0,0.0,0.0,0.0,0.0,0.0,0.0,100.0,0.0,0.0,1600,0,0.0,20000.00000000035,20000.00000000093,0.7268433570861816,100.0,,0.0,0.0,0.0,0.0,0.0,0.0,0.0,-0.1018,0.10179999999999723,0.0,0.0,0.0,0.0,20000.0
18125,T33UWP_20000_18,S2B_MSIL2A_20230701T094549_R079_T33UWP_20230701T152448,1000,,0.0,0.0,0.0,0.0,0.0,0.0,0.0,0.0,100.0,0.0,0.0,400,0,0.0,20000.00000000035,20000.00000000093,0.7859480381011963,100.0,,0.0,0.0,0.0,0.0,0.0,0.0,0.0,-0.1018,0.10179999999999723,0.0,0.0,0.0,0.0,20000.0
18128,T33UWP_20000_19,S2A_MSIL2A_20230606T095031_R079_T33UWP_20230606T162616,20,,0.0,0.0,0.2184,2.6044,1.4266,0.0,2.6171,9.6889,83.2082,0.2364,0.0,1000000,0,0.0,20000.00000000035,20000.000000001863,1.0667147636413574,93.13350000000001,,0.0,0.0,0.0,0.0,0.0,0.0,0.0,0.0,0.0,0.0,0.0,0.0,0.0,20000.0
18141,T33UWP_20000_19,S2A_MSIL2A_20230606T095031_R079_T33UWP_20230606T162616,50,,0.0,0.0,0.223125,2.5875,1.413125,0.0,2.635,9.6775,83.230625,0.233125,0.0,160000,0,0.0,20000.00000000035,20000.000000001863,0.8733062744140625,93.14125,,0.0,0.0,0.004724999999999979,-0.016900000000000137,-0.013475000000000126,0.0,0.017899999999999583,-0.011400000000000077,0.022424999999998363,-0.003275,0.0,0.007749999999987267,0.017899999999999583,20000.0
18154,T33UWP_20000_19,S2A_MSIL2A_20230606T095031_R079_T33UWP_20230606T162616,100,,0.0,0.0,0.22,2.59,1.4375,0.0,2.595,9.6625,83.2575,0.2375,0.0,40000,0,0.0,20000.00000000035,20000.000000001863,0.7533457279205322,93.15749999999998,,0.0,0.0,0.0015999999999999903,-0.01440000000000019,0.01089999999999991,0.0,-0.02210000000000001,-0.026400000000000645,0.04929999999998813,0.0010999999999999899,0.0,0.023999999999972488,0.023999999999972488,20000.0
18167,T33UWP_20000_19,S2A_MSIL2A_20230606T095031_R079_T33UWP_20230606T162616,200,,0.0,0.0,0.2,2.62,1.41,0.0,2.53,9.79,83.21,0.24,0.0,10000,0,0.0,20000.00000000035,20000.000000001863,0.7673475742340088,93.24,,0.0,0.0,-0.0184,0.015600000000000058,-0.01660000000000017,0.0,-0.0871000000000004,0.10109999999999886,0.0017999999999886995,0.003599999999999992,0.0,0.10649999999998272,0.10649999999998272,20000.0
18180,T33UWP_20000_19,S2A_MSIL2A_20230606T095031_R079_T33UWP_20230606T162616,500,,0.0,0.0,0.25,2.125,1.6875,0.0,2.5,10.125,83.0625,0.25,0.0,1600,0,0.0,20000.00000000035,20000.000000001863,0.7521119117736816,93.4375,,0.0,0.0,0.03159999999999999,-0.47940000000000005,0.2608999999999999,0.0,-0.1171000000000002,0.4360999999999997,-0.14570000000000505,0.013600000000000001,0.0,0.30399999999998784,0.47940000000000005,20000.0
18193,T33UWP_20000_19,S2A_MSIL2A_20230606T095031_R079_T33UWP_20230606T162616,1000,,0.0,0.0,0.0,1.5,2.0,0.0,2.75,10.25,83.25,0.25,0.0,400,0,0.0,20000.00000000035,20000.000000001863,0.7358629703521729,93.75,,0.0,0.0,-0.2184,-1.1044,0.5733999999999999,0.0,0.1328999999999998,0.5610999999999997,0.04179999999999495,0.013600000000000001,0.0,0.6164999999999878,1.1044,20000.0
18129,T33UWP_20000_19,S2A_MSIL2A_20230609T100031_R122_T33UWP_20230609T173715,20,,0.0,0.0,2.4524,0.0,0.0,0.0,0.0013,15.529,77.1489,4.8684,0.0,1000000,0,0.0,20000.00000000035,20000.000000001863,1.0667147636413574,97.54629999999999,,0.0,0.0,0.0,0.0,0.0,0.0,0.0,0.0,0.0,0.0,0.0,0.0,0.0,20000.0
18142,T33UWP_20000_19,S2A_MSIL2A_20230609T100031_R122_T33UWP_20230609T173715,50,,0.0,0.0,2.45125,0.0,0.0,0.0,0.0,15.525,77.159375,4.864375,0.0,160000,0,0.0,20000.00000000035,20000.000000001863,0.8733062744140625,97.54875,,0.0,0.0,-0.0011499999999999844,0.0,0.0,0.0,-0.0013,-0.0039999999999995595,0.010474999999999568,-0.004025000000000389,0.0,0.0024500000000102773,0.0024500000000102773,20000.0
18155,T33UWP_20000_19,S2A_MSIL2A_20230609T100031_R122_T33UWP_20230609T173715,100,,0.0,0.0,2.445,0.0,0.0,0.0,0.0,15.5275,77.1,4.9275,0.0,40000,0,0.0,20000.00000000035,20000.000000001863,0.7533457279205322,97.55499999999999,,0.0,0.0,-0.007400000000000073,0.0,0.0,0.0,-0.0013,-0.0015000000000000568,-0.048900000000003274,0.05909999999999993,0.0,0.008700000000004593,0.008700000000004593,20000.0
18168,T33UWP_20000_19,S2A_MSIL2A_20230609T100031_R122_T33UWP_20230609T173715,200,,0.0,0.0,2.39,0.0,0.0,0.0,0.0,15.49,77.24,4.88,0.0,10000,0,0.0,20000.00000000035,20000.000000001863,0.7673475742340088,97.60999999999999,,0.0,0.0,-0.06239999999999979,0.0,0.0,0.0,-0.0013,-0.0389999999999997,0.0910999999999973,0.01159999999999961,0.0,0.0636999999999972,0.0636999999999972,20000.0
18181,T33UWP_20000_19,S2A_MSIL2A_20230609T100031_R122_T33UWP_20230609T173715,500,,0.0,0.0,2.5,0.0,0.0,0.0,0.0,14.25,78.0625,5.1875,0.0,1600,0,0.0,20000.00000000035,20000.000000001863,0.7521119117736816,97.5,,0.0,0.0,0.04760000000000009,0.0,0.0,0.0,-0.0013,-1.279,0.9136000000000024,0.3190999999999997,0.0,-0.04629999999998802,0.04760000000000009,20000.0
18194,T33UWP_20000_19,S2A_MSIL2A_20230609T100031_R122_T33UWP_20230609T173715,1000,,0.0,0.0,2.25,0.0,0.0,0.0,0.0,15.25,76.75,5.75,0.0,400,0,0.0,20000.00000000035,20000.000000001863,0.7358629703521729,97.75,,0.0,0.0,-0.2023999999999999,0.0,0.0,0.0,-0.0013,-0.2789999999999999,-0.3988999999999976,0.8815999999999997,0.0,0.20370000000001198,0.20370000000001198,20000.0
18132,T33UWP_20000_19,S2A_MSIL2A_20230616T095031_R079_T33UWP_20230616T172735,20,,0.0,0.0024,8.5004,72.5392,1.461,0.0,0.3186,8.9356,6.1194,2.1234,0.0,1000000,0,0.0,20000.00000000035,20000.000000001863,1.0667147636413574,17.1784,,0.0,0.0,0.0,0.0,0.0,0.0,0.0,0.0,0.0,0.0,0.0,0.0,0.0,20000.0
18145,T33UWP_20000_19,S2A_MSIL2A_20230616T095031_R079_T33UWP_20230616T172735,50,,0.0,0.001875,8.488125,72.57125,1.44625,0.0,0.32875,8.92125,6.12,2.1225,0.0,160000,0,0.0,20000.00000000035,20000.000000001863,0.8733062744140625,17.16375,,0.0,-0.0005249999999999999,-0.012275000000000702,0.032050000000012346,-0.01475000000000004,0.0,0.010149999999999992,-0.014350000000000307,0.000600000000000378,-0.0009000000000001229,0.0,-0.014649999999999608,0.032050000000012346,20000.0
18158,T33UWP_20000_19,S2A_MSIL2A_20230616T095031_R079_T33UWP_20230616T172735,100,,0.0,0.0025,8.4275,72.705,1.3675,0.0,0.305,8.9125,6.1675,2.1125,0.0,40000,0,0.0,20000.00000000035,20000.000000001863,0.7533457279205322,17.1925,,0.0,0.00010000000000000026,-0.07290000000000063,0.1658000000000044,-0.09350000000000014,0.0,-0.013600000000000001,-0.02310000000000123,0.0481000000000007,-0.010900000000000354,0.0,0.014099999999999113,0.1658000000000044,20000.0
18171,T33UWP_20000_19,S2A_MSIL2A_20230616T095031_R079_T33UWP_20230616T172735,200,,0.0,0.0,8.66,72.52,1.43,0.0,0.34,9.09,5.93,2.03,0.0,10000,0,0.0,20000.00000000035,20000.000000001863,0.7673475742340088,17.05,,0.0,-0.0024,0.1595999999999993,-0.019199999999997885,-0.03100000000000014,0.0,0.02140000000000003,0.15439999999999898,-0.1894,-0.09340000000000037,0.0,-0.12839999999999918,0.1595999999999993,20000.0
18184,T33UWP_20000_19,S2A_MSIL2A_20230616T095031_R079_T33UWP_20230616T172735,500,,0.0,0.0,9.0,72.3125,1.625,0.0,0.1875,9.0,5.8125,2.0625,0.0,1600,0,0.0,20000.00000000035,20000.000000001863,0.7521119117736816,16.875,,0.0,-0.0024,0.49959999999999916,-0.2266999999999939,0.16399999999999992,0.0,-0.1311,0.06439999999999912,-0.30689999999999973,-0.060900000000000176,0.0,-0.3033999999999999,0.49959999999999916,20000.0
18197,T33UWP_20000_19,S2A_MSIL2A_20230616T095031_R079_T33UWP_20230616T172735,1000,,0.0,0.0,9.0,74.0,1.5,0.0,0.25,9.0,4.75,1.5,0.0,400,0,0.0,20000.00000000035,20000.000000001863,0.7358629703521729,15.25,,0.0,-0.0024,0.49959999999999916,1.460800000000006,0.038999999999999924,0.0,-0.0686,0.06439999999999912,-1.3693999999999997,-0.6234000000000002,0.0,-1.9284,1.9284,20000.0
18133,T33UWP_20000_19,S2A_MSIL2A_20230619T100031_R122_T33UWP_20230619T172742,20,,0.0,0.001,1.6586,51.5978,0.6166,0.0,0.0907,9.8374,11.9586,24.2393,0.0,1000000,0,0.0,20000.00000000035,20000.000000001863,1.0667147636413574,46.0353,,0.0,0.0,0.0,0.0,0.0,0.0,0.0,0.0,0.0,0.0,0.0,0.0,0.0,20000.0
18146,T33UWP_20000_19,S2A_MSIL2A_20230619T100031_R122_T33UWP_20230619T172742,50,,0.0,0.000625,1.65875,51.58875,0.610625,0.0,0.085625,9.8,11.9425,24.313125,0.0,160000,0,0.0,20000.00000000035,20000.000000001863,0.8733062744140625,46.055625,,0.0,-0.000375,0.00014999999999987246,-0.009050000000002001,-0.005975000000000064,0.0,-0.005074999999999996,-0.03739999999999988,-0.01609999999999978,0.07382499999999936,0.0,0.020324999999999704,0.020324999999999704,20000.0
18159,T33UWP_20000_19,S2A_MSIL2A_20230619T100031_R122_T33UWP_20230619T172742,100,,0.0,0.0,1.6675,51.6275,0.61,0.0,0.075,9.91,11.935,24.175,0.0,40000,0,0.0,20000.00000000035,20000.000000001863,0.7533457279205322,46.019999999999996,,0.0,-0.001,0.008899999999999908,0.029699999999998283,-0.00660000000000005,0.0,-0.015700000000000006,0.07259999999999955,-0.023600000000000065,-0.06429999999999936,0.0,-0.015300000000003422,0.029699999999998283,20000.0
18172,T33UWP_20000_19,S2A_MSIL2A_20230619T100031_R122_T33UWP_20230619T172742,200,,0.0,0.0,1.61,52.06,0.66,0.0,0.11,9.49,11.88,24.19,0.0,10000,0,0.0,20000.00000000035,20000.000000001863,0.7673475742340088,45.56,,0.0,-0.001,-0.04859999999999998,0.46220000000000283,0.043399999999999994,0.0,0.019299999999999998,-0.3474000000000004,-0.07859999999999978,-0.04929999999999879,0.0,-0.47529999999999717,0.47529999999999717,20000.0
18185,T33UWP_20000_19,S2A_MSIL2A_20230619T100031_R122_T33UWP_20230619T172742,500,,0.0,0.0,1.6875,50.625,0.875,0.0,0.0,9.6875,12.5625,24.5625,0.0,1600,0,0.0,20000.00000000035,20000.000000001863,0.7521119117736816,46.8125,,0.0,-0.001,0.028899999999999926,-0.9727999999999994,0.25839999999999996,0.0,-0.0907,-0.1499000000000006,0.6038999999999994,0.32319999999999993,0.0,0.7772000000000006,0.9727999999999994,20000.0
18198,T33UWP_20000_19,S2A_MSIL2A_20230619T100031_R122_T33UWP_20230619T172742,1000,,0.0,0.0,1.25,51.5,1.0,0.0,0.0,10.0,12.25,24.0,0.0,400,0,0.0,20000.00000000035,20000.000000001863,0.7358629703521729,46.25,,0.0,-0.001,-0.4086000000000001,-0.09779999999999944,0.38339999999999996,0.0,-0.0907,0.1625999999999994,0.29139999999999944,-0.23930000000000007,0.0,0.21470000000000056,0.4086000000000001,20000.0
18136,T33UWP_20000_19,S2A_MSIL2A_20230626T095031_R079_T33UWP_20230626T161132,20,,0.0,0.0046,5.9379,84.6055,1.4985,0.0,0.1089,4.3366,3.508,0.0,0.0,1000000,0,0.0,20000.00000000035,20000.000000001863,1.0667147636413574,7.8446,,0.0,0.0,0.0,0.0,0.0,0.0,0.0,0.0,0.0,0.0,0.0,0.0,0.0,20000.0
18149,T33UWP_20000_19,S2A_MSIL2A_20230626T095031_R079_T33UWP_20230626T161132,50,,0.0,0.004375,5.916875,84.62875,1.50125,0.0,0.108125,4.34125,3.499375,0.0,0.0,160000,0,0.0,20000.00000000035,20000.000000001863,0.8733062744140625,7.840624999999999,,0.0,-0.0002249999999999995,-0.02102499999999985,0.023249999999990223,0.00275000000000003,0.0,-0.0007749999999999979,0.004649999999999821,-0.008624999999999883,0.0,0.0,-0.003975000000000506,0.023249999999990223,20000.0
18162,T33UWP_20000_19,S2A_MSIL2A_20230626T095031_R079_T33UWP_20230626T161132,100,,0.0,0.005,5.905,84.6675,1.46,0.0,0.1225,4.3625,3.4775,0.0,0.0,40000,0,0.0,20000.00000000035,20000.000000001863,0.7533457279205322,7.84,,0.0,0.0004000000000000002,-0.03289999999999971,0.06199999999999761,-0.03849999999999998,0.0,0.013600000000000001,0.025900000000000034,-0.03049999999999997,0.0,0.0,-0.0045999999999999375,0.06199999999999761,20000.0
18175,T33UWP_20000_19,S2A_MSIL2A_20230626T095031_R079_T33UWP_20230626T161132,200,,0.0,0.01,5.83,84.79,1.4,0.0,0.14,4.33,3.5,0.0,0.0,10000,0,0.0,20000.00000000035,20000.000000001863,0.7673475742340088,7.83,,0.0,0.0054,-0.10789999999999988,0.1844999999999999,-0.09850000000000003,0.0,0.031100000000000017,-0.006599999999999717,-0.008000000000000007,0.0,0.0,-0.014599999999999724,0.1844999999999999,20000.0
18188,T33UWP_20000_19,S2A_MSIL2A_20230626T095031_R079_T33UWP_20230626T161132,500,,0.0,0.0625,6.125,85.125,1.0,0.0,0.1875,3.875,3.625,0.0,0.0,1600,0,0.0,20000.00000000035,20000.000000001863,0.7521119117736816,7.5,,0.0,0.0579,0.18710000000000004,0.5194999999999936,-0.49849999999999994,0.0,0.0786,-0.4615999999999998,0.11699999999999999,0.0,0.0,-0.3445999999999998,0.5194999999999936,20000.0
18201,T33UWP_20000_19,S2A_MSIL2A_20230626T095031_R079_T33UWP_20230626T161132,1000,,0.0,0.0,6.25,84.0,1.5,0.0,0.0,4.0,4.25,0.0,0.0,400,0,0.0,20000.00000000035,20000.000000001863,0.7358629703521729,8.25,,0.0,-0.0046,0.31210000000000004,-0.6055000000000064,0.0015000000000000568,0.0,-0.1089,-0.3365999999999998,0.742,0.0,0.0,0.4054000000000002,0.6055000000000064,20000.0
18137,T33UWP_20000_19,S2A_MSIL2A_20230629T100031_R122_T33UWP_20230629T191411,20,,0.0,0.0026000026000026,2.715902715902716,93.93189393189394,1.4008014008014007,0.0,0.1138001138001138,1.2806012806012805,0.541000541000541,0.0134000134000134,0.0,1000000,1,0.0001,20000.00000000035,20000.000000001863,1.0667147636413574,1.835001835001835,,0.0,0.0,0.0,0.0,0.0,0.0,0.0,0.0,0.0,0.0,0.0,0.0,0.0,20000.0
18150,T33UWP_20000_19,S2A_MSIL2A_20230629T100031_R122_T33UWP_20230629T191411,50,,0.0,0.003125,2.7025,93.95875,1.3775,0.0,0.111875,1.279375,0.5525,0.014375,0.0,160000,0,0.0,20000.00000000035,20000.000000001863,0.8733062744140625,1.84625,,0.0,0.0005249973999974004,-0.013402715902715912,0.02685606810605634,-0.02330140080140075,0.0,-0.0019251138001138007,-0.001226280601280605,0.011499458999459033,0.0009749865999866009,0.0,0.011248164998165056,0.02685606810605634,20000.0
18163,T33UWP_20000_19,S2A_MSIL2A_20230629T100031_R122_T33UWP_20230629T191411,100,,0.0,0.0025,2.695,93.915,1.43,0.0,0.1175,1.2775,0.55,0.0125,0.0,40000,0,0.0,20000.00000000035,20000.000000001863,0.7533457279205322,1.84,,0.0,-0.00010000260000259976,-0.020902715902716196,-0.01689393189393229,0.02919859919859924,0.0,0.0036998861998861904,-0.003101280601280454,0.008999458999459087,-0.000900013400013399,0.0,0.004998164998165189,0.02919859919859924,20000.0
18176,T33UWP_20000_19,S2A_MSIL2A_20230629T100031_R122_T33UWP_20230629T191411,200,,0.0,0.01,2.75,93.98,1.32,0.0,0.13,1.21,0.59,0.01,0.0,10000,0,0.0,20000.00000000035,20000.000000001863,0.7673475742340088,1.8099999999999998,,0.0,0.0073999973999974,0.034097284097283964,0.048106068106065436,-0.08080140080140064,0.0,0.0161998861998862,-0.07060128060128057,0.04899945899945901,-0.0034000134000133995,0.0,-0.02500183500183506,0.08080140080140064,20000.0
18189,T33UWP_20000_19,S2A_MSIL2A_20230629T100031_R122_T33UWP_20230629T191411,500,,0.0,0.0,2.75,93.625,1.5,0.0,0.25,1.4375,0.4375,0.0,0.0,1600,0,0.0,20000.00000000035,20000.000000001863,0.7521119117736816,1.875,,0.0,-0.0026000026000026,0.034097284097283964,-0.30689393189393854,0.0991985991985993,0.0,0.1361998861998862,0.15689871939871947,-0.10350054100054096,-0.0134000134000134,0.0,0.03999816499816511,0.30689393189393854,20000.0
18202,T33UWP_20000_19,S2A_MSIL2A_20230629T100031_R122_T33UWP_20230629T191411,1000,,0.0,0.0,3.25,93.0,2.25,0.0,0.0,1.25,0.25,0.0,0.0,400,0,0.0,20000.00000000035,20000.000000001863,0.7358629703521729,1.5,,0.0,-0.0026000026000026,0.534097284097284,-0.9318939318939385,0.8491985991985993,0.0,-0.1138001138001138,-0.030601280601280534,-0.29100054100054096,-0.0134000134000134,0.0,-0.3350018350018349,0.9318939318939385,20000.0
18126,T33UWP_20000_19,S2B_MSIL2A_20230601T094549_R079_T33UWP_20230601T163321,20,,0.0,0.0022,0.0705,98.375,1.5275,0.0001,0.0093,0.0139,0.0015,0.0,0.0,1000000,0,0.0,20000.00000000035,20000.000000001863,1.0667147636413574,0.015399999999999999,,0.0,0.0,0.0,0.0,0.0,0.0,0.0,0.0,0.0,0.0,0.0,0.0,0.0,20000.0
18139,T33UWP_20000_19,S2B_MSIL2A_20230601T094549_R079_T33UWP_20230601T163321,50,,0.0,0.0025,0.071875,98.375625,1.52625,0.0,0.009375,0.013125,0.00125,0.0,0.0,160000,0,0.0,20000.00000000035,20000.000000001863,0.8733062744140625,0.014374999999999999,,0.0,0.0002999999999999999,0.0013750000000000012,0.0006249999999994316,-0.0012499999999999734,-0.0001,7.500000000000041e-05,-0.0007749999999999996,-0.00025,0.0,0.0,-0.0010249999999999999,0.0013750000000000012,20000.0
18152,T33UWP_20000_19,S2B_MSIL2A_20230601T094549_R079_T33UWP_20230601T163321,100,,0.0,0.0025,0.0725,98.425,1.48,0.0,0.005,0.015,0.0,0.0,0.0,40000,0,0.0,20000.00000000035,20000.000000001863,0.7533457279205322,0.015,,0.0,0.0002999999999999999,0.0020000000000000018,0.04999999999999716,-0.0475000000000001,-0.0001,-0.004299999999999999,0.0011000000000000003,-0.0015,0.0,0.0,-0.0003999999999999993,0.04999999999999716,20000.0
18165,T33UWP_20000_19,S2B_MSIL2A_20230601T094549_R079_T33UWP_20230601T163321,200,,0.0,0.0,0.05,98.43,1.51,0.0,0.0,0.01,0.0,0.0,0.0,10000,0,0.0,20000.00000000035,20000.000000001863,0.7673475742340088,0.01,,0.0,-0.0022,-0.02049999999999999,0.05500000000000682,-0.01750000000000007,-0.0001,-0.0093,-0.003899999999999999,-0.0015,0.0,0.0,-0.0053999999999999986,0.05500000000000682,20000.0
18178,T33UWP_20000_19,S2B_MSIL2A_20230601T094549_R079_T33UWP_20230601T163321,500,,0.0,0.0,0.125,98.125,1.75,0.0,0.0,0.0,0.0,0.0,0.0,1600,0,0.0,20000.00000000035,20000.000000001863,0.7521119117736816,0.0,,0.0,-0.0022,0.05450000000000001,-0.25,0.22249999999999992,-0.0001,-0.0093,-0.0139,-0.0015,0.0,0.0,-0.015399999999999999,0.25,20000.0
18191,T33UWP_20000_19,S2B_MSIL2A_20230601T094549_R079_T33UWP_20230601T163321,1000,,0.0,0.0,0.0,97.75,2.25,0.0,0.0,0.0,0.0,0.0,0.0,400,0,0.0,20000.00000000035,20000.000000001863,0.7358629703521729,0.0,,0.0,-0.0022,-0.0705,-0.625,0.7224999999999999,-0.0001,-0.0093,-0.0139,-0.0015,0.0,0.0,-0.015399999999999999,0.7224999999999999,20000.0
18127,T33UWP_20000_19,S2B_MSIL2A_20230604T095559_R122_T33UWP_20230604T174403,20,,0.0,0.0,1.3312,24.1737,7.2902,0.0,7.649,29.289,21.9362,8.3307,0.0,1000000,0,0.0,20000.00000000035,20000.000000001863,1.0667147636413574,59.5559,,0.0,0.0,0.0,0.0,0.0,0.0,0.0,0.0,0.0,0.0,0.0,0.0,0.0,20000.0
18140,T33UWP_20000_19,S2B_MSIL2A_20230604T095559_R122_T33UWP_20230604T174403,50,,0.0,0.0,1.3225,24.183125,7.280625,0.0,7.666875,29.241875,21.9725,8.3325,0.0,160000,0,0.0,20000.00000000035,20000.000000001863,0.8733062744140625,59.546875,,0.0,0.0,-0.00869999999999993,0.009425000000000239,-0.00957499999999989,0.0,0.017875000000000085,-0.047125000000001194,0.036300000000000665,0.0017999999999993577,0.0,-0.009025000000001171,0.017875000000000085,20000.0
18153,T33UWP_20000_19,S2B_MSIL2A_20230604T095559_R122_T33UWP_20230604T174403,100,,0.0,0.0,1.3225,24.19,7.265,0.0,7.7375,29.2225,21.96,8.3025,0.0,40000,0,0.0,20000.00000000035,20000.000000001863,0.7533457279205322,59.48500000000001,,0.0,0.0,-0.00869999999999993,0.01630000000000109,-0.02519999999999989,0.0,0.0884999999999998,-0.06650000000000134,0.023800000000001376,-0.028200000000000003,0.0,-0.07089999999999463,0.0884999999999998,20000.0
18166,T33UWP_20000_19,S2B_MSIL2A_20230604T095559_R122_T33UWP_20230604T174403,200,,0.0,0.0,1.33,24.49,7.28,0.0,7.84,28.79,21.85,8.42,0.0,10000,0,0.0,20000.00000000035,20000.000000001863,0.7673475742340088,59.06,,0.0,0.0,-0.0011999999999998678,0.31629999999999825,-0.01019999999999932,0.0,0.19099999999999984,-0.49900000000000233,-0.08619999999999806,0.08929999999999971,0.0,-0.4958999999999989,0.4958999999999989,20000.0
18179,T33UWP_20000_19,S2B_MSIL2A_20230604T095559_R122_T33UWP_20230604T174403,500,,0.0,0.0,1.3125,23.875,7.5625,0.0,8.0625,28.0,21.875,9.3125,0.0,1600,0,0.0,20000.00000000035,20000.000000001863,0.7521119117736816,59.1875,,0.0,0.0,-0.01869999999999994,-0.2987000000000002,0.27230000000000043,0.0,0.4135,-1.2890000000000015,-0.06119999999999948,0.9817999999999998,0.0,-0.36840000000000117,0.4135,20000.0
18192,T33UWP_20000_19,S2B_MSIL2A_20230604T095559_R122_T33UWP_20230604T174403,1000,,0.0,0.0,1.5,24.75,7.75,0.0,8.5,30.25,18.75,8.5,0.0,400,0,0.0,20000.00000000035,20000.000000001863,0.7358629703521729,57.5,,0.0,0.0,0.16880000000000006,0.5762999999999998,0.45980000000000043,0.0,0.851,0.9609999999999985,-3.1861999999999995,0.16929999999999978,0.0,-2.055900000000001,2.055900000000001,20000.0
18130,T33UWP_20000_19,S2B_MSIL2A_20230611T094549_R079_T33UWP_20230611T135320,20,,0.0,0.0,0.0,0.0,0.0,0.0,0.0,0.0003,99.9997,0.0,0.0,1000000,0,0.0,20000.00000000035,20000.000000001863,1.0667147636413574,100.0,,0.0,0.0,0.0,0.0,0.0,0.0,0.0,0.0,0.0,0.0,0.0,0.0,0.0,20000.0
18143,T33UWP_20000_19,S2B_MSIL2A_20230611T094549_R079_T33UWP_20230611T135320,50,,0.0,0.0,0.0,0.0,0.0,0.0,0.0,0.000625,99.999375,0.0,0.0,160000,0,0.0,20000.00000000035,20000.000000001863,0.8733062744140625,100.0,,0.0,0.0,0.0,0.0,0.0,0.0,0.0,0.00032500000000000004,-0.00032500000000368345,0.0,0.0,0.0,0.0,20000.0
18156,T33UWP_20000_19,S2B_MSIL2A_20230611T094549_R079_T33UWP_20230611T135320,100,,0.0,0.0,0.0,0.0,0.0,0.0,0.0,0.0,100.0,0.0,0.0,40000,0,0.0,20000.00000000035,20000.000000001863,0.7533457279205322,100.0,,0.0,0.0,0.0,0.0,0.0,0.0,0.0,-0.0003,0.0002999999999957481,0.0,0.0,0.0,0.0,20000.0
18169,T33UWP_20000_19,S2B_MSIL2A_20230611T094549_R079_T33UWP_20230611T135320,200,,0.0,0.0,0.0,0.0,0.0,0.0,0.0,0.0,100.0,0.0,0.0,10000,0,0.0,20000.00000000035,20000.000000001863,0.7673475742340088,100.0,,0.0,0.0,0.0,0.0,0.0,0.0,0.0,-0.0003,0.0002999999999957481,0.0,0.0,0.0,0.0,20000.0
18182,T33UWP_20000_19,S2B_MSIL2A_20230611T094549_R079_T33UWP_20230611T135320,500,,0.0,0.0,0.0,0.0,0.0,0.0,0.0,0.0,100.0,0.0,0.0,1600,0,0.0,20000.00000000035,20000.000000001863,0.7521119117736816,100.0,,0.0,0.0,0.0,0.0,0.0,0.0,0.0,-0.0003,0.0002999999999957481,0.0,0.0,0.0,0.0,20000.0
18195,T33UWP_20000_19,S2B_MSIL2A_20230611T094549_R079_T33UWP_20230611T135320,1000,,0.0,0.0,0.0,0.0,0.0,0.0,0.0,0.0,100.0,0.0,0.0,400,0,0.0,20000.00000000035,20000.000000001863,0.7358629703521729,100.0,,0.0,0.0,0.0,0.0,0.0,0.0,0.0,-0.0003,0.0002999999999957481,0.0,0.0,0.0,0.0,20000.0
18131,T33UWP_20000_19,S2B_MSIL2A_20230614T095559_R122_T33UWP_20230614T142248,20,,0.0,0.0007,6.5584,16.7727,1.3375,0.0,4.0239,21.8996,48.8473,0.5599,0.0,1000000,0,0.0,20000.00000000035,20000.000000001863,1.0667147636413574,71.3068,,0.0,0.0,0.0,0.0,0.0,0.0,0.0,0.0,0.0,0.0,0.0,0.0,0.0,20000.0
18144,T33UWP_20000_19,S2B_MSIL2A_20230614T095559_R122_T33UWP_20230614T142248,50,,0.0,0.000625,6.555,16.77625,1.341875,0.0,4.009375,21.916875,48.838125,0.561875,0.0,160000,0,0.0,20000.00000000035,20000.000000001863,0.8733062744140625,71.316875,,0.0,-7.499999999999998e-05,-0.0034000000000000696,0.0035500000000006082,0.004375000000000018,0.0,-0.014524999999999899,0.017275000000001484,-0.009174999999999045,0.00197500000000006,0.0,0.0100750000000005,0.014524999999999899,20000.0
18157,T33UWP_20000_19,S2B_MSIL2A_20230614T095559_R122_T33UWP_20230614T142248,100,,0.0,0.0,6.57,16.845,1.2725,0.0,3.8675,22.0325,48.855,0.5575,0.0,40000,0,0.0,20000.00000000035,20000.000000001863,0.7533457279205322,71.445,,0.0,-0.0007,0.011600000000000499,0.07229999999999848,-0.06499999999999995,0.0,-0.1564000000000001,0.13289999999999935,0.007699999999999818,-0.0023999999999999577,0.0,0.13819999999999766,0.1564000000000001,20000.0
18170,T33UWP_20000_19,S2B_MSIL2A_20230614T095559_R122_T33UWP_20230614T142248,200,,0.0,0.0,6.59,16.85,1.26,0.0,4.33,21.73,48.74,0.5,0.0,10000,0,0.0,20000.00000000035,20000.000000001863,0.7673475742340088,70.97,,0.0,-0.0007,0.03160000000000007,0.07730000000000103,-0.0774999999999999,0.0,0.3060999999999998,-0.16959999999999908,-0.10729999999999507,-0.05989999999999995,0.0,-0.33679999999999666,0.33679999999999666,20000.0
18183,T33UWP_20000_19,S2B_MSIL2A_20230614T095559_R122_T33UWP_20230614T142248,500,,0.0,0.0,7.5,17.8125,1.3125,0.0,4.0625,20.0,48.9375,0.375,0.0,1600,0,0.0,20000.00000000035,20000.000000001863,0.7521119117736816,69.3125,,0.0,-0.0007,0.9416000000000002,1.0397999999999996,-0.02499999999999991,0.0,0.038599999999999746,-1.8995999999999995,0.09020000000000294,-0.18489999999999995,0.0,-1.9942999999999955,1.9942999999999955,20000.0
18196,T33UWP_20000_19,S2B_MSIL2A_20230614T095559_R122_T33UWP_20230614T142248,1000,,0.0,0.0,7.5,17.0,1.5,0.0,3.75,21.75,48.25,0.25,0.0,400,0,0.0,20000.00000000035,20000.000000001863,0.7358629703521729,70.25,,0.0,-0.0007,0.9416000000000002,0.2272999999999996,0.1625000000000001,0.0,-0.27390000000000025,-0.1495999999999995,-0.597299999999997,-0.30989999999999995,0.0,-1.0567999999999955,1.0567999999999955,20000.0
18134,T33UWP_20000_19,S2B_MSIL2A_20230621T094549_R079_T33UWP_20230621T143955,20,,0.0,0.0,0.0078,56.7831,0.3832,0.0,0.0004,0.0778,0.004,42.7437,0.0,1000000,0,0.0,20000.00000000035,20000.000000001863,1.0667147636413574,42.8255,,0.0,0.0,0.0,0.0,0.0,0.0,0.0,0.0,0.0,0.0,0.0,0.0,0.0,20000.0
18147,T33UWP_20000_19,S2B_MSIL2A_20230621T094549_R079_T33UWP_20230621T143955,50,,0.0,0.0,0.00875,56.779375,0.3775,0.0,0.0,0.085,0.00375,42.745625,0.0,160000,0,0.0,20000.00000000035,20000.000000001863,0.8733062744140625,42.834374999999994,,0.0,0.0,0.0009500000000000012,-0.0037249999999957595,-0.005699999999999983,0.0,-0.0004,0.007200000000000012,-0.0002500000000000002,0.0019249999999999545,0.0,0.008874999999996191,0.008874999999996191,20000.0
18160,T33UWP_20000_19,S2B_MSIL2A_20230621T094549_R079_T33UWP_20230621T143955,100,,0.0,0.0,0.005,56.915,0.3475,0.0,0.0,0.0775,0.005,42.65,0.0,40000,0,0.0,20000.00000000035,20000.000000001863,0.7533457279205322,42.7325,,0.0,0.0,-0.0027999999999999995,0.13190000000000168,-0.03570000000000001,0.0,-0.0004,-0.0002999999999999947,0.001,-0.09369999999999834,0.0,-0.09299999999999642,0.13190000000000168,20000.0
18173,T33UWP_20000_19,S2B_MSIL2A_20230621T094549_R079_T33UWP_20230621T143955,200,,0.0,0.0,0.01,57.05,0.44,0.0,0.0,0.07,0.01,42.42,0.0,10000,0,0.0,20000.00000000035,20000.000000001863,0.7673475742340088,42.5,,0.0,0.0,0.0022000000000000006,0.2668999999999997,0.05680000000000002,0.0,-0.0004,-0.0077999999999999875,0.006,-0.3236999999999952,0.0,-0.3254999999999981,0.3254999999999981,20000.0
18186,T33UWP_20000_19,S2B_MSIL2A_20230621T094549_R079_T33UWP_20230621T143955,500,,0.0,0.0,0.0,57.4375,0.4375,0.0,0.0,0.0625,0.0,42.0625,0.0,1600,0,0.0,20000.00000000035,20000.000000001863,0.7521119117736816,42.125,,0.0,0.0,-0.0078,0.6544000000000025,0.054300000000000015,0.0,-0.0004,-0.015299999999999994,-0.004,-0.6811999999999969,0.0,-0.7004999999999981,0.7004999999999981,20000.0
18199,T33UWP_20000_19,S2B_MSIL2A_20230621T094549_R079_T33UWP_20230621T143955,1000,,0.0,0.0,0.0,57.25,0.5,0.0,0.0,0.0,0.0,42.25,0.0,400,0,0.0,20000.00000000035,20000.000000001863,0.7358629703521729,42.25,,0.0,0.0,-0.0078,0.46690000000000254,0.11680000000000001,0.0,-0.0004,-0.0778,-0.004,-0.4936999999999969,0.0,-0.5754999999999981,0.5754999999999981,20000.0
18135,T33UWP_20000_19,S2B_MSIL2A_20230624T095559_R122_T33UWP_20230624T142946,20,,0.0,0.0,0.0,0.0,0.0,0.0,0.0,0.0228,99.9772,0.0,0.0,1000000,0,0.0,20000.00000000035,20000.000000001863,1.0667147636413574,100.0,,0.0,0.0,0.0,0.0,0.0,0.0,0.0,0.0,0.0,0.0,0.0,0.0,0.0,20000.0
18148,T33UWP_20000_19,S2B_MSIL2A_20230624T095559_R122_T33UWP_20230624T142946,50,,0.0,0.0,0.0,0.0,0.0,0.0,0.0,0.023125,99.976875,0.0,0.0,160000,0,0.0,20000.00000000035,20000.000000001863,0.8733062744140625,100.0,,0.0,0.0,0.0,0.0,0.0,0.0,0.0,0.0003249999999999989,-0.0003249999999894726,0.0,0.0,0.0,0.0,20000.0
18161,T33UWP_20000_19,S2B_MSIL2A_20230624T095559_R122_T33UWP_20230624T142946,100,,0.0,0.0,0.0,0.0,0.0,0.0,0.0,0.0225,99.9775,0.0,0.0,40000,0,0.0,20000.00000000035,20000.000000001863,0.7533457279205322,100.0,,0.0,0.0,0.0,0.0,0.0,0.0,0.0,-0.00030000000000000165,0.00030000000000995897,0.0,0.0,0.0,0.0,20000.0
18174,T33UWP_20000_19,S2B_MSIL2A_20230624T095559_R122_T33UWP_20230624T142946,200,,0.0,0.0,0.0,0.0,0.0,0.0,0.0,0.03,99.97,0.0,0.0,10000,0,0.0,20000.00000000035,20000.000000001863,0.7673475742340088,100.0,,0.0,0.0,0.0,0.0,0.0,0.0,0.0,0.007199999999999998,-0.007199999999997431,0.0,0.0,0.0,0.0,20000.0
18187,T33UWP_20000_19,S2B_MSIL2A_20230624T095559_R122_T33UWP_20230624T142946,500,,0.0,0.0,0.0,0.0,0.0,0.0,0.0,0.0,100.0,0.0,0.0,1600,0,0.0,20000.00000000035,20000.000000001863,0.7521119117736816,100.0,,0.0,0.0,0.0,0.0,0.0,0.0,0.0,-0.0228,0.022800000000003706,0.0,0.0,0.0,0.0,20000.0
18200,T33UWP_20000_19,S2B_MSIL2A_20230624T095559_R122_T33UWP_20230624T142946,1000,,0.0,0.0,0.0,0.0,0.0,0.0,0.0,0.0,100.0,0.0,0.0,400,0,0.0,20000.00000000035,20000.000000001863,0.7358629703521729,100.0,,0.0,0.0,0.0,0.0,0.0,0.0,0.0,-0.0228,0.022800000000003706,0.0,0.0,0.0,0.0,20000.0
18138,T33UWP_20000_19,S2B_MSIL2A_20230701T094549_R079_T33UWP_20230701T152448,20,,0.0,0.0,0.0,0.0,0.0,0.0,0.0,0.0,100.0,0.0,0.0,1000000,0,0.0,20000.00000000035,20000.000000001863,1.0667147636413574,100.0,,0.0,0.0,0.0,0.0,0.0,0.0,0.0,0.0,0.0,0.0,0.0,0.0,0.0,20000.0
18151,T33UWP_20000_19,S2B_MSIL2A_20230701T094549_R079_T33UWP_20230701T152448,50,,0.0,0.0,0.0,0.0,0.0,0.0,0.0,0.0,100.0,0.0,0.0,160000,0,0.0,20000.00000000035,20000.000000001863,0.8733062744140625,100.0,,0.0,0.0,0.0,0.0,0.0,0.0,0.0,0.0,0.0,0.0,0.0,0.0,0.0,20000.0
18164,T33UWP_20000_19,S2B_MSIL2A_20230701T094549_R079_T33UWP_20230701T152448,100,,0.0,0.0,0.0,0.0,0.0,0.0,0.0,0.0,100.0,0.0,0.0,40000,0,0.0,20000.00000000035,20000.000000001863,0.7533457279205322,100.0,,0.0,0.0,0.0,0.0,0.0,0.0,0.0,0.0,0.0,0.0,0.0,0.0,0.0,20000.0
18177,T33UWP_20000_19,S2B_MSIL2A_20230701T094549_R079_T33UWP_20230701T152448,200,,0.0,0.0,0.0,0.0,0.0,0.0,0.0,0.0,100.0,0.0,0.0,10000,0,0.0,20000.00000000035,20000.000000001863,0.7673475742340088,100.0,,0.0,0.0,0.0,0.0,0.0,0.0,0.0,0.0,0.0,0.0,0.0,0.0,0.0,20000.0
18190,T33UWP_20000_19,S2B_MSIL2A_20230701T094549_R079_T33UWP_20230701T152448,500,,0.0,0.0,0.0,0.0,0.0,0.0,0.0,0.0,100.0,0.0,0.0,1600,0,0.0,20000.00000000035,20000.000000001863,0.7521119117736816,100.0,,0.0,0.0,0.0,0.0,0.0,0.0,0.0,0.0,0.0,0.0,0.0,0.0,0.0,20000.0
18203,T33UWP_20000_19,S2B_MSIL2A_20230701T094549_R079_T33UWP_20230701T152448,1000,,0.0,0.0,0.0,0.0,0.0,0.0,0.0,0.0,100.0,0.0,0.0,400,0,0.0,20000.00000000035,20000.000000001863,0.7358629703521729,100.0,,0.0,0.0,0.0,0.0,0.0,0.0,0.0,0.0,0.0,0.0,0.0,0.0,0.0,20000.0
17473,T33UWP_20000_2,S2A_MSIL2A_20230609T100031_R122_T33UWP_20230609T173715,20,,0.0,0.0,0.0,0.0,0.0,0.0,0.0,40.3772,58.9089,0.7139,0.0,1000000,0,0.0,20000.000000000175,20000.0,0.5317203998565674,100.0,,0.0,0.0,0.0,0.0,0.0,0.0,0.0,0.0,0.0,0.0,0.0,0.0,0.0,20000.0
17479,T33UWP_20000_2,S2A_MSIL2A_20230609T100031_R122_T33UWP_20230609T173715,50,,0.0,0.0,0.0,0.0,0.0,0.0,0.0,40.3875,58.904375,0.708125,0.0,160000,0,0.0,20000.000000000175,20000.0,0.3996541500091553,100.0,,0.0,0.0,0.0,0.0,0.0,0.0,0.0,0.010300000000000864,-0.0045250000000010004,-0.005774999999999975,0.0,0.0,0.0,20000.0
17485,T33UWP_20000_2,S2A_MSIL2A_20230609T100031_R122_T33UWP_20230609T173715,100,,0.0,0.0,0.0,0.0,0.0,0.0,0.0,40.3875,58.9125,0.7,0.0,40000,0,0.0,20000.000000000175,20000.0,0.41246509552001953,100.00000000000001,,0.0,0.0,0.0,0.0,0.0,0.0,0.0,0.010300000000000864,0.0035999999999987153,-0.013900000000000023,0.0,1.4210854715202004e-14,1.4210854715202004e-14,20000.0
17491,T33UWP_20000_2,S2A_MSIL2A_20230609T100031_R122_T33UWP_20230609T173715,200,,0.0,0.0,0.0,0.0,0.0,0.0,0.0,40.63,58.7,0.67,0.0,10000,0,0.0,20000.000000000175,20000.0,0.41007351875305176,100.00000000000001,,0.0,0.0,0.0,0.0,0.0,0.0,0.0,0.2528000000000006,-0.20889999999999986,-0.04389999999999994,0.0,1.4210854715202004e-14,1.4210854715202004e-14,20000.0
17497,T33UWP_20000_2,S2A_MSIL2A_20230609T100031_R122_T33UWP_20230609T173715,500,,0.0,0.0,0.0,0.0,0.0,0.0,0.0,39.8125,59.4375,0.75,0.0,1600,0,0.0,20000.000000000175,20000.0,0.4141733646392822,100.0,,0.0,0.0,0.0,0.0,0.0,0.0,0.0,-0.564700000000002,0.5285999999999973,0.03610000000000002,0.0,0.0,0.0,20000.0
17503,T33UWP_20000_2,S2A_MSIL2A_20230609T100031_R122_T33UWP_20230609T173715,1000,,0.0,0.0,0.0,0.0,0.0,0.0,0.0,39.75,59.25,1.0,0.0,400,0,0.0,20000.000000000175,20000.0,0.4168076515197754,100.0,,0.0,0.0,0.0,0.0,0.0,0.0,0.0,-0.627200000000002,0.3410999999999973,0.2861,0.0,0.0,0.0,20000.0
17475,T33UWP_20000_2,S2A_MSIL2A_20230619T100031_R122_T33UWP_20230619T172742,20,,0.0,0.0085,1.6248,46.8439,4.9925,0.5429,1.1754,9.794,18.7694,16.2486,0.0,1000000,0,0.0,20000.000000000175,20000.0,0.5317203998565674,44.812,,0.0,0.0,0.0,0.0,0.0,0.0,0.0,0.0,0.0,0.0,0.0,0.0,0.0,20000.0
17481,T33UWP_20000_2,S2A_MSIL2A_20230619T100031_R122_T33UWP_20230619T172742,50,,0.0,0.006875,1.634375,46.7825,5.039375,0.535625,1.179375,9.79,18.77875,16.253125,0.0,160000,0,0.0,20000.000000000175,20000.0,0.3996541500091553,44.821875,,0.0,-0.0016250000000000006,0.00957499999999989,-0.06139999999999901,0.046875,-0.0072750000000000314,0.003975000000000062,-0.004000000000001336,0.009349999999997749,0.0045250000000010004,0.0,0.009875000000000966,0.06139999999999901,20000.0
17487,T33UWP_20000_2,S2A_MSIL2A_20230619T100031_R122_T33UWP_20230619T172742,100,,0.0,0.0125,1.6375,46.805,5.07,0.5125,1.0925,9.73,18.8425,16.2975,0.0,40000,0,0.0,20000.000000000175,20000.0,0.41246509552001953,44.870000000000005,,0.0,0.004,0.012699999999999934,-0.03889999999999816,0.07750000000000057,-0.030400000000000094,-0.08289999999999997,-0.06400000000000006,0.07310000000000016,0.04889999999999972,0.0,0.058000000000006935,0.08289999999999997,20000.0
17493,T33UWP_20000_2,S2A_MSIL2A_20230619T100031_R122_T33UWP_20230619T172742,200,,0.0,0.02,1.6,47.22,5.02,0.58,1.11,9.77,18.39,16.29,0.0,10000,0,0.0,20000.000000000175,20000.0,0.41007351875305176,44.45,,0.0,0.0115,-0.024799999999999933,0.376100000000001,0.027499999999999858,0.03709999999999991,-0.0653999999999999,-0.02400000000000091,-0.3794000000000004,0.04139999999999944,0.0,-0.36199999999999477,0.376100000000001,20000.0
17499,T33UWP_20000_2,S2A_MSIL2A_20230619T100031_R122_T33UWP_20230619T172742,500,,0.0,0.0,1.625,46.5,4.0625,0.6875,0.9375,10.5,18.0,17.6875,0.0,1600,0,0.0,20000.000000000175,20000.0,0.4141733646392822,46.1875,,0.0,-0.0085,0.00019999999999997797,-0.3438999999999979,-0.9299999999999997,0.14459999999999995,-0.2379,0.7059999999999995,-0.769400000000001,1.4389000000000003,0.0,1.3755000000000024,1.3755000000000024,20000.0
17505,T33UWP_20000_2,S2A_MSIL2A_20230619T100031_R122_T33UWP_20230619T172742,1000,,0.0,0.0,2.0,46.75,6.25,0.25,0.75,8.25,18.5,17.25,0.0,400,0,0.0,20000.000000000175,20000.0,0.4168076515197754,44.0,,0.0,-0.0085,0.3752,-0.09389999999999787,1.2575000000000003,-0.29290000000000005,-0.4254,-1.5440000000000005,-0.26940000000000097,1.0014000000000003,0.0,-0.8119999999999976,1.2575000000000003,20000.0
17477,T33UWP_20000_2,S2A_MSIL2A_20230629T100031_R122_T33UWP_20230629T191411,20,,0.0,0.032,3.7027,79.1901,8.1053,2.2335,0.2591,3.4407,3.0326,0.004,0.0,1000000,0,0.0,20000.000000000175,20000.0,0.5317203998565674,6.4773,,0.0,0.0,0.0,0.0,0.0,0.0,0.0,0.0,0.0,0.0,0.0,0.0,0.0,20000.0
17483,T33UWP_20000_2,S2A_MSIL2A_20230629T100031_R122_T33UWP_20230629T191411,50,,0.0,0.031875,3.70625,79.135,8.16375,2.2225,0.27125,3.441875,3.021875,0.005625,0.0,160000,0,0.0,20000.000000000175,20000.0,0.3996541500091553,6.469375,,0.0,-0.0001250000000000001,0.00354999999999972,-0.05509999999999593,0.05845000000000056,-0.010999999999999677,0.012149999999999994,0.001174999999999926,-0.010724999999999874,0.0016249999999999997,0.0,-0.007924999999999294,0.05845000000000056,20000.0
17489,T33UWP_20000_2,S2A_MSIL2A_20230629T100031_R122_T33UWP_20230629T191411,100,,0.0,0.03,3.7475,79.17,8.1275,2.22,0.2725,3.3675,3.0575,0.0075,0.0,40000,0,0.0,20000.000000000175,20000.0,0.41246509552001953,6.432500000000001,,0.0,-0.0020000000000000018,0.04479999999999995,-0.02009999999999934,0.022199999999999775,-0.013499999999999623,0.013400000000000023,-0.07319999999999993,0.024900000000000144,0.0034999999999999996,0.0,-0.04479999999999862,0.04479999999999995,20000.0
17495,T33UWP_20000_2,S2A_MSIL2A_20230629T100031_R122_T33UWP_20230629T191411,200,,0.0,0.03,3.76,79.18,8.05,2.31,0.19,3.4,3.08,0.0,0.0,10000,0,0.0,20000.000000000175,20000.0,0.41007351875305176,6.48,,0.0,-0.0020000000000000018,0.057299999999999685,-0.010099999999994225,-0.05529999999999902,0.07650000000000023,-0.0691,-0.04070000000000018,0.04740000000000011,-0.004,0.0,0.002700000000000813,0.07650000000000023,20000.0
17501,T33UWP_20000_2,S2A_MSIL2A_20230629T100031_R122_T33UWP_20230629T191411,500,,0.0,0.0,3.3125,79.375,8.375,2.625,0.5,2.3125,3.5,0.0,0.0,1600,0,0.0,20000.000000000175,20000.0,0.4141733646392822,5.8125,,0.0,-0.032,-0.3902000000000001,0.18489999999999895,0.2697000000000003,0.3915000000000002,0.2409,-1.1282,0.46740000000000004,-0.004,0.0,-0.6647999999999996,0.6647999999999996,20000.0
17507,T33UWP_20000_2,S2A_MSIL2A_20230629T100031_R122_T33UWP_20230629T191411,1000,,0.0,0.0,3.25,82.0,8.0,1.0,0.0,2.0,3.75,0.0,0.0,400,0,0.0,20000.000000000175,20000.0,0.4168076515197754,5.75,,0.0,-0.032,-0.4527000000000001,2.809899999999999,-0.10529999999999973,-1.2334999999999998,-0.2591,-1.4407,0.7174,-0.004,0.0,-0.7272999999999996,2.809899999999999,20000.0
17472,T33UWP_20000_2,S2B_MSIL2A_20230604T095559_R122_T33UWP_20230604T174403,20,,0.0,0.0,0.1111,2.6034,1.7018,0.2717,2.1752,19.3993,68.2342,5.5033,0.0,1000000,0,0.0,20000.000000000175,20000.0,0.5317203998565674,93.1368,,0.0,0.0,0.0,0.0,0.0,0.0,0.0,0.0,0.0,0.0,0.0,0.0,0.0,20000.0
17478,T33UWP_20000_2,S2B_MSIL2A_20230604T095559_R122_T33UWP_20230604T174403,50,,0.0,0.0,0.11125,2.5825,1.7075,0.266875,2.170625,19.45375,68.22875,5.47875,0.0,160000,0,0.0,20000.000000000175,20000.0,0.3996541500091553,93.16125000000001,,0.0,0.0,0.00014999999999999736,-0.02090000000000014,0.005700000000000038,-0.004825000000000024,-0.004574999999999996,0.05444999999999922,-0.00544999999999618,-0.024550000000000516,0.0,0.024450000000015848,0.024450000000015848,20000.0
17484,T33UWP_20000_2,S2B_MSIL2A_20230604T095559_R122_T33UWP_20230604T174403,100,,0.0,0.0,0.1175,2.665,1.67,0.2825,2.1175,19.435,68.2825,5.43,0.0,40000,0,0.0,20000.000000000175,20000.0,0.41246509552001953,93.14750000000001,,0.0,0.0,0.006399999999999989,0.06159999999999988,-0.03180000000000005,0.010799999999999976,-0.05769999999999964,0.03569999999999851,0.04829999999999757,-0.07330000000000059,0.0,0.010700000000014143,0.06159999999999988,20000.0
17490,T33UWP_20000_2,S2B_MSIL2A_20230604T095559_R122_T33UWP_20230604T174403,200,,0.0,0.0,0.13,2.62,1.76,0.29,2.26,19.83,67.52,5.59,0.0,10000,0,0.0,20000.000000000175,20000.0,0.41007351875305176,92.94,,0.0,0.0,0.0189,0.016599999999999948,0.05820000000000003,0.018299999999999983,0.08479999999999999,0.4306999999999981,-0.7142000000000053,0.08669999999999956,0.0,-0.1967999999999961,0.1967999999999961,20000.0
17496,T33UWP_20000_2,S2B_MSIL2A_20230604T095559_R122_T33UWP_20230604T174403,500,,0.0,0.0,0.125,2.375,1.8125,0.3125,2.0,19.6875,68.3125,5.375,0.0,1600,0,0.0,20000.000000000175,20000.0,0.4141733646392822,93.375,,0.0,0.0,0.013899999999999996,-0.22840000000000016,0.11070000000000002,0.0408,-0.1751999999999998,0.2881999999999998,0.0782999999999987,-0.1283000000000003,0.0,0.23820000000000618,0.23820000000000618,20000.0
17502,T33UWP_20000_2,S2B_MSIL2A_20230604T095559_R122_T33UWP_20230604T174403,1000,,0.0,0.0,0.25,2.75,2.0,0.0,1.25,21.0,67.75,5.0,0.0,400,0,0.0,20000.000000000175,20000.0,0.4168076515197754,93.75,,0.0,0.0,0.1389,0.14659999999999984,0.2982,-0.2717,-0.9251999999999998,1.6006999999999998,-0.4842000000000013,-0.5033000000000003,0.0,0.6132000000000062,0.9251999999999998,20000.0
17474,T33UWP_20000_2,S2B_MSIL2A_20230614T095559_R122_T33UWP_20230614T142248,20,,0.0,0.0252,9.2584,64.718,9.2954,1.9561,0.39,6.797,7.2593,0.3006,0.0,1000000,0,0.0,20000.000000000175,20000.0,0.5317203998565674,14.3569,,0.0,0.0,0.0,0.0,0.0,0.0,0.0,0.0,0.0,0.0,0.0,0.0,0.0,20000.0
17480,T33UWP_20000_2,S2B_MSIL2A_20230614T095559_R122_T33UWP_20230614T142248,50,,0.0,0.029375,9.249375,64.718125,9.30875,1.945,0.403125,6.788125,7.26125,0.296875,0.0,160000,0,0.0,20000.000000000175,20000.0,0.3996541500091553,14.346250000000001,,0.0,0.004174999999999998,-0.009024999999999395,0.00012499999999704414,0.013349999999999085,-0.011099999999999888,0.013124999999999998,-0.008874999999999744,0.0019500000000007844,-0.0037249999999999783,0.0,-0.010649999999998272,0.013349999999999085,20000.0
17486,T33UWP_20000_2,S2B_MSIL2A_20230614T095559_R122_T33UWP_20230614T142248,100,,0.0,0.025,9.2475,64.775,9.2575,1.9525,0.415,6.77,7.245,0.3125,0.0,40000,0,0.0,20000.000000000175,20000.0,0.41246509552001953,14.3275,,0.0,-0.0001999999999999988,-0.010899999999999466,0.05700000000000216,-0.03790000000000049,-0.0036000000000000476,0.024999999999999967,-0.027000000000000135,-0.014299999999999535,0.011900000000000022,0.0,-0.029399999999998983,0.05700000000000216,20000.0
17492,T33UWP_20000_2,S2B_MSIL2A_20230614T095559_R122_T33UWP_20230614T142248,200,,0.0,0.02,9.42,64.8,9.01,2.05,0.36,6.78,7.21,0.35,0.0,10000,0,0.0,20000.000000000175,20000.0,0.41007351875305176,14.34,,0.0,-0.0052,0.16159999999999997,0.08199999999999363,-0.285400000000001,0.09389999999999987,-0.030000000000000027,-0.01699999999999946,-0.04929999999999968,0.0494,0.0,-0.016899999999999693,0.285400000000001,20000.0
17498,T33UWP_20000_2,S2B_MSIL2A_20230614T095559_R122_T33UWP_20230614T142248,500,,0.0,0.0,9.0625,63.9375,10.3125,2.4375,0.5625,6.1875,7.0,0.5,0.0,1600,0,0.0,20000.000000000175,20000.0,0.4141733646392822,13.6875,,0.0,-0.0252,-0.19589999999999996,-0.7805000000000035,1.0170999999999992,0.48140000000000005,0.1725,-0.6094999999999997,-0.25929999999999964,0.19940000000000002,0.0,-0.6693999999999996,1.0170999999999992,20000.0
17504,T33UWP_20000_2,S2B_MSIL2A_20230614T095559_R122_T33UWP_20230614T142248,1000,,0.0,0.0,8.0,65.25,9.75,0.75,0.75,7.25,7.75,0.5,0.0,400,0,0.0,20000.000000000175,20000.0,0.4168076515197754,15.5,,0.0,-0.0252,-1.2584,0.5319999999999965,0.4545999999999992,-1.2061,0.36,0.4530000000000003,0.49070000000000036,0.19940000000000002,0.0,1.1431000000000004,1.2584,20000.0
17476,T33UWP_20000_2,S2B_MSIL2A_20230624T095559_R122_T33UWP_20230624T142946,20,,0.0,0.0,0.1249,0.0,0.0,0.0015,0.0,7.4417,87.5603,4.8716,0.0,1000000,0,0.0,20000.000000000175,20000.0,0.5317203998565674,99.8736,,0.0,0.0,0.0,0.0,0.0,0.0,0.0,0.0,0.0,0.0,0.0,0.0,0.0,20000.0
17482,T33UWP_20000_2,S2B_MSIL2A_20230624T095559_R122_T33UWP_20230624T142946,50,,0.0,0.0,0.125,0.0,0.0,0.00125,0.0,7.430625,87.56375,4.879375,0.0,160000,0,0.0,20000.000000000175,20000.0,0.3996541500091553,99.87375,,0.0,0.0,0.00010000000000000286,0.0,0.0,-0.00025,0.0,-0.011074999999999946,0.0034500000000008413,0.007774999999999643,0.0,0.00015000000000497948,0.00025,20000.0
17488,T33UWP_20000_2,S2B_MSIL2A_20230624T095559_R122_T33UWP_20230624T142946,100,,0.0,0.0,0.125,0.0,0.0,0.0,0.0,7.405,87.565,4.905,0.0,40000,0,0.0,20000.000000000175,20000.0,0.41246509552001953,99.875,,0.0,0.0,0.00010000000000000286,0.0,0.0,-0.0015,0.0,-0.03669999999999973,0.004699999999999704,0.03340000000000032,0.0,0.0014000000000038426,0.0015,20000.0
17494,T33UWP_20000_2,S2B_MSIL2A_20230624T095559_R122_T33UWP_20230624T142946,200,,0.0,0.0,0.12,0.0,0.0,0.01,0.0,7.57,87.41,4.89,0.0,10000,0,0.0,20000.000000000175,20000.0,0.41007351875305176,99.86999999999999,,0.0,0.0,-0.004900000000000002,0.0,0.0,0.0085,0.0,0.1283000000000003,-0.15030000000000143,0.01839999999999975,0.0,-0.0036000000000058208,0.0085,20000.0
17500,T33UWP_20000_2,S2B_MSIL2A_20230624T095559_R122_T33UWP_20230624T142946,500,,0.0,0.0,0.0625,0.0,0.0,0.0,0.0,7.5625,87.3125,5.0625,0.0,1600,0,0.0,20000.000000000175,20000.0,0.4141733646392822,99.9375,,0.0,0.0,-0.0624,0.0,0.0,-0.0015,0.0,0.12080000000000002,-0.24779999999999802,0.19090000000000007,0.0,0.06390000000000384,0.06390000000000384,20000.0
17506,T33UWP_20000_2,S2B_MSIL2A_20230624T095559_R122_T33UWP_20230624T142946,1000,,0.0,0.0,0.0,0.0,0.0,0.0,0.0,7.5,87.75,4.75,0.0,400,0,0.0,20000.000000000175,20000.0,0.4168076515197754,100.0,,0.0,0.0,-0.1249,0.0,0.0,-0.0015,0.0,0.05830000000000002,0.18970000000000198,-0.12159999999999993,0.0,0.12640000000000384,0.12640000000000384,20000.0
18205,T33UWP_20000_20,S2A_MSIL2A_20230609T100031_R122_T33UWP_20230609T173715,20,,0.0,0.0,0.0033,0.0,0.0,0.0,0.0,20.5048,76.3456,3.1463,0.0,1000000,0,0.0,20000.00000000035,20000.0,0.5418508052825928,99.9967,,0.0,0.0,0.0,0.0,0.0,0.0,0.0,0.0,0.0,0.0,0.0,0.0,0.0,20000.0
18211,T33UWP_20000_20,S2A_MSIL2A_20230609T100031_R122_T33UWP_20230609T173715,50,,0.0,0.0,0.003125,0.0,0.0,0.0,0.0,20.485625,76.365,3.14625,0.0,160000,0,0.0,20000.00000000035,20000.0,0.3921172618865967,99.99687499999999,,0.0,0.0,-0.0001749999999999998,0.0,0.0,0.0,0.0,-0.019175000000000608,0.019399999999990314,-4.999999999988347e-05,0.0,0.00017499999998449312,0.0001749999999999998,20000.0
18217,T33UWP_20000_20,S2A_MSIL2A_20230609T100031_R122_T33UWP_20230609T173715,100,,0.0,0.0,0.0025,0.0,0.0,0.0,0.0,20.6,76.2425,3.155,0.0,40000,0,0.0,20000.00000000035,20000.0,0.4056107997894287,99.9975,,0.0,0.0,-0.0007999999999999999,0.0,0.0,0.0,0.0,0.09520000000000195,-0.10309999999999775,0.008699999999999708,0.0,0.0007999999999981355,0.0007999999999999999,20000.0
18223,T33UWP_20000_20,S2A_MSIL2A_20230609T100031_R122_T33UWP_20230609T173715,200,,0.0,0.0,0.0,0.0,0.0,0.0,0.0,20.01,76.73,3.26,0.0,10000,0,0.0,20000.00000000035,20000.0,0.34896254539489746,100.00000000000001,,0.0,0.0,-0.0033,0.0,0.0,0.0,0.0,-0.4947999999999979,0.3843999999999994,0.11369999999999969,0.0,0.0033000000000100727,0.0033000000000100727,20000.0
18229,T33UWP_20000_20,S2A_MSIL2A_20230609T100031_R122_T33UWP_20230609T173715,500,,0.0,0.0,0.0625,0.0,0.0,0.0,0.0,20.125,76.6875,3.125,0.0,1600,0,0.0,20000.00000000035,20000.0,0.4254007339477539,99.9375,,0.0,0.0,0.0592,0.0,0.0,0.0,0.0,-0.37979999999999947,0.34189999999999543,-0.021300000000000097,0.0,-0.05920000000000414,0.05920000000000414,20000.0
18235,T33UWP_20000_20,S2A_MSIL2A_20230609T100031_R122_T33UWP_20230609T173715,1000,,0.0,0.0,0.0,0.0,0.0,0.0,0.0,20.0,75.75,4.25,0.0,400,0,0.0,20000.00000000035,20000.0,0.42241954803466797,100.0,,0.0,0.0,-0.0033,0.0,0.0,0.0,0.0,-0.5047999999999995,-0.5956000000000046,1.1037,0.0,0.003299999999995862,0.0033,20000.0
18207,T33UWP_20000_20,S2A_MSIL2A_20230619T100031_R122_T33UWP_20230619T172742,20,,0.0,0.0504,0.8058,59.2451,10.6053,0.0715,0.4618,3.4299,0.3009,25.0293,0.0,1000000,0,0.0,20000.00000000035,20000.0,0.5418508052825928,28.760099999999998,,0.0,0.0,0.0,0.0,0.0,0.0,0.0,0.0,0.0,0.0,0.0,0.0,0.0,20000.0
18213,T33UWP_20000_20,S2A_MSIL2A_20230619T100031_R122_T33UWP_20230619T172742,50,,0.0,0.04875,0.804375,59.269375,10.575625,0.076875,0.46,3.443125,0.289375,25.0325,0.0,160000,0,0.0,20000.00000000035,20000.0,0.3921172618865967,28.765,,0.0,-0.0016499999999999987,-0.0014250000000000096,0.024274999999995828,-0.02967499999999923,0.005375000000000005,-0.0017999999999999683,0.013225000000000264,-0.011525000000000007,0.0031999999999996476,0.0,0.004900000000002791,0.02967499999999923,20000.0
18219,T33UWP_20000_20,S2A_MSIL2A_20230619T100031_R122_T33UWP_20230619T172742,100,,0.0,0.0525,0.8075,59.38,10.495,0.07,0.4675,3.415,0.29,25.0225,0.0,40000,0,0.0,20000.00000000035,20000.0,0.4056107997894287,28.7275,,0.0,0.0020999999999999977,0.0017000000000000348,0.1349000000000018,-0.11030000000000051,-0.0014999999999999875,0.005700000000000038,-0.014899999999999913,-0.01090000000000002,-0.006799999999998363,0.0,-0.03259999999999863,0.1349000000000018,20000.0
18225,T33UWP_20000_20,S2A_MSIL2A_20230619T100031_R122_T33UWP_20230619T172742,200,,0.0,0.06,0.88,59.5,10.21,0.08,0.42,3.61,0.3,24.94,0.0,10000,0,0.0,20000.00000000035,20000.0,0.34896254539489746,28.85,,0.0,0.009599999999999997,0.07420000000000004,0.25489999999999924,-0.3952999999999989,0.008500000000000008,-0.041800000000000004,0.18009999999999993,-0.0009000000000000119,-0.08929999999999794,0.0,0.08990000000000364,0.3952999999999989,20000.0
18231,T33UWP_20000_20,S2A_MSIL2A_20230619T100031_R122_T33UWP_20230619T172742,500,,0.0,0.0,0.9375,59.9375,10.5,0.0625,0.375,3.3125,0.4375,24.4375,0.0,1600,0,0.0,20000.00000000035,20000.0,0.4254007339477539,28.1875,,0.0,-0.0504,0.13170000000000004,0.6923999999999992,-0.10529999999999973,-0.008999999999999994,-0.08679999999999999,-0.11739999999999995,0.1366,-0.5917999999999992,0.0,-0.5725999999999978,0.6923999999999992,20000.0
18237,T33UWP_20000_20,S2A_MSIL2A_20230619T100031_R122_T33UWP_20230619T172742,1000,,0.0,0.0,1.25,61.5,8.25,0.25,0.5,3.0,0.25,25.0,0.0,400,0,0.0,20000.00000000035,20000.0,0.42241954803466797,28.25,,0.0,-0.0504,0.44420000000000004,2.2548999999999992,-2.3552999999999997,0.1785,0.03820000000000001,-0.42989999999999995,-0.0509,-0.029299999999999216,0.0,-0.5100999999999978,2.3552999999999997,20000.0
18209,T33UWP_20000_20,S2A_MSIL2A_20230629T100031_R122_T33UWP_20230629T191411,20,,0.0,0.0241,0.0133,91.2069,8.5898,0.1019,0.0483,0.0007,0.0,0.015,0.0,1000000,0,0.0,20000.00000000035,20000.0,0.5418508052825928,0.0157,,0.0,0.0,0.0,0.0,0.0,0.0,0.0,0.0,0.0,0.0,0.0,0.0,0.0,20000.0
18215,T33UWP_20000_20,S2A_MSIL2A_20230629T100031_R122_T33UWP_20230629T191411,50,,0.0,0.023125,0.01375,91.2175,8.574375,0.10125,0.054375,0.000625,0.0,0.015,0.0,160000,0,0.0,20000.00000000035,20000.0,0.3921172618865967,0.015625,,0.0,-0.0009750000000000002,0.00045000000000000075,0.010599999999996612,-0.015425000000000466,-0.0006499999999999978,0.006074999999999997,-7.499999999999998e-05,0.0,0.0,0.0,-7.499999999999868e-05,0.015425000000000466,20000.0
18221,T33UWP_20000_20,S2A_MSIL2A_20230629T100031_R122_T33UWP_20230629T191411,100,,0.0,0.0275,0.015,91.2575,8.5275,0.1125,0.0425,0.0,0.0,0.0175,0.0,40000,0,0.0,20000.00000000035,20000.0,0.4056107997894287,0.0175,,0.0,0.0034000000000000002,0.0017000000000000001,0.050599999999988654,-0.062300000000000466,0.010599999999999998,-0.0058,-0.0007,0.0,0.0025000000000000022,0.0,0.001800000000000003,0.062300000000000466,20000.0
18227,T33UWP_20000_20,S2A_MSIL2A_20230629T100031_R122_T33UWP_20230629T191411,200,,0.0,0.0,0.01,91.34,8.47,0.11,0.06,0.0,0.0,0.01,0.0,10000,0,0.0,20000.00000000035,20000.0,0.34896254539489746,0.01,,0.0,-0.0241,-0.003299999999999999,0.13309999999999889,-0.11979999999999968,0.008099999999999996,0.011699999999999995,-0.0007,0.0,-0.004999999999999999,0.0,-0.0056999999999999985,0.13309999999999889,20000.0
18233,T33UWP_20000_20,S2A_MSIL2A_20230629T100031_R122_T33UWP_20230629T191411,500,,0.0,0.0,0.0,92.3125,7.5,0.0625,0.0625,0.0,0.0,0.0625,0.0,1600,0,0.0,20000.00000000035,20000.0,0.4254007339477539,0.0625,,0.0,-0.0241,-0.0133,1.1055999999999955,-1.0898000000000003,-0.039400000000000004,0.014199999999999997,-0.0007,0.0,0.0475,0.0,0.0468,1.1055999999999955,20000.0
18239,T33UWP_20000_20,S2A_MSIL2A_20230629T100031_R122_T33UWP_20230629T191411,1000,,0.0,0.0,0.0,93.5,6.25,0.25,0.0,0.0,0.0,0.0,0.0,400,0,0.0,20000.00000000035,20000.0,0.42241954803466797,0.0,,0.0,-0.0241,-0.0133,2.2930999999999955,-2.3398000000000003,0.1481,-0.0483,-0.0007,0.0,-0.015,0.0,-0.0157,2.3398000000000003,20000.0
18204,T33UWP_20000_20,S2B_MSIL2A_20230604T095559_R122_T33UWP_20230604T174403,20,,0.0,0.0083,1.6229,24.5158,16.143,0.0794,4.1898,17.5617,30.8274,5.0517,0.0,1000000,0,0.0,20000.00000000035,20000.0,0.5418508052825928,53.440799999999996,,0.0,0.0,0.0,0.0,0.0,0.0,0.0,0.0,0.0,0.0,0.0,0.0,0.0,20000.0
18210,T33UWP_20000_20,S2B_MSIL2A_20230604T095559_R122_T33UWP_20230604T174403,50,,0.0,0.01,1.638125,24.47,16.1425,0.08,4.251875,17.5125,30.846875,5.048125,0.0,160000,0,0.0,20000.00000000035,20000.0,0.3921172618865967,53.4075,,0.0,0.0017000000000000001,0.015225000000000044,-0.04579999999999984,-0.0005000000000023874,0.0006000000000000033,0.0620750000000001,-0.04919999999999902,0.01947499999999991,-0.00357500000000055,0.0,-0.033299999999997,0.0620750000000001,20000.0
18216,T33UWP_20000_20,S2B_MSIL2A_20230604T095559_R122_T33UWP_20230604T174403,100,,0.0,0.0075,1.62,24.6025,16.0375,0.0875,4.185,17.55,30.855,5.055,0.0,40000,0,0.0,20000.00000000035,20000.0,0.4056107997894287,53.46,,0.0,-0.0008000000000000004,-0.0028999999999999027,0.08670000000000044,-0.10549999999999926,0.008099999999999996,-0.0048000000000003595,-0.011699999999997601,0.027599999999999625,0.0032999999999994145,0.0,0.01920000000000499,0.10549999999999926,20000.0
18222,T33UWP_20000_20,S2B_MSIL2A_20230604T095559_R122_T33UWP_20230604T174403,200,,0.0,0.0,1.61,23.98,16.29,0.11,4.33,17.83,30.78,5.07,0.0,10000,0,0.0,20000.00000000035,20000.0,0.34896254539489746,53.68,,0.0,-0.0083,-0.012899999999999912,-0.5357999999999983,0.14699999999999847,0.030600000000000002,0.1402000000000001,0.2683,-0.047399999999999665,0.018299999999999983,0.0,0.23920000000000385,0.5357999999999983,20000.0
18228,T33UWP_20000_20,S2B_MSIL2A_20230604T095559_R122_T33UWP_20230604T174403,500,,0.0,0.0,1.5,22.75,16.0625,0.0625,4.5625,18.1875,31.5625,5.3125,0.0,1600,0,0.0,20000.00000000035,20000.0,0.4254007339477539,55.0625,,0.0,-0.0083,-0.12290000000000001,-1.7657999999999987,-0.08050000000000068,-0.0169,0.37270000000000003,0.6258000000000017,0.7350999999999992,0.2607999999999997,0.0,1.6217000000000041,1.7657999999999987,20000.0
18234,T33UWP_20000_20,S2B_MSIL2A_20230604T095559_R122_T33UWP_20230604T174403,1000,,0.0,0.0,1.75,23.25,16.0,0.25,3.5,17.75,32.0,5.5,0.0,400,0,0.0,20000.00000000035,20000.0,0.42241954803466797,55.25,,0.0,-0.0083,0.1271,-1.2657999999999987,-0.14300000000000068,0.1706,-0.6898,0.1883000000000017,1.1725999999999992,0.4482999999999997,0.0,1.8092000000000041,1.8092000000000041,20000.0
18206,T33UWP_20000_20,S2B_MSIL2A_20230614T095559_R122_T33UWP_20230614T142248,20,,0.0,0.0129,9.2404,36.4185,12.8875,0.0796,1.588,13.7551,23.7086,2.3094,0.0,1000000,0,0.0,20000.00000000035,20000.0,0.5418508052825928,39.7731,,0.0,0.0,0.0,0.0,0.0,0.0,0.0,0.0,0.0,0.0,0.0,0.0,0.0,20000.0
18212,T33UWP_20000_20,S2B_MSIL2A_20230614T095559_R122_T33UWP_20230614T142248,50,,0.0,0.01375,9.23375,36.471875,12.834375,0.083125,1.591875,13.735625,23.719375,2.31625,0.0,160000,0,0.0,20000.00000000035,20000.0,0.3921172618865967,39.771249999999995,,0.0,0.0008500000000000001,-0.0066499999999987125,0.05337499999999551,-0.053124999999999645,0.0035250000000000004,0.003874999999999851,-0.01947499999999991,0.010774999999998869,0.006850000000000023,0.0,-0.0018500000000045702,0.05337499999999551,20000.0
18218,T33UWP_20000_20,S2B_MSIL2A_20230614T095559_R122_T33UWP_20230614T142248,100,,0.0,0.015,9.2175,36.565,12.7225,0.08,1.5675,13.8275,23.685,2.32,0.0,40000,0,0.0,20000.00000000035,20000.0,0.4056107997894287,39.8325,,0.0,0.0020999999999999994,-0.02289999999999992,0.14649999999999608,-0.16499999999999915,0.0003999999999999976,-0.020500000000000185,0.07240000000000002,-0.02360000000000184,0.01059999999999972,0.0,0.05940000000000367,0.16499999999999915,20000.0
18224,T33UWP_20000_20,S2B_MSIL2A_20230614T095559_R122_T33UWP_20230614T142248,200,,0.0,0.01,9.17,36.33,12.57,0.09,1.51,13.73,24.3,2.29,0.0,10000,0,0.0,20000.00000000035,20000.0,0.34896254539489746,40.32,,0.0,-0.0029,-0.07039999999999935,-0.08850000000000335,-0.317499999999999,0.010399999999999993,-0.07800000000000007,-0.025100000000000122,0.5914000000000001,-0.019400000000000084,0.0,0.5469000000000008,0.5469000000000008,20000.0
18230,T33UWP_20000_20,S2B_MSIL2A_20230614T095559_R122_T33UWP_20230614T142248,500,,0.0,0.0,9.625,33.6875,12.9375,0.0625,1.5625,14.5625,25.25,2.3125,0.0,1600,0,0.0,20000.00000000035,20000.0,0.4254007339477539,42.125,,0.0,-0.0129,0.3846000000000007,-2.7310000000000016,0.05000000000000071,-0.017100000000000004,-0.025500000000000078,0.8073999999999995,1.5413999999999994,0.0030999999999998806,0.0,2.3519000000000005,2.7310000000000016,20000.0
18236,T33UWP_20000_20,S2B_MSIL2A_20230614T095559_R122_T33UWP_20230614T142248,1000,,0.0,0.0,9.25,36.25,10.25,0.25,2.0,15.0,26.0,1.0,0.0,400,0,0.0,20000.00000000035,20000.0,0.42241954803466797,42.0,,0.0,-0.0129,0.009600000000000719,-0.16850000000000165,-2.6374999999999993,0.1704,0.4119999999999999,1.2448999999999995,2.2913999999999994,-1.3094000000000001,0.0,2.2269000000000005,2.6374999999999993,20000.0
18208,T33UWP_20000_20,S2B_MSIL2A_20230624T095559_R122_T33UWP_20230624T142946,20,,0.0,0.0,0.0163,0.0,0.0006,0.0002,0.0,1.7167,98.2659,0.0003,0.0,1000000,0,0.0,20000.00000000035,20000.0,0.5418508052825928,99.9829,,0.0,0.0,0.0,0.0,0.0,0.0,0.0,0.0,0.0,0.0,0.0,0.0,0.0,20000.0
18214,T33UWP_20000_20,S2B_MSIL2A_20230624T095559_R122_T33UWP_20230624T142946,50,,0.0,0.0,0.01625,0.0,0.00125,0.000625,0.0,1.720625,98.26125,0.0,0.0,160000,0,0.0,20000.00000000035,20000.0,0.3921172618865967,99.981875,,0.0,0.0,-4.999999999999796e-05,0.0,0.0006500000000000001,0.00042500000000000003,0.0,0.003925000000000178,-0.004649999999998045,-0.0003,0.0,-0.0010249999999984993,0.0010249999999984993,20000.0
18220,T33UWP_20000_20,S2B_MSIL2A_20230624T095559_R122_T33UWP_20230624T142946,100,,0.0,0.0,0.0175,0.0,0.0,0.0,0.0,1.7375,98.245,0.0,0.0,40000,0,0.0,20000.00000000035,20000.0,0.4056107997894287,99.9825,,0.0,0.0,0.0012000000000000031,0.0,-0.0006,-0.0002,0.0,0.02080000000000015,-0.020899999999997476,-0.0003,0.0,-0.00039999999999906777,0.0012000000000000031,20000.0
18226,T33UWP_20000_20,S2B_MSIL2A_20230624T095559_R122_T33UWP_20230624T142946,200,,0.0,0.0,0.02,0.0,0.0,0.0,0.0,1.75,98.23,0.0,0.0,10000,0,0.0,20000.00000000035,20000.0,0.34896254539489746,99.98,,0.0,0.0,0.003700000000000002,0.0,-0.0006,-0.0002,0.0,0.03330000000000011,-0.035899999999998045,-0.0003,0.0,-0.002899999999996794,0.003700000000000002,20000.0
18232,T33UWP_20000_20,S2B_MSIL2A_20230624T095559_R122_T33UWP_20230624T142946,500,,0.0,0.0,0.0,0.0,0.0,0.0,0.0,1.625,98.375,0.0,0.0,1600,0,0.0,20000.00000000035,20000.0,0.4254007339477539,100.0,,0.0,0.0,-0.0163,0.0,-0.0006,-0.0002,0.0,-0.09169999999999989,0.10909999999999798,-0.0003,0.0,0.017099999999999227,0.017099999999999227,20000.0
18238,T33UWP_20000_20,S2B_MSIL2A_20230624T095559_R122_T33UWP_20230624T142946,1000,,0.0,0.0,0.0,0.0,0.0,0.0,0.0,1.75,98.25,0.0,0.0,400,0,0.0,20000.00000000035,20000.0,0.42241954803466797,100.0,,0.0,0.0,-0.0163,0.0,-0.0006,-0.0002,0.0,0.03330000000000011,-0.015900000000002024,-0.0003,0.0,0.017099999999999227,0.017099999999999227,20000.0
18241,T33UWP_20000_21,S2A_MSIL2A_20230609T100031_R122_T33UWP_20230609T173715,20,,0.0,0.0,0.0041,0.0,0.0,0.0,0.0,14.6255,83.8803,1.4901,0.0,1000000,0,0.0,20000.000000000233,20000.0,0.5554280281066895,99.9959,,0.0,0.0,0.0,0.0,0.0,0.0,0.0,0.0,0.0,0.0,0.0,0.0,0.0,20000.0
18247,T33UWP_20000_21,S2A_MSIL2A_20230609T100031_R122_T33UWP_20230609T173715,50,,0.0,0.0,0.005,0.0,0.0,0.0,0.0,14.61125,83.87625,1.5075,0.0,160000,0,0.0,20000.000000000233,20000.0,0.48538780212402344,99.99499999999999,,0.0,0.0,0.0008999999999999998,0.0,0.0,0.0,0.0,-0.01425000000000054,-0.004050000000006548,0.017400000000000082,0.0,-0.000900000000015666,0.000900000000015666,20000.0
18253,T33UWP_20000_21,S2A_MSIL2A_20230609T100031_R122_T33UWP_20230609T173715,100,,0.0,0.0,0.0025,0.0,0.0,0.0,0.0,14.6975,83.845,1.455,0.0,40000,0,0.0,20000.000000000233,20000.0,1.040435552597046,99.9975,,0.0,0.0,-0.0016000000000000003,0.0,0.0,0.0,0.0,0.07199999999999918,-0.03530000000000655,-0.03509999999999991,0.0,0.001599999999996271,0.0016000000000000003,20000.0
18259,T33UWP_20000_21,S2A_MSIL2A_20230609T100031_R122_T33UWP_20230609T173715,200,,0.0,0.0,0.0,0.0,0.0,0.0,0.0,14.4,83.97,1.63,0.0,10000,0,0.0,20000.000000000233,20000.0,0.40180301666259766,100.0,,0.0,0.0,-0.0041,0.0,0.0,0.0,0.0,-0.22550000000000026,0.08969999999999345,0.1398999999999999,0.0,0.004099999999993997,0.0041,20000.0
18265,T33UWP_20000_21,S2A_MSIL2A_20230609T100031_R122_T33UWP_20230609T173715,500,,0.0,0.0,0.0,0.0,0.0,0.0,0.0,14.125,84.5,1.375,0.0,1600,0,0.0,20000.000000000233,20000.0,0.4504075050354004,100.0,,0.0,0.0,-0.0041,0.0,0.0,0.0,0.0,-0.5005000000000006,0.6196999999999946,-0.11509999999999998,0.0,0.004099999999993997,0.0041,20000.0
18271,T33UWP_20000_21,S2A_MSIL2A_20230609T100031_R122_T33UWP_20230609T173715,1000,,0.0,0.0,0.0,0.0,0.0,0.0,0.0,13.75,84.5,1.75,0.0,400,0,0.0,20000.000000000233,20000.0,0.5164511203765869,100.0,,0.0,0.0,-0.0041,0.0,0.0,0.0,0.0,-0.8755000000000006,0.6196999999999946,0.2599,0.0,0.004099999999993997,0.0041,20000.0
18243,T33UWP_20000_21,S2A_MSIL2A_20230619T100031_R122_T33UWP_20230619T172742,20,,0.0,0.0218,0.1288,73.4259,15.0186,1.6752,0.6568,0.1306,0.0072,8.9351,0.0,1000000,0,0.0,20000.000000000233,20000.0,0.5554280281066895,9.0729,,0.0,0.0,0.0,0.0,0.0,0.0,0.0,0.0,0.0,0.0,0.0,0.0,0.0,20000.0
18249,T33UWP_20000_21,S2A_MSIL2A_20230619T100031_R122_T33UWP_20230619T172742,50,,0.0,0.01875,0.126875,73.4825,14.994375,1.663125,0.6475,0.120625,0.008125,8.938125,0.0,160000,0,0.0,20000.000000000233,20000.0,0.48538780212402344,9.066875,,0.0,-0.0030500000000000006,-0.00192500000000001,0.05660000000000309,-0.024224999999999497,-0.012075000000000058,-0.009300000000000086,-0.009974999999999998,0.0009250000000000005,0.0030249999999991672,0.0,-0.006025000000001057,0.05660000000000309,20000.0
18255,T33UWP_20000_21,S2A_MSIL2A_20230619T100031_R122_T33UWP_20230619T172742,100,,0.0,0.03,0.135,73.27,15.085,1.6775,0.6575,0.115,0.01,9.02,0.0,40000,0,0.0,20000.000000000233,20000.0,1.040435552597046,9.145,,0.0,0.008199999999999999,0.006200000000000011,-0.1559000000000026,0.06640000000000157,0.0022999999999999687,0.0006999999999999229,-0.015599999999999989,0.0028000000000000004,0.08489999999999931,0.0,0.07209999999999894,0.1559000000000026,20000.0
18261,T33UWP_20000_21,S2A_MSIL2A_20230619T100031_R122_T33UWP_20230619T172742,200,,0.0,0.01,0.12,73.62,14.89,1.67,0.68,0.11,0.02,8.88,0.0,10000,0,0.0,20000.000000000233,20000.0,0.40180301666259766,9.010000000000002,,0.0,-0.0118,-0.008800000000000002,0.19410000000000593,-0.12859999999999872,-0.0052000000000000934,0.0232,-0.020599999999999993,0.0128,-0.05509999999999948,0.0,-0.06289999999999907,0.19410000000000593,20000.0
18267,T33UWP_20000_21,S2A_MSIL2A_20230619T100031_R122_T33UWP_20230619T172742,500,,0.0,0.0625,0.0625,72.8125,15.375,1.5,0.6875,0.0,0.0,9.5,0.0,1600,0,0.0,20000.000000000233,20000.0,0.4504075050354004,9.5,,0.0,0.0407,-0.0663,-0.6133999999999986,0.3564000000000007,-0.17520000000000002,0.03069999999999995,-0.1306,-0.0072,0.5648999999999997,0.0,0.42709999999999937,0.6133999999999986,20000.0
18273,T33UWP_20000_21,S2A_MSIL2A_20230619T100031_R122_T33UWP_20230619T172742,1000,,0.0,0.0,0.0,73.25,14.5,2.25,0.5,0.0,0.25,9.25,0.0,400,0,0.0,20000.000000000233,20000.0,0.5164511203765869,9.5,,0.0,-0.0218,-0.1288,-0.1758999999999986,-0.5185999999999993,0.5748,-0.15680000000000005,-0.1306,0.2428,0.31489999999999974,0.0,0.42709999999999937,0.5748,20000.0
18245,T33UWP_20000_21,S2A_MSIL2A_20230629T100031_R122_T33UWP_20230629T191411,20,,0.0,0.0168,4.9526,78.4392,8.3191,2.2124,0.3154,3.228,2.5095,0.007,0.0,1000000,0,0.0,20000.000000000233,20000.0,0.5554280281066895,5.7445,,0.0,0.0,0.0,0.0,0.0,0.0,0.0,0.0,0.0,0.0,0.0,0.0,0.0,20000.0
18251,T33UWP_20000_21,S2A_MSIL2A_20230629T100031_R122_T33UWP_20230629T191411,50,,0.0,0.01625,4.94625,78.488125,8.280625,2.201875,0.325,3.235,2.499375,0.0075,0.0,160000,0,0.0,20000.000000000233,20000.0,0.48538780212402344,5.741875,,0.0,-0.0005499999999999984,-0.0063500000000003,0.048924999999997,-0.03847500000000004,-0.01052500000000034,0.009599999999999997,0.006999999999999673,-0.01012499999999994,0.0004999999999999996,0.0,-0.0026250000000000995,0.048924999999997,20000.0
18257,T33UWP_20000_21,S2A_MSIL2A_20230629T100031_R122_T33UWP_20230629T191411,100,,0.0,0.0175,4.9775,78.3825,8.3775,2.215,0.3125,3.215,2.4975,0.005,0.0,40000,0,0.0,20000.000000000233,20000.0,1.040435552597046,5.7175,,0.0,0.0007000000000000027,0.0248999999999997,-0.05670000000000641,0.0583999999999989,0.0025999999999997137,-0.0029000000000000137,-0.013000000000000345,-0.01200000000000001,-0.002,0.0,-0.027000000000000135,0.0583999999999989,20000.0
18263,T33UWP_20000_21,S2A_MSIL2A_20230629T100031_R122_T33UWP_20230629T191411,200,,0.0,0.02,5.02,78.58,8.1,2.2,0.34,3.16,2.57,0.01,0.0,10000,0,0.0,20000.000000000233,20000.0,0.40180301666259766,5.74,,0.0,0.0032000000000000015,0.06739999999999924,0.1407999999999987,-0.21910000000000096,-0.012399999999999967,0.02460000000000001,-0.06800000000000006,0.060499999999999776,0.003,0.0,-0.0045000000000001705,0.21910000000000096,20000.0
18269,T33UWP_20000_21,S2A_MSIL2A_20230629T100031_R122_T33UWP_20230629T191411,500,,0.0,0.0625,5.3125,77.625,9.0625,2.125,0.375,2.9375,2.5,0.0,0.0,1600,0,0.0,20000.000000000233,20000.0,0.4504075050354004,5.4375,,0.0,0.045700000000000005,0.35989999999999966,-0.8141999999999996,0.7433999999999994,-0.08740000000000014,0.059599999999999986,-0.2905000000000002,-0.009500000000000064,-0.007,0.0,-0.3070000000000004,0.8141999999999996,20000.0
18275,T33UWP_20000_21,S2A_MSIL2A_20230629T100031_R122_T33UWP_20230629T191411,1000,,0.0,0.0,4.5,80.0,6.25,2.25,0.25,4.75,2.0,0.0,0.0,400,0,0.0,20000.000000000233,20000.0,0.5164511203765869,6.75,,0.0,-0.0168,-0.45260000000000034,1.5608000000000004,-2.0691000000000006,0.037599999999999856,-0.06540000000000001,1.5219999999999998,-0.5095000000000001,-0.007,0.0,1.0054999999999996,2.0691000000000006,20000.0
18240,T33UWP_20000_21,S2B_MSIL2A_20230604T095559_R122_T33UWP_20230604T174403,20,,0.0,0.009,0.4529,50.8504,26.6998,1.5484,0.3179,0.8577,0.0605,19.2034,0.0,1000000,0,0.0,20000.000000000233,20000.0,0.5554280281066895,20.121599999999997,,0.0,0.0,0.0,0.0,0.0,0.0,0.0,0.0,0.0,0.0,0.0,0.0,0.0,20000.0
18246,T33UWP_20000_21,S2B_MSIL2A_20230604T095559_R122_T33UWP_20230604T174403,50,,0.0,0.009375,0.446875,50.77625,26.7875,1.535,0.321875,0.87375,0.05875,19.190625,0.0,160000,0,0.0,20000.000000000233,20000.0,0.48538780212402344,20.123125,,0.0,0.00037500000000000033,-0.006025000000000003,-0.07415000000000305,0.08770000000000167,-0.013400000000000079,0.003975000000000006,0.01605000000000001,-0.0017500000000000016,-0.01277499999999776,0.0,0.0015250000000044395,0.08770000000000167,20000.0
18252,T33UWP_20000_21,S2B_MSIL2A_20230604T095559_R122_T33UWP_20230604T174403,100,,0.0,0.005,0.4425,50.88,26.655,1.5425,0.3025,0.905,0.065,19.2025,0.0,40000,0,0.0,20000.000000000233,20000.0,1.040435552597046,20.1725,,0.0,-0.003999999999999999,-0.01040000000000002,0.02960000000000207,-0.04479999999999862,-0.005900000000000016,-0.015400000000000025,0.04730000000000001,0.004500000000000004,-0.0008999999999979025,0.0,0.050900000000002166,0.050900000000002166,20000.0
18258,T33UWP_20000_21,S2B_MSIL2A_20230604T095559_R122_T33UWP_20230604T174403,200,,0.0,0.01,0.41,51.23,26.71,1.54,0.32,0.8,0.07,18.91,0.0,10000,0,0.0,20000.000000000233,20000.0,0.40180301666259766,19.78,,0.0,0.0010000000000000009,-0.04290000000000005,0.3795999999999964,0.010200000000001097,-0.008399999999999963,0.0020999999999999908,-0.057699999999999974,0.009500000000000008,-0.29339999999999833,0.0,-0.34159999999999613,0.3795999999999964,20000.0
18264,T33UWP_20000_21,S2B_MSIL2A_20230604T095559_R122_T33UWP_20230604T174403,500,,0.0,0.0,0.5625,50.5,27.875,1.4375,0.3125,0.75,0.0625,18.5,0.0,1600,0,0.0,20000.000000000233,20000.0,0.4504075050354004,19.3125,,0.0,-0.009,0.10959999999999998,-0.3504000000000005,1.1752000000000002,-0.1109,-0.005400000000000016,-0.10770000000000002,0.0020000000000000018,-0.7033999999999985,0.0,-0.8090999999999973,1.1752000000000002,20000.0
18270,T33UWP_20000_21,S2B_MSIL2A_20230604T095559_R122_T33UWP_20230604T174403,1000,,0.0,0.0,0.25,48.5,27.75,1.75,0.5,0.75,0.0,20.5,0.0,400,0,0.0,20000.000000000233,20000.0,0.5164511203765869,21.25,,0.0,-0.009,-0.20290000000000002,-2.3504000000000005,1.0502000000000002,0.2016,0.18209999999999998,-0.10770000000000002,-0.0605,1.2966000000000015,0.0,1.1284000000000027,2.3504000000000005,20000.0
18242,T33UWP_20000_21,S2B_MSIL2A_20230614T095559_R122_T33UWP_20230614T142248,20,,0.0,0.0196,4.3973,67.2872,20.4723,1.9895,0.3666,2.9998,2.4263,0.0414,0.0,1000000,0,0.0,20000.000000000233,20000.0,0.5554280281066895,5.4675,,0.0,0.0,0.0,0.0,0.0,0.0,0.0,0.0,0.0,0.0,0.0,0.0,0.0,20000.0
18248,T33UWP_20000_21,S2B_MSIL2A_20230614T095559_R122_T33UWP_20230614T142248,50,,0.0,0.02,4.411875,67.326875,20.425625,1.978125,0.3575,3.02,2.41875,0.04125,0.0,160000,0,0.0,20000.000000000233,20000.0,0.48538780212402344,5.48,,0.0,0.00040000000000000105,0.014574999999999783,0.03967500000000257,-0.046675000000000466,-0.011375000000000135,-0.009099999999999997,0.020199999999999996,-0.007549999999999724,-0.00014999999999999736,0.0,0.012500000000000178,0.046675000000000466,20000.0
18254,T33UWP_20000_21,S2B_MSIL2A_20230614T095559_R122_T33UWP_20230614T142248,100,,0.0,0.0175,4.37,67.2675,20.51,1.9975,0.38,3.035,2.3875,0.035,0.0,40000,0,0.0,20000.000000000233,20000.0,1.040435552597046,5.4575000000000005,,0.0,-0.0020999999999999977,-0.027300000000000324,-0.019700000000000273,0.037700000000000955,0.008000000000000007,0.013400000000000023,0.03520000000000012,-0.038799999999999724,-0.006399999999999996,0.0,-0.009999999999999787,0.037700000000000955,20000.0
18260,T33UWP_20000_21,S2B_MSIL2A_20230614T095559_R122_T33UWP_20230614T142248,200,,0.0,0.01,4.55,67.48,20.14,1.93,0.29,3.01,2.55,0.04,0.0,10000,0,0.0,20000.000000000233,20000.0,0.40180301666259766,5.6,,0.0,-0.0096,0.1526999999999994,0.1928000000000054,-0.33230000000000004,-0.05950000000000011,-0.0766,0.010199999999999765,0.12369999999999992,-0.0013999999999999985,0.0,0.1324999999999994,0.33230000000000004,20000.0
18266,T33UWP_20000_21,S2B_MSIL2A_20230614T095559_R122_T33UWP_20230614T142248,500,,0.0,0.0625,4.875,66.25,21.0,1.8125,0.5625,3.0625,2.375,0.0,0.0,1600,0,0.0,20000.000000000233,20000.0,0.4504075050354004,5.4375,,0.0,0.0429,0.47769999999999957,-1.0371999999999986,0.5276999999999994,-0.17700000000000005,0.19590000000000002,0.06269999999999998,-0.0512999999999999,-0.0414,0.0,-0.03000000000000025,1.0371999999999986,20000.0
18272,T33UWP_20000_21,S2B_MSIL2A_20230614T095559_R122_T33UWP_20230614T142248,1000,,0.0,0.0,3.25,67.5,19.75,2.25,0.25,3.5,3.25,0.25,0.0,400,0,0.0,20000.000000000233,20000.0,0.5164511203765869,7.0,,0.0,-0.0196,-1.1473000000000004,0.21280000000000143,-0.7223000000000006,0.26049999999999995,-0.11659999999999998,0.5002,0.8237000000000001,0.2086,0.0,1.5324999999999998,1.5324999999999998,20000.0
18244,T33UWP_20000_21,S2B_MSIL2A_20230624T095559_R122_T33UWP_20230624T142946,20,,0.0,0.0,0.0344,0.0,0.008,0.0919,0.0,5.0908,94.6201,0.1514,0.0034,1000000,0,0.0,20000.000000000233,20000.0,0.5554280281066895,99.86229999999999,,0.0,0.0,0.0,0.0,0.0,0.0,0.0,0.0,0.0,0.0,0.0,0.0,0.0,20000.0
18250,T33UWP_20000_21,S2B_MSIL2A_20230624T095559_R122_T33UWP_20230624T142946,50,,0.0,0.0,0.033125,0.0,0.005625,0.090625,0.0,5.098125,94.60875,0.160625,0.003125,160000,0,0.0,20000.000000000233,20000.0,0.48538780212402344,99.86749999999999,,0.0,0.0,-0.0012749999999999984,0.0,-0.0023750000000000004,-0.0012749999999999984,0.0,0.007324999999999804,-0.011349999999993088,0.009224999999999983,-0.00027499999999999964,0.005200000000002092,0.005200000000002092,20000.0
18256,T33UWP_20000_21,S2B_MSIL2A_20230624T095559_R122_T33UWP_20230624T142946,100,,0.0,0.0,0.035,0.0,0.0075,0.0825,0.0,5.1,94.6275,0.145,0.0025,40000,0,0.0,20000.000000000233,20000.0,1.040435552597046,99.87249999999999,,0.0,0.0,0.0006000000000000033,0.0,-0.0005000000000000004,-0.009399999999999992,0.0,0.009199999999999875,0.00740000000000407,-0.006400000000000017,-0.0008999999999999998,0.010199999999997544,0.010199999999997544,20000.0
18262,T33UWP_20000_21,S2B_MSIL2A_20230624T095559_R122_T33UWP_20230624T142946,200,,0.0,0.0,0.03,0.0,0.0,0.12,0.0,5.13,94.53,0.18,0.01,10000,0,0.0,20000.000000000233,20000.0,0.40180301666259766,99.84,,0.0,0.0,-0.004400000000000001,0.0,-0.008,0.0281,0.0,0.039200000000000124,-0.09009999999999252,0.028599999999999987,0.0066,-0.022299999999987108,0.0281,20000.0
18268,T33UWP_20000_21,S2B_MSIL2A_20230624T095559_R122_T33UWP_20230624T142946,500,,0.0,0.0,0.0,0.0,0.0,0.125,0.0,5.3125,94.375,0.1875,0.0,1600,0,0.0,20000.000000000233,20000.0,0.4504075050354004,99.875,,0.0,0.0,-0.0344,0.0,-0.008,0.033100000000000004,0.0,0.22170000000000023,-0.24509999999999366,0.03609999999999999,-0.0034,0.012700000000009481,0.0344,20000.0
18274,T33UWP_20000_21,S2B_MSIL2A_20230624T095559_R122_T33UWP_20230624T142946,1000,,0.0,0.0,0.0,0.0,0.0,0.0,0.0,3.75,96.0,0.25,0.0,400,0,0.0,20000.000000000233,20000.0,0.5164511203765869,100.0,,0.0,0.0,-0.0344,0.0,-0.008,-0.0919,0.0,-1.3407999999999998,1.3799000000000063,0.0986,-0.0034,0.13770000000000948,0.13770000000000948,20000.0
18277,T33UWP_20000_22,S2A_MSIL2A_20230609T100031_R122_T33UWP_20230609T173715,20,,0.0,0.0,1.391,0.0034,0.0,0.0,0.0,35.8791,52.4599,10.2666,0.0,1000000,0,0.0,20000.000000000233,19999.99999999907,0.5484311580657959,98.6056,,0.0,0.0,0.0,0.0,0.0,0.0,0.0,0.0,0.0,0.0,0.0,0.0,0.0,20000.0
18283,T33UWP_20000_22,S2A_MSIL2A_20230609T100031_R122_T33UWP_20230609T173715,50,,0.0,0.0,1.395625,0.003125,0.0,0.0,0.0,35.906875,52.470625,10.22375,0.0,160000,0,0.0,20000.000000000233,19999.99999999907,0.41451478004455566,98.60125,,0.0,0.0,0.004624999999999879,-0.00027499999999999964,0.0,0.0,0.0,0.02777499999999833,0.010725000000000762,-0.04284999999999961,0.0,-0.0043500000000022965,0.004624999999999879,20000.0
18289,T33UWP_20000_22,S2A_MSIL2A_20230609T100031_R122_T33UWP_20230609T173715,100,,0.0,0.0,1.395,0.0025,0.0,0.0,0.0,35.94,52.3425,10.32,0.0,40000,0,0.0,20000.000000000233,19999.99999999907,0.3594968318939209,98.60249999999999,,0.0,0.0,0.0040000000000000036,-0.0008999999999999998,0.0,0.0,0.0,0.060899999999996624,-0.1173999999999964,0.05339999999999989,0.0,-0.0031000000000034333,0.0040000000000000036,20000.0
18295,T33UWP_20000_22,S2A_MSIL2A_20230609T100031_R122_T33UWP_20230609T173715,200,,0.0,0.0,1.38,0.01,0.0,0.0,0.0,36.14,52.26,10.21,0.0,10000,0,0.0,20000.000000000233,19999.99999999907,0.6010987758636475,98.61000000000001,,0.0,0.0,-0.01100000000000012,0.0066,0.0,0.0,0.0,0.26089999999999947,-0.19989999999999952,-0.05659999999999954,0.0,0.004400000000018167,0.01100000000000012,20000.0
18301,T33UWP_20000_22,S2A_MSIL2A_20230609T100031_R122_T33UWP_20230609T173715,500,,0.0,0.0,0.875,0.0,0.0,0.0,0.0,35.875,52.9375,10.3125,0.0,1600,0,0.0,20000.000000000233,19999.99999999907,0.4228370189666748,99.125,,0.0,0.0,-0.516,-0.0034,0.0,0.0,0.0,-0.004100000000001103,0.47760000000000247,0.04589999999999961,0.0,0.5194000000000045,0.5194000000000045,20000.0
18307,T33UWP_20000_22,S2A_MSIL2A_20230609T100031_R122_T33UWP_20230609T173715,1000,,0.0,0.0,1.0,0.0,0.0,0.0,0.0,36.5,54.25,8.25,0.0,400,0,0.0,20000.000000000233,19999.99999999907,0.4970989227294922,99.0,,0.0,0.0,-0.391,-0.0034,0.0,0.0,0.0,0.6208999999999989,1.7901000000000025,-2.0166000000000004,0.0,0.3944000000000045,0.3944000000000045,20000.0
18279,T33UWP_20000_22,S2A_MSIL2A_20230619T100031_R122_T33UWP_20230619T172742,20,,0.0,0.0007,0.2468,74.9376,13.7754,0.0,1.8744,1.6823,0.4331,7.0497,0.0,1000000,0,0.0,20000.000000000233,19999.99999999907,0.5484311580657959,9.165099999999999,,0.0,0.0,0.0,0.0,0.0,0.0,0.0,0.0,0.0,0.0,0.0,0.0,0.0,20000.0
18285,T33UWP_20000_22,S2A_MSIL2A_20230619T100031_R122_T33UWP_20230619T172742,50,,0.0,0.001875,0.24875,74.84875,13.85375,0.0,1.90625,1.664375,0.430625,7.045625,0.0,160000,0,0.0,20000.000000000233,19999.99999999907,0.41451478004455566,9.140625,,0.0,0.0011749999999999998,0.0019500000000000073,-0.08885000000000787,0.07835000000000036,0.0,0.031849999999999934,-0.01792499999999997,-0.002475000000000005,-0.004074999999999385,0.0,-0.024474999999998914,0.08885000000000787,20000.0
18291,T33UWP_20000_22,S2A_MSIL2A_20230619T100031_R122_T33UWP_20230619T172742,100,,0.0,0.0025,0.245,74.985,13.835,0.0,1.85,1.665,0.415,7.0025,0.0,40000,0,0.0,20000.000000000233,19999.99999999907,0.3594968318939209,9.0825,,0.0,0.0018,-0.001799999999999996,0.04739999999999611,0.05960000000000143,0.0,-0.024399999999999977,-0.01729999999999987,-0.018100000000000005,-0.04719999999999924,0.0,-0.08259999999999934,0.08259999999999934,20000.0
18297,T33UWP_20000_22,S2A_MSIL2A_20230619T100031_R122_T33UWP_20230619T172742,200,,0.0,0.0,0.23,74.9,13.85,0.0,1.96,1.62,0.42,7.02,0.0,10000,0,0.0,20000.000000000233,19999.99999999907,0.6010987758636475,9.059999999999999,,0.0,-0.0007,-0.01679999999999998,-0.037599999999997635,0.07460000000000022,0.0,0.0855999999999999,-0.0622999999999998,-0.0131,-0.02970000000000006,0.0,-0.1051000000000002,0.1051000000000002,20000.0
18303,T33UWP_20000_22,S2A_MSIL2A_20230619T100031_R122_T33UWP_20230619T172742,500,,0.0,0.0,0.1875,75.8125,13.0625,0.0,1.5625,2.25,0.25,6.875,0.0,1600,0,0.0,20000.000000000233,19999.99999999907,0.4228370189666748,9.375,,0.0,-0.0007,-0.05929999999999999,0.8748999999999967,-0.7128999999999994,0.0,-0.31190000000000007,0.5677000000000001,-0.18309999999999998,-0.17469999999999963,0.0,0.20990000000000109,0.8748999999999967,20000.0
18309,T33UWP_20000_22,S2A_MSIL2A_20230619T100031_R122_T33UWP_20230619T172742,1000,,0.0,0.0,0.25,73.75,13.25,0.0,2.5,2.25,0.25,7.75,0.0,400,0,0.0,20000.000000000233,19999.99999999907,0.4970989227294922,10.25,,0.0,-0.0007,0.0032000000000000084,-1.1876000000000033,-0.5253999999999994,0.0,0.6255999999999999,0.5677000000000001,-0.18309999999999998,0.7003000000000004,0.0,1.084900000000001,1.1876000000000033,20000.0
18281,T33UWP_20000_22,S2A_MSIL2A_20230629T100031_R122_T33UWP_20230629T191411,20,,0.0,0.0012,3.4762,82.981,10.2454,0.0,0.1603,2.1809,0.947,0.008,0.0,1000000,0,0.0,20000.000000000233,19999.99999999907,0.5484311580657959,3.1359,,0.0,0.0,0.0,0.0,0.0,0.0,0.0,0.0,0.0,0.0,0.0,0.0,0.0,20000.0
18287,T33UWP_20000_22,S2A_MSIL2A_20230629T100031_R122_T33UWP_20230629T191411,50,,0.0,0.000625,3.473125,82.97,10.279375,0.0,0.145625,2.163125,0.96,0.008125,0.0,160000,0,0.0,20000.000000000233,19999.99999999907,0.41451478004455566,3.13125,,0.0,-0.0005749999999999999,-0.003074999999999939,-0.01099999999999568,0.033974999999999866,0.0,-0.014674999999999994,-0.017774999999999874,0.013000000000000012,0.0001250000000000001,0.0,-0.004649999999999821,0.033974999999999866,20000.0
18293,T33UWP_20000_22,S2A_MSIL2A_20230629T100031_R122_T33UWP_20230629T191411,100,,0.0,0.0,3.49,83.095,10.1125,0.0,0.1775,2.155,0.965,0.005,0.0,40000,0,0.0,20000.000000000233,19999.99999999907,0.3594968318939209,3.1249999999999996,,0.0,-0.0012,0.013800000000000257,0.11400000000000432,-0.13289999999999935,0.0,0.017199999999999993,-0.025900000000000034,0.018000000000000016,-0.003,0.0,-0.010900000000000354,0.13289999999999935,20000.0
18299,T33UWP_20000_22,S2A_MSIL2A_20230629T100031_R122_T33UWP_20230629T191411,200,,0.0,0.0,3.44,82.67,10.55,0.0,0.22,2.22,0.89,0.01,0.0,10000,0,0.0,20000.000000000233,19999.99999999907,0.6010987758636475,3.12,,0.0,-0.0012,-0.03620000000000001,-0.31099999999999284,0.30460000000000065,0.0,0.0597,0.03910000000000036,-0.05699999999999994,0.002,0.0,-0.015899999999999803,0.31099999999999284,20000.0
18305,T33UWP_20000_22,S2A_MSIL2A_20230629T100031_R122_T33UWP_20230629T191411,500,,0.0,0.0,3.6875,84.25,8.75,0.0,0.1875,2.375,0.75,0.0,0.0,1600,0,0.0,20000.000000000233,19999.99999999907,0.4228370189666748,3.125,,0.0,-0.0012,0.21130000000000004,1.2690000000000055,-1.4954,0.0,0.027200000000000002,0.19410000000000016,-0.19699999999999995,-0.008,0.0,-0.01089999999999991,1.4954,20000.0
18311,T33UWP_20000_22,S2A_MSIL2A_20230629T100031_R122_T33UWP_20230629T191411,1000,,0.0,0.0,2.75,84.25,9.0,0.0,0.5,2.0,1.5,0.0,0.0,400,0,0.0,20000.000000000233,19999.99999999907,0.4970989227294922,3.5,,0.0,-0.0012,-0.7262,1.2690000000000055,-1.2454,0.0,0.3397,-0.18089999999999984,0.553,-0.008,0.0,0.3641000000000001,1.2690000000000055,20000.0
18276,T33UWP_20000_22,S2B_MSIL2A_20230604T095559_R122_T33UWP_20230604T174403,20,,0.0,0.0,3.0722,33.7383,12.7387,0.0,5.108,16.9927,4.3077,24.0424,0.0,1000000,0,0.0,20000.000000000233,19999.99999999907,0.5484311580657959,45.3428,,0.0,0.0,0.0,0.0,0.0,0.0,0.0,0.0,0.0,0.0,0.0,0.0,0.0,20000.0
18282,T33UWP_20000_22,S2B_MSIL2A_20230604T095559_R122_T33UWP_20230604T174403,50,,0.0,0.0,3.07625,33.74875,12.72875,0.0,5.076875,17.044375,4.2825,24.0425,0.0,160000,0,0.0,20000.000000000233,19999.99999999907,0.41451478004455566,45.369375,,0.0,0.0,0.004049999999999887,0.010449999999998738,-0.009949999999999903,0.0,-0.031124999999999403,0.05167499999999947,-0.02519999999999989,9.999999999976694e-05,0.0,0.026575000000001125,0.031124999999999403,20000.0
18288,T33UWP_20000_22,S2B_MSIL2A_20230604T095559_R122_T33UWP_20230604T174403,100,,0.0,0.0,3.0775,33.89,12.585,0.0,5.15,17.0875,4.26,23.95,0.0,40000,0,0.0,20000.000000000233,19999.99999999907,0.3594968318939209,45.2975,,0.0,0.0,0.005300000000000082,0.15169999999999817,-0.15369999999999884,0.0,0.0420000000000007,0.09479999999999933,-0.047699999999999854,-0.09240000000000137,0.0,-0.04529999999999745,0.15369999999999884,20000.0
18294,T33UWP_20000_22,S2B_MSIL2A_20230604T095559_R122_T33UWP_20230604T174403,200,,0.0,0.0,2.93,33.78,12.81,0.0,5.39,16.73,4.23,24.13,0.0,10000,0,0.0,20000.000000000233,19999.99999999907,0.6010987758636475,45.09,,0.0,0.0,-0.14219999999999988,0.04169999999999874,0.07130000000000081,0.0,0.28200000000000003,-0.2626999999999988,-0.07769999999999921,0.08759999999999835,0.0,-0.2527999999999935,0.28200000000000003,20000.0
18300,T33UWP_20000_22,S2B_MSIL2A_20230604T095559_R122_T33UWP_20230604T174403,500,,0.0,0.0,3.25,33.4375,12.625,0.0,4.875,16.6875,4.25,24.875,0.0,1600,0,0.0,20000.000000000233,19999.99999999907,0.4228370189666748,45.8125,,0.0,0.0,0.17779999999999996,-0.3008000000000024,-0.11369999999999969,0.0,-0.23299999999999965,-0.30519999999999925,-0.05769999999999964,0.8325999999999993,0.0,0.4697000000000031,0.4697000000000031,20000.0
18306,T33UWP_20000_22,S2B_MSIL2A_20230604T095559_R122_T33UWP_20230604T174403,1000,,0.0,0.0,3.25,32.25,12.0,0.0,6.75,14.5,5.25,26.0,0.0,400,0,0.0,20000.000000000233,19999.99999999907,0.4970989227294922,45.75,,0.0,0.0,0.17779999999999996,-1.4883000000000024,-0.7386999999999997,0.0,1.6420000000000003,-2.4926999999999992,0.9423000000000004,1.9575999999999993,0.0,0.4072000000000031,1.6420000000000003,20000.0
18278,T33UWP_20000_22,S2B_MSIL2A_20230614T095559_R122_T33UWP_20230614T142248,20,,0.0,0.0007,0.0802,82.3965,17.5211,0.0,0.0015,0.0,0.0,0.0,0.0,1000000,0,0.0,20000.000000000233,19999.99999999907,0.5484311580657959,0.0,,0.0,0.0,0.0,0.0,0.0,0.0,0.0,0.0,0.0,0.0,0.0,0.0,0.0,20000.0
18284,T33UWP_20000_22,S2B_MSIL2A_20230614T095559_R122_T33UWP_20230614T142248,50,,0.0,0.001875,0.078125,82.303125,17.615625,0.0,0.00125,0.0,0.0,0.0,0.0,160000,0,0.0,20000.000000000233,19999.99999999907,0.41451478004455566,0.0,,0.0,0.0011749999999999998,-0.0020749999999999935,-0.09337500000000887,0.09452500000000086,0.0,-0.00025,0.0,0.0,0.0,0.0,0.0,0.09452500000000086,20000.0
18290,T33UWP_20000_22,S2B_MSIL2A_20230614T095559_R122_T33UWP_20230614T142248,100,,0.0,0.0025,0.08,82.465,17.4525,0.0,0.0,0.0,0.0,0.0,0.0,40000,0,0.0,20000.000000000233,19999.99999999907,0.3594968318939209,0.0,,0.0,0.0018,-0.00019999999999999185,0.06850000000000023,-0.0686,0.0,-0.0015,0.0,0.0,0.0,0.0,0.0,0.0686,20000.0
18296,T33UWP_20000_22,S2B_MSIL2A_20230614T095559_R122_T33UWP_20230614T142248,200,,0.0,0.0,0.08,82.53,17.39,0.0,0.0,0.0,0.0,0.0,0.0,10000,0,0.0,20000.000000000233,19999.99999999907,0.6010987758636475,0.0,,0.0,-0.0007,-0.00019999999999999185,0.13349999999999795,-0.1311,0.0,-0.0015,0.0,0.0,0.0,0.0,0.0,0.13349999999999795,20000.0
18302,T33UWP_20000_22,S2B_MSIL2A_20230614T095559_R122_T33UWP_20230614T142248,500,,0.0,0.0,0.125,82.5,17.375,0.0,0.0,0.0,0.0,0.0,0.0,1600,0,0.0,20000.000000000233,19999.99999999907,0.4228370189666748,0.0,,0.0,-0.0007,0.044800000000000006,0.10349999999999682,-0.14610000000000056,0.0,-0.0015,0.0,0.0,0.0,0.0,0.0,0.14610000000000056,20000.0
18308,T33UWP_20000_22,S2B_MSIL2A_20230614T095559_R122_T33UWP_20230614T142248,1000,,0.0,0.0,0.25,82.75,17.0,0.0,0.0,0.0,0.0,0.0,0.0,400,0,0.0,20000.000000000233,19999.99999999907,0.4970989227294922,0.0,,0.0,-0.0007,0.1698,0.3534999999999968,-0.5211000000000006,0.0,-0.0015,0.0,0.0,0.0,0.0,0.0,0.5211000000000006,20000.0
18280,T33UWP_20000_22,S2B_MSIL2A_20230624T095559_R122_T33UWP_20230624T142946,20,,0.0,0.0,0.0,0.0,0.0,0.0,0.0,0.0,100.0,0.0,0.0,1000000,0,0.0,20000.000000000233,19999.99999999907,0.5484311580657959,100.0,,0.0,0.0,0.0,0.0,0.0,0.0,0.0,0.0,0.0,0.0,0.0,0.0,0.0,20000.0
18286,T33UWP_20000_22,S2B_MSIL2A_20230624T095559_R122_T33UWP_20230624T142946,50,,0.0,0.0,0.0,0.0,0.0,0.0,0.0,0.0,100.0,0.0,0.0,160000,0,0.0,20000.000000000233,19999.99999999907,0.41451478004455566,100.0,,0.0,0.0,0.0,0.0,0.0,0.0,0.0,0.0,0.0,0.0,0.0,0.0,0.0,20000.0
18292,T33UWP_20000_22,S2B_MSIL2A_20230624T095559_R122_T33UWP_20230624T142946,100,,0.0,0.0,0.0,0.0,0.0,0.0,0.0,0.0,100.0,0.0,0.0,40000,0,0.0,20000.000000000233,19999.99999999907,0.3594968318939209,100.0,,0.0,0.0,0.0,0.0,0.0,0.0,0.0,0.0,0.0,0.0,0.0,0.0,0.0,20000.0
18298,T33UWP_20000_22,S2B_MSIL2A_20230624T095559_R122_T33UWP_20230624T142946,200,,0.0,0.0,0.0,0.0,0.0,0.0,0.0,0.0,100.0,0.0,0.0,10000,0,0.0,20000.000000000233,19999.99999999907,0.6010987758636475,100.0,,0.0,0.0,0.0,0.0,0.0,0.0,0.0,0.0,0.0,0.0,0.0,0.0,0.0,20000.0
18304,T33UWP_20000_22,S2B_MSIL2A_20230624T095559_R122_T33UWP_20230624T142946,500,,0.0,0.0,0.0,0.0,0.0,0.0,0.0,0.0,100.0,0.0,0.0,1600,0,0.0,20000.000000000233,19999.99999999907,0.4228370189666748,100.0,,0.0,0.0,0.0,0.0,0.0,0.0,0.0,0.0,0.0,0.0,0.0,0.0,0.0,20000.0
18310,T33UWP_20000_22,S2B_MSIL2A_20230624T095559_R122_T33UWP_20230624T142946,1000,,0.0,0.0,0.0,0.0,0.0,0.0,0.0,0.0,100.0,0.0,0.0,400,0,0.0,20000.000000000233,19999.99999999907,0.4970989227294922,100.0,,0.0,0.0,0.0,0.0,0.0,0.0,0.0,0.0,0.0,0.0,0.0,0.0,0.0,20000.0
18313,T33UWP_20000_23,S2A_MSIL2A_20230609T100031_R122_T33UWQ_20230609T173715,20,,0.0,0.0002,3.5834,14.5506,7.1743,0.033,1.4942,25.7438,22.9753,24.4452,0.0,1000000,0,0.0,20000.000000000116,20000.00000000093,0.509352445602417,73.1643,,0.0,0.0,0.0,0.0,0.0,0.0,0.0,0.0,0.0,0.0,0.0,0.0,0.0,20000.0
18319,T33UWP_20000_23,S2A_MSIL2A_20230609T100031_R122_T33UWQ_20230609T173715,50,,0.0,0.0,3.573125,14.595625,7.156875,0.03375,1.49125,25.711875,22.975625,24.461875,0.0,160000,0,0.0,20000.000000000116,20000.00000000093,0.45424866676330566,73.14937499999999,,0.0,-0.0002,-0.010275000000000034,0.04502500000000076,-0.017424999999999358,0.0007500000000000007,-0.002950000000000008,-0.03192500000000109,0.00032500000000013074,0.01667499999999933,0.0,-0.014925000000005184,0.04502500000000076,20000.0
18325,T33UWP_20000_23,S2A_MSIL2A_20230609T100031_R122_T33UWQ_20230609T173715,100,,0.0,0.0,3.5675,14.5725,7.205,0.035,1.45,25.705,22.935,24.53,0.0,40000,0,0.0,20000.000000000116,20000.00000000093,0.49344754219055176,73.17,,0.0,-0.0002,-0.015900000000000247,0.021900000000000475,0.030700000000000394,0.0020000000000000018,-0.04420000000000002,-0.038800000000001944,-0.040300000000002,0.08480000000000132,0.0,0.005700000000004479,0.04420000000000002,20000.0
18331,T33UWP_20000_23,S2A_MSIL2A_20230609T100031_R122_T33UWQ_20230609T173715,200,,0.0,0.0,3.48,14.64,7.29,0.04,1.45,25.9,22.78,24.42,0.0,10000,0,0.0,20000.000000000116,20000.00000000093,0.8010871410369873,73.1,,0.0,-0.0002,-0.10340000000000016,0.08940000000000126,0.11570000000000036,0.006999999999999999,-0.04420000000000002,0.15619999999999834,-0.19529999999999959,-0.025199999999998113,0.0,-0.06430000000000291,0.11570000000000036,20000.0
18337,T33UWP_20000_23,S2A_MSIL2A_20230609T100031_R122_T33UWQ_20230609T173715,500,,0.0,0.0,3.0625,13.75,7.5625,0.0625,1.875,26.0,22.8125,24.875,0.0,1600,0,0.0,20000.000000000116,20000.00000000093,0.3547637462615967,73.6875,,0.0,-0.0002,-0.5209000000000001,-0.8005999999999993,0.3882000000000003,0.0295,0.3808,0.25619999999999976,-0.16280000000000072,0.4298000000000002,0.0,0.5232000000000028,0.8005999999999993,20000.0
18343,T33UWP_20000_23,S2A_MSIL2A_20230609T100031_R122_T33UWQ_20230609T173715,1000,,0.0,0.0,3.25,13.0,7.75,0.0,1.0,26.0,23.5,25.5,0.0,400,0,0.0,20000.000000000116,20000.00000000093,0.440624475479126,75.0,,0.0,-0.0002,-0.33340000000000014,-1.5505999999999993,0.5757000000000003,-0.033,-0.4942,0.25619999999999976,0.5246999999999993,1.0548000000000002,0.0,1.8357000000000028,1.8357000000000028,20000.0
18315,T33UWP_20000_23,S2A_MSIL2A_20230619T100031_R122_T33UWQ_20230619T173043,20,,0.0,0.0506,1.4504,82.02,9.9306,0.0473,2.4291,2.6165,0.8954,0.5601,0.0,1000000,0,0.0,20000.000000000116,20000.00000000093,0.509352445602417,4.072,,0.0,0.0,0.0,0.0,0.0,0.0,0.0,0.0,0.0,0.0,0.0,0.0,0.0,20000.0
18321,T33UWP_20000_23,S2A_MSIL2A_20230619T100031_R122_T33UWQ_20230619T173043,50,,0.0,0.049375,1.456875,82.085,9.891875,0.045,2.390625,2.634375,0.88875,0.558125,0.0,160000,0,0.0,20000.000000000116,20000.00000000093,0.45424866676330566,4.08125,,0.0,-0.001224999999999997,0.0064750000000000085,0.06499999999999773,-0.038724999999999454,-0.0023000000000000034,-0.03847500000000004,0.017875000000000085,-0.006649999999999934,-0.00197500000000006,0.0,0.009249999999999758,0.06499999999999773,20000.0
18327,T33UWP_20000_23,S2A_MSIL2A_20230619T100031_R122_T33UWQ_20230619T173043,100,,0.0,0.04,1.4525,81.8775,10.0625,0.0425,2.4525,2.6275,0.895,0.55,0.0,40000,0,0.0,20000.000000000116,20000.00000000093,0.49344754219055176,4.0725,,0.0,-0.010599999999999998,0.0020999999999999908,-0.1424999999999983,0.1318999999999999,-0.004799999999999999,0.023400000000000087,0.01100000000000012,-0.00039999999999995595,-0.010099999999999998,0.0,0.0004999999999997229,0.1424999999999983,20000.0
18333,T33UWP_20000_23,S2A_MSIL2A_20230619T100031_R122_T33UWQ_20230619T173043,200,,0.0,0.03,1.3,82.12,10.22,0.08,2.25,2.54,0.87,0.59,0.0,10000,0,0.0,20000.000000000116,20000.00000000093,0.8010871410369873,4.0,,0.0,-0.0206,-0.15039999999999987,0.10000000000000853,0.28940000000000055,0.0327,-0.17910000000000004,-0.07649999999999979,-0.025399999999999978,0.029899999999999927,0.0,-0.07200000000000006,0.28940000000000055,20000.0
18339,T33UWP_20000_23,S2A_MSIL2A_20230619T100031_R122_T33UWQ_20230619T173043,500,,0.0,0.0625,1.5,82.5625,9.4375,0.0625,2.1875,2.8125,0.6875,0.6875,0.0,1600,0,0.0,20000.000000000116,20000.00000000093,0.3547637462615967,4.1875,,0.0,0.0119,0.04960000000000009,0.542500000000004,-0.4931000000000001,0.015199999999999998,-0.24160000000000004,0.19600000000000017,-0.20789999999999997,0.12739999999999996,0.0,0.11549999999999994,0.542500000000004,20000.0
18345,T33UWP_20000_23,S2A_MSIL2A_20230619T100031_R122_T33UWQ_20230619T173043,1000,,0.0,0.25,1.25,83.0,8.75,0.25,2.25,3.25,0.75,0.25,0.0,400,0,0.0,20000.000000000116,20000.00000000093,0.440624475479126,4.25,,0.0,0.1994,-0.2003999999999999,0.980000000000004,-1.1806,0.2027,-0.17910000000000004,0.6335000000000002,-0.14539999999999997,-0.31010000000000004,0.0,0.17799999999999994,1.1806,20000.0
18317,T33UWP_20000_23,S2A_MSIL2A_20230629T100031_R122_T33UWQ_20230629T191404,20,,0.0,0.0268,6.5646,78.8964,9.7698,0.0519,0.3299,3.0702,1.2251,0.0653,0.0,1000000,0,0.0,20000.000000000116,20000.00000000093,0.509352445602417,4.3606,,0.0,0.0,0.0,0.0,0.0,0.0,0.0,0.0,0.0,0.0,0.0,0.0,0.0,20000.0
18323,T33UWP_20000_23,S2A_MSIL2A_20230629T100031_R122_T33UWQ_20230629T191404,50,,0.0,0.026875,6.56375,78.914375,9.75375,0.055625,0.32125,3.0725,1.22,0.071875,0.0,160000,0,0.0,20000.000000000116,20000.00000000093,0.45424866676330566,4.364375,,0.0,7.499999999999868e-05,-0.0008500000000006835,0.017975000000006958,-0.016049999999999898,0.003724999999999999,-0.008650000000000047,0.0022999999999999687,-0.0051000000000001044,0.0065749999999999975,0.0,0.003775000000000084,0.017975000000006958,20000.0
18329,T33UWP_20000_23,S2A_MSIL2A_20230629T100031_R122_T33UWQ_20230629T191404,100,,0.0,0.02,6.575,78.805,9.865,0.05,0.3575,3.0325,1.25,0.045,0.0,40000,0,0.0,20000.000000000116,20000.00000000093,0.49344754219055176,4.327500000000001,,0.0,-0.0068000000000000005,0.010399999999999743,-0.09139999999999304,0.09520000000000017,-0.001899999999999999,0.027599999999999958,-0.03769999999999962,0.024899999999999922,-0.0203,0.0,-0.03309999999999924,0.09520000000000017,20000.0
18335,T33UWP_20000_23,S2A_MSIL2A_20230629T100031_R122_T33UWQ_20230629T191404,200,,0.0,0.01,6.72,78.82,9.86,0.07,0.2,2.91,1.35,0.06,0.0,10000,0,0.0,20000.000000000116,20000.00000000093,0.8010871410369873,4.319999999999999,,0.0,-0.016800000000000002,0.15539999999999932,-0.07640000000000668,0.09019999999999939,0.018100000000000005,-0.12990000000000002,-0.16019999999999968,0.12490000000000001,-0.005299999999999999,0.0,-0.040600000000000414,0.15539999999999932,20000.0
18341,T33UWP_20000_23,S2A_MSIL2A_20230629T100031_R122_T33UWQ_20230629T191404,500,,0.0,0.0,7.1875,78.625,9.5625,0.125,0.375,2.9375,1.125,0.0625,0.0,1600,0,0.0,20000.000000000116,20000.00000000093,0.3547637462615967,4.125,,0.0,-0.0268,0.6228999999999996,-0.27139999999999986,-0.20730000000000004,0.0731,0.04509999999999997,-0.13269999999999982,-0.10010000000000008,-0.002799999999999997,0.0,-0.2355999999999998,0.6228999999999996,20000.0
18347,T33UWP_20000_23,S2A_MSIL2A_20230629T100031_R122_T33UWQ_20230629T191404,1000,,0.0,0.0,6.25,79.5,7.5,0.0,0.0,4.75,2.0,0.0,0.0,400,0,0.0,20000.000000000116,20000.00000000093,0.440624475479126,6.75,,0.0,-0.0268,-0.31460000000000043,0.6036000000000001,-2.2698,-0.0519,-0.3299,1.6798000000000002,0.7748999999999999,-0.0653,0.0,2.3894,2.3894,20000.0
18312,T33UWP_20000_23,S2B_MSIL2A_20230604T095559_R122_T33UWQ_20230604T174401,20,,0.0,0.0,4.4234,28.2062,13.3003,0.0091,12.3104,23.8267,17.5429,0.381,0.0,1000000,0,0.0,20000.000000000116,20000.00000000093,0.509352445602417,41.7506,,0.0,0.0,0.0,0.0,0.0,0.0,0.0,0.0,0.0,0.0,0.0,0.0,0.0,20000.0
18318,T33UWP_20000_23,S2B_MSIL2A_20230604T095559_R122_T33UWQ_20230604T174401,50,,0.0,0.0,4.413125,28.25125,13.261875,0.008125,12.344375,23.8,17.55125,0.37,0.0,160000,0,0.0,20000.000000000116,20000.00000000093,0.45424866676330566,41.72125,,0.0,0.0,-0.010275000000000034,0.04504999999999981,-0.038425000000000153,-0.0009750000000000002,0.033974999999999866,-0.02669999999999817,0.00835000000000008,-0.01100000000000001,0.0,-0.029350000000000875,0.04504999999999981,20000.0
18324,T33UWP_20000_23,S2B_MSIL2A_20230604T095559_R122_T33UWQ_20230604T174401,100,,0.0,0.0,4.395,28.25,13.2125,0.015,12.51,23.7025,17.5475,0.3675,0.0,40000,0,0.0,20000.000000000116,20000.00000000093,0.49344754219055176,41.6175,,0.0,0.0,-0.028400000000000425,0.04380000000000095,-0.08779999999999966,0.005899999999999999,0.19960000000000022,-0.12419999999999831,0.0045999999999999375,-0.013500000000000012,0.0,-0.13309999999999889,0.19960000000000022,20000.0
18330,T33UWP_20000_23,S2B_MSIL2A_20230604T095559_R122_T33UWQ_20230604T174401,200,,0.0,0.0,4.36,27.84,13.06,0.0,12.9,24.01,17.47,0.36,0.0,10000,0,0.0,20000.000000000116,20000.00000000093,0.8010871410369873,41.84,,0.0,0.0,-0.06339999999999968,-0.3661999999999992,-0.24029999999999951,-0.0091,0.5896000000000008,0.18330000000000268,-0.07290000000000063,-0.02100000000000002,0.0,0.08940000000000481,0.5896000000000008,20000.0
18336,T33UWP_20000_23,S2B_MSIL2A_20230604T095559_R122_T33UWQ_20230604T174401,500,,0.0,0.0,4.8125,28.8125,13.875,0.0,12.1875,22.4375,17.4375,0.4375,0.0,1600,0,0.0,20000.000000000116,20000.00000000093,0.3547637462615967,40.3125,,0.0,0.0,0.3891,0.606300000000001,0.5747,-0.0091,-0.12289999999999957,-1.3891999999999989,-0.1053999999999995,0.056499999999999995,0.0,-1.4380999999999986,1.4380999999999986,20000.0
18342,T33UWP_20000_23,S2B_MSIL2A_20230604T095559_R122_T33UWQ_20230604T174401,1000,,0.0,0.0,5.25,27.25,14.5,0.0,11.75,24.0,16.75,0.5,0.0,400,0,0.0,20000.000000000116,20000.00000000093,0.440624475479126,41.25,,0.0,0.0,0.8266,-0.956199999999999,1.1997,-0.0091,-0.5603999999999996,0.17330000000000112,-0.7928999999999995,0.119,0.0,-0.5005999999999986,1.1997,20000.0
18314,T33UWP_20000_23,S2B_MSIL2A_20230614T095559_R122_T33UWQ_20230614T142556,20,,0.0,0.0497,0.0,88.1052,11.715,0.0527,0.0478,0.0,0.0,0.0296,0.0,1000000,0,0.0,20000.000000000116,20000.00000000093,0.509352445602417,0.0296,,0.0,0.0,0.0,0.0,0.0,0.0,0.0,0.0,0.0,0.0,0.0,0.0,0.0,20000.0
18320,T33UWP_20000_23,S2B_MSIL2A_20230614T095559_R122_T33UWQ_20230614T142556,50,,0.0,0.049375,0.0,88.1725,11.653125,0.053125,0.045625,0.0,0.0,0.02625,0.0,160000,0,0.0,20000.000000000116,20000.00000000093,0.45424866676330566,0.02625,,0.0,-0.0003249999999999989,0.0,0.06730000000000302,-0.06187500000000057,0.00042500000000000177,-0.0021750000000000033,0.0,0.0,-0.0033500000000000023,0.0,-0.0033500000000000023,0.06730000000000302,20000.0
18326,T33UWP_20000_23,S2B_MSIL2A_20230614T095559_R122_T33UWQ_20230614T142556,100,,0.0,0.0425,0.0,87.985,11.825,0.0475,0.07,0.0,0.0,0.03,0.0,40000,0,0.0,20000.000000000116,20000.00000000093,0.49344754219055176,0.03,,0.0,-0.007199999999999998,0.0,-0.12019999999999698,0.10999999999999943,-0.005199999999999996,0.022200000000000004,0.0,0.0,0.0003999999999999976,0.0,0.0003999999999999976,0.12019999999999698,20000.0
18332,T33UWP_20000_23,S2B_MSIL2A_20230614T095559_R122_T33UWQ_20230614T142556,200,,0.0,0.02,0.0,88.07,11.77,0.07,0.04,0.0,0.0,0.03,0.0,10000,0,0.0,20000.000000000116,20000.00000000093,0.8010871410369873,0.03,,0.0,-0.0297,0.0,-0.03520000000000323,0.054999999999999716,0.01730000000000001,-0.007800000000000001,0.0,0.0,0.0003999999999999976,0.0,0.0003999999999999976,0.054999999999999716,20000.0
18338,T33UWP_20000_23,S2B_MSIL2A_20230614T095559_R122_T33UWQ_20230614T142556,500,,0.0,0.125,0.0,88.1875,11.5625,0.0625,0.0,0.0,0.0,0.0625,0.0,1600,0,0.0,20000.000000000116,20000.00000000093,0.3547637462615967,0.0625,,0.0,0.0753,0.0,0.08230000000000359,-0.15249999999999986,0.009800000000000003,-0.0478,0.0,0.0,0.0329,0.0,0.0329,0.15249999999999986,20000.0
18344,T33UWP_20000_23,S2B_MSIL2A_20230614T095559_R122_T33UWQ_20230614T142556,1000,,0.0,0.25,0.0,87.25,12.25,0.25,0.0,0.0,0.0,0.0,0.0,400,0,0.0,20000.000000000116,20000.00000000093,0.440624475479126,0.0,,0.0,0.2003,0.0,-0.8551999999999964,0.5350000000000001,0.1973,-0.0478,0.0,0.0,-0.0296,0.0,-0.0296,0.8551999999999964,20000.0
18316,T33UWP_20000_23,S2B_MSIL2A_20230624T095559_R122_T33UWQ_20230624T154230,20,,0.0,0.0,0.0,0.0,0.0,0.0,0.0,0.0,100.0,0.0,0.0,1000000,0,0.0,20000.000000000116,20000.00000000093,0.509352445602417,100.0,,0.0,0.0,0.0,0.0,0.0,0.0,0.0,0.0,0.0,0.0,0.0,0.0,0.0,20000.0
18322,T33UWP_20000_23,S2B_MSIL2A_20230624T095559_R122_T33UWQ_20230624T154230,50,,0.0,0.0,0.0,0.0,0.0,0.0,0.0,0.0,100.0,0.0,0.0,160000,0,0.0,20000.000000000116,20000.00000000093,0.45424866676330566,100.0,,0.0,0.0,0.0,0.0,0.0,0.0,0.0,0.0,0.0,0.0,0.0,0.0,0.0,20000.0
18328,T33UWP_20000_23,S2B_MSIL2A_20230624T095559_R122_T33UWQ_20230624T154230,100,,0.0,0.0,0.0,0.0,0.0,0.0,0.0,0.0,100.0,0.0,0.0,40000,0,0.0,20000.000000000116,20000.00000000093,0.49344754219055176,100.0,,0.0,0.0,0.0,0.0,0.0,0.0,0.0,0.0,0.0,0.0,0.0,0.0,0.0,20000.0
18334,T33UWP_20000_23,S2B_MSIL2A_20230624T095559_R122_T33UWQ_20230624T154230,200,,0.0,0.0,0.0,0.0,0.0,0.0,0.0,0.0,100.0,0.0,0.0,10000,0,0.0,20000.000000000116,20000.00000000093,0.8010871410369873,100.0,,0.0,0.0,0.0,0.0,0.0,0.0,0.0,0.0,0.0,0.0,0.0,0.0,0.0,20000.0
18340,T33UWP_20000_23,S2B_MSIL2A_20230624T095559_R122_T33UWQ_20230624T154230,500,,0.0,0.0,0.0,0.0,0.0,0.0,0.0,0.0,100.0,0.0,0.0,1600,0,0.0,20000.000000000116,20000.00000000093,0.3547637462615967,100.0,,0.0,0.0,0.0,0.0,0.0,0.0,0.0,0.0,0.0,0.0,0.0,0.0,0.0,20000.0
18346,T33UWP_20000_23,S2B_MSIL2A_20230624T095559_R122_T33UWQ_20230624T154230,1000,,0.0,0.0,0.0,0.0,0.0,0.0,0.0,0.0,100.0,0.0,0.0,400,0,0.0,20000.000000000116,20000.00000000093,0.440624475479126,100.0,,0.0,0.0,0.0,0.0,0.0,0.0,0.0,0.0,0.0,0.0,0.0,0.0,0.0,20000.0
18350,T33UWP_20000_24,S2A_MSIL2A_20230606T095031_R079_T33UWP_20230606T162616,20,,0.0,0.0001,1.8017,4.0228,2.4679,0.0042,1.0455,12.0548,78.5247,0.0783,0.0,1000000,0,0.0,20000.000000000233,20000.0,1.1033756732940674,90.6578,,0.0,0.0,0.0,0.0,0.0,0.0,0.0,0.0,0.0,0.0,0.0,0.0,0.0,20000.0
18363,T33UWP_20000_24,S2A_MSIL2A_20230606T095031_R079_T33UWP_20230606T162616,50,,0.0,0.0,1.8075,4.02625,2.455,0.004375,1.035,12.060625,78.53625,0.075,0.0,160000,0,0.0,20000.000000000233,20000.0,0.8445959091186523,90.671875,,0.0,-0.0001,0.005800000000000027,0.003449999999999953,-0.012900000000000134,0.00017500000000000068,-0.010500000000000176,0.005824999999999747,0.011549999999999727,-0.0032999999999999974,0.0,0.014075000000005389,0.014075000000005389,20000.0
18376,T33UWP_20000_24,S2A_MSIL2A_20230606T095031_R079_T33UWP_20230606T162616,100,,0.0,0.0,1.8175,4.02,2.4275,0.0025,0.995,12.1475,78.5075,0.0825,0.0,40000,0,0.0,20000.000000000233,20000.0,0.887850284576416,90.7375,,0.0,-0.0001,0.015799999999999814,-0.00280000000000058,-0.04039999999999999,-0.0016999999999999997,-0.0505000000000001,0.09270000000000067,-0.017200000000002547,0.004200000000000009,0.0,0.07970000000000255,0.07970000000000255,20000.0
18389,T33UWP_20000_24,S2A_MSIL2A_20230606T095031_R079_T33UWP_20230606T162616,200,,0.0,0.0,1.9,4.31,2.48,0.0,1.03,12.08,78.11,0.09,0.0,10000,0,0.0,20000.000000000233,20000.0,0.8114144802093506,90.28,,0.0,-0.0001,0.09829999999999983,0.28719999999999946,0.012099999999999778,-0.0042,-0.01550000000000007,0.02519999999999989,-0.4146999999999963,0.011700000000000002,0.0,-0.3777999999999935,0.3777999999999935,20000.0
18402,T33UWP_20000_24,S2A_MSIL2A_20230606T095031_R079_T33UWP_20230606T162616,500,,0.0,0.0,2.0625,4.375,2.5,0.0,1.0,11.3125,78.6875,0.0625,0.0,1600,0,0.0,20000.000000000233,20000.0,0.8042702674865723,90.0625,,0.0,-0.0001,0.2607999999999999,0.35219999999999985,0.032099999999999795,-0.0042,-0.045500000000000096,-0.7423000000000002,0.16280000000000427,-0.015799999999999995,0.0,-0.5952999999999946,0.5952999999999946,20000.0
18415,T33UWP_20000_24,S2A_MSIL2A_20230606T095031_R079_T33UWP_20230606T162616,1000,,0.0,0.0,1.75,4.0,2.75,0.0,1.25,11.75,78.25,0.25,0.0,400,0,0.0,20000.000000000233,20000.0,0.773601770401001,90.25,,0.0,-0.0001,-0.05170000000000008,-0.022800000000000153,0.2820999999999998,-0.0042,0.2044999999999999,-0.3048000000000002,-0.2746999999999957,0.17170000000000002,0.0,-0.4077999999999946,0.4077999999999946,20000.0
18351,T33UWP_20000_24,S2A_MSIL2A_20230609T100031_R122_T33UWP_20230609T173715,20,,0.0,0.0,3.2527,0.019,0.0173,0.0244,0.0219,15.8914,80.7128,0.0605,0.0,1000000,0,0.0,20000.000000000233,20000.0,1.1033756732940674,96.66470000000001,,0.0,0.0,0.0,0.0,0.0,0.0,0.0,0.0,0.0,0.0,0.0,0.0,0.0,20000.0
18364,T33UWP_20000_24,S2A_MSIL2A_20230609T100031_R122_T33UWP_20230609T173715,50,,0.0,0.0,3.248125,0.019375,0.016875,0.024375,0.0225,15.871875,80.734375,0.0625,0.0,160000,0,0.0,20000.000000000233,20000.0,0.8445959091186523,96.66875,,0.0,0.0,-0.004574999999999996,0.00037500000000000033,-0.0004249999999999983,-2.5000000000000716e-05,0.0005999999999999998,-0.01952500000000157,0.021574999999998568,0.0020000000000000018,0.0,0.0040499999999923375,0.004574999999999996,20000.0
18377,T33UWP_20000_24,S2A_MSIL2A_20230609T100031_R122_T33UWP_20230609T173715,100,,0.0,0.0,3.2875,0.0225,0.015,0.025,0.0175,15.8975,80.69,0.045,0.0,40000,0,0.0,20000.000000000233,20000.0,0.887850284576416,96.63250000000001,,0.0,0.0,0.034800000000000164,0.0034999999999999996,-0.0023,0.0005999999999999998,-0.004399999999999998,0.006099999999999994,-0.022800000000003706,-0.0155,0.0,-0.032200000000003115,0.034800000000000164,20000.0
18390,T33UWP_20000_24,S2A_MSIL2A_20230609T100031_R122_T33UWP_20230609T173715,200,,0.0,0.0,3.38,0.03,0.02,0.0,0.03,15.74,80.73,0.07,0.0,10000,0,0.0,20000.000000000233,20000.0,0.8114144802093506,96.53999999999999,,0.0,0.0,0.12729999999999997,0.011,0.002700000000000001,-0.0244,0.0081,-0.15140000000000065,0.017200000000002547,0.009500000000000008,0.0,-0.12470000000001846,0.12729999999999997,20000.0
18403,T33UWP_20000_24,S2A_MSIL2A_20230609T100031_R122_T33UWP_20230609T173715,500,,0.0,0.0,3.3125,0.0,0.0,0.0625,0.0,15.8125,80.8125,0.0,0.0,1600,0,0.0,20000.000000000233,20000.0,0.8042702674865723,96.625,,0.0,0.0,0.059800000000000075,-0.019,-0.0173,0.038099999999999995,-0.0219,-0.07890000000000086,0.09969999999999857,-0.0605,0.0,-0.039700000000010505,0.059800000000000075,20000.0
18416,T33UWP_20000_24,S2A_MSIL2A_20230609T100031_R122_T33UWP_20230609T173715,1000,,0.0,0.0,3.0,0.0,0.0,0.0,0.0,14.25,82.75,0.0,0.0,400,0,0.0,20000.000000000233,20000.0,0.773601770401001,97.0,,0.0,0.0,-0.2526999999999999,-0.019,-0.0173,-0.0244,-0.0219,-1.6414000000000009,2.0371999999999986,-0.0605,0.0,0.3352999999999895,0.3352999999999895,20000.0
18354,T33UWP_20000_24,S2A_MSIL2A_20230616T095031_R079_T33UWP_20230616T172735,20,,0.0,0.0044,5.8255,71.2737,16.3165,0.1435,0.3164,3.5214,2.5657,0.0329,0.0,1000000,0,0.0,20000.000000000233,20000.0,1.1033756732940674,6.119999999999999,,0.0,0.0,0.0,0.0,0.0,0.0,0.0,0.0,0.0,0.0,0.0,0.0,0.0,20000.0
18367,T33UWP_20000_24,S2A_MSIL2A_20230616T095031_R079_T33UWP_20230616T172735,50,,0.0,0.004375,5.823125,71.365625,16.239375,0.1425,0.315,3.505,2.568125,0.036875,0.0,160000,0,0.0,20000.000000000233,20000.0,0.8445959091186523,6.11,,0.0,-2.499999999999985e-05,-0.002374999999999794,0.09192499999998915,-0.07712500000000233,-0.0010000000000000009,-0.0014000000000000123,-0.01639999999999997,0.0024250000000001215,0.003974999999999999,0.0,-0.009999999999998899,0.09192499999998915,20000.0
18380,T33UWP_20000_24,S2A_MSIL2A_20230616T095031_R079_T33UWP_20230616T172735,100,,0.0,0.005,5.82,71.11,16.4375,0.1475,0.35,3.475,2.6225,0.0325,0.0,40000,0,0.0,20000.000000000233,20000.0,0.887850284576416,6.13,,0.0,0.0005999999999999998,-0.005499999999999616,-0.16370000000000573,0.12099999999999866,0.0040000000000000036,0.03359999999999996,-0.046399999999999775,0.05679999999999996,-0.0003999999999999976,0.0,0.010000000000000675,0.16370000000000573,20000.0
18393,T33UWP_20000_24,S2A_MSIL2A_20230616T095031_R079_T33UWP_20230616T172735,200,,0.0,0.0,6.0,70.94,16.45,0.13,0.27,3.75,2.44,0.02,0.0,10000,0,0.0,20000.000000000233,20000.0,0.8114144802093506,6.209999999999999,,0.0,-0.0044,0.1745000000000001,-0.33370000000000744,0.13349999999999795,-0.013499999999999984,-0.0464,0.22860000000000014,-0.12570000000000014,-0.012899999999999998,0.0,0.08999999999999986,0.33370000000000744,20000.0
18406,T33UWP_20000_24,S2A_MSIL2A_20230616T095031_R079_T33UWP_20230616T172735,500,,0.0,0.0,6.4375,68.875,18.5,0.125,0.375,2.75,2.9375,0.0,0.0,1600,0,0.0,20000.000000000233,20000.0,0.8042702674865723,5.6875,,0.0,-0.0044,0.6120000000000001,-2.398700000000005,2.1834999999999987,-0.01849999999999999,0.058599999999999985,-0.7713999999999999,0.3717999999999999,-0.0329,0.0,-0.4324999999999992,2.398700000000005,20000.0
18419,T33UWP_20000_24,S2A_MSIL2A_20230616T095031_R079_T33UWP_20230616T172735,1000,,0.0,0.0,5.75,69.0,18.25,0.25,0.0,5.0,1.75,0.0,0.0,400,0,0.0,20000.000000000233,20000.0,0.773601770401001,6.75,,0.0,-0.0044,-0.0754999999999999,-2.273700000000005,1.9334999999999987,0.10650000000000001,-0.3164,1.4786000000000001,-0.8157000000000001,-0.0329,0.0,0.6300000000000008,2.273700000000005,20000.0
18355,T33UWP_20000_24,S2A_MSIL2A_20230619T100031_R122_T33UWP_20230619T172742,20,,0.0,0.0053,1.8881,38.5798,8.7858,0.0442,0.901,7.4397,4.2078,38.1483,0.0,1000000,0,0.0,20000.000000000233,20000.0,1.1033756732940674,49.7958,,0.0,0.0,0.0,0.0,0.0,0.0,0.0,0.0,0.0,0.0,0.0,0.0,0.0,20000.0
18368,T33UWP_20000_24,S2A_MSIL2A_20230619T100031_R122_T33UWP_20230619T172742,50,,0.0,0.004375,1.885625,38.615,8.781875,0.04375,0.89,7.45375,4.193125,38.1325,0.0,160000,0,0.0,20000.000000000233,20000.0,0.8445959091186523,49.779375,,0.0,-0.0009249999999999996,-0.002474999999999783,0.03520000000000323,-0.0039250000000006224,-0.00045000000000000595,-0.01100000000000001,0.014050000000000118,-0.01467499999999955,-0.015799999999998704,0.0,-0.016424999999998136,0.03520000000000323,20000.0
18381,T33UWP_20000_24,S2A_MSIL2A_20230619T100031_R122_T33UWP_20230619T172742,100,,0.0,0.01,1.8775,38.5775,8.76,0.03,0.9375,7.485,4.2375,38.085,0.0,40000,0,0.0,20000.000000000233,20000.0,0.887850284576416,49.807500000000005,,0.0,0.0047,-0.010599999999999943,-0.0022999999999981924,-0.025800000000000267,-0.014200000000000004,0.03649999999999998,0.04530000000000012,0.02970000000000006,-0.06329999999999814,0.0,0.011700000000004707,0.03649999999999998,20000.0
18394,T33UWP_20000_24,S2A_MSIL2A_20230619T100031_R122_T33UWP_20230619T172742,200,,0.0,0.01,1.84,38.3,8.93,0.02,1.05,7.35,4.02,38.48,0.0,10000,0,0.0,20000.000000000233,20000.0,0.8114144802093506,49.849999999999994,,0.0,0.0047,-0.04809999999999981,-0.2798000000000016,0.14419999999999966,-0.024200000000000003,0.14900000000000002,-0.08970000000000056,-0.1878000000000002,0.3316999999999979,0.0,0.054199999999994475,0.2798000000000016,20000.0
18407,T33UWP_20000_24,S2A_MSIL2A_20230619T100031_R122_T33UWP_20230619T172742,500,,0.0,0.0625,1.875,37.125,7.875,0.0,1.3125,8.75,4.125,38.875,0.0,1600,0,0.0,20000.000000000233,20000.0,0.8042702674865723,51.75,,0.0,0.0572,-0.01309999999999989,-1.4547999999999988,-0.9108,-0.0442,0.4115,1.3102999999999998,-0.08279999999999976,0.726700000000001,0.0,1.9542000000000002,1.9542000000000002,20000.0
18420,T33UWP_20000_24,S2A_MSIL2A_20230619T100031_R122_T33UWP_20230619T172742,1000,,0.0,0.0,0.75,38.0,9.5,0.0,0.5,8.0,4.5,38.75,0.0,400,0,0.0,20000.000000000233,20000.0,0.773601770401001,51.25,,0.0,-0.0053,-1.1381,-0.5797999999999988,0.7142,-0.0442,-0.401,0.5602999999999998,0.29220000000000024,0.601700000000001,0.0,1.4542000000000002,1.4542000000000002,20000.0
18358,T33UWP_20000_24,S2A_MSIL2A_20230626T095031_R079_T33UWP_20230626T161132,20,,0.0,0.0044,13.1462,48.0281,10.3023,0.1182,0.4206,10.4612,17.519,0.0,0.0,1000000,0,0.0,20000.000000000233,20000.0,1.1033756732940674,27.980199999999996,,0.0,0.0,0.0,0.0,0.0,0.0,0.0,0.0,0.0,0.0,0.0,0.0,0.0,20000.0
18371,T33UWP_20000_24,S2A_MSIL2A_20230626T095031_R079_T33UWP_20230626T161132,50,,0.0,0.00375,13.151875,48.03,10.284375,0.11875,0.4225,10.428125,17.560625,0.0,0.0,160000,0,0.0,20000.000000000233,20000.0,0.8445959091186523,27.988750000000003,,0.0,-0.0006500000000000004,0.005675000000000097,0.0018999999999991246,-0.01792499999999997,0.0005499999999999949,0.0019000000000000128,-0.03307500000000019,0.041625000000003354,0.0,0.0,0.008550000000006719,0.01792499999999997,20000.0
18384,T33UWP_20000_24,S2A_MSIL2A_20230626T095031_R079_T33UWP_20230626T161132,100,,0.0,0.0075,13.1025,47.88,10.4425,0.12,0.475,10.3825,17.59,0.0,0.0,40000,0,0.0,20000.000000000233,20000.0,0.887850284576416,27.9725,,0.0,0.0030999999999999995,-0.04370000000000118,-0.14809999999999945,0.1402000000000001,0.001799999999999996,0.054400000000000004,-0.07869999999999955,0.0710000000000015,0.0,0.0,-0.007699999999996265,0.14809999999999945,20000.0
18397,T33UWP_20000_24,S2A_MSIL2A_20230626T095031_R079_T33UWP_20230626T161132,200,,0.0,0.01,13.17,47.86,10.46,0.12,0.45,10.73,17.2,0.0,0.0,10000,0,0.0,20000.000000000233,20000.0,0.8114144802093506,27.93,,0.0,0.0056,0.0237999999999996,-0.16810000000000258,0.15770000000000017,0.001799999999999996,0.029400000000000037,0.2688000000000006,-0.31899999999999906,0.0,0.0,-0.05019999999999669,0.16810000000000258,20000.0
18410,T33UWP_20000_24,S2A_MSIL2A_20230626T095031_R079_T33UWP_20230626T161132,500,,0.0,0.0,13.1875,46.1875,11.625,0.125,0.75,11.4375,16.6875,0.0,0.0,1600,0,0.0,20000.000000000233,20000.0,0.8042702674865723,28.125,,0.0,-0.0044,0.04129999999999967,-1.840600000000002,1.3226999999999993,0.0068000000000000005,0.3294,0.9763000000000002,-0.8314999999999984,0.0,0.0,0.1448000000000036,1.840600000000002,20000.0
18423,T33UWP_20000_24,S2A_MSIL2A_20230626T095031_R079_T33UWP_20230626T161132,1000,,0.0,0.0,11.25,46.5,11.75,0.0,0.25,14.0,16.25,0.0,0.0,400,0,0.0,20000.000000000233,20000.0,0.773601770401001,30.25,,0.0,-0.0044,-1.8962000000000003,-1.528100000000002,1.4476999999999993,-0.1182,-0.17059999999999997,3.5388,-1.2689999999999984,0.0,0.0,2.2698000000000036,2.2698000000000036,20000.0
18359,T33UWP_20000_24,S2A_MSIL2A_20230629T100031_R122_T33UWP_20230629T191411,20,,0.0,0.0072,5.2755,71.7708,17.4211,0.157,0.3212,2.6587,2.31,0.0785,0.0,1000000,0,0.0,20000.000000000233,20000.0,1.1033756732940674,5.0472,,0.0,0.0,0.0,0.0,0.0,0.0,0.0,0.0,0.0,0.0,0.0,0.0,0.0,20000.0
18372,T33UWP_20000_24,S2A_MSIL2A_20230629T100031_R122_T33UWP_20230629T191411,50,,0.0,0.0075,5.27125,71.815,17.3875,0.154375,0.296875,2.6825,2.30625,0.07875,0.0,160000,0,0.0,20000.000000000233,20000.0,0.8445959091186523,5.0675,,0.0,0.0002999999999999999,-0.004249999999999865,0.04420000000000357,-0.03359999999999985,-0.0026249999999999885,-0.024324999999999986,0.023800000000000043,-0.003750000000000142,0.0002500000000000002,0.0,0.020299999999999763,0.04420000000000357,20000.0
18385,T33UWP_20000_24,S2A_MSIL2A_20230629T100031_R122_T33UWP_20230629T191411,100,,0.0,0.0075,5.2175,71.6675,17.535,0.1575,0.34,2.6975,2.305,0.0725,0.0,40000,0,0.0,20000.000000000233,20000.0,0.887850284576416,5.074999999999999,,0.0,0.0002999999999999999,-0.05799999999999983,-0.10329999999999018,0.113900000000001,0.0005000000000000004,0.01880000000000004,0.038799999999999724,-0.004999999999999893,-0.006000000000000005,0.0,0.02779999999999916,0.113900000000001,20000.0
18398,T33UWP_20000_24,S2A_MSIL2A_20230629T100031_R122_T33UWP_20230629T191411,200,,0.0,0.01,5.13,71.9,17.42,0.16,0.4,2.62,2.25,0.11,0.0,10000,0,0.0,20000.000000000233,20000.0,0.8114144802093506,4.98,,0.0,0.0028000000000000004,-0.14550000000000018,0.12920000000001153,-0.0010999999999974364,0.0030000000000000027,0.07880000000000004,-0.03869999999999996,-0.06000000000000005,0.0315,0.0,-0.0671999999999997,0.14550000000000018,20000.0
18411,T33UWP_20000_24,S2A_MSIL2A_20230629T100031_R122_T33UWP_20230629T191411,500,,0.0,0.0,4.8125,70.8125,18.5,0.125,0.5625,2.625,2.5,0.0625,0.0,1600,0,0.0,20000.000000000233,20000.0,0.8042702674865723,5.1875,,0.0,-0.0072,-0.4630000000000001,-0.9582999999999942,1.0789000000000009,-0.032,0.24130000000000001,-0.03370000000000006,0.18999999999999995,-0.016,0.0,0.14029999999999987,1.0789000000000009,20000.0
18424,T33UWP_20000_24,S2A_MSIL2A_20230629T100031_R122_T33UWP_20230629T191411,1000,,0.0,0.0,5.25,70.75,18.0,0.0,0.75,3.25,2.0,0.0,0.0,400,0,0.0,20000.000000000233,20000.0,0.773601770401001,5.25,,0.0,-0.0072,-0.025500000000000078,-1.0207999999999942,0.5789000000000009,-0.157,0.4288,0.5912999999999999,-0.31000000000000005,-0.0785,0.0,0.20279999999999987,1.0207999999999942,20000.0
18348,T33UWP_20000_24,S2B_MSIL2A_20230601T094549_R079_T33UWP_20230601T163321,20,,0.0,0.0021,0.0,78.0961,21.661,0.1702,0.0551,0.0005,0.0,0.015,0.0,1000000,0,0.0,20000.000000000233,20000.0,1.1033756732940674,0.0155,,0.0,0.0,0.0,0.0,0.0,0.0,0.0,0.0,0.0,0.0,0.0,0.0,0.0,20000.0
18361,T33UWP_20000_24,S2B_MSIL2A_20230601T094549_R079_T33UWP_20230601T163321,50,,0.0,0.001875,0.0,78.1525,21.60625,0.168125,0.055,0.000625,0.0,0.015625,0.0,160000,0,0.0,20000.000000000233,20000.0,0.8445959091186523,0.01625,,0.0,-0.00022499999999999994,0.0,0.05639999999999645,-0.054750000000002075,-0.0020749999999999935,-0.00010000000000000286,0.000125,0.0,0.0006250000000000006,0.0,0.0007500000000000007,0.05639999999999645,20000.0
18374,T33UWP_20000_24,S2B_MSIL2A_20230601T094549_R079_T33UWP_20230601T163321,100,,0.0,0.0025,0.0,78.19,21.5675,0.1725,0.05,0.0,0.0,0.0175,0.0,40000,0,0.0,20000.000000000233,20000.0,0.887850284576416,0.0175,,0.0,0.0004000000000000002,0.0,0.09389999999999077,-0.09350000000000236,0.0022999999999999965,-0.0051,-0.0005,0.0,0.0025000000000000022,0.0,0.0020000000000000018,0.09389999999999077,20000.0
18387,T33UWP_20000_24,S2B_MSIL2A_20230601T094549_R079_T33UWP_20230601T163321,200,,0.0,0.0,0.0,78.07,21.7,0.17,0.05,0.0,0.0,0.01,0.0,10000,0,0.0,20000.000000000233,20000.0,0.8114144802093506,0.01,,0.0,-0.0021,0.0,-0.02610000000001378,0.038999999999997925,-0.00019999999999997797,-0.0051,-0.0005,0.0,-0.004999999999999999,0.0,-0.0055,0.038999999999997925,20000.0
18400,T33UWP_20000_24,S2B_MSIL2A_20230601T094549_R079_T33UWP_20230601T163321,500,,0.0,0.0,0.0,76.375,23.25,0.125,0.1875,0.0,0.0,0.0625,0.0,1600,0,0.0,20000.000000000233,20000.0,0.8042702674865723,0.0625,,0.0,-0.0021,0.0,-1.721100000000007,1.5889999999999986,-0.04519999999999999,0.1324,-0.0005,0.0,0.0475,0.0,0.047,1.721100000000007,20000.0
18413,T33UWP_20000_24,S2B_MSIL2A_20230601T094549_R079_T33UWP_20230601T163321,1000,,0.0,0.0,0.0,75.5,24.25,0.25,0.0,0.0,0.0,0.0,0.0,400,0,0.0,20000.000000000233,20000.0,0.773601770401001,0.0,,0.0,-0.0021,0.0,-2.596100000000007,2.5889999999999986,0.07980000000000001,-0.0551,-0.0005,0.0,-0.015,0.0,-0.0155,2.596100000000007,20000.0
18349,T33UWP_20000_24,S2B_MSIL2A_20230604T095559_R122_T33UWP_20230604T174403,20,,0.0,0.0,0.0007,0.1702,0.8682,0.0,0.9321,7.6459,90.3385,0.0444,0.0,1000000,0,0.0,20000.000000000233,20000.0,1.1033756732940674,98.02879999999999,,0.0,0.0,0.0,0.0,0.0,0.0,0.0,0.0,0.0,0.0,0.0,0.0,0.0,20000.0
18362,T33UWP_20000_24,S2B_MSIL2A_20230604T095559_R122_T33UWP_20230604T174403,50,,0.0,0.0,0.000625,0.165625,0.866875,0.0,0.931875,7.66375,90.3325,0.03875,0.0,160000,0,0.0,20000.000000000233,20000.0,0.8445959091186523,98.035,,0.0,0.0,-7.499999999999998e-05,-0.004574999999999996,-0.0013250000000000206,0.0,-0.00022500000000003073,0.017850000000000144,-0.006000000000000227,-0.005650000000000002,0.0,0.006200000000006867,0.006200000000006867,20000.0
18375,T33UWP_20000_24,S2B_MSIL2A_20230604T095559_R122_T33UWP_20230604T174403,100,,0.0,0.0,0.0,0.1825,0.8575,0.0,0.925,7.71,90.2825,0.0425,0.0,40000,0,0.0,20000.000000000233,20000.0,0.887850284576416,98.035,,0.0,0.0,-0.0007,0.012300000000000005,-0.010699999999999932,0.0,-0.007099999999999995,0.06409999999999982,-0.055999999999997385,-0.001899999999999999,0.0,0.006200000000006867,0.012300000000000005,20000.0
18388,T33UWP_20000_24,S2B_MSIL2A_20230604T095559_R122_T33UWP_20230604T174403,200,,0.0,0.0,0.0,0.16,0.93,0.0,0.94,7.66,90.27,0.04,0.0,10000,0,0.0,20000.000000000233,20000.0,0.8114144802093506,97.97,,0.0,0.0,-0.0007,-0.010199999999999987,0.06180000000000008,0.0,0.007899999999999907,0.014100000000000001,-0.06850000000000023,-0.004400000000000001,0.0,-0.05879999999999086,0.06180000000000008,20000.0
18401,T33UWP_20000_24,S2B_MSIL2A_20230604T095559_R122_T33UWP_20230604T174403,500,,0.0,0.0,0.0,0.125,0.5625,0.0,0.625,7.25,91.4375,0.0,0.0,1600,0,0.0,20000.000000000233,20000.0,0.8042702674865723,98.6875,,0.0,0.0,-0.0007,-0.04519999999999999,-0.30569999999999997,0.0,-0.30710000000000004,-0.39590000000000014,1.0990000000000038,-0.0444,0.0,0.6587000000000103,0.6587000000000103,20000.0
18414,T33UWP_20000_24,S2B_MSIL2A_20230604T095559_R122_T33UWP_20230604T174403,1000,,0.0,0.0,0.0,0.0,0.75,0.0,0.75,7.25,91.25,0.0,0.0,400,0,0.0,20000.000000000233,20000.0,0.773601770401001,98.5,,0.0,0.0,-0.0007,-0.1702,-0.11819999999999997,0.0,-0.18210000000000004,-0.39590000000000014,0.9115000000000038,-0.0444,0.0,0.4712000000000103,0.4712000000000103,20000.0
18352,T33UWP_20000_24,S2B_MSIL2A_20230611T094549_R079_T33UWP_20230611T135320,20,,0.0,0.0,0.0112,0.0,0.0,0.0,0.0005,0.415,99.5733,0.0,0.0,1000000,0,0.0,20000.000000000233,20000.0,1.1033756732940674,99.98830000000001,,0.0,0.0,0.0,0.0,0.0,0.0,0.0,0.0,0.0,0.0,0.0,0.0,0.0,20000.0
18365,T33UWP_20000_24,S2B_MSIL2A_20230611T094549_R079_T33UWP_20230611T135320,50,,0.0,0.0,0.01125,0.0,0.0,0.0,0.0,0.418125,99.570625,0.0,0.0,160000,0,0.0,20000.000000000233,20000.0,0.8445959091186523,99.98875000000001,,0.0,0.0,4.99999999999997e-05,0.0,0.0,0.0,-0.0005,0.0031250000000000444,-0.0026749999999964302,0.0,0.0,0.0004500000000007276,0.0005,20000.0
18378,T33UWP_20000_24,S2B_MSIL2A_20230611T094549_R079_T33UWP_20230611T135320,100,,0.0,0.0,0.01,0.0,0.0,0.0,0.0025,0.43,99.5575,0.0,0.0,40000,0,0.0,20000.000000000233,20000.0,0.887850284576416,99.98750000000001,,0.0,0.0,-0.0011999999999999997,0.0,0.0,0.0,0.002,0.015000000000000013,-0.015799999999998704,0.0,0.0,-0.0007999999999981355,0.002,20000.0
18391,T33UWP_20000_24,S2B_MSIL2A_20230611T094549_R079_T33UWP_20230611T135320,200,,0.0,0.0,0.01,0.0,0.0,0.0,0.0,0.34,99.65,0.0,0.0,10000,0,0.0,20000.000000000233,20000.0,0.8114144802093506,99.99000000000001,,0.0,0.0,-0.0011999999999999997,0.0,0.0,0.0,-0.0005,-0.07499999999999996,0.07670000000000243,0.0,0.0,0.0016999999999995907,0.0016999999999995907,20000.0
18404,T33UWP_20000_24,S2B_MSIL2A_20230611T094549_R079_T33UWP_20230611T135320,500,,0.0,0.0,0.0,0.0,0.0,0.0,0.0,0.375,99.625,0.0,0.0,1600,0,0.0,20000.000000000233,20000.0,0.8042702674865723,100.0,,0.0,0.0,-0.0112,0.0,0.0,0.0,-0.0005,-0.03999999999999998,0.05169999999999675,0.0,0.0,0.011699999999990496,0.011699999999990496,20000.0
18417,T33UWP_20000_24,S2B_MSIL2A_20230611T094549_R079_T33UWP_20230611T135320,1000,,0.0,0.0,0.0,0.0,0.0,0.0,0.0,0.25,99.75,0.0,0.0,400,0,0.0,20000.000000000233,20000.0,0.773601770401001,100.0,,0.0,0.0,-0.0112,0.0,0.0,0.0,-0.0005,-0.16499999999999998,0.17669999999999675,0.0,0.0,0.011699999999990496,0.011699999999990496,20000.0
18353,T33UWP_20000_24,S2B_MSIL2A_20230614T095559_R122_T33UWP_20230614T142248,20,,0.0,0.0,2.3531,7.7212,1.6691,0.0011,5.0736,28.4917,54.6725,0.0177,0.0,1000000,0,0.0,20000.000000000233,20000.0,1.1033756732940674,83.1819,,0.0,0.0,0.0,0.0,0.0,0.0,0.0,0.0,0.0,0.0,0.0,0.0,0.0,20000.0
18366,T33UWP_20000_24,S2B_MSIL2A_20230614T095559_R122_T33UWP_20230614T142248,50,,0.0,0.0,2.358125,7.735625,1.67125,0.00125,5.07,28.57625,54.568125,0.019375,0.0,160000,0,0.0,20000.000000000233,20000.0,0.8445959091186523,83.16375,,0.0,0.0,0.005024999999999835,0.014425000000000132,0.0021499999999998742,0.00014999999999999996,-0.0035999999999996035,0.08455000000000013,-0.10437499999999744,0.0016749999999999994,0.0,-0.01815000000000566,0.01815000000000566,20000.0
18379,T33UWP_20000_24,S2B_MSIL2A_20230614T095559_R122_T33UWP_20230614T142248,100,,0.0,0.0,2.355,7.83,1.585,0.0,5.075,28.4675,54.67,0.0175,0.0,40000,0,0.0,20000.000000000233,20000.0,0.887850284576416,83.155,,0.0,0.0,0.0019000000000000128,0.10880000000000045,-0.08410000000000006,-0.0011,0.00140000000000029,-0.024200000000000443,-0.0024999999999977263,-0.0001999999999999988,0.0,-0.026899999999997704,0.10880000000000045,20000.0
18392,T33UWP_20000_24,S2B_MSIL2A_20230614T095559_R122_T33UWP_20230614T142248,200,,0.0,0.0,2.31,7.91,1.59,0.0,5.08,28.57,54.53,0.01,0.0,10000,0,0.0,20000.000000000233,20000.0,0.8114144802093506,83.11,,0.0,0.0,-0.043099999999999916,0.18880000000000052,-0.07909999999999995,-0.0011,0.006400000000000183,0.0782999999999987,-0.1424999999999983,-0.0077,0.0,-0.07189999999999941,0.18880000000000052,20000.0
18405,T33UWP_20000_24,S2B_MSIL2A_20230614T095559_R122_T33UWP_20230614T142248,500,,0.0,0.0,2.5,6.5,1.9375,0.0,5.25,30.0,53.8125,0.0,0.0,1600,0,0.0,20000.000000000233,20000.0,0.8042702674865723,83.8125,,0.0,0.0,0.14690000000000003,-1.2211999999999996,0.26839999999999997,-0.0011,0.1764000000000001,1.5082999999999984,-0.8599999999999994,-0.0177,0.0,0.6306000000000012,1.2211999999999996,20000.0
18418,T33UWP_20000_24,S2B_MSIL2A_20230614T095559_R122_T33UWP_20230614T142248,1000,,0.0,0.0,1.5,7.25,1.75,0.0,5.25,29.5,54.75,0.0,0.0,400,0,0.0,20000.000000000233,20000.0,0.773601770401001,84.25,,0.0,0.0,-0.8531,-0.4711999999999996,0.08089999999999997,-0.0011,0.1764000000000001,1.0082999999999984,0.07750000000000057,-0.0177,0.0,1.0681000000000012,1.0681000000000012,20000.0
18356,T33UWP_20000_24,S2B_MSIL2A_20230621T094549_R079_T33UWP_20230621T143955,20,,0.0,0.0,0.2595,53.1508,14.5076,0.0664,0.015,3.9222,0.0699,28.0086,0.0,1000000,0,0.0,20000.000000000233,20000.0,1.1033756732940674,32.0007,,0.0,0.0,0.0,0.0,0.0,0.0,0.0,0.0,0.0,0.0,0.0,0.0,0.0,20000.0
18369,T33UWP_20000_24,S2B_MSIL2A_20230621T094549_R079_T33UWP_20230621T143955,50,,0.0,0.0,0.258125,53.203125,14.455625,0.06625,0.015,3.919375,0.07125,28.01125,0.0,160000,0,0.0,20000.000000000233,20000.0,0.8445959091186523,32.001875,,0.0,0.0,-0.001375000000000015,0.052325000000003286,-0.05197500000000055,-0.00014999999999999736,0.0,-0.0028250000000000774,0.00134999999999999,0.002649999999999153,0.0,0.0011749999999963734,0.052325000000003286,20000.0
18382,T33UWP_20000_24,S2B_MSIL2A_20230621T094549_R079_T33UWP_20230621T143955,100,,0.0,0.0,0.2675,53.11,14.555,0.07,0.015,3.935,0.07,27.9775,0.0,40000,0,0.0,20000.000000000233,20000.0,0.887850284576416,31.982499999999998,,0.0,0.0,0.008000000000000007,-0.04079999999999728,0.047399999999999665,0.003600000000000006,0.0,0.012799999999999923,0.00010000000000000286,-0.031100000000002126,0.0,-0.01820000000000377,0.047399999999999665,20000.0
18395,T33UWP_20000_24,S2B_MSIL2A_20230621T094549_R079_T33UWP_20230621T143955,200,,0.0,0.0,0.25,53.41,14.46,0.08,0.01,3.84,0.07,27.88,0.0,10000,0,0.0,20000.000000000233,20000.0,0.8114144802093506,31.79,,0.0,0.0,-0.009500000000000008,0.2591999999999999,-0.0475999999999992,0.013600000000000001,-0.004999999999999999,-0.08220000000000027,0.00010000000000000286,-0.12860000000000227,0.0,-0.21070000000000277,0.2591999999999999,20000.0
18408,T33UWP_20000_24,S2B_MSIL2A_20230621T094549_R079_T33UWP_20230621T143955,500,,0.0,0.0,0.25,53.1875,16.0625,0.0625,0.0625,3.75,0.0,26.625,0.0,1600,0,0.0,20000.000000000233,20000.0,0.8042702674865723,30.375,,0.0,0.0,-0.009500000000000008,0.036700000000003286,1.5549,-0.0039000000000000007,0.0475,-0.17220000000000013,-0.0699,-1.3836000000000013,0.0,-1.625700000000002,1.625700000000002,20000.0
18421,T33UWP_20000_24,S2B_MSIL2A_20230621T094549_R079_T33UWP_20230621T143955,1000,,0.0,0.0,0.5,52.75,16.5,0.0,0.0,3.5,0.0,26.75,0.0,400,0,0.0,20000.000000000233,20000.0,0.773601770401001,30.25,,0.0,0.0,0.2405,-0.4007999999999967,1.9924,-0.0664,-0.015,-0.42220000000000013,-0.0699,-1.2586000000000013,0.0,-1.750700000000002,1.9924,20000.0
18357,T33UWP_20000_24,S2B_MSIL2A_20230624T095559_R122_T33UWP_20230624T142946,20,,0.0,0.0,0.001,0.0,0.0,0.0,0.0,0.3414,99.6576,0.0,0.0,1000000,0,0.0,20000.000000000233,20000.0,1.1033756732940674,99.999,,0.0,0.0,0.0,0.0,0.0,0.0,0.0,0.0,0.0,0.0,0.0,0.0,0.0,20000.0
18370,T33UWP_20000_24,S2B_MSIL2A_20230624T095559_R122_T33UWP_20230624T142946,50,,0.0,0.0,0.000625,0.0,0.0,0.0,0.0,0.344375,99.655,0.0,0.0,160000,0,0.0,20000.000000000233,20000.0,0.8445959091186523,99.999375,,0.0,0.0,-0.000375,0.0,0.0,0.0,0.0,0.0029750000000000054,-0.002600000000001046,0.0,0.0,0.0003750000000053433,0.0003750000000053433,20000.0
18383,T33UWP_20000_24,S2B_MSIL2A_20230624T095559_R122_T33UWP_20230624T142946,100,,0.0,0.0,0.0,0.0,0.0,0.0,0.0,0.3525,99.6475,0.0,0.0,40000,0,0.0,20000.000000000233,20000.0,0.887850284576416,100.0,,0.0,0.0,-0.001,0.0,0.0,0.0,0.0,0.011099999999999999,-0.010100000000008436,0.0,0.0,0.0010000000000047748,0.0010000000000047748,20000.0
18396,T33UWP_20000_24,S2B_MSIL2A_20230624T095559_R122_T33UWP_20230624T142946,200,,0.0,0.0,0.0,0.0,0.0,0.0,0.0,0.35,99.65,0.0,0.0,10000,0,0.0,20000.000000000233,20000.0,0.8114144802093506,100.0,,0.0,0.0,-0.001,0.0,0.0,0.0,0.0,0.008599999999999997,-0.0075999999999964984,0.0,0.0,0.0010000000000047748,0.0010000000000047748,20000.0
18409,T33UWP_20000_24,S2B_MSIL2A_20230624T095559_R122_T33UWP_20230624T142946,500,,0.0,0.0,0.0,0.0,0.0,0.0,0.0,0.3125,99.6875,0.0,0.0,1600,0,0.0,20000.000000000233,20000.0,0.8042702674865723,100.0,,0.0,0.0,-0.001,0.0,0.0,0.0,0.0,-0.02889999999999998,0.029899999999997817,0.0,0.0,0.0010000000000047748,0.0010000000000047748,20000.0
18422,T33UWP_20000_24,S2B_MSIL2A_20230624T095559_R122_T33UWP_20230624T142946,1000,,0.0,0.0,0.0,0.0,0.0,0.0,0.0,0.0,100.0,0.0,0.0,400,0,0.0,20000.000000000233,20000.0,0.773601770401001,100.0,,0.0,0.0,-0.001,0.0,0.0,0.0,0.0,-0.3414,0.3423999999999978,0.0,0.0,0.0010000000000047748,0.0010000000000047748,20000.0
18360,T33UWP_20000_24,S2B_MSIL2A_20230701T094549_R079_T33UWP_20230701T152448,20,,0.0,0.0,0.0,0.0,0.0,0.0,0.0,0.0,100.0,0.0,0.0,1000000,0,0.0,20000.000000000233,20000.0,1.1033756732940674,100.0,,0.0,0.0,0.0,0.0,0.0,0.0,0.0,0.0,0.0,0.0,0.0,0.0,0.0,20000.0
18373,T33UWP_20000_24,S2B_MSIL2A_20230701T094549_R079_T33UWP_20230701T152448,50,,0.0,0.0,0.0,0.0,0.0,0.0,0.0,0.0,100.0,0.0,0.0,160000,0,0.0,20000.000000000233,20000.0,0.8445959091186523,100.0,,0.0,0.0,0.0,0.0,0.0,0.0,0.0,0.0,0.0,0.0,0.0,0.0,0.0,20000.0
18386,T33UWP_20000_24,S2B_MSIL2A_20230701T094549_R079_T33UWP_20230701T152448,100,,0.0,0.0,0.0,0.0,0.0,0.0,0.0,0.0,100.0,0.0,0.0,40000,0,0.0,20000.000000000233,20000.0,0.887850284576416,100.0,,0.0,0.0,0.0,0.0,0.0,0.0,0.0,0.0,0.0,0.0,0.0,0.0,0.0,20000.0
18399,T33UWP_20000_24,S2B_MSIL2A_20230701T094549_R079_T33UWP_20230701T152448,200,,0.0,0.0,0.0,0.0,0.0,0.0,0.0,0.0,100.0,0.0,0.0,10000,0,0.0,20000.000000000233,20000.0,0.8114144802093506,100.0,,0.0,0.0,0.0,0.0,0.0,0.0,0.0,0.0,0.0,0.0,0.0,0.0,0.0,20000.0
18412,T33UWP_20000_24,S2B_MSIL2A_20230701T094549_R079_T33UWP_20230701T152448,500,,0.0,0.0,0.0,0.0,0.0,0.0,0.0,0.0,100.0,0.0,0.0,1600,0,0.0,20000.000000000233,20000.0,0.8042702674865723,100.0,,0.0,0.0,0.0,0.0,0.0,0.0,0.0,0.0,0.0,0.0,0.0,0.0,0.0,20000.0
18425,T33UWP_20000_24,S2B_MSIL2A_20230701T094549_R079_T33UWP_20230701T152448,1000,,0.0,0.0,0.0,0.0,0.0,0.0,0.0,0.0,100.0,0.0,0.0,400,0,0.0,20000.000000000233,20000.0,0.773601770401001,100.0,,0.0,0.0,0.0,0.0,0.0,0.0,0.0,0.0,0.0,0.0,0.0,0.0,0.0,20000.0
18428,T33UWP_20000_25,S2A_MSIL2A_20230606T095031_R079_T33UWP_20230606T162616,20,,0.0,0.0,0.1624,0.2448,0.8544,0.0051,1.2924,11.4247,85.6084,0.4078,0.0,1000000,0,0.0,19999.999999999767,20000.000000001863,1.392894983291626,97.4409,,0.0,0.0,0.0,0.0,0.0,0.0,0.0,0.0,0.0,0.0,0.0,0.0,0.0,20000.0
18441,T33UWP_20000_25,S2A_MSIL2A_20230606T095031_R079_T33UWP_20230606T162616,50,,0.0,0.0,0.163125,0.245,0.85125,0.004375,1.288125,11.4025,85.625,0.420625,0.0,160000,0,0.0,19999.999999999767,20000.000000001863,0.7984194755554199,97.448125,,0.0,0.0,0.0007250000000000034,0.00020000000000000573,-0.003150000000000097,-0.000725,-0.004275000000000029,-0.022199999999999775,0.01659999999999684,0.01282500000000003,0.0,0.007225000000005366,0.007225000000005366,20000.0
18454,T33UWP_20000_25,S2A_MSIL2A_20230606T095031_R079_T33UWP_20230606T162616,100,,0.0,0.0,0.16,0.2175,0.8825,0.0075,1.25,11.535,85.54,0.4075,0.0,40000,0,0.0,19999.999999999767,20000.000000001863,0.8145532608032227,97.4825,,0.0,0.0,-0.0023999999999999855,-0.02729999999999999,0.028099999999999903,0.0023999999999999994,-0.04239999999999999,0.11030000000000051,-0.06839999999999691,-0.00030000000000002247,0.0,0.041600000000002524,0.04239999999999999,20000.0
18467,T33UWP_20000_25,S2A_MSIL2A_20230606T095031_R079_T33UWP_20230606T162616,200,,0.0,0.0,0.18,0.3,0.88,0.0,1.32,11.6,85.34,0.38,0.0,10000,0,0.0,19999.999999999767,20000.000000001863,0.8234584331512451,97.32,,0.0,0.0,0.017600000000000005,0.0552,0.025599999999999956,-0.0051,0.02760000000000007,0.1753,-0.26839999999999975,-0.02779999999999999,0.0,-0.120900000000006,0.120900000000006,20000.0
18480,T33UWP_20000_25,S2A_MSIL2A_20230606T095031_R079_T33UWP_20230606T162616,500,,0.0,0.0,0.1875,0.125,1.125,0.0,1.125,11.1875,85.875,0.375,0.0,1600,0,0.0,19999.999999999767,20000.000000001863,0.7641355991363525,97.4375,,0.0,0.0,0.02510000000000001,-0.11979999999999999,0.27059999999999995,-0.0051,-0.1674,-0.23719999999999963,0.26659999999999684,-0.032799999999999996,0.0,-0.0033999999999991815,0.27059999999999995,20000.0
18493,T33UWP_20000_25,S2A_MSIL2A_20230606T095031_R079_T33UWP_20230606T162616,1000,,0.0,0.0,0.25,0.75,1.0,0.0,1.25,9.5,86.0,1.25,0.0,400,0,0.0,19999.999999999767,20000.000000001863,0.8286097049713135,96.75,,0.0,0.0,0.08760000000000001,0.5052,0.14559999999999995,-0.0051,-0.04239999999999999,-1.9246999999999996,0.39159999999999684,0.8422000000000001,0.0,-0.6908999999999992,0.6908999999999992,20000.0
18429,T33UWP_20000_25,S2A_MSIL2A_20230609T100031_R122_T33UWP_20230609T173715,20,,0.0,0.0,0.889,0.0,0.0,0.0,0.0006,20.8209,76.5572,1.7323,0.0,1000000,0,0.0,19999.999999999767,20000.000000001863,1.392894983291626,99.11039999999998,,0.0,0.0,0.0,0.0,0.0,0.0,0.0,0.0,0.0,0.0,0.0,0.0,0.0,20000.0
18442,T33UWP_20000_25,S2A_MSIL2A_20230609T100031_R122_T33UWP_20230609T173715,50,,0.0,0.0,0.89375,0.0,0.0,0.0,0.000625,20.810625,76.568125,1.726875,0.0,160000,0,0.0,19999.999999999767,20000.000000001863,0.7984194755554199,99.105625,,0.0,0.0,0.004750000000000032,0.0,0.0,0.0,2.5000000000000066e-05,-0.010275000000000034,0.010925000000000296,-0.005425000000000013,0.0,-0.004774999999980878,0.004774999999980878,20000.0
18455,T33UWP_20000_25,S2A_MSIL2A_20230609T100031_R122_T33UWP_20230609T173715,100,,0.0,0.0,0.89,0.0,0.0,0.0,0.0025,20.81,76.5775,1.72,0.0,40000,0,0.0,19999.999999999767,20000.000000001863,0.8145532608032227,99.1075,,0.0,0.0,0.0010000000000000009,0.0,0.0,0.0,0.0019000000000000002,-0.010900000000003018,0.02030000000000598,-0.012299999999999978,0.0,-0.002899999999982583,0.002899999999982583,20000.0
18468,T33UWP_20000_25,S2A_MSIL2A_20230609T100031_R122_T33UWP_20230609T173715,200,,0.0,0.0,0.86,0.0,0.0,0.0,0.0,20.9,76.49,1.75,0.0,10000,0,0.0,19999.999999999767,20000.000000001863,0.8234584331512451,99.13999999999999,,0.0,0.0,-0.029000000000000026,0.0,0.0,0.0,-0.0006,0.07909999999999684,-0.0671999999999997,0.01770000000000005,0.0,0.02960000000000207,0.02960000000000207,20000.0
18481,T33UWP_20000_25,S2A_MSIL2A_20230609T100031_R122_T33UWP_20230609T173715,500,,0.0,0.0,1.125,0.0,0.0,0.0,0.0,20.75,76.5,1.625,0.0,1600,0,0.0,19999.999999999767,20000.000000001863,0.7641355991363525,98.875,,0.0,0.0,0.236,0.0,0.0,0.0,-0.0006,-0.07090000000000174,-0.05719999999999459,-0.10729999999999995,0.0,-0.2353999999999843,0.236,20000.0
18494,T33UWP_20000_25,S2A_MSIL2A_20230609T100031_R122_T33UWP_20230609T173715,1000,,0.0,0.0,1.75,0.0,0.0,0.0,0.0,21.0,76.0,1.25,0.0,400,0,0.0,19999.999999999767,20000.000000001863,0.8286097049713135,98.25,,0.0,0.0,0.861,0.0,0.0,0.0,-0.0006,0.17909999999999826,-0.5571999999999946,-0.48229999999999995,0.0,-0.8603999999999843,0.861,20000.0
18432,T33UWP_20000_25,S2A_MSIL2A_20230616T095031_R079_T33UWP_20230616T172735,20,,0.0,0.0207,3.6048,79.5597,12.5705,0.2367,0.1787,2.3218,1.4991,0.008,0.0,1000000,0,0.0,19999.999999999767,20000.000000001863,1.392894983291626,3.8289,,0.0,0.0,0.0,0.0,0.0,0.0,0.0,0.0,0.0,0.0,0.0,0.0,0.0,20000.0
18445,T33UWP_20000_25,S2A_MSIL2A_20230616T095031_R079_T33UWP_20230616T172735,50,,0.0,0.02375,3.611875,79.568125,12.54875,0.234375,0.1825,2.33,1.49125,0.009375,0.0,160000,0,0.0,19999.999999999767,20000.000000001863,0.7984194755554199,3.830625,,0.0,0.0030500000000000006,0.0070749999999999424,0.008424999999988358,-0.021749999999999048,-0.0023249999999999937,0.003799999999999998,0.008199999999999985,-0.007850000000000135,0.0013749999999999995,0.0,0.0017249999999999766,0.021749999999999048,20000.0
18458,T33UWP_20000_25,S2A_MSIL2A_20230616T095031_R079_T33UWP_20230616T172735,100,,0.0,0.0275,3.6325,79.555,12.5725,0.2325,0.1725,2.3,1.4975,0.01,0.0,40000,0,0.0,19999.999999999767,20000.000000001863,0.8145532608032227,3.8074999999999997,,0.0,0.0068000000000000005,0.027699999999999836,-0.004699999999999704,0.002000000000000668,-0.0041999999999999815,-0.006200000000000011,-0.021800000000000264,-0.0016000000000000458,0.002,0.0,-0.021400000000000308,0.027699999999999836,20000.0
18471,T33UWP_20000_25,S2A_MSIL2A_20230616T095031_R079_T33UWP_20230616T172735,200,,0.0,0.03,3.64,79.41,12.71,0.21,0.25,2.34,1.41,0.0,0.0,10000,0,0.0,19999.999999999767,20000.000000001863,0.8234584331512451,3.75,,0.0,0.0093,0.03520000000000012,-0.14970000000000994,0.13950000000000173,-0.0267,0.0713,0.018199999999999772,-0.08910000000000018,-0.008,0.0,-0.07889999999999997,0.14970000000000994,20000.0
18484,T33UWP_20000_25,S2A_MSIL2A_20230616T095031_R079_T33UWP_20230616T172735,500,,0.0,0.0,3.6875,79.25,12.8125,0.25,0.1875,2.375,1.4375,0.0,0.0,1600,0,0.0,19999.999999999767,20000.000000001863,0.7641355991363525,3.8125,,0.0,-0.0207,0.0827,-0.3097000000000065,0.24200000000000088,0.013300000000000006,0.008800000000000002,0.053199999999999914,-0.0616000000000001,-0.008,0.0,-0.01639999999999997,0.3097000000000065,20000.0
18497,T33UWP_20000_25,S2A_MSIL2A_20230616T095031_R079_T33UWP_20230616T172735,1000,,0.0,0.0,4.0,78.0,13.0,0.0,0.0,4.0,1.0,0.0,0.0,400,0,0.0,19999.999999999767,20000.000000001863,0.8286097049713135,5.0,,0.0,-0.0207,0.3952,-1.5597000000000065,0.4295000000000009,-0.2367,-0.1787,1.6782,-0.4991000000000001,-0.008,0.0,1.1711,1.5597000000000065,20000.0
18433,T33UWP_20000_25,S2A_MSIL2A_20230619T100031_R122_T33UWP_20230619T172742,20,,0.0,0.0144,1.1821,76.9226,10.0159,0.219,1.5491,6.3805,1.0111,2.7053,0.0,1000000,0,0.0,19999.999999999767,20000.000000001863,1.392894983291626,10.0969,,0.0,0.0,0.0,0.0,0.0,0.0,0.0,0.0,0.0,0.0,0.0,0.0,0.0,20000.0
18446,T33UWP_20000_25,S2A_MSIL2A_20230619T100031_R122_T33UWP_20230619T172742,50,,0.0,0.014375,1.175625,76.94625,10.02,0.213125,1.54625,6.37625,1.01,2.698125,0.0,160000,0,0.0,19999.999999999767,20000.000000001863,0.7984194755554199,10.084375,,0.0,-2.499999999999898e-05,-0.0064750000000000085,0.0236500000000035,0.004099999999999326,-0.005874999999999991,-0.002850000000000019,-0.004249999999999865,-0.001100000000000101,-0.007174999999999709,0.0,-0.01252500000000012,0.0236500000000035,20000.0
18459,T33UWP_20000_25,S2A_MSIL2A_20230619T100031_R122_T33UWP_20230619T172742,100,,0.0,0.0175,1.19,76.9375,9.99,0.22,1.5775,6.405,0.97,2.6925,0.0,40000,0,0.0,19999.999999999767,20000.000000001863,0.8145532608032227,10.067499999999999,,0.0,0.003100000000000002,0.007900000000000018,0.014899999999997249,-0.025900000000000034,0.0010000000000000009,0.02839999999999998,0.024500000000000632,-0.041100000000000136,-0.012799999999999923,0.0,-0.02940000000000076,0.02940000000000076,20000.0
18472,T33UWP_20000_25,S2A_MSIL2A_20230619T100031_R122_T33UWP_20230619T172742,200,,0.0,0.02,1.18,76.85,10.18,0.2,1.53,6.37,1.0,2.67,0.0,10000,0,0.0,19999.999999999767,20000.000000001863,0.8234584331512451,10.04,,0.0,0.005600000000000001,-0.0020999999999999908,-0.07260000000000844,0.16409999999999947,-0.01899999999999999,-0.019099999999999895,-0.01049999999999951,-0.01110000000000011,-0.03529999999999989,0.0,-0.05690000000000062,0.16409999999999947,20000.0
18485,T33UWP_20000_25,S2A_MSIL2A_20230619T100031_R122_T33UWP_20230619T172742,500,,0.0,0.0,1.0625,76.3125,9.9375,0.125,1.5625,6.9375,0.625,3.4375,0.0,1600,0,0.0,19999.999999999767,20000.000000001863,0.7641355991363525,11.0,,0.0,-0.0144,-0.11959999999999993,-0.6101000000000028,-0.07840000000000025,-0.094,0.013400000000000079,0.5570000000000004,-0.3861000000000001,0.7322000000000002,0.0,0.9031000000000002,0.9031000000000002,20000.0
18498,T33UWP_20000_25,S2A_MSIL2A_20230619T100031_R122_T33UWP_20230619T172742,1000,,0.0,0.0,1.0,76.75,10.25,0.0,2.25,6.0,1.0,2.75,0.0,400,0,0.0,19999.999999999767,20000.000000001863,0.8286097049713135,9.75,,0.0,-0.0144,-0.18209999999999993,-0.17260000000000275,0.23409999999999975,-0.219,0.7009000000000001,-0.3804999999999996,-0.01110000000000011,0.044700000000000184,0.0,-0.34689999999999976,0.7009000000000001,20000.0
18436,T33UWP_20000_25,S2A_MSIL2A_20230626T095031_R079_T33UWP_20230626T161132,20,,0.0,0.0112,8.4879,70.9612,10.0161,0.0971,0.2223,4.8794,5.3248,0.0,0.0,1000000,0,0.0,19999.999999999767,20000.000000001863,1.392894983291626,10.2042,,0.0,0.0,0.0,0.0,0.0,0.0,0.0,0.0,0.0,0.0,0.0,0.0,0.0,20000.0
18449,T33UWP_20000_25,S2A_MSIL2A_20230626T095031_R079_T33UWP_20230626T161132,50,,0.0,0.010625,8.4575,70.955,10.026875,0.0975,0.23625,4.909375,5.306875,0.0,0.0,160000,0,0.0,19999.999999999767,20000.000000001863,0.7984194755554199,10.216249999999999,,0.0,-0.0005749999999999991,-0.030400000000000205,-0.006200000000006867,0.010775000000000645,0.0003999999999999976,0.01394999999999999,0.02997499999999942,-0.01792499999999997,0.0,0.0,0.012049999999998562,0.030400000000000205,20000.0
18462,T33UWP_20000_25,S2A_MSIL2A_20230626T095031_R079_T33UWP_20230626T161132,100,,0.0,0.0125,8.4475,71.0425,9.97,0.1025,0.21,4.8925,5.3225,0.0,0.0,40000,0,0.0,19999.999999999767,20000.000000001863,0.8145532608032227,10.215,,0.0,0.0013000000000000008,-0.04039999999999999,0.08129999999999882,-0.04609999999999914,0.005399999999999988,-0.012300000000000005,0.013099999999999667,-0.0022999999999999687,0.0,0.0,0.010799999999999699,0.08129999999999882,20000.0
18475,T33UWP_20000_25,S2A_MSIL2A_20230626T095031_R079_T33UWP_20230626T161132,200,,0.0,0.01,8.59,70.38,10.25,0.09,0.21,5.07,5.4,0.0,0.0,10000,0,0.0,19999.999999999767,20000.000000001863,0.8234584331512451,10.47,,0.0,-0.0011999999999999997,0.10210000000000008,-0.5812000000000097,0.23390000000000022,-0.007100000000000009,-0.012300000000000005,0.19059999999999988,0.0752000000000006,0.0,0.0,0.2658000000000005,0.5812000000000097,20000.0
18488,T33UWP_20000_25,S2A_MSIL2A_20230626T095031_R079_T33UWP_20230626T161132,500,,0.0,0.0,9.375,70.8125,8.8125,0.0625,0.0,4.9375,6.0,0.0,0.0,1600,0,0.0,19999.999999999767,20000.000000001863,0.7641355991363525,10.9375,,0.0,-0.0112,0.8871000000000002,-0.14870000000000516,-1.2035999999999998,-0.034600000000000006,-0.2223,0.058099999999999596,0.6752000000000002,0.0,0.0,0.7332999999999998,1.2035999999999998,20000.0
18501,T33UWP_20000_25,S2A_MSIL2A_20230626T095031_R079_T33UWP_20230626T161132,1000,,0.0,0.0,9.25,68.5,10.5,0.0,0.25,5.0,6.5,0.0,0.0,400,0,0.0,19999.999999999767,20000.000000001863,0.8286097049713135,11.5,,0.0,-0.0112,0.7621000000000002,-2.461200000000005,0.4839000000000002,-0.0971,0.027700000000000002,0.1205999999999996,1.1752000000000002,0.0,0.0,1.2957999999999998,2.461200000000005,20000.0
18437,T33UWP_20000_25,S2A_MSIL2A_20230629T100031_R122_T33UWP_20230629T191411,20,,0.0,0.0158,2.8189,80.7949,13.6363,0.2675,0.1819,1.4573,0.8168,0.0106,0.0,1000000,0,0.0,19999.999999999767,20000.000000001863,1.392894983291626,2.2847,,0.0,0.0,0.0,0.0,0.0,0.0,0.0,0.0,0.0,0.0,0.0,0.0,0.0,20000.0
18450,T33UWP_20000_25,S2A_MSIL2A_20230629T100031_R122_T33UWP_20230629T191411,50,,0.0,0.015,2.814375,80.823125,13.59875,0.265,0.184375,1.4675,0.818125,0.01375,0.0,160000,0,0.0,19999.999999999767,20000.000000001863,0.7984194755554199,2.299375,,0.0,-0.0008000000000000021,-0.004525000000000112,0.028225000000006162,-0.03754999999999953,-0.0025000000000000022,0.002475000000000005,0.010199999999999987,0.0013250000000000206,0.00315,0.0,0.014674999999999994,0.03754999999999953,20000.0
18463,T33UWP_20000_25,S2A_MSIL2A_20230629T100031_R122_T33UWP_20230629T191411,100,,0.0,0.0125,2.83,80.7875,13.6175,0.275,0.19,1.4475,0.83,0.01,0.0,40000,0,0.0,19999.999999999767,20000.000000001863,0.8145532608032227,2.2874999999999996,,0.0,-0.003300000000000001,0.011099999999999888,-0.00740000000000407,-0.018800000000000594,0.007500000000000007,0.008099999999999996,-0.009800000000000031,0.01319999999999999,-0.0005999999999999998,0.0,0.0027999999999996916,0.018800000000000594,20000.0
18476,T33UWP_20000_25,S2A_MSIL2A_20230629T100031_R122_T33UWP_20230629T191411,200,,0.0,0.03,2.78,80.24,14.28,0.25,0.16,1.46,0.8,0.0,0.0,10000,0,0.0,19999.999999999767,20000.000000001863,0.8234584331512451,2.26,,0.0,0.014199999999999997,-0.03890000000000038,-0.5549000000000035,0.643699999999999,-0.017500000000000016,-0.021900000000000003,0.0026999999999999247,-0.016799999999999926,-0.0106,0.0,-0.024700000000000166,0.643699999999999,20000.0
18489,T33UWP_20000_25,S2A_MSIL2A_20230629T100031_R122_T33UWP_20230629T191411,500,,0.0,0.0,2.8125,80.5625,14.0625,0.25,0.125,1.3125,0.875,0.0,0.0,1600,0,0.0,19999.999999999767,20000.000000001863,0.7641355991363525,2.1875,,0.0,-0.0158,-0.006400000000000183,-0.23239999999999839,0.4261999999999997,-0.017500000000000016,-0.056900000000000006,-0.14480000000000004,0.05820000000000003,-0.0106,0.0,-0.09719999999999995,0.4261999999999997,20000.0
18502,T33UWP_20000_25,S2A_MSIL2A_20230629T100031_R122_T33UWP_20230629T191411,1000,,0.0,0.0,3.0,82.5,13.25,0.0,0.0,0.75,0.5,0.0,0.0,400,0,0.0,19999.999999999767,20000.000000001863,0.8286097049713135,1.25,,0.0,-0.0158,0.18109999999999982,1.7051000000000016,-0.3863000000000003,-0.2675,-0.1819,-0.7073,-0.31679999999999997,-0.0106,0.0,-1.0347,1.7051000000000016,20000.0
18426,T33UWP_20000_25,S2B_MSIL2A_20230601T094549_R079_T33UWP_20230601T163321,20,,0.0,0.0103,0.0,85.2142,14.4889,0.2551,0.0315,0.0,0.0,0.0,0.0,1000000,0,0.0,19999.999999999767,20000.000000001863,1.392894983291626,0.0,,0.0,0.0,0.0,0.0,0.0,0.0,0.0,0.0,0.0,0.0,0.0,0.0,0.0,20000.0
18439,T33UWP_20000_25,S2B_MSIL2A_20230601T094549_R079_T33UWP_20230601T163321,50,,0.0,0.01125,0.0,85.198125,14.50375,0.250625,0.03625,0.0,0.0,0.0,0.0,160000,0,0.0,19999.999999999767,20000.000000001863,0.7984194755554199,0.0,,0.0,0.0009499999999999995,0.0,-0.016075000000000728,0.014850000000000918,-0.004475000000000007,0.004749999999999997,0.0,0.0,0.0,0.0,0.0,0.016075000000000728,20000.0
18452,T33UWP_20000_25,S2B_MSIL2A_20230601T094549_R079_T33UWP_20230601T163321,100,,0.0,0.01,0.0,85.1825,14.5275,0.25,0.03,0.0,0.0,0.0,0.0,40000,0,0.0,19999.999999999767,20000.000000001863,0.8145532608032227,0.0,,0.0,-0.0002999999999999999,0.0,-0.03170000000000073,0.038600000000000634,-0.005099999999999993,-0.0015000000000000013,0.0,0.0,0.0,0.0,0.0,0.038600000000000634,20000.0
18465,T33UWP_20000_25,S2B_MSIL2A_20230601T094549_R079_T33UWP_20230601T163321,200,,0.0,0.02,0.0,84.97,14.77,0.23,0.01,0.0,0.0,0.0,0.0,10000,0,0.0,19999.999999999767,20000.000000001863,0.8234584331512451,0.0,,0.0,0.0097,0.0,-0.2442000000000064,0.28110000000000035,-0.025099999999999983,-0.0215,0.0,0.0,0.0,0.0,0.0,0.28110000000000035,20000.0
18478,T33UWP_20000_25,S2B_MSIL2A_20230601T094549_R079_T33UWP_20230601T163321,500,,0.0,0.0,0.0,85.8125,13.9375,0.25,0.0,0.0,0.0,0.0,0.0,1600,0,0.0,19999.999999999767,20000.000000001863,0.7641355991363525,0.0,,0.0,-0.0103,0.0,0.5982999999999947,-0.5513999999999992,-0.005099999999999993,-0.0315,0.0,0.0,0.0,0.0,0.0,0.5982999999999947,20000.0
18491,T33UWP_20000_25,S2B_MSIL2A_20230601T094549_R079_T33UWP_20230601T163321,1000,,0.0,0.0,0.0,83.5,16.5,0.0,0.0,0.0,0.0,0.0,0.0,400,0,0.0,19999.999999999767,20000.000000001863,0.8286097049713135,0.0,,0.0,-0.0103,0.0,-1.7142000000000053,2.0111000000000008,-0.2551,-0.0315,0.0,0.0,0.0,0.0,0.0,2.0111000000000008,20000.0
18427,T33UWP_20000_25,S2B_MSIL2A_20230604T095559_R122_T33UWP_20230604T174403,20,,0.0,0.0005,2.5439,34.5757,7.3822,0.0165,8.691,21.8321,23.1448,1.8133,0.0,1000000,0,0.0,19999.999999999767,20000.000000001863,1.392894983291626,46.7902,,0.0,0.0,0.0,0.0,0.0,0.0,0.0,0.0,0.0,0.0,0.0,0.0,0.0,20000.0
18440,T33UWP_20000_25,S2B_MSIL2A_20230604T095559_R122_T33UWP_20230604T174403,50,,0.0,0.000625,2.53375,34.604375,7.39125,0.014375,8.65625,21.85125,23.12625,1.821875,0.0,160000,0,0.0,19999.999999999767,20000.000000001863,0.7984194755554199,46.799375,,0.0,0.000125,-0.010149999999999881,0.028674999999999784,0.009050000000000225,-0.002125,-0.034750000000000725,0.01914999999999978,-0.018550000000001177,0.008575,0.0,0.009174999999999045,0.034750000000000725,20000.0
18453,T33UWP_20000_25,S2B_MSIL2A_20230604T095559_R122_T33UWP_20230604T174403,100,,0.0,0.0025,2.5175,34.66,7.395,0.02,8.61,21.92,23.09,1.785,0.0,40000,0,0.0,19999.999999999767,20000.000000001863,0.8145532608032227,46.795,,0.0,0.002,-0.026399999999999757,0.08429999999999893,0.012799999999999478,0.0034999999999999996,-0.0810000000000013,0.0879000000000012,-0.05480000000000018,-0.028299999999999992,0.0,0.004800000000003024,0.08429999999999893,20000.0
18466,T33UWP_20000_25,S2B_MSIL2A_20230604T095559_R122_T33UWP_20230604T174403,200,,0.0,0.0,2.57,33.81,7.55,0.02,8.91,21.89,23.5,1.75,0.0,10000,0,0.0,19999.999999999767,20000.000000001863,0.8234584331512451,47.14,,0.0,-0.0005,0.026100000000000012,-0.7656999999999954,0.16779999999999973,0.0034999999999999996,0.21899999999999942,0.05790000000000006,0.35519999999999996,-0.06329999999999991,0.0,0.3498000000000019,0.7656999999999954,20000.0
18479,T33UWP_20000_25,S2B_MSIL2A_20230604T095559_R122_T33UWP_20230604T174403,500,,0.0,0.0,2.625,32.1875,7.875,0.0,8.9375,22.0,24.75,1.625,0.0,1600,0,0.0,19999.999999999767,20000.000000001863,0.7641355991363525,48.375,,0.0,-0.0005,0.08110000000000017,-2.3881999999999977,0.4927999999999999,-0.0165,0.24649999999999928,0.1678999999999995,1.6052,-0.1882999999999999,0.0,1.5848000000000013,2.3881999999999977,20000.0
18492,T33UWP_20000_25,S2B_MSIL2A_20230604T095559_R122_T33UWP_20230604T174403,1000,,0.0,0.0,2.5,33.5,7.75,0.0,9.5,22.25,23.75,0.75,0.0,400,0,0.0,19999.999999999767,20000.000000001863,0.8286097049713135,46.75,,0.0,-0.0005,-0.04389999999999983,-1.0756999999999977,0.3677999999999999,-0.0165,0.8089999999999993,0.4178999999999995,0.6052,-1.0633,0.0,-0.04019999999999868,1.0756999999999977,20000.0
18430,T33UWP_20000_25,S2B_MSIL2A_20230611T094549_R079_T33UWP_20230611T135320,20,,0.0,0.0,0.0,0.0,0.0,0.0,0.0,0.0474,99.9526,0.0,0.0,1000000,0,0.0,19999.999999999767,20000.000000001863,1.392894983291626,100.0,,0.0,0.0,0.0,0.0,0.0,0.0,0.0,0.0,0.0,0.0,0.0,0.0,0.0,20000.0
18443,T33UWP_20000_25,S2B_MSIL2A_20230611T094549_R079_T33UWP_20230611T135320,50,,0.0,0.0,0.0,0.0,0.0,0.0,0.0,0.045,99.955,0.0,0.0,160000,0,0.0,19999.999999999767,20000.000000001863,0.7984194755554199,100.0,,0.0,0.0,0.0,0.0,0.0,0.0,0.0,-0.0023999999999999994,0.0023999999999944066,0.0,0.0,0.0,0.0,20000.0
18456,T33UWP_20000_25,S2B_MSIL2A_20230611T094549_R079_T33UWP_20230611T135320,100,,0.0,0.0,0.0,0.0,0.0,0.0,0.0,0.04,99.96,0.0,0.0,40000,0,0.0,19999.999999999767,20000.000000001863,0.8145532608032227,100.0,,0.0,0.0,0.0,0.0,0.0,0.0,0.0,-0.007399999999999997,0.007399999999989859,0.0,0.0,0.0,0.0,20000.0
18469,T33UWP_20000_25,S2B_MSIL2A_20230611T094549_R079_T33UWP_20230611T135320,200,,0.0,0.0,0.0,0.0,0.0,0.0,0.0,0.06,99.94,0.0,0.0,10000,0,0.0,19999.999999999767,20000.000000001863,0.8234584331512451,100.0,,0.0,0.0,0.0,0.0,0.0,0.0,0.0,0.0126,-0.012600000000006162,0.0,0.0,0.0,0.0,20000.0
18482,T33UWP_20000_25,S2B_MSIL2A_20230611T094549_R079_T33UWP_20230611T135320,500,,0.0,0.0,0.0,0.0,0.0,0.0,0.0,0.0,100.0,0.0,0.0,1600,0,0.0,19999.999999999767,20000.000000001863,0.7641355991363525,100.0,,0.0,0.0,0.0,0.0,0.0,0.0,0.0,-0.0474,0.04739999999999611,0.0,0.0,0.0,0.0,20000.0
18495,T33UWP_20000_25,S2B_MSIL2A_20230611T094549_R079_T33UWP_20230611T135320,1000,,0.0,0.0,0.0,0.0,0.0,0.0,0.0,0.0,100.0,0.0,0.0,400,0,0.0,19999.999999999767,20000.000000001863,0.8286097049713135,100.0,,0.0,0.0,0.0,0.0,0.0,0.0,0.0,-0.0474,0.04739999999999611,0.0,0.0,0.0,0.0,20000.0
18431,T33UWP_20000_25,S2B_MSIL2A_20230614T095559_R122_T33UWP_20230614T142248,20,,0.0,0.0002,10.2309,17.7948,3.3522,0.0058,2.4427,20.3029,43.6061,2.2644,0.0,1000000,0,0.0,19999.999999999767,20000.000000001863,1.392894983291626,66.1734,,0.0,0.0,0.0,0.0,0.0,0.0,0.0,0.0,0.0,0.0,0.0,0.0,0.0,20000.0
18444,T33UWP_20000_25,S2B_MSIL2A_20230614T095559_R122_T33UWP_20230614T142248,50,,0.0,0.0,10.24375,17.75875,3.3725,0.005625,2.439375,20.328125,43.58375,2.268125,0.0,160000,0,0.0,19999.999999999767,20000.000000001863,0.7984194755554199,66.18,,0.0,-0.0002,0.01285000000000025,-0.03604999999999947,0.020300000000000207,-0.0001749999999999998,-0.0033249999999998003,0.025224999999998943,-0.022349999999995873,0.0037249999999997563,0.0,0.0066000000000059345,0.03604999999999947,20000.0
18457,T33UWP_20000_25,S2B_MSIL2A_20230614T095559_R122_T33UWP_20230614T142248,100,,0.0,0.0,10.275,17.7725,3.245,0.0075,2.505,20.33,43.5175,2.3475,0.0,40000,0,0.0,19999.999999999767,20000.000000001863,0.8145532608032227,66.195,,0.0,-0.0002,0.04410000000000025,-0.022299999999997766,-0.10719999999999974,0.0017000000000000001,0.06230000000000002,0.027099999999997237,-0.08859999999999957,0.08309999999999995,0.0,0.021599999999992292,0.10719999999999974,20000.0
18470,T33UWP_20000_25,S2B_MSIL2A_20230614T095559_R122_T33UWP_20230614T142248,200,,0.0,0.0,10.32,17.81,3.28,0.0,2.38,20.4,43.67,2.14,0.0,10000,0,0.0,19999.999999999767,20000.000000001863,0.8234584331512451,66.21,,0.0,-0.0002,0.08910000000000018,0.015200000000000102,-0.07220000000000004,-0.0058,-0.06269999999999998,0.09709999999999752,0.06390000000000384,-0.12440000000000007,0.0,0.03659999999999286,0.08910000000000018,20000.0
18483,T33UWP_20000_25,S2B_MSIL2A_20230614T095559_R122_T33UWP_20230614T142248,500,,0.0,0.0,10.6875,16.375,3.125,0.0,2.8125,21.0,43.75,2.25,0.0,1600,0,0.0,19999.999999999767,20000.000000001863,0.7641355991363525,67.0,,0.0,-0.0002,0.4565999999999999,-1.4197999999999986,-0.22719999999999985,-0.0058,0.36980000000000013,0.6970999999999989,0.14390000000000214,-0.01440000000000019,0.0,0.8265999999999991,1.4197999999999986,20000.0
18496,T33UWP_20000_25,S2B_MSIL2A_20230614T095559_R122_T33UWP_20230614T142248,1000,,0.0,0.0,10.5,18.0,2.5,0.0,1.75,21.75,43.0,2.5,0.0,400,0,0.0,19999.999999999767,20000.000000001863,0.8286097049713135,67.25,,0.0,-0.0002,0.2690999999999999,0.20520000000000138,-0.8521999999999998,-0.0058,-0.6926999999999999,1.447099999999999,-0.6060999999999979,0.2355999999999998,0.0,1.0765999999999991,1.0765999999999991,20000.0
18434,T33UWP_20000_25,S2B_MSIL2A_20230621T094549_R079_T33UWP_20230621T143955,20,,0.0,0.0074,0.7376,66.2543,10.201,0.0479,0.0146,0.39,0.0418,22.3054,0.0,1000000,0,0.0,19999.999999999767,20000.000000001863,1.392894983291626,22.737199999999998,,0.0,0.0,0.0,0.0,0.0,0.0,0.0,0.0,0.0,0.0,0.0,0.0,0.0,20000.0
18447,T33UWP_20000_25,S2B_MSIL2A_20230621T094549_R079_T33UWP_20230621T143955,50,,0.0,0.008125,0.739375,66.303125,10.155,0.05,0.01375,0.40125,0.045,22.284375,0.0,160000,0,0.0,19999.999999999767,20000.000000001863,0.7984194755554199,22.730625,,0.0,0.000725,0.001774999999999971,0.04882499999999368,-0.04600000000000115,0.0021000000000000046,-0.0008500000000000001,0.011249999999999982,0.0032000000000000015,-0.021024999999998073,0.0,-0.006574999999997999,0.04882499999999368,20000.0
18460,T33UWP_20000_25,S2B_MSIL2A_20230621T094549_R079_T33UWP_20230621T143955,100,,0.0,0.0075,0.74,66.2325,10.225,0.0475,0.015,0.4275,0.02,22.285,0.0,40000,0,0.0,19999.999999999767,20000.000000001863,0.8145532608032227,22.7325,,0.0,9.99999999999994e-05,0.0023999999999999577,-0.02179999999999893,0.023999999999999133,-0.0003999999999999976,0.0003999999999999993,0.03749999999999998,-0.021799999999999996,-0.02039999999999864,0.0,-0.004699999999996152,0.023999999999999133,20000.0
18473,T33UWP_20000_25,S2B_MSIL2A_20230621T094549_R079_T33UWP_20230621T143955,200,,0.0,0.0,0.73,66.05,10.41,0.03,0.01,0.33,0.07,22.37,0.0,10000,0,0.0,19999.999999999767,20000.000000001863,0.8234584331512451,22.77,,0.0,-0.0074,-0.007600000000000051,-0.20430000000000348,0.20899999999999963,-0.0179,-0.0046,-0.06,0.02820000000000001,0.06460000000000221,0.0,0.03280000000000172,0.20899999999999963,20000.0
18486,T33UWP_20000_25,S2B_MSIL2A_20230621T094549_R079_T33UWP_20230621T143955,500,,0.0,0.0,0.75,65.0,10.0625,0.0625,0.0,0.375,0.0625,23.6875,0.0,1600,0,0.0,19999.999999999767,20000.000000001863,0.7641355991363525,24.125,,0.0,-0.0074,0.012399999999999967,-1.2543000000000006,-0.1385000000000005,0.014600000000000002,-0.0146,-0.015000000000000013,0.020700000000000003,1.3821000000000012,0.0,1.3878000000000021,1.3878000000000021,20000.0
18499,T33UWP_20000_25,S2B_MSIL2A_20230621T094549_R079_T33UWP_20230621T143955,1000,,0.0,0.0,0.75,62.75,11.25,0.0,0.0,0.0,0.0,25.25,0.0,400,0,0.0,19999.999999999767,20000.000000001863,0.8286097049713135,25.25,,0.0,-0.0074,0.012399999999999967,-3.5043000000000006,1.0489999999999995,-0.0479,-0.0146,-0.39,-0.0418,2.944600000000001,0.0,2.512800000000002,3.5043000000000006,20000.0
18435,T33UWP_20000_25,S2B_MSIL2A_20230624T095559_R122_T33UWP_20230624T142946,20,,0.0,0.0,0.0,0.0,0.0,0.0,0.0,0.0156,99.9844,0.0,0.0,1000000,0,0.0,19999.999999999767,20000.000000001863,1.392894983291626,100.0,,0.0,0.0,0.0,0.0,0.0,0.0,0.0,0.0,0.0,0.0,0.0,0.0,0.0,20000.0
18448,T33UWP_20000_25,S2B_MSIL2A_20230624T095559_R122_T33UWP_20230624T142946,50,,0.0,0.0,0.0,0.0,0.0,0.0,0.0,0.016875,99.983125,0.0,0.0,160000,0,0.0,19999.999999999767,20000.000000001863,0.7984194755554199,100.0,,0.0,0.0,0.0,0.0,0.0,0.0,0.0,0.0012750000000000018,-0.0012749999999925876,0.0,0.0,0.0,0.0,20000.0
18461,T33UWP_20000_25,S2B_MSIL2A_20230624T095559_R122_T33UWP_20230624T142946,100,,0.0,0.0,0.0,0.0,0.0,0.0,0.0,0.0125,99.9875,0.0,0.0,40000,0,0.0,19999.999999999767,20000.000000001863,0.8145532608032227,100.0,,0.0,0.0,0.0,0.0,0.0,0.0,0.0,-0.0030999999999999986,0.0031000000000034333,0.0,0.0,0.0,0.0,20000.0
18474,T33UWP_20000_25,S2B_MSIL2A_20230624T095559_R122_T33UWP_20230624T142946,200,,0.0,0.0,0.0,0.0,0.0,0.0,0.0,0.01,99.99,0.0,0.0,10000,0,0.0,19999.999999999767,20000.000000001863,0.8234584331512451,100.0,,0.0,0.0,0.0,0.0,0.0,0.0,0.0,-0.005599999999999999,0.00560000000000116,0.0,0.0,0.0,0.0,20000.0
18487,T33UWP_20000_25,S2B_MSIL2A_20230624T095559_R122_T33UWP_20230624T142946,500,,0.0,0.0,0.0,0.0,0.0,0.0,0.0,0.0,100.0,0.0,0.0,1600,0,0.0,19999.999999999767,20000.000000001863,0.7641355991363525,100.0,,0.0,0.0,0.0,0.0,0.0,0.0,0.0,-0.0156,0.015600000000006276,0.0,0.0,0.0,0.0,20000.0
18500,T33UWP_20000_25,S2B_MSIL2A_20230624T095559_R122_T33UWP_20230624T142946,1000,,0.0,0.0,0.0,0.0,0.0,0.0,0.0,0.0,100.0,0.0,0.0,400,0,0.0,19999.999999999767,20000.000000001863,0.8286097049713135,100.0,,0.0,0.0,0.0,0.0,0.0,0.0,0.0,-0.0156,0.015600000000006276,0.0,0.0,0.0,0.0,20000.0
18438,T33UWP_20000_25,S2B_MSIL2A_20230701T094549_R079_T33UWP_20230701T152448,20,,0.0,0.0,0.0,0.0,0.0,0.0,0.0,0.0,100.0,0.0,0.0,1000000,0,0.0,19999.999999999767,20000.000000001863,1.392894983291626,100.0,,0.0,0.0,0.0,0.0,0.0,0.0,0.0,0.0,0.0,0.0,0.0,0.0,0.0,20000.0
18451,T33UWP_20000_25,S2B_MSIL2A_20230701T094549_R079_T33UWP_20230701T152448,50,,0.0,0.0,0.0,0.0,0.0,0.0,0.0,0.0,100.0,0.0,0.0,160000,0,0.0,19999.999999999767,20000.000000001863,0.7984194755554199,100.0,,0.0,0.0,0.0,0.0,0.0,0.0,0.0,0.0,0.0,0.0,0.0,0.0,0.0,20000.0
18464,T33UWP_20000_25,S2B_MSIL2A_20230701T094549_R079_T33UWP_20230701T152448,100,,0.0,0.0,0.0,0.0,0.0,0.0,0.0,0.0,100.0,0.0,0.0,40000,0,0.0,19999.999999999767,20000.000000001863,0.8145532608032227,100.0,,0.0,0.0,0.0,0.0,0.0,0.0,0.0,0.0,0.0,0.0,0.0,0.0,0.0,20000.0
18477,T33UWP_20000_25,S2B_MSIL2A_20230701T094549_R079_T33UWP_20230701T152448,200,,0.0,0.0,0.0,0.0,0.0,0.0,0.0,0.0,100.0,0.0,0.0,10000,0,0.0,19999.999999999767,20000.000000001863,0.8234584331512451,100.0,,0.0,0.0,0.0,0.0,0.0,0.0,0.0,0.0,0.0,0.0,0.0,0.0,0.0,20000.0
18490,T33UWP_20000_25,S2B_MSIL2A_20230701T094549_R079_T33UWP_20230701T152448,500,,0.0,0.0,0.0,0.0,0.0,0.0,0.0,0.0,100.0,0.0,0.0,1600,0,0.0,19999.999999999767,20000.000000001863,0.7641355991363525,100.0,,0.0,0.0,0.0,0.0,0.0,0.0,0.0,0.0,0.0,0.0,0.0,0.0,0.0,20000.0
18503,T33UWP_20000_25,S2B_MSIL2A_20230701T094549_R079_T33UWP_20230701T152448,1000,,0.0,0.0,0.0,0.0,0.0,0.0,0.0,0.0,100.0,0.0,0.0,400,0,0.0,19999.999999999767,20000.000000001863,0.8286097049713135,100.0,,0.0,0.0,0.0,0.0,0.0,0.0,0.0,0.0,0.0,0.0,0.0,0.0,0.0,20000.0
18506,T33UWP_20000_26,S2A_MSIL2A_20230606T095031_R079_T33UWP_20230606T162616,20,,0.0,0.0,0.0149,0.2139,0.2494,0.0,1.2813,5.7325,92.491,0.017,0.0,1000000,0,0.0,20000.000000000233,20000.0,1.1418254375457764,98.2405,,0.0,0.0,0.0,0.0,0.0,0.0,0.0,0.0,0.0,0.0,0.0,0.0,0.0,20000.0
18519,T33UWP_20000_26,S2A_MSIL2A_20230606T095031_R079_T33UWP_20230606T162616,50,,0.0,0.0,0.015,0.22,0.25,0.0,1.274375,5.739375,92.484375,0.016875,0.0,160000,0,0.0,20000.000000000233,20000.0,0.865966796875,98.240625,,0.0,0.0,9.99999999999994e-05,0.006099999999999994,0.0005999999999999894,0.0,-0.00692500000000007,0.0068749999999999645,-0.006624999999999659,-0.0001250000000000001,0.0,0.00012499999999704414,0.00692500000000007,20000.0
18532,T33UWP_20000_26,S2A_MSIL2A_20230606T095031_R079_T33UWP_20230606T162616,100,,0.0,0.0,0.0175,0.225,0.2475,0.0,1.2725,5.7475,92.475,0.015,0.0,40000,0,0.0,20000.000000000233,20000.0,0.8477871417999268,98.2375,,0.0,0.0,0.0026000000000000016,0.011099999999999999,-0.0019000000000000128,0.0,-0.008800000000000141,0.01499999999999968,-0.016000000000005343,-0.0020000000000000018,0.0,-0.0030000000000001137,0.011099999999999999,20000.0
18545,T33UWP_20000_26,S2A_MSIL2A_20230606T095031_R079_T33UWP_20230606T162616,200,,0.0,0.0,0.02,0.2,0.23,0.0,1.3,5.5,92.73,0.02,0.0,10000,0,0.0,20000.000000000233,20000.0,0.7722988128662109,98.25,,0.0,0.0,0.0051,-0.013899999999999996,-0.0194,0.0,0.01869999999999994,-0.23249999999999993,0.23900000000000432,0.002999999999999999,0.0,0.009500000000002728,0.0194,20000.0
18558,T33UWP_20000_26,S2A_MSIL2A_20230606T095031_R079_T33UWP_20230606T162616,500,,0.0,0.0,0.0,0.1875,0.3125,0.0,1.5625,5.3125,92.625,0.0,0.0,1600,0,0.0,20000.000000000233,20000.0,0.78829026222229,97.9375,,0.0,0.0,-0.0149,-0.026400000000000007,0.06309999999999999,0.0,0.2811999999999999,-0.41999999999999993,0.13400000000000034,-0.017,0.0,-0.30299999999999727,0.30299999999999727,20000.0
18571,T33UWP_20000_26,S2A_MSIL2A_20230606T095031_R079_T33UWP_20230606T162616,1000,,0.0,0.0,0.0,0.25,0.0,0.0,1.25,7.25,91.25,0.0,0.0,400,0,0.0,20000.000000000233,20000.0,0.7394332885742188,98.5,,0.0,0.0,-0.0149,0.03609999999999999,-0.2494,0.0,-0.031300000000000106,1.5175,-1.2409999999999997,-0.017,0.0,0.25950000000000273,0.25950000000000273,20000.0
18507,T33UWP_20000_26,S2A_MSIL2A_20230609T100031_R122_T33UWP_20230609T173715,20,,0.0,0.0,0.0,0.0,0.0,0.0,0.0,20.1095,79.1639,0.7266,0.0,1000000,0,0.0,20000.000000000233,20000.0,1.1418254375457764,100.0,,0.0,0.0,0.0,0.0,0.0,0.0,0.0,0.0,0.0,0.0,0.0,0.0,0.0,20000.0
18520,T33UWP_20000_26,S2A_MSIL2A_20230609T100031_R122_T33UWP_20230609T173715,50,,0.0,0.0,0.0,0.0,0.0,0.0,0.0,20.1,79.1625,0.7375,0.0,160000,0,0.0,20000.000000000233,20000.0,0.865966796875,99.99999999999999,,0.0,0.0,0.0,0.0,0.0,0.0,0.0,-0.009499999999999176,-0.0014000000000038426,0.01090000000000002,0.0,-1.4210854715202004e-14,1.4210854715202004e-14,20000.0
18533,T33UWP_20000_26,S2A_MSIL2A_20230609T100031_R122_T33UWP_20230609T173715,100,,0.0,0.0,0.0,0.0,0.0,0.0,0.0,20.075,79.1825,0.7425,0.0,40000,0,0.0,20000.000000000233,20000.0,0.8477871417999268,100.00000000000001,,0.0,0.0,0.0,0.0,0.0,0.0,0.0,-0.03450000000000131,0.01860000000000639,0.015900000000000025,0.0,1.4210854715202004e-14,1.4210854715202004e-14,20000.0
18546,T33UWP_20000_26,S2A_MSIL2A_20230609T100031_R122_T33UWP_20230609T173715,200,,0.0,0.0,0.0,0.0,0.0,0.0,0.0,20.19,79.04,0.77,0.0,10000,0,0.0,20000.000000000233,20000.0,0.7722988128662109,100.0,,0.0,0.0,0.0,0.0,0.0,0.0,0.0,0.08050000000000068,-0.1238999999999919,0.043399999999999994,0.0,0.0,0.0,20000.0
18559,T33UWP_20000_26,S2A_MSIL2A_20230609T100031_R122_T33UWP_20230609T173715,500,,0.0,0.0,0.0,0.0,0.0,0.0,0.0,21.375,77.8125,0.8125,0.0,1600,0,0.0,20000.000000000233,20000.0,0.78829026222229,100.0,,0.0,0.0,0.0,0.0,0.0,0.0,0.0,1.2654999999999994,-1.3513999999999982,0.08589999999999998,0.0,0.0,0.0,20000.0
18572,T33UWP_20000_26,S2A_MSIL2A_20230609T100031_R122_T33UWP_20230609T173715,1000,,0.0,0.0,0.0,0.0,0.0,0.0,0.0,20.5,78.5,1.0,0.0,400,0,0.0,20000.000000000233,20000.0,0.7394332885742188,100.0,,0.0,0.0,0.0,0.0,0.0,0.0,0.0,0.3904999999999994,-0.6638999999999982,0.2734,0.0,0.0,0.0,20000.0
18510,T33UWP_20000_26,S2A_MSIL2A_20230616T095031_R079_T33UWP_20230616T172735,20,,0.0,0.017,0.7937,84.7861,13.2931,0.6704,0.0797,0.2395,0.1166,0.0039,0.0,1000000,0,0.0,20000.000000000233,20000.0,1.1418254375457764,0.36,,0.0,0.0,0.0,0.0,0.0,0.0,0.0,0.0,0.0,0.0,0.0,0.0,0.0,20000.0
18523,T33UWP_20000_26,S2A_MSIL2A_20230616T095031_R079_T33UWP_20230616T172735,50,,0.0,0.01625,0.788125,84.753125,13.32625,0.671875,0.0825,0.241875,0.11625,0.00375,0.0,160000,0,0.0,20000.000000000233,20000.0,0.865966796875,0.361875,,0.0,-0.0007500000000000007,-0.005574999999999997,-0.032975000000007526,0.033149999999999125,0.001475000000000004,0.002800000000000011,0.002375000000000016,-0.0003499999999999892,-0.00014999999999999996,0.0,0.0018750000000000155,0.033149999999999125,20000.0
18536,T33UWP_20000_26,S2A_MSIL2A_20230616T095031_R079_T33UWP_20230616T172735,100,,0.0,0.0175,0.7725,84.8075,13.28,0.6675,0.0775,0.2625,0.105,0.01,0.0,40000,0,0.0,20000.000000000233,20000.0,0.8477871417999268,0.3775,,0.0,0.0005000000000000004,-0.021199999999999997,0.021399999999999864,-0.013100000000001444,-0.0029000000000000137,-0.0021999999999999936,0.02300000000000002,-0.0116,0.0061,0.0,0.017500000000000016,0.021399999999999864,20000.0
18549,T33UWP_20000_26,S2A_MSIL2A_20230616T095031_R079_T33UWP_20230616T172735,200,,0.0,0.02,0.78,84.67,13.32,0.69,0.08,0.29,0.12,0.03,0.0,10000,0,0.0,20000.000000000233,20000.0,0.7722988128662109,0.43999999999999995,,0.0,0.002999999999999999,-0.013699999999999934,-0.11610000000000298,0.02689999999999948,0.01959999999999995,0.0003000000000000086,0.05049999999999999,0.0034000000000000002,0.026099999999999998,0.0,0.07999999999999996,0.11610000000000298,20000.0
18562,T33UWP_20000_26,S2A_MSIL2A_20230616T095031_R079_T33UWP_20230616T172735,500,,0.0,0.0,0.75,85.1875,13.0,0.625,0.0625,0.25,0.125,0.0,0.0,1600,0,0.0,20000.000000000233,20000.0,0.78829026222229,0.375,,0.0,-0.017,-0.04369999999999996,0.4013999999999953,-0.2931000000000008,-0.045399999999999996,-0.017199999999999993,0.01050000000000001,0.008400000000000005,-0.0039,0.0,0.015000000000000013,0.4013999999999953,20000.0
18575,T33UWP_20000_26,S2A_MSIL2A_20230616T095031_R079_T33UWP_20230616T172735,1000,,0.0,0.0,0.5,81.25,17.0,0.75,0.25,0.25,0.0,0.0,0.0,400,0,0.0,20000.000000000233,20000.0,0.7394332885742188,0.25,,0.0,-0.017,-0.29369999999999996,-3.5361000000000047,3.706899999999999,0.0796,0.1703,0.01050000000000001,-0.1166,-0.0039,0.0,-0.10999999999999999,3.706899999999999,20000.0
18511,T33UWP_20000_26,S2A_MSIL2A_20230619T100031_R122_T33UWP_20230619T172742,20,,0.0,0.0215,0.5005,56.9574,7.2815,0.6498,0.2756,3.0222,0.1474,31.1441,0.0,1000000,0,0.0,20000.000000000233,20000.0,1.1418254375457764,34.313700000000004,,0.0,0.0,0.0,0.0,0.0,0.0,0.0,0.0,0.0,0.0,0.0,0.0,0.0,20000.0
18524,T33UWP_20000_26,S2A_MSIL2A_20230619T100031_R122_T33UWP_20230619T172742,50,,0.0,0.023125,0.50375,56.934375,7.2925,0.645,0.279375,3.0425,0.1475,31.131875,0.0,160000,0,0.0,20000.000000000233,20000.0,0.865966796875,34.321875,,0.0,0.0016250000000000014,0.003250000000000086,-0.023024999999996965,0.01100000000000012,-0.0048000000000000265,0.003774999999999973,0.020299999999999763,9.999999999998899e-05,-0.012225000000000819,0.0,0.00817499999999427,0.023024999999996965,20000.0
18537,T33UWP_20000_26,S2A_MSIL2A_20230619T100031_R122_T33UWP_20230619T172742,100,,0.0,0.025,0.505,56.915,7.27,0.645,0.315,3.005,0.155,31.165,0.0,40000,0,0.0,20000.000000000233,20000.0,0.8477871417999268,34.324999999999996,,0.0,0.003500000000000003,0.0045000000000000595,-0.04240000000000066,-0.011500000000000732,-0.0048000000000000265,0.03939999999999999,-0.017200000000000326,0.007599999999999996,0.020899999999997476,0.0,0.011299999999991428,0.04240000000000066,20000.0
18550,T33UWP_20000_26,S2A_MSIL2A_20230619T100031_R122_T33UWP_20230619T172742,200,,0.0,0.02,0.48,57.54,7.17,0.63,0.33,3.09,0.14,30.6,0.0,10000,0,0.0,20000.000000000233,20000.0,0.7722988128662109,33.83,,0.0,-0.0014999999999999979,-0.020499999999999963,0.5825999999999993,-0.11150000000000038,-0.01980000000000004,0.054400000000000004,0.06779999999999964,-0.00739999999999999,-0.5441000000000003,0.0,-0.483700000000006,0.5825999999999993,20000.0
18563,T33UWP_20000_26,S2A_MSIL2A_20230619T100031_R122_T33UWP_20230619T172742,500,,0.0,0.0,0.5,57.5625,7.5625,0.625,0.25,2.4375,0.1875,30.875,0.0,1600,0,0.0,20000.000000000233,20000.0,0.78829026222229,33.5,,0.0,-0.0215,-0.0004999999999999449,0.6051000000000002,0.2809999999999997,-0.024800000000000044,-0.02560000000000001,-0.5847000000000002,0.0401,-0.26910000000000167,0.0,-0.8137000000000043,0.8137000000000043,20000.0
18576,T33UWP_20000_26,S2A_MSIL2A_20230619T100031_R122_T33UWP_20230619T172742,1000,,0.0,0.0,1.0,58.0,8.0,0.75,0.0,3.75,0.0,28.5,0.0,400,0,0.0,20000.000000000233,20000.0,0.7394332885742188,32.25,,0.0,-0.0215,0.49950000000000006,1.0426000000000002,0.7184999999999997,0.10019999999999996,-0.2756,0.7277999999999998,-0.1474,-2.6441000000000017,0.0,-2.0637000000000043,2.0637000000000043,20000.0
18514,T33UWP_20000_26,S2A_MSIL2A_20230626T095031_R079_T33UWP_20230626T161132,20,,0.0,0.0135,0.9936,85.4614,12.2267,0.6726,0.0405,0.2432,0.3485,0.0,0.0,1000000,0,0.0,20000.000000000233,20000.0,1.1418254375457764,0.5917,,0.0,0.0,0.0,0.0,0.0,0.0,0.0,0.0,0.0,0.0,0.0,0.0,0.0,20000.0
18527,T33UWP_20000_26,S2A_MSIL2A_20230626T095031_R079_T33UWP_20230626T161132,50,,0.0,0.01375,0.991875,85.473125,12.21875,0.6725,0.04125,0.239375,0.349375,0.0,0.0,160000,0,0.0,20000.000000000233,20000.0,0.865966796875,0.58875,,0.0,0.0002500000000000002,-0.0017250000000000876,0.011724999999998431,-0.007949999999999235,-9.999999999998899e-05,0.0007500000000000007,-0.003824999999999995,0.0008750000000000147,0.0,0.0,-0.002950000000000008,0.011724999999998431,20000.0
18540,T33UWP_20000_26,S2A_MSIL2A_20230626T095031_R079_T33UWP_20230626T161132,100,,0.0,0.02,1.0,85.44,12.24,0.6725,0.0425,0.25,0.335,0.0,0.0,40000,0,0.0,20000.000000000233,20000.0,0.8477871417999268,0.585,,0.0,0.006500000000000001,0.006399999999999961,-0.021399999999999864,0.013300000000000978,-9.999999999998899e-05,0.0020000000000000018,0.0068000000000000005,-0.013499999999999956,0.0,0.0,-0.006700000000000039,0.021399999999999864,20000.0
18553,T33UWP_20000_26,S2A_MSIL2A_20230626T095031_R079_T33UWP_20230626T161132,200,,0.0,0.02,1.08,85.31,12.21,0.68,0.05,0.22,0.43,0.0,0.0,10000,0,0.0,20000.000000000233,20000.0,0.7722988128662109,0.65,,0.0,0.006500000000000001,0.08640000000000003,-0.15139999999999532,-0.016699999999998383,0.007400000000000073,0.009500000000000001,-0.0232,0.08150000000000002,0.0,0.0,0.05830000000000002,0.15139999999999532,20000.0
18566,T33UWP_20000_26,S2A_MSIL2A_20230626T095031_R079_T33UWP_20230626T161132,500,,0.0,0.0,1.0,85.4375,12.1875,0.6875,0.0,0.3125,0.375,0.0,0.0,1600,0,0.0,20000.000000000233,20000.0,0.78829026222229,0.6875,,0.0,-0.0135,0.006399999999999961,-0.02389999999999759,-0.039199999999999235,0.014900000000000024,-0.0405,0.0693,0.026500000000000024,0.0,0.0,0.0958,0.0958,20000.0
18579,T33UWP_20000_26,S2A_MSIL2A_20230626T095031_R079_T33UWP_20230626T161132,1000,,0.0,0.0,1.0,81.75,15.75,0.75,0.0,0.0,0.75,0.0,0.0,400,0,0.0,20000.000000000233,20000.0,0.7394332885742188,0.75,,0.0,-0.0135,0.006399999999999961,-3.7113999999999976,3.5233000000000008,0.07740000000000002,-0.0405,-0.2432,0.4015,0.0,0.0,0.1583,3.7113999999999976,20000.0
18515,T33UWP_20000_26,S2A_MSIL2A_20230629T100031_R122_T33UWP_20230629T191411,20,,0.0,0.0575,1.1447,84.8122,12.4267,0.6897,0.0804,0.5143,0.2745,0.0,0.0,1000000,0,0.0,20000.000000000233,20000.0,1.1418254375457764,0.7888,,0.0,0.0,0.0,0.0,0.0,0.0,0.0,0.0,0.0,0.0,0.0,0.0,0.0,20000.0
18528,T33UWP_20000_26,S2A_MSIL2A_20230629T100031_R122_T33UWP_20230629T191411,50,,0.0,0.0625,1.149375,84.81,12.425,0.6925,0.071875,0.506875,0.281875,0.0,0.0,160000,0,0.0,20000.000000000233,20000.0,0.865966796875,0.78875,,0.0,0.0049999999999999975,0.004674999999999985,-0.002200000000001978,-0.0016999999999995907,0.0028000000000000247,-0.008525000000000005,-0.007425000000000015,0.007374999999999965,0.0,0.0,-4.999999999999449e-05,0.008525000000000005,20000.0
18541,T33UWP_20000_26,S2A_MSIL2A_20230629T100031_R122_T33UWP_20230629T191411,100,,0.0,0.0775,1.135,84.7475,12.4575,0.6925,0.0925,0.53,0.2675,0.0,0.0,40000,0,0.0,20000.000000000233,20000.0,0.8477871417999268,0.7975000000000001,,0.0,0.019999999999999997,-0.009700000000000042,-0.06470000000000198,0.030799999999999272,0.0028000000000000247,0.0121,0.015700000000000047,-0.007000000000000006,0.0,0.0,0.008700000000000152,0.06470000000000198,20000.0
18554,T33UWP_20000_26,S2A_MSIL2A_20230629T100031_R122_T33UWP_20230629T191411,200,,0.0,0.07,1.18,84.6,12.51,0.7,0.11,0.54,0.29,0.0,0.0,10000,0,0.0,20000.000000000233,20000.0,0.7722988128662109,0.8300000000000001,,0.0,0.012500000000000004,0.03529999999999989,-0.21220000000000994,0.08329999999999949,0.010299999999999976,0.0296,0.025700000000000056,0.015499999999999958,0.0,0.0,0.041200000000000125,0.21220000000000994,20000.0
18567,T33UWP_20000_26,S2A_MSIL2A_20230629T100031_R122_T33UWP_20230629T191411,500,,0.0,0.125,1.1875,85.0625,12.25,0.625,0.0,0.625,0.125,0.0,0.0,1600,0,0.0,20000.000000000233,20000.0,0.78829026222229,0.75,,0.0,0.0675,0.04279999999999995,0.25029999999999575,-0.1767000000000003,-0.06469999999999998,-0.0804,0.11070000000000002,-0.14950000000000002,0.0,0.0,-0.038799999999999946,0.25029999999999575,20000.0
18580,T33UWP_20000_26,S2A_MSIL2A_20230629T100031_R122_T33UWP_20230629T191411,1000,,0.0,0.25,1.0,80.5,16.0,0.75,0.0,1.0,0.5,0.0,0.0,400,0,0.0,20000.000000000233,20000.0,0.7394332885742188,1.5,,0.0,0.1925,-0.14470000000000005,-4.312200000000004,3.5732999999999997,0.06030000000000002,-0.0804,0.4857,0.22549999999999998,0.0,0.0,0.7112,4.312200000000004,20000.0
18504,T33UWP_20000_26,S2B_MSIL2A_20230601T094549_R079_T33UWP_20230601T163321,20,,0.0,0.0186,0.0121,84.1436,14.8394,0.6726,0.0473,0.0103,0.0007,0.2554,0.0,1000000,0,0.0,20000.000000000233,20000.0,1.1418254375457764,0.2664,,0.0,0.0,0.0,0.0,0.0,0.0,0.0,0.0,0.0,0.0,0.0,0.0,0.0,20000.0
18517,T33UWP_20000_26,S2B_MSIL2A_20230601T094549_R079_T33UWP_20230601T163321,50,,0.0,0.02125,0.013125,84.1525,14.8225,0.669375,0.048125,0.010625,0.00125,0.26125,0.0,160000,0,0.0,20000.000000000233,20000.0,0.865966796875,0.273125,,0.0,0.002650000000000003,0.0010249999999999999,0.008899999999997021,-0.016899999999999693,-0.0032249999999999224,0.0008249999999999993,0.00032500000000000064,0.00055,0.005849999999999966,0.0,0.006724999999999981,0.016899999999999693,20000.0
18530,T33UWP_20000_26,S2B_MSIL2A_20230601T094549_R079_T33UWP_20230601T163321,100,,0.0,0.025,0.0125,84.1875,14.7875,0.6775,0.045,0.01,0.0025,0.2525,0.0,40000,0,0.0,20000.000000000233,20000.0,0.8477871417999268,0.265,,0.0,0.006400000000000003,0.00040000000000000105,0.04389999999999361,-0.051899999999999835,0.0049000000000000155,-0.0023000000000000034,-0.0002999999999999999,0.0018,-0.0029000000000000137,0.0,-0.0014000000000000123,0.051899999999999835,20000.0
18543,T33UWP_20000_26,S2B_MSIL2A_20230601T094549_R079_T33UWP_20230601T163321,200,,0.0,0.02,0.01,84.06,14.94,0.71,0.04,0.0,0.0,0.22,0.0,10000,0,0.0,20000.000000000233,20000.0,0.7722988128662109,0.22,,0.0,0.001400000000000002,-0.0020999999999999994,-0.08360000000000412,0.10060000000000002,0.03739999999999999,-0.007300000000000001,-0.0103,-0.0007,-0.035400000000000015,0.0,-0.046400000000000025,0.10060000000000002,20000.0
18556,T33UWP_20000_26,S2B_MSIL2A_20230601T094549_R079_T33UWP_20230601T163321,500,,0.0,0.0,0.0,84.0,15.0625,0.6875,0.0,0.0,0.0,0.25,0.0,1600,0,0.0,20000.000000000233,20000.0,0.78829026222229,0.25,,0.0,-0.0186,-0.0121,-0.1436000000000064,0.22310000000000052,0.014900000000000024,-0.0473,-0.0103,-0.0007,-0.005400000000000016,0.0,-0.016400000000000026,0.22310000000000052,20000.0
18569,T33UWP_20000_26,S2B_MSIL2A_20230601T094549_R079_T33UWP_20230601T163321,1000,,0.0,0.0,0.0,81.0,18.25,0.75,0.0,0.0,0.0,0.0,0.0,400,0,0.0,20000.000000000233,20000.0,0.7394332885742188,0.0,,0.0,-0.0186,-0.0121,-3.1436000000000064,3.4106000000000005,0.07740000000000002,-0.0473,-0.0103,-0.0007,-0.2554,0.0,-0.2664,3.4106000000000005,20000.0
18505,T33UWP_20000_26,S2B_MSIL2A_20230604T095559_R122_T33UWP_20230604T174403,20,,0.0,0.0041000041000041,1.384101384101384,27.45152745152745,10.642810642810643,0.189000189000189,7.017007017007017,23.507623507623506,22.06332206332206,7.7405077405077405,0.0,1000000,1,0.0001,20000.000000000233,20000.0,1.1418254375457764,53.311453311453306,,0.0,0.0,0.0,0.0,0.0,0.0,0.0,0.0,0.0,0.0,0.0,0.0,0.0,20000.0
18518,T33UWP_20000_26,S2B_MSIL2A_20230604T095559_R122_T33UWP_20230604T174403,50,,0.0,0.00375,1.383125,27.429375,10.681875,0.1875,7.00125,23.47125,22.05625,7.785625,0.0,160000,0,0.0,20000.000000000233,20000.0,0.865966796875,53.313125,,0.0,-0.00035000410000409973,-0.0009763841013841201,-0.022152451527450268,0.03906435718935697,-0.0015001890001890006,-0.015757017007016927,-0.03637350762350522,-0.007072063322063116,0.04511725949225909,0.0,0.0016716885466934173,0.03906435718935697,20000.0
18531,T33UWP_20000_26,S2B_MSIL2A_20230604T095559_R122_T33UWP_20230604T174403,100,,0.0,0.0,1.3825,27.405,10.7375,0.195,6.955,23.5475,22.035,7.7425,0.0,40000,0,0.0,20000.000000000233,20000.0,0.8477871417999268,53.324999999999996,,0.0,-0.0041000041000041,-0.0016013841013839958,-0.046527451527449415,0.09468935718935789,0.005999810999811006,-0.06200701700701661,0.039876492376492934,-0.028322063322061553,0.0019922594922592296,0.0,0.013546688546689722,0.09468935718935789,20000.0
18544,T33UWP_20000_26,S2B_MSIL2A_20230604T095559_R122_T33UWP_20230604T174403,200,,0.0,0.02,1.33,27.6,10.43,0.16,7.05,23.72,22.1,7.59,0.0,10000,0,0.0,20000.000000000233,20000.0,0.7722988128662109,53.41,,0.0,0.0158999958999959,-0.05410138410138399,0.14847254847255087,-0.2128106428106431,-0.029000189000188997,0.032992982992983144,0.21237649237649237,0.036677936677939726,-0.15050774050774063,0.0,0.09854668854669058,0.2128106428106431,20000.0
18557,T33UWP_20000_26,S2B_MSIL2A_20230604T095559_R122_T33UWP_20230604T174403,500,,0.0,0.0,1.375,28.75,10.6875,0.0,6.5625,24.125,20.875,7.625,0.0,1600,0,0.0,20000.000000000233,20000.0,0.78829026222229,52.625,,0.0,-0.0041000041000041,-0.009101384101384058,1.2984725484725494,0.04468935718935718,-0.189000189000189,-0.4545070170070167,0.6173764923764935,-1.1883220633220617,-0.11550774050774049,0.0,-0.686453311453306,1.2984725484725494,20000.0
18570,T33UWP_20000_26,S2B_MSIL2A_20230604T095559_R122_T33UWP_20230604T174403,1000,,0.0,0.0,0.75,27.75,10.25,0.25,9.5,25.0,20.5,6.0,0.0,400,0,0.0,20000.000000000233,20000.0,0.7394332885742188,51.5,,0.0,-0.0041000041000041,-0.6341013841013841,0.29847254847254945,-0.3928106428106428,0.060999810999811,2.4829929829929833,1.4923764923764935,-1.5633220633220617,-1.7405077405077405,0.0,-1.811453311453306,2.4829929829929833,20000.0
18508,T33UWP_20000_26,S2B_MSIL2A_20230611T094549_R079_T33UWP_20230611T135320,20,,0.0,0.0,0.0,0.0,0.0,0.0,0.0,0.0,100.0,0.0,0.0,1000000,0,0.0,20000.000000000233,20000.0,1.1418254375457764,100.0,,0.0,0.0,0.0,0.0,0.0,0.0,0.0,0.0,0.0,0.0,0.0,0.0,0.0,20000.0
18521,T33UWP_20000_26,S2B_MSIL2A_20230611T094549_R079_T33UWP_20230611T135320,50,,0.0,0.0,0.0,0.0,0.0,0.0,0.0,0.0,100.0,0.0,0.0,160000,0,0.0,20000.000000000233,20000.0,0.865966796875,100.0,,0.0,0.0,0.0,0.0,0.0,0.0,0.0,0.0,0.0,0.0,0.0,0.0,0.0,20000.0
18534,T33UWP_20000_26,S2B_MSIL2A_20230611T094549_R079_T33UWP_20230611T135320,100,,0.0,0.0,0.0,0.0,0.0,0.0,0.0,0.0,100.0,0.0,0.0,40000,0,0.0,20000.000000000233,20000.0,0.8477871417999268,100.0,,0.0,0.0,0.0,0.0,0.0,0.0,0.0,0.0,0.0,0.0,0.0,0.0,0.0,20000.0
18547,T33UWP_20000_26,S2B_MSIL2A_20230611T094549_R079_T33UWP_20230611T135320,200,,0.0,0.0,0.0,0.0,0.0,0.0,0.0,0.0,100.0,0.0,0.0,10000,0,0.0,20000.000000000233,20000.0,0.7722988128662109,100.0,,0.0,0.0,0.0,0.0,0.0,0.0,0.0,0.0,0.0,0.0,0.0,0.0,0.0,20000.0
18560,T33UWP_20000_26,S2B_MSIL2A_20230611T094549_R079_T33UWP_20230611T135320,500,,0.0,0.0,0.0,0.0,0.0,0.0,0.0,0.0,100.0,0.0,0.0,1600,0,0.0,20000.000000000233,20000.0,0.78829026222229,100.0,,0.0,0.0,0.0,0.0,0.0,0.0,0.0,0.0,0.0,0.0,0.0,0.0,0.0,20000.0
18573,T33UWP_20000_26,S2B_MSIL2A_20230611T094549_R079_T33UWP_20230611T135320,1000,,0.0,0.0,0.0,0.0,0.0,0.0,0.0,0.0,100.0,0.0,0.0,400,0,0.0,20000.000000000233,20000.0,0.7394332885742188,100.0,,0.0,0.0,0.0,0.0,0.0,0.0,0.0,0.0,0.0,0.0,0.0,0.0,0.0,20000.0
18509,T33UWP_20000_26,S2B_MSIL2A_20230614T095559_R122_T33UWP_20230614T142248,20,,0.0,0.0097,10.2887,29.4571,9.2723,0.6119,0.9317,14.3798,33.194,1.8548,0.0,1000000,0,0.0,20000.000000000233,20000.0,1.1418254375457764,49.4286,,0.0,0.0,0.0,0.0,0.0,0.0,0.0,0.0,0.0,0.0,0.0,0.0,0.0,20000.0
18522,T33UWP_20000_26,S2B_MSIL2A_20230614T095559_R122_T33UWP_20230614T142248,50,,0.0,0.01,10.291875,29.474375,9.25375,0.61125,0.943125,14.394375,33.181875,1.839375,0.0,160000,0,0.0,20000.000000000233,20000.0,0.865966796875,49.415625,,0.0,0.0002999999999999999,0.0031749999999988177,0.01727499999999793,-0.0185499999999994,-0.0006500000000000394,0.011425000000000018,0.01457500000000067,-0.012125000000004604,-0.015425000000000022,0.0,-0.0129750000000044,0.0185499999999994,20000.0
18535,T33UWP_20000_26,S2B_MSIL2A_20230614T095559_R122_T33UWP_20230614T142248,100,,0.0,0.01,10.305,29.37,9.3375,0.6125,0.95,14.2475,33.3325,1.835,0.0,40000,0,0.0,20000.000000000233,20000.0,0.8477871417999268,49.415000000000006,,0.0,0.0002999999999999999,0.016299999999999315,-0.08709999999999951,0.06520000000000081,0.0006000000000000449,0.018299999999999983,-0.13229999999999897,0.1385000000000005,-0.01980000000000004,0.0,-0.013599999999996726,0.08709999999999951,20000.0
18548,T33UWP_20000_26,S2B_MSIL2A_20230614T095559_R122_T33UWP_20230614T142248,200,,0.0,0.02,10.36,29.46,9.72,0.63,0.92,13.88,33.04,1.97,0.0,10000,0,0.0,20000.000000000233,20000.0,0.7722988128662109,48.89,,0.0,0.0103,0.07129999999999903,0.0029000000000003467,0.4477000000000011,0.018100000000000005,-0.011699999999999933,-0.4997999999999987,-0.15400000000000347,0.11519999999999997,0.0,-0.5386000000000024,0.5386000000000024,20000.0
18561,T33UWP_20000_26,S2B_MSIL2A_20230614T095559_R122_T33UWP_20230614T142248,500,,0.0,0.0625,10.6875,29.8125,8.875,0.625,1.0,14.75,32.4375,1.75,0.0,1600,0,0.0,20000.000000000233,20000.0,0.78829026222229,48.9375,,0.0,0.0528,0.3987999999999996,0.3553999999999995,-0.39729999999999954,0.0131,0.06830000000000003,0.37020000000000053,-0.7565000000000026,-0.1048,0.0,-0.491100000000003,0.491100000000003,20000.0
18574,T33UWP_20000_26,S2B_MSIL2A_20230614T095559_R122_T33UWP_20230614T142248,1000,,0.0,0.0,9.25,27.25,12.25,0.75,0.25,14.75,33.75,1.75,0.0,400,0,0.0,20000.000000000233,20000.0,0.7394332885742188,50.25,,0.0,-0.0097,-1.0387000000000004,-2.2071000000000005,2.9777000000000005,0.1381,-0.6817,0.37020000000000053,0.5559999999999974,-0.1048,0.0,0.821399999999997,2.9777000000000005,20000.0
18512,T33UWP_20000_26,S2B_MSIL2A_20230621T094549_R079_T33UWP_20230621T143955,20,,0.0,0.0099,0.0,85.1692,12.5264,0.5474,0.0502,0.0042,0.0015,1.6912,0.0,1000000,0,0.0,20000.000000000233,20000.0,1.1418254375457764,1.6969,,0.0,0.0,0.0,0.0,0.0,0.0,0.0,0.0,0.0,0.0,0.0,0.0,0.0,20000.0
18525,T33UWP_20000_26,S2B_MSIL2A_20230621T094549_R079_T33UWP_20230621T143955,50,,0.0,0.01,0.0,85.141875,12.540625,0.55375,0.05375,0.005625,0.000625,1.69375,0.0,160000,0,0.0,20000.000000000233,20000.0,0.865966796875,1.7000000000000002,,0.0,9.99999999999994e-05,0.0,-0.027325000000004707,0.01422499999999971,0.006349999999999967,0.0035499999999999976,0.001425,-0.000875,0.0025500000000000522,0.0,0.0031000000000001027,0.027325000000004707,20000.0
18538,T33UWP_20000_26,S2B_MSIL2A_20230621T094549_R079_T33UWP_20230621T143955,100,,0.0,0.01,0.0,85.1725,12.5025,0.5525,0.0625,0.0025,0.0,1.6975,0.0,40000,0,0.0,20000.000000000233,20000.0,0.8477871417999268,1.7,,0.0,9.99999999999994e-05,0.0,0.003299999999995862,-0.023900000000001143,0.005099999999999993,0.012299999999999998,-0.0016999999999999997,-0.0015,0.006299999999999972,0.0,0.0030999999999998806,0.023900000000001143,20000.0
18551,T33UWP_20000_26,S2B_MSIL2A_20230621T094549_R079_T33UWP_20230621T143955,200,,0.0,0.01,0.0,85.19,12.45,0.54,0.08,0.0,0.0,1.73,0.0,10000,0,0.0,20000.000000000233,20000.0,0.7722988128662109,1.73,,0.0,9.99999999999994e-05,0.0,0.020799999999994156,-0.07640000000000136,-0.007399999999999962,0.0298,-0.0042,-0.0015,0.038799999999999946,0.0,0.03309999999999991,0.07640000000000136,20000.0
18564,T33UWP_20000_26,S2B_MSIL2A_20230621T094549_R079_T33UWP_20230621T143955,500,,0.0,0.0,0.0,85.6875,12.3125,0.4375,0.0,0.0,0.0,1.5625,0.0,1600,0,0.0,20000.000000000233,20000.0,0.78829026222229,1.5625,,0.0,-0.0099,0.0,0.5182999999999964,-0.21390000000000065,-0.1099,-0.0502,-0.0042,-0.0015,-0.12870000000000004,0.0,-0.13440000000000007,0.5182999999999964,20000.0
18577,T33UWP_20000_26,S2B_MSIL2A_20230621T094549_R079_T33UWP_20230621T143955,1000,,0.0,0.0,0.0,82.0,15.75,0.75,0.0,0.0,0.0,1.5,0.0,400,0,0.0,20000.000000000233,20000.0,0.7394332885742188,1.5,,0.0,-0.0099,0.0,-3.1692000000000036,3.2235999999999994,0.2026,-0.0502,-0.0042,-0.0015,-0.19120000000000004,0.0,-0.19690000000000007,3.2235999999999994,20000.0
18513,T33UWP_20000_26,S2B_MSIL2A_20230624T095559_R122_T33UWP_20230624T142946,20,,0.0,0.0,0.0,0.0,0.0005,0.0005,0.0,0.012,99.987,0.0,0.0,1000000,0,0.0,20000.000000000233,20000.0,1.1418254375457764,99.999,,0.0,0.0,0.0,0.0,0.0,0.0,0.0,0.0,0.0,0.0,0.0,0.0,0.0,20000.0
18526,T33UWP_20000_26,S2B_MSIL2A_20230624T095559_R122_T33UWP_20230624T142946,50,,0.0,0.0,0.0,0.0,0.00125,0.0,0.0,0.010625,99.988125,0.0,0.0,160000,0,0.0,20000.000000000233,20000.0,0.865966796875,99.99875,,0.0,0.0,0.0,0.0,0.00075,-0.0005,0.0,-0.0013749999999999995,0.001125000000001819,0.0,0.0,-0.0002499999999940883,0.00075,20000.0
18539,T33UWP_20000_26,S2B_MSIL2A_20230624T095559_R122_T33UWP_20230624T142946,100,,0.0,0.0,0.0,0.0,0.0025,0.0,0.0,0.0175,99.98,0.0,0.0,40000,0,0.0,20000.000000000233,20000.0,0.8477871417999268,99.9975,,0.0,0.0,0.0,0.0,0.002,-0.0005,0.0,0.005500000000000001,-0.006999999999990791,0.0,0.0,-0.0014999999999929514,0.002,20000.0
18552,T33UWP_20000_26,S2B_MSIL2A_20230624T095559_R122_T33UWP_20230624T142946,200,,0.0,0.0,0.0,0.0,0.0,0.0,0.0,0.0,100.0,0.0,0.0,10000,0,0.0,20000.000000000233,20000.0,0.7722988128662109,100.0,,0.0,0.0,0.0,0.0,-0.0005,-0.0005,0.0,-0.012,0.01300000000000523,0.0,0.0,0.0010000000000047748,0.0010000000000047748,20000.0
18565,T33UWP_20000_26,S2B_MSIL2A_20230624T095559_R122_T33UWP_20230624T142946,500,,0.0,0.0,0.0,0.0,0.0,0.0,0.0,0.125,99.875,0.0,0.0,1600,0,0.0,20000.000000000233,20000.0,0.78829026222229,100.0,,0.0,0.0,0.0,0.0,-0.0005,-0.0005,0.0,0.113,-0.11199999999999477,0.0,0.0,0.0010000000000047748,0.0010000000000047748,20000.0
18578,T33UWP_20000_26,S2B_MSIL2A_20230624T095559_R122_T33UWP_20230624T142946,1000,,0.0,0.0,0.0,0.0,0.0,0.0,0.0,0.0,100.0,0.0,0.0,400,0,0.0,20000.000000000233,20000.0,0.7394332885742188,100.0,,0.0,0.0,0.0,0.0,-0.0005,-0.0005,0.0,-0.012,0.01300000000000523,0.0,0.0,0.0010000000000047748,0.0010000000000047748,20000.0
18516,T33UWP_20000_26,S2B_MSIL2A_20230701T094549_R079_T33UWP_20230701T152448,20,,0.0,0.0,0.0,0.0,0.0,0.0,0.0,0.0844,99.9156,0.0,0.0,1000000,0,0.0,20000.000000000233,20000.0,1.1418254375457764,100.0,,0.0,0.0,0.0,0.0,0.0,0.0,0.0,0.0,0.0,0.0,0.0,0.0,0.0,20000.0
18529,T33UWP_20000_26,S2B_MSIL2A_20230701T094549_R079_T33UWP_20230701T152448,50,,0.0,0.0,0.0,0.0,0.0,0.0,0.0,0.085,99.915,0.0,0.0,160000,0,0.0,20000.000000000233,20000.0,0.865966796875,100.0,,0.0,0.0,0.0,0.0,0.0,0.0,0.0,0.0006000000000000033,-0.0005999999999914962,0.0,0.0,0.0,0.0,20000.0
18542,T33UWP_20000_26,S2B_MSIL2A_20230701T094549_R079_T33UWP_20230701T152448,100,,0.0,0.0,0.0,0.0,0.0,0.0,0.0,0.0925,99.9075,0.0,0.0,40000,0,0.0,20000.000000000233,20000.0,0.8477871417999268,100.0,,0.0,0.0,0.0,0.0,0.0,0.0,0.0,0.008099999999999996,-0.008099999999998886,0.0,0.0,0.0,0.0,20000.0
18555,T33UWP_20000_26,S2B_MSIL2A_20230701T094549_R079_T33UWP_20230701T152448,200,,0.0,0.0,0.0,0.0,0.0,0.0,0.0,0.07,99.93,0.0,0.0,10000,0,0.0,20000.000000000233,20000.0,0.7722988128662109,100.0,,0.0,0.0,0.0,0.0,0.0,0.0,0.0,-0.014399999999999996,0.014400000000009072,0.0,0.0,0.0,0.0,20000.0
18568,T33UWP_20000_26,S2B_MSIL2A_20230701T094549_R079_T33UWP_20230701T152448,500,,0.0,0.0,0.0,0.0,0.0,0.0,0.0,0.125,99.875,0.0,0.0,1600,0,0.0,20000.000000000233,20000.0,0.78829026222229,100.0,,0.0,0.0,0.0,0.0,0.0,0.0,0.0,0.0406,-0.04059999999999775,0.0,0.0,0.0,0.0,20000.0
18581,T33UWP_20000_26,S2B_MSIL2A_20230701T094549_R079_T33UWP_20230701T152448,1000,,0.0,0.0,0.0,0.0,0.0,0.0,0.0,0.25,99.75,0.0,0.0,400,0,0.0,20000.000000000233,20000.0,0.7394332885742188,100.0,,0.0,0.0,0.0,0.0,0.0,0.0,0.0,0.1656,-0.16559999999999775,0.0,0.0,0.0,0.0,20000.0
18584,T33UWP_20000_27,S2A_MSIL2A_20230606T095031_R079_T33UWP_20230606T162616,20,,0.0,0.0,0.04,0.136,0.585,0.0367,1.2126,4.9092,93.0805,0.0,0.0,1000000,0,0.0,20000.000000000233,20000.0,1.0732393264770508,97.9897,,0.0,0.0,0.0,0.0,0.0,0.0,0.0,0.0,0.0,0.0,0.0,0.0,0.0,20000.0
18597,T33UWP_20000_27,S2A_MSIL2A_20230606T095031_R079_T33UWP_20230606T162616,50,,0.0,0.0,0.041875,0.129375,0.593125,0.036875,1.215625,4.911875,93.07125,0.0,0.0,160000,0,0.0,20000.000000000233,20000.0,0.8297173976898193,97.983125,,0.0,0.0,0.0018750000000000017,-0.00662500000000002,0.008125000000000049,0.0001749999999999946,0.0030250000000000554,0.002674999999999983,-0.00924999999999443,0.0,0.0,-0.006574999999997999,0.008125000000000049,20000.0
18610,T33UWP_20000_27,S2A_MSIL2A_20230606T095031_R079_T33UWP_20230606T162616,100,,0.0,0.0,0.0375,0.125,0.59,0.04,1.2375,4.9025,93.0675,0.0,0.0,40000,0,0.0,20000.000000000233,20000.0,0.7913174629211426,97.97,,0.0,0.0,-0.0025000000000000022,-0.01100000000000001,0.0050000000000000044,0.0032999999999999974,0.024900000000000144,-0.006700000000000372,-0.01300000000000523,0.0,0.0,-0.019700000000000273,0.024900000000000144,20000.0
18623,T33UWP_20000_27,S2A_MSIL2A_20230606T095031_R079_T33UWP_20230606T162616,200,,0.0,0.0,0.04,0.19,0.56,0.04,1.15,5.03,92.99,0.0,0.0,10000,0,0.0,20000.000000000233,20000.0,0.7598786354064941,98.02,,0.0,0.0,0.0,0.05399999999999999,-0.02499999999999991,0.0032999999999999974,-0.06259999999999999,0.12080000000000002,-0.0905000000000058,0.0,0.0,0.030299999999996885,0.06259999999999999,20000.0
18636,T33UWP_20000_27,S2A_MSIL2A_20230606T095031_R079_T33UWP_20230606T162616,500,,0.0,0.0,0.0,0.1875,0.4375,0.0625,1.4375,4.25,93.625,0.0,0.0,1600,0,0.0,20000.000000000233,20000.0,0.7630548477172852,97.875,,0.0,0.0,-0.04,0.05149999999999999,-0.14749999999999996,0.025799999999999997,0.2249000000000001,-0.6592000000000002,0.5444999999999993,0.0,0.0,-0.11469999999999914,0.2249000000000001,20000.0
18649,T33UWP_20000_27,S2A_MSIL2A_20230606T095031_R079_T33UWP_20230606T162616,1000,,0.0,0.0,0.0,0.0,0.5,0.0,1.75,6.0,91.75,0.0,0.0,400,0,0.0,20000.000000000233,20000.0,0.7888319492340088,97.75,,0.0,0.0,-0.04,-0.136,-0.08499999999999996,-0.0367,0.5374000000000001,1.0907999999999998,-1.3305000000000007,0.0,0.0,-0.23969999999999914,0.5374000000000001,20000.0
18585,T33UWP_20000_27,S2A_MSIL2A_20230609T100031_R122_T33UWP_20230609T173715,20,,0.0,0.0,0.0,0.0,0.0,0.0,0.0,16.7267,82.6889,0.5844,0.0,1000000,0,0.0,20000.000000000233,20000.0,1.0732393264770508,100.00000000000001,,0.0,0.0,0.0,0.0,0.0,0.0,0.0,0.0,0.0,0.0,0.0,0.0,0.0,20000.0
18598,T33UWP_20000_27,S2A_MSIL2A_20230609T100031_R122_T33UWP_20230609T173715,50,,0.0,0.0,0.0,0.0,0.0,0.0,0.0,16.7375,82.6925,0.57,0.0,160000,0,0.0,20000.000000000233,20000.0,0.8297173976898193,99.99999999999999,,0.0,0.0,0.0,0.0,0.0,0.0,0.0,0.010799999999999699,0.00359999999999161,-0.01440000000000008,0.0,-2.842170943040401e-14,2.842170943040401e-14,20000.0
18611,T33UWP_20000_27,S2A_MSIL2A_20230609T100031_R122_T33UWP_20230609T173715,100,,0.0,0.0,0.0,0.0,0.0,0.0,0.0,16.7675,82.625,0.6075,0.0,40000,0,0.0,20000.000000000233,20000.0,0.7913174629211426,100.0,,0.0,0.0,0.0,0.0,0.0,0.0,0.0,0.04079999999999728,-0.06390000000000384,0.02310000000000001,0.0,-1.4210854715202004e-14,1.4210854715202004e-14,20000.0
18624,T33UWP_20000_27,S2A_MSIL2A_20230609T100031_R122_T33UWP_20230609T173715,200,,0.0,0.0,0.0,0.0,0.0,0.0,0.0,16.44,82.98,0.58,0.0,10000,0,0.0,20000.000000000233,20000.0,0.7598786354064941,100.0,,0.0,0.0,0.0,0.0,0.0,0.0,0.0,-0.28669999999999973,0.29110000000000014,-0.0044000000000000705,0.0,-1.4210854715202004e-14,1.4210854715202004e-14,20000.0
18637,T33UWP_20000_27,S2A_MSIL2A_20230609T100031_R122_T33UWP_20230609T173715,500,,0.0,0.0,0.0,0.0,0.0,0.0,0.0,16.75,82.875,0.375,0.0,1600,0,0.0,20000.000000000233,20000.0,0.7630548477172852,100.0,,0.0,0.0,0.0,0.0,0.0,0.0,0.0,0.023299999999998988,0.18609999999999616,-0.20940000000000003,0.0,-1.4210854715202004e-14,1.4210854715202004e-14,20000.0
18650,T33UWP_20000_27,S2A_MSIL2A_20230609T100031_R122_T33UWP_20230609T173715,1000,,0.0,0.0,0.0,0.0,0.0,0.0,0.0,17.75,81.5,0.75,0.0,400,0,0.0,20000.000000000233,20000.0,0.7888319492340088,100.0,,0.0,0.0,0.0,0.0,0.0,0.0,0.0,1.023299999999999,-1.1889000000000038,0.16559999999999997,0.0,-1.4210854715202004e-14,1.4210854715202004e-14,20000.0
18588,T33UWP_20000_27,S2A_MSIL2A_20230616T095031_R079_T33UWP_20230616T172735,20,,0.0,0.0341,1.9201,74.0026,19.0167,1.9253,0.2448,1.536,1.2646,0.0558,0.0,1000000,0,0.0,20000.000000000233,20000.0,1.0732393264770508,2.8564000000000003,,0.0,0.0,0.0,0.0,0.0,0.0,0.0,0.0,0.0,0.0,0.0,0.0,0.0,20000.0
18601,T33UWP_20000_27,S2A_MSIL2A_20230616T095031_R079_T33UWP_20230616T172735,50,,0.0,0.036875,1.925,73.99375,19.020625,1.930625,0.234375,1.541875,1.25875,0.058125,0.0,160000,0,0.0,20000.000000000233,20000.0,0.8297173976898193,2.85875,,0.0,0.0027749999999999997,0.0049000000000001265,-0.008849999999995362,0.003924999999998846,0.005325000000000024,-0.01042499999999999,0.005875000000000075,-0.005849999999999911,0.0023250000000000007,0.0,0.002349999999999852,0.01042499999999999,20000.0
18614,T33UWP_20000_27,S2A_MSIL2A_20230616T095031_R079_T33UWP_20230616T172735,100,,0.0,0.0425,1.9375,74.02,19.0375,1.91,0.22,1.585,1.2,0.0475,0.0,40000,0,0.0,20000.000000000233,20000.0,0.7913174629211426,2.8325,,0.0,0.008400000000000005,0.017400000000000082,0.017399999999994975,0.020800000000001262,-0.015300000000000091,-0.02479999999999999,0.04899999999999993,-0.06459999999999999,-0.008300000000000002,0.0,-0.023900000000000254,0.02479999999999999,20000.0
18627,T33UWP_20000_27,S2A_MSIL2A_20230616T095031_R079_T33UWP_20230616T172735,200,,0.0,0.04,1.89,73.8,19.31,1.88,0.27,1.49,1.27,0.05,0.0,10000,0,0.0,20000.000000000233,20000.0,0.7598786354064941,2.8099999999999996,,0.0,0.0059000000000000025,-0.030100000000000016,-0.2026000000000039,0.29329999999999856,-0.04530000000000012,0.025200000000000028,-0.04600000000000004,0.005400000000000071,-0.0058,0.0,-0.04640000000000066,0.29329999999999856,20000.0
18640,T33UWP_20000_27,S2A_MSIL2A_20230616T095031_R079_T33UWP_20230616T172735,500,,0.0,0.0,1.9375,74.4375,18.5,1.875,0.25,1.5625,1.375,0.0625,0.0,1600,0,0.0,20000.000000000233,20000.0,0.7630548477172852,3.0,,0.0,-0.0341,0.017400000000000082,0.43489999999999895,-0.5167000000000002,-0.05030000000000001,0.00520000000000001,0.026499999999999968,0.11040000000000005,0.006699999999999998,0.0,0.14359999999999973,0.5167000000000002,20000.0
18653,T33UWP_20000_27,S2A_MSIL2A_20230616T095031_R079_T33UWP_20230616T172735,1000,,0.0,0.0,2.5,74.75,18.0,2.0,0.25,1.25,1.25,0.0,0.0,400,0,0.0,20000.000000000233,20000.0,0.7888319492340088,2.5,,0.0,-0.0341,0.5799000000000001,0.747399999999999,-1.0167000000000002,0.07469999999999999,0.00520000000000001,-0.28600000000000003,-0.014599999999999946,-0.0558,0.0,-0.35640000000000027,1.0167000000000002,20000.0
18589,T33UWP_20000_27,S2A_MSIL2A_20230619T100031_R122_T33UWP_20230619T172742,20,,0.0,0.011,0.0658,57.2632,12.757,1.4993,2.9823,5.2418,0.9035,19.2761,0.0,1000000,0,0.0,20000.000000000233,20000.0,1.0732393264770508,25.4214,,0.0,0.0,0.0,0.0,0.0,0.0,0.0,0.0,0.0,0.0,0.0,0.0,0.0,20000.0
18602,T33UWP_20000_27,S2A_MSIL2A_20230619T100031_R122_T33UWP_20230619T172742,50,,0.0,0.013125,0.065625,57.226875,12.785625,1.50375,2.9925,5.253125,0.913125,19.24625,0.0,160000,0,0.0,20000.000000000233,20000.0,0.8297173976898193,25.4125,,0.0,0.002125,-0.0001749999999999946,-0.03632499999999794,0.0286249999999999,0.004449999999999843,0.010200000000000209,0.011325000000000252,0.009624999999999995,-0.02984999999999971,0.0,-0.008899999999997021,0.03632499999999794,20000.0
18615,T33UWP_20000_27,S2A_MSIL2A_20230619T100031_R122_T33UWP_20230619T172742,100,,0.0,0.015,0.065,57.1725,12.89,1.4675,2.85,5.2775,0.915,19.3475,0.0,40000,0,0.0,20000.000000000233,20000.0,0.7913174629211426,25.54,,0.0,0.004,-0.0007999999999999952,-0.09069999999999823,0.1330000000000009,-0.03180000000000005,-0.13229999999999986,0.03570000000000029,0.011500000000000066,0.07140000000000057,0.0,0.1186000000000007,0.1330000000000009,20000.0
18628,T33UWP_20000_27,S2A_MSIL2A_20230619T100031_R122_T33UWP_20230619T172742,200,,0.0,0.01,0.06,57.28,12.51,1.39,3.04,5.18,0.83,19.7,0.0,10000,0,0.0,20000.000000000233,20000.0,0.7598786354064941,25.71,,0.0,-0.0009999999999999992,-0.0058,0.01680000000000348,-0.2469999999999999,-0.10930000000000017,0.057700000000000085,-0.061799999999999855,-0.07350000000000001,0.4238999999999997,0.0,0.2886000000000024,0.2886000000000024,20000.0
18641,T33UWP_20000_27,S2A_MSIL2A_20230619T100031_R122_T33UWP_20230619T172742,500,,0.0,0.0,0.125,57.375,13.5,1.5625,3.0625,4.9375,0.875,18.5625,0.0,1600,0,0.0,20000.000000000233,20000.0,0.7630548477172852,24.375,,0.0,-0.011,0.0592,0.11180000000000234,0.7430000000000003,0.06319999999999992,0.08020000000000005,-0.30429999999999957,-0.02849999999999997,-0.7135999999999996,0.0,-1.0463999999999984,1.0463999999999984,20000.0
18654,T33UWP_20000_27,S2A_MSIL2A_20230619T100031_R122_T33UWP_20230619T172742,1000,,0.0,0.0,0.25,60.0,12.25,1.75,2.0,6.0,0.0,17.75,0.0,400,0,0.0,20000.000000000233,20000.0,0.7888319492340088,23.75,,0.0,-0.011,0.1842,2.7368000000000023,-0.5069999999999997,0.2506999999999999,-0.9823,0.7582000000000004,-0.9035,-1.5260999999999996,0.0,-1.6713999999999984,2.7368000000000023,20000.0
18592,T33UWP_20000_27,S2A_MSIL2A_20230626T095031_R079_T33UWP_20230626T161132,20,,0.0,0.0287,0.0737,85.0317,12.7098,1.95,0.1281,0.0628,0.0152,0.0,0.0,1000000,0,0.0,20000.000000000233,20000.0,1.0732393264770508,0.078,,0.0,0.0,0.0,0.0,0.0,0.0,0.0,0.0,0.0,0.0,0.0,0.0,0.0,20000.0
18605,T33UWP_20000_27,S2A_MSIL2A_20230626T095031_R079_T33UWP_20230626T161132,50,,0.0,0.031875,0.07375,85.0075,12.74125,1.948125,0.119375,0.0625,0.015625,0.0,0.0,160000,0,0.0,20000.000000000233,20000.0,0.8297173976898193,0.078125,,0.0,0.0031750000000000007,4.999999999999449e-05,-0.02420000000000755,0.03145000000000131,-0.001874999999999849,-0.008724999999999997,-0.0002999999999999947,0.00042500000000000003,0.0,0.0,0.0001250000000000001,0.03145000000000131,20000.0
18618,T33UWP_20000_27,S2A_MSIL2A_20230626T095031_R079_T33UWP_20230626T161132,100,,0.0,0.04,0.0775,84.995,12.765,1.93,0.1125,0.065,0.015,0.0,0.0,40000,0,0.0,20000.000000000233,20000.0,0.7913174629211426,0.08,,0.0,0.011300000000000001,0.003799999999999998,-0.03669999999999618,0.055200000000001026,-0.020000000000000018,-0.015599999999999989,0.0022000000000000075,-0.00020000000000000052,0.0,0.0,0.0020000000000000018,0.055200000000001026,20000.0
18631,T33UWP_20000_27,S2A_MSIL2A_20230626T095031_R079_T33UWP_20230626T161132,200,,0.0,0.03,0.08,85.0,12.84,1.86,0.11,0.07,0.01,0.0,0.0,10000,0,0.0,20000.000000000233,20000.0,0.7598786354064941,0.08,,0.0,0.001299999999999999,0.0063,-0.03170000000000073,0.13020000000000032,-0.08999999999999986,-0.01809999999999999,0.007200000000000012,-0.0052,0.0,0.0,0.0020000000000000018,0.13020000000000032,20000.0
18644,T33UWP_20000_27,S2A_MSIL2A_20230626T095031_R079_T33UWP_20230626T161132,500,,0.0,0.0,0.0625,85.25,12.75,1.875,0.0625,0.0,0.0,0.0,0.0,1600,0,0.0,20000.000000000233,20000.0,0.7630548477172852,0.0,,0.0,-0.0287,-0.011200000000000002,0.21829999999999927,0.04020000000000046,-0.07499999999999996,-0.06559999999999999,-0.0628,-0.0152,0.0,0.0,-0.078,0.21829999999999927,20000.0
18657,T33UWP_20000_27,S2A_MSIL2A_20230626T095031_R079_T33UWP_20230626T161132,1000,,0.0,0.0,0.25,86.75,11.0,2.0,0.0,0.0,0.0,0.0,0.0,400,0,0.0,20000.000000000233,20000.0,0.7888319492340088,0.0,,0.0,-0.0287,0.1763,1.7182999999999993,-1.7097999999999995,0.050000000000000044,-0.1281,-0.0628,-0.0152,0.0,0.0,-0.078,1.7182999999999993,20000.0
18593,T33UWP_20000_27,S2A_MSIL2A_20230629T100031_R122_T33UWP_20230629T191411,20,,0.0,0.0286,4.5813,77.8966,11.1227,1.9384,0.3388,2.8539,1.2297,0.01,0.0,1000000,0,0.0,20000.000000000233,20000.0,1.0732393264770508,4.0935999999999995,,0.0,0.0,0.0,0.0,0.0,0.0,0.0,0.0,0.0,0.0,0.0,0.0,0.0,20000.0
18606,T33UWP_20000_27,S2A_MSIL2A_20230629T100031_R122_T33UWP_20230629T191411,50,,0.0,0.031875,4.579375,77.854375,11.166875,1.936875,0.341875,2.85625,1.221875,0.010625,0.0,160000,0,0.0,20000.000000000233,20000.0,0.8297173976898193,4.08875,,0.0,0.003275,-0.0019249999999999545,-0.042225000000001955,0.04417499999999919,-0.0015249999999999986,0.0030749999999999944,0.0023500000000002963,-0.007824999999999971,0.0006250000000000006,0.0,-0.004849999999999355,0.04417499999999919,20000.0
18619,T33UWP_20000_27,S2A_MSIL2A_20230629T100031_R122_T33UWP_20230629T191411,100,,0.0,0.0425,4.5375,77.955,11.145,1.9325,0.3375,2.8375,1.2075,0.005,0.0,40000,0,0.0,20000.000000000233,20000.0,0.7913174629211426,4.05,,0.0,0.013900000000000003,-0.04380000000000006,0.05839999999999179,0.022299999999999542,-0.005899999999999794,-0.0012999999999999678,-0.01639999999999997,-0.022199999999999998,-0.005,0.0,-0.04359999999999964,0.05839999999999179,20000.0
18632,T33UWP_20000_27,S2A_MSIL2A_20230629T100031_R122_T33UWP_20230629T191411,200,,0.0,0.04,4.68,77.83,11.07,1.88,0.33,2.98,1.18,0.01,0.0,10000,0,0.0,20000.000000000233,20000.0,0.7598786354064941,4.17,,0.0,0.0114,0.09870000000000001,-0.06660000000000821,-0.05269999999999975,-0.05840000000000001,-0.008799999999999975,0.1261000000000001,-0.04970000000000008,0.0,0.0,0.07640000000000047,0.09870000000000001,20000.0
18645,T33UWP_20000_27,S2A_MSIL2A_20230629T100031_R122_T33UWP_20230629T191411,500,,0.0,0.0,4.5,77.3125,11.6875,1.875,0.25,2.875,1.5,0.0,0.0,1600,0,0.0,20000.000000000233,20000.0,0.7630548477172852,4.375,,0.0,-0.0286,-0.0812999999999997,-0.5841000000000065,0.5648,-0.0633999999999999,-0.08879999999999999,0.02110000000000012,0.2703,-0.01,0.0,0.28140000000000054,0.5841000000000065,20000.0
18658,T33UWP_20000_27,S2A_MSIL2A_20230629T100031_R122_T33UWP_20230629T191411,1000,,0.0,0.0,5.0,78.5,8.5,2.0,0.0,3.75,2.25,0.0,0.0,400,0,0.0,20000.000000000233,20000.0,0.7888319492340088,6.0,,0.0,-0.0286,0.4187000000000003,0.6033999999999935,-2.6227,0.0616000000000001,-0.3388,0.8961000000000001,1.0203,-0.01,0.0,1.9064000000000005,2.6227,20000.0
18582,T33UWP_20000_27,S2B_MSIL2A_20230601T094549_R079_T33UWP_20230601T163321,20,,0.0,0.0349,0.0281,68.4211,28.0478,1.5187,0.1369,0.0171,0.0017,1.7937,0.0,1000000,0,0.0,20000.000000000233,20000.0,1.0732393264770508,1.8125,,0.0,0.0,0.0,0.0,0.0,0.0,0.0,0.0,0.0,0.0,0.0,0.0,0.0,20000.0
18595,T33UWP_20000_27,S2B_MSIL2A_20230601T094549_R079_T33UWP_20230601T163321,50,,0.0,0.040625,0.030625,68.4425,28.019375,1.51625,0.129375,0.0175,0.001875,1.801875,0.0,160000,0,0.0,20000.000000000233,20000.0,0.8297173976898193,1.8212499999999998,,0.0,0.005725000000000001,0.0025249999999999995,0.021399999999999864,-0.02842499999999859,-0.002449999999999841,-0.007525000000000004,0.00040000000000000105,0.00017500000000000003,0.008174999999999821,0.0,0.008749999999999813,0.02842499999999859,20000.0
18608,T33UWP_20000_27,S2B_MSIL2A_20230601T094549_R079_T33UWP_20230601T163321,100,,0.0,0.0375,0.03,68.5875,27.8875,1.5025,0.135,0.025,0.0,1.795,0.0,40000,0,0.0,20000.000000000233,20000.0,0.7913174629211426,1.8199999999999998,,0.0,0.002599999999999998,0.001899999999999999,0.1664000000000101,-0.16029999999999944,-0.016199999999999992,-0.001899999999999985,0.0079,-0.0017,0.0012999999999998568,0.0,0.00749999999999984,0.1664000000000101,20000.0
18621,T33UWP_20000_27,S2B_MSIL2A_20230601T094549_R079_T33UWP_20230601T163321,200,,0.0,0.05,0.02,68.48,27.95,1.45,0.18,0.0,0.0,1.87,0.0,10000,0,0.0,20000.000000000233,20000.0,0.7598786354064941,1.87,,0.0,0.015100000000000002,-0.0081,0.05890000000000839,-0.09779999999999944,-0.06869999999999998,0.0431,-0.0171,-0.0017,0.07630000000000003,0.0,0.05750000000000011,0.09779999999999944,20000.0
18634,T33UWP_20000_27,S2B_MSIL2A_20230601T094549_R079_T33UWP_20230601T163321,500,,0.0,0.0,0.125,67.1875,29.125,1.5,0.0625,0.0625,0.0625,1.875,0.0,1600,0,0.0,20000.000000000233,20000.0,0.7630548477172852,2.0,,0.0,-0.0349,0.0969,-1.2335999999999956,1.0772000000000013,-0.01869999999999994,-0.0744,0.045399999999999996,0.0608,0.08129999999999993,0.0,0.1875,1.2335999999999956,20000.0
18647,T33UWP_20000_27,S2B_MSIL2A_20230601T094549_R079_T33UWP_20230601T163321,1000,,0.0,0.0,0.0,70.5,26.5,1.25,0.0,0.0,0.0,1.75,0.0,400,0,0.0,20000.000000000233,20000.0,0.7888319492340088,1.75,,0.0,-0.0349,-0.0281,2.0789000000000044,-1.5477999999999987,-0.26869999999999994,-0.1369,-0.0171,-0.0017,-0.04370000000000007,0.0,-0.0625,2.0789000000000044,20000.0
18583,T33UWP_20000_27,S2B_MSIL2A_20230604T095559_R122_T33UWP_20230604T174403,20,,0.0,0.0111,2.088,27.7435,10.8861,1.3605,1.7039,15.9102,22.2355,18.0612,0.0,1000000,0,0.0,20000.000000000233,20000.0,1.0732393264770508,56.2069,,0.0,0.0,0.0,0.0,0.0,0.0,0.0,0.0,0.0,0.0,0.0,0.0,0.0,20000.0
18596,T33UWP_20000_27,S2B_MSIL2A_20230604T095559_R122_T33UWP_20230604T174403,50,,0.0,0.015,2.09,27.79875,10.820625,1.36,1.695,15.933125,22.233125,18.054375,0.0,160000,0,0.0,20000.000000000233,20000.0,0.8297173976898193,56.220625000000005,,0.0,0.003899999999999999,0.0019999999999997797,0.05524999999999736,-0.06547500000000106,-0.0004999999999999449,-0.008899999999999908,0.02292500000000075,-0.0023749999999971294,-0.006824999999999193,0.0,0.01372500000000798,0.06547500000000106,20000.0
18609,T33UWP_20000_27,S2B_MSIL2A_20230604T095559_R122_T33UWP_20230604T174403,100,,0.0,0.0175,2.0775,27.79,10.845,1.37,1.72,15.885,22.2125,18.0825,0.0,40000,0,0.0,20000.000000000233,20000.0,0.7913174629211426,56.17999999999999,,0.0,0.006400000000000001,-0.010499999999999954,0.04649999999999821,-0.041100000000000136,0.009500000000000064,0.016100000000000003,-0.02519999999999989,-0.022999999999999687,0.021300000000000097,0.0,-0.02690000000000481,0.04649999999999821,20000.0
18622,T33UWP_20000_27,S2B_MSIL2A_20230604T095559_R122_T33UWP_20230604T174403,200,,0.0,0.01,2.11,27.59,10.63,1.32,1.78,15.94,22.63,17.99,0.0,10000,0,0.0,20000.000000000233,20000.0,0.7598786354064941,56.56,,0.0,-0.0011000000000000003,0.021999999999999797,-0.15350000000000108,-0.2561,-0.04049999999999998,0.07610000000000006,0.029799999999999827,0.39450000000000074,-0.07120000000000104,0.0,0.35310000000000485,0.35310000000000485,20000.0
18635,T33UWP_20000_27,S2B_MSIL2A_20230604T095559_R122_T33UWP_20230604T174403,500,,0.0,0.0,2.25,26.9375,11.3125,1.1875,1.6875,15.5,22.125,19.0,0.0,1600,0,0.0,20000.000000000233,20000.0,0.7630548477172852,56.625,,0.0,-0.0111,0.16199999999999992,-0.8060000000000009,0.4263999999999992,-0.17300000000000004,-0.01639999999999997,-0.4101999999999997,-0.11049999999999827,0.9388000000000005,0.0,0.4181000000000026,0.8060000000000009,20000.0
18648,T33UWP_20000_27,S2B_MSIL2A_20230604T095559_R122_T33UWP_20230604T174403,1000,,0.0,0.0,2.5,28.25,10.0,1.5,2.0,15.75,22.25,17.75,0.0,400,0,0.0,20000.000000000233,20000.0,0.7888319492340088,55.75,,0.0,-0.0111,0.4119999999999999,0.5064999999999991,-0.8861000000000008,0.13949999999999996,0.29610000000000003,-0.16019999999999968,0.014500000000001734,-0.3111999999999995,0.0,-0.4568999999999974,0.8861000000000008,20000.0
18586,T33UWP_20000_27,S2B_MSIL2A_20230611T094549_R079_T33UWP_20230611T135320,20,,0.0,0.0,0.0,0.0,0.0004,0.0002,0.0,0.0822,99.9172,0.0,0.0,1000000,0,0.0,20000.000000000233,20000.0,1.0732393264770508,99.9994,,0.0,0.0,0.0,0.0,0.0,0.0,0.0,0.0,0.0,0.0,0.0,0.0,0.0,20000.0
18599,T33UWP_20000_27,S2B_MSIL2A_20230611T094549_R079_T33UWP_20230611T135320,50,,0.0,0.0,0.0,0.0,0.00125,0.0,0.0,0.0775,99.92125,0.0,0.0,160000,0,0.0,20000.000000000233,20000.0,0.8297173976898193,99.99875,,0.0,0.0,0.0,0.0,0.0008500000000000001,-0.0002,0.0,-0.004699999999999996,0.004050000000006548,0.0,0.0,-0.000649999999993156,0.0008500000000000001,20000.0
18612,T33UWP_20000_27,S2B_MSIL2A_20230611T094549_R079_T33UWP_20230611T135320,100,,0.0,0.0,0.0,0.0,0.0,0.0,0.0,0.08,99.92,0.0,0.0,40000,0,0.0,20000.000000000233,20000.0,0.7913174629211426,100.0,,0.0,0.0,0.0,0.0,-0.0004,-0.0002,0.0,-0.0021999999999999936,0.0028000000000076852,0.0,0.0,0.0006000000000057071,0.0006000000000057071,20000.0
18625,T33UWP_20000_27,S2B_MSIL2A_20230611T094549_R079_T33UWP_20230611T135320,200,,0.0,0.0,0.0,0.0,0.0,0.0,0.0,0.08,99.92,0.0,0.0,10000,0,0.0,20000.000000000233,20000.0,0.7598786354064941,100.0,,0.0,0.0,0.0,0.0,-0.0004,-0.0002,0.0,-0.0021999999999999936,0.0028000000000076852,0.0,0.0,0.0006000000000057071,0.0006000000000057071,20000.0
18638,T33UWP_20000_27,S2B_MSIL2A_20230611T094549_R079_T33UWP_20230611T135320,500,,0.0,0.0,0.0,0.0,0.0,0.0,0.0,0.0625,99.9375,0.0,0.0,1600,0,0.0,20000.000000000233,20000.0,0.7630548477172852,100.0,,0.0,0.0,0.0,0.0,-0.0004,-0.0002,0.0,-0.019699999999999995,0.02030000000000598,0.0,0.0,0.0006000000000057071,0.0006000000000057071,20000.0
18651,T33UWP_20000_27,S2B_MSIL2A_20230611T094549_R079_T33UWP_20230611T135320,1000,,0.0,0.0,0.0,0.0,0.0,0.0,0.0,0.0,100.0,0.0,0.0,400,0,0.0,20000.000000000233,20000.0,0.7888319492340088,100.0,,0.0,0.0,0.0,0.0,-0.0004,-0.0002,0.0,-0.0822,0.08280000000000598,0.0,0.0,0.0006000000000057071,0.0006000000000057071,20000.0
18587,T33UWP_20000_27,S2B_MSIL2A_20230614T095559_R122_T33UWP_20230614T142248,20,,0.0,0.032,3.8073,71.4199,18.2465,1.7215,0.2558,2.768,1.7422,0.0068,0.0,1000000,0,0.0,20000.000000000233,20000.0,1.0732393264770508,4.5169999999999995,,0.0,0.0,0.0,0.0,0.0,0.0,0.0,0.0,0.0,0.0,0.0,0.0,0.0,20000.0
18600,T33UWP_20000_27,S2B_MSIL2A_20230614T095559_R122_T33UWP_20230614T142248,50,,0.0,0.03625,3.803125,71.39875,18.276875,1.7125,0.25375,2.769375,1.74375,0.005625,0.0,160000,0,0.0,20000.000000000233,20000.0,0.8297173976898193,4.518750000000001,,0.0,0.004249999999999997,-0.00417500000000004,-0.021149999999991564,0.030374999999999375,-0.009000000000000119,-0.0020500000000000518,0.0013750000000003482,0.0015499999999999403,-0.0011749999999999998,0.0,0.0017500000000012506,0.030374999999999375,20000.0
18613,T33UWP_20000_27,S2B_MSIL2A_20230614T095559_R122_T33UWP_20230614T142248,100,,0.0,0.045,3.835,71.5325,18.08,1.7025,0.265,2.7625,1.7775,0.0,0.0,40000,0,0.0,20000.000000000233,20000.0,0.7913174629211426,4.54,,0.0,0.012999999999999998,0.027699999999999836,0.11260000000000048,-0.16650000000000276,-0.019000000000000128,0.009199999999999986,-0.005499999999999616,0.03530000000000011,-0.0068,0.0,0.023000000000000576,0.16650000000000276,20000.0
18626,T33UWP_20000_27,S2B_MSIL2A_20230614T095559_R122_T33UWP_20230614T142248,200,,0.0,0.03,3.74,71.49,18.41,1.69,0.28,2.64,1.72,0.0,0.0,10000,0,0.0,20000.000000000233,20000.0,0.7598786354064941,4.36,,0.0,-0.0020000000000000018,-0.06729999999999992,0.0700999999999965,0.1634999999999991,-0.031500000000000083,0.0242,-0.12799999999999967,-0.022199999999999998,-0.0068,0.0,-0.15699999999999914,0.1634999999999991,20000.0
18639,T33UWP_20000_27,S2B_MSIL2A_20230614T095559_R122_T33UWP_20230614T142248,500,,0.0,0.0,3.5625,71.25,18.75,1.8125,0.125,2.9375,1.5625,0.0,0.0,1600,0,0.0,20000.000000000233,20000.0,0.7630548477172852,4.5,,0.0,-0.032,-0.24480000000000013,-0.16989999999999839,0.503499999999999,0.09099999999999997,-0.13080000000000003,0.1695000000000002,-0.17969999999999997,-0.0068,0.0,-0.01699999999999946,0.503499999999999,20000.0
18652,T33UWP_20000_27,S2B_MSIL2A_20230614T095559_R122_T33UWP_20230614T142248,1000,,0.0,0.0,4.75,73.5,16.5,2.0,0.0,1.25,2.0,0.0,0.0,400,0,0.0,20000.000000000233,20000.0,0.7888319492340088,3.25,,0.0,-0.032,0.9426999999999999,2.0801000000000016,-1.746500000000001,0.27849999999999997,-0.2558,-1.5179999999999998,0.25780000000000003,-0.0068,0.0,-1.2669999999999995,2.0801000000000016,20000.0
18590,T33UWP_20000_27,S2B_MSIL2A_20230621T094549_R079_T33UWP_20230621T143955,20,,0.0,0.018,0.0143,53.9894,8.8795,1.3318,0.0975,6.4665,0.0512,29.1518,0.0,1000000,0,0.0,20000.000000000233,20000.0,1.0732393264770508,35.6695,,0.0,0.0,0.0,0.0,0.0,0.0,0.0,0.0,0.0,0.0,0.0,0.0,0.0,20000.0
18603,T33UWP_20000_27,S2B_MSIL2A_20230621T094549_R079_T33UWP_20230621T143955,50,,0.0,0.02,0.014375,53.98875,8.878125,1.333125,0.0925,6.47,0.051875,29.15125,0.0,160000,0,0.0,20000.000000000233,20000.0,0.8297173976898193,35.673125,,0.0,0.0020000000000000018,7.500000000000041e-05,-0.0006500000000002615,-0.00137499999999946,0.0013249999999997986,-0.0050000000000000044,0.0034999999999998366,0.000674999999999995,-0.0005500000000004945,0.0,0.0036249999999995453,0.0050000000000000044,20000.0
18616,T33UWP_20000_27,S2B_MSIL2A_20230621T094549_R079_T33UWP_20230621T143955,100,,0.0,0.0225,0.015,54.065,8.8075,1.315,0.09,6.4925,0.0475,29.145,0.0,40000,0,0.0,20000.000000000233,20000.0,0.7913174629211426,35.685,,0.0,0.0045000000000000005,0.0006999999999999992,0.07559999999999434,-0.07200000000000095,-0.016800000000000148,-0.007500000000000007,0.0259999999999998,-0.003700000000000002,-0.006800000000001916,0.0,0.015500000000002956,0.07559999999999434,20000.0
18629,T33UWP_20000_27,S2B_MSIL2A_20230621T094549_R079_T33UWP_20230621T143955,200,,0.0,0.02,0.02,53.92,9.06,1.28,0.15,6.45,0.05,29.05,0.0,10000,0,0.0,20000.000000000233,20000.0,0.7598786354064941,35.55,,0.0,0.0020000000000000018,0.0057,-0.06940000000000168,0.18050000000000033,-0.05180000000000007,0.05249999999999999,-0.016499999999999737,-0.0011999999999999997,-0.10180000000000078,0.0,-0.11950000000000216,0.18050000000000033,20000.0
18642,T33UWP_20000_27,S2B_MSIL2A_20230621T094549_R079_T33UWP_20230621T143955,500,,0.0,0.0,0.0,53.875,8.8125,1.25,0.0,6.375,0.125,29.5625,0.0,1600,0,0.0,20000.000000000233,20000.0,0.7630548477172852,36.0625,,0.0,-0.018,-0.0143,-0.11440000000000339,-0.06700000000000017,-0.0818000000000001,-0.0975,-0.09149999999999991,0.0738,0.4106999999999985,0.0,0.3930000000000007,0.3930000000000007,20000.0
18655,T33UWP_20000_27,S2B_MSIL2A_20230621T094549_R079_T33UWP_20230621T143955,1000,,0.0,0.0,0.0,55.0,8.25,1.5,0.25,6.0,0.0,29.0,0.0,400,0,0.0,20000.000000000233,20000.0,0.7888319492340088,35.0,,0.0,-0.018,-0.0143,1.0105999999999966,-0.6295000000000002,0.1681999999999999,0.1525,-0.4664999999999999,-0.0512,-0.1518000000000015,0.0,-0.6694999999999993,1.0105999999999966,20000.0
18591,T33UWP_20000_27,S2B_MSIL2A_20230624T095559_R122_T33UWP_20230624T142946,20,,0.0,0.0,0.0,0.0,0.0,0.0,0.0,0.0799,99.9201,0.0,0.0,1000000,0,0.0,20000.000000000233,20000.0,1.0732393264770508,100.0,,0.0,0.0,0.0,0.0,0.0,0.0,0.0,0.0,0.0,0.0,0.0,0.0,0.0,20000.0
18604,T33UWP_20000_27,S2B_MSIL2A_20230624T095559_R122_T33UWP_20230624T142946,50,,0.0,0.0,0.0,0.0,0.0,0.0,0.0,0.075,99.925,0.0,0.0,160000,0,0.0,20000.000000000233,20000.0,0.8297173976898193,100.0,,0.0,0.0,0.0,0.0,0.0,0.0,0.0,-0.004900000000000002,0.004899999999992133,0.0,0.0,0.0,0.0,20000.0
18617,T33UWP_20000_27,S2B_MSIL2A_20230624T095559_R122_T33UWP_20230624T142946,100,,0.0,0.0,0.0,0.0,0.0,0.0,0.0,0.0725,99.9275,0.0,0.0,40000,0,0.0,20000.000000000233,20000.0,0.7913174629211426,100.0,,0.0,0.0,0.0,0.0,0.0,0.0,0.0,-0.007400000000000004,0.007399999999989859,0.0,0.0,0.0,0.0,20000.0
18630,T33UWP_20000_27,S2B_MSIL2A_20230624T095559_R122_T33UWP_20230624T142946,200,,0.0,0.0,0.0,0.0,0.0,0.0,0.0,0.07,99.93,0.0,0.0,10000,0,0.0,20000.000000000233,20000.0,0.7598786354064941,100.0,,0.0,0.0,0.0,0.0,0.0,0.0,0.0,-0.009899999999999992,0.009900000000001796,0.0,0.0,0.0,0.0,20000.0
18643,T33UWP_20000_27,S2B_MSIL2A_20230624T095559_R122_T33UWP_20230624T142946,500,,0.0,0.0,0.0,0.0,0.0,0.0,0.0,0.0,100.0,0.0,0.0,1600,0,0.0,20000.000000000233,20000.0,0.7630548477172852,100.0,,0.0,0.0,0.0,0.0,0.0,0.0,0.0,-0.0799,0.07989999999999498,0.0,0.0,0.0,0.0,20000.0
18656,T33UWP_20000_27,S2B_MSIL2A_20230624T095559_R122_T33UWP_20230624T142946,1000,,0.0,0.0,0.0,0.0,0.0,0.0,0.0,0.0,100.0,0.0,0.0,400,0,0.0,20000.000000000233,20000.0,0.7888319492340088,100.0,,0.0,0.0,0.0,0.0,0.0,0.0,0.0,-0.0799,0.07989999999999498,0.0,0.0,0.0,0.0,20000.0
18594,T33UWP_20000_27,S2B_MSIL2A_20230701T094549_R079_T33UWP_20230701T152448,20,,0.0,0.0,0.0388,0.0,0.0,0.0,0.0,3.0518,96.8593,0.0501,0.0,1000000,0,0.0,20000.000000000233,20000.0,1.0732393264770508,99.9612,,0.0,0.0,0.0,0.0,0.0,0.0,0.0,0.0,0.0,0.0,0.0,0.0,0.0,20000.0
18607,T33UWP_20000_27,S2B_MSIL2A_20230701T094549_R079_T33UWP_20230701T152448,50,,0.0,0.0,0.03625,0.0,0.0,0.0,0.0,3.058125,96.85125,0.054375,0.0,160000,0,0.0,20000.000000000233,20000.0,0.8297173976898193,99.96374999999999,,0.0,0.0,-0.0025500000000000037,0.0,0.0,0.0,0.0,0.006324999999999914,-0.008050000000011437,0.004275000000000001,0.0,0.0025499999999851752,0.0025500000000000037,20000.0
18620,T33UWP_20000_27,S2B_MSIL2A_20230701T094549_R079_T33UWP_20230701T152448,100,,0.0,0.0,0.0375,0.0,0.0,0.0,0.0,3.0875,96.825,0.05,0.0,40000,0,0.0,20000.000000000233,20000.0,0.7913174629211426,99.9625,,0.0,0.0,-0.0013000000000000025,0.0,0.0,0.0,0.0,0.03569999999999984,-0.034300000000001774,-9.999999999999593e-05,0.0,0.001300000000000523,0.001300000000000523,20000.0
18633,T33UWP_20000_27,S2B_MSIL2A_20230701T094549_R079_T33UWP_20230701T152448,200,,0.0,0.0,0.04,0.0,0.0,0.0,0.0,2.97,96.94,0.05,0.0,10000,0,0.0,20000.000000000233,20000.0,0.7598786354064941,99.96,,0.0,0.0,0.0011999999999999997,0.0,0.0,0.0,0.0,-0.08179999999999987,0.08069999999999311,-9.999999999999593e-05,0.0,-0.0012000000000114142,0.0012000000000114142,20000.0
18646,T33UWP_20000_27,S2B_MSIL2A_20230701T094549_R079_T33UWP_20230701T152448,500,,0.0,0.0,0.0,0.0,0.0,0.0,0.0,2.3125,97.6875,0.0,0.0,1600,0,0.0,20000.000000000233,20000.0,0.7630548477172852,100.0,,0.0,0.0,-0.0388,0.0,0.0,0.0,0.0,-0.7393000000000001,0.8281999999999954,-0.0501,0.0,0.03879999999999484,0.0388,20000.0
18659,T33UWP_20000_27,S2B_MSIL2A_20230701T094549_R079_T33UWP_20230701T152448,1000,,0.0,0.0,0.0,0.0,0.0,0.0,0.0,3.0,97.0,0.0,0.0,400,0,0.0,20000.000000000233,20000.0,0.7888319492340088,100.0,,0.0,0.0,-0.0388,0.0,0.0,0.0,0.0,-0.05180000000000007,0.14069999999999538,-0.0501,0.0,0.03879999999999484,0.0388,20000.0
18662,T33UWP_20000_28,S2A_MSIL2A_20230606T095031_R079_T33UWP_20230606T162616,20,,0.0,0.0,0.0,0.0,0.0,0.0,0.0,0.2061,99.7939,0.0,0.0,1000000,0,0.0,19999.999999999884,19999.99999999907,1.055734395980835,100.0,,0.0,0.0,0.0,0.0,0.0,0.0,0.0,0.0,0.0,0.0,0.0,0.0,0.0,20000.0
18675,T33UWP_20000_28,S2A_MSIL2A_20230606T095031_R079_T33UWP_20230606T162616,50,,0.0,0.0,0.0,0.0,0.0,0.0,0.0,0.2,99.8,0.0,0.0,160000,0,0.0,19999.999999999884,19999.99999999907,0.754814624786377,100.0,,0.0,0.0,0.0,0.0,0.0,0.0,0.0,-0.006099999999999994,0.006100000000003547,0.0,0.0,0.0,0.0,20000.0
18688,T33UWP_20000_28,S2A_MSIL2A_20230606T095031_R079_T33UWP_20230606T162616,100,,0.0,0.0,0.0,0.0,0.0,0.0,0.0,0.1975,99.8025,0.0,0.0,40000,0,0.0,19999.999999999884,19999.99999999907,0.7850713729858398,100.0,,0.0,0.0,0.0,0.0,0.0,0.0,0.0,-0.008599999999999997,0.008600000000001273,0.0,0.0,0.0,0.0,20000.0
18701,T33UWP_20000_28,S2A_MSIL2A_20230606T095031_R079_T33UWP_20230606T162616,200,,0.0,0.0,0.0,0.0,0.0,0.0,0.0,0.22,99.78,0.0,0.0,10000,0,0.0,19999.999999999884,19999.99999999907,0.8874011039733887,100.0,,0.0,0.0,0.0,0.0,0.0,0.0,0.0,0.013899999999999996,-0.013899999999992474,0.0,0.0,0.0,0.0,20000.0
18714,T33UWP_20000_28,S2A_MSIL2A_20230606T095031_R079_T33UWP_20230606T162616,500,,0.0,0.0,0.0,0.0,0.0,0.0,0.0,0.25,99.75,0.0,0.0,1600,0,0.0,19999.999999999884,19999.99999999907,0.8354871273040771,100.0,,0.0,0.0,0.0,0.0,0.0,0.0,0.0,0.043899999999999995,-0.04389999999999361,0.0,0.0,0.0,0.0,20000.0
18727,T33UWP_20000_28,S2A_MSIL2A_20230606T095031_R079_T33UWP_20230606T162616,1000,,0.0,0.0,0.0,0.0,0.0,0.0,0.0,0.0,100.0,0.0,0.0,400,0,0.0,19999.999999999884,19999.99999999907,0.9796938896179199,100.0,,0.0,0.0,0.0,0.0,0.0,0.0,0.0,-0.2061,0.2061000000000064,0.0,0.0,0.0,0.0,20000.0
18663,T33UWP_20000_28,S2A_MSIL2A_20230609T100031_R122_T33UWP_20230609T173715,20,,0.0,0.0,0.0,0.0,0.0,0.0,0.0,9.0335,90.7044,0.2621,0.0,1000000,0,0.0,19999.999999999884,19999.99999999907,1.055734395980835,100.00000000000001,,0.0,0.0,0.0,0.0,0.0,0.0,0.0,0.0,0.0,0.0,0.0,0.0,0.0,20000.0
18676,T33UWP_20000_28,S2A_MSIL2A_20230609T100031_R122_T33UWP_20230609T173715,50,,0.0,0.0,0.0,0.0,0.0,0.0,0.0,9.063125,90.683125,0.25375,0.0,160000,0,0.0,19999.999999999884,19999.99999999907,0.754814624786377,100.0,,0.0,0.0,0.0,0.0,0.0,0.0,0.0,0.029624999999999346,-0.02127500000000282,-0.008350000000000024,0.0,-1.4210854715202004e-14,1.4210854715202004e-14,20000.0
18689,T33UWP_20000_28,S2A_MSIL2A_20230609T100031_R122_T33UWP_20230609T173715,100,,0.0,0.0,0.0,0.0,0.0,0.0,0.0,9.085,90.6775,0.2375,0.0,40000,0,0.0,19999.999999999884,19999.99999999907,0.7850713729858398,99.99999999999999,,0.0,0.0,0.0,0.0,0.0,0.0,0.0,0.05150000000000077,-0.026900000000011914,-0.02460000000000001,0.0,-2.842170943040401e-14,2.842170943040401e-14,20000.0
18702,T33UWP_20000_28,S2A_MSIL2A_20230609T100031_R122_T33UWP_20230609T173715,200,,0.0,0.0,0.0,0.0,0.0,0.0,0.0,8.84,90.85,0.31,0.0,10000,0,0.0,19999.999999999884,19999.99999999907,0.8874011039733887,100.0,,0.0,0.0,0.0,0.0,0.0,0.0,0.0,-0.19350000000000023,0.14559999999998752,0.0479,0.0,-1.4210854715202004e-14,1.4210854715202004e-14,20000.0
18715,T33UWP_20000_28,S2A_MSIL2A_20230609T100031_R122_T33UWP_20230609T173715,500,,0.0,0.0,0.0,0.0,0.0,0.0,0.0,6.875,92.875,0.25,0.0,1600,0,0.0,19999.999999999884,19999.99999999907,0.8354871273040771,100.0,,0.0,0.0,0.0,0.0,0.0,0.0,0.0,-2.1585,2.170599999999993,-0.0121,0.0,-1.4210854715202004e-14,1.4210854715202004e-14,20000.0
18728,T33UWP_20000_28,S2A_MSIL2A_20230609T100031_R122_T33UWP_20230609T173715,1000,,0.0,0.0,0.0,0.0,0.0,0.0,0.0,7.5,92.25,0.25,0.0,400,0,0.0,19999.999999999884,19999.99999999907,0.9796938896179199,100.0,,0.0,0.0,0.0,0.0,0.0,0.0,0.0,-1.5335,1.5455999999999932,-0.0121,0.0,-1.4210854715202004e-14,1.4210854715202004e-14,20000.0
18666,T33UWP_20000_28,S2A_MSIL2A_20230616T095031_R079_T33UWP_20230616T172735,20,,0.0,0.0,2.8016,72.9714,12.2244,0.0055,0.2996,4.7,6.1158,0.8817,0.0,1000000,0,0.0,19999.999999999884,19999.99999999907,1.055734395980835,11.6975,,0.0,0.0,0.0,0.0,0.0,0.0,0.0,0.0,0.0,0.0,0.0,0.0,0.0,20000.0
18679,T33UWP_20000_28,S2A_MSIL2A_20230616T095031_R079_T33UWP_20230616T172735,50,,0.0,0.0,2.800625,72.98625,12.22625,0.005,0.298125,4.705,6.095,0.88375,0.0,160000,0,0.0,19999.999999999884,19999.99999999907,0.754814624786377,11.68375,,0.0,0.0,-0.0009749999999999481,0.014849999999995589,0.0018500000000010175,-0.0004999999999999996,-0.001475000000000004,0.004999999999999893,-0.020800000000000374,0.0020499999999999963,0.0,-0.013749999999999929,0.014849999999995589,20000.0
18692,T33UWP_20000_28,S2A_MSIL2A_20230616T095031_R079_T33UWP_20230616T172735,100,,0.0,0.0,2.825,73.01,12.1925,0.005,0.3075,4.705,6.095,0.86,0.0,40000,0,0.0,19999.999999999884,19999.99999999907,0.7850713729858398,11.66,,0.0,0.0,0.023400000000000087,0.03860000000000241,-0.031899999999998485,-0.0004999999999999996,0.007900000000000018,0.004999999999999893,-0.020800000000000374,-0.021700000000000053,0.0,-0.037499999999999645,0.03860000000000241,20000.0
18705,T33UWP_20000_28,S2A_MSIL2A_20230616T095031_R079_T33UWP_20230616T172735,200,,0.0,0.0,2.74,73.51,11.97,0.01,0.33,4.38,6.11,0.95,0.0,10000,0,0.0,19999.999999999884,19999.99999999907,0.8874011039733887,11.44,,0.0,0.0,-0.06159999999999988,0.5386000000000024,-0.2543999999999986,0.0045000000000000005,0.030400000000000038,-0.3200000000000003,-0.005799999999999805,0.06829999999999992,0.0,-0.2575000000000003,0.5386000000000024,20000.0
18718,T33UWP_20000_28,S2A_MSIL2A_20230616T095031_R079_T33UWP_20230616T172735,500,,0.0,0.0,3.3125,75.0,11.4375,0.0,0.125,3.875,5.4375,0.8125,0.0,1600,0,0.0,19999.999999999884,19999.99999999907,0.8354871273040771,10.125,,0.0,0.0,0.5108999999999999,2.0285999999999973,-0.7868999999999993,-0.0055,-0.17459999999999998,-0.8250000000000002,-0.6783000000000001,-0.06920000000000004,0.0,-1.5724999999999998,2.0285999999999973,20000.0
18731,T33UWP_20000_28,S2A_MSIL2A_20230616T095031_R079_T33UWP_20230616T172735,1000,,0.0,0.0,2.5,74.25,12.0,0.0,0.25,4.25,5.75,1.0,0.0,400,0,0.0,19999.999999999884,19999.99999999907,0.9796938896179199,11.0,,0.0,0.0,-0.3016000000000001,1.2785999999999973,-0.22439999999999927,-0.0055,-0.04959999999999998,-0.4500000000000002,-0.3658000000000001,0.11829999999999996,0.0,-0.6974999999999998,1.2785999999999973,20000.0
18667,T33UWP_20000_28,S2A_MSIL2A_20230619T100031_R122_T33UWP_20230619T172742,20,,0.0,0.0097,1.0119,62.5678,7.4567,0.0001,2.0792,5.7786,3.7649,17.3311,0.0,1000000,0,0.0,19999.999999999884,19999.99999999907,1.055734395980835,26.8746,,0.0,0.0,0.0,0.0,0.0,0.0,0.0,0.0,0.0,0.0,0.0,0.0,0.0,20000.0
18680,T33UWP_20000_28,S2A_MSIL2A_20230619T100031_R122_T33UWP_20230619T172742,50,,0.0,0.010625,1.018125,62.529375,7.50125,0.0,2.08875,5.7475,3.781875,17.3225,0.0,160000,0,0.0,19999.999999999884,19999.99999999907,0.754814624786377,26.851875,,0.0,0.0009250000000000005,0.006224999999999925,-0.0384249999999966,0.04455000000000009,-0.0001,0.009549999999999947,-0.03110000000000035,0.016974999999999962,-0.00859999999999772,0.0,-0.022725000000001216,0.04455000000000009,20000.0
18693,T33UWP_20000_28,S2A_MSIL2A_20230619T100031_R122_T33UWP_20230619T172742,100,,0.0,0.01,1.0225,62.4725,7.5225,0.0,2.1025,5.8975,3.7275,17.245,0.0,40000,0,0.0,19999.999999999884,19999.99999999907,0.7850713729858398,26.87,,0.0,0.0002999999999999999,0.010599999999999943,-0.09530000000000172,0.0658000000000003,-0.0001,0.023299999999999876,0.1189,-0.03739999999999988,-0.08609999999999829,0.0,-0.0045999999999999375,0.09530000000000172,20000.0
18706,T33UWP_20000_28,S2A_MSIL2A_20230619T100031_R122_T33UWP_20230619T172742,200,,0.0,0.0,1.05,62.56,7.36,0.0,2.04,5.63,3.79,17.57,0.0,10000,0,0.0,19999.999999999884,19999.99999999907,0.8874011039733887,26.990000000000002,,0.0,-0.0097,0.03810000000000002,-0.007799999999996032,-0.09669999999999934,-0.0001,-0.039200000000000124,-0.14860000000000007,0.025100000000000122,0.238900000000001,0.0,0.11540000000000106,0.11540000000000106,20000.0
18719,T33UWP_20000_28,S2A_MSIL2A_20230619T100031_R122_T33UWP_20230619T172742,500,,0.0,0.0,1.0,61.4375,7.375,0.0,2.4375,5.25,4.1875,18.3125,0.0,1600,0,0.0,19999.999999999884,19999.99999999907,0.8354871273040771,27.75,,0.0,-0.0097,-0.011900000000000022,-1.1302999999999983,-0.08169999999999966,-0.0001,0.35829999999999984,-0.5286,0.4226000000000001,0.9814000000000007,0.0,0.8753999999999991,1.1302999999999983,20000.0
18732,T33UWP_20000_28,S2A_MSIL2A_20230619T100031_R122_T33UWP_20230619T172742,1000,,0.0,0.0,0.75,62.25,6.25,0.0,2.5,5.25,4.25,18.75,0.0,400,0,0.0,19999.999999999884,19999.99999999907,0.9796938896179199,28.25,,0.0,-0.0097,-0.2619,-0.3177999999999983,-1.2066999999999997,-0.0001,0.42079999999999984,-0.5286,0.4851000000000001,1.4189000000000007,0.0,1.375399999999999,1.375399999999999,20000.0
18670,T33UWP_20000_28,S2A_MSIL2A_20230626T095031_R079_T33UWP_20230626T161132,20,,0.0,0.0016,2.6057,84.9262,9.9331,0.0054,0.1396,1.5855,0.8029,0.0,0.0,1000000,0,0.0,19999.999999999884,19999.99999999907,1.055734395980835,2.3884,,0.0,0.0,0.0,0.0,0.0,0.0,0.0,0.0,0.0,0.0,0.0,0.0,0.0,20000.0
18683,T33UWP_20000_28,S2A_MSIL2A_20230626T095031_R079_T33UWP_20230626T161132,50,,0.0,0.000625,2.600625,84.929375,9.940625,0.005,0.143125,1.580625,0.8,0.0,0.0,160000,0,0.0,19999.999999999884,19999.99999999907,0.754814624786377,2.380625,,0.0,-0.0009750000000000001,-0.005075000000000163,0.0031749999999988177,0.007525000000001114,-0.0004000000000000002,0.0035250000000000004,-0.004874999999999963,-0.0028999999999999027,0.0,0.0,-0.007774999999999643,0.007774999999999643,20000.0
18696,T33UWP_20000_28,S2A_MSIL2A_20230626T095031_R079_T33UWP_20230626T161132,100,,0.0,0.0,2.6025,84.9775,9.8925,0.005,0.145,1.6125,0.765,0.0,0.0,40000,0,0.0,19999.999999999884,19999.99999999907,0.7850713729858398,2.3775,,0.0,-0.0016,-0.0032000000000000917,0.05130000000001189,-0.040599999999999525,-0.0004000000000000002,0.005399999999999988,0.027000000000000135,-0.037899999999999934,0.0,0.0,-0.01089999999999991,0.05130000000001189,20000.0
18709,T33UWP_20000_28,S2A_MSIL2A_20230626T095031_R079_T33UWP_20230626T161132,200,,0.0,0.0,2.53,85.48,9.45,0.01,0.12,1.65,0.76,0.0,0.0,10000,0,0.0,19999.999999999884,19999.99999999907,0.8874011039733887,2.41,,0.0,-0.0016,-0.07570000000000032,0.5538000000000096,-0.4831000000000003,0.0046,-0.019600000000000006,0.0645,-0.04289999999999994,0.0,0.0,0.021600000000000286,0.5538000000000096,20000.0
18722,T33UWP_20000_28,S2A_MSIL2A_20230626T095031_R079_T33UWP_20230626T161132,500,,0.0,0.0,2.375,85.625,9.9375,0.0,0.125,1.3125,0.625,0.0,0.0,1600,0,0.0,19999.999999999884,19999.99999999907,0.8354871273040771,1.9375,,0.0,-0.0016,-0.23070000000000013,0.6988000000000056,0.004400000000000404,-0.0054,-0.014600000000000002,-0.2729999999999999,-0.17789999999999995,0.0,0.0,-0.45089999999999986,0.6988000000000056,20000.0
18735,T33UWP_20000_28,S2A_MSIL2A_20230626T095031_R079_T33UWP_20230626T161132,1000,,0.0,0.0,2.25,85.75,9.0,0.0,0.0,1.75,1.25,0.0,0.0,400,0,0.0,19999.999999999884,19999.99999999907,0.9796938896179199,3.0,,0.0,-0.0016,-0.3557000000000001,0.8238000000000056,-0.9330999999999996,-0.0054,-0.1396,0.1645000000000001,0.44710000000000005,0.0,0.0,0.6116000000000001,0.9330999999999996,20000.0
18671,T33UWP_20000_28,S2A_MSIL2A_20230629T100031_R122_T33UWP_20230629T191411,20,,0.0,0.0024,5.3166,79.4737,8.3226,0.0053,0.3043,4.4004,2.1695,0.0052,0.0,1000000,0,0.0,19999.999999999884,19999.99999999907,1.055734395980835,6.575100000000001,,0.0,0.0,0.0,0.0,0.0,0.0,0.0,0.0,0.0,0.0,0.0,0.0,0.0,20000.0
18684,T33UWP_20000_28,S2A_MSIL2A_20230629T100031_R122_T33UWP_20230629T191411,50,,0.0,0.00125,5.314375,79.485,8.32625,0.004375,0.3025,4.404375,2.155625,0.00625,0.0,160000,0,0.0,19999.999999999884,19999.99999999907,0.754814624786377,6.56625,,0.0,-0.0011499999999999998,-0.0022250000000001435,0.011300000000005639,0.003650000000000375,-0.0009249999999999996,-0.0018000000000000238,0.003974999999999618,-0.013875000000000082,0.0010500000000000006,0.0,-0.00885000000000069,0.011300000000005639,20000.0
18697,T33UWP_20000_28,S2A_MSIL2A_20230629T100031_R122_T33UWP_20230629T191411,100,,0.0,0.0,5.2925,79.5325,8.3025,0.005,0.2825,4.415,2.1675,0.0025,0.0,40000,0,0.0,19999.999999999884,19999.99999999907,0.7850713729858398,6.585,,0.0,-0.0024,-0.024099999999999788,0.05880000000000507,-0.02009999999999934,-0.0002999999999999999,-0.02180000000000004,0.014599999999999724,-0.002000000000000224,-0.0026999999999999997,0.0,0.009899999999999132,0.05880000000000507,20000.0
18710,T33UWP_20000_28,S2A_MSIL2A_20230629T100031_R122_T33UWP_20230629T191411,200,,0.0,0.0,5.4,79.74,7.92,0.01,0.35,4.32,2.26,0.0,0.0,10000,0,0.0,19999.999999999884,19999.99999999907,0.8874011039733887,6.58,,0.0,-0.0024,0.08340000000000014,0.2663000000000011,-0.4025999999999996,0.0047,0.04569999999999996,-0.08040000000000003,0.09049999999999958,-0.0052,0.0,0.004899999999999238,0.4025999999999996,20000.0
18723,T33UWP_20000_28,S2A_MSIL2A_20230629T100031_R122_T33UWP_20230629T191411,500,,0.0,0.0,5.0625,79.4375,8.5,0.0,0.125,4.75,2.125,0.0,0.0,1600,0,0.0,19999.999999999884,19999.99999999907,0.8354871273040771,6.875,,0.0,-0.0024,-0.2541000000000002,-0.03619999999999379,0.17740000000000045,-0.0053,-0.17930000000000001,0.3495999999999997,-0.044500000000000206,-0.0052,0.0,0.29989999999999917,0.29989999999999917,20000.0
18736,T33UWP_20000_28,S2A_MSIL2A_20230629T100031_R122_T33UWP_20230629T191411,1000,,0.0,0.0,5.75,80.75,6.5,0.0,1.0,4.0,2.0,0.0,0.0,400,0,0.0,19999.999999999884,19999.99999999907,0.9796938896179199,6.0,,0.0,-0.0024,0.4333999999999998,1.2763000000000062,-1.8225999999999996,-0.0053,0.6957,-0.4004000000000003,-0.1695000000000002,-0.0052,0.0,-0.5751000000000008,1.8225999999999996,20000.0
18660,T33UWP_20000_28,S2B_MSIL2A_20230601T094549_R079_T33UWP_20230601T163321,20,,0.0,0.0008,0.0,77.9165,21.83,0.0057,0.0018,0.0,0.0,0.2452,0.0,1000000,0,0.0,19999.999999999884,19999.99999999907,1.055734395980835,0.2452,,0.0,0.0,0.0,0.0,0.0,0.0,0.0,0.0,0.0,0.0,0.0,0.0,0.0,20000.0
18673,T33UWP_20000_28,S2B_MSIL2A_20230601T094549_R079_T33UWP_20230601T163321,50,,0.0,0.001875,0.0,77.9925,21.755,0.005,0.000625,0.0,0.0,0.245,0.0,160000,0,0.0,19999.999999999884,19999.99999999907,0.754814624786377,0.245,,0.0,0.001075,0.0,0.07600000000000762,-0.07499999999999929,-0.0007000000000000001,-0.0011749999999999998,0.0,0.0,-0.00020000000000000573,0.0,-0.00020000000000000573,0.07600000000000762,20000.0
18686,T33UWP_20000_28,S2B_MSIL2A_20230601T094549_R079_T33UWP_20230601T163321,100,,0.0,0.0025,0.0,77.925,21.8225,0.005,0.0,0.0,0.0,0.245,0.0,40000,0,0.0,19999.999999999884,19999.99999999907,0.7850713729858398,0.245,,0.0,0.0017000000000000001,0.0,0.008499999999997954,-0.0074999999999967315,-0.0007000000000000001,-0.0018,0.0,0.0,-0.00020000000000000573,0.0,-0.00020000000000000573,0.008499999999997954,20000.0
18699,T33UWP_20000_28,S2B_MSIL2A_20230601T094549_R079_T33UWP_20230601T163321,200,,0.0,0.0,0.0,78.49,21.26,0.01,0.0,0.0,0.0,0.24,0.0,10000,0,0.0,19999.999999999884,19999.99999999907,0.8874011039733887,0.24,,0.0,-0.0008,0.0,0.5734999999999957,-0.5699999999999967,0.0043,-0.0018,0.0,0.0,-0.00520000000000001,0.0,-0.00520000000000001,0.5734999999999957,20000.0
18712,T33UWP_20000_28,S2B_MSIL2A_20230601T094549_R079_T33UWP_20230601T163321,500,,0.0,0.0,0.0,78.0,21.875,0.0,0.0,0.0,0.0,0.125,0.0,1600,0,0.0,19999.999999999884,19999.99999999907,0.8354871273040771,0.125,,0.0,-0.0008,0.0,0.0835000000000008,0.045000000000001705,-0.0057,-0.0018,0.0,0.0,-0.1202,0.0,-0.1202,0.1202,20000.0
18725,T33UWP_20000_28,S2B_MSIL2A_20230601T094549_R079_T33UWP_20230601T163321,1000,,0.0,0.0,0.0,80.0,20.0,0.0,0.0,0.0,0.0,0.0,0.0,400,0,0.0,19999.999999999884,19999.99999999907,0.9796938896179199,0.0,,0.0,-0.0008,0.0,2.083500000000001,-1.8299999999999983,-0.0057,-0.0018,0.0,0.0,-0.2452,0.0,-0.2452,2.083500000000001,20000.0
18661,T33UWP_20000_28,S2B_MSIL2A_20230604T095559_R122_T33UWP_20230604T174403,20,,0.0,0.0,1.9919,20.3021,7.5159,0.0,6.2396,14.9026,49.0479,0.0,0.0,1000000,0,0.0,19999.999999999884,19999.99999999907,1.055734395980835,63.9505,,0.0,0.0,0.0,0.0,0.0,0.0,0.0,0.0,0.0,0.0,0.0,0.0,0.0,20000.0
18674,T33UWP_20000_28,S2B_MSIL2A_20230604T095559_R122_T33UWP_20230604T174403,50,,0.0,0.0,1.98375,20.333125,7.498125,0.0,6.219375,14.898125,49.0675,0.0,0.0,160000,0,0.0,19999.999999999884,19999.99999999907,0.754814624786377,63.965625,,0.0,0.0,-0.008150000000000102,0.031024999999999636,-0.01777500000000032,0.0,-0.020224999999999937,-0.004474999999999341,0.01960000000000406,0.0,0.0,0.015125000000004718,0.031024999999999636,20000.0
18687,T33UWP_20000_28,S2B_MSIL2A_20230604T095559_R122_T33UWP_20230604T174403,100,,0.0,0.0,2.0175,20.2375,7.6,0.0,6.265,14.855,49.025,0.0,0.0,40000,0,0.0,19999.999999999884,19999.99999999907,0.7850713729858398,63.879999999999995,,0.0,0.0,0.025600000000000067,-0.06459999999999866,0.0840999999999994,0.0,0.025399999999999423,-0.0475999999999992,-0.02289999999999992,0.0,0.0,-0.07050000000000267,0.0840999999999994,20000.0
18700,T33UWP_20000_28,S2B_MSIL2A_20230604T095559_R122_T33UWP_20230604T174403,200,,0.0,0.0,2.16,19.73,7.37,0.0,6.46,14.75,49.53,0.0,0.0,10000,0,0.0,19999.999999999884,19999.99999999907,0.8874011039733887,64.28,,0.0,0.0,0.16810000000000014,-0.5720999999999989,-0.14590000000000014,0.0,0.2203999999999997,-0.15259999999999962,0.48210000000000264,0.0,0.0,0.329500000000003,0.5720999999999989,20000.0
18713,T33UWP_20000_28,S2B_MSIL2A_20230604T095559_R122_T33UWP_20230604T174403,500,,0.0,0.0,1.8125,19.9375,8.0625,0.0,5.6875,15.375,49.125,0.0,0.0,1600,0,0.0,19999.999999999884,19999.99999999907,0.8354871273040771,64.5,,0.0,0.0,-0.1794,-0.36459999999999937,0.5465999999999998,0.0,-0.5521000000000003,0.4724000000000004,0.0771000000000015,0.0,0.0,0.5495000000000019,0.5521000000000003,20000.0
18726,T33UWP_20000_28,S2B_MSIL2A_20230604T095559_R122_T33UWP_20230604T174403,1000,,0.0,0.0,2.0,20.25,6.25,0.0,6.75,15.5,49.25,0.0,0.0,400,0,0.0,19999.999999999884,19999.99999999907,0.9796938896179199,64.75,,0.0,0.0,0.008099999999999996,-0.05209999999999937,-1.2659000000000002,0.0,0.5103999999999997,0.5974000000000004,0.2021000000000015,0.0,0.0,0.7995000000000019,1.2659000000000002,20000.0
18664,T33UWP_20000_28,S2B_MSIL2A_20230611T094549_R079_T33UWP_20230611T135320,20,,0.0,0.0,1.0196,0.0,0.0,0.0,0.0001,4.8951,94.0849,0.0003,0.0,1000000,0,0.0,19999.999999999884,19999.99999999907,1.055734395980835,98.9803,,0.0,0.0,0.0,0.0,0.0,0.0,0.0,0.0,0.0,0.0,0.0,0.0,0.0,20000.0
18677,T33UWP_20000_28,S2B_MSIL2A_20230611T094549_R079_T33UWP_20230611T135320,50,,0.0,0.0,1.028125,0.0,0.0,0.0,0.0,4.863125,94.108125,0.000625,0.0,160000,0,0.0,19999.999999999884,19999.99999999907,0.754814624786377,98.971875,,0.0,0.0,0.008524999999999894,0.0,0.0,0.0,-0.0001,-0.03197500000000009,0.0232249999999965,0.00032500000000000004,0.0,-0.00842500000000257,0.008524999999999894,20000.0
18690,T33UWP_20000_28,S2B_MSIL2A_20230611T094549_R079_T33UWP_20230611T135320,100,,0.0,0.0,1.0475,0.0,0.0,0.0,0.0,4.815,94.1375,0.0,0.0,40000,0,0.0,19999.999999999884,19999.99999999907,0.7850713729858398,98.9525,,0.0,0.0,0.027900000000000036,0.0,0.0,0.0,-0.0001,-0.08009999999999984,0.052599999999998204,-0.0003,0.0,-0.02779999999999916,0.027900000000000036,20000.0
18703,T33UWP_20000_28,S2B_MSIL2A_20230611T094549_R079_T33UWP_20230611T135320,200,,0.0,0.0,1.04,0.0,0.0,0.0,0.0,4.68,94.28,0.0,0.0,10000,0,0.0,19999.999999999884,19999.99999999907,0.8874011039733887,98.96000000000001,,0.0,0.0,0.020399999999999974,0.0,0.0,0.0,-0.0001,-0.2151000000000005,0.1950999999999965,-0.0003,0.0,-0.02029999999999177,0.020399999999999974,20000.0
18716,T33UWP_20000_28,S2B_MSIL2A_20230611T094549_R079_T33UWP_20230611T135320,500,,0.0,0.0,0.75,0.0,0.0,0.0,0.0,4.8125,94.4375,0.0,0.0,1600,0,0.0,19999.999999999884,19999.99999999907,0.8354871273040771,99.25,,0.0,0.0,-0.26960000000000006,0.0,0.0,0.0,-0.0001,-0.08260000000000023,0.35259999999999536,-0.0003,0.0,0.2697000000000003,0.2697000000000003,20000.0
18729,T33UWP_20000_28,S2B_MSIL2A_20230611T094549_R079_T33UWP_20230611T135320,1000,,0.0,0.0,0.75,0.0,0.0,0.0,0.0,4.25,95.0,0.0,0.0,400,0,0.0,19999.999999999884,19999.99999999907,0.9796938896179199,99.25,,0.0,0.0,-0.26960000000000006,0.0,0.0,0.0,-0.0001,-0.6451000000000002,0.9150999999999954,-0.0003,0.0,0.2697000000000003,0.2697000000000003,20000.0
18665,T33UWP_20000_28,S2B_MSIL2A_20230614T095559_R122_T33UWP_20230614T142248,20,,0.0,0.0001,1.7512,82.3465,14.1023,0.0056,0.042,1.1068,0.6455,0.0,0.0,1000000,0,0.0,19999.999999999884,19999.99999999907,1.055734395980835,1.7523,,0.0,0.0,0.0,0.0,0.0,0.0,0.0,0.0,0.0,0.0,0.0,0.0,0.0,20000.0
18678,T33UWP_20000_28,S2B_MSIL2A_20230614T095559_R122_T33UWP_20230614T142248,50,,0.0,0.0,1.754375,82.399375,14.0425,0.005,0.040625,1.12,0.638125,0.0,0.0,160000,0,0.0,19999.999999999884,19999.99999999907,0.754814624786377,1.7581250000000002,,0.0,-0.0001,0.003174999999999928,0.05287500000000023,-0.05979999999999919,-0.0005999999999999998,-0.0013750000000000012,0.0132000000000001,-0.007374999999999909,0.0,0.0,0.005825000000000191,0.05979999999999919,20000.0
18691,T33UWP_20000_28,S2B_MSIL2A_20230614T095559_R122_T33UWP_20230614T142248,100,,0.0,0.0,1.7425,82.46,13.975,0.005,0.0475,1.1225,0.6475,0.0,0.0,40000,0,0.0,19999.999999999884,19999.99999999907,0.7850713729858398,1.77,,0.0,-0.0001,-0.008700000000000152,0.11349999999998772,-0.12729999999999997,-0.0005999999999999998,0.005499999999999998,0.015700000000000047,0.0020000000000000018,0.0,0.0,0.01770000000000005,0.12729999999999997,20000.0
18704,T33UWP_20000_28,S2B_MSIL2A_20230614T095559_R122_T33UWP_20230614T142248,200,,0.0,0.0,1.79,82.81,13.6,0.01,0.04,1.05,0.7,0.0,0.0,10000,0,0.0,19999.999999999884,19999.99999999907,0.8874011039733887,1.75,,0.0,-0.0001,0.038799999999999946,0.46349999999999625,-0.5023,0.0044,-0.0020000000000000018,-0.05679999999999996,0.05449999999999999,0.0,0.0,-0.0022999999999999687,0.5023,20000.0
18717,T33UWP_20000_28,S2B_MSIL2A_20230614T095559_R122_T33UWP_20230614T142248,500,,0.0,0.0,1.9375,82.375,13.5625,0.0,0.0625,1.25,0.8125,0.0,0.0,1600,0,0.0,19999.999999999884,19999.99999999907,0.8354871273040771,2.0625,,0.0,-0.0001,0.1862999999999999,0.028499999999993975,-0.5397999999999996,-0.0056,0.020499999999999997,0.1432,0.16700000000000004,0.0,0.0,0.31020000000000003,0.5397999999999996,20000.0
18730,T33UWP_20000_28,S2B_MSIL2A_20230614T095559_R122_T33UWP_20230614T142248,1000,,0.0,0.0,3.0,84.0,12.0,0.0,0.0,0.25,0.75,0.0,0.0,400,0,0.0,19999.999999999884,19999.99999999907,0.9796938896179199,1.0,,0.0,-0.0001,1.2488,1.653499999999994,-2.1022999999999996,-0.0056,-0.042,-0.8568,0.10450000000000004,0.0,0.0,-0.7523,2.1022999999999996,20000.0
18668,T33UWP_20000_28,S2B_MSIL2A_20230621T094549_R079_T33UWP_20230621T143955,20,,0.0,0.0,0.0,82.6316,10.2337,0.0056,0.0008,0.6274,0.7191,5.7818,0.0,1000000,0,0.0,19999.999999999884,19999.99999999907,1.055734395980835,7.128299999999999,,0.0,0.0,0.0,0.0,0.0,0.0,0.0,0.0,0.0,0.0,0.0,0.0,0.0,20000.0
18681,T33UWP_20000_28,S2B_MSIL2A_20230621T094549_R079_T33UWP_20230621T143955,50,,0.0,0.0,0.0,82.603125,10.26125,0.005,0.000625,0.63375,0.715625,5.780625,0.0,160000,0,0.0,19999.999999999884,19999.99999999907,0.754814624786377,7.13,,0.0,0.0,0.0,-0.02847500000000025,0.02754999999999974,-0.0005999999999999998,-0.00017500000000000003,0.006350000000000078,-0.003475000000000006,-0.001174999999999926,0.0,0.001700000000000479,0.02847500000000025,20000.0
18694,T33UWP_20000_28,S2B_MSIL2A_20230621T094549_R079_T33UWP_20230621T143955,100,,0.0,0.0,0.0,82.55,10.31,0.005,0.0,0.635,0.725,5.775,0.0,40000,0,0.0,19999.999999999884,19999.99999999907,0.7850713729858398,7.135,,0.0,0.0,0.0,-0.08160000000000878,0.07629999999999981,-0.0005999999999999998,-0.0008,0.007600000000000051,0.005900000000000016,-0.006799999999999251,0.0,0.006700000000000372,0.08160000000000878,20000.0
18707,T33UWP_20000_28,S2B_MSIL2A_20230621T094549_R079_T33UWP_20230621T143955,200,,0.0,0.0,0.0,83.16,9.72,0.01,0.0,0.66,0.73,5.72,0.0,10000,0,0.0,19999.999999999884,19999.99999999907,0.8874011039733887,7.109999999999999,,0.0,0.0,0.0,0.5283999999999907,-0.5137,0.0044,-0.0008,0.03260000000000007,0.01090000000000002,-0.061799999999999855,0.0,-0.018299999999999983,0.5283999999999907,20000.0
18720,T33UWP_20000_28,S2B_MSIL2A_20230621T094549_R079_T33UWP_20230621T143955,500,,0.0,0.0,0.0,82.5625,10.75,0.0,0.0,0.8125,0.3125,5.5625,0.0,1600,0,0.0,19999.999999999884,19999.99999999907,0.8354871273040771,6.6875,,0.0,0.0,0.0,-0.06910000000000593,0.5162999999999993,-0.0056,-0.0008,0.18510000000000004,-0.40659999999999996,-0.2192999999999996,0.0,-0.4407999999999994,0.5162999999999993,20000.0
18733,T33UWP_20000_28,S2B_MSIL2A_20230621T094549_R079_T33UWP_20230621T143955,1000,,0.0,0.0,0.0,84.5,9.0,0.0,0.0,0.25,0.5,5.75,0.0,400,0,0.0,19999.999999999884,19999.99999999907,0.9796938896179199,6.5,,0.0,0.0,0.0,1.868399999999994,-1.2337000000000007,-0.0056,-0.0008,-0.37739999999999996,-0.21909999999999996,-0.031799999999999606,0.0,-0.6282999999999994,1.868399999999994,20000.0
18669,T33UWP_20000_28,S2B_MSIL2A_20230624T095559_R122_T33UWP_20230624T142946,20,,0.0,0.0,0.0,0.0,0.0,0.0,0.0,0.0,100.0,0.0,0.0,1000000,0,0.0,19999.999999999884,19999.99999999907,1.055734395980835,100.0,,0.0,0.0,0.0,0.0,0.0,0.0,0.0,0.0,0.0,0.0,0.0,0.0,0.0,20000.0
18682,T33UWP_20000_28,S2B_MSIL2A_20230624T095559_R122_T33UWP_20230624T142946,50,,0.0,0.0,0.0,0.0,0.0,0.0,0.0,0.0,100.0,0.0,0.0,160000,0,0.0,19999.999999999884,19999.99999999907,0.754814624786377,100.0,,0.0,0.0,0.0,0.0,0.0,0.0,0.0,0.0,0.0,0.0,0.0,0.0,0.0,20000.0
18695,T33UWP_20000_28,S2B_MSIL2A_20230624T095559_R122_T33UWP_20230624T142946,100,,0.0,0.0,0.0,0.0,0.0,0.0,0.0,0.0,100.0,0.0,0.0,40000,0,0.0,19999.999999999884,19999.99999999907,0.7850713729858398,100.0,,0.0,0.0,0.0,0.0,0.0,0.0,0.0,0.0,0.0,0.0,0.0,0.0,0.0,20000.0
18708,T33UWP_20000_28,S2B_MSIL2A_20230624T095559_R122_T33UWP_20230624T142946,200,,0.0,0.0,0.0,0.0,0.0,0.0,0.0,0.0,100.0,0.0,0.0,10000,0,0.0,19999.999999999884,19999.99999999907,0.8874011039733887,100.0,,0.0,0.0,0.0,0.0,0.0,0.0,0.0,0.0,0.0,0.0,0.0,0.0,0.0,20000.0
18721,T33UWP_20000_28,S2B_MSIL2A_20230624T095559_R122_T33UWP_20230624T142946,500,,0.0,0.0,0.0,0.0,0.0,0.0,0.0,0.0,100.0,0.0,0.0,1600,0,0.0,19999.999999999884,19999.99999999907,0.8354871273040771,100.0,,0.0,0.0,0.0,0.0,0.0,0.0,0.0,0.0,0.0,0.0,0.0,0.0,0.0,20000.0
18734,T33UWP_20000_28,S2B_MSIL2A_20230624T095559_R122_T33UWP_20230624T142946,1000,,0.0,0.0,0.0,0.0,0.0,0.0,0.0,0.0,100.0,0.0,0.0,400,0,0.0,19999.999999999884,19999.99999999907,0.9796938896179199,100.0,,0.0,0.0,0.0,0.0,0.0,0.0,0.0,0.0,0.0,0.0,0.0,0.0,0.0,20000.0
18672,T33UWP_20000_28,S2B_MSIL2A_20230701T094549_R079_T33UWP_20230701T152448,20,,0.0,0.0,2.1895,0.0,0.0,0.0,0.0003,25.8999,67.0032,4.9071,0.0,1000000,0,0.0,19999.999999999884,19999.99999999907,1.055734395980835,97.81020000000001,,0.0,0.0,0.0,0.0,0.0,0.0,0.0,0.0,0.0,0.0,0.0,0.0,0.0,20000.0
18685,T33UWP_20000_28,S2B_MSIL2A_20230701T094549_R079_T33UWP_20230701T152448,50,,0.0,0.0,2.2025,0.0,0.0,0.0,0.0,25.840625,67.01125,4.945625,0.0,160000,0,0.0,19999.999999999884,19999.99999999907,0.754814624786377,97.79750000000001,,0.0,0.0,0.013000000000000345,0.0,0.0,0.0,-0.0003,-0.05927499999999952,0.008049999999997226,0.03852499999999992,0.0,-0.01269999999999527,0.013000000000000345,20000.0
18698,T33UWP_20000_28,S2B_MSIL2A_20230701T094549_R079_T33UWP_20230701T152448,100,,0.0,0.0,2.19,0.0,0.0,0.0,0.0,25.79,67.035,4.985,0.0,40000,0,0.0,19999.999999999884,19999.99999999907,0.7850713729858398,97.80999999999999,,0.0,0.0,0.000500000000000167,0.0,0.0,0.0,-0.0003,-0.10989999999999966,0.031799999999989836,0.07790000000000052,0.0,-0.00020000000002085017,0.000500000000000167,20000.0
18711,T33UWP_20000_28,S2B_MSIL2A_20230701T094549_R079_T33UWP_20230701T152448,200,,0.0,0.0,2.18,0.0,0.0,0.0,0.0,26.32,66.65,4.85,0.0,10000,0,0.0,19999.999999999884,19999.99999999907,0.8874011039733887,97.82,,0.0,0.0,-0.00949999999999962,0.0,0.0,0.0,-0.0003,0.4201000000000015,-0.35320000000000107,-0.05710000000000015,0.0,0.009799999999984266,0.009799999999984266,20000.0
18724,T33UWP_20000_28,S2B_MSIL2A_20230701T094549_R079_T33UWP_20230701T152448,500,,0.0,0.0,2.125,0.0,0.0,0.0,0.0,27.6875,66.125,4.0625,0.0,1600,0,0.0,19999.999999999884,19999.99999999907,0.8354871273040771,97.875,,0.0,0.0,-0.06449999999999978,0.0,0.0,0.0,-0.0003,1.7876000000000012,-0.8782000000000068,-0.8445999999999998,0.0,0.06479999999999109,0.06479999999999109,20000.0
18737,T33UWP_20000_28,S2B_MSIL2A_20230701T094549_R079_T33UWP_20230701T152448,1000,,0.0,0.0,3.0,0.0,0.0,0.0,0.0,26.0,66.5,4.5,0.0,400,0,0.0,19999.999999999884,19999.99999999907,0.9796938896179199,97.0,,0.0,0.0,0.8105000000000002,0.0,0.0,0.0,-0.0003,0.10010000000000119,-0.5032000000000068,-0.4070999999999998,0.0,-0.8102000000000089,0.8105000000000002,20000.0
18740,T33UWP_20000_29,S2A_MSIL2A_20230606T095031_R079_T33UWQ_20230606T160940,20,,0.0,0.0,0.0,0.0,0.0,0.0,0.0,1.0659,98.924,0.0101,0.0,1000000,0,0.0,20000.000000000116,20000.00000000093,1.1235096454620361,100.0,,0.0,0.0,0.0,0.0,0.0,0.0,0.0,0.0,0.0,0.0,0.0,0.0,0.0,20000.0
18753,T33UWP_20000_29,S2A_MSIL2A_20230606T095031_R079_T33UWQ_20230606T160940,50,,0.0,0.0,0.0,0.0,0.0,0.0,0.0,1.063125,98.9275,0.009375,0.0,160000,0,0.0,20000.000000000116,20000.00000000093,0.9376583099365234,100.0,,0.0,0.0,0.0,0.0,0.0,0.0,0.0,-0.002774999999999972,0.0034999999999882903,-0.000725,0.0,0.0,0.0,20000.0
18766,T33UWP_20000_29,S2A_MSIL2A_20230606T095031_R079_T33UWQ_20230606T160940,100,,0.0,0.0,0.0,0.0,0.0,0.0,0.0,1.045,98.945,0.01,0.0,40000,0,0.0,20000.000000000116,20000.00000000093,0.820171594619751,100.0,,0.0,0.0,0.0,0.0,0.0,0.0,0.0,-0.02090000000000014,0.020999999999986585,-9.99999999999994e-05,0.0,0.0,0.0,20000.0
18779,T33UWP_20000_29,S2A_MSIL2A_20230606T095031_R079_T33UWQ_20230606T160940,200,,0.0,0.0,0.0,0.0,0.0,0.0,0.0,0.94,99.05,0.01,0.0,10000,0,0.0,20000.000000000116,20000.00000000093,0.9086294174194336,100.0,,0.0,0.0,0.0,0.0,0.0,0.0,0.0,-0.12590000000000012,0.12599999999999056,-9.99999999999994e-05,0.0,0.0,0.0,20000.0
18792,T33UWP_20000_29,S2A_MSIL2A_20230606T095031_R079_T33UWQ_20230606T160940,500,,0.0,0.0,0.0,0.0,0.0,0.0,0.0,0.9375,99.0625,0.0,0.0,1600,0,0.0,20000.000000000116,20000.00000000093,0.832165002822876,100.0,,0.0,0.0,0.0,0.0,0.0,0.0,0.0,-0.12840000000000007,0.1384999999999934,-0.0101,0.0,0.0,0.0,20000.0
18805,T33UWP_20000_29,S2A_MSIL2A_20230606T095031_R079_T33UWQ_20230606T160940,1000,,0.0,0.0,0.0,0.0,0.0,0.0,0.0,1.0,99.0,0.0,0.0,400,0,0.0,20000.000000000116,20000.00000000093,0.7801733016967773,100.0,,0.0,0.0,0.0,0.0,0.0,0.0,0.0,-0.06590000000000007,0.0759999999999934,-0.0101,0.0,0.0,0.0,20000.0
18741,T33UWP_20000_29,S2A_MSIL2A_20230609T100031_R122_T33UWQ_20230609T173715,20,,0.0,0.0,0.0447,1.4437,3.1521,0.0,1.6788,33.1331,53.0557,7.4919,0.0,1000000,0,0.0,20000.000000000116,20000.00000000093,1.1235096454620361,93.6807,,0.0,0.0,0.0,0.0,0.0,0.0,0.0,0.0,0.0,0.0,0.0,0.0,0.0,20000.0
18754,T33UWP_20000_29,S2A_MSIL2A_20230609T100031_R122_T33UWQ_20230609T173715,50,,0.0,0.0,0.045,1.4325,3.158125,0.0,1.671875,33.0775,53.078125,7.536875,0.0,160000,0,0.0,20000.000000000116,20000.00000000093,0.9376583099365234,93.6925,,0.0,0.0,0.00030000000000000165,-0.011199999999999877,0.006025000000000169,0.0,-0.00692500000000007,-0.05559999999999832,0.022424999999998363,0.04497499999999999,0.0,0.011799999999993815,0.011799999999993815,20000.0
18767,T33UWP_20000_29,S2A_MSIL2A_20230609T100031_R122_T33UWQ_20230609T173715,100,,0.0,0.0,0.045,1.45,3.16,0.0,1.685,33.0175,53.145,7.4975,0.0,40000,0,0.0,20000.000000000116,20000.00000000093,0.820171594619751,93.66,,0.0,0.0,0.00030000000000000165,0.006299999999999972,0.00790000000000024,0.0,0.006199999999999983,-0.11560000000000059,0.08930000000000149,0.005599999999999383,0.0,-0.020700000000005048,0.020700000000005048,20000.0
18780,T33UWP_20000_29,S2A_MSIL2A_20230609T100031_R122_T33UWQ_20230609T173715,200,,0.0,0.0,0.04,1.34,3.03,0.0,1.62,33.46,53.24,7.27,0.0,10000,0,0.0,20000.000000000116,20000.00000000093,0.9086294174194336,93.97,,0.0,0.0,-0.004699999999999996,-0.1036999999999999,-0.1221000000000001,0.0,-0.05879999999999996,0.32690000000000197,0.18430000000000035,-0.22190000000000065,0.0,0.2892999999999972,0.2892999999999972,20000.0
18793,T33UWP_20000_29,S2A_MSIL2A_20230609T100031_R122_T33UWQ_20230609T173715,500,,0.0,0.0,0.0,1.4375,2.75,0.0,1.75,34.4375,52.3125,7.3125,0.0,1600,0,0.0,20000.000000000116,20000.00000000093,0.832165002822876,94.0625,,0.0,0.0,-0.0447,-0.006199999999999983,-0.4020999999999999,0.0,0.07119999999999993,1.3044000000000011,-0.7432000000000016,-0.17940000000000023,0.0,0.38179999999999836,0.4020999999999999,20000.0
18806,T33UWP_20000_29,S2A_MSIL2A_20230609T100031_R122_T33UWQ_20230609T173715,1000,,0.0,0.0,0.0,1.5,1.75,0.0,1.75,31.75,54.25,9.0,0.0,400,0,0.0,20000.000000000116,20000.00000000093,0.7801733016967773,95.0,,0.0,0.0,-0.0447,0.05630000000000002,-1.4021,0.0,0.07119999999999993,-1.3830999999999989,1.1942999999999984,1.5080999999999998,0.0,1.3192999999999984,1.4021,20000.0
18744,T33UWP_20000_29,S2A_MSIL2A_20230616T095031_R079_T33UWQ_20230616T172730,20,,0.0,0.0074,7.6551,48.6205,8.9127,0.5145,0.2928,8.512,23.0557,2.4293,0.0,1000000,0,0.0,20000.000000000116,20000.00000000093,1.1235096454620361,33.997,,0.0,0.0,0.0,0.0,0.0,0.0,0.0,0.0,0.0,0.0,0.0,0.0,0.0,20000.0
18757,T33UWP_20000_29,S2A_MSIL2A_20230616T095031_R079_T33UWQ_20230616T172730,50,,0.0,0.006875,7.67375,48.634375,8.888125,0.523125,0.286875,8.46375,23.1125,2.410625,0.0,160000,0,0.0,20000.000000000116,20000.00000000093,0.9376583099365234,33.986875000000005,,0.0,-0.0005250000000000003,0.018650000000000055,0.01387499999999875,-0.02457499999999868,0.008624999999999994,-0.005925000000000014,-0.048250000000001236,0.05679999999999907,-0.018674999999999997,0.0,-0.010124999999995055,0.02457499999999868,20000.0
18770,T33UWP_20000_29,S2A_MSIL2A_20230616T095031_R079_T33UWQ_20230616T172730,100,,0.0,0.0075,7.645,48.71,8.8125,0.5225,0.315,8.45,23.115,2.4225,0.0,40000,0,0.0,20000.000000000116,20000.00000000093,0.820171594619751,33.9875,,0.0,9.99999999999994e-05,-0.010100000000000442,0.08950000000000102,-0.10019999999999918,0.008000000000000007,0.022199999999999998,-0.062000000000001165,0.0592999999999968,-0.006800000000000139,0.0,-0.009500000000002728,0.10019999999999918,20000.0
18783,T33UWP_20000_29,S2A_MSIL2A_20230616T095031_R079_T33UWQ_20230616T172730,200,,0.0,0.01,7.71,48.97,8.78,0.53,0.36,8.41,22.96,2.27,0.0,10000,0,0.0,20000.000000000116,20000.00000000093,0.9086294174194336,33.64,,0.0,0.0026,0.05489999999999995,0.34949999999999903,-0.13269999999999982,0.01550000000000007,0.06719999999999998,-0.10200000000000031,-0.09570000000000078,-0.1593,0.0,-0.3569999999999993,0.3569999999999993,20000.0
18796,T33UWP_20000_29,S2A_MSIL2A_20230616T095031_R079_T33UWQ_20230616T172730,500,,0.0,0.0625,7.8125,47.6875,9.4375,0.5625,0.375,8.0625,23.4375,2.5625,0.0,1600,0,0.0,20000.000000000116,20000.00000000093,0.832165002822876,34.0625,,0.0,0.055099999999999996,0.15739999999999998,-0.9329999999999998,0.5248000000000008,0.04800000000000004,0.0822,-0.44950000000000045,0.38179999999999836,0.13319999999999999,0.0,0.06550000000000011,0.9329999999999998,20000.0
18809,T33UWP_20000_29,S2A_MSIL2A_20230616T095031_R079_T33UWQ_20230616T172730,1000,,0.0,0.0,8.25,49.25,8.25,0.5,0.25,8.0,24.0,1.5,0.0,400,0,0.0,20000.000000000116,20000.00000000093,0.7801733016967773,33.5,,0.0,-0.0074,0.5949,0.6295000000000002,-0.6626999999999992,-0.014499999999999957,-0.042800000000000005,-0.5120000000000005,0.9442999999999984,-0.9293,0.0,-0.4969999999999999,0.6626999999999992,20000.0
18745,T33UWP_20000_29,S2A_MSIL2A_20230619T100031_R122_T33UWQ_20230619T173043,20,,0.0,0.0123,0.8979,66.5378,8.1834,0.1575,0.231,3.437,1.246,19.2971,0.0,1000000,0,0.0,20000.000000000116,20000.00000000093,1.1235096454620361,23.9801,,0.0,0.0,0.0,0.0,0.0,0.0,0.0,0.0,0.0,0.0,0.0,0.0,0.0,20000.0
18758,T33UWP_20000_29,S2A_MSIL2A_20230619T100031_R122_T33UWQ_20230619T173043,50,,0.0,0.00875,0.903125,66.558125,8.166875,0.16,0.239375,3.440625,1.230625,19.2925,0.0,160000,0,0.0,20000.000000000116,20000.00000000093,0.9376583099365234,23.96375,,0.0,-0.0035499999999999993,0.005224999999999924,0.020324999999999704,-0.016525000000001455,0.0025000000000000022,0.008374999999999994,0.0036249999999999893,-0.015374999999999917,-0.0045999999999999375,0.0,-0.0163499999999992,0.020324999999999704,20000.0
18771,T33UWP_20000_29,S2A_MSIL2A_20230619T100031_R122_T33UWQ_20230619T173043,100,,0.0,0.0125,0.9,66.515,8.2425,0.155,0.235,3.49,1.23,19.22,0.0,40000,0,0.0,20000.000000000116,20000.00000000093,0.820171594619751,23.939999999999998,,0.0,0.00020000000000000052,0.0020999999999999908,-0.022800000000003706,0.05909999999999904,-0.0025000000000000022,0.003999999999999976,0.05300000000000038,-0.016000000000000014,-0.0771000000000015,0.0,-0.04010000000000247,0.05909999999999904,20000.0
18784,T33UWP_20000_29,S2A_MSIL2A_20230619T100031_R122_T33UWQ_20230619T173043,200,,0.0,0.03,0.91,66.46,8.16,0.15,0.18,3.58,1.23,19.3,0.0,10000,0,0.0,20000.000000000116,20000.00000000093,0.9086294174194336,24.11,,0.0,0.0177,0.0121,-0.07780000000001053,-0.02340000000000053,-0.007500000000000007,-0.05100000000000002,0.14300000000000024,-0.016000000000000014,0.0029000000000003467,0.0,0.12989999999999924,0.12989999999999924,20000.0
18797,T33UWP_20000_29,S2A_MSIL2A_20230619T100031_R122_T33UWQ_20230619T173043,500,,0.0,0.0,0.9375,67.3125,8.4375,0.125,0.125,3.25,1.1875,18.625,0.0,1600,0,0.0,20000.000000000116,20000.00000000093,0.832165002822876,23.0625,,0.0,-0.0123,0.03959999999999997,0.7746999999999957,0.2540999999999993,-0.0325,-0.10600000000000001,-0.18699999999999983,-0.058499999999999996,-0.6721000000000004,0.0,-0.9176000000000002,0.9176000000000002,20000.0
18810,T33UWP_20000_29,S2A_MSIL2A_20230619T100031_R122_T33UWQ_20230619T173043,1000,,0.0,0.0,0.5,69.0,5.5,0.0,0.25,3.5,1.5,19.75,0.0,400,0,0.0,20000.000000000116,20000.00000000093,0.7801733016967773,24.75,,0.0,-0.0123,-0.39790000000000003,2.4621999999999957,-2.6834000000000007,-0.1575,0.01899999999999999,0.06300000000000017,0.254,0.45289999999999964,0.0,0.7698999999999998,2.6834000000000007,20000.0
18748,T33UWP_20000_29,S2A_MSIL2A_20230626T095031_R079_T33UWQ_20230626T154828,20,,0.0,0.0172,2.0886,83.66,10.6659,0.625,0.1649,1.8023,0.9761,0.0,0.0,1000000,0,0.0,20000.000000000116,20000.00000000093,1.1235096454620361,2.7784,,0.0,0.0,0.0,0.0,0.0,0.0,0.0,0.0,0.0,0.0,0.0,0.0,0.0,20000.0
18761,T33UWP_20000_29,S2A_MSIL2A_20230626T095031_R079_T33UWQ_20230626T154828,50,,0.0,0.018125,2.080625,83.63875,10.6775,0.625625,0.17375,1.8025,0.983125,0.0,0.0,160000,0,0.0,20000.000000000116,20000.00000000093,0.9376583099365234,2.785625,,0.0,0.0009249999999999987,-0.007975000000000065,-0.021249999999994884,0.01159999999999961,0.0006249999999999867,0.008849999999999997,0.00019999999999997797,0.007025000000000059,0.0,0.0,0.007225000000000037,0.021249999999994884,20000.0
18774,T33UWP_20000_29,S2A_MSIL2A_20230626T095031_R079_T33UWQ_20230626T154828,100,,0.0,0.02,2.1025,83.59,10.7475,0.6275,0.145,1.77,0.9975,0.0,0.0,40000,0,0.0,20000.000000000116,20000.00000000093,0.820171594619751,2.7675,,0.0,0.0028000000000000004,0.013900000000000023,-0.06999999999999318,0.0815999999999999,0.0024999999999999467,-0.0199,-0.032299999999999995,0.021400000000000086,0.0,0.0,-0.01089999999999991,0.0815999999999999,20000.0
18787,T33UWP_20000_29,S2A_MSIL2A_20230626T095031_R079_T33UWQ_20230626T154828,200,,0.0,0.03,2.12,83.81,10.55,0.64,0.13,1.8,0.92,0.0,0.0,10000,0,0.0,20000.000000000116,20000.00000000093,0.9086294174194336,2.72,,0.0,0.012799999999999999,0.031400000000000095,0.15000000000000568,-0.11589999999999989,0.015000000000000013,-0.03489999999999999,-0.0022999999999999687,-0.05609999999999993,0.0,0.0,-0.058399999999999785,0.15000000000000568,20000.0
18800,T33UWP_20000_29,S2A_MSIL2A_20230626T095031_R079_T33UWQ_20230626T154828,500,,0.0,0.0625,2.0625,84.25,10.0625,0.625,0.1875,1.8125,0.9375,0.0,0.0,1600,0,0.0,20000.000000000116,20000.00000000093,0.832165002822876,2.75,,0.0,0.0453,-0.026100000000000012,0.5900000000000034,-0.6034000000000006,0.0,0.02260000000000001,0.010199999999999987,-0.03859999999999997,0.0,0.0,-0.02839999999999998,0.6034000000000006,20000.0
18813,T33UWP_20000_29,S2A_MSIL2A_20230626T095031_R079_T33UWQ_20230626T154828,1000,,0.0,0.0,1.25,85.5,9.5,0.5,0.0,2.25,1.0,0.0,0.0,400,0,0.0,20000.000000000116,20000.00000000093,0.7801733016967773,3.25,,0.0,-0.0172,-0.8386,1.8400000000000034,-1.1659000000000006,-0.125,-0.1649,0.4477,0.023900000000000032,0.0,0.0,0.4716,1.8400000000000034,20000.0
18749,T33UWP_20000_29,S2A_MSIL2A_20230629T100031_R122_T33UWQ_20230629T191404,20,,0.0,0.0111,12.6874,61.5168,9.2047,0.5513,0.616,10.0908,5.3081,0.0138,0.0,1000000,0,0.0,20000.000000000116,20000.00000000093,1.1235096454620361,15.4127,,0.0,0.0,0.0,0.0,0.0,0.0,0.0,0.0,0.0,0.0,0.0,0.0,0.0,20000.0
18762,T33UWP_20000_29,S2A_MSIL2A_20230629T100031_R122_T33UWQ_20230629T191404,50,,0.0,0.01,12.67375,61.525625,9.21125,0.55375,0.628125,10.06375,5.32125,0.0125,0.0,160000,0,0.0,20000.000000000116,20000.00000000093,0.9376583099365234,15.3975,,0.0,-0.0011000000000000003,-0.013650000000000162,0.008824999999994532,0.0065499999999989456,0.002449999999999952,0.012125000000000052,-0.02704999999999913,0.013150000000000439,-0.001299999999999999,0.0,-0.015199999999998326,0.015199999999998326,20000.0
18775,T33UWP_20000_29,S2A_MSIL2A_20230629T100031_R122_T33UWQ_20230629T191404,100,,0.0,0.01,12.7075,61.4375,9.275,0.545,0.6125,10.1125,5.29,0.01,0.0,40000,0,0.0,20000.000000000116,20000.00000000093,0.820171594619751,15.4125,,0.0,-0.0011000000000000003,0.02009999999999934,-0.07930000000000348,0.07029999999999959,-0.006299999999999972,-0.0034999999999999476,0.02170000000000094,-0.01809999999999956,-0.0037999999999999996,0.0,-0.00019999999999953388,0.07930000000000348,20000.0
18788,T33UWP_20000_29,S2A_MSIL2A_20230629T100031_R122_T33UWQ_20230629T191404,200,,0.0,0.02,12.7,61.62,9.11,0.56,0.59,9.98,5.4,0.02,0.0,10000,0,0.0,20000.000000000116,20000.00000000093,0.9086294174194336,15.4,,0.0,0.0089,0.012599999999999056,0.10319999999999396,-0.09470000000000134,0.008700000000000041,-0.026000000000000023,-0.11079999999999934,0.09190000000000076,0.006200000000000001,0.0,-0.012699999999998823,0.10319999999999396,20000.0
18801,T33UWP_20000_29,S2A_MSIL2A_20230629T100031_R122_T33UWQ_20230629T191404,500,,0.0,0.0625,12.375,63.0,8.125,0.5625,0.4375,10.4375,5.0,0.0,0.0,1600,0,0.0,20000.000000000116,20000.00000000093,0.832165002822876,15.4375,,0.0,0.0514,-0.31240000000000023,1.4831999999999965,-1.0797000000000008,0.011199999999999988,-0.1785,0.34670000000000023,-0.3080999999999996,-0.0138,0.0,0.02480000000000082,1.4831999999999965,20000.0
18814,T33UWP_20000_29,S2A_MSIL2A_20230629T100031_R122_T33UWQ_20230629T191404,1000,,0.0,0.0,13.0,61.75,8.75,0.5,0.5,9.0,6.5,0.0,0.0,400,0,0.0,20000.000000000116,20000.00000000093,0.7801733016967773,15.5,,0.0,-0.0111,0.31259999999999977,0.23319999999999652,-0.45470000000000077,-0.05130000000000001,-0.11599999999999999,-1.0907999999999998,1.1919000000000004,-0.0138,0.0,0.08730000000000082,0.45470000000000077,20000.0
18738,T33UWP_20000_29,S2B_MSIL2A_20230601T094549_R079_T33UWQ_20230601T163104,20,,0.0,0.0183,0.0,68.7694,29.3035,0.6059,0.047,0.0014,0.0002,1.2543,0.0,1000000,0,0.0,20000.000000000116,20000.00000000093,1.1235096454620361,1.2559,,0.0,0.0,0.0,0.0,0.0,0.0,0.0,0.0,0.0,0.0,0.0,0.0,0.0,20000.0
18751,T33UWP_20000_29,S2B_MSIL2A_20230601T094549_R079_T33UWQ_20230601T163104,50,,0.0,0.018125,0.0,68.693125,29.36875,0.609375,0.050625,0.000625,0.0,1.259375,0.0,160000,0,0.0,20000.000000000116,20000.00000000093,0.9376583099365234,1.26,,0.0,-0.00017500000000000154,0.0,-0.07627500000000964,0.06524999999999892,0.003475000000000006,0.0036250000000000032,-0.000775,-0.0002,0.005074999999999941,0.0,0.0040999999999999925,0.07627500000000964,20000.0
18764,T33UWP_20000_29,S2B_MSIL2A_20230601T094549_R079_T33UWQ_20230601T163104,100,,0.0,0.0175,0.0,68.7925,29.2775,0.6,0.045,0.0,0.0025,1.265,0.0,40000,0,0.0,20000.000000000116,20000.00000000093,0.820171594619751,1.2674999999999998,,0.0,-0.0007999999999999986,0.0,0.023099999999999454,-0.0259999999999998,-0.005900000000000016,-0.0020000000000000018,-0.0014,0.0023,0.010699999999999932,0.0,0.011599999999999833,0.0259999999999998,20000.0
18777,T33UWP_20000_29,S2B_MSIL2A_20230601T094549_R079_T33UWQ_20230601T163104,200,,0.0,0.02,0.0,68.98,29.06,0.61,0.07,0.0,0.0,1.26,0.0,10000,0,0.0,20000.000000000116,20000.00000000093,0.9086294174194336,1.26,,0.0,0.0017000000000000001,0.0,0.21059999999999945,-0.24350000000000094,0.0040999999999999925,0.023000000000000007,-0.0014,-0.0002,0.005700000000000038,0.0,0.0040999999999999925,0.24350000000000094,20000.0
18790,T33UWP_20000_29,S2B_MSIL2A_20230601T094549_R079_T33UWQ_20230601T163104,500,,0.0,0.0625,0.0,67.8125,30.1875,0.625,0.0625,0.0,0.0,1.25,0.0,1600,0,0.0,20000.000000000116,20000.00000000093,0.832165002822876,1.25,,0.0,0.0442,0.0,-0.9569000000000045,0.8840000000000003,0.019100000000000006,0.0155,-0.0014,-0.0002,-0.0042999999999999705,0.0,-0.005900000000000016,0.9569000000000045,20000.0
18803,T33UWP_20000_29,S2B_MSIL2A_20230601T094549_R079_T33UWQ_20230601T163104,1000,,0.0,0.0,0.0,71.75,26.25,0.5,0.0,0.0,0.0,1.5,0.0,400,0,0.0,20000.000000000116,20000.00000000093,0.7801733016967773,1.5,,0.0,-0.0183,0.0,2.9805999999999955,-3.0534999999999997,-0.1059,-0.047,-0.0014,-0.0002,0.24570000000000003,0.0,0.24409999999999998,3.0534999999999997,20000.0
18739,T33UWP_20000_29,S2B_MSIL2A_20230604T095559_R122_T33UWQ_20230604T174401,20,,0.0,0.0,0.1289,6.3479,4.6632,0.0,5.199,11.4699,72.1911,0.0,0.0,1000000,0,0.0,20000.000000000116,20000.00000000093,1.1235096454620361,83.661,,0.0,0.0,0.0,0.0,0.0,0.0,0.0,0.0,0.0,0.0,0.0,0.0,0.0,20000.0
18752,T33UWP_20000_29,S2B_MSIL2A_20230604T095559_R122_T33UWQ_20230604T174401,50,,0.0,0.0,0.13,6.339375,4.68875,0.0,5.17875,11.461875,72.20125,0.0,0.0,160000,0,0.0,20000.000000000116,20000.00000000093,0.9376583099365234,83.66312500000001,,0.0,0.0,0.0011000000000000176,-0.008524999999999672,0.02554999999999996,0.0,-0.02024999999999988,-0.008025000000001725,0.010149999999995885,0.0,0.0,0.002125000000006594,0.02554999999999996,20000.0
18765,T33UWP_20000_29,S2B_MSIL2A_20230604T095559_R122_T33UWQ_20230604T174401,100,,0.0,0.0,0.1325,6.355,4.6725,0.0,5.2175,11.4275,72.195,0.0,0.0,40000,0,0.0,20000.000000000116,20000.00000000093,0.820171594619751,83.62249999999999,,0.0,0.0,0.00360000000000002,0.007100000000000328,0.00930000000000053,0.0,0.018500000000000405,-0.04240000000000066,0.003899999999987358,0.0,0.0,-0.0385000000000133,0.0385000000000133,20000.0
18778,T33UWP_20000_29,S2B_MSIL2A_20230604T095559_R122_T33UWQ_20230604T174401,200,,0.0,0.0,0.13,6.39,4.48,0.0,5.09,11.39,72.52,0.0,0.0,10000,0,0.0,20000.000000000116,20000.00000000093,0.9086294174194336,83.91,,0.0,0.0,0.0011000000000000176,0.04209999999999958,-0.18319999999999936,0.0,-0.10899999999999999,-0.0799000000000003,0.3288999999999902,0.0,0.0,0.24899999999999523,0.24899999999999523,20000.0
18791,T33UWP_20000_29,S2B_MSIL2A_20230604T095559_R122_T33UWQ_20230604T174401,500,,0.0,0.0,0.0625,6.8125,4.3125,0.0,5.5625,12.0,71.25,0.0,0.0,1600,0,0.0,20000.000000000116,20000.00000000093,0.832165002822876,83.25,,0.0,0.0,-0.06639999999999999,0.4645999999999999,-0.3506999999999998,0.0,0.36350000000000016,0.5300999999999991,-0.9411000000000058,0.0,0.0,-0.41100000000000136,0.4645999999999999,20000.0
18804,T33UWP_20000_29,S2B_MSIL2A_20230604T095559_R122_T33UWQ_20230604T174401,1000,,0.0,0.0,0.0,8.25,3.5,0.0,5.0,11.5,71.75,0.0,0.0,400,0,0.0,20000.000000000116,20000.00000000093,0.7801733016967773,83.25,,0.0,0.0,-0.1289,1.9021,-1.1631999999999998,0.0,-0.19899999999999984,0.030099999999999127,-0.4411000000000058,0.0,0.0,-0.41100000000000136,1.9021,20000.0
18742,T33UWP_20000_29,S2B_MSIL2A_20230611T094549_R079_T33UWQ_20230611T141650,20,,0.0,0.0,0.3422,0.1464,0.0888,0.0,0.2557,3.343,95.8056,0.0183,0.0,1000000,0,0.0,20000.000000000116,20000.00000000093,1.1235096454620361,99.1669,,0.0,0.0,0.0,0.0,0.0,0.0,0.0,0.0,0.0,0.0,0.0,0.0,0.0,20000.0
18755,T33UWP_20000_29,S2B_MSIL2A_20230611T094549_R079_T33UWQ_20230611T141650,50,,0.0,0.0,0.338125,0.1425,0.088125,0.0,0.25625,3.348125,95.80875,0.018125,0.0,160000,0,0.0,20000.000000000116,20000.00000000093,0.9376583099365234,99.175,,0.0,0.0,-0.004074999999999995,-0.0039000000000000146,-0.0006750000000000089,0.0,0.0005499999999999949,0.005125000000000046,0.003150000000005093,-0.00017500000000000154,0.0,0.008099999999998886,0.008099999999998886,20000.0
18768,T33UWP_20000_29,S2B_MSIL2A_20230611T094549_R079_T33UWQ_20230611T141650,100,,0.0,0.0,0.34,0.1625,0.0875,0.0,0.24,3.345,95.81,0.015,0.0,40000,0,0.0,20000.000000000116,20000.00000000093,0.820171594619751,99.17,,0.0,0.0,-0.0021999999999999797,0.016100000000000003,-0.0013000000000000095,0.0,-0.015699999999999992,0.002000000000000224,0.004400000000003956,-0.003300000000000001,0.0,0.0031000000000034333,0.016100000000000003,20000.0
18781,T33UWP_20000_29,S2B_MSIL2A_20230611T094549_R079_T33UWQ_20230611T141650,200,,0.0,0.0,0.37,0.15,0.08,0.0,0.2,3.43,95.75,0.02,0.0,10000,0,0.0,20000.000000000116,20000.00000000093,0.9086294174194336,99.2,,0.0,0.0,0.02779999999999999,0.003599999999999992,-0.008800000000000002,0.0,-0.05569999999999997,0.08700000000000019,-0.05559999999999832,0.0017000000000000001,0.0,0.03310000000000457,0.05569999999999997,20000.0
18794,T33UWP_20000_29,S2B_MSIL2A_20230611T094549_R079_T33UWQ_20230611T141650,500,,0.0,0.0,0.375,0.0625,0.0,0.0,0.0,3.5625,96.0,0.0,0.0,1600,0,0.0,20000.000000000116,20000.00000000093,0.832165002822876,99.5625,,0.0,0.0,0.032799999999999996,-0.0839,-0.0888,0.0,-0.2557,0.21950000000000003,0.19440000000000168,-0.0183,0.0,0.39560000000000173,0.39560000000000173,20000.0
18807,T33UWP_20000_29,S2B_MSIL2A_20230611T094549_R079_T33UWQ_20230611T141650,1000,,0.0,0.0,0.25,0.5,0.0,0.0,0.0,2.0,97.25,0.0,0.0,400,0,0.0,20000.000000000116,20000.00000000093,0.7801733016967773,99.25,,0.0,0.0,-0.0922,0.3536,-0.0888,0.0,-0.2557,-1.343,1.4444000000000017,-0.0183,0.0,0.08310000000000173,0.3536,20000.0
18743,T33UWP_20000_29,S2B_MSIL2A_20230614T095559_R122_T33UWQ_20230614T142556,20,,0.0,0.0169,1.0992,77.2262,14.5004,0.4442,0.2409,1.4687,0.595,4.4085,0.0,1000000,0,0.0,20000.000000000116,20000.00000000093,1.1235096454620361,6.4722,,0.0,0.0,0.0,0.0,0.0,0.0,0.0,0.0,0.0,0.0,0.0,0.0,0.0,20000.0
18756,T33UWP_20000_29,S2B_MSIL2A_20230614T095559_R122_T33UWQ_20230614T142556,50,,0.0,0.015625,1.10375,77.248125,14.480625,0.450625,0.2325,1.475,0.585625,4.408125,0.0,160000,0,0.0,20000.000000000116,20000.00000000093,0.9376583099365234,6.46875,,0.0,-0.0012749999999999984,0.004550000000000054,0.021924999999995975,-0.019775000000000986,0.006425000000000014,-0.00839999999999999,0.006300000000000194,-0.009375000000000022,-0.0003750000000000142,0.0,-0.003449999999999953,0.021924999999995975,20000.0
18769,T33UWP_20000_29,S2B_MSIL2A_20230614T095559_R122_T33UWQ_20230614T142556,100,,0.0,0.015,1.1025,77.165,14.585,0.445,0.195,1.4875,0.5825,4.4225,0.0,40000,0,0.0,20000.000000000116,20000.00000000093,0.820171594619751,6.492500000000001,,0.0,-0.001899999999999999,0.0033000000000000806,-0.06119999999999948,0.08460000000000001,0.0008000000000000229,-0.045899999999999996,0.01880000000000015,-0.012499999999999956,0.014000000000000234,0.0,0.02030000000000065,0.08460000000000001,20000.0
18782,T33UWP_20000_29,S2B_MSIL2A_20230614T095559_R122_T33UWQ_20230614T142556,200,,0.0,0.03,1.05,77.26,14.33,0.42,0.32,1.5,0.63,4.46,0.0,10000,0,0.0,20000.000000000116,20000.00000000093,0.9086294174194336,6.59,,0.0,0.0131,-0.04919999999999991,0.033799999999999386,-0.17040000000000077,-0.0242,0.0791,0.031300000000000106,0.03500000000000003,0.05149999999999988,0.0,0.1177999999999999,0.17040000000000077,20000.0
18795,T33UWP_20000_29,S2B_MSIL2A_20230614T095559_R122_T33UWQ_20230614T142556,500,,0.0,0.0625,0.9375,77.4375,14.25,0.5,0.25,1.5625,0.5625,4.4375,0.0,1600,0,0.0,20000.000000000116,20000.00000000093,0.832165002822876,6.5625,,0.0,0.0456,-0.16169999999999995,0.21129999999999427,-0.25040000000000084,0.055800000000000016,0.009099999999999997,0.0938000000000001,-0.03249999999999997,0.028999999999999915,0.0,0.09030000000000005,0.25040000000000084,20000.0
18808,T33UWP_20000_29,S2B_MSIL2A_20230614T095559_R122_T33UWQ_20230614T142556,1000,,0.0,0.0,1.0,79.75,12.25,0.25,0.75,0.75,1.25,4.0,0.0,400,0,0.0,20000.000000000116,20000.00000000093,0.7801733016967773,6.0,,0.0,-0.0169,-0.09919999999999995,2.5237999999999943,-2.250400000000001,-0.19419999999999998,0.5091,-0.7186999999999999,0.655,-0.4085000000000001,0.0,-0.47219999999999995,2.5237999999999943,20000.0
18746,T33UWP_20000_29,S2B_MSIL2A_20230621T094549_R079_T33UWQ_20230621T144336,20,,0.0,0.0085,0.0,43.9886,4.9628,0.606,0.152,8.4762,4.7085,37.0974,0.0,1000000,0,0.0,20000.000000000116,20000.00000000093,1.1235096454620361,50.2821,,0.0,0.0,0.0,0.0,0.0,0.0,0.0,0.0,0.0,0.0,0.0,0.0,0.0,20000.0
18759,T33UWP_20000_29,S2B_MSIL2A_20230621T094549_R079_T33UWQ_20230621T144336,50,,0.0,0.00625,0.0,43.9975,4.96,0.61,0.145625,8.48625,4.71625,37.078125,0.0,160000,0,0.0,20000.000000000116,20000.00000000093,0.9376583099365234,50.280625,,0.0,-0.0022500000000000003,0.0,0.008900000000004127,-0.0027999999999996916,0.0040000000000000036,-0.006374999999999992,0.01004999999999967,0.007749999999999702,-0.019275000000000375,0.0,-0.001474999999999227,0.008900000000004127,20000.0
18772,T33UWP_20000_29,S2B_MSIL2A_20230621T094549_R079_T33UWQ_20230621T144336,100,,0.0,0.01,0.0,43.83,5.14,0.6025,0.13,8.4675,4.7125,37.1075,0.0,40000,0,0.0,20000.000000000116,20000.00000000093,0.820171594619751,50.2875,,0.0,0.0014999999999999996,0.0,-0.15859999999999985,0.17720000000000002,-0.0034999999999999476,-0.021999999999999992,-0.00870000000000104,0.004000000000000448,0.01010000000000133,0.0,0.005400000000001626,0.17720000000000002,20000.0
18785,T33UWP_20000_29,S2B_MSIL2A_20230621T094549_R079_T33UWQ_20230621T144336,200,,0.0,0.0,0.0,43.6,5.13,0.61,0.17,8.44,4.89,37.16,0.0,10000,0,0.0,20000.000000000116,20000.00000000093,0.9086294174194336,50.489999999999995,,0.0,-0.0085,0.0,-0.3885999999999967,0.16720000000000024,0.0040000000000000036,0.018000000000000016,-0.0362000000000009,0.18149999999999977,0.06259999999999621,0.0,0.2078999999999951,0.3885999999999967,20000.0
18798,T33UWP_20000_29,S2B_MSIL2A_20230621T094549_R079_T33UWQ_20230621T144336,500,,0.0,0.0625,0.0,45.1875,5.0625,0.625,0.125,8.25,4.875,35.8125,0.0,1600,0,0.0,20000.000000000116,20000.00000000093,0.832165002822876,48.9375,,0.0,0.054,0.0,1.1989000000000019,0.09970000000000034,0.019000000000000017,-0.026999999999999996,-0.2262000000000004,0.1665000000000001,-1.2849000000000004,0.0,-1.3445999999999998,1.3445999999999998,20000.0
18811,T33UWP_20000_29,S2B_MSIL2A_20230621T094549_R079_T33UWQ_20230621T144336,1000,,0.0,0.0,0.0,47.0,3.0,0.5,0.5,6.75,5.75,36.5,0.0,400,0,0.0,20000.000000000116,20000.00000000093,0.7801733016967773,49.0,,0.0,-0.0085,0.0,3.011400000000002,-1.9627999999999997,-0.10599999999999998,0.348,-1.7262000000000004,1.0415,-0.5974000000000004,0.0,-1.2820999999999998,3.011400000000002,20000.0
18747,T33UWP_20000_29,S2B_MSIL2A_20230624T095559_R122_T33UWQ_20230624T154230,20,,0.0,0.0,0.0,0.0,0.0,0.0,0.0,0.0,100.0,0.0,0.0,1000000,0,0.0,20000.000000000116,20000.00000000093,1.1235096454620361,100.0,,0.0,0.0,0.0,0.0,0.0,0.0,0.0,0.0,0.0,0.0,0.0,0.0,0.0,20000.0
18760,T33UWP_20000_29,S2B_MSIL2A_20230624T095559_R122_T33UWQ_20230624T154230,50,,0.0,0.0,0.0,0.0,0.0,0.0,0.0,0.0,100.0,0.0,0.0,160000,0,0.0,20000.000000000116,20000.00000000093,0.9376583099365234,100.0,,0.0,0.0,0.0,0.0,0.0,0.0,0.0,0.0,0.0,0.0,0.0,0.0,0.0,20000.0
18773,T33UWP_20000_29,S2B_MSIL2A_20230624T095559_R122_T33UWQ_20230624T154230,100,,0.0,0.0,0.0,0.0,0.0,0.0,0.0,0.0,100.0,0.0,0.0,40000,0,0.0,20000.000000000116,20000.00000000093,0.820171594619751,100.0,,0.0,0.0,0.0,0.0,0.0,0.0,0.0,0.0,0.0,0.0,0.0,0.0,0.0,20000.0
18786,T33UWP_20000_29,S2B_MSIL2A_20230624T095559_R122_T33UWQ_20230624T154230,200,,0.0,0.0,0.0,0.0,0.0,0.0,0.0,0.0,100.0,0.0,0.0,10000,0,0.0,20000.000000000116,20000.00000000093,0.9086294174194336,100.0,,0.0,0.0,0.0,0.0,0.0,0.0,0.0,0.0,0.0,0.0,0.0,0.0,0.0,20000.0
18799,T33UWP_20000_29,S2B_MSIL2A_20230624T095559_R122_T33UWQ_20230624T154230,500,,0.0,0.0,0.0,0.0,0.0,0.0,0.0,0.0,100.0,0.0,0.0,1600,0,0.0,20000.000000000116,20000.00000000093,0.832165002822876,100.0,,0.0,0.0,0.0,0.0,0.0,0.0,0.0,0.0,0.0,0.0,0.0,0.0,0.0,20000.0
18812,T33UWP_20000_29,S2B_MSIL2A_20230624T095559_R122_T33UWQ_20230624T154230,1000,,0.0,0.0,0.0,0.0,0.0,0.0,0.0,0.0,100.0,0.0,0.0,400,0,0.0,20000.000000000116,20000.00000000093,0.7801733016967773,100.0,,0.0,0.0,0.0,0.0,0.0,0.0,0.0,0.0,0.0,0.0,0.0,0.0,0.0,20000.0
18750,T33UWP_20000_29,S2B_MSIL2A_20230701T094549_R079_T33UWQ_20230701T141234,20,,0.0,0.0,0.0,0.0055,0.0066,0.0,0.0109,14.2092,84.4262,1.3416,0.0,1000000,0,0.0,20000.000000000116,20000.00000000093,1.1235096454620361,99.97699999999999,,0.0,0.0,0.0,0.0,0.0,0.0,0.0,0.0,0.0,0.0,0.0,0.0,0.0,20000.0
18763,T33UWP_20000_29,S2B_MSIL2A_20230701T094549_R079_T33UWQ_20230701T141234,50,,0.0,0.0,0.0,0.005625,0.006875,0.0,0.009375,14.228125,84.39375,1.35625,0.0,160000,0,0.0,20000.000000000116,20000.00000000093,0.9376583099365234,99.978125,,0.0,0.0,0.0,0.0001250000000000001,0.00027500000000000007,0.0,-0.0015250000000000003,0.01892500000000119,-0.0324499999999972,0.014650000000000052,0.0,0.0011250000000160298,0.0015250000000000003,20000.0
18776,T33UWP_20000_29,S2B_MSIL2A_20230701T094549_R079_T33UWQ_20230701T141234,100,,0.0,0.0,0.0,0.01,0.005,0.0,0.01,14.2175,84.395,1.3625,0.0,40000,0,0.0,20000.000000000116,20000.00000000093,0.820171594619751,99.975,,0.0,0.0,0.0,0.0045000000000000005,-0.0015999999999999999,0.0,-0.0008999999999999998,0.008300000000000196,-0.03119999999999834,0.02090000000000014,0.0,-0.001999999999995339,0.0045000000000000005,20000.0
18789,T33UWP_20000_29,S2B_MSIL2A_20230701T094549_R079_T33UWQ_20230701T141234,200,,0.0,0.0,0.0,0.0,0.01,0.0,0.0,14.06,84.61,1.32,0.0,10000,0,0.0,20000.000000000116,20000.00000000093,0.9086294174194336,99.99,,0.0,0.0,0.0,-0.0055,0.0034000000000000002,0.0,-0.0109,-0.14919999999999867,0.18380000000000507,-0.02159999999999984,0.0,0.01300000000000523,0.01300000000000523,20000.0
18802,T33UWP_20000_29,S2B_MSIL2A_20230701T094549_R079_T33UWQ_20230701T141234,500,,0.0,0.0,0.0,0.0,0.0,0.0,0.0,14.375,84.3125,1.3125,0.0,1600,0,0.0,20000.000000000116,20000.00000000093,0.832165002822876,100.0,,0.0,0.0,0.0,-0.0055,-0.0066,0.0,-0.0109,0.16580000000000084,-0.11369999999999436,-0.029099999999999904,0.0,0.023000000000010346,0.023000000000010346,20000.0
18815,T33UWP_20000_29,S2B_MSIL2A_20230701T094549_R079_T33UWQ_20230701T141234,1000,,0.0,0.0,0.0,0.0,0.0,0.0,0.0,14.25,84.5,1.25,0.0,400,0,0.0,20000.000000000116,20000.00000000093,0.7801733016967773,100.0,,0.0,0.0,0.0,-0.0055,-0.0066,0.0,-0.0109,0.040800000000000836,0.07380000000000564,-0.0915999999999999,0.0,0.023000000000010346,0.023000000000010346,20000.0
17509,T33UWP_20000_3,S2A_MSIL2A_20230609T100031_R122_T33UWP_20230609T173715,20,,0.0,0.0,0.0736,0.0,0.0,0.0,0.0,16.3604,81.4442,2.1218,0.0,1000000,0,0.0,20000.000000000175,20000.0,0.6012406349182129,99.92639999999999,,0.0,0.0,0.0,0.0,0.0,0.0,0.0,0.0,0.0,0.0,0.0,0.0,0.0,20000.0
17515,T33UWP_20000_3,S2A_MSIL2A_20230609T100031_R122_T33UWP_20230609T173715,50,,0.0,0.0,0.074375,0.0,0.0,0.0,0.0,16.351875,81.445625,2.128125,0.0,160000,0,0.0,20000.000000000175,20000.0,0.45219922065734863,99.92562500000001,,0.0,0.0,0.0007749999999999979,0.0,0.0,0.0,0.0,-0.008524999999998784,0.001425000000011778,0.006324999999999914,0.0,-0.0007749999999759893,0.0007749999999999979,20000.0
17521,T33UWP_20000_3,S2A_MSIL2A_20230609T100031_R122_T33UWP_20230609T173715,100,,0.0,0.0,0.08,0.0,0.0,0.0,0.0,16.375,81.4625,2.0825,0.0,40000,0,0.0,20000.000000000175,20000.0,0.7456343173980713,99.92,,0.0,0.0,0.006400000000000003,0.0,0.0,0.0,0.0,0.0146000000000015,0.01830000000001064,-0.03929999999999989,0.0,-0.006399999999985084,0.006400000000000003,20000.0
17527,T33UWP_20000_3,S2A_MSIL2A_20230609T100031_R122_T33UWP_20230609T173715,200,,0.0,0.0,0.05,0.0,0.0,0.0,0.0,16.43,81.4,2.12,0.0,10000,0,0.0,20000.000000000175,20000.0,0.40836429595947266,99.95000000000002,,0.0,0.0,-0.023599999999999996,0.0,0.0,0.0,0.0,0.06960000000000122,-0.04419999999998936,-0.0017999999999998018,0.0,0.023600000000030263,0.023600000000030263,20000.0
17533,T33UWP_20000_3,S2A_MSIL2A_20230609T100031_R122_T33UWP_20230609T173715,500,,0.0,0.0,0.0625,0.0,0.0,0.0,0.0,17.875,80.25,1.8125,0.0,1600,0,0.0,20000.000000000175,20000.0,0.4963867664337158,99.9375,,0.0,0.0,-0.011099999999999999,0.0,0.0,0.0,0.0,1.5146000000000015,-1.194199999999995,-0.3092999999999999,0.0,0.01110000000001321,0.01110000000001321,20000.0
17539,T33UWP_20000_3,S2A_MSIL2A_20230609T100031_R122_T33UWP_20230609T173715,1000,,0.0,0.0,0.0,0.0,0.0,0.0,0.0,16.0,81.25,2.75,0.0,400,0,0.0,20000.000000000175,20000.0,0.4425482749938965,100.0,,0.0,0.0,-0.0736,0.0,0.0,0.0,0.0,-0.3603999999999985,-0.19419999999999504,0.6282000000000001,0.0,0.07360000000001321,0.07360000000001321,20000.0
17511,T33UWP_20000_3,S2A_MSIL2A_20230619T100031_R122_T33UWP_20230619T172742,20,,0.0,0.0019,5.9982,30.8497,1.6194,0.0195,3.8547,14.9092,40.6089,2.1385,0.0,1000000,0,0.0,20000.000000000175,20000.0,0.6012406349182129,57.6566,,0.0,0.0,0.0,0.0,0.0,0.0,0.0,0.0,0.0,0.0,0.0,0.0,0.0,20000.0
17517,T33UWP_20000_3,S2A_MSIL2A_20230619T100031_R122_T33UWP_20230619T172742,50,,0.0,0.001875,6.0125,30.82375,1.610625,0.018125,3.85125,14.915625,40.61375,2.1525,0.0,160000,0,0.0,20000.000000000175,20000.0,0.45219922065734863,57.681875000000005,,0.0,-2.5000000000000066e-05,0.014300000000000423,-0.02594999999999814,-0.008774999999999977,-0.0013750000000000012,-0.003449999999999953,0.006425000000000125,0.004850000000004684,0.01399999999999979,0.0,0.025275000000007708,0.02594999999999814,20000.0
17523,T33UWP_20000_3,S2A_MSIL2A_20230619T100031_R122_T33UWP_20230619T172742,100,,0.0,0.0025,5.995,30.7525,1.66,0.0125,3.905,14.9225,40.6075,2.1425,0.0,40000,0,0.0,20000.000000000175,20000.0,0.7456343173980713,57.6725,,0.0,0.0006000000000000001,-0.0031999999999996476,-0.09719999999999729,0.04059999999999997,-0.006999999999999999,0.05030000000000001,0.013299999999999201,-0.0013999999999967372,0.0040000000000000036,0.0,0.015900000000002024,0.09719999999999729,20000.0
17529,T33UWP_20000_3,S2A_MSIL2A_20230619T100031_R122_T33UWP_20230619T172742,200,,0.0,0.01,6.11,30.95,1.67,0.03,4.05,15.02,40.02,2.14,0.0,10000,0,0.0,20000.000000000175,20000.0,0.40836429595947266,57.18000000000001,,0.0,0.0081,0.11180000000000057,0.10030000000000072,0.05059999999999998,0.010499999999999999,0.19530000000000003,0.11079999999999934,-0.5888999999999953,0.0015000000000000568,0.0,-0.4765999999999906,0.4765999999999906,20000.0
17535,T33UWP_20000_3,S2A_MSIL2A_20230619T100031_R122_T33UWP_20230619T172742,500,,0.0,0.0,5.75,32.375,1.5625,0.0,4.4375,14.25,39.5,2.125,0.0,1600,0,0.0,20000.000000000175,20000.0,0.4963867664337158,55.875,,0.0,-0.0019,-0.24819999999999975,1.5253000000000014,-0.05689999999999995,-0.0195,0.5828000000000002,-0.6592000000000002,-1.1088999999999984,-0.013500000000000068,0.0,-1.7815999999999974,1.7815999999999974,20000.0
17541,T33UWP_20000_3,S2A_MSIL2A_20230619T100031_R122_T33UWP_20230619T172742,1000,,0.0,0.0,7.75,32.0,1.25,0.0,4.5,15.5,37.0,2.0,0.0,400,0,0.0,20000.000000000175,20000.0,0.4425482749938965,54.5,,0.0,-0.0019,1.7518000000000002,1.1503000000000014,-0.36939999999999995,-0.0195,0.6453000000000002,0.5907999999999998,-3.6088999999999984,-0.13850000000000007,0.0,-3.1565999999999974,3.1565999999999974,20000.0
17513,T33UWP_20000_3,S2A_MSIL2A_20230629T100031_R122_T33UWP_20230629T191411,20,,0.0,0.0064,12.9988,56.6621,1.3749,0.0225,0.561,13.2005,15.0372,0.1366,0.0,1000000,0,0.0,20000.000000000175,20000.0,0.6012406349182129,28.3743,,0.0,0.0,0.0,0.0,0.0,0.0,0.0,0.0,0.0,0.0,0.0,0.0,0.0,20000.0
17519,T33UWP_20000_3,S2A_MSIL2A_20230629T100031_R122_T33UWP_20230629T191411,50,,0.0,0.0075,13.00875,56.680625,1.355625,0.020625,0.55875,13.17125,15.054375,0.1425,0.0,160000,0,0.0,20000.000000000175,20000.0,0.45219922065734863,28.368125,,0.0,0.0010999999999999994,0.009949999999999903,0.018524999999996794,-0.01927499999999993,-0.0018749999999999982,-0.0022500000000000853,-0.029249999999999332,0.01717499999999994,0.005899999999999989,0.0,-0.006175000000002484,0.01927499999999993,20000.0
17525,T33UWP_20000_3,S2A_MSIL2A_20230629T100031_R122_T33UWP_20230629T191411,100,,0.0,0.0075,13.04,56.6225,1.305,0.025,0.615,13.2125,15.0325,0.14,0.0,40000,0,0.0,20000.000000000175,20000.0,0.7456343173980713,28.385,,0.0,0.0010999999999999994,0.0411999999999999,-0.03960000000000008,-0.06990000000000007,0.0025000000000000022,0.05399999999999994,0.012000000000000455,-0.004699999999999704,0.003400000000000014,0.0,0.010699999999999932,0.06990000000000007,20000.0
17531,T33UWP_20000_3,S2A_MSIL2A_20230629T100031_R122_T33UWP_20230629T191411,200,,0.0,0.01,12.83,57.02,1.37,0.03,0.57,13.24,14.81,0.12,0.0,10000,0,0.0,20000.000000000175,20000.0,0.40836429595947266,28.17,,0.0,0.0036,-0.16879999999999917,0.3579000000000008,-0.004899999999999904,0.0075,0.008999999999999897,0.03950000000000031,-0.22719999999999985,-0.016600000000000004,0.0,-0.20429999999999993,0.3579000000000008,20000.0
17537,T33UWP_20000_3,S2A_MSIL2A_20230629T100031_R122_T33UWP_20230629T191411,500,,0.0,0.0,13.5625,56.4375,1.3125,0.0,0.375,12.5,15.6875,0.125,0.0,1600,0,0.0,20000.000000000175,20000.0,0.4963867664337158,28.3125,,0.0,-0.0064,0.5637000000000008,-0.22460000000000235,-0.06240000000000001,-0.0225,-0.18600000000000005,-0.7004999999999999,0.6502999999999997,-0.0116,0.0,-0.06180000000000163,0.5637000000000008,20000.0
17543,T33UWP_20000_3,S2A_MSIL2A_20230629T100031_R122_T33UWP_20230629T191411,1000,,0.0,0.0,13.25,59.0,0.5,0.0,0.25,12.5,14.5,0.0,0.0,400,0,0.0,20000.000000000175,20000.0,0.4425482749938965,27.0,,0.0,-0.0064,0.25120000000000076,2.3378999999999976,-0.8749,-0.0225,-0.31100000000000005,-0.7004999999999999,-0.5372000000000003,-0.1366,0.0,-1.3743000000000016,2.3378999999999976,20000.0
17508,T33UWP_20000_3,S2B_MSIL2A_20230604T095559_R122_T33UWP_20230604T174403,20,,0.0,0.0047,7.7719,30.3908,2.0206,0.0043,5.4776,20.6475,26.4877,7.1949,0.0,1000000,0,0.0,20000.000000000175,20000.0,0.6012406349182129,54.330099999999995,,0.0,0.0,0.0,0.0,0.0,0.0,0.0,0.0,0.0,0.0,0.0,0.0,0.0,20000.0
17514,T33UWP_20000_3,S2B_MSIL2A_20230604T095559_R122_T33UWP_20230604T174403,50,,0.0,0.005,7.76125,30.359375,2.029375,0.00375,5.47625,20.670625,26.46625,7.228125,0.0,160000,0,0.0,20000.000000000175,20000.0,0.45219922065734863,54.365,,0.0,0.0002999999999999999,-0.01064999999999916,-0.031424999999998704,0.008774999999999977,-0.0005500000000000001,-0.0013499999999995183,0.023125000000000284,-0.021450000000001523,0.033225000000000726,0.0,0.03490000000000748,0.03490000000000748,20000.0
17520,T33UWP_20000_3,S2B_MSIL2A_20230604T095559_R122_T33UWP_20230604T174403,100,,0.0,0.005,7.7425,30.35,2.04,0.005,5.45,20.645,26.5075,7.255,0.0,40000,0,0.0,20000.000000000175,20000.0,0.7456343173980713,54.407500000000006,,0.0,0.0002999999999999999,-0.02939999999999987,-0.04079999999999728,0.019400000000000084,0.0007000000000000001,-0.027599999999999625,-0.002500000000001279,0.01980000000000004,0.060100000000000264,0.0,0.07740000000001146,0.07740000000001146,20000.0
17526,T33UWP_20000_3,S2B_MSIL2A_20230604T095559_R122_T33UWP_20230604T174403,200,,0.0,0.0,7.66,30.72,2.1,0.0,5.39,20.9,26.12,7.11,0.0,10000,0,0.0,20000.000000000175,20000.0,0.40836429595947266,54.129999999999995,,0.0,-0.0047,-0.11189999999999944,0.32920000000000016,0.07940000000000014,-0.0043,-0.08760000000000012,0.2524999999999977,-0.36769999999999925,-0.08489999999999931,0.0,-0.20009999999999906,0.32920000000000016,20000.0
17532,T33UWP_20000_3,S2B_MSIL2A_20230604T095559_R122_T33UWP_20230604T174403,500,,0.0,0.0,7.6875,30.25,2.25,0.0,6.5,18.5,27.625,7.1875,0.0,1600,0,0.0,20000.000000000175,20000.0,0.4963867664337158,53.3125,,0.0,-0.0047,-0.08439999999999959,-0.1407999999999987,0.22940000000000005,-0.0043,1.0224000000000002,-2.147500000000001,1.1372999999999998,-0.007399999999999629,0.0,-1.0175999999999945,1.0224000000000002,20000.0
17538,T33UWP_20000_3,S2B_MSIL2A_20230604T095559_R122_T33UWP_20230604T174403,1000,,0.0,0.0,6.75,30.75,2.5,0.0,5.0,24.0,25.5,5.5,0.0,400,0,0.0,20000.000000000175,20000.0,0.4425482749938965,55.0,,0.0,-0.0047,-1.0218999999999996,0.3592000000000013,0.47940000000000005,-0.0043,-0.4775999999999998,3.352499999999999,-0.9877000000000002,-1.6948999999999996,0.0,0.6699000000000055,1.0218999999999996,20000.0
17510,T33UWP_20000_3,S2B_MSIL2A_20230614T095559_R122_T33UWP_20230614T142248,20,,0.0,0.0013,17.8545,36.9695,1.2073,0.0152,0.2943,15.9992,27.6173,0.0414,0.0,1000000,0,0.0,20000.000000000175,20000.0,0.6012406349182129,43.657900000000005,,0.0,0.0,0.0,0.0,0.0,0.0,0.0,0.0,0.0,0.0,0.0,0.0,0.0,20000.0
17516,T33UWP_20000_3,S2B_MSIL2A_20230614T095559_R122_T33UWP_20230614T142248,50,,0.0,0.00125,17.854375,36.994375,1.199375,0.014375,0.299375,15.94375,27.653125,0.04,0.0,160000,0,0.0,20000.000000000175,20000.0,0.45219922065734863,43.636874999999996,,0.0,-4.9999999999999914e-05,-0.00012500000000059686,0.024875000000001535,-0.00792499999999996,-0.0008249999999999993,0.005074999999999996,-0.05545000000000044,0.03582499999999911,-0.0013999999999999985,0.0,-0.02102500000000873,0.024875000000001535,20000.0
17522,T33UWP_20000_3,S2B_MSIL2A_20230614T095559_R122_T33UWP_20230614T142248,100,,0.0,0.0025,17.825,37.02,1.1925,0.015,0.29,15.8875,27.7175,0.05,0.0,40000,0,0.0,20000.000000000175,20000.0,0.7456343173980713,43.655,,0.0,0.0012000000000000001,-0.029500000000002302,0.05050000000000665,-0.014800000000000146,-0.00020000000000000052,-0.004300000000000026,-0.1117000000000008,0.10020000000000095,0.008600000000000003,0.0,-0.0029000000000038995,0.05050000000000665,20000.0
17528,T33UWP_20000_3,S2B_MSIL2A_20230614T095559_R122_T33UWP_20230614T142248,200,,0.0,0.0,18.05,37.06,1.25,0.01,0.28,15.66,27.66,0.03,0.0,10000,0,0.0,20000.000000000175,20000.0,0.40836429595947266,43.35,,0.0,-0.0013,0.19549999999999912,0.0905000000000058,0.04269999999999996,-0.0052,-0.01429999999999998,-0.33919999999999995,0.04269999999999996,-0.0114,0.0,-0.3079000000000036,0.3079000000000036,20000.0
17534,T33UWP_20000_3,S2B_MSIL2A_20230614T095559_R122_T33UWP_20230614T142248,500,,0.0,0.0,17.5,37.5625,1.125,0.0625,0.375,15.375,27.9375,0.0625,0.0,1600,0,0.0,20000.000000000175,20000.0,0.4963867664337158,43.375,,0.0,-0.0013,-0.3545000000000016,0.5930000000000035,-0.08230000000000004,0.0473,0.0807,-0.6242000000000001,0.3201999999999998,0.0211,0.0,-0.28290000000000504,0.5930000000000035,20000.0
17540,T33UWP_20000_3,S2B_MSIL2A_20230614T095559_R122_T33UWP_20230614T142248,1000,,0.0,0.0,18.75,38.25,1.75,0.0,0.0,13.5,27.75,0.0,0.0,400,0,0.0,20000.000000000175,20000.0,0.4425482749938965,41.25,,0.0,-0.0013,0.8954999999999984,1.2805000000000035,0.5427,-0.0152,-0.2943,-2.4992,0.13269999999999982,-0.0414,0.0,-2.407900000000005,2.407900000000005,20000.0
17512,T33UWP_20000_3,S2B_MSIL2A_20230624T095559_R122_T33UWP_20230624T142946,20,,0.0,0.0,0.0,0.0,0.0,0.0,0.0,0.0165,99.9835,0.0,0.0,1000000,0,0.0,20000.000000000175,20000.0,0.6012406349182129,100.0,,0.0,0.0,0.0,0.0,0.0,0.0,0.0,0.0,0.0,0.0,0.0,0.0,0.0,20000.0
17518,T33UWP_20000_3,S2B_MSIL2A_20230624T095559_R122_T33UWP_20230624T142946,50,,0.0,0.0,0.0,0.0,0.0,0.0,0.0,0.016875,99.983125,0.0,0.0,160000,0,0.0,20000.000000000175,20000.0,0.45219922065734863,100.0,,0.0,0.0,0.0,0.0,0.0,0.0,0.0,0.00037500000000000033,-0.0003750000000053433,0.0,0.0,0.0,0.0,20000.0
17524,T33UWP_20000_3,S2B_MSIL2A_20230624T095559_R122_T33UWP_20230624T142946,100,,0.0,0.0,0.0,0.0,0.0,0.0,0.0,0.02,99.98,0.0,0.0,40000,0,0.0,20000.000000000175,20000.0,0.7456343173980713,100.0,,0.0,0.0,0.0,0.0,0.0,0.0,0.0,0.0034999999999999996,-0.003500000000002501,0.0,0.0,0.0,0.0,20000.0
17530,T33UWP_20000_3,S2B_MSIL2A_20230624T095559_R122_T33UWP_20230624T142946,200,,0.0,0.0,0.0,0.0,0.0,0.0,0.0,0.02,99.98,0.0,0.0,10000,0,0.0,20000.000000000175,20000.0,0.40836429595947266,100.0,,0.0,0.0,0.0,0.0,0.0,0.0,0.0,0.0034999999999999996,-0.003500000000002501,0.0,0.0,0.0,0.0,20000.0
17536,T33UWP_20000_3,S2B_MSIL2A_20230624T095559_R122_T33UWP_20230624T142946,500,,0.0,0.0,0.0,0.0,0.0,0.0,0.0,0.0,100.0,0.0,0.0,1600,0,0.0,20000.000000000175,20000.0,0.4963867664337158,100.0,,0.0,0.0,0.0,0.0,0.0,0.0,0.0,-0.0165,0.01649999999999352,0.0,0.0,0.0,0.0,20000.0
17542,T33UWP_20000_3,S2B_MSIL2A_20230624T095559_R122_T33UWP_20230624T142946,1000,,0.0,0.0,0.0,0.0,0.0,0.0,0.0,0.0,100.0,0.0,0.0,400,0,0.0,20000.000000000175,20000.0,0.4425482749938965,100.0,,0.0,0.0,0.0,0.0,0.0,0.0,0.0,-0.0165,0.01649999999999352,0.0,0.0,0.0,0.0,20000.0
18818,T33UWP_20000_30,S2A_MSIL2A_20230606T095031_R079_T33UXP_20230606T160730,20,,0.0,0.0008,42.3886,3.1903,1.5858,0.154,0.1148,13.6142,37.986,0.9655,0.0,1000000,0,0.0,20000.000000000116,19999.99999999907,1.295405626296997,52.5657,,0.0,0.0,0.0,0.0,0.0,0.0,0.0,0.0,0.0,0.0,0.0,0.0,0.0,20000.0
18831,T33UWP_20000_30,S2A_MSIL2A_20230606T095031_R079_T33UXP_20230606T160730,50,,0.0,0.001875,42.395625,3.17625,1.59,0.145,0.116875,13.55875,38.05125,0.964375,0.0,160000,0,0.0,20000.000000000116,19999.99999999907,1.6403546333312988,52.574374999999996,,0.0,0.001075,0.007025000000005832,-0.014050000000000118,0.0041999999999999815,-0.009000000000000008,0.0020750000000000074,-0.05545000000000044,0.06525000000000603,-0.0011250000000000426,0.0,0.008674999999996658,0.014050000000000118,20000.0
18844,T33UWP_20000_30,S2A_MSIL2A_20230606T095031_R079_T33UXP_20230606T160730,100,,0.0,0.0025,42.345,3.175,1.5975,0.14,0.1225,13.6725,38.0225,0.9225,0.0,40000,0,0.0,20000.000000000116,19999.99999999907,0.8793399333953857,52.6175,,0.0,0.0017000000000000001,-0.04359999999999786,-0.015300000000000313,0.011699999999999822,-0.013999999999999985,0.0076999999999999985,0.05829999999999913,0.03650000000000375,-0.04300000000000004,0.0,0.05180000000000007,0.05180000000000007,20000.0
18857,T33UWP_20000_30,S2A_MSIL2A_20230606T095031_R079_T33UXP_20230606T160730,200,,0.0,0.0,42.25,3.22,1.61,0.18,0.09,13.38,38.28,0.99,0.0,10000,0,0.0,20000.000000000116,19999.99999999907,0.8349606990814209,52.650000000000006,,0.0,-0.0008,-0.13859999999999673,0.02970000000000006,0.0242,0.025999999999999995,-0.024800000000000003,-0.23419999999999952,0.29400000000000404,0.024499999999999966,0.0,0.08430000000000604,0.13859999999999673,20000.0
18870,T33UWP_20000_30,S2A_MSIL2A_20230606T095031_R079_T33UXP_20230606T160730,500,,0.0,0.0,43.1875,3.0,1.5,0.1875,0.125,14.0625,36.9375,1.0,0.0,1600,0,0.0,20000.000000000116,19999.99999999907,0.988311767578125,52.0,,0.0,-0.0008,0.7989000000000033,-0.19030000000000014,-0.0858000000000001,0.0335,0.0102,0.4482999999999997,-1.048499999999997,0.034499999999999975,0.0,-0.5656999999999996,0.7989000000000033,20000.0
18883,T33UWP_20000_30,S2A_MSIL2A_20230606T095031_R079_T33UXP_20230606T160730,1000,,0.0,0.0,40.75,3.25,1.75,0.25,0.0,14.25,38.5,1.25,0.0,400,0,0.0,20000.000000000116,19999.99999999907,0.7946250438690186,54.0,,0.0,-0.0008,-1.6385999999999967,0.059699999999999864,0.1641999999999999,0.096,-0.1148,0.6357999999999997,0.5140000000000029,0.2845,0.0,1.4343000000000004,1.6385999999999967,20000.0
18819,T33UWP_20000_30,S2A_MSIL2A_20230609T100031_R122_T33UXP_20230609T174018,20,,0.0,0.0,0.8492,0.0,0.0,0.0,0.0,27.8782,66.6508,4.6218,0.0,1000000,0,0.0,20000.000000000116,19999.99999999907,1.295405626296997,99.1508,,0.0,0.0,0.0,0.0,0.0,0.0,0.0,0.0,0.0,0.0,0.0,0.0,0.0,20000.0
18832,T33UWP_20000_30,S2A_MSIL2A_20230609T100031_R122_T33UXP_20230609T174018,50,,0.0,0.0,0.84375,0.0,0.0,0.0,0.0,27.861875,66.6675,4.626875,0.0,160000,0,0.0,20000.000000000116,19999.99999999907,1.6403546333312988,99.15625,,0.0,0.0,-0.005449999999999955,0.0,0.0,0.0,0.0,-0.01632499999999837,0.01670000000000016,0.005074999999999719,0.0,0.00544999999999618,0.005449999999999955,20000.0
18845,T33UWP_20000_30,S2A_MSIL2A_20230609T100031_R122_T33UXP_20230609T174018,100,,0.0,0.0,0.835,0.0,0.0,0.0,0.0,27.935,66.5925,4.6375,0.0,40000,0,0.0,20000.000000000116,19999.99999999907,0.8793399333953857,99.165,,0.0,0.0,-0.01419999999999999,0.0,0.0,0.0,0.0,0.05679999999999907,-0.05830000000000268,0.015699999999999825,0.0,0.014200000000002433,0.014200000000002433,20000.0
18858,T33UWP_20000_30,S2A_MSIL2A_20230609T100031_R122_T33UXP_20230609T174018,200,,0.0,0.0,0.88,0.0,0.0,0.0,0.0,28.09,66.5,4.53,0.0,10000,0,0.0,20000.000000000116,19999.99999999907,0.8349606990814209,99.12,,0.0,0.0,0.03080000000000005,0.0,0.0,0.0,0.0,0.2118000000000002,-0.15080000000000382,-0.0918000000000001,0.0,-0.030799999999999272,0.03080000000000005,20000.0
18871,T33UWP_20000_30,S2A_MSIL2A_20230609T100031_R122_T33UXP_20230609T174018,500,,0.0,0.0,0.9375,0.0,0.0,0.0,0.0,28.125,66.875,4.0625,0.0,1600,0,0.0,20000.000000000116,19999.99999999907,0.988311767578125,99.0625,,0.0,0.0,0.08830000000000005,0.0,0.0,0.0,0.0,0.24680000000000035,0.22419999999999618,-0.5593000000000004,0.0,-0.08830000000000382,0.08830000000000382,20000.0
18884,T33UWP_20000_30,S2A_MSIL2A_20230609T100031_R122_T33UXP_20230609T174018,1000,,0.0,0.0,1.5,0.0,0.0,0.0,0.0,29.0,66.25,3.25,0.0,400,0,0.0,20000.000000000116,19999.99999999907,0.7946250438690186,98.5,,0.0,0.0,0.6508,0.0,0.0,0.0,0.0,1.1218000000000004,-0.4008000000000038,-1.3718000000000004,0.0,-0.6508000000000038,0.6508000000000038,20000.0
18822,T33UWP_20000_30,S2A_MSIL2A_20230616T095031_R079_T33UXP_20230616T172747,20,,0.0,0.0042,2.8096,72.8527,18.203,0.2477,0.2026,2.2217,1.6078,1.8507,0.0,1000000,0,0.0,20000.000000000116,19999.99999999907,1.295405626296997,5.680199999999999,,0.0,0.0,0.0,0.0,0.0,0.0,0.0,0.0,0.0,0.0,0.0,0.0,0.0,20000.0
18835,T33UWP_20000_30,S2A_MSIL2A_20230616T095031_R079_T33UXP_20230616T172747,50,,0.0,0.004375,2.81125,72.866875,18.19,0.24875,0.196875,2.22625,1.6075,1.848125,0.0,160000,0,0.0,20000.000000000116,19999.99999999907,1.6403546333312988,5.681875,,0.0,0.00017500000000000068,0.0016499999999997073,0.014174999999994498,-0.012999999999998124,0.0010499999999999954,-0.005725000000000008,0.004550000000000054,-0.00029999999999996696,-0.002574999999999994,0.0,0.0016750000000005372,0.014174999999994498,20000.0
18848,T33UWP_20000_30,S2A_MSIL2A_20230616T095031_R079_T33UXP_20230616T172747,100,,0.0,0.005,2.8275,72.88,18.1175,0.2625,0.235,2.175,1.65,1.8475,0.0,40000,0,0.0,20000.000000000116,19999.99999999907,0.8793399333953857,5.672499999999999,,0.0,0.0008000000000000004,0.017900000000000027,0.02729999999999677,-0.08549999999999969,0.014800000000000008,0.032399999999999984,-0.046699999999999964,0.042200000000000015,-0.0032000000000000917,0.0,-0.007699999999999818,0.08549999999999969,20000.0
18861,T33UWP_20000_30,S2A_MSIL2A_20230616T095031_R079_T33UXP_20230616T172747,200,,0.0,0.0,2.82,72.7,18.39,0.28,0.17,2.21,1.58,1.85,0.0,10000,0,0.0,20000.000000000116,19999.99999999907,0.8349606990814209,5.640000000000001,,0.0,-0.0042,0.010399999999999743,-0.15269999999999584,0.18700000000000117,0.03230000000000002,-0.03259999999999999,-0.011699999999999822,-0.027799999999999825,-0.0006999999999999229,0.0,-0.04019999999999868,0.18700000000000117,20000.0
18874,T33UWP_20000_30,S2A_MSIL2A_20230616T095031_R079_T33UXP_20230616T172747,500,,0.0,0.0,3.375,71.9375,18.75,0.375,0.3125,1.75,1.6875,1.8125,0.0,1600,0,0.0,20000.000000000116,19999.99999999907,0.988311767578125,5.25,,0.0,-0.0042,0.5653999999999999,-0.9151999999999987,0.5470000000000006,0.1273,0.1099,-0.4716999999999998,0.0797000000000001,-0.03820000000000001,0.0,-0.43019999999999925,0.9151999999999987,20000.0
18887,T33UWP_20000_30,S2A_MSIL2A_20230616T095031_R079_T33UXP_20230616T172747,1000,,0.0,0.0,4.0,73.25,16.5,0.75,0.0,1.25,2.25,2.0,0.0,400,0,0.0,20000.000000000116,19999.99999999907,0.7946250438690186,5.5,,0.0,-0.0042,1.1904,0.3973000000000013,-1.7029999999999994,0.5023,-0.2026,-0.9716999999999998,0.6422000000000001,0.1493,0.0,-0.18019999999999925,1.7029999999999994,20000.0
18823,T33UWP_20000_30,S2A_MSIL2A_20230619T100031_R122_T33UXP_20230619T172729,20,,0.0,0.0,0.0808,55.1295,9.7964,0.0299,0.0272,0.3179,0.0358,34.5825,0.0,1000000,0,0.0,20000.000000000116,19999.99999999907,1.295405626296997,34.93620000000001,,0.0,0.0,0.0,0.0,0.0,0.0,0.0,0.0,0.0,0.0,0.0,0.0,0.0,20000.0
18836,T33UWP_20000_30,S2A_MSIL2A_20230619T100031_R122_T33UXP_20230619T172729,50,,0.0,0.0,0.080625,55.11375,9.824375,0.030625,0.0275,0.33,0.031875,34.56125,0.0,160000,0,0.0,20000.000000000116,19999.99999999907,1.6403546333312988,34.923125,,0.0,0.0,-0.0001749999999999946,-0.015749999999997044,0.02797499999999964,0.000725,0.00030000000000000165,0.0121,-0.003924999999999998,-0.02125000000000199,0.0,-0.01307500000000772,0.02797499999999964,20000.0
18849,T33UWP_20000_30,S2A_MSIL2A_20230619T100031_R122_T33UXP_20230619T172729,100,,0.0,0.0,0.0775,55.2025,9.775,0.0275,0.0325,0.3275,0.0375,34.52,0.0,40000,0,0.0,20000.000000000116,19999.99999999907,0.8793399333953857,34.885000000000005,,0.0,0.0,-0.0032999999999999974,0.0730000000000004,-0.021399999999999864,-0.0023999999999999994,0.005300000000000003,0.009599999999999997,0.0017000000000000001,-0.0625,0.0,-0.05120000000000147,0.0730000000000004,20000.0
18862,T33UWP_20000_30,S2A_MSIL2A_20230619T100031_R122_T33UXP_20230619T172729,200,,0.0,0.0,0.09,55.54,9.83,0.03,0.04,0.37,0.04,34.06,0.0,10000,0,0.0,20000.000000000116,19999.99999999907,0.8349606990814209,34.47,,0.0,0.0,0.0092,0.410499999999999,0.03359999999999985,9.99999999999994e-05,0.012800000000000002,0.05209999999999998,0.004200000000000002,-0.5225000000000009,0.0,-0.4662000000000077,0.4662000000000077,20000.0
18875,T33UWP_20000_30,S2A_MSIL2A_20230619T100031_R122_T33UXP_20230619T172729,500,,0.0,0.0,0.0625,56.25,9.0625,0.0,0.0625,0.25,0.0625,34.25,0.0,1600,0,0.0,20000.000000000116,19999.99999999907,0.988311767578125,34.5625,,0.0,0.0,-0.018299999999999997,1.1204999999999998,-0.7339000000000002,-0.0299,0.0353,-0.06790000000000002,0.0267,-0.3325000000000031,0.0,-0.3737000000000066,1.1204999999999998,20000.0
18888,T33UWP_20000_30,S2A_MSIL2A_20230619T100031_R122_T33UXP_20230619T172729,1000,,0.0,0.0,0.0,57.25,9.25,0.25,0.0,0.25,0.0,33.0,0.0,400,0,0.0,20000.000000000116,19999.99999999907,0.7946250438690186,33.25,,0.0,0.0,-0.0808,2.1205,-0.5464000000000002,0.2201,-0.0272,-0.06790000000000002,-0.0358,-1.5825000000000031,0.0,-1.6862000000000066,2.1205,20000.0
18826,T33UWP_20000_30,S2A_MSIL2A_20230626T095031_R079_T33UXP_20230626T162216,20,,0.0,0.0048,0.8559,79.9531,17.2042,0.2614,0.1468,0.6734,0.8812,0.0192,0.0,1000000,0,0.0,20000.000000000116,19999.99999999907,1.295405626296997,1.5738,,0.0,0.0,0.0,0.0,0.0,0.0,0.0,0.0,0.0,0.0,0.0,0.0,0.0,20000.0
18839,T33UWP_20000_30,S2A_MSIL2A_20230626T095031_R079_T33UXP_20230626T162216,50,,0.0,0.005,0.85875,79.92375,17.218125,0.25875,0.151875,0.684375,0.88,0.019375,0.0,160000,0,0.0,20000.000000000116,19999.99999999907,1.6403546333312988,1.58375,,0.0,0.00020000000000000052,0.002850000000000019,-0.02935000000000798,0.01392500000000041,-0.002650000000000041,0.005074999999999996,0.010974999999999957,-0.0011999999999999789,0.00017500000000000154,0.0,0.009949999999999903,0.02935000000000798,20000.0
18852,T33UWP_20000_30,S2A_MSIL2A_20230626T095031_R079_T33UXP_20230626T162216,100,,0.0,0.0075,0.885,79.86,17.2575,0.2675,0.15,0.6675,0.8875,0.0175,0.0,40000,0,0.0,20000.000000000116,19999.99999999907,0.8793399333953857,1.5725,,0.0,0.0027,0.029100000000000015,-0.09310000000000684,0.053300000000000125,0.006099999999999994,0.0031999999999999806,-0.005900000000000016,0.006299999999999972,-0.0016999999999999967,0.0,-0.0013000000000000789,0.09310000000000684,20000.0
18865,T33UWP_20000_30,S2A_MSIL2A_20230626T095031_R079_T33UXP_20230626T162216,200,,0.0,0.0,0.8,79.78,17.52,0.29,0.16,0.65,0.77,0.03,0.0,10000,0,0.0,20000.000000000116,19999.99999999907,0.8349606990814209,1.45,,0.0,-0.0048,-0.05589999999999995,-0.17310000000000514,0.3157999999999994,0.02859999999999996,0.01319999999999999,-0.023399999999999976,-0.11119999999999997,0.0108,0.0,-0.12380000000000013,0.3157999999999994,20000.0
18878,T33UWP_20000_30,S2A_MSIL2A_20230626T095031_R079_T33UXP_20230626T162216,500,,0.0,0.0,0.9375,79.375,17.8125,0.375,0.125,0.6875,0.6875,0.0,0.0,1600,0,0.0,20000.000000000116,19999.99999999907,0.988311767578125,1.375,,0.0,-0.0048,0.0816,-0.5781000000000063,0.6082999999999998,0.11359999999999998,-0.021800000000000014,0.014100000000000001,-0.19369999999999998,-0.0192,0.0,-0.1988000000000001,0.6082999999999998,20000.0
18891,T33UWP_20000_30,S2A_MSIL2A_20230626T095031_R079_T33UXP_20230626T162216,1000,,0.0,0.0,1.0,80.0,16.5,0.75,0.5,0.5,0.75,0.0,0.0,400,0,0.0,20000.000000000116,19999.99999999907,0.7946250438690186,1.25,,0.0,-0.0048,0.1441,0.046899999999993724,-0.7042000000000002,0.4886,0.35319999999999996,-0.1734,-0.13119999999999998,-0.0192,0.0,-0.3238000000000001,0.7042000000000002,20000.0
18827,T33UWP_20000_30,S2A_MSIL2A_20230629T100031_R122_T33UXP_20230629T191359,20,,0.0,0.0059,2.1466,79.2849,16.7043,0.2763,0.2173,0.9339,0.4286,0.0022,0.0,1000000,0,0.0,20000.000000000116,19999.99999999907,1.295405626296997,1.3646999999999998,,0.0,0.0,0.0,0.0,0.0,0.0,0.0,0.0,0.0,0.0,0.0,0.0,0.0,20000.0
18840,T33UWP_20000_30,S2A_MSIL2A_20230629T100031_R122_T33UXP_20230629T191359,50,,0.0,0.0075,2.149375,79.303125,16.684375,0.273125,0.223125,0.93375,0.421875,0.00375,0.0,160000,0,0.0,20000.000000000116,19999.99999999907,1.6403546333312988,1.3593749999999998,,0.0,0.0015999999999999999,0.002775000000000194,0.018225000000001046,-0.019925000000000637,-0.0031749999999999834,0.005824999999999997,-0.00014999999999998348,-0.006724999999999981,0.0015499999999999997,0.0,-0.005325000000000024,0.019925000000000637,20000.0
18853,T33UWP_20000_30,S2A_MSIL2A_20230629T100031_R122_T33UXP_20230629T191359,100,,0.0,0.01,2.1425,79.1475,16.8175,0.2875,0.2225,0.9375,0.435,0.0,0.0,40000,0,0.0,20000.000000000116,19999.99999999907,0.8793399333953857,1.3725,,0.0,0.0041,-0.0040999999999997705,-0.13739999999999952,0.11319999999999908,0.011199999999999988,0.00520000000000001,0.0036000000000000476,0.006400000000000017,-0.0022,0.0,0.007800000000000251,0.13739999999999952,20000.0
18866,T33UWP_20000_30,S2A_MSIL2A_20230629T100031_R122_T33UXP_20230629T191359,200,,0.0,0.0,2.2,79.18,16.78,0.29,0.17,0.93,0.45,0.0,0.0,10000,0,0.0,20000.000000000116,19999.99999999907,0.8349606990814209,1.3800000000000001,,0.0,-0.0059,0.053400000000000336,-0.10489999999998645,0.07570000000000121,0.01369999999999999,-0.04729999999999998,-0.0038999999999999035,0.02140000000000003,-0.0022,0.0,0.015300000000000313,0.10489999999998645,20000.0
18879,T33UWP_20000_30,S2A_MSIL2A_20230629T100031_R122_T33UXP_20230629T191359,500,,0.0,0.0,2.25,78.4375,17.125,0.375,0.25,1.125,0.4375,0.0,0.0,1600,0,0.0,20000.000000000116,19999.99999999907,0.988311767578125,1.5625,,0.0,-0.0059,0.10340000000000016,-0.8473999999999933,0.4207000000000001,0.09870000000000001,0.03270000000000001,0.19110000000000005,0.008900000000000019,-0.0022,0.0,0.1978000000000002,0.8473999999999933,20000.0
18892,T33UWP_20000_30,S2A_MSIL2A_20230629T100031_R122_T33UXP_20230629T191359,1000,,0.0,0.0,2.0,78.0,17.25,0.75,0.0,1.75,0.25,0.0,0.0,400,0,0.0,20000.000000000116,19999.99999999907,0.7946250438690186,2.0,,0.0,-0.0059,-0.14659999999999984,-1.2848999999999933,0.5457000000000001,0.4737,-0.2173,0.8161,-0.17859999999999998,-0.0022,0.0,0.6353000000000002,1.2848999999999933,20000.0
18816,T33UWP_20000_30,S2B_MSIL2A_20230601T094549_R079_T33UXP_20230601T164615,20,,0.0,0.0057,0.0,74.8142,24.811,0.2672,0.0941,0.0,0.0,0.0078,0.0,1000000,0,0.0,20000.000000000116,19999.99999999907,1.295405626296997,0.0078,,0.0,0.0,0.0,0.0,0.0,0.0,0.0,0.0,0.0,0.0,0.0,0.0,0.0,20000.0
18829,T33UWP_20000_30,S2B_MSIL2A_20230601T094549_R079_T33UXP_20230601T164615,50,,0.0,0.005,0.0,74.778125,24.85,0.265,0.094375,0.0,0.0,0.0075,0.0,160000,0,0.0,20000.000000000116,19999.99999999907,1.6403546333312988,0.0075,,0.0,-0.0007000000000000001,0.0,-0.03607499999999675,0.03900000000000148,-0.0021999999999999797,0.00027499999999999747,0.0,0.0,-0.0002999999999999999,0.0,-0.0002999999999999999,0.03900000000000148,20000.0
18842,T33UWP_20000_30,S2B_MSIL2A_20230601T094549_R079_T33UXP_20230601T164615,100,,0.0,0.0075,0.0,74.885,24.7175,0.2775,0.1025,0.0,0.0,0.01,0.0,40000,0,0.0,20000.000000000116,19999.99999999907,0.8793399333953857,0.01,,0.0,0.0017999999999999995,0.0,0.07080000000000553,-0.0934999999999988,0.010300000000000031,0.00839999999999999,0.0,0.0,0.0022000000000000006,0.0,0.0022000000000000006,0.0934999999999988,20000.0
18855,T33UWP_20000_30,S2B_MSIL2A_20230601T094549_R079_T33UXP_20230601T164615,200,,0.0,0.0,0.0,74.68,24.92,0.27,0.12,0.0,0.0,0.01,0.0,10000,0,0.0,20000.000000000116,19999.99999999907,0.8349606990814209,0.01,,0.0,-0.0057,0.0,-0.13419999999999277,0.10900000000000176,0.0028000000000000247,0.025899999999999992,0.0,0.0,0.0022000000000000006,0.0,0.0022000000000000006,0.13419999999999277,20000.0
18868,T33UWP_20000_30,S2B_MSIL2A_20230601T094549_R079_T33UXP_20230601T164615,500,,0.0,0.0,0.0,74.0,25.375,0.375,0.25,0.0,0.0,0.0,0.0,1600,0,0.0,20000.000000000116,19999.99999999907,0.988311767578125,0.0,,0.0,-0.0057,0.0,-0.8141999999999996,0.5640000000000001,0.1078,0.15589999999999998,0.0,0.0,-0.0078,0.0,-0.0078,0.8141999999999996,20000.0
18881,T33UWP_20000_30,S2B_MSIL2A_20230601T094549_R079_T33UXP_20230601T164615,1000,,0.0,0.0,0.0,76.0,23.25,0.75,0.0,0.0,0.0,0.0,0.0,400,0,0.0,20000.000000000116,19999.99999999907,0.7946250438690186,0.0,,0.0,-0.0057,0.0,1.1858000000000004,-1.561,0.4828,-0.0941,0.0,0.0,-0.0078,0.0,-0.0078,1.561,20000.0
18817,T33UWP_20000_30,S2B_MSIL2A_20230604T095559_R122_T33UXP_20230604T174527,20,,0.0,0.0,1.4688,0.0,0.0,0.0001,0.0031,9.2755,89.1281,0.1244,0.0,1000000,0,0.0,20000.000000000116,19999.99999999907,1.295405626296997,98.52799999999999,,0.0,0.0,0.0,0.0,0.0,0.0,0.0,0.0,0.0,0.0,0.0,0.0,0.0,20000.0
18830,T33UWP_20000_30,S2B_MSIL2A_20230604T095559_R122_T33UXP_20230604T174527,50,,0.0,0.0,1.489375,0.0,0.0,0.0,0.0025,9.236875,89.140625,0.130625,0.0,160000,0,0.0,20000.000000000116,19999.99999999907,1.6403546333312988,98.50812499999999,,0.0,0.0,0.020574999999999788,0.0,0.0,-0.0001,-0.0005999999999999998,-0.03862499999999969,0.012524999999996567,0.006224999999999994,0.0,-0.019874999999998977,0.020574999999999788,20000.0
18843,T33UWP_20000_30,S2B_MSIL2A_20230604T095559_R122_T33UXP_20230604T174527,100,,0.0,0.0,1.455,0.0,0.0,0.0,0.0075,9.275,89.1275,0.135,0.0,40000,0,0.0,20000.000000000116,19999.99999999907,0.8793399333953857,98.53750000000001,,0.0,0.0,-0.013800000000000034,0.0,0.0,-0.0001,0.004399999999999999,-0.0004999999999988347,-0.0006000000000057071,0.010600000000000012,0.0,0.00950000000001694,0.013800000000000034,20000.0
18856,T33UWP_20000_30,S2B_MSIL2A_20230604T095559_R122_T33UXP_20230604T174527,200,,0.0,0.0,1.43,0.0,0.0,0.0,0.0,9.04,89.38,0.15,0.0,10000,0,0.0,20000.000000000116,19999.99999999907,0.8349606990814209,98.57,,0.0,0.0,-0.03880000000000017,0.0,0.0,-0.0001,-0.0031,-0.23550000000000004,0.251899999999992,0.025599999999999998,0.0,0.04200000000000159,0.04200000000000159,20000.0
18869,T33UWP_20000_30,S2B_MSIL2A_20230604T095559_R122_T33UXP_20230604T174527,500,,0.0,0.0,1.8125,0.0,0.0,0.0,0.0,9.25,88.875,0.0625,0.0,1600,0,0.0,20000.000000000116,19999.99999999907,0.988311767578125,98.1875,,0.0,0.0,0.3436999999999999,0.0,0.0,-0.0001,-0.0031,-0.02549999999999919,-0.25310000000000343,-0.0619,0.0,-0.3404999999999916,0.3436999999999999,20000.0
18882,T33UWP_20000_30,S2B_MSIL2A_20230604T095559_R122_T33UXP_20230604T174527,1000,,0.0,0.0,2.0,0.0,0.0,0.0,0.0,9.0,89.0,0.0,0.0,400,0,0.0,20000.000000000116,19999.99999999907,0.7946250438690186,98.0,,0.0,0.0,0.5311999999999999,0.0,0.0,-0.0001,-0.0031,-0.2754999999999992,-0.12810000000000343,-0.1244,0.0,-0.5279999999999916,0.5311999999999999,20000.0
18820,T33UWP_20000_30,S2B_MSIL2A_20230611T094549_R079_T33UXP_20230611T141903,20,,0.0,0.0,0.0,0.0019,0.0,0.0,0.0257,0.8124,99.1598,0.0002,0.0,1000000,0,0.0,20000.000000000116,19999.99999999907,1.295405626296997,99.97240000000001,,0.0,0.0,0.0,0.0,0.0,0.0,0.0,0.0,0.0,0.0,0.0,0.0,0.0,20000.0
18833,T33UWP_20000_30,S2B_MSIL2A_20230611T094549_R079_T33UXP_20230611T141903,50,,0.0,0.0,0.0,0.00125,0.0,0.0,0.0275,0.811875,99.159375,0.0,0.0,160000,0,0.0,20000.000000000116,19999.99999999907,1.6403546333312988,99.97125,,0.0,0.0,0.0,-0.00065,0.0,0.0,0.0017999999999999995,-0.0005249999999999977,-0.0004250000000070031,-0.0002,0.0,-0.0011500000000097543,0.0017999999999999995,20000.0
18846,T33UWP_20000_30,S2B_MSIL2A_20230611T094549_R079_T33UXP_20230611T141903,100,,0.0,0.0,0.0,0.0025,0.0,0.0,0.02,0.82,99.1575,0.0,0.0,40000,0,0.0,20000.000000000116,19999.99999999907,0.8793399333953857,99.97749999999999,,0.0,0.0,0.0,0.0006000000000000001,0.0,0.0,-0.0057,0.00759999999999994,-0.002300000000005298,-0.0002,0.0,0.005099999999984561,0.0057,20000.0
18859,T33UWP_20000_30,S2B_MSIL2A_20230611T094549_R079_T33UXP_20230611T141903,200,,0.0,0.0,0.0,0.01,0.0,0.0,0.02,0.92,99.05,0.0,0.0,10000,0,0.0,20000.000000000116,19999.99999999907,0.8349606990814209,99.97,,0.0,0.0,0.0,0.0081,0.0,0.0,-0.0057,0.10760000000000003,-0.109800000000007,-0.0002,0.0,-0.0024000000000086175,0.0081,20000.0
18872,T33UWP_20000_30,S2B_MSIL2A_20230611T094549_R079_T33UXP_20230611T141903,500,,0.0,0.0,0.0,0.0,0.0,0.0,0.0625,0.375,99.5625,0.0,0.0,1600,0,0.0,20000.000000000116,19999.99999999907,0.988311767578125,99.9375,,0.0,0.0,0.0,-0.0019,0.0,0.0,0.0368,-0.4374,0.40269999999999584,-0.0002,0.0,-0.03490000000000748,0.0368,20000.0
18885,T33UWP_20000_30,S2B_MSIL2A_20230611T094549_R079_T33UXP_20230611T141903,1000,,0.0,0.0,0.0,0.0,0.0,0.0,0.0,1.0,99.0,0.0,0.0,400,0,0.0,20000.000000000116,19999.99999999907,0.7946250438690186,100.0,,0.0,0.0,0.0,-0.0019,0.0,0.0,-0.0257,0.1876,-0.15980000000000416,-0.0002,0.0,0.02759999999999252,0.02759999999999252,20000.0
18821,T33UWP_20000_30,S2B_MSIL2A_20230614T095559_R122_T33UXP_20230614T142234,20,,0.0,0.0,1.9636,15.8117,2.6449,0.0283,5.9326,27.0709,45.4347,1.1133,0.0,1000000,0,0.0,20000.000000000116,19999.99999999907,1.295405626296997,73.6189,,0.0,0.0,0.0,0.0,0.0,0.0,0.0,0.0,0.0,0.0,0.0,0.0,0.0,20000.0
18834,T33UWP_20000_30,S2B_MSIL2A_20230614T095559_R122_T33UXP_20230614T142234,50,,0.0,0.0,1.971875,15.80375,2.640625,0.0275,5.93125,27.0575,45.445625,1.121875,0.0,160000,0,0.0,20000.000000000116,19999.99999999907,1.6403546333312988,73.625,,0.0,0.0,0.008275000000000032,-0.007949999999999235,-0.004274999999999807,-0.0007999999999999986,-0.0013499999999995183,-0.013400000000000745,0.010925000000000296,0.008575,0.0,0.006100000000003547,0.008275000000000032,20000.0
18847,T33UWP_20000_30,S2B_MSIL2A_20230614T095559_R122_T33UXP_20230614T142234,100,,0.0,0.0,1.9775,15.74,2.6525,0.03,5.9575,26.995,45.5525,1.095,0.0,40000,0,0.0,20000.000000000116,19999.99999999907,0.8793399333953857,73.6425,,0.0,0.0,0.013900000000000023,-0.07169999999999987,0.007600000000000051,0.0017000000000000001,0.0248999999999997,-0.07590000000000074,0.11780000000000257,-0.018299999999999983,0.0,0.02360000000000184,0.07169999999999987,20000.0
18860,T33UWP_20000_30,S2B_MSIL2A_20230614T095559_R122_T33UXP_20230614T142234,200,,0.0,0.0,1.98,16.1,2.59,0.02,5.8,27.22,45.09,1.2,0.0,10000,0,0.0,20000.000000000116,19999.99999999907,0.8349606990814209,73.51,,0.0,0.0,0.01639999999999997,0.28830000000000133,-0.05489999999999995,-0.008299999999999998,-0.13260000000000005,0.14909999999999712,-0.344699999999996,0.0867,0.0,-0.10889999999999134,0.28830000000000133,20000.0
18873,T33UWP_20000_30,S2B_MSIL2A_20230614T095559_R122_T33UXP_20230614T142234,500,,0.0,0.0,2.125,15.6875,2.1875,0.0625,5.75,26.1875,46.9375,1.0625,0.0,1600,0,0.0,20000.000000000116,19999.99999999907,0.988311767578125,74.1875,,0.0,0.0,0.1614,-0.12420000000000009,-0.4573999999999998,0.0342,-0.18259999999999987,-0.8834000000000017,1.5028000000000006,-0.050799999999999956,0.0,0.5686000000000035,0.5686000000000035,20000.0
18886,T33UWP_20000_30,S2B_MSIL2A_20230614T095559_R122_T33UXP_20230614T142234,1000,,0.0,0.0,2.25,16.5,2.5,0.0,6.75,26.75,44.75,0.5,0.0,400,0,0.0,20000.000000000116,19999.99999999907,0.7946250438690186,72.0,,0.0,0.0,0.2864,0.6882999999999999,-0.1448999999999998,-0.0283,0.8174000000000001,-0.32090000000000174,-0.6846999999999994,-0.6133,0.0,-1.6188999999999965,1.6188999999999965,20000.0
18824,T33UWP_20000_30,S2B_MSIL2A_20230621T094549_R079_T33UXP_20230621T133744,20,,0.0,0.0037,0.011,76.9008,16.5288,0.2519,0.0858,0.0386,0.0019,6.1775,0.0,1000000,0,0.0,20000.000000000116,19999.99999999907,1.295405626296997,6.218,,0.0,0.0,0.0,0.0,0.0,0.0,0.0,0.0,0.0,0.0,0.0,0.0,0.0,20000.0
18837,T33UWP_20000_30,S2B_MSIL2A_20230621T094549_R079_T33UXP_20230621T133744,50,,0.0,0.00375,0.011875,76.945,16.474375,0.2525,0.088125,0.03625,0.001875,6.18625,0.0,160000,0,0.0,20000.000000000116,19999.99999999907,1.6403546333312988,6.224375,,0.0,4.99999999999997e-05,0.0008750000000000008,0.04419999999998936,-0.054425000000001944,0.0005999999999999894,0.0023249999999999937,-0.002350000000000005,-2.5000000000000066e-05,0.008750000000000036,0.0,0.006375000000000242,0.054425000000001944,20000.0
18850,T33UWP_20000_30,S2B_MSIL2A_20230621T094549_R079_T33UXP_20230621T133744,100,,0.0,0.005,0.0125,76.8075,16.5775,0.265,0.085,0.0425,0.0025,6.2025,0.0,40000,0,0.0,20000.000000000116,19999.99999999907,0.8793399333953857,6.2475,,0.0,0.0013,0.0015000000000000013,-0.09329999999999927,0.04870000000000019,0.0131,-0.0007999999999999952,0.0039000000000000007,0.0006000000000000001,0.024999999999999467,0.0,0.029499999999999638,0.09329999999999927,20000.0
18863,T33UWP_20000_30,S2B_MSIL2A_20230621T094549_R079_T33UXP_20230621T133744,200,,0.0,0.0,0.01,76.39,17.11,0.26,0.12,0.02,0.01,6.08,0.0,10000,0,0.0,20000.000000000116,19999.99999999907,0.8349606990814209,6.11,,0.0,-0.0037,-0.0009999999999999992,-0.5108000000000033,0.581199999999999,0.008099999999999996,0.034199999999999994,-0.018600000000000002,0.0081,-0.09750000000000014,0.0,-0.10799999999999965,0.581199999999999,20000.0
18876,T33UWP_20000_30,S2B_MSIL2A_20230621T094549_R079_T33UXP_20230621T133744,500,,0.0,0.0,0.0,77.375,16.625,0.375,0.125,0.0625,0.0,5.4375,0.0,1600,0,0.0,20000.000000000116,19999.99999999907,0.988311767578125,5.5,,0.0,-0.0037,-0.011,0.4741999999999962,0.09619999999999962,0.12309999999999999,0.0392,0.023899999999999998,-0.0019,-0.7400000000000002,0.0,-0.718,0.718,20000.0
18889,T33UWP_20000_30,S2B_MSIL2A_20230621T094549_R079_T33UXP_20230621T133744,1000,,0.0,0.0,0.25,78.25,15.75,0.5,0.25,0.0,0.0,5.0,0.0,400,0,0.0,20000.000000000116,19999.99999999907,0.7946250438690186,5.0,,0.0,-0.0037,0.239,1.3491999999999962,-0.7788000000000004,0.2481,0.1642,-0.0386,-0.0019,-1.1775000000000002,0.0,-1.218,1.3491999999999962,20000.0
18825,T33UWP_20000_30,S2B_MSIL2A_20230624T095559_R122_T33UXP_20230624T144730,20,,0.0,0.0,0.0,0.0,0.0,0.0,0.0,0.211,99.789,0.0,0.0,1000000,0,0.0,20000.000000000116,19999.99999999907,1.295405626296997,100.0,,0.0,0.0,0.0,0.0,0.0,0.0,0.0,0.0,0.0,0.0,0.0,0.0,0.0,20000.0
18838,T33UWP_20000_30,S2B_MSIL2A_20230624T095559_R122_T33UXP_20230624T144730,50,,0.0,0.0,0.0,0.0,0.0,0.0,0.0,0.211875,99.788125,0.0,0.0,160000,0,0.0,20000.000000000116,19999.99999999907,1.6403546333312988,100.0,,0.0,0.0,0.0,0.0,0.0,0.0,0.0,0.0008750000000000147,-0.0008750000000077307,0.0,0.0,0.0,0.0,20000.0
18851,T33UWP_20000_30,S2B_MSIL2A_20230624T095559_R122_T33UXP_20230624T144730,100,,0.0,0.0,0.0,0.0,0.0,0.0,0.0,0.2125,99.7875,0.0,0.0,40000,0,0.0,20000.000000000116,19999.99999999907,0.8793399333953857,100.0,,0.0,0.0,0.0,0.0,0.0,0.0,0.0,0.0015000000000000013,-0.0015000000000071623,0.0,0.0,0.0,0.0,20000.0
18864,T33UWP_20000_30,S2B_MSIL2A_20230624T095559_R122_T33UXP_20230624T144730,200,,0.0,0.0,0.0,0.0,0.0,0.0,0.0,0.26,99.74,0.0,0.0,10000,0,0.0,20000.000000000116,19999.99999999907,0.8349606990814209,100.0,,0.0,0.0,0.0,0.0,0.0,0.0,0.0,0.049000000000000016,-0.049000000000006594,0.0,0.0,0.0,0.0,20000.0
18877,T33UWP_20000_30,S2B_MSIL2A_20230624T095559_R122_T33UXP_20230624T144730,500,,0.0,0.0,0.0,0.0,0.0,0.0,0.0,0.1875,99.8125,0.0,0.0,1600,0,0.0,20000.000000000116,19999.99999999907,0.988311767578125,100.0,,0.0,0.0,0.0,0.0,0.0,0.0,0.0,-0.023499999999999993,0.023499999999998522,0.0,0.0,0.0,0.0,20000.0
18890,T33UWP_20000_30,S2B_MSIL2A_20230624T095559_R122_T33UXP_20230624T144730,1000,,0.0,0.0,0.0,0.0,0.0,0.0,0.0,0.5,99.5,0.0,0.0,400,0,0.0,20000.000000000116,19999.99999999907,0.7946250438690186,100.0,,0.0,0.0,0.0,0.0,0.0,0.0,0.0,0.28900000000000003,-0.2890000000000015,0.0,0.0,0.0,0.0,20000.0
18828,T33UWP_20000_30,S2B_MSIL2A_20230701T094549_R079_T33UXP_20230701T140546,20,,0.0,0.0,0.0,0.0,0.0,0.0,0.0,0.0,100.0,0.0,0.0,1000000,0,0.0,20000.000000000116,19999.99999999907,1.295405626296997,100.0,,0.0,0.0,0.0,0.0,0.0,0.0,0.0,0.0,0.0,0.0,0.0,0.0,0.0,20000.0
18841,T33UWP_20000_30,S2B_MSIL2A_20230701T094549_R079_T33UXP_20230701T140546,50,,0.0,0.0,0.0,0.0,0.0,0.0,0.0,0.0,100.0,0.0,0.0,160000,0,0.0,20000.000000000116,19999.99999999907,1.6403546333312988,100.0,,0.0,0.0,0.0,0.0,0.0,0.0,0.0,0.0,0.0,0.0,0.0,0.0,0.0,20000.0
18854,T33UWP_20000_30,S2B_MSIL2A_20230701T094549_R079_T33UXP_20230701T140546,100,,0.0,0.0,0.0,0.0,0.0,0.0,0.0,0.0,100.0,0.0,0.0,40000,0,0.0,20000.000000000116,19999.99999999907,0.8793399333953857,100.0,,0.0,0.0,0.0,0.0,0.0,0.0,0.0,0.0,0.0,0.0,0.0,0.0,0.0,20000.0
18867,T33UWP_20000_30,S2B_MSIL2A_20230701T094549_R079_T33UXP_20230701T140546,200,,0.0,0.0,0.0,0.0,0.0,0.0,0.0,0.0,100.0,0.0,0.0,10000,0,0.0,20000.000000000116,19999.99999999907,0.8349606990814209,100.0,,0.0,0.0,0.0,0.0,0.0,0.0,0.0,0.0,0.0,0.0,0.0,0.0,0.0,20000.0
18880,T33UWP_20000_30,S2B_MSIL2A_20230701T094549_R079_T33UXP_20230701T140546,500,,0.0,0.0,0.0,0.0,0.0,0.0,0.0,0.0,100.0,0.0,0.0,1600,0,0.0,20000.000000000116,19999.99999999907,0.988311767578125,100.0,,0.0,0.0,0.0,0.0,0.0,0.0,0.0,0.0,0.0,0.0,0.0,0.0,0.0,20000.0
18893,T33UWP_20000_30,S2B_MSIL2A_20230701T094549_R079_T33UXP_20230701T140546,1000,,0.0,0.0,0.0,0.0,0.0,0.0,0.0,0.0,100.0,0.0,0.0,400,0,0.0,20000.000000000116,19999.99999999907,0.7946250438690186,100.0,,0.0,0.0,0.0,0.0,0.0,0.0,0.0,0.0,0.0,0.0,0.0,0.0,0.0,20000.0
18896,T33UWP_20000_31,S2A_MSIL2A_20230606T095031_R079_T33UXP_20230606T160730,20,,0.0,0.0,4.403,0.0509,0.1037,0.0217,0.0048,12.2841,81.315,1.8168,0.0,1000000,0,0.0,19999.999999999884,20000.000000001863,1.0623540878295898,95.4159,,0.0,0.0,0.0,0.0,0.0,0.0,0.0,0.0,0.0,0.0,0.0,0.0,0.0,20000.0
18909,T33UWP_20000_31,S2A_MSIL2A_20230606T095031_R079_T33UXP_20230606T160730,50,,0.0,0.0,4.399375,0.050625,0.104375,0.01875,0.004375,12.293125,81.30375,1.825625,0.0,160000,0,0.0,19999.999999999884,20000.000000001863,1.055189609527588,95.4225,,0.0,0.0,-0.0036249999999995453,-0.00027499999999999747,0.000674999999999995,-0.0029500000000000012,-0.00042499999999999916,0.009024999999999395,-0.011250000000003979,0.008825000000000083,0.0,0.0066000000000059345,0.0066000000000059345,20000.0
18922,T33UWP_20000_31,S2A_MSIL2A_20230606T095031_R079_T33UXP_20230606T160730,100,,0.0,0.0,4.4425,0.045,0.11,0.0175,0.005,12.23,81.34,1.81,0.0,40000,0,0.0,19999.999999999884,20000.000000001863,1.014878749847412,95.38000000000001,,0.0,0.0,0.03950000000000031,-0.0059000000000000025,0.0063,-0.004199999999999999,0.00020000000000000052,-0.05410000000000004,0.025000000000005684,-0.006799999999999917,0.0,-0.035899999999983834,0.03950000000000031,20000.0
18935,T33UWP_20000_31,S2A_MSIL2A_20230606T095031_R079_T33UXP_20230606T160730,200,,0.0,0.0,4.38,0.02,0.13,0.03,0.01,12.55,81.11,1.77,0.0,10000,0,0.0,19999.999999999884,20000.000000001863,0.9658639430999756,95.42999999999999,,0.0,0.0,-0.022999999999999687,-0.0309,0.026300000000000004,0.008299999999999998,0.005200000000000001,0.26590000000000025,-0.2049999999999983,-0.04679999999999995,0.0,0.014099999999999113,0.0309,20000.0
18948,T33UWP_20000_31,S2A_MSIL2A_20230606T095031_R079_T33UXP_20230606T160730,500,,0.0,0.0,4.4375,0.125,0.25,0.0,0.0,13.4375,80.125,1.625,0.0,1600,0,0.0,19999.999999999884,20000.000000001863,1.123692512512207,95.1875,,0.0,0.0,0.03450000000000042,0.0741,0.14629999999999999,-0.0217,-0.0048,1.1533999999999995,-1.1899999999999977,-0.19179999999999997,0.0,-0.2283999999999935,0.2283999999999935,20000.0
18961,T33UWP_20000_31,S2A_MSIL2A_20230606T095031_R079_T33UXP_20230606T160730,1000,,0.0,0.0,4.0,0.0,0.25,0.0,0.0,11.5,82.5,1.75,0.0,400,0,0.0,19999.999999999884,20000.000000001863,0.8751256465911865,95.75,,0.0,0.0,-0.4029999999999996,-0.0509,0.14629999999999999,-0.0217,-0.0048,-0.7841000000000005,1.1850000000000023,-0.06679999999999997,0.0,0.3341000000000065,0.4029999999999996,20000.0
18897,T33UWP_20000_31,S2A_MSIL2A_20230609T100031_R122_T33UXP_20230609T174018,20,,0.0,0.0,0.0,0.0,0.0,0.0,0.0,19.6584,77.0018,3.3398,0.0,1000000,0,0.0,19999.999999999884,20000.000000001863,1.0623540878295898,100.0,,0.0,0.0,0.0,0.0,0.0,0.0,0.0,0.0,0.0,0.0,0.0,0.0,0.0,20000.0
18910,T33UWP_20000_31,S2A_MSIL2A_20230609T100031_R122_T33UXP_20230609T174018,50,,0.0,0.0,0.0,0.0,0.0,0.0,0.0,19.66375,77.013125,3.323125,0.0,160000,0,0.0,19999.999999999884,20000.000000001863,1.055189609527588,100.0,,0.0,0.0,0.0,0.0,0.0,0.0,0.0,0.005349999999999966,0.011324999999999363,-0.016674999999999773,0.0,0.0,0.0,20000.0
18923,T33UWP_20000_31,S2A_MSIL2A_20230609T100031_R122_T33UXP_20230609T174018,100,,0.0,0.0,0.0,0.0,0.0,0.0,0.0,19.7,76.9925,3.3075,0.0,40000,0,0.0,19999.999999999884,20000.000000001863,1.014878749847412,100.00000000000001,,0.0,0.0,0.0,0.0,0.0,0.0,0.0,0.04159999999999897,-0.00929999999999609,-0.03229999999999977,0.0,1.4210854715202004e-14,1.4210854715202004e-14,20000.0
18936,T33UWP_20000_31,S2A_MSIL2A_20230609T100031_R122_T33UXP_20230609T174018,200,,0.0,0.0,0.0,0.0,0.0,0.0,0.0,19.44,77.29,3.27,0.0,10000,0,0.0,19999.999999999884,20000.000000001863,0.9658639430999756,100.0,,0.0,0.0,0.0,0.0,0.0,0.0,0.0,-0.21839999999999904,0.28820000000000334,-0.06979999999999986,0.0,0.0,0.0,20000.0
18949,T33UWP_20000_31,S2A_MSIL2A_20230609T100031_R122_T33UXP_20230609T174018,500,,0.0,0.0,0.0,0.0,0.0,0.0,0.0,20.5625,75.9375,3.5,0.0,1600,0,0.0,19999.999999999884,20000.000000001863,1.123692512512207,100.0,,0.0,0.0,0.0,0.0,0.0,0.0,0.0,0.9040999999999997,-1.064300000000003,0.16020000000000012,0.0,0.0,0.0,20000.0
18962,T33UWP_20000_31,S2A_MSIL2A_20230609T100031_R122_T33UXP_20230609T174018,1000,,0.0,0.0,0.0,0.0,0.0,0.0,0.0,19.0,77.5,3.5,0.0,400,0,0.0,19999.999999999884,20000.000000001863,0.8751256465911865,100.0,,0.0,0.0,0.0,0.0,0.0,0.0,0.0,-0.6584000000000003,0.4981999999999971,0.16020000000000012,0.0,0.0,0.0,20000.0
18900,T33UWP_20000_31,S2A_MSIL2A_20230616T095031_R079_T33UXP_20230616T172747,20,,0.0,0.0134,0.5096,72.9966,25.1781,0.6038,0.1666,0.3922,0.1369,0.0028,0.0,1000000,0,0.0,19999.999999999884,20000.000000001863,1.0623540878295898,0.5319,,0.0,0.0,0.0,0.0,0.0,0.0,0.0,0.0,0.0,0.0,0.0,0.0,0.0,20000.0
18913,T33UWP_20000_31,S2A_MSIL2A_20230616T095031_R079_T33UXP_20230616T172747,50,,0.0,0.014375,0.51875,73.02875,25.140625,0.61125,0.158125,0.384375,0.136875,0.006875,0.0,160000,0,0.0,19999.999999999884,20000.000000001863,1.055189609527588,0.528125,,0.0,0.0009750000000000002,0.009149999999999991,0.032150000000001455,-0.03747500000000059,0.007449999999999957,-0.00847500000000001,-0.007824999999999971,-2.4999999999997247e-05,0.0040750000000000005,0.0,-0.003775000000000084,0.03747500000000059,20000.0
18926,T33UWP_20000_31,S2A_MSIL2A_20230616T095031_R079_T33UXP_20230616T172747,100,,0.0,0.0175,0.515,73.02,25.16,0.59,0.1575,0.4175,0.1225,0.0,0.0,40000,0,0.0,19999.999999999884,20000.000000001863,1.014878749847412,0.54,,0.0,0.004100000000000001,0.00539999999999996,0.023399999999995202,-0.01810000000000045,-0.013800000000000034,-0.009099999999999997,0.02529999999999999,-0.014399999999999996,-0.0028,0.0,0.008099999999999996,0.023399999999995202,20000.0
18939,T33UWP_20000_31,S2A_MSIL2A_20230616T095031_R079_T33UXP_20230616T172747,200,,0.0,0.03,0.46,73.33,24.85,0.56,0.16,0.49,0.12,0.0,0.0,10000,0,0.0,19999.999999999884,20000.000000001863,0.9658639430999756,0.61,,0.0,0.016599999999999997,-0.04960000000000003,0.3333999999999975,-0.32809999999999917,-0.04379999999999995,-0.006599999999999995,0.0978,-0.0169,-0.0028,0.0,0.07809999999999995,0.3333999999999975,20000.0
18952,T33UWP_20000_31,S2A_MSIL2A_20230616T095031_R079_T33UXP_20230616T172747,500,,0.0,0.0,0.5625,74.1875,24.0625,0.5625,0.125,0.375,0.125,0.0,0.0,1600,0,0.0,19999.999999999884,20000.000000001863,1.123692512512207,0.5,,0.0,-0.0134,0.05289999999999995,1.1908999999999992,-1.1156000000000006,-0.0413,-0.0416,-0.017199999999999993,-0.011899999999999994,-0.0028,0.0,-0.03190000000000004,1.1908999999999992,20000.0
18965,T33UWP_20000_31,S2A_MSIL2A_20230616T095031_R079_T33UXP_20230616T172747,1000,,0.0,0.0,0.5,75.25,23.25,0.25,0.25,0.5,0.0,0.0,0.0,400,0,0.0,19999.999999999884,20000.000000001863,0.8751256465911865,0.5,,0.0,-0.0134,-0.009600000000000053,2.253399999999999,-1.9281000000000006,-0.3538,0.0834,0.1078,-0.1369,-0.0028,0.0,-0.03190000000000004,2.253399999999999,20000.0
18901,T33UWP_20000_31,S2A_MSIL2A_20230619T100031_R122_T33UXP_20230619T172729,20,,0.0,0.012,0.0719,40.5186,11.8497,0.2776,0.232,6.3367,0.0631,40.6384,0.0,1000000,0,0.0,19999.999999999884,20000.000000001863,1.0623540878295898,47.038199999999996,,0.0,0.0,0.0,0.0,0.0,0.0,0.0,0.0,0.0,0.0,0.0,0.0,0.0,20000.0
18914,T33UWP_20000_31,S2A_MSIL2A_20230619T100031_R122_T33UXP_20230619T172729,50,,0.0,0.011875,0.07125,40.59875,11.783125,0.275625,0.22875,6.32625,0.06375,40.640625,0.0,160000,0,0.0,19999.999999999884,20000.000000001863,1.055189609527588,47.030625,,0.0,-0.0001250000000000001,-0.0006500000000000117,0.08015000000000327,-0.06657500000000027,-0.0019750000000000045,-0.003250000000000003,-0.010450000000000514,0.0006499999999999978,0.002225000000002808,0.0,-0.0075749999999956685,0.08015000000000327,20000.0
18927,T33UWP_20000_31,S2A_MSIL2A_20230619T100031_R122_T33UXP_20230619T172729,100,,0.0,0.0125,0.075,40.465,11.96,0.275,0.195,6.325,0.065,40.6275,0.0,40000,0,0.0,19999.999999999884,20000.000000001863,1.014878749847412,47.0175,,0.0,0.0005000000000000004,0.0030999999999999917,-0.05359999999999587,0.11030000000000051,-0.002599999999999991,-0.037000000000000005,-0.011700000000000266,0.001899999999999999,-0.010899999999999466,0.0,-0.020699999999997942,0.11030000000000051,20000.0
18940,T33UWP_20000_31,S2A_MSIL2A_20230619T100031_R122_T33UXP_20230619T172729,200,,0.0,0.04,0.06,40.79,11.56,0.26,0.22,6.36,0.07,40.64,0.0,10000,0,0.0,19999.999999999884,20000.000000001863,0.9658639430999756,47.07,,0.0,0.028,-0.011900000000000008,0.27139999999999986,-0.28969999999999985,-0.017600000000000005,-0.01200000000000001,0.023299999999999876,0.006900000000000003,0.0016000000000033765,0.0,0.03180000000000405,0.28969999999999985,20000.0
18953,T33UWP_20000_31,S2A_MSIL2A_20230619T100031_R122_T33UXP_20230619T172729,500,,0.0,0.0,0.0,41.75,11.5625,0.25,0.25,5.9375,0.0,40.25,0.0,1600,0,0.0,19999.999999999884,20000.000000001863,1.123692512512207,46.1875,,0.0,-0.012,-0.0719,1.2314000000000007,-0.28720000000000034,-0.027600000000000013,0.017999999999999988,-0.39920000000000044,-0.0631,-0.3883999999999972,0.0,-0.8506999999999962,1.2314000000000007,20000.0
18966,T33UWP_20000_31,S2A_MSIL2A_20230619T100031_R122_T33UXP_20230619T172729,1000,,0.0,0.0,0.25,42.0,10.25,0.0,0.25,6.5,0.0,40.75,0.0,400,0,0.0,19999.999999999884,20000.000000001863,0.8751256465911865,47.25,,0.0,-0.012,0.17809999999999998,1.4814000000000007,-1.5997000000000003,-0.2776,0.017999999999999988,0.16329999999999956,-0.0631,0.11160000000000281,0.0,0.21180000000000376,1.5997000000000003,20000.0
18904,T33UWP_20000_31,S2A_MSIL2A_20230626T095031_R079_T33UXP_20230626T162216,20,,0.0,0.0119,3.0679,70.2794,21.5666,0.5858,0.2294,2.2762,1.9828,0.0,0.0,1000000,0,0.0,19999.999999999884,20000.000000001863,1.0623540878295898,4.2589999999999995,,0.0,0.0,0.0,0.0,0.0,0.0,0.0,0.0,0.0,0.0,0.0,0.0,0.0,20000.0
18917,T33UWP_20000_31,S2A_MSIL2A_20230626T095031_R079_T33UXP_20230626T162216,50,,0.0,0.011875,3.079375,70.37625,21.46875,0.581875,0.221875,2.2875,1.9725,0.0,0.0,160000,0,0.0,19999.999999999884,20000.000000001863,1.055189609527588,4.26,,0.0,-2.5000000000000716e-05,0.011475000000000346,0.09685000000000343,-0.0978500000000011,-0.003924999999999956,-0.007525000000000004,0.01130000000000031,-0.010299999999999976,0.0,0.0,0.001000000000000334,0.0978500000000011,20000.0
18930,T33UWP_20000_31,S2A_MSIL2A_20230626T095031_R079_T33UXP_20230626T162216,100,,0.0,0.015,3.0975,70.365,21.4175,0.565,0.2625,2.2825,1.995,0.0,0.0,40000,0,0.0,19999.999999999884,20000.000000001863,1.014878749847412,4.2775,,0.0,0.0030999999999999986,0.029600000000000293,0.08559999999999945,-0.14910000000000068,-0.02080000000000004,0.03310000000000002,0.006300000000000416,0.01220000000000021,0.0,0.0,0.018500000000000405,0.14910000000000068,20000.0
18943,T33UWP_20000_31,S2A_MSIL2A_20230626T095031_R079_T33UXP_20230626T162216,200,,0.0,0.02,3.0,70.6,21.71,0.57,0.13,2.08,1.89,0.0,0.0,10000,0,0.0,19999.999999999884,20000.000000001863,0.9658639430999756,3.9699999999999998,,0.0,0.0081,-0.06789999999999985,0.3205999999999989,0.14339999999999975,-0.015800000000000036,-0.09939999999999999,-0.1961999999999997,-0.0928,0.0,0.0,-0.2889999999999997,0.3205999999999989,20000.0
18956,T33UWP_20000_31,S2A_MSIL2A_20230626T095031_R079_T33UXP_20230626T162216,500,,0.0,0.0,2.6875,70.9375,21.3125,0.5625,0.4375,2.3125,1.75,0.0,0.0,1600,0,0.0,19999.999999999884,20000.000000001863,1.123692512512207,4.0625,,0.0,-0.0119,-0.38039999999999985,0.6581000000000046,-0.2541000000000011,-0.023299999999999987,0.2081,0.03630000000000022,-0.2327999999999999,0.0,0.0,-0.19649999999999945,0.6581000000000046,20000.0
18969,T33UWP_20000_31,S2A_MSIL2A_20230626T095031_R079_T33UXP_20230626T162216,1000,,0.0,0.0,3.5,72.5,20.0,0.25,0.5,1.5,1.75,0.0,0.0,400,0,0.0,19999.999999999884,20000.000000001863,0.8751256465911865,3.25,,0.0,-0.0119,0.43210000000000015,2.2206000000000046,-1.566600000000001,-0.3358,0.2706,-0.7761999999999998,-0.2327999999999999,0.0,0.0,-1.0089999999999995,2.2206000000000046,20000.0
18905,T33UWP_20000_31,S2A_MSIL2A_20230629T100031_R122_T33UXP_20230629T191359,20,,0.0,0.014,3.3113,70.2136,23.1343,0.5737,0.3691,1.5518,0.8205,0.0117,0.0,1000000,0,0.0,19999.999999999884,20000.000000001863,1.0623540878295898,2.384,,0.0,0.0,0.0,0.0,0.0,0.0,0.0,0.0,0.0,0.0,0.0,0.0,0.0,20000.0
18918,T33UWP_20000_31,S2A_MSIL2A_20230629T100031_R122_T33UXP_20230629T191359,50,,0.0,0.015625,3.3,70.288125,23.0725,0.579375,0.35,1.570625,0.81125,0.0125,0.0,160000,0,0.0,19999.999999999884,20000.000000001863,1.055189609527588,2.394375,,0.0,0.0016249999999999997,-0.01130000000000031,0.07452499999999418,-0.06179999999999808,0.005674999999999986,-0.019100000000000006,0.01882499999999987,-0.00924999999999998,0.0008000000000000004,0.0,0.010375000000000245,0.07452499999999418,20000.0
18931,T33UWP_20000_31,S2A_MSIL2A_20230629T100031_R122_T33UXP_20230629T191359,100,,0.0,0.0125,3.305,70.455,22.945,0.57,0.3425,1.57,0.7925,0.0075,0.0,40000,0,0.0,19999.999999999884,20000.000000001863,1.014878749847412,2.3699999999999997,,0.0,-0.0014999999999999996,-0.006299999999999972,0.24139999999999873,-0.18929999999999936,-0.0037000000000000366,-0.026599999999999957,0.018199999999999994,-0.028000000000000025,-0.004200000000000001,0.0,-0.014000000000000234,0.24139999999999873,20000.0
18944,T33UWP_20000_31,S2A_MSIL2A_20230629T100031_R122_T33UXP_20230629T191359,200,,0.0,0.02,3.32,70.59,22.68,0.52,0.4,1.63,0.84,0.0,0.0,10000,0,0.0,19999.999999999884,20000.000000001863,0.9658639430999756,2.4699999999999998,,0.0,0.006,0.008699999999999708,0.37640000000000384,-0.4542999999999999,-0.05369999999999997,0.03090000000000004,0.07819999999999983,0.019499999999999962,-0.0117,0.0,0.08599999999999985,0.4542999999999999,20000.0
18957,T33UWP_20000_31,S2A_MSIL2A_20230629T100031_R122_T33UXP_20230629T191359,500,,0.0,0.0,3.1875,71.5625,21.8125,0.5,0.375,1.75,0.8125,0.0,0.0,1600,0,0.0,19999.999999999884,20000.000000001863,1.123692512512207,2.5625,,0.0,-0.014,-0.12380000000000013,1.3489000000000004,-1.3217999999999996,-0.07369999999999999,0.005900000000000016,0.19819999999999993,-0.008000000000000007,-0.0117,0.0,0.1785000000000001,1.3489000000000004,20000.0
18970,T33UWP_20000_31,S2A_MSIL2A_20230629T100031_R122_T33UXP_20230629T191359,1000,,0.0,0.0,3.75,73.75,19.25,0.25,0.5,1.0,1.5,0.0,0.0,400,0,0.0,19999.999999999884,20000.000000001863,0.8751256465911865,2.5,,0.0,-0.014,0.43869999999999987,3.5364000000000004,-3.8842999999999996,-0.3237,0.13090000000000002,-0.5518000000000001,0.6795,-0.0117,0.0,0.1160000000000001,3.8842999999999996,20000.0
18894,T33UWP_20000_31,S2B_MSIL2A_20230601T094549_R079_T33UXP_20230601T164615,20,,0.0,0.0124000248000496,0.0,67.21453442906886,31.995963991927983,0.6228012456024912,0.1111002222004444,0.0008000016000032,0.0,0.0424000848001696,0.0,1000000,2,0.0002,19999.999999999884,20000.000000001863,1.0623540878295898,0.0432000864001728,,0.0,0.0,0.0,0.0,0.0,0.0,0.0,0.0,0.0,0.0,0.0,0.0,0.0,20000.0
18907,T33UWP_20000_31,S2B_MSIL2A_20230601T094549_R079_T33UXP_20230601T164615,50,,0.0,0.014375,0.0,67.225625,31.981875,0.625625,0.10875,0.00125,0.0,0.0425,0.0,160000,0,0.0,19999.999999999884,20000.000000001863,1.055189609527588,0.043750000000000004,,0.0,0.0019749751999504003,0.0,0.011090570931131083,-0.014088991927984296,0.0028237543975088153,-0.0023502222004443962,0.00044999839999680007,0.0,9.991519983040126e-05,0.0,0.0005499135998272009,0.014088991927984296,20000.0
18920,T33UWP_20000_31,S2B_MSIL2A_20230601T094549_R079_T33UXP_20230601T164615,100,,0.0,0.012500312507812696,0.0,67.24168104202604,31.99329983249581,0.612515312882822,0.10000250006250157,0.0,0.0,0.04000100002500063,0.0,40000,1,0.0025,19999.999999999884,20000.000000001863,1.014878749847412,0.04000100002500063,,0.0,0.00010028770776309565,0.0,0.027146612957182015,-0.0026641594321716866,-0.010285932719669155,-0.011097722137942828,-0.0008000016000032,0.0,-0.0023990847751689734,0.0,-0.003199086375172175,0.027146612957182015,20000.0
18933,T33UWP_20000_31,S2B_MSIL2A_20230601T094549_R079_T33UXP_20230601T164615,200,,0.0,0.01,0.0,67.16,32.11,0.59,0.08,0.0,0.0,0.05,0.0,10000,0,0.0,19999.999999999884,20000.000000001863,0.9658639430999756,0.05,,0.0,-0.0024000248000496,0.0,-0.054534429068866075,0.11403600807201641,-0.0328012456024912,-0.031100222200444394,-0.0008000016000032,0.0,0.007599915199830401,0.0,0.0067999135998271995,0.11403600807201641,20000.0
18946,T33UWP_20000_31,S2B_MSIL2A_20230601T094549_R079_T33UXP_20230601T164615,500,,0.0,0.0,0.0,68.3125,30.9375,0.625,0.0625,0.0,0.0,0.0625,0.0,1600,0,0.0,19999.999999999884,20000.000000001863,1.123692512512207,0.0625,,0.0,-0.0124000248000496,0.0,1.0979655709311373,-1.058463991927983,0.0021987543975088286,-0.048600222200444396,-0.0008000016000032,0.0,0.020099915199830398,0.0,0.019299913599827197,1.0979655709311373,20000.0
18959,T33UWP_20000_31,S2B_MSIL2A_20230601T094549_R079_T33UXP_20230601T164615,1000,,0.0,0.0,0.0,69.5,30.0,0.25,0.25,0.0,0.0,0.0,0.0,400,0,0.0,19999.999999999884,20000.000000001863,0.8751256465911865,0.0,,0.0,-0.0124000248000496,0.0,2.2854655709311373,-1.995963991927983,-0.37280124560249117,0.1388997777995556,-0.0008000016000032,0.0,-0.0424000848001696,0.0,-0.0432000864001728,2.2854655709311373,20000.0
18895,T33UWP_20000_31,S2B_MSIL2A_20230604T095559_R122_T33UXP_20230604T174527,20,,0.0,0.0,0.8635,0.0,0.0001,0.0,0.0001,5.4057,93.626,0.1046,0.0,1000000,0,0.0,19999.999999999884,20000.000000001863,1.0623540878295898,99.1363,,0.0,0.0,0.0,0.0,0.0,0.0,0.0,0.0,0.0,0.0,0.0,0.0,0.0,20000.0
18908,T33UWP_20000_31,S2B_MSIL2A_20230604T095559_R122_T33UXP_20230604T174527,50,,0.0,0.0,0.868125,0.0,0.0,0.0,0.0,5.410625,93.62,0.10125,0.0,160000,0,0.0,19999.999999999884,20000.000000001863,1.055189609527588,99.131875,,0.0,0.0,0.00462499999999999,0.0,-0.0001,0.0,-0.0001,0.00492499999999918,-0.006000000000000227,-0.003349999999999992,0.0,-0.004425000000011892,0.00462499999999999,20000.0
18921,T33UWP_20000_31,S2B_MSIL2A_20230604T095559_R122_T33UXP_20230604T174527,100,,0.0,0.0,0.8475,0.0,0.0,0.0,0.0,5.38,93.6725,0.1,0.0,40000,0,0.0,19999.999999999884,20000.000000001863,1.014878749847412,99.15249999999999,,0.0,0.0,-0.016000000000000014,0.0,-0.0001,0.0,-0.0001,-0.0257000000000005,0.04649999999999466,-0.004599999999999993,0.0,0.01619999999998356,0.01619999999998356,20000.0
18934,T33UWP_20000_31,S2B_MSIL2A_20230604T095559_R122_T33UXP_20230604T174527,200,,0.0,0.0,0.86,0.0,0.0,0.0,0.0,5.34,93.73,0.07,0.0,10000,0,0.0,19999.999999999884,20000.000000001863,0.9658639430999756,99.14,,0.0,0.0,-0.0035000000000000586,0.0,-0.0001,0.0,-0.0001,-0.06570000000000054,0.1039999999999992,-0.03459999999999999,0.0,0.0036999999999949296,0.0036999999999949296,20000.0
18947,T33UWP_20000_31,S2B_MSIL2A_20230604T095559_R122_T33UXP_20230604T174527,500,,0.0,0.0,0.4375,0.0,0.0,0.0,0.0,4.9375,94.5,0.125,0.0,1600,0,0.0,19999.999999999884,20000.000000001863,1.123692512512207,99.5625,,0.0,0.0,-0.42600000000000005,0.0,-0.0001,0.0,-0.0001,-0.4682000000000004,0.8739999999999952,0.0204,0.0,0.42619999999999436,0.42619999999999436,20000.0
18960,T33UWP_20000_31,S2B_MSIL2A_20230604T095559_R122_T33UXP_20230604T174527,1000,,0.0,0.0,0.25,0.0,0.0,0.0,0.0,6.25,93.5,0.0,0.0,400,0,0.0,19999.999999999884,20000.000000001863,0.8751256465911865,99.75,,0.0,0.0,-0.6135,0.0,-0.0001,0.0,-0.0001,0.8442999999999996,-0.12600000000000477,-0.1046,0.0,0.6136999999999944,0.6136999999999944,20000.0
18898,T33UWP_20000_31,S2B_MSIL2A_20230611T094549_R079_T33UXP_20230611T141903,20,,0.0,0.0,0.0,0.0,0.0,0.0,0.0,0.0,100.0,0.0,0.0,1000000,0,0.0,19999.999999999884,20000.000000001863,1.0623540878295898,100.0,,0.0,0.0,0.0,0.0,0.0,0.0,0.0,0.0,0.0,0.0,0.0,0.0,0.0,20000.0
18911,T33UWP_20000_31,S2B_MSIL2A_20230611T094549_R079_T33UXP_20230611T141903,50,,0.0,0.0,0.0,0.0,0.0,0.0,0.0,0.0,100.0,0.0,0.0,160000,0,0.0,19999.999999999884,20000.000000001863,1.055189609527588,100.0,,0.0,0.0,0.0,0.0,0.0,0.0,0.0,0.0,0.0,0.0,0.0,0.0,0.0,20000.0
18924,T33UWP_20000_31,S2B_MSIL2A_20230611T094549_R079_T33UXP_20230611T141903,100,,0.0,0.0,0.0,0.0,0.0,0.0,0.0,0.0,100.0,0.0,0.0,40000,0,0.0,19999.999999999884,20000.000000001863,1.014878749847412,100.0,,0.0,0.0,0.0,0.0,0.0,0.0,0.0,0.0,0.0,0.0,0.0,0.0,0.0,20000.0
18937,T33UWP_20000_31,S2B_MSIL2A_20230611T094549_R079_T33UXP_20230611T141903,200,,0.0,0.0,0.0,0.0,0.0,0.0,0.0,0.0,100.0,0.0,0.0,10000,0,0.0,19999.999999999884,20000.000000001863,0.9658639430999756,100.0,,0.0,0.0,0.0,0.0,0.0,0.0,0.0,0.0,0.0,0.0,0.0,0.0,0.0,20000.0
18950,T33UWP_20000_31,S2B_MSIL2A_20230611T094549_R079_T33UXP_20230611T141903,500,,0.0,0.0,0.0,0.0,0.0,0.0,0.0,0.0,100.0,0.0,0.0,1600,0,0.0,19999.999999999884,20000.000000001863,1.123692512512207,100.0,,0.0,0.0,0.0,0.0,0.0,0.0,0.0,0.0,0.0,0.0,0.0,0.0,0.0,20000.0
18963,T33UWP_20000_31,S2B_MSIL2A_20230611T094549_R079_T33UXP_20230611T141903,1000,,0.0,0.0,0.0,0.0,0.0,0.0,0.0,0.0,100.0,0.0,0.0,400,0,0.0,19999.999999999884,20000.000000001863,0.8751256465911865,100.0,,0.0,0.0,0.0,0.0,0.0,0.0,0.0,0.0,0.0,0.0,0.0,0.0,0.0,20000.0
18899,T33UWP_20000_31,S2B_MSIL2A_20230614T095559_R122_T33UXP_20230614T142234,20,,0.0,0.0136,11.1998,23.6037,7.8355,0.4757,2.799,16.2272,34.4558,3.3897,0.0,1000000,0,0.0,19999.999999999884,20000.000000001863,1.0623540878295898,54.072700000000005,,0.0,0.0,0.0,0.0,0.0,0.0,0.0,0.0,0.0,0.0,0.0,0.0,0.0,20000.0
18912,T33UWP_20000_31,S2B_MSIL2A_20230614T095559_R122_T33UXP_20230614T142234,50,,0.0,0.015,11.191875,23.594375,7.804375,0.48375,2.81125,16.201875,34.479375,3.418125,0.0,160000,0,0.0,19999.999999999884,20000.000000001863,1.055189609527588,54.099374999999995,,0.0,0.0014000000000000002,-0.007925000000000182,-0.009325000000000472,-0.031124999999999403,0.008050000000000002,0.012249999999999872,-0.02532499999999871,0.023574999999993906,0.028424999999999923,0.0,0.026674999999990234,0.031124999999999403,20000.0
18925,T33UWP_20000_31,S2B_MSIL2A_20230614T095559_R122_T33UXP_20230614T142234,100,,0.0,0.0125,11.195,23.7475,7.7675,0.47,2.72,16.3125,34.425,3.35,0.0,40000,0,0.0,19999.999999999884,20000.000000001863,1.014878749847412,54.0875,,0.0,-0.0010999999999999985,-0.004799999999999471,0.14379999999999882,-0.06799999999999962,-0.005700000000000038,-0.07899999999999974,0.08530000000000015,-0.030800000000006378,-0.039699999999999847,0.0,0.014799999999993929,0.14379999999999882,20000.0
18938,T33UWP_20000_31,S2B_MSIL2A_20230614T095559_R122_T33UXP_20230614T142234,200,,0.0,0.02,11.05,23.69,7.93,0.45,2.61,16.26,34.56,3.43,0.0,10000,0,0.0,19999.999999999884,20000.000000001863,0.9658639430999756,54.25000000000001,,0.0,0.006400000000000001,-0.14979999999999905,0.08630000000000138,0.09450000000000003,-0.0257,-0.18900000000000006,0.03280000000000172,0.10419999999999874,0.040300000000000225,0.0,0.17730000000000246,0.18900000000000006,20000.0
18951,T33UWP_20000_31,S2B_MSIL2A_20230614T095559_R122_T33UXP_20230614T142234,500,,0.0,0.0,11.0625,23.6875,7.0,0.4375,2.625,16.8125,35.8125,2.5625,0.0,1600,0,0.0,19999.999999999884,20000.000000001863,1.123692512512207,55.1875,,0.0,-0.0136,-0.13729999999999976,0.0838000000000001,-0.8354999999999997,-0.03820000000000001,-0.17399999999999993,0.5853000000000002,1.3566999999999965,-0.8271999999999999,0.0,1.1147999999999954,1.1147999999999954,20000.0
18964,T33UWP_20000_31,S2B_MSIL2A_20230614T095559_R122_T33UXP_20230614T142234,1000,,0.0,0.0,10.5,24.25,6.25,0.25,2.0,19.25,34.75,2.75,0.0,400,0,0.0,19999.999999999884,20000.000000001863,0.8751256465911865,56.75,,0.0,-0.0136,-0.6997999999999998,0.6463000000000001,-1.5854999999999997,-0.2257,-0.7989999999999999,3.0228,0.29419999999999646,-0.6396999999999999,0.0,2.6772999999999954,2.6772999999999954,20000.0
18902,T33UWP_20000_31,S2B_MSIL2A_20230621T094549_R079_T33UXP_20230621T133744,20,,0.0,0.0113,0.0,70.023,20.4817,0.5685,0.1131,0.0583,0.0038,8.7403,0.0,1000000,0,0.0,19999.999999999884,20000.000000001863,1.0623540878295898,8.802399999999999,,0.0,0.0,0.0,0.0,0.0,0.0,0.0,0.0,0.0,0.0,0.0,0.0,0.0,20000.0
18915,T33UWP_20000_31,S2B_MSIL2A_20230621T094549_R079_T33UXP_20230621T133744,50,,0.0,0.011875,0.0,70.11625,20.38375,0.5725,0.10875,0.060625,0.005,8.74125,0.0,160000,0,0.0,19999.999999999884,20000.000000001863,1.055189609527588,8.806875000000002,,0.0,0.0005750000000000009,0.0,0.09324999999999761,-0.09795000000000087,0.0040000000000000036,-0.004350000000000007,0.0023250000000000007,0.0012000000000000001,0.0009500000000013387,0.0,0.004475000000002893,0.09795000000000087,20000.0
18928,T33UWP_20000_31,S2B_MSIL2A_20230621T094549_R079_T33UXP_20230621T133744,100,,0.0,0.015,0.0,70.095,20.43,0.5625,0.1,0.08,0.0,8.7175,0.0,40000,0,0.0,19999.999999999884,20000.000000001863,1.014878749847412,8.7975,,0.0,0.0037,0.0,0.07200000000000273,-0.0517000000000003,-0.006000000000000005,-0.0131,0.021700000000000004,-0.0038,-0.022800000000000153,0.0,-0.004899999999999238,0.07200000000000273,20000.0
18941,T33UWP_20000_31,S2B_MSIL2A_20230621T094549_R079_T33UXP_20230621T133744,200,,0.0,0.03,0.0,70.23,20.5,0.54,0.08,0.08,0.01,8.53,0.0,10000,0,0.0,19999.999999999884,20000.000000001863,0.9658639430999756,8.62,,0.0,0.0187,0.0,0.20700000000000784,0.018299999999999983,-0.02849999999999997,-0.033100000000000004,0.021700000000000004,0.006200000000000001,-0.21030000000000015,0.0,-0.18239999999999945,0.20700000000000784,20000.0
18954,T33UWP_20000_31,S2B_MSIL2A_20230621T094549_R079_T33UXP_20230621T133744,500,,0.0,0.0,0.0,71.0625,19.4375,0.5625,0.0625,0.0,0.0,8.875,0.0,1600,0,0.0,19999.999999999884,20000.000000001863,1.123692512512207,8.875,,0.0,-0.0113,0.0,1.0395000000000039,-1.0442,-0.006000000000000005,-0.050600000000000006,-0.0583,-0.0038,0.13470000000000049,0.0,0.07260000000000133,1.0442,20000.0
18967,T33UWP_20000_31,S2B_MSIL2A_20230621T094549_R079_T33UXP_20230621T133744,1000,,0.0,0.0,0.0,74.25,16.75,0.25,0.25,0.0,0.0,8.5,0.0,400,0,0.0,19999.999999999884,20000.000000001863,0.8751256465911865,8.5,,0.0,-0.0113,0.0,4.227000000000004,-3.7317,-0.3185,0.1369,-0.0583,-0.0038,-0.24029999999999951,0.0,-0.30239999999999867,4.227000000000004,20000.0
18903,T33UWP_20000_31,S2B_MSIL2A_20230624T095559_R122_T33UXP_20230624T144730,20,,0.0,0.0,0.0,0.0,0.0,0.0,0.0,0.0,100.0,0.0,0.0,1000000,0,0.0,19999.999999999884,20000.000000001863,1.0623540878295898,100.0,,0.0,0.0,0.0,0.0,0.0,0.0,0.0,0.0,0.0,0.0,0.0,0.0,0.0,20000.0
18916,T33UWP_20000_31,S2B_MSIL2A_20230624T095559_R122_T33UXP_20230624T144730,50,,0.0,0.0,0.0,0.0,0.0,0.0,0.0,0.0,100.0,0.0,0.0,160000,0,0.0,19999.999999999884,20000.000000001863,1.055189609527588,100.0,,0.0,0.0,0.0,0.0,0.0,0.0,0.0,0.0,0.0,0.0,0.0,0.0,0.0,20000.0
18929,T33UWP_20000_31,S2B_MSIL2A_20230624T095559_R122_T33UXP_20230624T144730,100,,0.0,0.0,0.0,0.0,0.0,0.0,0.0,0.0,100.0,0.0,0.0,40000,0,0.0,19999.999999999884,20000.000000001863,1.014878749847412,100.0,,0.0,0.0,0.0,0.0,0.0,0.0,0.0,0.0,0.0,0.0,0.0,0.0,0.0,20000.0
18942,T33UWP_20000_31,S2B_MSIL2A_20230624T095559_R122_T33UXP_20230624T144730,200,,0.0,0.0,0.0,0.0,0.0,0.0,0.0,0.0,100.0,0.0,0.0,10000,0,0.0,19999.999999999884,20000.000000001863,0.9658639430999756,100.0,,0.0,0.0,0.0,0.0,0.0,0.0,0.0,0.0,0.0,0.0,0.0,0.0,0.0,20000.0
18955,T33UWP_20000_31,S2B_MSIL2A_20230624T095559_R122_T33UXP_20230624T144730,500,,0.0,0.0,0.0,0.0,0.0,0.0,0.0,0.0,100.0,0.0,0.0,1600,0,0.0,19999.999999999884,20000.000000001863,1.123692512512207,100.0,,0.0,0.0,0.0,0.0,0.0,0.0,0.0,0.0,0.0,0.0,0.0,0.0,0.0,20000.0
18968,T33UWP_20000_31,S2B_MSIL2A_20230624T095559_R122_T33UXP_20230624T144730,1000,,0.0,0.0,0.0,0.0,0.0,0.0,0.0,0.0,100.0,0.0,0.0,400,0,0.0,19999.999999999884,20000.000000001863,0.8751256465911865,100.0,,0.0,0.0,0.0,0.0,0.0,0.0,0.0,0.0,0.0,0.0,0.0,0.0,0.0,20000.0
18906,T33UWP_20000_31,S2B_MSIL2A_20230701T094549_R079_T33UXP_20230701T140546,20,,0.0,0.0,0.0,0.0,0.0,0.0,0.0,0.0,100.0,0.0,0.0,1000000,0,0.0,19999.999999999884,20000.000000001863,1.0623540878295898,100.0,,0.0,0.0,0.0,0.0,0.0,0.0,0.0,0.0,0.0,0.0,0.0,0.0,0.0,20000.0
18919,T33UWP_20000_31,S2B_MSIL2A_20230701T094549_R079_T33UXP_20230701T140546,50,,0.0,0.0,0.0,0.0,0.0,0.0,0.0,0.0,100.0,0.0,0.0,160000,0,0.0,19999.999999999884,20000.000000001863,1.055189609527588,100.0,,0.0,0.0,0.0,0.0,0.0,0.0,0.0,0.0,0.0,0.0,0.0,0.0,0.0,20000.0
18932,T33UWP_20000_31,S2B_MSIL2A_20230701T094549_R079_T33UXP_20230701T140546,100,,0.0,0.0,0.0,0.0,0.0,0.0,0.0,0.0,100.0,0.0,0.0,40000,0,0.0,19999.999999999884,20000.000000001863,1.014878749847412,100.0,,0.0,0.0,0.0,0.0,0.0,0.0,0.0,0.0,0.0,0.0,0.0,0.0,0.0,20000.0
18945,T33UWP_20000_31,S2B_MSIL2A_20230701T094549_R079_T33UXP_20230701T140546,200,,0.0,0.0,0.0,0.0,0.0,0.0,0.0,0.0,100.0,0.0,0.0,10000,0,0.0,19999.999999999884,20000.000000001863,0.9658639430999756,100.0,,0.0,0.0,0.0,0.0,0.0,0.0,0.0,0.0,0.0,0.0,0.0,0.0,0.0,20000.0
18958,T33UWP_20000_31,S2B_MSIL2A_20230701T094549_R079_T33UXP_20230701T140546,500,,0.0,0.0,0.0,0.0,0.0,0.0,0.0,0.0,100.0,0.0,0.0,1600,0,0.0,19999.999999999884,20000.000000001863,1.123692512512207,100.0,,0.0,0.0,0.0,0.0,0.0,0.0,0.0,0.0,0.0,0.0,0.0,0.0,0.0,20000.0
18971,T33UWP_20000_31,S2B_MSIL2A_20230701T094549_R079_T33UXP_20230701T140546,1000,,0.0,0.0,0.0,0.0,0.0,0.0,0.0,0.0,100.0,0.0,0.0,400,0,0.0,19999.999999999884,20000.000000001863,0.8751256465911865,100.0,,0.0,0.0,0.0,0.0,0.0,0.0,0.0,0.0,0.0,0.0,0.0,0.0,0.0,20000.0
18974,T33UWP_20000_32,S2A_MSIL2A_20230606T095031_R079_T33UXP_20230606T160730,20,,0.0,0.0,0.1596,0.0,0.0,0.0127,0.0,3.6589,96.1688,0.0,0.0,1000000,0,0.0,20000.0,19999.99999999907,1.137805700302124,99.82770000000001,,0.0,0.0,0.0,0.0,0.0,0.0,0.0,0.0,0.0,0.0,0.0,0.0,0.0,20000.0
18987,T33UWP_20000_32,S2A_MSIL2A_20230606T095031_R079_T33UXP_20230606T160730,50,,0.0,0.0,0.156875,0.0,0.0,0.011875,0.0,3.6525,96.17875,0.0,0.0,160000,0,0.0,20000.0,19999.99999999907,0.7901899814605713,99.83125,,0.0,0.0,-0.002725000000000005,0.0,0.0,-0.0008249999999999993,0.0,-0.006400000000000183,0.009949999999989245,0.0,0.0,0.00354999999998995,0.00354999999998995,20000.0
19000,T33UWP_20000_32,S2A_MSIL2A_20230606T095031_R079_T33UXP_20230606T160730,100,,0.0,0.0,0.155,0.0,0.0,0.0125,0.0,3.705,96.1275,0.0,0.0,40000,0,0.0,20000.0,19999.99999999907,0.8585972785949707,99.8325,,0.0,0.0,-0.004599999999999993,0.0,0.0,-0.0001999999999999988,0.0,0.04610000000000003,-0.041300000000006776,0.0,0.0,0.004799999999988813,0.004799999999988813,20000.0
19013,T33UWP_20000_32,S2A_MSIL2A_20230606T095031_R079_T33UXP_20230606T160730,200,,0.0,0.0,0.21,0.0,0.0,0.01,0.0,3.62,96.16,0.0,0.0,10000,0,0.0,20000.0,19999.99999999907,0.9192142486572266,99.78,,0.0,0.0,0.0504,0.0,0.0,-0.0026999999999999993,0.0,-0.038899999999999935,-0.008800000000007913,0.0,0.0,-0.04770000000000607,0.0504,20000.0
19026,T33UWP_20000_32,S2A_MSIL2A_20230606T095031_R079_T33UXP_20230606T160730,500,,0.0,0.0,0.125,0.0,0.0,0.0,0.0,3.375,96.5,0.0,0.0,1600,0,0.0,20000.0,19999.99999999907,0.9232988357543945,99.875,,0.0,0.0,-0.03459999999999999,0.0,0.0,-0.0127,0.0,-0.28390000000000004,0.3311999999999955,0.0,0.0,0.04729999999999279,0.04729999999999279,20000.0
19039,T33UWP_20000_32,S2A_MSIL2A_20230606T095031_R079_T33UXP_20230606T160730,1000,,0.0,0.0,0.25,0.0,0.0,0.0,0.0,3.5,96.25,0.0,0.0,400,0,0.0,20000.0,19999.99999999907,1.0676531791687012,99.75,,0.0,0.0,0.09040000000000001,0.0,0.0,-0.0127,0.0,-0.15890000000000004,0.0811999999999955,0.0,0.0,-0.07770000000000721,0.09040000000000001,20000.0
18975,T33UWP_20000_32,S2A_MSIL2A_20230609T100031_R122_T33UXP_20230609T174018,20,,0.0,0.0,0.0,0.0,0.0,0.0,0.0,44.0729,55.8206,0.1065,0.0,1000000,0,0.0,20000.0,19999.99999999907,1.137805700302124,99.99999999999999,,0.0,0.0,0.0,0.0,0.0,0.0,0.0,0.0,0.0,0.0,0.0,0.0,0.0,20000.0
18988,T33UWP_20000_32,S2A_MSIL2A_20230609T100031_R122_T33UXP_20230609T174018,50,,0.0,0.0,0.0,0.0,0.0,0.0,0.0,44.043125,55.84625,0.110625,0.0,160000,0,0.0,20000.0,19999.99999999907,0.7901899814605713,100.0,,0.0,0.0,0.0,0.0,0.0,0.0,0.0,-0.029774999999993668,0.02564999999999884,0.004125000000000004,0.0,1.4210854715202004e-14,1.4210854715202004e-14,20000.0
19001,T33UWP_20000_32,S2A_MSIL2A_20230609T100031_R122_T33UXP_20230609T174018,100,,0.0,0.0,0.0,0.0,0.0,0.0,0.0,44.0525,55.8475,0.1,0.0,40000,0,0.0,20000.0,19999.99999999907,0.8585972785949707,100.0,,0.0,0.0,0.0,0.0,0.0,0.0,0.0,-0.02039999999999509,0.026899999999997704,-0.006499999999999992,0.0,1.4210854715202004e-14,1.4210854715202004e-14,20000.0
19014,T33UWP_20000_32,S2A_MSIL2A_20230609T100031_R122_T33UXP_20230609T174018,200,,0.0,0.0,0.0,0.0,0.0,0.0,0.0,44.24,55.65,0.11,0.0,10000,0,0.0,20000.0,19999.99999999907,0.9192142486572266,100.0,,0.0,0.0,0.0,0.0,0.0,0.0,0.0,0.1671000000000049,-0.1706000000000003,0.003500000000000003,0.0,1.4210854715202004e-14,1.4210854715202004e-14,20000.0
19027,T33UWP_20000_32,S2A_MSIL2A_20230609T100031_R122_T33UXP_20230609T174018,500,,0.0,0.0,0.0,0.0,0.0,0.0,0.0,42.75,57.1875,0.0625,0.0,1600,0,0.0,20000.0,19999.99999999907,0.9232988357543945,100.0,,0.0,0.0,0.0,0.0,0.0,0.0,0.0,-1.322899999999997,1.3669000000000011,-0.044,0.0,1.4210854715202004e-14,1.4210854715202004e-14,20000.0
19040,T33UWP_20000_32,S2A_MSIL2A_20230609T100031_R122_T33UXP_20230609T174018,1000,,0.0,0.0,0.0,0.0,0.0,0.0,0.0,45.25,54.75,0.0,0.0,400,0,0.0,20000.0,19999.99999999907,1.0676531791687012,100.0,,0.0,0.0,0.0,0.0,0.0,0.0,0.0,1.177100000000003,-1.0705999999999989,-0.1065,0.0,1.4210854715202004e-14,1.4210854715202004e-14,20000.0
18978,T33UWP_20000_32,S2A_MSIL2A_20230616T095031_R079_T33UXP_20230616T172747,20,,0.0,0.0812,0.5508,60.0459,35.8642,3.0386,0.1642,0.1254,0.1241,0.0056,0.0,1000000,0,0.0,20000.0,19999.99999999907,1.137805700302124,0.2551,,0.0,0.0,0.0,0.0,0.0,0.0,0.0,0.0,0.0,0.0,0.0,0.0,0.0,20000.0
18991,T33UWP_20000_32,S2A_MSIL2A_20230616T095031_R079_T33UXP_20230616T172747,50,,0.0,0.083125,0.550625,60.143125,35.78,3.0225,0.1675,0.124375,0.123125,0.005625,0.0,160000,0,0.0,20000.0,19999.99999999907,0.7901899814605713,0.253125,,0.0,0.00192500000000001,-0.00017499999999992522,0.09722499999999457,-0.08419999999999561,-0.016100000000000225,0.0032999999999999974,-0.001025000000000012,-0.0009750000000000036,2.499999999999985e-05,0.0,-0.0019750000000000045,0.09722499999999457,20000.0
19004,T33UWP_20000_32,S2A_MSIL2A_20230616T095031_R079_T33UXP_20230616T172747,100,,0.0,0.0875,0.5575,60.1625,35.785,2.9975,0.1725,0.1075,0.125,0.005,0.0,40000,0,0.0,20000.0,19999.99999999907,0.8585972785949707,0.2375,,0.0,0.0063,0.006700000000000039,0.11659999999999826,-0.07920000000000016,-0.041100000000000136,0.008299999999999974,-0.017900000000000013,0.000899999999999998,-0.0005999999999999998,0.0,-0.017600000000000005,0.11659999999999826,20000.0
19017,T33UWP_20000_32,S2A_MSIL2A_20230616T095031_R079_T33UXP_20230616T172747,200,,0.0,0.05,0.58,59.83,36.09,3.02,0.18,0.14,0.11,0.0,0.0,10000,0,0.0,20000.0,19999.99999999907,0.9192142486572266,0.25,,0.0,-0.03119999999999999,0.029200000000000004,-0.21590000000000487,0.22580000000000666,-0.018600000000000172,0.01579999999999998,0.014600000000000002,-0.014100000000000001,-0.0056,0.0,-0.005099999999999993,0.22580000000000666,20000.0
19030,T33UWP_20000_32,S2A_MSIL2A_20230616T095031_R079_T33UXP_20230616T172747,500,,0.0,0.125,0.5,59.125,36.9375,2.9375,0.0625,0.1875,0.125,0.0,0.0,1600,0,0.0,20000.0,19999.99999999907,0.9232988357543945,0.3125,,0.0,0.043800000000000006,-0.050799999999999956,-0.9209000000000032,1.0733000000000033,-0.10110000000000019,-0.10170000000000001,0.06209999999999999,0.000899999999999998,-0.0056,0.0,0.05740000000000001,1.0733000000000033,20000.0
19043,T33UWP_20000_32,S2A_MSIL2A_20230616T095031_R079_T33UXP_20230616T172747,1000,,0.0,0.0,0.5,57.0,37.5,4.25,0.5,0.25,0.0,0.0,0.0,400,0,0.0,20000.0,19999.99999999907,1.0676531791687012,0.25,,0.0,-0.0812,-0.050799999999999956,-3.045900000000003,1.6358000000000033,1.2113999999999998,0.3358,0.12459999999999999,-0.1241,-0.0056,0.0,-0.005099999999999993,3.045900000000003,20000.0
18979,T33UWP_20000_32,S2A_MSIL2A_20230619T100031_R122_T33UXP_20230619T172729,20,,0.0,0.0362,0.9187,20.1592,14.8214,0.6802,1.7404,16.7934,0.5565,44.294,0.0,1000000,0,0.0,20000.0,19999.99999999907,1.137805700302124,61.643899999999995,,0.0,0.0,0.0,0.0,0.0,0.0,0.0,0.0,0.0,0.0,0.0,0.0,0.0,20000.0
18992,T33UWP_20000_32,S2A_MSIL2A_20230619T100031_R122_T33UXP_20230619T172729,50,,0.0,0.033125,0.92375,20.18125,14.820625,0.664375,1.751875,16.7775,0.56625,44.28125,0.0,160000,0,0.0,20000.0,19999.99999999907,0.7901899814605713,61.625,,0.0,-0.0030750000000000013,0.005049999999999999,0.022050000000000125,-0.0007750000000008583,-0.015824999999999978,0.011475000000000124,-0.01589999999999847,0.009750000000000036,-0.01274999999999693,0.0,-0.018899999999995032,0.022050000000000125,20000.0
19005,T33UWP_20000_32,S2A_MSIL2A_20230619T100031_R122_T33UXP_20230619T172729,100,,0.0,0.0425,0.92,20.105,14.8575,0.6875,1.725,16.54,0.5575,44.565,0.0,40000,0,0.0,20000.0,19999.99999999907,0.8585972785949707,61.662499999999994,,0.0,0.0063,0.0013000000000000789,-0.05419999999999803,0.036099999999999355,0.007299999999999973,-0.015399999999999858,-0.2533999999999992,0.0010000000000000009,0.2710000000000008,0.0,0.018599999999999284,0.05419999999999803,20000.0
19018,T33UWP_20000_32,S2A_MSIL2A_20230619T100031_R122_T33UXP_20230619T172729,200,,0.0,0.05,0.98,20.4,14.47,0.67,1.72,17.14,0.47,44.1,0.0,10000,0,0.0,20000.0,19999.99999999907,0.9192142486572266,61.71,,0.0,0.0138,0.06130000000000002,0.24080000000000013,-0.35139999999999993,-0.010199999999999987,-0.020399999999999974,0.34660000000000224,-0.08650000000000002,-0.1939999999999955,0.0,0.06610000000000582,0.35139999999999993,20000.0
19031,T33UWP_20000_32,S2A_MSIL2A_20230619T100031_R122_T33UXP_20230619T172729,500,,0.0,0.0625,1.0,19.6875,15.625,0.625,2.125,16.625,0.625,43.625,0.0,1600,0,0.0,20000.0,19999.99999999907,0.9232988357543945,60.875,,0.0,0.026299999999999997,0.08130000000000004,-0.47169999999999845,0.8035999999999994,-0.05520000000000003,0.38460000000000005,-0.16839999999999833,0.0685,-0.6689999999999969,0.0,-0.768899999999995,0.8035999999999994,20000.0
19044,T33UWP_20000_32,S2A_MSIL2A_20230619T100031_R122_T33UXP_20230619T172729,1000,,0.0,0.0,1.5,20.75,15.25,0.75,1.5,16.25,0.0,44.0,0.0,400,0,0.0,20000.0,19999.99999999907,1.0676531791687012,60.25,,0.0,-0.0362,0.5813,0.5908000000000015,0.4285999999999994,0.06979999999999997,-0.24039999999999995,-0.5433999999999983,-0.5565,-0.29399999999999693,0.0,-1.393899999999995,1.393899999999995,20000.0
18982,T33UWP_20000_32,S2A_MSIL2A_20230626T095031_R079_T33UXP_20230626T162216,20,,0.0,0.0934,3.3251,55.9336,33.0023,3.033,0.2398,2.4389,1.9339,0.0,0.0,1000000,0,0.0,20000.0,19999.99999999907,1.137805700302124,4.3728,,0.0,0.0,0.0,0.0,0.0,0.0,0.0,0.0,0.0,0.0,0.0,0.0,0.0,20000.0
18995,T33UWP_20000_32,S2A_MSIL2A_20230626T095031_R079_T33UXP_20230626T162216,50,,0.0,0.09125,3.33125,55.93625,33.00375,3.015625,0.250625,2.460625,1.910625,0.0,0.0,160000,0,0.0,20000.0,19999.99999999907,0.7901899814605713,4.37125,,0.0,-0.002149999999999999,0.006149999999999878,0.0026500000000027057,0.001449999999998397,-0.01737499999999992,0.010824999999999974,0.021724999999999994,-0.023274999999999935,0.0,0.0,-0.0015499999999999403,0.01737499999999992,20000.0
19008,T33UWP_20000_32,S2A_MSIL2A_20230626T095031_R079_T33UXP_20230626T162216,100,,0.0,0.085,3.3175,56.04,32.8975,3.0375,0.24,2.3925,1.99,0.0,0.0,40000,0,0.0,20000.0,19999.99999999907,0.8585972785949707,4.3825,,0.0,-0.00839999999999999,-0.007600000000000051,0.10640000000000072,-0.10479999999999734,0.0045000000000001705,0.00019999999999997797,-0.046399999999999775,0.05610000000000004,0.0,0.0,0.009700000000000486,0.10640000000000072,20000.0
19021,T33UWP_20000_32,S2A_MSIL2A_20230626T095031_R079_T33UXP_20230626T162216,200,,0.0,0.08,3.29,56.12,32.88,3.08,0.23,2.39,1.93,0.0,0.0,10000,0,0.0,20000.0,19999.99999999907,0.9192142486572266,4.32,,0.0,-0.013399999999999995,-0.03509999999999991,0.186399999999999,-0.12229999999999563,0.04700000000000015,-0.009800000000000003,-0.04889999999999972,-0.0039000000000000146,0.0,0.0,-0.052799999999999514,0.186399999999999,20000.0
19034,T33UWP_20000_32,S2A_MSIL2A_20230626T095031_R079_T33UXP_20230626T162216,500,,0.0,0.125,3.25,55.0,33.9375,3.1875,0.125,2.125,2.25,0.0,0.0,1600,0,0.0,20000.0,19999.99999999907,0.9232988357543945,4.375,,0.0,0.0316,-0.07509999999999994,-0.9335999999999984,0.9352000000000018,0.15450000000000008,-0.11480000000000001,-0.31389999999999985,0.31610000000000005,0.0,0.0,0.002200000000000202,0.9352000000000018,20000.0
19047,T33UWP_20000_32,S2A_MSIL2A_20230626T095031_R079_T33UXP_20230626T162216,1000,,0.0,0.0,2.75,53.25,34.0,4.25,0.25,2.25,3.25,0.0,0.0,400,0,0.0,20000.0,19999.99999999907,1.0676531791687012,5.5,,0.0,-0.0934,-0.5751,-2.6835999999999984,0.9977000000000018,1.217,0.010199999999999987,-0.18889999999999985,1.3161,0.0,0.0,1.1272000000000002,2.6835999999999984,20000.0
18983,T33UWP_20000_32,S2A_MSIL2A_20230629T100031_R122_T33UXP_20230629T191359,20,,0.0,0.162,5.5887,54.9843,32.1019,3.0118,0.3354,2.3529,1.4615,0.0015,0.0,1000000,0,0.0,20000.0,19999.99999999907,1.137805700302124,3.8159,,0.0,0.0,0.0,0.0,0.0,0.0,0.0,0.0,0.0,0.0,0.0,0.0,0.0,20000.0
18996,T33UWP_20000_32,S2A_MSIL2A_20230629T100031_R122_T33UXP_20230629T191359,50,,0.0,0.155,5.600625,55.109375,31.95875,3.005625,0.33375,2.38125,1.455,0.000625,0.0,160000,0,0.0,20000.0,19999.99999999907,0.7901899814605713,3.836875,,0.0,-0.007000000000000006,0.011924999999999741,0.1250750000000025,-0.1431500000000021,-0.0061749999999998195,-0.0016499999999999848,0.028350000000000097,-0.00649999999999995,-0.000875,0.0,0.020974999999999966,0.1431500000000021,20000.0
19009,T33UWP_20000_32,S2A_MSIL2A_20230629T100031_R122_T33UXP_20230629T191359,100,,0.0,0.145,5.565,55.02,32.13,2.9975,0.31,2.3825,1.45,0.0,0.0,40000,0,0.0,20000.0,19999.99999999907,0.8585972785949707,3.8324999999999996,,0.0,-0.017000000000000015,-0.023699999999999832,0.035700000000005616,0.028100000000002012,-0.01429999999999998,-0.025399999999999978,0.02959999999999985,-0.011500000000000066,-0.0015,0.0,0.016599999999999504,0.035700000000005616,20000.0
19022,T33UWP_20000_32,S2A_MSIL2A_20230629T100031_R122_T33UXP_20230629T191359,200,,0.0,0.16,5.63,54.73,32.2,3.03,0.45,2.35,1.44,0.01,0.0,10000,0,0.0,20000.0,19999.99999999907,0.9192142486572266,3.8,,0.0,-0.0020000000000000018,0.04129999999999967,-0.25430000000000064,0.0981000000000023,0.018199999999999772,0.11460000000000004,-0.0028999999999999027,-0.021500000000000075,0.0085,0.0,-0.015900000000000247,0.25430000000000064,20000.0
19035,T33UWP_20000_32,S2A_MSIL2A_20230629T100031_R122_T33UXP_20230629T191359,500,,0.0,0.0625,5.5,53.75,33.875,3.0625,0.125,2.4375,1.1875,0.0,0.0,1600,0,0.0,20000.0,19999.99999999907,0.9232988357543945,3.625,,0.0,-0.0995,-0.08870000000000022,-1.2342999999999975,1.7730999999999995,0.05069999999999997,-0.21039999999999998,0.08460000000000001,-0.274,-0.0015,0.0,-0.19090000000000007,1.7730999999999995,20000.0
19048,T33UWP_20000_32,S2A_MSIL2A_20230629T100031_R122_T33UXP_20230629T191359,1000,,0.0,0.0,6.25,52.0,33.75,4.25,0.0,2.75,1.0,0.0,0.0,400,0,0.0,20000.0,19999.99999999907,1.0676531791687012,3.75,,0.0,-0.162,0.6612999999999998,-2.9842999999999975,1.6480999999999995,1.2382,-0.3354,0.3971,-0.4615,-0.0015,0.0,-0.06590000000000007,2.9842999999999975,20000.0
18972,T33UWP_20000_32,S2B_MSIL2A_20230601T094549_R079_T33UXP_20230601T164615,20,,0.0,0.084,0.0,52.7463,39.1163,2.7676,0.1887,0.1114,0.0261,4.9596,0.0,1000000,0,0.0,20000.0,19999.99999999907,1.137805700302124,5.0971,,0.0,0.0,0.0,0.0,0.0,0.0,0.0,0.0,0.0,0.0,0.0,0.0,0.0,20000.0
18985,T33UWP_20000_32,S2B_MSIL2A_20230601T094549_R079_T33UXP_20230601T164615,50,,0.0,0.085,0.0,52.733125,39.150625,2.751875,0.195,0.1175,0.02625,4.940625,0.0,160000,0,0.0,20000.0,19999.99999999907,0.7901899814605713,5.084375,,0.0,0.0010000000000000009,0.0,-0.013174999999996828,0.0343249999999955,-0.015724999999999767,0.0063,0.006099999999999994,0.00014999999999999736,-0.018975000000000186,0.0,-0.012725000000000541,0.0343249999999955,20000.0
18998,T33UWP_20000_32,S2B_MSIL2A_20230601T094549_R079_T33UXP_20230601T164615,100,,0.0,0.0675,0.0,52.63,39.2875,2.7325,0.1825,0.0975,0.025,4.9775,0.0,40000,0,0.0,20000.0,19999.99999999907,0.8585972785949707,5.1,,0.0,-0.0165,0.0,-0.11629999999999541,0.1711999999999989,-0.03509999999999991,-0.006200000000000011,-0.013899999999999996,-0.0011000000000000003,0.017900000000000027,0.0,0.0028999999999994586,0.1711999999999989,20000.0
19011,T33UWP_20000_32,S2B_MSIL2A_20230601T094549_R079_T33UXP_20230601T164615,200,,0.0,0.07,0.0,52.38,39.42,2.79,0.2,0.14,0.01,4.99,0.0,10000,0,0.0,20000.0,19999.99999999907,0.9192142486572266,5.140000000000001,,0.0,-0.013999999999999999,0.0,-0.3662999999999954,0.3036999999999992,0.022400000000000198,0.011300000000000004,0.028600000000000014,-0.016100000000000003,0.030400000000000205,0.0,0.04290000000000038,0.3662999999999954,20000.0
19024,T33UWP_20000_32,S2B_MSIL2A_20230601T094549_R079_T33UXP_20230601T164615,500,,0.0,0.0625,0.0,50.4375,41.625,2.75,0.0625,0.0,0.0,5.0625,0.0,1600,0,0.0,20000.0,19999.99999999907,0.9232988357543945,5.0625,,0.0,-0.021500000000000005,0.0,-2.308799999999998,2.5086999999999975,-0.017599999999999838,-0.1262,-0.1114,-0.0261,0.10289999999999999,0.0,-0.034600000000000186,2.5086999999999975,20000.0
19037,T33UWP_20000_32,S2B_MSIL2A_20230601T094549_R079_T33UXP_20230601T164615,1000,,0.0,0.0,0.0,49.75,40.5,4.0,0.25,0.0,0.0,5.5,0.0,400,0,0.0,20000.0,19999.99999999907,1.0676531791687012,5.5,,0.0,-0.084,0.0,-2.996299999999998,1.3836999999999975,1.2324000000000002,0.06129999999999999,-0.1114,-0.0261,0.5404,0.0,0.4028999999999998,2.996299999999998,20000.0
18973,T33UWP_20000_32,S2B_MSIL2A_20230604T095559_R122_T33UXP_20230604T174527,20,,0.0,0.0,7.8492,0.0019,0.0,0.3375,0.0004,24.9323,66.1297,0.749,0.0,1000000,0,0.0,20000.0,19999.99999999907,1.137805700302124,91.81099999999999,,0.0,0.0,0.0,0.0,0.0,0.0,0.0,0.0,0.0,0.0,0.0,0.0,0.0,20000.0
18986,T33UWP_20000_32,S2B_MSIL2A_20230604T095559_R122_T33UXP_20230604T174527,50,,0.0,0.0,7.858125,0.00125,0.0,0.333125,0.0,24.883125,66.178125,0.74625,0.0,160000,0,0.0,20000.0,19999.99999999907,0.7901899814605713,91.8075,,0.0,0.0,0.008925000000000516,-0.00065,0.0,-0.004375000000000018,-0.0004,-0.049175000000001745,0.04842499999999461,-0.00275000000000003,0.0,-0.0034999999999882903,0.008925000000000516,20000.0
18999,T33UWP_20000_32,S2B_MSIL2A_20230604T095559_R122_T33UXP_20230604T174527,100,,0.0,0.0,7.8475,0.0025,0.0,0.3375,0.0025,24.91,66.1125,0.7875,0.0,40000,0,0.0,20000.0,19999.99999999907,0.8585972785949707,91.80999999999999,,0.0,0.0,-0.0016999999999995907,0.0006000000000000001,0.0,0.0,0.0021,-0.02230000000000132,-0.017200000000002547,0.03849999999999998,0.0,-0.0010000000000047748,0.0021,20000.0
19012,T33UWP_20000_32,S2B_MSIL2A_20230604T095559_R122_T33UXP_20230604T174527,200,,0.0,0.0,7.43,0.0,0.0,0.3,0.0,24.54,66.97,0.76,0.0,10000,0,0.0,20000.0,19999.99999999907,0.9192142486572266,92.27,,0.0,0.0,-0.4192,-0.0019,0.0,-0.03750000000000003,-0.0004,-0.3923000000000023,0.8402999999999992,0.01100000000000001,0.0,0.4590000000000032,0.4590000000000032,20000.0
19025,T33UWP_20000_32,S2B_MSIL2A_20230604T095559_R122_T33UXP_20230604T174527,500,,0.0,0.0,7.8125,0.0,0.0,0.25,0.0,24.25,67.0625,0.625,0.0,1600,0,0.0,20000.0,19999.99999999907,0.9232988357543945,91.9375,,0.0,0.0,-0.03669999999999973,-0.0019,0.0,-0.08750000000000002,-0.0004,-0.6823000000000015,0.9328000000000003,-0.124,0.0,0.12650000000000716,0.12650000000000716,20000.0
19038,T33UWP_20000_32,S2B_MSIL2A_20230604T095559_R122_T33UXP_20230604T174527,1000,,0.0,0.0,8.0,0.0,0.0,0.75,0.0,24.5,65.75,1.0,0.0,400,0,0.0,20000.0,19999.99999999907,1.0676531791687012,91.25,,0.0,0.0,0.15080000000000027,-0.0019,0.0,0.4125,-0.0004,-0.43230000000000146,-0.3796999999999997,0.251,0.0,-0.5609999999999928,0.5609999999999928,20000.0
18976,T33UWP_20000_32,S2B_MSIL2A_20230611T094549_R079_T33UXP_20230611T141903,20,,0.0,0.0,0.0,0.0,0.0,0.0,0.0,0.0,100.0,0.0,0.0,1000000,0,0.0,20000.0,19999.99999999907,1.137805700302124,100.0,,0.0,0.0,0.0,0.0,0.0,0.0,0.0,0.0,0.0,0.0,0.0,0.0,0.0,20000.0
18989,T33UWP_20000_32,S2B_MSIL2A_20230611T094549_R079_T33UXP_20230611T141903,50,,0.0,0.0,0.0,0.0,0.0,0.0,0.0,0.0,100.0,0.0,0.0,160000,0,0.0,20000.0,19999.99999999907,0.7901899814605713,100.0,,0.0,0.0,0.0,0.0,0.0,0.0,0.0,0.0,0.0,0.0,0.0,0.0,0.0,20000.0
19002,T33UWP_20000_32,S2B_MSIL2A_20230611T094549_R079_T33UXP_20230611T141903,100,,0.0,0.0,0.0,0.0,0.0,0.0,0.0,0.0,100.0,0.0,0.0,40000,0,0.0,20000.0,19999.99999999907,0.8585972785949707,100.0,,0.0,0.0,0.0,0.0,0.0,0.0,0.0,0.0,0.0,0.0,0.0,0.0,0.0,20000.0
19015,T33UWP_20000_32,S2B_MSIL2A_20230611T094549_R079_T33UXP_20230611T141903,200,,0.0,0.0,0.0,0.0,0.0,0.0,0.0,0.0,100.0,0.0,0.0,10000,0,0.0,20000.0,19999.99999999907,0.9192142486572266,100.0,,0.0,0.0,0.0,0.0,0.0,0.0,0.0,0.0,0.0,0.0,0.0,0.0,0.0,20000.0
19028,T33UWP_20000_32,S2B_MSIL2A_20230611T094549_R079_T33UXP_20230611T141903,500,,0.0,0.0,0.0,0.0,0.0,0.0,0.0,0.0,100.0,0.0,0.0,1600,0,0.0,20000.0,19999.99999999907,0.9232988357543945,100.0,,0.0,0.0,0.0,0.0,0.0,0.0,0.0,0.0,0.0,0.0,0.0,0.0,0.0,20000.0
19041,T33UWP_20000_32,S2B_MSIL2A_20230611T094549_R079_T33UXP_20230611T141903,1000,,0.0,0.0,0.0,0.0,0.0,0.0,0.0,0.0,100.0,0.0,0.0,400,0,0.0,20000.0,19999.99999999907,1.0676531791687012,100.0,,0.0,0.0,0.0,0.0,0.0,0.0,0.0,0.0,0.0,0.0,0.0,0.0,0.0,20000.0
18977,T33UWP_20000_32,S2B_MSIL2A_20230614T095559_R122_T33UXP_20230614T142234,20,,0.0,0.0787,3.1313,56.34,33.8286,2.8597,0.2344,1.4302,1.9148,0.1823,0.0,1000000,0,0.0,20000.0,19999.99999999907,1.137805700302124,3.5273,,0.0,0.0,0.0,0.0,0.0,0.0,0.0,0.0,0.0,0.0,0.0,0.0,0.0,20000.0
18990,T33UWP_20000_32,S2B_MSIL2A_20230614T095559_R122_T33UXP_20230614T142234,50,,0.0,0.085625,3.12125,56.43375,33.77125,2.826875,0.2275,1.42375,1.9275,0.1825,0.0,160000,0,0.0,20000.0,19999.99999999907,0.7901899814605713,3.5337500000000004,,0.0,0.006925000000000001,-0.010050000000000114,0.09375,-0.05734999999999957,-0.032825000000000326,-0.0068999999999999895,-0.006449999999999845,0.012699999999999934,0.00020000000000000573,0.0,0.006450000000000511,0.09375,20000.0
19003,T33UWP_20000_32,S2B_MSIL2A_20230614T095559_R122_T33UXP_20230614T142234,100,,0.0,0.0875,3.1225,56.445,33.755,2.82,0.2175,1.375,1.9725,0.205,0.0,40000,0,0.0,20000.0,19999.99999999907,0.8585972785949707,3.5525,,0.0,0.008799999999999988,-0.008799999999999919,0.10499999999999687,-0.073599999999999,-0.03970000000000029,-0.0169,-0.055199999999999916,0.05769999999999986,0.022699999999999998,0.0,0.025200000000000333,0.10499999999999687,20000.0
19016,T33UWP_20000_32,S2B_MSIL2A_20230614T095559_R122_T33UXP_20230614T142234,200,,0.0,0.07,3.0,56.41,33.9,2.86,0.32,1.5,1.8,0.14,0.0,10000,0,0.0,20000.0,19999.99999999907,0.9192142486572266,3.44,,0.0,-0.0087,-0.13129999999999997,0.06999999999999318,0.07139999999999702,0.0002999999999997449,0.08560000000000001,0.06980000000000008,-0.11480000000000001,-0.042299999999999977,0.0,-0.08729999999999993,0.13129999999999997,20000.0
19029,T33UWP_20000_32,S2B_MSIL2A_20230614T095559_R122_T33UXP_20230614T142234,500,,0.0,0.1875,3.1875,55.0625,34.5,3.1875,0.1875,1.375,1.9375,0.375,0.0,1600,0,0.0,20000.0,19999.99999999907,0.9232988357543945,3.6875,,0.0,0.1088,0.05620000000000003,-1.2775000000000034,0.6713999999999984,0.32779999999999987,-0.0469,-0.055199999999999916,0.022699999999999942,0.1927,0.0,0.16020000000000012,1.2775000000000034,20000.0
19042,T33UWP_20000_32,S2B_MSIL2A_20230614T095559_R122_T33UXP_20230614T142234,1000,,0.0,0.0,3.5,54.0,34.75,4.25,0.75,0.75,1.5,0.5,0.0,400,0,0.0,20000.0,19999.99999999907,1.0676531791687012,2.75,,0.0,-0.0787,0.3687,-2.3400000000000034,0.9213999999999984,1.3902999999999999,0.5156000000000001,-0.6801999999999999,-0.41480000000000006,0.3177,0.0,-0.7772999999999999,2.3400000000000034,20000.0
18980,T33UWP_20000_32,S2B_MSIL2A_20230621T094549_R079_T33UXP_20230621T133744,20,,0.0,0.0678,0.1794,47.3704,29.603,2.9518,0.1292,5.5034,0.0346,14.1604,0.0,1000000,0,0.0,20000.0,19999.99999999907,1.137805700302124,19.6984,,0.0,0.0,0.0,0.0,0.0,0.0,0.0,0.0,0.0,0.0,0.0,0.0,0.0,20000.0
18993,T33UWP_20000_32,S2B_MSIL2A_20230621T094549_R079_T33UXP_20230621T133744,50,,0.0,0.068125,0.1775,47.443125,29.5375,2.934375,0.130625,5.495625,0.0275,14.185625,0.0,160000,0,0.0,20000.0,19999.99999999907,0.7901899814605713,19.708750000000002,,0.0,0.00032500000000000584,-0.0019000000000000128,0.07272500000000548,-0.06550000000000011,-0.017424999999999802,0.0014249999999999818,-0.007774999999999643,-0.007099999999999999,0.02522500000000072,0.0,0.010350000000002524,0.07272500000000548,20000.0
19006,T33UWP_20000_32,S2B_MSIL2A_20230621T094549_R079_T33UXP_20230621T133744,100,,0.0,0.06,0.175,47.51,29.5175,2.935,0.1175,5.4875,0.0525,14.145,0.0,40000,0,0.0,20000.0,19999.99999999907,0.8585972785949707,19.685,,0.0,-0.007800000000000001,-0.004400000000000015,0.1396000000000015,-0.08550000000000324,-0.016799999999999926,-0.011700000000000016,-0.015900000000000247,0.0179,-0.015399999999999636,0.0,-0.013400000000000745,0.1396000000000015,20000.0
19019,T33UWP_20000_32,S2B_MSIL2A_20230621T094549_R079_T33UXP_20230621T133744,200,,0.0,0.05,0.18,47.48,29.34,2.98,0.17,5.55,0.02,14.23,0.0,10000,0,0.0,20000.0,19999.99999999907,0.9192142486572266,19.8,,0.0,-0.017799999999999996,0.0005999999999999894,0.10960000000000036,-0.2630000000000017,0.028200000000000003,0.0408,0.04659999999999975,-0.014599999999999998,0.06960000000000122,0.0,0.10160000000000124,0.2630000000000017,20000.0
19032,T33UWP_20000_32,S2B_MSIL2A_20230621T094549_R079_T33UXP_20230621T133744,500,,0.0,0.125,0.0,47.5625,30.625,3.0,0.0,5.25,0.0,13.4375,0.0,1600,0,0.0,20000.0,19999.99999999907,0.9232988357543945,18.6875,,0.0,0.0572,-0.1794,0.1921000000000035,1.0219999999999985,0.04820000000000002,-0.1292,-0.25340000000000007,-0.0346,-0.7228999999999992,0.0,-1.0108999999999995,1.0219999999999985,20000.0
19045,T33UWP_20000_32,S2B_MSIL2A_20230621T094549_R079_T33UXP_20230621T133744,1000,,0.0,0.0,0.0,46.0,30.75,4.25,0.0,6.5,0.0,12.5,0.0,400,0,0.0,20000.0,19999.99999999907,1.0676531791687012,19.0,,0.0,-0.0678,-0.1794,-1.3703999999999965,1.1469999999999985,1.2982,-0.1292,0.9965999999999999,-0.0346,-1.6603999999999992,0.0,-0.6983999999999995,1.3703999999999965,20000.0
18981,T33UWP_20000_32,S2B_MSIL2A_20230624T095559_R122_T33UXP_20230624T144730,20,,0.0,0.0,0.0476,0.0,0.0,0.0,0.0,1.3868,98.548,0.0176,0.0,1000000,0,0.0,20000.0,19999.99999999907,1.137805700302124,99.9524,,0.0,0.0,0.0,0.0,0.0,0.0,0.0,0.0,0.0,0.0,0.0,0.0,0.0,20000.0
18994,T33UWP_20000_32,S2B_MSIL2A_20230624T095559_R122_T33UXP_20230624T144730,50,,0.0,0.0,0.04625,0.0,0.0,0.0,0.0,1.3875,98.550625,0.015625,0.0,160000,0,0.0,20000.0,19999.99999999907,0.7901899814605713,99.95375,,0.0,0.0,-0.001350000000000004,0.0,0.0,0.0,0.0,0.0006999999999999229,0.0026249999999947704,-0.001975000000000001,0.0,0.0013500000000021828,0.0013500000000021828,20000.0
19007,T33UWP_20000_32,S2B_MSIL2A_20230624T095559_R122_T33UXP_20230624T144730,100,,0.0,0.0,0.05,0.0,0.0,0.0,0.0,1.3725,98.565,0.0125,0.0,40000,0,0.0,20000.0,19999.99999999907,0.8585972785949707,99.95,,0.0,0.0,0.0023999999999999994,0.0,0.0,0.0,0.0,-0.01429999999999998,0.016999999999995907,-0.0051,0.0,-0.0023999999999944066,0.0023999999999999994,20000.0
19020,T33UWP_20000_32,S2B_MSIL2A_20230624T095559_R122_T33UXP_20230624T144730,200,,0.0,0.0,0.07,0.0,0.0,0.0,0.0,1.44,98.49,0.0,0.0,10000,0,0.0,20000.0,19999.99999999907,0.9192142486572266,99.92999999999999,,0.0,0.0,0.022400000000000003,0.0,0.0,0.0,0.0,0.053199999999999914,-0.058000000000006935,-0.0176,0.0,-0.02240000000000464,0.02240000000000464,20000.0
19033,T33UWP_20000_32,S2B_MSIL2A_20230624T095559_R122_T33UXP_20230624T144730,500,,0.0,0.0,0.0,0.0,0.0,0.0,0.0,1.625,98.375,0.0,0.0,1600,0,0.0,20000.0,19999.99999999907,0.9232988357543945,100.0,,0.0,0.0,-0.0476,0.0,0.0,0.0,0.0,0.23819999999999997,-0.17300000000000182,-0.0176,0.0,0.04760000000000275,0.04760000000000275,20000.0
19046,T33UWP_20000_32,S2B_MSIL2A_20230624T095559_R122_T33UXP_20230624T144730,1000,,0.0,0.0,0.0,0.0,0.0,0.0,0.0,1.25,98.75,0.0,0.0,400,0,0.0,20000.0,19999.99999999907,1.0676531791687012,100.0,,0.0,0.0,-0.0476,0.0,0.0,0.0,0.0,-0.13680000000000003,0.20199999999999818,-0.0176,0.0,0.04760000000000275,0.04760000000000275,20000.0
18984,T33UWP_20000_32,S2B_MSIL2A_20230701T094549_R079_T33UXP_20230701T140546,20,,0.0,0.0,0.0,0.0,0.0,0.0,0.0,0.0,100.0,0.0,0.0,1000000,0,0.0,20000.0,19999.99999999907,1.137805700302124,100.0,,0.0,0.0,0.0,0.0,0.0,0.0,0.0,0.0,0.0,0.0,0.0,0.0,0.0,20000.0
18997,T33UWP_20000_32,S2B_MSIL2A_20230701T094549_R079_T33UXP_20230701T140546,50,,0.0,0.0,0.0,0.0,0.0,0.0,0.0,0.0,100.0,0.0,0.0,160000,0,0.0,20000.0,19999.99999999907,0.7901899814605713,100.0,,0.0,0.0,0.0,0.0,0.0,0.0,0.0,0.0,0.0,0.0,0.0,0.0,0.0,20000.0
19010,T33UWP_20000_32,S2B_MSIL2A_20230701T094549_R079_T33UXP_20230701T140546,100,,0.0,0.0,0.0,0.0,0.0,0.0,0.0,0.0,100.0,0.0,0.0,40000,0,0.0,20000.0,19999.99999999907,0.8585972785949707,100.0,,0.0,0.0,0.0,0.0,0.0,0.0,0.0,0.0,0.0,0.0,0.0,0.0,0.0,20000.0
19023,T33UWP_20000_32,S2B_MSIL2A_20230701T094549_R079_T33UXP_20230701T140546,200,,0.0,0.0,0.0,0.0,0.0,0.0,0.0,0.0,100.0,0.0,0.0,10000,0,0.0,20000.0,19999.99999999907,0.9192142486572266,100.0,,0.0,0.0,0.0,0.0,0.0,0.0,0.0,0.0,0.0,0.0,0.0,0.0,0.0,20000.0
19036,T33UWP_20000_32,S2B_MSIL2A_20230701T094549_R079_T33UXP_20230701T140546,500,,0.0,0.0,0.0,0.0,0.0,0.0,0.0,0.0,100.0,0.0,0.0,1600,0,0.0,20000.0,19999.99999999907,0.9232988357543945,100.0,,0.0,0.0,0.0,0.0,0.0,0.0,0.0,0.0,0.0,0.0,0.0,0.0,0.0,20000.0
19049,T33UWP_20000_32,S2B_MSIL2A_20230701T094549_R079_T33UXP_20230701T140546,1000,,0.0,0.0,0.0,0.0,0.0,0.0,0.0,0.0,100.0,0.0,0.0,400,0,0.0,20000.0,19999.99999999907,1.0676531791687012,100.0,,0.0,0.0,0.0,0.0,0.0,0.0,0.0,0.0,0.0,0.0,0.0,0.0,0.0,20000.0
19052,T33UWP_20000_33,S2A_MSIL2A_20230606T095031_R079_T33UXP_20230606T160730,20,,0.0,0.0,1.8522,0.0,0.0,0.0,0.0001,5.4831,92.6646,0.0,0.0,1000000,0,0.0,20000.00000000035,20000.0,1.1369867324829102,98.14769999999999,,0.0,0.0,0.0,0.0,0.0,0.0,0.0,0.0,0.0,0.0,0.0,0.0,0.0,20000.0
19065,T33UWP_20000_33,S2A_MSIL2A_20230606T095031_R079_T33UXP_20230606T160730,50,,0.0,0.0,1.854375,0.0,0.0,0.0,0.0,5.4825,92.663125,0.0,0.0,160000,0,0.0,20000.00000000035,20000.0,0.7928097248077393,98.145625,,0.0,0.0,0.002175000000000038,0.0,0.0,0.0,-0.0001,-0.000600000000000378,-0.001474999999999227,0.0,0.0,-0.002074999999990723,0.002175000000000038,20000.0
19078,T33UWP_20000_33,S2A_MSIL2A_20230606T095031_R079_T33UXP_20230606T160730,100,,0.0,0.0,1.8525,0.0,0.0,0.0,0.0025,5.485,92.66,0.0,0.0,40000,0,0.0,20000.00000000035,20000.0,0.7765097618103027,98.145,,0.0,0.0,0.00029999999999996696,0.0,0.0,0.0,0.0024000000000000002,0.0019000000000000128,-0.004599999999996385,0.0,0.0,-0.0026999999999901547,0.0026999999999901547,20000.0
19091,T33UWP_20000_33,S2A_MSIL2A_20230606T095031_R079_T33UXP_20230606T160730,200,,0.0,0.0,1.81,0.0,0.0,0.0,0.0,5.7,92.49,0.0,0.0,10000,0,0.0,20000.00000000035,20000.0,0.7619214057922363,98.19,,0.0,0.0,-0.042200000000000015,0.0,0.0,0.0,-0.0001,0.21689999999999987,-0.1745999999999981,0.0,0.0,0.04230000000001155,0.04230000000001155,20000.0
19104,T33UWP_20000_33,S2A_MSIL2A_20230606T095031_R079_T33UXP_20230606T160730,500,,0.0,0.0,1.4375,0.0,0.0,0.0,0.0625,5.875,92.625,0.0,0.0,1600,0,0.0,20000.00000000035,20000.0,0.9356236457824707,98.5,,0.0,0.0,-0.41470000000000007,0.0,0.0,0.0,0.0624,0.3918999999999997,-0.039599999999992974,0.0,0.0,0.3523000000000138,0.41470000000000007,20000.0
19117,T33UWP_20000_33,S2A_MSIL2A_20230606T095031_R079_T33UXP_20230606T160730,1000,,0.0,0.0,2.25,0.0,0.0,0.0,0.0,4.75,93.0,0.0,0.0,400,0,0.0,20000.00000000035,20000.0,0.8889377117156982,97.75,,0.0,0.0,0.39779999999999993,0.0,0.0,0.0,-0.0001,-0.7331000000000003,0.335400000000007,0.0,0.0,-0.3976999999999862,0.39779999999999993,20000.0
19053,T33UWP_20000_33,S2A_MSIL2A_20230609T100031_R122_T33UXP_20230609T174018,20,,0.0,0.0,0.0,0.0,0.0,0.0,0.0,80.7559,19.1256,0.1185,0.0,1000000,0,0.0,20000.00000000035,20000.0,1.1369867324829102,99.99999999999999,,0.0,0.0,0.0,0.0,0.0,0.0,0.0,0.0,0.0,0.0,0.0,0.0,0.0,20000.0
19066,T33UWP_20000_33,S2A_MSIL2A_20230609T100031_R122_T33UXP_20230609T174018,50,,0.0,0.0,0.0,0.0,0.0,0.0,0.0,80.7475,19.13375,0.11875,0.0,160000,0,0.0,20000.00000000035,20000.0,0.7928097248077393,100.0,,0.0,0.0,0.0,0.0,0.0,0.0,0.0,-0.008399999999994634,0.008150000000000546,0.0002500000000000002,0.0,1.4210854715202004e-14,1.4210854715202004e-14,20000.0
19079,T33UWP_20000_33,S2A_MSIL2A_20230609T100031_R122_T33UXP_20230609T174018,100,,0.0,0.0,0.0,0.0,0.0,0.0,0.0,80.73,19.155,0.115,0.0,40000,0,0.0,20000.00000000035,20000.0,0.7765097618103027,100.0,,0.0,0.0,0.0,0.0,0.0,0.0,0.0,-0.02589999999999293,0.029400000000002535,-0.0034999999999999892,0.0,1.4210854715202004e-14,1.4210854715202004e-14,20000.0
19092,T33UWP_20000_33,S2A_MSIL2A_20230609T100031_R122_T33UXP_20230609T174018,200,,0.0,0.0,0.0,0.0,0.0,0.0,0.0,81.25,18.62,0.13,0.0,10000,0,0.0,20000.00000000035,20000.0,0.7619214057922363,100.0,,0.0,0.0,0.0,0.0,0.0,0.0,0.0,0.4941000000000031,-0.5055999999999976,0.01150000000000001,0.0,1.4210854715202004e-14,1.4210854715202004e-14,20000.0
19105,T33UWP_20000_33,S2A_MSIL2A_20230609T100031_R122_T33UXP_20230609T174018,500,,0.0,0.0,0.0,0.0,0.0,0.0,0.0,81.25,18.625,0.125,0.0,1600,0,0.0,20000.00000000035,20000.0,0.9356236457824707,100.0,,0.0,0.0,0.0,0.0,0.0,0.0,0.0,0.4941000000000031,-0.5005999999999986,0.006500000000000006,0.0,1.4210854715202004e-14,1.4210854715202004e-14,20000.0
19118,T33UWP_20000_33,S2A_MSIL2A_20230609T100031_R122_T33UXP_20230609T174018,1000,,0.0,0.0,0.0,0.0,0.0,0.0,0.0,82.0,17.75,0.25,0.0,400,0,0.0,20000.00000000035,20000.0,0.8889377117156982,100.0,,0.0,0.0,0.0,0.0,0.0,0.0,0.0,1.244100000000003,-1.3755999999999986,0.1315,0.0,1.4210854715202004e-14,1.4210854715202004e-14,20000.0
19056,T33UWP_20000_33,S2A_MSIL2A_20230616T095031_R079_T33UXP_20230616T172747,20,,0.0,0.0047,1.9654,78.5739,17.0006,0.0287,0.1082,1.5908,0.7266,0.0011,0.0,1000000,0,0.0,20000.00000000035,20000.0,1.1369867324829102,2.3185000000000002,,0.0,0.0,0.0,0.0,0.0,0.0,0.0,0.0,0.0,0.0,0.0,0.0,0.0,20000.0
19069,T33UWP_20000_33,S2A_MSIL2A_20230616T095031_R079_T33UXP_20230616T172747,50,,0.0,0.004375,1.965,78.6225,16.949375,0.0275,0.115,1.580625,0.734375,0.00125,0.0,160000,0,0.0,20000.00000000035,20000.0,0.7928097248077393,2.31625,,0.0,-0.00032499999999999977,-0.00039999999999995595,0.048600000000007526,-0.051224999999998744,-0.0011999999999999997,0.0068000000000000005,-0.010175000000000045,0.007774999999999976,0.00014999999999999996,0.0,-0.0022500000000000853,0.051224999999998744,20000.0
19082,T33UWP_20000_33,S2A_MSIL2A_20230616T095031_R079_T33UXP_20230616T172747,100,,0.0,0.005,1.965,78.5725,17.005,0.0325,0.12,1.555,0.745,0.0,0.0,40000,0,0.0,20000.00000000035,20000.0,0.7765097618103027,2.3,,0.0,0.0002999999999999999,-0.00039999999999995595,-0.0013999999999896318,0.004400000000000404,0.0038000000000000013,0.011799999999999991,-0.035800000000000054,0.018399999999999972,-0.0011,0.0,-0.018500000000000405,0.018500000000000405,20000.0
19095,T33UWP_20000_33,S2A_MSIL2A_20230616T095031_R079_T33UXP_20230616T172747,200,,0.0,0.01,1.97,78.43,17.19,0.01,0.17,1.59,0.63,0.0,0.0,10000,0,0.0,20000.00000000035,20000.0,0.7619214057922363,2.22,,0.0,0.0053,0.0045999999999999375,-0.14389999999998793,0.18940000000000268,-0.0187,0.06180000000000001,-0.0007999999999999119,-0.09660000000000002,-0.0011,0.0,-0.09850000000000003,0.18940000000000268,20000.0
19108,T33UWP_20000_33,S2A_MSIL2A_20230616T095031_R079_T33UXP_20230616T172747,500,,0.0,0.0625,1.9375,78.625,16.875,0.0625,0.125,1.625,0.6875,0.0,0.0,1600,0,0.0,20000.00000000035,20000.0,0.9356236457824707,2.3125,,0.0,0.0578,-0.027900000000000036,0.05110000000000525,-0.1255999999999986,0.0338,0.016799999999999995,0.03420000000000001,-0.039100000000000024,-0.0011,0.0,-0.006000000000000227,0.1255999999999986,20000.0
19121,T33UWP_20000_33,S2A_MSIL2A_20230616T095031_R079_T33UXP_20230616T172747,1000,,0.0,0.0,2.0,79.0,16.25,0.0,0.25,2.25,0.25,0.0,0.0,400,0,0.0,20000.00000000035,20000.0,0.8889377117156982,2.5,,0.0,-0.0047,0.034599999999999964,0.42610000000000525,-0.7505999999999986,-0.0287,0.14179999999999998,0.6592,-0.4766,-0.0011,0.0,0.18149999999999977,0.7505999999999986,20000.0
19057,T33UWP_20000_33,S2A_MSIL2A_20230619T100031_R122_T33UXP_20230619T172729,20,,0.0,0.0006,0.0409,27.6406,4.216,0.0118,0.5781,11.5777,3.5983,52.336,0.0,1000000,0,0.0,20000.00000000035,20000.0,1.1369867324829102,67.512,,0.0,0.0,0.0,0.0,0.0,0.0,0.0,0.0,0.0,0.0,0.0,0.0,0.0,20000.0
19070,T33UWP_20000_33,S2A_MSIL2A_20230619T100031_R122_T33UXP_20230619T172729,50,,0.0,0.0,0.039375,27.5975,4.249375,0.01125,0.596875,11.5625,3.60875,52.334375,0.0,160000,0,0.0,20000.00000000035,20000.0,0.7928097248077393,67.50562500000001,,0.0,-0.0006,-0.0015249999999999986,-0.04309999999999903,0.03337499999999949,-0.0005500000000000001,0.018775000000000097,-0.015200000000000102,0.01045000000000007,-0.001624999999997101,0.0,-0.00637499999999136,0.04309999999999903,20000.0
19083,T33UWP_20000_33,S2A_MSIL2A_20230619T100031_R122_T33UXP_20230619T172729,100,,0.0,0.0,0.04,27.6175,4.1775,0.015,0.585,11.54,3.56,52.465,0.0,40000,0,0.0,20000.00000000035,20000.0,0.7765097618103027,67.565,,0.0,-0.0006,-0.000899999999999998,-0.023099999999999454,-0.03849999999999998,0.0031999999999999997,0.006900000000000017,-0.037700000000000955,-0.0383,0.1290000000000049,0.0,0.05299999999999727,0.05299999999999727,20000.0
19096,T33UWP_20000_33,S2A_MSIL2A_20230619T100031_R122_T33UXP_20230619T172729,200,,0.0,0.0,0.07,28.16,4.41,0.0,0.56,11.64,3.53,51.63,0.0,10000,0,0.0,20000.00000000035,20000.0,0.7619214057922363,66.8,,0.0,-0.0006,0.029100000000000008,0.519400000000001,0.19399999999999995,-0.0118,-0.018099999999999894,0.062300000000000466,-0.06830000000000025,-0.705999999999996,0.0,-0.7120000000000033,0.7120000000000033,20000.0
19109,T33UWP_20000_33,S2A_MSIL2A_20230619T100031_R122_T33UXP_20230619T172729,500,,0.0,0.0,0.1875,26.6875,4.25,0.0,0.1875,11.5625,3.625,53.5,0.0,1600,0,0.0,20000.00000000035,20000.0,0.9356236457824707,68.6875,,0.0,-0.0006,0.1466,-0.9530999999999992,0.03399999999999981,-0.0118,-0.39059999999999995,-0.015200000000000102,0.026699999999999946,1.1640000000000015,0.0,1.1754999999999995,1.1754999999999995,20000.0
19122,T33UWP_20000_33,S2A_MSIL2A_20230619T100031_R122_T33UXP_20230619T172729,1000,,0.0,0.0,0.25,27.0,3.25,0.0,0.5,11.25,3.0,54.75,0.0,400,0,0.0,20000.00000000035,20000.0,0.8889377117156982,69.0,,0.0,-0.0006,0.2091,-0.6405999999999992,-0.9660000000000002,-0.0118,-0.07809999999999995,-0.3277000000000001,-0.5983,2.4140000000000015,0.0,1.4879999999999995,1.4879999999999995,20000.0
19060,T33UWP_20000_33,S2A_MSIL2A_20230626T095031_R079_T33UXP_20230626T162216,20,,0.0,0.003,8.4426,67.6476,12.1391,0.0251,0.2593,6.2291,5.2542,0.0,0.0,1000000,0,0.0,20000.00000000035,20000.0,1.1369867324829102,11.4833,,0.0,0.0,0.0,0.0,0.0,0.0,0.0,0.0,0.0,0.0,0.0,0.0,0.0,20000.0
19073,T33UWP_20000_33,S2A_MSIL2A_20230626T095031_R079_T33UXP_20230626T162216,50,,0.0,0.0025,8.44625,67.623125,12.160625,0.024375,0.254375,6.244375,5.244375,0.0,0.0,160000,0,0.0,20000.00000000035,20000.0,0.7928097248077393,11.48875,,0.0,-0.0005,0.003649999999998599,-0.02447499999999536,0.02152500000000046,-0.000725,-0.004924999999999957,0.015274999999999928,-0.009825000000000195,0.0,0.0,0.005449999999999733,0.02447499999999536,20000.0
19086,T33UWP_20000_33,S2A_MSIL2A_20230626T095031_R079_T33UXP_20230626T162216,100,,0.0,0.005,8.4575,67.8675,11.8875,0.025,0.275,6.2125,5.27,0.0,0.0,40000,0,0.0,20000.00000000035,20000.0,0.7765097618103027,11.4825,,0.0,0.002,0.014899999999999025,0.21990000000000975,-0.2515999999999998,-9.99999999999994e-05,0.015700000000000047,-0.016599999999999504,0.015799999999999592,0.0,0.0,-0.0007999999999999119,0.2515999999999998,20000.0
19099,T33UWP_20000_33,S2A_MSIL2A_20230626T095031_R079_T33UXP_20230626T162216,200,,0.0,0.0,8.66,66.92,12.55,0.03,0.17,6.17,5.5,0.0,0.0,10000,0,0.0,20000.00000000035,20000.0,0.7619214057922363,11.67,,0.0,-0.003,0.2173999999999996,-0.7275999999999954,0.4109000000000016,0.004899999999999998,-0.08929999999999996,-0.05909999999999993,0.24580000000000002,0.0,0.0,0.1867000000000001,0.7275999999999954,20000.0
19112,T33UWP_20000_33,S2A_MSIL2A_20230626T095031_R079_T33UXP_20230626T162216,500,,0.0,0.0,8.5625,66.5,12.8125,0.0625,0.25,6.625,5.1875,0.0,0.0,1600,0,0.0,20000.00000000035,20000.0,0.9356236457824707,11.8125,,0.0,-0.003,0.11989999999999945,-1.147599999999997,0.6734000000000009,0.0374,-0.009299999999999975,0.39590000000000014,-0.06669999999999998,0.0,0.0,0.32920000000000016,1.147599999999997,20000.0
19125,T33UWP_20000_33,S2A_MSIL2A_20230626T095031_R079_T33UXP_20230626T162216,1000,,0.0,0.0,10.5,64.5,13.75,0.0,0.25,5.75,5.25,0.0,0.0,400,0,0.0,20000.00000000035,20000.0,0.8889377117156982,11.0,,0.0,-0.003,2.0573999999999995,-3.147599999999997,1.6109000000000009,-0.0251,-0.009299999999999975,-0.47909999999999986,-0.0041999999999999815,0.0,0.0,-0.48329999999999984,3.147599999999997,20000.0
19061,T33UWP_20000_33,S2A_MSIL2A_20230629T100031_R122_T33UXP_20230629T191359,20,,0.0,0.0035,8.3023,71.0013,13.6799,0.0254,0.4306,4.6938,1.8614,0.0018,0.0,1000000,0,0.0,20000.00000000035,20000.0,1.1369867324829102,6.557,,0.0,0.0,0.0,0.0,0.0,0.0,0.0,0.0,0.0,0.0,0.0,0.0,0.0,20000.0
19074,T33UWP_20000_33,S2A_MSIL2A_20230629T100031_R122_T33UXP_20230629T191359,50,,0.0,0.00375,8.308125,71.015,13.63875,0.024375,0.43875,4.70125,1.868125,0.001875,0.0,160000,0,0.0,20000.00000000035,20000.0,0.7928097248077393,6.57125,,0.0,0.0002499999999999998,0.005824999999999747,0.013700000000000045,-0.04115000000000002,-0.0010249999999999981,0.00814999999999999,0.007449999999999513,0.006725000000000092,7.499999999999998e-05,0.0,0.014249999999999652,0.04115000000000002,20000.0
19087,T33UWP_20000_33,S2A_MSIL2A_20230629T100031_R122_T33UXP_20230629T191359,100,,0.0,0.0075,8.2825,71.28,13.4325,0.0325,0.41,4.71,1.845,0.0,0.0,40000,0,0.0,20000.00000000035,20000.0,0.7765097618103027,6.555,,0.0,0.004,-0.01980000000000004,0.2787000000000006,-0.24740000000000073,0.007100000000000002,-0.020600000000000007,0.016199999999999548,-0.01639999999999997,-0.0018,0.0,-0.002000000000000668,0.2787000000000006,20000.0
19100,T33UWP_20000_33,S2A_MSIL2A_20230629T100031_R122_T33UXP_20230629T191359,200,,0.0,0.01,8.48,70.38,14.06,0.02,0.53,4.67,1.85,0.0,0.0,10000,0,0.0,20000.00000000035,20000.0,0.7619214057922363,6.52,,0.0,0.006500000000000001,0.17769999999999975,-0.6213000000000051,0.38010000000000055,-0.0053999999999999986,0.09940000000000004,-0.023800000000000487,-0.011399999999999855,-0.0018,0.0,-0.03700000000000081,0.6213000000000051,20000.0
19113,T33UWP_20000_33,S2A_MSIL2A_20230629T100031_R122_T33UXP_20230629T191359,500,,0.0,0.0,8.5,69.9375,14.6875,0.0625,0.25,4.8125,1.75,0.0,0.0,1600,0,0.0,20000.00000000035,20000.0,0.9356236457824707,6.5625,,0.0,-0.0035,0.19769999999999932,-1.0638000000000005,1.0076,0.0371,-0.18059999999999998,0.11869999999999958,-0.11139999999999994,-0.0018,0.0,0.005499999999999616,1.0638000000000005,20000.0
19126,T33UWP_20000_33,S2A_MSIL2A_20230629T100031_R122_T33UXP_20230629T191359,1000,,0.0,0.0,11.0,69.25,12.75,0.0,0.75,4.25,2.0,0.0,0.0,400,0,0.0,20000.00000000035,20000.0,0.8889377117156982,6.25,,0.0,-0.0035,2.6976999999999993,-1.7513000000000005,-0.9299,-0.0254,0.3194,-0.4438000000000004,0.13860000000000006,-0.0018,0.0,-0.3070000000000004,2.6976999999999993,20000.0
19050,T33UWP_20000_33,S2B_MSIL2A_20230601T094549_R079_T33UXP_20230601T164615,20,,0.0,0.0003,0.0,75.6759,24.2775,0.0326,0.0135,0.0,0.0,0.0002,0.0,1000000,0,0.0,20000.00000000035,20000.0,1.1369867324829102,0.0002,,0.0,0.0,0.0,0.0,0.0,0.0,0.0,0.0,0.0,0.0,0.0,0.0,0.0,20000.0
19063,T33UWP_20000_33,S2B_MSIL2A_20230601T094549_R079_T33UXP_20230601T164615,50,,0.0,0.0,0.0,75.73125,24.22125,0.031875,0.015625,0.0,0.0,0.0,0.0,160000,0,0.0,20000.00000000035,20000.0,0.7928097248077393,0.0,,0.0,-0.0003,0.0,0.05535000000000423,-0.05624999999999858,-0.0007249999999999965,0.002125,0.0,0.0,-0.0002,0.0,-0.0002,0.05624999999999858,20000.0
19076,T33UWP_20000_33,S2B_MSIL2A_20230601T094549_R079_T33UXP_20230601T164615,100,,0.0,0.0,0.0,75.6925,24.2625,0.0375,0.0075,0.0,0.0,0.0,0.0,40000,0,0.0,20000.00000000035,20000.0,0.7765097618103027,0.0,,0.0,-0.0003,0.0,0.01659999999999684,-0.015000000000000568,0.004900000000000002,-0.006,0.0,0.0,-0.0002,0.0,-0.0002,0.01659999999999684,20000.0
19089,T33UWP_20000_33,S2B_MSIL2A_20230601T094549_R079_T33UXP_20230601T164615,200,,0.0,0.0,0.0,75.04,24.93,0.02,0.01,0.0,0.0,0.0,0.0,10000,0,0.0,20000.00000000035,20000.0,0.7619214057922363,0.0,,0.0,-0.0003,0.0,-0.6358999999999924,0.6524999999999999,-0.012599999999999997,-0.0034999999999999996,0.0,0.0,-0.0002,0.0,-0.0002,0.6524999999999999,20000.0
19102,T33UWP_20000_33,S2B_MSIL2A_20230601T094549_R079_T33UXP_20230601T164615,500,,0.0,0.0,0.0,74.9375,25.0,0.0625,0.0,0.0,0.0,0.0,0.0,1600,0,0.0,20000.00000000035,20000.0,0.9356236457824707,0.0,,0.0,-0.0003,0.0,-0.7383999999999986,0.7225000000000001,0.029900000000000003,-0.0135,0.0,0.0,-0.0002,0.0,-0.0002,0.7383999999999986,20000.0
19115,T33UWP_20000_33,S2B_MSIL2A_20230601T094549_R079_T33UXP_20230601T164615,1000,,0.0,0.0,0.0,75.75,24.25,0.0,0.0,0.0,0.0,0.0,0.0,400,0,0.0,20000.00000000035,20000.0,0.8889377117156982,0.0,,0.0,-0.0003,0.0,0.07410000000000139,-0.027499999999999858,-0.0326,-0.0135,0.0,0.0,-0.0002,0.0,-0.0002,0.07410000000000139,20000.0
19051,T33UWP_20000_33,S2B_MSIL2A_20230604T095559_R122_T33UXP_20230604T174527,20,,0.0,0.0,1.3501,0.0205,0.0278,0.0,0.0434,3.5075,94.8572,0.1935,0.0,1000000,0,0.0,20000.00000000035,20000.0,1.1369867324829102,98.5582,,0.0,0.0,0.0,0.0,0.0,0.0,0.0,0.0,0.0,0.0,0.0,0.0,0.0,20000.0
19064,T33UWP_20000_33,S2B_MSIL2A_20230604T095559_R122_T33UXP_20230604T174527,50,,0.0,0.0,1.3625,0.02,0.026875,0.0,0.045,3.475,94.8775,0.193125,0.0,160000,0,0.0,20000.00000000035,20000.0,0.7928097248077393,98.54562499999999,,0.0,0.0,0.012399999999999967,-0.0005000000000000004,-0.0009249999999999987,0.0,0.0015999999999999973,-0.03249999999999975,0.02029999999999177,-0.0003750000000000142,0.0,-0.012575000000012437,0.012575000000012437,20000.0
19077,T33UWP_20000_33,S2B_MSIL2A_20230604T095559_R122_T33UXP_20230604T174527,100,,0.0,0.0,1.325,0.0225,0.0225,0.0,0.0425,3.5175,94.8875,0.1825,0.0,40000,0,0.0,20000.00000000035,20000.0,0.7765097618103027,98.5875,,0.0,0.0,-0.025100000000000122,0.0019999999999999983,-0.005299999999999999,0.0,-0.000899999999999998,0.010000000000000231,0.030299999999996885,-0.01100000000000001,0.0,0.02930000000000632,0.02930000000000632,20000.0
19090,T33UWP_20000_33,S2B_MSIL2A_20230604T095559_R122_T33UXP_20230604T174527,200,,0.0,0.0,1.41,0.01,0.04,0.0,0.05,3.48,94.87,0.14,0.0,10000,0,0.0,20000.00000000035,20000.0,0.7619214057922363,98.49000000000001,,0.0,0.0,0.05989999999999984,-0.0105,0.012200000000000003,0.0,0.006600000000000002,-0.027499999999999858,0.01279999999999859,-0.05349999999999999,0.0,-0.06819999999999027,0.06819999999999027,20000.0
19103,T33UWP_20000_33,S2B_MSIL2A_20230604T095559_R122_T33UXP_20230604T174527,500,,0.0,0.0,1.4375,0.0,0.0,0.0,0.0,4.125,94.3125,0.125,0.0,1600,0,0.0,20000.00000000035,20000.0,0.9356236457824707,98.5625,,0.0,0.0,0.08739999999999992,-0.0205,-0.0278,0.0,-0.0434,0.6175000000000002,-0.544700000000006,-0.0685,0.0,0.004300000000000637,0.08739999999999992,20000.0
19116,T33UWP_20000_33,S2B_MSIL2A_20230604T095559_R122_T33UXP_20230604T174527,1000,,0.0,0.0,2.25,0.0,0.0,0.0,0.0,4.25,93.5,0.0,0.0,400,0,0.0,20000.00000000035,20000.0,0.8889377117156982,97.75,,0.0,0.0,0.8998999999999999,-0.0205,-0.0278,0.0,-0.0434,0.7425000000000002,-1.357200000000006,-0.1935,0.0,-0.8081999999999994,0.8998999999999999,20000.0
19054,T33UWP_20000_33,S2B_MSIL2A_20230611T094549_R079_T33UXP_20230611T141903,20,,0.0,0.0,0.0,0.0,0.0,0.0,0.0,0.4083,99.5917,0.0,0.0,1000000,0,0.0,20000.00000000035,20000.0,1.1369867324829102,100.0,,0.0,0.0,0.0,0.0,0.0,0.0,0.0,0.0,0.0,0.0,0.0,0.0,0.0,20000.0
19067,T33UWP_20000_33,S2B_MSIL2A_20230611T094549_R079_T33UXP_20230611T141903,50,,0.0,0.0,0.0,0.0,0.0,0.0,0.0,0.399375,99.600625,0.0,0.0,160000,0,0.0,20000.00000000035,20000.0,0.7928097248077393,100.0,,0.0,0.0,0.0,0.0,0.0,0.0,0.0,-0.008925000000000016,0.008924999999990746,0.0,0.0,0.0,0.0,20000.0
19080,T33UWP_20000_33,S2B_MSIL2A_20230611T094549_R079_T33UXP_20230611T141903,100,,0.0,0.0,0.0,0.0,0.0,0.0,0.0,0.4275,99.5725,0.0,0.0,40000,0,0.0,20000.00000000035,20000.0,0.7765097618103027,100.0,,0.0,0.0,0.0,0.0,0.0,0.0,0.0,0.019199999999999995,-0.019199999999997885,0.0,0.0,0.0,0.0,20000.0
19093,T33UWP_20000_33,S2B_MSIL2A_20230611T094549_R079_T33UXP_20230611T141903,200,,0.0,0.0,0.0,0.0,0.0,0.0,0.0,0.46,99.54,0.0,0.0,10000,0,0.0,20000.00000000035,20000.0,0.7619214057922363,100.0,,0.0,0.0,0.0,0.0,0.0,0.0,0.0,0.051700000000000024,-0.05169999999999675,0.0,0.0,0.0,0.0,20000.0
19106,T33UWP_20000_33,S2B_MSIL2A_20230611T094549_R079_T33UXP_20230611T141903,500,,0.0,0.0,0.0,0.0,0.0,0.0,0.0,0.875,99.125,0.0,0.0,1600,0,0.0,20000.00000000035,20000.0,0.9356236457824707,100.0,,0.0,0.0,0.0,0.0,0.0,0.0,0.0,0.4667,-0.466700000000003,0.0,0.0,0.0,0.0,20000.0
19119,T33UWP_20000_33,S2B_MSIL2A_20230611T094549_R079_T33UXP_20230611T141903,1000,,0.0,0.0,0.0,0.0,0.0,0.0,0.0,0.75,99.25,0.0,0.0,400,0,0.0,20000.00000000035,20000.0,0.8889377117156982,100.0,,0.0,0.0,0.0,0.0,0.0,0.0,0.0,0.3417,-0.341700000000003,0.0,0.0,0.0,0.0,20000.0
19055,T33UWP_20000_33,S2B_MSIL2A_20230614T095559_R122_T33UXP_20230614T142234,20,,0.0,0.0002,0.8519,81.7628,16.6568,0.0325,0.0483,0.4156,0.2319,0.0,0.0,1000000,0,0.0,20000.00000000035,20000.0,1.1369867324829102,0.6475,,0.0,0.0,0.0,0.0,0.0,0.0,0.0,0.0,0.0,0.0,0.0,0.0,0.0,20000.0
19068,T33UWP_20000_33,S2B_MSIL2A_20230614T095559_R122_T33UXP_20230614T142234,50,,0.0,0.0,0.853125,81.79375,16.631875,0.030625,0.048125,0.4125,0.23,0.0,0.0,160000,0,0.0,20000.00000000035,20000.0,0.7928097248077393,0.6425,,0.0,-0.0002,0.0012250000000000316,0.030950000000004252,-0.024924999999999642,-0.0018750000000000017,-0.00017500000000000154,-0.003100000000000047,-0.001899999999999985,0.0,0.0,-0.0050000000000000044,0.030950000000004252,20000.0
19081,T33UWP_20000_33,S2B_MSIL2A_20230614T095559_R122_T33UXP_20230614T142234,100,,0.0,0.0,0.8625,81.7275,16.6875,0.0375,0.04,0.42,0.225,0.0,0.0,40000,0,0.0,20000.00000000035,20000.0,0.7765097618103027,0.645,,0.0,-0.0002,0.010600000000000054,-0.03529999999999234,0.030699999999999505,0.0049999999999999975,-0.008300000000000002,0.0043999999999999595,-0.0068999999999999895,0.0,0.0,-0.0024999999999999467,0.03529999999999234,20000.0
19094,T33UWP_20000_33,S2B_MSIL2A_20230614T095559_R122_T33UXP_20230614T142234,200,,0.0,0.0,0.87,81.64,16.75,0.03,0.04,0.46,0.21,0.0,0.0,10000,0,0.0,20000.00000000035,20000.0,0.7619214057922363,0.67,,0.0,-0.0002,0.018100000000000005,-0.12279999999999802,0.0931999999999995,-0.0025000000000000022,-0.008300000000000002,0.044399999999999995,-0.021900000000000003,0.0,0.0,0.022500000000000075,0.12279999999999802,20000.0
19107,T33UWP_20000_33,S2B_MSIL2A_20230614T095559_R122_T33UXP_20230614T142234,500,,0.0,0.0,1.0625,81.0,17.1875,0.0625,0.0,0.375,0.3125,0.0,0.0,1600,0,0.0,20000.00000000035,20000.0,0.9356236457824707,0.6875,,0.0,-0.0002,0.2106,-0.7627999999999986,0.5306999999999995,0.03,-0.0483,-0.040600000000000025,0.0806,0.0,0.0,0.040000000000000036,0.7627999999999986,20000.0
19120,T33UWP_20000_33,S2B_MSIL2A_20230614T095559_R122_T33UXP_20230614T142234,1000,,0.0,0.0,1.25,82.5,15.5,0.0,0.25,0.25,0.25,0.0,0.0,400,0,0.0,20000.00000000035,20000.0,0.8889377117156982,0.5,,0.0,-0.0002,0.3981,0.7372000000000014,-1.1568000000000005,-0.0325,0.2017,-0.16560000000000002,0.018100000000000005,0.0,0.0,-0.14749999999999996,1.1568000000000005,20000.0
19058,T33UWP_20000_33,S2B_MSIL2A_20230621T094549_R079_T33UXP_20230621T133744,20,,0.0,0.0,0.798,44.4237,7.8032,0.0048,0.008,1.3709,0.0801,45.5113,0.0,1000000,0,0.0,20000.00000000035,20000.0,1.1369867324829102,46.9623,,0.0,0.0,0.0,0.0,0.0,0.0,0.0,0.0,0.0,0.0,0.0,0.0,0.0,20000.0
19071,T33UWP_20000_33,S2B_MSIL2A_20230621T094549_R079_T33UXP_20230621T133744,50,,0.0,0.0,0.7975,44.439375,7.799375,0.00375,0.0075,1.380625,0.076875,45.495,0.0,160000,0,0.0,20000.00000000035,20000.0,0.7928097248077393,46.9525,,0.0,0.0,-0.000500000000000056,0.01567500000000166,-0.0038249999999999673,-0.0010499999999999997,-0.0005000000000000004,0.009724999999999984,-0.0032250000000000056,-0.01630000000000109,0.0,-0.009799999999998477,0.01567500000000166,20000.0
19084,T33UWP_20000_33,S2B_MSIL2A_20230621T094549_R079_T33UXP_20230621T133744,100,,0.0,0.0,0.82,44.34,7.8575,0.0075,0.005,1.3425,0.075,45.5525,0.0,40000,0,0.0,20000.00000000035,20000.0,0.7765097618103027,46.97,,0.0,0.0,0.02199999999999991,-0.08369999999999322,0.05429999999999957,0.0027,-0.003,-0.02839999999999998,-0.005100000000000007,0.041200000000003456,0.0,0.007699999999999818,0.08369999999999322,20000.0
19097,T33UWP_20000_33,S2B_MSIL2A_20230621T094549_R079_T33UXP_20230621T133744,200,,0.0,0.0,0.77,43.86,8.34,0.0,0.01,1.41,0.06,45.55,0.0,10000,0,0.0,20000.00000000035,20000.0,0.7619214057922363,47.019999999999996,,0.0,0.0,-0.028000000000000025,-0.5636999999999972,0.5367999999999995,-0.0048,0.002,0.03909999999999991,-0.020100000000000007,0.038699999999998624,0.0,0.057699999999996976,0.5636999999999972,20000.0
19110,T33UWP_20000_33,S2B_MSIL2A_20230621T094549_R079_T33UXP_20230621T133744,500,,0.0,0.0,0.9375,42.875,8.3125,0.0,0.0,1.5625,0.0,46.3125,0.0,1600,0,0.0,20000.00000000035,20000.0,0.9356236457824707,47.875,,0.0,0.0,0.13949999999999996,-1.5486999999999966,0.5092999999999996,-0.0048,-0.008,0.1916,-0.0801,0.8012000000000015,0.0,0.912700000000001,1.5486999999999966,20000.0
19123,T33UWP_20000_33,S2B_MSIL2A_20230621T094549_R079_T33UXP_20230621T133744,1000,,0.0,0.0,1.0,44.0,6.75,0.0,0.0,1.25,0.0,47.0,0.0,400,0,0.0,20000.00000000035,20000.0,0.8889377117156982,48.25,,0.0,0.0,0.20199999999999996,-0.42369999999999663,-1.0532000000000004,-0.0048,-0.008,-0.12090000000000001,-0.0801,1.4887000000000015,0.0,1.287700000000001,1.287700000000001,20000.0
19059,T33UWP_20000_33,S2B_MSIL2A_20230624T095559_R122_T33UXP_20230624T144730,20,,0.0,0.0,0.0,0.0,0.0,0.0,0.0,0.0904,99.9096,0.0,0.0,1000000,0,0.0,20000.00000000035,20000.0,1.1369867324829102,100.0,,0.0,0.0,0.0,0.0,0.0,0.0,0.0,0.0,0.0,0.0,0.0,0.0,0.0,20000.0
19072,T33UWP_20000_33,S2B_MSIL2A_20230624T095559_R122_T33UXP_20230624T144730,50,,0.0,0.0,0.0,0.0,0.0,0.0,0.0,0.091875,99.908125,0.0,0.0,160000,0,0.0,20000.00000000035,20000.0,0.7928097248077393,100.0,,0.0,0.0,0.0,0.0,0.0,0.0,0.0,0.001475000000000004,-0.001474999999999227,0.0,0.0,0.0,0.0,20000.0
19085,T33UWP_20000_33,S2B_MSIL2A_20230624T095559_R122_T33UXP_20230624T144730,100,,0.0,0.0,0.0,0.0,0.0,0.0,0.0,0.1,99.9,0.0,0.0,40000,0,0.0,20000.00000000035,20000.0,0.7765097618103027,100.0,,0.0,0.0,0.0,0.0,0.0,0.0,0.0,0.009600000000000011,-0.009599999999991837,0.0,0.0,0.0,0.0,20000.0
19098,T33UWP_20000_33,S2B_MSIL2A_20230624T095559_R122_T33UXP_20230624T144730,200,,0.0,0.0,0.0,0.0,0.0,0.0,0.0,0.08,99.92,0.0,0.0,10000,0,0.0,20000.00000000035,20000.0,0.7619214057922363,100.0,,0.0,0.0,0.0,0.0,0.0,0.0,0.0,-0.010399999999999993,0.010400000000004184,0.0,0.0,0.0,0.0,20000.0
19111,T33UWP_20000_33,S2B_MSIL2A_20230624T095559_R122_T33UXP_20230624T144730,500,,0.0,0.0,0.0,0.0,0.0,0.0,0.0,0.0,100.0,0.0,0.0,1600,0,0.0,20000.00000000035,20000.0,0.9356236457824707,100.0,,0.0,0.0,0.0,0.0,0.0,0.0,0.0,-0.0904,0.09040000000000248,0.0,0.0,0.0,0.0,20000.0
19124,T33UWP_20000_33,S2B_MSIL2A_20230624T095559_R122_T33UXP_20230624T144730,1000,,0.0,0.0,0.0,0.0,0.0,0.0,0.0,0.25,99.75,0.0,0.0,400,0,0.0,20000.00000000035,20000.0,0.8889377117156982,100.0,,0.0,0.0,0.0,0.0,0.0,0.0,0.0,0.15960000000000002,-0.15959999999999752,0.0,0.0,0.0,0.0,20000.0
19062,T33UWP_20000_33,S2B_MSIL2A_20230701T094549_R079_T33UXP_20230701T140546,20,,0.0,0.0,0.0,0.0,0.0,0.0,0.0,0.3346,99.6654,0.0,0.0,1000000,0,0.0,20000.00000000035,20000.0,1.1369867324829102,100.0,,0.0,0.0,0.0,0.0,0.0,0.0,0.0,0.0,0.0,0.0,0.0,0.0,0.0,20000.0
19075,T33UWP_20000_33,S2B_MSIL2A_20230701T094549_R079_T33UXP_20230701T140546,50,,0.0,0.0,0.0,0.0,0.0,0.0,0.0,0.3375,99.6625,0.0,0.0,160000,0,0.0,20000.00000000035,20000.0,0.7928097248077393,100.0,,0.0,0.0,0.0,0.0,0.0,0.0,0.0,0.0029000000000000137,-0.002900000000011005,0.0,0.0,0.0,0.0,20000.0
19088,T33UWP_20000_33,S2B_MSIL2A_20230701T094549_R079_T33UXP_20230701T140546,100,,0.0,0.0,0.0,0.0,0.0,0.0,0.0,0.355,99.645,0.0,0.0,40000,0,0.0,20000.00000000035,20000.0,0.7765097618103027,100.0,,0.0,0.0,0.0,0.0,0.0,0.0,0.0,0.020399999999999974,-0.0204000000000093,0.0,0.0,0.0,0.0,20000.0
19101,T33UWP_20000_33,S2B_MSIL2A_20230701T094549_R079_T33UXP_20230701T140546,200,,0.0,0.0,0.0,0.0,0.0,0.0,0.0,0.3,99.7,0.0,0.0,10000,0,0.0,20000.00000000035,20000.0,0.7619214057922363,100.0,,0.0,0.0,0.0,0.0,0.0,0.0,0.0,-0.03460000000000002,0.03459999999999752,0.0,0.0,0.0,0.0,20000.0
19114,T33UWP_20000_33,S2B_MSIL2A_20230701T094549_R079_T33UXP_20230701T140546,500,,0.0,0.0,0.0,0.0,0.0,0.0,0.0,0.5,99.5,0.0,0.0,1600,0,0.0,20000.00000000035,20000.0,0.9356236457824707,100.0,,0.0,0.0,0.0,0.0,0.0,0.0,0.0,0.1654,-0.16540000000000532,0.0,0.0,0.0,0.0,20000.0
19127,T33UWP_20000_33,S2B_MSIL2A_20230701T094549_R079_T33UXP_20230701T140546,1000,,0.0,0.0,0.0,0.0,0.0,0.0,0.0,0.5,99.5,0.0,0.0,400,0,0.0,20000.00000000035,20000.0,0.8889377117156982,100.0,,0.0,0.0,0.0,0.0,0.0,0.0,0.0,0.1654,-0.16540000000000532,0.0,0.0,0.0,0.0,20000.0
19130,T33UWP_20000_34,S2A_MSIL2A_20230606T095031_R079_T33UXP_20230606T160730,20,,0.0,0.0,0.0045,0.0,0.0,0.0,0.0,0.1344,99.8611,0.0,0.0,1000000,0,0.0,20000.00000000035,20000.00000000093,1.378871202468872,99.99549999999999,,0.0,0.0,0.0,0.0,0.0,0.0,0.0,0.0,0.0,0.0,0.0,0.0,0.0,20000.0
19143,T33UWP_20000_34,S2A_MSIL2A_20230606T095031_R079_T33UXP_20230606T160730,50,,0.0,0.0,0.005,0.0,0.0,0.0,0.0,0.13125,99.86375,0.0,0.0,160000,0,0.0,20000.00000000035,20000.00000000093,0.9484920501708984,99.99499999999999,,0.0,0.0,0.0005000000000000004,0.0,0.0,0.0,0.0,-0.003149999999999986,0.0026500000000027057,0.0,0.0,-0.0005000000000023874,0.0005000000000023874,20000.0
19156,T33UWP_20000_34,S2A_MSIL2A_20230606T095031_R079_T33UXP_20230606T160730,100,,0.0,0.0,0.0025,0.0,0.0,0.0,0.0,0.1425,99.855,0.0,0.0,40000,0,0.0,20000.00000000035,20000.00000000093,0.8035585880279541,99.9975,,0.0,0.0,-0.0019999999999999996,0.0,0.0,0.0,0.0,0.008099999999999996,-0.006099999999989336,0.0,0.0,0.0020000000000095497,0.0020000000000095497,20000.0
19169,T33UWP_20000_34,S2A_MSIL2A_20230606T095031_R079_T33UXP_20230606T160730,200,,0.0,0.0,0.01,0.0,0.0,0.0,0.0,0.16,99.83,0.0,0.0,10000,0,0.0,20000.00000000035,20000.00000000093,0.7368991374969482,99.99,,0.0,0.0,0.0055000000000000005,0.0,0.0,0.0,0.0,0.02560000000000001,-0.03109999999999502,0.0,0.0,-0.00549999999999784,0.0055000000000000005,20000.0
19182,T33UWP_20000_34,S2A_MSIL2A_20230606T095031_R079_T33UXP_20230606T160730,500,,0.0,0.0,0.0,0.0,0.0,0.0,0.0,0.125,99.875,0.0,0.0,1600,0,0.0,20000.00000000035,20000.00000000093,0.8175349235534668,100.0,,0.0,0.0,-0.0045,0.0,0.0,0.0,0.0,-0.009399999999999992,0.013900000000006685,0.0,0.0,0.004500000000007276,0.004500000000007276,20000.0
19195,T33UWP_20000_34,S2A_MSIL2A_20230606T095031_R079_T33UXP_20230606T160730,1000,,0.0,0.0,0.0,0.0,0.0,0.0,0.0,0.0,100.0,0.0,0.0,400,0,0.0,20000.00000000035,20000.00000000093,0.7474725246429443,100.0,,0.0,0.0,-0.0045,0.0,0.0,0.0,0.0,-0.1344,0.13890000000000668,0.0,0.0,0.004500000000007276,0.004500000000007276,20000.0
19131,T33UWP_20000_34,S2A_MSIL2A_20230609T100031_R122_T33UXP_20230609T174018,20,,0.0,0.0,0.0,0.0,0.0,0.0,0.0,63.542,36.4158,0.0422,0.0,1000000,0,0.0,20000.00000000035,20000.00000000093,1.378871202468872,99.99999999999999,,0.0,0.0,0.0,0.0,0.0,0.0,0.0,0.0,0.0,0.0,0.0,0.0,0.0,20000.0
19144,T33UWP_20000_34,S2A_MSIL2A_20230609T100031_R122_T33UXP_20230609T174018,50,,0.0,0.0,0.0,0.0,0.0,0.0,0.0,63.555,36.410625,0.034375,0.0,160000,0,0.0,20000.00000000035,20000.00000000093,0.9484920501708984,100.0,,0.0,0.0,0.0,0.0,0.0,0.0,0.0,0.012999999999998124,-0.0051749999999941565,-0.007824999999999999,0.0,1.4210854715202004e-14,1.4210854715202004e-14,20000.0
19157,T33UWP_20000_34,S2A_MSIL2A_20230609T100031_R122_T33UXP_20230609T174018,100,,0.0,0.0,0.0,0.0,0.0,0.0,0.0,63.535,36.425,0.04,0.0,40000,0,0.0,20000.00000000035,20000.00000000093,0.8035585880279541,100.0,,0.0,0.0,0.0,0.0,0.0,0.0,0.0,-0.007000000000005002,0.009199999999999875,-0.0022000000000000006,0.0,1.4210854715202004e-14,1.4210854715202004e-14,20000.0
19170,T33UWP_20000_34,S2A_MSIL2A_20230609T100031_R122_T33UXP_20230609T174018,200,,0.0,0.0,0.0,0.0,0.0,0.0,0.0,64.09,35.86,0.05,0.0,10000,0,0.0,20000.00000000035,20000.00000000093,0.7368991374969482,100.0,,0.0,0.0,0.0,0.0,0.0,0.0,0.0,0.5480000000000018,-0.5557999999999979,0.007800000000000001,0.0,1.4210854715202004e-14,1.4210854715202004e-14,20000.0
19183,T33UWP_20000_34,S2A_MSIL2A_20230609T100031_R122_T33UXP_20230609T174018,500,,0.0,0.0,0.0,0.0,0.0,0.0,0.0,64.5625,35.4375,0.0,0.0,1600,0,0.0,20000.00000000035,20000.00000000093,0.8175349235534668,100.0,,0.0,0.0,0.0,0.0,0.0,0.0,0.0,1.0204999999999984,-0.9782999999999973,-0.0422,0.0,1.4210854715202004e-14,1.4210854715202004e-14,20000.0
19196,T33UWP_20000_34,S2A_MSIL2A_20230609T100031_R122_T33UXP_20230609T174018,1000,,0.0,0.0,0.0,0.0,0.0,0.0,0.0,65.75,34.25,0.0,0.0,400,0,0.0,20000.00000000035,20000.00000000093,0.7474725246429443,100.0,,0.0,0.0,0.0,0.0,0.0,0.0,0.0,2.2079999999999984,-2.1657999999999973,-0.0422,0.0,1.4210854715202004e-14,1.4210854715202004e-14,20000.0
19134,T33UWP_20000_34,S2A_MSIL2A_20230616T095031_R079_T33UXP_20230616T172747,20,,0.0,0.0036,0.3346,82.1342,17.1524,0.0,0.0622,0.2521,0.0609,0.0,0.0,1000000,0,0.0,20000.00000000035,20000.00000000093,1.378871202468872,0.313,,0.0,0.0,0.0,0.0,0.0,0.0,0.0,0.0,0.0,0.0,0.0,0.0,0.0,20000.0
19147,T33UWP_20000_34,S2A_MSIL2A_20230616T095031_R079_T33UXP_20230616T172747,50,,0.0,0.003125,0.33125,82.088125,17.194375,0.0,0.06625,0.25375,0.063125,0.0,0.0,160000,0,0.0,20000.00000000035,20000.00000000093,0.9484920501708984,0.31687499999999996,,0.0,-0.00047499999999999973,-0.0033500000000000196,-0.046075000000001864,0.04197500000000076,0.0,0.004050000000000005,0.0016499999999999848,0.002224999999999998,0.0,0.0,0.003874999999999962,0.046075000000001864,20000.0
19160,T33UWP_20000_34,S2A_MSIL2A_20230616T095031_R079_T33UXP_20230616T172747,100,,0.0,0.0025,0.3275,82.1925,17.09,0.0,0.0575,0.26,0.07,0.0,0.0,40000,0,0.0,20000.00000000035,20000.00000000093,0.8035585880279541,0.33,,0.0,-0.0010999999999999998,-0.007099999999999995,0.05829999999998847,-0.06240000000000023,0.0,-0.004699999999999996,0.007900000000000018,0.009100000000000004,0.0,0.0,0.017000000000000015,0.06240000000000023,20000.0
19173,T33UWP_20000_34,S2A_MSIL2A_20230616T095031_R079_T33UXP_20230616T172747,200,,0.0,0.0,0.36,82.57,16.68,0.0,0.08,0.26,0.05,0.0,0.0,10000,0,0.0,20000.00000000035,20000.00000000093,0.7368991374969482,0.31,,0.0,-0.0036,0.025399999999999978,0.4357999999999862,-0.4724000000000004,0.0,0.017800000000000003,0.007900000000000018,-0.0109,0.0,0.0,-0.0030000000000000027,0.4724000000000004,20000.0
19186,T33UWP_20000_34,S2A_MSIL2A_20230616T095031_R079_T33UXP_20230616T172747,500,,0.0,0.0,0.375,82.875,16.3125,0.0,0.125,0.1875,0.125,0.0,0.0,1600,0,0.0,20000.00000000035,20000.00000000093,0.8175349235534668,0.3125,,0.0,-0.0036,0.04039999999999999,0.740799999999993,-0.8399000000000001,0.0,0.0628,-0.06459999999999999,0.06409999999999999,0.0,0.0,-0.0005000000000000004,0.8399000000000001,20000.0
19199,T33UWP_20000_34,S2A_MSIL2A_20230616T095031_R079_T33UXP_20230616T172747,1000,,0.0,0.0,0.75,84.5,14.0,0.0,0.25,0.5,0.0,0.0,0.0,400,0,0.0,20000.00000000035,20000.00000000093,0.7474725246429443,0.5,,0.0,-0.0036,0.4154,2.365799999999993,-3.1524,0.0,0.1878,0.2479,-0.0609,0.0,0.0,0.187,3.1524,20000.0
19135,T33UWP_20000_34,S2A_MSIL2A_20230619T100031_R122_T33UXP_20230619T172729,20,,0.0,0.0,0.1969,56.0816,9.1645,0.0,0.4416,7.3694,3.7599,22.9861,0.0,1000000,0,0.0,20000.00000000035,20000.00000000093,1.378871202468872,34.1154,,0.0,0.0,0.0,0.0,0.0,0.0,0.0,0.0,0.0,0.0,0.0,0.0,0.0,20000.0
19148,T33UWP_20000_34,S2A_MSIL2A_20230619T100031_R122_T33UXP_20230619T172729,50,,0.0,0.0,0.195625,56.095625,9.13375,0.0,0.456875,7.38125,3.75625,22.980625,0.0,160000,0,0.0,20000.00000000035,20000.00000000093,0.9484920501708984,34.118125,,0.0,0.0,-0.0012749999999999984,0.014024999999996624,-0.030750000000001165,0.0,0.015274999999999983,0.011849999999999916,-0.003649999999999931,-0.005475000000000563,0.0,0.00272499999999809,0.030750000000001165,20000.0
19161,T33UWP_20000_34,S2A_MSIL2A_20230619T100031_R122_T33UXP_20230619T172729,100,,0.0,0.0,0.1875,56.1275,9.12,0.0,0.48,7.475,3.6725,22.9375,0.0,40000,0,0.0,20000.00000000035,20000.00000000093,0.8035585880279541,34.085,,0.0,0.0,-0.009399999999999992,0.045899999999996055,-0.044500000000001094,0.0,0.03839999999999999,0.10559999999999992,-0.08740000000000014,-0.04860000000000042,0.0,-0.030400000000000205,0.045899999999996055,20000.0
19174,T33UWP_20000_34,S2A_MSIL2A_20230619T100031_R122_T33UXP_20230619T172729,200,,0.0,0.0,0.17,56.54,9.06,0.0,0.5,7.25,3.73,22.75,0.0,10000,0,0.0,20000.00000000035,20000.00000000093,0.7368991374969482,33.730000000000004,,0.0,0.0,-0.02689999999999998,0.4583999999999975,-0.10449999999999982,0.0,0.05840000000000001,-0.11939999999999973,-0.029900000000000038,-0.23610000000000042,0.0,-0.3853999999999971,0.4583999999999975,20000.0
19187,T33UWP_20000_34,S2A_MSIL2A_20230619T100031_R122_T33UXP_20230619T172729,500,,0.0,0.0,0.0,55.6875,9.125,0.0,0.5,8.3125,3.5,22.875,0.0,1600,0,0.0,20000.00000000035,20000.00000000093,0.8175349235534668,34.6875,,0.0,0.0,-0.1969,-0.39410000000000167,-0.03950000000000031,0.0,0.05840000000000001,0.9431000000000003,-0.2599,-0.11110000000000042,0.0,0.5720999999999989,0.5720999999999989,20000.0
19200,T33UWP_20000_34,S2A_MSIL2A_20230619T100031_R122_T33UXP_20230619T172729,1000,,0.0,0.0,0.0,59.0,6.25,0.0,0.25,7.5,3.5,23.5,0.0,400,0,0.0,20000.00000000035,20000.00000000093,0.7474725246429443,34.5,,0.0,0.0,-0.1969,2.9183999999999983,-2.9145000000000003,0.0,-0.1916,0.13060000000000027,-0.2599,0.5138999999999996,0.0,0.38459999999999894,2.9183999999999983,20000.0
19138,T33UWP_20000_34,S2A_MSIL2A_20230626T095031_R079_T33UXP_20230626T162216,20,,0.0,0.0081,2.9254,81.3122,11.5208,0.0,0.1007,2.4323,1.7005,0.0,0.0,1000000,0,0.0,20000.00000000035,20000.00000000093,1.378871202468872,4.1328,,0.0,0.0,0.0,0.0,0.0,0.0,0.0,0.0,0.0,0.0,0.0,0.0,0.0,20000.0
19151,T33UWP_20000_34,S2A_MSIL2A_20230626T095031_R079_T33UXP_20230626T162216,50,,0.0,0.0075,2.939375,81.3025,11.515625,0.0,0.094375,2.448125,1.6925,0.0,0.0,160000,0,0.0,20000.00000000035,20000.00000000093,0.9484920501708984,4.140625,,0.0,-0.0005999999999999998,0.013975000000000293,-0.009700000000009368,-0.005174999999999486,0.0,-0.006324999999999997,0.015824999999999978,-0.008000000000000007,0.0,0.0,0.007825000000000415,0.013975000000000293,20000.0
19164,T33UWP_20000_34,S2A_MSIL2A_20230626T095031_R079_T33UXP_20230626T162216,100,,0.0,0.0075,2.955,81.16,11.6075,0.0,0.14,2.435,1.695,0.0,0.0,40000,0,0.0,20000.00000000035,20000.00000000093,0.8035585880279541,4.13,,0.0,-0.0005999999999999998,0.029600000000000293,-0.15220000000000766,0.08670000000000044,0.0,0.039300000000000015,0.0026999999999999247,-0.005499999999999838,0.0,0.0,-0.0027999999999996916,0.15220000000000766,20000.0
19177,T33UWP_20000_34,S2A_MSIL2A_20230626T095031_R079_T33UXP_20230626T162216,200,,0.0,0.01,3.11,81.38,11.11,0.0,0.11,2.51,1.77,0.0,0.0,10000,0,0.0,20000.00000000035,20000.00000000093,0.7368991374969482,4.279999999999999,,0.0,0.0019000000000000006,0.1846000000000001,0.0677999999999912,-0.41080000000000005,0.0,0.009300000000000003,0.07769999999999966,0.06950000000000012,0.0,0.0,0.14719999999999978,0.41080000000000005,20000.0
19190,T33UWP_20000_34,S2A_MSIL2A_20230626T095031_R079_T33UXP_20230626T162216,500,,0.0,0.0,3.5,81.6875,10.625,0.0,0.125,2.6875,1.375,0.0,0.0,1600,0,0.0,20000.00000000035,20000.00000000093,0.8175349235534668,4.0625,,0.0,-0.0081,0.5746000000000002,0.37529999999999575,-0.8957999999999995,0.0,0.024300000000000002,0.25519999999999987,-0.3254999999999999,0.0,0.0,-0.07029999999999959,0.8957999999999995,20000.0
19203,T33UWP_20000_34,S2A_MSIL2A_20230626T095031_R079_T33UXP_20230626T162216,1000,,0.0,0.0,3.25,84.5,7.5,0.0,0.0,3.25,1.5,0.0,0.0,400,0,0.0,20000.00000000035,20000.00000000093,0.7474725246429443,4.75,,0.0,-0.0081,0.3246000000000002,3.1877999999999957,-4.0207999999999995,0.0,-0.1007,0.8176999999999999,-0.2004999999999999,0.0,0.0,0.6172000000000004,4.0207999999999995,20000.0
19139,T33UWP_20000_34,S2A_MSIL2A_20230629T100031_R122_T33UXP_20230629T191359,20,,0.0,0.0048,11.2102,67.5182,9.2487,0.0001,0.4412,7.3548,4.2213,0.0007,0.0,1000000,0,0.0,20000.00000000035,20000.00000000093,1.378871202468872,11.5768,,0.0,0.0,0.0,0.0,0.0,0.0,0.0,0.0,0.0,0.0,0.0,0.0,0.0,20000.0
19152,T33UWP_20000_34,S2A_MSIL2A_20230629T100031_R122_T33UXP_20230629T191359,50,,0.0,0.00625,11.213125,67.509375,9.2375,0.0,0.453125,7.373125,4.2075,0.0,0.0,160000,0,0.0,20000.00000000035,20000.00000000093,0.9484920501708984,11.580625,,0.0,0.0014500000000000008,0.0029249999999994003,-0.008824999999987426,-0.011199999999998766,-0.0001,0.011925000000000019,0.018324999999999925,-0.0138000000000007,-0.0007,0.0,0.003824999999999079,0.011925000000000019,20000.0
19165,T33UWP_20000_34,S2A_MSIL2A_20230629T100031_R122_T33UXP_20230629T191359,100,,0.0,0.0,11.14,67.5225,9.3175,0.0025,0.4475,7.3875,4.1825,0.0,0.0,40000,0,0.0,20000.00000000035,20000.00000000093,0.8035585880279541,11.57,,0.0,-0.0048,-0.07019999999999982,0.004300000000000637,0.0688000000000013,0.0024000000000000002,0.006300000000000028,0.03270000000000017,-0.03880000000000017,-0.0007,0.0,-0.006800000000000139,0.07019999999999982,20000.0
19178,T33UWP_20000_34,S2A_MSIL2A_20230629T100031_R122_T33UXP_20230629T191359,200,,0.0,0.01,11.38,67.55,8.83,0.0,0.46,7.41,4.36,0.0,0.0,10000,0,0.0,20000.00000000035,20000.00000000093,0.7368991374969482,11.77,,0.0,0.005200000000000001,0.1698000000000004,0.03180000000000405,-0.4186999999999994,-0.0001,0.01880000000000004,0.05520000000000014,0.13870000000000005,-0.0007,0.0,0.19319999999999915,0.4186999999999994,20000.0
19191,T33UWP_20000_34,S2A_MSIL2A_20230629T100031_R122_T33UXP_20230629T191359,500,,0.0,0.0,11.4375,67.0,9.1875,0.0,0.3125,7.875,4.1875,0.0,0.0,1600,0,0.0,20000.00000000035,20000.00000000093,0.8175349235534668,12.0625,,0.0,-0.0048,0.2272999999999996,-0.5181999999999931,-0.06119999999999948,-0.0001,-0.12869999999999998,0.5202,-0.033800000000000274,-0.0007,0.0,0.4856999999999996,0.5181999999999931,20000.0
19204,T33UWP_20000_34,S2A_MSIL2A_20230629T100031_R122_T33UXP_20230629T191359,1000,,0.0,0.0,10.5,72.0,6.5,0.0,0.5,7.0,3.5,0.0,0.0,400,0,0.0,20000.00000000035,20000.00000000093,0.7474725246429443,10.5,,0.0,-0.0048,-0.7102000000000004,4.481800000000007,-2.7486999999999995,-0.0001,0.05880000000000002,-0.3548,-0.7213000000000003,-0.0007,0.0,-1.0768000000000004,4.481800000000007,20000.0
19128,T33UWP_20000_34,S2B_MSIL2A_20230601T094549_R079_T33UXP_20230601T164615,20,,0.0,0.0,0.0,73.97567397567397,24.39012439012439,0.0005000005000005,0.0057000057000057,0.0024000024000024,0.0004000004000004,1.6252016252016253,0.0,1000000,1,0.0001,20000.00000000035,20000.00000000093,1.378871202468872,1.628001628001628,,0.0,0.0,0.0,0.0,0.0,0.0,0.0,0.0,0.0,0.0,0.0,0.0,0.0,20000.0
19141,T33UWP_20000_34,S2B_MSIL2A_20230601T094549_R079_T33UXP_20230601T164615,50,,0.0,0.0,0.0,73.949375,24.416875,0.000625,0.005625,0.0,0.000625,1.626875,0.0,160000,0,0.0,20000.00000000035,20000.00000000093,0.9484920501708984,1.6275000000000002,,0.0,0.0,0.0,-0.026298975673967107,0.0267506098756094,0.00012499949999950001,-7.500570000570049e-05,-0.0024000024000024,0.0002249995999996,0.001673374798374816,0.0,-0.0005016280016278962,0.0267506098756094,20000.0
19154,T33UWP_20000_34,S2B_MSIL2A_20230601T094549_R079_T33UXP_20230601T164615,100,,0.0,0.0,0.0,74.0775,24.2825,0.0,0.0025,0.005,0.0025,1.63,0.0,40000,0,0.0,20000.00000000035,20000.00000000093,0.8035585880279541,1.6375,,0.0,0.0,0.0,0.10182602432603005,-0.10762439012439273,-0.0005000005000005,-0.0032000057000057002,0.0025999975999976,0.0020999995999996,0.004798374798374638,0.0,0.00949837199837189,0.10762439012439273,20000.0
19167,T33UWP_20000_34,S2B_MSIL2A_20230601T094549_R079_T33UXP_20230601T164615,200,,0.0,0.0,0.0,74.27,24.08,0.0,0.02,0.0,0.0,1.63,0.0,10000,0,0.0,20000.00000000035,20000.00000000093,0.7368991374969482,1.63,,0.0,0.0,0.0,0.2943260243260255,-0.3101243901243933,-0.0005000005000005,0.0142999942999943,-0.0024000024000024,-0.0004000004000004,0.004798374798374638,0.0,0.0019983719983718284,0.3101243901243933,20000.0
19180,T33UWP_20000_34,S2B_MSIL2A_20230601T094549_R079_T33UXP_20230601T164615,500,,0.0,0.0,0.0,75.5,23.25,0.0,0.0,0.0,0.0,1.25,0.0,1600,0,0.0,20000.00000000035,20000.00000000093,0.8175349235534668,1.25,,0.0,0.0,0.0,1.5243260243260295,-1.1401243901243916,-0.0005000005000005,-0.0057000057000057,-0.0024000024000024,-0.0004000004000004,-0.37520162520162526,0.0,-0.37800162800162806,1.5243260243260295,20000.0
19193,T33UWP_20000_34,S2B_MSIL2A_20230601T094549_R079_T33UXP_20230601T164615,1000,,0.0,0.0,0.0,77.0,21.25,0.0,0.25,0.0,0.0,1.5,0.0,400,0,0.0,20000.00000000035,20000.00000000093,0.7474725246429443,1.5,,0.0,0.0,0.0,3.0243260243260295,-3.1401243901243916,-0.0005000005000005,0.2442999942999943,-0.0024000024000024,-0.0004000004000004,-0.12520162520162526,0.0,-0.12800162800162806,3.1401243901243916,20000.0
19129,T33UWP_20000_34,S2B_MSIL2A_20230604T095559_R122_T33UXP_20230604T174527,20,,0.0,0.0,0.0015,0.0,0.0,0.0,0.0005,0.3175,99.6805,0.0,0.0,1000000,0,0.0,20000.00000000035,20000.00000000093,1.378871202468872,99.99799999999999,,0.0,0.0,0.0,0.0,0.0,0.0,0.0,0.0,0.0,0.0,0.0,0.0,0.0,20000.0
19142,T33UWP_20000_34,S2B_MSIL2A_20230604T095559_R122_T33UXP_20230604T174527,50,,0.0,0.0,0.00125,0.0,0.0,0.0,0.0,0.31875,99.68,0.0,0.0,160000,0,0.0,20000.00000000035,20000.00000000093,0.9484920501708984,99.99875,,0.0,0.0,-0.00025,0.0,0.0,0.0,-0.0005,0.0012499999999999734,-0.0004999999999881766,0.0,0.0,0.0007500000000106866,0.0007500000000106866,20000.0
19155,T33UWP_20000_34,S2B_MSIL2A_20230604T095559_R122_T33UXP_20230604T174527,100,,0.0,0.0,0.0,0.0,0.0,0.0,0.0,0.32,99.68,0.0,0.0,40000,0,0.0,20000.00000000035,20000.00000000093,0.8035585880279541,100.0,,0.0,0.0,-0.0015,0.0,0.0,0.0,-0.0005,0.0025000000000000022,-0.0004999999999881766,0.0,0.0,0.0020000000000095497,0.0020000000000095497,20000.0
19168,T33UWP_20000_34,S2B_MSIL2A_20230604T095559_R122_T33UXP_20230604T174527,200,,0.0,0.0,0.01,0.0,0.0,0.0,0.0,0.26,99.73,0.0,0.0,10000,0,0.0,20000.00000000035,20000.00000000093,0.7368991374969482,99.99000000000001,,0.0,0.0,0.0085,0.0,0.0,0.0,-0.0005,-0.057499999999999996,0.04950000000000898,0.0,0.0,-0.007999999999981355,0.0085,20000.0
19181,T33UWP_20000_34,S2B_MSIL2A_20230604T095559_R122_T33UXP_20230604T174527,500,,0.0,0.0,0.0,0.0,0.0,0.0,0.0,0.3125,99.6875,0.0,0.0,1600,0,0.0,20000.00000000035,20000.00000000093,0.8175349235534668,100.0,,0.0,0.0,-0.0015,0.0,0.0,0.0,-0.0005,-0.0050000000000000044,0.007000000000005002,0.0,0.0,0.0020000000000095497,0.0020000000000095497,20000.0
19194,T33UWP_20000_34,S2B_MSIL2A_20230604T095559_R122_T33UXP_20230604T174527,1000,,0.0,0.0,0.0,0.0,0.0,0.0,0.0,0.5,99.5,0.0,0.0,400,0,0.0,20000.00000000035,20000.00000000093,0.7474725246429443,100.0,,0.0,0.0,-0.0015,0.0,0.0,0.0,-0.0005,0.1825,-0.180499999999995,0.0,0.0,0.0020000000000095497,0.0020000000000095497,20000.0
19132,T33UWP_20000_34,S2B_MSIL2A_20230611T094549_R079_T33UXP_20230611T141903,20,,0.0,0.0,0.0,0.0,0.0,0.0,0.0386,0.4597,99.5017,0.0,0.0,1000000,0,0.0,20000.00000000035,20000.00000000093,1.378871202468872,99.9614,,0.0,0.0,0.0,0.0,0.0,0.0,0.0,0.0,0.0,0.0,0.0,0.0,0.0,20000.0
19145,T33UWP_20000_34,S2B_MSIL2A_20230611T094549_R079_T33UXP_20230611T141903,50,,0.0,0.0,0.0,0.0,0.0,0.0,0.03625,0.46875,99.495,0.0,0.0,160000,0,0.0,20000.00000000035,20000.00000000093,0.9484920501708984,99.96375,,0.0,0.0,0.0,0.0,0.0,0.0,-0.002350000000000005,0.009050000000000002,-0.006699999999995043,0.0,0.0,0.0023500000000069576,0.0023500000000069576,20000.0
19158,T33UWP_20000_34,S2B_MSIL2A_20230611T094549_R079_T33UXP_20230611T141903,100,,0.0,0.0,0.0,0.0,0.0,0.0,0.04,0.47,99.49,0.0,0.0,40000,0,0.0,20000.00000000035,20000.00000000093,0.8035585880279541,99.96,,0.0,0.0,0.0,0.0,0.0,0.0,0.0013999999999999985,0.010299999999999976,-0.011700000000004707,0.0,0.0,-0.0014000000000038426,0.0014000000000038426,20000.0
19171,T33UWP_20000_34,S2B_MSIL2A_20230611T094549_R079_T33UXP_20230611T141903,200,,0.0,0.0,0.0,0.0,0.0,0.0,0.04,0.53,99.43,0.0,0.0,10000,0,0.0,20000.00000000035,20000.00000000093,0.7368991374969482,99.96000000000001,,0.0,0.0,0.0,0.0,0.0,0.0,0.0013999999999999985,0.07030000000000003,-0.07169999999999277,0.0,0.0,-0.0013999999999896318,0.0013999999999999985,20000.0
19184,T33UWP_20000_34,S2B_MSIL2A_20230611T094549_R079_T33UXP_20230611T141903,500,,0.0,0.0,0.0,0.0,0.0,0.0,0.0,0.625,99.375,0.0,0.0,1600,0,0.0,20000.00000000035,20000.00000000093,0.8175349235534668,100.0,,0.0,0.0,0.0,0.0,0.0,0.0,-0.0386,0.1653,-0.1266999999999996,0.0,0.0,0.03860000000000241,0.03860000000000241,20000.0
19197,T33UWP_20000_34,S2B_MSIL2A_20230611T094549_R079_T33UXP_20230611T141903,1000,,0.0,0.0,0.0,0.0,0.0,0.0,0.0,0.75,99.25,0.0,0.0,400,0,0.0,20000.00000000035,20000.00000000093,0.7474725246429443,100.0,,0.0,0.0,0.0,0.0,0.0,0.0,-0.0386,0.2903,-0.2516999999999996,0.0,0.0,0.03860000000000241,0.03860000000000241,20000.0
19133,T33UWP_20000_34,S2B_MSIL2A_20230614T095559_R122_T33UXP_20230614T142234,20,,0.0,0.0,0.2681,82.3844,17.1261,0.0002,0.0439,0.1358,0.0368,0.0047,0.0,1000000,0,0.0,20000.00000000035,20000.00000000093,1.378871202468872,0.1773,,0.0,0.0,0.0,0.0,0.0,0.0,0.0,0.0,0.0,0.0,0.0,0.0,0.0,20000.0
19146,T33UWP_20000_34,S2B_MSIL2A_20230614T095559_R122_T33UXP_20230614T142234,50,,0.0,0.0,0.26875,82.365625,17.13875,0.00125,0.04625,0.139375,0.035,0.005,0.0,160000,0,0.0,20000.00000000035,20000.00000000093,0.9484920501708984,0.179375,,0.0,0.0,0.0006499999999999839,-0.018775000000005093,0.012650000000000716,0.00105,0.002349999999999998,0.003574999999999995,-0.001799999999999996,0.0002999999999999999,0.0,0.0020749999999999935,0.018775000000005093,20000.0
19159,T33UWP_20000_34,S2B_MSIL2A_20230614T095559_R122_T33UXP_20230614T142234,100,,0.0,0.0,0.2725,82.3175,17.195,0.0,0.035,0.135,0.04,0.005,0.0,40000,0,0.0,20000.00000000035,20000.00000000093,0.8035585880279541,0.18000000000000002,,0.0,0.0,0.004400000000000015,-0.06690000000000396,0.0688999999999993,-0.0002,-0.008899999999999998,-0.0007999999999999952,0.0032000000000000015,0.0002999999999999999,0.0,0.002700000000000008,0.0688999999999993,20000.0
19172,T33UWP_20000_34,S2B_MSIL2A_20230614T095559_R122_T33UXP_20230614T142234,200,,0.0,0.0,0.29,82.78,16.71,0.0,0.05,0.14,0.02,0.01,0.0,10000,0,0.0,20000.00000000035,20000.00000000093,0.7368991374969482,0.17,,0.0,0.0,0.021899999999999975,0.39560000000000173,-0.41610000000000014,-0.0002,0.006100000000000001,0.004200000000000009,-0.0168,0.0053,0.0,-0.007300000000000001,0.41610000000000014,20000.0
19185,T33UWP_20000_34,S2B_MSIL2A_20230614T095559_R122_T33UXP_20230614T142234,500,,0.0,0.0,0.25,82.9375,16.5,0.0,0.0625,0.125,0.125,0.0,0.0,1600,0,0.0,20000.00000000035,20000.00000000093,0.8175349235534668,0.25,,0.0,0.0,-0.018100000000000005,0.5531000000000006,-0.626100000000001,-0.0002,0.0186,-0.010800000000000004,0.0882,-0.0047,0.0,0.07269999999999999,0.626100000000001,20000.0
19198,T33UWP_20000_34,S2B_MSIL2A_20230614T095559_R122_T33UXP_20230614T142234,1000,,0.0,0.0,0.25,86.25,13.25,0.0,0.25,0.0,0.0,0.0,0.0,400,0,0.0,20000.00000000035,20000.00000000093,0.7474725246429443,0.0,,0.0,0.0,-0.018100000000000005,3.8656000000000006,-3.876100000000001,-0.0002,0.2061,-0.1358,-0.0368,-0.0047,0.0,-0.1773,3.876100000000001,20000.0
19136,T33UWP_20000_34,S2B_MSIL2A_20230621T094549_R079_T33UXP_20230621T133744,20,,0.0,0.0,0.0,53.4218,7.0344,0.0,0.0011,9.1149,0.2894,30.1384,0.0,1000000,0,0.0,20000.00000000035,20000.00000000093,1.378871202468872,39.5427,,0.0,0.0,0.0,0.0,0.0,0.0,0.0,0.0,0.0,0.0,0.0,0.0,0.0,20000.0
19149,T33UWP_20000_34,S2B_MSIL2A_20230621T094549_R079_T33UXP_20230621T133744,50,,0.0,0.0,0.0,53.401875,7.034375,0.0,0.0025,9.135625,0.28625,30.139375,0.0,160000,0,0.0,20000.00000000035,20000.00000000093,0.9484920501708984,39.56125,,0.0,0.0,0.0,-0.019925000000000637,-2.4999999999941735e-05,0.0,0.0014,0.020724999999998772,-0.003149999999999986,0.0009750000000003922,0.0,0.018549999999997624,0.019925000000000637,20000.0
19162,T33UWP_20000_34,S2B_MSIL2A_20230621T094549_R079_T33UXP_20230621T133744,100,,0.0,0.0,0.0,53.3575,7.085,0.0,0.0025,9.2,0.2825,30.0725,0.0,40000,0,0.0,20000.00000000035,20000.00000000093,0.8035585880279541,39.555,,0.0,0.0,0.0,-0.0642999999999958,0.0506000000000002,0.0,0.0014,0.08509999999999884,-0.006900000000000017,-0.06589999999999918,0.0,0.012299999999996203,0.0642999999999958,20000.0
19175,T33UWP_20000_34,S2B_MSIL2A_20230621T094549_R079_T33UXP_20230621T133744,200,,0.0,0.0,0.0,53.51,7.03,0.0,0.0,9.01,0.25,30.2,0.0,10000,0,0.0,20000.00000000035,20000.00000000093,0.7368991374969482,39.46,,0.0,0.0,0.0,0.0882000000000005,-0.004399999999999515,0.0,-0.0011,-0.10490000000000066,-0.03939999999999999,0.061599999999998545,0.0,-0.08270000000000266,0.0882000000000005,20000.0
19188,T33UWP_20000_34,S2B_MSIL2A_20230621T094549_R079_T33UXP_20230621T133744,500,,0.0,0.0,0.0,54.875,6.4375,0.0,0.0,8.6875,0.25,29.75,0.0,1600,0,0.0,20000.00000000035,20000.00000000093,0.8175349235534668,38.6875,,0.0,0.0,0.0,1.4532000000000025,-0.5968999999999998,0.0,-0.0011,-0.42740000000000045,-0.03939999999999999,-0.38840000000000074,0.0,-0.8552000000000035,1.4532000000000025,20000.0
19201,T33UWP_20000_34,S2B_MSIL2A_20230621T094549_R079_T33UXP_20230621T133744,1000,,0.0,0.0,0.0,56.25,5.25,0.0,0.0,8.5,0.25,29.75,0.0,400,0,0.0,20000.00000000035,20000.00000000093,0.7474725246429443,38.5,,0.0,0.0,0.0,2.8282000000000025,-1.7843999999999998,0.0,-0.0011,-0.6149000000000004,-0.03939999999999999,-0.38840000000000074,0.0,-1.0427000000000035,2.8282000000000025,20000.0
19137,T33UWP_20000_34,S2B_MSIL2A_20230624T095559_R122_T33UXP_20230624T144730,20,,0.0,0.0,0.0,0.0,0.0,0.0,0.0,0.1928,99.8072,0.0,0.0,1000000,0,0.0,20000.00000000035,20000.00000000093,1.378871202468872,100.0,,0.0,0.0,0.0,0.0,0.0,0.0,0.0,0.0,0.0,0.0,0.0,0.0,0.0,20000.0
19150,T33UWP_20000_34,S2B_MSIL2A_20230624T095559_R122_T33UXP_20230624T144730,50,,0.0,0.0,0.0,0.0,0.0,0.0,0.0,0.19125,99.80875,0.0,0.0,160000,0,0.0,20000.00000000035,20000.00000000093,0.9484920501708984,100.0,,0.0,0.0,0.0,0.0,0.0,0.0,0.0,-0.0015499999999999958,0.001550000000008822,0.0,0.0,0.0,0.0,20000.0
19163,T33UWP_20000_34,S2B_MSIL2A_20230624T095559_R122_T33UXP_20230624T144730,100,,0.0,0.0,0.0,0.0,0.0,0.0,0.0,0.185,99.815,0.0,0.0,40000,0,0.0,20000.00000000035,20000.00000000093,0.8035585880279541,100.0,,0.0,0.0,0.0,0.0,0.0,0.0,0.0,-0.007800000000000001,0.007800000000003138,0.0,0.0,0.0,0.0,20000.0
19176,T33UWP_20000_34,S2B_MSIL2A_20230624T095559_R122_T33UXP_20230624T144730,200,,0.0,0.0,0.0,0.0,0.0,0.0,0.0,0.15,99.85,0.0,0.0,10000,0,0.0,20000.00000000035,20000.00000000093,0.7368991374969482,100.0,,0.0,0.0,0.0,0.0,0.0,0.0,0.0,-0.042800000000000005,0.04279999999999973,0.0,0.0,0.0,0.0,20000.0
19189,T33UWP_20000_34,S2B_MSIL2A_20230624T095559_R122_T33UXP_20230624T144730,500,,0.0,0.0,0.0,0.0,0.0,0.0,0.0,0.0625,99.9375,0.0,0.0,1600,0,0.0,20000.00000000035,20000.00000000093,0.8175349235534668,100.0,,0.0,0.0,0.0,0.0,0.0,0.0,0.0,-0.1303,0.1303000000000054,0.0,0.0,0.0,0.0,20000.0
19202,T33UWP_20000_34,S2B_MSIL2A_20230624T095559_R122_T33UXP_20230624T144730,1000,,0.0,0.0,0.0,0.0,0.0,0.0,0.0,0.25,99.75,0.0,0.0,400,0,0.0,20000.00000000035,20000.00000000093,0.7474725246429443,100.0,,0.0,0.0,0.0,0.0,0.0,0.0,0.0,0.0572,-0.05719999999999459,0.0,0.0,0.0,0.0,20000.0
19140,T33UWP_20000_34,S2B_MSIL2A_20230701T094549_R079_T33UXP_20230701T140546,20,,0.0,0.0,0.2834,0.0,0.0,0.0,0.0,5.1735,94.4916,0.0515,0.0,1000000,0,0.0,20000.00000000035,20000.00000000093,1.378871202468872,99.71660000000001,,0.0,0.0,0.0,0.0,0.0,0.0,0.0,0.0,0.0,0.0,0.0,0.0,0.0,20000.0
19153,T33UWP_20000_34,S2B_MSIL2A_20230701T094549_R079_T33UXP_20230701T140546,50,,0.0,0.0,0.276875,0.0,0.0,0.0,0.0,5.223125,94.445625,0.054375,0.0,160000,0,0.0,20000.00000000035,20000.00000000093,0.9484920501708984,99.723125,,0.0,0.0,-0.006525000000000003,0.0,0.0,0.0,0.0,0.04962499999999981,-0.045974999999998545,0.0028750000000000026,0.0,0.006524999999982128,0.006525000000000003,20000.0
19166,T33UWP_20000_34,S2B_MSIL2A_20230701T094549_R079_T33UXP_20230701T140546,100,,0.0,0.0,0.2825,0.0,0.0,0.0,0.0,5.1775,94.4925,0.0475,0.0,40000,0,0.0,20000.00000000035,20000.00000000093,0.8035585880279541,99.7175,,0.0,0.0,-0.0009000000000000119,0.0,0.0,0.0,0.0,0.004000000000000448,0.0009000000000014552,-0.003999999999999997,0.0,0.0008999999999872443,0.0009000000000000119,20000.0
19179,T33UWP_20000_34,S2B_MSIL2A_20230701T094549_R079_T33UXP_20230701T140546,200,,0.0,0.0,0.31,0.0,0.0,0.0,0.0,5.15,94.52,0.02,0.0,10000,0,0.0,20000.00000000035,20000.00000000093,0.7368991374969482,99.69,,0.0,0.0,0.026600000000000013,0.0,0.0,0.0,0.0,-0.02349999999999941,0.028399999999990655,-0.0315,0.0,-0.026600000000016166,0.026600000000016166,20000.0
19192,T33UWP_20000_34,S2B_MSIL2A_20230701T094549_R079_T33UXP_20230701T140546,500,,0.0,0.0,0.0625,0.0,0.0,0.0,0.0,4.5,95.3125,0.125,0.0,1600,0,0.0,20000.00000000035,20000.00000000093,0.8175349235534668,99.9375,,0.0,0.0,-0.22089999999999999,0.0,0.0,0.0,0.0,-0.6734999999999998,0.8208999999999946,0.07350000000000001,0.0,0.2208999999999861,0.22089999999999999,20000.0
19205,T33UWP_20000_34,S2B_MSIL2A_20230701T094549_R079_T33UXP_20230701T140546,1000,,0.0,0.0,0.25,0.0,0.0,0.0,0.0,5.0,94.75,0.0,0.0,400,0,0.0,20000.00000000035,20000.00000000093,0.7474725246429443,99.75,,0.0,0.0,-0.033399999999999985,0.0,0.0,0.0,0.0,-0.17349999999999977,0.25839999999999463,-0.0515,0.0,0.03339999999998611,0.033399999999999985,20000.0
19208,T33UWP_20000_35,S2A_MSIL2A_20230606T095031_R079_T33UXQ_20230606T160903,20,,0.0,0.0,0.0,0.0,0.0,0.0,0.0,0.0029,99.9971,0.0,0.0,1000000,0,0.0,20000.0,20000.00000000093,1.3331713676452637,100.0,,0.0,0.0,0.0,0.0,0.0,0.0,0.0,0.0,0.0,0.0,0.0,0.0,0.0,20000.0
19221,T33UWP_20000_35,S2A_MSIL2A_20230606T095031_R079_T33UXQ_20230606T160903,50,,0.0,0.0,0.0,0.0,0.0,0.0,0.0,0.003125,99.996875,0.0,0.0,160000,0,0.0,20000.0,20000.00000000093,0.9121565818786621,100.0,,0.0,0.0,0.0,0.0,0.0,0.0,0.0,0.00022500000000000037,-0.0002250000000003638,0.0,0.0,0.0,0.0,20000.0
19234,T33UWP_20000_35,S2A_MSIL2A_20230606T095031_R079_T33UXQ_20230606T160903,100,,0.0,0.0,0.0,0.0,0.0,0.0,0.0,0.0,100.0,0.0,0.0,40000,0,0.0,20000.0,20000.00000000093,0.769371509552002,100.0,,0.0,0.0,0.0,0.0,0.0,0.0,0.0,-0.0029,0.002899999999996794,0.0,0.0,0.0,0.0,20000.0
19247,T33UWP_20000_35,S2A_MSIL2A_20230606T095031_R079_T33UXQ_20230606T160903,200,,0.0,0.0,0.0,0.0,0.0,0.0,0.0,0.0,100.0,0.0,0.0,10000,0,0.0,20000.0,20000.00000000093,0.7839369773864746,100.0,,0.0,0.0,0.0,0.0,0.0,0.0,0.0,-0.0029,0.002899999999996794,0.0,0.0,0.0,0.0,20000.0
19260,T33UWP_20000_35,S2A_MSIL2A_20230606T095031_R079_T33UXQ_20230606T160903,500,,0.0,0.0,0.0,0.0,0.0,0.0,0.0,0.0,100.0,0.0,0.0,1600,0,0.0,20000.0,20000.00000000093,0.8901200294494629,100.0,,0.0,0.0,0.0,0.0,0.0,0.0,0.0,-0.0029,0.002899999999996794,0.0,0.0,0.0,0.0,20000.0
19273,T33UWP_20000_35,S2A_MSIL2A_20230606T095031_R079_T33UXQ_20230606T160903,1000,,0.0,0.0,0.0,0.0,0.0,0.0,0.0,0.0,100.0,0.0,0.0,400,0,0.0,20000.0,20000.00000000093,0.8575038909912109,100.0,,0.0,0.0,0.0,0.0,0.0,0.0,0.0,-0.0029,0.002899999999996794,0.0,0.0,0.0,0.0,20000.0
19209,T33UWP_20000_35,S2A_MSIL2A_20230609T100031_R122_T33UXQ_20230609T173716,20,,0.0,0.0,0.1442,0.0,0.0,0.0,0.0,29.5541,69.3331,0.9686,0.0,1000000,0,0.0,20000.0,20000.00000000093,1.3331713676452637,99.8558,,0.0,0.0,0.0,0.0,0.0,0.0,0.0,0.0,0.0,0.0,0.0,0.0,0.0,20000.0
19222,T33UWP_20000_35,S2A_MSIL2A_20230609T100031_R122_T33UXQ_20230609T173716,50,,0.0,0.0,0.145625,0.0,0.0,0.0,0.0,29.555,69.355625,0.94375,0.0,160000,0,0.0,20000.0,20000.00000000093,0.9121565818786621,99.854375,,0.0,0.0,0.0014250000000000096,0.0,0.0,0.0,0.0,0.0009000000000014552,0.022525000000001683,-0.02485000000000004,0.0,-0.001424999999997567,0.0014250000000000096,20000.0
19235,T33UWP_20000_35,S2A_MSIL2A_20230609T100031_R122_T33UXQ_20230609T173716,100,,0.0,0.0,0.145,0.0,0.0,0.0,0.0,29.5875,69.3375,0.93,0.0,40000,0,0.0,20000.0,20000.00000000093,0.769371509552002,99.85500000000002,,0.0,0.0,0.0007999999999999952,0.0,0.0,0.0,0.0,0.03340000000000032,0.004400000000003956,-0.03859999999999997,0.0,-0.0007999999999839247,0.0007999999999999952,20000.0
19248,T33UWP_20000_35,S2A_MSIL2A_20230609T100031_R122_T33UXQ_20230609T173716,200,,0.0,0.0,0.13,0.0,0.0,0.0,0.0,30.06,68.91,0.9,0.0,10000,0,0.0,20000.0,20000.00000000093,0.7839369773864746,99.87,,0.0,0.0,-0.01419999999999999,0.0,0.0,0.0,0.0,0.5059000000000005,-0.42310000000000514,-0.0686,0.0,0.014200000000002433,0.014200000000002433,20000.0
19261,T33UWP_20000_35,S2A_MSIL2A_20230609T100031_R122_T33UXQ_20230609T173716,500,,0.0,0.0,0.125,0.0,0.0,0.0,0.0,30.625,68.5,0.75,0.0,1600,0,0.0,20000.0,20000.00000000093,0.8901200294494629,99.875,,0.0,0.0,-0.019199999999999995,0.0,0.0,0.0,0.0,1.0709000000000017,-0.8331000000000017,-0.21860000000000002,0.0,0.019199999999997885,0.019199999999999995,20000.0
19274,T33UWP_20000_35,S2A_MSIL2A_20230609T100031_R122_T33UXQ_20230609T173716,1000,,0.0,0.0,0.25,0.0,0.0,0.0,0.0,29.25,69.75,0.75,0.0,400,0,0.0,20000.0,20000.00000000093,0.8575038909912109,99.75,,0.0,0.0,0.1058,0.0,0.0,0.0,0.0,-0.30409999999999826,0.41689999999999827,-0.21860000000000002,0.0,-0.10580000000000211,0.10580000000000211,20000.0
19212,T33UWP_20000_35,S2A_MSIL2A_20230616T095031_R079_T33UXQ_20230616T172758,20,,0.0,0.0119,2.5598,81.2307,13.2465,0.0544,0.1932,1.7065,0.9877,0.0093,0.0,1000000,0,0.0,20000.0,20000.00000000093,1.3331713676452637,2.7035,,0.0,0.0,0.0,0.0,0.0,0.0,0.0,0.0,0.0,0.0,0.0,0.0,0.0,20000.0
19225,T33UWP_20000_35,S2A_MSIL2A_20230616T095031_R079_T33UXQ_20230616T172758,50,,0.0,0.0125,2.558125,81.263125,13.22,0.051875,0.19,1.6925,1.001875,0.01,0.0,160000,0,0.0,20000.0,20000.00000000093,0.9121565818786621,2.7043749999999998,,0.0,0.0005999999999999998,-0.001675000000000093,0.03242500000000348,-0.026499999999998636,-0.0025249999999999995,-0.0032000000000000084,-0.014000000000000012,0.014175000000000049,0.000700000000000001,0.0,0.0008749999999997371,0.03242500000000348,20000.0
19238,T33UWP_20000_35,S2A_MSIL2A_20230616T095031_R079_T33UXQ_20230616T172758,100,,0.0,0.0075,2.5875,81.115,13.3325,0.055,0.1775,1.7,1.015,0.01,0.0,40000,0,0.0,20000.0,20000.00000000093,0.769371509552002,2.7249999999999996,,0.0,-0.004400000000000001,0.027699999999999836,-0.11570000000000391,0.0860000000000003,0.0006000000000000033,-0.01570000000000002,-0.00649999999999995,0.02729999999999988,0.000700000000000001,0.0,0.02149999999999963,0.11570000000000391,20000.0
19251,T33UWP_20000_35,S2A_MSIL2A_20230616T095031_R079_T33UXQ_20230616T172758,200,,0.0,0.02,2.53,81.04,13.45,0.03,0.2,1.82,0.91,0.0,0.0,10000,0,0.0,20000.0,20000.00000000093,0.7839369773864746,2.73,,0.0,0.0081,-0.02980000000000027,-0.19069999999999254,0.20350000000000001,-0.024399999999999998,0.0068000000000000005,0.11350000000000016,-0.07769999999999999,-0.0093,0.0,0.026499999999999968,0.20350000000000001,20000.0
19264,T33UWP_20000_35,S2A_MSIL2A_20230616T095031_R079_T33UXQ_20230616T172758,500,,0.0,0.0625,2.1875,80.25,14.875,0.0625,0.0625,1.8125,0.6875,0.0,0.0,1600,0,0.0,20000.0,20000.00000000093,0.8901200294494629,2.5,,0.0,0.0506,-0.3723000000000001,-0.9806999999999988,1.6285000000000007,0.008100000000000003,-0.1307,0.1060000000000001,-0.3002,-0.0093,0.0,-0.20350000000000001,1.6285000000000007,20000.0
19277,T33UWP_20000_35,S2A_MSIL2A_20230616T095031_R079_T33UXQ_20230616T172758,1000,,0.0,0.0,2.75,78.25,15.5,0.0,0.5,1.25,1.75,0.0,0.0,400,0,0.0,20000.0,20000.00000000093,0.8575038909912109,3.0,,0.0,-0.0119,0.19019999999999992,-2.980699999999999,2.2535000000000007,-0.0544,0.30679999999999996,-0.4564999999999999,0.7623,-0.0093,0.0,0.2965,2.980699999999999,20000.0
19213,T33UWP_20000_35,S2A_MSIL2A_20230619T100031_R122_T33UXQ_20230619T172733,20,,0.0,0.0121,0.0,87.6618,11.6018,0.067,0.2024,0.0002,0.0,0.4547,0.0,1000000,0,0.0,20000.0,20000.00000000093,1.3331713676452637,0.45489999999999997,,0.0,0.0,0.0,0.0,0.0,0.0,0.0,0.0,0.0,0.0,0.0,0.0,0.0,20000.0
19226,T33UWP_20000_35,S2A_MSIL2A_20230619T100031_R122_T33UXQ_20230619T172733,50,,0.0,0.01125,0.0,87.668125,11.585,0.06625,0.211875,0.0,0.0,0.4575,0.0,160000,0,0.0,20000.0,20000.00000000093,0.9121565818786621,0.4575,,0.0,-0.0008500000000000001,0.0,0.006325000000003911,-0.016799999999999926,-0.0007500000000000007,0.009475000000000011,-0.0002,0.0,0.0028000000000000247,0.0,0.0026000000000000467,0.016799999999999926,20000.0
19239,T33UWP_20000_35,S2A_MSIL2A_20230619T100031_R122_T33UXQ_20230619T172733,100,,0.0,0.0175,0.0,87.675,11.6275,0.0525,0.2,0.0,0.0,0.4275,0.0,40000,0,0.0,20000.0,20000.00000000093,0.769371509552002,0.4275,,0.0,0.005400000000000002,0.0,0.013199999999997658,0.025699999999998724,-0.014500000000000006,-0.0023999999999999855,-0.0002,0.0,-0.027200000000000002,0.0,-0.02739999999999998,0.02739999999999998,20000.0
19252,T33UWP_20000_35,S2A_MSIL2A_20230619T100031_R122_T33UXQ_20230619T172733,200,,0.0,0.01,0.0,87.48,11.82,0.06,0.17,0.0,0.0,0.46,0.0,10000,0,0.0,20000.0,20000.00000000093,0.7839369773864746,0.46,,0.0,-0.0020999999999999994,0.0,-0.18179999999999552,0.2181999999999995,-0.007000000000000006,-0.032399999999999984,-0.0002,0.0,0.005300000000000027,0.0,0.005100000000000049,0.2181999999999995,20000.0
19265,T33UWP_20000_35,S2A_MSIL2A_20230619T100031_R122_T33UXQ_20230619T172733,500,,0.0,0.0625,0.0,87.375,11.75,0.0625,0.1875,0.0,0.0,0.5625,0.0,1600,0,0.0,20000.0,20000.00000000093,0.8901200294494629,0.5625,,0.0,0.0504,0.0,-0.2867999999999995,0.14819999999999922,-0.004500000000000004,-0.014899999999999997,-0.0002,0.0,0.1078,0.0,0.10760000000000003,0.2867999999999995,20000.0
19278,T33UWP_20000_35,S2A_MSIL2A_20230619T100031_R122_T33UXQ_20230619T172733,1000,,0.0,0.0,0.0,86.0,13.0,0.0,0.25,0.0,0.0,0.75,0.0,400,0,0.0,20000.0,20000.00000000093,0.8575038909912109,0.75,,0.0,-0.0121,0.0,-1.6617999999999995,1.3981999999999992,-0.067,0.0476,-0.0002,0.0,0.2953,0.0,0.29510000000000003,1.6617999999999995,20000.0
19216,T33UWP_20000_35,S2A_MSIL2A_20230626T095031_R079_T33UXQ_20230626T162521,20,,0.0,0.0101,5.6312,76.1807,11.2556,0.0632,0.256,3.9734,2.6298,0.0,0.0,1000000,0,0.0,20000.0,20000.00000000093,1.3331713676452637,6.603199999999999,,0.0,0.0,0.0,0.0,0.0,0.0,0.0,0.0,0.0,0.0,0.0,0.0,0.0,20000.0
19229,T33UWP_20000_35,S2A_MSIL2A_20230626T095031_R079_T33UXQ_20230626T162521,50,,0.0,0.010625,5.61875,76.191875,11.246875,0.064375,0.25125,3.985625,2.630625,0.0,0.0,160000,0,0.0,20000.0,20000.00000000093,0.9121565818786621,6.616250000000001,,0.0,0.0005250000000000012,-0.012449999999999406,0.011174999999994384,-0.008725000000000094,0.0011749999999999955,-0.004750000000000032,0.012225000000000374,0.0008250000000002977,0.0,0.0,0.01305000000000156,0.01305000000000156,20000.0
19242,T33UWP_20000_35,S2A_MSIL2A_20230626T095031_R079_T33UXQ_20230626T162521,100,,0.0,0.015,5.585,76.0375,11.455,0.0575,0.2525,3.915,2.6825,0.0,0.0,40000,0,0.0,20000.0,20000.00000000093,0.769371509552002,6.5975,,0.0,0.0049,-0.0461999999999998,-0.14320000000000732,0.1994000000000007,-0.005700000000000004,-0.003500000000000003,-0.058399999999999785,0.05270000000000019,0.0,0.0,-0.00569999999999915,0.1994000000000007,20000.0
19255,T33UWP_20000_35,S2A_MSIL2A_20230626T095031_R079_T33UXQ_20230626T162521,200,,0.0,0.0,5.68,76.02,11.39,0.07,0.21,3.98,2.65,0.0,0.0,10000,0,0.0,20000.0,20000.00000000093,0.7839369773864746,6.63,,0.0,-0.0101,0.048799999999999955,-0.16070000000000562,0.13440000000000119,0.0068000000000000005,-0.04600000000000001,0.006600000000000161,0.020199999999999996,0.0,0.0,0.0268000000000006,0.16070000000000562,20000.0
19268,T33UWP_20000_35,S2A_MSIL2A_20230626T095031_R079_T33UXQ_20230626T162521,500,,0.0,0.0625,5.0625,76.375,11.125,0.0625,0.1875,4.5625,2.5625,0.0,0.0,1600,0,0.0,20000.0,20000.00000000093,0.8901200294494629,7.125,,0.0,0.0524,-0.5686999999999998,0.19429999999999836,-0.13059999999999938,-0.0007000000000000062,-0.0685,0.5891000000000002,-0.06729999999999992,0.0,0.0,0.5218000000000007,0.5686999999999998,20000.0
19281,T33UWP_20000_35,S2A_MSIL2A_20230626T095031_R079_T33UXQ_20230626T162521,1000,,0.0,0.0,5.25,77.25,12.0,0.0,0.0,3.25,2.25,0.0,0.0,400,0,0.0,20000.0,20000.00000000093,0.8575038909912109,5.5,,0.0,-0.0101,-0.38119999999999976,1.0692999999999984,0.7444000000000006,-0.0632,-0.256,-0.7233999999999998,-0.3797999999999999,0.0,0.0,-1.1031999999999993,1.1031999999999993,20000.0
19217,T33UWP_20000_35,S2A_MSIL2A_20230629T100031_R122_T33UXQ_20230629T191410,20,,0.0,0.0139,16.9821,53.7505,9.2263,0.0595,0.6023,11.5835,7.7728,0.0091,0.0,1000000,0,0.0,20000.0,20000.00000000093,1.3331713676452637,19.3654,,0.0,0.0,0.0,0.0,0.0,0.0,0.0,0.0,0.0,0.0,0.0,0.0,0.0,20000.0
19230,T33UWP_20000_35,S2A_MSIL2A_20230629T100031_R122_T33UXQ_20230629T191410,50,,0.0,0.015,16.95125,53.728125,9.2675,0.061875,0.61,11.5325,7.825625,0.008125,0.0,160000,0,0.0,20000.0,20000.00000000093,0.9121565818786621,19.36625,,0.0,0.0011000000000000003,-0.03084999999999738,-0.02237500000000381,0.0411999999999999,0.002375000000000002,0.00770000000000004,-0.051000000000000156,0.052824999999999456,-0.0009750000000000002,0.0,0.0008499999999997954,0.0411999999999999,20000.0
19243,T33UWP_20000_35,S2A_MSIL2A_20230629T100031_R122_T33UXQ_20230629T191410,100,,0.0,0.015,17.05,53.6425,9.3,0.0525,0.605,11.4625,7.8625,0.01,0.0,40000,0,0.0,20000.0,20000.00000000093,0.769371509552002,19.335,,0.0,0.0011000000000000003,0.06790000000000163,-0.10800000000000409,0.07370000000000054,-0.006999999999999999,0.0027000000000000357,-0.12100000000000044,0.08969999999999967,0.0008999999999999998,0.0,-0.030400000000000205,0.10800000000000409,20000.0
19256,T33UWP_20000_35,S2A_MSIL2A_20230629T100031_R122_T33UXQ_20230629T191410,200,,0.0,0.02,17.03,53.44,8.97,0.06,0.79,11.87,7.82,0.0,0.0,10000,0,0.0,20000.0,20000.00000000093,0.7839369773864746,19.689999999999998,,0.0,0.006100000000000001,0.04790000000000205,-0.31050000000000466,-0.25629999999999953,0.0005000000000000004,0.1877000000000001,0.2864999999999984,0.04720000000000013,-0.0091,0.0,0.32459999999999667,0.32459999999999667,20000.0
19269,T33UWP_20000_35,S2A_MSIL2A_20230629T100031_R122_T33UXQ_20230629T191410,500,,0.0,0.0625,16.25,53.5,9.8125,0.0,0.625,11.875,7.875,0.0,0.0,1600,0,0.0,20000.0,20000.00000000093,0.8901200294494629,19.75,,0.0,0.048600000000000004,-0.7320999999999991,-0.2505000000000024,0.5861999999999998,-0.0595,0.022700000000000053,0.2914999999999992,0.10219999999999985,-0.0091,0.0,0.38459999999999894,0.7320999999999991,20000.0
19282,T33UWP_20000_35,S2A_MSIL2A_20230629T100031_R122_T33UXQ_20230629T191410,1000,,0.0,0.0,16.25,53.75,8.5,0.0,1.0,13.0,7.5,0.0,0.0,400,0,0.0,20000.0,20000.00000000093,0.8575038909912109,20.5,,0.0,-0.0139,-0.7320999999999991,-0.0005000000000023874,-0.7263000000000002,-0.0595,0.39770000000000005,1.4164999999999992,-0.27280000000000015,-0.0091,0.0,1.134599999999999,1.134599999999999,20000.0
19206,T33UWP_20000_35,S2B_MSIL2A_20230601T094549_R079_T33UXQ_20230601T163118,20,,0.0,0.0122,0.0,73.6165,22.8218,0.0664,0.0595,0.0028,0.0009,3.4199,0.0,1000000,0,0.0,20000.0,20000.00000000093,1.3331713676452637,3.4236,,0.0,0.0,0.0,0.0,0.0,0.0,0.0,0.0,0.0,0.0,0.0,0.0,0.0,20000.0
19219,T33UWP_20000_35,S2B_MSIL2A_20230601T094549_R079_T33UXQ_20230601T163118,50,,0.0,0.01375,0.0,73.58,22.855,0.065,0.063125,0.003125,0.0,3.42,0.0,160000,0,0.0,20000.0,20000.00000000093,0.9121565818786621,3.4231249999999998,,0.0,0.0015499999999999993,0.0,-0.03650000000000375,0.033200000000000784,-0.0013999999999999985,0.0036250000000000032,0.0003250000000000002,-0.0009,9.999999999976694e-05,0.0,-0.00047500000000022524,0.03650000000000375,20000.0
19232,T33UWP_20000_35,S2B_MSIL2A_20230601T094549_R079_T33UXQ_20230601T163118,100,,0.0,0.015,0.0,73.6225,22.8125,0.0575,0.045,0.0075,0.0025,3.4375,0.0,40000,0,0.0,20000.0,20000.00000000093,0.769371509552002,3.4475,,0.0,0.0027999999999999987,0.0,0.006000000000000227,-0.009299999999999642,-0.008899999999999998,-0.014499999999999999,0.004699999999999999,0.0016,0.017599999999999838,0.0,0.02389999999999981,0.02389999999999981,20000.0
19245,T33UWP_20000_35,S2B_MSIL2A_20230601T094549_R079_T33UXQ_20230601T163118,200,,0.0,0.01,0.0,73.21,23.22,0.07,0.07,0.02,0.0,3.4,0.0,10000,0,0.0,20000.0,20000.00000000093,0.7839369773864746,3.42,,0.0,-0.0022000000000000006,0.0,-0.4065000000000083,0.3981999999999992,0.003600000000000006,0.01050000000000001,0.0172,-0.0009,-0.01990000000000025,0.0,-0.0036000000000000476,0.4065000000000083,20000.0
19258,T33UWP_20000_35,S2B_MSIL2A_20230601T094549_R079_T33UXQ_20230601T163118,500,,0.0,0.0625,0.0,72.625,23.875,0.0625,0.0,0.0,0.0,3.375,0.0,1600,0,0.0,20000.0,20000.00000000093,0.8901200294494629,3.375,,0.0,0.0503,0.0,-0.991500000000002,1.0532000000000004,-0.0039000000000000007,-0.0595,-0.0028,-0.0009,-0.04490000000000016,0.0,-0.04859999999999998,1.0532000000000004,20000.0
19271,T33UWP_20000_35,S2B_MSIL2A_20230601T094549_R079_T33UXQ_20230601T163118,1000,,0.0,0.0,0.0,71.25,25.75,0.0,0.0,0.0,0.0,3.0,0.0,400,0,0.0,20000.0,20000.00000000093,0.8575038909912109,3.0,,0.0,-0.0122,0.0,-2.366500000000002,2.9282000000000004,-0.0664,-0.0595,-0.0028,-0.0009,-0.41990000000000016,0.0,-0.4236,2.9282000000000004,20000.0
19207,T33UWP_20000_35,S2B_MSIL2A_20230604T095559_R122_T33UXQ_20230604T180754,20,,0.0,0.0001,0.0002,0.0914,0.06,0.0,0.8389,4.7758,94.2336,0.0,0.0,1000000,0,0.0,20000.0,20000.00000000093,1.3331713676452637,99.0094,,0.0,0.0,0.0,0.0,0.0,0.0,0.0,0.0,0.0,0.0,0.0,0.0,0.0,20000.0
19220,T33UWP_20000_35,S2B_MSIL2A_20230604T095559_R122_T33UXQ_20230604T180754,50,,0.0,0.0,0.000625,0.09125,0.059375,0.0,0.845625,4.764375,94.23875,0.0,0.0,160000,0,0.0,20000.0,20000.00000000093,0.9121565818786621,99.003125,,0.0,-0.0001,0.00042500000000000003,-0.00014999999999999736,-0.0006250000000000006,0.0,0.006724999999999981,-0.011425000000000018,0.005150000000000432,0.0,0.0,-0.006275000000002251,0.006724999999999981,20000.0
19233,T33UWP_20000_35,S2B_MSIL2A_20230604T095559_R122_T33UXQ_20230604T180754,100,,0.0,0.0,0.0,0.0875,0.065,0.0,0.865,4.8125,94.17,0.0,0.0,40000,0,0.0,20000.0,20000.00000000093,0.769371509552002,98.9825,,0.0,-0.0001,-0.0002,-0.0039000000000000007,0.0050000000000000044,0.0,0.026100000000000012,0.03669999999999973,-0.06359999999999388,0.0,0.0,-0.026899999999997704,0.026899999999997704,20000.0
19246,T33UWP_20000_35,S2B_MSIL2A_20230604T095559_R122_T33UXQ_20230604T180754,200,,0.0,0.0,0.0,0.12,0.07,0.0,0.83,4.69,94.29,0.0,0.0,10000,0,0.0,20000.0,20000.00000000093,0.7839369773864746,98.98,,0.0,-0.0001,-0.0002,0.0286,0.010000000000000009,0.0,-0.008900000000000019,-0.08579999999999988,0.056400000000010664,0.0,0.0,-0.02939999999999543,0.02939999999999543,20000.0
19259,T33UWP_20000_35,S2B_MSIL2A_20230604T095559_R122_T33UXQ_20230604T180754,500,,0.0,0.0,0.0,0.125,0.0625,0.0,0.6875,4.3125,94.8125,0.0,0.0,1600,0,0.0,20000.0,20000.00000000093,0.8901200294494629,99.125,,0.0,-0.0001,-0.0002,0.033600000000000005,0.0025000000000000022,0.0,-0.15139999999999998,-0.46330000000000027,0.5789000000000044,0.0,0.0,0.11560000000000059,0.15139999999999998,20000.0
19272,T33UWP_20000_35,S2B_MSIL2A_20230604T095559_R122_T33UXQ_20230604T180754,1000,,0.0,0.0,0.0,0.25,0.0,0.0,0.5,4.75,94.5,0.0,0.0,400,0,0.0,20000.0,20000.00000000093,0.8575038909912109,99.25,,0.0,-0.0001,-0.0002,0.15860000000000002,-0.06,0.0,-0.3389,-0.025800000000000267,0.2664000000000044,0.0,0.0,0.2406000000000006,0.3389,20000.0
19210,T33UWP_20000_35,S2B_MSIL2A_20230611T094549_R079_T33UXQ_20230611T141904,20,,0.0,0.0,0.0022,0.0,0.0,0.0,0.0269,1.4626,98.5083,0.0,0.0,1000000,0,0.0,20000.0,20000.00000000093,1.3331713676452637,99.9709,,0.0,0.0,0.0,0.0,0.0,0.0,0.0,0.0,0.0,0.0,0.0,0.0,0.0,20000.0
19223,T33UWP_20000_35,S2B_MSIL2A_20230611T094549_R079_T33UXQ_20230611T141904,50,,0.0,0.0,0.0025,0.0,0.0,0.0,0.026875,1.459375,98.51125,0.0,0.0,160000,0,0.0,20000.0,20000.00000000093,0.9121565818786621,99.970625,,0.0,0.0,0.0002999999999999999,0.0,0.0,0.0,-2.5000000000000716e-05,-0.0032249999999998114,0.002949999999998454,0.0,0.0,-0.0002750000000020236,0.0002999999999999999,20000.0
19236,T33UWP_20000_35,S2B_MSIL2A_20230611T094549_R079_T33UXQ_20230611T141904,100,,0.0,0.0,0.0025,0.0,0.0,0.0,0.025,1.5025,98.47,0.0,0.0,40000,0,0.0,20000.0,20000.00000000093,0.769371509552002,99.9725,,0.0,0.0,0.0002999999999999999,0.0,0.0,0.0,-0.001899999999999999,0.03990000000000005,-0.03830000000000666,0.0,0.0,0.001599999999996271,0.001899999999999999,20000.0
19249,T33UWP_20000_35,S2B_MSIL2A_20230611T094549_R079_T33UXQ_20230611T141904,200,,0.0,0.0,0.01,0.0,0.0,0.0,0.02,1.54,98.43,0.0,0.0,10000,0,0.0,20000.0,20000.00000000093,0.7839369773864746,99.97000000000001,,0.0,0.0,0.0078,0.0,0.0,0.0,-0.0069,0.07740000000000014,-0.0782999999999987,0.0,0.0,-0.0008999999999872443,0.0078,20000.0
19262,T33UWP_20000_35,S2B_MSIL2A_20230611T094549_R079_T33UXQ_20230611T141904,500,,0.0,0.0,0.0,0.0,0.0,0.0,0.0,1.5625,98.4375,0.0,0.0,1600,0,0.0,20000.0,20000.00000000093,0.8901200294494629,100.0,,0.0,0.0,-0.0022,0.0,0.0,0.0,-0.0269,0.0999000000000001,-0.07080000000000553,0.0,0.0,0.02909999999999968,0.02909999999999968,20000.0
19275,T33UWP_20000_35,S2B_MSIL2A_20230611T094549_R079_T33UXQ_20230611T141904,1000,,0.0,0.0,0.0,0.0,0.0,0.0,0.0,1.5,98.5,0.0,0.0,400,0,0.0,20000.0,20000.00000000093,0.8575038909912109,100.0,,0.0,0.0,-0.0022,0.0,0.0,0.0,-0.0269,0.0374000000000001,-0.008300000000005525,0.0,0.0,0.02909999999999968,0.02909999999999968,20000.0
19211,T33UWP_20000_35,S2B_MSIL2A_20230614T095559_R122_T33UXQ_20230614T142236,20,,0.0,0.0146,0.2502,76.6293,11.9555,0.0572,0.4091,3.8851,1.0563,5.7427,0.0,1000000,0,0.0,20000.0,20000.00000000093,1.3331713676452637,10.6841,,0.0,0.0,0.0,0.0,0.0,0.0,0.0,0.0,0.0,0.0,0.0,0.0,0.0,20000.0
19224,T33UWP_20000_35,S2B_MSIL2A_20230614T095559_R122_T33UXQ_20230614T142236,50,,0.0,0.01625,0.25125,76.6375,11.945625,0.055625,0.409375,3.866875,1.06875,5.74875,0.0,160000,0,0.0,20000.0,20000.00000000093,0.9121565818786621,10.684375,,0.0,0.0016500000000000004,0.0010499999999999954,0.008200000000002206,-0.009875000000000966,-0.001575,0.0002749999999999697,-0.018225000000000158,0.012450000000000072,0.006050000000000111,0.0,0.0002749999999984709,0.009875000000000966,20000.0
19237,T33UWP_20000_35,S2B_MSIL2A_20230614T095559_R122_T33UXQ_20230614T142236,100,,0.0,0.015,0.25,76.675,11.92,0.055,0.395,3.8525,1.0575,5.78,0.0,40000,0,0.0,20000.0,20000.00000000093,0.769371509552002,10.690000000000001,,0.0,0.0003999999999999993,-0.00019999999999997797,0.04569999999999652,-0.03550000000000075,-0.0022000000000000006,-0.014100000000000001,-0.03259999999999996,0.0012000000000000899,0.03730000000000011,0.0,0.00590000000000046,0.04569999999999652,20000.0
19250,T33UWP_20000_35,S2B_MSIL2A_20230614T095559_R122_T33UXQ_20230614T142236,200,,0.0,0.02,0.25,76.85,11.96,0.05,0.34,3.87,1.04,5.62,0.0,10000,0,0.0,20000.0,20000.00000000093,0.7839369773864746,10.530000000000001,,0.0,0.0054,-0.00019999999999997797,0.22069999999999368,0.0045000000000001705,-0.007199999999999998,-0.0691,-0.015099999999999891,-0.01629999999999998,-0.12270000000000003,0.0,-0.15409999999999968,0.22069999999999368,20000.0
19263,T33UWP_20000_35,S2B_MSIL2A_20230614T095559_R122_T33UXQ_20230614T142236,500,,0.0,0.0625,0.375,76.6875,12.1875,0.0625,0.375,3.75,0.625,5.875,0.0,1600,0,0.0,20000.0,20000.00000000093,0.8901200294494629,10.25,,0.0,0.0479,0.12480000000000002,0.05819999999999936,0.23199999999999932,0.005299999999999999,-0.03410000000000002,-0.1351,-0.4313,0.13229999999999986,0.0,-0.4341000000000008,0.4341000000000008,20000.0
19276,T33UWP_20000_35,S2B_MSIL2A_20230614T095559_R122_T33UXQ_20230614T142236,1000,,0.0,0.0,0.25,76.0,14.0,0.0,0.5,3.75,0.75,4.75,0.0,400,0,0.0,20000.0,20000.00000000093,0.8575038909912109,9.25,,0.0,-0.0146,-0.00019999999999997797,-0.6293000000000006,2.0444999999999993,-0.0572,0.09089999999999998,-0.1351,-0.3063,-0.9927000000000001,0.0,-1.4341000000000008,2.0444999999999993,20000.0
19214,T33UWP_20000_35,S2B_MSIL2A_20230621T094549_R079_T33UXQ_20230621T132357,20,,0.0,0.0006,4.9482,56.4764,8.6343,0.0495,2.6765,13.8099,4.7071,8.6975,0.0,1000000,0,0.0,20000.0,20000.00000000093,1.3331713676452637,27.2145,,0.0,0.0,0.0,0.0,0.0,0.0,0.0,0.0,0.0,0.0,0.0,0.0,0.0,20000.0
19227,T33UWP_20000_35,S2B_MSIL2A_20230621T094549_R079_T33UXQ_20230621T132357,50,,0.0,0.000625,4.941875,56.43125,8.71,0.048125,2.65625,13.775,4.725,8.711875,0.0,160000,0,0.0,20000.0,20000.00000000093,0.9121565818786621,27.211875,,0.0,2.5000000000000066e-05,-0.006325000000000358,-0.04514999999999958,0.07570000000000121,-0.0013750000000000012,-0.02024999999999988,-0.034900000000000375,0.017900000000000027,0.01437499999999936,0.0,-0.002625000000001876,0.07570000000000121,20000.0
19240,T33UWP_20000_35,S2B_MSIL2A_20230621T094549_R079_T33UXQ_20230621T132357,100,,0.0,0.0,4.955,56.5025,8.6525,0.045,2.6525,13.755,4.7,8.7375,0.0,40000,0,0.0,20000.0,20000.00000000093,0.769371509552002,27.192500000000003,,0.0,-0.0006,0.006800000000000139,0.026099999999999568,0.018200000000000216,-0.004500000000000004,-0.02400000000000002,-0.05489999999999995,-0.00709999999999944,0.040000000000000924,0.0,-0.021999999999998465,0.026099999999999568,20000.0
19253,T33UWP_20000_35,S2B_MSIL2A_20230621T094549_R079_T33UXQ_20230621T132357,200,,0.0,0.01,4.97,56.69,8.89,0.04,2.58,13.96,4.26,8.6,0.0,10000,0,0.0,20000.0,20000.00000000093,0.7839369773864746,26.82,,0.0,0.0094,0.02179999999999982,0.21359999999999957,0.2557000000000009,-0.009500000000000001,-0.09649999999999981,0.15010000000000012,-0.44709999999999983,-0.09750000000000014,0.0,-0.39450000000000074,0.39450000000000074,20000.0
19266,T33UWP_20000_35,S2B_MSIL2A_20230621T094549_R079_T33UXQ_20230621T132357,500,,0.0,0.0,5.1875,56.25,8.5625,0.0625,3.125,13.5,4.9375,8.375,0.0,1600,0,0.0,20000.0,20000.00000000093,0.8901200294494629,26.8125,,0.0,-0.0006,0.23930000000000007,-0.22639999999999816,-0.07179999999999964,0.012999999999999998,0.4485000000000001,-0.30990000000000073,0.23040000000000038,-0.3224999999999998,0.0,-0.402000000000001,0.4485000000000001,20000.0
19279,T33UWP_20000_35,S2B_MSIL2A_20230621T094549_R079_T33UXQ_20230621T132357,1000,,0.0,0.0,5.25,57.0,8.5,0.0,1.75,13.75,5.0,8.75,0.0,400,0,0.0,20000.0,20000.00000000093,0.8575038909912109,27.5,,0.0,-0.0006,0.30180000000000007,0.5236000000000018,-0.13429999999999964,-0.0495,-0.9264999999999999,-0.05990000000000073,0.2929000000000004,0.05250000000000021,0.0,0.285499999999999,0.9264999999999999,20000.0
19215,T33UWP_20000_35,S2B_MSIL2A_20230624T095559_R122_T33UXQ_20230624T142950,20,,0.0,0.0,1.5944,0.0,0.0,0.0,0.0002,3.2069,95.1172,0.0813,0.0,1000000,0,0.0,20000.0,20000.00000000093,1.3331713676452637,98.4054,,0.0,0.0,0.0,0.0,0.0,0.0,0.0,0.0,0.0,0.0,0.0,0.0,0.0,20000.0
19228,T33UWP_20000_35,S2B_MSIL2A_20230624T095559_R122_T33UXQ_20230624T142950,50,,0.0,0.0,1.594375,0.0,0.0,0.0,0.000625,3.205625,95.120625,0.07875,0.0,160000,0,0.0,20000.0,20000.00000000093,0.9121565818786621,98.405,,0.0,0.0,-2.4999999999941735e-05,0.0,0.0,0.0,0.00042500000000000003,-0.0012750000000001371,0.003425000000007117,-0.0025499999999999967,0.0,-0.00039999999999906777,0.00042500000000000003,20000.0
19241,T33UWP_20000_35,S2B_MSIL2A_20230624T095559_R122_T33UXQ_20230624T142950,100,,0.0,0.0,1.6025,0.0,0.0,0.0,0.0,3.1625,95.145,0.09,0.0,40000,0,0.0,20000.0,20000.00000000093,0.769371509552002,98.3975,,0.0,0.0,0.008099999999999996,0.0,0.0,0.0,-0.0002,-0.044399999999999995,0.02779999999999916,0.0087,0.0,-0.007900000000006457,0.008099999999999996,20000.0
19254,T33UWP_20000_35,S2B_MSIL2A_20230624T095559_R122_T33UXQ_20230624T142950,200,,0.0,0.0,1.62,0.0,0.0,0.0,0.0,3.34,94.97,0.07,0.0,10000,0,0.0,20000.0,20000.00000000093,0.7839369773864746,98.38,,0.0,0.0,0.025600000000000067,0.0,0.0,0.0,-0.0002,0.13309999999999977,-0.147199999999998,-0.01129999999999999,0.0,-0.025400000000004752,0.025600000000000067,20000.0
19267,T33UWP_20000_35,S2B_MSIL2A_20230624T095559_R122_T33UXQ_20230624T142950,500,,0.0,0.0,1.5625,0.0,0.0,0.0,0.0,3.25,94.9375,0.25,0.0,1600,0,0.0,20000.0,20000.00000000093,0.8901200294494629,98.4375,,0.0,0.0,-0.03190000000000004,0.0,0.0,0.0,-0.0002,0.043099999999999916,-0.17969999999999686,0.16870000000000002,0.0,0.032099999999999795,0.032099999999999795,20000.0
19280,T33UWP_20000_35,S2B_MSIL2A_20230624T095559_R122_T33UXQ_20230624T142950,1000,,0.0,0.0,1.75,0.0,0.0,0.0,0.0,3.25,95.0,0.0,0.0,400,0,0.0,20000.0,20000.00000000093,0.8575038909912109,98.25,,0.0,0.0,0.15559999999999996,0.0,0.0,0.0,-0.0002,0.043099999999999916,-0.11719999999999686,-0.0813,0.0,-0.1554000000000002,0.15559999999999996,20000.0
19218,T33UWP_20000_35,S2B_MSIL2A_20230701T094549_R079_T33UXQ_20230701T141517,20,,0.0,0.0,0.1873,0.4074,0.2818,0.0,0.9376,21.1294,71.1001,5.9564,0.0,1000000,0,0.0,20000.0,20000.00000000093,1.3331713676452637,98.1859,,0.0,0.0,0.0,0.0,0.0,0.0,0.0,0.0,0.0,0.0,0.0,0.0,0.0,20000.0
19231,T33UWP_20000_35,S2B_MSIL2A_20230701T094549_R079_T33UXQ_20230701T141517,50,,0.0,0.0,0.184375,0.415625,0.279375,0.0,0.92625,21.188125,71.045625,5.960625,0.0,160000,0,0.0,20000.0,20000.00000000093,0.9121565818786621,98.19437500000001,,0.0,0.0,-0.002924999999999983,0.008225000000000038,-0.0024250000000000105,0.0,-0.011349999999999971,0.05872499999999903,-0.0544749999999965,0.004224999999999923,0.0,0.00847500000000423,0.011349999999999971,20000.0
19244,T33UWP_20000_35,S2B_MSIL2A_20230701T094549_R079_T33UXQ_20230701T141517,100,,0.0,0.0,0.175,0.45,0.285,0.0,0.95,21.1075,71.1125,5.92,0.0,40000,0,0.0,20000.0,20000.00000000093,0.769371509552002,98.14,,0.0,0.0,-0.012300000000000005,0.04260000000000003,0.0031999999999999806,0.0,0.012399999999999967,-0.0218999999999987,0.012399999999999523,-0.03640000000000043,0.0,-0.04590000000000316,0.04590000000000316,20000.0
19257,T33UWP_20000_35,S2B_MSIL2A_20230701T094549_R079_T33UXQ_20230701T141517,200,,0.0,0.0,0.17,0.41,0.34,0.0,0.95,21.09,71.16,5.88,0.0,10000,0,0.0,20000.0,20000.00000000093,0.7839369773864746,98.13,,0.0,0.0,-0.017299999999999982,0.002599999999999991,0.05820000000000003,0.0,0.012399999999999967,-0.039400000000000546,0.059899999999998954,-0.07640000000000047,0.0,-0.055900000000008276,0.05820000000000003,20000.0
19270,T33UWP_20000_35,S2B_MSIL2A_20230701T094549_R079_T33UXQ_20230701T141517,500,,0.0,0.0,0.1875,0.5,0.3125,0.0,0.8125,19.75,72.3125,6.125,0.0,1600,0,0.0,20000.0,20000.00000000093,0.8901200294494629,98.1875,,0.0,0.0,0.00020000000000000573,0.09260000000000002,0.030700000000000005,0.0,-0.1251,-1.3794000000000004,1.2124000000000024,0.16859999999999964,0.0,0.001599999999996271,0.1251,20000.0
19283,T33UWP_20000_35,S2B_MSIL2A_20230701T094549_R079_T33UXQ_20230701T141517,1000,,0.0,0.0,0.5,0.5,0.25,0.0,0.75,19.25,71.75,7.0,0.0,400,0,0.0,20000.0,20000.00000000093,0.8575038909912109,98.0,,0.0,0.0,0.3127,0.09260000000000002,-0.031799999999999995,0.0,-0.1876,-1.8794000000000004,0.6499000000000024,1.0435999999999996,0.0,-0.18590000000000373,0.3127,20000.0
17545,T33UWP_20000_4,S2A_MSIL2A_20230609T100031_R122_T33UWP_20230609T173715,20,,0.0,0.0,0.0,0.0,0.0,0.0,0.0,3.5002,96.4998,0.0,0.0,1000000,0,0.0,20000.000000000116,19999.99999999907,0.5408480167388916,100.0,,0.0,0.0,0.0,0.0,0.0,0.0,0.0,0.0,0.0,0.0,0.0,0.0,0.0,20000.0
17551,T33UWP_20000_4,S2A_MSIL2A_20230609T100031_R122_T33UWP_20230609T173715,50,,0.0,0.0,0.0,0.0,0.0,0.0,0.0,3.503125,96.496875,0.0,0.0,160000,0,0.0,20000.000000000116,19999.99999999907,0.3834421634674072,100.0,,0.0,0.0,0.0,0.0,0.0,0.0,0.0,0.0029249999999998444,-0.0029249999999905185,0.0,0.0,0.0,0.0,20000.0
17557,T33UWP_20000_4,S2A_MSIL2A_20230609T100031_R122_T33UWP_20230609T173715,100,,0.0,0.0,0.0,0.0,0.0,0.0,0.0,3.4975,96.5025,0.0,0.0,40000,0,0.0,20000.000000000116,19999.99999999907,0.3841667175292969,100.0,,0.0,0.0,0.0,0.0,0.0,0.0,0.0,-0.0026999999999999247,0.0027000000000043656,0.0,0.0,0.0,0.0,20000.0
17563,T33UWP_20000_4,S2A_MSIL2A_20230609T100031_R122_T33UWP_20230609T173715,200,,0.0,0.0,0.0,0.0,0.0,0.0,0.0,3.43,96.57,0.0,0.0,10000,0,0.0,20000.000000000116,19999.99999999907,0.38730740547180176,100.0,,0.0,0.0,0.0,0.0,0.0,0.0,0.0,-0.07019999999999982,0.07019999999999982,0.0,0.0,0.0,0.0,20000.0
17569,T33UWP_20000_4,S2A_MSIL2A_20230609T100031_R122_T33UWP_20230609T173715,500,,0.0,0.0,0.0,0.0,0.0,0.0,0.0,3.4375,96.5625,0.0,0.0,1600,0,0.0,20000.000000000116,19999.99999999907,0.4204680919647217,100.0,,0.0,0.0,0.0,0.0,0.0,0.0,0.0,-0.06269999999999998,0.06270000000000664,0.0,0.0,0.0,0.0,20000.0
17575,T33UWP_20000_4,S2A_MSIL2A_20230609T100031_R122_T33UWP_20230609T173715,1000,,0.0,0.0,0.0,0.0,0.0,0.0,0.0,3.5,96.5,0.0,0.0,400,0,0.0,20000.000000000116,19999.99999999907,0.3984034061431885,100.0,,0.0,0.0,0.0,0.0,0.0,0.0,0.0,-0.00019999999999997797,0.0002000000000066393,0.0,0.0,0.0,0.0,20000.0
17547,T33UWP_20000_4,S2A_MSIL2A_20230619T100031_R122_T33UWP_20230619T172742,20,,0.0,0.0619,2.4168,25.5164,2.0595,0.3808,2.829,7.8244,58.9082,0.003,0.0,1000000,0,0.0,20000.000000000116,19999.99999999907,0.5408480167388916,66.7356,,0.0,0.0,0.0,0.0,0.0,0.0,0.0,0.0,0.0,0.0,0.0,0.0,0.0,20000.0
17553,T33UWP_20000_4,S2A_MSIL2A_20230619T100031_R122_T33UWP_20230619T172742,50,,0.0,0.060625,2.4175,25.5025,2.07875,0.388125,2.819375,7.856875,58.873125,0.003125,0.0,160000,0,0.0,20000.000000000116,19999.99999999907,0.3834421634674072,66.733125,,0.0,-0.0012749999999999984,0.000700000000000145,-0.01389999999999958,0.01924999999999999,0.00732499999999997,-0.009625000000000217,0.03247499999999981,-0.03507499999999908,0.0001250000000000001,0.0,-0.0024750000000040018,0.01924999999999999,20000.0
17559,T33UWP_20000_4,S2A_MSIL2A_20230619T100031_R122_T33UWP_20230619T172742,100,,0.0,0.0625,2.4275,25.5,2.05,0.3825,2.86,7.865,58.85,0.0025,0.0,40000,0,0.0,20000.000000000116,19999.99999999907,0.3841667175292969,66.7175,,0.0,0.0006000000000000033,0.010700000000000376,-0.01640000000000086,-0.009500000000000064,0.0016999999999999793,0.030999999999999694,0.040600000000000414,-0.05819999999999936,-0.0005,0.0,-0.018100000000004002,0.030999999999999694,20000.0
17565,T33UWP_20000_4,S2A_MSIL2A_20230619T100031_R122_T33UWP_20230619T172742,200,,0.0,0.07,2.36,25.94,1.97,0.41,2.9,7.8,58.55,0.0,0.0,10000,0,0.0,20000.000000000116,19999.99999999907,0.38730740547180176,66.35,,0.0,0.00810000000000001,-0.05679999999999996,0.4236000000000004,-0.08949999999999991,0.029199999999999948,0.07099999999999973,-0.024399999999999977,-0.3582000000000036,-0.003,0.0,-0.3856000000000108,0.4236000000000004,20000.0
17571,T33UWP_20000_4,S2A_MSIL2A_20230619T100031_R122_T33UWP_20230619T172742,500,,0.0,0.0625,2.375,25.1875,1.8125,0.375,2.875,8.125,59.1875,0.0,0.0,1600,0,0.0,20000.000000000116,19999.99999999907,0.4204680919647217,67.3125,,0.0,0.0006000000000000033,-0.04179999999999984,-0.32890000000000086,-0.2469999999999999,-0.005800000000000027,0.04599999999999982,0.3006000000000002,0.2792999999999992,-0.003,0.0,0.5768999999999949,0.5768999999999949,20000.0
17577,T33UWP_20000_4,S2A_MSIL2A_20230619T100031_R122_T33UWP_20230619T172742,1000,,0.0,0.0,2.0,24.5,2.5,0.0,4.25,7.75,59.0,0.0,0.0,400,0,0.0,20000.000000000116,19999.99999999907,0.3984034061431885,66.75,,0.0,-0.0619,-0.41679999999999984,-1.0164000000000009,0.4405000000000001,-0.3808,1.4209999999999998,-0.0743999999999998,0.09179999999999922,-0.003,0.0,0.014399999999994861,1.4209999999999998,20000.0
17549,T33UWP_20000_4,S2A_MSIL2A_20230629T100031_R122_T33UWP_20230629T191411,20,,0.0,0.0355,2.7474,91.9847,3.3843,0.3985,0.0989,0.9113,0.3985,0.0409,0.0,1000000,0,0.0,20000.000000000116,19999.99999999907,0.5408480167388916,1.3507,,0.0,0.0,0.0,0.0,0.0,0.0,0.0,0.0,0.0,0.0,0.0,0.0,0.0,20000.0
17555,T33UWP_20000_4,S2A_MSIL2A_20230629T100031_R122_T33UWP_20230629T191411,50,,0.0,0.0375,2.748125,91.9975,3.3625,0.408125,0.0875,0.9225,0.396875,0.039375,0.0,160000,0,0.0,20000.000000000116,19999.99999999907,0.3834421634674072,1.35875,,0.0,0.0020000000000000018,0.0007250000000000867,0.01279999999999859,-0.021800000000000264,0.009624999999999995,-0.011400000000000007,0.011199999999999988,-0.001625000000000043,-0.0015249999999999986,0.0,0.00804999999999989,0.021800000000000264,20000.0
17561,T33UWP_20000_4,S2A_MSIL2A_20230629T100031_R122_T33UWP_20230629T191411,100,,0.0,0.0475,2.7575,91.92,3.42,0.3925,0.11,0.925,0.39,0.0375,0.0,40000,0,0.0,20000.000000000116,19999.99999999907,0.3841667175292969,1.3525,,0.0,0.012000000000000004,0.010099999999999998,-0.06470000000000198,0.03569999999999984,-0.006000000000000005,0.011099999999999999,0.013700000000000045,-0.008500000000000008,-0.0034000000000000002,0.0,0.0018000000000000238,0.06470000000000198,20000.0
17567,T33UWP_20000_4,S2A_MSIL2A_20230629T100031_R122_T33UWP_20230629T191411,200,,0.0,0.0,2.67,92.16,3.34,0.41,0.06,0.82,0.45,0.09,0.0,10000,0,0.0,20000.000000000116,19999.99999999907,0.38730740547180176,1.36,,0.0,-0.0355,-0.07739999999999991,0.1752999999999929,-0.04430000000000023,0.011499999999999955,-0.038900000000000004,-0.09130000000000005,0.05149999999999999,0.0491,0.0,0.009300000000000086,0.1752999999999929,20000.0
17573,T33UWP_20000_4,S2A_MSIL2A_20230629T100031_R122_T33UWP_20230629T191411,500,,0.0,0.0625,2.9375,91.125,3.75,0.375,0.125,1.25,0.3125,0.0625,0.0,1600,0,0.0,20000.000000000116,19999.99999999907,0.4204680919647217,1.625,,0.0,0.027000000000000003,0.19010000000000016,-0.8597000000000037,0.3656999999999999,-0.02350000000000002,0.026099999999999998,0.3387,-0.08600000000000002,0.0216,0.0,0.2743,0.8597000000000037,20000.0
17579,T33UWP_20000_4,S2A_MSIL2A_20230629T100031_R122_T33UWP_20230629T191411,1000,,0.0,0.0,2.75,90.25,4.5,0.25,0.25,1.25,0.5,0.25,0.0,400,0,0.0,20000.000000000116,19999.99999999907,0.3984034061431885,2.0,,0.0,-0.0355,0.0026000000000001577,-1.7347000000000037,1.1157,-0.14850000000000002,0.1511,0.3387,0.10149999999999998,0.2091,0.0,0.6493,1.7347000000000037,20000.0
17544,T33UWP_20000_4,S2B_MSIL2A_20230604T095559_R122_T33UWP_20230604T174403,20,,0.0,0.0,0.4734,7.1562,1.0171,0.0154,4.3398,27.5156,51.5372,7.9453,0.0,1000000,0,0.0,20000.000000000116,19999.99999999907,0.5408480167388916,86.9981,,0.0,0.0,0.0,0.0,0.0,0.0,0.0,0.0,0.0,0.0,0.0,0.0,0.0,20000.0
17550,T33UWP_20000_4,S2B_MSIL2A_20230604T095559_R122_T33UWP_20230604T174403,50,,0.0,0.0,0.475,7.1825,0.998125,0.014375,4.351875,27.513125,51.5325,7.9325,0.0,160000,0,0.0,20000.000000000116,19999.99999999907,0.3834421634674072,86.978125,,0.0,0.0,0.0015999999999999903,0.02629999999999999,-0.018974999999999853,-0.0010249999999999999,0.012074999999999392,-0.002475000000000449,-0.004699999999999704,-0.012799999999999478,0.0,-0.019974999999988086,0.02629999999999999,20000.0
17556,T33UWP_20000_4,S2B_MSIL2A_20230604T095559_R122_T33UWP_20230604T174403,100,,0.0,0.0,0.4875,7.0775,0.99,0.015,4.475,27.5,51.57,7.885,0.0,40000,0,0.0,20000.000000000116,19999.99999999907,0.3841667175292969,86.955,,0.0,0.0,0.014100000000000001,-0.07870000000000044,-0.027099999999999902,-0.00040000000000000105,0.13519999999999932,-0.01559999999999917,0.03280000000000172,-0.0602999999999998,0.0,-0.043099999999995475,0.13519999999999932,20000.0
17562,T33UWP_20000_4,S2B_MSIL2A_20230604T095559_R122_T33UWP_20230604T174403,200,,0.0,0.0,0.49,7.21,1.06,0.02,4.22,27.88,50.92,8.2,0.0,10000,0,0.0,20000.000000000116,19999.99999999907,0.38730740547180176,87.0,,0.0,0.0,0.016600000000000004,0.05379999999999985,0.04290000000000016,0.0046,-0.11980000000000057,0.36439999999999984,-0.6171999999999969,0.2546999999999997,0.0,0.00190000000000623,0.11980000000000057,20000.0
17568,T33UWP_20000_4,S2B_MSIL2A_20230604T095559_R122_T33UWP_20230604T174403,500,,0.0,0.0,0.5625,6.8125,1.375,0.0625,4.125,27.5625,51.125,8.375,0.0,1600,0,0.0,20000.000000000116,19999.99999999907,0.4204680919647217,87.0625,,0.0,0.0,0.08910000000000001,-0.3437000000000001,0.3579000000000001,0.0471,-0.21480000000000032,0.04690000000000083,-0.41219999999999857,0.4297000000000004,0.0,0.06440000000000623,0.3579000000000001,20000.0
17574,T33UWP_20000_4,S2B_MSIL2A_20230604T095559_R122_T33UWP_20230604T174403,1000,,0.0,0.0,0.5,6.0,1.75,0.0,4.5,27.25,51.5,8.5,0.0,400,0,0.0,20000.000000000116,19999.99999999907,0.3984034061431885,87.25,,0.0,0.0,0.026600000000000013,-1.1562000000000001,0.7329000000000001,-0.0154,0.16019999999999968,-0.26559999999999917,-0.03719999999999857,0.5547000000000004,0.0,0.25190000000000623,1.1562000000000001,20000.0
17546,T33UWP_20000_4,S2B_MSIL2A_20230614T095559_R122_T33UWP_20230614T142248,20,,0.0,0.0452,9.161,57.7672,4.2373,0.352,0.3271,8.0706,12.2304,7.8092,0.0,1000000,0,0.0,20000.000000000116,19999.99999999907,0.5408480167388916,28.110200000000003,,0.0,0.0,0.0,0.0,0.0,0.0,0.0,0.0,0.0,0.0,0.0,0.0,0.0,20000.0
17552,T33UWP_20000_4,S2B_MSIL2A_20230614T095559_R122_T33UWP_20230614T142248,50,,0.0,0.04125,9.150625,57.78625,4.22625,0.365,0.32125,8.07625,12.221875,7.81125,0.0,160000,0,0.0,20000.000000000116,19999.99999999907,0.3834421634674072,28.109375,,0.0,-0.003949999999999995,-0.010374999999999801,0.01905000000000001,-0.011050000000000004,0.013000000000000012,-0.005850000000000022,0.005649999999999267,-0.008524999999998784,0.0020500000000005514,0.0,-0.0008250000000025182,0.01905000000000001,20000.0
17558,T33UWP_20000_4,S2B_MSIL2A_20230614T095559_R122_T33UWP_20230614T142248,100,,0.0,0.0425,9.15,57.7525,4.25,0.3525,0.3375,8.1025,12.21,7.8025,0.0,40000,0,0.0,20000.000000000116,19999.99999999907,0.3841667175292969,28.115000000000002,,0.0,-0.002699999999999994,-0.010999999999999233,-0.01470000000000482,0.012699999999999712,0.0005000000000000004,0.01040000000000002,0.031899999999998485,-0.02039999999999864,-0.006699999999999484,0.0,0.004799999999999471,0.01470000000000482,20000.0
17564,T33UWP_20000_4,S2B_MSIL2A_20230614T095559_R122_T33UWP_20230614T142248,200,,0.0,0.03,9.17,57.57,4.36,0.37,0.38,7.99,12.14,7.99,0.0,10000,0,0.0,20000.000000000116,19999.99999999907,0.38730740547180176,28.120000000000005,,0.0,-0.015199999999999998,0.009000000000000341,-0.19720000000000226,0.12270000000000003,0.018000000000000016,0.0529,-0.08060000000000045,-0.09039999999999893,0.18080000000000052,0.0,0.00980000000000203,0.19720000000000226,20000.0
17570,T33UWP_20000_4,S2B_MSIL2A_20230614T095559_R122_T33UWP_20230614T142248,500,,0.0,0.0,9.125,57.5625,3.6875,0.3125,0.3125,8.0625,12.875,8.0625,0.0,1600,0,0.0,20000.000000000116,19999.99999999907,0.4204680919647217,29.0,,0.0,-0.0452,-0.03599999999999959,-0.20470000000000255,-0.5498000000000003,-0.03949999999999998,-0.014600000000000002,-0.008100000000000662,0.6446000000000005,0.2533000000000003,0.0,0.8897999999999975,0.8897999999999975,20000.0
17576,T33UWP_20000_4,S2B_MSIL2A_20230614T095559_R122_T33UWP_20230614T142248,1000,,0.0,0.0,10.25,56.25,5.25,0.0,0.25,7.5,11.75,8.75,0.0,400,0,0.0,20000.000000000116,19999.99999999907,0.3984034061431885,28.0,,0.0,-0.0452,1.0890000000000004,-1.5172000000000025,1.0126999999999997,-0.352,-0.0771,-0.5706000000000007,-0.4803999999999995,0.9408000000000003,0.0,-0.11020000000000252,1.5172000000000025,20000.0
17548,T33UWP_20000_4,S2B_MSIL2A_20230624T095559_R122_T33UWP_20230624T142946,20,,0.0,0.0,0.1782,0.0,0.0,0.0,0.0,1.8826,97.9037,0.0355,0.0,1000000,0,0.0,20000.000000000116,19999.99999999907,0.5408480167388916,99.8218,,0.0,0.0,0.0,0.0,0.0,0.0,0.0,0.0,0.0,0.0,0.0,0.0,0.0,20000.0
17554,T33UWP_20000_4,S2B_MSIL2A_20230624T095559_R122_T33UWP_20230624T142946,50,,0.0,0.0,0.1725,0.0,0.0,0.0,0.0,1.87375,97.91625,0.0375,0.0,160000,0,0.0,20000.000000000116,19999.99999999907,0.3834421634674072,99.8275,,0.0,0.0,-0.005700000000000011,0.0,0.0,0.0,0.0,-0.008850000000000025,0.012550000000004502,0.0020000000000000018,0.0,0.005700000000004479,0.005700000000004479,20000.0
17560,T33UWP_20000_4,S2B_MSIL2A_20230624T095559_R122_T33UWP_20230624T142946,100,,0.0,0.0,0.1725,0.0,0.0,0.0,0.0,1.9025,97.89,0.035,0.0,40000,0,0.0,20000.000000000116,19999.99999999907,0.3841667175292969,99.8275,,0.0,0.0,-0.005700000000000011,0.0,0.0,0.0,0.0,0.01990000000000003,-0.013700000000000045,-0.0004999999999999935,0.0,0.005700000000004479,0.005700000000004479,20000.0
17566,T33UWP_20000_4,S2B_MSIL2A_20230624T095559_R122_T33UWP_20230624T142946,200,,0.0,0.0,0.17,0.0,0.0,0.0,0.0,1.93,97.88,0.02,0.0,10000,0,0.0,20000.000000000116,19999.99999999907,0.38730740547180176,99.83,,0.0,0.0,-0.008199999999999985,0.0,0.0,0.0,0.0,0.04739999999999989,-0.02370000000000516,-0.015499999999999996,0.0,0.008200000000002206,0.008200000000002206,20000.0
17572,T33UWP_20000_4,S2B_MSIL2A_20230624T095559_R122_T33UWP_20230624T142946,500,,0.0,0.0,0.125,0.0,0.0,0.0,0.0,2.0,97.875,0.0,0.0,1600,0,0.0,20000.000000000116,19999.99999999907,0.4204680919647217,99.875,,0.0,0.0,-0.0532,0.0,0.0,0.0,0.0,0.11739999999999995,-0.028700000000000614,-0.0355,0.0,0.05320000000000391,0.05320000000000391,20000.0
17578,T33UWP_20000_4,S2B_MSIL2A_20230624T095559_R122_T33UWP_20230624T142946,1000,,0.0,0.0,0.25,0.0,0.0,0.0,0.0,1.0,98.75,0.0,0.0,400,0,0.0,20000.000000000116,19999.99999999907,0.3984034061431885,99.75,,0.0,0.0,0.0718,0.0,0.0,0.0,0.0,-0.8826,0.8462999999999994,-0.0355,0.0,-0.07179999999999609,0.0718,20000.0
17581,T33UWP_20000_5,S2A_MSIL2A_20230609T100031_R122_T33UWQ_20230609T173715,20,,0.0,0.0,0.0,0.0,0.0,0.0,0.0,7.0736,92.8714,0.055,0.0,1000000,0,0.0,20000.000000000116,20000.0,0.5416626930236816,100.0,,0.0,0.0,0.0,0.0,0.0,0.0,0.0,0.0,0.0,0.0,0.0,0.0,0.0,20000.0
17587,T33UWP_20000_5,S2A_MSIL2A_20230609T100031_R122_T33UWQ_20230609T173715,50,,0.0,0.0,0.0,0.0,0.0,0.0,0.0,7.094375,92.85,0.055625,0.0,160000,0,0.0,20000.000000000116,20000.0,0.3851816654205322,100.0,,0.0,0.0,0.0,0.0,0.0,0.0,0.0,0.020775000000000432,-0.021399999999999864,0.0006250000000000006,0.0,0.0,0.0,20000.0
17593,T33UWP_20000_5,S2A_MSIL2A_20230609T100031_R122_T33UWQ_20230609T173715,100,,0.0,0.0,0.0,0.0,0.0,0.0,0.0,7.0575,92.8825,0.06,0.0,40000,0,0.0,20000.000000000116,20000.0,0.36008453369140625,100.0,,0.0,0.0,0.0,0.0,0.0,0.0,0.0,-0.01609999999999978,0.011099999999999,0.0049999999999999975,0.0,0.0,0.0,20000.0
17599,T33UWP_20000_5,S2A_MSIL2A_20230609T100031_R122_T33UWQ_20230609T173715,200,,0.0,0.0,0.0,0.0,0.0,0.0,0.0,7.06,92.88,0.06,0.0,10000,0,0.0,20000.000000000116,20000.0,0.3553905487060547,100.0,,0.0,0.0,0.0,0.0,0.0,0.0,0.0,-0.013600000000000279,0.008600000000001273,0.0049999999999999975,0.0,0.0,0.0,20000.0
17605,T33UWP_20000_5,S2A_MSIL2A_20230609T100031_R122_T33UWQ_20230609T173715,500,,0.0,0.0,0.0,0.0,0.0,0.0,0.0,6.875,93.125,0.0,0.0,1600,0,0.0,20000.000000000116,20000.0,0.4437696933746338,100.0,,0.0,0.0,0.0,0.0,0.0,0.0,0.0,-0.1985999999999999,0.2536000000000058,-0.055,0.0,0.0,0.0,20000.0
17611,T33UWP_20000_5,S2A_MSIL2A_20230609T100031_R122_T33UWQ_20230609T173715,1000,,0.0,0.0,0.0,0.0,0.0,0.0,0.0,6.5,93.5,0.0,0.0,400,0,0.0,20000.000000000116,20000.0,0.4716932773590088,100.0,,0.0,0.0,0.0,0.0,0.0,0.0,0.0,-0.5735999999999999,0.6286000000000058,-0.055,0.0,0.0,0.0,20000.0
17583,T33UWP_20000_5,S2A_MSIL2A_20230619T100031_R122_T33UWQ_20230619T173043,20,,0.0,0.0183,6.1623,53.3553,8.4972,0.5575,5.69,10.9375,14.7121,0.0698,0.0,1000000,0,0.0,20000.000000000116,20000.0,0.5416626930236816,25.7194,,0.0,0.0,0.0,0.0,0.0,0.0,0.0,0.0,0.0,0.0,0.0,0.0,0.0,20000.0
17589,T33UWP_20000_5,S2A_MSIL2A_20230619T100031_R122_T33UWQ_20230619T173043,50,,0.0,0.019375,6.145625,53.36875,8.48,0.55625,5.73375,10.8975,14.72625,0.0725,0.0,160000,0,0.0,20000.000000000116,20000.0,0.3851816654205322,25.696250000000003,,0.0,0.0010749999999999996,-0.016675000000000217,0.013449999999998852,-0.017199999999998994,-0.0012499999999999734,0.04374999999999929,-0.03999999999999915,0.014150000000000773,0.002699999999999994,0.0,-0.02314999999999756,0.04374999999999929,20000.0
17595,T33UWP_20000_5,S2A_MSIL2A_20230619T100031_R122_T33UWQ_20230619T173043,100,,0.0,0.0175,6.2,53.305,8.58,0.5675,5.68,10.7675,14.8025,0.08,0.0,40000,0,0.0,20000.000000000116,20000.0,0.36008453369140625,25.65,,0.0,-0.0007999999999999986,0.03770000000000007,-0.05030000000000001,0.08280000000000065,0.010000000000000009,-0.010000000000000675,-0.16999999999999993,0.0904000000000007,0.0102,0.0,-0.06940000000000168,0.08280000000000065,20000.0
17601,T33UWP_20000_5,S2A_MSIL2A_20230619T100031_R122_T33UWQ_20230619T173043,200,,0.0,0.01,6.2,53.5,8.68,0.58,5.61,10.82,14.54,0.06,0.0,10000,0,0.0,20000.000000000116,20000.0,0.3553905487060547,25.419999999999998,,0.0,-0.0083,0.03770000000000007,0.14470000000000027,0.1828000000000003,0.022499999999999964,-0.08000000000000007,-0.11749999999999972,-0.17210000000000036,-0.009800000000000003,0.0,-0.2994000000000021,0.2994000000000021,20000.0
17607,T33UWP_20000_5,S2A_MSIL2A_20230619T100031_R122_T33UWQ_20230619T173043,500,,0.0,0.0,5.4375,54.25,8.125,0.375,6.1875,10.0625,15.4375,0.125,0.0,1600,0,0.0,20000.000000000116,20000.0,0.4437696933746338,25.625,,0.0,-0.0183,-0.7248000000000001,0.8947000000000003,-0.3721999999999994,-0.1825,0.4974999999999996,-0.875,0.7254000000000005,0.0552,0.0,-0.09440000000000026,0.8947000000000003,20000.0
17613,T33UWP_20000_5,S2A_MSIL2A_20230619T100031_R122_T33UWQ_20230619T173043,1000,,0.0,0.0,6.5,52.0,8.0,0.5,5.5,11.25,16.25,0.0,0.0,400,0,0.0,20000.000000000116,20000.0,0.4716932773590088,27.5,,0.0,-0.0183,0.3376999999999999,-1.3552999999999997,-0.4971999999999994,-0.057499999999999996,-0.1900000000000004,0.3125,1.5379000000000005,-0.0698,0.0,1.7805999999999997,1.7805999999999997,20000.0
17585,T33UWP_20000_5,S2A_MSIL2A_20230629T100031_R122_T33UWQ_20230629T191404,20,,0.0,0.0301,0.2925,93.9841,4.6106,0.8356,0.1569,0.0778,0.0122,0.0002,0.0,1000000,0,0.0,20000.000000000116,20000.0,0.5416626930236816,0.0902,,0.0,0.0,0.0,0.0,0.0,0.0,0.0,0.0,0.0,0.0,0.0,0.0,0.0,20000.0
17591,T33UWP_20000_5,S2A_MSIL2A_20230629T100031_R122_T33UWQ_20230629T191404,50,,0.0,0.031875,0.29375,94.003125,4.595,0.833125,0.150625,0.079375,0.013125,0.0,0.0,160000,0,0.0,20000.000000000116,20000.0,0.3851816654205322,0.0925,,0.0,0.0017750000000000023,0.0012500000000000289,0.01902499999999918,-0.015600000000000058,-0.002475000000000005,-0.006275000000000003,0.001575000000000007,0.0009249999999999987,-0.0002,0.0,0.0022999999999999965,0.01902499999999918,20000.0
17597,T33UWP_20000_5,S2A_MSIL2A_20230629T100031_R122_T33UWQ_20230629T191404,100,,0.0,0.0225,0.2925,93.9725,4.6425,0.8275,0.15,0.08,0.0125,0.0,0.0,40000,0,0.0,20000.000000000116,20000.0,0.36008453369140625,0.0925,,0.0,-0.007599999999999999,0.0,-0.011600000000001387,0.03190000000000026,-0.008099999999999996,-0.006900000000000017,0.0022000000000000075,0.0002999999999999999,-0.0002,0.0,0.0022999999999999965,0.03190000000000026,20000.0
17603,T33UWP_20000_5,S2A_MSIL2A_20230629T100031_R122_T33UWQ_20230629T191404,200,,0.0,0.03,0.27,94.09,4.56,0.86,0.08,0.1,0.01,0.0,0.0,10000,0,0.0,20000.000000000116,20000.0,0.3553905487060547,0.11,,0.0,-9.99999999999994e-05,-0.022499999999999964,0.10590000000000543,-0.0506000000000002,0.024399999999999977,-0.07690000000000001,0.02220000000000001,-0.0022000000000000006,-0.0002,0.0,0.019799999999999998,0.10590000000000543,20000.0
17609,T33UWP_20000_5,S2A_MSIL2A_20230629T100031_R122_T33UWQ_20230629T191404,500,,0.0,0.0,0.3125,94.125,4.6875,0.75,0.0625,0.0625,0.0,0.0,0.0,1600,0,0.0,20000.000000000116,20000.0,0.4437696933746338,0.0625,,0.0,-0.0301,0.020000000000000018,0.14090000000000202,0.07690000000000019,-0.08560000000000001,-0.09440000000000001,-0.015299999999999994,-0.0122,-0.0002,0.0,-0.027700000000000002,0.14090000000000202,20000.0
17615,T33UWP_20000_5,S2A_MSIL2A_20230629T100031_R122_T33UWQ_20230629T191404,1000,,0.0,0.0,0.0,93.0,5.5,1.0,0.0,0.5,0.0,0.0,0.0,400,0,0.0,20000.000000000116,20000.0,0.4716932773590088,0.5,,0.0,-0.0301,-0.2925,-0.984099999999998,0.8894000000000002,0.1644,-0.1569,0.4222,-0.0122,-0.0002,0.0,0.4098,0.984099999999998,20000.0
17580,T33UWP_20000_5,S2B_MSIL2A_20230604T095559_R122_T33UWQ_20230604T174401,20,,0.0,0.0,2.1891,4.5908,1.2034,0.1208,7.0547,25.1106,59.6583,0.0723,0.0,1000000,0,0.0,20000.000000000116,20000.0,0.5416626930236816,84.8412,,0.0,0.0,0.0,0.0,0.0,0.0,0.0,0.0,0.0,0.0,0.0,0.0,0.0,20000.0
17586,T33UWP_20000_5,S2B_MSIL2A_20230604T095559_R122_T33UWQ_20230604T174401,50,,0.0,0.0,2.173125,4.56625,1.2075,0.1175,7.0825,25.110625,59.67125,0.07125,0.0,160000,0,0.0,20000.000000000116,20000.0,0.3851816654205322,84.853125,,0.0,0.0,-0.01597499999999963,-0.024549999999999628,0.0040999999999999925,-0.0033000000000000113,0.02779999999999916,2.49999999972772e-05,0.01295000000000357,-0.0010500000000000093,0.0,0.01192500000000507,0.02779999999999916,20000.0
17592,T33UWP_20000_5,S2B_MSIL2A_20230604T095559_R122_T33UWQ_20230604T174401,100,,0.0,0.0,2.1725,4.62,1.2,0.1225,7.1225,24.94,59.7525,0.07,0.0,40000,0,0.0,20000.000000000116,20000.0,0.36008453369140625,84.76249999999999,,0.0,0.0,-0.016599999999999948,0.029200000000000337,-0.0034000000000000696,0.0016999999999999932,0.0677999999999992,-0.1706000000000003,0.09420000000000073,-0.0022999999999999965,0.0,-0.07870000000001198,0.07870000000001198,20000.0
17598,T33UWP_20000_5,S2B_MSIL2A_20230604T095559_R122_T33UWQ_20230604T174401,200,,0.0,0.0,2.27,4.71,1.25,0.09,7.02,25.27,59.34,0.05,0.0,10000,0,0.0,20000.000000000116,20000.0,0.3553905487060547,84.66,,0.0,0.0,0.0809000000000002,0.1192000000000002,0.046599999999999975,-0.030800000000000008,-0.03470000000000084,0.159399999999998,-0.3182999999999936,-0.0223,0.0,-0.18120000000000402,0.18120000000000402,20000.0
17604,T33UWP_20000_5,S2B_MSIL2A_20230604T095559_R122_T33UWQ_20230604T174401,500,,0.0,0.0,1.8125,4.5625,1.0625,0.0625,8.1875,24.0625,60.125,0.125,0.0,1600,0,0.0,20000.000000000116,20000.0,0.4437696933746338,84.3125,,0.0,0.0,-0.3765999999999998,-0.02829999999999977,-0.14090000000000003,-0.058300000000000005,1.1327999999999996,-1.0481000000000016,0.466700000000003,0.0527,0.0,-0.5287000000000006,1.1327999999999996,20000.0
17610,T33UWP_20000_5,S2B_MSIL2A_20230604T095559_R122_T33UWQ_20230604T174401,1000,,0.0,0.0,3.0,3.5,0.75,0.0,6.25,23.0,63.5,0.0,0.0,400,0,0.0,20000.000000000116,20000.0,0.4716932773590088,86.5,,0.0,0.0,0.8109000000000002,-1.0907999999999998,-0.4534,-0.1208,-0.8047000000000004,-2.1106000000000016,3.841700000000003,-0.0723,0.0,1.6587999999999994,1.6587999999999994,20000.0
17582,T33UWP_20000_5,S2B_MSIL2A_20230614T095559_R122_T33UWQ_20230614T142556,20,,0.0,0.025,12.4806,61.3139,5.6304,0.6759,0.4667,8.5817,10.783,0.0428,0.0,1000000,0,0.0,20000.000000000116,20000.0,0.5416626930236816,19.4075,,0.0,0.0,0.0,0.0,0.0,0.0,0.0,0.0,0.0,0.0,0.0,0.0,0.0,20000.0
17588,T33UWP_20000_5,S2B_MSIL2A_20230614T095559_R122_T33UWQ_20230614T142556,50,,0.0,0.028125,12.47125,61.37375,5.620625,0.6675,0.441875,8.580625,10.780625,0.035625,0.0,160000,0,0.0,20000.000000000116,20000.0,0.3851816654205322,19.396874999999998,,0.0,0.0031249999999999993,-0.009350000000001302,0.0598500000000044,-0.009774999999999423,-0.008399999999999963,-0.024824999999999986,-0.0010750000000001592,-0.0023749999999989058,-0.007175000000000001,0.0,-0.010625000000000995,0.0598500000000044,20000.0
17594,T33UWP_20000_5,S2B_MSIL2A_20230614T095559_R122_T33UWQ_20230614T142556,100,,0.0,0.0225,12.5075,61.5175,5.4475,0.6775,0.4775,8.56,10.7475,0.0425,0.0,40000,0,0.0,20000.000000000116,20000.0,0.36008453369140625,19.35,,0.0,-0.0025000000000000022,0.02689999999999948,0.20360000000000156,-0.18290000000000006,0.0016000000000000458,0.010799999999999976,-0.021699999999999164,-0.03549999999999898,-0.0002999999999999947,0.0,-0.05749999999999744,0.20360000000000156,20000.0
17600,T33UWP_20000_5,S2B_MSIL2A_20230614T095559_R122_T33UWQ_20230614T142556,200,,0.0,0.02,12.44,61.16,5.95,0.71,0.35,8.61,10.67,0.09,0.0,10000,0,0.0,20000.000000000116,20000.0,0.3553905487060547,19.37,,0.0,-0.005000000000000001,-0.0406000000000013,-0.15390000000000015,0.31960000000000033,0.03410000000000002,-0.11670000000000003,0.02829999999999977,-0.11299999999999955,0.0472,0.0,-0.03749999999999787,0.31960000000000033,20000.0
17606,T33UWP_20000_5,S2B_MSIL2A_20230614T095559_R122_T33UWQ_20230614T142556,500,,0.0,0.0,12.9375,61.125,4.625,0.6875,0.5,8.8125,11.25,0.0625,0.0,1600,0,0.0,20000.000000000116,20000.0,0.4437696933746338,20.125,,0.0,-0.025,0.4568999999999992,-0.18889999999999674,-1.0053999999999998,0.011600000000000055,0.033299999999999996,0.23080000000000034,0.4670000000000005,0.019700000000000002,0.0,0.7175000000000011,1.0053999999999998,20000.0
17612,T33UWP_20000_5,S2B_MSIL2A_20230614T095559_R122_T33UWQ_20230614T142556,1000,,0.0,0.0,8.75,62.5,6.5,0.75,0.0,8.75,12.75,0.0,0.0,400,0,0.0,20000.000000000116,20000.0,0.4716932773590088,21.5,,0.0,-0.025,-3.730600000000001,1.1861000000000033,0.8696000000000002,0.07410000000000005,-0.4667,0.16830000000000034,1.9670000000000005,-0.0428,0.0,2.092500000000001,3.730600000000001,20000.0
17584,T33UWP_20000_5,S2B_MSIL2A_20230624T095559_R122_T33UWQ_20230624T154230,20,,0.0,0.0,0.0,0.0,0.0,0.0,0.0,1.4773,97.9868,0.5359,0.0,1000000,0,0.0,20000.000000000116,20000.0,0.5416626930236816,100.0,,0.0,0.0,0.0,0.0,0.0,0.0,0.0,0.0,0.0,0.0,0.0,0.0,0.0,20000.0
17590,T33UWP_20000_5,S2B_MSIL2A_20230624T095559_R122_T33UWQ_20230624T154230,50,,0.0,0.0,0.0,0.0,0.0,0.0,0.0,1.4775,97.985,0.5375,0.0,160000,0,0.0,20000.000000000116,20000.0,0.3851816654205322,100.0,,0.0,0.0,0.0,0.0,0.0,0.0,0.0,0.00019999999999997797,-0.0018000000000029104,0.0015999999999999348,0.0,0.0,0.0,20000.0
17596,T33UWP_20000_5,S2B_MSIL2A_20230624T095559_R122_T33UWQ_20230624T154230,100,,0.0,0.0,0.0,0.0,0.0,0.0,0.0,1.4975,97.9625,0.54,0.0,40000,0,0.0,20000.000000000116,20000.0,0.36008453369140625,100.00000000000001,,0.0,0.0,0.0,0.0,0.0,0.0,0.0,0.020199999999999996,-0.024299999999996658,0.0040999999999999925,0.0,1.4210854715202004e-14,1.4210854715202004e-14,20000.0
17602,T33UWP_20000_5,S2B_MSIL2A_20230624T095559_R122_T33UWQ_20230624T154230,200,,0.0,0.0,0.0,0.0,0.0,0.0,0.0,1.37,98.09,0.54,0.0,10000,0,0.0,20000.000000000116,20000.0,0.3553905487060547,100.00000000000001,,0.0,0.0,0.0,0.0,0.0,0.0,0.0,-0.10729999999999995,0.10320000000000107,0.0040999999999999925,0.0,1.4210854715202004e-14,1.4210854715202004e-14,20000.0
17608,T33UWP_20000_5,S2B_MSIL2A_20230624T095559_R122_T33UWQ_20230624T154230,500,,0.0,0.0,0.0,0.0,0.0,0.0,0.0,1.5625,97.875,0.5625,0.0,1600,0,0.0,20000.000000000116,20000.0,0.4437696933746338,100.0,,0.0,0.0,0.0,0.0,0.0,0.0,0.0,0.08519999999999994,-0.11180000000000234,0.026599999999999957,0.0,0.0,0.0,20000.0
17614,T33UWP_20000_5,S2B_MSIL2A_20230624T095559_R122_T33UWQ_20230624T154230,1000,,0.0,0.0,0.0,0.0,0.0,0.0,0.0,1.0,98.75,0.25,0.0,400,0,0.0,20000.000000000116,20000.0,0.4716932773590088,100.0,,0.0,0.0,0.0,0.0,0.0,0.0,0.0,-0.47730000000000006,0.7631999999999977,-0.28590000000000004,0.0,0.0,0.0,20000.0
17617,T33UWP_20000_6,S2A_MSIL2A_20230609T100031_R122_T33UWP_20230609T173715,20,,0.0,0.0,6.8063,0.0,0.0018,0.0,0.0,26.4291,56.2787,10.4796,0.0045,1000000,0,0.0,20000.000000000175,20000.0,0.5519242286682129,93.1874,,0.0,0.0,0.0,0.0,0.0,0.0,0.0,0.0,0.0,0.0,0.0,0.0,0.0,20000.0
17623,T33UWP_20000_6,S2A_MSIL2A_20230609T100031_R122_T33UWP_20230609T173715,50,,0.0,0.0,6.804375,0.0,0.001875,0.0,0.0,26.44875,56.274375,10.464375,0.00625,160000,0,0.0,20000.000000000175,20000.0,0.3968930244445801,93.1875,,0.0,0.0,-0.0019249999999999545,0.0,7.499999999999998e-05,0.0,0.0,0.019650000000002166,-0.0043250000000014666,-0.015224999999999156,0.0017500000000000007,0.00010000000000331966,0.0019249999999999545,20000.0
17629,T33UWP_20000_6,S2A_MSIL2A_20230609T100031_R122_T33UWP_20230609T173715,100,,0.0,0.0,6.815,0.0,0.0,0.0,0.0,26.395,56.28,10.505,0.005,40000,0,0.0,20000.000000000175,20000.0,0.44128966331481934,93.17999999999999,,0.0,0.0,0.008700000000000152,0.0,-0.0018,0.0,0.0,-0.03409999999999869,0.001300000000000523,0.0254000000000012,0.0005000000000000004,-0.00740000000000407,0.008700000000000152,20000.0
17635,T33UWP_20000_6,S2A_MSIL2A_20230609T100031_R122_T33UWP_20230609T173715,200,,0.0,0.0,6.7,0.0,0.01,0.0,0.0,26.84,56.28,10.17,0.0,10000,0,0.0,20000.000000000175,20000.0,0.37335705757141113,93.29,,0.0,0.0,-0.10630000000000006,0.0,0.0082,0.0,0.0,0.4109000000000016,0.001300000000000523,-0.30959999999999965,-0.0045,0.10260000000000957,0.10630000000000006,20000.0
17641,T33UWP_20000_6,S2A_MSIL2A_20230609T100031_R122_T33UWP_20230609T173715,500,,0.0,0.0,6.8125,0.0,0.0,0.0,0.0,25.1875,57.5,10.5,0.0,1600,0,0.0,20000.000000000175,20000.0,0.33597493171691895,93.1875,,0.0,0.0,0.006199999999999761,0.0,-0.0018,0.0,0.0,-1.2415999999999983,1.2212999999999994,0.020400000000000418,-0.0045,0.00010000000000331966,0.006199999999999761,20000.0
17647,T33UWP_20000_6,S2A_MSIL2A_20230609T100031_R122_T33UWP_20230609T173715,1000,,0.0,0.0,7.75,0.0,0.0,0.0,0.0,27.25,54.25,10.75,0.0,400,0,0.0,20000.000000000175,20000.0,0.42673325538635254,92.25,,0.0,0.0,0.9436999999999998,0.0,-0.0018,0.0,0.0,0.8209000000000017,-2.0287000000000006,0.2704000000000004,-0.0045,-0.9373999999999967,0.9436999999999998,20000.0
17619,T33UWP_20000_6,S2A_MSIL2A_20230619T100031_R122_T33UWP_20230619T172742,20,,0.0,0.0,2.2221,4.7198,0.0847,0.0006,0.1871,11.0612,73.8681,7.8564,0.0,1000000,0,0.0,20000.000000000175,20000.0,0.5519242286682129,92.78569999999999,,0.0,0.0,0.0,0.0,0.0,0.0,0.0,0.0,0.0,0.0,0.0,0.0,0.0,20000.0
17625,T33UWP_20000_6,S2A_MSIL2A_20230619T100031_R122_T33UWP_20230619T172742,50,,0.0,0.0,2.22625,4.716875,0.085625,0.000625,0.178125,11.025625,73.89875,7.868125,0.0,160000,0,0.0,20000.000000000175,20000.0,0.3968930244445801,92.79250000000002,,0.0,0.0,0.004149999999999654,-0.0029250000000002885,0.0009250000000000091,2.5000000000000066e-05,-0.008974999999999983,-0.03557499999999969,0.030650000000008504,0.011725000000000207,0.0,0.006800000000026785,0.008974999999999983,20000.0
17631,T33UWP_20000_6,S2A_MSIL2A_20230619T100031_R122_T33UWP_20230619T172742,100,,0.0,0.0,2.205,4.7125,0.0775,0.0025,0.1925,11.07,73.8375,7.9025,0.0,40000,0,0.0,20000.000000000175,20000.0,0.44128966331481934,92.81,,0.0,0.0,-0.017100000000000115,-0.007299999999999862,-0.007199999999999998,0.0019000000000000002,0.005400000000000016,0.008800000000000807,-0.030599999999992633,0.04610000000000003,0.0,0.02430000000001087,0.02430000000001087,20000.0
17637,T33UWP_20000_6,S2A_MSIL2A_20230619T100031_R122_T33UWP_20230619T172742,200,,0.0,0.0,2.25,4.88,0.06,0.0,0.19,11.34,73.36,7.92,0.0,10000,0,0.0,20000.000000000175,20000.0,0.37335705757141113,92.62,,0.0,0.0,0.027899999999999814,0.16019999999999968,-0.0247,-0.0006,0.0029000000000000137,0.2788000000000004,-0.5080999999999989,0.0636000000000001,0.0,-0.16569999999998686,0.16569999999998686,20000.0
17643,T33UWP_20000_6,S2A_MSIL2A_20230619T100031_R122_T33UWP_20230619T172742,500,,0.0,0.0,2.4375,4.8125,0.0,0.0,0.1875,11.875,72.375,8.3125,0.0,1600,0,0.0,20000.000000000175,20000.0,0.33597493171691895,92.5625,,0.0,0.0,0.2153999999999998,0.09269999999999978,-0.0847,-0.0006,0.00040000000000001146,0.8138000000000005,-1.4930999999999983,0.45610000000000017,0.0,-0.2231999999999914,0.2231999999999914,20000.0
17649,T33UWP_20000_6,S2A_MSIL2A_20230619T100031_R122_T33UWP_20230619T172742,1000,,0.0,0.0,1.5,6.25,0.25,0.0,0.0,13.5,71.25,7.25,0.0,400,0,0.0,20000.000000000175,20000.0,0.42673325538635254,92.0,,0.0,0.0,-0.7221000000000002,1.5301999999999998,0.1653,-0.0006,-0.1871,2.4388000000000005,-2.6180999999999983,-0.6063999999999998,0.0,-0.7856999999999914,1.5301999999999998,20000.0
17621,T33UWP_20000_6,S2A_MSIL2A_20230629T100031_R122_T33UWP_20230629T191411,20,,0.0,0.0256000256000256,12.04891204891205,73.81567381567382,0.7234007234007234,0.0173000173000173,0.4556004556004556,8.24920824920825,4.632504632504633,0.0318000318000318,0.0,1000000,1,0.0001,20000.000000000175,20000.0,0.5519242286682129,12.913512913512914,,0.0,0.0,0.0,0.0,0.0,0.0,0.0,0.0,0.0,0.0,0.0,0.0,0.0,20000.0
17627,T33UWP_20000_6,S2A_MSIL2A_20230629T100031_R122_T33UWP_20230629T191411,50,,0.0,0.023125,12.05125,73.8075,0.7275,0.016875,0.465625,8.255,4.619375,0.03375,0.0,160000,0,0.0,20000.000000000175,20000.0,0.3968930244445801,12.908125,,0.0,-0.002475025600025601,0.0023379510879504295,-0.008173815673814033,0.004099276599276669,-0.00042501730001729895,0.010024544399544422,0.0057917507917508715,-0.013129632504632838,0.001949968199968205,0.0,-0.005387913512914011,0.010024544399544422,20000.0
17633,T33UWP_20000_6,S2A_MSIL2A_20230629T100031_R122_T33UWP_20230629T191411,100,,0.0,0.0275,12.0,73.825,0.765,0.0175,0.465,8.225,4.645,0.03,0.0,40000,0,0.0,20000.000000000175,20000.0,0.44128966331481934,12.899999999999999,,0.0,0.0018999743999743995,-0.048912048912049144,0.009326184326184261,0.04159927659927665,0.0001999826999827016,0.009399544399544435,-0.024208249208250265,0.012495367495366949,-0.0018000318000317983,0.0,-0.013512913512915503,0.048912048912049144,20000.0
17639,T33UWP_20000_6,S2A_MSIL2A_20230629T100031_R122_T33UWP_20230629T191411,200,,0.0,0.03,12.24,73.61,0.67,0.0,0.46,8.25,4.68,0.06,0.0,10000,0,0.0,20000.000000000175,20000.0,0.37335705757141113,12.99,,0.0,0.004399974399974398,0.19108795108795107,-0.20567381567381915,-0.05340072340072333,-0.0173000173000173,0.0043995443995444306,0.0007917507917500899,0.04749536749536709,0.0281999681999682,0.0,0.07648708648708613,0.20567381567381915,20000.0
17645,T33UWP_20000_6,S2A_MSIL2A_20230629T100031_R122_T33UWP_20230629T191411,500,,0.0,0.0625,12.375,73.375,0.75,0.0,0.625,8.5625,4.25,0.0,0.0,1600,0,0.0,20000.000000000175,20000.0,0.33597493171691895,12.8125,,0.0,0.0368999743999744,0.32608795108795086,-0.4406738156738186,0.026599276599276633,-0.0173000173000173,0.1693995443995444,0.3132917507917501,-0.3825046325046326,-0.0318000318000318,0.0,-0.10101291351291408,0.4406738156738186,20000.0
17651,T33UWP_20000_6,S2A_MSIL2A_20230629T100031_R122_T33UWP_20230629T191411,1000,,0.0,0.25,12.5,72.5,0.5,0.0,0.25,9.0,5.0,0.0,0.0,400,0,0.0,20000.000000000175,20000.0,0.42673325538635254,14.0,,0.0,0.2243999743999744,0.45108795108795086,-1.3156738156738186,-0.22340072340072337,-0.0173000173000173,-0.2056004556004556,0.7507917507917501,0.3674953674953674,-0.0318000318000318,0.0,1.086487086487086,1.3156738156738186,20000.0
17616,T33UWP_20000_6,S2B_MSIL2A_20230604T095559_R122_T33UWP_20230604T174403,20,,0.0,0.0,0.0,0.0,0.0,0.0,0.0,18.7378,80.9325,0.3297,0.0,1000000,0,0.0,20000.000000000175,20000.0,0.5519242286682129,100.0,,0.0,0.0,0.0,0.0,0.0,0.0,0.0,0.0,0.0,0.0,0.0,0.0,0.0,20000.0
17622,T33UWP_20000_6,S2B_MSIL2A_20230604T095559_R122_T33UWP_20230604T174403,50,,0.0,0.0,0.0,0.0,0.0,0.0,0.0,18.7275,80.944375,0.328125,0.0,160000,0,0.0,20000.000000000175,20000.0,0.3968930244445801,100.0,,0.0,0.0,0.0,0.0,0.0,0.0,0.0,-0.010300000000000864,0.0118749999999892,-0.001574999999999993,0.0,0.0,0.0,20000.0
17628,T33UWP_20000_6,S2B_MSIL2A_20230604T095559_R122_T33UWP_20230604T174403,100,,0.0,0.0,0.0,0.0,0.0,0.0,0.0,18.7475,80.9425,0.31,0.0,40000,0,0.0,20000.000000000175,20000.0,0.44128966331481934,100.0,,0.0,0.0,0.0,0.0,0.0,0.0,0.0,0.00969999999999871,0.009999999999990905,-0.019699999999999995,0.0,0.0,0.0,20000.0
17634,T33UWP_20000_6,S2B_MSIL2A_20230604T095559_R122_T33UWP_20230604T174403,200,,0.0,0.0,0.0,0.0,0.0,0.0,0.0,19.06,80.66,0.28,0.0,10000,0,0.0,20000.000000000175,20000.0,0.37335705757141113,100.0,,0.0,0.0,0.0,0.0,0.0,0.0,0.0,0.3221999999999987,-0.27250000000000796,-0.049699999999999966,0.0,0.0,0.0,20000.0
17640,T33UWP_20000_6,S2B_MSIL2A_20230604T095559_R122_T33UWP_20230604T174403,500,,0.0,0.0,0.0,0.0,0.0,0.0,0.0,19.5625,80.125,0.3125,0.0,1600,0,0.0,20000.000000000175,20000.0,0.33597493171691895,100.0,,0.0,0.0,0.0,0.0,0.0,0.0,0.0,0.8247,-0.8075000000000045,-0.017199999999999993,0.0,0.0,0.0,20000.0
17646,T33UWP_20000_6,S2B_MSIL2A_20230604T095559_R122_T33UWP_20230604T174403,1000,,0.0,0.0,0.0,0.0,0.0,0.0,0.0,17.5,82.0,0.5,0.0,400,0,0.0,20000.000000000175,20000.0,0.42673325538635254,100.0,,0.0,0.0,0.0,0.0,0.0,0.0,0.0,-1.2378,1.0674999999999955,0.1703,0.0,0.0,0.0,20000.0
17618,T33UWP_20000_6,S2B_MSIL2A_20230614T095559_R122_T33UWP_20230614T142248,20,,0.0,0.0071,11.823,16.9087,0.3955,0.0061,1.2077,23.5429,45.1803,0.9287,0.0,1000000,0,0.0,20000.000000000175,20000.0,0.5519242286682129,69.65190000000001,,0.0,0.0,0.0,0.0,0.0,0.0,0.0,0.0,0.0,0.0,0.0,0.0,0.0,20000.0
17624,T33UWP_20000_6,S2B_MSIL2A_20230614T095559_R122_T33UWP_20230614T142248,50,,0.0,0.006875,11.808125,16.908125,0.395625,0.005625,1.206875,23.57,45.174375,0.924375,0.0,160000,0,0.0,20000.000000000175,20000.0,0.3968930244445801,69.66874999999999,,0.0,-0.00022500000000000037,-0.014874999999999972,-0.0005750000000013245,0.00012499999999998623,-0.0004750000000000006,-0.0008250000000000757,0.02710000000000079,-0.005925000000004843,-0.004325000000000023,0.0,0.016849999999976717,0.016849999999976717,20000.0
17630,T33UWP_20000_6,S2B_MSIL2A_20230614T095559_R122_T33UWP_20230614T142248,100,,0.0,0.0075,11.8125,16.91,0.375,0.0075,1.1825,23.6425,45.14,0.9225,0.0,40000,0,0.0,20000.000000000175,20000.0,0.44128966331481934,69.705,,0.0,0.0003999999999999993,-0.010500000000000398,0.001300000000000523,-0.020500000000000018,0.0013999999999999993,-0.02519999999999989,0.0995999999999988,-0.040300000000002,-0.006199999999999983,0.0,0.05309999999998638,0.05309999999998638,20000.0
17636,T33UWP_20000_6,S2B_MSIL2A_20230614T095559_R122_T33UWP_20230614T142248,200,,0.0,0.0,11.86,16.72,0.37,0.0,1.23,23.88,44.85,1.09,0.0,10000,0,0.0,20000.000000000175,20000.0,0.37335705757141113,69.82000000000001,,0.0,-0.0071,0.036999999999999034,-0.18870000000000076,-0.025500000000000023,-0.0061,0.022299999999999986,0.3370999999999995,-0.33030000000000115,0.1613000000000001,0.0,0.16809999999999548,0.18870000000000076,20000.0
17642,T33UWP_20000_6,S2B_MSIL2A_20230614T095559_R122_T33UWP_20230614T142248,500,,0.0,0.0625,10.9375,17.0625,0.625,0.0,1.25,23.0,45.875,1.1875,0.0,1600,0,0.0,20000.000000000175,20000.0,0.33597493171691895,70.0625,,0.0,0.0554,-0.8855000000000004,0.15380000000000038,0.22949999999999998,-0.0061,0.042300000000000004,-0.5428999999999995,0.6946999999999974,0.25880000000000003,0.0,0.4105999999999881,0.8855000000000004,20000.0
17648,T33UWP_20000_6,S2B_MSIL2A_20230614T095559_R122_T33UWP_20230614T142248,1000,,0.0,0.0,11.0,14.75,0.25,0.0,1.5,26.5,44.5,1.5,0.0,400,0,0.0,20000.000000000175,20000.0,0.42673325538635254,72.5,,0.0,-0.0071,-0.8230000000000004,-2.1586999999999996,-0.14550000000000002,-0.0061,0.2923,2.9571000000000005,-0.6803000000000026,0.5713,0.0,2.848099999999988,2.848099999999988,20000.0
17620,T33UWP_20000_6,S2B_MSIL2A_20230624T095559_R122_T33UWP_20230624T142946,20,,0.0,0.0,0.0,0.0,0.0,0.0,0.0,0.2862,99.7138,0.0,0.0,1000000,0,0.0,20000.000000000175,20000.0,0.5519242286682129,100.0,,0.0,0.0,0.0,0.0,0.0,0.0,0.0,0.0,0.0,0.0,0.0,0.0,0.0,20000.0
17626,T33UWP_20000_6,S2B_MSIL2A_20230624T095559_R122_T33UWP_20230624T142946,50,,0.0,0.0,0.0,0.0,0.0,0.0,0.0,0.293125,99.706875,0.0,0.0,160000,0,0.0,20000.000000000175,20000.0,0.3968930244445801,100.0,,0.0,0.0,0.0,0.0,0.0,0.0,0.0,0.0069250000000000145,-0.006925000000009618,0.0,0.0,0.0,0.0,20000.0
17632,T33UWP_20000_6,S2B_MSIL2A_20230624T095559_R122_T33UWP_20230624T142946,100,,0.0,0.0,0.0,0.0,0.0,0.0,0.0,0.2775,99.7225,0.0,0.0,40000,0,0.0,20000.000000000175,20000.0,0.44128966331481934,100.0,,0.0,0.0,0.0,0.0,0.0,0.0,0.0,-0.008699999999999986,0.008699999999990382,0.0,0.0,0.0,0.0,20000.0
17638,T33UWP_20000_6,S2B_MSIL2A_20230624T095559_R122_T33UWP_20230624T142946,200,,0.0,0.0,0.0,0.0,0.0,0.0,0.0,0.29,99.71,0.0,0.0,10000,0,0.0,20000.000000000175,20000.0,0.37335705757141113,100.0,,0.0,0.0,0.0,0.0,0.0,0.0,0.0,0.00379999999999997,-0.00380000000001246,0.0,0.0,0.0,0.0,20000.0
17644,T33UWP_20000_6,S2B_MSIL2A_20230624T095559_R122_T33UWP_20230624T142946,500,,0.0,0.0,0.0,0.0,0.0,0.0,0.0,0.1875,99.8125,0.0,0.0,1600,0,0.0,20000.000000000175,20000.0,0.33597493171691895,100.0,,0.0,0.0,0.0,0.0,0.0,0.0,0.0,-0.09870000000000001,0.09869999999999379,0.0,0.0,0.0,0.0,20000.0
17650,T33UWP_20000_6,S2B_MSIL2A_20230624T095559_R122_T33UWP_20230624T142946,1000,,0.0,0.0,0.0,0.0,0.0,0.0,0.0,0.0,100.0,0.0,0.0,400,0,0.0,20000.000000000175,20000.0,0.42673325538635254,100.0,,0.0,0.0,0.0,0.0,0.0,0.0,0.0,-0.2862,0.2861999999999938,0.0,0.0,0.0,0.0,20000.0
17653,T33UWP_20000_7,S2A_MSIL2A_20230609T100031_R122_T33UWP_20230609T173715,20,,0.0,0.0,6.4778,0.0,0.0029,0.0,0.0024,17.2223,76.2079,0.0867,0.0,1000000,0,0.0,20000.000000000116,20000.000000001863,0.4942610263824463,93.51689999999999,,0.0,0.0,0.0,0.0,0.0,0.0,0.0,0.0,0.0,0.0,0.0,0.0,0.0,20000.0
17659,T33UWP_20000_7,S2A_MSIL2A_20230609T100031_R122_T33UWP_20230609T173715,50,,0.0,0.0,6.466875,0.0,0.003125,0.0,0.00375,17.239375,76.203125,0.08375,0.0,160000,0,0.0,20000.000000000116,20000.000000001863,0.3954288959503174,93.52624999999999,,0.0,0.0,-0.010925000000000296,0.0,0.00022500000000000037,0.0,0.00135,0.017074999999998397,-0.004774999999995089,-0.0029499999999999943,0.0,0.009349999999997749,0.010925000000000296,20000.0
17665,T33UWP_20000_7,S2A_MSIL2A_20230609T100031_R122_T33UWP_20230609T173715,100,,0.0,0.0,6.45,0.0,0.0,0.0,0.0025,17.185,76.275,0.0875,0.0,40000,0,0.0,20000.000000000116,20000.000000001863,0.3921537399291992,93.54750000000001,,0.0,0.0,-0.027800000000000047,0.0,-0.0029,0.0,0.00010000000000000026,-0.03730000000000189,0.0671000000000106,0.0007999999999999952,0.0,0.030600000000021055,0.030600000000021055,20000.0
17671,T33UWP_20000_7,S2A_MSIL2A_20230609T100031_R122_T33UWP_20230609T173715,200,,0.0,0.0,6.36,0.0,0.01,0.0,0.01,17.4,76.15,0.07,0.0,10000,0,0.0,20000.000000000116,20000.000000001863,0.4217720031738281,93.62,,0.0,0.0,-0.1177999999999999,0.0,0.0071,0.0,0.007600000000000001,0.17769999999999797,-0.057899999999989404,-0.016699999999999993,0.0,0.10310000000001196,0.1177999999999999,20000.0
17677,T33UWP_20000_7,S2A_MSIL2A_20230609T100031_R122_T33UWP_20230609T173715,500,,0.0,0.0,6.25,0.0,0.0,0.0,0.0,16.375,77.3125,0.0625,0.0,1600,0,0.0,20000.000000000116,20000.000000001863,0.42514657974243164,93.75,,0.0,0.0,-0.22780000000000022,0.0,-0.0029,0.0,-0.0024,-0.8473000000000006,1.104600000000005,-0.0242,0.0,0.2331000000000074,0.2331000000000074,20000.0
17683,T33UWP_20000_7,S2A_MSIL2A_20230609T100031_R122_T33UWP_20230609T173715,1000,,0.0,0.0,5.5,0.0,0.0,0.0,0.0,18.25,76.25,0.0,0.0,400,0,0.0,20000.000000000116,20000.000000001863,0.3860456943511963,94.5,,0.0,0.0,-0.9778000000000002,0.0,-0.0029,0.0,-0.0024,1.0276999999999994,0.04210000000000491,-0.0867,0.0,0.9831000000000074,0.9831000000000074,20000.0
17655,T33UWP_20000_7,S2A_MSIL2A_20230619T100031_R122_T33UWP_20230619T172742,20,,0.0,0.0044,5.3121,15.0812,6.1471,0.0024,1.0488,9.2997,55.9172,7.1871,0.0,1000000,0,0.0,20000.000000000116,20000.000000001863,0.4942610263824463,72.404,,0.0,0.0,0.0,0.0,0.0,0.0,0.0,0.0,0.0,0.0,0.0,0.0,0.0,20000.0
17661,T33UWP_20000_7,S2A_MSIL2A_20230619T100031_R122_T33UWP_20230619T172742,50,,0.0,0.005,5.3125,15.0475,6.180625,0.003125,1.046875,9.305,55.89875,7.200625,0.0,160000,0,0.0,20000.000000000116,20000.000000001863,0.3954288959503174,72.404375,,0.0,0.0005999999999999998,0.00039999999999995595,-0.033700000000001396,0.03352500000000003,0.0007250000000000004,-0.0019249999999999545,0.005300000000000082,-0.01845000000000141,0.013524999999999565,0.0,0.0003750000000053433,0.033700000000001396,20000.0
17667,T33UWP_20000_7,S2A_MSIL2A_20230619T100031_R122_T33UWP_20230619T172742,100,,0.0,0.005,5.3025,15.06,6.16,0.005,1.085,9.245,55.99,7.1475,0.0,40000,0,0.0,20000.000000000116,20000.000000001863,0.3921537399291992,72.3825,,0.0,0.0005999999999999998,-0.009599999999999831,-0.02120000000000033,0.012900000000000134,0.0026000000000000003,0.03620000000000001,-0.054700000000000415,0.07280000000000086,-0.03960000000000008,0.0,-0.021500000000003183,0.03620000000000001,20000.0
17673,T33UWP_20000_7,S2A_MSIL2A_20230619T100031_R122_T33UWP_20230619T172742,200,,0.0,0.0,5.3,15.16,6.06,0.0,1.01,9.28,56.13,7.06,0.0,10000,0,0.0,20000.000000000116,20000.000000001863,0.4217720031738281,72.47,,0.0,-0.0044,-0.012100000000000222,0.07879999999999932,-0.0871000000000004,-0.0024,-0.038799999999999946,-0.019700000000000273,0.21280000000000143,-0.12710000000000043,0.0,0.0660000000000025,0.0871000000000004,20000.0
17679,T33UWP_20000_7,S2A_MSIL2A_20230619T100031_R122_T33UWP_20230619T172742,500,,0.0,0.0,4.9375,14.3125,5.6875,0.0,0.9375,9.0,58.625,6.5,0.0,1600,0,0.0,20000.000000000116,20000.000000001863,0.42514657974243164,74.125,,0.0,-0.0044,-0.37460000000000004,-0.7687000000000008,-0.4596,-0.0024,-0.11129999999999995,-0.29969999999999963,2.707799999999999,-0.6871,0.0,1.7210000000000036,1.7210000000000036,20000.0
17685,T33UWP_20000_7,S2A_MSIL2A_20230619T100031_R122_T33UWP_20230619T172742,1000,,0.0,0.0,5.75,13.5,5.5,0.0,0.75,9.0,57.75,7.75,0.0,400,0,0.0,20000.000000000116,20000.000000001863,0.3860456943511963,74.5,,0.0,-0.0044,0.43789999999999996,-1.5812000000000008,-0.6471,-0.0024,-0.29879999999999995,-0.29969999999999963,1.8327999999999989,0.5629,0.0,2.0960000000000036,2.0960000000000036,20000.0
17657,T33UWP_20000_7,S2A_MSIL2A_20230629T100031_R122_T33UWP_20230629T191411,20,,0.0,0.0118,1.7972,88.3536,8.6862,0.0061,0.0659,0.7604,0.3147,0.0041,0.0,1000000,0,0.0,20000.000000000116,20000.000000001863,0.4942610263824463,1.0792,,0.0,0.0,0.0,0.0,0.0,0.0,0.0,0.0,0.0,0.0,0.0,0.0,0.0,20000.0
17663,T33UWP_20000_7,S2A_MSIL2A_20230629T100031_R122_T33UWP_20230629T191411,50,,0.0,0.010625,1.794375,88.35,8.693125,0.00625,0.060625,0.77125,0.310625,0.003125,0.0,160000,0,0.0,20000.000000000116,20000.000000001863,0.3954288959503174,1.085,,0.0,-0.001174999999999999,-0.0028249999999998554,-0.0036000000000058208,0.006925000000000736,0.00014999999999999996,-0.005275000000000002,0.010850000000000026,-0.004074999999999995,-0.0009750000000000002,0.0,0.005800000000000027,0.006925000000000736,20000.0
17669,T33UWP_20000_7,S2A_MSIL2A_20230629T100031_R122_T33UWP_20230629T191411,100,,0.0,0.0125,1.7925,88.435,8.5925,0.01,0.0875,0.765,0.3,0.005,0.0,40000,0,0.0,20000.000000000116,20000.000000001863,0.3921537399291992,1.0699999999999998,,0.0,0.000700000000000001,-0.0046999999999999265,0.08140000000000214,-0.09370000000000012,0.0039,0.021599999999999994,0.0046000000000000485,-0.01469999999999999,0.0008999999999999998,0.0,-0.009200000000000097,0.09370000000000012,20000.0
17675,T33UWP_20000_7,S2A_MSIL2A_20230629T100031_R122_T33UWP_20230629T191411,200,,0.0,0.02,1.82,88.2,8.76,0.01,0.12,0.71,0.34,0.02,0.0,10000,0,0.0,20000.000000000116,20000.000000001863,0.4217720031738281,1.07,,0.0,0.0082,0.022800000000000153,-0.1535999999999973,0.07380000000000031,0.0039,0.054099999999999995,-0.0504,0.025300000000000045,0.0159,0.0,-0.009199999999999875,0.1535999999999973,20000.0
17681,T33UWP_20000_7,S2A_MSIL2A_20230629T100031_R122_T33UWP_20230629T191411,500,,0.0,0.0,2.0625,87.5625,9.125,0.0,0.125,0.6875,0.4375,0.0,0.0,1600,0,0.0,20000.000000000116,20000.000000001863,0.42514657974243164,1.125,,0.0,-0.0118,0.2653000000000001,-0.7911000000000001,0.4388000000000005,-0.0061,0.0591,-0.07289999999999996,0.12280000000000002,-0.0041,0.0,0.04580000000000006,0.7911000000000001,20000.0
17687,T33UWP_20000_7,S2A_MSIL2A_20230629T100031_R122_T33UWP_20230629T191411,1000,,0.0,0.0,2.25,86.25,10.0,0.0,0.25,1.0,0.25,0.0,0.0,400,0,0.0,20000.000000000116,20000.000000001863,0.3860456943511963,1.25,,0.0,-0.0118,0.4528000000000001,-2.1036,1.3138000000000005,-0.0061,0.18409999999999999,0.23960000000000004,-0.06469999999999998,-0.0041,0.0,0.17080000000000006,2.1036,20000.0
17652,T33UWP_20000_7,S2B_MSIL2A_20230604T095559_R122_T33UWP_20230604T174403,20,,0.0,0.0001,0.5107,0.2577,0.2127,0.0,0.7249,11.7259,85.1858,1.3822,0.0,1000000,0,0.0,20000.000000000116,20000.000000001863,0.4942610263824463,98.2939,,0.0,0.0,0.0,0.0,0.0,0.0,0.0,0.0,0.0,0.0,0.0,0.0,0.0,20000.0
17658,T33UWP_20000_7,S2B_MSIL2A_20230604T095559_R122_T33UWP_20230604T174403,50,,0.0,0.0,0.5125,0.26,0.209375,0.0,0.711875,11.76875,85.161875,1.375625,0.0,160000,0,0.0,20000.000000000116,20000.000000001863,0.3954288959503174,98.30624999999999,,0.0,-0.0001,0.0017999999999999128,0.0023000000000000242,-0.0033249999999999946,0.0,-0.013024999999999953,0.04285000000000139,-0.023925000000005525,-0.0065749999999999975,0.0,0.012349999999997863,0.013024999999999953,20000.0
17664,T33UWP_20000_7,S2B_MSIL2A_20230604T095559_R122_T33UWP_20230604T174403,100,,0.0,0.0,0.53,0.25,0.2025,0.0,0.7225,11.6875,85.2,1.4075,0.0,40000,0,0.0,20000.000000000116,20000.000000001863,0.3921537399291992,98.295,,0.0,-0.0001,0.019299999999999984,-0.007699999999999985,-0.010199999999999987,0.0,-0.0023999999999999577,-0.038399999999999324,0.014200000000002433,0.025299999999999878,0.0,0.0011000000000080945,0.019299999999999984,20000.0
17670,T33UWP_20000_7,S2B_MSIL2A_20230604T095559_R122_T33UWP_20230604T174403,200,,0.0,0.0,0.47,0.19,0.24,0.0,0.82,11.61,85.28,1.39,0.0,10000,0,0.0,20000.000000000116,20000.000000001863,0.4217720031738281,98.28,,0.0,-0.0001,-0.04070000000000007,-0.06769999999999998,0.02729999999999999,0.0,0.09509999999999996,-0.11589999999999989,0.09420000000000073,0.007799999999999807,0.0,-0.013899999999992474,0.09509999999999996,20000.0
17676,T33UWP_20000_7,S2B_MSIL2A_20230604T095559_R122_T33UWP_20230604T174403,500,,0.0,0.0,0.5,0.0625,0.0625,0.0,0.3125,11.375,86.5,1.1875,0.0,1600,0,0.0,20000.000000000116,20000.000000001863,0.42514657974243164,99.0625,,0.0,-0.0001,-0.010700000000000043,-0.19519999999999998,-0.1502,0.0,-0.4124,-0.3508999999999993,1.3141999999999996,-0.1947000000000001,0.0,0.7686000000000064,0.7686000000000064,20000.0
17682,T33UWP_20000_7,S2B_MSIL2A_20230604T095559_R122_T33UWP_20230604T174403,1000,,0.0,0.0,0.25,0.0,0.0,0.0,0.75,12.0,85.5,1.5,0.0,400,0,0.0,20000.000000000116,20000.000000001863,0.3860456943511963,99.0,,0.0,-0.0001,-0.26070000000000004,-0.2577,-0.2127,0.0,0.02510000000000001,0.2741000000000007,0.3141999999999996,0.1177999999999999,0.0,0.7061000000000064,0.7061000000000064,20000.0
17654,T33UWP_20000_7,S2B_MSIL2A_20230614T095559_R122_T33UWP_20230614T142248,20,,0.0,0.0175000175000175,9.979009979009978,54.60775460775461,10.63971063971064,0.0048000048000048,0.9382009382009382,11.402811402811404,11.831811831811832,0.5784005784005783,0.0,1000000,1,0.0001,20000.000000000116,20000.000000001863,0.4942610263824463,23.813023813023815,,0.0,0.0,0.0,0.0,0.0,0.0,0.0,0.0,0.0,0.0,0.0,0.0,0.0,20000.0
17660,T33UWP_20000_7,S2B_MSIL2A_20230614T095559_R122_T33UWP_20230614T142248,50,,0.0,0.013750085938037112,9.996312476952982,54.559090994318716,10.65319158244739,0.006250039062744142,0.9550059687873049,11.396946230913944,11.85382408640054,0.5656285351783449,0.0,160000,1,0.000625,20000.000000000116,20000.000000001863,0.3954288959503174,23.816398852492828,,0.0,-0.0037499315619803873,0.017302497943003203,-0.04866361343589176,0.013480942736750379,0.0014500342627393418,0.01680503058636673,-0.005865171897459831,0.02201225458870759,-0.012772043222233465,0.0,0.0033750394690130747,0.04866361343589176,20000.0
17666,T33UWP_20000_7,S2B_MSIL2A_20230614T095559_R122_T33UWP_20230614T142248,100,,0.0,0.015,10.0325,54.685,10.465,0.0075,1.02,11.355,11.855,0.565,0.0,40000,0,0.0,20000.000000000116,20000.000000001863,0.3921537399291992,23.775000000000002,,0.0,-0.0025000175000175,0.0534900209900222,0.07724539224539484,-0.17471063971063927,0.0026999951999951994,0.08179906179906182,-0.04781140281140317,0.02318816818816849,-0.0134005784005784,0.0,-0.038023813023812636,0.17471063971063927,20000.0
17672,T33UWP_20000_7,S2B_MSIL2A_20230614T095559_R122_T33UWP_20230614T142248,200,,0.0,0.03,9.78,54.45,10.87,0.0,0.91,11.47,11.88,0.61,0.0,10000,0,0.0,20000.000000000116,20000.000000001863,0.4217720031738281,23.96,,0.0,0.0124999824999825,-0.19900997900997908,-0.1577546077546046,0.2302893602893601,-0.0048000048000048,-0.028200938200938164,0.06718859718859704,0.048188168188168845,0.03159942159942164,0.0,0.14697618697618609,0.2302893602893601,20000.0
17678,T33UWP_20000_7,S2B_MSIL2A_20230614T095559_R122_T33UWP_20230614T142248,500,,0.0,0.0,10.75,53.6875,9.4375,0.0,0.875,13.0625,11.75,0.4375,0.0,1600,0,0.0,20000.000000000116,20000.000000001863,0.42514657974243164,25.25,,0.0,-0.0175000175000175,0.7709900209900216,-0.9202546077546074,-1.2022106397106391,-0.0048000048000048,-0.0632009382009382,1.6596885971885964,-0.08181183181183194,-0.14090057840057835,0.0,1.4369761869761852,1.4369761869761852,20000.0
17684,T33UWP_20000_7,S2B_MSIL2A_20230614T095559_R122_T33UWP_20230614T142248,1000,,0.0,0.0,9.0,56.0,9.0,0.0,1.0,12.5,12.0,0.5,0.0,400,0,0.0,20000.000000000116,20000.000000001863,0.3860456943511963,25.0,,0.0,-0.0175000175000175,-0.9790099790099784,1.3922453922453926,-1.6397106397106391,-0.0048000048000048,0.061799061799061805,1.0971885971885964,0.16818816818816806,-0.07840057840057835,0.0,1.1869761869761852,1.6397106397106391,20000.0
17656,T33UWP_20000_7,S2B_MSIL2A_20230624T095559_R122_T33UWP_20230624T142946,20,,0.0,0.0,1.2123,0.0,0.0055,0.0,0.0,9.7698,88.2377,0.7737,0.001,1000000,0,0.0,20000.000000000116,20000.000000001863,0.4942610263824463,98.78120000000001,,0.0,0.0,0.0,0.0,0.0,0.0,0.0,0.0,0.0,0.0,0.0,0.0,0.0,20000.0
17662,T33UWP_20000_7,S2B_MSIL2A_20230624T095559_R122_T33UWP_20230624T142946,50,,0.0,0.0,1.211875,0.0,0.00875,0.0,0.0,9.7525,88.244375,0.780625,0.001875,160000,0,0.0,20000.000000000116,20000.000000001863,0.3954288959503174,98.7775,,0.0,0.0,-0.0004249999999998977,0.0,0.003250000000000001,0.0,0.0,-0.017300000000000537,0.006675000000001319,0.006924999999999959,0.0008749999999999999,-0.0037000000000091404,0.0037000000000091404,20000.0
17668,T33UWP_20000_7,S2B_MSIL2A_20230624T095559_R122_T33UWP_20230624T142946,100,,0.0,0.0,1.19,0.0,0.005,0.0,0.0,9.77,88.2675,0.765,0.0025,40000,0,0.0,20000.000000000116,20000.000000001863,0.3921537399291992,98.8025,,0.0,0.0,-0.022299999999999986,0.0,-0.0004999999999999996,0.0,0.0,0.00019999999999953388,0.029799999999994498,-0.008700000000000041,0.0015,0.021299999999982333,0.022299999999999986,20000.0
17674,T33UWP_20000_7,S2B_MSIL2A_20230624T095559_R122_T33UWP_20230624T142946,200,,0.0,0.0,1.16,0.0,0.0,0.0,0.0,9.27,88.73,0.84,0.0,10000,0,0.0,20000.000000000116,20000.000000001863,0.4217720031738281,98.84,,0.0,0.0,-0.05230000000000001,0.0,-0.0055,0.0,0.0,-0.49980000000000047,0.4923000000000002,0.06629999999999991,-0.001,0.05879999999999086,0.05879999999999086,20000.0
17680,T33UWP_20000_7,S2B_MSIL2A_20230624T095559_R122_T33UWP_20230624T142946,500,,0.0,0.0,1.25,0.0,0.0625,0.0,0.0,10.375,87.4375,0.875,0.0,1600,0,0.0,20000.000000000116,20000.000000001863,0.42514657974243164,98.6875,,0.0,0.0,0.03770000000000007,0.0,0.057,0.0,0.0,0.6052,-0.8002000000000038,0.10129999999999995,-0.001,-0.09370000000001255,0.09370000000001255,20000.0
17686,T33UWP_20000_7,S2B_MSIL2A_20230624T095559_R122_T33UWP_20230624T142946,1000,,0.0,0.0,1.75,0.0,0.0,0.0,0.0,10.25,87.5,0.5,0.0,400,0,0.0,20000.000000000116,20000.000000001863,0.3860456943511963,98.25,,0.0,0.0,0.5377000000000001,0.0,-0.0055,0.0,0.0,0.48019999999999996,-0.7377000000000038,-0.27370000000000005,-0.001,-0.5312000000000126,0.5377000000000001,20000.0
17689,T33UWP_20000_8,S2A_MSIL2A_20230609T100031_R122_T33UWP_20230609T173715,20,,0.0,0.0,7.8053,0.0738,0.084,0.0202,0.0666,23.6228,66.1036,2.2237,0.0,1000000,0,0.0,19999.999999999825,20000.0,0.5335698127746582,91.95009999999999,,0.0,0.0,0.0,0.0,0.0,0.0,0.0,0.0,0.0,0.0,0.0,0.0,0.0,20000.0
17695,T33UWP_20000_8,S2A_MSIL2A_20230609T100031_R122_T33UWP_20230609T173715,50,,0.0,0.0,7.806875,0.069375,0.08625,0.021875,0.06375,23.609375,66.10375,2.23875,0.0,160000,0,0.0,19999.999999999825,20000.0,0.8650822639465332,91.951875,,0.0,0.0,0.001574999999999882,-0.004424999999999998,0.002249999999999988,0.0016749999999999994,-0.0028500000000000053,-0.013425000000001575,0.00015000000000497948,0.015050000000000008,0.0,0.001775000000009186,0.004424999999999998,20000.0
17701,T33UWP_20000_8,S2A_MSIL2A_20230609T100031_R122_T33UWP_20230609T173715,100,,0.0,0.0,7.7225,0.08,0.0725,0.015,0.085,23.5625,66.1925,2.27,0.0,40000,0,0.0,19999.999999999825,20000.0,0.36649346351623535,92.02499999999999,,0.0,0.0,-0.08279999999999976,0.006199999999999997,-0.01150000000000001,-0.0052,0.0184,-0.060300000000001575,0.08889999999999532,0.04630000000000001,0.0,0.07489999999999952,0.08279999999999976,20000.0
17707,T33UWP_20000_8,S2A_MSIL2A_20230609T100031_R122_T33UWP_20230609T173715,200,,0.0,0.0,7.9,0.06,0.12,0.02,0.07,23.66,66.0,2.17,0.0,10000,0,0.0,19999.999999999825,20000.0,0.4208078384399414,91.83,,0.0,0.0,0.09470000000000045,-0.013800000000000007,0.03599999999999999,-0.0001999999999999988,0.0034000000000000002,0.03719999999999857,-0.10360000000000014,-0.05370000000000008,0.0,-0.12009999999999366,0.12009999999999366,20000.0
17713,T33UWP_20000_8,S2A_MSIL2A_20230609T100031_R122_T33UWP_20230609T173715,500,,0.0,0.0,7.9375,0.0625,0.0625,0.0,0.125,24.6875,65.125,2.0,0.0,1600,0,0.0,19999.999999999825,20000.0,0.3470430374145508,91.8125,,0.0,0.0,0.1322000000000001,-0.011300000000000004,-0.021500000000000005,-0.0202,0.058399999999999994,1.0646999999999984,-0.9786000000000001,-0.2237,0.0,-0.13759999999999195,0.13759999999999195,20000.0
17719,T33UWP_20000_8,S2A_MSIL2A_20230609T100031_R122_T33UWP_20230609T173715,1000,,0.0,0.0,8.25,0.25,0.0,0.0,0.0,25.25,65.0,1.25,0.0,400,0,0.0,19999.999999999825,20000.0,0.40045690536499023,91.5,,0.0,0.0,0.4447000000000001,0.1762,-0.084,-0.0202,-0.0666,1.6271999999999984,-1.1036000000000001,-0.9737,0.0,-0.45009999999999195,0.45009999999999195,20000.0
17691,T33UWP_20000_8,S2A_MSIL2A_20230619T100031_R122_T33UWP_20230619T172742,20,,0.0,0.0119,3.5669,56.7573,10.7875,0.5828,1.483,6.375,10.0972,10.3384,0.0,1000000,0,0.0,19999.999999999825,20000.0,0.5335698127746582,26.8106,,0.0,0.0,0.0,0.0,0.0,0.0,0.0,0.0,0.0,0.0,0.0,0.0,0.0,20000.0
17697,T33UWP_20000_8,S2A_MSIL2A_20230619T100031_R122_T33UWP_20230619T172742,50,,0.0,0.011875,3.558125,56.81875,10.76375,0.573125,1.4725,6.401875,10.066875,10.333125,0.0,160000,0,0.0,19999.999999999825,20000.0,0.8650822639465332,26.801875000000003,,0.0,-2.5000000000000716e-05,-0.008774999999999977,0.06145000000000067,-0.023749999999999716,-0.00967499999999999,-0.010500000000000176,0.026875000000000426,-0.030325000000001268,-0.0052749999999992525,0.0,-0.008724999999998317,0.06145000000000067,20000.0
17703,T33UWP_20000_8,S2A_MSIL2A_20230619T100031_R122_T33UWP_20230619T172742,100,,0.0,0.01,3.5925,56.635,10.9075,0.56,1.46,6.35,10.1175,10.3675,0.0,40000,0,0.0,19999.999999999825,20000.0,0.36649346351623535,26.835,,0.0,-0.0019000000000000006,0.025599999999999845,-0.12230000000000274,0.120000000000001,-0.02279999999999993,-0.02300000000000013,-0.025000000000000355,0.020299999999998875,0.02909999999999968,0.0,0.024399999999999977,0.12230000000000274,20000.0
17709,T33UWP_20000_8,S2A_MSIL2A_20230619T100031_R122_T33UWP_20230619T172742,200,,0.0,0.0,3.57,56.84,10.72,0.56,1.51,6.52,10.09,10.19,0.0,10000,0,0.0,19999.999999999825,20000.0,0.4208078384399414,26.799999999999997,,0.0,-0.0119,0.0030999999999998806,0.08270000000000266,-0.067499999999999,-0.02279999999999993,0.026999999999999913,0.14499999999999957,-0.007200000000000983,-0.14840000000000053,0.0,-0.010600000000003718,0.08270000000000266,20000.0
17715,T33UWP_20000_8,S2A_MSIL2A_20230619T100031_R122_T33UWP_20230619T172742,500,,0.0,0.0625,3.5,57.375,11.0,0.5625,1.75,7.1875,8.75,9.8125,0.0,1600,0,0.0,19999.999999999825,20000.0,0.3470430374145508,25.75,,0.0,0.0506,-0.06689999999999996,0.6176999999999992,0.21250000000000036,-0.020299999999999985,0.2669999999999999,0.8125,-1.3472000000000008,-0.5259,0.0,-1.0606000000000009,1.0606000000000009,20000.0
17721,T33UWP_20000_8,S2A_MSIL2A_20230619T100031_R122_T33UWP_20230619T172742,1000,,0.0,0.0,4.75,58.0,11.5,0.25,0.75,5.5,9.25,10.0,0.0,400,0,0.0,19999.999999999825,20000.0,0.40045690536499023,24.75,,0.0,-0.0119,1.1831,1.2426999999999992,0.7125000000000004,-0.3328,-0.7330000000000001,-0.875,-0.8472000000000008,-0.33840000000000003,0.0,-2.060600000000001,2.060600000000001,20000.0
17693,T33UWP_20000_8,S2A_MSIL2A_20230629T100031_R122_T33UWP_20230629T191411,20,,0.0,0.0287000574001148,4.205208410416821,78.92205784411568,7.503115006230012,1.3993027986055973,0.3072006144012288,4.479408958817918,3.1404062808125617,0.014500029000058,0.0001000002000004,1000000,2,0.0002,19999.999999999825,20000.0,0.5335698127746582,7.634315268630538,,0.0,0.0,0.0,0.0,0.0,0.0,0.0,0.0,0.0,0.0,0.0,0.0,0.0,20000.0
17699,T33UWP_20000_8,S2A_MSIL2A_20230629T100031_R122_T33UWP_20230629T191411,50,,0.0,0.025625160157250984,4.204401277507984,79.01549384683655,7.4312964456027855,1.3881336758354739,0.2993768711054444,4.494403090019313,3.1287695548097174,0.012500078125488284,0.0,160000,1,0.000625,19999.999999999825,20000.0,0.8650822639465332,7.635672722954519,,0.0,-0.003074897242863816,-0.0008071329088368273,0.09343600272086405,-0.0718185606272268,-0.011169122770123385,-0.007823743295784391,0.014994131201395255,-0.011636726002844267,-0.0019999508745697156,-0.0001000002000004,0.0013574543239807113,0.09343600272086405,20000.0
17705,T33UWP_20000_8,S2A_MSIL2A_20230629T100031_R122_T33UWP_20230629T191411,100,,0.0,0.015,4.1675,78.915,7.47,1.3875,0.3475,4.5175,3.17,0.01,0.0,40000,0,0.0,19999.999999999825,20000.0,0.36649346351623535,7.6975,,0.0,-0.0137000574001148,-0.037708410416820826,-0.007057844115678336,-0.03311500623001251,-0.011802798605597298,0.040299385598771165,0.038091041182082286,0.02959371918743825,-0.004500029000058,-0.0001000002000004,0.06318473136946157,0.06318473136946157,20000.0
17711,T33UWP_20000_8,S2A_MSIL2A_20230629T100031_R122_T33UWP_20230629T191411,200,,0.0,0.03,4.21,78.68,7.63,1.4,0.32,4.5,3.23,0.0,0.0,10000,0,0.0,19999.999999999825,20000.0,0.4208078384399414,7.73,,0.0,0.001299942599885199,0.0047915895831787125,-0.24205784411567777,0.12688499376998763,0.0006972013944026578,0.012799385598771196,0.020591041182082215,0.0895937191874383,-0.014500029000058,-0.0001000002000004,0.0956847313694622,0.24205784411567777,20000.0
17717,T33UWP_20000_8,S2A_MSIL2A_20230629T100031_R122_T33UWP_20230629T191411,500,,0.0,0.0,3.625,80.4375,7.625,1.4375,0.1875,3.9375,2.75,0.0,0.0,1600,0,0.0,19999.999999999825,20000.0,0.3470430374145508,6.6875,,0.0,-0.0287000574001148,-0.5802084104168213,1.5154421558843154,0.12188499376998774,0.03819720139440275,-0.11970061440122881,-0.5419089588179178,-0.3904062808125617,-0.014500029000058,-0.0001000002000004,-0.9468152686305382,1.5154421558843154,20000.0
17723,T33UWP_20000_8,S2A_MSIL2A_20230629T100031_R122_T33UWP_20230629T191411,1000,,0.0,0.0,5.0,78.0,9.0,1.5,0.0,4.0,2.5,0.0,0.0,400,0,0.0,19999.999999999825,20000.0,0.40045690536499023,6.5,,0.0,-0.0287000574001148,0.7947915895831787,-0.9220578441156846,1.4968849937699877,0.10069720139440275,-0.3072006144012288,-0.4794089588179178,-0.6404062808125617,-0.014500029000058,-0.0001000002000004,-1.1343152686305382,1.4968849937699877,20000.0
17688,T33UWP_20000_8,S2B_MSIL2A_20230604T095559_R122_T33UWP_20230604T174403,20,,0.0,0.0035,0.9785,35.2181,11.6237,0.376,2.5692,6.4143,1.7878,41.0289,0.0,1000000,0,0.0,19999.999999999825,20000.0,0.5335698127746582,49.231,,0.0,0.0,0.0,0.0,0.0,0.0,0.0,0.0,0.0,0.0,0.0,0.0,0.0,20000.0
17694,T33UWP_20000_8,S2B_MSIL2A_20230604T095559_R122_T33UWP_20230604T174403,50,,0.0,0.003125,0.9775,35.185625,11.6325,0.378125,2.565625,6.425,1.78375,41.04875,0.0,160000,0,0.0,19999.999999999825,20000.0,0.8650822639465332,49.2575,,0.0,-0.0003749999999999999,-0.0010000000000000009,-0.03247499999999803,0.008800000000000807,0.002124999999999988,-0.003575000000000106,0.010699999999999932,-0.004050000000000109,0.019849999999998147,0.0,0.026499999999998636,0.03247499999999803,20000.0
17700,T33UWP_20000_8,S2B_MSIL2A_20230604T095559_R122_T33UWP_20230604T174403,100,,0.0,0.0025,0.9725,35.14,11.7375,0.3525,2.5525,6.405,1.7875,41.05,0.0,40000,0,0.0,19999.999999999825,20000.0,0.36649346351623535,49.2425,,0.0,-0.001,-0.006000000000000005,-0.07809999999999917,0.11380000000000123,-0.02350000000000002,-0.016699999999999715,-0.009299999999999642,-0.00029999999999996696,0.02109999999999701,0.0,0.011499999999998067,0.11380000000000123,20000.0
17706,T33UWP_20000_8,S2B_MSIL2A_20230604T095559_R122_T33UWP_20230604T174403,200,,0.0,0.0,1.06,35.1,11.92,0.36,2.55,6.14,1.83,41.04,0.0,10000,0,0.0,19999.999999999825,20000.0,0.4208078384399414,49.01,,0.0,-0.0035,0.08150000000000002,-0.11809999999999832,0.29630000000000045,-0.016000000000000014,-0.019200000000000106,-0.2743000000000002,0.042200000000000015,0.011099999999999,0.0,-0.22100000000000364,0.29630000000000045,20000.0
17712,T33UWP_20000_8,S2B_MSIL2A_20230604T095559_R122_T33UWP_20230604T174403,500,,0.0,0.0,1.3125,34.25,12.4375,0.25,2.375,7.9375,2.25,39.1875,0.0,1600,0,0.0,19999.999999999825,20000.0,0.3470430374145508,49.375,,0.0,-0.0035,0.33399999999999996,-0.9680999999999997,0.8138000000000005,-0.126,-0.19419999999999993,1.5232,0.46219999999999994,-1.8414000000000001,0.0,0.14399999999999835,0.9680999999999997,20000.0
17718,T33UWP_20000_8,S2B_MSIL2A_20230604T095559_R122_T33UWP_20230604T174403,1000,,0.0,0.0,1.5,34.25,11.5,0.25,3.75,7.75,2.0,39.0,0.0,400,0,0.0,19999.999999999825,20000.0,0.40045690536499023,48.75,,0.0,-0.0035,0.5215,-0.9680999999999997,-0.12369999999999948,-0.126,1.1808,1.3357,0.21219999999999994,-2.0289,0.0,-0.48100000000000165,1.1808,20000.0
17690,T33UWP_20000_8,S2B_MSIL2A_20230614T095559_R122_T33UWP_20230614T142248,20,,0.0,0.0123,8.374,65.9938,11.9988,1.247,0.4945,6.8894,3.7714,1.2188,0.0,1000000,0,0.0,19999.999999999825,20000.0,0.5335698127746582,11.8796,,0.0,0.0,0.0,0.0,0.0,0.0,0.0,0.0,0.0,0.0,0.0,0.0,0.0,20000.0
17696,T33UWP_20000_8,S2B_MSIL2A_20230614T095559_R122_T33UWP_20230614T142248,50,,0.0,0.015,8.3975,66.04375,11.9375,1.23875,0.484375,6.896875,3.769375,1.216875,0.0,160000,0,0.0,19999.999999999825,20000.0,0.8650822639465332,11.883125,,0.0,0.0026999999999999993,0.0235000000000003,0.04995000000000971,-0.061299999999999244,-0.00825000000000009,-0.010124999999999995,0.007474999999999454,-0.0020249999999997215,-0.0019250000000001766,0.0,0.0035249999999997783,0.061299999999999244,20000.0
17702,T33UWP_20000_8,S2B_MSIL2A_20230614T095559_R122_T33UWP_20230614T142248,100,,0.0,0.01,8.42,66.005,12.005,1.2375,0.4775,6.915,3.715,1.215,0.0,40000,0,0.0,19999.999999999825,20000.0,0.36649346351623535,11.844999999999999,,0.0,-0.0023,0.045999999999999375,0.01120000000000232,0.006200000000001538,-0.009500000000000064,-0.017000000000000015,0.025599999999999845,-0.056400000000000006,-0.0038000000000000256,0.0,-0.034600000000001074,0.045999999999999375,20000.0
17708,T33UWP_20000_8,S2B_MSIL2A_20230614T095559_R122_T33UWP_20230614T142248,200,,0.0,0.01,8.43,66.21,11.87,1.28,0.42,6.76,3.78,1.24,0.0,10000,0,0.0,19999.999999999825,20000.0,0.4208078384399414,11.78,,0.0,-0.0023,0.05599999999999916,0.21620000000000061,-0.12880000000000003,0.03299999999999992,-0.07450000000000001,-0.1294000000000004,0.008599999999999941,0.021199999999999886,0.0,-0.09960000000000058,0.21620000000000061,20000.0
17714,T33UWP_20000_8,S2B_MSIL2A_20230614T095559_R122_T33UWP_20230614T142248,500,,0.0,0.0,7.9375,66.625,12.25,1.375,0.375,7.125,3.25,1.0625,0.0,1600,0,0.0,19999.999999999825,20000.0,0.3470430374145508,11.4375,,0.0,-0.0123,-0.43650000000000055,0.6312000000000069,0.25120000000000076,0.1279999999999999,-0.1195,0.2355999999999998,-0.5213999999999999,-0.1563000000000001,0.0,-0.44209999999999994,0.6312000000000069,20000.0
17720,T33UWP_20000_8,S2B_MSIL2A_20230614T095559_R122_T33UWP_20230614T142248,1000,,0.0,0.0,6.75,66.5,13.25,1.25,0.5,6.25,4.5,1.0,0.0,400,0,0.0,19999.999999999825,20000.0,0.40045690536499023,11.75,,0.0,-0.0123,-1.6240000000000006,0.5062000000000069,1.2512000000000008,0.0029999999999998916,0.005500000000000005,-0.6394000000000002,0.7286000000000001,-0.2188000000000001,0.0,-0.12959999999999994,1.6240000000000006,20000.0
17692,T33UWP_20000_8,S2B_MSIL2A_20230624T095559_R122_T33UWP_20230624T142946,20,,0.0,0.0,0.0108,0.0,0.0024,0.0253,0.0,9.9529,89.8117,0.1949,0.002,1000000,0,0.0,19999.999999999825,20000.0,0.5335698127746582,99.9595,,0.0,0.0,0.0,0.0,0.0,0.0,0.0,0.0,0.0,0.0,0.0,0.0,0.0,20000.0
17698,T33UWP_20000_8,S2B_MSIL2A_20230624T095559_R122_T33UWP_20230624T142946,50,,0.0,0.0,0.010625,0.0,0.001875,0.024375,0.0,9.945,89.82,0.19625,0.001875,160000,0,0.0,19999.999999999825,20000.0,0.8650822639465332,99.96124999999999,,0.0,0.0,-0.0001749999999999998,0.0,-0.0005249999999999999,-0.0009249999999999987,0.0,-0.007899999999999352,0.008299999999991314,0.0013500000000000179,-0.0001250000000000001,0.0017499999999870397,0.0017499999999870397,20000.0
17704,T33UWP_20000_8,S2B_MSIL2A_20230624T095559_R122_T33UWP_20230624T142946,100,,0.0,0.0,0.0175,0.0,0.0025,0.025,0.0,9.9275,89.8325,0.1925,0.0025,40000,0,0.0,19999.999999999825,20000.0,0.36649346351623535,99.95249999999999,,0.0,0.0,0.006700000000000001,0.0,0.00010000000000000026,-0.0002999999999999982,0.0,-0.025399999999999423,0.020799999999994156,-0.0023999999999999855,0.0005,-0.007000000000019213,0.007000000000019213,20000.0
17710,T33UWP_20000_8,S2B_MSIL2A_20230624T095559_R122_T33UWP_20230624T142946,200,,0.0,0.0,0.02,0.0,0.0,0.02,0.0,9.92,89.87,0.17,0.0,10000,0,0.0,19999.999999999825,20000.0,0.4208078384399414,99.96000000000001,,0.0,0.0,0.0092,0.0,-0.0024,-0.005299999999999999,0.0,-0.03289999999999971,0.05830000000000268,-0.024899999999999978,-0.002,0.0005000000000023874,0.0092,20000.0
17716,T33UWP_20000_8,S2B_MSIL2A_20230624T095559_R122_T33UWP_20230624T142946,500,,0.0,0.0,0.0625,0.0,0.0,0.0,0.0,10.5,89.1875,0.25,0.0,1600,0,0.0,19999.999999999825,20000.0,0.3470430374145508,99.9375,,0.0,0.0,0.051699999999999996,0.0,-0.0024,-0.0253,0.0,0.5471000000000004,-0.6242000000000019,0.05510000000000001,-0.002,-0.02200000000000557,0.051699999999999996,20000.0
17722,T33UWP_20000_8,S2B_MSIL2A_20230624T095559_R122_T33UWP_20230624T142946,1000,,0.0,0.0,0.0,0.0,0.0,0.0,0.0,10.5,89.25,0.25,0.0,400,0,0.0,19999.999999999825,20000.0,0.40045690536499023,100.0,,0.0,0.0,-0.0108,0.0,-0.0024,-0.0253,0.0,0.5471000000000004,-0.5617000000000019,0.05510000000000001,-0.002,0.04049999999999443,0.04049999999999443,20000.0
17725,T33UWP_20000_9,S2A_MSIL2A_20230609T100031_R122_T33UWP_20230609T173715,20,,0.0,0.0,3.9202,0.004,0.0,0.0,0.0115,31.2169,54.7769,10.0705,0.0,1000000,0,0.0,19999.99999999994,20000.0,0.4770207405090332,96.06429999999999,,0.0,0.0,0.0,0.0,0.0,0.0,0.0,0.0,0.0,0.0,0.0,0.0,0.0,20000.0
17731,T33UWP_20000_9,S2A_MSIL2A_20230609T100031_R122_T33UWP_20230609T173715,50,,0.0,0.0,3.921875,0.005,0.0,0.0,0.011875,31.23625,54.775,10.05,0.0,160000,0,0.0,19999.99999999994,20000.0,0.7441837787628174,96.06124999999999,,0.0,0.0,0.001675000000000093,0.001,0.0,0.0,0.00037500000000000033,0.019349999999999312,-0.0018999999999991246,-0.02049999999999841,0.0,-0.0030500000000017735,0.0030500000000017735,20000.0
17737,T33UWP_20000_9,S2A_MSIL2A_20230609T100031_R122_T33UWP_20230609T173715,100,,0.0,0.0,3.845,0.005,0.0,0.0,0.0075,31.23,54.8425,10.07,0.0,40000,0,0.0,19999.99999999994,20000.0,0.542102575302124,96.14250000000001,,0.0,0.0,-0.07519999999999971,0.001,0.0,0.0,-0.004,0.013100000000001444,0.06560000000000343,-0.0004999999999988347,0.0,0.0782000000000238,0.0782000000000238,20000.0
17743,T33UWP_20000_9,S2A_MSIL2A_20230609T100031_R122_T33UWP_20230609T173715,200,,0.0,0.0,4.0,0.02,0.0,0.0,0.01,31.0,54.6,10.37,0.0,10000,0,0.0,19999.99999999994,20000.0,0.507516622543335,95.97,,0.0,0.0,0.0798000000000001,0.016,0.0,0.0,-0.0014999999999999996,-0.21689999999999898,-0.17689999999999628,0.2995000000000001,0.0,-0.09429999999998984,0.09429999999998984,20000.0
17749,T33UWP_20000_9,S2A_MSIL2A_20230609T100031_R122_T33UWP_20230609T173715,500,,0.0,0.0,3.8125,0.0,0.0,0.0,0.0,30.875,54.75,10.5625,0.0,1600,0,0.0,19999.99999999994,20000.0,0.3385887145996094,96.1875,,0.0,0.0,-0.1076999999999999,-0.004,0.0,0.0,-0.0115,-0.341899999999999,-0.026899999999997704,0.4920000000000009,0.0,0.1232000000000113,0.1232000000000113,20000.0
17755,T33UWP_20000_9,S2A_MSIL2A_20230609T100031_R122_T33UWP_20230609T173715,1000,,0.0,0.0,3.75,0.0,0.0,0.0,0.0,30.5,55.0,10.75,0.0,400,0,0.0,19999.99999999994,20000.0,0.423717737197876,96.25,,0.0,0.0,-0.1701999999999999,-0.004,0.0,0.0,-0.0115,-0.716899999999999,0.2231000000000023,0.6795000000000009,0.0,0.1857000000000113,0.1857000000000113,20000.0
17727,T33UWP_20000_9,S2A_MSIL2A_20230619T100031_R122_T33UWP_20230619T172742,20,,0.0,0.054,6.3643,74.792,3.0492,0.9972,1.3485,3.8519,9.1697,0.3732,0.0,1000000,0,0.0,19999.99999999994,20000.0,0.4770207405090332,13.394800000000002,,0.0,0.0,0.0,0.0,0.0,0.0,0.0,0.0,0.0,0.0,0.0,0.0,0.0,20000.0
17733,T33UWP_20000_9,S2A_MSIL2A_20230619T100031_R122_T33UWP_20230619T172742,50,,0.0,0.05375,6.3725,74.79875,3.04125,1.000625,1.35,3.833125,9.174375,0.375625,0.0,160000,0,0.0,19999.99999999994,20000.0,0.7441837787628174,13.383125,,0.0,-0.0002500000000000002,0.008199999999999541,0.006749999999996703,-0.007950000000000124,0.0034250000000001224,0.0015000000000000568,-0.018775000000000208,0.0046749999999988745,0.0024250000000000105,0.0,-0.0116750000000021,0.0116750000000021,20000.0
17739,T33UWP_20000_9,S2A_MSIL2A_20230619T100031_R122_T33UWP_20230619T172742,100,,0.0,0.06,6.3225,74.8925,2.9825,1.0025,1.3675,3.9,9.11,0.3625,0.0,40000,0,0.0,19999.99999999994,20000.0,0.542102575302124,13.3725,,0.0,0.005999999999999998,-0.04180000000000028,0.1004999999999967,-0.06669999999999998,0.005299999999999971,0.018999999999999906,0.04809999999999981,-0.0597000000000012,-0.010699999999999987,0.0,-0.02230000000000132,0.1004999999999967,20000.0
17745,T33UWP_20000_9,S2A_MSIL2A_20230619T100031_R122_T33UWP_20230619T172742,200,,0.0,0.02,6.3,75.01,3.04,1.0,1.34,3.96,9.0,0.33,0.0,10000,0,0.0,19999.99999999994,20000.0,0.507516622543335,13.290000000000001,,0.0,-0.034,-0.06430000000000025,0.21800000000000352,-0.009199999999999875,0.0028000000000000247,-0.008499999999999952,0.10809999999999986,-0.16970000000000063,-0.04319999999999996,0.0,-0.10480000000000089,0.21800000000000352,20000.0
17751,T33UWP_20000_9,S2A_MSIL2A_20230619T100031_R122_T33UWP_20230619T172742,500,,0.0,0.125,6.375,74.125,2.6875,1.0625,1.25,4.0625,10.125,0.1875,0.0,1600,0,0.0,19999.99999999994,20000.0,0.3385887145996094,14.375,,0.0,0.07100000000000001,0.010699999999999932,-0.6670000000000016,-0.3616999999999999,0.06530000000000002,-0.09850000000000003,0.2105999999999999,0.9552999999999994,-0.18569999999999998,0.0,0.9801999999999982,0.9801999999999982,20000.0
17757,T33UWP_20000_9,S2A_MSIL2A_20230619T100031_R122_T33UWP_20230619T172742,1000,,0.0,0.0,7.25,73.75,2.0,1.0,1.25,4.25,9.75,0.75,0.0,400,0,0.0,19999.99999999994,20000.0,0.423717737197876,14.75,,0.0,-0.054,0.8856999999999999,-1.0420000000000016,-1.0492,0.0028000000000000247,-0.09850000000000003,0.3980999999999999,0.5802999999999994,0.3768,0.0,1.3551999999999982,1.3551999999999982,20000.0
17729,T33UWP_20000_9,S2A_MSIL2A_20230629T100031_R122_T33UWP_20230629T191411,20,,0.0,0.0293,12.0427,67.8099,2.5912,1.0796,0.3794,8.4914,7.4546,0.1219,0.0,1000000,0,0.0,19999.99999999994,20000.0,0.4770207405090332,16.0679,,0.0,0.0,0.0,0.0,0.0,0.0,0.0,0.0,0.0,0.0,0.0,0.0,0.0,20000.0
17735,T33UWP_20000_9,S2A_MSIL2A_20230629T100031_R122_T33UWP_20230629T191411,50,,0.0,0.034375,12.02,67.83625,2.574375,1.085625,0.38375,8.514375,7.43,0.12125,0.0,160000,0,0.0,19999.99999999994,20000.0,0.7441837787628174,16.065625,,0.0,0.005075000000000003,-0.022700000000000387,0.026350000000007867,-0.016825000000000312,0.006025000000000169,0.004349999999999965,0.022974999999998857,-0.0246000000000004,-0.0006499999999999978,0.0,-0.002275000000000915,0.026350000000007867,20000.0
17741,T33UWP_20000_9,S2A_MSIL2A_20230629T100031_R122_T33UWP_20230629T191411,100,,0.0,0.03,12.0275,67.91,2.53,1.085,0.3675,8.4875,7.44,0.1225,0.0,40000,0,0.0,19999.99999999994,20000.0,0.542102575302124,16.05,,0.0,0.0006999999999999992,-0.015200000000000102,0.10009999999999764,-0.061200000000000365,0.005400000000000071,-0.011900000000000022,-0.0038999999999997925,-0.014599999999999724,0.0006000000000000033,0.0,-0.017900000000000915,0.10009999999999764,20000.0
17747,T33UWP_20000_9,S2A_MSIL2A_20230629T100031_R122_T33UWP_20230629T191411,200,,0.0,0.01,12.17,67.61,2.69,1.06,0.35,8.45,7.56,0.1,0.0,10000,0,0.0,19999.99999999994,20000.0,0.507516622543335,16.11,,0.0,-0.019299999999999998,0.12729999999999997,-0.19989999999999952,0.09879999999999978,-0.01959999999999984,-0.029400000000000037,-0.041400000000001214,0.1053999999999995,-0.02189999999999999,0.0,0.042099999999997806,0.19989999999999952,20000.0
17753,T33UWP_20000_9,S2A_MSIL2A_20230629T100031_R122_T33UWP_20230629T191411,500,,0.0,0.0625,12.0625,67.0,2.25,1.375,0.3125,8.9375,7.875,0.125,0.0,1600,0,0.0,19999.99999999994,20000.0,0.3385887145996094,16.9375,,0.0,0.0332,0.01980000000000004,-0.809899999999999,-0.34120000000000017,0.2954000000000001,-0.06690000000000002,0.4460999999999995,0.4203999999999999,0.0031000000000000055,0.0,0.8695999999999984,0.8695999999999984,20000.0
17759,T33UWP_20000_9,S2A_MSIL2A_20230629T100031_R122_T33UWP_20230629T191411,1000,,0.0,0.0,11.75,67.0,1.75,0.75,0.0,10.5,8.25,0.0,0.0,400,0,0.0,19999.99999999994,20000.0,0.423717737197876,18.75,,0.0,-0.0293,-0.29269999999999996,-0.809899999999999,-0.8412000000000002,-0.3295999999999999,-0.3794,2.0085999999999995,0.7953999999999999,-0.1219,0.0,2.6820999999999984,2.6820999999999984,20000.0
17724,T33UWP_20000_9,S2B_MSIL2A_20230604T095559_R122_T33UWP_20230604T174403,20,,0.0,0.026,1.6437,57.7201,2.6786,0.9921,2.2694,11.0581,6.9597,16.6523,0.0,1000000,0,0.0,19999.99999999994,20000.0,0.4770207405090332,34.670100000000005,,0.0,0.0,0.0,0.0,0.0,0.0,0.0,0.0,0.0,0.0,0.0,0.0,0.0,20000.0
17730,T33UWP_20000_9,S2B_MSIL2A_20230604T095559_R122_T33UWP_20230604T174403,50,,0.0,0.0275,1.634375,57.75625,2.663125,0.98625,2.225625,11.061875,6.981875,16.663125,0.0,160000,0,0.0,19999.99999999994,20000.0,0.7441837787628174,34.706875,,0.0,0.0015000000000000013,-0.009325000000000028,0.03614999999999924,-0.015474999999999905,-0.005850000000000022,-0.04377500000000012,0.003775000000000972,0.022174999999999834,0.010825000000000529,0.0,0.036774999999991564,0.04377500000000012,20000.0
17736,T33UWP_20000_9,S2B_MSIL2A_20230604T095559_R122_T33UWP_20230604T174403,100,,0.0,0.0225,1.665,57.93,2.5925,0.995,2.1825,11.155,6.8975,16.56,0.0,40000,0,0.0,19999.99999999994,20000.0,0.542102575302124,34.6125,,0.0,-0.0034999999999999996,0.021300000000000097,0.20989999999999753,-0.08610000000000007,0.0029000000000000137,-0.08689999999999998,0.09689999999999976,-0.06219999999999981,-0.0923000000000016,0.0,-0.05760000000000787,0.20989999999999753,20000.0
17742,T33UWP_20000_9,S2B_MSIL2A_20230604T095559_R122_T33UWP_20230604T174403,200,,0.0,0.0,1.64,57.33,2.93,1.0,2.26,10.87,7.05,16.92,0.0,10000,0,0.0,19999.99999999994,20000.0,0.507516622543335,34.84,,0.0,-0.026,-0.0037000000000000366,-0.3901000000000039,0.2514000000000003,0.007900000000000018,-0.009400000000000297,-0.18810000000000038,0.09030000000000005,0.2677000000000014,0.0,0.16989999999999839,0.3901000000000039,20000.0
17748,T33UWP_20000_9,S2B_MSIL2A_20230604T095559_R122_T33UWP_20230604T174403,500,,0.0,0.0625,1.1875,58.625,2.625,1.25,2.25,10.75,6.6875,16.5625,0.0,1600,0,0.0,19999.99999999994,20000.0,0.3385887145996094,34.0,,0.0,0.036500000000000005,-0.45619999999999994,0.9048999999999978,-0.05359999999999987,0.2579,-0.019400000000000084,-0.3080999999999996,-0.2721999999999998,-0.08980000000000032,0.0,-0.670100000000005,0.9048999999999978,20000.0
17754,T33UWP_20000_9,S2B_MSIL2A_20230604T095559_R122_T33UWP_20230604T174403,1000,,0.0,0.0,1.75,59.0,3.0,0.75,2.0,10.5,6.5,16.5,0.0,400,0,0.0,19999.99999999994,20000.0,0.423717737197876,33.5,,0.0,-0.026,0.10630000000000006,1.2798999999999978,0.32140000000000013,-0.24209999999999998,-0.2694000000000001,-0.5580999999999996,-0.4596999999999998,-0.15230000000000032,0.0,-1.170100000000005,1.2798999999999978,20000.0
17726,T33UWP_20000_9,S2B_MSIL2A_20230614T095559_R122_T33UWP_20230614T142248,20,,0.0,0.0393,8.0163,74.8889,2.355,1.1811,0.2792,7.0398,6.194,0.0064,0.0,1000000,0,0.0,19999.99999999994,20000.0,0.4770207405090332,13.240199999999998,,0.0,0.0,0.0,0.0,0.0,0.0,0.0,0.0,0.0,0.0,0.0,0.0,0.0,20000.0
17732,T33UWP_20000_9,S2B_MSIL2A_20230614T095559_R122_T33UWP_20230614T142248,50,,0.0,0.04125,8.01,74.9225,2.345,1.17375,0.28125,7.025625,6.193125,0.0075,0.0,160000,0,0.0,19999.99999999994,20000.0,0.7441837787628174,13.22625,,0.0,0.0019500000000000003,-0.006299999999999528,0.03359999999999275,-0.009999999999999787,-0.007349999999999968,0.0020499999999999963,-0.014174999999999827,-0.0008749999999997371,0.0010999999999999994,0.0,-0.013949999999997686,0.03359999999999275,20000.0
17738,T33UWP_20000_9,S2B_MSIL2A_20230614T095559_R122_T33UWP_20230614T142248,100,,0.0,0.035,8.035,74.96,2.355,1.18,0.255,6.97,6.1975,0.0125,0.0,40000,0,0.0,19999.99999999994,20000.0,0.542102575302124,13.18,,0.0,-0.004299999999999998,0.018700000000000827,0.07109999999998706,0.0,-0.001100000000000101,-0.0242,-0.06979999999999986,0.0034999999999998366,0.0061,0.0,-0.060199999999998255,0.07109999999998706,20000.0
17744,T33UWP_20000_9,S2B_MSIL2A_20230614T095559_R122_T33UWP_20230614T142248,200,,0.0,0.02,7.88,74.98,2.53,1.19,0.3,7.01,6.09,0.0,0.0,10000,0,0.0,19999.99999999994,20000.0,0.507516622543335,13.1,,0.0,-0.0193,-0.13629999999999942,0.0910999999999973,0.17499999999999982,0.008899999999999908,0.020799999999999985,-0.029799999999999827,-0.10400000000000009,-0.0064,0.0,-0.14019999999999833,0.17499999999999982,20000.0
17750,T33UWP_20000_9,S2B_MSIL2A_20230614T095559_R122_T33UWP_20230614T142248,500,,0.0,0.0625,8.3125,74.125,2.6875,1.5,0.125,7.4375,5.75,0.0,0.0,1600,0,0.0,19999.99999999994,20000.0,0.3385887145996094,13.1875,,0.0,0.0232,0.2962000000000007,-0.7639000000000067,0.3325,0.31889999999999996,-0.1542,0.3977000000000004,-0.44399999999999995,-0.0064,0.0,-0.05269999999999797,0.7639000000000067,20000.0
17756,T33UWP_20000_9,S2B_MSIL2A_20230614T095559_R122_T33UWP_20230614T142248,1000,,0.0,0.0,8.25,74.75,2.75,1.0,0.5,5.25,7.5,0.0,0.0,400,0,0.0,19999.99999999994,20000.0,0.423717737197876,12.75,,0.0,-0.0393,0.23370000000000068,-0.13890000000000668,0.395,-0.18110000000000004,0.2208,-1.7897999999999996,1.306,-0.0064,0.0,-0.49019999999999797,0.49019999999999797,20000.0
17728,T33UWP_20000_9,S2B_MSIL2A_20230624T095559_R122_T33UWP_20230624T142946,20,,0.0,0.0,0.0,0.0,0.0,0.0,0.0,0.0593,99.9407,0.0,0.0,1000000,0,0.0,19999.99999999994,20000.0,0.4770207405090332,100.0,,0.0,0.0,0.0,0.0,0.0,0.0,0.0,0.0,0.0,0.0,0.0,0.0,0.0,20000.0
17734,T33UWP_20000_9,S2B_MSIL2A_20230624T095559_R122_T33UWP_20230624T142946,50,,0.0,0.0,0.0,0.0,0.0,0.0,0.0,0.055625,99.944375,0.0,0.0,160000,0,0.0,19999.99999999994,20000.0,0.7441837787628174,100.0,,0.0,0.0,0.0,0.0,0.0,0.0,0.0,-0.0036749999999999977,0.0036749999999869942,0.0,0.0,0.0,0.0,20000.0
17740,T33UWP_20000_9,S2B_MSIL2A_20230624T095559_R122_T33UWP_20230624T142946,100,,0.0,0.0,0.0,0.0,0.0,0.0,0.0,0.0525,99.9475,0.0,0.0,40000,0,0.0,19999.99999999994,20000.0,0.542102575302124,100.0,,0.0,0.0,0.0,0.0,0.0,0.0,0.0,-0.0068000000000000005,0.006799999999998363,0.0,0.0,0.0,0.0,20000.0
17746,T33UWP_20000_9,S2B_MSIL2A_20230624T095559_R122_T33UWP_20230624T142946,200,,0.0,0.0,0.0,0.0,0.0,0.0,0.0,0.06,99.94,0.0,0.0,10000,0,0.0,19999.99999999994,20000.0,0.507516622543335,100.0,,0.0,0.0,0.0,0.0,0.0,0.0,0.0,0.0006999999999999992,-0.0007000000000090267,0.0,0.0,0.0,0.0,20000.0
17752,T33UWP_20000_9,S2B_MSIL2A_20230624T095559_R122_T33UWP_20230624T142946,500,,0.0,0.0,0.0,0.0,0.0,0.0,0.0,0.0,100.0,0.0,0.0,1600,0,0.0,19999.99999999994,20000.0,0.3385887145996094,100.0,,0.0,0.0,0.0,0.0,0.0,0.0,0.0,-0.0593,0.05929999999999325,0.0,0.0,0.0,0.0,20000.0
17758,T33UWP_20000_9,S2B_MSIL2A_20230624T095559_R122_T33UWP_20230624T142946,1000,,0.0,0.0,0.0,0.0,0.0,0.0,0.0,0.0,100.0,0.0,0.0,400,0,0.0,19999.99999999994,20000.0,0.423717737197876,100.0,,0.0,0.0,0.0,0.0,0.0,0.0,0.0,-0.0593,0.05929999999999325,0.0,0.0,0.0,0.0,20000.0
19285,T33UWP_40000_0,S2A_MSIL2A_20230609T100031_R122_T33UWP_20230609T173715,20,,0.0,0.0,4.6149,0.0,0.0018,0.000375,0.000625,16.522225,74.688575,4.167825,0.003675,4000000,0,0.0,39999.99999999994,40000.00000000093,1.6698205471038818,95.378625,,0.0,0.0,0.0,0.0,0.0,0.0,0.0,0.0,0.0,0.0,0.0,0.0,0.0,40000.0
19291,T33UWP_40000_0,S2A_MSIL2A_20230609T100031_R122_T33UWP_20230609T173715,50,,0.0,0.0,4.61265625,0.0,0.0021875,0.00046875,0.00109375,16.529375,74.68171875,4.168125,0.004375,640000,0,0.0,39999.99999999994,40000.00000000093,0.8068759441375732,95.37921875,,0.0,0.0,-0.002243749999999878,0.0,0.00038750000000000026,9.374999999999997e-05,0.0004687500000000001,0.007150000000002876,-0.006856249999998454,0.000300000000000189,0.0007000000000000005,0.000593750000007276,0.002243749999999878,40000.0
19297,T33UWP_40000_0,S2A_MSIL2A_20230609T100031_R122_T33UWP_20230609T173715,100,,0.0,0.0,4.61625,0.0,0.00125,0.0,0.000625,16.500625,74.71875,4.15875,0.00375,160000,0,0.0,39999.99999999994,40000.00000000093,0.9498164653778076,95.378125,,0.0,0.0,0.0013500000000004064,0.0,-0.0005499999999999999,-0.000375,0.0,-0.021599999999999397,0.03017499999999984,-0.009074999999999278,7.499999999999998e-05,-0.0005000000000023874,0.0013500000000004064,40000.0
19303,T33UWP_40000_0,S2A_MSIL2A_20230609T100031_R122_T33UWP_20230609T173715,200,,0.0,0.0,4.575,0.0,0.0075,0.0,0.0025,16.6425,74.6375,4.1325,0.0025,40000,0,0.0,39999.99999999994,40000.00000000093,0.6662330627441406,95.4125,,0.0,0.0,-0.03989999999999938,0.0,0.0057,-0.000375,0.001875,0.12027499999999947,-0.05107499999999732,-0.035324999999999385,-0.0011749999999999998,0.03387499999999477,0.03989999999999938,40000.0
19309,T33UWP_40000_0,S2A_MSIL2A_20230609T100031_R122_T33UWP_20230609T173715,500,,0.0,0.0,4.625,0.0,0.015625,0.0,0.0,15.75,75.40625,4.203125,0.0,6400,0,0.0,39999.99999999994,40000.00000000093,0.7147278785705566,95.359375,,0.0,0.0,0.010100000000000442,0.0,0.013825,-0.000375,-0.000625,-0.7722249999999988,0.7176749999999998,0.03530000000000033,-0.003675,-0.019249999999999545,0.019249999999999545,40000.0
19315,T33UWP_40000_0,S2A_MSIL2A_20230609T100031_R122_T33UWP_20230609T173715,1000,,0.0,0.0,4.5,0.0,0.0,0.0,0.0,17.625,73.75,4.125,0.0,1600,0,0.0,39999.99999999994,40000.00000000093,0.6826190948486328,95.5,,0.0,0.0,-0.11489999999999956,0.0,-0.0018,-0.000375,-0.000625,1.1027750000000012,-0.9385750000000002,-0.04282499999999967,-0.003675,0.12137500000000045,0.12137500000000045,40000.0
19287,T33UWP_40000_0,S2A_MSIL2A_20230619T100031_R122_T33UWP_20230619T172742,20,,0.0,0.00265,3.6633,7.3978,2.299075,0.000975,0.692125,10.83475,65.5309,9.578425,0.0,4000000,0,0.0,39999.99999999994,40000.00000000093,1.6698205471038818,85.944075,,0.0,0.0,0.0,0.0,0.0,0.0,0.0,0.0,0.0,0.0,0.0,0.0,0.0,40000.0
19293,T33UWP_40000_0,S2A_MSIL2A_20230619T100031_R122_T33UWP_20230619T172742,50,,0.0,0.00265625,3.66234375,7.3834375,2.3146875,0.00109375,0.69078125,10.809375,65.54203125,9.59359375,0.0,640000,0,0.0,39999.99999999994,40000.00000000093,0.8068759441375732,85.945,,0.0,6.250000000000179e-06,-0.0009562500000002139,-0.014362499999999834,0.015612499999999585,0.00011875000000000015,-0.001343749999999977,-0.02537500000000037,0.011131249999991155,0.015168750000000841,0.0,0.0009249999999951797,0.015612499999999585,40000.0
19299,T33UWP_40000_0,S2A_MSIL2A_20230619T100031_R122_T33UWP_20230619T172742,100,,0.0,0.003125,3.6575,7.374375,2.3,0.0025,0.70125,10.839375,65.5325,9.589375,0.0,160000,0,0.0,39999.99999999994,40000.00000000093,0.9498164653778076,85.96125,,0.0,0.00047500000000000016,-0.005799999999999805,-0.023425000000000473,0.0009249999999996206,0.001525,0.00912500000000005,0.004625000000000767,0.001599999999996271,0.010950000000001125,0.0,0.017175000000008822,0.023425000000000473,40000.0
19305,T33UWP_40000_0,S2A_MSIL2A_20230619T100031_R122_T33UWP_20230619T172742,200,,0.0,0.0,3.66,7.44,2.2975,0.0,0.6625,10.89,65.535,9.515,0.0,40000,0,0.0,39999.99999999994,40000.00000000093,0.6662330627441406,85.94,,0.0,-0.00265,-0.0032999999999998586,0.04220000000000024,-0.0015750000000003261,-0.000975,-0.029625000000000012,0.05525000000000091,0.004099999999993997,-0.06342499999999873,0.0,-0.004075000000000273,0.04220000000000024,40000.0
19311,T33UWP_40000_0,S2A_MSIL2A_20230619T100031_R122_T33UWP_20230619T172742,500,,0.0,0.0,3.65625,7.0625,2.328125,0.015625,0.703125,11.015625,66.109375,9.109375,0.0,6400,0,0.0,39999.99999999994,40000.00000000093,0.7147278785705566,86.234375,,0.0,-0.00265,-0.007050000000000001,-0.33530000000000015,0.029049999999999798,0.01465,0.01100000000000001,0.18087500000000034,0.5784749999999974,-0.4690499999999993,0.0,0.290300000000002,0.33530000000000015,40000.0
19317,T33UWP_40000_0,S2A_MSIL2A_20230619T100031_R122_T33UWP_20230619T172742,1000,,0.0,0.0,3.75,7.1875,2.1875,0.0,0.6875,10.8125,65.8125,9.5625,0.0,1600,0,0.0,39999.99999999994,40000.00000000093,0.6826190948486328,86.1875,,0.0,-0.00265,0.0867,-0.21030000000000015,-0.1115750000000002,-0.000975,-0.00462499999999999,-0.02224999999999966,0.2815999999999974,-0.0159249999999993,0.0,0.243425000000002,0.243425000000002,40000.0
19289,T33UWP_40000_0,S2A_MSIL2A_20230629T100031_R122_T33UWP_20230629T191411,20,,0.0,0.028225007056251764,6.466551616637904,80.70822017705504,5.634326408581602,0.07147501786875447,0.26172506543126633,4.2788510697127675,2.5156006289001573,0.03502500875625219,0.0,4000000,1,2.5e-05,39999.99999999994,40000.00000000093,1.6698205471038818,6.829476707369176,,0.0,0.0,0.0,0.0,0.0,0.0,0.0,0.0,0.0,0.0,0.0,0.0,0.0,40000.0
19295,T33UWP_40000_0,S2A_MSIL2A_20230629T100031_R122_T33UWP_20230629T191411,50,,0.0,0.02640625,6.46609375,80.7046875,5.6371875,0.07234375,0.2621875,4.2890625,2.5065625,0.03546875,0.0,640000,0,0.0,39999.99999999994,40000.00000000093,0.8068759441375732,6.831093749999999,,0.0,-0.0018187570562517644,-0.00045786663790448046,-0.003532677055034128,0.002861091418397521,0.0008687321312455254,0.0004624345687336828,0.010211430287232481,-0.009038128900157538,0.0004437412437478111,0.0,0.0016170426308228514,0.003532677055034128,40000.0
19301,T33UWP_40000_0,S2A_MSIL2A_20230629T100031_R122_T33UWP_20230629T191411,100,,0.0,0.030625,6.45375,80.73125,5.630625,0.070625,0.265,4.27625,2.51,0.031875,0.0,160000,0,0.0,39999.99999999994,40000.00000000093,0.9498164653778076,6.818125,,0.0,0.002399992943748236,-0.012801616637903912,0.02302982294496303,-0.0037014085816018394,-0.0008500178687544796,0.0032749345687336784,-0.002601069712767412,-0.005600628900157556,-0.0031500087562521886,0.0,-0.011351707369176012,0.02302982294496303,40000.0
19307,T33UWP_40000_0,S2A_MSIL2A_20230629T100031_R122_T33UWP_20230629T191411,200,,0.0,0.0375,6.53,80.565,5.705,0.0775,0.2775,4.23,2.535,0.0425,0.0,40000,0,0.0,39999.99999999994,40000.00000000093,0.6662330627441406,6.807500000000001,,0.0,0.009274992943748235,0.06344838336209602,-0.14322017705504209,0.07067359141839802,0.0060249821312455265,0.01577493456873369,-0.04885106971276709,0.0193993710998428,0.007474991243747814,0.0,-0.02197670736917523,0.14322017705504209,40000.0
19313,T33UWP_40000_0,S2A_MSIL2A_20230629T100031_R122_T33UWP_20230629T191411,500,,0.0,0.0625,6.640625,80.25,5.765625,0.0625,0.296875,4.375,2.53125,0.015625,0.0,6400,0,0.0,39999.99999999994,40000.00000000093,0.7147278785705566,6.921875,,0.0,0.034274992943748236,0.17407338336209577,-0.4582201770550398,0.13129859141839795,-0.008975017868754473,0.035149934568733665,0.09614893028723248,0.015649371099842657,-0.01940000875625219,0.0,0.09239829263082378,0.4582201770550398,40000.0
19319,T33UWP_40000_0,S2A_MSIL2A_20230629T100031_R122_T33UWP_20230629T191411,1000,,0.0,0.125,7.0,79.8125,5.5625,0.0625,0.25,4.3125,2.8125,0.0625,0.0,1600,0,0.0,39999.99999999994,40000.00000000093,0.6826190948486328,7.1875,,0.0,0.09677499294374824,0.5334483833620958,-0.8957201770550398,-0.07182640858160205,-0.008975017868754473,-0.011725065431266335,0.03364893028723248,0.29689937109984266,0.02747499124374781,0.0,0.3580232926308238,0.8957201770550398,40000.0
19284,T33UWP_40000_0,S2B_MSIL2A_20230604T095559_R122_T33UWP_20230604T174403,20,,0.0,2.5e-05,0.12775,0.2975,0.466175,0.0,0.8856,16.1459,79.9135,2.16355,0.0,4000000,0,0.0,39999.99999999994,40000.00000000093,1.6698205471038818,98.22295,,0.0,0.0,0.0,0.0,0.0,0.0,0.0,0.0,0.0,0.0,0.0,0.0,0.0,40000.0
19290,T33UWP_40000_0,S2B_MSIL2A_20230604T095559_R122_T33UWP_20230604T174403,50,,0.0,0.0,0.12828125,0.2959375,0.46671875,0.0,0.87828125,16.168125,79.91453125,2.148125,0.0,640000,0,0.0,39999.99999999994,40000.00000000093,0.8068759441375732,98.23078124999999,,0.0,-2.5e-05,0.0005312500000000109,-0.0015624999999999667,0.0005437500000000095,0.0,-0.0073187500000000405,0.02222499999999883,0.0010312499999969305,-0.015425000000000022,0.0,0.007831249999995293,0.007831249999995293,40000.0
19296,T33UWP_40000_0,S2B_MSIL2A_20230604T095559_R122_T33UWP_20230604T174403,100,,0.0,0.0,0.1325,0.29375,0.463125,0.0,0.888125,16.08875,79.9625,2.17125,0.0,160000,0,0.0,39999.99999999994,40000.00000000093,0.9498164653778076,98.22250000000001,,0.0,-2.5e-05,0.004750000000000004,-0.0037499999999999756,-0.003049999999999997,0.0,0.0025249999999999995,-0.057150000000000034,0.049000000000006594,0.007700000000000262,0.0,-0.00044999999998651674,0.004750000000000004,40000.0
19302,T33UWP_40000_0,S2B_MSIL2A_20230604T095559_R122_T33UWP_20230604T174403,200,,0.0,0.0,0.1175,0.2825,0.4475,0.0,0.9025,16.15,79.89,2.21,0.0,40000,0,0.0,39999.99999999994,40000.00000000093,0.6662330627441406,98.24999999999999,,0.0,-2.5e-05,-0.010250000000000009,-0.015000000000000013,-0.018674999999999997,0.0,0.016899999999999915,0.00409999999999755,-0.023499999999998522,0.0464500000000001,0.0,0.027049999999988472,0.027049999999988472,40000.0
19308,T33UWP_40000_0,S2B_MSIL2A_20230604T095559_R122_T33UWP_20230604T174403,500,,0.0,0.0,0.125,0.15625,0.453125,0.0,0.90625,16.03125,80.234375,2.09375,0.0,6400,0,0.0,39999.99999999994,40000.00000000093,0.7147278785705566,98.359375,,0.0,-2.5e-05,-0.0027500000000000024,-0.14125,-0.013050000000000006,0.0,0.020649999999999946,-0.11465000000000103,0.3208750000000009,-0.06979999999999986,0.0,0.13642500000000268,0.14125,40000.0
19314,T33UWP_40000_0,S2B_MSIL2A_20230604T095559_R122_T33UWP_20230604T174403,1000,,0.0,0.0,0.0625,0.0625,0.4375,0.0,0.8125,16.0625,80.75,1.8125,0.0,1600,0,0.0,39999.99999999994,40000.00000000093,0.6826190948486328,98.625,,0.0,-2.5e-05,-0.06525,-0.235,-0.028675000000000006,0.0,-0.07310000000000005,-0.08340000000000103,0.8365000000000009,-0.35104999999999986,0.0,0.4020500000000027,0.4020500000000027,40000.0
19286,T33UWP_40000_0,S2B_MSIL2A_20230614T095559_R122_T33UWP_20230614T142248,20,,0.0,0.022325005581251396,10.622952655738164,40.256185064046264,6.279826569956643,0.05267501316875329,0.8338002084500521,14.230303557575889,23.938530984632745,3.7634009408502354,0.0,4000000,1,2.5e-05,39999.99999999994,40000.00000000093,1.6698205471038818,41.93223548305887,,0.0,0.0,0.0,0.0,0.0,0.0,0.0,0.0,0.0,0.0,0.0,0.0,0.0,40000.0
19292,T33UWP_40000_0,S2B_MSIL2A_20230614T095559_R122_T33UWP_20230614T142248,50,,0.0,0.021718783935599898,10.6248603513443,40.230687860449784,6.285322320816126,0.05203133129895515,0.8410950642110379,14.250334766148072,23.938006153134616,3.7559433686615136,0.0,640000,1,0.00015625,39999.99999999994,40000.00000000093,0.8068759441375732,41.9442842879442,,0.0,-0.0006062216456514981,0.0019076956061354622,-0.02549720359647978,0.005495750859483728,-0.0006436818697981364,0.007294855760985763,0.02003120857218299,-0.00052483149812943,-0.007457572188721784,0.0,0.012048804885331776,0.02549720359647978,40000.0
19298,T33UWP_40000_0,S2B_MSIL2A_20230614T095559_R122_T33UWP_20230614T142248,100,,0.0,0.023125,10.6475,40.225625,6.25875,0.05625,0.84,14.241875,23.94875,3.758125,0.0,160000,0,0.0,39999.99999999994,40000.00000000093,0.9498164653778076,41.94875,,0.0,0.0007999944187486036,0.024547344261836912,-0.03056006404626288,-0.021076569956642643,0.0035749868312467126,0.006199791549947875,0.011571442424111567,0.010219015367255224,-0.0052759408502351945,0.0,0.01651451694112893,0.03056006404626288,40000.0
19304,T33UWP_40000_0,S2B_MSIL2A_20230614T095559_R122_T33UWP_20230614T142248,200,,0.0,0.03,10.5475,40.0825,6.3675,0.05,0.8125,14.2375,24.05,3.8225,0.0,40000,0,0.0,39999.99999999994,40000.00000000093,0.6662330627441406,42.11,,0.0,0.007674994418748603,-0.07545265573816451,-0.1736850640462606,0.08767343004335704,-0.002675013168753286,-0.021300208450052094,0.007196442424111993,0.11146901536725551,0.05909905914976443,0.0,0.1777645169411315,0.1777645169411315,40000.0
19310,T33UWP_40000_0,S2B_MSIL2A_20230614T095559_R122_T33UWP_20230614T142248,500,,0.0,0.03125,10.75,39.515625,6.0,0.0625,0.8125,14.546875,24.59375,3.6875,0.0,6400,0,0.0,39999.99999999994,40000.00000000093,0.7147278785705566,42.828125,,0.0,0.008924994418748604,0.12704734426183606,-0.7405600640462637,-0.2798265699566427,0.009824986831246711,-0.021300208450052094,0.3165714424241113,0.6552190153672548,-0.07590094085023535,0.0,0.8958895169411321,0.8958895169411321,40000.0
19316,T33UWP_40000_0,S2B_MSIL2A_20230614T095559_R122_T33UWP_20230614T142248,1000,,0.0,0.0,10.5,39.875,5.8125,0.0,0.9375,14.9375,23.8125,4.125,0.0,1600,0,0.0,39999.99999999994,40000.00000000093,0.6826190948486328,42.875,,0.0,-0.022325005581251396,-0.12295265573816394,-0.38118506404626373,-0.4673265699566427,-0.05267501316875329,0.1036997915499479,0.7071964424241113,-0.1260309846327452,0.36159905914976465,0.0,0.9427645169411321,0.9427645169411321,40000.0
19288,T33UWP_40000_0,S2B_MSIL2A_20230624T095559_R122_T33UWP_20230624T142946,20,,0.0,0.0,1.696725,0.0,0.0037,0.004625,0.0,12.6371,81.544725,4.103675,0.00945,4000000,0,0.0,39999.99999999994,40000.00000000093,1.6698205471038818,98.2855,,0.0,0.0,0.0,0.0,0.0,0.0,0.0,0.0,0.0,0.0,0.0,0.0,0.0,40000.0
19294,T33UWP_40000_0,S2B_MSIL2A_20230624T095559_R122_T33UWP_20230624T142946,50,,0.0,0.0,1.70125,0.0,0.00515625,0.00484375,0.0,12.64234375,81.53109375,4.10546875,0.00984375,640000,0,0.0,39999.99999999994,40000.00000000093,0.8068759441375732,98.27890624999999,,0.0,0.0,0.00452499999999989,0.0,0.00145625,0.0002187500000000002,0.0,0.0052437499999999915,-0.013631250000003092,0.0017937500000000384,0.00039375,-0.006593750000007503,0.006593750000007503,40000.0
19300,T33UWP_40000_0,S2B_MSIL2A_20230624T095559_R122_T33UWP_20230624T142946,100,,0.0,0.0,1.673125,0.0,0.001875,0.005,0.0,12.648125,81.545,4.1175,0.009375,160000,0,0.0,39999.99999999994,40000.00000000093,0.9498164653778076,98.31062500000002,,0.0,0.0,-0.023600000000000065,0.0,-0.0018250000000000002,0.00037500000000000033,0.0,0.011025000000000063,0.0002750000000020236,0.013824999999999754,-7.500000000000041e-05,0.02512500000001694,0.02512500000001694,40000.0
19306,T33UWP_40000_0,S2B_MSIL2A_20230624T095559_R122_T33UWP_20230624T142946,200,,0.0,0.0,1.655,0.0,0.0025,0.005,0.0,12.525,81.645,4.16,0.0075,40000,0,0.0,39999.99999999994,40000.00000000093,0.6662330627441406,98.33,,0.0,0.0,-0.04172500000000001,0.0,-0.0012000000000000001,0.00037500000000000033,0.0,-0.11209999999999987,0.10027499999999634,0.05632500000000018,-0.0019500000000000003,0.04449999999999932,0.04449999999999932,40000.0
19312,T33UWP_40000_0,S2B_MSIL2A_20230624T095559_R122_T33UWP_20230624T142946,500,,0.0,0.0,1.8125,0.0,0.015625,0.0,0.0,12.703125,81.546875,3.90625,0.015625,6400,0,0.0,39999.99999999994,40000.00000000093,0.7147278785705566,98.15625,,0.0,0.0,0.11577499999999996,0.0,0.011925,-0.004625,0.0,0.06602499999999978,0.0021500000000003183,-0.19742499999999996,0.006175,-0.12924999999999898,0.12924999999999898,40000.0
19318,T33UWP_40000_0,S2B_MSIL2A_20230624T095559_R122_T33UWP_20230624T142946,1000,,0.0,0.0,1.6875,0.0,0.0,0.0,0.0,13.1875,81.25,3.875,0.0,1600,0,0.0,39999.99999999994,40000.00000000093,0.6826190948486328,98.3125,,0.0,0.0,-0.009225000000000039,0.0,-0.0037,-0.004625,0.0,0.5503999999999998,-0.2947249999999997,-0.22867499999999996,-0.00945,0.027000000000001023,0.027000000000001023,40000.0
19321,T33UWP_40000_1,S2A_MSIL2A_20230609T100031_R122_T33UWP_20230609T173715,20,,0.0,0.0,2.949775,0.01945,0.021,0.00505,0.019525,27.894325,65.3084,3.782475,0.0,4000000,0,0.0,40000.00000000006,40000.0,1.9948444366455078,96.9852,,0.0,0.0,0.0,0.0,0.0,0.0,0.0,0.0,0.0,0.0,0.0,0.0,0.0,40000.0
19327,T33UWP_40000_1,S2A_MSIL2A_20230609T100031_R122_T33UWP_20230609T173715,50,,0.0,0.0,2.95078125,0.01859375,0.0215625,0.00546875,0.01890625,27.89625,65.3071875,3.78125,0.0,640000,0,0.0,40000.00000000006,40000.0,0.791520357131958,96.98468749999999,,0.0,0.0,0.0010062500000000973,-0.0008562499999999994,0.000562499999999997,0.00041874999999999985,-0.0006187500000000012,0.0019249999999999545,-0.0012125000000082764,-0.0012249999999998096,0.0,-0.0005125000000134605,0.0010062500000000973,40000.0
19333,T33UWP_40000_1,S2A_MSIL2A_20230609T100031_R122_T33UWP_20230609T173715,100,,0.0,0.0,2.911875,0.02125,0.018125,0.00375,0.023125,27.88875,65.3525,3.780625,0.0,160000,0,0.0,40000.00000000006,40000.0,1.1526610851287842,97.02187500000001,,0.0,0.0,-0.0378999999999996,0.001800000000000003,-0.0028750000000000026,-0.0013,0.003599999999999999,-0.005574999999996777,0.04410000000000025,-0.0018499999999996852,0.0,0.036675000000002456,0.0378999999999996,40000.0
19339,T33UWP_40000_1,S2A_MSIL2A_20230609T100031_R122_T33UWP_20230609T173715,200,,0.0,0.0,2.9875,0.02,0.03,0.005,0.02,27.93,65.175,3.8325,0.0,40000,0,0.0,40000.00000000006,40000.0,0.9492757320404053,96.93749999999999,,0.0,0.0,0.03772500000000001,0.0005500000000000019,0.008999999999999998,-4.99999999999997e-05,0.00047499999999999973,0.035675000000001234,-0.13340000000000884,0.05002500000000021,0.0,-0.04770000000002028,0.04770000000002028,40000.0
19345,T33UWP_40000_1,S2A_MSIL2A_20230609T100031_R122_T33UWP_20230609T173715,500,,0.0,0.0,2.953125,0.015625,0.015625,0.0,0.03125,28.3125,64.890625,3.78125,0.0,6400,0,0.0,40000.00000000006,40000.0,0.6808810234069824,96.984375,,0.0,0.0,0.003350000000000186,-0.0038249999999999985,-0.005375000000000001,-0.00505,0.011725,0.4181750000000015,-0.417775000000006,-0.0012249999999998096,0.0,-0.0008250000000060709,0.011725,40000.0
19351,T33UWP_40000_1,S2A_MSIL2A_20230609T100031_R122_T33UWP_20230609T173715,1000,,0.0,0.0,3.0,0.0625,0.0,0.0,0.0,27.875,65.125,3.9375,0.0,1600,0,0.0,40000.00000000006,40000.0,0.6497318744659424,96.9375,,0.0,0.0,0.050225000000000186,0.043050000000000005,-0.021,-0.00505,-0.019525,-0.019324999999998482,-0.183400000000006,0.1550250000000002,0.0,-0.04770000000000607,0.050225000000000186,40000.0
19323,T33UWP_40000_1,S2A_MSIL2A_20230619T100031_R122_T33UWP_20230619T172742,20,,0.0,0.019075,4.38855,52.310725,5.11215,0.5356,1.9654,8.732525,19.6613,7.274675,0.0,4000000,0,0.0,40000.00000000006,40000.0,1.9948444366455078,35.6685,,0.0,0.0,0.0,0.0,0.0,0.0,0.0,0.0,0.0,0.0,0.0,0.0,0.0,40000.0
19329,T33UWP_40000_1,S2A_MSIL2A_20230619T100031_R122_T33UWP_20230619T172742,50,,0.0,0.01859375,4.394375,52.3059375,5.11375,0.531875,1.96328125,8.73515625,19.6584375,7.27859375,0.0,640000,0,0.0,40000.00000000006,40000.0,0.791520357131958,35.6721875,,0.0,-0.0004812500000000025,0.005824999999999747,-0.004787499999999056,0.0015999999999998238,-0.0037249999999999783,-0.002118749999999947,0.0026312499999985306,-0.002862499999999102,0.003918749999999527,0.0,0.0036874999999980673,0.005824999999999747,40000.0
19335,T33UWP_40000_1,S2A_MSIL2A_20230619T100031_R122_T33UWP_20230619T172742,100,,0.0,0.02125,4.386875,52.27125,5.155,0.521875,1.95625,8.725625,19.669375,7.2925,0.0,160000,0,0.0,40000.00000000006,40000.0,1.1526610851287842,35.6875,,0.0,0.002175,-0.0016750000000005372,-0.03947499999999593,0.0428500000000005,-0.013724999999999987,-0.009149999999999991,-0.006899999999999906,0.008074999999998056,0.017825000000000202,0.0,0.01899999999999835,0.0428500000000005,40000.0
19341,T33UWP_40000_1,S2A_MSIL2A_20230619T100031_R122_T33UWP_20230619T172742,200,,0.0,0.0125,4.395,52.505,5.1125,0.5425,2.0025,8.8175,19.375,7.2375,0.0,40000,0,0.0,40000.00000000006,40000.0,0.9492757320404053,35.43,,0.0,-0.006575000000000001,0.006449999999999179,0.19427500000000464,0.0003500000000000725,0.006900000000000017,0.03709999999999991,0.08497500000000002,-0.28630000000000067,-0.0371750000000004,0.0,-0.23850000000000193,0.23850000000000193,40000.0
19347,T33UWP_40000_1,S2A_MSIL2A_20230619T100031_R122_T33UWP_20230619T172742,500,,0.0,0.046875,4.3125,52.59375,4.828125,0.578125,2.09375,9.0,19.09375,7.453125,0.0,6400,0,0.0,40000.00000000006,40000.0,0.6808810234069824,35.546875,,0.0,0.0278,-0.0760500000000004,0.2830250000000021,-0.28402499999999975,0.042525000000000035,0.12834999999999996,0.26747499999999924,-0.5675500000000007,0.17844999999999978,0.0,-0.12162500000000165,0.28402499999999975,40000.0
19353,T33UWP_40000_1,S2A_MSIL2A_20230619T100031_R122_T33UWP_20230619T172742,1000,,0.0,0.0,5.4375,52.625,5.25,0.375,1.8125,8.375,18.625,7.5,0.0,1600,0,0.0,40000.00000000006,40000.0,0.6497318744659424,34.5,,0.0,-0.019075,1.0489499999999996,0.3142750000000021,0.13785000000000025,-0.16059999999999997,-0.15290000000000004,-0.35752500000000076,-1.0363000000000007,0.22532499999999978,0.0,-1.1685000000000016,1.1685000000000016,40000.0
19325,T33UWP_40000_1,S2A_MSIL2A_20230629T100031_R122_T33UWP_20230629T191411,20,,0.0,0.024100012050006024,8.23735411867706,70.64603532301766,4.893627446813723,1.183725591862796,0.37667518833759417,7.40300370150185,7.166203583101791,0.06925003462501732,2.500001250000625e-05,4000000,2,5e-05,40000.00000000006,40000.0,1.9948444366455078,14.63845731922866,,0.0,0.0,0.0,0.0,0.0,0.0,0.0,0.0,0.0,0.0,0.0,0.0,0.0,40000.0
19331,T33UWP_40000_1,S2A_MSIL2A_20230629T100031_R122_T33UWP_20230629T191411,50,,0.0,0.024843788818420028,8.234856616963464,70.66682916692058,4.881257626965042,1.179220592532176,0.37828184106537666,7.405480321063002,7.1587611855643525,0.07046886010759391,0.0,640000,1,0.00015625,40000.00000000006,40000.0,0.791520357131958,14.634710366734948,,0.0,0.0007437767684140041,-0.002497501713595085,0.02079384390292205,-0.012369819848681018,-0.004504999330620096,0.0016066527277824871,0.0024766195611514163,-0.007442397537438694,0.0012188254825765965,-2.500001250000625e-05,-0.0037469524937119303,0.02079384390292205,40000.0
19337,T33UWP_40000_1,S2A_MSIL2A_20230629T100031_R122_T33UWP_20230629T191411,100,,0.0,0.020625,8.245625,70.654375,4.858125,1.179375,0.400625,7.39625,7.175,0.07,0.0,160000,0,0.0,40000.00000000006,40000.0,1.1526610851287842,14.64125,,0.0,-0.003475012050006023,0.008270881322941293,0.008339676982345168,-0.035502446813723054,-0.0043505918627959606,0.02394981166240584,-0.006753701501850173,0.008796416898208648,0.000749965374982689,-2.500001250000625e-05,0.0027926807713392066,0.035502446813723054,40000.0
19343,T33UWP_40000_1,S2A_MSIL2A_20230629T100031_R122_T33UWP_20230629T191411,200,,0.0,0.02,8.2425,70.6225,4.935,1.2,0.3575,7.3975,7.17,0.055,0.0,40000,0,0.0,40000.00000000006,40000.0,0.9492757320404053,14.622499999999999,,0.0,-0.004100012050006024,0.005145881322940582,-0.023535323017654264,0.041372553186276306,0.016274408137203933,-0.019175188337594185,-0.005503701501850422,0.0037964168982087543,-0.014250034625017317,-2.500001250000625e-05,-0.015957319228661504,0.041372553186276306,40000.0
19349,T33UWP_40000_1,S2A_MSIL2A_20230629T100031_R122_T33UWP_20230629T191411,500,,0.0,0.015625,8.140625,70.8125,4.890625,1.359375,0.34375,6.921875,7.453125,0.0625,0.0,6400,0,0.0,40000.00000000006,40000.0,0.6808810234069824,14.4375,,0.0,-0.008475012050006024,-0.09672911867705913,0.16646467698234346,-0.003002446813723303,0.17564940813720398,-0.03292518833759417,-0.4811287015018504,0.2869214168982088,-0.006750034625017318,-2.500001250000625e-05,-0.20095731922866023,0.20095731922866023,40000.0
19355,T33UWP_40000_1,S2A_MSIL2A_20230629T100031_R122_T33UWP_20230629T191411,1000,,0.0,0.0,8.3125,71.5,4.8125,0.8125,0.0625,7.25,7.25,0.0,0.0,1600,0,0.0,40000.00000000006,40000.0,0.6497318744659424,14.5,,0.0,-0.024100012050006024,0.07514588132294087,0.8539646769823435,-0.0811274468137233,-0.371225591862796,-0.31417518833759417,-0.1530037015018504,0.08379641689820883,-0.06925003462501732,-2.500001250000625e-05,-0.13845731922866023,0.8539646769823435,40000.0
19320,T33UWP_40000_1,S2B_MSIL2A_20230604T095559_R122_T33UWP_20230604T174403,20,,0.0,0.00855,2.6263,31.4831,4.506175,0.411025,3.12285,14.3798,25.86735,17.59485,0.0,4000000,0,0.0,40000.00000000006,40000.0,1.9948444366455078,57.842,,0.0,0.0,0.0,0.0,0.0,0.0,0.0,0.0,0.0,0.0,0.0,0.0,0.0,40000.0
19326,T33UWP_40000_1,S2B_MSIL2A_20230604T095559_R122_T33UWP_20230604T174403,50,,0.0,0.00890625,2.62109375,31.4709375,4.508125,0.40875,3.10953125,14.4028125,25.86515625,17.6046875,0.0,640000,0,0.0,40000.00000000006,40000.0,0.791520357131958,57.87265624999999,,0.0,0.00035624999999999893,-0.005206250000000079,-0.012162499999998744,0.0019499999999998963,-0.0022749999999999715,-0.013318750000000268,0.023012500000000102,-0.0021937499999999943,0.009837499999999721,0.0,0.030656249999992724,0.030656249999992724,40000.0
19332,T33UWP_40000_1,S2B_MSIL2A_20230604T095559_R122_T33UWP_20230604T174403,100,,0.0,0.0075,2.624375,31.52125,4.51,0.40875,3.075625,14.41,25.86875,17.57375,0.0,160000,0,0.0,40000.00000000006,40000.0,1.1526610851287842,57.852500000000006,,0.0,-0.0010500000000000006,-0.0019249999999999545,0.03814999999999813,0.0038249999999999673,-0.0022749999999999715,-0.04722500000000007,0.03020000000000067,0.00140000000000029,-0.021100000000000563,0.0,0.010500000000007503,0.04722500000000007,40000.0
19338,T33UWP_40000_1,S2B_MSIL2A_20230604T095559_R122_T33UWP_20230604T174403,200,,0.0,0.0,2.6225,31.4425,4.6775,0.4125,3.115,14.435,25.63,17.665,0.0,40000,0,0.0,40000.00000000006,40000.0,0.9492757320404053,57.73,,0.0,-0.00855,-0.0038000000000000256,-0.0406000000000013,0.1713250000000004,0.001475000000000004,-0.007849999999999913,0.055200000000001026,-0.23734999999999928,0.07014999999999816,0.0,-0.11200000000000188,0.1713250000000004,40000.0
19344,T33UWP_40000_1,S2B_MSIL2A_20230604T095559_R122_T33UWP_20230604T174403,500,,0.0,0.015625,2.578125,31.375,4.78125,0.453125,3.28125,14.21875,26.21875,17.078125,0.0,6400,0,0.0,40000.00000000006,40000.0,0.6808810234069824,57.515625,,0.0,0.007075,-0.04817500000000008,-0.10810000000000031,0.2750750000000002,0.042100000000000026,0.15839999999999987,-0.16104999999999947,0.3514000000000017,-0.516725000000001,0.0,-0.32637499999999875,0.32637499999999875,40000.0
19350,T33UWP_40000_1,S2B_MSIL2A_20230604T095559_R122_T33UWP_20230604T174403,1000,,0.0,0.0,2.5625,31.6875,4.75,0.25,3.0,15.8125,25.4375,16.5,0.0,1600,0,0.0,40000.00000000006,40000.0,0.6497318744659424,57.75,,0.0,-0.00855,-0.06380000000000008,0.2043999999999997,0.24382500000000018,-0.16102499999999997,-0.12285000000000013,1.4327000000000005,-0.4298499999999983,-1.094850000000001,0.0,-0.09199999999999875,0.24382500000000018,40000.0
19322,T33UWP_40000_1,S2B_MSIL2A_20230614T095559_R122_T33UWP_20230614T142248,20,,0.0,0.019525,10.8758,60.64255,6.214125,1.09985,0.3645,9.18135,11.2105,0.3918,0.0,4000000,0,0.0,40000.00000000006,40000.0,1.9948444366455078,20.783649999999998,,0.0,0.0,0.0,0.0,0.0,0.0,0.0,0.0,0.0,0.0,0.0,0.0,0.0,40000.0
19328,T33UWP_40000_1,S2B_MSIL2A_20230614T095559_R122_T33UWP_20230614T142248,50,,0.0,0.02171875,10.8778125,60.6696875,6.19765625,1.09296875,0.36703125,9.16359375,11.21921875,0.3903125,0.0,640000,0,0.0,40000.00000000006,40000.0,0.791520357131958,20.773125,,0.0,0.002193749999999998,0.0020124999999993065,0.027137500000002035,-0.016468750000000476,-0.00688124999999995,0.002531249999999985,-0.017756249999999696,0.008718749999999886,-0.001487499999999975,0.0,-0.010524999999997675,0.027137500000002035,40000.0
19334,T33UWP_40000_1,S2B_MSIL2A_20230614T095559_R122_T33UWP_20230614T142248,100,,0.0,0.018125,10.881875,60.69,6.2025,1.09625,0.359375,9.135625,11.21875,0.3975,0.0,160000,0,0.0,40000.00000000006,40000.0,1.1526610851287842,20.751875,,0.0,-0.001400000000000002,0.006075000000000941,0.04744999999999777,-0.01162500000000044,-0.0036000000000000476,-0.005124999999999991,-0.045725000000000904,0.008250000000000313,0.005700000000000038,0.0,-0.031774999999999665,0.04744999999999777,40000.0
19340,T33UWP_40000_1,S2B_MSIL2A_20230614T095559_R122_T33UWP_20230614T142248,200,,0.0,0.0125,10.945,60.7625,6.165,1.1325,0.34,9.0525,11.185,0.405,0.0,40000,0,0.0,40000.00000000006,40000.0,0.9492757320404053,20.642500000000002,,0.0,-0.007025,0.06920000000000037,0.11995000000000289,-0.049125000000000085,0.03265000000000007,-0.024499999999999966,-0.1288499999999999,-0.02549999999999919,0.013200000000000045,0.0,-0.1411499999999961,0.1411499999999961,40000.0
19346,T33UWP_40000_1,S2B_MSIL2A_20230614T095559_R122_T33UWP_20230614T142248,500,,0.0,0.015625,10.703125,60.5625,6.59375,1.34375,0.359375,9.03125,10.984375,0.40625,0.0,6400,0,0.0,40000.00000000006,40000.0,0.6808810234069824,20.421875,,0.0,-0.0039000000000000007,-0.1726749999999999,-0.08004999999999995,0.3796249999999999,0.2439,-0.005124999999999991,-0.15010000000000012,-0.2261249999999997,0.014450000000000018,0.0,-0.36177499999999796,0.3796249999999999,40000.0
19352,T33UWP_40000_1,S2B_MSIL2A_20230614T095559_R122_T33UWP_20230614T142248,1000,,0.0,0.0,10.4375,61.1875,6.875,0.75,0.4375,8.0625,11.875,0.375,0.0,1600,0,0.0,40000.00000000006,40000.0,0.6497318744659424,20.3125,,0.0,-0.019525,-0.4382999999999999,0.54495,0.6608749999999999,-0.34985,0.07300000000000001,-1.1188500000000001,0.6645000000000003,-0.01679999999999998,0.0,-0.47114999999999796,0.6608749999999999,40000.0
19324,T33UWP_40000_1,S2B_MSIL2A_20230624T095559_R122_T33UWP_20230624T142946,20,,0.0,0.0,0.033925,0.0,0.0006,0.0067,0.0,4.3676,94.32405,1.266625,0.0005,4000000,0,0.0,40000.00000000006,40000.0,1.9948444366455078,99.958275,,0.0,0.0,0.0,0.0,0.0,0.0,0.0,0.0,0.0,0.0,0.0,0.0,0.0,40000.0
19330,T33UWP_40000_1,S2B_MSIL2A_20230624T095559_R122_T33UWP_20230624T142946,50,,0.0,0.0,0.03390625,0.0,0.00046875,0.00640625,0.0,4.36203125,94.3278125,1.26890625,0.00046875,640000,0,0.0,40000.00000000006,40000.0,0.791520357131958,99.95875,,0.0,0.0,-1.8749999999997935e-05,0.0,-0.00013124999999999996,-0.0002937500000000006,0.0,-0.005568750000000122,0.0037624999999934516,0.0022812500000000124,-3.125000000000003e-05,0.0004749999999944521,0.0004749999999944521,40000.0
19336,T33UWP_40000_1,S2B_MSIL2A_20230624T095559_R122_T33UWP_20230624T142946,100,,0.0,0.0,0.035625,0.0,0.000625,0.00625,0.0,4.35125,94.33125,1.274375,0.000625,160000,0,0.0,40000.00000000006,40000.0,1.1526610851287842,99.95687500000001,,0.0,0.0,0.0017000000000000001,0.0,2.5000000000000066e-05,-0.0004499999999999999,0.0,-0.016350000000000087,0.007199999999997431,0.007750000000000146,0.000125,-0.0013999999999896318,0.0017000000000000001,40000.0
19342,T33UWP_40000_1,S2B_MSIL2A_20230624T095559_R122_T33UWP_20230624T142946,200,,0.0,0.0,0.035,0.0,0.0,0.0075,0.0,4.3925,94.3,1.265,0.0,40000,0,0.0,40000.00000000006,40000.0,0.9492757320404053,99.9575,,0.0,0.0,0.0010750000000000065,0.0,-0.0006,0.0007999999999999995,0.0,0.0248999999999997,-0.02405000000000257,-0.0016249999999999876,-0.0005,-0.000775000000004411,0.0010750000000000065,40000.0
19348,T33UWP_40000_1,S2B_MSIL2A_20230624T095559_R122_T33UWP_20230624T142946,500,,0.0,0.0,0.03125,0.0,0.0,0.0,0.0,4.515625,94.125,1.328125,0.0,6400,0,0.0,40000.00000000006,40000.0,0.6808810234069824,99.96875,,0.0,0.0,-0.002674999999999997,0.0,-0.0006,-0.0067,0.0,0.14802499999999963,-0.19904999999999973,0.06150000000000011,-0.0005,0.010474999999999568,0.010474999999999568,40000.0
19354,T33UWP_40000_1,S2B_MSIL2A_20230624T095559_R122_T33UWP_20230624T142946,1000,,0.0,0.0,0.0,0.0,0.0,0.0,0.0,4.5,94.25,1.25,0.0,1600,0,0.0,40000.00000000006,40000.0,0.6497318744659424,100.0,,0.0,0.0,-0.033925,0.0,-0.0006,-0.0067,0.0,0.13239999999999963,-0.07404999999999973,-0.01662499999999989,-0.0005,0.04172499999999957,0.04172499999999957,40000.0
19357,T33UWP_40000_3,S2A_MSIL2A_20230609T100031_R122_T33UWP_20230609T173715,20,,0.0,0.0,6.216625,0.148,0.01935,0.0,0.0762,13.44895,78.6867,1.404175,0.0,4000000,0,0.0,40000.000000000466,40000.00000000093,1.6853806972503662,93.539825,,0.0,0.0,0.0,0.0,0.0,0.0,0.0,0.0,0.0,0.0,0.0,0.0,0.0,40000.0
19363,T33UWP_40000_3,S2A_MSIL2A_20230609T100031_R122_T33UWP_20230609T173715,50,,0.0,0.0,6.20890625,0.14765625,0.01875,0.0,0.07796875,13.45640625,78.68875,1.4015625,0.0,640000,0,0.0,40000.000000000466,40000.00000000093,0.6802937984466553,93.54671875,,0.0,0.0,-0.007718749999999552,-0.0003437500000000038,-0.0005999999999999998,0.0,0.0017687499999999995,0.007456250000000608,0.0020499999999969987,-0.0026124999999999066,0.0,0.0068937500000032514,0.007718749999999552,40000.0
19369,T33UWP_40000_3,S2A_MSIL2A_20230609T100031_R122_T33UWP_20230609T173715,100,,0.0,0.0,6.2375,0.14875,0.02125,0.0,0.073125,13.434375,78.665,1.42,0.0,160000,0,0.0,40000.000000000466,40000.00000000093,0.6248958110809326,93.51937500000001,,0.0,0.0,0.0208750000000002,0.0007500000000000007,0.0019000000000000024,0.0,-0.0030750000000000083,-0.01457500000000067,-0.02169999999999561,0.015824999999999978,0.0,-0.020449999999982538,0.0208750000000002,40000.0
19375,T33UWP_40000_3,S2A_MSIL2A_20230609T100031_R122_T33UWP_20230609T173715,200,,0.0,0.0,6.24,0.145,0.0125,0.0,0.0875,13.3275,78.775,1.4125,0.0,40000,0,0.0,40000.000000000466,40000.00000000093,0.591416597366333,93.515,,0.0,0.0,0.02337500000000059,-0.0030000000000000027,-0.0068499999999999985,0.0,0.01129999999999999,-0.12144999999999939,0.08830000000000382,0.008325000000000138,0.0,-0.02482499999999277,0.02482499999999277,40000.0
19381,T33UWP_40000_3,S2A_MSIL2A_20230609T100031_R122_T33UWP_20230609T173715,500,,0.0,0.0,6.265625,0.125,0.046875,0.0,0.0625,13.046875,79.015625,1.4375,0.0,6400,0,0.0,40000.000000000466,40000.00000000093,0.5871601104736328,93.5,,0.0,0.0,0.04900000000000038,-0.022999999999999993,0.027525,0.0,-0.013700000000000004,-0.40207499999999996,0.32892499999999814,0.03332500000000005,0.0,-0.03982499999999334,0.04900000000000038,40000.0
19387,T33UWP_40000_3,S2A_MSIL2A_20230609T100031_R122_T33UWP_20230609T173715,1000,,0.0,0.0,6.5,0.125,0.0,0.0,0.0625,13.9375,77.8125,1.5625,0.0,1600,0,0.0,40000.000000000466,40000.00000000093,0.6040792465209961,93.3125,,0.0,0.0,0.2833750000000004,-0.022999999999999993,-0.01935,0.0,-0.013700000000000004,0.48855000000000004,-0.8742000000000019,0.15832500000000005,0.0,-0.22732499999999334,0.2833750000000004,40000.0
19359,T33UWP_40000_3,S2A_MSIL2A_20230619T100031_R122_T33UWP_20230619T172742,20,,0.0,0.006375,4.77045,42.773925,0.933575,0.002025,0.23255,12.580225,15.271775,23.4291,0.0,4000000,0,0.0,40000.000000000466,40000.00000000093,1.6853806972503662,51.281099999999995,,0.0,0.0,0.0,0.0,0.0,0.0,0.0,0.0,0.0,0.0,0.0,0.0,0.0,40000.0
19365,T33UWP_40000_3,S2A_MSIL2A_20230619T100031_R122_T33UWP_20230619T172742,50,,0.0,0.0059375,4.7625,42.778125,0.93515625,0.00234375,0.23359375,12.59703125,15.25453125,23.43078125,0.0,640000,0,0.0,40000.000000000466,40000.00000000093,0.6802937984466553,51.282343749999995,,0.0,-0.0004374999999999995,-0.007950000000000124,0.004200000000004422,0.0015812499999999785,0.00031875,0.0010437499999999822,0.016806250000000134,-0.017243750000000446,0.0016812500000007446,0.0,0.001243750000000432,0.007950000000000124,40000.0
19371,T33UWP_40000_3,S2A_MSIL2A_20230619T100031_R122_T33UWP_20230619T172742,100,,0.0,0.006875,4.775625,42.80875,0.926875,0.0025,0.225,12.630625,15.23375,23.39,0.0,160000,0,0.0,40000.000000000466,40000.00000000093,0.6248958110809326,51.254375,,0.0,0.0005000000000000004,0.005174999999999486,0.03482500000000499,-0.006700000000000039,0.00047500000000000016,-0.007550000000000001,0.05039999999999978,-0.03802499999999931,-0.03909999999999769,0.0,-0.026724999999991894,0.03482500000000499,40000.0
19377,T33UWP_40000_3,S2A_MSIL2A_20230619T100031_R122_T33UWP_20230619T172742,200,,0.0,0.0075,4.7775,42.8525,0.9975,0.0,0.2275,12.51,15.2225,23.405,0.0,40000,0,0.0,40000.000000000466,40000.00000000093,0.591416597366333,51.1375,,0.0,0.0011250000000000001,0.007049999999999557,0.07857500000000073,0.06392500000000001,-0.002025,-0.005049999999999999,-0.07022500000000065,-0.049274999999999736,-0.024099999999997124,0.0,-0.14359999999999218,0.14359999999999218,40000.0
19383,T33UWP_40000_3,S2A_MSIL2A_20230619T100031_R122_T33UWP_20230619T172742,500,,0.0,0.015625,4.796875,42.734375,0.875,0.0,0.265625,12.484375,15.390625,23.4375,0.0,6400,0,0.0,40000.000000000466,40000.00000000093,0.5871601104736328,51.3125,,0.0,0.009250000000000001,0.0264249999999997,-0.03954999999999842,-0.058575000000000044,-0.002025,0.03307499999999999,-0.09585000000000043,0.11885000000000012,0.00840000000000174,0.0,0.03140000000000498,0.058575000000000044,40000.0
19389,T33UWP_40000_3,S2A_MSIL2A_20230619T100031_R122_T33UWP_20230619T172742,1000,,0.0,0.0,4.75,42.4375,0.8125,0.0,0.125,13.0625,15.0625,23.75,0.0,1600,0,0.0,40000.000000000466,40000.00000000093,0.6040792465209961,51.875,,0.0,-0.006375,-0.0204500000000003,-0.3364249999999984,-0.12107500000000004,-0.002025,-0.10755,0.48227499999999957,-0.20927499999999988,0.32090000000000174,0.0,0.593900000000005,0.593900000000005,40000.0
19361,T33UWP_40000_3,S2A_MSIL2A_20230629T100031_R122_T33UWP_20230629T191411,20,,0.0,0.008275002068750517,5.636351409087852,88.42004710501178,1.6294254073563519,0.0025000006250001563,0.224075056018764,2.7296006824001706,1.3223503305875826,0.02737500684375171,0.0,4000000,1,2.5e-05,40000.000000000466,40000.00000000093,1.6853806972503662,4.0793260198315044,,0.0,0.0,0.0,0.0,0.0,0.0,0.0,0.0,0.0,0.0,0.0,0.0,0.0,40000.0
19367,T33UWP_40000_3,S2A_MSIL2A_20230629T100031_R122_T33UWP_20230629T191411,50,,0.0,0.00796875,5.6328125,88.41640625,1.6290625,0.00265625,0.22640625,2.73015625,1.32734375,0.0271875,0.0,640000,0,0.0,40000.000000000466,40000.00000000093,0.6802937984466553,4.0846875,,0.0,-0.00030625206875051735,-0.003538909087851927,-0.003640855011781241,-0.0003629073563518048,0.0001562493749998439,0.0023311939812359905,0.0005555675998292209,0.004993419412417488,-0.00018750684375171134,0.0,0.0053614801684958024,0.0053614801684958024,40000.0
19373,T33UWP_40000_3,S2A_MSIL2A_20230629T100031_R122_T33UWP_20230629T191411,100,,0.0,0.005625,5.636875,88.425,1.62125,0.0025,0.225,2.719375,1.338125,0.02625,0.0,160000,0,0.0,40000.000000000466,40000.00000000093,0.6248958110809326,4.08375,,0.0,-0.0026500020687505177,0.000523590912147931,0.004952894988221601,-0.008175407356351805,-6.250001562298213e-10,0.0009249439812359928,-0.010225682400170744,0.015774669412417452,-0.0011250068437517122,0.0,0.004423980168495767,0.008175407356351805,40000.0
19379,T33UWP_40000_3,S2A_MSIL2A_20230629T100031_R122_T33UWP_20230629T191411,200,,0.0,0.01,5.6325,88.47,1.57,0.0025,0.2675,2.6575,1.3725,0.0175,0.0,40000,0,0.0,40000.000000000466,40000.00000000093,0.591416597366333,4.0475,,0.0,0.0017249979312494827,-0.0038514090878516427,0.049952894988223306,-0.05942540735635182,-6.250001562298213e-10,0.043424943981236,-0.07210068240017042,0.0501496694124175,-0.00987500684375171,0.0,-0.031826019831504127,0.05942540735635182,40000.0
19385,T33UWP_40000_3,S2A_MSIL2A_20230629T100031_R122_T33UWP_20230629T191411,500,,0.0,0.015625,5.890625,87.890625,1.671875,0.0,0.234375,2.890625,1.390625,0.015625,0.0,6400,0,0.0,40000.000000000466,40000.00000000093,0.5871601104736328,4.296875,,0.0,0.0073499979312494825,0.2542735909121481,-0.5294221050117756,0.042449592643648115,-0.0025000006250001563,0.010299943981235987,0.16102431759982938,0.06827466941241744,-0.011750006843751711,0.0,0.21754898016849555,0.5294221050117756,40000.0
19391,T33UWP_40000_3,S2A_MSIL2A_20230629T100031_R122_T33UWP_20230629T191411,1000,,0.0,0.0,6.3125,87.6875,1.625,0.0,0.0625,2.9375,1.375,0.0,0.0,1600,0,0.0,40000.000000000466,40000.00000000093,0.6040792465209961,4.3125,,0.0,-0.008275002068750517,0.6761485909121481,-0.7325471050117756,-0.004425407356351885,-0.0025000006250001563,-0.161575056018764,0.20789931759982938,0.052649669412417444,-0.02737500684375171,0.0,0.23317398016849555,0.7325471050117756,40000.0
19356,T33UWP_40000_3,S2B_MSIL2A_20230604T095559_R122_T33UWP_20230604T174403,20,,0.0,0.0,0.3932,7.316675,2.7519,0.0,2.733075,19.54295,63.170625,4.091575,0.0,4000000,0,0.0,40000.000000000466,40000.00000000093,1.6853806972503662,86.80515000000001,,0.0,0.0,0.0,0.0,0.0,0.0,0.0,0.0,0.0,0.0,0.0,0.0,0.0,40000.0
19362,T33UWP_40000_3,S2B_MSIL2A_20230604T095559_R122_T33UWP_20230604T174403,50,,0.0,0.0,0.3928125,7.32078125,2.74734375,0.0,2.733125,19.5278125,63.18125,4.096875,0.0,640000,0,0.0,40000.000000000466,40000.00000000093,0.6802937984466553,86.8059375,,0.0,0.0,-0.0003874999999999851,0.004106249999999534,-0.004556249999999817,0.0,4.999999999988347e-05,-0.01513750000000158,0.010624999999997442,0.005300000000000082,0.0,0.0007874999999870624,0.004556249999999817,40000.0
19368,T33UWP_40000_3,S2B_MSIL2A_20230604T095559_R122_T33UWP_20230604T174403,100,,0.0,0.0,0.393125,7.320625,2.750625,0.0,2.755,19.4925,63.206875,4.08125,0.0,160000,0,0.0,40000.000000000466,40000.00000000093,0.6248958110809326,86.780625,,0.0,0.0,-7.499999999999174e-05,0.003949999999999676,-0.0012750000000001371,0.0,0.021924999999999972,-0.05045000000000144,0.03624999999999545,-0.010324999999999918,0.0,-0.024525000000011232,0.024525000000011232,40000.0
19374,T33UWP_40000_3,S2B_MSIL2A_20230604T095559_R122_T33UWP_20230604T174403,200,,0.0,0.0,0.38,7.4225,2.74,0.0,2.78,19.465,63.1,4.1125,0.0,40000,0,0.0,40000.000000000466,40000.00000000093,0.591416597366333,86.6775,,0.0,0.0,-0.01319999999999999,0.10582500000000028,-0.0118999999999998,0.0,0.046924999999999883,-0.0779500000000013,-0.07062499999999972,0.020925000000000082,0.0,-0.12765000000001692,0.12765000000001692,40000.0
19380,T33UWP_40000_3,S2B_MSIL2A_20230604T095559_R122_T33UWP_20230604T174403,500,,0.0,0.0,0.328125,7.28125,2.8125,0.0,2.6875,18.65625,63.765625,4.46875,0.0,6400,0,0.0,40000.000000000466,40000.00000000093,0.5871601104736328,86.890625,,0.0,0.0,-0.065075,-0.03542500000000004,0.06059999999999999,0.0,-0.04557499999999992,-0.8867000000000012,0.5949999999999989,0.37717500000000026,0.0,0.0854749999999882,0.0854749999999882,40000.0
19386,T33UWP_40000_3,S2B_MSIL2A_20230604T095559_R122_T33UWP_20230604T174403,1000,,0.0,0.0,0.4375,7.3125,2.9375,0.0,2.75,19.625,62.8125,4.125,0.0,1600,0,0.0,40000.000000000466,40000.00000000093,0.6040792465209961,86.5625,,0.0,0.0,0.044300000000000006,-0.00417500000000004,0.1856,0.0,0.01692500000000008,0.08204999999999885,-0.35812500000000114,0.03342500000000026,0.0,-0.2426500000000118,0.2426500000000118,40000.0
19358,T33UWP_40000_3,S2B_MSIL2A_20230614T095559_R122_T33UWP_20230614T142248,20,,0.0,0.001475,7.207075,13.836075,1.2304,0.0,3.04175,22.141225,52.019,0.523,0.0,4000000,0,0.0,40000.000000000466,40000.00000000093,1.6853806972503662,74.683225,,0.0,0.0,0.0,0.0,0.0,0.0,0.0,0.0,0.0,0.0,0.0,0.0,0.0,40000.0
19364,T33UWP_40000_3,S2B_MSIL2A_20230614T095559_R122_T33UWP_20230614T142248,50,,0.0,0.00125,7.21203125,13.8325,1.2409375,0.0,3.04484375,22.136875,52.0071875,0.524375,0.0,640000,0,0.0,40000.000000000466,40000.00000000093,0.6802937984466553,74.66843750000001,,0.0,-0.00022499999999999994,0.004956250000000217,-0.0035749999999996618,0.010537500000000088,0.0,0.0030937500000001172,-0.004349999999998744,-0.011812499999997783,0.001375000000000015,0.0,-0.014787499999982856,0.014787499999982856,40000.0
19370,T33UWP_40000_3,S2B_MSIL2A_20230614T095559_R122_T33UWP_20230614T142248,100,,0.0,0.00125,7.2,13.866875,1.215,0.0,3.020625,22.135,52.030625,0.530625,0.0,160000,0,0.0,40000.000000000466,40000.00000000093,0.6248958110809326,74.69625,,0.0,-0.00022499999999999994,-0.007074999999999498,0.03080000000000105,-0.015399999999999858,0.0,-0.02112500000000006,-0.0062249999999970385,0.011625000000002217,0.007624999999999993,0.0,0.013025000000013165,0.03080000000000105,40000.0
19376,T33UWP_40000_3,S2B_MSIL2A_20230614T095559_R122_T33UWP_20230614T142248,200,,0.0,0.0,7.2325,13.745,1.2375,0.0,3.1025,22.08,52.1375,0.465,0.0,40000,0,0.0,40000.000000000466,40000.00000000093,0.591416597366333,74.6825,,0.0,-0.001475,0.025425000000000253,-0.09107500000000002,0.007100000000000106,0.0,0.06075000000000008,-0.06122500000000031,0.11850000000000449,-0.057999999999999996,0.0,-0.0007249999999885404,0.09107500000000002,40000.0
19382,T33UWP_40000_3,S2B_MSIL2A_20230614T095559_R122_T33UWP_20230614T142248,500,,0.0,0.0,7.578125,13.828125,0.953125,0.0,2.828125,21.515625,52.796875,0.5,0.0,6400,0,0.0,40000.000000000466,40000.00000000093,0.5871601104736328,74.8125,,0.0,-0.001475,0.3710500000000003,-0.007949999999999235,-0.27727499999999994,0.0,-0.21362499999999995,-0.6255999999999986,0.7778750000000016,-0.02300000000000002,0.0,0.1292750000000069,0.3710500000000003,40000.0
19388,T33UWP_40000_3,S2B_MSIL2A_20230614T095559_R122_T33UWP_20230614T142248,1000,,0.0,0.0,7.3125,13.8125,0.8125,0.0,3.125,22.3125,52.125,0.5,0.0,1600,0,0.0,40000.000000000466,40000.00000000093,0.6040792465209961,74.9375,,0.0,-0.001475,0.10542500000000032,-0.023574999999999235,-0.41789999999999994,0.0,0.08325000000000005,0.1712750000000014,0.10600000000000165,-0.02300000000000002,0.0,0.2542750000000069,0.41789999999999994,40000.0
19360,T33UWP_40000_3,S2B_MSIL2A_20230624T095559_R122_T33UWP_20230624T142946,20,,0.0,0.0,0.0359,0.0,0.0,0.0,0.0,0.7275,99.2365,0.0,0.0001,4000000,0,0.0,40000.000000000466,40000.00000000093,1.6853806972503662,99.96400000000001,,0.0,0.0,0.0,0.0,0.0,0.0,0.0,0.0,0.0,0.0,0.0,0.0,0.0,40000.0
19366,T33UWP_40000_3,S2B_MSIL2A_20230624T095559_R122_T33UWP_20230624T142946,50,,0.0,0.0,0.03484375,0.0,0.0,0.0,0.0,0.72828125,99.23671875,0.0,0.00015625,640000,0,0.0,40000.000000000466,40000.00000000093,0.6802937984466553,99.96499999999999,,0.0,0.0,-0.0010562500000000016,0.0,0.0,0.0,0.0,0.0007812499999999556,0.00021874999998772182,0.0,5.625e-05,0.0009999999999763531,0.0010562500000000016,40000.0
19372,T33UWP_40000_3,S2B_MSIL2A_20230624T095559_R122_T33UWP_20230624T142946,100,,0.0,0.0,0.033125,0.0,0.0,0.0,0.0,0.72375,99.243125,0.0,0.0,160000,0,0.0,40000.000000000466,40000.00000000093,0.6248958110809326,99.966875,,0.0,0.0,-0.0027749999999999997,0.0,0.0,0.0,0.0,-0.003750000000000031,0.006624999999999659,0.0,-0.0001,0.0028749999999888587,0.0028749999999888587,40000.0
19378,T33UWP_40000_3,S2B_MSIL2A_20230624T095559_R122_T33UWP_20230624T142946,200,,0.0,0.0,0.0375,0.0,0.0,0.0,0.0,0.7475,99.215,0.0,0.0,40000,0,0.0,40000.000000000466,40000.00000000093,0.591416597366333,99.9625,,0.0,0.0,0.0015999999999999973,0.0,0.0,0.0,0.0,0.020000000000000018,-0.021500000000003183,0.0,-0.0001,-0.0015000000000071623,0.0015999999999999973,40000.0
19384,T33UWP_40000_3,S2B_MSIL2A_20230624T095559_R122_T33UWP_20230624T142946,500,,0.0,0.0,0.046875,0.0,0.0,0.0,0.0,0.5625,99.390625,0.0,0.0,6400,0,0.0,40000.000000000466,40000.00000000093,0.5871601104736328,99.953125,,0.0,0.0,0.010974999999999999,0.0,0.0,0.0,0.0,-0.16500000000000004,0.1541249999999934,0.0,-0.0001,-0.010875000000012847,0.010974999999999999,40000.0
19390,T33UWP_40000_3,S2B_MSIL2A_20230624T095559_R122_T33UWP_20230624T142946,1000,,0.0,0.0,0.0625,0.0,0.0,0.0,0.0,0.6875,99.25,0.0,0.0,1600,0,0.0,40000.000000000466,40000.00000000093,0.6040792465209961,99.9375,,0.0,0.0,0.0266,0.0,0.0,0.0,0.0,-0.040000000000000036,0.013499999999993406,0.0,-0.0001,-0.026500000000012847,0.0266,40000.0
19393,T33UWP_40000_4,S2A_MSIL2A_20230609T100031_R122_T33UWP_20230609T173715,20,,0.0,0.0,0.211875,0.07625,0.007425,0.0,0.003225,25.29875,69.990325,4.41215,0.0,4000000,0,0.0,40000.000000000466,40000.0,1.4907739162445068,99.701225,,0.0,0.0,0.0,0.0,0.0,0.0,0.0,0.0,0.0,0.0,0.0,0.0,0.0,40000.0
19399,T33UWP_40000_4,S2A_MSIL2A_20230609T100031_R122_T33UWP_20230609T173715,50,,0.0,0.0,0.21203125,0.07640625,0.0075,0.0,0.003125,25.2853125,69.99484375,4.42078125,0.0,640000,0,0.0,40000.000000000466,40000.0,0.7491641044616699,99.70093750000001,,0.0,0.0,0.00015624999999999667,0.00015624999999999667,7.499999999999955e-05,0.0,-9.999999999999983e-05,-0.013437499999998437,0.004518750000002569,0.008631250000000534,0.0,-0.000287499999984675,0.000287499999984675,40000.0
19405,T33UWP_40000_4,S2A_MSIL2A_20230609T100031_R122_T33UWP_20230609T173715,100,,0.0,0.0,0.20625,0.07875,0.0075,0.0,0.0025,25.35,69.9525,4.4025,0.0,160000,0,0.0,40000.000000000466,40000.0,0.8463418483734131,99.70500000000001,,0.0,0.0,-0.005625000000000019,0.0025000000000000022,7.499999999999955e-05,0.0,-0.000725,0.051250000000003126,-0.037824999999998,-0.009649999999999714,0.0,0.0037750000000187356,0.005625000000000019,40000.0
19411,T33UWP_40000_4,S2A_MSIL2A_20230609T100031_R122_T33UWP_20230609T173715,200,,0.0,0.0,0.1975,0.0775,0.0075,0.0,0.0,25.1775,70.125,4.415,0.0,40000,0,0.0,40000.000000000466,40000.0,0.6419837474822998,99.7175,,0.0,0.0,-0.014374999999999999,0.0012500000000000011,7.499999999999955e-05,0.0,-0.003225,-0.12124999999999986,0.13467500000000143,0.0028500000000004633,0.0,0.016275000000007367,0.016275000000007367,40000.0
19417,T33UWP_40000_4,S2A_MSIL2A_20230609T100031_R122_T33UWP_20230609T173715,500,,0.0,0.0,0.328125,0.0625,0.015625,0.0,0.0,25.359375,70.078125,4.15625,0.0,6400,0,0.0,40000.000000000466,40000.0,0.6595907211303711,99.59375,,0.0,0.0,0.11624999999999999,-0.013749999999999998,0.008199999999999999,0.0,-0.003225,0.060625000000001705,0.08780000000000143,-0.2558999999999996,0.0,-0.10747499999999377,0.11624999999999999,40000.0
19423,T33UWP_40000_4,S2A_MSIL2A_20230609T100031_R122_T33UWP_20230609T173715,1000,,0.0,0.0,0.25,0.125,0.0,0.0,0.0,24.6875,70.0625,4.875,0.0,1600,0,0.0,40000.000000000466,40000.0,0.7005836963653564,99.625,,0.0,0.0,0.03812499999999999,0.04875,-0.007425,0.0,-0.003225,-0.6112499999999983,0.07217500000000143,0.4628500000000004,0.0,-0.07622499999999377,0.07622499999999377,40000.0
19395,T33UWP_40000_4,S2A_MSIL2A_20230619T100031_R122_T33UWP_20230619T172742,20,,0.0,0.0399,0.238025,73.461725,14.60265,1.02845,0.439125,0.8913,0.07705,9.221775,0.0,4000000,0,0.0,40000.000000000466,40000.0,1.4907739162445068,10.190124999999998,,0.0,0.0,0.0,0.0,0.0,0.0,0.0,0.0,0.0,0.0,0.0,0.0,0.0,40000.0
19401,T33UWP_40000_4,S2A_MSIL2A_20230619T100031_R122_T33UWP_20230619T172742,50,,0.0,0.03859375,0.2375,73.48765625,14.58609375,1.0271875,0.43171875,0.89234375,0.074375,9.22453125,0.0,640000,0,0.0,40000.000000000466,40000.0,0.7491641044616699,10.19125,,0.0,-0.001306249999999995,-0.0005249999999999977,0.025931249999999295,-0.016556250000000716,-0.0012625000000001663,-0.007406250000000003,0.00104375000000001,-0.002674999999999997,0.002756250000000904,0.0,0.001125000000001819,0.025931249999999295,40000.0
19407,T33UWP_40000_4,S2A_MSIL2A_20230619T100031_R122_T33UWP_20230619T172742,100,,0.0,0.041875,0.240625,73.554375,14.5075,1.026875,0.434375,0.88375,0.075,9.235625,0.0,160000,0,0.0,40000.000000000466,40000.0,0.8463418483734131,10.194375,,0.0,0.0019750000000000045,0.002600000000000019,0.0926499999999919,-0.09515000000000029,-0.001575000000000104,-0.0047499999999999765,-0.007549999999999946,-0.0020499999999999963,0.013850000000001472,0.0,0.0042500000000025295,0.09515000000000029,40000.0
19413,T33UWP_40000_4,S2A_MSIL2A_20230619T100031_R122_T33UWP_20230619T172742,200,,0.0,0.0475,0.2525,73.5275,14.5125,1.0175,0.4325,0.9325,0.08,9.1975,0.0,40000,0,0.0,40000.000000000466,40000.0,0.6419837474822998,10.209999999999999,,0.0,0.007600000000000003,0.014475000000000016,0.06577500000000214,-0.09015000000000128,-0.010950000000000015,-0.006624999999999992,0.041200000000000014,0.002950000000000008,-0.02427499999999938,0.0,0.019875000000000753,0.09015000000000128,40000.0
19419,T33UWP_40000_4,S2A_MSIL2A_20230619T100031_R122_T33UWP_20230619T172742,500,,0.0,0.03125,0.25,73.375,14.78125,0.9375,0.46875,0.828125,0.109375,9.21875,0.0,6400,0,0.0,40000.000000000466,40000.0,0.6595907211303711,10.15625,,0.0,-0.008649999999999998,0.011975000000000013,-0.08672500000000127,0.17859999999999943,-0.09095000000000009,0.029625000000000012,-0.06317499999999998,0.032325000000000007,-0.0030249999999991672,0.0,-0.03387499999999832,0.17859999999999943,40000.0
19425,T33UWP_40000_4,S2A_MSIL2A_20230619T100031_R122_T33UWP_20230619T172742,1000,,0.0,0.0625,0.3125,73.0,15.1875,1.0625,0.3125,0.75,0.125,9.1875,0.0,1600,0,0.0,40000.000000000466,40000.0,0.7005836963653564,10.0625,,0.0,0.022600000000000002,0.07447500000000001,-0.4617250000000013,0.5848499999999994,0.034049999999999914,-0.126625,-0.14129999999999998,0.047950000000000007,-0.03427499999999917,0.0,-0.12762499999999832,0.5848499999999994,40000.0
19397,T33UWP_40000_4,S2A_MSIL2A_20230629T100031_R122_T33UWP_20230629T191411,20,,0.0,0.0191750047937512,2.9642757410689353,81.72474543118636,9.29830232457558,1.1746002936500735,0.2116000529000132,2.5550006387501596,2.020825505206376,0.031475007868751965,0.0,4000000,1,2.5e-05,40000.000000000466,40000.0,1.4907739162445068,4.607301151825288,,0.0,0.0,0.0,0.0,0.0,0.0,0.0,0.0,0.0,0.0,0.0,0.0,0.0,40000.0
19403,T33UWP_40000_4,S2A_MSIL2A_20230629T100031_R122_T33UWP_20230629T191411,50,,0.0,0.0178125,2.96640625,81.74015625,9.28390625,1.17203125,0.2165625,2.5528125,2.01875,0.0315625,0.0,640000,0,0.0,40000.000000000466,40000.0,0.7491641044616699,4.6031249999999995,,0.0,-0.0013625047937512007,0.0021305089310645897,0.015410818813634819,-0.014396074575580897,-0.002569043650073377,0.004962447099986778,-0.0021881387501596627,-0.002075505206376338,8.749213124803479e-05,0.0,-0.004176151825288521,0.015410818813634819,40000.0
19409,T33UWP_40000_4,S2A_MSIL2A_20230629T100031_R122_T33UWP_20230629T191411,100,,0.0,0.019375,2.976875,81.77625,9.23625,1.185625,0.21375,2.53875,2.020625,0.0325,0.0,160000,0,0.0,40000.000000000466,40000.0,0.8463418483734131,4.591874999999999,,0.0,0.0001999952062488007,0.012599258931064838,0.05150456881364107,-0.06205232457558019,0.011024706349926472,0.002149947099986782,-0.01625063875015975,-0.0002005052063762669,0.0010249921312480356,0.0,-0.015426151825288947,0.06205232457558019,40000.0
19415,T33UWP_40000_4,S2A_MSIL2A_20230629T100031_R122_T33UWP_20230629T191411,200,,0.0,0.015,2.9475,81.87,9.215,1.165,0.2325,2.515,2.0175,0.0225,0.0,40000,0,0.0,40000.000000000466,40000.0,0.6419837474822998,4.555000000000001,,0.0,-0.0041750047937512,-0.016775741068935535,0.14525456881364107,-0.0833023245755804,-0.009600293650073422,0.0208999470999868,-0.04000063875015947,-0.0033255052063760893,-0.008975007868751966,0.0,-0.052301151825287384,0.14525456881364107,40000.0
19421,T33UWP_40000_4,S2A_MSIL2A_20230629T100031_R122_T33UWP_20230629T191411,500,,0.0,0.03125,2.75,82.15625,9.21875,1.09375,0.296875,2.453125,1.96875,0.03125,0.0,6400,0,0.0,40000.000000000466,40000.0,0.6595907211303711,4.453125,,0.0,0.0120749952062488,-0.21427574106893532,0.4315045688136365,-0.07955232457558026,-0.08085029365007346,0.08527494709998679,-0.10187563875015959,-0.05207550520637616,-0.0002250078687519655,0.0,-0.154176151825288,0.4315045688136365,40000.0
19427,T33UWP_40000_4,S2A_MSIL2A_20230629T100031_R122_T33UWP_20230629T191411,1000,,0.0,0.0625,2.875,82.375,8.5,1.0625,0.25,3.25,1.5625,0.0625,0.0,1600,0,0.0,40000.000000000466,40000.0,0.7005836963653564,4.875,,0.0,0.0433249952062488,-0.08927574106893532,0.6502545688136365,-0.7983023245755803,-0.11210029365007346,0.038399947099986786,0.6949993612498404,-0.45832550520637616,0.031024992131248035,0.0,0.267698848174712,0.7983023245755803,40000.0
19392,T33UWP_40000_4,S2B_MSIL2A_20230604T095559_R122_T33UWP_20230604T174403,20,,0.0,0.013375,1.070925,36.284925,20.577625,0.85525,2.49885,9.9061,11.754125,17.038825,0.0,4000000,0,0.0,40000.000000000466,40000.0,1.4907739162445068,38.69905,,0.0,0.0,0.0,0.0,0.0,0.0,0.0,0.0,0.0,0.0,0.0,0.0,0.0,40000.0
19398,T33UWP_40000_4,S2B_MSIL2A_20230604T095559_R122_T33UWP_20230604T174403,50,,0.0,0.0125,1.075,36.26765625,20.58609375,0.849375,2.50609375,9.9075,11.7540625,17.04171875,0.0,640000,0,0.0,40000.000000000466,40000.0,0.7491641044616699,38.70328125,,0.0,-0.000874999999999999,0.004075000000000051,-0.0172687499999995,0.008468749999998693,-0.005874999999999964,0.007243749999999771,0.00140000000000029,-6.250000000029843e-05,0.0028937500000019156,0.0,0.0042312500000036835,0.0172687499999995,40000.0
19404,T33UWP_40000_4,S2B_MSIL2A_20230604T095559_R122_T33UWP_20230604T174403,100,,0.0,0.010625,1.05625,36.4,20.47125,0.856875,2.480625,9.90625,11.755625,17.0625,0.0,160000,0,0.0,40000.000000000466,40000.0,0.8463418483734131,38.724375,,0.0,-0.002749999999999999,-0.014674999999999994,0.11507499999999737,-0.10637499999999989,0.0016250000000000986,-0.018225000000000158,0.0001499999999996504,0.0015000000000000568,0.02367500000000078,0.0,0.025325000000002262,0.11507499999999737,40000.0
19410,T33UWP_40000_4,S2B_MSIL2A_20230604T095559_R122_T33UWP_20230604T174403,200,,0.0,0.0225,1.065,36.255,20.61,0.8425,2.5575,9.945,11.8075,16.895,0.0,40000,0,0.0,40000.000000000466,40000.0,0.6419837474822998,38.647499999999994,,0.0,0.009125,-0.005924999999999958,-0.029924999999998647,0.032374999999998266,-0.012749999999999928,0.05865000000000009,0.038899999999999935,0.05337499999999906,-0.14382499999999965,0.0,-0.05155000000000598,0.05865000000000009,40000.0
19416,T33UWP_40000_4,S2B_MSIL2A_20230604T095559_R122_T33UWP_20230604T174403,500,,0.0,0.0,1.171875,35.640625,20.953125,0.765625,2.6875,10.265625,12.0625,16.453125,0.0,6400,0,0.0,40000.000000000466,40000.0,0.6595907211303711,38.78125,,0.0,-0.013375,0.1009500000000001,-0.6443000000000012,0.37549999999999883,-0.08962499999999995,0.18864999999999998,0.35952499999999965,0.30837499999999984,-0.5856999999999992,0.0,0.08220000000000027,0.6443000000000012,40000.0
19422,T33UWP_40000_4,S2B_MSIL2A_20230604T095559_R122_T33UWP_20230604T174403,1000,,0.0,0.0,0.875,34.625,21.375,0.9375,2.5,10.625,11.8125,17.25,0.0,1600,0,0.0,40000.000000000466,40000.0,0.7005836963653564,39.6875,,0.0,-0.013375,-0.1959249999999999,-1.6599250000000012,0.7973749999999988,0.08225000000000005,0.0011499999999999844,0.7188999999999997,0.058374999999999844,0.21117500000000078,0.0,0.9884500000000003,1.6599250000000012,40000.0
19394,T33UWP_40000_4,S2B_MSIL2A_20230614T095559_R122_T33UWP_20230614T142248,20,,0.0,0.02445,4.928375,61.28505,19.026325,1.11195,0.662925,5.21405,7.15165,0.595225,0.0,4000000,0,0.0,40000.000000000466,40000.0,1.4907739162445068,12.960925,,0.0,0.0,0.0,0.0,0.0,0.0,0.0,0.0,0.0,0.0,0.0,0.0,0.0,40000.0
19400,T33UWP_40000_4,S2B_MSIL2A_20230614T095559_R122_T33UWP_20230614T142248,50,,0.0,0.02328125,4.925,61.321875,18.9965625,1.11140625,0.66171875,5.213125,7.15015625,0.596875,0.0,640000,0,0.0,40000.000000000466,40000.0,0.7491641044616699,12.96015625,,0.0,-0.0011687499999999997,-0.003375000000000128,0.03682500000000033,-0.029762500000000358,-0.000543750000000065,-0.0012062499999999643,-0.0009250000000005087,-0.0014937499999998494,0.0016500000000000403,0.0,-0.0007687499999988745,0.03682500000000033,40000.0
19406,T33UWP_40000_4,S2B_MSIL2A_20230614T095559_R122_T33UWP_20230614T142248,100,,0.0,0.021875,4.9025,61.4125,18.895625,1.118125,0.66625,5.251875,7.136875,0.594375,0.0,160000,0,0.0,40000.000000000466,40000.0,0.8463418483734131,12.983125,,0.0,-0.002575000000000001,-0.025875000000000092,0.12745000000000317,-0.13070000000000093,0.006175000000000042,0.0033250000000000224,0.037824999999999775,-0.014775000000000205,-0.0008500000000000174,0.0,0.022199999999999775,0.13070000000000093,40000.0
19412,T33UWP_40000_4,S2B_MSIL2A_20230614T095559_R122_T33UWP_20230614T142248,200,,0.0,0.03,4.9375,61.2675,18.92,1.085,0.6275,5.2125,7.3275,0.5925,0.0,40000,0,0.0,40000.000000000466,40000.0,0.6419837474822998,13.132499999999999,,0.0,0.005549999999999999,0.00912500000000005,-0.017549999999999955,-0.10632499999999823,-0.02695000000000003,-0.03542500000000004,-0.0015499999999999403,0.17584999999999962,-0.0027249999999999774,0.0,0.17157499999999892,0.17157499999999892,40000.0
19418,T33UWP_40000_4,S2B_MSIL2A_20230614T095559_R122_T33UWP_20230614T142248,500,,0.0,0.015625,5.078125,60.109375,19.390625,1.015625,0.75,5.4375,7.625,0.578125,0.0,6400,0,0.0,40000.000000000466,40000.0,0.6595907211303711,13.640625,,0.0,-0.008825,0.14975000000000005,-1.1756749999999982,0.36430000000000007,-0.096325,0.08707500000000001,0.2234499999999997,0.47334999999999994,-0.017100000000000004,0.0,0.6797000000000004,1.1756749999999982,40000.0
19424,T33UWP_40000_4,S2B_MSIL2A_20230614T095559_R122_T33UWP_20230614T142248,1000,,0.0,0.0625,4.6875,60.625,18.5,1.0625,0.8125,6.25,7.6875,0.3125,0.0,1600,0,0.0,40000.000000000466,40000.0,0.7005836963653564,14.25,,0.0,0.03805,-0.24087499999999995,-0.6600499999999982,-0.5263249999999999,-0.049449999999999994,0.149575,1.0359499999999997,0.5358499999999999,-0.282725,0.0,1.2890750000000004,1.2890750000000004,40000.0
19396,T33UWP_40000_4,S2B_MSIL2A_20230624T095559_R122_T33UWP_20230624T142946,20,,0.0,0.0,0.048325,0.0,0.0028,0.023925,0.0,2.2082,97.677375,0.037925,0.00145,4000000,0,0.0,40000.000000000466,40000.0,1.4907739162445068,99.9235,,0.0,0.0,0.0,0.0,0.0,0.0,0.0,0.0,0.0,0.0,0.0,0.0,0.0,40000.0
19402,T33UWP_40000_4,S2B_MSIL2A_20230624T095559_R122_T33UWP_20230624T142946,50,,0.0,0.0,0.04828125,0.0,0.00265625,0.02375,0.0,2.2109375,97.67296875,0.04015625,0.00125,640000,0,0.0,40000.000000000466,40000.0,0.7491641044616699,99.92406249999999,,0.0,0.0,-4.375000000000212e-05,0.0,-0.00014374999999999978,-0.00017499999999999807,0.0,0.0027374999999998373,-0.004406250000002387,0.002231249999999997,-0.00019999999999999987,0.0005624999999866986,0.0005624999999866986,40000.0
19408,T33UWP_40000_4,S2B_MSIL2A_20230624T095559_R122_T33UWP_20230624T142946,100,,0.0,0.0,0.050625,0.0,0.003125,0.02125,0.0,2.209375,97.678125,0.03625,0.00125,160000,0,0.0,40000.000000000466,40000.0,0.8463418483734131,99.92374999999998,,0.0,0.0,0.0023000000000000034,0.0,0.0003250000000000002,-0.002674999999999997,0.0,0.001174999999999926,0.0007499999999964757,-0.0016750000000000029,-0.00019999999999999987,0.00024999999997987743,0.002674999999999997,40000.0
19414,T33UWP_40000_4,S2B_MSIL2A_20230624T095559_R122_T33UWP_20230624T142946,200,,0.0,0.0,0.0475,0.0,0.0,0.03,0.0,2.245,97.6275,0.045,0.005,40000,0,0.0,40000.000000000466,40000.0,0.6419837474822998,99.9175,,0.0,0.0,-0.0008249999999999993,0.0,-0.0028,0.0060750000000000005,0.0,0.036799999999999944,-0.049875000000000114,0.007074999999999998,0.00355,-0.006000000000000227,0.0060750000000000005,40000.0
19420,T33UWP_40000_4,S2B_MSIL2A_20230624T095559_R122_T33UWP_20230624T142946,500,,0.0,0.0,0.0,0.0,0.0,0.03125,0.0,2.3125,97.609375,0.046875,0.0,6400,0,0.0,40000.000000000466,40000.0,0.6595907211303711,99.96875,,0.0,0.0,-0.048325,0.0,-0.0028,0.007325000000000002,0.0,0.10429999999999984,-0.06799999999999784,0.00895,-0.00145,0.045249999999995794,0.048325,40000.0
19426,T33UWP_40000_4,S2B_MSIL2A_20230624T095559_R122_T33UWP_20230624T142946,1000,,0.0,0.0,0.0,0.0,0.0,0.0,0.0,1.9375,98.0,0.0625,0.0,1600,0,0.0,40000.000000000466,40000.0,0.7005836963653564,100.0,,0.0,0.0,-0.048325,0.0,-0.0028,-0.023925,0.0,-0.27070000000000016,0.32262500000000216,0.024575,-0.00145,0.0764999999999958,0.0764999999999958,40000.0
19429,T33UWP_60000_0,S2A_MSIL2A_20230609T100031_R122_T33UWP_20230609T173715,20,,0.0,0.0,4.895311111111111,0.07397777777777778,0.018733333333333334,0.0024111111111111113,0.0418,20.481188888888887,71.83868888888888,2.6462555555555554,0.0016333333333333334,9000000,0,0.0,60000.00000000023,60000.00000000093,3.7030487060546875,94.96613333333333,,0.0,0.0,0.0,0.0,0.0,0.0,0.0,0.0,0.0,0.0,0.0,0.0,0.0,60000.0
19435,T33UWP_60000_0,S2A_MSIL2A_20230609T100031_R122_T33UWP_20230609T173715,50,,0.0,0.0,4.891666666666667,0.07333333333333333,0.01888888888888889,0.002638888888888889,0.042847222222222224,20.486458333333335,71.83375,2.6484722222222223,0.0019444444444444444,1440000,0,0.0,60000.00000000023,60000.00000000093,2.2991530895233154,94.96868055555555,,0.0,0.0,-0.003644444444444339,-0.0006444444444444475,0.00015555555555555461,0.0002277777777777777,0.0010472222222222272,0.005269444444447657,-0.00493888888888705,0.0022166666666669776,0.00031111111111111096,0.0025472222222191476,0.003644444444444339,60000.0
19441,T33UWP_60000_0,S2A_MSIL2A_20230609T100031_R122_T33UWP_20230609T173715,100,,0.0,0.0,4.891666666666667,0.075,0.018055555555555554,0.0016666666666666668,0.042777777777777776,20.468611111111112,71.85638888888889,2.6441666666666666,0.0016666666666666668,360000,0,0.0,60000.00000000023,60000.00000000093,0.9653191566467285,94.96916666666667,,0.0,0.0,-0.003644444444444339,0.001022222222222216,-0.0006777777777777806,-0.0007444444444444445,0.0009777777777777788,-0.012577777777774912,0.017700000000004934,-0.002088888888888807,3.333333333333335e-05,0.0030333333333345536,0.003644444444444339,60000.0
19447,T33UWP_60000_0,S2A_MSIL2A_20230609T100031_R122_T33UWP_20230609T173715,200,,0.0,0.0,4.895555555555555,0.07111111111111111,0.022222222222222223,0.0022222222222222222,0.04777777777777778,20.563333333333333,71.79,2.6066666666666665,0.0011111111111111111,90000,0,0.0,60000.00000000023,60000.00000000093,0.6934568881988525,94.96000000000001,,0.0,0.0,0.0002444444444442695,-0.00286666666666667,0.0034888888888888886,-0.00018888888888888905,0.005977777777777783,0.08214444444444524,-0.04868888888887568,-0.039588888888888896,-0.0005222222222222223,-0.006133333333323776,0.006133333333323776,60000.0
19453,T33UWP_60000_0,S2A_MSIL2A_20230609T100031_R122_T33UWP_20230609T173715,500,,0.0,0.0,5.006944444444445,0.0625,0.034722222222222224,0.0,0.041666666666666664,20.194444444444443,72.11805555555556,2.5416666666666665,0.0,14400,0,0.0,60000.00000000023,60000.00000000093,0.7103304862976074,94.85416666666667,,0.0,0.0,0.1116333333333337,-0.011477777777777781,0.01598888888888889,-0.0024111111111111113,-0.00013333333333333253,-0.28674444444444447,0.2793666666666752,-0.10458888888888884,-0.0016333333333333334,-0.11196666666666033,0.11196666666666033,60000.0
19459,T33UWP_60000_0,S2A_MSIL2A_20230609T100031_R122_T33UWP_20230609T173715,1000,,0.0,0.0,5.111111111111111,0.08333333333333333,0.0,0.0,0.027777777777777776,20.916666666666668,71.22222222222223,2.638888888888889,0.0,3600,0,0.0,60000.00000000023,60000.00000000093,0.6364932060241699,94.77777777777779,,0.0,0.0,0.21579999999999977,0.009355555555555548,-0.018733333333333334,-0.0024111111111111113,-0.01402222222222222,0.4354777777777805,-0.6164666666666534,-0.0073666666666665215,-0.0016333333333333334,-0.18835555555554606,0.21579999999999977,60000.0
19431,T33UWP_60000_0,S2A_MSIL2A_20230619T100031_R122_T33UWP_20230619T172742,20,,0.0,0.007533333333333334,3.076233333333333,33.59036666666667,5.447244444444444,0.14005555555555554,0.6804888888888889,9.331211111111111,35.6574,12.069466666666667,0.0,9000000,0,0.0,60000.00000000023,60000.00000000093,3.7030487060546875,57.05807777777778,,0.0,0.0,0.0,0.0,0.0,0.0,0.0,0.0,0.0,0.0,0.0,0.0,0.0,60000.0
19437,T33UWP_60000_0,S2A_MSIL2A_20230619T100031_R122_T33UWP_20230619T172742,50,,0.0,0.0077777777777777776,3.0747222222222224,33.58701388888889,5.457013888888889,0.138125,0.6772916666666666,9.328333333333333,35.65416666666667,12.075555555555555,0.0,1440000,0,0.0,60000.00000000023,60000.00000000093,2.2991530895233154,57.058055555555555,,0.0,0.00024444444444444383,-0.0015111111111107967,-0.00335277777777776,0.009769444444444275,-0.0019305555555555465,-0.0031972222222222957,-0.002877777777777979,-0.0032333333333340875,0.006088888888887922,0.0,-2.2222222227696875e-05,0.009769444444444275,60000.0
19443,T33UWP_60000_0,S2A_MSIL2A_20230619T100031_R122_T33UWP_20230619T172742,100,,0.0,0.008888888888888889,3.078611111111111,33.58277777777778,5.458888888888889,0.13527777777777777,0.6708333333333333,9.329722222222221,35.65611111111111,12.078888888888889,0.0,360000,0,0.0,60000.00000000023,60000.00000000093,0.9653191566467285,57.06472222222222,,0.0,0.0013555555555555552,0.002377777777777812,-0.0075888888888897554,0.011644444444444346,-0.00477777777777777,-0.00965555555555564,-0.0014888888888897611,-0.00128888888889378,0.009422222222221777,0.0,0.006644444444440012,0.011644444444444346,60000.0
19449,T33UWP_60000_0,S2A_MSIL2A_20230619T100031_R122_T33UWP_20230619T172742,200,,0.0,0.005555555555555556,3.08,33.61,5.473333333333334,0.13666666666666666,0.6688888888888889,9.427777777777777,35.57333333333333,12.024444444444445,0.0,90000,0,0.0,60000.00000000023,60000.00000000093,0.6934568881988525,57.025555555555556,,0.0,-0.001977777777777778,0.003766666666666918,0.019633333333331393,0.026088888888889272,-0.0033888888888888857,-0.011600000000000055,0.09656666666666602,-0.08406666666667206,-0.0450222222222223,0.0,-0.03252222222222656,0.03252222222222656,60000.0
19455,T33UWP_60000_0,S2A_MSIL2A_20230619T100031_R122_T33UWP_20230619T172742,500,,0.0,0.013888888888888888,3.125,33.46527777777778,5.368055555555555,0.1597222222222222,0.7083333333333334,9.555555555555555,35.63194444444444,11.972222222222221,0.0,14400,0,0.0,60000.00000000023,60000.00000000093,0.7103304862976074,57.15972222222222,,0.0,0.006355555555555554,0.04876666666666685,-0.12508888888888947,-0.07918888888888898,0.019666666666666666,0.02784444444444445,0.22434444444444424,-0.025455555555559783,-0.09724444444444558,0.0,0.10164444444443888,0.12508888888888947,60000.0
19461,T33UWP_60000_0,S2A_MSIL2A_20230619T100031_R122_T33UWP_20230619T172742,1000,,0.0,0.0,3.3333333333333335,33.19444444444444,5.833333333333333,0.05555555555555555,0.5,9.222222222222221,35.638888888888886,12.222222222222221,0.0,3600,0,0.0,60000.00000000023,60000.00000000093,0.6364932060241699,57.08333333333333,,0.0,-0.007533333333333334,0.25710000000000033,-0.3959222222222252,0.3860888888888887,-0.08449999999999999,-0.18048888888888892,-0.10898888888888969,-0.018511111111116918,0.15275555555555442,0.0,0.02525555555554604,0.3959222222222252,60000.0
19433,T33UWP_60000_0,S2A_MSIL2A_20230629T100031_R122_T33UWP_20230629T191411,20,,0.0,0.021933343081485816,4.848157710292316,83.05558135803616,6.002158223181432,0.4503668668297186,0.22571121142720507,3.317834807926581,2.0580120257831225,0.020233342325929923,1.111111604938491e-05,9000000,4,4.4444444444444447e-05,60000.00000000023,60000.00000000093,3.7030487060546875,5.396080176035633,,0.0,0.0,0.0,0.0,0.0,0.0,0.0,0.0,0.0,0.0,0.0,0.0,0.0,60000.0
19439,T33UWP_60000_0,S2A_MSIL2A_20230629T100031_R122_T33UWP_20230629T191411,50,,0.0,0.020625014322926613,4.847642255307122,83.05637712248411,6.004240280722417,0.4483336446761421,0.2266668240741834,3.323752308161325,2.0520847583921933,0.02027779185957768,0.0,1440000,1,6.944444444444444e-05,60000.00000000023,60000.00000000093,2.2991530895233154,5.396114858413097,,0.0,-0.0013083287585592025,-0.0005154549851944523,0.0007957644479432702,0.002082057540985005,-0.002033222153576486,0.0009556126469783266,0.005917500234744022,-0.005927267390929192,4.444953364775642e-05,-1.111111604938491e-05,3.4682377464179126e-05,0.002082057540985005,60000.0
19445,T33UWP_60000_0,S2A_MSIL2A_20230629T100031_R122_T33UWP_20230629T191411,100,,0.0,0.020555555555555556,4.843333333333334,83.07305555555556,5.9911111111111115,0.44805555555555554,0.23333333333333334,3.305,2.0669444444444443,0.01861111111111111,0.0,360000,0,0.0,60000.00000000023,60000.00000000093,0.9653191566467285,5.390555555555556,,0.0,-0.0013777875259302595,-0.004824376958982413,0.017474197519391055,-0.011047112070320608,-0.0023113112741630637,0.007622121906128265,-0.012834807926580982,0.008932418661321773,-0.0016222312148188138,-1.111111604938491e-05,-0.005524620480076514,0.017474197519391055,60000.0
19451,T33UWP_60000_0,S2A_MSIL2A_20230629T100031_R122_T33UWP_20230629T191411,200,,0.0,0.025555555555555557,4.881111111111111,82.99,6.0344444444444445,0.4577777777777778,0.23555555555555555,3.276666666666667,2.0755555555555554,0.023333333333333334,0.0,90000,0,0.0,60000.00000000023,60000.00000000093,0.6934568881988525,5.375555555555556,,0.0,0.0036222124740697415,0.03295340081879505,-0.06558135803616949,0.032286221263012393,0.0074109109480591795,0.009844344128350474,-0.041168141259914304,0.017543529772432898,0.003099991007403411,-1.111111604938491e-05,-0.020524620480077083,0.06558135803616949,60000.0
19457,T33UWP_60000_0,S2A_MSIL2A_20230629T100031_R122_T33UWP_20230629T191411,500,,0.0,0.027777777777777776,4.930555555555555,82.90972222222223,6.0625,0.4861111111111111,0.2569444444444444,3.2083333333333335,2.111111111111111,0.006944444444444444,0.0,14400,0,0.0,60000.00000000023,60000.00000000093,0.7103304862976074,5.326388888888889,,0.0,0.005844434696291961,0.08239784526323923,-0.14585913581393584,0.060341776818567894,0.0357442442813925,0.031233233017239348,-0.10950147459324766,0.05309908532798868,-0.01328889788148548,-1.111111604938491e-05,-0.06969128714674344,0.14585913581393584,60000.0
19463,T33UWP_60000_0,S2A_MSIL2A_20230629T100031_R122_T33UWP_20230629T191411,1000,,0.0,0.05555555555555555,5.138888888888889,82.97222222222223,6.083333333333333,0.3055555555555556,0.1111111111111111,3.0833333333333335,2.2222222222222223,0.027777777777777776,0.0,3600,0,0.0,60000.00000000023,60000.00000000093,0.6364932060241699,5.333333333333333,,0.0,0.03362221247406974,0.29073117859657316,-0.08335913581393584,0.08117511015190093,-0.14481131127416302,-0.11460010031609397,-0.23450147459324766,0.16421019643909984,0.007544435451847853,-1.111111604938491e-05,-0.06274684270229969,0.29073117859657316,60000.0
19428,T33UWP_60000_0,S2B_MSIL2A_20230604T095559_R122_T33UWP_20230604T174403,20,,0.0,0.0005333333333333334,0.3423888888888889,8.163333333333334,4.762322222222222,0.08006666666666666,1.598311111111111,15.091722222222222,62.02488888888889,7.9364333333333335,0.0,9000000,0,0.0,60000.00000000023,60000.00000000093,3.7030487060546875,85.05304444444445,,0.0,0.0,0.0,0.0,0.0,0.0,0.0,0.0,0.0,0.0,0.0,0.0,0.0,60000.0
19434,T33UWP_60000_0,S2B_MSIL2A_20230604T095559_R122_T33UWP_20230604T174403,50,,0.0,0.0004861111111111111,0.3435416666666667,8.158958333333333,4.760486111111111,0.07965277777777778,1.5914583333333334,15.107986111111112,62.02597222222222,7.9314583333333335,0.0,1440000,0,0.0,60000.00000000023,60000.00000000093,2.2991530895233154,85.06541666666668,,0.0,-4.722222222222226e-05,0.0011527777777777803,-0.00437500000000135,-0.0018361111111113715,-0.0004138888888888803,-0.006852777777777597,0.016263888888889966,0.0010833333333337691,-0.004974999999999952,0.0,0.01237222222222556,0.01237222222222556,60000.0
19440,T33UWP_60000_0,S2B_MSIL2A_20230604T095559_R122_T33UWP_20230604T174403,100,,0.0,0.0005555555555555556,0.34444444444444444,8.17361111111111,4.760555555555555,0.07888888888888888,1.583888888888889,15.067222222222222,62.055277777777775,7.935555555555555,0.0,360000,0,0.0,60000.00000000023,60000.00000000093,0.9653191566467285,85.05805555555555,,0.0,2.2222222222222196e-05,0.0020555555555555327,0.01027777777777672,-0.0017666666666666941,-0.0011777777777777776,-0.014422222222222114,-0.024499999999999744,0.030388888888886356,-0.0008777777777781992,0.0,0.0050111111111021955,0.014422222222222114,60000.0
19446,T33UWP_60000_0,S2B_MSIL2A_20230604T095559_R122_T33UWP_20230604T174403,200,,0.0,0.0,0.34444444444444444,8.196666666666667,4.7444444444444445,0.07888888888888888,1.6144444444444443,15.13,61.93555555555555,7.955555555555556,0.0,90000,0,0.0,60000.00000000023,60000.00000000093,0.6934568881988525,85.02111111111111,,0.0,-0.0005333333333333334,0.0020555555555555327,0.033333333333333215,-0.01787777777777766,-0.0011777777777777776,0.016133333333333333,0.038277777777778965,-0.08933333333333593,0.019122222222222263,0.0,-0.03193333333334181,0.033333333333333215,60000.0
19452,T33UWP_60000_0,S2B_MSIL2A_20230604T095559_R122_T33UWP_20230604T174403,500,,0.0,0.0,0.3888888888888889,7.770833333333333,4.944444444444445,0.0625,1.5486111111111112,15.194444444444445,62.50694444444444,7.583333333333333,0.0,14400,0,0.0,60000.00000000023,60000.00000000093,0.7103304862976074,85.28472222222221,,0.0,-0.0005333333333333334,0.046499999999999986,-0.39250000000000096,0.18212222222222252,-0.01756666666666666,-0.049699999999999855,0.10272222222222283,0.48205555555555435,-0.3531000000000004,0.0,0.23167777777776166,0.39250000000000096,60000.0
19458,T33UWP_60000_0,S2B_MSIL2A_20230604T095559_R122_T33UWP_20230604T174403,1000,,0.0,0.0,0.3055555555555556,7.888888888888889,4.666666666666667,0.027777777777777776,1.5833333333333333,15.722222222222221,62.47222222222222,7.333333333333333,0.0,3600,0,0.0,60000.00000000023,60000.00000000093,0.6364932060241699,85.52777777777777,,0.0,-0.0005333333333333334,-0.03683333333333333,-0.2744444444444447,-0.09565555555555516,-0.052288888888888885,-0.014977777777777757,0.6304999999999996,0.4473333333333329,-0.6031000000000004,0.0,0.4747333333333188,0.4747333333333188,60000.0
19430,T33UWP_60000_0,S2B_MSIL2A_20230614T095559_R122_T33UWP_20230614T142248,20,,0.0,0.015400001711111302,9.244078804897645,42.6739602971067,8.720812080090232,0.39357782150864684,0.9517334390814932,13.01603477955942,23.018713668745963,1.9656891072987897,0.0,9000000,1,1.1111111111111112e-05,60000.00000000023,60000.00000000093,3.7030487060546875,38.000437555604165,,0.0,0.0,0.0,0.0,0.0,0.0,0.0,0.0,0.0,0.0,0.0,0.0,0.0,60000.0
19436,T33UWP_60000_0,S2B_MSIL2A_20230614T095559_R122_T33UWP_20230614T142248,50,,0.0,0.015972233314050913,9.245561976084705,42.66683518530221,8.721464389905826,0.39138916068691715,0.9568062200043195,13.021606265004351,23.018627096268816,1.961737473428801,0.0,1440000,1,6.944444444444444e-05,60000.00000000023,60000.00000000093,2.2991530895233154,38.001970834701964,,0.0,0.0005722316029396109,0.0014831711870595399,-0.007125111804491269,0.0006523098155941653,-0.0021886608217296932,0.005072780922826259,0.005571485444932023,-8.657247714793925e-05,-0.003951633869988758,0.0,0.0015332790977993227,0.007125111804491269,60000.0
19442,T33UWP_60000_0,S2B_MSIL2A_20230614T095559_R122_T33UWP_20230614T142248,100,,0.0,0.015833333333333335,9.248611111111112,42.68333333333333,8.694166666666666,0.3952777777777778,0.9588888888888889,13.028611111111111,23.009166666666665,1.9661111111111111,0.0,360000,0,0.0,60000.00000000023,60000.00000000093,0.9653191566467285,38.00388888888889,,0.0,0.0004333316222220329,0.004532306213466342,0.009373036226627107,-0.026645413423565856,0.0016999562691309422,0.007155449807395686,0.012576331551692022,-0.00954700207929804,0.000422003812321492,0.0,0.0034513332847225797,0.026645413423565856,60000.0
19448,T33UWP_60000_0,S2B_MSIL2A_20230614T095559_R122_T33UWP_20230614T142248,200,,0.0,0.016666666666666666,9.241111111111111,42.58555555555556,8.738888888888889,0.4033333333333333,0.9488888888888889,12.985555555555555,23.095555555555556,1.9844444444444445,0.0,90000,0,0.0,60000.00000000023,60000.00000000093,0.6934568881988525,38.065555555555555,,0.0,0.0012666649555553647,-0.0029676937865339426,-0.08840474155114464,0.01807680879865714,0.00975551182468648,-0.0028445501926043226,-0.030479224003864047,0.07684188680959281,0.018755337145654805,0.0,0.06511799995139,0.08840474155114464,60000.0
19454,T33UWP_60000_0,S2B_MSIL2A_20230614T095559_R122_T33UWP_20230614T142248,500,,0.0,0.013888888888888888,9.29861111111111,42.145833333333336,8.73611111111111,0.4583333333333333,0.8472222222222222,13.256944444444445,23.305555555555557,1.9375,0.0,14400,0,0.0,60000.00000000023,60000.00000000093,0.7103304862976074,38.5,,0.0,-0.0015111128222224136,0.054532306213465276,-0.5281269637733672,0.015299031020878928,0.06475551182468647,-0.104511216859271,0.24090966488502552,0.28684188680959366,-0.02818910729878965,0.0,0.49956244439583486,0.5281269637733672,60000.0
19460,T33UWP_60000_0,S2B_MSIL2A_20230614T095559_R122_T33UWP_20230614T142248,1000,,0.0,0.0,8.88888888888889,42.388888888888886,8.472222222222221,0.2222222222222222,1.0833333333333333,13.472222222222221,23.305555555555557,2.1666666666666665,0.0,3600,0,0.0,60000.00000000023,60000.00000000093,0.6364932060241699,38.94444444444444,,0.0,-0.015400001711111302,-0.35518991600875616,-0.2850714082178172,-0.24858985786801036,-0.17135559928642463,0.13159989425184004,0.4561874426628023,0.28684188680959366,0.20097755936787687,0.0,0.9440068888402777,0.9440068888402777,60000.0
19432,T33UWP_60000_0,S2B_MSIL2A_20230624T095559_R122_T33UWP_20230624T142946,20,,0.0,0.0,0.7784,0.0,0.001911111111111111,0.005033333333333333,0.0,7.800588888888889,89.02253333333333,2.3868,0.004733333333333333,9000000,0,0.0,60000.00000000023,60000.00000000093,3.7030487060546875,99.20992222222222,,0.0,0.0,0.0,0.0,0.0,0.0,0.0,0.0,0.0,0.0,0.0,0.0,0.0,60000.0
19438,T33UWP_60000_0,S2B_MSIL2A_20230624T095559_R122_T33UWP_20230624T142946,50,,0.0,0.0,0.7803472222222222,0.0,0.0025,0.005,0.0,7.800625,89.01805555555555,2.388611111111111,0.004861111111111111,1440000,0,0.0,60000.00000000023,60000.00000000093,2.2991530895233154,99.20729166666666,,0.0,0.0,0.0019472222222222113,0.0,0.000588888888888889,-3.333333333333313e-05,0.0,3.611111111112564e-05,-0.004477777777779579,0.0018111111111109857,0.00012777777777777787,-0.0026305555555552473,0.0026305555555552473,60000.0
19444,T33UWP_60000_0,S2B_MSIL2A_20230624T095559_R122_T33UWP_20230624T142946,100,,0.0,0.0,0.7688888888888888,0.0,0.0011111111111111111,0.005,0.0,7.793888888888889,89.03,2.3963888888888887,0.004722222222222222,360000,0,0.0,60000.00000000023,60000.00000000093,0.9653191566467285,99.22027777777778,,0.0,0.0,-0.009511111111111137,0.0,-0.0007999999999999999,-3.333333333333313e-05,0.0,-0.006700000000000372,0.00746666666667295,0.009588888888888647,-1.1111111111111044e-05,0.010355555555563,0.010355555555563,60000.0
19450,T33UWP_60000_0,S2B_MSIL2A_20230624T095559_R122_T33UWP_20230624T142946,200,,0.0,0.0,0.7577777777777778,0.0,0.0011111111111111111,0.005555555555555556,0.0,7.772222222222222,89.04777777777778,2.411111111111111,0.0044444444444444444,90000,0,0.0,60000.00000000023,60000.00000000093,0.6934568881988525,99.23111111111112,,0.0,0.0,-0.02062222222222221,0.0,-0.0007999999999999999,0.0005222222222222225,0.0,-0.028366666666666873,0.025244444444453507,0.02431111111111095,-0.0002888888888888889,0.021188888888900692,0.021188888888900692,60000.0
19456,T33UWP_60000_0,S2B_MSIL2A_20230624T095559_R122_T33UWP_20230624T142946,500,,0.0,0.0,0.8263888888888888,0.0,0.006944444444444444,0.0,0.0,7.888888888888889,88.94444444444444,2.326388888888889,0.006944444444444444,14400,0,0.0,60000.00000000023,60000.00000000093,0.7103304862976074,99.15972222222221,,0.0,0.0,0.04798888888888886,0.0,0.005033333333333333,-0.005033333333333333,0.0,0.08830000000000027,-0.07808888888888532,-0.06041111111111119,0.0022111111111111107,-0.0502000000000038,0.0502000000000038,60000.0
19462,T33UWP_60000_0,S2B_MSIL2A_20230624T095559_R122_T33UWP_20230624T142946,1000,,0.0,0.0,0.75,0.0,0.0,0.0,0.0,8.13888888888889,88.83333333333333,2.2777777777777777,0.0,3600,0,0.0,60000.00000000023,60000.00000000093,0.6364932060241699,99.24999999999999,,0.0,0.0,-0.02839999999999998,0.0,-0.001911111111111111,-0.005033333333333333,0.0,0.33830000000000027,-0.1891999999999996,-0.10902222222222235,-0.004733333333333333,0.040077777777767665,0.040077777777767665,60000.0
