index,aoi,id,resolution,Mask,Sat,Dark,Shadow,Veg,Bare,Water,Unknown,Cl_Med,Cl_High,Cl_Cirrus,Snow,Total_pixels,NoData_pixels,NoData_pc,aoi_width,aoi_height,runtime,Cl_all,Mask_diff,Sat_diff,Dark_diff,Shadow_diff,Veg_diff,Bare_diff,Water_diff,Unknown_diff,Cl_Med_diff,Cl_High_diff,Cl_Cirrus_diff,Snow_diff,Cl_all_diff,diff_max,tile_size
0,T50PQT_20000_0,S2A_MSIL2A_20230604T022531_R046_T50PQT_20230604T082521,20,,0.0,0.0,0.0,0.0,0.0,0.0,0.0,100.0,0.0,0.0,0.0,1000000,0,0.0,20000.000000000582,20000.000000000233,0.8124465942382812,100.0,,0.0,0.0,0.0,0.0,0.0,0.0,0.0,0.0,0.0,0.0,0.0,0.0,0.0,20000.0
6,T50PQT_20000_0,S2A_MSIL2A_20230604T022531_R046_T50PQT_20230604T082521,50,,0.0,0.0,0.0,0.0,0.0,0.0,0.0,100.0,0.0,0.0,0.0,160000,0,0.0,20000.000000000582,20000.000000000233,0.33866167068481445,100.0,,0.0,0.0,0.0,0.0,0.0,0.0,0.0,0.0,0.0,0.0,0.0,0.0,0.0,20000.0
12,T50PQT_20000_0,S2A_MSIL2A_20230604T022531_R046_T50PQT_20230604T082521,100,,0.0,0.0,0.0,0.0,0.0,0.0,0.0,100.0,0.0,0.0,0.0,40000,0,0.0,20000.000000000582,20000.000000000233,0.33188486099243164,100.0,,0.0,0.0,0.0,0.0,0.0,0.0,0.0,0.0,0.0,0.0,0.0,0.0,0.0,20000.0
18,T50PQT_20000_0,S2A_MSIL2A_20230604T022531_R046_T50PQT_20230604T082521,200,,0.0,0.0,0.0,0.0,0.0,0.0,0.0,100.0,0.0,0.0,0.0,10000,0,0.0,20000.000000000582,20000.000000000233,0.3434329032897949,100.0,,0.0,0.0,0.0,0.0,0.0,0.0,0.0,0.0,0.0,0.0,0.0,0.0,0.0,20000.0
24,T50PQT_20000_0,S2A_MSIL2A_20230604T022531_R046_T50PQT_20230604T082521,500,,0.0,0.0,0.0,0.0,0.0,0.0,0.0,100.0,0.0,0.0,0.0,1600,0,0.0,20000.000000000582,20000.000000000233,0.3260977268218994,100.0,,0.0,0.0,0.0,0.0,0.0,0.0,0.0,0.0,0.0,0.0,0.0,0.0,0.0,20000.0
30,T50PQT_20000_0,S2A_MSIL2A_20230604T022531_R046_T50PQT_20230604T082521,1000,,0.0,0.0,0.0,0.0,0.0,0.0,0.0,100.0,0.0,0.0,0.0,400,0,0.0,20000.000000000582,20000.000000000233,0.6019558906555176,100.0,,0.0,0.0,0.0,0.0,0.0,0.0,0.0,0.0,0.0,0.0,0.0,0.0,0.0,20000.0
2,T50PQT_20000_0,S2A_MSIL2A_20230614T022541_R046_T50PQT_20230614T094130,20,,0.0,0.0,0.0,0.0,0.0,0.0,0.0,100.0,0.0,0.0,0.0,1000000,0,0.0,20000.000000000582,20000.000000000233,0.8124465942382812,100.0,,0.0,0.0,0.0,0.0,0.0,0.0,0.0,0.0,0.0,0.0,0.0,0.0,0.0,20000.0
8,T50PQT_20000_0,S2A_MSIL2A_20230614T022541_R046_T50PQT_20230614T094130,50,,0.0,0.0,0.0,0.0,0.0,0.0,0.0,100.0,0.0,0.0,0.0,160000,0,0.0,20000.000000000582,20000.000000000233,0.33866167068481445,100.0,,0.0,0.0,0.0,0.0,0.0,0.0,0.0,0.0,0.0,0.0,0.0,0.0,0.0,20000.0
14,T50PQT_20000_0,S2A_MSIL2A_20230614T022541_R046_T50PQT_20230614T094130,100,,0.0,0.0,0.0,0.0,0.0,0.0,0.0,100.0,0.0,0.0,0.0,40000,0,0.0,20000.000000000582,20000.000000000233,0.33188486099243164,100.0,,0.0,0.0,0.0,0.0,0.0,0.0,0.0,0.0,0.0,0.0,0.0,0.0,0.0,20000.0
20,T50PQT_20000_0,S2A_MSIL2A_20230614T022541_R046_T50PQT_20230614T094130,200,,0.0,0.0,0.0,0.0,0.0,0.0,0.0,100.0,0.0,0.0,0.0,10000,0,0.0,20000.000000000582,20000.000000000233,0.3434329032897949,100.0,,0.0,0.0,0.0,0.0,0.0,0.0,0.0,0.0,0.0,0.0,0.0,0.0,0.0,20000.0
26,T50PQT_20000_0,S2A_MSIL2A_20230614T022541_R046_T50PQT_20230614T094130,500,,0.0,0.0,0.0,0.0,0.0,0.0,0.0,100.0,0.0,0.0,0.0,1600,0,0.0,20000.000000000582,20000.000000000233,0.3260977268218994,100.0,,0.0,0.0,0.0,0.0,0.0,0.0,0.0,0.0,0.0,0.0,0.0,0.0,0.0,20000.0
32,T50PQT_20000_0,S2A_MSIL2A_20230614T022541_R046_T50PQT_20230614T094130,1000,,0.0,0.0,0.0,0.0,0.0,0.0,0.0,100.0,0.0,0.0,0.0,400,0,0.0,20000.000000000582,20000.000000000233,0.6019558906555176,100.0,,0.0,0.0,0.0,0.0,0.0,0.0,0.0,0.0,0.0,0.0,0.0,0.0,0.0,20000.0
4,T50PQT_20000_0,S2A_MSIL2A_20230624T022531_R046_T50PQT_20230624T082536,20,,0.0,0.0,0.0,0.0,0.0,0.0,0.0,82.3197,17.5762,0.1041,0.0,1000000,0,0.0,20000.000000000582,20000.000000000233,0.8124465942382812,100.0,,0.0,0.0,0.0,0.0,0.0,0.0,0.0,0.0,0.0,0.0,0.0,0.0,0.0,20000.0
10,T50PQT_20000_0,S2A_MSIL2A_20230624T022531_R046_T50PQT_20230624T082536,50,,0.0,0.0,0.0,0.0,0.0,0.0,0.0,82.315625,17.588125,0.09625,0.0,160000,0,0.0,20000.000000000582,20000.000000000233,0.33866167068481445,100.0,,0.0,0.0,0.0,0.0,0.0,0.0,0.0,-0.004075000000000273,0.011925000000001518,-0.007849999999999996,0.0,0.0,0.0,20000.0
16,T50PQT_20000_0,S2A_MSIL2A_20230624T022531_R046_T50PQT_20230624T082536,100,,0.0,0.0,0.0,0.0,0.0,0.0,0.0,82.3775,17.5225,0.1,0.0,40000,0,0.0,20000.000000000582,20000.000000000233,0.33188486099243164,100.0,,0.0,0.0,0.0,0.0,0.0,0.0,0.0,0.057800000000000296,-0.05369999999999919,-0.0040999999999999925,0.0,0.0,0.0,20000.0
22,T50PQT_20000_0,S2A_MSIL2A_20230624T022531_R046_T50PQT_20230624T082536,200,,0.0,0.0,0.0,0.0,0.0,0.0,0.0,82.6,17.31,0.09,0.0,10000,0,0.0,20000.000000000582,20000.000000000233,0.3434329032897949,100.0,,0.0,0.0,0.0,0.0,0.0,0.0,0.0,0.2802999999999969,-0.2662000000000013,-0.014100000000000001,0.0,0.0,0.0,20000.0
28,T50PQT_20000_0,S2A_MSIL2A_20230624T022531_R046_T50PQT_20230624T082536,500,,0.0,0.0,0.0,0.0,0.0,0.0,0.0,82.3125,17.5625,0.125,0.0,1600,0,0.0,20000.000000000582,20000.000000000233,0.3260977268218994,100.0,,0.0,0.0,0.0,0.0,0.0,0.0,0.0,-0.007199999999997431,-0.013700000000000045,0.020900000000000002,0.0,0.0,0.0,20000.0
34,T50PQT_20000_0,S2A_MSIL2A_20230624T022531_R046_T50PQT_20230624T082536,1000,,0.0,0.0,0.0,0.0,0.0,0.0,0.0,83.75,16.25,0.0,0.0,400,0,0.0,20000.000000000582,20000.000000000233,0.6019558906555176,100.0,,0.0,0.0,0.0,0.0,0.0,0.0,0.0,1.4303000000000026,-1.3262,-0.1041,0.0,0.0,0.0,20000.0
1,T50PQT_20000_0,S2B_MSIL2A_20230609T022539_R046_T50PQT_20230609T075214,20,,0.0,0.0,0.0,0.0,0.0,0.0,0.0,100.0,0.0,0.0,0.0,1000000,0,0.0,20000.000000000582,20000.000000000233,0.8124465942382812,100.0,,0.0,0.0,0.0,0.0,0.0,0.0,0.0,0.0,0.0,0.0,0.0,0.0,0.0,20000.0
7,T50PQT_20000_0,S2B_MSIL2A_20230609T022539_R046_T50PQT_20230609T075214,50,,0.0,0.0,0.0,0.0,0.0,0.0,0.0,100.0,0.0,0.0,0.0,160000,0,0.0,20000.000000000582,20000.000000000233,0.33866167068481445,100.0,,0.0,0.0,0.0,0.0,0.0,0.0,0.0,0.0,0.0,0.0,0.0,0.0,0.0,20000.0
13,T50PQT_20000_0,S2B_MSIL2A_20230609T022539_R046_T50PQT_20230609T075214,100,,0.0,0.0,0.0,0.0,0.0,0.0,0.0,100.0,0.0,0.0,0.0,40000,0,0.0,20000.000000000582,20000.000000000233,0.33188486099243164,100.0,,0.0,0.0,0.0,0.0,0.0,0.0,0.0,0.0,0.0,0.0,0.0,0.0,0.0,20000.0
19,T50PQT_20000_0,S2B_MSIL2A_20230609T022539_R046_T50PQT_20230609T075214,200,,0.0,0.0,0.0,0.0,0.0,0.0,0.0,100.0,0.0,0.0,0.0,10000,0,0.0,20000.000000000582,20000.000000000233,0.3434329032897949,100.0,,0.0,0.0,0.0,0.0,0.0,0.0,0.0,0.0,0.0,0.0,0.0,0.0,0.0,20000.0
25,T50PQT_20000_0,S2B_MSIL2A_20230609T022539_R046_T50PQT_20230609T075214,500,,0.0,0.0,0.0,0.0,0.0,0.0,0.0,100.0,0.0,0.0,0.0,1600,0,0.0,20000.000000000582,20000.000000000233,0.3260977268218994,100.0,,0.0,0.0,0.0,0.0,0.0,0.0,0.0,0.0,0.0,0.0,0.0,0.0,0.0,20000.0
31,T50PQT_20000_0,S2B_MSIL2A_20230609T022539_R046_T50PQT_20230609T075214,1000,,0.0,0.0,0.0,0.0,0.0,0.0,0.0,100.0,0.0,0.0,0.0,400,0,0.0,20000.000000000582,20000.000000000233,0.6019558906555176,100.0,,0.0,0.0,0.0,0.0,0.0,0.0,0.0,0.0,0.0,0.0,0.0,0.0,0.0,20000.0
3,T50PQT_20000_0,S2B_MSIL2A_20230619T022539_R046_T50PQT_20230619T074224,20,,0.0,0.0,0.0,0.0,0.0,15.1291,0.0,11.1176,4.1601,69.5932,0.0,1000000,0,0.0,20000.000000000582,20000.000000000233,0.8124465942382812,84.87089999999999,,0.0,0.0,0.0,0.0,0.0,0.0,0.0,0.0,0.0,0.0,0.0,0.0,0.0,20000.0
9,T50PQT_20000_0,S2B_MSIL2A_20230619T022539_R046_T50PQT_20230619T074224,50,,0.0,0.0,0.0,0.0,0.0,15.124375,0.0,11.136875,4.125625,69.613125,0.0,160000,0,0.0,20000.000000000582,20000.000000000233,0.33866167068481445,84.875625,,0.0,0.0,0.0,0.0,0.0,-0.004724999999998758,0.0,0.019275000000000375,-0.03447499999999959,0.019925000000000637,0.0,0.00472500000000764,0.00472500000000764,20000.0
15,T50PQT_20000_0,S2B_MSIL2A_20230619T022539_R046_T50PQT_20230619T074224,100,,0.0,0.0,0.0,0.0,0.0,15.095,0.0,11.1175,4.105,69.6825,0.0,40000,0,0.0,20000.000000000582,20000.000000000233,0.33188486099243164,84.905,,0.0,0.0,0.0,0.0,0.0,-0.03409999999999869,0.0,-9.999999999976694e-05,-0.05509999999999948,0.0893000000000086,0.0,0.034100000000009345,0.034100000000009345,20000.0
21,T50PQT_20000_0,S2B_MSIL2A_20230619T022539_R046_T50PQT_20230619T074224,200,,0.0,0.0,0.0,0.0,0.0,15.05,0.0,10.99,3.96,70.0,0.0,10000,0,0.0,20000.000000000582,20000.000000000233,0.3434329032897949,84.95,,0.0,0.0,0.0,0.0,0.0,-0.07909999999999862,0.0,-0.12759999999999927,-0.20009999999999994,0.40680000000000405,0.0,0.07910000000001105,0.07910000000001105,20000.0
27,T50PQT_20000_0,S2B_MSIL2A_20230619T022539_R046_T50PQT_20230619T074224,500,,0.0,0.0,0.0,0.0,0.0,15.125,0.0,10.8125,3.9375,70.125,0.0,1600,0,0.0,20000.000000000582,20000.000000000233,0.3260977268218994,84.875,,0.0,0.0,0.0,0.0,0.0,-0.004099999999999326,0.0,-0.3050999999999995,-0.2225999999999999,0.531800000000004,0.0,0.004100000000008208,0.004100000000008208,20000.0
33,T50PQT_20000_0,S2B_MSIL2A_20230619T022539_R046_T50PQT_20230619T074224,1000,,0.0,0.0,0.0,0.0,0.0,14.75,0.0,9.0,3.5,72.75,0.0,400,0,0.0,20000.000000000582,20000.000000000233,0.6019558906555176,85.25,,0.0,0.0,0.0,0.0,0.0,-0.3790999999999993,0.0,-2.1175999999999995,-0.6600999999999999,3.156800000000004,0.0,0.3791000000000082,0.3791000000000082,20000.0
5,T50PQT_20000_0,S2B_MSIL2A_20230629T022539_R046_T50PQT_20230629T115903,20,,0.0,0.0,0.0,0.0,0.0,0.0,0.0,99.8628,0.098,0.0392,0.0,1000000,0,0.0,20000.000000000582,20000.000000000233,0.8124465942382812,99.99999999999999,,0.0,0.0,0.0,0.0,0.0,0.0,0.0,0.0,0.0,0.0,0.0,0.0,0.0,20000.0
11,T50PQT_20000_0,S2B_MSIL2A_20230629T022539_R046_T50PQT_20230629T115903,50,,0.0,0.0,0.0,0.0,0.0,0.0,0.0,99.85625,0.104375,0.039375,0.0,160000,0,0.0,20000.000000000582,20000.000000000233,0.33866167068481445,100.00000000000001,,0.0,0.0,0.0,0.0,0.0,0.0,0.0,-0.006549999999990064,0.006374999999999992,0.00017500000000000154,0.0,2.842170943040401e-14,2.842170943040401e-14,20000.0
17,T50PQT_20000_0,S2B_MSIL2A_20230629T022539_R046_T50PQT_20230629T115903,100,,0.0,0.0,0.0,0.0,0.0,0.0,0.0,99.855,0.1,0.045,0.0,40000,0,0.0,20000.000000000582,20000.000000000233,0.33188486099243164,100.0,,0.0,0.0,0.0,0.0,0.0,0.0,0.0,-0.007799999999988927,0.0020000000000000018,0.0058,0.0,1.4210854715202004e-14,1.4210854715202004e-14,20000.0
23,T50PQT_20000_0,S2B_MSIL2A_20230629T022539_R046_T50PQT_20230629T115903,200,,0.0,0.0,0.0,0.0,0.0,0.0,0.0,99.83,0.13,0.04,0.0,10000,0,0.0,20000.000000000582,20000.000000000233,0.3434329032897949,100.0,,0.0,0.0,0.0,0.0,0.0,0.0,0.0,-0.03279999999999461,0.032,0.0008000000000000021,0.0,1.4210854715202004e-14,1.4210854715202004e-14,20000.0
29,T50PQT_20000_0,S2B_MSIL2A_20230629T022539_R046_T50PQT_20230629T115903,500,,0.0,0.0,0.0,0.0,0.0,0.0,0.0,99.75,0.1875,0.0625,0.0,1600,0,0.0,20000.000000000582,20000.000000000233,0.3260977268218994,100.0,,0.0,0.0,0.0,0.0,0.0,0.0,0.0,-0.1127999999999929,0.0895,0.0233,0.0,1.4210854715202004e-14,1.4210854715202004e-14,20000.0
35,T50PQT_20000_0,S2B_MSIL2A_20230629T022539_R046_T50PQT_20230629T115903,1000,,0.0,0.0,0.0,0.0,0.0,0.0,0.0,100.0,0.0,0.0,0.0,400,0,0.0,20000.000000000582,20000.000000000233,0.6019558906555176,100.0,,0.0,0.0,0.0,0.0,0.0,0.0,0.0,0.1372000000000071,-0.098,-0.0392,0.0,1.4210854715202004e-14,1.4210854715202004e-14,20000.0
36,T50PQT_20000_1,S2A_MSIL2A_20230604T022531_R046_T50PQT_20230604T082521,20,,0.0,0.0,0.0,0.0,0.0,0.0,0.0,99.0858,0.9142,0.0,0.0,1000000,0,0.0,20000.00000000035,20000.000000000233,0.46109557151794434,100.0,,0.0,0.0,0.0,0.0,0.0,0.0,0.0,0.0,0.0,0.0,0.0,0.0,0.0,20000.0
42,T50PQT_20000_1,S2A_MSIL2A_20230604T022531_R046_T50PQT_20230604T082521,50,,0.0,0.0,0.0,0.0,0.0,0.0,0.0,99.08125,0.91875,0.0,0.0,160000,0,0.0,20000.00000000035,20000.000000000233,0.40796327590942383,100.0,,0.0,0.0,0.0,0.0,0.0,0.0,0.0,-0.004550000000008936,0.004549999999999943,0.0,0.0,0.0,0.0,20000.0
48,T50PQT_20000_1,S2A_MSIL2A_20230604T022531_R046_T50PQT_20230604T082521,100,,0.0,0.0,0.0,0.0,0.0,0.0,0.0,99.075,0.925,0.0,0.0,40000,0,0.0,20000.00000000035,20000.000000000233,0.39605188369750977,100.0,,0.0,0.0,0.0,0.0,0.0,0.0,0.0,-0.010800000000003251,0.010800000000000032,0.0,0.0,0.0,0.0,20000.0
54,T50PQT_20000_1,S2A_MSIL2A_20230604T022531_R046_T50PQT_20230604T082521,200,,0.0,0.0,0.0,0.0,0.0,0.0,0.0,99.11,0.89,0.0,0.0,10000,0,0.0,20000.00000000035,20000.000000000233,0.3315575122833252,100.0,,0.0,0.0,0.0,0.0,0.0,0.0,0.0,0.024199999999993338,-0.0242,0.0,0.0,0.0,0.0,20000.0
60,T50PQT_20000_1,S2A_MSIL2A_20230604T022531_R046_T50PQT_20230604T082521,500,,0.0,0.0,0.0,0.0,0.0,0.0,0.0,99.0625,0.9375,0.0,0.0,1600,0,0.0,20000.00000000035,20000.000000000233,0.33186936378479004,100.0,,0.0,0.0,0.0,0.0,0.0,0.0,0.0,-0.023300000000006094,0.023299999999999987,0.0,0.0,0.0,0.0,20000.0
66,T50PQT_20000_1,S2A_MSIL2A_20230604T022531_R046_T50PQT_20230604T082521,1000,,0.0,0.0,0.0,0.0,0.0,0.0,0.0,99.5,0.5,0.0,0.0,400,0,0.0,20000.00000000035,20000.000000000233,0.34024596214294434,100.0,,0.0,0.0,0.0,0.0,0.0,0.0,0.0,0.4141999999999939,-0.4142,0.0,0.0,0.0,0.0,20000.0
38,T50PQT_20000_1,S2A_MSIL2A_20230614T022541_R046_T50PQT_20230614T094130,20,,0.0,0.0,0.0,0.0,0.0,0.0,0.0,100.0,0.0,0.0,0.0,1000000,0,0.0,20000.00000000035,20000.000000000233,0.46109557151794434,100.0,,0.0,0.0,0.0,0.0,0.0,0.0,0.0,0.0,0.0,0.0,0.0,0.0,0.0,20000.0
44,T50PQT_20000_1,S2A_MSIL2A_20230614T022541_R046_T50PQT_20230614T094130,50,,0.0,0.0,0.0,0.0,0.0,0.0,0.0,100.0,0.0,0.0,0.0,160000,0,0.0,20000.00000000035,20000.000000000233,0.40796327590942383,100.0,,0.0,0.0,0.0,0.0,0.0,0.0,0.0,0.0,0.0,0.0,0.0,0.0,0.0,20000.0
50,T50PQT_20000_1,S2A_MSIL2A_20230614T022541_R046_T50PQT_20230614T094130,100,,0.0,0.0,0.0,0.0,0.0,0.0,0.0,100.0,0.0,0.0,0.0,40000,0,0.0,20000.00000000035,20000.000000000233,0.39605188369750977,100.0,,0.0,0.0,0.0,0.0,0.0,0.0,0.0,0.0,0.0,0.0,0.0,0.0,0.0,20000.0
56,T50PQT_20000_1,S2A_MSIL2A_20230614T022541_R046_T50PQT_20230614T094130,200,,0.0,0.0,0.0,0.0,0.0,0.0,0.0,100.0,0.0,0.0,0.0,10000,0,0.0,20000.00000000035,20000.000000000233,0.3315575122833252,100.0,,0.0,0.0,0.0,0.0,0.0,0.0,0.0,0.0,0.0,0.0,0.0,0.0,0.0,20000.0
62,T50PQT_20000_1,S2A_MSIL2A_20230614T022541_R046_T50PQT_20230614T094130,500,,0.0,0.0,0.0,0.0,0.0,0.0,0.0,100.0,0.0,0.0,0.0,1600,0,0.0,20000.00000000035,20000.000000000233,0.33186936378479004,100.0,,0.0,0.0,0.0,0.0,0.0,0.0,0.0,0.0,0.0,0.0,0.0,0.0,0.0,20000.0
68,T50PQT_20000_1,S2A_MSIL2A_20230614T022541_R046_T50PQT_20230614T094130,1000,,0.0,0.0,0.0,0.0,0.0,0.0,0.0,100.0,0.0,0.0,0.0,400,0,0.0,20000.00000000035,20000.000000000233,0.34024596214294434,100.0,,0.0,0.0,0.0,0.0,0.0,0.0,0.0,0.0,0.0,0.0,0.0,0.0,0.0,20000.0
40,T50PQT_20000_1,S2A_MSIL2A_20230624T022531_R046_T50PQT_20230624T082536,20,,0.0,0.0,0.0,0.0,0.0,0.0,0.0,62.0954,37.9046,0.0,0.0,1000000,0,0.0,20000.00000000035,20000.000000000233,0.46109557151794434,100.0,,0.0,0.0,0.0,0.0,0.0,0.0,0.0,0.0,0.0,0.0,0.0,0.0,0.0,20000.0
46,T50PQT_20000_1,S2A_MSIL2A_20230624T022531_R046_T50PQT_20230624T082536,50,,0.0,0.0,0.0,0.0,0.0,0.0,0.0,62.145,37.855,0.0,0.0,160000,0,0.0,20000.00000000035,20000.000000000233,0.40796327590942383,100.0,,0.0,0.0,0.0,0.0,0.0,0.0,0.0,0.049600000000005195,-0.049600000000005195,0.0,0.0,0.0,0.0,20000.0
52,T50PQT_20000_1,S2A_MSIL2A_20230624T022531_R046_T50PQT_20230624T082536,100,,0.0,0.0,0.0,0.0,0.0,0.0,0.0,62.1375,37.8625,0.0,0.0,40000,0,0.0,20000.00000000035,20000.000000000233,0.39605188369750977,100.0,,0.0,0.0,0.0,0.0,0.0,0.0,0.0,0.04210000000000491,-0.04210000000000491,0.0,0.0,0.0,0.0,20000.0
58,T50PQT_20000_1,S2A_MSIL2A_20230624T022531_R046_T50PQT_20230624T082536,200,,0.0,0.0,0.0,0.0,0.0,0.0,0.0,62.42,37.58,0.0,0.0,10000,0,0.0,20000.00000000035,20000.000000000233,0.3315575122833252,100.0,,0.0,0.0,0.0,0.0,0.0,0.0,0.0,0.3246000000000038,-0.3246000000000038,0.0,0.0,0.0,0.0,20000.0
64,T50PQT_20000_1,S2A_MSIL2A_20230624T022531_R046_T50PQT_20230624T082536,500,,0.0,0.0,0.0,0.0,0.0,0.0,0.0,62.3125,37.6875,0.0,0.0,1600,0,0.0,20000.00000000035,20000.000000000233,0.33186936378479004,100.0,,0.0,0.0,0.0,0.0,0.0,0.0,0.0,0.21710000000000207,-0.21710000000000207,0.0,0.0,0.0,0.0,20000.0
70,T50PQT_20000_1,S2A_MSIL2A_20230624T022531_R046_T50PQT_20230624T082536,1000,,0.0,0.0,0.0,0.0,0.0,0.0,0.0,64.5,35.5,0.0,0.0,400,0,0.0,20000.00000000035,20000.000000000233,0.34024596214294434,100.0,,0.0,0.0,0.0,0.0,0.0,0.0,0.0,2.404600000000002,-2.404600000000002,0.0,0.0,0.0,0.0,20000.0
37,T50PQT_20000_1,S2B_MSIL2A_20230609T022539_R046_T50PQT_20230609T075214,20,,0.0,0.0,0.0,0.0,0.0,0.0,0.0,99.9876,0.0,0.0124,0.0,1000000,0,0.0,20000.00000000035,20000.000000000233,0.46109557151794434,100.0,,0.0,0.0,0.0,0.0,0.0,0.0,0.0,0.0,0.0,0.0,0.0,0.0,0.0,20000.0
43,T50PQT_20000_1,S2B_MSIL2A_20230609T022539_R046_T50PQT_20230609T075214,50,,0.0,0.0,0.0,0.0,0.0,0.0,0.0,99.9875,0.0,0.0125,0.0,160000,0,0.0,20000.00000000035,20000.000000000233,0.40796327590942383,100.0,,0.0,0.0,0.0,0.0,0.0,0.0,0.0,-0.00010000000000331966,0.0,0.00010000000000000113,0.0,0.0,0.0,20000.0
49,T50PQT_20000_1,S2B_MSIL2A_20230609T022539_R046_T50PQT_20230609T075214,100,,0.0,0.0,0.0,0.0,0.0,0.0,0.0,99.99,0.0,0.01,0.0,40000,0,0.0,20000.00000000035,20000.000000000233,0.39605188369750977,100.0,,0.0,0.0,0.0,0.0,0.0,0.0,0.0,0.0023999999999944066,0.0,-0.0023999999999999994,0.0,0.0,0.0,20000.0
55,T50PQT_20000_1,S2B_MSIL2A_20230609T022539_R046_T50PQT_20230609T075214,200,,0.0,0.0,0.0,0.0,0.0,0.0,0.0,99.99,0.0,0.01,0.0,10000,0,0.0,20000.00000000035,20000.000000000233,0.3315575122833252,100.0,,0.0,0.0,0.0,0.0,0.0,0.0,0.0,0.0023999999999944066,0.0,-0.0023999999999999994,0.0,0.0,0.0,20000.0
61,T50PQT_20000_1,S2B_MSIL2A_20230609T022539_R046_T50PQT_20230609T075214,500,,0.0,0.0,0.0,0.0,0.0,0.0,0.0,100.0,0.0,0.0,0.0,1600,0,0.0,20000.00000000035,20000.000000000233,0.33186936378479004,100.0,,0.0,0.0,0.0,0.0,0.0,0.0,0.0,0.012399999999999523,0.0,-0.0124,0.0,0.0,0.0,20000.0
67,T50PQT_20000_1,S2B_MSIL2A_20230609T022539_R046_T50PQT_20230609T075214,1000,,0.0,0.0,0.0,0.0,0.0,0.0,0.0,100.0,0.0,0.0,0.0,400,0,0.0,20000.00000000035,20000.000000000233,0.34024596214294434,100.0,,0.0,0.0,0.0,0.0,0.0,0.0,0.0,0.012399999999999523,0.0,-0.0124,0.0,0.0,0.0,20000.0
39,T50PQT_20000_1,S2B_MSIL2A_20230619T022539_R046_T50PQT_20230619T074224,20,,0.0,0.0,0.0,0.0,0.0,2.8883,0.0,40.9457,1.7375,54.4285,0.0,1000000,0,0.0,20000.00000000035,20000.000000000233,0.46109557151794434,97.1117,,0.0,0.0,0.0,0.0,0.0,0.0,0.0,0.0,0.0,0.0,0.0,0.0,0.0,20000.0
45,T50PQT_20000_1,S2B_MSIL2A_20230619T022539_R046_T50PQT_20230619T074224,50,,0.0,0.0,0.0,0.0,0.0,2.866875,0.0,41.028125,1.725,54.38,0.0,160000,0,0.0,20000.00000000035,20000.000000000233,0.40796327590942383,97.133125,,0.0,0.0,0.0,0.0,0.0,-0.02142500000000025,0.0,0.08242500000000064,-0.012499999999999956,-0.0484999999999971,0.0,0.0214250000000078,0.0214250000000078,20000.0
51,T50PQT_20000_1,S2B_MSIL2A_20230619T022539_R046_T50PQT_20230619T074224,100,,0.0,0.0,0.0,0.0,0.0,2.87,0.0,41.015,1.7425,54.3725,0.0,40000,0,0.0,20000.00000000035,20000.000000000233,0.39605188369750977,97.13,,0.0,0.0,0.0,0.0,0.0,-0.018299999999999983,0.0,0.06929999999999836,0.004999999999999893,-0.055999999999997385,0.0,0.01829999999999643,0.018299999999999983,20000.0
57,T50PQT_20000_1,S2B_MSIL2A_20230619T022539_R046_T50PQT_20230619T074224,200,,0.0,0.0,0.0,0.0,0.0,2.79,0.0,41.15,1.76,54.3,0.0,10000,0,0.0,20000.00000000035,20000.000000000233,0.3315575122833252,97.21,,0.0,0.0,0.0,0.0,0.0,-0.09830000000000005,0.0,0.20429999999999637,0.022499999999999964,-0.1285000000000025,0.0,0.09829999999999472,0.09830000000000005,20000.0
63,T50PQT_20000_1,S2B_MSIL2A_20230619T022539_R046_T50PQT_20230619T074224,500,,0.0,0.0,0.0,0.0,0.0,2.8125,0.0,41.6875,1.625,53.875,0.0,1600,0,0.0,20000.00000000035,20000.000000000233,0.33186936378479004,97.1875,,0.0,0.0,0.0,0.0,0.0,-0.07580000000000009,0.0,0.7417999999999978,-0.11250000000000004,-0.5534999999999997,0.0,0.07580000000000098,0.07580000000000098,20000.0
69,T50PQT_20000_1,S2B_MSIL2A_20230619T022539_R046_T50PQT_20230619T074224,1000,,0.0,0.0,0.0,0.0,0.0,2.25,0.0,39.75,2.5,55.5,0.0,400,0,0.0,20000.00000000035,20000.000000000233,0.34024596214294434,97.75,,0.0,0.0,0.0,0.0,0.0,-0.6383000000000001,0.0,-1.1957000000000022,0.7625,1.0715000000000003,0.0,0.638300000000001,0.638300000000001,20000.0
41,T50PQT_20000_1,S2B_MSIL2A_20230629T022539_R046_T50PQT_20230629T115903,20,,0.0,0.0,0.0,0.0,0.0,0.0,0.0,80.6319,19.2022,0.1659,0.0,1000000,0,0.0,20000.00000000035,20000.000000000233,0.46109557151794434,100.0,,0.0,0.0,0.0,0.0,0.0,0.0,0.0,0.0,0.0,0.0,0.0,0.0,0.0,20000.0
47,T50PQT_20000_1,S2B_MSIL2A_20230629T022539_R046_T50PQT_20230629T115903,50,,0.0,0.0,0.0,0.0,0.0,0.0,0.0,80.629375,19.208125,0.1625,0.0,160000,0,0.0,20000.00000000035,20000.000000000233,0.40796327590942383,99.99999999999999,,0.0,0.0,0.0,0.0,0.0,0.0,0.0,-0.0025250000000056616,0.005924999999997738,-0.0033999999999999864,0.0,-1.4210854715202004e-14,1.4210854715202004e-14,20000.0
53,T50PQT_20000_1,S2B_MSIL2A_20230629T022539_R046_T50PQT_20230629T115903,100,,0.0,0.0,0.0,0.0,0.0,0.0,0.0,80.6575,19.1725,0.17,0.0,40000,0,0.0,20000.00000000035,20000.000000000233,0.39605188369750977,100.0,,0.0,0.0,0.0,0.0,0.0,0.0,0.0,0.02559999999999718,-0.029700000000001836,0.00410000000000002,0.0,0.0,0.0,20000.0
59,T50PQT_20000_1,S2B_MSIL2A_20230629T022539_R046_T50PQT_20230629T115903,200,,0.0,0.0,0.0,0.0,0.0,0.0,0.0,80.67,19.18,0.15,0.0,10000,0,0.0,20000.00000000035,20000.000000000233,0.3315575122833252,100.0,,0.0,0.0,0.0,0.0,0.0,0.0,0.0,0.03810000000000002,-0.022200000000001552,-0.015899999999999997,0.0,0.0,0.0,20000.0
65,T50PQT_20000_1,S2B_MSIL2A_20230629T022539_R046_T50PQT_20230629T115903,500,,0.0,0.0,0.0,0.0,0.0,0.0,0.0,80.75,19.0625,0.1875,0.0,1600,0,0.0,20000.00000000035,20000.000000000233,0.33186936378479004,100.0,,0.0,0.0,0.0,0.0,0.0,0.0,0.0,0.11809999999999832,-0.13970000000000127,0.021600000000000008,0.0,0.0,0.0,20000.0
71,T50PQT_20000_1,S2B_MSIL2A_20230629T022539_R046_T50PQT_20230629T115903,1000,,0.0,0.0,0.0,0.0,0.0,0.0,0.0,79.5,20.25,0.25,0.0,400,0,0.0,20000.00000000035,20000.000000000233,0.34024596214294434,100.0,,0.0,0.0,0.0,0.0,0.0,0.0,0.0,-1.1319000000000017,1.0477999999999987,0.08410000000000001,0.0,0.0,0.0,20000.0
360,T50PQT_20000_10,S2A_MSIL2A_20230604T022531_R046_T50PQT_20230604T082521,20,,0.0,0.0,0.0,0.0,0.0002,2.5422,0.0,37.9231,26.5196,33.0149,0.0,1000000,0,0.0,20000.000000001863,20000.000000000233,0.5318999290466309,97.4576,,0.0,0.0,0.0,0.0,0.0,0.0,0.0,0.0,0.0,0.0,0.0,0.0,0.0,20000.0
366,T50PQT_20000_10,S2A_MSIL2A_20230604T022531_R046_T50PQT_20230604T082521,50,,0.0,0.0,0.0,0.0,0.000625,2.541875,0.0,37.895,26.588125,32.974375,0.0,160000,0,0.0,20000.000000001863,20000.000000000233,0.3998446464538574,97.45750000000001,,0.0,0.0,0.0,0.0,0.00042500000000000003,-0.00032499999999968665,0.0,-0.028099999999994907,0.06852500000000106,-0.04052499999999526,0.0,-9.99999999891088e-05,0.00042500000000000003,20000.0
372,T50PQT_20000_10,S2A_MSIL2A_20230604T022531_R046_T50PQT_20230604T082521,100,,0.0,0.0,0.0,0.0,0.0,2.555,0.0,37.83,26.595,33.02,0.0,40000,0,0.0,20000.000000001863,20000.000000000233,0.3356931209564209,97.445,,0.0,0.0,0.0,0.0,-0.0002,0.012800000000000367,0.0,-0.09309999999999974,0.07539999999999836,0.005100000000005878,0.0,-0.012600000000006162,0.012800000000000367,20000.0
378,T50PQT_20000_10,S2A_MSIL2A_20230604T022531_R046_T50PQT_20230604T082521,200,,0.0,0.0,0.0,0.0,0.0,2.53,0.0,37.65,26.78,33.04,0.0,10000,0,0.0,20000.000000001863,20000.000000000233,0.3382225036621094,97.47,,0.0,0.0,0.0,0.0,-0.0002,-0.012199999999999989,0.0,-0.27309999999999945,0.26040000000000063,0.0251000000000019,0.0,0.012399999999999523,0.012399999999999523,20000.0
384,T50PQT_20000_10,S2A_MSIL2A_20230604T022531_R046_T50PQT_20230604T082521,500,,0.0,0.0,0.0,0.0,0.0,2.625,0.0,37.75,26.5,33.125,0.0,1600,0,0.0,20000.000000001863,20000.000000000233,0.3470737934112549,97.375,,0.0,0.0,0.0,0.0,-0.0002,0.0828000000000002,0.0,-0.17309999999999803,-0.019600000000000506,0.11010000000000275,0.0,-0.08259999999999934,0.0828000000000002,20000.0
390,T50PQT_20000_10,S2A_MSIL2A_20230604T022531_R046_T50PQT_20230604T082521,1000,,0.0,0.0,0.0,0.0,0.0,2.5,0.0,37.75,27.0,32.75,0.0,400,0,0.0,20000.000000001863,20000.000000000233,0.34133148193359375,97.5,,0.0,0.0,0.0,0.0,-0.0002,-0.04219999999999979,0.0,-0.17309999999999803,0.4803999999999995,-0.26489999999999725,0.0,0.04240000000000066,0.04240000000000066,20000.0
362,T50PQT_20000_10,S2A_MSIL2A_20230614T022541_R046_T50PQT_20230614T094130,20,,0.0,0.0,0.0,0.0,0.0,0.0,0.0,99.975,0.0234,0.0016,0.0,1000000,0,0.0,20000.000000001863,20000.000000000233,0.5318999290466309,99.99999999999999,,0.0,0.0,0.0,0.0,0.0,0.0,0.0,0.0,0.0,0.0,0.0,0.0,0.0,20000.0
368,T50PQT_20000_10,S2A_MSIL2A_20230614T022541_R046_T50PQT_20230614T094130,50,,0.0,0.0,0.0,0.0,0.0,0.0,0.0,99.973125,0.025,0.001875,0.0,160000,0,0.0,20000.000000001863,20000.000000000233,0.3998446464538574,100.0,,0.0,0.0,0.0,0.0,0.0,0.0,0.0,-0.0018749999999982947,0.0016000000000000007,0.00027499999999999985,0.0,1.4210854715202004e-14,1.4210854715202004e-14,20000.0
374,T50PQT_20000_10,S2A_MSIL2A_20230614T022541_R046_T50PQT_20230614T094130,100,,0.0,0.0,0.0,0.0,0.0,0.0,0.0,99.9675,0.03,0.0025,0.0,40000,0,0.0,20000.000000001863,20000.000000000233,0.3356931209564209,100.0,,0.0,0.0,0.0,0.0,0.0,0.0,0.0,-0.007499999999993179,0.006599999999999998,0.0009,0.0,1.4210854715202004e-14,1.4210854715202004e-14,20000.0
380,T50PQT_20000_10,S2A_MSIL2A_20230614T022541_R046_T50PQT_20230614T094130,200,,0.0,0.0,0.0,0.0,0.0,0.0,0.0,99.97,0.03,0.0,0.0,10000,0,0.0,20000.000000001863,20000.000000000233,0.3382225036621094,100.0,,0.0,0.0,0.0,0.0,0.0,0.0,0.0,-0.0049999999999954525,0.006599999999999998,-0.0016,0.0,1.4210854715202004e-14,1.4210854715202004e-14,20000.0
386,T50PQT_20000_10,S2A_MSIL2A_20230614T022541_R046_T50PQT_20230614T094130,500,,0.0,0.0,0.0,0.0,0.0,0.0,0.0,100.0,0.0,0.0,0.0,1600,0,0.0,20000.000000001863,20000.000000000233,0.3470737934112549,100.0,,0.0,0.0,0.0,0.0,0.0,0.0,0.0,0.025000000000005684,-0.0234,-0.0016,0.0,1.4210854715202004e-14,1.4210854715202004e-14,20000.0
392,T50PQT_20000_10,S2A_MSIL2A_20230614T022541_R046_T50PQT_20230614T094130,1000,,0.0,0.0,0.0,0.0,0.0,0.0,0.0,100.0,0.0,0.0,0.0,400,0,0.0,20000.000000001863,20000.000000000233,0.34133148193359375,100.0,,0.0,0.0,0.0,0.0,0.0,0.0,0.0,0.025000000000005684,-0.0234,-0.0016,0.0,1.4210854715202004e-14,1.4210854715202004e-14,20000.0
364,T50PQT_20000_10,S2A_MSIL2A_20230624T022531_R046_T50PQT_20230624T082536,20,,0.0,0.0,0.0,0.0,0.0,0.008,0.0,76.4639,4.9621,18.566,0.0,1000000,0,0.0,20000.000000001863,20000.000000000233,0.5318999290466309,99.992,,0.0,0.0,0.0,0.0,0.0,0.0,0.0,0.0,0.0,0.0,0.0,0.0,0.0,20000.0
370,T50PQT_20000_10,S2A_MSIL2A_20230624T022531_R046_T50PQT_20230624T082536,50,,0.0,0.0,0.0,0.0,0.0,0.00875,0.0,76.453125,4.996875,18.54125,0.0,160000,0,0.0,20000.000000001863,20000.000000000233,0.3998446464538574,99.99125000000001,,0.0,0.0,0.0,0.0,0.0,0.0007500000000000007,0.0,-0.010774999999995316,0.03477499999999978,-0.024749999999997385,0.0,-0.0007499999999964757,0.0007500000000000007,20000.0
376,T50PQT_20000_10,S2A_MSIL2A_20230624T022531_R046_T50PQT_20230624T082536,100,,0.0,0.0,0.0,0.0,0.0,0.0075,0.0,76.4625,5.005,18.525,0.0,40000,0,0.0,20000.000000001863,20000.000000000233,0.3356931209564209,99.9925,,0.0,0.0,0.0,0.0,0.0,-0.0005000000000000004,0.0,-0.0013999999999896318,0.042899999999999494,-0.04100000000000037,0.0,0.0005000000000023874,0.0005000000000023874,20000.0
382,T50PQT_20000_10,S2A_MSIL2A_20230624T022531_R046_T50PQT_20230624T082536,200,,0.0,0.0,0.0,0.0,0.0,0.01,0.0,76.75,5.37,17.87,0.0,10000,0,0.0,20000.000000001863,20000.000000000233,0.3382225036621094,99.99000000000001,,0.0,0.0,0.0,0.0,0.0,0.002,0.0,0.2861000000000047,0.4078999999999997,-0.695999999999998,0.0,-0.001999999999995339,0.002,20000.0
388,T50PQT_20000_10,S2A_MSIL2A_20230624T022531_R046_T50PQT_20230624T082536,500,,0.0,0.0,0.0,0.0,0.0,0.0,0.0,77.3125,5.5,17.1875,0.0,1600,0,0.0,20000.000000001863,20000.000000000233,0.3470737934112549,100.0,,0.0,0.0,0.0,0.0,0.0,-0.008,0.0,0.8486000000000047,0.5378999999999996,-1.378499999999999,0.0,0.007999999999995566,0.008,20000.0
394,T50PQT_20000_10,S2A_MSIL2A_20230624T022531_R046_T50PQT_20230624T082536,1000,,0.0,0.0,0.0,0.0,0.0,0.0,0.0,77.5,7.75,14.75,0.0,400,0,0.0,20000.000000001863,20000.000000000233,0.34133148193359375,100.0,,0.0,0.0,0.0,0.0,0.0,-0.008,0.0,1.0361000000000047,2.7878999999999996,-3.815999999999999,0.0,0.007999999999995566,0.008,20000.0
361,T50PQT_20000_10,S2B_MSIL2A_20230609T022539_R046_T50PQT_20230609T075214,20,,0.0,0.0,0.0,0.0,0.0,0.0,0.0,99.0323,0.9613,0.0064,0.0,1000000,0,0.0,20000.000000001863,20000.000000000233,0.5318999290466309,100.0,,0.0,0.0,0.0,0.0,0.0,0.0,0.0,0.0,0.0,0.0,0.0,0.0,0.0,20000.0
367,T50PQT_20000_10,S2B_MSIL2A_20230609T022539_R046_T50PQT_20230609T075214,50,,0.0,0.0,0.0,0.0,0.0,0.0,0.0,99.02125,0.9725,0.00625,0.0,160000,0,0.0,20000.000000001863,20000.000000000233,0.3998446464538574,99.99999999999999,,0.0,0.0,0.0,0.0,0.0,0.0,0.0,-0.01105000000001155,0.011199999999999988,-0.00014999999999999996,0.0,-1.4210854715202004e-14,1.4210854715202004e-14,20000.0
373,T50PQT_20000_10,S2B_MSIL2A_20230609T022539_R046_T50PQT_20230609T075214,100,,0.0,0.0,0.0,0.0,0.0,0.0,0.0,99.0125,0.9825,0.005,0.0,40000,0,0.0,20000.000000001863,20000.000000000233,0.3356931209564209,100.0,,0.0,0.0,0.0,0.0,0.0,0.0,0.0,-0.019800000000003593,0.021199999999999997,-0.0014000000000000002,0.0,0.0,0.0,20000.0
379,T50PQT_20000_10,S2B_MSIL2A_20230609T022539_R046_T50PQT_20230609T075214,200,,0.0,0.0,0.0,0.0,0.0,0.0,0.0,98.99,1.01,0.0,0.0,10000,0,0.0,20000.000000001863,20000.000000000233,0.3382225036621094,100.0,,0.0,0.0,0.0,0.0,0.0,0.0,0.0,-0.04230000000001155,0.048699999999999966,-0.0064,0.0,0.0,0.0,20000.0
385,T50PQT_20000_10,S2B_MSIL2A_20230609T022539_R046_T50PQT_20230609T075214,500,,0.0,0.0,0.0,0.0,0.0,0.0,0.0,99.0625,0.9375,0.0,0.0,1600,0,0.0,20000.000000001863,20000.000000000233,0.3470737934112549,100.0,,0.0,0.0,0.0,0.0,0.0,0.0,0.0,0.030199999999993565,-0.023800000000000043,-0.0064,0.0,0.0,0.0,20000.0
391,T50PQT_20000_10,S2B_MSIL2A_20230609T022539_R046_T50PQT_20230609T075214,1000,,0.0,0.0,0.0,0.0,0.0,0.0,0.0,99.0,1.0,0.0,0.0,400,0,0.0,20000.000000001863,20000.000000000233,0.34133148193359375,100.0,,0.0,0.0,0.0,0.0,0.0,0.0,0.0,-0.032300000000006435,0.03869999999999996,-0.0064,0.0,0.0,0.0,20000.0
363,T50PQT_20000_10,S2B_MSIL2A_20230619T022539_R046_T50PQT_20230619T074224,20,,0.0,0.0,0.0,0.00010000070000490004,0.0003000021000147001,91.61114127798895,0.0,4.677832744829214,3.2653228572600006,0.44530311712181986,0.0,1000000,7,0.0007,20000.000000001863,20000.000000000233,0.5318999290466309,8.388458719211036,,0.0,0.0,0.0,0.0,0.0,0.0,0.0,0.0,0.0,0.0,0.0,0.0,0.0,20000.0
369,T50PQT_20000_10,S2B_MSIL2A_20230619T022539_R046_T50PQT_20230619T074224,50,,0.0,0.0,0.0,0.0006250039062744142,0.0006250039062744142,91.61182257389109,0.0,4.681904261901637,3.2625203907524423,0.44250276564228525,0.0,160000,1,0.000625,20000.000000001863,20000.000000000233,0.3998446464538574,8.386927418296365,,0.0,0.0,0.0,0.0005250032062695142,0.0003250018062597141,0.0006812959021402776,0.0,0.0040715170724228145,-0.002802466507558332,-0.002800351479534613,0.0,-0.0015313009146709078,0.0015313009146709078,20000.0
375,T50PQT_20000_10,S2B_MSIL2A_20230619T022539_R046_T50PQT_20230619T074224,100,,0.0,0.0,0.0,0.0,0.0,91.5325,0.0,4.76,3.2625,0.445,0.0,40000,0,0.0,20000.000000001863,20000.000000000233,0.3356931209564209,8.467500000000001,,0.0,0.0,0.0,-0.00010000070000490004,-0.0003000021000147001,-0.07864127798895026,0.0,0.08216725517078594,-0.002822857260000422,-0.0003031171218198514,0.0,0.07904128078896555,0.07904128078896555,20000.0
381,T50PQT_20000_10,S2B_MSIL2A_20230619T022539_R046_T50PQT_20230619T074224,200,,0.0,0.0,0.0,0.0,0.0,91.46,0.0,4.8,3.21,0.53,0.0,10000,0,0.0,20000.000000001863,20000.000000000233,0.3382225036621094,8.54,,0.0,0.0,0.0,-0.00010000070000490004,-0.0003000021000147001,-0.15114127798895538,0.0,0.12216725517078597,-0.055322857260000635,0.08469688287818017,0.0,0.15154128078896356,0.15154128078896356,20000.0
387,T50PQT_20000_10,S2B_MSIL2A_20230619T022539_R046_T50PQT_20230619T074224,500,,0.0,0.0,0.0,0.0,0.0,90.8125,0.0,5.6875,2.9375,0.5625,0.0,1600,0,0.0,20000.000000001863,20000.000000000233,0.3470737934112549,9.1875,,0.0,0.0,0.0,-0.00010000070000490004,-0.0003000021000147001,-0.7986412779889491,0.0,1.0096672551707861,-0.3278228572600006,0.11719688287818014,0.0,0.7990412807889644,0.7990412807889644,20000.0
393,T50PQT_20000_10,S2B_MSIL2A_20230619T022539_R046_T50PQT_20230619T074224,1000,,0.0,0.0,0.0,0.0,0.0,90.0,0.0,5.25,3.5,1.25,0.0,400,0,0.0,20000.000000001863,20000.000000000233,0.34133148193359375,10.0,,0.0,0.0,0.0,-0.00010000070000490004,-0.0003000021000147001,-1.6111412779889491,0.0,0.5721672551707861,0.2346771427399994,0.8046968828781802,0.0,1.6115412807889644,1.6115412807889644,20000.0
365,T50PQT_20000_10,S2B_MSIL2A_20230629T022539_R046_T50PQT_20230629T115903,20,,0.0,0.0,0.0,0.0,0.0,0.0,0.0,4.9596,95.0404,0.0,0.0,1000000,0,0.0,20000.000000001863,20000.000000000233,0.5318999290466309,100.0,,0.0,0.0,0.0,0.0,0.0,0.0,0.0,0.0,0.0,0.0,0.0,0.0,0.0,20000.0
371,T50PQT_20000_10,S2B_MSIL2A_20230629T022539_R046_T50PQT_20230629T115903,50,,0.0,0.0,0.0,0.0,0.0,0.0,0.0,4.9725,95.0275,0.0,0.0,160000,0,0.0,20000.000000001863,20000.000000000233,0.3998446464538574,100.0,,0.0,0.0,0.0,0.0,0.0,0.0,0.0,0.012900000000000134,-0.01290000000000191,0.0,0.0,0.0,0.0,20000.0
377,T50PQT_20000_10,S2B_MSIL2A_20230629T022539_R046_T50PQT_20230629T115903,100,,0.0,0.0,0.0,0.0,0.0,0.0,0.0,5.035,94.965,0.0,0.0,40000,0,0.0,20000.000000001863,20000.000000000233,0.3356931209564209,100.0,,0.0,0.0,0.0,0.0,0.0,0.0,0.0,0.07540000000000013,-0.07540000000000191,0.0,0.0,0.0,0.0,20000.0
383,T50PQT_20000_10,S2B_MSIL2A_20230629T022539_R046_T50PQT_20230629T115903,200,,0.0,0.0,0.0,0.0,0.0,0.0,0.0,5.12,94.88,0.0,0.0,10000,0,0.0,20000.000000001863,20000.000000000233,0.3382225036621094,100.0,,0.0,0.0,0.0,0.0,0.0,0.0,0.0,0.1604000000000001,-0.16040000000000987,0.0,0.0,0.0,0.0,20000.0
389,T50PQT_20000_10,S2B_MSIL2A_20230629T022539_R046_T50PQT_20230629T115903,500,,0.0,0.0,0.0,0.0,0.0,0.0,0.0,5.4375,94.5625,0.0,0.0,1600,0,0.0,20000.000000001863,20000.000000000233,0.3470737934112549,100.0,,0.0,0.0,0.0,0.0,0.0,0.0,0.0,0.4779,-0.4779000000000053,0.0,0.0,0.0,0.0,20000.0
395,T50PQT_20000_10,S2B_MSIL2A_20230629T022539_R046_T50PQT_20230629T115903,1000,,0.0,0.0,0.0,0.0,0.0,0.0,0.0,5.75,94.25,0.0,0.0,400,0,0.0,20000.000000001863,20000.000000000233,0.34133148193359375,100.0,,0.0,0.0,0.0,0.0,0.0,0.0,0.0,0.7904,-0.7904000000000053,0.0,0.0,0.0,0.0,20000.0
396,T50PQT_20000_11,S2A_MSIL2A_20230604T022531_R046_T50PQU_20230604T092752,20,,0.0,0.0,0.0,0.0,0.0,0.0,0.0,53.8146,37.5804,8.605,0.0,1000000,0,0.0,20000.000000000233,20000.0,0.6606833934783936,100.0,,0.0,0.0,0.0,0.0,0.0,0.0,0.0,0.0,0.0,0.0,0.0,0.0,0.0,20000.0
402,T50PQT_20000_11,S2A_MSIL2A_20230604T022531_R046_T50PQU_20230604T092752,50,,0.0,0.0,0.0,0.0,0.0,0.0,0.0,53.78125,37.63125,8.5875,0.0,160000,0,0.0,20000.000000000233,20000.0,0.35486340522766113,100.0,,0.0,0.0,0.0,0.0,0.0,0.0,0.0,-0.03334999999999866,0.05085000000000406,-0.01750000000000007,0.0,0.0,0.0,20000.0
408,T50PQT_20000_11,S2A_MSIL2A_20230604T022531_R046_T50PQU_20230604T092752,100,,0.0,0.0,0.0,0.0,0.0,0.0,0.0,53.7875,37.6275,8.585,0.0,40000,0,0.0,20000.000000000233,20000.0,0.35784029960632324,100.0,,0.0,0.0,0.0,0.0,0.0,0.0,0.0,-0.027099999999997237,0.047100000000000364,-0.019999999999999574,0.0,0.0,0.0,20000.0
414,T50PQT_20000_11,S2A_MSIL2A_20230604T022531_R046_T50PQU_20230604T092752,200,,0.0,0.0,0.0,0.0,0.0,0.0,0.0,53.68,38.14,8.18,0.0,10000,0,0.0,20000.000000000233,20000.0,0.37816929817199707,100.0,,0.0,0.0,0.0,0.0,0.0,0.0,0.0,-0.13459999999999894,0.5596000000000032,-0.4250000000000007,0.0,0.0,0.0,20000.0
420,T50PQT_20000_11,S2A_MSIL2A_20230604T022531_R046_T50PQU_20230604T092752,500,,0.0,0.0,0.0,0.0,0.0,0.0,0.0,54.4375,37.875,7.6875,0.0,1600,0,0.0,20000.000000000233,20000.0,0.45345449447631836,100.0,,0.0,0.0,0.0,0.0,0.0,0.0,0.0,0.6229000000000013,0.29460000000000264,-0.9175000000000004,0.0,0.0,0.0,20000.0
426,T50PQT_20000_11,S2A_MSIL2A_20230604T022531_R046_T50PQU_20230604T092752,1000,,0.0,0.0,0.0,0.0,0.0,0.0,0.0,52.5,42.25,5.25,0.0,400,0,0.0,20000.000000000233,20000.0,0.41764068603515625,100.0,,0.0,0.0,0.0,0.0,0.0,0.0,0.0,-1.3145999999999987,4.669600000000003,-3.3550000000000004,0.0,0.0,0.0,20000.0
398,T50PQT_20000_11,S2A_MSIL2A_20230614T022541_R046_T50PQU_20230614T094136,20,,0.0,0.0,0.0,0.0,0.0,0.0,0.0,99.9929,0.0071,0.0,0.0,1000000,0,0.0,20000.000000000233,20000.0,0.6606833934783936,100.0,,0.0,0.0,0.0,0.0,0.0,0.0,0.0,0.0,0.0,0.0,0.0,0.0,0.0,20000.0
404,T50PQT_20000_11,S2A_MSIL2A_20230614T022541_R046_T50PQU_20230614T094136,50,,0.0,0.0,0.0,0.0,0.0,0.0,0.0,99.9925,0.0075,0.0,0.0,160000,0,0.0,20000.000000000233,20000.0,0.35486340522766113,100.0,,0.0,0.0,0.0,0.0,0.0,0.0,0.0,-0.00039999999999906777,0.0003999999999999993,0.0,0.0,0.0,0.0,20000.0
410,T50PQT_20000_11,S2A_MSIL2A_20230614T022541_R046_T50PQU_20230614T094136,100,,0.0,0.0,0.0,0.0,0.0,0.0,0.0,99.995,0.005,0.0,0.0,40000,0,0.0,20000.000000000233,20000.0,0.35784029960632324,100.0,,0.0,0.0,0.0,0.0,0.0,0.0,0.0,0.0020999999999986585,-0.0021000000000000003,0.0,0.0,0.0,0.0,20000.0
416,T50PQT_20000_11,S2A_MSIL2A_20230614T022541_R046_T50PQU_20230614T094136,200,,0.0,0.0,0.0,0.0,0.0,0.0,0.0,100.0,0.0,0.0,0.0,10000,0,0.0,20000.000000000233,20000.0,0.37816929817199707,100.0,,0.0,0.0,0.0,0.0,0.0,0.0,0.0,0.007099999999994111,-0.0071,0.0,0.0,0.0,0.0,20000.0
422,T50PQT_20000_11,S2A_MSIL2A_20230614T022541_R046_T50PQU_20230614T094136,500,,0.0,0.0,0.0,0.0,0.0,0.0,0.0,100.0,0.0,0.0,0.0,1600,0,0.0,20000.000000000233,20000.0,0.45345449447631836,100.0,,0.0,0.0,0.0,0.0,0.0,0.0,0.0,0.007099999999994111,-0.0071,0.0,0.0,0.0,0.0,20000.0
428,T50PQT_20000_11,S2A_MSIL2A_20230614T022541_R046_T50PQU_20230614T094136,1000,,0.0,0.0,0.0,0.0,0.0,0.0,0.0,100.0,0.0,0.0,0.0,400,0,0.0,20000.000000000233,20000.0,0.41764068603515625,100.0,,0.0,0.0,0.0,0.0,0.0,0.0,0.0,0.007099999999994111,-0.0071,0.0,0.0,0.0,0.0,20000.0
400,T50PQT_20000_11,S2A_MSIL2A_20230624T022531_R046_T50PQU_20230624T082514,20,,0.0,0.0,0.0,0.0,0.0,68.7102,0.0,3.1507,0.6191,27.52,0.0,1000000,0,0.0,20000.000000000233,20000.0,0.6606833934783936,31.2898,,0.0,0.0,0.0,0.0,0.0,0.0,0.0,0.0,0.0,0.0,0.0,0.0,0.0,20000.0
406,T50PQT_20000_11,S2A_MSIL2A_20230624T022531_R046_T50PQU_20230624T082514,50,,0.0,0.0,0.0,0.0,0.0,68.66,0.0,3.161875,0.615625,27.5625,0.0,160000,0,0.0,20000.000000000233,20000.0,0.35486340522766113,31.34,,0.0,0.0,0.0,0.0,0.0,-0.0502000000000038,0.0,0.011175000000000157,-0.003475000000000006,0.042500000000000426,0.0,0.050200000000000244,0.0502000000000038,20000.0
412,T50PQT_20000_11,S2A_MSIL2A_20230624T022531_R046_T50PQU_20230624T082514,100,,0.0,0.0,0.0,0.0,0.0,68.63,0.0,3.18,0.6075,27.5825,0.0,40000,0,0.0,20000.000000000233,20000.0,0.35784029960632324,31.37,,0.0,0.0,0.0,0.0,0.0,-0.08020000000000493,0.0,0.029300000000000104,-0.011599999999999944,0.0625,0.0,0.08020000000000138,0.08020000000000493,20000.0
418,T50PQT_20000_11,S2A_MSIL2A_20230624T022531_R046_T50PQU_20230624T082514,200,,0.0,0.0,0.0,0.0,0.0,68.06,0.0,3.42,0.57,27.95,0.0,10000,0,0.0,20000.000000000233,20000.0,0.37816929817199707,31.939999999999998,,0.0,0.0,0.0,0.0,0.0,-0.6501999999999981,0.0,0.2692999999999999,-0.04910000000000003,0.4299999999999997,0.0,0.6501999999999981,0.6501999999999981,20000.0
424,T50PQT_20000_11,S2A_MSIL2A_20230624T022531_R046_T50PQU_20230624T082514,500,,0.0,0.0,0.0,0.0,0.0,67.25,0.0,3.3125,0.6875,28.75,0.0,1600,0,0.0,20000.000000000233,20000.0,0.45345449447631836,32.75,,0.0,0.0,0.0,0.0,0.0,-1.4602000000000004,0.0,0.16179999999999994,0.06840000000000002,1.2300000000000004,0.0,1.4602000000000004,1.4602000000000004,20000.0
430,T50PQT_20000_11,S2A_MSIL2A_20230624T022531_R046_T50PQU_20230624T082514,1000,,0.0,0.0,0.0,0.0,0.0,63.75,0.0,4.0,0.5,31.75,0.0,400,0,0.0,20000.000000000233,20000.0,0.41764068603515625,36.25,,0.0,0.0,0.0,0.0,0.0,-4.9602,0.0,0.8492999999999999,-0.11909999999999998,4.23,0.0,4.9602,4.9602,20000.0
397,T50PQT_20000_11,S2B_MSIL2A_20230609T022539_R046_T50PQU_20230609T073530,20,,0.0,0.0,0.0,0.0,0.0,0.0,0.0,99.9963,0.0037,0.0,0.0,1000000,0,0.0,20000.000000000233,20000.0,0.6606833934783936,100.0,,0.0,0.0,0.0,0.0,0.0,0.0,0.0,0.0,0.0,0.0,0.0,0.0,0.0,20000.0
403,T50PQT_20000_11,S2B_MSIL2A_20230609T022539_R046_T50PQU_20230609T073530,50,,0.0,0.0,0.0,0.0,0.0,0.0,0.0,99.995,0.005,0.0,0.0,160000,0,0.0,20000.000000000233,20000.0,0.35486340522766113,100.0,,0.0,0.0,0.0,0.0,0.0,0.0,0.0,-0.001300000000000523,0.0013,0.0,0.0,0.0,0.0,20000.0
409,T50PQT_20000_11,S2B_MSIL2A_20230609T022539_R046_T50PQU_20230609T073530,100,,0.0,0.0,0.0,0.0,0.0,0.0,0.0,99.995,0.005,0.0,0.0,40000,0,0.0,20000.000000000233,20000.0,0.35784029960632324,100.0,,0.0,0.0,0.0,0.0,0.0,0.0,0.0,-0.001300000000000523,0.0013,0.0,0.0,0.0,0.0,20000.0
415,T50PQT_20000_11,S2B_MSIL2A_20230609T022539_R046_T50PQU_20230609T073530,200,,0.0,0.0,0.0,0.0,0.0,0.0,0.0,100.0,0.0,0.0,0.0,10000,0,0.0,20000.000000000233,20000.0,0.37816929817199707,100.0,,0.0,0.0,0.0,0.0,0.0,0.0,0.0,0.0036999999999949296,-0.0037,0.0,0.0,0.0,0.0,20000.0
421,T50PQT_20000_11,S2B_MSIL2A_20230609T022539_R046_T50PQU_20230609T073530,500,,0.0,0.0,0.0,0.0,0.0,0.0,0.0,100.0,0.0,0.0,0.0,1600,0,0.0,20000.000000000233,20000.0,0.45345449447631836,100.0,,0.0,0.0,0.0,0.0,0.0,0.0,0.0,0.0036999999999949296,-0.0037,0.0,0.0,0.0,0.0,20000.0
427,T50PQT_20000_11,S2B_MSIL2A_20230609T022539_R046_T50PQU_20230609T073530,1000,,0.0,0.0,0.0,0.0,0.0,0.0,0.0,100.0,0.0,0.0,0.0,400,0,0.0,20000.000000000233,20000.0,0.41764068603515625,100.0,,0.0,0.0,0.0,0.0,0.0,0.0,0.0,0.0036999999999949296,-0.0037,0.0,0.0,0.0,0.0,20000.0
399,T50PQT_20000_11,S2B_MSIL2A_20230619T022539_R046_T50PQU_20230619T131736,20,,0.0,0.0,0.0,0.0,0.0,99.56408648668109,0.0,0.2898089840785064,0.14610452924040646,0.0,0.0,1000000,31,0.0031,20000.000000000233,20000.0,0.6606833934783936,0.43591351331891287,,0.0,0.0,0.0,0.0,0.0,0.0,0.0,0.0,0.0,0.0,0.0,0.0,0.0,20000.0
405,T50PQT_20000_11,S2B_MSIL2A_20230619T022539_R046_T50PQU_20230619T131736,50,,0.0,0.0,0.0,0.0,0.0,99.57124196078676,0.0,0.2781302149415302,0.1506278242717051,0.0,0.0,160000,3,0.001875,20000.000000000233,20000.0,0.35486340522766113,0.4287580392132353,,0.0,0.0,0.0,0.0,0.0,0.007155474105672965,0.0,-0.011678769136976241,0.004523295031298641,0.0,0.0,-0.007155474105677573,0.007155474105677573,20000.0
411,T50PQT_20000_11,S2B_MSIL2A_20230619T022539_R046_T50PQU_20230619T131736,100,,0.0,0.0,0.0,0.0,0.0,99.54996624746856,0.0,0.3025226892016901,0.14751106332974973,0.0,0.0,40000,3,0.0075,20000.000000000233,20000.0,0.35784029960632324,0.45003375253143985,,0.0,0.0,0.0,0.0,0.0,-0.014120239212530805,0.0,0.012713705123183705,0.0014065340893432698,0.0,0.0,0.014120239212526975,0.014120239212530805,20000.0
417,T50PQT_20000_11,S2B_MSIL2A_20230619T022539_R046_T50PQU_20230619T131736,200,,0.0,0.0,0.0,0.0,0.0,99.58,0.0,0.24,0.18,0.0,0.0,10000,0,0.0,20000.000000000233,20000.0,0.37816929817199707,0.42,,0.0,0.0,0.0,0.0,0.0,0.01591351331890678,0.0,-0.049808984078506424,0.03389547075959354,0.0,0.0,-0.015913513318912886,0.015913513318912886,20000.0
423,T50PQT_20000_11,S2B_MSIL2A_20230619T022539_R046_T50PQU_20230619T131736,500,,0.0,0.0,0.0,0.0,0.0,99.5,0.0,0.375,0.125,0.0,0.0,1600,0,0.0,20000.000000000233,20000.0,0.45345449447631836,0.5,,0.0,0.0,0.0,0.0,0.0,-0.06408648668109151,0.0,0.08519101592149358,-0.021104529240406456,0.0,0.0,0.06408648668108713,0.06408648668109151,20000.0
429,T50PQT_20000_11,S2B_MSIL2A_20230619T022539_R046_T50PQU_20230619T131736,1000,,0.0,0.0,0.0,0.0,0.0,99.5,0.0,0.25,0.25,0.0,0.0,400,0,0.0,20000.000000000233,20000.0,0.41764068603515625,0.5,,0.0,0.0,0.0,0.0,0.0,-0.06408648668109151,0.0,-0.039808984078506415,0.10389547075959354,0.0,0.0,0.06408648668108713,0.06408648668109151,20000.0
401,T50PQT_20000_11,S2B_MSIL2A_20230629T022539_R046_T50PQU_20230629T120235,20,,0.0,0.0,0.0,0.0,0.0,0.0,0.0,1.8304,98.1696,0.0,0.0,1000000,0,0.0,20000.000000000233,20000.0,0.6606833934783936,100.0,,0.0,0.0,0.0,0.0,0.0,0.0,0.0,0.0,0.0,0.0,0.0,0.0,0.0,20000.0
407,T50PQT_20000_11,S2B_MSIL2A_20230629T022539_R046_T50PQU_20230629T120235,50,,0.0,0.0,0.0,0.0,0.0,0.0,0.0,1.8525,98.1475,0.0,0.0,160000,0,0.0,20000.000000000233,20000.0,0.35486340522766113,100.0,,0.0,0.0,0.0,0.0,0.0,0.0,0.0,0.02210000000000001,-0.02210000000000889,0.0,0.0,0.0,0.0,20000.0
413,T50PQT_20000_11,S2B_MSIL2A_20230629T022539_R046_T50PQU_20230629T120235,100,,0.0,0.0,0.0,0.0,0.0,0.0,0.0,1.855,98.145,0.0,0.0,40000,0,0.0,20000.000000000233,20000.0,0.35784029960632324,100.0,,0.0,0.0,0.0,0.0,0.0,0.0,0.0,0.024599999999999955,-0.024600000000006617,0.0,0.0,0.0,0.0,20000.0
419,T50PQT_20000_11,S2B_MSIL2A_20230629T022539_R046_T50PQU_20230629T120235,200,,0.0,0.0,0.0,0.0,0.0,0.0,0.0,2.07,97.93,0.0,0.0,10000,0,0.0,20000.000000000233,20000.0,0.37816929817199707,100.0,,0.0,0.0,0.0,0.0,0.0,0.0,0.0,0.2395999999999998,-0.23959999999999582,0.0,0.0,0.0,0.0,20000.0
425,T50PQT_20000_11,S2B_MSIL2A_20230629T022539_R046_T50PQU_20230629T120235,500,,0.0,0.0,0.0,0.0,0.0,0.0,0.0,2.3125,97.6875,0.0,0.0,1600,0,0.0,20000.000000000233,20000.0,0.45345449447631836,100.0,,0.0,0.0,0.0,0.0,0.0,0.0,0.0,0.4821,-0.48210000000000264,0.0,0.0,0.0,0.0,20000.0
431,T50PQT_20000_11,S2B_MSIL2A_20230629T022539_R046_T50PQU_20230629T120235,1000,,0.0,0.0,0.0,0.0,0.0,0.0,0.0,2.5,97.5,0.0,0.0,400,0,0.0,20000.000000000233,20000.0,0.41764068603515625,100.0,,0.0,0.0,0.0,0.0,0.0,0.0,0.0,0.6696,-0.6696000000000026,0.0,0.0,0.0,0.0,20000.0
432,T50PQT_20000_12,S2A_MSIL2A_20230601T021611_R003_T50PQT_20230601T103139,20,,0.0,0.0,0.0,0.0,0.0,0.0,0.0,100.0,0.0,0.0,0.0,1000000,0,0.0,20000.0,20000.0,0.6662464141845703,100.0,,0.0,0.0,0.0,0.0,0.0,0.0,0.0,0.0,0.0,0.0,0.0,0.0,0.0,20000.0
439,T50PQT_20000_12,S2A_MSIL2A_20230601T021611_R003_T50PQT_20230601T103139,50,,0.0,0.0,0.0,0.0,0.0,0.0,0.0,100.0,0.0,0.0,0.0,160000,0,0.0,20000.0,20000.0,0.5344967842102051,100.0,,0.0,0.0,0.0,0.0,0.0,0.0,0.0,0.0,0.0,0.0,0.0,0.0,0.0,20000.0
446,T50PQT_20000_12,S2A_MSIL2A_20230601T021611_R003_T50PQT_20230601T103139,100,,0.0,0.0,0.0,0.0,0.0,0.0,0.0,100.0,0.0,0.0,0.0,40000,0,0.0,20000.0,20000.0,0.5059695243835449,100.0,,0.0,0.0,0.0,0.0,0.0,0.0,0.0,0.0,0.0,0.0,0.0,0.0,0.0,20000.0
453,T50PQT_20000_12,S2A_MSIL2A_20230601T021611_R003_T50PQT_20230601T103139,200,,0.0,0.0,0.0,0.0,0.0,0.0,0.0,100.0,0.0,0.0,0.0,10000,0,0.0,20000.0,20000.0,0.7428617477416992,100.0,,0.0,0.0,0.0,0.0,0.0,0.0,0.0,0.0,0.0,0.0,0.0,0.0,0.0,20000.0
460,T50PQT_20000_12,S2A_MSIL2A_20230601T021611_R003_T50PQT_20230601T103139,500,,0.0,0.0,0.0,0.0,0.0,0.0,0.0,100.0,0.0,0.0,0.0,1600,0,0.0,20000.0,20000.0,0.5229449272155762,100.0,,0.0,0.0,0.0,0.0,0.0,0.0,0.0,0.0,0.0,0.0,0.0,0.0,0.0,20000.0
467,T50PQT_20000_12,S2A_MSIL2A_20230601T021611_R003_T50PQT_20230601T103139,1000,,0.0,0.0,0.0,0.0,0.0,0.0,0.0,100.0,0.0,0.0,0.0,400,0,0.0,20000.0,20000.0,0.5508673191070557,100.0,,0.0,0.0,0.0,0.0,0.0,0.0,0.0,0.0,0.0,0.0,0.0,0.0,0.0,20000.0
434,T50PQT_20000_12,S2A_MSIL2A_20230611T021541_R003_T50PQT_20230611T092421,20,,0.0,0.0001,0.3561,0.0664,0.0025,1.2063,0.0015,44.6461,7.3836,46.3374,0.0,1000000,0,0.0,20000.0,20000.0,0.6662464141845703,98.3671,,0.0,0.0,0.0,0.0,0.0,0.0,0.0,0.0,0.0,0.0,0.0,0.0,0.0,20000.0
441,T50PQT_20000_12,S2A_MSIL2A_20230611T021541_R003_T50PQT_20230611T092421,50,,0.0,0.0,0.35375,0.068125,0.0025,1.20875,0.00125,44.586875,7.393125,46.385625,0.0,160000,0,0.0,20000.0,20000.0,0.5344967842102051,98.365625,,0.0,-0.0001,-0.0023500000000000187,0.0017250000000000043,0.0,0.0024500000000000632,-0.00025,-0.05922499999999786,0.009525000000000006,0.04822499999999508,0.0,-0.001474999999999227,0.0024500000000000632,20000.0
448,T50PQT_20000_12,S2A_MSIL2A_20230611T021541_R003_T50PQT_20230611T092421,100,,0.0,0.0,0.37,0.075,0.0,1.225,0.0,44.6325,7.4075,46.29,0.0,40000,0,0.0,20000.0,20000.0,0.5059695243835449,98.33,,0.0,-0.0001,0.013899999999999968,0.008599999999999997,-0.0025,0.01870000000000016,-0.0015,-0.013599999999996726,0.023899999999999366,-0.04740000000000322,0.0,-0.03709999999999525,0.03709999999999525,20000.0
455,T50PQT_20000_12,S2A_MSIL2A_20230611T021541_R003_T50PQT_20230611T092421,200,,0.0,0.0,0.33,0.06,0.0,1.15,0.0,44.31,7.33,46.82,0.0,10000,0,0.0,20000.0,20000.0,0.7428617477416992,98.46000000000001,,0.0,-0.0001,-0.026100000000000012,-0.006400000000000003,-0.0025,-0.05630000000000002,-0.0015,-0.33609999999999474,-0.053600000000000314,0.4825999999999979,0.0,0.09290000000001442,0.09290000000001442,20000.0
462,T50PQT_20000_12,S2A_MSIL2A_20230611T021541_R003_T50PQT_20230611T092421,500,,0.0,0.0,0.375,0.0625,0.0,1.0625,0.0,43.6875,7.5,47.3125,0.0,1600,0,0.0,20000.0,20000.0,0.5229449272155762,98.5,,0.0,-0.0001,0.018899999999999972,-0.0039000000000000007,-0.0025,-0.14379999999999993,-0.0015,-0.958599999999997,0.11639999999999961,0.9750999999999976,0.0,0.13290000000000646,0.14379999999999993,20000.0
469,T50PQT_20000_12,S2A_MSIL2A_20230611T021541_R003_T50PQT_20230611T092421,1000,,0.0,0.0,0.25,0.0,0.0,1.0,0.0,45.0,6.5,47.25,0.0,400,0,0.0,20000.0,20000.0,0.5508673191070557,98.75,,0.0,-0.0001,-0.10610000000000003,-0.0664,-0.0025,-0.20629999999999993,-0.0015,0.353900000000003,-0.8836000000000004,0.9125999999999976,0.0,0.38290000000000646,0.38290000000000646,20000.0
436,T50PQT_20000_12,S2A_MSIL2A_20230621T021541_R003_T50PQT_20230621T085836,20,,0.0,0.0259,15.0594,4.911,0.1551,25.2998,0.26,14.5747,33.2847,6.4294,0.0,1000000,0,0.0,20000.0,20000.0,0.6662464141845703,54.2888,,0.0,0.0,0.0,0.0,0.0,0.0,0.0,0.0,0.0,0.0,0.0,0.0,0.0,20000.0
443,T50PQT_20000_12,S2A_MSIL2A_20230621T021541_R003_T50PQT_20230621T085836,50,,0.0,0.024375,15.0525,4.906875,0.14875,25.269375,0.261875,14.588125,33.31875,6.429375,0.0,160000,0,0.0,20000.0,20000.0,0.5344967842102051,54.33625,,0.0,-0.0015249999999999986,-0.006899999999999906,-0.004124999999999268,-0.0063499999999999945,-0.030425000000001035,0.0018750000000000155,0.013424999999999798,0.03405000000000058,-2.4999999999941735e-05,0.0,0.04744999999999777,0.04744999999999777,20000.0
450,T50PQT_20000_12,S2A_MSIL2A_20230621T021541_R003_T50PQT_20230621T085836,100,,0.0,0.0225,15.1025,4.9,0.1725,25.25,0.2625,14.4975,33.345,6.4475,0.0,40000,0,0.0,20000.0,20000.0,0.5059695243835449,54.29,,0.0,-0.0034000000000000002,0.04309999999999903,-0.010999999999999233,0.0174,-0.04980000000000118,0.0025000000000000022,-0.07719999999999949,0.06029999999999802,0.01809999999999956,0.0,0.0011999999999972033,0.04980000000000118,20000.0
457,T50PQT_20000_12,S2A_MSIL2A_20230621T021541_R003_T50PQT_20230621T085836,200,,0.0,0.02,14.81,4.9,0.1,25.13,0.27,14.67,33.69,6.41,0.0,10000,0,0.0,20000.0,20000.0,0.7428617477416992,54.769999999999996,,0.0,-0.005899999999999999,-0.24939999999999962,-0.010999999999999233,-0.05509999999999998,-0.16980000000000217,0.010000000000000009,0.09529999999999994,0.4052999999999969,-0.019400000000000084,0.0,0.4811999999999941,0.4811999999999941,20000.0
464,T50PQT_20000_12,S2A_MSIL2A_20230621T021541_R003_T50PQT_20230621T085836,500,,0.0,0.0625,15.125,4.9375,0.25,25.5625,0.375,12.4375,34.5625,6.6875,0.0,1600,0,0.0,20000.0,20000.0,0.5229449272155762,53.6875,,0.0,0.0366,0.06559999999999988,0.026500000000000412,0.09490000000000001,0.2626999999999988,0.11499999999999999,-2.1372,1.2777999999999992,0.2580999999999998,0.0,-0.6013000000000019,0.6013000000000019,20000.0
471,T50PQT_20000_12,S2A_MSIL2A_20230621T021541_R003_T50PQT_20230621T085836,1000,,0.0,0.0,15.0,5.0,0.0,25.25,0.0,15.0,34.0,5.75,0.0,400,0,0.0,20000.0,20000.0,0.5508673191070557,54.75,,0.0,-0.0259,-0.05940000000000012,0.08900000000000041,-0.1551,-0.04980000000000118,-0.26,0.4253,0.7152999999999992,-0.6794000000000002,0.0,0.46119999999999806,0.46119999999999806,20000.0
438,T50PQT_20000_12,S2A_MSIL2A_20230701T021541_R003_T50PQT_20230701T082624,20,,0.0,0.0177,0.6188,8.4857,0.0947,12.3154,0.0844,30.9564,4.784,42.6429,0.0,1000000,0,0.0,20000.0,20000.0,0.6662464141845703,78.38329999999999,,0.0,0.0,0.0,0.0,0.0,0.0,0.0,0.0,0.0,0.0,0.0,0.0,0.0,20000.0
445,T50PQT_20000_12,S2A_MSIL2A_20230701T021541_R003_T50PQT_20230701T082624,50,,0.0,0.014375,0.61875,8.549375,0.08875,12.358125,0.089375,30.841875,4.795,42.644375,0.0,160000,0,0.0,20000.0,20000.0,0.5344967842102051,78.28125,,0.0,-0.003325,-4.999999999999449e-05,0.06367499999999993,-0.005950000000000011,0.042724999999999014,0.004974999999999993,-0.11452499999999688,0.01100000000000012,0.001474999999999227,0.0,-0.10204999999999131,0.10204999999999131,20000.0
452,T50PQT_20000_12,S2A_MSIL2A_20230701T021541_R003_T50PQT_20230701T082624,100,,0.0,0.01,0.59,8.52,0.1,12.3575,0.1075,30.8725,4.795,42.6475,0.0,40000,0,0.0,20000.0,20000.0,0.5059695243835449,78.315,,0.0,-0.0077,-0.028800000000000048,0.0343,0.005299999999999999,0.04209999999999958,0.023099999999999996,-0.08389999999999986,0.01100000000000012,0.00460000000000349,0.0,-0.06829999999999359,0.06829999999999359,20000.0
459,T50PQT_20000_12,S2A_MSIL2A_20230701T021541_R003_T50PQT_20230701T082624,200,,0.0,0.01,0.61,8.65,0.1,12.71,0.1,30.3,4.84,42.68,0.0,10000,0,0.0,20000.0,20000.0,0.7428617477416992,77.82,,0.0,-0.0077,-0.00880000000000003,0.16430000000000078,0.005299999999999999,0.3946000000000005,0.015600000000000003,-0.6563999999999979,0.05600000000000005,0.03710000000000235,0.0,-0.5632999999999981,0.5632999999999981,20000.0
466,T50PQT_20000_12,S2A_MSIL2A_20230701T021541_R003_T50PQT_20230701T082624,500,,0.0,0.0,0.875,9.0625,0.0625,12.8125,0.125,29.9375,4.75,42.375,0.0,1600,0,0.0,20000.0,20000.0,0.5229449272155762,77.0625,,0.0,-0.0177,0.2562,0.5768000000000004,-0.032200000000000006,0.49709999999999965,0.0406,-1.0188999999999986,-0.03399999999999981,-0.26789999999999736,0.0,-1.3207999999999913,1.3207999999999913,20000.0
473,T50PQT_20000_12,S2A_MSIL2A_20230701T021541_R003_T50PQT_20230701T082624,1000,,0.0,0.0,1.75,9.25,0.25,14.5,0.25,26.5,5.0,42.5,0.0,400,0,0.0,20000.0,20000.0,0.5508673191070557,74.0,,0.0,-0.0177,1.1312,0.7643000000000004,0.1553,2.1845999999999997,0.1656,-4.456399999999999,0.2160000000000002,-0.14289999999999736,0.0,-4.383299999999991,4.383299999999991,20000.0
433,T50PQT_20000_12,S2B_MSIL2A_20230606T021539_R003_T50PQT_20230606T073506,20,,0.0,0.0071,0.6108,5.2509,0.072,0.3798,0.059,6.7887,5.375,81.4567,0.0,1000000,0,0.0,20000.0,20000.0,0.6662464141845703,93.6204,,0.0,0.0,0.0,0.0,0.0,0.0,0.0,0.0,0.0,0.0,0.0,0.0,0.0,20000.0
440,T50PQT_20000_12,S2B_MSIL2A_20230606T021539_R003_T50PQT_20230606T073506,50,,0.0,0.005625,0.614375,5.251875,0.0725,0.371875,0.055625,6.775625,5.37125,81.48125,0.0,160000,0,0.0,20000.0,20000.0,0.5344967842102051,93.628125,,0.0,-0.0014750000000000006,0.003574999999999995,0.0009750000000003922,0.0005000000000000004,-0.007925000000000015,-0.003374999999999996,-0.013075000000000614,-0.003750000000000142,0.024550000000004957,0.0,0.007724999999993543,0.007925000000000015,20000.0
447,T50PQT_20000_12,S2B_MSIL2A_20230606T021539_R003_T50PQT_20230606T073506,100,,0.0,0.0075,0.625,5.2825,0.07,0.3875,0.0575,6.875,5.3075,81.3875,0.0,40000,0,0.0,20000.0,20000.0,0.5059695243835449,93.57000000000001,,0.0,0.0003999999999999993,0.01419999999999999,0.03160000000000007,-0.001999999999999988,0.007699999999999985,-0.0014999999999999944,0.0862999999999996,-0.0674999999999999,-0.06919999999999504,0.0,-0.050399999999996226,0.050399999999996226,20000.0
454,T50PQT_20000_12,S2B_MSIL2A_20230606T021539_R003_T50PQT_20230606T073506,200,,0.0,0.01,0.65,4.9,0.08,0.26,0.04,6.75,5.49,81.82,0.0,10000,0,0.0,20000.0,20000.0,0.7428617477416992,94.05999999999999,,0.0,0.0029,0.03920000000000001,-0.3508999999999993,0.008000000000000007,-0.11980000000000002,-0.018999999999999996,-0.0387000000000004,0.11500000000000021,0.3632999999999953,0.0,0.43959999999998445,0.43959999999998445,20000.0
461,T50PQT_20000_12,S2B_MSIL2A_20230606T021539_R003_T50PQT_20230606T073506,500,,0.0,0.0,0.875,4.6875,0.0625,0.3125,0.125,6.6875,5.125,82.125,0.0,1600,0,0.0,20000.0,20000.0,0.5229449272155762,93.9375,,0.0,-0.0071,0.2642,-0.5633999999999997,-0.009499999999999995,-0.06730000000000003,0.066,-0.1012000000000004,-0.25,0.6683000000000021,0.0,0.3170999999999964,0.5633999999999997,20000.0
468,T50PQT_20000_12,S2B_MSIL2A_20230606T021539_R003_T50PQT_20230606T073506,1000,,0.0,0.0,0.25,2.75,0.0,0.0,0.0,6.0,6.5,84.5,0.0,400,0,0.0,20000.0,20000.0,0.5508673191070557,97.0,,0.0,-0.0071,-0.3608,-2.5008999999999997,-0.072,-0.3798,-0.059,-0.7887000000000004,1.125,3.043300000000002,0.0,3.3795999999999964,3.3795999999999964,20000.0
435,T50PQT_20000_12,S2B_MSIL2A_20230616T021539_R003_T50PQT_20230616T083239,20,,0.0,0.0,0.0604,0.0,0.0,0.0005,0.0,11.4676,22.0079,66.4636,0.0,1000000,0,0.0,20000.0,20000.0,0.6662464141845703,99.9391,,0.0,0.0,0.0,0.0,0.0,0.0,0.0,0.0,0.0,0.0,0.0,0.0,0.0,20000.0
442,T50PQT_20000_12,S2B_MSIL2A_20230616T021539_R003_T50PQT_20230616T083239,50,,0.0,0.0,0.060625,0.0,0.0,0.0,0.0,11.453125,21.998125,66.488125,0.0,160000,0,0.0,20000.0,20000.0,0.5344967842102051,99.939375,,0.0,0.0,0.00022499999999999604,0.0,0.0,-0.0005,0.0,-0.014474999999999127,-0.009774999999997647,0.02452499999999702,0.0,0.0002750000000020236,0.0005,20000.0
449,T50PQT_20000_12,S2B_MSIL2A_20230616T021539_R003_T50PQT_20230616T083239,100,,0.0,0.0,0.0625,0.0,0.0,0.0,0.0,11.3725,22.025,66.54,0.0,40000,0,0.0,20000.0,20000.0,0.5059695243835449,99.9375,,0.0,0.0,0.0020999999999999977,0.0,0.0,-0.0005,0.0,-0.09509999999999863,0.017099999999999227,0.07640000000000668,0.0,-0.001599999999996271,0.0020999999999999977,20000.0
456,T50PQT_20000_12,S2B_MSIL2A_20230616T021539_R003_T50PQT_20230616T083239,200,,0.0,0.0,0.05,0.0,0.0,0.0,0.0,11.49,21.89,66.57,0.0,10000,0,0.0,20000.0,20000.0,0.7428617477416992,99.94999999999999,,0.0,0.0,-0.0104,0.0,0.0,-0.0005,0.0,0.022400000000001086,-0.11789999999999878,0.10639999999999361,0.0,0.01089999999999236,0.01089999999999236,20000.0
463,T50PQT_20000_12,S2B_MSIL2A_20230616T021539_R003_T50PQT_20230616T083239,500,,0.0,0.0,0.125,0.0,0.0,0.0,0.0,11.625,21.8125,66.4375,0.0,1600,0,0.0,20000.0,20000.0,0.5229449272155762,99.875,,0.0,0.0,0.06459999999999999,0.0,0.0,-0.0005,0.0,0.15740000000000087,-0.19539999999999935,-0.026099999999999568,0.0,-0.06409999999999627,0.06459999999999999,20000.0
470,T50PQT_20000_12,S2B_MSIL2A_20230616T021539_R003_T50PQT_20230616T083239,1000,,0.0,0.0,0.0,0.0,0.0,0.0,0.0,12.5,19.0,68.5,0.0,400,0,0.0,20000.0,20000.0,0.5508673191070557,100.0,,0.0,0.0,-0.0604,0.0,0.0,-0.0005,0.0,1.0324000000000009,-3.0078999999999994,2.0364000000000004,0.0,0.06090000000000373,0.06090000000000373,20000.0
437,T50PQT_20000_12,S2B_MSIL2A_20230626T021539_R003_T50PQT_20230626T074054,20,,0.0,0.0,0.6587,0.0287,0.0005,0.205,0.0,54.2315,14.3951,30.4805,0.0,1000000,0,0.0,20000.0,20000.0,0.6662464141845703,99.1071,,0.0,0.0,0.0,0.0,0.0,0.0,0.0,0.0,0.0,0.0,0.0,0.0,0.0,20000.0
444,T50PQT_20000_12,S2B_MSIL2A_20230626T021539_R003_T50PQT_20230626T074054,50,,0.0,0.0,0.66125,0.029375,0.0,0.209375,0.0,54.230625,14.413125,30.45625,0.0,160000,0,0.0,20000.0,20000.0,0.5344967842102051,99.10000000000001,,0.0,0.0,0.0025500000000000522,0.0006749999999999985,-0.0005,0.004375000000000018,0.0,-0.0008749999999935199,0.018025000000001512,-0.02424999999999855,0.0,-0.007099999999994111,0.007099999999994111,20000.0
451,T50PQT_20000_12,S2B_MSIL2A_20230626T021539_R003_T50PQT_20230626T074054,100,,0.0,0.0,0.6525,0.0275,0.0,0.215,0.0,54.2225,14.3825,30.5,0.0,40000,0,0.0,20000.0,20000.0,0.5059695243835449,99.10499999999999,,0.0,0.0,-0.006199999999999983,-0.0011999999999999997,-0.0005,0.010000000000000009,0.0,-0.009000000000000341,-0.012599999999999056,0.01950000000000074,0.0,-0.0021000000000128694,0.010000000000000009,20000.0
458,T50PQT_20000_12,S2B_MSIL2A_20230626T021539_R003_T50PQT_20230626T074054,200,,0.0,0.0,0.7,0.07,0.0,0.21,0.0,53.78,14.44,30.8,0.0,10000,0,0.0,20000.0,20000.0,0.7428617477416992,99.02,,0.0,0.0,0.0413,0.0413,-0.0005,0.0050000000000000044,0.0,-0.4514999999999958,0.04490000000000016,0.31950000000000145,0.0,-0.08710000000000662,0.08710000000000662,20000.0
465,T50PQT_20000_12,S2B_MSIL2A_20230626T021539_R003_T50PQT_20230626T074054,500,,0.0,0.0,0.5625,0.125,0.0,0.1875,0.0,54.0625,14.375,30.6875,0.0,1600,0,0.0,20000.0,20000.0,0.5229449272155762,99.125,,0.0,0.0,-0.09619999999999995,0.0963,-0.0005,-0.017499999999999988,0.0,-0.16899999999999693,-0.02009999999999934,0.20700000000000074,0.0,0.017899999999997362,0.0963,20000.0
472,T50PQT_20000_12,S2B_MSIL2A_20230626T021539_R003_T50PQT_20230626T074054,1000,,0.0,0.0,0.75,0.5,0.0,0.5,0.0,49.75,16.0,32.5,0.0,400,0,0.0,20000.0,20000.0,0.5508673191070557,98.25,,0.0,0.0,0.09130000000000005,0.4713,-0.0005,0.29500000000000004,0.0,-4.481499999999997,1.6049000000000007,2.0195000000000007,0.0,-0.8571000000000026,0.8571000000000026,20000.0
474,T50PQT_20000_13,S2A_MSIL2A_20230601T021611_R003_T50PQT_20230601T103139,20,,0.0,0.0022,0.0,0.0,0.0,0.0,0.0,99.9978,0.0,0.0,0.0,1000000,0,0.0,19999.99999999907,20000.0,0.7858679294586182,99.9978,,0.0,0.0,0.0,0.0,0.0,0.0,0.0,0.0,0.0,0.0,0.0,0.0,0.0,20000.0
481,T50PQT_20000_13,S2A_MSIL2A_20230601T021611_R003_T50PQT_20230601T103139,50,,0.0,0.0025,0.0,0.0,0.0,0.0,0.0,99.9975,0.0,0.0,0.0,160000,0,0.0,19999.99999999907,20000.0,0.6158180236816406,99.9975,,0.0,0.0002999999999999999,0.0,0.0,0.0,0.0,0.0,-0.0002999999999957481,0.0,0.0,0.0,-0.0002999999999957481,0.0002999999999999999,20000.0
488,T50PQT_20000_13,S2A_MSIL2A_20230601T021611_R003_T50PQT_20230601T103139,100,,0.0,0.0025,0.0,0.0,0.0,0.0,0.0,99.9975,0.0,0.0,0.0,40000,0,0.0,19999.99999999907,20000.0,0.5737965106964111,99.9975,,0.0,0.0002999999999999999,0.0,0.0,0.0,0.0,0.0,-0.0002999999999957481,0.0,0.0,0.0,-0.0002999999999957481,0.0002999999999999999,20000.0
495,T50PQT_20000_13,S2A_MSIL2A_20230601T021611_R003_T50PQT_20230601T103139,200,,0.0,0.0,0.0,0.0,0.0,0.0,0.0,100.0,0.0,0.0,0.0,10000,0,0.0,19999.99999999907,20000.0,0.6017420291900635,100.0,,0.0,-0.0022,0.0,0.0,0.0,0.0,0.0,0.002200000000001978,0.0,0.0,0.0,0.002200000000001978,0.002200000000001978,20000.0
502,T50PQT_20000_13,S2A_MSIL2A_20230601T021611_R003_T50PQT_20230601T103139,500,,0.0,0.0,0.0,0.0,0.0,0.0,0.0,100.0,0.0,0.0,0.0,1600,0,0.0,19999.99999999907,20000.0,0.5411591529846191,100.0,,0.0,-0.0022,0.0,0.0,0.0,0.0,0.0,0.002200000000001978,0.0,0.0,0.0,0.002200000000001978,0.002200000000001978,20000.0
509,T50PQT_20000_13,S2A_MSIL2A_20230601T021611_R003_T50PQT_20230601T103139,1000,,0.0,0.0,0.0,0.0,0.0,0.0,0.0,100.0,0.0,0.0,0.0,400,0,0.0,19999.99999999907,20000.0,0.5219850540161133,100.0,,0.0,-0.0022,0.0,0.0,0.0,0.0,0.0,0.002200000000001978,0.0,0.0,0.0,0.002200000000001978,0.002200000000001978,20000.0
476,T50PQT_20000_13,S2A_MSIL2A_20230611T021541_R003_T50PQT_20230611T092421,20,,0.0,0.0,0.0,0.0,0.0,0.0,0.0,30.1871,66.9496,2.8633,0.0,1000000,0,0.0,19999.99999999907,20000.0,0.7858679294586182,100.0,,0.0,0.0,0.0,0.0,0.0,0.0,0.0,0.0,0.0,0.0,0.0,0.0,0.0,20000.0
483,T50PQT_20000_13,S2A_MSIL2A_20230611T021541_R003_T50PQT_20230611T092421,50,,0.0,0.0,0.0,0.0,0.0,0.0,0.0,30.173125,66.94375,2.883125,0.0,160000,0,0.0,19999.99999999907,20000.0,0.6158180236816406,100.0,,0.0,0.0,0.0,0.0,0.0,0.0,0.0,-0.013975000000002069,-0.005850000000009459,0.01982499999999998,0.0,0.0,0.0,20000.0
490,T50PQT_20000_13,S2A_MSIL2A_20230611T021541_R003_T50PQT_20230611T092421,100,,0.0,0.0,0.0,0.0,0.0,0.0,0.0,30.1625,66.9825,2.855,0.0,40000,0,0.0,19999.99999999907,20000.0,0.5737965106964111,100.00000000000001,,0.0,0.0,0.0,0.0,0.0,0.0,0.0,-0.02459999999999951,0.03289999999999793,-0.008300000000000196,0.0,1.4210854715202004e-14,1.4210854715202004e-14,20000.0
497,T50PQT_20000_13,S2A_MSIL2A_20230611T021541_R003_T50PQT_20230611T092421,200,,0.0,0.0,0.0,0.0,0.0,0.0,0.0,30.68,66.3,3.02,0.0,10000,0,0.0,19999.99999999907,20000.0,0.6017420291900635,99.99999999999999,,0.0,0.0,0.0,0.0,0.0,0.0,0.0,0.4928999999999988,-0.6496000000000066,0.15669999999999984,0.0,-1.4210854715202004e-14,1.4210854715202004e-14,20000.0
504,T50PQT_20000_13,S2A_MSIL2A_20230611T021541_R003_T50PQT_20230611T092421,500,,0.0,0.0,0.0,0.0,0.0,0.0,0.0,30.6875,66.3125,3.0,0.0,1600,0,0.0,19999.99999999907,20000.0,0.5411591529846191,100.0,,0.0,0.0,0.0,0.0,0.0,0.0,0.0,0.5003999999999991,-0.6371000000000038,0.13669999999999982,0.0,0.0,0.0,20000.0
511,T50PQT_20000_13,S2A_MSIL2A_20230611T021541_R003_T50PQT_20230611T092421,1000,,0.0,0.0,0.0,0.0,0.0,0.0,0.0,30.75,65.25,4.0,0.0,400,0,0.0,19999.99999999907,20000.0,0.5219850540161133,100.0,,0.0,0.0,0.0,0.0,0.0,0.0,0.0,0.5628999999999991,-1.6996000000000038,1.1366999999999998,0.0,0.0,0.0,20000.0
478,T50PQT_20000_13,S2A_MSIL2A_20230621T021541_R003_T50PQT_20230621T085836,20,,0.0,0.0959,8.9301,3.2922,0.093,49.3964,0.0712,9.7292,19.8393,8.5527,0.0,1000000,0,0.0,19999.99999999907,20000.0,0.7858679294586182,38.1212,,0.0,0.0,0.0,0.0,0.0,0.0,0.0,0.0,0.0,0.0,0.0,0.0,0.0,20000.0
485,T50PQT_20000_13,S2A_MSIL2A_20230621T021541_R003_T50PQT_20230621T085836,50,,0.0,0.09375,8.914375,3.295,0.09625,49.3625,0.075625,9.719375,19.9,8.543125,0.0,160000,0,0.0,19999.99999999907,20000.0,0.6158180236816406,38.162499999999994,,0.0,-0.002149999999999999,-0.015724999999999767,0.0028000000000001357,0.003250000000000003,-0.033900000000002706,0.004424999999999998,-0.009825000000001083,0.06069999999999709,-0.00957499999999989,0.0,0.041299999999992565,0.041299999999992565,20000.0
492,T50PQT_20000_13,S2A_MSIL2A_20230621T021541_R003_T50PQT_20230621T085836,100,,0.0,0.1,8.9125,3.2825,0.0975,49.325,0.0775,9.755,19.9125,8.5375,0.0,40000,0,0.0,19999.99999999907,20000.0,0.5737965106964111,38.205000000000005,,0.0,0.004100000000000006,-0.017599999999999838,-0.009699999999999598,0.004500000000000004,-0.07139999999999702,0.0063,0.025800000000000267,0.07319999999999993,-0.015200000000000102,0.0,0.08380000000000365,0.08380000000000365,20000.0
499,T50PQT_20000_13,S2A_MSIL2A_20230621T021541_R003_T50PQT_20230621T085836,200,,0.0,0.08,9.2,3.3,0.12,48.54,0.07,10.02,20.01,8.66,0.0,10000,0,0.0,19999.99999999907,20000.0,0.6017420291900635,38.69,,0.0,-0.015899999999999997,0.2698999999999998,0.007800000000000029,0.026999999999999996,-0.8564000000000007,-0.0011999999999999927,0.29079999999999906,0.17070000000000007,0.1073000000000004,0.0,0.568799999999996,0.8564000000000007,20000.0
506,T50PQT_20000_13,S2A_MSIL2A_20230621T021541_R003_T50PQT_20230621T085836,500,,0.0,0.0625,9.5625,3.8125,0.0,48.0625,0.0,10.25,19.9375,8.3125,0.0,1600,0,0.0,19999.99999999907,20000.0,0.5411591529846191,38.5,,0.0,-0.0334,0.6324000000000005,0.5203000000000002,-0.093,-1.3338999999999999,-0.0712,0.5207999999999995,0.09819999999999851,-0.24019999999999975,0.0,0.37879999999999825,1.3338999999999999,20000.0
513,T50PQT_20000_13,S2A_MSIL2A_20230621T021541_R003_T50PQT_20230621T085836,1000,,0.0,0.0,9.5,3.75,0.0,44.75,0.25,11.0,22.0,8.75,0.0,400,0,0.0,19999.99999999907,20000.0,0.5219850540161133,41.75,,0.0,-0.0959,0.5699000000000005,0.4578000000000002,-0.093,-4.6464,0.17880000000000001,1.2707999999999995,2.1606999999999985,0.19730000000000025,0.0,3.6287999999999982,4.6464,20000.0
480,T50PQT_20000_13,S2A_MSIL2A_20230701T021541_R003_T50PQT_20230701T082624,20,,0.0,0.0444,0.5017,13.3169,0.2046,14.7106,0.1125,32.8552,0.7298,37.5243,0.0,1000000,0,0.0,19999.99999999907,20000.0,0.7858679294586182,71.10929999999999,,0.0,0.0,0.0,0.0,0.0,0.0,0.0,0.0,0.0,0.0,0.0,0.0,0.0,20000.0
487,T50PQT_20000_13,S2A_MSIL2A_20230701T021541_R003_T50PQT_20230701T082624,50,,0.0,0.04375,0.50875,13.338125,0.211875,14.7675,0.1225,32.75625,0.735625,37.515625,0.0,160000,0,0.0,19999.99999999907,20000.0,0.6158180236816406,71.0075,,0.0,-0.0006500000000000047,0.007050000000000001,0.021224999999999383,0.007275000000000004,0.05690000000000062,0.009999999999999995,-0.09895000000000209,0.005824999999999969,-0.008674999999996658,0.0,-0.10179999999999723,0.10179999999999723,20000.0
494,T50PQT_20000_13,S2A_MSIL2A_20230701T021541_R003_T50PQT_20230701T082624,100,,0.0,0.0475,0.5275,13.33,0.22,14.7525,0.1125,32.7525,0.7225,37.535,0.0,40000,0,0.0,19999.99999999907,20000.0,0.5737965106964111,71.00999999999999,,0.0,0.0030999999999999986,0.025799999999999934,0.013099999999999667,0.015399999999999997,0.04190000000000005,0.0,-0.10270000000000579,-0.007299999999999973,0.010699999999999932,0.0,-0.0992999999999995,0.0992999999999995,20000.0
501,T50PQT_20000_13,S2A_MSIL2A_20230701T021541_R003_T50PQT_20230701T082624,200,,0.0,0.02,0.5,13.59,0.23,15.01,0.09,32.18,0.7,37.68,0.0,10000,0,0.0,19999.99999999907,20000.0,0.6017420291900635,70.56,,0.0,-0.0244,-0.0017000000000000348,0.27309999999999945,0.025400000000000006,0.29940000000000033,-0.022500000000000006,-0.6752000000000038,-0.02980000000000005,0.15570000000000306,0.0,-0.5492999999999881,0.5492999999999881,20000.0
508,T50PQT_20000_13,S2A_MSIL2A_20230701T021541_R003_T50PQT_20230701T082624,500,,0.0,0.0625,0.75,14.125,0.125,15.0,0.0,31.3125,0.875,37.75,0.0,1600,0,0.0,19999.99999999907,20000.0,0.5411591529846191,69.9375,,0.0,0.018099999999999998,0.24829999999999997,0.8080999999999996,-0.0796,0.28940000000000055,-0.1125,-1.5427000000000035,0.1452,0.22570000000000334,0.0,-1.1717999999999904,1.1717999999999904,20000.0
515,T50PQT_20000_13,S2A_MSIL2A_20230701T021541_R003_T50PQT_20230701T082624,1000,,0.0,0.0,0.25,15.75,0.75,14.75,0.25,28.25,0.75,39.25,0.0,400,0,0.0,19999.99999999907,20000.0,0.5219850540161133,68.25,,0.0,-0.0444,-0.25170000000000003,2.4330999999999996,0.5454,0.039400000000000546,0.1375,-4.6052000000000035,0.020199999999999996,1.7257000000000033,0.0,-2.8592999999999904,2.8592999999999904,20000.0
475,T50PQT_20000_13,S2B_MSIL2A_20230606T021539_R003_T50PQT_20230606T073506,20,,0.0,0.0071,1.0312,8.575,0.1259,4.2294,0.1216,51.1747,12.6067,22.1284,0.0,1000000,0,0.0,19999.99999999907,20000.0,0.7858679294586182,85.9098,,0.0,0.0,0.0,0.0,0.0,0.0,0.0,0.0,0.0,0.0,0.0,0.0,0.0,20000.0
482,T50PQT_20000_13,S2B_MSIL2A_20230606T021539_R003_T50PQT_20230606T073506,50,,0.0,0.008125,1.03,8.605625,0.120625,4.249375,0.1175,51.16625,12.5975,22.105,0.0,160000,0,0.0,19999.99999999907,20000.0,0.6158180236816406,85.86875,,0.0,0.0010249999999999999,-0.0011999999999998678,0.03062500000000057,-0.005275000000000016,0.019974999999999632,-0.004100000000000006,-0.0084500000000034,-0.009199999999999875,-0.023399999999998755,0.0,-0.04104999999999848,0.04104999999999848,20000.0
489,T50PQT_20000_13,S2B_MSIL2A_20230606T021539_R003_T50PQT_20230606T073506,100,,0.0,0.01,1.0375,8.58,0.1375,4.27,0.13,51.1925,12.6275,22.015,0.0,40000,0,0.0,19999.99999999907,20000.0,0.5737965106964111,85.83500000000001,,0.0,0.0029,0.006300000000000194,0.005000000000000782,0.0116,0.040599999999999525,0.008400000000000005,0.017800000000001148,0.020799999999999486,-0.11339999999999861,0.0,-0.0747999999999962,0.0747999999999962,20000.0
496,T50PQT_20000_13,S2B_MSIL2A_20230606T021539_R003_T50PQT_20230606T073506,200,,0.0,0.01,1.02,9.03,0.12,4.3,0.1,50.7,12.66,22.06,0.0,10000,0,0.0,19999.99999999907,20000.0,0.6017420291900635,85.42,,0.0,0.0029,-0.011199999999999877,0.45500000000000007,-0.005900000000000016,0.07059999999999977,-0.021599999999999994,-0.47469999999999857,0.053300000000000125,-0.06840000000000046,0.0,-0.48980000000000246,0.48980000000000246,20000.0
503,T50PQT_20000_13,S2B_MSIL2A_20230606T021539_R003_T50PQT_20230606T073506,500,,0.0,0.0,1.25,9.5625,0.125,4.6875,0.0625,50.3125,12.5625,21.4375,0.0,1600,0,0.0,19999.99999999907,20000.0,0.5411591529846191,84.3125,,0.0,-0.0071,0.2188000000000001,0.9875000000000007,-0.0009000000000000119,0.45809999999999995,-0.0591,-0.8622000000000014,-0.04420000000000002,-0.6908999999999992,0.0,-1.5973000000000042,1.5973000000000042,20000.0
510,T50PQT_20000_13,S2B_MSIL2A_20230606T021539_R003_T50PQT_20230606T073506,1000,,0.0,0.0,1.25,11.25,0.0,5.5,0.25,47.75,12.25,21.75,0.0,400,0,0.0,19999.99999999907,20000.0,0.5219850540161133,81.75,,0.0,-0.0071,0.2188000000000001,2.6750000000000007,-0.1259,1.2706,0.12840000000000001,-3.4247000000000014,-0.3567,-0.3783999999999992,0.0,-4.159800000000004,4.159800000000004,20000.0
477,T50PQT_20000_13,S2B_MSIL2A_20230616T021539_R003_T50PQT_20230616T083239,20,,0.0,0.0,0.001,0.0,0.0013,0.0,0.0,12.1871,18.6224,69.1882,0.0,1000000,0,0.0,19999.99999999907,20000.0,0.7858679294586182,99.9977,,0.0,0.0,0.0,0.0,0.0,0.0,0.0,0.0,0.0,0.0,0.0,0.0,0.0,20000.0
484,T50PQT_20000_13,S2B_MSIL2A_20230616T021539_R003_T50PQT_20230616T083239,50,,0.0,0.0,0.00125,0.0,0.000625,0.0,0.0,12.19,18.659375,69.14875,0.0,160000,0,0.0,19999.99999999907,20000.0,0.6158180236816406,99.99812500000002,,0.0,0.0,0.00025,0.0,-0.0006749999999999999,0.0,0.0,0.0029000000000003467,0.036975000000001756,-0.039449999999987995,0.0,0.00042500000002121396,0.0006749999999999999,20000.0
491,T50PQT_20000_13,S2B_MSIL2A_20230616T021539_R003_T50PQT_20230616T083239,100,,0.0,0.0,0.0,0.0,0.0025,0.0,0.0,12.195,18.6375,69.165,0.0,40000,0,0.0,19999.99999999907,20000.0,0.5737965106964111,99.9975,,0.0,0.0,-0.001,0.0,0.0012000000000000001,0.0,0.0,0.007900000000001128,0.015100000000000335,-0.023199999999988563,0.0,-0.00019999999999242846,0.0012000000000000001,20000.0
498,T50PQT_20000_13,S2B_MSIL2A_20230616T021539_R003_T50PQT_20230616T083239,200,,0.0,0.0,0.0,0.0,0.0,0.0,0.0,12.54,18.87,68.59,0.0,10000,0,0.0,19999.99999999907,20000.0,0.6017420291900635,100.0,,0.0,0.0,-0.001,0.0,-0.0013,0.0,0.0,0.3529,0.24760000000000204,-0.5981999999999914,0.0,0.002300000000005298,0.002300000000005298,20000.0
505,T50PQT_20000_13,S2B_MSIL2A_20230616T021539_R003_T50PQT_20230616T083239,500,,0.0,0.0,0.0,0.0,0.0,0.0,0.0,12.0,19.8125,68.1875,0.0,1600,0,0.0,19999.99999999907,20000.0,0.5411591529846191,100.0,,0.0,0.0,-0.001,0.0,-0.0013,0.0,0.0,-0.18709999999999916,1.190100000000001,-1.0006999999999948,0.0,0.002300000000005298,0.002300000000005298,20000.0
512,T50PQT_20000_13,S2B_MSIL2A_20230616T021539_R003_T50PQT_20230616T083239,1000,,0.0,0.0,0.0,0.0,0.0,0.0,0.0,14.75,19.75,65.5,0.0,400,0,0.0,19999.99999999907,20000.0,0.5219850540161133,100.0,,0.0,0.0,-0.001,0.0,-0.0013,0.0,0.0,2.562900000000001,1.127600000000001,-3.688199999999995,0.0,0.002300000000005298,0.002300000000005298,20000.0
479,T50PQT_20000_13,S2B_MSIL2A_20230626T021539_R003_T50PQT_20230626T074054,20,,0.0,0.0,0.0,0.0,0.0,0.0,0.0,59.7189,32.79,7.4911,0.0,1000000,0,0.0,19999.99999999907,20000.0,0.7858679294586182,100.0,,0.0,0.0,0.0,0.0,0.0,0.0,0.0,0.0,0.0,0.0,0.0,0.0,0.0,20000.0
486,T50PQT_20000_13,S2B_MSIL2A_20230626T021539_R003_T50PQT_20230626T074054,50,,0.0,0.0,0.0,0.0,0.0,0.0,0.0,59.71,32.80375,7.48625,0.0,160000,0,0.0,19999.99999999907,20000.0,0.6158180236816406,100.0,,0.0,0.0,0.0,0.0,0.0,0.0,0.0,-0.008899999999997021,0.013750000000001705,-0.004850000000000243,0.0,0.0,0.0,20000.0
493,T50PQT_20000_13,S2B_MSIL2A_20230626T021539_R003_T50PQT_20230626T074054,100,,0.0,0.0,0.0,0.0,0.0,0.0,0.0,59.6875,32.8175,7.495,0.0,40000,0,0.0,19999.99999999907,20000.0,0.5737965106964111,100.0,,0.0,0.0,0.0,0.0,0.0,0.0,0.0,-0.031399999999997874,0.02750000000000341,0.0038999999999997925,0.0,0.0,0.0,20000.0
500,T50PQT_20000_13,S2B_MSIL2A_20230626T021539_R003_T50PQT_20230626T074054,200,,0.0,0.0,0.0,0.0,0.0,0.0,0.0,59.87,32.89,7.24,0.0,10000,0,0.0,19999.99999999907,20000.0,0.6017420291900635,99.99999999999999,,0.0,0.0,0.0,0.0,0.0,0.0,0.0,0.15109999999999957,0.10000000000000142,-0.2511000000000001,0.0,-1.4210854715202004e-14,1.4210854715202004e-14,20000.0
507,T50PQT_20000_13,S2B_MSIL2A_20230626T021539_R003_T50PQT_20230626T074054,500,,0.0,0.0,0.0,0.0,0.0,0.0,0.0,59.75,32.8125,7.4375,0.0,1600,0,0.0,19999.99999999907,20000.0,0.5411591529846191,100.0,,0.0,0.0,0.0,0.0,0.0,0.0,0.0,0.031100000000002126,0.022500000000000853,-0.053600000000000314,0.0,0.0,0.0,20000.0
514,T50PQT_20000_13,S2B_MSIL2A_20230626T021539_R003_T50PQT_20230626T074054,1000,,0.0,0.0,0.0,0.0,0.0,0.0,0.0,61.75,32.25,6.0,0.0,400,0,0.0,19999.99999999907,20000.0,0.5219850540161133,100.0,,0.0,0.0,0.0,0.0,0.0,0.0,0.0,2.031100000000002,-0.5399999999999991,-1.4911000000000003,0.0,0.0,0.0,20000.0
516,T50PQT_20000_14,S2A_MSIL2A_20230601T021611_R003_T50PQT_20230601T103139,20,,0.0,0.0,0.0,0.0,0.0,0.0,0.0,100.0,0.0,0.0,0.0,1000000,0,0.0,20000.000000000582,20000.000000000233,0.7641007900238037,100.0,,0.0,0.0,0.0,0.0,0.0,0.0,0.0,0.0,0.0,0.0,0.0,0.0,0.0,20000.0
523,T50PQT_20000_14,S2A_MSIL2A_20230601T021611_R003_T50PQT_20230601T103139,50,,0.0,0.0,0.0,0.0,0.0,0.0,0.0,100.0,0.0,0.0,0.0,160000,0,0.0,20000.000000000582,20000.000000000233,0.546309232711792,100.0,,0.0,0.0,0.0,0.0,0.0,0.0,0.0,0.0,0.0,0.0,0.0,0.0,0.0,20000.0
530,T50PQT_20000_14,S2A_MSIL2A_20230601T021611_R003_T50PQT_20230601T103139,100,,0.0,0.0,0.0,0.0,0.0,0.0,0.0,100.0,0.0,0.0,0.0,40000,0,0.0,20000.000000000582,20000.000000000233,0.5192241668701172,100.0,,0.0,0.0,0.0,0.0,0.0,0.0,0.0,0.0,0.0,0.0,0.0,0.0,0.0,20000.0
537,T50PQT_20000_14,S2A_MSIL2A_20230601T021611_R003_T50PQT_20230601T103139,200,,0.0,0.0,0.0,0.0,0.0,0.0,0.0,100.0,0.0,0.0,0.0,10000,0,0.0,20000.000000000582,20000.000000000233,0.5292181968688965,100.0,,0.0,0.0,0.0,0.0,0.0,0.0,0.0,0.0,0.0,0.0,0.0,0.0,0.0,20000.0
544,T50PQT_20000_14,S2A_MSIL2A_20230601T021611_R003_T50PQT_20230601T103139,500,,0.0,0.0,0.0,0.0,0.0,0.0,0.0,100.0,0.0,0.0,0.0,1600,0,0.0,20000.000000000582,20000.000000000233,0.548346757888794,100.0,,0.0,0.0,0.0,0.0,0.0,0.0,0.0,0.0,0.0,0.0,0.0,0.0,0.0,20000.0
551,T50PQT_20000_14,S2A_MSIL2A_20230601T021611_R003_T50PQT_20230601T103139,1000,,0.0,0.0,0.0,0.0,0.0,0.0,0.0,100.0,0.0,0.0,0.0,400,0,0.0,20000.000000000582,20000.000000000233,0.4977736473083496,100.0,,0.0,0.0,0.0,0.0,0.0,0.0,0.0,0.0,0.0,0.0,0.0,0.0,0.0,20000.0
518,T50PQT_20000_14,S2A_MSIL2A_20230611T021541_R003_T50PQT_20230611T092421,20,,0.0,0.0,0.0,0.0,0.0,0.0,0.0,84.3779,15.6221,0.0,0.0,1000000,0,0.0,20000.000000000582,20000.000000000233,0.7641007900238037,100.0,,0.0,0.0,0.0,0.0,0.0,0.0,0.0,0.0,0.0,0.0,0.0,0.0,0.0,20000.0
525,T50PQT_20000_14,S2A_MSIL2A_20230611T021541_R003_T50PQT_20230611T092421,50,,0.0,0.0,0.0,0.0,0.0,0.0,0.0,84.38,15.62,0.0,0.0,160000,0,0.0,20000.000000000582,20000.000000000233,0.546309232711792,100.0,,0.0,0.0,0.0,0.0,0.0,0.0,0.0,0.0020999999999986585,-0.002100000000000435,0.0,0.0,0.0,0.0,20000.0
532,T50PQT_20000_14,S2A_MSIL2A_20230611T021541_R003_T50PQT_20230611T092421,100,,0.0,0.0,0.0,0.0,0.0,0.0,0.0,84.4525,15.5475,0.0,0.0,40000,0,0.0,20000.000000000582,20000.000000000233,0.5192241668701172,100.0,,0.0,0.0,0.0,0.0,0.0,0.0,0.0,0.07460000000000377,-0.07460000000000022,0.0,0.0,0.0,0.0,20000.0
539,T50PQT_20000_14,S2A_MSIL2A_20230611T021541_R003_T50PQT_20230611T092421,200,,0.0,0.0,0.0,0.0,0.0,0.0,0.0,84.11,15.89,0.0,0.0,10000,0,0.0,20000.000000000582,20000.000000000233,0.5292181968688965,100.0,,0.0,0.0,0.0,0.0,0.0,0.0,0.0,-0.26789999999999736,0.2679000000000009,0.0,0.0,0.0,0.0,20000.0
546,T50PQT_20000_14,S2A_MSIL2A_20230611T021541_R003_T50PQT_20230611T092421,500,,0.0,0.0,0.0,0.0,0.0,0.0,0.0,83.875,16.125,0.0,0.0,1600,0,0.0,20000.000000000582,20000.000000000233,0.548346757888794,100.0,,0.0,0.0,0.0,0.0,0.0,0.0,0.0,-0.5028999999999968,0.5029000000000003,0.0,0.0,0.0,0.0,20000.0
553,T50PQT_20000_14,S2A_MSIL2A_20230611T021541_R003_T50PQT_20230611T092421,1000,,0.0,0.0,0.0,0.0,0.0,0.0,0.0,82.25,17.75,0.0,0.0,400,0,0.0,20000.000000000582,20000.000000000233,0.4977736473083496,100.0,,0.0,0.0,0.0,0.0,0.0,0.0,0.0,-2.127899999999997,2.1279000000000003,0.0,0.0,0.0,0.0,20000.0
520,T50PQT_20000_14,S2A_MSIL2A_20230621T021541_R003_T50PQT_20230621T085836,20,,0.0,0.0334,3.17,0.9143,0.0289,70.5806,0.0638,8.0594,14.5654,2.5842,0.0,1000000,0,0.0,20000.000000000582,20000.000000000233,0.7641007900238037,25.209,,0.0,0.0,0.0,0.0,0.0,0.0,0.0,0.0,0.0,0.0,0.0,0.0,0.0,20000.0
527,T50PQT_20000_14,S2A_MSIL2A_20230621T021541_R003_T50PQT_20230621T085836,50,,0.0,0.035,3.16,0.91125,0.02875,70.53125,0.06375,8.066875,14.600625,2.6025,0.0,160000,0,0.0,20000.000000000582,20000.000000000233,0.546309232711792,25.27,,0.0,0.0016000000000000042,-0.009999999999999787,-0.003049999999999997,-0.00014999999999999736,-0.049350000000004,-4.999999999999449e-05,0.007474999999999454,0.035225000000000506,0.018299999999999983,0.0,0.06099999999999994,0.06099999999999994,20000.0
534,T50PQT_20000_14,S2A_MSIL2A_20230621T021541_R003_T50PQT_20230621T085836,100,,0.0,0.045,3.15,0.9025,0.0325,70.52,0.0625,8.0125,14.645,2.63,0.0,40000,0,0.0,20000.000000000582,20000.000000000233,0.5192241668701172,25.287499999999998,,0.0,0.0116,-0.020000000000000018,-0.011800000000000033,0.0036000000000000025,-0.06060000000000798,-0.0012999999999999956,-0.04690000000000083,0.07959999999999923,0.04579999999999984,0.0,0.07849999999999824,0.07849999999999824,20000.0
541,T50PQT_20000_14,S2A_MSIL2A_20230621T021541_R003_T50PQT_20230621T085836,200,,0.0,0.03,3.33,1.02,0.01,70.02,0.06,8.07,14.92,2.54,0.0,10000,0,0.0,20000.000000000582,20000.000000000233,0.5292181968688965,25.53,,0.0,-0.0034000000000000002,0.16000000000000014,0.10570000000000002,-0.0189,-0.560600000000008,-0.003799999999999998,0.010600000000000165,0.3545999999999996,-0.04420000000000002,0.0,0.3210000000000015,0.560600000000008,20000.0
548,T50PQT_20000_14,S2A_MSIL2A_20230621T021541_R003_T50PQT_20230621T085836,500,,0.0,0.0,3.4375,1.125,0.0,69.5,0.0625,8.125,15.0625,2.6875,0.0,1600,0,0.0,20000.000000000582,20000.000000000233,0.548346757888794,25.875,,0.0,-0.0334,0.26750000000000007,0.2107,-0.0289,-1.080600000000004,-0.0012999999999999956,0.06559999999999988,0.49709999999999965,0.10329999999999995,0.0,0.6660000000000004,1.080600000000004,20000.0
555,T50PQT_20000_14,S2A_MSIL2A_20230621T021541_R003_T50PQT_20230621T085836,1000,,0.0,0.0,5.25,0.5,0.0,67.5,0.0,8.25,16.25,2.25,0.0,400,0,0.0,20000.000000000582,20000.000000000233,0.4977736473083496,26.75,,0.0,-0.0334,2.08,-0.4143,-0.0289,-3.080600000000004,-0.0638,0.19059999999999988,1.6845999999999997,-0.33420000000000005,0.0,1.5410000000000004,3.080600000000004,20000.0
522,T50PQT_20000_14,S2A_MSIL2A_20230701T021541_R003_T50PQT_20230701T082624,20,,0.0,0.02,0.0336,3.3585,0.1672,6.2091,0.0131,73.1418,0.0733,16.9834,0.0,1000000,0,0.0,20000.000000000582,20000.000000000233,0.7641007900238037,90.19850000000001,,0.0,0.0,0.0,0.0,0.0,0.0,0.0,0.0,0.0,0.0,0.0,0.0,0.0,20000.0
529,T50PQT_20000_14,S2A_MSIL2A_20230701T021541_R003_T50PQT_20230701T082624,50,,0.0,0.016875,0.030625,3.390625,0.16375,6.22625,0.01625,73.043125,0.07125,17.04125,0.0,160000,0,0.0,20000.000000000582,20000.000000000233,0.546309232711792,90.15562500000001,,0.0,-0.0031249999999999993,-0.0029749999999999985,0.03212500000000018,-0.003449999999999981,0.01715,0.00315,-0.09867500000000007,-0.00205000000000001,0.057850000000001955,0.0,-0.04287499999999511,0.04287499999999511,20000.0
536,T50PQT_20000_14,S2A_MSIL2A_20230701T021541_R003_T50PQT_20230701T082624,100,,0.0,0.02,0.03,3.3725,0.1925,6.2425,0.0125,73.0425,0.07,17.0175,0.0,40000,0,0.0,20000.000000000582,20000.000000000233,0.5192241668701172,90.13,,0.0,0.0,-0.003599999999999999,0.014000000000000234,0.025300000000000017,0.03339999999999943,-0.0005999999999999998,-0.0992999999999995,-0.0032999999999999974,0.03409999999999869,0.0,-0.06850000000001444,0.06850000000001444,20000.0
543,T50PQT_20000_14,S2A_MSIL2A_20230701T021541_R003_T50PQT_20230701T082624,200,,0.0,0.03,0.03,3.59,0.18,6.41,0.01,72.23,0.09,17.43,0.0,10000,0,0.0,20000.000000000582,20000.000000000233,0.5292181968688965,89.75,,0.0,0.009999999999999998,-0.003599999999999999,0.23150000000000004,0.012800000000000006,0.20089999999999986,-0.0031000000000000003,-0.9117999999999995,0.016699999999999993,0.4466000000000001,0.0,-0.4485000000000099,0.4485000000000099,20000.0
550,T50PQT_20000_14,S2A_MSIL2A_20230701T021541_R003_T50PQT_20230701T082624,500,,0.0,0.0,0.0,3.5625,0.375,6.5625,0.0,71.625,0.0625,17.8125,0.0,1600,0,0.0,20000.000000000582,20000.000000000233,0.548346757888794,89.5,,0.0,-0.02,-0.0336,0.20400000000000018,0.2078,0.3533999999999997,-0.0131,-1.5168000000000035,-0.010800000000000004,0.8291000000000004,0.0,-0.6985000000000099,0.6985000000000099,20000.0
557,T50PQT_20000_14,S2A_MSIL2A_20230701T021541_R003_T50PQT_20230701T082624,1000,,0.0,0.0,0.0,4.75,0.0,8.25,0.0,68.75,0.0,18.25,0.0,400,0,0.0,20000.000000000582,20000.000000000233,0.4977736473083496,87.0,,0.0,-0.02,-0.0336,1.3915000000000002,-0.1672,2.0408999999999997,-0.0131,-4.3918000000000035,-0.0733,1.2666000000000004,0.0,-3.19850000000001,3.19850000000001,20000.0
517,T50PQT_20000_14,S2B_MSIL2A_20230606T021539_R003_T50PQT_20230606T073506,20,,0.0,0.0,0.0113,0.0067,0.0,0.8673,0.0,64.3867,10.4506,24.2774,0.0,1000000,0,0.0,20000.000000000582,20000.000000000233,0.7641007900238037,99.1147,,0.0,0.0,0.0,0.0,0.0,0.0,0.0,0.0,0.0,0.0,0.0,0.0,0.0,20000.0
524,T50PQT_20000_14,S2B_MSIL2A_20230606T021539_R003_T50PQT_20230606T073506,50,,0.0,0.0,0.0125,0.009375,0.0,0.87125,0.0,64.366875,10.441875,24.298125,0.0,160000,0,0.0,20000.000000000582,20000.000000000233,0.546309232711792,99.10687499999999,,0.0,0.0,0.0012000000000000014,0.0026749999999999994,0.0,0.003950000000000009,0.0,-0.019825000000011528,-0.008725000000000094,0.020724999999998772,0.0,-0.007825000000011073,0.007825000000011073,20000.0
531,T50PQT_20000_14,S2B_MSIL2A_20230606T021539_R003_T50PQT_20230606T073506,100,,0.0,0.0,0.015,0.0075,0.0,0.87,0.0,64.3725,10.475,24.26,0.0,40000,0,0.0,20000.000000000582,20000.000000000233,0.5192241668701172,99.1075,,0.0,0.0,0.0037,0.0007999999999999995,0.0,0.0027000000000000357,0.0,-0.014200000000002433,0.024399999999999977,-0.017399999999998528,0.0,-0.007199999999997431,0.007199999999997431,20000.0
538,T50PQT_20000_14,S2B_MSIL2A_20230606T021539_R003_T50PQT_20230606T073506,200,,0.0,0.0,0.0,0.03,0.0,0.97,0.0,64.3,10.47,24.23,0.0,10000,0,0.0,20000.000000000582,20000.000000000233,0.5292181968688965,99.0,,0.0,0.0,-0.0113,0.023299999999999998,0.0,0.10270000000000001,0.0,-0.08670000000000755,0.019400000000000972,-0.047399999999999665,0.0,-0.11469999999999914,0.11469999999999914,20000.0
545,T50PQT_20000_14,S2B_MSIL2A_20230606T021539_R003_T50PQT_20230606T073506,500,,0.0,0.0,0.0625,0.0,0.0,1.0625,0.0,64.0625,10.625,24.1875,0.0,1600,0,0.0,20000.000000000582,20000.000000000233,0.548346757888794,98.875,,0.0,0.0,0.0512,-0.0067,0.0,0.19520000000000004,0.0,-0.3242000000000047,0.17440000000000033,-0.08990000000000009,0.0,-0.23969999999999914,0.23969999999999914,20000.0
552,T50PQT_20000_14,S2B_MSIL2A_20230606T021539_R003_T50PQT_20230606T073506,1000,,0.0,0.0,0.25,0.0,0.0,1.75,0.0,62.5,10.5,25.0,0.0,400,0,0.0,20000.000000000582,20000.000000000233,0.4977736473083496,98.0,,0.0,0.0,0.2387,-0.0067,0.0,0.8827,0.0,-1.8867000000000047,0.04940000000000033,0.7225999999999999,0.0,-1.1146999999999991,1.1146999999999991,20000.0
519,T50PQT_20000_14,S2B_MSIL2A_20230616T021539_R003_T50PQT_20230616T083239,20,,0.0,0.0,0.0008,0.0,0.0001,1.564,0.0,9.5916,11.3206,77.5229,0.0,1000000,0,0.0,20000.000000000582,20000.000000000233,0.7641007900238037,98.4351,,0.0,0.0,0.0,0.0,0.0,0.0,0.0,0.0,0.0,0.0,0.0,0.0,0.0,20000.0
526,T50PQT_20000_14,S2B_MSIL2A_20230616T021539_R003_T50PQT_20230616T083239,50,,0.0,0.0,0.000625,0.0,0.0,1.55875,0.0,9.5825,11.40375,77.454375,0.0,160000,0,0.0,20000.000000000582,20000.000000000233,0.546309232711792,98.440625,,0.0,0.0,-0.00017500000000000003,0.0,-0.0001,-0.005249999999999977,0.0,-0.009100000000000108,0.08314999999999984,-0.06852500000000816,0.0,0.0055249999999915644,0.0055249999999915644,20000.0
533,T50PQT_20000_14,S2B_MSIL2A_20230616T021539_R003_T50PQT_20230616T083239,100,,0.0,0.0,0.0,0.0,0.0,1.56,0.0,9.67,11.3225,77.4475,0.0,40000,0,0.0,20000.000000000582,20000.000000000233,0.5192241668701172,98.44,,0.0,0.0,-0.0008,0.0,-0.0001,-0.0040000000000000036,0.0,0.07840000000000025,0.0018999999999991246,-0.07540000000000191,0.0,0.004899999999992133,0.004899999999992133,20000.0
540,T50PQT_20000_14,S2B_MSIL2A_20230616T021539_R003_T50PQT_20230616T083239,200,,0.0,0.0,0.0,0.0,0.0,1.56,0.0,9.35,11.76,77.33,0.0,10000,0,0.0,20000.000000000582,20000.000000000233,0.5292181968688965,98.44,,0.0,0.0,-0.0008,0.0,-0.0001,-0.0040000000000000036,0.0,-0.24160000000000004,0.4393999999999991,-0.19290000000000873,0.0,0.004899999999992133,0.004899999999992133,20000.0
547,T50PQT_20000_14,S2B_MSIL2A_20230616T021539_R003_T50PQT_20230616T083239,500,,0.0,0.0,0.0,0.0,0.0,1.8125,0.0,9.9375,11.5,76.75,0.0,1600,0,0.0,20000.000000000582,20000.000000000233,0.548346757888794,98.1875,,0.0,0.0,-0.0008,0.0,-0.0001,0.24849999999999994,0.0,0.3459000000000003,0.17939999999999934,-0.772900000000007,0.0,-0.2476000000000056,0.24849999999999994,20000.0
554,T50PQT_20000_14,S2B_MSIL2A_20230616T021539_R003_T50PQT_20230616T083239,1000,,0.0,0.0,0.0,0.0,0.0,1.0,0.0,9.0,12.25,77.75,0.0,400,0,0.0,20000.000000000582,20000.000000000233,0.4977736473083496,99.0,,0.0,0.0,-0.0008,0.0,-0.0001,-0.5640000000000001,0.0,-0.5915999999999997,0.9293999999999993,0.22709999999999297,0.0,0.5648999999999944,0.5648999999999944,20000.0
521,T50PQT_20000_14,S2B_MSIL2A_20230626T021539_R003_T50PQT_20230626T074054,20,,0.0,0.0164,2.4396,0.7541,0.0258,53.5109,0.026,6.5105,5.0924,31.6243,0.0,1000000,0,0.0,20000.000000000582,20000.000000000233,0.7641007900238037,43.2272,,0.0,0.0,0.0,0.0,0.0,0.0,0.0,0.0,0.0,0.0,0.0,0.0,0.0,20000.0
528,T50PQT_20000_14,S2B_MSIL2A_20230626T021539_R003_T50PQT_20230626T074054,50,,0.0,0.01625,2.444375,0.746875,0.02875,53.49,0.02875,6.51,5.09875,31.63625,0.0,160000,0,0.0,20000.000000000582,20000.000000000233,0.546309232711792,43.245000000000005,,0.0,-0.00015000000000000083,0.004774999999999974,-0.007225000000000037,0.0029500000000000012,-0.020899999999997476,0.0027500000000000024,-0.0005000000000006111,0.0063500000000003,0.011949999999998795,0.0,0.017800000000001148,0.020899999999997476,20000.0
535,T50PQT_20000_14,S2B_MSIL2A_20230626T021539_R003_T50PQT_20230626T074054,100,,0.0,0.01,2.42,0.7525,0.015,53.51,0.0425,6.5675,5.0725,31.61,0.0,40000,0,0.0,20000.000000000582,20000.000000000233,0.5192241668701172,43.25,,0.0,-0.006400000000000001,-0.019600000000000062,-0.0016000000000000458,-0.0108,-0.0009000000000014552,0.016500000000000004,0.056999999999999496,-0.019899999999999807,-0.0143000000000022,0.0,0.0227999999999966,0.0227999999999966,20000.0
542,T50PQT_20000_14,S2B_MSIL2A_20230626T021539_R003_T50PQT_20230626T074054,200,,0.0,0.01,2.41,0.77,0.02,53.02,0.03,6.78,5.0,31.96,0.0,10000,0,0.0,20000.000000000582,20000.000000000233,0.5292181968688965,43.74,,0.0,-0.006400000000000001,-0.02959999999999985,0.015900000000000025,-0.0058,-0.49089999999999634,0.004,0.26949999999999985,-0.0923999999999996,0.3356999999999992,0.0,0.5127999999999986,0.5127999999999986,20000.0
549,T50PQT_20000_14,S2B_MSIL2A_20230626T021539_R003_T50PQT_20230626T074054,500,,0.0,0.0,2.375,1.0625,0.0625,53.25,0.0,6.5,4.75,32.0,0.0,1600,0,0.0,20000.000000000582,20000.000000000233,0.548346757888794,43.25,,0.0,-0.0164,-0.06459999999999999,0.3084,0.036699999999999997,-0.26089999999999947,-0.026,-0.010500000000000398,-0.3423999999999996,0.37569999999999837,0.0,0.0227999999999966,0.3084,20000.0
556,T50PQT_20000_14,S2B_MSIL2A_20230626T021539_R003_T50PQT_20230626T074054,1000,,0.0,0.0,3.5,0.75,0.0,49.5,0.0,8.0,4.5,33.75,0.0,400,0,0.0,20000.000000000582,20000.000000000233,0.4977736473083496,46.25,,0.0,-0.0164,1.0604,-0.0040999999999999925,-0.0258,-4.0108999999999995,-0.026,1.4894999999999996,-0.5923999999999996,2.1256999999999984,0.0,3.0227999999999966,4.0108999999999995,20000.0
558,T50PQT_20000_15,S2A_MSIL2A_20230604T022531_R046_T50PQT_20230604T082521,20,,0.0,0.0,0.0,0.0,0.0,1.3592,0.0,63.4447,16.5185,18.6776,0.0,1000000,0,0.0,20000.00000000035,20000.000000000233,0.4930288791656494,98.6408,,0.0,0.0,0.0,0.0,0.0,0.0,0.0,0.0,0.0,0.0,0.0,0.0,0.0,20000.0
564,T50PQT_20000_15,S2A_MSIL2A_20230604T022531_R046_T50PQT_20230604T082521,50,,0.0,0.0,0.0,0.0,0.0,1.36,0.0,63.449375,16.505625,18.685,0.0,160000,0,0.0,20000.00000000035,20000.000000000233,0.3569328784942627,98.64,,0.0,0.0,0.0,0.0,0.0,0.0008000000000001339,0.0,0.00467500000000598,-0.01287500000000108,0.0073999999999969646,0.0,-0.0007999999999981355,0.0008000000000001339,20000.0
570,T50PQT_20000_15,S2A_MSIL2A_20230604T022531_R046_T50PQT_20230604T082521,100,,0.0,0.0,0.0,0.0,0.0,1.3425,0.0,63.2975,16.5825,18.7775,0.0,40000,0,0.0,20000.00000000035,20000.000000000233,0.33846426010131836,98.6575,,0.0,0.0,0.0,0.0,0.0,-0.016699999999999937,0.0,-0.147199999999998,0.06400000000000006,0.0998999999999981,0.0,0.01670000000000016,0.01670000000000016,20000.0
576,T50PQT_20000_15,S2A_MSIL2A_20230604T022531_R046_T50PQT_20230604T082521,200,,0.0,0.0,0.0,0.0,0.0,1.38,0.0,63.47,16.42,18.73,0.0,10000,0,0.0,20000.00000000035,20000.000000000233,0.32261013984680176,98.62,,0.0,0.0,0.0,0.0,0.0,0.02079999999999993,0.0,0.025300000000001432,-0.09849999999999781,0.05239999999999867,0.0,-0.020799999999994156,0.02079999999999993,20000.0
582,T50PQT_20000_15,S2A_MSIL2A_20230604T022531_R046_T50PQT_20230604T082521,500,,0.0,0.0,0.0,0.0,0.0,1.5625,0.0,63.4375,16.3125,18.6875,0.0,1600,0,0.0,20000.00000000035,20000.000000000233,0.3629467487335205,98.4375,,0.0,0.0,0.0,0.0,0.0,0.20330000000000004,0.0,-0.007199999999997431,-0.20599999999999952,0.009899999999998244,0.0,-0.2032999999999987,0.20330000000000004,20000.0
588,T50PQT_20000_15,S2A_MSIL2A_20230604T022531_R046_T50PQT_20230604T082521,1000,,0.0,0.0,0.0,0.0,0.0,2.25,0.0,65.5,14.75,17.5,0.0,400,0,0.0,20000.00000000035,20000.000000000233,0.36238884925842285,97.75,,0.0,0.0,0.0,0.0,0.0,0.8908,0.0,2.0553000000000026,-1.7684999999999995,-1.1776000000000018,0.0,-0.8907999999999987,0.8908,20000.0
560,T50PQT_20000_15,S2A_MSIL2A_20230614T022541_R046_T50PQT_20230614T094130,20,,0.0,0.0,0.0,0.0,0.0,0.0,0.0,99.9988,0.0012,0.0,0.0,1000000,0,0.0,20000.00000000035,20000.000000000233,0.4930288791656494,100.0,,0.0,0.0,0.0,0.0,0.0,0.0,0.0,0.0,0.0,0.0,0.0,0.0,0.0,20000.0
566,T50PQT_20000_15,S2A_MSIL2A_20230614T022541_R046_T50PQT_20230614T094130,50,,0.0,0.0,0.0,0.0,0.0,0.0,0.0,99.998125,0.001875,0.0,0.0,160000,0,0.0,20000.00000000035,20000.000000000233,0.3569328784942627,100.0,,0.0,0.0,0.0,0.0,0.0,0.0,0.0,-0.0006750000000010914,0.000675,0.0,0.0,0.0,0.0,20000.0
572,T50PQT_20000_15,S2A_MSIL2A_20230614T022541_R046_T50PQT_20230614T094130,100,,0.0,0.0,0.0,0.0,0.0,0.0,0.0,99.9975,0.0025,0.0,0.0,40000,0,0.0,20000.00000000035,20000.000000000233,0.33846426010131836,100.0,,0.0,0.0,0.0,0.0,0.0,0.0,0.0,-0.001300000000000523,0.0013000000000000002,0.0,0.0,0.0,0.0,20000.0
578,T50PQT_20000_15,S2A_MSIL2A_20230614T022541_R046_T50PQT_20230614T094130,200,,0.0,0.0,0.0,0.0,0.0,0.0,0.0,100.0,0.0,0.0,0.0,10000,0,0.0,20000.00000000035,20000.000000000233,0.32261013984680176,100.0,,0.0,0.0,0.0,0.0,0.0,0.0,0.0,0.0011999999999972033,-0.0012,0.0,0.0,0.0,0.0,20000.0
584,T50PQT_20000_15,S2A_MSIL2A_20230614T022541_R046_T50PQT_20230614T094130,500,,0.0,0.0,0.0,0.0,0.0,0.0,0.0,100.0,0.0,0.0,0.0,1600,0,0.0,20000.00000000035,20000.000000000233,0.3629467487335205,100.0,,0.0,0.0,0.0,0.0,0.0,0.0,0.0,0.0011999999999972033,-0.0012,0.0,0.0,0.0,0.0,20000.0
590,T50PQT_20000_15,S2A_MSIL2A_20230614T022541_R046_T50PQT_20230614T094130,1000,,0.0,0.0,0.0,0.0,0.0,0.0,0.0,100.0,0.0,0.0,0.0,400,0,0.0,20000.00000000035,20000.000000000233,0.36238884925842285,100.0,,0.0,0.0,0.0,0.0,0.0,0.0,0.0,0.0011999999999972033,-0.0012,0.0,0.0,0.0,0.0,20000.0
562,T50PQT_20000_15,S2A_MSIL2A_20230624T022531_R046_T50PQT_20230624T082536,20,,0.0,0.0,0.0,0.0,0.0,0.0,0.0,85.5122,14.4878,0.0,0.0,1000000,0,0.0,20000.00000000035,20000.000000000233,0.4930288791656494,100.0,,0.0,0.0,0.0,0.0,0.0,0.0,0.0,0.0,0.0,0.0,0.0,0.0,0.0,20000.0
568,T50PQT_20000_15,S2A_MSIL2A_20230624T022531_R046_T50PQT_20230624T082536,50,,0.0,0.0,0.0,0.0,0.0,0.0,0.0,85.60375,14.39625,0.0,0.0,160000,0,0.0,20000.00000000035,20000.000000000233,0.3569328784942627,100.0,,0.0,0.0,0.0,0.0,0.0,0.0,0.0,0.09154999999999802,-0.0915499999999998,0.0,0.0,0.0,0.0,20000.0
574,T50PQT_20000_15,S2A_MSIL2A_20230624T022531_R046_T50PQT_20230624T082536,100,,0.0,0.0,0.0,0.0,0.0,0.0,0.0,85.595,14.405,0.0,0.0,40000,0,0.0,20000.00000000035,20000.000000000233,0.33846426010131836,100.0,,0.0,0.0,0.0,0.0,0.0,0.0,0.0,0.08279999999999177,-0.08280000000000065,0.0,0.0,0.0,0.0,20000.0
580,T50PQT_20000_15,S2A_MSIL2A_20230624T022531_R046_T50PQT_20230624T082536,200,,0.0,0.0,0.0,0.0,0.0,0.0,0.0,86.45,13.55,0.0,0.0,10000,0,0.0,20000.00000000035,20000.000000000233,0.32261013984680176,100.0,,0.0,0.0,0.0,0.0,0.0,0.0,0.0,0.9377999999999957,-0.9377999999999993,0.0,0.0,0.0,0.0,20000.0
586,T50PQT_20000_15,S2A_MSIL2A_20230624T022531_R046_T50PQT_20230624T082536,500,,0.0,0.0,0.0,0.0,0.0,0.0,0.0,86.625,13.375,0.0,0.0,1600,0,0.0,20000.00000000035,20000.000000000233,0.3629467487335205,100.0,,0.0,0.0,0.0,0.0,0.0,0.0,0.0,1.112799999999993,-1.1128,0.0,0.0,0.0,0.0,20000.0
592,T50PQT_20000_15,S2A_MSIL2A_20230624T022531_R046_T50PQT_20230624T082536,1000,,0.0,0.0,0.0,0.0,0.0,0.0,0.0,89.75,10.25,0.0,0.0,400,0,0.0,20000.00000000035,20000.000000000233,0.36238884925842285,100.0,,0.0,0.0,0.0,0.0,0.0,0.0,0.0,4.237799999999993,-4.2378,0.0,0.0,0.0,0.0,20000.0
559,T50PQT_20000_15,S2B_MSIL2A_20230609T022539_R046_T50PQT_20230609T075214,20,,0.0,0.0,0.0,0.0,0.0,0.0,0.0,93.4091,6.3729,0.218,0.0,1000000,0,0.0,20000.00000000035,20000.000000000233,0.4930288791656494,100.0,,0.0,0.0,0.0,0.0,0.0,0.0,0.0,0.0,0.0,0.0,0.0,0.0,0.0,20000.0
565,T50PQT_20000_15,S2B_MSIL2A_20230609T022539_R046_T50PQT_20230609T075214,50,,0.0,0.0,0.0,0.0,0.0,0.0,0.0,93.428125,6.35625,0.215625,0.0,160000,0,0.0,20000.00000000035,20000.000000000233,0.3569328784942627,100.0,,0.0,0.0,0.0,0.0,0.0,0.0,0.0,0.01902499999999918,-0.016649999999999388,-0.0023749999999999882,0.0,0.0,0.0,20000.0
571,T50PQT_20000_15,S2B_MSIL2A_20230609T022539_R046_T50PQT_20230609T075214,100,,0.0,0.0,0.0,0.0,0.0,0.0,0.0,93.4375,6.3425,0.22,0.0,40000,0,0.0,20000.00000000035,20000.000000000233,0.33846426010131836,100.0,,0.0,0.0,0.0,0.0,0.0,0.0,0.0,0.028400000000004866,-0.030399999999999316,0.0020000000000000018,0.0,0.0,0.0,20000.0
577,T50PQT_20000_15,S2B_MSIL2A_20230609T022539_R046_T50PQT_20230609T075214,200,,0.0,0.0,0.0,0.0,0.0,0.0,0.0,93.46,6.32,0.22,0.0,10000,0,0.0,20000.00000000035,20000.000000000233,0.32261013984680176,100.0,,0.0,0.0,0.0,0.0,0.0,0.0,0.0,0.05089999999999861,-0.05289999999999928,0.0020000000000000018,0.0,0.0,0.0,20000.0
583,T50PQT_20000_15,S2B_MSIL2A_20230609T022539_R046_T50PQT_20230609T075214,500,,0.0,0.0,0.0,0.0,0.0,0.0,0.0,94.0,5.875,0.125,0.0,1600,0,0.0,20000.00000000035,20000.000000000233,0.3629467487335205,100.0,,0.0,0.0,0.0,0.0,0.0,0.0,0.0,0.5909000000000049,-0.49789999999999957,-0.093,0.0,0.0,0.0,20000.0
589,T50PQT_20000_15,S2B_MSIL2A_20230609T022539_R046_T50PQT_20230609T075214,1000,,0.0,0.0,0.0,0.0,0.0,0.0,0.0,93.75,6.25,0.0,0.0,400,0,0.0,20000.00000000035,20000.000000000233,0.36238884925842285,100.0,,0.0,0.0,0.0,0.0,0.0,0.0,0.0,0.34090000000000487,-0.12289999999999957,-0.218,0.0,0.0,0.0,20000.0
561,T50PQT_20000_15,S2B_MSIL2A_20230619T022539_R046_T50PQT_20230619T074224,20,,0.0,0.0,0.0,0.0,0.0,41.378341378341375,0.0,50.97105097105097,3.086003086003086,4.564604564604565,0.0,1000000,1,0.0001,20000.00000000035,20000.000000000233,0.4930288791656494,58.621658621658625,,0.0,0.0,0.0,0.0,0.0,0.0,0.0,0.0,0.0,0.0,0.0,0.0,0.0,20000.0
567,T50PQT_20000_15,S2B_MSIL2A_20230619T022539_R046_T50PQT_20230619T074224,50,,0.0,0.0,0.0,0.0,0.0,41.380625,0.0,50.953125,3.11375,4.5525,0.0,160000,0,0.0,20000.00000000035,20000.000000000233,0.3569328784942627,58.619375000000005,,0.0,0.0,0.0,0.0,0.0,0.0022836216586270552,0.0,-0.017925971050971157,0.027746913996914202,-0.012104564604564771,0.0,-0.00228362165861995,0.0022836216586270552,20000.0
573,T50PQT_20000_15,S2B_MSIL2A_20230619T022539_R046_T50PQT_20230619T074224,100,,0.0,0.0,0.0,0.0,0.0,41.375,0.0,51.01,3.0475,4.5675,0.0,40000,0,0.0,20000.00000000035,20000.000000000233,0.33846426010131836,58.625,,0.0,0.0,0.0,0.0,0.0,-0.0033413783413749343,0.0,0.038949028949026854,-0.03850308600308594,0.002895435395434909,0.0,0.0033413783413749343,0.0033413783413749343,20000.0
579,T50PQT_20000_15,S2B_MSIL2A_20230619T022539_R046_T50PQT_20230619T074224,200,,0.0,0.0,0.0,0.0,0.0,40.76,0.0,51.5,3.24,4.5,0.0,10000,0,0.0,20000.00000000035,20000.000000000233,0.32261013984680176,59.24,,0.0,0.0,0.0,0.0,0.0,-0.6183413783413769,0.0,0.5289490289490288,0.1539969139969144,-0.06460456460456498,0.0,0.6183413783413769,0.6183413783413769,20000.0
585,T50PQT_20000_15,S2B_MSIL2A_20230619T022539_R046_T50PQT_20230619T074224,500,,0.0,0.0,0.0,0.0,0.0,39.75,0.0,52.0625,3.5625,4.625,0.0,1600,0,0.0,20000.00000000035,20000.000000000233,0.3629467487335205,60.25,,0.0,0.0,0.0,0.0,0.0,-1.628341378341375,0.0,1.0914490289490288,0.4764969139969142,0.060395435395435015,0.0,1.628341378341375,1.628341378341375,20000.0
591,T50PQT_20000_15,S2B_MSIL2A_20230619T022539_R046_T50PQT_20230619T074224,1000,,0.0,0.0,0.0,0.0,0.0,37.75,0.0,54.0,3.5,4.75,0.0,400,0,0.0,20000.00000000035,20000.000000000233,0.36238884925842285,62.25,,0.0,0.0,0.0,0.0,0.0,-3.628341378341375,0.0,3.028949028949029,0.4139969139969142,0.18539543539543502,0.0,3.628341378341375,3.628341378341375,20000.0
563,T50PQT_20000_15,S2B_MSIL2A_20230629T022539_R046_T50PQT_20230629T115903,20,,0.0,0.0,0.0,0.0,0.0,0.0,0.0,27.9551,68.616,3.4289,0.0,1000000,0,0.0,20000.00000000035,20000.000000000233,0.4930288791656494,100.0,,0.0,0.0,0.0,0.0,0.0,0.0,0.0,0.0,0.0,0.0,0.0,0.0,0.0,20000.0
569,T50PQT_20000_15,S2B_MSIL2A_20230629T022539_R046_T50PQT_20230629T115903,50,,0.0,0.0,0.0,0.0,0.0,0.0,0.0,28.03375,68.53,3.43625,0.0,160000,0,0.0,20000.00000000035,20000.000000000233,0.3569328784942627,100.0,,0.0,0.0,0.0,0.0,0.0,0.0,0.0,0.07864999999999966,-0.08599999999999852,0.007349999999999746,0.0,0.0,0.0,20000.0
575,T50PQT_20000_15,S2B_MSIL2A_20230629T022539_R046_T50PQT_20230629T115903,100,,0.0,0.0,0.0,0.0,0.0,0.0,0.0,28.0625,68.5775,3.36,0.0,40000,0,0.0,20000.00000000035,20000.000000000233,0.33846426010131836,100.0,,0.0,0.0,0.0,0.0,0.0,0.0,0.0,0.10739999999999839,-0.03849999999999909,-0.06890000000000018,0.0,0.0,0.0,20000.0
581,T50PQT_20000_15,S2B_MSIL2A_20230629T022539_R046_T50PQT_20230629T115903,200,,0.0,0.0,0.0,0.0,0.0,0.0,0.0,28.54,68.23,3.23,0.0,10000,0,0.0,20000.00000000035,20000.000000000233,0.32261013984680176,100.00000000000001,,0.0,0.0,0.0,0.0,0.0,0.0,0.0,0.5848999999999975,-0.3859999999999957,-0.19890000000000008,0.0,1.4210854715202004e-14,1.4210854715202004e-14,20000.0
587,T50PQT_20000_15,S2B_MSIL2A_20230629T022539_R046_T50PQT_20230629T115903,500,,0.0,0.0,0.0,0.0,0.0,0.0,0.0,28.6875,67.9375,3.375,0.0,1600,0,0.0,20000.00000000035,20000.000000000233,0.3629467487335205,100.0,,0.0,0.0,0.0,0.0,0.0,0.0,0.0,0.7323999999999984,-0.6784999999999997,-0.05390000000000006,0.0,0.0,0.0,20000.0
593,T50PQT_20000_15,S2B_MSIL2A_20230629T022539_R046_T50PQT_20230629T115903,1000,,0.0,0.0,0.0,0.0,0.0,0.0,0.0,28.5,67.5,4.0,0.0,400,0,0.0,20000.00000000035,20000.000000000233,0.36238884925842285,100.0,,0.0,0.0,0.0,0.0,0.0,0.0,0.0,0.5448999999999984,-1.1159999999999997,0.5710999999999999,0.0,0.0,0.0,20000.0
594,T50PQT_20000_16,S2A_MSIL2A_20230604T022531_R046_T50PQT_20230604T082521,20,,0.0,0.0,0.0,0.0,0.0,1.0881,0.0,39.5575,24.6546,34.6998,0.0,1000000,0,0.0,20000.00000000163,20000.0,0.48192858695983887,98.9119,,0.0,0.0,0.0,0.0,0.0,0.0,0.0,0.0,0.0,0.0,0.0,0.0,0.0,20000.0
600,T50PQT_20000_16,S2A_MSIL2A_20230604T022531_R046_T50PQT_20230604T082521,50,,0.0,0.0,0.0,0.0,0.0,1.08,0.0,39.50625,24.583125,34.830625,0.0,160000,0,0.0,20000.00000000163,20000.0,0.37276625633239746,98.92,,0.0,0.0,0.0,0.0,0.0,-0.008099999999999996,0.0,-0.05124999999999602,-0.07147499999999951,0.13082499999999442,0.0,0.008099999999998886,0.008099999999999996,20000.0
606,T50PQT_20000_16,S2A_MSIL2A_20230604T022531_R046_T50PQT_20230604T082521,100,,0.0,0.0,0.0,0.0,0.0,1.085,0.0,39.575,24.5475,34.7925,0.0,40000,0,0.0,20000.00000000163,20000.0,0.33635854721069336,98.91499999999999,,0.0,0.0,0.0,0.0,0.0,-0.0031000000000001027,0.0,0.0175000000000054,-0.10709999999999908,0.09269999999999357,0.0,0.0030999999999892225,0.0031000000000001027,20000.0
612,T50PQT_20000_16,S2A_MSIL2A_20230604T022531_R046_T50PQT_20230604T082521,200,,0.0,0.0,0.0,0.0,0.0,1.12,0.0,39.48,24.44,34.96,0.0,10000,0,0.0,20000.00000000163,20000.0,0.3695962429046631,98.88,,0.0,0.0,0.0,0.0,0.0,0.03190000000000004,0.0,-0.07750000000000057,-0.21459999999999724,0.26019999999999754,0.0,-0.03190000000000737,0.03190000000000737,20000.0
618,T50PQT_20000_16,S2A_MSIL2A_20230604T022531_R046_T50PQT_20230604T082521,500,,0.0,0.0,0.0,0.0,0.0,1.125,0.0,39.9375,23.625,35.3125,0.0,1600,0,0.0,20000.00000000163,20000.0,0.3467552661895752,98.875,,0.0,0.0,0.0,0.0,0.0,0.03689999999999993,0.0,0.38000000000000256,-1.0295999999999985,0.6126999999999967,0.0,-0.03690000000000282,0.03690000000000282,20000.0
624,T50PQT_20000_16,S2A_MSIL2A_20230604T022531_R046_T50PQT_20230604T082521,1000,,0.0,0.0,0.0,0.0,0.0,1.25,0.0,40.5,23.25,35.0,0.0,400,0,0.0,20000.00000000163,20000.0,0.321169376373291,98.75,,0.0,0.0,0.0,0.0,0.0,0.16189999999999993,0.0,0.9425000000000026,-1.4045999999999985,0.3001999999999967,0.0,-0.16190000000000282,0.16190000000000282,20000.0
596,T50PQT_20000_16,S2A_MSIL2A_20230614T022541_R046_T50PQT_20230614T094130,20,,0.0,0.0,0.0,0.0,0.0,0.0,0.0,98.3854,0.0073,1.6073,0.0,1000000,0,0.0,20000.00000000163,20000.0,0.48192858695983887,100.0,,0.0,0.0,0.0,0.0,0.0,0.0,0.0,0.0,0.0,0.0,0.0,0.0,0.0,20000.0
602,T50PQT_20000_16,S2A_MSIL2A_20230614T022541_R046_T50PQT_20230614T094130,50,,0.0,0.0,0.0,0.0,0.0,0.0,0.0,98.39,0.00625,1.60375,0.0,160000,0,0.0,20000.00000000163,20000.0,0.37276625633239746,100.0,,0.0,0.0,0.0,0.0,0.0,0.0,0.0,0.004599999999996385,-0.0010499999999999997,-0.003549999999999942,0.0,0.0,0.0,20000.0
608,T50PQT_20000_16,S2A_MSIL2A_20230614T022541_R046_T50PQT_20230614T094130,100,,0.0,0.0,0.0,0.0,0.0,0.0,0.0,98.4,0.005,1.595,0.0,40000,0,0.0,20000.00000000163,20000.0,0.33635854721069336,100.0,,0.0,0.0,0.0,0.0,0.0,0.0,0.0,0.0146000000000015,-0.0023,-0.012299999999999978,0.0,0.0,0.0,20000.0
614,T50PQT_20000_16,S2A_MSIL2A_20230614T022541_R046_T50PQT_20230614T094130,200,,0.0,0.0,0.0,0.0,0.0,0.0,0.0,98.49,0.0,1.51,0.0,10000,0,0.0,20000.00000000163,20000.0,0.3695962429046631,100.0,,0.0,0.0,0.0,0.0,0.0,0.0,0.0,0.1045999999999907,-0.0073,-0.09729999999999994,0.0,0.0,0.0,20000.0
620,T50PQT_20000_16,S2A_MSIL2A_20230614T022541_R046_T50PQT_20230614T094130,500,,0.0,0.0,0.0,0.0,0.0,0.0,0.0,98.5,0.0,1.5,0.0,1600,0,0.0,20000.00000000163,20000.0,0.3467552661895752,100.0,,0.0,0.0,0.0,0.0,0.0,0.0,0.0,0.11459999999999582,-0.0073,-0.10729999999999995,0.0,0.0,0.0,20000.0
626,T50PQT_20000_16,S2A_MSIL2A_20230614T022541_R046_T50PQT_20230614T094130,1000,,0.0,0.0,0.0,0.0,0.0,0.0,0.0,98.75,0.0,1.25,0.0,400,0,0.0,20000.00000000163,20000.0,0.321169376373291,100.0,,0.0,0.0,0.0,0.0,0.0,0.0,0.0,0.3645999999999958,-0.0073,-0.35729999999999995,0.0,0.0,0.0,20000.0
598,T50PQT_20000_16,S2A_MSIL2A_20230624T022531_R046_T50PQT_20230624T082536,20,,0.0,0.0,0.0,0.0,0.0,0.0,0.0,55.1043,44.8957,0.0,0.0,1000000,0,0.0,20000.00000000163,20000.0,0.48192858695983887,100.0,,0.0,0.0,0.0,0.0,0.0,0.0,0.0,0.0,0.0,0.0,0.0,0.0,0.0,20000.0
604,T50PQT_20000_16,S2A_MSIL2A_20230624T022531_R046_T50PQT_20230624T082536,50,,0.0,0.0,0.0,0.0,0.0,0.0,0.0,55.10875,44.89125,0.0,0.0,160000,0,0.0,20000.00000000163,20000.0,0.37276625633239746,100.0,,0.0,0.0,0.0,0.0,0.0,0.0,0.0,0.004449999999998511,-0.004449999999998511,0.0,0.0,0.0,0.0,20000.0
610,T50PQT_20000_16,S2A_MSIL2A_20230624T022531_R046_T50PQT_20230624T082536,100,,0.0,0.0,0.0,0.0,0.0,0.0,0.0,55.065,44.935,0.0,0.0,40000,0,0.0,20000.00000000163,20000.0,0.33635854721069336,100.0,,0.0,0.0,0.0,0.0,0.0,0.0,0.0,-0.03930000000000433,0.03930000000000433,0.0,0.0,0.0,0.0,20000.0
616,T50PQT_20000_16,S2A_MSIL2A_20230624T022531_R046_T50PQT_20230624T082536,200,,0.0,0.0,0.0,0.0,0.0,0.0,0.0,54.78,45.22,0.0,0.0,10000,0,0.0,20000.00000000163,20000.0,0.3695962429046631,100.0,,0.0,0.0,0.0,0.0,0.0,0.0,0.0,-0.3243000000000009,0.3243000000000009,0.0,0.0,0.0,0.0,20000.0
622,T50PQT_20000_16,S2A_MSIL2A_20230624T022531_R046_T50PQT_20230624T082536,500,,0.0,0.0,0.0,0.0,0.0,0.0,0.0,54.6875,45.3125,0.0,0.0,1600,0,0.0,20000.00000000163,20000.0,0.3467552661895752,100.0,,0.0,0.0,0.0,0.0,0.0,0.0,0.0,-0.41680000000000206,0.41680000000000206,0.0,0.0,0.0,0.0,20000.0
628,T50PQT_20000_16,S2A_MSIL2A_20230624T022531_R046_T50PQT_20230624T082536,1000,,0.0,0.0,0.0,0.0,0.0,0.0,0.0,53.75,46.25,0.0,0.0,400,0,0.0,20000.00000000163,20000.0,0.321169376373291,100.0,,0.0,0.0,0.0,0.0,0.0,0.0,0.0,-1.354300000000002,1.354300000000002,0.0,0.0,0.0,0.0,20000.0
595,T50PQT_20000_16,S2B_MSIL2A_20230609T022539_R046_T50PQT_20230609T075214,20,,0.0,0.0,0.0,0.0,0.0,0.0,0.0,98.1928,1.4247,0.3825,0.0,1000000,0,0.0,20000.00000000163,20000.0,0.48192858695983887,100.0,,0.0,0.0,0.0,0.0,0.0,0.0,0.0,0.0,0.0,0.0,0.0,0.0,0.0,20000.0
601,T50PQT_20000_16,S2B_MSIL2A_20230609T022539_R046_T50PQT_20230609T075214,50,,0.0,0.0,0.0,0.0,0.0,0.0,0.0,98.200625,1.419375,0.38,0.0,160000,0,0.0,20000.00000000163,20000.0,0.37276625633239746,100.0,,0.0,0.0,0.0,0.0,0.0,0.0,0.0,0.007824999999996862,-0.005325000000000024,-0.0025000000000000022,0.0,0.0,0.0,20000.0
607,T50PQT_20000_16,S2B_MSIL2A_20230609T022539_R046_T50PQT_20230609T075214,100,,0.0,0.0,0.0,0.0,0.0,0.0,0.0,98.2075,1.4225,0.37,0.0,40000,0,0.0,20000.00000000163,20000.0,0.33635854721069336,100.0,,0.0,0.0,0.0,0.0,0.0,0.0,0.0,0.01469999999999061,-0.0021999999999999797,-0.012500000000000011,0.0,0.0,0.0,20000.0
613,T50PQT_20000_16,S2B_MSIL2A_20230609T022539_R046_T50PQT_20230609T075214,200,,0.0,0.0,0.0,0.0,0.0,0.0,0.0,98.14,1.47,0.39,0.0,10000,0,0.0,20000.00000000163,20000.0,0.3695962429046631,100.0,,0.0,0.0,0.0,0.0,0.0,0.0,0.0,-0.05280000000000484,0.045299999999999896,0.007500000000000007,0.0,0.0,0.0,20000.0
619,T50PQT_20000_16,S2B_MSIL2A_20230609T022539_R046_T50PQT_20230609T075214,500,,0.0,0.0,0.0,0.0,0.0,0.0,0.0,98.125,1.5,0.375,0.0,1600,0,0.0,20000.00000000163,20000.0,0.3467552661895752,100.0,,0.0,0.0,0.0,0.0,0.0,0.0,0.0,-0.06780000000000541,0.07529999999999992,-0.007500000000000007,0.0,0.0,0.0,20000.0
625,T50PQT_20000_16,S2B_MSIL2A_20230609T022539_R046_T50PQT_20230609T075214,1000,,0.0,0.0,0.0,0.0,0.0,0.0,0.0,98.0,1.75,0.25,0.0,400,0,0.0,20000.00000000163,20000.0,0.321169376373291,100.0,,0.0,0.0,0.0,0.0,0.0,0.0,0.0,-0.1928000000000054,0.3252999999999999,-0.1325,0.0,0.0,0.0,20000.0
597,T50PQT_20000_16,S2B_MSIL2A_20230619T022539_R046_T50PQT_20230619T074224,20,,0.0,0.0,0.0,0.0,0.0,82.0985,0.0,8.9773,8.251,0.6732,0.0,1000000,0,0.0,20000.00000000163,20000.0,0.48192858695983887,17.9015,,0.0,0.0,0.0,0.0,0.0,0.0,0.0,0.0,0.0,0.0,0.0,0.0,0.0,20000.0
603,T50PQT_20000_16,S2B_MSIL2A_20230619T022539_R046_T50PQT_20230619T074224,50,,0.0,0.0,0.0,0.0,0.0,82.119375,0.0,8.984375,8.22125,0.675,0.0,160000,0,0.0,20000.00000000163,20000.0,0.37276625633239746,17.880625,,0.0,0.0,0.0,0.0,0.0,0.02087500000000375,0.0,0.0070750000000003865,-0.029749999999999943,0.0018000000000000238,0.0,-0.0208750000000002,0.02087500000000375,20000.0
609,T50PQT_20000_16,S2B_MSIL2A_20230619T022539_R046_T50PQT_20230619T074224,100,,0.0,0.0,0.0,0.0,0.0,82.1525,0.0,8.9775,8.1875,0.6825,0.0,40000,0,0.0,20000.00000000163,20000.0,0.33635854721069336,17.8475,,0.0,0.0,0.0,0.0,0.0,0.054000000000002046,0.0,0.00019999999999953388,-0.06349999999999945,0.009299999999999975,0.0,-0.053999999999998494,0.054000000000002046,20000.0
615,T50PQT_20000_16,S2B_MSIL2A_20230619T022539_R046_T50PQT_20230619T074224,200,,0.0,0.0,0.0,0.0,0.0,82.31,0.0,8.9,8.04,0.75,0.0,10000,0,0.0,20000.00000000163,20000.0,0.3695962429046631,17.689999999999998,,0.0,0.0,0.0,0.0,0.0,0.2115000000000009,0.0,-0.07729999999999926,-0.2110000000000003,0.07679999999999998,0.0,-0.2115000000000009,0.2115000000000009,20000.0
621,T50PQT_20000_16,S2B_MSIL2A_20230619T022539_R046_T50PQT_20230619T074224,500,,0.0,0.0,0.0,0.0,0.0,82.25,0.0,9.125,7.875,0.75,0.0,1600,0,0.0,20000.00000000163,20000.0,0.3467552661895752,17.75,,0.0,0.0,0.0,0.0,0.0,0.15149999999999864,0.0,0.1477000000000004,-0.37599999999999945,0.07679999999999998,0.0,-0.15149999999999864,0.15149999999999864,20000.0
627,T50PQT_20000_16,S2B_MSIL2A_20230619T022539_R046_T50PQT_20230619T074224,1000,,0.0,0.0,0.0,0.0,0.0,84.0,0.0,7.75,7.25,1.0,0.0,400,0,0.0,20000.00000000163,20000.0,0.321169376373291,16.0,,0.0,0.0,0.0,0.0,0.0,1.9014999999999986,0.0,-1.2272999999999996,-1.0009999999999994,0.3268,0.0,-1.9014999999999986,1.9014999999999986,20000.0
599,T50PQT_20000_16,S2B_MSIL2A_20230629T022539_R046_T50PQT_20230629T115903,20,,0.0,0.0,0.0,0.0,0.0,0.0,0.0,40.6795,50.0268,9.2937,0.0,1000000,0,0.0,20000.00000000163,20000.0,0.48192858695983887,100.0,,0.0,0.0,0.0,0.0,0.0,0.0,0.0,0.0,0.0,0.0,0.0,0.0,0.0,20000.0
605,T50PQT_20000_16,S2B_MSIL2A_20230629T022539_R046_T50PQT_20230629T115903,50,,0.0,0.0,0.0,0.0,0.0,0.0,0.0,40.718125,49.9825,9.299375,0.0,160000,0,0.0,20000.00000000163,20000.0,0.37276625633239746,100.0,,0.0,0.0,0.0,0.0,0.0,0.0,0.0,0.03862500000000324,-0.044299999999999784,0.005675000000000097,0.0,0.0,0.0,20000.0
611,T50PQT_20000_16,S2B_MSIL2A_20230629T022539_R046_T50PQT_20230629T115903,100,,0.0,0.0,0.0,0.0,0.0,0.0,0.0,40.745,49.92,9.335,0.0,40000,0,0.0,20000.00000000163,20000.0,0.33635854721069336,100.0,,0.0,0.0,0.0,0.0,0.0,0.0,0.0,0.06550000000000011,-0.10679999999999978,0.04130000000000145,0.0,0.0,0.0,20000.0
617,T50PQT_20000_16,S2B_MSIL2A_20230629T022539_R046_T50PQT_20230629T115903,200,,0.0,0.0,0.0,0.0,0.0,0.0,0.0,40.79,49.66,9.55,0.0,10000,0,0.0,20000.00000000163,20000.0,0.3695962429046631,99.99999999999999,,0.0,0.0,0.0,0.0,0.0,0.0,0.0,0.11050000000000182,-0.3668000000000049,0.2563000000000013,0.0,-1.4210854715202004e-14,1.4210854715202004e-14,20000.0
623,T50PQT_20000_16,S2B_MSIL2A_20230629T022539_R046_T50PQT_20230629T115903,500,,0.0,0.0,0.0,0.0,0.0,0.0,0.0,40.625,50.0625,9.3125,0.0,1600,0,0.0,20000.00000000163,20000.0,0.3467552661895752,100.0,,0.0,0.0,0.0,0.0,0.0,0.0,0.0,-0.05449999999999733,0.03569999999999851,0.018800000000000594,0.0,0.0,0.0,20000.0
629,T50PQT_20000_16,S2B_MSIL2A_20230629T022539_R046_T50PQT_20230629T115903,1000,,0.0,0.0,0.0,0.0,0.0,0.0,0.0,42.25,48.25,9.5,0.0,400,0,0.0,20000.00000000163,20000.0,0.321169376373291,100.0,,0.0,0.0,0.0,0.0,0.0,0.0,0.0,1.5705000000000027,-1.7768000000000015,0.2063000000000006,0.0,0.0,0.0,20000.0
630,T50PQT_20000_17,S2A_MSIL2A_20230604T022531_R046_T50PQU_20230604T092752,20,,0.0,0.0,0.0,0.0,0.0,0.0,0.0,34.4556,59.2621,6.2823,0.0,1000000,0,0.0,20000.000000001164,20000.0,0.49796390533447266,100.0,,0.0,0.0,0.0,0.0,0.0,0.0,0.0,0.0,0.0,0.0,0.0,0.0,0.0,20000.0
636,T50PQT_20000_17,S2A_MSIL2A_20230604T022531_R046_T50PQU_20230604T092752,50,,0.0,0.0,0.0,0.0,0.0,0.0,0.0,34.520625,59.215,6.264375,0.0,160000,0,0.0,20000.000000001164,20000.0,0.475322961807251,100.0,,0.0,0.0,0.0,0.0,0.0,0.0,0.0,0.06502500000000566,-0.04709999999999326,-0.01792499999999997,0.0,0.0,0.0,20000.0
642,T50PQT_20000_17,S2A_MSIL2A_20230604T022531_R046_T50PQU_20230604T092752,100,,0.0,0.0,0.0,0.0,0.0,0.0,0.0,34.495,59.215,6.29,0.0,40000,0,0.0,20000.000000001164,20000.0,0.36152195930480957,100.00000000000001,,0.0,0.0,0.0,0.0,0.0,0.0,0.0,0.039400000000000546,-0.04709999999999326,0.007699999999999818,0.0,1.4210854715202004e-14,1.4210854715202004e-14,20000.0
648,T50PQT_20000_17,S2A_MSIL2A_20230604T022531_R046_T50PQU_20230604T092752,200,,0.0,0.0,0.0,0.0,0.0,0.0,0.0,34.5,59.3,6.2,0.0,10000,0,0.0,20000.000000001164,20000.0,0.33101868629455566,100.0,,0.0,0.0,0.0,0.0,0.0,0.0,0.0,0.044400000000003104,0.03790000000000049,-0.08230000000000004,0.0,0.0,0.0,20000.0
654,T50PQT_20000_17,S2A_MSIL2A_20230604T022531_R046_T50PQU_20230604T092752,500,,0.0,0.0,0.0,0.0,0.0,0.0,0.0,34.75,59.125,6.125,0.0,1600,0,0.0,20000.000000001164,20000.0,0.4070248603820801,100.0,,0.0,0.0,0.0,0.0,0.0,0.0,0.0,0.2944000000000031,-0.13709999999999667,-0.15730000000000022,0.0,0.0,0.0,20000.0
660,T50PQT_20000_17,S2A_MSIL2A_20230604T022531_R046_T50PQU_20230604T092752,1000,,0.0,0.0,0.0,0.0,0.0,0.0,0.0,33.0,59.75,7.25,0.0,400,0,0.0,20000.000000001164,20000.0,0.36142444610595703,100.0,,0.0,0.0,0.0,0.0,0.0,0.0,0.0,-1.455599999999997,0.48790000000000333,0.9676999999999998,0.0,0.0,0.0,20000.0
632,T50PQT_20000_17,S2A_MSIL2A_20230614T022541_R046_T50PQU_20230614T094136,20,,0.0,0.0,0.0,0.0,0.0,0.0,0.0,78.2658,0.032,21.7022,0.0,1000000,0,0.0,20000.000000001164,20000.0,0.49796390533447266,100.0,,0.0,0.0,0.0,0.0,0.0,0.0,0.0,0.0,0.0,0.0,0.0,0.0,0.0,20000.0
638,T50PQT_20000_17,S2A_MSIL2A_20230614T022541_R046_T50PQU_20230614T094136,50,,0.0,0.0,0.0,0.0,0.0,0.0,0.0,78.255625,0.03,21.714375,0.0,160000,0,0.0,20000.000000001164,20000.0,0.475322961807251,100.0,,0.0,0.0,0.0,0.0,0.0,0.0,0.0,-0.01017500000000382,-0.0020000000000000018,0.012174999999999159,0.0,0.0,0.0,20000.0
644,T50PQT_20000_17,S2A_MSIL2A_20230614T022541_R046_T50PQU_20230614T094136,100,,0.0,0.0,0.0,0.0,0.0,0.0,0.0,78.2575,0.0375,21.705,0.0,40000,0,0.0,20000.000000001164,20000.0,0.36152195930480957,99.99999999999999,,0.0,0.0,0.0,0.0,0.0,0.0,0.0,-0.008300000000005525,0.005499999999999998,0.002799999999997027,0.0,-1.4210854715202004e-14,1.4210854715202004e-14,20000.0
650,T50PQT_20000_17,S2A_MSIL2A_20230614T022541_R046_T50PQU_20230614T094136,200,,0.0,0.0,0.0,0.0,0.0,0.0,0.0,78.29,0.02,21.69,0.0,10000,0,0.0,20000.000000001164,20000.0,0.33101868629455566,100.0,,0.0,0.0,0.0,0.0,0.0,0.0,0.0,0.02420000000000755,-0.012,-0.012199999999999989,0.0,0.0,0.0,20000.0
656,T50PQT_20000_17,S2A_MSIL2A_20230614T022541_R046_T50PQU_20230614T094136,500,,0.0,0.0,0.0,0.0,0.0,0.0,0.0,78.5,0.0,21.5,0.0,1600,0,0.0,20000.000000001164,20000.0,0.4070248603820801,100.0,,0.0,0.0,0.0,0.0,0.0,0.0,0.0,0.2342000000000013,-0.032,-0.20220000000000127,0.0,0.0,0.0,20000.0
662,T50PQT_20000_17,S2A_MSIL2A_20230614T022541_R046_T50PQU_20230614T094136,1000,,0.0,0.0,0.0,0.0,0.0,0.0,0.0,77.25,0.0,22.75,0.0,400,0,0.0,20000.000000001164,20000.0,0.36142444610595703,100.0,,0.0,0.0,0.0,0.0,0.0,0.0,0.0,-1.0157999999999987,-0.032,1.0477999999999987,0.0,0.0,0.0,20000.0
634,T50PQT_20000_17,S2A_MSIL2A_20230624T022531_R046_T50PQU_20230624T082514,20,,0.0,0.0,0.0,0.0,0.0,54.6907,0.0,18.0373,0.0369,27.2351,0.0,1000000,0,0.0,20000.000000001164,20000.0,0.49796390533447266,45.30929999999999,,0.0,0.0,0.0,0.0,0.0,0.0,0.0,0.0,0.0,0.0,0.0,0.0,0.0,20000.0
640,T50PQT_20000_17,S2A_MSIL2A_20230624T022531_R046_T50PQU_20230624T082514,50,,0.0,0.0,0.0,0.0,0.0,54.67125,0.0,18.066875,0.036875,27.225,0.0,160000,0,0.0,20000.000000001164,20000.0,0.475322961807251,45.32875,,0.0,0.0,0.0,0.0,0.0,-0.01944999999999908,0.0,0.02957500000000124,-2.5000000000004186e-05,-0.010099999999997777,0.0,0.019450000000006185,0.019450000000006185,20000.0
646,T50PQT_20000_17,S2A_MSIL2A_20230624T022531_R046_T50PQU_20230624T082514,100,,0.0,0.0,0.0,0.0,0.0,54.685,0.0,18.035,0.0375,27.2425,0.0,40000,0,0.0,20000.000000001164,20000.0,0.36152195930480957,45.315,,0.0,0.0,0.0,0.0,0.0,-0.005699999999997374,0.0,-0.0022999999999981924,0.0005999999999999964,0.007400000000000517,0.0,0.005700000000004479,0.005700000000004479,20000.0
652,T50PQT_20000_17,S2A_MSIL2A_20230624T022531_R046_T50PQU_20230624T082514,200,,0.0,0.0,0.0,0.0,0.0,53.95,0.0,18.67,0.06,27.32,0.0,10000,0,0.0,20000.000000001164,20000.0,0.33101868629455566,46.05,,0.0,0.0,0.0,0.0,0.0,-0.7406999999999968,0.0,0.6327000000000034,0.023099999999999996,0.08490000000000109,0.0,0.7407000000000039,0.7407000000000039,20000.0
658,T50PQT_20000_17,S2A_MSIL2A_20230624T022531_R046_T50PQU_20230624T082514,500,,0.0,0.0,0.0,0.0,0.0,53.5,0.0,19.0,0.125,27.375,0.0,1600,0,0.0,20000.000000001164,20000.0,0.4070248603820801,46.5,,0.0,0.0,0.0,0.0,0.0,-1.1906999999999996,0.0,0.9627000000000017,0.0881,0.1399000000000008,0.0,1.1907000000000068,1.1907000000000068,20000.0
664,T50PQT_20000_17,S2A_MSIL2A_20230624T022531_R046_T50PQU_20230624T082514,1000,,0.0,0.0,0.0,0.0,0.0,50.75,0.0,22.0,0.0,27.25,0.0,400,0,0.0,20000.000000001164,20000.0,0.36142444610595703,49.25,,0.0,0.0,0.0,0.0,0.0,-3.9406999999999996,0.0,3.9627000000000017,-0.0369,0.014900000000000801,0.0,3.9407000000000068,3.9407000000000068,20000.0
631,T50PQT_20000_17,S2B_MSIL2A_20230609T022539_R046_T50PQU_20230609T073530,20,,0.0,0.0,0.0,0.0,0.0,0.0,0.0,99.7914,0.2086,0.0,0.0,1000000,0,0.0,20000.000000001164,20000.0,0.49796390533447266,100.0,,0.0,0.0,0.0,0.0,0.0,0.0,0.0,0.0,0.0,0.0,0.0,0.0,0.0,20000.0
637,T50PQT_20000_17,S2B_MSIL2A_20230609T022539_R046_T50PQU_20230609T073530,50,,0.0,0.0,0.0,0.0,0.0,0.0,0.0,99.78625,0.21375,0.0,0.0,160000,0,0.0,20000.000000001164,20000.0,0.475322961807251,100.0,,0.0,0.0,0.0,0.0,0.0,0.0,0.0,-0.005150000000000432,0.005149999999999988,0.0,0.0,0.0,0.0,20000.0
643,T50PQT_20000_17,S2B_MSIL2A_20230609T022539_R046_T50PQU_20230609T073530,100,,0.0,0.0,0.0,0.0,0.0,0.0,0.0,99.7775,0.2225,0.0,0.0,40000,0,0.0,20000.000000001164,20000.0,0.36152195930480957,100.0,,0.0,0.0,0.0,0.0,0.0,0.0,0.0,-0.013899999999992474,0.013899999999999996,0.0,0.0,0.0,0.0,20000.0
649,T50PQT_20000_17,S2B_MSIL2A_20230609T022539_R046_T50PQU_20230609T073530,200,,0.0,0.0,0.0,0.0,0.0,0.0,0.0,99.79,0.21,0.0,0.0,10000,0,0.0,20000.000000001164,20000.0,0.33101868629455566,100.0,,0.0,0.0,0.0,0.0,0.0,0.0,0.0,-0.0013999999999896318,0.0013999999999999846,0.0,0.0,0.0,0.0,20000.0
655,T50PQT_20000_17,S2B_MSIL2A_20230609T022539_R046_T50PQU_20230609T073530,500,,0.0,0.0,0.0,0.0,0.0,0.0,0.0,99.875,0.125,0.0,0.0,1600,0,0.0,20000.000000001164,20000.0,0.4070248603820801,100.0,,0.0,0.0,0.0,0.0,0.0,0.0,0.0,0.08360000000000412,-0.08360000000000001,0.0,0.0,0.0,0.0,20000.0
661,T50PQT_20000_17,S2B_MSIL2A_20230609T022539_R046_T50PQU_20230609T073530,1000,,0.0,0.0,0.0,0.0,0.0,0.0,0.0,100.0,0.0,0.0,0.0,400,0,0.0,20000.000000001164,20000.0,0.36142444610595703,100.0,,0.0,0.0,0.0,0.0,0.0,0.0,0.0,0.20860000000000412,-0.2086,0.0,0.0,0.0,0.0,20000.0
633,T50PQT_20000_17,S2B_MSIL2A_20230619T022539_R046_T50PQU_20230619T131736,20,,0.0,0.0,0.0,0.0,0.0,84.87228487228487,0.0,4.71060471060471,10.417110417110417,0.0,0.0,1000000,1,0.0001,20000.000000001164,20000.0,0.49796390533447266,15.127715127715128,,0.0,0.0,0.0,0.0,0.0,0.0,0.0,0.0,0.0,0.0,0.0,0.0,0.0,20000.0
639,T50PQT_20000_17,S2B_MSIL2A_20230619T022539_R046_T50PQU_20230619T131736,50,,0.0,0.0,0.0,0.0,0.0,84.859375,0.0,4.740625,10.4,0.0,0.0,160000,0,0.0,20000.000000001164,20000.0,0.475322961807251,15.140625,,0.0,0.0,0.0,0.0,0.0,-0.012909872284865287,0.0,0.030020289395289446,-0.017110417110416165,0.0,0.0,0.012909872284872392,0.012909872284872392,20000.0
645,T50PQT_20000_17,S2B_MSIL2A_20230619T022539_R046_T50PQU_20230619T131736,100,,0.0,0.0,0.0,0.0,0.0,84.8575,0.0,4.69,10.4525,0.0,0.0,40000,0,0.0,20000.000000001164,20000.0,0.36152195930480957,15.142500000000002,,0.0,0.0,0.0,0.0,0.0,-0.014784872284863582,0.0,-0.02060471060470981,0.03538958288958405,0.0,0.0,0.01478487228487424,0.01478487228487424,20000.0
651,T50PQT_20000_17,S2B_MSIL2A_20230619T022539_R046_T50PQU_20230619T131736,200,,0.0,0.0,0.0,0.0,0.0,84.78,0.0,4.55,10.67,0.0,0.0,10000,0,0.0,20000.000000001164,20000.0,0.33101868629455566,15.219999999999999,,0.0,0.0,0.0,0.0,0.0,-0.09228487228486415,0.0,-0.16060471060471038,0.2528895828895834,0.0,0.0,0.09228487228487126,0.09228487228487126,20000.0
657,T50PQT_20000_17,S2B_MSIL2A_20230619T022539_R046_T50PQU_20230619T131736,500,,0.0,0.0,0.0,0.0,0.0,85.0625,0.0,4.25,10.6875,0.0,0.0,1600,0,0.0,20000.000000001164,20000.0,0.4070248603820801,14.9375,,0.0,0.0,0.0,0.0,0.0,0.1902151277151347,0.0,-0.4606047106047102,0.2703895828895835,0.0,0.0,-0.1902151277151276,0.1902151277151347,20000.0
663,T50PQT_20000_17,S2B_MSIL2A_20230619T022539_R046_T50PQU_20230619T131736,1000,,0.0,0.0,0.0,0.0,0.0,84.25,0.0,3.75,12.0,0.0,0.0,400,0,0.0,20000.000000001164,20000.0,0.36142444610595703,15.75,,0.0,0.0,0.0,0.0,0.0,-0.6222848722848653,0.0,-0.9606047106047102,1.5828895828895835,0.0,0.0,0.6222848722848724,0.6222848722848724,20000.0
635,T50PQT_20000_17,S2B_MSIL2A_20230629T022539_R046_T50PQU_20230629T120235,20,,0.0,0.0,0.0,0.0,0.0,0.0,0.0,28.4921,71.5063,0.0016,0.0,1000000,0,0.0,20000.000000001164,20000.0,0.49796390533447266,100.0,,0.0,0.0,0.0,0.0,0.0,0.0,0.0,0.0,0.0,0.0,0.0,0.0,0.0,20000.0
641,T50PQT_20000_17,S2B_MSIL2A_20230629T022539_R046_T50PQU_20230629T120235,50,,0.0,0.0,0.0,0.0,0.0,0.0,0.0,28.499375,71.499375,0.00125,0.0,160000,0,0.0,20000.000000001164,20000.0,0.475322961807251,100.0,,0.0,0.0,0.0,0.0,0.0,0.0,0.0,0.00727499999999992,-0.006924999999995407,-0.00035000000000000005,0.0,0.0,0.0,20000.0
647,T50PQT_20000_17,S2B_MSIL2A_20230629T022539_R046_T50PQU_20230629T120235,100,,0.0,0.0,0.0,0.0,0.0,0.0,0.0,28.55,71.4475,0.0025,0.0,40000,0,0.0,20000.000000001164,20000.0,0.36152195930480957,100.0,,0.0,0.0,0.0,0.0,0.0,0.0,0.0,0.05790000000000006,-0.05879999999999086,0.0009,0.0,0.0,0.0,20000.0
653,T50PQT_20000_17,S2B_MSIL2A_20230629T022539_R046_T50PQU_20230629T120235,200,,0.0,0.0,0.0,0.0,0.0,0.0,0.0,28.6,71.4,0.0,0.0,10000,0,0.0,20000.000000001164,20000.0,0.33101868629455566,100.0,,0.0,0.0,0.0,0.0,0.0,0.0,0.0,0.10790000000000077,-0.10629999999999029,-0.0016,0.0,0.0,0.0,20000.0
659,T50PQT_20000_17,S2B_MSIL2A_20230629T022539_R046_T50PQU_20230629T120235,500,,0.0,0.0,0.0,0.0,0.0,0.0,0.0,27.9375,72.0625,0.0,0.0,1600,0,0.0,20000.000000001164,20000.0,0.4070248603820801,100.0,,0.0,0.0,0.0,0.0,0.0,0.0,0.0,-0.5546000000000006,0.556200000000004,-0.0016,0.0,0.0,0.0,20000.0
665,T50PQT_20000_17,S2B_MSIL2A_20230629T022539_R046_T50PQU_20230629T120235,1000,,0.0,0.0,0.0,0.0,0.0,0.0,0.0,28.0,72.0,0.0,0.0,400,0,0.0,20000.000000001164,20000.0,0.36142444610595703,100.0,,0.0,0.0,0.0,0.0,0.0,0.0,0.0,-0.49210000000000065,0.493700000000004,-0.0016,0.0,0.0,0.0,20000.0
666,T50PQT_20000_18,S2A_MSIL2A_20230601T021611_R003_T50PQT_20230601T103139,20,,0.0,0.0,0.0,0.0,0.0,0.0,0.0,99.9996,0.0004,0.0,0.0,1000000,0,0.0,20000.00000000233,20000.000000000233,0.7257237434387207,100.0,,0.0,0.0,0.0,0.0,0.0,0.0,0.0,0.0,0.0,0.0,0.0,0.0,0.0,20000.0
673,T50PQT_20000_18,S2A_MSIL2A_20230601T021611_R003_T50PQT_20230601T103139,50,,0.0,0.0,0.0,0.0,0.0,0.0,0.0,100.0,0.0,0.0,0.0,160000,0,0.0,20000.00000000233,20000.000000000233,0.5429935455322266,100.0,,0.0,0.0,0.0,0.0,0.0,0.0,0.0,0.00039999999999906777,-0.0004,0.0,0.0,0.0,0.0,20000.0
680,T50PQT_20000_18,S2A_MSIL2A_20230601T021611_R003_T50PQT_20230601T103139,100,,0.0,0.0,0.0,0.0,0.0,0.0,0.0,100.0,0.0,0.0,0.0,40000,0,0.0,20000.00000000233,20000.000000000233,0.5093441009521484,100.0,,0.0,0.0,0.0,0.0,0.0,0.0,0.0,0.00039999999999906777,-0.0004,0.0,0.0,0.0,0.0,20000.0
687,T50PQT_20000_18,S2A_MSIL2A_20230601T021611_R003_T50PQT_20230601T103139,200,,0.0,0.0,0.0,0.0,0.0,0.0,0.0,100.0,0.0,0.0,0.0,10000,0,0.0,20000.00000000233,20000.000000000233,0.5256812572479248,100.0,,0.0,0.0,0.0,0.0,0.0,0.0,0.0,0.00039999999999906777,-0.0004,0.0,0.0,0.0,0.0,20000.0
694,T50PQT_20000_18,S2A_MSIL2A_20230601T021611_R003_T50PQT_20230601T103139,500,,0.0,0.0,0.0,0.0,0.0,0.0,0.0,100.0,0.0,0.0,0.0,1600,0,0.0,20000.00000000233,20000.000000000233,0.5109372138977051,100.0,,0.0,0.0,0.0,0.0,0.0,0.0,0.0,0.00039999999999906777,-0.0004,0.0,0.0,0.0,0.0,20000.0
701,T50PQT_20000_18,S2A_MSIL2A_20230601T021611_R003_T50PQT_20230601T103139,1000,,0.0,0.0,0.0,0.0,0.0,0.0,0.0,100.0,0.0,0.0,0.0,400,0,0.0,20000.00000000233,20000.000000000233,0.5229096412658691,100.0,,0.0,0.0,0.0,0.0,0.0,0.0,0.0,0.00039999999999906777,-0.0004,0.0,0.0,0.0,0.0,20000.0
668,T50PQT_20000_18,S2A_MSIL2A_20230611T021541_R003_T50PQT_20230611T092421,20,,0.0,0.0,0.0815,0.292,0.0061,0.045,0.0217,31.8512,4.9841,62.7184,0.0,1000000,0,0.0,20000.00000000233,20000.000000000233,0.7257237434387207,99.55369999999999,,0.0,0.0,0.0,0.0,0.0,0.0,0.0,0.0,0.0,0.0,0.0,0.0,0.0,20000.0
675,T50PQT_20000_18,S2A_MSIL2A_20230611T021541_R003_T50PQT_20230611T092421,50,,0.0,0.0,0.08375,0.294375,0.005625,0.0425,0.019375,31.830625,4.998125,62.725625,0.0,160000,0,0.0,20000.00000000233,20000.000000000233,0.5429935455322266,99.554375,,0.0,0.0,0.002250000000000002,0.002375000000000016,-0.0004750000000000006,-0.0024999999999999953,-0.0023250000000000007,-0.020574999999997345,0.014025000000000176,0.007224999999998261,0.0,0.0006750000000010914,0.0024999999999999953,20000.0
682,T50PQT_20000_18,S2A_MSIL2A_20230611T021541_R003_T50PQT_20230611T092421,100,,0.0,0.0,0.085,0.28,0.01,0.05,0.02,31.875,4.96,62.72,0.0,40000,0,0.0,20000.00000000233,20000.000000000233,0.5093441009521484,99.555,,0.0,0.0,0.003500000000000003,-0.011999999999999955,0.0039,0.0050000000000000044,-0.0017000000000000001,0.023800000000001376,-0.024099999999999788,0.001599999999996271,0.0,0.0013000000000147338,0.011999999999999955,20000.0
689,T50PQT_20000_18,S2A_MSIL2A_20230611T021541_R003_T50PQT_20230611T092421,200,,0.0,0.0,0.09,0.3,0.02,0.05,0.02,31.6,5.03,62.89,0.0,10000,0,0.0,20000.00000000233,20000.000000000233,0.5256812572479248,99.52000000000001,,0.0,0.0,0.008499999999999994,0.008000000000000007,0.0139,0.0050000000000000044,-0.0017000000000000001,-0.2511999999999972,0.045900000000000496,0.17159999999999798,0.0,-0.033699999999981856,0.033699999999981856,20000.0
696,T50PQT_20000_18,S2A_MSIL2A_20230611T021541_R003_T50PQT_20230611T092421,500,,0.0,0.0,0.0625,0.3125,0.0,0.125,0.0,31.0625,5.3125,63.125,0.0,1600,0,0.0,20000.00000000233,20000.000000000233,0.5109372138977051,99.5,,0.0,0.0,-0.019000000000000003,0.020500000000000018,-0.0061,0.08,-0.0217,-0.7886999999999986,0.32840000000000025,0.4065999999999974,0.0,-0.05369999999999209,0.08,20000.0
703,T50PQT_20000_18,S2A_MSIL2A_20230611T021541_R003_T50PQT_20230611T092421,1000,,0.0,0.0,0.25,0.0,0.0,0.25,0.25,32.5,6.0,60.75,0.0,400,0,0.0,20000.00000000233,20000.000000000233,0.5229096412658691,99.25,,0.0,0.0,0.16849999999999998,-0.292,-0.0061,0.20500000000000002,0.2283,0.6488000000000014,1.0159000000000002,-1.9684000000000026,0.0,-0.3036999999999921,0.3036999999999921,20000.0
670,T50PQT_20000_18,S2A_MSIL2A_20230621T021541_R003_T50PQT_20230621T085836,20,,0.0,0.0,0.0,0.0,0.0,0.5548,0.0,89.7965,3.913,5.7357,0.0,1000000,0,0.0,20000.00000000233,20000.000000000233,0.7257237434387207,99.44519999999999,,0.0,0.0,0.0,0.0,0.0,0.0,0.0,0.0,0.0,0.0,0.0,0.0,0.0,20000.0
677,T50PQT_20000_18,S2A_MSIL2A_20230621T021541_R003_T50PQT_20230621T085836,50,,0.0,0.0,0.0,0.0,0.0,0.535,0.0,89.871875,3.8925,5.700625,0.0,160000,0,0.0,20000.00000000233,20000.000000000233,0.5429935455322266,99.465,,0.0,0.0,0.0,0.0,0.0,-0.01979999999999993,0.0,0.07537500000000819,-0.02049999999999974,-0.03507499999999997,0.0,0.019800000000017803,0.019800000000017803,20000.0
684,T50PQT_20000_18,S2A_MSIL2A_20230621T021541_R003_T50PQT_20230621T085836,100,,0.0,0.0,0.0,0.0,0.0,0.54,0.0,89.8725,3.8775,5.71,0.0,40000,0,0.0,20000.00000000233,20000.000000000233,0.5093441009521484,99.46,,0.0,0.0,0.0,0.0,0.0,-0.014799999999999924,0.0,0.07600000000000762,-0.035499999999999865,-0.025699999999999612,0.0,0.01480000000000814,0.01480000000000814,20000.0
691,T50PQT_20000_18,S2A_MSIL2A_20230621T021541_R003_T50PQT_20230621T085836,200,,0.0,0.0,0.0,0.0,0.0,0.42,0.0,90.2,3.75,5.63,0.0,10000,0,0.0,20000.00000000233,20000.000000000233,0.5256812572479248,99.58,,0.0,0.0,0.0,0.0,0.0,-0.13479999999999998,0.0,0.4035000000000082,-0.1629999999999998,-0.10569999999999968,0.0,0.1348000000000127,0.1348000000000127,20000.0
698,T50PQT_20000_18,S2A_MSIL2A_20230621T021541_R003_T50PQT_20230621T085836,500,,0.0,0.0,0.0,0.0,0.0,0.3125,0.0,90.875,3.375,5.4375,0.0,1600,0,0.0,20000.00000000233,20000.000000000233,0.5109372138977051,99.6875,,0.0,0.0,0.0,0.0,0.0,-0.24229999999999996,0.0,1.0785000000000053,-0.5379999999999998,-0.2981999999999996,0.0,0.2423000000000144,0.2423000000000144,20000.0
705,T50PQT_20000_18,S2A_MSIL2A_20230621T021541_R003_T50PQT_20230621T085836,1000,,0.0,0.0,0.0,0.0,0.0,0.0,0.0,92.5,2.25,5.25,0.0,400,0,0.0,20000.00000000233,20000.000000000233,0.5229096412658691,100.0,,0.0,0.0,0.0,0.0,0.0,-0.5548,0.0,2.7035000000000053,-1.6629999999999998,-0.4856999999999996,0.0,0.5548000000000144,0.5548000000000144,20000.0
672,T50PQT_20000_18,S2A_MSIL2A_20230701T021541_R003_T50PQT_20230701T082624,20,,0.0,0.0258,4.3873,32.857,0.9758,40.5047,0.3039,5.9442,8.1865,6.8148,0.0,1000000,0,0.0,20000.00000000233,20000.000000000233,0.7257237434387207,20.945500000000003,,0.0,0.0,0.0,0.0,0.0,0.0,0.0,0.0,0.0,0.0,0.0,0.0,0.0,20000.0
679,T50PQT_20000_18,S2A_MSIL2A_20230701T021541_R003_T50PQT_20230701T082624,50,,0.0,0.02625,4.389375,32.831875,0.950625,40.52625,0.306875,5.945625,8.209375,6.81375,0.0,160000,0,0.0,20000.00000000233,20000.000000000233,0.5429935455322266,20.96875,,0.0,0.000449999999999999,0.002075000000000493,-0.02512500000000273,-0.025174999999999947,0.021549999999997738,0.0029750000000000054,0.0014249999999993435,0.02287499999999909,-0.0010500000000002174,0.0,0.02324999999999733,0.025174999999999947,20000.0
686,T50PQT_20000_18,S2A_MSIL2A_20230701T021541_R003_T50PQT_20230701T082624,100,,0.0,0.0225,4.2925,32.8625,0.9875,40.5125,0.2825,6.0525,8.1375,6.85,0.0,40000,0,0.0,20000.00000000233,20000.000000000233,0.5093441009521484,21.04,,0.0,-0.003300000000000001,-0.09479999999999933,0.00549999999999784,0.011700000000000044,0.007800000000003138,-0.02140000000000003,0.10829999999999984,-0.049000000000001265,0.035199999999999676,0.0,0.09449999999999648,0.09479999999999933,20000.0
693,T50PQT_20000_18,S2A_MSIL2A_20230701T021541_R003_T50PQT_20230701T082624,200,,0.0,0.01,4.36,32.94,0.9,40.42,0.29,6.01,8.05,7.02,0.0,10000,0,0.0,20000.00000000233,20000.000000000233,0.5256812572479248,21.08,,0.0,-0.0158,-0.027299999999999436,0.08299999999999841,-0.07579999999999998,-0.084699999999998,-0.013900000000000023,0.06579999999999941,-0.13649999999999984,0.2051999999999996,0.0,0.13449999999999562,0.13449999999999562,20000.0
700,T50PQT_20000_18,S2A_MSIL2A_20230701T021541_R003_T50PQT_20230701T082624,500,,0.0,0.125,4.625,32.625,0.8125,40.1875,0.5625,5.75,8.1875,7.125,0.0,1600,0,0.0,20000.00000000233,20000.000000000233,0.5109372138977051,21.0625,,0.0,0.0992,0.23770000000000024,-0.23199999999999932,-0.1633,-0.3171999999999997,0.2586,-0.19420000000000037,0.0009999999999994458,0.31020000000000003,0.0,0.11699999999999733,0.3171999999999997,20000.0
707,T50PQT_20000_18,S2A_MSIL2A_20230701T021541_R003_T50PQT_20230701T082624,1000,,0.0,0.0,4.5,33.25,0.5,39.5,0.75,6.0,7.75,7.75,0.0,400,0,0.0,20000.00000000233,20000.000000000233,0.5229096412658691,21.5,,0.0,-0.0258,0.11270000000000024,0.3930000000000007,-0.4758,-1.0046999999999997,0.4461,0.05579999999999963,-0.43650000000000055,0.9352,0.0,0.5544999999999973,1.0046999999999997,20000.0
667,T50PQT_20000_18,S2B_MSIL2A_20230606T021539_R003_T50PQT_20230606T073506,20,,0.0,0.0001,1.6144,15.8089,0.3099,32.3562,0.1901,7.2939,5.3455,37.081,0.0,1000000,0,0.0,20000.00000000233,20000.000000000233,0.7257237434387207,49.720400000000005,,0.0,0.0,0.0,0.0,0.0,0.0,0.0,0.0,0.0,0.0,0.0,0.0,0.0,20000.0
674,T50PQT_20000_18,S2B_MSIL2A_20230606T021539_R003_T50PQT_20230606T073506,50,,0.0,0.0,1.60125,15.8075,0.308125,32.435,0.186875,7.283125,5.36,37.018125,0.0,160000,0,0.0,20000.00000000233,20000.000000000233,0.5429935455322266,49.661249999999995,,0.0,-0.0001,-0.013149999999999995,-0.00140000000000029,-0.0017750000000000266,0.07880000000000109,-0.003224999999999978,-0.010774999999999757,0.014499999999999957,-0.06287500000000534,0.0,-0.059150000000009584,0.07880000000000109,20000.0
681,T50PQT_20000_18,S2B_MSIL2A_20230606T021539_R003_T50PQT_20230606T073506,100,,0.0,0.0025,1.605,15.7925,0.325,32.4375,0.2175,7.24,5.3575,37.0225,0.0,40000,0,0.0,20000.00000000233,20000.000000000233,0.5093441009521484,49.620000000000005,,0.0,0.0024000000000000002,-0.009400000000000075,-0.016399999999999082,0.015100000000000002,0.08129999999999882,0.027400000000000008,-0.053899999999999615,0.011999999999999567,-0.05850000000000222,0.0,-0.10040000000000049,0.10040000000000049,20000.0
688,T50PQT_20000_18,S2B_MSIL2A_20230606T021539_R003_T50PQT_20230606T073506,200,,0.0,0.0,1.57,15.81,0.24,32.44,0.17,7.24,5.39,37.14,0.0,10000,0,0.0,20000.00000000233,20000.000000000233,0.5256812572479248,49.769999999999996,,0.0,-0.0001,-0.044399999999999995,0.001100000000000989,-0.06990000000000002,0.08379999999999654,-0.02009999999999998,-0.053899999999999615,0.04449999999999932,0.0589999999999975,0.0,0.049599999999990985,0.08379999999999654,20000.0
695,T50PQT_20000_18,S2B_MSIL2A_20230606T021539_R003_T50PQT_20230606T073506,500,,0.0,0.0,2.125,15.5,0.3125,32.6875,0.3125,6.3125,5.5625,37.1875,0.0,1600,0,0.0,20000.00000000233,20000.000000000233,0.5109372138977051,49.0625,,0.0,-0.0001,0.5105999999999999,-0.3088999999999995,0.002599999999999991,0.3312999999999988,0.12240000000000001,-0.9813999999999998,0.21699999999999964,0.10649999999999693,0.0,-0.657900000000005,0.657900000000005,20000.0
702,T50PQT_20000_18,S2B_MSIL2A_20230606T021539_R003_T50PQT_20230606T073506,1000,,0.0,0.0,0.5,16.5,0.25,33.0,0.0,8.75,4.25,36.75,0.0,400,0,0.0,20000.00000000233,20000.000000000233,0.5229096412658691,49.75,,0.0,-0.0001,-1.1144,0.6911000000000005,-0.05990000000000001,0.6437999999999988,-0.1901,1.4561000000000002,-1.0955000000000004,-0.33100000000000307,0.0,0.029599999999994964,1.1144,20000.0
669,T50PQT_20000_18,S2B_MSIL2A_20230616T021539_R003_T50PQT_20230616T083239,20,,0.0,0.0,0.0002,0.0,0.0004,0.0,0.0,7.7753,17.3207,74.9034,0.0,1000000,0,0.0,20000.00000000233,20000.000000000233,0.7257237434387207,99.99940000000001,,0.0,0.0,0.0,0.0,0.0,0.0,0.0,0.0,0.0,0.0,0.0,0.0,0.0,20000.0
676,T50PQT_20000_18,S2B_MSIL2A_20230616T021539_R003_T50PQT_20230616T083239,50,,0.0,0.0,0.0,0.0,0.0,0.0,0.0,7.758125,17.323125,74.91875,0.0,160000,0,0.0,20000.00000000233,20000.000000000233,0.5429935455322266,100.0,,0.0,0.0,-0.0002,0.0,-0.0004,0.0,0.0,-0.01717499999999994,0.002425000000002342,0.015349999999997976,0.0,0.0005999999999914962,0.0005999999999914962,20000.0
683,T50PQT_20000_18,S2B_MSIL2A_20230616T021539_R003_T50PQT_20230616T083239,100,,0.0,0.0,0.0,0.0,0.0,0.0,0.0,7.7325,17.2975,74.97,0.0,40000,0,0.0,20000.00000000233,20000.000000000233,0.5093441009521484,100.0,,0.0,0.0,-0.0002,0.0,-0.0004,0.0,0.0,-0.04279999999999973,-0.02319999999999922,0.066599999999994,0.0,0.0005999999999914962,0.0005999999999914962,20000.0
690,T50PQT_20000_18,S2B_MSIL2A_20230616T021539_R003_T50PQT_20230616T083239,200,,0.0,0.0,0.0,0.0,0.0,0.0,0.0,7.67,17.28,75.05,0.0,10000,0,0.0,20000.00000000233,20000.000000000233,0.5256812572479248,100.0,,0.0,0.0,-0.0002,0.0,-0.0004,0.0,0.0,-0.10529999999999973,-0.040699999999997516,0.1465999999999923,0.0,0.0005999999999914962,0.0005999999999914962,20000.0
697,T50PQT_20000_18,S2B_MSIL2A_20230616T021539_R003_T50PQT_20230616T083239,500,,0.0,0.0,0.0,0.0,0.0,0.0,0.0,7.6875,16.75,75.5625,0.0,1600,0,0.0,20000.00000000233,20000.000000000233,0.5109372138977051,100.0,,0.0,0.0,-0.0002,0.0,-0.0004,0.0,0.0,-0.08779999999999966,-0.5706999999999987,0.6590999999999951,0.0,0.0005999999999914962,0.0005999999999914962,20000.0
704,T50PQT_20000_18,S2B_MSIL2A_20230616T021539_R003_T50PQT_20230616T083239,1000,,0.0,0.0,0.0,0.0,0.0,0.0,0.0,6.75,17.25,76.0,0.0,400,0,0.0,20000.00000000233,20000.000000000233,0.5229096412658691,100.0,,0.0,0.0,-0.0002,0.0,-0.0004,0.0,0.0,-1.0252999999999997,-0.07069999999999865,1.0965999999999951,0.0,0.0005999999999914962,0.0005999999999914962,20000.0
671,T50PQT_20000_18,S2B_MSIL2A_20230626T021539_R003_T50PQT_20230626T074054,20,,0.0,0.0,1.2974,0.0148,0.0019,0.7299,0.0091,51.0939,30.2286,16.6244,0.0,1000000,0,0.0,20000.00000000233,20000.000000000233,0.7257237434387207,97.9469,,0.0,0.0,0.0,0.0,0.0,0.0,0.0,0.0,0.0,0.0,0.0,0.0,0.0,20000.0
678,T50PQT_20000_18,S2B_MSIL2A_20230626T021539_R003_T50PQT_20230626T074054,50,,0.0,0.0,1.295625,0.015,0.00125,0.72625,0.00875,51.093125,30.224375,16.635625,0.0,160000,0,0.0,20000.00000000233,20000.000000000233,0.5429935455322266,97.953125,,0.0,0.0,-0.001775000000000082,0.0001999999999999988,-0.00065,-0.003650000000000042,-0.0003499999999999996,-0.0007749999999973056,-0.0042250000000017,0.011224999999999596,0.0,0.006225000000000591,0.006225000000000591,20000.0
685,T50PQT_20000_18,S2B_MSIL2A_20230626T021539_R003_T50PQT_20230626T074054,100,,0.0,0.0,1.3125,0.015,0.0025,0.7275,0.0075,51.165,30.185,16.585,0.0,40000,0,0.0,20000.00000000233,20000.000000000233,0.5093441009521484,97.935,,0.0,0.0,0.015099999999999891,0.0001999999999999988,0.0006000000000000001,-0.0023999999999999577,-0.0016000000000000007,0.07110000000000127,-0.043600000000001415,-0.039400000000000546,0.0,-0.011899999999997135,0.015099999999999891,20000.0
692,T50PQT_20000_18,S2B_MSIL2A_20230626T021539_R003_T50PQT_20230626T074054,200,,0.0,0.0,1.23,0.01,0.0,0.78,0.01,50.85,30.15,16.97,0.0,10000,0,0.0,20000.00000000233,20000.000000000233,0.5256812572479248,97.97,,0.0,0.0,-0.06740000000000013,-0.0048000000000000004,-0.0019,0.05010000000000003,0.0008999999999999998,-0.24389999999999645,-0.07860000000000156,0.34559999999999746,0.0,0.023099999999999454,0.06740000000000013,20000.0
699,T50PQT_20000_18,S2B_MSIL2A_20230626T021539_R003_T50PQT_20230626T074054,500,,0.0,0.0,1.5625,0.0,0.0,0.75,0.0,51.0,30.25,16.4375,0.0,1600,0,0.0,20000.00000000233,20000.000000000233,0.5109372138977051,97.6875,,0.0,0.0,0.2650999999999999,-0.0148,-0.0019,0.020100000000000007,-0.0091,-0.09389999999999787,0.021399999999999864,-0.1869000000000014,0.0,-0.2593999999999994,0.2650999999999999,20000.0
706,T50PQT_20000_18,S2B_MSIL2A_20230626T021539_R003_T50PQT_20230626T074054,1000,,0.0,0.0,1.25,0.0,0.0,0.5,0.0,49.75,29.75,18.75,0.0,400,0,0.0,20000.00000000233,20000.000000000233,0.5229096412658691,98.25,,0.0,0.0,-0.04740000000000011,-0.0148,-0.0019,-0.2299,-0.0091,-1.3438999999999979,-0.47860000000000014,2.1255999999999986,0.0,0.3031000000000006,0.3031000000000006,20000.0
708,T50PQT_20000_19,S2A_MSIL2A_20230601T021611_R003_T50PQT_20230601T103139,20,,0.0,0.0,0.0,0.0,0.0,0.0,0.0,100.0,0.0,0.0,0.0,1000000,0,0.0,20000.000000001513,20000.000000000466,0.7734076976776123,100.0,,0.0,0.0,0.0,0.0,0.0,0.0,0.0,0.0,0.0,0.0,0.0,0.0,0.0,20000.0
715,T50PQT_20000_19,S2A_MSIL2A_20230601T021611_R003_T50PQT_20230601T103139,50,,0.0,0.0,0.0,0.0,0.0,0.0,0.0,100.0,0.0,0.0,0.0,160000,0,0.0,20000.000000001513,20000.000000000466,0.5725314617156982,100.0,,0.0,0.0,0.0,0.0,0.0,0.0,0.0,0.0,0.0,0.0,0.0,0.0,0.0,20000.0
722,T50PQT_20000_19,S2A_MSIL2A_20230601T021611_R003_T50PQT_20230601T103139,100,,0.0,0.0,0.0,0.0,0.0,0.0,0.0,100.0,0.0,0.0,0.0,40000,0,0.0,20000.000000001513,20000.000000000466,0.5399668216705322,100.0,,0.0,0.0,0.0,0.0,0.0,0.0,0.0,0.0,0.0,0.0,0.0,0.0,0.0,20000.0
729,T50PQT_20000_19,S2A_MSIL2A_20230601T021611_R003_T50PQT_20230601T103139,200,,0.0,0.0,0.0,0.0,0.0,0.0,0.0,100.0,0.0,0.0,0.0,10000,0,0.0,20000.000000001513,20000.000000000466,0.577214241027832,100.0,,0.0,0.0,0.0,0.0,0.0,0.0,0.0,0.0,0.0,0.0,0.0,0.0,0.0,20000.0
736,T50PQT_20000_19,S2A_MSIL2A_20230601T021611_R003_T50PQT_20230601T103139,500,,0.0,0.0,0.0,0.0,0.0,0.0,0.0,100.0,0.0,0.0,0.0,1600,0,0.0,20000.000000001513,20000.000000000466,0.5306224822998047,100.0,,0.0,0.0,0.0,0.0,0.0,0.0,0.0,0.0,0.0,0.0,0.0,0.0,0.0,20000.0
743,T50PQT_20000_19,S2A_MSIL2A_20230601T021611_R003_T50PQT_20230601T103139,1000,,0.0,0.0,0.0,0.0,0.0,0.0,0.0,100.0,0.0,0.0,0.0,400,0,0.0,20000.000000001513,20000.000000000466,0.535642147064209,100.0,,0.0,0.0,0.0,0.0,0.0,0.0,0.0,0.0,0.0,0.0,0.0,0.0,0.0,20000.0
710,T50PQT_20000_19,S2A_MSIL2A_20230611T021541_R003_T50PQT_20230611T092421,20,,0.0,0.0,0.0,0.0,0.0001,0.0,0.0,37.2988,52.2121,10.489,0.0,1000000,0,0.0,20000.000000001513,20000.000000000466,0.7734076976776123,99.9999,,0.0,0.0,0.0,0.0,0.0,0.0,0.0,0.0,0.0,0.0,0.0,0.0,0.0,20000.0
717,T50PQT_20000_19,S2A_MSIL2A_20230611T021541_R003_T50PQT_20230611T092421,50,,0.0,0.0,0.0,0.0,0.0,0.0,0.0,37.355625,52.17375,10.470625,0.0,160000,0,0.0,20000.000000001513,20000.000000000466,0.5725314617156982,100.0,,0.0,0.0,0.0,0.0,-0.0001,0.0,0.0,0.056825000000003456,-0.038350000000001216,-0.018375000000000696,0.0,0.00010000000000331966,0.00010000000000331966,20000.0
724,T50PQT_20000_19,S2A_MSIL2A_20230611T021541_R003_T50PQT_20230611T092421,100,,0.0,0.0,0.0,0.0,0.0,0.0,0.0,37.365,52.1475,10.4875,0.0,40000,0,0.0,20000.000000001513,20000.000000000466,0.5399668216705322,100.0,,0.0,0.0,0.0,0.0,-0.0001,0.0,0.0,0.06620000000000203,-0.06459999999999866,-0.0015000000000000568,0.0,0.00010000000000331966,0.00010000000000331966,20000.0
731,T50PQT_20000_19,S2A_MSIL2A_20230611T021541_R003_T50PQT_20230611T092421,200,,0.0,0.0,0.0,0.0,0.0,0.0,0.0,37.77,51.52,10.71,0.0,10000,0,0.0,20000.000000001513,20000.000000000466,0.577214241027832,100.0,,0.0,0.0,0.0,0.0,-0.0001,0.0,0.0,0.47120000000000317,-0.6920999999999964,0.22100000000000009,0.0,0.00010000000000331966,0.00010000000000331966,20000.0
738,T50PQT_20000_19,S2A_MSIL2A_20230611T021541_R003_T50PQT_20230611T092421,500,,0.0,0.0,0.0,0.0,0.0,0.0,0.0,38.375,51.0,10.625,0.0,1600,0,0.0,20000.000000001513,20000.000000000466,0.5306224822998047,100.0,,0.0,0.0,0.0,0.0,-0.0001,0.0,0.0,1.0762,-1.2120999999999995,0.13599999999999923,0.0,0.00010000000000331966,0.00010000000000331966,20000.0
745,T50PQT_20000_19,S2A_MSIL2A_20230611T021541_R003_T50PQT_20230611T092421,1000,,0.0,0.0,0.0,0.0,0.0,0.0,0.0,41.5,47.5,11.0,0.0,400,0,0.0,20000.000000001513,20000.000000000466,0.535642147064209,100.0,,0.0,0.0,0.0,0.0,-0.0001,0.0,0.0,4.2012,-4.7120999999999995,0.5109999999999992,0.0,0.00010000000000331966,0.00010000000000331966,20000.0
712,T50PQT_20000_19,S2A_MSIL2A_20230621T021541_R003_T50PQT_20230621T085836,20,,0.0,0.0,4.7356,3.1952,0.1845,12.578,0.0701,22.2607,55.3172,1.6587,0.0,1000000,0,0.0,20000.000000001513,20000.000000000466,0.7734076976776123,79.2366,,0.0,0.0,0.0,0.0,0.0,0.0,0.0,0.0,0.0,0.0,0.0,0.0,0.0,20000.0
719,T50PQT_20000_19,S2A_MSIL2A_20230621T021541_R003_T50PQT_20230621T085836,50,,0.0,0.0,4.73625,3.201875,0.188125,12.566875,0.06625,22.263125,55.315625,1.661875,0.0,160000,0,0.0,20000.000000001513,20000.000000000466,0.5725314617156982,79.240625,,0.0,0.0,0.0006500000000002615,0.0066749999999999865,0.0036249999999999893,-0.01112499999999983,-0.0038499999999999923,0.0024249999999987892,-0.0015750000000025466,0.003174999999999928,0.0,0.004024999999998613,0.01112499999999983,20000.0
726,T50PQT_20000_19,S2A_MSIL2A_20230621T021541_R003_T50PQT_20230621T085836,100,,0.0,0.0,4.75,3.185,0.2,12.5975,0.07,22.185,55.345,1.6675,0.0,40000,0,0.0,20000.000000001513,20000.000000000466,0.5399668216705322,79.1975,,0.0,0.0,0.01440000000000019,-0.010199999999999765,0.015500000000000014,0.01950000000000074,-9.999999999998899e-05,-0.07570000000000121,0.02779999999999916,0.008799999999999919,0.0,-0.03909999999999059,0.03909999999999059,20000.0
733,T50PQT_20000_19,S2A_MSIL2A_20230621T021541_R003_T50PQT_20230621T085836,200,,0.0,0.0,4.53,3.17,0.15,12.45,0.06,22.6,55.33,1.71,0.0,10000,0,0.0,20000.000000001513,20000.000000000466,0.577214241027832,79.64,,0.0,0.0,-0.20559999999999956,-0.02519999999999989,-0.0345,-0.1280000000000001,-0.010099999999999998,0.3393000000000015,0.01279999999999859,0.0512999999999999,0.0,0.40340000000000487,0.40340000000000487,20000.0
740,T50PQT_20000_19,S2A_MSIL2A_20230621T021541_R003_T50PQT_20230621T085836,500,,0.0,0.0,4.6875,3.1875,0.25,11.9375,0.0,23.0,55.0625,1.875,0.0,1600,0,0.0,20000.000000001513,20000.000000000466,0.5306224822998047,79.9375,,0.0,0.0,-0.04809999999999981,-0.007699999999999818,0.0655,-0.6404999999999994,-0.0701,0.7393000000000001,-0.2546999999999997,0.21629999999999994,0.0,0.7009000000000043,0.7009000000000043,20000.0
747,T50PQT_20000_19,S2A_MSIL2A_20230621T021541_R003_T50PQT_20230621T085836,1000,,0.0,0.0,3.5,3.0,0.5,11.25,0.0,26.5,54.0,1.25,0.0,400,0,0.0,20000.000000001513,20000.000000000466,0.535642147064209,81.75,,0.0,0.0,-1.2355999999999998,-0.19519999999999982,0.3155,-1.3279999999999994,-0.0701,4.2393,-1.3171999999999997,-0.40870000000000006,0.0,2.5134000000000043,2.5134000000000043,20000.0
714,T50PQT_20000_19,S2A_MSIL2A_20230701T021541_R003_T50PQT_20230701T082624,20,,0.0,0.042,4.929,41.8713,0.9515,31.8237,0.3376,6.6197,9.189,4.2362,0.0,1000000,0,0.0,20000.000000001513,20000.000000000466,0.7734076976776123,20.0449,,0.0,0.0,0.0,0.0,0.0,0.0,0.0,0.0,0.0,0.0,0.0,0.0,0.0,20000.0
721,T50PQT_20000_19,S2A_MSIL2A_20230701T021541_R003_T50PQT_20230701T082624,50,,0.0,0.04,4.90375,41.8875,0.929375,31.8225,0.335,6.6075,9.21875,4.255625,0.0,160000,0,0.0,20000.000000001513,20000.000000000466,0.5725314617156982,20.081875,,0.0,-0.0020000000000000018,-0.02525000000000066,0.016200000000004877,-0.02212500000000006,-0.0011999999999972033,-0.002599999999999991,-0.012199999999999989,0.029749999999999943,0.019425000000000026,0.0,0.036975000000001756,0.036975000000001756,20000.0
728,T50PQT_20000_19,S2A_MSIL2A_20230701T021541_R003_T50PQT_20230701T082624,100,,0.0,0.04,4.9475,41.84,0.975,31.835,0.3025,6.5975,9.205,4.2575,0.0,40000,0,0.0,20000.000000001513,20000.000000000466,0.5399668216705322,20.060000000000002,,0.0,-0.0020000000000000018,0.018499999999999517,-0.031299999999994554,0.023499999999999965,0.011300000000002086,-0.03510000000000002,-0.022199999999999775,0.016000000000000014,0.021300000000000097,0.0,0.015100000000003888,0.03510000000000002,20000.0
735,T50PQT_20000_19,S2A_MSIL2A_20230701T021541_R003_T50PQT_20230701T082624,200,,0.0,0.04,4.85,41.58,1.13,31.9,0.26,6.64,9.34,4.26,0.0,10000,0,0.0,20000.000000001513,20000.000000000466,0.577214241027832,20.240000000000002,,0.0,-0.0020000000000000018,-0.07900000000000063,-0.29129999999999967,0.17849999999999988,0.07629999999999981,-0.0776,0.020299999999999763,0.1509999999999998,0.0237999999999996,0.0,0.1951000000000036,0.29129999999999967,20000.0
742,T50PQT_20000_19,S2A_MSIL2A_20230701T021541_R003_T50PQT_20230701T082624,500,,0.0,0.0,4.0,41.5625,1.125,31.9375,0.375,7.4375,9.1875,4.375,0.0,1600,0,0.0,20000.000000001513,20000.000000000466,0.5306224822998047,21.0,,0.0,-0.042,-0.9290000000000003,-0.30879999999999797,0.1735,0.11380000000000123,0.03739999999999999,0.8178000000000001,-0.0015000000000000568,0.1387999999999998,0.0,0.9551000000000016,0.9551000000000016,20000.0
749,T50PQT_20000_19,S2A_MSIL2A_20230701T021541_R003_T50PQT_20230701T082624,1000,,0.0,0.0,4.75,41.25,1.0,32.25,0.0,6.5,10.25,4.0,0.0,400,0,0.0,20000.000000001513,20000.000000000466,0.535642147064209,20.75,,0.0,-0.042,-0.17900000000000027,-0.621299999999998,0.04849999999999999,0.42630000000000123,-0.3376,-0.11969999999999992,1.061,-0.2362000000000002,0.0,0.7051000000000016,0.7051000000000016,20000.0
709,T50PQT_20000_19,S2B_MSIL2A_20230606T021539_R003_T50PQT_20230606T073506,20,,0.0,0.0384,4.0081,31.6634,0.7145,30.3925,0.4926,9.7324,16.5333,6.4248,0.0,1000000,0,0.0,20000.000000001513,20000.000000000466,0.7734076976776123,32.6905,,0.0,0.0,0.0,0.0,0.0,0.0,0.0,0.0,0.0,0.0,0.0,0.0,0.0,20000.0
716,T50PQT_20000_19,S2B_MSIL2A_20230606T021539_R003_T50PQT_20230606T073506,50,,0.0,0.039375,4.01125,31.68125,0.705,30.421875,0.4825,9.7075,16.56625,6.385,0.0,160000,0,0.0,20000.000000001513,20000.000000000466,0.5725314617156982,32.65875,,0.0,0.0009750000000000036,0.0031500000000006523,0.017849999999999255,-0.009500000000000064,0.029375000000001705,-0.010099999999999998,-0.02490000000000059,0.03294999999999959,-0.0398000000000005,0.0,-0.03175000000000239,0.03175000000000239,20000.0
723,T50PQT_20000_19,S2B_MSIL2A_20230606T021539_R003_T50PQT_20230606T073506,100,,0.0,0.0425,4.0325,31.685,0.7275,30.4675,0.47,9.645,16.5675,6.3625,0.0,40000,0,0.0,20000.000000001513,20000.000000000466,0.5399668216705322,32.574999999999996,,0.0,0.004100000000000006,0.024399999999999977,0.021599999999999397,0.013000000000000012,0.07500000000000284,-0.02260000000000001,-0.08740000000000059,0.034199999999998454,-0.062300000000000466,0.0,-0.11550000000000438,0.11550000000000438,20000.0
730,T50PQT_20000_19,S2B_MSIL2A_20230606T021539_R003_T50PQT_20230606T073506,200,,0.0,0.04,3.84,32.03,0.63,30.78,0.53,9.63,16.4,6.12,0.0,10000,0,0.0,20000.000000001513,20000.000000000466,0.577214241027832,32.15,,0.0,0.0016000000000000042,-0.16809999999999992,0.3666000000000018,-0.08450000000000002,0.38750000000000284,0.037400000000000044,-0.10239999999999938,-0.13330000000000197,-0.3048000000000002,0.0,-0.5405000000000015,0.5405000000000015,20000.0
737,T50PQT_20000_19,S2B_MSIL2A_20230606T021539_R003_T50PQT_20230606T073506,500,,0.0,0.125,3.5625,32.0625,0.375,31.5,0.375,8.6875,17.75,5.5625,0.0,1600,0,0.0,20000.000000001513,20000.000000000466,0.5306224822998047,32.0,,0.0,0.08660000000000001,-0.4455999999999998,0.3991000000000007,-0.3395,1.1075000000000017,-0.11759999999999998,-1.0449000000000002,1.2166999999999994,-0.8623000000000003,0.0,-0.6905000000000001,1.1075000000000017,20000.0
744,T50PQT_20000_19,S2B_MSIL2A_20230606T021539_R003_T50PQT_20230606T073506,1000,,0.0,0.0,2.25,33.75,0.0,33.0,0.25,10.0,15.0,5.75,0.0,400,0,0.0,20000.000000001513,20000.000000000466,0.535642147064209,30.75,,0.0,-0.0384,-1.7580999999999998,2.0866000000000007,-0.7145,2.6075000000000017,-0.24259999999999998,0.26759999999999984,-1.5333000000000006,-0.6748000000000003,0.0,-1.9405000000000001,2.6075000000000017,20000.0
711,T50PQT_20000_19,S2B_MSIL2A_20230616T021539_R003_T50PQT_20230616T083239,20,,0.0,0.0,0.0003,0.0,0.0001,0.0,0.0,18.4928,15.8498,65.657,0.0,1000000,0,0.0,20000.000000001513,20000.000000000466,0.7734076976776123,99.99959999999999,,0.0,0.0,0.0,0.0,0.0,0.0,0.0,0.0,0.0,0.0,0.0,0.0,0.0,20000.0
718,T50PQT_20000_19,S2B_MSIL2A_20230616T021539_R003_T50PQT_20230616T083239,50,,0.0,0.0,0.000625,0.0,0.0,0.0,0.0,18.475625,15.83875,65.685,0.0,160000,0,0.0,20000.000000001513,20000.000000000466,0.5725314617156982,99.999375,,0.0,0.0,0.00032500000000000004,0.0,-0.0001,0.0,0.0,-0.017174999999998164,-0.011050000000000892,0.028000000000005798,0.0,-0.00022499999998615294,0.00032500000000000004,20000.0
725,T50PQT_20000_19,S2B_MSIL2A_20230616T021539_R003_T50PQT_20230616T083239,100,,0.0,0.0,0.0,0.0,0.0,0.0,0.0,18.5325,15.82,65.6475,0.0,40000,0,0.0,20000.000000001513,20000.000000000466,0.5399668216705322,100.0,,0.0,0.0,-0.0003,0.0,-0.0001,0.0,0.0,0.039699999999999847,-0.029799999999999827,-0.009500000000002728,0.0,0.0004000000000132786,0.0004000000000132786,20000.0
732,T50PQT_20000_19,S2B_MSIL2A_20230616T021539_R003_T50PQT_20230616T083239,200,,0.0,0.0,0.0,0.0,0.0,0.0,0.0,18.38,15.88,65.74,0.0,10000,0,0.0,20000.000000001513,20000.000000000466,0.577214241027832,100.0,,0.0,0.0,-0.0003,0.0,-0.0001,0.0,0.0,-0.11280000000000001,0.03020000000000067,0.08299999999999841,0.0,0.0004000000000132786,0.0004000000000132786,20000.0
739,T50PQT_20000_19,S2B_MSIL2A_20230616T021539_R003_T50PQT_20230616T083239,500,,0.0,0.0,0.0,0.0,0.0,0.0,0.0,18.8125,15.1875,66.0,0.0,1600,0,0.0,20000.000000001513,20000.000000000466,0.5306224822998047,100.0,,0.0,0.0,-0.0003,0.0,-0.0001,0.0,0.0,0.319700000000001,-0.6623000000000001,0.3430000000000035,0.0,0.0004000000000132786,0.0004000000000132786,20000.0
746,T50PQT_20000_19,S2B_MSIL2A_20230616T021539_R003_T50PQT_20230616T083239,1000,,0.0,0.0,0.0,0.0,0.0,0.0,0.0,16.0,17.25,66.75,0.0,400,0,0.0,20000.000000001513,20000.000000000466,0.535642147064209,100.0,,0.0,0.0,-0.0003,0.0,-0.0001,0.0,0.0,-2.492799999999999,1.4002,1.0930000000000035,0.0,0.0004000000000132786,0.0004000000000132786,20000.0
713,T50PQT_20000_19,S2B_MSIL2A_20230626T021539_R003_T50PQT_20230626T074054,20,,0.0,0.0,0.0001,0.0,0.0,0.0,0.0,45.2407,52.5676,2.1916,0.0,1000000,0,0.0,20000.000000001513,20000.000000000466,0.7734076976776123,99.9999,,0.0,0.0,0.0,0.0,0.0,0.0,0.0,0.0,0.0,0.0,0.0,0.0,0.0,20000.0
720,T50PQT_20000_19,S2B_MSIL2A_20230626T021539_R003_T50PQT_20230626T074054,50,,0.0,0.0,0.000625,0.0,0.0,0.0,0.0,45.279375,52.540625,2.179375,0.0,160000,0,0.0,20000.000000001513,20000.000000000466,0.5725314617156982,99.99937499999999,,0.0,0.0,0.000525,0.0,0.0,0.0,0.0,0.0386750000000049,-0.026975000000000193,-0.012225000000000374,0.0,-0.0005250000000103228,0.0005250000000103228,20000.0
727,T50PQT_20000_19,S2B_MSIL2A_20230626T021539_R003_T50PQT_20230626T074054,100,,0.0,0.0,0.0,0.0,0.0,0.0,0.0,45.2875,52.55,2.1625,0.0,40000,0,0.0,20000.000000001513,20000.000000000466,0.5399668216705322,100.0,,0.0,0.0,-0.0001,0.0,0.0,0.0,0.0,0.046800000000004616,-0.017600000000001614,-0.029100000000000126,0.0,0.00010000000000331966,0.00010000000000331966,20000.0
734,T50PQT_20000_19,S2B_MSIL2A_20230626T021539_R003_T50PQT_20230626T074054,200,,0.0,0.0,0.0,0.0,0.0,0.0,0.0,45.49,52.4,2.11,0.0,10000,0,0.0,20000.000000001513,20000.000000000466,0.577214241027832,100.0,,0.0,0.0,-0.0001,0.0,0.0,0.0,0.0,0.24930000000000518,-0.1676000000000002,-0.08160000000000034,0.0,0.00010000000000331966,0.00010000000000331966,20000.0
741,T50PQT_20000_19,S2B_MSIL2A_20230626T021539_R003_T50PQT_20230626T074054,500,,0.0,0.0,0.0,0.0,0.0,0.0,0.0,44.875,52.75,2.375,0.0,1600,0,0.0,20000.000000001513,20000.000000000466,0.5306224822998047,100.0,,0.0,0.0,-0.0001,0.0,0.0,0.0,0.0,-0.3656999999999968,0.18240000000000123,0.18339999999999979,0.0,0.00010000000000331966,0.00010000000000331966,20000.0
748,T50PQT_20000_19,S2B_MSIL2A_20230626T021539_R003_T50PQT_20230626T074054,1000,,0.0,0.0,0.0,0.0,0.0,0.0,0.0,46.75,51.5,1.75,0.0,400,0,0.0,20000.000000001513,20000.000000000466,0.535642147064209,100.0,,0.0,0.0,-0.0001,0.0,0.0,0.0,0.0,1.5093000000000032,-1.0675999999999988,-0.4416000000000002,0.0,0.00010000000000331966,0.00010000000000331966,20000.0
72,T50PQT_20000_2,S2A_MSIL2A_20230604T022531_R046_T50PQT_20230604T082521,20,,0.0,0.0,0.0,0.0,0.0,0.0,0.0,86.0579,12.4431,1.499,0.0,1000000,0,0.0,20000.0,20000.000000000233,0.5283691883087158,100.0,,0.0,0.0,0.0,0.0,0.0,0.0,0.0,0.0,0.0,0.0,0.0,0.0,0.0,20000.0
78,T50PQT_20000_2,S2A_MSIL2A_20230604T022531_R046_T50PQT_20230604T082521,50,,0.0,0.0,0.0,0.0,0.0,0.0,0.0,86.019375,12.465,1.515625,0.0,160000,0,0.0,20000.0,20000.000000000233,0.43094730377197266,100.0,,0.0,0.0,0.0,0.0,0.0,0.0,0.0,-0.038525000000007026,0.021900000000000475,0.01662499999999989,0.0,0.0,0.0,20000.0
84,T50PQT_20000_2,S2A_MSIL2A_20230604T022531_R046_T50PQT_20230604T082521,100,,0.0,0.0,0.0,0.0,0.0,0.0,0.0,85.965,12.5325,1.5025,0.0,40000,0,0.0,20000.0,20000.000000000233,0.3705165386199951,100.0,,0.0,0.0,0.0,0.0,0.0,0.0,0.0,-0.0929000000000002,0.08940000000000126,0.0034999999999998366,0.0,0.0,0.0,20000.0
90,T50PQT_20000_2,S2A_MSIL2A_20230604T022531_R046_T50PQT_20230604T082521,200,,0.0,0.0,0.0,0.0,0.0,0.0,0.0,86.03,12.4,1.57,0.0,10000,0,0.0,20000.0,20000.000000000233,0.327028751373291,100.0,,0.0,0.0,0.0,0.0,0.0,0.0,0.0,-0.02790000000000248,-0.04309999999999903,0.07099999999999995,0.0,0.0,0.0,20000.0
96,T50PQT_20000_2,S2A_MSIL2A_20230604T022531_R046_T50PQT_20230604T082521,500,,0.0,0.0,0.0,0.0,0.0,0.0,0.0,86.375,12.1875,1.4375,0.0,1600,0,0.0,20000.0,20000.000000000233,0.45854997634887695,100.0,,0.0,0.0,0.0,0.0,0.0,0.0,0.0,0.3170999999999964,-0.2555999999999994,-0.06150000000000011,0.0,0.0,0.0,20000.0
102,T50PQT_20000_2,S2A_MSIL2A_20230604T022531_R046_T50PQT_20230604T082521,1000,,0.0,0.0,0.0,0.0,0.0,0.0,0.0,87.0,10.75,2.25,0.0,400,0,0.0,20000.0,20000.000000000233,0.3256375789642334,100.0,,0.0,0.0,0.0,0.0,0.0,0.0,0.0,0.9420999999999964,-1.6930999999999994,0.7509999999999999,0.0,0.0,0.0,20000.0
74,T50PQT_20000_2,S2A_MSIL2A_20230614T022541_R046_T50PQT_20230614T094130,20,,0.0,0.0,0.0,0.0,0.0,0.0,0.0,100.0,0.0,0.0,0.0,1000000,0,0.0,20000.0,20000.000000000233,0.5283691883087158,100.0,,0.0,0.0,0.0,0.0,0.0,0.0,0.0,0.0,0.0,0.0,0.0,0.0,0.0,20000.0
80,T50PQT_20000_2,S2A_MSIL2A_20230614T022541_R046_T50PQT_20230614T094130,50,,0.0,0.0,0.0,0.0,0.0,0.0,0.0,100.0,0.0,0.0,0.0,160000,0,0.0,20000.0,20000.000000000233,0.43094730377197266,100.0,,0.0,0.0,0.0,0.0,0.0,0.0,0.0,0.0,0.0,0.0,0.0,0.0,0.0,20000.0
86,T50PQT_20000_2,S2A_MSIL2A_20230614T022541_R046_T50PQT_20230614T094130,100,,0.0,0.0,0.0,0.0,0.0,0.0,0.0,100.0,0.0,0.0,0.0,40000,0,0.0,20000.0,20000.000000000233,0.3705165386199951,100.0,,0.0,0.0,0.0,0.0,0.0,0.0,0.0,0.0,0.0,0.0,0.0,0.0,0.0,20000.0
92,T50PQT_20000_2,S2A_MSIL2A_20230614T022541_R046_T50PQT_20230614T094130,200,,0.0,0.0,0.0,0.0,0.0,0.0,0.0,100.0,0.0,0.0,0.0,10000,0,0.0,20000.0,20000.000000000233,0.327028751373291,100.0,,0.0,0.0,0.0,0.0,0.0,0.0,0.0,0.0,0.0,0.0,0.0,0.0,0.0,20000.0
98,T50PQT_20000_2,S2A_MSIL2A_20230614T022541_R046_T50PQT_20230614T094130,500,,0.0,0.0,0.0,0.0,0.0,0.0,0.0,100.0,0.0,0.0,0.0,1600,0,0.0,20000.0,20000.000000000233,0.45854997634887695,100.0,,0.0,0.0,0.0,0.0,0.0,0.0,0.0,0.0,0.0,0.0,0.0,0.0,0.0,20000.0
104,T50PQT_20000_2,S2A_MSIL2A_20230614T022541_R046_T50PQT_20230614T094130,1000,,0.0,0.0,0.0,0.0,0.0,0.0,0.0,100.0,0.0,0.0,0.0,400,0,0.0,20000.0,20000.000000000233,0.3256375789642334,100.0,,0.0,0.0,0.0,0.0,0.0,0.0,0.0,0.0,0.0,0.0,0.0,0.0,0.0,20000.0
76,T50PQT_20000_2,S2A_MSIL2A_20230624T022531_R046_T50PQT_20230624T082536,20,,0.0,0.0,0.0,0.0,0.0,0.0,0.0,97.859,2.141,0.0,0.0,1000000,0,0.0,20000.0,20000.000000000233,0.5283691883087158,100.0,,0.0,0.0,0.0,0.0,0.0,0.0,0.0,0.0,0.0,0.0,0.0,0.0,0.0,20000.0
82,T50PQT_20000_2,S2A_MSIL2A_20230624T022531_R046_T50PQT_20230624T082536,50,,0.0,0.0,0.0,0.0,0.0,0.0,0.0,97.866875,2.133125,0.0,0.0,160000,0,0.0,20000.0,20000.000000000233,0.43094730377197266,100.0,,0.0,0.0,0.0,0.0,0.0,0.0,0.0,0.007874999999998522,-0.007874999999999854,0.0,0.0,0.0,0.0,20000.0
88,T50PQT_20000_2,S2A_MSIL2A_20230624T022531_R046_T50PQT_20230624T082536,100,,0.0,0.0,0.0,0.0,0.0,0.0,0.0,97.86,2.14,0.0,0.0,40000,0,0.0,20000.0,20000.000000000233,0.3705165386199951,100.0,,0.0,0.0,0.0,0.0,0.0,0.0,0.0,0.0010000000000047748,-0.0009999999999998899,0.0,0.0,0.0,0.0,20000.0
94,T50PQT_20000_2,S2A_MSIL2A_20230624T022531_R046_T50PQT_20230624T082536,200,,0.0,0.0,0.0,0.0,0.0,0.0,0.0,97.55,2.45,0.0,0.0,10000,0,0.0,20000.0,20000.000000000233,0.327028751373291,100.0,,0.0,0.0,0.0,0.0,0.0,0.0,0.0,-0.3089999999999975,0.30900000000000016,0.0,0.0,0.0,0.0,20000.0
100,T50PQT_20000_2,S2A_MSIL2A_20230624T022531_R046_T50PQT_20230624T082536,500,,0.0,0.0,0.0,0.0,0.0,0.0,0.0,97.0625,2.9375,0.0,0.0,1600,0,0.0,20000.0,20000.000000000233,0.45854997634887695,100.0,,0.0,0.0,0.0,0.0,0.0,0.0,0.0,-0.7964999999999947,0.7965,0.0,0.0,0.0,0.0,20000.0
106,T50PQT_20000_2,S2A_MSIL2A_20230624T022531_R046_T50PQT_20230624T082536,1000,,0.0,0.0,0.0,0.0,0.0,0.0,0.0,95.0,5.0,0.0,0.0,400,0,0.0,20000.0,20000.000000000233,0.3256375789642334,100.0,,0.0,0.0,0.0,0.0,0.0,0.0,0.0,-2.8589999999999947,2.859,0.0,0.0,0.0,0.0,20000.0
73,T50PQT_20000_2,S2B_MSIL2A_20230609T022539_R046_T50PQT_20230609T075214,20,,0.0,0.0,0.0,0.0,0.0,0.0,0.0,100.0,0.0,0.0,0.0,1000000,0,0.0,20000.0,20000.000000000233,0.5283691883087158,100.0,,0.0,0.0,0.0,0.0,0.0,0.0,0.0,0.0,0.0,0.0,0.0,0.0,0.0,20000.0
79,T50PQT_20000_2,S2B_MSIL2A_20230609T022539_R046_T50PQT_20230609T075214,50,,0.0,0.0,0.0,0.0,0.0,0.0,0.0,100.0,0.0,0.0,0.0,160000,0,0.0,20000.0,20000.000000000233,0.43094730377197266,100.0,,0.0,0.0,0.0,0.0,0.0,0.0,0.0,0.0,0.0,0.0,0.0,0.0,0.0,20000.0
85,T50PQT_20000_2,S2B_MSIL2A_20230609T022539_R046_T50PQT_20230609T075214,100,,0.0,0.0,0.0,0.0,0.0,0.0,0.0,100.0,0.0,0.0,0.0,40000,0,0.0,20000.0,20000.000000000233,0.3705165386199951,100.0,,0.0,0.0,0.0,0.0,0.0,0.0,0.0,0.0,0.0,0.0,0.0,0.0,0.0,20000.0
91,T50PQT_20000_2,S2B_MSIL2A_20230609T022539_R046_T50PQT_20230609T075214,200,,0.0,0.0,0.0,0.0,0.0,0.0,0.0,100.0,0.0,0.0,0.0,10000,0,0.0,20000.0,20000.000000000233,0.327028751373291,100.0,,0.0,0.0,0.0,0.0,0.0,0.0,0.0,0.0,0.0,0.0,0.0,0.0,0.0,20000.0
97,T50PQT_20000_2,S2B_MSIL2A_20230609T022539_R046_T50PQT_20230609T075214,500,,0.0,0.0,0.0,0.0,0.0,0.0,0.0,100.0,0.0,0.0,0.0,1600,0,0.0,20000.0,20000.000000000233,0.45854997634887695,100.0,,0.0,0.0,0.0,0.0,0.0,0.0,0.0,0.0,0.0,0.0,0.0,0.0,0.0,20000.0
103,T50PQT_20000_2,S2B_MSIL2A_20230609T022539_R046_T50PQT_20230609T075214,1000,,0.0,0.0,0.0,0.0,0.0,0.0,0.0,100.0,0.0,0.0,0.0,400,0,0.0,20000.0,20000.000000000233,0.3256375789642334,100.0,,0.0,0.0,0.0,0.0,0.0,0.0,0.0,0.0,0.0,0.0,0.0,0.0,0.0,20000.0
75,T50PQT_20000_2,S2B_MSIL2A_20230619T022539_R046_T50PQT_20230619T074224,20,,0.0,0.0,0.0,0.0,0.0,0.0,0.0,75.5258,4.9898,19.4844,0.0,1000000,0,0.0,20000.0,20000.000000000233,0.5283691883087158,100.0,,0.0,0.0,0.0,0.0,0.0,0.0,0.0,0.0,0.0,0.0,0.0,0.0,0.0,20000.0
81,T50PQT_20000_2,S2B_MSIL2A_20230619T022539_R046_T50PQT_20230619T074224,50,,0.0,0.0,0.0,0.0,0.0,0.0,0.0,75.54375,5.00125,19.455,0.0,160000,0,0.0,20000.0,20000.000000000233,0.43094730377197266,100.0,,0.0,0.0,0.0,0.0,0.0,0.0,0.0,0.017949999999999022,0.01144999999999996,-0.029400000000002535,0.0,0.0,0.0,20000.0
87,T50PQT_20000_2,S2B_MSIL2A_20230619T022539_R046_T50PQT_20230619T074224,100,,0.0,0.0,0.0,0.0,0.0,0.0,0.0,75.5,5.05,19.45,0.0,40000,0,0.0,20000.0,20000.000000000233,0.3705165386199951,100.0,,0.0,0.0,0.0,0.0,0.0,0.0,0.0,-0.02580000000000382,0.06020000000000003,-0.03440000000000154,0.0,0.0,0.0,20000.0
93,T50PQT_20000_2,S2B_MSIL2A_20230619T022539_R046_T50PQT_20230619T074224,200,,0.0,0.0,0.0,0.0,0.0,0.0,0.0,75.57,5.09,19.34,0.0,10000,0,0.0,20000.0,20000.000000000233,0.327028751373291,100.0,,0.0,0.0,0.0,0.0,0.0,0.0,0.0,0.04419999999998936,0.10020000000000007,-0.14440000000000097,0.0,0.0,0.0,20000.0
99,T50PQT_20000_2,S2B_MSIL2A_20230619T022539_R046_T50PQT_20230619T074224,500,,0.0,0.0,0.0,0.0,0.0,0.0,0.0,76.0,5.0,19.0,0.0,1600,0,0.0,20000.0,20000.000000000233,0.45854997634887695,100.0,,0.0,0.0,0.0,0.0,0.0,0.0,0.0,0.4741999999999962,0.010200000000000209,-0.48440000000000083,0.0,0.0,0.0,20000.0
105,T50PQT_20000_2,S2B_MSIL2A_20230619T022539_R046_T50PQT_20230619T074224,1000,,0.0,0.0,0.0,0.0,0.0,0.0,0.0,77.0,4.5,18.5,0.0,400,0,0.0,20000.0,20000.000000000233,0.3256375789642334,100.0,,0.0,0.0,0.0,0.0,0.0,0.0,0.0,1.4741999999999962,-0.4897999999999998,-0.9844000000000008,0.0,0.0,0.0,20000.0
77,T50PQT_20000_2,S2B_MSIL2A_20230629T022539_R046_T50PQT_20230629T115903,20,,0.0,0.0,0.0,0.0,0.0,0.0,0.0,88.3419,11.0989,0.5592,0.0,1000000,0,0.0,20000.0,20000.000000000233,0.5283691883087158,100.0,,0.0,0.0,0.0,0.0,0.0,0.0,0.0,0.0,0.0,0.0,0.0,0.0,0.0,20000.0
83,T50PQT_20000_2,S2B_MSIL2A_20230629T022539_R046_T50PQT_20230629T115903,50,,0.0,0.0,0.0,0.0,0.0,0.0,0.0,88.32,11.09625,0.58375,0.0,160000,0,0.0,20000.0,20000.000000000233,0.43094730377197266,99.99999999999999,,0.0,0.0,0.0,0.0,0.0,0.0,0.0,-0.02190000000000225,-0.0026500000000009294,0.02454999999999996,0.0,-1.4210854715202004e-14,1.4210854715202004e-14,20000.0
89,T50PQT_20000_2,S2B_MSIL2A_20230629T022539_R046_T50PQT_20230629T115903,100,,0.0,0.0,0.0,0.0,0.0,0.0,0.0,88.325,11.075,0.6,0.0,40000,0,0.0,20000.0,20000.000000000233,0.3705165386199951,100.0,,0.0,0.0,0.0,0.0,0.0,0.0,0.0,-0.016899999999992588,-0.023900000000001143,0.04079999999999995,0.0,0.0,0.0,20000.0
95,T50PQT_20000_2,S2B_MSIL2A_20230629T022539_R046_T50PQT_20230629T115903,200,,0.0,0.0,0.0,0.0,0.0,0.0,0.0,88.21,11.05,0.74,0.0,10000,0,0.0,20000.0,20000.000000000233,0.327028751373291,99.99999999999999,,0.0,0.0,0.0,0.0,0.0,0.0,0.0,-0.13190000000000168,-0.04889999999999972,0.18079999999999996,0.0,-1.4210854715202004e-14,1.4210854715202004e-14,20000.0
101,T50PQT_20000_2,S2B_MSIL2A_20230629T022539_R046_T50PQT_20230629T115903,500,,0.0,0.0,0.0,0.0,0.0,0.0,0.0,88.375,10.625,1.0,0.0,1600,0,0.0,20000.0,20000.000000000233,0.45854997634887695,100.0,,0.0,0.0,0.0,0.0,0.0,0.0,0.0,0.03310000000000457,-0.47390000000000043,0.44079999999999997,0.0,0.0,0.0,20000.0
107,T50PQT_20000_2,S2B_MSIL2A_20230629T022539_R046_T50PQT_20230629T115903,1000,,0.0,0.0,0.0,0.0,0.0,0.0,0.0,87.0,11.25,1.75,0.0,400,0,0.0,20000.0,20000.000000000233,0.3256375789642334,100.0,,0.0,0.0,0.0,0.0,0.0,0.0,0.0,-1.3418999999999954,0.15109999999999957,1.1907999999999999,0.0,0.0,0.0,20000.0
750,T50PQT_20000_20,S2A_MSIL2A_20230601T021611_R003_T50PQT_20230601T103139,20,,0.0,0.0,0.0,0.0,0.0,0.0,0.0,100.0,0.0,0.0,0.0,1000000,0,0.0,20000.0000000007,20000.000000000233,4.179880142211914,100.0,,0.0,0.0,0.0,0.0,0.0,0.0,0.0,0.0,0.0,0.0,0.0,0.0,0.0,20000.0
757,T50PQT_20000_20,S2A_MSIL2A_20230601T021611_R003_T50PQT_20230601T103139,50,,0.0,0.0,0.0,0.0,0.0,0.0,0.0,100.0,0.0,0.0,0.0,160000,0,0.0,20000.0000000007,20000.000000000233,0.6962733268737793,100.0,,0.0,0.0,0.0,0.0,0.0,0.0,0.0,0.0,0.0,0.0,0.0,0.0,0.0,20000.0
764,T50PQT_20000_20,S2A_MSIL2A_20230601T021611_R003_T50PQT_20230601T103139,100,,0.0,0.0,0.0,0.0,0.0,0.0,0.0,100.0,0.0,0.0,0.0,40000,0,0.0,20000.0000000007,20000.000000000233,0.5193734169006348,100.0,,0.0,0.0,0.0,0.0,0.0,0.0,0.0,0.0,0.0,0.0,0.0,0.0,0.0,20000.0
771,T50PQT_20000_20,S2A_MSIL2A_20230601T021611_R003_T50PQT_20230601T103139,200,,0.0,0.0,0.0,0.0,0.0,0.0,0.0,100.0,0.0,0.0,0.0,10000,0,0.0,20000.0000000007,20000.000000000233,0.6916182041168213,100.0,,0.0,0.0,0.0,0.0,0.0,0.0,0.0,0.0,0.0,0.0,0.0,0.0,0.0,20000.0
778,T50PQT_20000_20,S2A_MSIL2A_20230601T021611_R003_T50PQT_20230601T103139,500,,0.0,0.0,0.0,0.0,0.0,0.0,0.0,100.0,0.0,0.0,0.0,1600,0,0.0,20000.0000000007,20000.000000000233,0.5387790203094482,100.0,,0.0,0.0,0.0,0.0,0.0,0.0,0.0,0.0,0.0,0.0,0.0,0.0,0.0,20000.0
785,T50PQT_20000_20,S2A_MSIL2A_20230601T021611_R003_T50PQT_20230601T103139,1000,,0.0,0.0,0.0,0.0,0.0,0.0,0.0,100.0,0.0,0.0,0.0,400,0,0.0,20000.0000000007,20000.000000000233,0.5857465267181396,100.0,,0.0,0.0,0.0,0.0,0.0,0.0,0.0,0.0,0.0,0.0,0.0,0.0,0.0,20000.0
752,T50PQT_20000_20,S2A_MSIL2A_20230611T021541_R003_T50PQT_20230611T092421,20,,0.0,0.0,0.0,0.0,0.0,0.0,0.0,37.3989,62.6011,0.0,0.0,1000000,0,0.0,20000.0000000007,20000.000000000233,4.179880142211914,100.0,,0.0,0.0,0.0,0.0,0.0,0.0,0.0,0.0,0.0,0.0,0.0,0.0,0.0,20000.0
759,T50PQT_20000_20,S2A_MSIL2A_20230611T021541_R003_T50PQT_20230611T092421,50,,0.0,0.0,0.0,0.0,0.0,0.0,0.0,37.390625,62.609375,0.0,0.0,160000,0,0.0,20000.0000000007,20000.000000000233,0.6962733268737793,100.0,,0.0,0.0,0.0,0.0,0.0,0.0,0.0,-0.00827499999999759,0.00827499999999759,0.0,0.0,0.0,0.0,20000.0
766,T50PQT_20000_20,S2A_MSIL2A_20230611T021541_R003_T50PQT_20230611T092421,100,,0.0,0.0,0.0,0.0,0.0,0.0,0.0,37.39,62.61,0.0,0.0,40000,0,0.0,20000.0000000007,20000.000000000233,0.5193734169006348,100.0,,0.0,0.0,0.0,0.0,0.0,0.0,0.0,-0.008899999999997021,0.008899999999997021,0.0,0.0,0.0,0.0,20000.0
773,T50PQT_20000_20,S2A_MSIL2A_20230611T021541_R003_T50PQT_20230611T092421,200,,0.0,0.0,0.0,0.0,0.0,0.0,0.0,36.88,63.12,0.0,0.0,10000,0,0.0,20000.0000000007,20000.000000000233,0.6916182041168213,100.0,,0.0,0.0,0.0,0.0,0.0,0.0,0.0,-0.518899999999995,0.518899999999995,0.0,0.0,0.0,0.0,20000.0
780,T50PQT_20000_20,S2A_MSIL2A_20230611T021541_R003_T50PQT_20230611T092421,500,,0.0,0.0,0.0,0.0,0.0,0.0,0.0,36.75,63.25,0.0,0.0,1600,0,0.0,20000.0000000007,20000.000000000233,0.5387790203094482,100.0,,0.0,0.0,0.0,0.0,0.0,0.0,0.0,-0.6488999999999976,0.6488999999999976,0.0,0.0,0.0,0.0,20000.0
787,T50PQT_20000_20,S2A_MSIL2A_20230611T021541_R003_T50PQT_20230611T092421,1000,,0.0,0.0,0.0,0.0,0.0,0.0,0.0,35.25,64.75,0.0,0.0,400,0,0.0,20000.0000000007,20000.000000000233,0.5857465267181396,100.0,,0.0,0.0,0.0,0.0,0.0,0.0,0.0,-2.1488999999999976,2.1488999999999976,0.0,0.0,0.0,0.0,20000.0
754,T50PQT_20000_20,S2A_MSIL2A_20230621T021541_R003_T50PQT_20230621T085836,20,,0.0,0.0,13.2355,4.0655,0.2713,13.292,0.0606,19.7595,43.9071,5.4085,0.0,1000000,0,0.0,20000.0000000007,20000.000000000233,4.179880142211914,69.0751,,0.0,0.0,0.0,0.0,0.0,0.0,0.0,0.0,0.0,0.0,0.0,0.0,0.0,20000.0
761,T50PQT_20000_20,S2A_MSIL2A_20230621T021541_R003_T50PQT_20230621T085836,50,,0.0,0.0,13.24625,4.0725,0.26625,13.3075,0.055625,19.751875,43.886875,5.413125,0.0,160000,0,0.0,20000.0000000007,20000.000000000233,0.6962733268737793,69.051875,,0.0,0.0,0.010749999999999815,0.006999999999999673,-0.005049999999999999,0.015499999999999403,-0.004975,-0.007625000000000881,-0.020224999999996385,0.004624999999999879,0.0,-0.02322500000001071,0.02322500000001071,20000.0
768,T50PQT_20000_20,S2A_MSIL2A_20230621T021541_R003_T50PQT_20230621T085836,100,,0.0,0.0,13.2625,4.045,0.29,13.32,0.0725,19.71,43.8825,5.4175,0.0,40000,0,0.0,20000.0000000007,20000.000000000233,0.5193734169006348,69.01,,0.0,0.0,0.026999999999999247,-0.020500000000000185,0.018699999999999994,0.02800000000000047,0.011899999999999994,-0.04949999999999832,-0.02459999999999951,0.009000000000000341,0.0,-0.06510000000000105,0.06510000000000105,20000.0
775,T50PQT_20000_20,S2A_MSIL2A_20230621T021541_R003_T50PQT_20230621T085836,200,,0.0,0.01,13.47,4.02,0.36,13.56,0.04,20.08,43.25,5.21,0.0,10000,0,0.0,20000.0000000007,20000.000000000233,0.6916182041168213,68.53999999999999,,0.0,0.01,0.2345000000000006,-0.04550000000000054,0.0887,0.2680000000000007,-0.0206,0.3204999999999991,-0.6570999999999998,-0.19850000000000012,0.0,-0.5351000000000141,0.5351000000000141,20000.0
782,T50PQT_20000_20,S2A_MSIL2A_20230621T021541_R003_T50PQT_20230621T085836,500,,0.0,0.0,13.0,3.9375,0.5,13.75,0.0625,20.0,43.8125,4.9375,0.0,1600,0,0.0,20000.0000000007,20000.000000000233,0.5387790203094482,68.75,,0.0,0.0,-0.23550000000000004,-0.1280000000000001,0.22870000000000001,0.4580000000000002,0.001899999999999999,0.24050000000000082,-0.0945999999999998,-0.4710000000000001,0.0,-0.32510000000000616,0.4580000000000002,20000.0
789,T50PQT_20000_20,S2A_MSIL2A_20230621T021541_R003_T50PQT_20230621T085836,1000,,0.0,0.0,13.0,4.25,0.75,17.0,0.0,19.25,42.25,3.5,0.0,400,0,0.0,20000.0000000007,20000.000000000233,0.5857465267181396,65.0,,0.0,0.0,-0.23550000000000004,0.1844999999999999,0.4787,3.708,-0.0606,-0.5094999999999992,-1.6570999999999998,-1.9085,0.0,-4.075100000000006,4.075100000000006,20000.0
756,T50PQT_20000_20,S2A_MSIL2A_20230701T021541_R003_T50PQT_20230701T082624,20,,0.0,0.0088,3.0918,22.6115,1.0151,4.142,0.2314,7.4821,7.8476,53.5697,0.0,1000000,0,0.0,20000.0000000007,20000.000000000233,4.179880142211914,68.8994,,0.0,0.0,0.0,0.0,0.0,0.0,0.0,0.0,0.0,0.0,0.0,0.0,0.0,20000.0
763,T50PQT_20000_20,S2A_MSIL2A_20230701T021541_R003_T50PQT_20230701T082624,50,,0.0,0.00875,3.07625,22.621875,1.018125,4.1225,0.22625,7.470625,7.846875,53.60875,0.0,160000,0,0.0,20000.0000000007,20000.000000000233,0.6962733268737793,68.92625,,0.0,-4.99999999999997e-05,-0.015550000000000175,0.010374999999999801,0.0030250000000000554,-0.01950000000000074,-0.005149999999999988,-0.011474999999999902,-0.0007250000000000867,0.03905000000000314,0.0,0.026849999999996044,0.026849999999996044,20000.0
770,T50PQT_20000_20,S2A_MSIL2A_20230701T021541_R003_T50PQT_20230701T082624,100,,0.0,0.0075,3.09,22.6525,0.995,4.125,0.235,7.4975,7.85,53.5475,0.0,40000,0,0.0,20000.0000000007,20000.000000000233,0.5193734169006348,68.895,,0.0,-0.0013000000000000008,-0.0018000000000002458,0.04100000000000037,-0.020099999999999896,-0.017000000000000348,0.003599999999999992,0.015399999999999636,0.0023999999999997357,-0.022199999999998,0.0,-0.004400000000003956,0.04100000000000037,20000.0
777,T50PQT_20000_20,S2A_MSIL2A_20230701T021541_R003_T50PQT_20230701T082624,200,,0.0,0.01,3.15,22.53,0.89,4.27,0.28,7.56,7.75,53.56,0.0,10000,0,0.0,20000.0000000007,20000.000000000233,0.6916182041168213,68.87,,0.0,0.0011999999999999997,0.05819999999999981,-0.08149999999999835,-0.12509999999999988,0.12799999999999923,0.04860000000000003,0.07789999999999964,-0.09759999999999991,-0.009699999999995157,0.0,-0.02939999999999543,0.12799999999999923,20000.0
784,T50PQT_20000_20,S2A_MSIL2A_20230701T021541_R003_T50PQT_20230701T082624,500,,0.0,0.0,2.625,22.6875,0.75,4.3125,0.0625,7.25,8.25,54.0625,0.0,1600,0,0.0,20000.0000000007,20000.000000000233,0.5387790203094482,69.5625,,0.0,-0.0088,-0.4668000000000001,0.07600000000000051,-0.2650999999999999,0.17049999999999965,-0.1689,-0.23209999999999997,0.4024000000000001,0.49280000000000257,0.0,0.6631,0.6631,20000.0
791,T50PQT_20000_20,S2A_MSIL2A_20230701T021541_R003_T50PQT_20230701T082624,1000,,0.0,0.0,2.75,21.0,1.0,5.5,0.75,7.75,7.5,53.75,0.0,400,0,0.0,20000.0000000007,20000.000000000233,0.5857465267181396,69.0,,0.0,-0.0088,-0.3418000000000001,-1.6114999999999995,-0.015099999999999891,1.3579999999999997,0.5186,0.2679,-0.3475999999999999,0.18030000000000257,0.0,0.10060000000000002,1.6114999999999995,20000.0
751,T50PQT_20000_20,S2B_MSIL2A_20230606T021539_R003_T50PQT_20230606T073506,20,,0.0,0.0088,5.9311,21.5504,0.6439,18.4884,0.5129,18.3761,22.2849,12.2035,0.0,1000000,0,0.0,20000.0000000007,20000.000000000233,4.179880142211914,52.8645,,0.0,0.0,0.0,0.0,0.0,0.0,0.0,0.0,0.0,0.0,0.0,0.0,0.0,20000.0
758,T50PQT_20000_20,S2B_MSIL2A_20230606T021539_R003_T50PQT_20230606T073506,50,,0.0,0.009375,5.913125,21.5975,0.640625,18.56375,0.493125,18.364375,22.24875,12.169375,0.0,160000,0,0.0,20000.0000000007,20000.000000000233,0.6962733268737793,52.7825,,0.0,0.0005749999999999991,-0.017974999999999852,0.047100000000000364,-0.003275000000000028,0.07535000000000025,-0.019775000000000043,-0.011725000000001984,-0.03614999999999924,-0.03412499999999952,0.0,-0.08200000000000074,0.08200000000000074,20000.0
765,T50PQT_20000_20,S2B_MSIL2A_20230606T021539_R003_T50PQT_20230606T073506,100,,0.0,0.0075,5.8375,21.5775,0.6625,18.5425,0.5425,18.33,22.345,12.155,0.0,40000,0,0.0,20000.0000000007,20000.000000000233,0.5193734169006348,52.83,,0.0,-0.0013000000000000008,-0.09359999999999946,0.02710000000000079,0.01859999999999995,0.05410000000000181,0.02959999999999996,-0.046100000000002694,0.06009999999999849,-0.048500000000000654,0.0,-0.03450000000000131,0.09359999999999946,20000.0
772,T50PQT_20000_20,S2B_MSIL2A_20230606T021539_R003_T50PQT_20230606T073506,200,,0.0,0.01,5.92,21.8,0.64,19.12,0.49,18.36,21.75,11.91,0.0,10000,0,0.0,20000.0000000007,20000.000000000233,0.6916182041168213,52.019999999999996,,0.0,0.0011999999999999997,-0.011099999999999888,0.24960000000000093,-0.0039000000000000146,0.6316000000000024,-0.02290000000000003,-0.016100000000001558,-0.5349000000000004,-0.29349999999999987,0.0,-0.8445000000000036,0.8445000000000036,20000.0
779,T50PQT_20000_20,S2B_MSIL2A_20230606T021539_R003_T50PQT_20230606T073506,500,,0.0,0.0,5.6875,21.9375,0.8125,19.5,0.375,17.125,22.375,12.1875,0.0,1600,0,0.0,20000.0000000007,20000.000000000233,0.5387790203094482,51.6875,,0.0,-0.0088,-0.24359999999999982,0.3871000000000002,0.16859999999999997,1.0116000000000014,-0.13790000000000002,-1.251100000000001,0.09009999999999962,-0.016000000000000014,0.0,-1.1769999999999996,1.1769999999999996,20000.0
786,T50PQT_20000_20,S2B_MSIL2A_20230606T021539_R003_T50PQT_20230606T073506,1000,,0.0,0.0,7.0,23.0,0.5,22.0,0.5,13.75,22.25,11.0,0.0,400,0,0.0,20000.0000000007,20000.000000000233,0.5857465267181396,47.0,,0.0,-0.0088,1.0689000000000002,1.4496000000000002,-0.14390000000000003,3.5116000000000014,-0.012900000000000023,-4.626100000000001,-0.034900000000000375,-1.2035,0.0,-5.8645,5.8645,20000.0
753,T50PQT_20000_20,S2B_MSIL2A_20230616T021539_R003_T50PQT_20230616T083239,20,,0.0,0.0,0.0124,0.0,0.0035,0.3887,0.0,12.4714,33.6022,53.5218,0.0,1000000,0,0.0,20000.0000000007,20000.000000000233,4.179880142211914,99.5954,,0.0,0.0,0.0,0.0,0.0,0.0,0.0,0.0,0.0,0.0,0.0,0.0,0.0,20000.0
760,T50PQT_20000_20,S2B_MSIL2A_20230616T021539_R003_T50PQT_20230616T083239,50,,0.0,0.0,0.01125,0.0,0.00375,0.39,0.0,12.420625,33.5475,53.626875,0.0,160000,0,0.0,20000.0000000007,20000.000000000233,0.6962733268737793,99.595,,0.0,0.0,-0.00115,0.0,0.0002499999999999998,0.0013000000000000234,0.0,-0.05077499999999979,-0.05470000000000397,0.10507499999999936,0.0,-0.00039999999999906777,0.0013000000000000234,20000.0
767,T50PQT_20000_20,S2B_MSIL2A_20230616T021539_R003_T50PQT_20230616T083239,100,,0.0,0.0,0.0075,0.0,0.005,0.4,0.0,12.4475,33.54,53.6,0.0,40000,0,0.0,20000.0000000007,20000.000000000233,0.5193734169006348,99.5875,,0.0,0.0,-0.0049,0.0,0.0015,0.011300000000000032,0.0,-0.023899999999999366,-0.06220000000000425,0.07820000000000249,0.0,-0.007899999999992247,0.011300000000000032,20000.0
774,T50PQT_20000_20,S2B_MSIL2A_20230616T021539_R003_T50PQT_20230616T083239,200,,0.0,0.0,0.01,0.0,0.0,0.35,0.0,12.52,33.01,54.11,0.0,10000,0,0.0,20000.0000000007,20000.000000000233,0.6916182041168213,99.64,,0.0,0.0,-0.0023999999999999994,0.0,-0.0035,-0.03870000000000001,0.0,0.04860000000000042,-0.5922000000000054,0.5882000000000005,0.0,0.04460000000000264,0.04460000000000264,20000.0
781,T50PQT_20000_20,S2B_MSIL2A_20230616T021539_R003_T50PQT_20230616T083239,500,,0.0,0.0,0.0,0.0,0.0625,0.25,0.0,12.9375,31.9375,54.8125,0.0,1600,0,0.0,20000.0000000007,20000.000000000233,0.5387790203094482,99.6875,,0.0,0.0,-0.0124,0.0,0.059,-0.1387,0.0,0.46610000000000085,-1.6647000000000034,1.290700000000001,0.0,0.09210000000000207,0.1387,20000.0
788,T50PQT_20000_20,S2B_MSIL2A_20230616T021539_R003_T50PQT_20230616T083239,1000,,0.0,0.0,0.0,0.0,0.0,0.0,0.0,11.5,30.75,57.75,0.0,400,0,0.0,20000.0000000007,20000.000000000233,0.5857465267181396,100.0,,0.0,0.0,-0.0124,0.0,-0.0035,-0.3887,0.0,-0.9713999999999992,-2.8522000000000034,4.228200000000001,0.0,0.40460000000000207,0.40460000000000207,20000.0
755,T50PQT_20000_20,S2B_MSIL2A_20230626T021539_R003_T50PQT_20230626T074054,20,,0.0,0.0021,1.4993,0.0079,0.0296,1.3602,0.0014,40.7329,47.6535,8.7131,0.0,1000000,0,0.0,20000.0000000007,20000.000000000233,4.179880142211914,97.0995,,0.0,0.0,0.0,0.0,0.0,0.0,0.0,0.0,0.0,0.0,0.0,0.0,0.0,20000.0
762,T50PQT_20000_20,S2B_MSIL2A_20230626T021539_R003_T50PQT_20230626T074054,50,,0.0,0.001875,1.504375,0.00625,0.033125,1.326875,0.003125,40.7525,47.72125,8.650625,0.0,160000,0,0.0,20000.0000000007,20000.000000000233,0.6962733268737793,97.124375,,0.0,-0.00022499999999999994,0.005074999999999941,-0.0016500000000000004,0.0035250000000000004,-0.03332500000000005,0.0017250000000000002,0.019599999999996953,0.06774999999999665,-0.062475000000000946,0.0,0.02487499999999443,0.03332500000000005,20000.0
769,T50PQT_20000_20,S2B_MSIL2A_20230626T021539_R003_T50PQT_20230626T074054,100,,0.0,0.0025,1.47,0.005,0.0275,1.32,0.0025,40.8,47.725,8.6475,0.0,40000,0,0.0,20000.0000000007,20000.000000000233,0.5193734169006348,97.17250000000001,,0.0,0.0004000000000000002,-0.029300000000000104,-0.0029000000000000007,-0.002100000000000001,-0.040200000000000014,0.0011,0.06709999999999638,0.07150000000000034,-0.06559999999999988,0.0,0.0730000000000075,0.0730000000000075,20000.0
776,T50PQT_20000_20,S2B_MSIL2A_20230626T021539_R003_T50PQT_20230626T074054,200,,0.0,0.0,1.37,0.0,0.02,1.1,0.0,41.31,47.77,8.43,0.0,10000,0,0.0,20000.0000000007,20000.000000000233,0.6916182041168213,97.51000000000002,,0.0,-0.0021,-0.12929999999999997,-0.0079,-0.009600000000000001,-0.2602,-0.0014,0.5771000000000015,0.11650000000000205,-0.283100000000001,0.0,0.4105000000000132,0.4105000000000132,20000.0
783,T50PQT_20000_20,S2B_MSIL2A_20230626T021539_R003_T50PQT_20230626T074054,500,,0.0,0.0,1.8125,0.0,0.0,0.6875,0.0,39.0625,50.125,8.3125,0.0,1600,0,0.0,20000.0000000007,20000.000000000233,0.5387790203094482,97.5,,0.0,-0.0021,0.3131999999999999,-0.0079,-0.0296,-0.6727000000000001,-0.0014,-1.6704000000000008,2.471499999999999,-0.40060000000000073,0.0,0.40049999999999386,0.6727000000000001,20000.0
790,T50PQT_20000_20,S2B_MSIL2A_20230626T021539_R003_T50PQT_20230626T074054,1000,,0.0,0.0,1.25,0.0,0.0,0.0,0.0,42.0,50.5,6.25,0.0,400,0,0.0,20000.0000000007,20000.000000000233,0.5857465267181396,98.75,,0.0,-0.0021,-0.24930000000000008,-0.0079,-0.0296,-1.3602,-0.0014,1.2670999999999992,2.846499999999999,-2.4631000000000007,0.0,1.6504999999999939,1.6504999999999939,20000.0
792,T50PQT_20000_21,S2A_MSIL2A_20230601T021611_R003_T50PQT_20230601T103139,20,,0.0,0.0,0.0,0.0,0.0,0.0,0.0,100.0,0.0,0.0,0.0,1000000,0,0.0,19999.999999998603,20000.0,0.6730985641479492,100.0,,0.0,0.0,0.0,0.0,0.0,0.0,0.0,0.0,0.0,0.0,0.0,0.0,0.0,20000.0
799,T50PQT_20000_21,S2A_MSIL2A_20230601T021611_R003_T50PQT_20230601T103139,50,,0.0,0.0,0.0,0.0,0.0,0.0,0.0,100.0,0.0,0.0,0.0,160000,0,0.0,19999.999999998603,20000.0,0.5387179851531982,100.0,,0.0,0.0,0.0,0.0,0.0,0.0,0.0,0.0,0.0,0.0,0.0,0.0,0.0,20000.0
806,T50PQT_20000_21,S2A_MSIL2A_20230601T021611_R003_T50PQT_20230601T103139,100,,0.0,0.0,0.0,0.0,0.0,0.0,0.0,100.0,0.0,0.0,0.0,40000,0,0.0,19999.999999998603,20000.0,0.5061860084533691,100.0,,0.0,0.0,0.0,0.0,0.0,0.0,0.0,0.0,0.0,0.0,0.0,0.0,0.0,20000.0
813,T50PQT_20000_21,S2A_MSIL2A_20230601T021611_R003_T50PQT_20230601T103139,200,,0.0,0.0,0.0,0.0,0.0,0.0,0.0,100.0,0.0,0.0,0.0,10000,0,0.0,19999.999999998603,20000.0,0.5173254013061523,100.0,,0.0,0.0,0.0,0.0,0.0,0.0,0.0,0.0,0.0,0.0,0.0,0.0,0.0,20000.0
820,T50PQT_20000_21,S2A_MSIL2A_20230601T021611_R003_T50PQT_20230601T103139,500,,0.0,0.0,0.0,0.0,0.0,0.0,0.0,100.0,0.0,0.0,0.0,1600,0,0.0,19999.999999998603,20000.0,0.498227596282959,100.0,,0.0,0.0,0.0,0.0,0.0,0.0,0.0,0.0,0.0,0.0,0.0,0.0,0.0,20000.0
827,T50PQT_20000_21,S2A_MSIL2A_20230601T021611_R003_T50PQT_20230601T103139,1000,,0.0,0.0,0.0,0.0,0.0,0.0,0.0,100.0,0.0,0.0,0.0,400,0,0.0,19999.999999998603,20000.0,0.616851806640625,100.0,,0.0,0.0,0.0,0.0,0.0,0.0,0.0,0.0,0.0,0.0,0.0,0.0,0.0,20000.0
794,T50PQT_20000_21,S2A_MSIL2A_20230611T021541_R003_T50PQT_20230611T092421,20,,0.0,0.0,0.0,0.0,0.0,0.0,0.0,84.0136,15.9864,0.0,0.0,1000000,0,0.0,19999.999999998603,20000.0,0.6730985641479492,100.0,,0.0,0.0,0.0,0.0,0.0,0.0,0.0,0.0,0.0,0.0,0.0,0.0,0.0,20000.0
801,T50PQT_20000_21,S2A_MSIL2A_20230611T021541_R003_T50PQT_20230611T092421,50,,0.0,0.0,0.0,0.0,0.0,0.0,0.0,84.01625,15.98375,0.0,0.0,160000,0,0.0,19999.999999998603,20000.0,0.5387179851531982,100.0,,0.0,0.0,0.0,0.0,0.0,0.0,0.0,0.0026500000000027057,-0.002649999999999153,0.0,0.0,0.0,0.0,20000.0
808,T50PQT_20000_21,S2A_MSIL2A_20230611T021541_R003_T50PQT_20230611T092421,100,,0.0,0.0,0.0,0.0,0.0,0.0,0.0,83.9975,16.0025,0.0,0.0,40000,0,0.0,19999.999999998603,20000.0,0.5061860084533691,100.0,,0.0,0.0,0.0,0.0,0.0,0.0,0.0,-0.016099999999994452,0.016100000000001558,0.0,0.0,0.0,0.0,20000.0
815,T50PQT_20000_21,S2A_MSIL2A_20230611T021541_R003_T50PQT_20230611T092421,200,,0.0,0.0,0.0,0.0,0.0,0.0,0.0,83.75,16.25,0.0,0.0,10000,0,0.0,19999.999999998603,20000.0,0.5173254013061523,100.0,,0.0,0.0,0.0,0.0,0.0,0.0,0.0,-0.2635999999999967,0.2636000000000003,0.0,0.0,0.0,0.0,20000.0
822,T50PQT_20000_21,S2A_MSIL2A_20230611T021541_R003_T50PQT_20230611T092421,500,,0.0,0.0,0.0,0.0,0.0,0.0,0.0,83.0625,16.9375,0.0,0.0,1600,0,0.0,19999.999999998603,20000.0,0.498227596282959,100.0,,0.0,0.0,0.0,0.0,0.0,0.0,0.0,-0.9510999999999967,0.9511000000000003,0.0,0.0,0.0,0.0,20000.0
829,T50PQT_20000_21,S2A_MSIL2A_20230611T021541_R003_T50PQT_20230611T092421,1000,,0.0,0.0,0.0,0.0,0.0,0.0,0.0,83.25,16.75,0.0,0.0,400,0,0.0,19999.999999998603,20000.0,0.616851806640625,100.0,,0.0,0.0,0.0,0.0,0.0,0.0,0.0,-0.7635999999999967,0.7636000000000003,0.0,0.0,0.0,0.0,20000.0
796,T50PQT_20000_21,S2A_MSIL2A_20230621T021541_R003_T50PQT_20230621T085836,20,,0.0,0.0,0.5679,0.0044,0.0071,0.6343,0.0044,19.8215,48.6653,30.2951,0.0,1000000,0,0.0,19999.999999998603,20000.0,0.6730985641479492,98.78190000000001,,0.0,0.0,0.0,0.0,0.0,0.0,0.0,0.0,0.0,0.0,0.0,0.0,0.0,20000.0
803,T50PQT_20000_21,S2A_MSIL2A_20230621T021541_R003_T50PQT_20230621T085836,50,,0.0,0.0,0.563125,0.005,0.008125,0.638125,0.003125,19.791875,48.733125,30.2575,0.0,160000,0,0.0,19999.999999998603,20000.0,0.5387179851531982,98.7825,,0.0,0.0,-0.004774999999999974,0.0005999999999999998,0.0010249999999999999,0.0038250000000000783,-0.001275,-0.029624999999999346,0.06782499999999914,-0.03760000000000119,0.0,0.0005999999999914962,0.004774999999999974,20000.0
810,T50PQT_20000_21,S2A_MSIL2A_20230621T021541_R003_T50PQT_20230621T085836,100,,0.0,0.0,0.5575,0.0125,0.0025,0.645,0.0025,19.7125,48.8425,30.225,0.0,40000,0,0.0,19999.999999998603,20000.0,0.5061860084533691,98.78,,0.0,0.0,-0.010399999999999965,0.0081,-0.0046,0.010700000000000043,-0.0019000000000000002,-0.10900000000000176,0.17719999999999914,-0.07010000000000005,0.0,-0.00190000000000623,0.010700000000000043,20000.0
817,T50PQT_20000_21,S2A_MSIL2A_20230621T021541_R003_T50PQT_20230621T085836,200,,0.0,0.0,0.65,0.01,0.0,0.62,0.0,19.7,48.63,30.39,0.0,10000,0,0.0,19999.999999998603,20000.0,0.5173254013061523,98.72,,0.0,0.0,0.08210000000000006,0.0056,-0.0071,-0.01429999999999998,-0.0044,-0.12150000000000105,-0.03529999999999944,0.0948999999999991,0.0,-0.061900000000008504,0.08210000000000006,20000.0
824,T50PQT_20000_21,S2A_MSIL2A_20230621T021541_R003_T50PQT_20230621T085836,500,,0.0,0.0,0.6875,0.0,0.0625,0.75,0.0,21.5,47.4375,29.5625,0.0,1600,0,0.0,19999.999999998603,20000.0,0.498227596282959,98.5,,0.0,0.0,0.11960000000000004,-0.0044,0.0554,0.11570000000000003,-0.0044,1.6784999999999997,-1.227800000000002,-0.7326000000000015,0.0,-0.28190000000000737,0.28190000000000737,20000.0
831,T50PQT_20000_21,S2A_MSIL2A_20230621T021541_R003_T50PQT_20230621T085836,1000,,0.0,0.0,1.0,0.0,0.0,0.5,0.0,19.75,47.5,31.25,0.0,400,0,0.0,19999.999999998603,20000.0,0.616851806640625,98.5,,0.0,0.0,0.43210000000000004,-0.0044,-0.0071,-0.13429999999999997,-0.0044,-0.07150000000000034,-1.165300000000002,0.9548999999999985,0.0,-0.28190000000000737,0.43210000000000004,20000.0
798,T50PQT_20000_21,S2A_MSIL2A_20230701T021541_R003_T50PQT_20230701T082624,20,,0.0,0.0035,0.1847,2.0556,0.14,1.2011,0.0207,35.2349,0.8561,60.3034,0.0,1000000,0,0.0,19999.999999998603,20000.0,0.6730985641479492,96.3944,,0.0,0.0,0.0,0.0,0.0,0.0,0.0,0.0,0.0,0.0,0.0,0.0,0.0,20000.0
805,T50PQT_20000_21,S2A_MSIL2A_20230701T021541_R003_T50PQT_20230701T082624,50,,0.0,0.0025,0.183125,2.053125,0.13875,1.200625,0.025,35.14,0.8575,60.399375,0.0,160000,0,0.0,19999.999999998603,20000.0,0.5387179851531982,96.396875,,0.0,-0.001,-0.001574999999999993,-0.002475000000000005,-0.0012500000000000011,-0.0004750000000000032,0.004300000000000002,-0.09490000000000265,0.0014000000000000679,0.0959749999999957,0.0,0.002474999999989791,0.004300000000000002,20000.0
812,T50PQT_20000_21,S2A_MSIL2A_20230701T021541_R003_T50PQT_20230701T082624,100,,0.0,0.0025,0.1675,2.0725,0.1475,1.215,0.015,35.1275,0.84,60.4125,0.0,40000,0,0.0,19999.999999998603,20000.0,0.5061860084533691,96.38,,0.0,-0.001,-0.017199999999999993,0.016899999999999693,0.007499999999999979,0.013900000000000023,-0.0057,-0.10740000000000549,-0.016100000000000003,0.10909999999999798,0.0,-0.014400000000009072,0.017199999999999993,20000.0
819,T50PQT_20000_21,S2A_MSIL2A_20230701T021541_R003_T50PQT_20230701T082624,200,,0.0,0.01,0.2,2.21,0.17,1.2,0.04,34.08,0.82,61.27,0.0,10000,0,0.0,19999.999999998603,20000.0,0.5173254013061523,96.17,,0.0,0.006500000000000001,0.015300000000000008,0.15439999999999987,0.03,-0.001100000000000101,0.0193,-1.154900000000005,-0.03610000000000002,0.9665999999999997,0.0,-0.22440000000000282,0.22440000000000282,20000.0
826,T50PQT_20000_21,S2A_MSIL2A_20230701T021541_R003_T50PQT_20230701T082624,500,,0.0,0.0,0.125,2.4375,0.25,1.25,0.0,33.125,0.875,61.9375,0.0,1600,0,0.0,19999.999999998603,20000.0,0.498227596282959,95.9375,,0.0,-0.0035,-0.0597,0.3818999999999999,0.10999999999999999,0.048899999999999944,-0.0207,-2.109900000000003,0.018900000000000028,1.6340999999999966,0.0,-0.4569000000000045,0.4569000000000045,20000.0
833,T50PQT_20000_21,S2A_MSIL2A_20230701T021541_R003_T50PQT_20230701T082624,1000,,0.0,0.0,0.25,3.5,0.0,0.75,0.25,29.0,0.75,65.5,0.0,400,0,0.0,19999.999999998603,20000.0,0.616851806640625,95.25,,0.0,-0.0035,0.0653,1.4444,-0.14,-0.45110000000000006,0.2293,-6.234900000000003,-0.10609999999999997,5.1965999999999966,0.0,-1.1444000000000045,1.4444,20000.0
793,T50PQT_20000_21,S2B_MSIL2A_20230606T021539_R003_T50PQT_20230606T073506,20,,0.0,0.0229,1.2614,5.2373,0.2609,42.3847,0.1328,13.9655,25.653,11.0815,0.0,1000000,0,0.0,19999.999999998603,20000.0,0.6730985641479492,50.699999999999996,,0.0,0.0,0.0,0.0,0.0,0.0,0.0,0.0,0.0,0.0,0.0,0.0,0.0,20000.0
800,T50PQT_20000_21,S2B_MSIL2A_20230606T021539_R003_T50PQT_20230606T073506,50,,0.0,0.02375,1.27125,5.219375,0.270625,42.370625,0.13,13.929375,25.706875,11.078125,0.0,160000,0,0.0,19999.999999998603,20000.0,0.5387179851531982,50.714375000000004,,0.0,0.0008500000000000001,0.009849999999999914,-0.01792499999999997,0.009724999999999984,-0.014075000000005389,-0.002799999999999997,-0.036125000000000185,0.05387500000000145,-0.003375000000000128,0.0,0.014375000000008242,0.01792499999999997,20000.0
807,T50PQT_20000_21,S2B_MSIL2A_20230606T021539_R003_T50PQT_20230606T073506,100,,0.0,0.0275,1.265,5.2375,0.2575,42.36,0.13,13.975,25.7225,11.025,0.0,40000,0,0.0,19999.999999998603,20000.0,0.5061860084533691,50.7225,,0.0,0.0046,0.0035999999999998256,0.00019999999999953388,-0.003400000000000014,-0.02470000000000283,-0.002799999999999997,0.009499999999999176,0.06950000000000145,-0.05649999999999977,0.0,0.022500000000000853,0.02470000000000283,20000.0
814,T50PQT_20000_21,S2B_MSIL2A_20230606T021539_R003_T50PQT_20230606T073506,200,,0.0,0.01,1.25,5.34,0.27,42.11,0.12,14.27,25.78,10.85,0.0,10000,0,0.0,19999.999999998603,20000.0,0.5173254013061523,50.9,,0.0,-0.0129,-0.011400000000000077,0.10269999999999957,0.009099999999999997,-0.27470000000000283,-0.012800000000000006,0.3044999999999991,0.12700000000000244,-0.23150000000000048,0.0,0.20000000000000284,0.27470000000000283,20000.0
821,T50PQT_20000_21,S2B_MSIL2A_20230606T021539_R003_T50PQT_20230606T073506,500,,0.0,0.0,1.375,5.0625,0.0625,41.9375,0.1875,14.0,27.0625,10.3125,0.0,1600,0,0.0,19999.999999998603,20000.0,0.498227596282959,51.375,,0.0,-0.0229,0.11359999999999992,-0.1748000000000003,-0.19840000000000002,-0.44720000000000226,0.0547,0.03449999999999953,1.4095000000000013,-0.7690000000000001,0.0,0.6750000000000043,0.6750000000000043,20000.0
828,T50PQT_20000_21,S2B_MSIL2A_20230606T021539_R003_T50PQT_20230606T073506,1000,,0.0,0.0,0.5,7.0,0.25,40.0,0.0,18.25,26.0,8.0,0.0,400,0,0.0,19999.999999998603,20000.0,0.616851806640625,52.25,,0.0,-0.0229,-0.7614000000000001,1.7626999999999997,-0.01090000000000002,-2.3847000000000023,-0.1328,4.2844999999999995,0.3470000000000013,-3.0815,0.0,1.5500000000000043,2.3847000000000023,20000.0
795,T50PQT_20000_21,S2B_MSIL2A_20230616T021539_R003_T50PQT_20230616T083239,20,,0.0,0.0205,1.5574,3.7151,0.113,63.0501,0.0434,4.1089,10.4725,16.9191,0.0,1000000,0,0.0,19999.999999998603,20000.0,0.6730985641479492,31.500500000000002,,0.0,0.0,0.0,0.0,0.0,0.0,0.0,0.0,0.0,0.0,0.0,0.0,0.0,20000.0
802,T50PQT_20000_21,S2B_MSIL2A_20230616T021539_R003_T50PQT_20230616T083239,50,,0.0,0.020625,1.55625,3.72375,0.11,63.04875,0.044375,4.0725,10.483125,16.940625,0.0,160000,0,0.0,19999.999999998603,20000.0,0.5387179851531982,31.49625,,0.0,0.0001250000000000001,-0.0011499999999999844,0.008649999999999824,-0.0030000000000000027,-0.0013500000000021828,0.0009749999999999967,-0.03640000000000043,0.010624999999999218,0.02152500000000046,0.0,-0.0042500000000025295,0.008649999999999824,20000.0
809,T50PQT_20000_21,S2B_MSIL2A_20230616T021539_R003_T50PQT_20230616T083239,100,,0.0,0.0125,1.5625,3.7375,0.1075,63.05,0.0425,4.06,10.485,16.9425,0.0,40000,0,0.0,19999.999999998603,20000.0,0.5061860084533691,31.487499999999997,,0.0,-0.008,0.0051000000000001044,0.022399999999999753,-0.005500000000000005,-0.00010000000000331966,-0.000899999999999998,-0.04890000000000061,0.01249999999999929,0.023399999999998755,0.0,-0.01300000000000523,0.022399999999999753,20000.0
816,T50PQT_20000_21,S2B_MSIL2A_20230616T021539_R003_T50PQT_20230616T083239,200,,0.0,0.02,1.51,3.81,0.09,62.67,0.03,4.24,10.51,17.12,0.0,10000,0,0.0,19999.999999998603,20000.0,0.5173254013061523,31.87,,0.0,-0.0005000000000000004,-0.04739999999999989,0.09489999999999998,-0.023000000000000007,-0.38009999999999877,-0.013400000000000002,0.1311,0.037499999999999645,0.20090000000000074,0.0,0.3694999999999986,0.38009999999999877,20000.0
823,T50PQT_20000_21,S2B_MSIL2A_20230616T021539_R003_T50PQT_20230616T083239,500,,0.0,0.0,1.625,3.8125,0.125,62.625,0.0625,4.0,10.375,17.375,0.0,1600,0,0.0,19999.999999998603,20000.0,0.498227596282959,31.75,,0.0,-0.0205,0.0676000000000001,0.09739999999999993,0.011999999999999997,-0.4251000000000005,0.0191,-0.10890000000000022,-0.09750000000000014,0.45589999999999975,0.0,0.2494999999999976,0.4251000000000005,20000.0
830,T50PQT_20000_21,S2B_MSIL2A_20230616T021539_R003_T50PQT_20230616T083239,1000,,0.0,0.0,1.5,3.5,0.0,60.25,0.0,4.25,11.5,19.0,0.0,400,0,0.0,19999.999999998603,20000.0,0.616851806640625,34.75,,0.0,-0.0205,-0.057399999999999896,-0.21510000000000007,-0.113,-2.8001000000000005,-0.0434,0.14109999999999978,1.0274999999999999,2.0808999999999997,0.0,3.2494999999999976,3.2494999999999976,20000.0
797,T50PQT_20000_21,S2B_MSIL2A_20230626T021539_R003_T50PQT_20230626T074054,20,,0.0,0.028,4.7401,1.7354,0.0575,67.1879,0.0614,5.0767,7.6142,13.4988,0.0,1000000,0,0.0,19999.999999998603,20000.0,0.6730985641479492,26.1897,,0.0,0.0,0.0,0.0,0.0,0.0,0.0,0.0,0.0,0.0,0.0,0.0,0.0,20000.0
804,T50PQT_20000_21,S2B_MSIL2A_20230626T021539_R003_T50PQT_20230626T074054,50,,0.0,0.026875,4.7275,1.7325,0.065,67.125625,0.064375,5.0875,7.61875,13.551875,0.0,160000,0,0.0,19999.999999998603,20000.0,0.5387179851531982,26.258125,,0.0,-0.001125000000000001,-0.012599999999999945,-0.0029000000000001247,0.0075,-0.062274999999999636,0.0029749999999999985,0.010800000000000587,0.004550000000000054,0.05307500000000154,0.0,0.06842500000000129,0.06842500000000129,20000.0
811,T50PQT_20000_21,S2B_MSIL2A_20230626T021539_R003_T50PQT_20230626T074054,100,,0.0,0.03,4.725,1.745,0.05,67.135,0.065,5.0775,7.6525,13.52,0.0,40000,0,0.0,19999.999999998603,20000.0,0.5061860084533691,26.25,,0.0,0.0019999999999999983,-0.015100000000000335,0.009600000000000053,-0.0075,-0.05289999999999395,0.003599999999999999,0.0007999999999999119,0.03829999999999956,0.02120000000000033,0.0,0.060300000000001575,0.060300000000001575,20000.0
818,T50PQT_20000_21,S2B_MSIL2A_20230626T021539_R003_T50PQT_20230626T074054,200,,0.0,0.02,4.76,1.79,0.05,66.42,0.04,5.43,7.66,13.83,0.0,10000,0,0.0,19999.999999998603,20000.0,0.5173254013061523,26.92,,0.0,-0.008,0.019899999999999807,0.05459999999999998,-0.0075,-0.7678999999999974,-0.021400000000000002,0.35329999999999995,0.04579999999999984,0.3312000000000008,0.0,0.7303000000000033,0.7678999999999974,20000.0
825,T50PQT_20000_21,S2B_MSIL2A_20230626T021539_R003_T50PQT_20230626T074054,500,,0.0,0.0,4.75,1.875,0.0625,66.4375,0.0625,5.25,7.875,13.6875,0.0,1600,0,0.0,19999.999999998603,20000.0,0.498227596282959,26.8125,,0.0,-0.028,0.00990000000000002,0.13959999999999995,0.0049999999999999975,-0.7503999999999991,0.0010999999999999968,0.17330000000000023,0.2607999999999997,0.18870000000000076,0.0,0.6228000000000016,0.7503999999999991,20000.0
832,T50PQT_20000_21,S2B_MSIL2A_20230626T021539_R003_T50PQT_20230626T074054,1000,,0.0,0.0,5.75,1.75,0.0,61.75,0.0,5.75,9.75,15.25,0.0,400,0,0.0,19999.999999998603,20000.0,0.616851806640625,30.75,,0.0,-0.028,1.0099,0.014599999999999946,-0.0575,-5.437899999999999,-0.0614,0.6733000000000002,2.1357999999999997,1.7512000000000008,0.0,4.560300000000002,5.437899999999999,20000.0
834,T50PQT_20000_22,S2A_MSIL2A_20230601T021611_R003_T50PQT_20230601T103139,20,,0.0,0.0,0.0,0.0,0.0,0.0,0.0,100.0,0.0,0.0,0.0,1000000,0,0.0,20000.00000000093,20000.000000000233,0.644660234451294,100.0,,0.0,0.0,0.0,0.0,0.0,0.0,0.0,0.0,0.0,0.0,0.0,0.0,0.0,20000.0
841,T50PQT_20000_22,S2A_MSIL2A_20230601T021611_R003_T50PQT_20230601T103139,50,,0.0,0.0,0.0,0.0,0.0,0.0,0.0,100.0,0.0,0.0,0.0,160000,0,0.0,20000.00000000093,20000.000000000233,0.568570613861084,100.0,,0.0,0.0,0.0,0.0,0.0,0.0,0.0,0.0,0.0,0.0,0.0,0.0,0.0,20000.0
848,T50PQT_20000_22,S2A_MSIL2A_20230601T021611_R003_T50PQT_20230601T103139,100,,0.0,0.0,0.0,0.0,0.0,0.0,0.0,100.0,0.0,0.0,0.0,40000,0,0.0,20000.00000000093,20000.000000000233,0.580167293548584,100.0,,0.0,0.0,0.0,0.0,0.0,0.0,0.0,0.0,0.0,0.0,0.0,0.0,0.0,20000.0
855,T50PQT_20000_22,S2A_MSIL2A_20230601T021611_R003_T50PQT_20230601T103139,200,,0.0,0.0,0.0,0.0,0.0,0.0,0.0,100.0,0.0,0.0,0.0,10000,0,0.0,20000.00000000093,20000.000000000233,0.5638840198516846,100.0,,0.0,0.0,0.0,0.0,0.0,0.0,0.0,0.0,0.0,0.0,0.0,0.0,0.0,20000.0
862,T50PQT_20000_22,S2A_MSIL2A_20230601T021611_R003_T50PQT_20230601T103139,500,,0.0,0.0,0.0,0.0,0.0,0.0,0.0,100.0,0.0,0.0,0.0,1600,0,0.0,20000.00000000093,20000.000000000233,0.5180563926696777,100.0,,0.0,0.0,0.0,0.0,0.0,0.0,0.0,0.0,0.0,0.0,0.0,0.0,0.0,20000.0
869,T50PQT_20000_22,S2A_MSIL2A_20230601T021611_R003_T50PQT_20230601T103139,1000,,0.0,0.0,0.0,0.0,0.0,0.0,0.0,100.0,0.0,0.0,0.0,400,0,0.0,20000.00000000093,20000.000000000233,0.5023527145385742,100.0,,0.0,0.0,0.0,0.0,0.0,0.0,0.0,0.0,0.0,0.0,0.0,0.0,0.0,20000.0
836,T50PQT_20000_22,S2A_MSIL2A_20230611T021541_R003_T50PQT_20230611T092421,20,,0.0,0.0,0.0,0.0,0.0,0.0,0.0,99.9729,0.0271,0.0,0.0,1000000,0,0.0,20000.00000000093,20000.000000000233,0.644660234451294,100.0,,0.0,0.0,0.0,0.0,0.0,0.0,0.0,0.0,0.0,0.0,0.0,0.0,0.0,20000.0
843,T50PQT_20000_22,S2A_MSIL2A_20230611T021541_R003_T50PQT_20230611T092421,50,,0.0,0.0,0.0,0.0,0.0,0.0,0.0,99.9725,0.0275,0.0,0.0,160000,0,0.0,20000.00000000093,20000.000000000233,0.568570613861084,100.0,,0.0,0.0,0.0,0.0,0.0,0.0,0.0,-0.00039999999999906777,0.00040000000000000105,0.0,0.0,0.0,0.0,20000.0
850,T50PQT_20000_22,S2A_MSIL2A_20230611T021541_R003_T50PQT_20230611T092421,100,,0.0,0.0,0.0,0.0,0.0,0.0,0.0,99.965,0.035,0.0,0.0,40000,0,0.0,20000.00000000093,20000.000000000233,0.580167293548584,100.0,,0.0,0.0,0.0,0.0,0.0,0.0,0.0,-0.007899999999992247,0.007900000000000004,0.0,0.0,0.0,0.0,20000.0
857,T50PQT_20000_22,S2A_MSIL2A_20230611T021541_R003_T50PQT_20230611T092421,200,,0.0,0.0,0.0,0.0,0.0,0.0,0.0,99.98,0.02,0.0,0.0,10000,0,0.0,20000.00000000093,20000.000000000233,0.5638840198516846,100.0,,0.0,0.0,0.0,0.0,0.0,0.0,0.0,0.007100000000008322,-0.007099999999999999,0.0,0.0,0.0,0.0,20000.0
864,T50PQT_20000_22,S2A_MSIL2A_20230611T021541_R003_T50PQT_20230611T092421,500,,0.0,0.0,0.0,0.0,0.0,0.0,0.0,99.9375,0.0625,0.0,0.0,1600,0,0.0,20000.00000000093,20000.000000000233,0.5180563926696777,100.0,,0.0,0.0,0.0,0.0,0.0,0.0,0.0,-0.03539999999999566,0.0354,0.0,0.0,0.0,0.0,20000.0
871,T50PQT_20000_22,S2A_MSIL2A_20230611T021541_R003_T50PQT_20230611T092421,1000,,0.0,0.0,0.0,0.0,0.0,0.0,0.0,100.0,0.0,0.0,0.0,400,0,0.0,20000.00000000093,20000.000000000233,0.5023527145385742,100.0,,0.0,0.0,0.0,0.0,0.0,0.0,0.0,0.027100000000004343,-0.0271,0.0,0.0,0.0,0.0,20000.0
838,T50PQT_20000_22,S2A_MSIL2A_20230621T021541_R003_T50PQT_20230621T085836,20,,0.0,0.0,0.0,0.0,0.0,0.0,0.0,41.6836,44.6919,13.6245,0.0,1000000,0,0.0,20000.00000000093,20000.000000000233,0.644660234451294,99.99999999999999,,0.0,0.0,0.0,0.0,0.0,0.0,0.0,0.0,0.0,0.0,0.0,0.0,0.0,20000.0
845,T50PQT_20000_22,S2A_MSIL2A_20230621T021541_R003_T50PQT_20230621T085836,50,,0.0,0.0,0.0,0.0,0.0,0.0,0.0,41.646875,44.701875,13.65125,0.0,160000,0,0.0,20000.00000000093,20000.000000000233,0.568570613861084,100.0,,0.0,0.0,0.0,0.0,0.0,0.0,0.0,-0.03672499999999701,0.009975000000004286,0.02674999999999983,0.0,1.4210854715202004e-14,1.4210854715202004e-14,20000.0
852,T50PQT_20000_22,S2A_MSIL2A_20230621T021541_R003_T50PQT_20230621T085836,100,,0.0,0.0,0.0,0.0,0.0,0.0,0.0,41.635,44.6775,13.6875,0.0,40000,0,0.0,20000.00000000093,20000.000000000233,0.580167293548584,100.0,,0.0,0.0,0.0,0.0,0.0,0.0,0.0,-0.04860000000000042,-0.014399999999994861,0.06300000000000061,0.0,1.4210854715202004e-14,1.4210854715202004e-14,20000.0
859,T50PQT_20000_22,S2A_MSIL2A_20230621T021541_R003_T50PQT_20230621T085836,200,,0.0,0.0,0.0,0.0,0.0,0.0,0.0,41.36,45.17,13.47,0.0,10000,0,0.0,20000.00000000093,20000.000000000233,0.5638840198516846,100.0,,0.0,0.0,0.0,0.0,0.0,0.0,0.0,-0.323599999999999,0.47810000000000485,-0.15449999999999875,0.0,1.4210854715202004e-14,1.4210854715202004e-14,20000.0
866,T50PQT_20000_22,S2A_MSIL2A_20230621T021541_R003_T50PQT_20230621T085836,500,,0.0,0.0,0.0,0.0,0.0,0.0,0.0,40.375,45.6875,13.9375,0.0,1600,0,0.0,20000.00000000093,20000.000000000233,0.5180563926696777,100.0,,0.0,0.0,0.0,0.0,0.0,0.0,0.0,-1.3085999999999984,0.9956000000000031,0.3130000000000006,0.0,1.4210854715202004e-14,1.4210854715202004e-14,20000.0
873,T50PQT_20000_22,S2A_MSIL2A_20230621T021541_R003_T50PQT_20230621T085836,1000,,0.0,0.0,0.0,0.0,0.0,0.0,0.0,37.5,49.0,13.5,0.0,400,0,0.0,20000.00000000093,20000.000000000233,0.5023527145385742,100.0,,0.0,0.0,0.0,0.0,0.0,0.0,0.0,-4.183599999999998,4.308100000000003,-0.12449999999999939,0.0,1.4210854715202004e-14,1.4210854715202004e-14,20000.0
840,T50PQT_20000_22,S2A_MSIL2A_20230701T021541_R003_T50PQT_20230701T082624,20,,0.0,0.0,0.0,0.0,0.0,0.0,0.0,93.6242,0.0268,6.349,0.0,1000000,0,0.0,20000.00000000093,20000.000000000233,0.644660234451294,100.0,,0.0,0.0,0.0,0.0,0.0,0.0,0.0,0.0,0.0,0.0,0.0,0.0,0.0,20000.0
847,T50PQT_20000_22,S2A_MSIL2A_20230701T021541_R003_T50PQT_20230701T082624,50,,0.0,0.0,0.0,0.0,0.0,0.0,0.0,93.69,0.024375,6.285625,0.0,160000,0,0.0,20000.00000000093,20000.000000000233,0.568570613861084,100.0,,0.0,0.0,0.0,0.0,0.0,0.0,0.0,0.06579999999999586,-0.002425,-0.06337500000000063,0.0,0.0,0.0,20000.0
854,T50PQT_20000_22,S2A_MSIL2A_20230701T021541_R003_T50PQT_20230701T082624,100,,0.0,0.0,0.0,0.0,0.0,0.0,0.0,93.6925,0.02,6.2875,0.0,40000,0,0.0,20000.00000000093,20000.000000000233,0.580167293548584,99.99999999999999,,0.0,0.0,0.0,0.0,0.0,0.0,0.0,0.06829999999999359,-0.0068000000000000005,-0.061500000000000554,0.0,-1.4210854715202004e-14,1.4210854715202004e-14,20000.0
861,T50PQT_20000_22,S2A_MSIL2A_20230701T021541_R003_T50PQT_20230701T082624,200,,0.0,0.0,0.0,0.0,0.0,0.0,0.0,94.02,0.03,5.95,0.0,10000,0,0.0,20000.00000000093,20000.000000000233,0.5638840198516846,100.0,,0.0,0.0,0.0,0.0,0.0,0.0,0.0,0.39579999999999416,0.003199999999999998,-0.399,0.0,0.0,0.0,20000.0
868,T50PQT_20000_22,S2A_MSIL2A_20230701T021541_R003_T50PQT_20230701T082624,500,,0.0,0.0,0.0,0.0,0.0,0.0,0.0,94.625,0.0625,5.3125,0.0,1600,0,0.0,20000.00000000093,20000.000000000233,0.5180563926696777,100.0,,0.0,0.0,0.0,0.0,0.0,0.0,0.0,1.0007999999999981,0.035699999999999996,-1.0365000000000002,0.0,0.0,0.0,20000.0
875,T50PQT_20000_22,S2A_MSIL2A_20230701T021541_R003_T50PQT_20230701T082624,1000,,0.0,0.0,0.0,0.0,0.0,0.0,0.0,95.25,0.0,4.75,0.0,400,0,0.0,20000.00000000093,20000.000000000233,0.5023527145385742,100.0,,0.0,0.0,0.0,0.0,0.0,0.0,0.0,1.6257999999999981,-0.0268,-1.5990000000000002,0.0,0.0,0.0,20000.0
835,T50PQT_20000_22,S2B_MSIL2A_20230606T021539_R003_T50PQT_20230606T073506,20,,0.0,0.0,0.0,0.0,0.0,59.8799,0.0,0.8938,0.2298,38.9965,0.0,1000000,0,0.0,20000.00000000093,20000.000000000233,0.644660234451294,40.1201,,0.0,0.0,0.0,0.0,0.0,0.0,0.0,0.0,0.0,0.0,0.0,0.0,0.0,20000.0
842,T50PQT_20000_22,S2B_MSIL2A_20230606T021539_R003_T50PQT_20230606T073506,50,,0.0,0.0,0.0,0.0,0.0,59.93625,0.0,0.87625,0.235,38.9525,0.0,160000,0,0.0,20000.00000000093,20000.000000000233,0.568570613861084,40.06375,,0.0,0.0,0.0,0.0,0.0,0.0563500000000019,0.0,-0.017550000000000066,0.005199999999999982,-0.04399999999999693,0.0,-0.0563500000000019,0.0563500000000019,20000.0
849,T50PQT_20000_22,S2B_MSIL2A_20230606T021539_R003_T50PQT_20230606T073506,100,,0.0,0.0,0.0,0.0,0.0,59.975,0.0,0.875,0.235,38.915,0.0,40000,0,0.0,20000.00000000093,20000.000000000233,0.580167293548584,40.025,,0.0,0.0,0.0,0.0,0.0,0.09510000000000218,0.0,-0.01880000000000004,0.005199999999999982,-0.08149999999999835,0.0,-0.09510000000000218,0.09510000000000218,20000.0
856,T50PQT_20000_22,S2B_MSIL2A_20230606T021539_R003_T50PQT_20230606T073506,200,,0.0,0.0,0.0,0.0,0.0,59.74,0.0,0.94,0.19,39.13,0.0,10000,0,0.0,20000.00000000093,20000.000000000233,0.5638840198516846,40.260000000000005,,0.0,0.0,0.0,0.0,0.0,-0.13989999999999725,0.0,0.04619999999999991,-0.0398,0.13350000000000506,0.0,0.13990000000000435,0.13990000000000435,20000.0
863,T50PQT_20000_22,S2B_MSIL2A_20230606T021539_R003_T50PQT_20230606T073506,500,,0.0,0.0,0.0,0.0,0.0,59.1875,0.0,0.5625,0.375,39.875,0.0,1600,0,0.0,20000.00000000093,20000.000000000233,0.5180563926696777,40.8125,,0.0,0.0,0.0,0.0,0.0,-0.6923999999999992,0.0,-0.33130000000000004,0.1452,0.8785000000000025,0.0,0.6923999999999992,0.6923999999999992,20000.0
870,T50PQT_20000_22,S2B_MSIL2A_20230606T021539_R003_T50PQT_20230606T073506,1000,,0.0,0.0,0.0,0.0,0.0,59.0,0.0,1.0,0.0,40.0,0.0,400,0,0.0,20000.00000000093,20000.000000000233,0.5023527145385742,41.0,,0.0,0.0,0.0,0.0,0.0,-0.8798999999999992,0.0,0.10619999999999996,-0.2298,1.0035000000000025,0.0,0.8798999999999992,0.8798999999999992,20000.0
837,T50PQT_20000_22,S2B_MSIL2A_20230616T021539_R003_T50PQT_20230616T083239,20,,0.0,0.0,0.0,0.0,0.0,98.611,0.0,0.5702,0.691,0.1278,0.0,1000000,0,0.0,20000.00000000093,20000.000000000233,0.644660234451294,1.389,,0.0,0.0,0.0,0.0,0.0,0.0,0.0,0.0,0.0,0.0,0.0,0.0,0.0,20000.0
844,T50PQT_20000_22,S2B_MSIL2A_20230616T021539_R003_T50PQT_20230616T083239,50,,0.0,0.0,0.0,0.0,0.0,98.62875,0.0,0.574375,0.675625,0.12125,0.0,160000,0,0.0,20000.00000000093,20000.000000000233,0.568570613861084,1.37125,,0.0,0.0,0.0,0.0,0.0,0.017749999999992383,0.0,0.004174999999999929,-0.015374999999999917,-0.00655,0.0,-0.017749999999999932,0.017749999999999932,20000.0
851,T50PQT_20000_22,S2B_MSIL2A_20230616T021539_R003_T50PQT_20230616T083239,100,,0.0,0.0,0.0,0.0,0.0,98.625,0.0,0.5875,0.675,0.1125,0.0,40000,0,0.0,20000.00000000093,20000.000000000233,0.580167293548584,1.3750000000000002,,0.0,0.0,0.0,0.0,0.0,0.013999999999995794,0.0,0.017299999999999982,-0.015999999999999903,-0.015299999999999994,0.0,-0.01399999999999979,0.01399999999999979,20000.0
858,T50PQT_20000_22,S2B_MSIL2A_20230616T021539_R003_T50PQT_20230616T083239,200,,0.0,0.0,0.0,0.0,0.0,98.69,0.0,0.58,0.59,0.14,0.0,10000,0,0.0,20000.00000000093,20000.000000000233,0.5638840198516846,1.31,,0.0,0.0,0.0,0.0,0.0,0.07899999999999352,0.0,0.00979999999999992,-0.10099999999999998,0.012200000000000016,0.0,-0.07899999999999996,0.07899999999999996,20000.0
865,T50PQT_20000_22,S2B_MSIL2A_20230616T021539_R003_T50PQT_20230616T083239,500,,0.0,0.0,0.0,0.0,0.0,99.0,0.0,0.375,0.5,0.125,0.0,1600,0,0.0,20000.00000000093,20000.000000000233,0.5180563926696777,1.0,,0.0,0.0,0.0,0.0,0.0,0.3889999999999958,0.0,-0.19520000000000004,-0.19099999999999995,-0.002799999999999997,0.0,-0.389,0.389,20000.0
872,T50PQT_20000_22,S2B_MSIL2A_20230616T021539_R003_T50PQT_20230616T083239,1000,,0.0,0.0,0.0,0.0,0.0,99.0,0.0,0.5,0.25,0.25,0.0,400,0,0.0,20000.00000000093,20000.000000000233,0.5023527145385742,1.0,,0.0,0.0,0.0,0.0,0.0,0.3889999999999958,0.0,-0.07020000000000004,-0.44099999999999995,0.1222,0.0,-0.389,0.389,20000.0
839,T50PQT_20000_22,S2B_MSIL2A_20230626T021539_R003_T50PQT_20230626T074054,20,,0.0,0.0,0.0,0.0006,0.0,67.0772,0.0,6.3716,9.032,17.5186,0.0,1000000,0,0.0,20000.00000000093,20000.000000000233,0.644660234451294,32.922200000000004,,0.0,0.0,0.0,0.0,0.0,0.0,0.0,0.0,0.0,0.0,0.0,0.0,0.0,20000.0
846,T50PQT_20000_22,S2B_MSIL2A_20230626T021539_R003_T50PQT_20230626T074054,50,,0.0,0.0,0.0,0.00125,0.0,67.0475,0.0,6.3675,9.051875,17.531875,0.0,160000,0,0.0,20000.00000000093,20000.000000000233,0.568570613861084,32.95125,,0.0,0.0,0.0,0.0006500000000000001,0.0,-0.02970000000000539,0.0,-0.004100000000000215,0.019875000000000753,0.013275000000000148,0.0,0.029049999999998022,0.02970000000000539,20000.0
853,T50PQT_20000_22,S2B_MSIL2A_20230626T021539_R003_T50PQT_20230626T074054,100,,0.0,0.0,0.0,0.0025,0.0,67.06,0.0,6.3175,9.08,17.54,0.0,40000,0,0.0,20000.00000000093,20000.000000000233,0.580167293548584,32.9375,,0.0,0.0,0.0,0.0019000000000000002,0.0,-0.017200000000002547,0.0,-0.05410000000000004,0.04800000000000004,0.021399999999999864,0.0,0.015299999999996317,0.017200000000002547,20000.0
860,T50PQT_20000_22,S2B_MSIL2A_20230626T021539_R003_T50PQT_20230626T074054,200,,0.0,0.0,0.0,0.0,0.0,67.05,0.0,6.25,8.99,17.71,0.0,10000,0,0.0,20000.00000000093,20000.000000000233,0.5638840198516846,32.95,,0.0,0.0,0.0,-0.0006,0.0,-0.027200000000007662,0.0,-0.12159999999999993,-0.041999999999999815,0.19140000000000157,0.0,0.02779999999999916,0.02779999999999916,20000.0
867,T50PQT_20000_22,S2B_MSIL2A_20230626T021539_R003_T50PQT_20230626T074054,500,,0.0,0.0,0.0,0.0,0.0,66.6875,0.0,5.8125,9.3125,18.1875,0.0,1600,0,0.0,20000.00000000093,20000.000000000233,0.5180563926696777,33.3125,,0.0,0.0,0.0,-0.0006,0.0,-0.3897000000000048,0.0,-0.5590999999999999,0.28049999999999997,0.6689000000000007,0.0,0.3902999999999963,0.3902999999999963,20000.0
874,T50PQT_20000_22,S2B_MSIL2A_20230626T021539_R003_T50PQT_20230626T074054,1000,,0.0,0.0,0.0,0.0,0.0,69.0,0.0,3.5,9.25,18.25,0.0,400,0,0.0,20000.00000000093,20000.000000000233,0.5023527145385742,31.0,,0.0,0.0,0.0,-0.0006,0.0,1.9227999999999952,0.0,-2.8716,0.21799999999999997,0.7314000000000007,0.0,-1.9222000000000037,1.9227999999999952,20000.0
876,T50PQT_20000_23,S2A_MSIL2A_20230601T021611_R003_T50PQU_20230601T102410,20,,0.0,0.0,0.0,0.0,0.0,0.0,0.0,100.0,0.0,0.0,0.0,1000000,0,0.0,20000.00000000128,20000.0,0.7453951835632324,100.0,,0.0,0.0,0.0,0.0,0.0,0.0,0.0,0.0,0.0,0.0,0.0,0.0,0.0,20000.0
883,T50PQT_20000_23,S2A_MSIL2A_20230601T021611_R003_T50PQU_20230601T102410,50,,0.0,0.0,0.0,0.0,0.0,0.0,0.0,100.0,0.0,0.0,0.0,160000,0,0.0,20000.00000000128,20000.0,0.562786340713501,100.0,,0.0,0.0,0.0,0.0,0.0,0.0,0.0,0.0,0.0,0.0,0.0,0.0,0.0,20000.0
890,T50PQT_20000_23,S2A_MSIL2A_20230601T021611_R003_T50PQU_20230601T102410,100,,0.0,0.0,0.0,0.0,0.0,0.0,0.0,100.0,0.0,0.0,0.0,40000,0,0.0,20000.00000000128,20000.0,0.4985225200653076,100.0,,0.0,0.0,0.0,0.0,0.0,0.0,0.0,0.0,0.0,0.0,0.0,0.0,0.0,20000.0
897,T50PQT_20000_23,S2A_MSIL2A_20230601T021611_R003_T50PQU_20230601T102410,200,,0.0,0.0,0.0,0.0,0.0,0.0,0.0,100.0,0.0,0.0,0.0,10000,0,0.0,20000.00000000128,20000.0,0.6797459125518799,100.0,,0.0,0.0,0.0,0.0,0.0,0.0,0.0,0.0,0.0,0.0,0.0,0.0,0.0,20000.0
904,T50PQT_20000_23,S2A_MSIL2A_20230601T021611_R003_T50PQU_20230601T102410,500,,0.0,0.0,0.0,0.0,0.0,0.0,0.0,100.0,0.0,0.0,0.0,1600,0,0.0,20000.00000000128,20000.0,0.5395007133483887,100.0,,0.0,0.0,0.0,0.0,0.0,0.0,0.0,0.0,0.0,0.0,0.0,0.0,0.0,20000.0
911,T50PQT_20000_23,S2A_MSIL2A_20230601T021611_R003_T50PQU_20230601T102410,1000,,0.0,0.0,0.0,0.0,0.0,0.0,0.0,100.0,0.0,0.0,0.0,400,0,0.0,20000.00000000128,20000.0,0.5161926746368408,100.0,,0.0,0.0,0.0,0.0,0.0,0.0,0.0,0.0,0.0,0.0,0.0,0.0,0.0,20000.0
878,T50PQT_20000_23,S2A_MSIL2A_20230611T021541_R003_T50PQU_20230611T092416,20,,0.0,0.0,0.0,0.0,0.0,0.0,0.0,0.0,100.0,0.0,0.0,1000000,0,0.0,20000.00000000128,20000.0,0.7453951835632324,100.0,,0.0,0.0,0.0,0.0,0.0,0.0,0.0,0.0,0.0,0.0,0.0,0.0,0.0,20000.0
885,T50PQT_20000_23,S2A_MSIL2A_20230611T021541_R003_T50PQU_20230611T092416,50,,0.0,0.0,0.0,0.0,0.0,0.0,0.0,0.0,100.0,0.0,0.0,160000,0,0.0,20000.00000000128,20000.0,0.562786340713501,100.0,,0.0,0.0,0.0,0.0,0.0,0.0,0.0,0.0,0.0,0.0,0.0,0.0,0.0,20000.0
892,T50PQT_20000_23,S2A_MSIL2A_20230611T021541_R003_T50PQU_20230611T092416,100,,0.0,0.0,0.0,0.0,0.0,0.0,0.0,0.0,100.0,0.0,0.0,40000,0,0.0,20000.00000000128,20000.0,0.4985225200653076,100.0,,0.0,0.0,0.0,0.0,0.0,0.0,0.0,0.0,0.0,0.0,0.0,0.0,0.0,20000.0
899,T50PQT_20000_23,S2A_MSIL2A_20230611T021541_R003_T50PQU_20230611T092416,200,,0.0,0.0,0.0,0.0,0.0,0.0,0.0,0.0,100.0,0.0,0.0,10000,0,0.0,20000.00000000128,20000.0,0.6797459125518799,100.0,,0.0,0.0,0.0,0.0,0.0,0.0,0.0,0.0,0.0,0.0,0.0,0.0,0.0,20000.0
906,T50PQT_20000_23,S2A_MSIL2A_20230611T021541_R003_T50PQU_20230611T092416,500,,0.0,0.0,0.0,0.0,0.0,0.0,0.0,0.0,100.0,0.0,0.0,1600,0,0.0,20000.00000000128,20000.0,0.5395007133483887,100.0,,0.0,0.0,0.0,0.0,0.0,0.0,0.0,0.0,0.0,0.0,0.0,0.0,0.0,20000.0
913,T50PQT_20000_23,S2A_MSIL2A_20230611T021541_R003_T50PQU_20230611T092416,1000,,0.0,0.0,0.0,0.0,0.0,0.0,0.0,0.0,100.0,0.0,0.0,400,0,0.0,20000.00000000128,20000.0,0.5161926746368408,100.0,,0.0,0.0,0.0,0.0,0.0,0.0,0.0,0.0,0.0,0.0,0.0,0.0,0.0,20000.0
880,T50PQT_20000_23,S2A_MSIL2A_20230621T021541_R003_T50PQU_20230621T085348,20,,0.0,0.0,0.0,0.0,0.0,0.0,0.0,52.0163,12.2961,35.6876,0.0,1000000,0,0.0,20000.00000000128,20000.0,0.7453951835632324,100.0,,0.0,0.0,0.0,0.0,0.0,0.0,0.0,0.0,0.0,0.0,0.0,0.0,0.0,20000.0
887,T50PQT_20000_23,S2A_MSIL2A_20230621T021541_R003_T50PQU_20230621T085348,50,,0.0,0.0,0.0,0.0,0.0,0.0,0.0,51.93625,12.27375,35.79,0.0,160000,0,0.0,20000.00000000128,20000.0,0.562786340713501,100.0,,0.0,0.0,0.0,0.0,0.0,0.0,0.0,-0.08004999999999995,-0.022349999999999426,0.10239999999999583,0.0,0.0,0.0,20000.0
894,T50PQT_20000_23,S2A_MSIL2A_20230621T021541_R003_T50PQU_20230621T085348,100,,0.0,0.0,0.0,0.0,0.0,0.0,0.0,51.955,12.275,35.77,0.0,40000,0,0.0,20000.00000000128,20000.0,0.4985225200653076,100.0,,0.0,0.0,0.0,0.0,0.0,0.0,0.0,-0.0613000000000028,-0.021099999999998786,0.0823999999999998,0.0,0.0,0.0,20000.0
901,T50PQT_20000_23,S2A_MSIL2A_20230621T021541_R003_T50PQU_20230621T085348,200,,0.0,0.0,0.0,0.0,0.0,0.0,0.0,51.19,12.34,36.47,0.0,10000,0,0.0,20000.00000000128,20000.0,0.6797459125518799,100.0,,0.0,0.0,0.0,0.0,0.0,0.0,0.0,-0.8263000000000034,0.043900000000000716,0.7823999999999955,0.0,0.0,0.0,20000.0
908,T50PQT_20000_23,S2A_MSIL2A_20230621T021541_R003_T50PQU_20230621T085348,500,,0.0,0.0,0.0,0.0,0.0,0.0,0.0,50.5,12.25,37.25,0.0,1600,0,0.0,20000.00000000128,20000.0,0.5395007133483887,100.0,,0.0,0.0,0.0,0.0,0.0,0.0,0.0,-1.516300000000001,-0.04609999999999914,1.5623999999999967,0.0,0.0,0.0,20000.0
915,T50PQT_20000_23,S2A_MSIL2A_20230621T021541_R003_T50PQU_20230621T085348,1000,,0.0,0.0,0.0,0.0,0.0,0.0,0.0,47.75,12.25,40.0,0.0,400,0,0.0,20000.00000000128,20000.0,0.5161926746368408,100.0,,0.0,0.0,0.0,0.0,0.0,0.0,0.0,-4.266300000000001,-0.04609999999999914,4.312399999999997,0.0,0.0,0.0,20000.0
882,T50PQT_20000_23,S2A_MSIL2A_20230701T021541_R003_T50PQU_20230701T082618,20,,0.0,0.0,0.0,0.0,0.0,0.0,0.0,60.7198,0.0,39.2802,0.0,1000000,0,0.0,20000.00000000128,20000.0,0.7453951835632324,100.0,,0.0,0.0,0.0,0.0,0.0,0.0,0.0,0.0,0.0,0.0,0.0,0.0,0.0,20000.0
889,T50PQT_20000_23,S2A_MSIL2A_20230701T021541_R003_T50PQU_20230701T082618,50,,0.0,0.0,0.0,0.0,0.0,0.0,0.0,60.79125,0.0,39.20875,0.0,160000,0,0.0,20000.00000000128,20000.0,0.562786340713501,100.0,,0.0,0.0,0.0,0.0,0.0,0.0,0.0,0.07144999999999868,0.0,-0.07144999999999868,0.0,0.0,0.0,20000.0
896,T50PQT_20000_23,S2A_MSIL2A_20230701T021541_R003_T50PQU_20230701T082618,100,,0.0,0.0,0.0,0.0,0.0,0.0,0.0,60.795,0.0,39.205,0.0,40000,0,0.0,20000.00000000128,20000.0,0.4985225200653076,100.0,,0.0,0.0,0.0,0.0,0.0,0.0,0.0,0.07520000000000238,0.0,-0.07520000000000238,0.0,0.0,0.0,20000.0
903,T50PQT_20000_23,S2A_MSIL2A_20230701T021541_R003_T50PQU_20230701T082618,200,,0.0,0.0,0.0,0.0,0.0,0.0,0.0,61.46,0.0,38.54,0.0,10000,0,0.0,20000.00000000128,20000.0,0.6797459125518799,100.0,,0.0,0.0,0.0,0.0,0.0,0.0,0.0,0.7402000000000015,0.0,-0.7402000000000015,0.0,0.0,0.0,20000.0
910,T50PQT_20000_23,S2A_MSIL2A_20230701T021541_R003_T50PQU_20230701T082618,500,,0.0,0.0,0.0,0.0,0.0,0.0,0.0,61.75,0.0,38.25,0.0,1600,0,0.0,20000.00000000128,20000.0,0.5395007133483887,100.0,,0.0,0.0,0.0,0.0,0.0,0.0,0.0,1.0302000000000007,0.0,-1.0302000000000007,0.0,0.0,0.0,20000.0
917,T50PQT_20000_23,S2A_MSIL2A_20230701T021541_R003_T50PQU_20230701T082618,1000,,0.0,0.0,0.0,0.0,0.0,0.0,0.0,65.75,0.0,34.25,0.0,400,0,0.0,20000.00000000128,20000.0,0.5161926746368408,100.0,,0.0,0.0,0.0,0.0,0.0,0.0,0.0,5.030200000000001,0.0,-5.030200000000001,0.0,0.0,0.0,20000.0
877,T50PQT_20000_23,S2B_MSIL2A_20230606T021539_R003_T50PQU_20230606T073307,20,,0.0,0.0,0.0,0.0,0.0,41.9695,0.0,4.0873,0.0146,53.9286,0.0,1000000,0,0.0,20000.00000000128,20000.0,0.7453951835632324,58.0305,,0.0,0.0,0.0,0.0,0.0,0.0,0.0,0.0,0.0,0.0,0.0,0.0,0.0,20000.0
884,T50PQT_20000_23,S2B_MSIL2A_20230606T021539_R003_T50PQU_20230606T073307,50,,0.0,0.0,0.0,0.0,0.0,41.963125,0.0,4.065625,0.01375,53.9575,0.0,160000,0,0.0,20000.00000000128,20000.0,0.562786340713501,58.036875,,0.0,0.0,0.0,0.0,0.0,-0.006374999999998465,0.0,-0.02167500000000011,-0.0008500000000000001,0.028900000000000148,0.0,0.006374999999998465,0.006374999999998465,20000.0
891,T50PQT_20000_23,S2B_MSIL2A_20230606T021539_R003_T50PQU_20230606T073307,100,,0.0,0.0,0.0,0.0,0.0,41.965,0.0,4.08,0.015,53.94,0.0,40000,0,0.0,20000.00000000128,20000.0,0.4985225200653076,58.035,,0.0,0.0,0.0,0.0,0.0,-0.004499999999993065,0.0,-0.007299999999999862,0.0003999999999999993,0.011399999999994748,0.0,0.004499999999993065,0.004499999999993065,20000.0
898,T50PQT_20000_23,S2B_MSIL2A_20230606T021539_R003_T50PQU_20230606T073307,200,,0.0,0.0,0.0,0.0,0.0,42.39,0.0,3.89,0.0,53.72,0.0,10000,0,0.0,20000.00000000128,20000.0,0.6797459125518799,57.61,,0.0,0.0,0.0,0.0,0.0,0.4205000000000041,0.0,-0.1972999999999998,-0.0146,-0.20860000000000412,0.0,-0.4205000000000041,0.4205000000000041,20000.0
905,T50PQT_20000_23,S2B_MSIL2A_20230606T021539_R003_T50PQU_20230606T073307,500,,0.0,0.0,0.0,0.0,0.0,42.875,0.0,3.8125,0.0,53.3125,0.0,1600,0,0.0,20000.00000000128,20000.0,0.5395007133483887,57.125,,0.0,0.0,0.0,0.0,0.0,0.9055000000000035,0.0,-0.27479999999999993,-0.0146,-0.616100000000003,0.0,-0.9055000000000035,0.9055000000000035,20000.0
912,T50PQT_20000_23,S2B_MSIL2A_20230606T021539_R003_T50PQU_20230606T073307,1000,,0.0,0.0,0.0,0.0,0.0,44.75,0.0,3.5,0.0,51.75,0.0,400,0,0.0,20000.00000000128,20000.0,0.5161926746368408,55.25,,0.0,0.0,0.0,0.0,0.0,2.7805000000000035,0.0,-0.5872999999999999,-0.0146,-2.178600000000003,0.0,-2.7805000000000035,2.7805000000000035,20000.0
879,T50PQT_20000_23,S2B_MSIL2A_20230616T021539_R003_T50PQU_20230616T083253,20,,0.0,0.0,0.0,0.0,0.0,62.8096,0.0,10.0777,12.31,14.8027,0.0,1000000,0,0.0,20000.00000000128,20000.0,0.7453951835632324,37.190400000000004,,0.0,0.0,0.0,0.0,0.0,0.0,0.0,0.0,0.0,0.0,0.0,0.0,0.0,20000.0
886,T50PQT_20000_23,S2B_MSIL2A_20230616T021539_R003_T50PQU_20230616T083253,50,,0.0,0.0,0.0,0.0,0.0,62.80625,0.0,10.080625,12.285,14.828125,0.0,160000,0,0.0,20000.00000000128,20000.0,0.562786340713501,37.19375,,0.0,0.0,0.0,0.0,0.0,-0.003350000000004627,0.0,0.0029249999999994003,-0.025000000000000355,0.025425000000000253,0.0,0.0033499999999975216,0.003350000000004627,20000.0
893,T50PQT_20000_23,S2B_MSIL2A_20230616T021539_R003_T50PQU_20230616T083253,100,,0.0,0.0,0.0,0.0,0.0,62.7625,0.0,10.0675,12.3275,14.8425,0.0,40000,0,0.0,20000.00000000128,20000.0,0.4985225200653076,37.237500000000004,,0.0,0.0,0.0,0.0,0.0,-0.047100000000000364,0.0,-0.01019999999999932,0.01750000000000007,0.03979999999999961,0.0,0.047100000000000364,0.047100000000000364,20000.0
900,T50PQT_20000_23,S2B_MSIL2A_20230616T021539_R003_T50PQU_20230616T083253,200,,0.0,0.0,0.0,0.0,0.0,62.46,0.0,9.88,12.39,15.27,0.0,10000,0,0.0,20000.00000000128,20000.0,0.6797459125518799,37.540000000000006,,0.0,0.0,0.0,0.0,0.0,-0.34960000000000235,0.0,-0.19769999999999932,0.08000000000000007,0.4672999999999998,0.0,0.34960000000000235,0.34960000000000235,20000.0
907,T50PQT_20000_23,S2B_MSIL2A_20230616T021539_R003_T50PQU_20230616T083253,500,,0.0,0.0,0.0,0.0,0.0,61.5625,0.0,10.375,12.1875,15.875,0.0,1600,0,0.0,20000.00000000128,20000.0,0.5395007133483887,38.4375,,0.0,0.0,0.0,0.0,0.0,-1.2471000000000032,0.0,0.2972999999999999,-0.1225000000000005,1.0723000000000003,0.0,1.247099999999996,1.2471000000000032,20000.0
914,T50PQT_20000_23,S2B_MSIL2A_20230616T021539_R003_T50PQU_20230616T083253,1000,,0.0,0.0,0.0,0.0,0.0,62.25,0.0,9.0,13.75,15.0,0.0,400,0,0.0,20000.00000000128,20000.0,0.5161926746368408,37.75,,0.0,0.0,0.0,0.0,0.0,-0.5596000000000032,0.0,-1.0777,1.4399999999999995,0.19730000000000025,0.0,0.5595999999999961,0.5596000000000032,20000.0
881,T50PQT_20000_23,S2B_MSIL2A_20230626T021539_R003_T50PQU_20230626T073529,20,,0.0,0.0,0.0,0.0,0.0,23.6902,0.0,24.1813,29.9345,22.194,0.0,1000000,0,0.0,20000.00000000128,20000.0,0.7453951835632324,76.3098,,0.0,0.0,0.0,0.0,0.0,0.0,0.0,0.0,0.0,0.0,0.0,0.0,0.0,20000.0
888,T50PQT_20000_23,S2B_MSIL2A_20230626T021539_R003_T50PQU_20230626T073529,50,,0.0,0.0,0.0,0.0,0.0,23.655625,0.0,24.200625,29.95375,22.19,0.0,160000,0,0.0,20000.00000000128,20000.0,0.562786340713501,76.344375,,0.0,0.0,0.0,0.0,0.0,-0.034575000000000244,0.0,0.019324999999998482,0.019249999999999545,-0.003999999999997783,0.0,0.0345750000000038,0.0345750000000038,20000.0
895,T50PQT_20000_23,S2B_MSIL2A_20230626T021539_R003_T50PQU_20230626T073529,100,,0.0,0.0,0.0,0.0,0.0,23.655,0.0,24.2275,29.985,22.1325,0.0,40000,0,0.0,20000.00000000128,20000.0,0.4985225200653076,76.345,,0.0,0.0,0.0,0.0,0.0,-0.035199999999999676,0.0,0.04619999999999891,0.050499999999999545,-0.06149999999999878,0.0,0.03520000000000323,0.03520000000000323,20000.0
902,T50PQT_20000_23,S2B_MSIL2A_20230626T021539_R003_T50PQU_20230626T073529,200,,0.0,0.0,0.0,0.0,0.0,23.85,0.0,23.63,30.27,22.25,0.0,10000,0,0.0,20000.00000000128,20000.0,0.6797459125518799,76.15,,0.0,0.0,0.0,0.0,0.0,0.1598000000000006,0.0,-0.5513000000000012,0.3354999999999997,0.05600000000000094,0.0,-0.15979999999998995,0.1598000000000006,20000.0
909,T50PQT_20000_23,S2B_MSIL2A_20230626T021539_R003_T50PQU_20230626T073529,500,,0.0,0.0,0.0,0.0,0.0,24.5625,0.0,22.75,30.8125,21.875,0.0,1600,0,0.0,20000.00000000128,20000.0,0.5395007133483887,75.4375,,0.0,0.0,0.0,0.0,0.0,0.8722999999999992,0.0,-1.4313000000000002,0.8780000000000001,-0.31899999999999906,0.0,-0.8722999999999956,0.8722999999999992,20000.0
916,T50PQT_20000_23,S2B_MSIL2A_20230626T021539_R003_T50PQU_20230626T073529,1000,,0.0,0.0,0.0,0.0,0.0,25.75,0.0,24.0,29.75,20.5,0.0,400,0,0.0,20000.00000000128,20000.0,0.5161926746368408,74.25,,0.0,0.0,0.0,0.0,0.0,2.059799999999999,0.0,-0.18130000000000024,-0.1844999999999999,-1.693999999999999,0.0,-2.0597999999999956,2.059799999999999,20000.0
918,T50PQT_20000_24,S2A_MSIL2A_20230601T021611_R003_T50PQT_20230601T103139,20,,0.0,0.0,0.0,0.0,0.0,0.0,0.0,100.0,0.0,0.0,0.0,1000000,0,0.0,19999.99999999965,20000.000000000466,0.688420295715332,100.0,,0.0,0.0,0.0,0.0,0.0,0.0,0.0,0.0,0.0,0.0,0.0,0.0,0.0,20000.0
925,T50PQT_20000_24,S2A_MSIL2A_20230601T021611_R003_T50PQT_20230601T103139,50,,0.0,0.0,0.0,0.0,0.0,0.0,0.0,100.0,0.0,0.0,0.0,160000,0,0.0,19999.99999999965,20000.000000000466,0.5350797176361084,100.0,,0.0,0.0,0.0,0.0,0.0,0.0,0.0,0.0,0.0,0.0,0.0,0.0,0.0,20000.0
932,T50PQT_20000_24,S2A_MSIL2A_20230601T021611_R003_T50PQT_20230601T103139,100,,0.0,0.0,0.0,0.0,0.0,0.0,0.0,100.0,0.0,0.0,0.0,40000,0,0.0,19999.99999999965,20000.000000000466,0.5533220767974854,100.0,,0.0,0.0,0.0,0.0,0.0,0.0,0.0,0.0,0.0,0.0,0.0,0.0,0.0,20000.0
939,T50PQT_20000_24,S2A_MSIL2A_20230601T021611_R003_T50PQT_20230601T103139,200,,0.0,0.0,0.0,0.0,0.0,0.0,0.0,100.0,0.0,0.0,0.0,10000,0,0.0,19999.99999999965,20000.000000000466,0.5229659080505371,100.0,,0.0,0.0,0.0,0.0,0.0,0.0,0.0,0.0,0.0,0.0,0.0,0.0,0.0,20000.0
946,T50PQT_20000_24,S2A_MSIL2A_20230601T021611_R003_T50PQT_20230601T103139,500,,0.0,0.0,0.0,0.0,0.0,0.0,0.0,100.0,0.0,0.0,0.0,1600,0,0.0,19999.99999999965,20000.000000000466,0.5047543048858643,100.0,,0.0,0.0,0.0,0.0,0.0,0.0,0.0,0.0,0.0,0.0,0.0,0.0,0.0,20000.0
953,T50PQT_20000_24,S2A_MSIL2A_20230601T021611_R003_T50PQT_20230601T103139,1000,,0.0,0.0,0.0,0.0,0.0,0.0,0.0,100.0,0.0,0.0,0.0,400,0,0.0,19999.99999999965,20000.000000000466,0.5177900791168213,100.0,,0.0,0.0,0.0,0.0,0.0,0.0,0.0,0.0,0.0,0.0,0.0,0.0,0.0,20000.0
920,T50PQT_20000_24,S2A_MSIL2A_20230611T021541_R003_T50PQT_20230611T092421,20,,0.0,0.0009,0.0106,0.0553,0.0034,10.6321,0.0041,17.0092,1.4363,70.8481,0.0,1000000,0,0.0,19999.99999999965,20000.000000000466,0.688420295715332,89.2936,,0.0,0.0,0.0,0.0,0.0,0.0,0.0,0.0,0.0,0.0,0.0,0.0,0.0,20000.0
927,T50PQT_20000_24,S2A_MSIL2A_20230611T021541_R003_T50PQT_20230611T092421,50,,0.0,0.000625,0.01,0.055625,0.003125,10.65625,0.003125,16.97,1.4225,70.87875,0.0,160000,0,0.0,19999.99999999965,20000.000000000466,0.5350797176361084,89.27125,,0.0,-0.00027499999999999996,-0.0005999999999999998,0.0003249999999999989,-0.00027499999999999964,0.02415000000000056,-0.0009750000000000002,-0.03920000000000101,-0.013799999999999812,0.030649999999994293,0.0,-0.02235000000000298,0.02415000000000056,20000.0
934,T50PQT_20000_24,S2A_MSIL2A_20230611T021541_R003_T50PQT_20230611T092421,100,,0.0,0.0,0.01,0.0625,0.0025,10.665,0.0,16.96,1.425,70.875,0.0,40000,0,0.0,19999.99999999965,20000.000000000466,0.5533220767974854,89.26,,0.0,-0.0009,-0.0005999999999999998,0.007199999999999998,-0.0008999999999999998,0.03289999999999971,-0.0041,-0.04919999999999902,-0.011299999999999866,0.026899999999997704,0.0,-0.03359999999999275,0.03359999999999275,20000.0
941,T50PQT_20000_24,S2A_MSIL2A_20230611T021541_R003_T50PQT_20230611T092421,200,,0.0,0.0,0.02,0.06,0.0,10.69,0.0,16.85,1.28,71.1,0.0,10000,0,0.0,19999.99999999965,20000.000000000466,0.5229659080505371,89.22999999999999,,0.0,-0.0009,0.0094,0.004699999999999996,-0.0034,0.05790000000000006,-0.0041,-0.15919999999999845,-0.15629999999999988,0.251899999999992,0.0,-0.0636000000000081,0.0636000000000081,20000.0
948,T50PQT_20000_24,S2A_MSIL2A_20230611T021541_R003_T50PQT_20230611T092421,500,,0.0,0.0,0.0,0.0625,0.0,10.8125,0.0,16.75,1.3125,71.0625,0.0,1600,0,0.0,19999.99999999965,20000.000000000466,0.5047543048858643,89.125,,0.0,-0.0009,-0.0106,0.007199999999999998,-0.0034,0.18040000000000056,-0.0041,-0.2591999999999999,-0.12379999999999991,0.2143999999999977,0.0,-0.16859999999999786,0.18040000000000056,20000.0
955,T50PQT_20000_24,S2A_MSIL2A_20230611T021541_R003_T50PQT_20230611T092421,1000,,0.0,0.0,0.0,0.25,0.0,12.0,0.0,15.5,1.5,70.75,0.0,400,0,0.0,19999.99999999965,20000.000000000466,0.5177900791168213,87.75,,0.0,-0.0009,-0.0106,0.19469999999999998,-0.0034,1.3679000000000006,-0.0041,-1.5091999999999999,0.06370000000000009,-0.0981000000000023,0.0,-1.5435999999999979,1.5435999999999979,20000.0
922,T50PQT_20000_24,S2A_MSIL2A_20230621T021541_R003_T50PQT_20230621T085836,20,,0.0,0.0,0.0,0.0,0.0,0.0,0.0,95.5987,4.355,0.0463,0.0,1000000,0,0.0,19999.99999999965,20000.000000000466,0.688420295715332,100.0,,0.0,0.0,0.0,0.0,0.0,0.0,0.0,0.0,0.0,0.0,0.0,0.0,0.0,20000.0
929,T50PQT_20000_24,S2A_MSIL2A_20230621T021541_R003_T50PQT_20230621T085836,50,,0.0,0.0,0.0,0.0,0.0,0.0,0.0,95.5725,4.379375,0.048125,0.0,160000,0,0.0,19999.99999999965,20000.000000000466,0.5350797176361084,100.0,,0.0,0.0,0.0,0.0,0.0,0.0,0.0,-0.026199999999988677,0.024374999999999147,0.0018250000000000002,0.0,0.0,0.0,20000.0
936,T50PQT_20000_24,S2A_MSIL2A_20230621T021541_R003_T50PQT_20230621T085836,100,,0.0,0.0,0.0,0.0,0.0,0.0,0.0,95.5775,4.3825,0.04,0.0,40000,0,0.0,19999.99999999965,20000.000000000466,0.5533220767974854,100.00000000000001,,0.0,0.0,0.0,0.0,0.0,0.0,0.0,-0.021199999999993224,0.027499999999999858,-0.0063,0.0,1.4210854715202004e-14,1.4210854715202004e-14,20000.0
943,T50PQT_20000_24,S2A_MSIL2A_20230621T021541_R003_T50PQT_20230621T085836,200,,0.0,0.0,0.0,0.0,0.0,0.0,0.0,95.56,4.39,0.05,0.0,10000,0,0.0,19999.99999999965,20000.000000000466,0.5229659080505371,100.0,,0.0,0.0,0.0,0.0,0.0,0.0,0.0,-0.03869999999999152,0.034999999999999254,0.003700000000000002,0.0,0.0,0.0,20000.0
950,T50PQT_20000_24,S2A_MSIL2A_20230621T021541_R003_T50PQT_20230621T085836,500,,0.0,0.0,0.0,0.0,0.0,0.0,0.0,95.6875,4.25,0.0625,0.0,1600,0,0.0,19999.99999999965,20000.000000000466,0.5047543048858643,100.0,,0.0,0.0,0.0,0.0,0.0,0.0,0.0,0.08880000000000621,-0.10500000000000043,0.0162,0.0,0.0,0.0,20000.0
957,T50PQT_20000_24,S2A_MSIL2A_20230621T021541_R003_T50PQT_20230621T085836,1000,,0.0,0.0,0.0,0.0,0.0,0.0,0.0,96.0,4.0,0.0,0.0,400,0,0.0,19999.99999999965,20000.000000000466,0.5177900791168213,100.0,,0.0,0.0,0.0,0.0,0.0,0.0,0.0,0.4013000000000062,-0.3550000000000004,-0.0463,0.0,0.0,0.0,20000.0
924,T50PQT_20000_24,S2A_MSIL2A_20230701T021541_R003_T50PQT_20230701T082624,20,,0.0,0.0243,0.0092,0.9974,0.0209,57.2004,0.0151,0.1244,0.0171,41.5912,0.0,1000000,0,0.0,19999.99999999965,20000.000000000466,0.688420295715332,41.7327,,0.0,0.0,0.0,0.0,0.0,0.0,0.0,0.0,0.0,0.0,0.0,0.0,0.0,20000.0
931,T50PQT_20000_24,S2A_MSIL2A_20230701T021541_R003_T50PQT_20230701T082624,50,,0.0,0.026875,0.010625,0.980625,0.019375,57.228125,0.02125,0.12,0.01625,41.576875,0.0,160000,0,0.0,19999.99999999965,20000.000000000466,0.5350797176361084,41.713125,,0.0,0.002575000000000001,0.001425000000000001,-0.016774999999999984,-0.0015249999999999986,0.02772499999999667,0.006150000000000001,-0.004400000000000001,-0.0008500000000000001,-0.014324999999999477,0.0,-0.01957500000000323,0.02772499999999667,20000.0
938,T50PQT_20000_24,S2A_MSIL2A_20230701T021541_R003_T50PQT_20230701T082624,100,,0.0,0.0325,0.01,0.9725,0.0175,57.31,0.0125,0.13,0.0175,41.4975,0.0,40000,0,0.0,19999.99999999965,20000.000000000466,0.5533220767974854,41.645,,0.0,0.008200000000000002,0.0008000000000000004,-0.024899999999999922,-0.0033999999999999968,0.10960000000000036,-0.0026,0.005600000000000008,0.00040000000000000105,-0.09369999999999834,0.0,-0.08769999999999811,0.10960000000000036,20000.0
945,T50PQT_20000_24,S2A_MSIL2A_20230701T021541_R003_T50PQT_20230701T082624,200,,0.0,0.04,0.01,0.85,0.04,57.34,0.02,0.12,0.02,41.56,0.0,10000,0,0.0,19999.99999999965,20000.000000000466,0.5229659080505371,41.7,,0.0,0.015700000000000002,0.0008000000000000004,-0.14739999999999998,0.019100000000000002,0.1396000000000015,0.0049,-0.004400000000000001,0.0029,-0.03119999999999834,0.0,-0.0326999999999984,0.14739999999999998,20000.0
952,T50PQT_20000_24,S2A_MSIL2A_20230701T021541_R003_T50PQT_20230701T082624,500,,0.0,0.0625,0.0,0.8125,0.0,57.8125,0.0,0.125,0.0,41.1875,0.0,1600,0,0.0,19999.99999999965,20000.000000000466,0.5047543048858643,41.3125,,0.0,0.0382,-0.0092,-0.18489999999999995,-0.0209,0.6120999999999981,-0.0151,0.0006000000000000033,-0.0171,-0.4037000000000006,0.0,-0.42020000000000124,0.6120999999999981,20000.0
959,T50PQT_20000_24,S2A_MSIL2A_20230701T021541_R003_T50PQT_20230701T082624,1000,,0.0,0.0,0.0,0.5,0.0,56.0,0.0,0.0,0.0,43.5,0.0,400,0,0.0,19999.99999999965,20000.000000000466,0.5177900791168213,43.5,,0.0,-0.0243,-0.0092,-0.49739999999999995,-0.0209,-1.200400000000002,-0.0151,-0.1244,-0.0171,1.9087999999999994,0.0,1.7672999999999988,1.7672999999999988,20000.0
919,T50PQT_20000_24,S2B_MSIL2A_20230606T021539_R003_T50PQT_20230606T073506,20,,0.0,0.0539,0.3271,1.9465,0.0208,94.1307,0.0291,0.9525,0.3663,2.1731,0.0,1000000,0,0.0,19999.99999999965,20000.000000000466,0.688420295715332,3.4919,,0.0,0.0,0.0,0.0,0.0,0.0,0.0,0.0,0.0,0.0,0.0,0.0,0.0,20000.0
926,T50PQT_20000_24,S2B_MSIL2A_20230606T021539_R003_T50PQT_20230606T073506,50,,0.0,0.054375,0.3275,1.948125,0.02125,94.15375,0.0375,0.95125,0.350625,2.155625,0.0,160000,0,0.0,19999.99999999965,20000.000000000466,0.5350797176361084,3.4575000000000005,,0.0,0.00047499999999999626,0.00040000000000001146,0.0016250000000002096,0.0004500000000000025,0.023049999999997794,0.008399999999999998,-0.0012499999999999734,-0.015674999999999994,-0.017474999999999685,0.0,-0.03439999999999932,0.03439999999999932,20000.0
933,T50PQT_20000_24,S2B_MSIL2A_20230606T021539_R003_T50PQT_20230606T073506,100,,0.0,0.0525,0.315,1.9725,0.02,94.1725,0.025,0.9175,0.375,2.15,0.0,40000,0,0.0,19999.99999999965,20000.000000000466,0.5533220767974854,3.4425,,0.0,-0.0014000000000000054,-0.0121,0.026000000000000023,-0.0007999999999999986,0.04179999999999495,-0.0040999999999999995,-0.03500000000000003,0.008699999999999986,-0.0230999999999999,0.0,-0.04939999999999989,0.04939999999999989,20000.0
940,T50PQT_20000_24,S2B_MSIL2A_20230606T021539_R003_T50PQT_20230606T073506,200,,0.0,0.04,0.32,1.94,0.01,94.37,0.07,0.83,0.34,2.08,0.0,10000,0,0.0,19999.99999999965,20000.000000000466,0.5229659080505371,3.25,,0.0,-0.013900000000000003,-0.007099999999999995,-0.00649999999999995,-0.010799999999999999,0.23930000000000007,0.040900000000000006,-0.12250000000000005,-0.02629999999999999,-0.09309999999999974,0.0,-0.24189999999999978,0.24189999999999978,20000.0
947,T50PQT_20000_24,S2B_MSIL2A_20230606T021539_R003_T50PQT_20230606T073506,500,,0.0,0.0625,0.3125,2.0,0.0,94.25,0.0,0.875,0.3125,2.1875,0.0,1600,0,0.0,19999.99999999965,20000.000000000466,0.5047543048858643,3.375,,0.0,0.008599999999999997,-0.014600000000000002,0.0535000000000001,-0.0208,0.11929999999999552,-0.0291,-0.07750000000000001,-0.053800000000000014,0.01440000000000019,0.0,-0.11689999999999978,0.11929999999999552,20000.0
954,T50PQT_20000_24,S2B_MSIL2A_20230606T021539_R003_T50PQT_20230606T073506,1000,,0.0,0.0,0.25,2.25,0.0,95.25,0.25,0.5,0.25,1.25,0.0,400,0,0.0,19999.99999999965,20000.000000000466,0.5177900791168213,2.0,,0.0,-0.0539,-0.0771,0.3035000000000001,-0.0208,1.1192999999999955,0.22089999999999999,-0.4525,-0.11630000000000001,-0.9230999999999998,0.0,-1.4918999999999998,1.4918999999999998,20000.0
921,T50PQT_20000_24,S2B_MSIL2A_20230616T021539_R003_T50PQT_20230616T083239,20,,0.0,0.0,0.0002,0.0,0.0,0.0,0.0,0.3106,0.1078,99.5814,0.0,1000000,0,0.0,19999.99999999965,20000.000000000466,0.688420295715332,99.99980000000001,,0.0,0.0,0.0,0.0,0.0,0.0,0.0,0.0,0.0,0.0,0.0,0.0,0.0,20000.0
928,T50PQT_20000_24,S2B_MSIL2A_20230616T021539_R003_T50PQT_20230616T083239,50,,0.0,0.0,0.0,0.0,0.0,0.0,0.0,0.3025,0.11,99.5875,0.0,160000,0,0.0,19999.99999999965,20000.000000000466,0.5350797176361084,100.0,,0.0,0.0,-0.0002,0.0,0.0,0.0,0.0,-0.008099999999999996,0.0021999999999999936,0.006100000000003547,0.0,0.00019999999999242846,0.0002,20000.0
935,T50PQT_20000_24,S2B_MSIL2A_20230616T021539_R003_T50PQT_20230616T083239,100,,0.0,0.0,0.0,0.0,0.0,0.0,0.0,0.3175,0.105,99.5775,0.0,40000,0,0.0,19999.99999999965,20000.000000000466,0.5533220767974854,100.0,,0.0,0.0,-0.0002,0.0,0.0,0.0,0.0,0.006900000000000017,-0.002800000000000011,-0.003900000000001569,0.0,0.00019999999999242846,0.0002,20000.0
942,T50PQT_20000_24,S2B_MSIL2A_20230616T021539_R003_T50PQT_20230616T083239,200,,0.0,0.0,0.0,0.0,0.0,0.0,0.0,0.32,0.09,99.59,0.0,10000,0,0.0,19999.99999999965,20000.000000000466,0.5229659080505371,100.0,,0.0,0.0,-0.0002,0.0,0.0,0.0,0.0,0.00940000000000002,-0.01780000000000001,0.008600000000001273,0.0,0.00019999999999242846,0.0002,20000.0
949,T50PQT_20000_24,S2B_MSIL2A_20230616T021539_R003_T50PQT_20230616T083239,500,,0.0,0.0,0.0,0.0,0.0,0.0,0.0,0.3125,0.0625,99.625,0.0,1600,0,0.0,19999.99999999965,20000.000000000466,0.5047543048858643,100.0,,0.0,0.0,-0.0002,0.0,0.0,0.0,0.0,0.0019000000000000128,-0.04530000000000001,0.04359999999999786,0.0,0.00019999999999242846,0.0002,20000.0
956,T50PQT_20000_24,S2B_MSIL2A_20230616T021539_R003_T50PQT_20230616T083239,1000,,0.0,0.0,0.0,0.0,0.0,0.0,0.0,0.0,0.25,99.75,0.0,400,0,0.0,19999.99999999965,20000.000000000466,0.5177900791168213,100.0,,0.0,0.0,-0.0002,0.0,0.0,0.0,0.0,-0.3106,0.1422,0.16859999999999786,0.0,0.00019999999999242846,0.0002,20000.0
923,T50PQT_20000_24,S2B_MSIL2A_20230626T021539_R003_T50PQT_20230626T074054,20,,0.0,0.0089,0.0,0.1091,0.004,24.2018,0.0006,23.7151,3.052,48.9085,0.0,1000000,0,0.0,19999.99999999965,20000.000000000466,0.688420295715332,75.6756,,0.0,0.0,0.0,0.0,0.0,0.0,0.0,0.0,0.0,0.0,0.0,0.0,0.0,20000.0
930,T50PQT_20000_24,S2B_MSIL2A_20230626T021539_R003_T50PQT_20230626T074054,50,,0.0,0.009375,0.0,0.11,0.005625,24.246875,0.001875,23.6875,3.035625,48.903125,0.0,160000,0,0.0,19999.99999999965,20000.000000000466,0.5350797176361084,75.62625,,0.0,0.00047499999999999973,0.0,0.000899999999999998,0.0016249999999999997,0.04507500000000064,0.001275,-0.027599999999999625,-0.01637500000000003,-0.00537499999999369,0.0,-0.049350000000004,0.049350000000004,20000.0
937,T50PQT_20000_24,S2B_MSIL2A_20230626T021539_R003_T50PQT_20230626T074054,100,,0.0,0.01,0.0,0.1175,0.0025,24.24,0.0,23.6625,3.0425,48.925,0.0,40000,0,0.0,19999.99999999965,20000.000000000466,0.5533220767974854,75.63,,0.0,0.0011000000000000003,0.0,0.00839999999999999,-0.0015,0.03819999999999979,-0.0006,-0.052599999999998204,-0.009500000000000064,0.016500000000000625,0.0,-0.04560000000000741,0.04560000000000741,20000.0
944,T50PQT_20000_24,S2B_MSIL2A_20230626T021539_R003_T50PQT_20230626T074054,200,,0.0,0.0,0.0,0.1,0.02,24.49,0.0,23.71,2.89,48.79,0.0,10000,0,0.0,19999.99999999965,20000.000000000466,0.5229659080505371,75.39,,0.0,-0.0089,0.0,-0.009099999999999997,0.016,0.2881999999999998,-0.0006,-0.005099999999998772,-0.16199999999999992,-0.11849999999999739,0.0,-0.2856000000000023,0.2881999999999998,20000.0
951,T50PQT_20000_24,S2B_MSIL2A_20230626T021539_R003_T50PQT_20230626T074054,500,,0.0,0.0,0.0,0.0625,0.0,24.625,0.0,23.75,2.8125,48.75,0.0,1600,0,0.0,19999.99999999965,20000.000000000466,0.5047543048858643,75.3125,,0.0,-0.0089,0.0,-0.0466,-0.004,0.42320000000000135,-0.0006,0.034900000000000375,-0.23950000000000005,-0.15849999999999653,0.0,-0.36310000000000286,0.42320000000000135,20000.0
958,T50PQT_20000_24,S2B_MSIL2A_20230626T021539_R003_T50PQT_20230626T074054,1000,,0.0,0.0,0.0,0.25,0.0,26.25,0.0,22.0,3.0,48.5,0.0,400,0,0.0,19999.99999999965,20000.000000000466,0.5177900791168213,73.5,,0.0,-0.0089,0.0,0.1409,-0.004,2.0482000000000014,-0.0006,-1.7150999999999996,-0.052000000000000046,-0.40849999999999653,0.0,-2.175600000000003,2.175600000000003,20000.0
960,T50PQT_20000_25,S2A_MSIL2A_20230601T021611_R003_T50PQT_20230601T103139,20,,0.0,0.0,0.0,0.0,0.0,0.0,0.0,100.0,0.0,0.0,0.0,1000000,0,0.0,19999.99999999965,20000.000000000466,0.6927735805511475,100.0,,0.0,0.0,0.0,0.0,0.0,0.0,0.0,0.0,0.0,0.0,0.0,0.0,0.0,20000.0
967,T50PQT_20000_25,S2A_MSIL2A_20230601T021611_R003_T50PQT_20230601T103139,50,,0.0,0.0,0.0,0.0,0.0,0.0,0.0,100.0,0.0,0.0,0.0,160000,0,0.0,19999.99999999965,20000.000000000466,0.5177292823791504,100.0,,0.0,0.0,0.0,0.0,0.0,0.0,0.0,0.0,0.0,0.0,0.0,0.0,0.0,20000.0
974,T50PQT_20000_25,S2A_MSIL2A_20230601T021611_R003_T50PQT_20230601T103139,100,,0.0,0.0,0.0,0.0,0.0,0.0,0.0,100.0,0.0,0.0,0.0,40000,0,0.0,19999.99999999965,20000.000000000466,0.5521144866943359,100.0,,0.0,0.0,0.0,0.0,0.0,0.0,0.0,0.0,0.0,0.0,0.0,0.0,0.0,20000.0
981,T50PQT_20000_25,S2A_MSIL2A_20230601T021611_R003_T50PQT_20230601T103139,200,,0.0,0.0,0.0,0.0,0.0,0.0,0.0,100.0,0.0,0.0,0.0,10000,0,0.0,19999.99999999965,20000.000000000466,0.4999687671661377,100.0,,0.0,0.0,0.0,0.0,0.0,0.0,0.0,0.0,0.0,0.0,0.0,0.0,0.0,20000.0
988,T50PQT_20000_25,S2A_MSIL2A_20230601T021611_R003_T50PQT_20230601T103139,500,,0.0,0.0,0.0,0.0,0.0,0.0,0.0,100.0,0.0,0.0,0.0,1600,0,0.0,19999.99999999965,20000.000000000466,0.5165622234344482,100.0,,0.0,0.0,0.0,0.0,0.0,0.0,0.0,0.0,0.0,0.0,0.0,0.0,0.0,20000.0
995,T50PQT_20000_25,S2A_MSIL2A_20230601T021611_R003_T50PQT_20230601T103139,1000,,0.0,0.0,0.0,0.0,0.0,0.0,0.0,100.0,0.0,0.0,0.0,400,0,0.0,19999.99999999965,20000.000000000466,0.5117533206939697,100.0,,0.0,0.0,0.0,0.0,0.0,0.0,0.0,0.0,0.0,0.0,0.0,0.0,0.0,20000.0
962,T50PQT_20000_25,S2A_MSIL2A_20230611T021541_R003_T50PQT_20230611T092421,20,,0.0,0.0,0.0,0.0,0.0,0.0,0.0,61.4543,2.6542,35.8915,0.0,1000000,0,0.0,19999.99999999965,20000.000000000466,0.6927735805511475,100.0,,0.0,0.0,0.0,0.0,0.0,0.0,0.0,0.0,0.0,0.0,0.0,0.0,0.0,20000.0
969,T50PQT_20000_25,S2A_MSIL2A_20230611T021541_R003_T50PQT_20230611T092421,50,,0.0,0.0,0.0,0.0,0.0,0.0,0.0,61.3925,2.64,35.9675,0.0,160000,0,0.0,19999.99999999965,20000.000000000466,0.5177292823791504,100.0,,0.0,0.0,0.0,0.0,0.0,0.0,0.0,-0.061800000000005184,-0.014199999999999768,0.07600000000000051,0.0,0.0,0.0,20000.0
976,T50PQT_20000_25,S2A_MSIL2A_20230611T021541_R003_T50PQT_20230611T092421,100,,0.0,0.0,0.0,0.0,0.0,0.0,0.0,61.41,2.6225,35.9675,0.0,40000,0,0.0,19999.99999999965,20000.000000000466,0.5521144866943359,100.0,,0.0,0.0,0.0,0.0,0.0,0.0,0.0,-0.04430000000000689,-0.03169999999999984,0.07600000000000051,0.0,0.0,0.0,20000.0
983,T50PQT_20000_25,S2A_MSIL2A_20230611T021541_R003_T50PQT_20230611T092421,200,,0.0,0.0,0.0,0.0,0.0,0.0,0.0,60.64,2.38,36.98,0.0,10000,0,0.0,19999.99999999965,20000.000000000466,0.4999687671661377,100.0,,0.0,0.0,0.0,0.0,0.0,0.0,0.0,-0.8143000000000029,-0.2742,1.0884999999999962,0.0,0.0,0.0,20000.0
990,T50PQT_20000_25,S2A_MSIL2A_20230611T021541_R003_T50PQT_20230611T092421,500,,0.0,0.0,0.0,0.0,0.0,0.0,0.0,60.0625,2.3125,37.625,0.0,1600,0,0.0,19999.99999999965,20000.000000000466,0.5165622234344482,100.0,,0.0,0.0,0.0,0.0,0.0,0.0,0.0,-1.3918000000000035,-0.3416999999999999,1.7334999999999994,0.0,0.0,0.0,20000.0
997,T50PQT_20000_25,S2A_MSIL2A_20230611T021541_R003_T50PQT_20230611T092421,1000,,0.0,0.0,0.0,0.0,0.0,0.0,0.0,55.0,1.5,43.5,0.0,400,0,0.0,19999.99999999965,20000.000000000466,0.5117533206939697,100.0,,0.0,0.0,0.0,0.0,0.0,0.0,0.0,-6.4543000000000035,-1.1542,7.608499999999999,0.0,0.0,0.0,20000.0
964,T50PQT_20000_25,S2A_MSIL2A_20230621T021541_R003_T50PQT_20230621T085836,20,,0.0,0.022400336005040076,1.6204243063645956,3.386150792261884,0.1177017655264829,45.7666865002975,0.15750236253543803,21.81462721940829,20.85951289269339,6.254993824907373,0.0,1000000,15,0.0015,19999.99999999965,20000.000000000466,0.6927735805511475,48.929133937009055,,0.0,0.0,0.0,0.0,0.0,0.0,0.0,0.0,0.0,0.0,0.0,0.0,0.0,20000.0
971,T50PQT_20000_25,S2A_MSIL2A_20230621T021541_R003_T50PQT_20230621T085836,50,,0.0,0.021250531263281584,1.613790344758619,3.393834845871147,0.12750318757968948,45.79614490362259,0.1550038750968774,21.816170404260106,20.838020950523763,6.2382809570239255,0.0,160000,4,0.0025,19999.99999999965,20000.000000000466,0.5177292823791504,48.89247231180779,,0.0,-0.0011498047417584922,-0.006633961605976513,0.007684053609263053,0.009801422053206582,0.02945840332508709,-0.002498487438560626,0.0015431848518154823,-0.021491942169628686,-0.016712867883447835,0.0,-0.03666162520126193,0.03666162520126193,20000.0
978,T50PQT_20000_25,S2A_MSIL2A_20230621T021541_R003_T50PQT_20230621T085836,100,,0.0,0.0275,1.635,3.405,0.13,45.7925,0.1425,21.73,20.8825,6.255,0.0,40000,0,0.0,19999.99999999965,20000.000000000466,0.5521144866943359,48.8675,,0.0,0.005099663994959924,0.014575693635404452,0.018849207738115936,0.012298234473517106,0.025813499702493914,-0.015002362535438046,-0.08462721940828999,0.02298710730660858,6.175092626570233e-06,0.0,-0.06163393700905573,0.06163393700905573,20000.0
985,T50PQT_20000_25,S2A_MSIL2A_20230621T021541_R003_T50PQT_20230621T085836,200,,0.0,0.03,1.6,3.29,0.11,45.5,0.15,21.93,21.1,6.29,0.0,10000,0,0.0,19999.99999999965,20000.000000000466,0.4999687671661377,49.32,,0.0,0.007599663994959923,-0.020424306364595468,-0.09615079226188383,-0.007701765526482898,-0.26668650029750296,-0.00750236253543804,0.1153727805917093,0.24048710730660972,0.03500617509262671,0.0,0.39086606299094484,0.39086606299094484,20000.0
992,T50PQT_20000_25,S2A_MSIL2A_20230621T021541_R003_T50PQT_20230621T085836,500,,0.0,0.0,1.4375,2.9375,0.125,45.375,0.125,22.75,21.3125,5.9375,0.0,1600,0,0.0,19999.99999999965,20000.000000000466,0.5165622234344482,50.0,,0.0,-0.022400336005040076,-0.18292430636459556,-0.44865079226188387,0.007298234473517101,-0.39168650029750296,-0.032502362535438034,0.9353727805917096,0.4529871073066083,-0.3174938249073733,0.0,1.0708660629909446,1.0708660629909446,20000.0
999,T50PQT_20000_25,S2A_MSIL2A_20230621T021541_R003_T50PQT_20230621T085836,1000,,0.0,0.0,1.5,3.75,0.25,43.0,0.25,23.5,21.0,6.75,0.0,400,0,0.0,19999.99999999965,20000.000000000466,0.5117533206939697,51.25,,0.0,-0.022400336005040076,-0.12042430636459556,0.36384920773811613,0.1322982344735171,-2.766686500297503,0.09249763746456197,1.6853727805917096,0.1404871073066083,0.4950061750926267,0.0,2.3208660629909446,2.766686500297503,20000.0
966,T50PQT_20000_25,S2A_MSIL2A_20230701T021541_R003_T50PQT_20230701T082624,20,,0.0,0.0277,0.6048,7.937,0.119,49.1692,0.1772,1.7027,1.7602,38.5022,0.0,1000000,0,0.0,19999.99999999965,20000.000000000466,0.6927735805511475,41.9651,,0.0,0.0,0.0,0.0,0.0,0.0,0.0,0.0,0.0,0.0,0.0,0.0,0.0,20000.0
973,T50PQT_20000_25,S2A_MSIL2A_20230701T021541_R003_T50PQT_20230701T082624,50,,0.0,0.033125,0.604375,7.91375,0.11,49.170625,0.18625,1.715,1.73375,38.533125,0.0,160000,0,0.0,19999.99999999965,20000.000000000466,0.5177292823791504,41.981874999999995,,0.0,0.005425000000000003,-0.0004250000000000087,-0.023249999999999993,-0.008999999999999994,0.0014250000000046725,0.009050000000000002,0.012299999999999978,-0.026450000000000085,0.030924999999996317,0.0,0.016774999999995543,0.023249999999999993,20000.0
980,T50PQT_20000_25,S2A_MSIL2A_20230701T021541_R003_T50PQT_20230701T082624,100,,0.0,0.03,0.61,7.9025,0.1275,49.165,0.1725,1.705,1.7475,38.54,0.0,40000,0,0.0,19999.99999999965,20000.000000000466,0.5521144866943359,41.9925,,0.0,0.0023,0.005199999999999982,-0.03450000000000042,0.008500000000000008,-0.004199999999997317,-0.00470000000000001,0.0022999999999999687,-0.012699999999999934,0.03779999999999717,0.0,0.02740000000000009,0.03450000000000042,20000.0
987,T50PQT_20000_25,S2A_MSIL2A_20230701T021541_R003_T50PQT_20230701T082624,200,,0.0,0.02,0.64,7.84,0.14,49.28,0.25,1.55,1.64,38.64,0.0,10000,0,0.0,19999.99999999965,20000.000000000466,0.4999687671661377,41.83,,0.0,-0.0076999999999999985,0.03520000000000001,-0.09700000000000042,0.02100000000000002,0.11080000000000467,0.0728,-0.15270000000000006,-0.12020000000000008,0.1377999999999986,0.0,-0.13510000000000133,0.13510000000000133,20000.0
994,T50PQT_20000_25,S2A_MSIL2A_20230701T021541_R003_T50PQT_20230701T082624,500,,0.0,0.0,0.4375,7.375,0.25,49.8125,0.3125,2.0625,1.25,38.5,0.0,1600,0,0.0,19999.99999999965,20000.000000000466,0.5165622234344482,41.8125,,0.0,-0.0277,-0.1673,-0.5620000000000003,0.131,0.6433000000000035,0.1353,0.3597999999999999,-0.5102,-0.002200000000001978,0.0,-0.15259999999999962,0.6433000000000035,20000.0
1001,T50PQT_20000_25,S2A_MSIL2A_20230701T021541_R003_T50PQT_20230701T082624,1000,,0.0,0.0,1.25,7.75,0.0,50.0,0.25,0.75,1.5,38.5,0.0,400,0,0.0,19999.99999999965,20000.000000000466,0.5117533206939697,40.75,,0.0,-0.0277,0.6452,-0.18700000000000028,-0.119,0.8308000000000035,0.0728,-0.9527000000000001,-0.2602,-0.002200000000001978,0.0,-1.2150999999999996,1.2150999999999996,20000.0
961,T50PQT_20000_25,S2B_MSIL2A_20230606T021539_R003_T50PQT_20230606T073506,20,,0.0,0.0869,0.5248,13.8598,0.2125,84.6108,0.1733,0.248,0.0785,0.2054,0.0,1000000,0,0.0,19999.99999999965,20000.000000000466,0.6927735805511475,0.5319,,0.0,0.0,0.0,0.0,0.0,0.0,0.0,0.0,0.0,0.0,0.0,0.0,0.0,20000.0
968,T50PQT_20000_25,S2B_MSIL2A_20230606T021539_R003_T50PQT_20230606T073506,50,,0.0,0.09125,0.526875,13.82625,0.20375,84.63,0.18625,0.251875,0.075,0.20875,0.0,160000,0,0.0,19999.99999999965,20000.000000000466,0.5177292823791504,0.535625,,0.0,0.004349999999999993,0.002074999999999938,-0.03354999999999997,-0.008750000000000008,0.019199999999997885,0.01294999999999999,0.0038750000000000173,-0.003500000000000003,0.003349999999999992,0.0,0.0037249999999999783,0.03354999999999997,20000.0
975,T50PQT_20000_25,S2B_MSIL2A_20230606T021539_R003_T50PQT_20230606T073506,100,,0.0,0.0875,0.5175,13.8275,0.23,84.6775,0.1525,0.23,0.085,0.1925,0.0,40000,0,0.0,19999.99999999965,20000.000000000466,0.5521144866943359,0.5075000000000001,,0.0,0.0005999999999999894,-0.007300000000000084,-0.03229999999999933,0.017500000000000016,0.06669999999999732,-0.020800000000000013,-0.017999999999999988,0.006500000000000006,-0.012899999999999995,0.0,-0.024399999999999977,0.06669999999999732,20000.0
982,T50PQT_20000_25,S2B_MSIL2A_20230606T021539_R003_T50PQT_20230606T073506,200,,0.0,0.08,0.57,13.58,0.21,84.84,0.16,0.26,0.08,0.22,0.0,10000,0,0.0,19999.99999999965,20000.000000000466,0.4999687671661377,0.56,,0.0,-0.006900000000000003,0.04519999999999991,-0.2797999999999998,-0.0025000000000000022,0.22920000000000584,-0.013300000000000006,0.01200000000000001,0.0015000000000000013,0.014600000000000002,0.0,0.028100000000000014,0.2797999999999998,20000.0
989,T50PQT_20000_25,S2B_MSIL2A_20230606T021539_R003_T50PQT_20230606T073506,500,,0.0,0.0,0.4375,13.0,0.25,85.625,0.1875,0.125,0.125,0.25,0.0,1600,0,0.0,19999.99999999965,20000.000000000466,0.5165622234344482,0.5,,0.0,-0.0869,-0.08730000000000004,-0.8597999999999999,0.037500000000000006,1.0142000000000024,0.01419999999999999,-0.123,0.0465,0.0446,0.0,-0.03190000000000004,1.0142000000000024,20000.0
996,T50PQT_20000_25,S2B_MSIL2A_20230606T021539_R003_T50PQT_20230606T073506,1000,,0.0,0.25,0.25,12.75,0.25,85.5,0.25,0.5,0.25,0.0,0.0,400,0,0.0,19999.99999999965,20000.000000000466,0.5117533206939697,0.75,,0.0,0.1631,-0.27480000000000004,-1.1098,0.037500000000000006,0.8892000000000024,0.07669999999999999,0.252,0.17149999999999999,-0.2054,0.0,0.21809999999999996,1.1098,20000.0
963,T50PQT_20000_25,S2B_MSIL2A_20230616T021539_R003_T50PQT_20230616T083239,20,,0.0,0.0,0.0008,0.0,0.0002,0.0,0.0,2.8857,2.9539,94.1594,0.0,1000000,0,0.0,19999.99999999965,20000.000000000466,0.6927735805511475,99.99900000000001,,0.0,0.0,0.0,0.0,0.0,0.0,0.0,0.0,0.0,0.0,0.0,0.0,0.0,20000.0
970,T50PQT_20000_25,S2B_MSIL2A_20230616T021539_R003_T50PQT_20230616T083239,50,,0.0,0.0,0.0,0.0,0.000625,0.0,0.0,2.88125,2.935,94.183125,0.0,160000,0,0.0,19999.99999999965,20000.000000000466,0.5177292823791504,99.999375,,0.0,0.0,-0.0008,0.0,0.00042500000000000003,0.0,0.0,-0.004449999999999843,-0.018899999999999917,0.023724999999998886,0.0,0.0003749999999911324,0.0008,20000.0
977,T50PQT_20000_25,S2B_MSIL2A_20230616T021539_R003_T50PQT_20230616T083239,100,,0.0,0.0,0.0,0.0,0.0,0.0,0.0,2.9,2.935,94.165,0.0,40000,0,0.0,19999.99999999965,20000.000000000466,0.5521144866943359,100.0,,0.0,0.0,-0.0008,0.0,-0.0002,0.0,0.0,0.01429999999999998,-0.018899999999999917,0.00560000000000116,0.0,0.000999999999990564,0.000999999999990564,20000.0
984,T50PQT_20000_25,S2B_MSIL2A_20230616T021539_R003_T50PQT_20230616T083239,200,,0.0,0.0,0.0,0.0,0.0,0.0,0.0,2.93,2.88,94.19,0.0,10000,0,0.0,19999.99999999965,20000.000000000466,0.4999687671661377,100.0,,0.0,0.0,-0.0008,0.0,-0.0002,0.0,0.0,0.04430000000000023,-0.07390000000000008,0.030599999999992633,0.0,0.000999999999990564,0.000999999999990564,20000.0
991,T50PQT_20000_25,S2B_MSIL2A_20230616T021539_R003_T50PQT_20230616T083239,500,,0.0,0.0,0.0,0.0,0.0,0.0,0.0,2.875,2.75,94.375,0.0,1600,0,0.0,19999.99999999965,20000.000000000466,0.5165622234344482,100.0,,0.0,0.0,-0.0008,0.0,-0.0002,0.0,0.0,-0.010699999999999932,-0.20389999999999997,0.2155999999999949,0.0,0.000999999999990564,0.000999999999990564,20000.0
998,T50PQT_20000_25,S2B_MSIL2A_20230616T021539_R003_T50PQT_20230616T083239,1000,,0.0,0.0,0.0,0.0,0.0,0.0,0.0,2.5,3.5,94.0,0.0,400,0,0.0,19999.99999999965,20000.000000000466,0.5117533206939697,100.0,,0.0,0.0,-0.0008,0.0,-0.0002,0.0,0.0,-0.38569999999999993,0.5461,-0.1594000000000051,0.0,0.000999999999990564,0.000999999999990564,20000.0
965,T50PQT_20000_25,S2B_MSIL2A_20230626T021539_R003_T50PQT_20230626T074054,20,,0.0,0.0,0.1898,0.0433,0.0013,7.4545,0.006,55.5138,8.2549,28.5364,0.0,1000000,0,0.0,19999.99999999965,20000.000000000466,0.6927735805511475,92.30510000000001,,0.0,0.0,0.0,0.0,0.0,0.0,0.0,0.0,0.0,0.0,0.0,0.0,0.0,20000.0
972,T50PQT_20000_25,S2B_MSIL2A_20230626T021539_R003_T50PQT_20230626T074054,50,,0.0,0.0,0.18875,0.041875,0.001875,7.478125,0.00625,55.459375,8.2325,28.59125,0.0,160000,0,0.0,19999.99999999965,20000.000000000466,0.5177292823791504,92.283125,,0.0,0.0,-0.0010499999999999954,-0.0014249999999999957,0.000575,0.023625000000000007,0.0002500000000000002,-0.054425000000001944,-0.02239999999999931,0.05484999999999829,0.0,-0.021975000000011846,0.023625000000000007,20000.0
979,T50PQT_20000_25,S2B_MSIL2A_20230626T021539_R003_T50PQT_20230626T074054,100,,0.0,0.0,0.195,0.0375,0.0025,7.5025,0.0075,55.4525,8.245,28.5575,0.0,40000,0,0.0,19999.99999999965,20000.000000000466,0.5521144866943359,92.255,,0.0,0.0,0.00520000000000001,-0.0058,0.0012000000000000001,0.04800000000000004,0.0014999999999999996,-0.0613000000000028,-0.00990000000000002,0.021100000000000563,0.0,-0.05010000000001469,0.05010000000001469,20000.0
986,T50PQT_20000_25,S2B_MSIL2A_20230626T021539_R003_T50PQT_20230626T074054,200,,0.0,0.0,0.21,0.03,0.0,7.58,0.01,55.37,7.87,28.93,0.0,10000,0,0.0,19999.99999999965,20000.000000000466,0.4999687671661377,92.16999999999999,,0.0,0.0,0.020199999999999996,-0.0133,-0.0013,0.12549999999999972,0.004,-0.14380000000000592,-0.38489999999999913,0.3935999999999993,0.0,-0.13510000000002265,0.13510000000002265,20000.0
993,T50PQT_20000_25,S2B_MSIL2A_20230626T021539_R003_T50PQT_20230626T074054,500,,0.0,0.0,0.25,0.0,0.0,7.875,0.0,55.5,7.3125,29.0625,0.0,1600,0,0.0,19999.99999999965,20000.000000000466,0.5165622234344482,91.875,,0.0,0.0,0.060200000000000004,-0.0433,-0.0013,0.42049999999999965,-0.006,-0.013800000000003365,-0.9423999999999992,0.5260999999999996,0.0,-0.43010000000001014,0.43010000000001014,20000.0
1000,T50PQT_20000_25,S2B_MSIL2A_20230626T021539_R003_T50PQT_20230626T074054,1000,,0.0,0.0,0.25,0.0,0.0,7.25,0.25,53.25,7.5,31.5,0.0,400,0,0.0,19999.99999999965,20000.000000000466,0.5117533206939697,92.25,,0.0,0.0,0.060200000000000004,-0.0433,-0.0013,-0.20450000000000035,0.244,-2.2638000000000034,-0.7548999999999992,2.9635999999999996,0.0,-0.05510000000001014,0.244,20000.0
1002,T50PQT_20000_26,S2A_MSIL2A_20230601T021611_R003_T50PQT_20230601T103139,20,,0.0,0.0,0.0,0.0,0.0,0.0,0.0,100.0,0.0,0.0,0.0,1000000,0,0.0,20000.00000000128,19999.999999999767,0.76031494140625,100.0,,0.0,0.0,0.0,0.0,0.0,0.0,0.0,0.0,0.0,0.0,0.0,0.0,0.0,20000.0
1009,T50PQT_20000_26,S2A_MSIL2A_20230601T021611_R003_T50PQT_20230601T103139,50,,0.0,0.0,0.0,0.0,0.0,0.0,0.0,100.0,0.0,0.0,0.0,160000,0,0.0,20000.00000000128,19999.999999999767,0.5474252700805664,100.0,,0.0,0.0,0.0,0.0,0.0,0.0,0.0,0.0,0.0,0.0,0.0,0.0,0.0,20000.0
1016,T50PQT_20000_26,S2A_MSIL2A_20230601T021611_R003_T50PQT_20230601T103139,100,,0.0,0.0,0.0,0.0,0.0,0.0,0.0,100.0,0.0,0.0,0.0,40000,0,0.0,20000.00000000128,19999.999999999767,0.5404794216156006,100.0,,0.0,0.0,0.0,0.0,0.0,0.0,0.0,0.0,0.0,0.0,0.0,0.0,0.0,20000.0
1023,T50PQT_20000_26,S2A_MSIL2A_20230601T021611_R003_T50PQT_20230601T103139,200,,0.0,0.0,0.0,0.0,0.0,0.0,0.0,100.0,0.0,0.0,0.0,10000,0,0.0,20000.00000000128,19999.999999999767,0.5503144264221191,100.0,,0.0,0.0,0.0,0.0,0.0,0.0,0.0,0.0,0.0,0.0,0.0,0.0,0.0,20000.0
1030,T50PQT_20000_26,S2A_MSIL2A_20230601T021611_R003_T50PQT_20230601T103139,500,,0.0,0.0,0.0,0.0,0.0,0.0,0.0,100.0,0.0,0.0,0.0,1600,0,0.0,20000.00000000128,19999.999999999767,0.5120186805725098,100.0,,0.0,0.0,0.0,0.0,0.0,0.0,0.0,0.0,0.0,0.0,0.0,0.0,0.0,20000.0
1037,T50PQT_20000_26,S2A_MSIL2A_20230601T021611_R003_T50PQT_20230601T103139,1000,,0.0,0.0,0.0,0.0,0.0,0.0,0.0,100.0,0.0,0.0,0.0,400,0,0.0,20000.00000000128,19999.999999999767,0.5325355529785156,100.0,,0.0,0.0,0.0,0.0,0.0,0.0,0.0,0.0,0.0,0.0,0.0,0.0,0.0,20000.0
1004,T50PQT_20000_26,S2A_MSIL2A_20230611T021541_R003_T50PQT_20230611T092421,20,,0.0,0.0,0.0,0.0,0.0,0.0,0.0,66.9125,33.0875,0.0,0.0,1000000,0,0.0,20000.00000000128,19999.999999999767,0.76031494140625,100.0,,0.0,0.0,0.0,0.0,0.0,0.0,0.0,0.0,0.0,0.0,0.0,0.0,0.0,20000.0
1011,T50PQT_20000_26,S2A_MSIL2A_20230611T021541_R003_T50PQT_20230611T092421,50,,0.0,0.0,0.0,0.0,0.0,0.0,0.0,66.95375,33.04625,0.0,0.0,160000,0,0.0,20000.00000000128,19999.999999999767,0.5474252700805664,100.0,,0.0,0.0,0.0,0.0,0.0,0.0,0.0,0.041250000000005116,-0.04124999999999801,0.0,0.0,0.0,0.0,20000.0
1018,T50PQT_20000_26,S2A_MSIL2A_20230611T021541_R003_T50PQT_20230611T092421,100,,0.0,0.0,0.0,0.0,0.0,0.0,0.0,66.9325,33.0675,0.0,0.0,40000,0,0.0,20000.00000000128,19999.999999999767,0.5404794216156006,100.0,,0.0,0.0,0.0,0.0,0.0,0.0,0.0,0.020000000000010232,-0.01999999999999602,0.0,0.0,0.0,0.0,20000.0
1025,T50PQT_20000_26,S2A_MSIL2A_20230611T021541_R003_T50PQT_20230611T092421,200,,0.0,0.0,0.0,0.0,0.0,0.0,0.0,67.06,32.94,0.0,0.0,10000,0,0.0,20000.00000000128,19999.999999999767,0.5503144264221191,100.0,,0.0,0.0,0.0,0.0,0.0,0.0,0.0,0.14750000000000796,-0.14750000000000085,0.0,0.0,0.0,0.0,20000.0
1032,T50PQT_20000_26,S2A_MSIL2A_20230611T021541_R003_T50PQT_20230611T092421,500,,0.0,0.0,0.0,0.0,0.0,0.0,0.0,67.4375,32.5625,0.0,0.0,1600,0,0.0,20000.00000000128,19999.999999999767,0.5120186805725098,100.0,,0.0,0.0,0.0,0.0,0.0,0.0,0.0,0.5250000000000057,-0.5249999999999986,0.0,0.0,0.0,0.0,20000.0
1039,T50PQT_20000_26,S2A_MSIL2A_20230611T021541_R003_T50PQT_20230611T092421,1000,,0.0,0.0,0.0,0.0,0.0,0.0,0.0,68.25,31.75,0.0,0.0,400,0,0.0,20000.00000000128,19999.999999999767,0.5325355529785156,100.0,,0.0,0.0,0.0,0.0,0.0,0.0,0.0,1.3375000000000057,-1.3374999999999986,0.0,0.0,0.0,0.0,20000.0
1006,T50PQT_20000_26,S2A_MSIL2A_20230621T021541_R003_T50PQT_20230621T085836,20,,0.0,0.04490049390543296,0.6290069190761098,2.121023331256644,0.07010077110848219,61.7710794818743,0.05590061490676398,2.1250233752571277,3.506438570824279,29.67652644179086,0.0,1000000,11,0.0011,20000.00000000128,19999.999999999767,0.76031494140625,35.307988387872264,,0.0,0.0,0.0,0.0,0.0,0.0,0.0,0.0,0.0,0.0,0.0,0.0,0.0,20000.0
1013,T50PQT_20000_26,S2A_MSIL2A_20230621T021541_R003_T50PQT_20230621T085836,50,,0.0,0.045625,0.613125,2.13625,0.070625,61.7975,0.04875,2.110625,3.496875,29.680625,0.0,160000,0,0.0,20000.00000000128,19999.999999999767,0.5474252700805664,35.288125,,0.0,0.0007245060945670415,-0.015881919076109807,0.015226668743355987,0.0005242288915178056,0.0264205181256969,-0.007150614906763976,-0.014398375257127505,-0.009563570824278944,0.0040985582091401795,0.0,-0.01986338787226316,0.0264205181256969,20000.0
1020,T50PQT_20000_26,S2A_MSIL2A_20230621T021541_R003_T50PQT_20230621T085836,100,,0.0,0.045,0.6225,2.125,0.0725,61.7725,0.05,2.1175,3.5,29.695,0.0,40000,0,0.0,20000.00000000128,19999.999999999767,0.5404794216156006,35.3125,,0.0,9.95060945670409e-05,-0.006506919076109785,0.003976668743356004,0.0023992288915178073,0.0014205181256983224,-0.005900614906763975,-0.00752337525712754,-0.006438570824279122,0.018473558209141316,0.0,0.004511612127735987,0.006506919076109785,20000.0
1027,T50PQT_20000_26,S2A_MSIL2A_20230621T021541_R003_T50PQT_20230621T085836,200,,0.0,0.04,0.57,2.1,0.1,62.4,0.04,2.1,3.39,29.26,0.0,10000,0,0.0,20000.00000000128,19999.999999999767,0.5503144264221191,34.75,,0.0,-0.004900493905432957,-0.05900691907610989,-0.021023331256643907,0.029899228891517818,0.628920518125696,-0.015900614906763977,-0.02502337525712761,-0.116438570824279,-0.4165264417908574,0.0,-0.557988387872264,0.628920518125696,20000.0
1034,T50PQT_20000_26,S2A_MSIL2A_20230621T021541_R003_T50PQT_20230621T085836,500,,0.0,0.125,0.5,2.125,0.0,63.0625,0.0625,2.0625,3.3125,28.75,0.0,1600,0,0.0,20000.00000000128,19999.999999999767,0.5120186805725098,34.125,,0.0,0.08009950609456704,-0.12900691907610984,0.003976668743356004,-0.07010077110848219,1.2914205181256975,0.006599385093236022,-0.0625233752571277,-0.19393857082427912,-0.926526441790859,0.0,-1.182988387872264,1.2914205181256975,20000.0
1041,T50PQT_20000_26,S2A_MSIL2A_20230621T021541_R003_T50PQT_20230621T085836,1000,,0.0,0.0,0.5,1.75,0.5,64.25,0.0,1.75,3.5,27.75,0.0,400,0,0.0,20000.00000000128,19999.999999999767,0.5325355529785156,33.0,,0.0,-0.04490049390543296,-0.12900691907610984,-0.371023331256644,0.4298992288915178,2.4789205181256975,-0.05590061490676398,-0.3750233752571277,-0.006438570824279122,-1.926526441790859,0.0,-2.307988387872264,2.4789205181256975,20000.0
1008,T50PQT_20000_26,S2A_MSIL2A_20230701T021541_R003_T50PQT_20230701T082624,20,,0.0,0.0069,0.0,0.8666,0.0168,7.0758,0.0103,6.2446,1.6597,84.1193,0.0,1000000,0,0.0,20000.00000000128,19999.999999999767,0.76031494140625,92.0236,,0.0,0.0,0.0,0.0,0.0,0.0,0.0,0.0,0.0,0.0,0.0,0.0,0.0,20000.0
1015,T50PQT_20000_26,S2A_MSIL2A_20230701T021541_R003_T50PQT_20230701T082624,50,,0.0,0.00625,0.0,0.861875,0.015,7.089375,0.010625,6.26375,1.655625,84.0975,0.0,160000,0,0.0,20000.00000000128,19999.999999999767,0.5474252700805664,92.016875,,0.0,-0.0006499999999999995,0.0,-0.00472500000000009,-0.0017999999999999995,0.013575000000000337,0.00032500000000000064,0.01914999999999978,-0.004075000000000051,-0.02179999999999893,0.0,-0.006725000000002979,0.013575000000000337,20000.0
1022,T50PQT_20000_26,S2A_MSIL2A_20230701T021541_R003_T50PQT_20230701T082624,100,,0.0,0.005,0.0,0.835,0.0225,7.0925,0.015,6.21,1.6675,84.1525,0.0,40000,0,0.0,20000.00000000128,19999.999999999767,0.5404794216156006,92.03,,0.0,-0.0018999999999999998,0.0,-0.03160000000000007,0.0057,0.01670000000000016,0.004699999999999999,-0.034600000000000186,0.007800000000000029,0.03320000000000789,0.0,0.006399999999999295,0.03160000000000007,20000.0
1029,T50PQT_20000_26,S2A_MSIL2A_20230701T021541_R003_T50PQT_20230701T082624,200,,0.0,0.01,0.0,0.8,0.0,7.27,0.02,6.37,1.66,83.87,0.0,10000,0,0.0,20000.00000000128,19999.999999999767,0.5503144264221191,91.9,,0.0,0.0031000000000000003,0.0,-0.06659999999999999,-0.0168,0.19419999999999948,0.0097,0.12539999999999996,0.00029999999999996696,-0.24929999999999097,0.0,-0.12359999999999616,0.19419999999999948,20000.0
1036,T50PQT_20000_26,S2A_MSIL2A_20230701T021541_R003_T50PQT_20230701T082624,500,,0.0,0.0,0.0,0.75,0.0625,7.25,0.0,6.3125,1.625,84.0,0.0,1600,0,0.0,20000.00000000128,19999.999999999767,0.5120186805725098,91.9375,,0.0,-0.0069,0.0,-0.11660000000000004,0.045700000000000005,0.1741999999999999,-0.0103,0.06789999999999985,-0.03469999999999995,-0.11929999999999552,0.0,-0.08610000000000184,0.1741999999999999,20000.0
1043,T50PQT_20000_26,S2A_MSIL2A_20230701T021541_R003_T50PQT_20230701T082624,1000,,0.0,0.0,0.0,0.75,0.0,8.5,0.0,7.5,1.5,81.75,0.0,400,0,0.0,20000.00000000128,19999.999999999767,0.5325355529785156,90.75,,0.0,-0.0069,0.0,-0.11660000000000004,-0.0168,1.4242,-0.0103,1.2553999999999998,-0.15969999999999995,-2.3692999999999955,0.0,-1.2736000000000018,1.4242,20000.0
1003,T50PQT_20000_26,S2B_MSIL2A_20230606T021539_R003_T50PQT_20230606T073506,20,,0.0,0.0912000912000912,0.6149006149006149,8.463108463108464,0.1314001314001314,86.9041869041869,0.052000052000052,0.5897005897005897,0.2819002819002819,2.8716028716028714,0.0,1000000,1,0.0001,20000.00000000128,19999.999999999767,0.76031494140625,3.7432037432037433,,0.0,0.0,0.0,0.0,0.0,0.0,0.0,0.0,0.0,0.0,0.0,0.0,0.0,20000.0
1010,T50PQT_20000_26,S2B_MSIL2A_20230606T021539_R003_T50PQT_20230606T073506,50,,0.0,0.090625,0.6175,8.44875,0.12375,86.884375,0.054375,0.583125,0.28625,2.91125,0.0,160000,0,0.0,20000.00000000128,19999.999999999767,0.5474252700805664,3.7806249999999997,,0.0,-0.0005750912000912073,0.0025993850993851764,-0.014358463108463226,-0.007650131400131405,-0.019811904186894935,0.0023749479999480017,-0.00657558970058969,0.004349718099718125,0.03964712839712847,0.0,0.03742125679625641,0.03742125679625641,20000.0
1017,T50PQT_20000_26,S2B_MSIL2A_20230606T021539_R003_T50PQT_20230606T073506,100,,0.0,0.0825,0.64,8.41,0.1225,86.8875,0.065,0.5975,0.2825,2.9125,0.0,40000,0,0.0,20000.00000000128,19999.999999999767,0.5404794216156006,3.7925,,0.0,-0.0087000912000912,0.02509938509938514,-0.05310846310846351,-0.008900131400131406,-0.016686904186897777,0.012999947999948004,0.0077994102994103365,0.000599718099718094,0.04089712839712867,0.0,0.04929625679625671,0.05310846310846351,20000.0
1024,T50PQT_20000_26,S2B_MSIL2A_20230606T021539_R003_T50PQT_20230606T073506,200,,0.0,0.1,0.59,8.24,0.15,86.89,0.05,0.62,0.23,3.13,0.0,10000,0,0.0,20000.00000000128,19999.999999999767,0.5503144264221191,3.98,,0.0,0.008799908799908801,-0.024900614900614904,-0.22310846310846344,0.01859986859986859,-0.014186904186900051,-0.0020000520000519953,0.0302994102994103,-0.05190028190028187,0.2583971283971285,0.0,0.2367962567962567,0.2367962567962567,20000.0
1031,T50PQT_20000_26,S2B_MSIL2A_20230606T021539_R003_T50PQT_20230606T073506,500,,0.0,0.1875,0.625,8.0,0.125,86.8125,0.0625,0.8125,0.125,3.25,0.0,1600,0,0.0,20000.00000000128,19999.999999999767,0.5120186805725098,4.1875,,0.0,0.0962999087999088,0.010099385099385128,-0.46310846310846365,-0.006400131400131404,-0.09168690418690062,0.010499947999948002,0.2227994102994103,-0.15690028190028188,0.3783971283971286,0.0,0.4442962567962567,0.46310846310846365,20000.0
1038,T50PQT_20000_26,S2B_MSIL2A_20230606T021539_R003_T50PQT_20230606T073506,1000,,0.0,0.0,0.75,7.75,0.75,85.25,0.0,0.5,0.0,5.0,0.0,400,0,0.0,20000.00000000128,19999.999999999767,0.5325355529785156,5.5,,0.0,-0.0912000912000912,0.13509938509938513,-0.7131084631084637,0.6185998685998686,-1.6541869041869006,-0.052000052000052,-0.0897005897005897,-0.2819002819002819,2.1283971283971286,0.0,1.7567962567962567,1.7567962567962567,20000.0
1005,T50PQT_20000_26,S2B_MSIL2A_20230616T021539_R003_T50PQT_20230616T083239,20,,0.0,0.0222,0.7013,0.4454,0.0163,1.3537,0.0149,1.5877,1.4937,94.3648,0.0,1000000,0,0.0,20000.00000000128,19999.999999999767,0.76031494140625,97.4462,,0.0,0.0,0.0,0.0,0.0,0.0,0.0,0.0,0.0,0.0,0.0,0.0,0.0,20000.0
1012,T50PQT_20000_26,S2B_MSIL2A_20230616T021539_R003_T50PQT_20230616T083239,50,,0.0,0.023125,0.703125,0.45375,0.0175,1.3525,0.01625,1.5725,1.49375,94.3675,0.0,160000,0,0.0,20000.00000000128,19999.999999999767,0.5474252700805664,97.43375,,0.0,0.0009249999999999987,0.0018249999999999655,0.008349999999999969,0.0012000000000000031,-0.0011999999999998678,0.0013500000000000005,-0.01519999999999988,4.999999999988347e-05,0.0027000000000043656,0.0,-0.012450000000001182,0.012450000000001182,20000.0
1019,T50PQT_20000_26,S2B_MSIL2A_20230616T021539_R003_T50PQT_20230616T083239,100,,0.0,0.0275,0.7175,0.4475,0.015,1.3425,0.0125,1.59,1.4875,94.36,0.0,40000,0,0.0,20000.00000000128,19999.999999999767,0.5404794216156006,97.4375,,0.0,0.005299999999999999,0.016199999999999992,0.0020999999999999908,-0.001299999999999999,-0.011199999999999877,-0.0023999999999999994,0.0023000000000001908,-0.006199999999999983,-0.004800000000003024,0.0,-0.008700000000004593,0.016199999999999992,20000.0
1026,T50PQT_20000_26,S2B_MSIL2A_20230616T021539_R003_T50PQT_20230616T083239,200,,0.0,0.02,0.65,0.39,0.02,1.29,0.03,1.54,1.52,94.54,0.0,10000,0,0.0,20000.00000000128,19999.999999999767,0.5503144264221191,97.60000000000001,,0.0,-0.0022000000000000006,-0.05130000000000001,-0.055400000000000005,0.003700000000000002,-0.06369999999999987,0.015099999999999999,-0.047699999999999854,0.02629999999999999,0.1752000000000038,0.0,0.15380000000000393,0.15380000000000393,20000.0
1033,T50PQT_20000_26,S2B_MSIL2A_20230616T021539_R003_T50PQT_20230616T083239,500,,0.0,0.0,0.875,0.5625,0.0625,0.9375,0.0,2.0,1.0,94.5625,0.0,1600,0,0.0,20000.00000000128,19999.999999999767,0.5120186805725098,97.5625,,0.0,-0.0222,0.17369999999999997,0.11709999999999998,0.046200000000000005,-0.4161999999999999,-0.0149,0.4123000000000001,-0.4937,0.19769999999999754,0.0,0.11629999999999541,0.4161999999999999,20000.0
1040,T50PQT_20000_26,S2B_MSIL2A_20230616T021539_R003_T50PQT_20230616T083239,1000,,0.0,0.0,0.75,0.0,0.25,1.25,0.0,0.5,2.0,95.25,0.0,400,0,0.0,20000.00000000128,19999.999999999767,0.5325355529785156,97.75,,0.0,-0.0222,0.048699999999999966,-0.4454,0.2337,-0.1036999999999999,-0.0149,-1.0877,0.5063,0.8851999999999975,0.0,0.3037999999999954,0.4454,20000.0
1007,T50PQT_20000_26,S2B_MSIL2A_20230626T021539_R003_T50PQT_20230626T074054,20,,0.0,0.0,0.0,0.0,0.0,4.4294,0.0,31.5404,54.9369,9.0933,0.0,1000000,0,0.0,20000.00000000128,19999.999999999767,0.76031494140625,95.5706,,0.0,0.0,0.0,0.0,0.0,0.0,0.0,0.0,0.0,0.0,0.0,0.0,0.0,20000.0
1014,T50PQT_20000_26,S2B_MSIL2A_20230626T021539_R003_T50PQT_20230626T074054,50,,0.0,0.0,0.0,0.0,0.0,4.46625,0.0,31.51125,54.903125,9.119375,0.0,160000,0,0.0,20000.00000000128,19999.999999999767,0.5474252700805664,95.53375000000001,,0.0,0.0,0.0,0.0,0.0,0.03684999999999938,0.0,-0.02915000000000134,-0.033774999999998556,0.026075000000000514,0.0,-0.03684999999998695,0.03684999999999938,20000.0
1021,T50PQT_20000_26,S2B_MSIL2A_20230626T021539_R003_T50PQT_20230626T074054,100,,0.0,0.0,0.0,0.0,0.0,4.4825,0.0,31.495,54.9425,9.08,0.0,40000,0,0.0,20000.00000000128,19999.999999999767,0.5404794216156006,95.5175,,0.0,0.0,0.0,0.0,0.0,0.0530999999999997,0.0,-0.04540000000000077,0.00560000000000116,-0.013299999999999201,0.0,-0.05310000000000059,0.05310000000000059,20000.0
1028,T50PQT_20000_26,S2B_MSIL2A_20230626T021539_R003_T50PQT_20230626T074054,200,,0.0,0.0,0.0,0.0,0.0,4.53,0.0,31.5,54.45,9.52,0.0,10000,0,0.0,20000.00000000128,19999.999999999767,0.5503144264221191,95.47,,0.0,0.0,0.0,0.0,0.0,0.10060000000000002,0.0,-0.04040000000000177,-0.48689999999999856,0.4267000000000003,0.0,-0.10060000000000002,0.10060000000000002,20000.0
1035,T50PQT_20000_26,S2B_MSIL2A_20230626T021539_R003_T50PQT_20230626T074054,500,,0.0,0.0,0.0,0.0,0.0,4.875,0.0,31.9375,53.9375,9.25,0.0,1600,0,0.0,20000.00000000128,19999.999999999767,0.5120186805725098,95.125,,0.0,0.0,0.0,0.0,0.0,0.4455999999999998,0.0,0.39709999999999823,-0.9994000000000014,0.15670000000000073,0.0,-0.4455999999999989,0.4455999999999998,20000.0
1042,T50PQT_20000_26,S2B_MSIL2A_20230626T021539_R003_T50PQT_20230626T074054,1000,,0.0,0.0,0.0,0.0,0.0,5.5,0.0,31.75,51.75,11.0,0.0,400,0,0.0,20000.00000000128,19999.999999999767,0.5325355529785156,94.5,,0.0,0.0,0.0,0.0,0.0,1.0705999999999998,0.0,0.20959999999999823,-3.1869000000000014,1.9067000000000007,0.0,-1.0705999999999989,1.0705999999999998,20000.0
1044,T50PQT_20000_27,S2A_MSIL2A_20230601T021611_R003_T50PQT_20230601T103139,20,,0.0,0.0,0.0,0.0,0.0,0.0,0.0,100.0,0.0,0.0,0.0,1000000,0,0.0,20000.00000000128,20000.0,0.7577407360076904,100.0,,0.0,0.0,0.0,0.0,0.0,0.0,0.0,0.0,0.0,0.0,0.0,0.0,0.0,20000.0
1051,T50PQT_20000_27,S2A_MSIL2A_20230601T021611_R003_T50PQT_20230601T103139,50,,0.0,0.0,0.0,0.0,0.0,0.0,0.0,100.0,0.0,0.0,0.0,160000,0,0.0,20000.00000000128,20000.0,0.5397310256958008,100.0,,0.0,0.0,0.0,0.0,0.0,0.0,0.0,0.0,0.0,0.0,0.0,0.0,0.0,20000.0
1058,T50PQT_20000_27,S2A_MSIL2A_20230601T021611_R003_T50PQT_20230601T103139,100,,0.0,0.0,0.0,0.0,0.0,0.0,0.0,100.0,0.0,0.0,0.0,40000,0,0.0,20000.00000000128,20000.0,0.5105545520782471,100.0,,0.0,0.0,0.0,0.0,0.0,0.0,0.0,0.0,0.0,0.0,0.0,0.0,0.0,20000.0
1065,T50PQT_20000_27,S2A_MSIL2A_20230601T021611_R003_T50PQT_20230601T103139,200,,0.0,0.0,0.0,0.0,0.0,0.0,0.0,100.0,0.0,0.0,0.0,10000,0,0.0,20000.00000000128,20000.0,0.5453267097473145,100.0,,0.0,0.0,0.0,0.0,0.0,0.0,0.0,0.0,0.0,0.0,0.0,0.0,0.0,20000.0
1072,T50PQT_20000_27,S2A_MSIL2A_20230601T021611_R003_T50PQT_20230601T103139,500,,0.0,0.0,0.0,0.0,0.0,0.0,0.0,100.0,0.0,0.0,0.0,1600,0,0.0,20000.00000000128,20000.0,0.5212314128875732,100.0,,0.0,0.0,0.0,0.0,0.0,0.0,0.0,0.0,0.0,0.0,0.0,0.0,0.0,20000.0
1079,T50PQT_20000_27,S2A_MSIL2A_20230601T021611_R003_T50PQT_20230601T103139,1000,,0.0,0.0,0.0,0.0,0.0,0.0,0.0,100.0,0.0,0.0,0.0,400,0,0.0,20000.00000000128,20000.0,0.5465810298919678,100.0,,0.0,0.0,0.0,0.0,0.0,0.0,0.0,0.0,0.0,0.0,0.0,0.0,0.0,20000.0
1046,T50PQT_20000_27,S2A_MSIL2A_20230611T021541_R003_T50PQT_20230611T092421,20,,0.0,0.0,0.0011,0.0,0.0,0.0,0.0,51.1843,40.3103,8.5043,0.0,1000000,0,0.0,20000.00000000128,20000.0,0.7577407360076904,99.99889999999999,,0.0,0.0,0.0,0.0,0.0,0.0,0.0,0.0,0.0,0.0,0.0,0.0,0.0,20000.0
1053,T50PQT_20000_27,S2A_MSIL2A_20230611T021541_R003_T50PQT_20230611T092421,50,,0.0,0.0,0.0,0.0,0.0,0.0,0.0,51.171875,40.289375,8.53875,0.0,160000,0,0.0,20000.00000000128,20000.0,0.5397310256958008,100.0,,0.0,0.0,-0.0011,0.0,0.0,0.0,0.0,-0.012425000000000352,-0.020924999999998306,0.03444999999999965,0.0,0.0011000000000080945,0.0011000000000080945,20000.0
1060,T50PQT_20000_27,S2A_MSIL2A_20230611T021541_R003_T50PQT_20230611T092421,100,,0.0,0.0,0.0025,0.0,0.0,0.0,0.0,51.12,40.3275,8.55,0.0,40000,0,0.0,20000.00000000128,20000.0,0.5105545520782471,99.99749999999999,,0.0,0.0,0.0014,0.0,0.0,0.0,0.0,-0.06430000000000291,0.017200000000002547,0.045700000000000074,0.0,-0.0014000000000038426,0.0014000000000038426,20000.0
1067,T50PQT_20000_27,S2A_MSIL2A_20230611T021541_R003_T50PQT_20230611T092421,200,,0.0,0.0,0.01,0.0,0.0,0.0,0.0,51.31,39.94,8.74,0.0,10000,0,0.0,20000.00000000128,20000.0,0.5453267097473145,99.99,,0.0,0.0,0.0089,0.0,0.0,0.0,0.0,0.12570000000000192,-0.3703000000000003,0.23569999999999958,0.0,-0.008899999999997021,0.0089,20000.0
1074,T50PQT_20000_27,S2A_MSIL2A_20230611T021541_R003_T50PQT_20230611T092421,500,,0.0,0.0,0.0,0.0,0.0,0.0,0.0,51.375,39.8125,8.8125,0.0,1600,0,0.0,20000.00000000128,20000.0,0.5212314128875732,100.0,,0.0,0.0,-0.0011,0.0,0.0,0.0,0.0,0.19069999999999965,-0.497799999999998,0.30819999999999936,0.0,0.0011000000000080945,0.0011000000000080945,20000.0
1081,T50PQT_20000_27,S2A_MSIL2A_20230611T021541_R003_T50PQT_20230611T092421,1000,,0.0,0.0,0.0,0.0,0.0,0.0,0.0,55.75,35.75,8.5,0.0,400,0,0.0,20000.00000000128,20000.0,0.5465810298919678,100.0,,0.0,0.0,-0.0011,0.0,0.0,0.0,0.0,4.5657,-4.560299999999998,-0.004300000000000637,0.0,0.0011000000000080945,0.0011000000000080945,20000.0
1048,T50PQT_20000_27,S2A_MSIL2A_20230621T021541_R003_T50PQT_20230621T085836,20,,0.0,0.0,0.0005,0.0,0.0002,0.0,0.0,25.4692,23.6763,50.8538,0.0,1000000,0,0.0,20000.00000000128,20000.0,0.7577407360076904,99.9993,,0.0,0.0,0.0,0.0,0.0,0.0,0.0,0.0,0.0,0.0,0.0,0.0,0.0,20000.0
1055,T50PQT_20000_27,S2A_MSIL2A_20230621T021541_R003_T50PQT_20230621T085836,50,,0.0,0.0,0.000625,0.0,0.000625,0.0,0.0,25.48625,23.6725,50.84,0.0,160000,0,0.0,20000.00000000128,20000.0,0.5397310256958008,99.99875,,0.0,0.0,0.000125,0.0,0.00042500000000000003,0.0,0.0,0.017049999999997567,-0.003800000000001802,-0.01379999999999626,0.0,-0.0005500000000040473,0.0005500000000040473,20000.0
1062,T50PQT_20000_27,S2A_MSIL2A_20230621T021541_R003_T50PQT_20230621T085836,100,,0.0,0.0,0.0025,0.0,0.0,0.0,0.0,25.4075,23.72,50.87,0.0,40000,0,0.0,20000.00000000128,20000.0,0.5105545520782471,99.9975,,0.0,0.0,0.002,0.0,-0.0002,0.0,0.0,-0.061700000000001864,0.04369999999999763,0.016199999999997772,0.0,-0.0018000000000029104,0.002,20000.0
1069,T50PQT_20000_27,S2A_MSIL2A_20230621T021541_R003_T50PQT_20230621T085836,200,,0.0,0.0,0.0,0.0,0.0,0.0,0.0,25.56,23.22,51.22,0.0,10000,0,0.0,20000.00000000128,20000.0,0.5453267097473145,100.0,,0.0,0.0,-0.0005,0.0,-0.0002,0.0,0.0,0.090799999999998,-0.45630000000000237,0.3661999999999992,0.0,0.0006999999999948159,0.0006999999999948159,20000.0
1076,T50PQT_20000_27,S2A_MSIL2A_20230621T021541_R003_T50PQT_20230621T085836,500,,0.0,0.0,0.0,0.0,0.0,0.0,0.0,25.125,22.9375,51.9375,0.0,1600,0,0.0,20000.00000000128,20000.0,0.5212314128875732,100.0,,0.0,0.0,-0.0005,0.0,-0.0002,0.0,0.0,-0.3442000000000007,-0.7388000000000012,1.0837000000000003,0.0,0.0006999999999948159,0.0006999999999948159,20000.0
1083,T50PQT_20000_27,S2A_MSIL2A_20230621T021541_R003_T50PQT_20230621T085836,1000,,0.0,0.0,0.0,0.0,0.0,0.0,0.0,25.75,20.5,53.75,0.0,400,0,0.0,20000.00000000128,20000.0,0.5465810298919678,100.0,,0.0,0.0,-0.0005,0.0,-0.0002,0.0,0.0,0.2807999999999993,-3.1763000000000012,2.8962000000000003,0.0,0.0006999999999948159,0.0006999999999948159,20000.0
1050,T50PQT_20000_27,S2A_MSIL2A_20230701T021541_R003_T50PQT_20230701T082624,20,,0.0,0.0,0.0523,0.0512,0.0006,0.3443,0.005,1.9438,1.1373,96.4655,0.0,1000000,0,0.0,20000.00000000128,20000.0,0.7577407360076904,99.54660000000001,,0.0,0.0,0.0,0.0,0.0,0.0,0.0,0.0,0.0,0.0,0.0,0.0,0.0,20000.0
1057,T50PQT_20000_27,S2A_MSIL2A_20230701T021541_R003_T50PQT_20230701T082624,50,,0.0,0.0,0.05125,0.051875,0.0,0.35,0.00625,1.96,1.138125,96.4425,0.0,160000,0,0.0,20000.00000000128,20000.0,0.5397310256958008,99.54062499999999,,0.0,0.0,-0.0010500000000000023,0.000674999999999995,-0.0006,0.005699999999999983,0.0012500000000000002,0.016199999999999992,0.0008250000000000757,-0.023000000000010346,0.0,-0.005975000000020714,0.005975000000020714,20000.0
1064,T50PQT_20000_27,S2A_MSIL2A_20230701T021541_R003_T50PQT_20230701T082624,100,,0.0,0.0,0.05,0.05,0.0025,0.3425,0.0075,2.0125,1.085,96.45,0.0,40000,0,0.0,20000.00000000128,20000.0,0.5105545520782471,99.5475,,0.0,0.0,-0.0022999999999999965,-0.0011999999999999997,0.0019000000000000002,-0.0017999999999999683,0.0024999999999999996,0.0687000000000002,-0.05230000000000001,-0.015500000000002956,0.0,0.0008999999999872443,0.0024999999999999996,20000.0
1071,T50PQT_20000_27,S2A_MSIL2A_20230701T021541_R003_T50PQT_20230701T082624,200,,0.0,0.0,0.05,0.11,0.0,0.33,0.0,1.96,1.13,96.42,0.0,10000,0,0.0,20000.00000000128,20000.0,0.5453267097473145,99.51,,0.0,0.0,-0.0022999999999999965,0.0588,-0.0006,-0.01429999999999998,-0.005,0.016199999999999992,-0.007300000000000084,-0.04550000000000409,0.0,-0.03660000000000707,0.0588,20000.0
1078,T50PQT_20000_27,S2A_MSIL2A_20230701T021541_R003_T50PQT_20230701T082624,500,,0.0,0.0,0.0625,0.0625,0.0,0.25,0.0,2.0,1.125,96.5,0.0,1600,0,0.0,20000.00000000128,20000.0,0.5212314128875732,99.625,,0.0,0.0,0.0102,0.011299999999999998,-0.0006,-0.0943,-0.005,0.05620000000000003,-0.012299999999999978,0.0344999999999942,0.0,0.07839999999998781,0.0943,20000.0
1085,T50PQT_20000_27,S2A_MSIL2A_20230701T021541_R003_T50PQT_20230701T082624,1000,,0.0,0.0,0.0,0.0,0.0,0.25,0.0,2.5,1.5,95.75,0.0,400,0,0.0,20000.00000000128,20000.0,0.5465810298919678,99.75,,0.0,0.0,-0.0523,-0.0512,-0.0006,-0.0943,-0.005,0.5562,0.3627,-0.7155000000000058,0.0,0.2033999999999878,0.2033999999999878,20000.0
1045,T50PQT_20000_27,S2B_MSIL2A_20230606T021539_R003_T50PQT_20230606T073506,20,,0.0,0.0056,0.0729,0.3254,0.0208,36.0867,0.0057,27.1373,4.9428,31.4028,0.0,1000000,0,0.0,20000.00000000128,20000.0,0.7577407360076904,63.4829,,0.0,0.0,0.0,0.0,0.0,0.0,0.0,0.0,0.0,0.0,0.0,0.0,0.0,20000.0
1052,T50PQT_20000_27,S2B_MSIL2A_20230606T021539_R003_T50PQT_20230606T073506,50,,0.0,0.005,0.0725,0.324375,0.02375,36.07375,0.001875,27.150625,4.911875,31.43625,0.0,160000,0,0.0,20000.00000000128,20000.0,0.5397310256958008,63.49875,,0.0,-0.0005999999999999998,-0.00040000000000001146,-0.0010249999999999981,0.0029500000000000012,-0.01295000000000357,-0.0038250000000000003,0.013325000000001808,-0.03092499999999987,0.03345000000000198,0.0,0.015850000000000364,0.015850000000000364,20000.0
1059,T50PQT_20000_27,S2B_MSIL2A_20230606T021539_R003_T50PQT_20230606T073506,100,,0.0,0.0025,0.065,0.3225,0.015,36.01,0.0175,27.195,4.9325,31.44,0.0,40000,0,0.0,20000.00000000128,20000.0,0.5105545520782471,63.567499999999995,,0.0,-0.0031,-0.007900000000000004,-0.0029000000000000137,-0.0058,-0.07670000000000243,0.011800000000000001,0.05770000000000053,-0.010299999999999976,0.03720000000000212,0.0,0.08459999999999468,0.08459999999999468,20000.0
1066,T50PQT_20000_27,S2B_MSIL2A_20230606T021539_R003_T50PQT_20230606T073506,200,,0.0,0.0,0.08,0.38,0.02,36.26,0.0,27.07,4.62,31.57,0.0,10000,0,0.0,20000.00000000128,20000.0,0.5453267097473145,63.260000000000005,,0.0,-0.0056,0.007099999999999995,0.05459999999999998,-0.0007999999999999986,0.17329999999999757,-0.0057,-0.06729999999999947,-0.3228,0.16720000000000113,0.0,-0.22289999999999566,0.22289999999999566,20000.0
1073,T50PQT_20000_27,S2B_MSIL2A_20230606T021539_R003_T50PQT_20230606T073506,500,,0.0,0.0,0.0625,0.3125,0.0625,36.5,0.0,27.4375,4.75,30.875,0.0,1600,0,0.0,20000.00000000128,20000.0,0.5212314128875732,63.0625,,0.0,-0.0056,-0.010400000000000006,-0.012900000000000023,0.0417,0.41329999999999956,-0.0057,0.30020000000000024,-0.19280000000000008,-0.5277999999999992,0.0,-0.4204000000000008,0.4204000000000008,20000.0
1080,T50PQT_20000_27,S2B_MSIL2A_20230606T021539_R003_T50PQT_20230606T073506,1000,,0.0,0.0,0.0,0.25,0.0,38.0,0.0,25.0,4.5,32.25,0.0,400,0,0.0,20000.00000000128,20000.0,0.5465810298919678,61.75,,0.0,-0.0056,-0.0729,-0.07540000000000002,-0.0208,1.9132999999999996,-0.0057,-2.1372999999999998,-0.4428000000000001,0.8472000000000008,0.0,-1.7329000000000008,1.9132999999999996,20000.0
1047,T50PQT_20000_27,S2B_MSIL2A_20230616T021539_R003_T50PQT_20230616T083239,20,,0.0,0.0322,3.2609,1.4893,0.0774,70.3134,0.0467,3.0297,4.8935,16.8569,0.0,1000000,0,0.0,20000.00000000128,20000.0,0.7577407360076904,24.7801,,0.0,0.0,0.0,0.0,0.0,0.0,0.0,0.0,0.0,0.0,0.0,0.0,0.0,20000.0
1054,T50PQT_20000_27,S2B_MSIL2A_20230616T021539_R003_T50PQT_20230616T083239,50,,0.0,0.03,3.254375,1.50375,0.075625,70.26875,0.044375,3.020625,4.9475,16.855,0.0,160000,0,0.0,20000.00000000128,20000.0,0.5397310256958008,24.823125,,0.0,-0.0022000000000000006,-0.006524999999999892,0.014449999999999852,-0.0017749999999999988,-0.0446500000000043,-0.0023250000000000007,-0.009075000000000166,0.05399999999999938,-0.0018999999999991246,0.0,0.04302500000000009,0.0446500000000043,20000.0
1061,T50PQT_20000_27,S2B_MSIL2A_20230616T021539_R003_T50PQT_20230616T083239,100,,0.0,0.03,3.265,1.5075,0.0825,70.28,0.04,3.02,4.945,16.83,0.0,40000,0,0.0,20000.00000000128,20000.0,0.5105545520782471,24.794999999999998,,0.0,-0.0022000000000000006,0.004100000000000215,0.018199999999999994,0.005100000000000007,-0.03340000000000032,-0.006699999999999998,-0.009700000000000042,0.05149999999999988,-0.026900000000001256,0.0,0.014899999999997249,0.03340000000000032,20000.0
1068,T50PQT_20000_27,S2B_MSIL2A_20230616T021539_R003_T50PQT_20230616T083239,200,,0.0,0.03,3.34,1.46,0.1,69.62,0.06,2.99,5.13,17.27,0.0,10000,0,0.0,20000.00000000128,20000.0,0.5453267097473145,25.39,,0.0,-0.0022000000000000006,0.07909999999999995,-0.029300000000000104,0.02260000000000001,-0.6933999999999969,0.0133,-0.039699999999999847,0.2364999999999995,0.4131,0.0,0.6098999999999997,0.6933999999999969,20000.0
1075,T50PQT_20000_27,S2B_MSIL2A_20230616T021539_R003_T50PQT_20230616T083239,500,,0.0,0.0,3.6875,1.375,0.0625,69.0625,0.0625,2.75,4.9375,18.0625,0.0,1600,0,0.0,20000.00000000128,20000.0,0.5212314128875732,25.75,,0.0,-0.0322,0.4266000000000001,-0.11430000000000007,-0.014899999999999997,-1.2509000000000015,0.0158,-0.27970000000000006,0.043999999999999595,1.2056000000000004,0.0,0.9698999999999991,1.2509000000000015,20000.0
1082,T50PQT_20000_27,S2B_MSIL2A_20230616T021539_R003_T50PQT_20230616T083239,1000,,0.0,0.0,3.5,1.5,0.0,65.75,0.0,3.0,6.75,19.5,0.0,400,0,0.0,20000.00000000128,20000.0,0.5465810298919678,29.25,,0.0,-0.0322,0.2391000000000001,0.010699999999999932,-0.0774,-4.5634000000000015,-0.0467,-0.02970000000000006,1.8564999999999996,2.6431000000000004,0.0,4.469899999999999,4.5634000000000015,20000.0
1049,T50PQT_20000_27,S2B_MSIL2A_20230626T021539_R003_T50PQT_20230626T074054,20,,0.0,0.0,0.0004,0.0,0.0008,4.295,0.0,41.0913,5.6699,48.9426,0.0,1000000,0,0.0,20000.00000000128,20000.0,0.7577407360076904,95.7038,,0.0,0.0,0.0,0.0,0.0,0.0,0.0,0.0,0.0,0.0,0.0,0.0,0.0,20000.0
1056,T50PQT_20000_27,S2B_MSIL2A_20230626T021539_R003_T50PQT_20230626T074054,50,,0.0,0.0,0.0,0.0,0.00125,4.2725,0.0,41.12875,5.705,48.8925,0.0,160000,0,0.0,20000.00000000128,20000.0,0.5397310256958008,95.72625,,0.0,0.0,-0.0004,0.0,0.00045,-0.022499999999999964,0.0,0.03744999999999976,0.03509999999999991,-0.05010000000000048,0.0,0.022449999999992087,0.022499999999999964,20000.0
1063,T50PQT_20000_27,S2B_MSIL2A_20230626T021539_R003_T50PQT_20230626T074054,100,,0.0,0.0,0.0025,0.0,0.0025,4.29,0.0,41.16,5.685,48.86,0.0,40000,0,0.0,20000.00000000128,20000.0,0.5105545520782471,95.705,,0.0,0.0,0.0021,0.0,0.0017000000000000001,-0.004999999999999893,0.0,0.06869999999999976,0.015099999999999447,-0.08259999999999934,0.0,0.0011999999999972033,0.004999999999999893,20000.0
1070,T50PQT_20000_27,S2B_MSIL2A_20230626T021539_R003_T50PQT_20230626T074054,200,,0.0,0.0,0.0,0.0,0.0,4.11,0.0,41.64,6.05,48.2,0.0,10000,0,0.0,20000.00000000128,20000.0,0.5453267097473145,95.89,,0.0,0.0,-0.0004,0.0,-0.0008,-0.1849999999999996,0.0,0.5487000000000037,0.38009999999999966,-0.7425999999999959,0.0,0.18619999999999948,0.18619999999999948,20000.0
1077,T50PQT_20000_27,S2B_MSIL2A_20230626T021539_R003_T50PQT_20230626T074054,500,,0.0,0.0,0.0,0.0,0.0,4.0625,0.0,42.625,6.0625,47.25,0.0,1600,0,0.0,20000.00000000128,20000.0,0.5212314128875732,95.9375,,0.0,0.0,-0.0004,0.0,-0.0008,-0.23249999999999993,0.0,1.5337000000000032,0.39259999999999984,-1.6925999999999988,0.0,0.2336999999999989,0.2336999999999989,20000.0
1084,T50PQT_20000_27,S2B_MSIL2A_20230626T021539_R003_T50PQT_20230626T074054,1000,,0.0,0.0,0.0,0.0,0.0,3.5,0.0,42.75,8.25,45.5,0.0,400,0,0.0,20000.00000000128,20000.0,0.5465810298919678,96.5,,0.0,0.0,-0.0004,0.0,-0.0008,-0.7949999999999999,0.0,1.6587000000000032,2.5801,-3.4425999999999988,0.0,0.7961999999999989,0.7961999999999989,20000.0
1086,T50PQT_20000_28,S2A_MSIL2A_20230601T021611_R003_T50PQT_20230601T103139,20,,0.0,0.0,0.0,0.0,0.0,0.0,0.0,99.9938,0.0062,0.0,0.0,1000000,0,0.0,20000.000000001164,20000.000000000233,0.7344121932983398,100.0,,0.0,0.0,0.0,0.0,0.0,0.0,0.0,0.0,0.0,0.0,0.0,0.0,0.0,20000.0
1093,T50PQT_20000_28,S2A_MSIL2A_20230601T021611_R003_T50PQT_20230601T103139,50,,0.0,0.0,0.0,0.0,0.0,0.0,0.0,99.995625,0.004375,0.0,0.0,160000,0,0.0,20000.000000001164,20000.000000000233,0.638331413269043,100.0,,0.0,0.0,0.0,0.0,0.0,0.0,0.0,0.0018250000000108457,-0.0018249999999999994,0.0,0.0,0.0,0.0,20000.0
1100,T50PQT_20000_28,S2A_MSIL2A_20230601T021611_R003_T50PQT_20230601T103139,100,,0.0,0.0,0.0,0.0,0.0,0.0,0.0,99.9975,0.0025,0.0,0.0,40000,0,0.0,20000.000000001164,20000.000000000233,0.5888996124267578,100.0,,0.0,0.0,0.0,0.0,0.0,0.0,0.0,0.0037000000000091404,-0.0036999999999999997,0.0,0.0,0.0,0.0,20000.0
1107,T50PQT_20000_28,S2A_MSIL2A_20230601T021611_R003_T50PQT_20230601T103139,200,,0.0,0.0,0.0,0.0,0.0,0.0,0.0,100.0,0.0,0.0,0.0,10000,0,0.0,20000.000000001164,20000.000000000233,0.5323584079742432,100.0,,0.0,0.0,0.0,0.0,0.0,0.0,0.0,0.006200000000006867,-0.0062,0.0,0.0,0.0,0.0,20000.0
1114,T50PQT_20000_28,S2A_MSIL2A_20230601T021611_R003_T50PQT_20230601T103139,500,,0.0,0.0,0.0,0.0,0.0,0.0,0.0,100.0,0.0,0.0,0.0,1600,0,0.0,20000.000000001164,20000.000000000233,0.5585200786590576,100.0,,0.0,0.0,0.0,0.0,0.0,0.0,0.0,0.006200000000006867,-0.0062,0.0,0.0,0.0,0.0,20000.0
1121,T50PQT_20000_28,S2A_MSIL2A_20230601T021611_R003_T50PQT_20230601T103139,1000,,0.0,0.0,0.0,0.0,0.0,0.0,0.0,100.0,0.0,0.0,0.0,400,0,0.0,20000.000000001164,20000.000000000233,0.9882416725158691,100.0,,0.0,0.0,0.0,0.0,0.0,0.0,0.0,0.006200000000006867,-0.0062,0.0,0.0,0.0,0.0,20000.0
1088,T50PQT_20000_28,S2A_MSIL2A_20230611T021541_R003_T50PQT_20230611T092421,20,,0.0,0.0,0.0,0.0,0.0,0.0,0.0,55.1911,44.7865,0.0224,0.0,1000000,0,0.0,20000.000000001164,20000.000000000233,0.7344121932983398,100.0,,0.0,0.0,0.0,0.0,0.0,0.0,0.0,0.0,0.0,0.0,0.0,0.0,0.0,20000.0
1095,T50PQT_20000_28,S2A_MSIL2A_20230611T021541_R003_T50PQT_20230611T092421,50,,0.0,0.0,0.0,0.0,0.0,0.0,0.0,55.151875,44.824375,0.02375,0.0,160000,0,0.0,20000.000000001164,20000.000000000233,0.638331413269043,100.0,,0.0,0.0,0.0,0.0,0.0,0.0,0.0,-0.03922500000000184,0.037875000000006764,0.0013500000000000005,0.0,0.0,0.0,20000.0
1102,T50PQT_20000_28,S2A_MSIL2A_20230611T021541_R003_T50PQT_20230611T092421,100,,0.0,0.0,0.0,0.0,0.0,0.0,0.0,55.1925,44.7825,0.025,0.0,40000,0,0.0,20000.000000001164,20000.000000000233,0.5888996124267578,100.0,,0.0,0.0,0.0,0.0,0.0,0.0,0.0,0.0014000000000038426,-0.003999999999997783,0.0026000000000000016,0.0,0.0,0.0,20000.0
1109,T50PQT_20000_28,S2A_MSIL2A_20230611T021541_R003_T50PQT_20230611T092421,200,,0.0,0.0,0.0,0.0,0.0,0.0,0.0,55.0,44.95,0.05,0.0,10000,0,0.0,20000.000000001164,20000.000000000233,0.5323584079742432,100.0,,0.0,0.0,0.0,0.0,0.0,0.0,0.0,-0.19109999999999872,0.1635000000000062,0.027600000000000003,0.0,0.0,0.0,20000.0
1116,T50PQT_20000_28,S2A_MSIL2A_20230611T021541_R003_T50PQT_20230611T092421,500,,0.0,0.0,0.0,0.0,0.0,0.0,0.0,55.0,44.9375,0.0625,0.0,1600,0,0.0,20000.000000001164,20000.000000000233,0.5585200786590576,100.0,,0.0,0.0,0.0,0.0,0.0,0.0,0.0,-0.19109999999999872,0.15100000000000335,0.0401,0.0,0.0,0.0,20000.0
1123,T50PQT_20000_28,S2A_MSIL2A_20230611T021541_R003_T50PQT_20230611T092421,1000,,0.0,0.0,0.0,0.0,0.0,0.0,0.0,55.0,44.75,0.25,0.0,400,0,0.0,20000.000000001164,20000.000000000233,0.9882416725158691,100.0,,0.0,0.0,0.0,0.0,0.0,0.0,0.0,-0.19109999999999872,-0.036499999999996646,0.2276,0.0,0.0,0.0,20000.0
1090,T50PQT_20000_28,S2A_MSIL2A_20230621T021541_R003_T50PQT_20230621T085836,20,,0.0,0.0,0.0,0.0,0.0,0.0,0.0,46.0371,19.1973,34.7656,0.0,1000000,0,0.0,20000.000000001164,20000.000000000233,0.7344121932983398,100.0,,0.0,0.0,0.0,0.0,0.0,0.0,0.0,0.0,0.0,0.0,0.0,0.0,0.0,20000.0
1097,T50PQT_20000_28,S2A_MSIL2A_20230621T021541_R003_T50PQT_20230621T085836,50,,0.0,0.0,0.0,0.0,0.0,0.0,0.0,46.061875,19.158125,34.78,0.0,160000,0,0.0,20000.000000001164,20000.000000000233,0.638331413269043,100.0,,0.0,0.0,0.0,0.0,0.0,0.0,0.0,0.024774999999998215,-0.03917500000000018,0.014400000000001967,0.0,0.0,0.0,20000.0
1104,T50PQT_20000_28,S2A_MSIL2A_20230621T021541_R003_T50PQT_20230621T085836,100,,0.0,0.0,0.0,0.0,0.0,0.0,0.0,46.0925,19.1275,34.78,0.0,40000,0,0.0,20000.000000001164,20000.000000000233,0.5888996124267578,100.0,,0.0,0.0,0.0,0.0,0.0,0.0,0.0,0.055399999999998784,-0.0697999999999972,0.014400000000001967,0.0,0.0,0.0,20000.0
1111,T50PQT_20000_28,S2A_MSIL2A_20230621T021541_R003_T50PQT_20230621T085836,200,,0.0,0.0,0.0,0.0,0.0,0.0,0.0,45.83,19.22,34.95,0.0,10000,0,0.0,20000.000000001164,20000.000000000233,0.5323584079742432,100.0,,0.0,0.0,0.0,0.0,0.0,0.0,0.0,-0.20710000000000406,0.022700000000000387,0.18440000000000367,0.0,0.0,0.0,20000.0
1118,T50PQT_20000_28,S2A_MSIL2A_20230621T021541_R003_T50PQT_20230621T085836,500,,0.0,0.0,0.0,0.0,0.0,0.0,0.0,45.875,19.25,34.875,0.0,1600,0,0.0,20000.000000001164,20000.000000000233,0.5585200786590576,100.0,,0.0,0.0,0.0,0.0,0.0,0.0,0.0,-0.16210000000000235,0.05270000000000152,0.10940000000000083,0.0,0.0,0.0,20000.0
1125,T50PQT_20000_28,S2A_MSIL2A_20230621T021541_R003_T50PQT_20230621T085836,1000,,0.0,0.0,0.0,0.0,0.0,0.0,0.0,48.25,18.0,33.75,0.0,400,0,0.0,20000.000000001164,20000.000000000233,0.9882416725158691,100.0,,0.0,0.0,0.0,0.0,0.0,0.0,0.0,2.2128999999999976,-1.1972999999999985,-1.0155999999999992,0.0,0.0,0.0,20000.0
1092,T50PQT_20000_28,S2A_MSIL2A_20230701T021541_R003_T50PQT_20230701T082624,20,,0.0,0.0,0.0,0.0,0.0003,5.7701,0.0,25.4825,0.6849,68.0622,0.0,1000000,0,0.0,20000.000000001164,20000.000000000233,0.7344121932983398,94.2296,,0.0,0.0,0.0,0.0,0.0,0.0,0.0,0.0,0.0,0.0,0.0,0.0,0.0,20000.0
1099,T50PQT_20000_28,S2A_MSIL2A_20230701T021541_R003_T50PQT_20230701T082624,50,,0.0,0.0,0.0,0.0,0.000625,5.80375,0.0,25.400625,0.68875,68.10625,0.0,160000,0,0.0,20000.000000001164,20000.000000000233,0.638331413269043,94.195625,,0.0,0.0,0.0,0.0,0.00032500000000000004,0.033649999999999736,0.0,-0.08187500000000014,0.00385000000000002,0.04404999999999859,0.0,-0.03397499999999809,0.03397499999999809,20000.0
1106,T50PQT_20000_28,S2A_MSIL2A_20230701T021541_R003_T50PQT_20230701T082624,100,,0.0,0.0,0.0,0.0,0.0,5.8,0.0,25.4075,0.7,68.0925,0.0,40000,0,0.0,20000.000000001164,20000.000000000233,0.5888996124267578,94.2,,0.0,0.0,0.0,0.0,-0.0003,0.029899999999999594,0.0,-0.07500000000000284,0.015100000000000002,0.030299999999996885,0.0,-0.02960000000000207,0.029899999999999594,20000.0
1113,T50PQT_20000_28,S2A_MSIL2A_20230701T021541_R003_T50PQT_20230701T082624,200,,0.0,0.0,0.0,0.0,0.0,6.08,0.0,24.76,0.68,68.48,0.0,10000,0,0.0,20000.000000001164,20000.000000000233,0.5323584079742432,93.92,,0.0,0.0,0.0,0.0,-0.0003,0.30989999999999984,0.0,-0.7225000000000001,-0.004899999999999904,0.4177999999999997,0.0,-0.3096000000000032,0.30989999999999984,20000.0
1120,T50PQT_20000_28,S2A_MSIL2A_20230701T021541_R003_T50PQT_20230701T082624,500,,0.0,0.0,0.0,0.0,0.0,6.1875,0.0,23.9375,0.875,69.0,0.0,1600,0,0.0,20000.000000001164,20000.000000000233,0.5585200786590576,93.8125,,0.0,0.0,0.0,0.0,-0.0003,0.41739999999999977,0.0,-1.5450000000000017,0.19010000000000005,0.9377999999999957,0.0,-0.4171000000000049,0.41739999999999977,20000.0
1127,T50PQT_20000_28,S2A_MSIL2A_20230701T021541_R003_T50PQT_20230701T082624,1000,,0.0,0.0,0.0,0.0,0.0,6.75,0.0,22.0,0.25,71.0,0.0,400,0,0.0,20000.000000001164,20000.000000000233,0.9882416725158691,93.25,,0.0,0.0,0.0,0.0,-0.0003,0.9798999999999998,0.0,-3.4825000000000017,-0.43489999999999995,2.9377999999999957,0.0,-0.9796000000000049,0.9798999999999998,20000.0
1087,T50PQT_20000_28,S2B_MSIL2A_20230606T021539_R003_T50PQT_20230606T073506,20,,0.0,0.0,0.0002,0.0,0.0001,67.9631,0.0,5.2154,0.4488,26.3724,0.0,1000000,0,0.0,20000.000000001164,20000.000000000233,0.7344121932983398,32.0366,,0.0,0.0,0.0,0.0,0.0,0.0,0.0,0.0,0.0,0.0,0.0,0.0,0.0,20000.0
1094,T50PQT_20000_28,S2B_MSIL2A_20230606T021539_R003_T50PQT_20230606T073506,50,,0.0,0.0,0.0,0.0,0.0,67.963125,0.0,5.221875,0.44875,26.36625,0.0,160000,0,0.0,20000.000000001164,20000.000000000233,0.638331413269043,32.036875,,0.0,0.0,-0.0002,0.0,-0.0001,2.500000000793534e-05,0.0,0.0064750000000000085,-4.999999999999449e-05,-0.006149999999998101,0.0,0.0002750000000020236,0.0002750000000020236,20000.0
1101,T50PQT_20000_28,S2B_MSIL2A_20230606T021539_R003_T50PQT_20230606T073506,100,,0.0,0.0,0.0,0.0,0.0,68.02,0.0,5.2125,0.4525,26.315,0.0,40000,0,0.0,20000.000000001164,20000.000000000233,0.5888996124267578,31.98,,0.0,0.0,-0.0002,0.0,-0.0001,0.05689999999999884,0.0,-0.0028999999999994586,0.0037000000000000366,-0.057399999999997675,0.0,-0.05659999999999954,0.05689999999999884,20000.0
1108,T50PQT_20000_28,S2B_MSIL2A_20230606T021539_R003_T50PQT_20230606T073506,200,,0.0,0.0,0.0,0.0,0.0,67.37,0.0,5.56,0.51,26.56,0.0,10000,0,0.0,20000.000000001164,20000.000000000233,0.5323584079742432,32.629999999999995,,0.0,0.0,-0.0002,0.0,-0.0001,-0.5930999999999926,0.0,0.3445999999999998,0.06120000000000003,0.18759999999999977,0.0,0.5933999999999955,0.5933999999999955,20000.0
1115,T50PQT_20000_28,S2B_MSIL2A_20230606T021539_R003_T50PQT_20230606T073506,500,,0.0,0.0,0.0,0.0,0.0,67.25,0.0,5.8125,0.4375,26.5,0.0,1600,0,0.0,20000.000000001164,20000.000000000233,0.5585200786590576,32.75,,0.0,0.0,-0.0002,0.0,-0.0001,-0.7130999999999972,0.0,0.5971000000000002,-0.011299999999999977,0.12760000000000105,0.0,0.7134,0.7134,20000.0
1122,T50PQT_20000_28,S2B_MSIL2A_20230606T021539_R003_T50PQT_20230606T073506,1000,,0.0,0.0,0.0,0.0,0.0,63.75,0.0,7.75,0.25,28.25,0.0,400,0,0.0,20000.000000001164,20000.000000000233,0.9882416725158691,36.25,,0.0,0.0,-0.0002,0.0,-0.0001,-4.213099999999997,0.0,2.5346,-0.19879999999999998,1.877600000000001,0.0,4.2134,4.2134,20000.0
1089,T50PQT_20000_28,S2B_MSIL2A_20230616T021539_R003_T50PQT_20230616T083239,20,,0.0,0.0066,0.0328,0.0758,0.0058,96.9853,0.0095,0.5615,0.3273,1.9954,0.0,1000000,0,0.0,20000.000000001164,20000.000000000233,0.7344121932983398,2.8842,,0.0,0.0,0.0,0.0,0.0,0.0,0.0,0.0,0.0,0.0,0.0,0.0,0.0,20000.0
1096,T50PQT_20000_28,S2B_MSIL2A_20230616T021539_R003_T50PQT_20230616T083239,50,,0.0,0.00625,0.0325,0.0775,0.00625,96.981875,0.008125,0.56375,0.33,1.99375,0.0,160000,0,0.0,20000.000000001164,20000.000000000233,0.638331413269043,2.8875,,0.0,-0.0003499999999999996,-0.00030000000000000165,0.0016999999999999932,0.00045000000000000075,-0.003424999999992906,-0.0013749999999999995,0.0022499999999999742,0.0027000000000000357,-0.0016500000000001513,0.0,0.0033000000000003027,0.003424999999992906,20000.0
1103,T50PQT_20000_28,S2B_MSIL2A_20230616T021539_R003_T50PQT_20230616T083239,100,,0.0,0.005,0.0325,0.0725,0.005,96.975,0.0175,0.5725,0.325,1.995,0.0,40000,0,0.0,20000.000000001164,20000.000000000233,0.5888996124267578,2.8925,,0.0,-0.0015999999999999999,-0.00030000000000000165,-0.0033000000000000113,-0.0007999999999999995,-0.010300000000000864,0.008000000000000002,0.01100000000000001,-0.0022999999999999687,-0.00039999999999995595,0.0,0.008300000000000196,0.010300000000000864,20000.0
1110,T50PQT_20000_28,S2B_MSIL2A_20230616T021539_R003_T50PQT_20230616T083239,200,,0.0,0.01,0.05,0.07,0.01,96.73,0.02,0.66,0.43,2.02,0.0,10000,0,0.0,20000.000000001164,20000.000000000233,0.5323584079742432,3.1100000000000003,,0.0,0.0034000000000000002,0.0172,-0.0058,0.004200000000000001,-0.2552999999999912,0.0105,0.09850000000000003,0.10270000000000001,0.024599999999999955,0.0,0.22580000000000044,0.2552999999999912,20000.0
1117,T50PQT_20000_28,S2B_MSIL2A_20230616T021539_R003_T50PQT_20230616T083239,500,,0.0,0.0,0.125,0.0,0.0,96.4375,0.0,0.8125,0.4375,2.1875,0.0,1600,0,0.0,20000.000000001164,20000.000000000233,0.5585200786590576,3.4375,,0.0,-0.0066,0.0922,-0.0758,-0.0058,-0.5477999999999952,-0.0095,0.251,0.11020000000000002,0.19209999999999994,0.0,0.5533000000000001,0.5533000000000001,20000.0
1124,T50PQT_20000_28,S2B_MSIL2A_20230616T021539_R003_T50PQT_20230616T083239,1000,,0.0,0.0,0.25,0.0,0.0,95.75,0.0,2.0,0.5,1.5,0.0,400,0,0.0,20000.000000001164,20000.000000000233,0.9882416725158691,4.0,,0.0,-0.0066,0.2172,-0.0758,-0.0058,-1.2352999999999952,-0.0095,1.4385,0.17270000000000002,-0.49540000000000006,0.0,1.1158000000000001,1.2352999999999952,20000.0
1091,T50PQT_20000_28,S2B_MSIL2A_20230626T021539_R003_T50PQT_20230626T074054,20,,0.0,0.0,0.0,0.0003,0.0023,64.5884,0.0,8.0567,6.8243,20.528,0.0,1000000,0,0.0,20000.000000001164,20000.000000000233,0.7344121932983398,35.409,,0.0,0.0,0.0,0.0,0.0,0.0,0.0,0.0,0.0,0.0,0.0,0.0,0.0,20000.0
1098,T50PQT_20000_28,S2B_MSIL2A_20230626T021539_R003_T50PQT_20230626T074054,50,,0.0,0.0,0.0,0.000625,0.003125,64.5975,0.0,8.05875,6.829375,20.510625,0.0,160000,0,0.0,20000.000000001164,20000.000000000233,0.638331413269043,35.39875,,0.0,0.0,0.0,0.00032500000000000004,0.0008250000000000002,0.00910000000000366,0.0,0.0020500000000005514,0.005074999999999719,-0.017374999999997698,0.0,-0.010249999999999204,0.010249999999999204,20000.0
1105,T50PQT_20000_28,S2B_MSIL2A_20230626T021539_R003_T50PQT_20230626T074054,100,,0.0,0.0,0.0,0.0,0.0,64.5175,0.0,8.045,6.8975,20.54,0.0,40000,0,0.0,20000.000000001164,20000.000000000233,0.5888996124267578,35.4825,,0.0,0.0,0.0,-0.0003,-0.0023,-0.07089999999999463,0.0,-0.011699999999999378,0.07319999999999993,0.012000000000000455,0.0,0.07350000000000279,0.07350000000000279,20000.0
1112,T50PQT_20000_28,S2B_MSIL2A_20230626T021539_R003_T50PQT_20230626T074054,200,,0.0,0.0,0.0,0.0,0.0,64.53,0.0,8.02,6.51,20.94,0.0,10000,0,0.0,20000.000000001164,20000.000000000233,0.5323584079742432,35.47,,0.0,0.0,0.0,-0.0003,-0.0023,-0.05839999999999179,0.0,-0.03669999999999973,-0.31430000000000025,0.4120000000000026,0.0,0.06099999999999994,0.06099999999999994,20000.0
1119,T50PQT_20000_28,S2B_MSIL2A_20230626T021539_R003_T50PQT_20230626T074054,500,,0.0,0.0,0.0,0.0,0.0,64.0,0.0,8.5625,6.0625,21.375,0.0,1600,0,0.0,20000.000000001164,20000.000000000233,0.5585200786590576,36.0,,0.0,0.0,0.0,-0.0003,-0.0023,-0.5883999999999929,0.0,0.5058000000000007,-0.7618,0.8470000000000013,0.0,0.5910000000000011,0.5910000000000011,20000.0
1126,T50PQT_20000_28,S2B_MSIL2A_20230626T021539_R003_T50PQT_20230626T074054,1000,,0.0,0.0,0.0,0.0,0.0,65.0,0.0,7.5,5.75,21.75,0.0,400,0,0.0,20000.000000001164,20000.000000000233,0.9882416725158691,35.0,,0.0,0.0,0.0,-0.0003,-0.0023,0.41160000000000707,0.0,-0.5566999999999993,-1.0743,1.2220000000000013,0.0,-0.4089999999999989,0.41160000000000707,20000.0
1128,T50PQT_20000_29,S2A_MSIL2A_20230601T021611_R003_T50PQU_20230601T102410,20,,0.0,0.0,0.0,0.0,0.0,0.0,0.0,100.0,0.0,0.0,0.0,1000000,0,0.0,20000.000000001164,20000.0,0.6922285556793213,100.0,,0.0,0.0,0.0,0.0,0.0,0.0,0.0,0.0,0.0,0.0,0.0,0.0,0.0,20000.0
1135,T50PQT_20000_29,S2A_MSIL2A_20230601T021611_R003_T50PQU_20230601T102410,50,,0.0,0.0,0.0,0.0,0.0,0.0,0.0,100.0,0.0,0.0,0.0,160000,0,0.0,20000.000000001164,20000.0,0.5262985229492188,100.0,,0.0,0.0,0.0,0.0,0.0,0.0,0.0,0.0,0.0,0.0,0.0,0.0,0.0,20000.0
1142,T50PQT_20000_29,S2A_MSIL2A_20230601T021611_R003_T50PQU_20230601T102410,100,,0.0,0.0,0.0,0.0,0.0,0.0,0.0,100.0,0.0,0.0,0.0,40000,0,0.0,20000.000000001164,20000.0,0.4976792335510254,100.0,,0.0,0.0,0.0,0.0,0.0,0.0,0.0,0.0,0.0,0.0,0.0,0.0,0.0,20000.0
1149,T50PQT_20000_29,S2A_MSIL2A_20230601T021611_R003_T50PQU_20230601T102410,200,,0.0,0.0,0.0,0.0,0.0,0.0,0.0,100.0,0.0,0.0,0.0,10000,0,0.0,20000.000000001164,20000.0,0.5990242958068848,100.0,,0.0,0.0,0.0,0.0,0.0,0.0,0.0,0.0,0.0,0.0,0.0,0.0,0.0,20000.0
1156,T50PQT_20000_29,S2A_MSIL2A_20230601T021611_R003_T50PQU_20230601T102410,500,,0.0,0.0,0.0,0.0,0.0,0.0,0.0,100.0,0.0,0.0,0.0,1600,0,0.0,20000.000000001164,20000.0,0.5035369396209717,100.0,,0.0,0.0,0.0,0.0,0.0,0.0,0.0,0.0,0.0,0.0,0.0,0.0,0.0,20000.0
1163,T50PQT_20000_29,S2A_MSIL2A_20230601T021611_R003_T50PQU_20230601T102410,1000,,0.0,0.0,0.0,0.0,0.0,0.0,0.0,100.0,0.0,0.0,0.0,400,0,0.0,20000.000000001164,20000.0,0.5175082683563232,100.0,,0.0,0.0,0.0,0.0,0.0,0.0,0.0,0.0,0.0,0.0,0.0,0.0,0.0,20000.0
1130,T50PQT_20000_29,S2A_MSIL2A_20230611T021541_R003_T50PQU_20230611T092416,20,,0.0,0.0,0.0,0.0,0.0,0.0,0.0,23.0052,76.9948,0.0,0.0,1000000,0,0.0,20000.000000001164,20000.0,0.6922285556793213,100.0,,0.0,0.0,0.0,0.0,0.0,0.0,0.0,0.0,0.0,0.0,0.0,0.0,0.0,20000.0
1137,T50PQT_20000_29,S2A_MSIL2A_20230611T021541_R003_T50PQU_20230611T092416,50,,0.0,0.0,0.0,0.0,0.0,0.0,0.0,23.06125,76.93875,0.0,0.0,160000,0,0.0,20000.000000001164,20000.0,0.5262985229492188,100.0,,0.0,0.0,0.0,0.0,0.0,0.0,0.0,0.0560500000000026,-0.056049999999999045,0.0,0.0,0.0,0.0,20000.0
1144,T50PQT_20000_29,S2A_MSIL2A_20230611T021541_R003_T50PQU_20230611T092416,100,,0.0,0.0,0.0,0.0,0.0,0.0,0.0,23.1025,76.8975,0.0,0.0,40000,0,0.0,20000.000000001164,20000.0,0.4976792335510254,100.0,,0.0,0.0,0.0,0.0,0.0,0.0,0.0,0.09730000000000061,-0.09730000000000416,0.0,0.0,0.0,0.0,20000.0
1151,T50PQT_20000_29,S2A_MSIL2A_20230611T021541_R003_T50PQU_20230611T092416,200,,0.0,0.0,0.0,0.0,0.0,0.0,0.0,23.33,76.67,0.0,0.0,10000,0,0.0,20000.000000001164,20000.0,0.5990242958068848,100.0,,0.0,0.0,0.0,0.0,0.0,0.0,0.0,0.32479999999999976,-0.3247999999999962,0.0,0.0,0.0,0.0,20000.0
1158,T50PQT_20000_29,S2A_MSIL2A_20230611T021541_R003_T50PQU_20230611T092416,500,,0.0,0.0,0.0,0.0,0.0,0.0,0.0,23.875,76.125,0.0,0.0,1600,0,0.0,20000.000000001164,20000.0,0.5035369396209717,100.0,,0.0,0.0,0.0,0.0,0.0,0.0,0.0,0.8698000000000015,-0.8697999999999979,0.0,0.0,0.0,0.0,20000.0
1165,T50PQT_20000_29,S2A_MSIL2A_20230611T021541_R003_T50PQU_20230611T092416,1000,,0.0,0.0,0.0,0.0,0.0,0.0,0.0,24.5,75.5,0.0,0.0,400,0,0.0,20000.000000001164,20000.0,0.5175082683563232,100.0,,0.0,0.0,0.0,0.0,0.0,0.0,0.0,1.4948000000000015,-1.494799999999998,0.0,0.0,0.0,0.0,20000.0
1132,T50PQT_20000_29,S2A_MSIL2A_20230621T021541_R003_T50PQU_20230621T085348,20,,0.0,0.0,0.0,0.0,0.0,0.0,0.0,2.1493,0.0,97.8507,0.0,1000000,0,0.0,20000.000000001164,20000.0,0.6922285556793213,100.0,,0.0,0.0,0.0,0.0,0.0,0.0,0.0,0.0,0.0,0.0,0.0,0.0,0.0,20000.0
1139,T50PQT_20000_29,S2A_MSIL2A_20230621T021541_R003_T50PQU_20230621T085348,50,,0.0,0.0,0.0,0.0,0.0,0.0,0.0,2.145,0.0,97.855,0.0,160000,0,0.0,20000.000000001164,20000.0,0.5262985229492188,100.0,,0.0,0.0,0.0,0.0,0.0,0.0,0.0,-0.0043000000000001926,0.0,0.004300000000000637,0.0,0.0,0.0,20000.0
1146,T50PQT_20000_29,S2A_MSIL2A_20230621T021541_R003_T50PQU_20230621T085348,100,,0.0,0.0,0.0,0.0,0.0,0.0,0.0,2.15,0.0,97.85,0.0,40000,0,0.0,20000.000000001164,20000.0,0.4976792335510254,100.0,,0.0,0.0,0.0,0.0,0.0,0.0,0.0,0.0006999999999997009,0.0,-0.0007000000000090267,0.0,0.0,0.0,20000.0
1153,T50PQT_20000_29,S2A_MSIL2A_20230621T021541_R003_T50PQU_20230621T085348,200,,0.0,0.0,0.0,0.0,0.0,0.0,0.0,2.3,0.0,97.7,0.0,10000,0,0.0,20000.000000001164,20000.0,0.5990242958068848,100.0,,0.0,0.0,0.0,0.0,0.0,0.0,0.0,0.1506999999999996,0.0,-0.1507000000000005,0.0,0.0,0.0,20000.0
1160,T50PQT_20000_29,S2A_MSIL2A_20230621T021541_R003_T50PQU_20230621T085348,500,,0.0,0.0,0.0,0.0,0.0,0.0,0.0,2.4375,0.0,97.5625,0.0,1600,0,0.0,20000.000000001164,20000.0,0.5035369396209717,100.0,,0.0,0.0,0.0,0.0,0.0,0.0,0.0,0.2881999999999998,0.0,-0.28820000000000334,0.0,0.0,0.0,20000.0
1167,T50PQT_20000_29,S2A_MSIL2A_20230621T021541_R003_T50PQU_20230621T085348,1000,,0.0,0.0,0.0,0.0,0.0,0.0,0.0,3.75,0.0,96.25,0.0,400,0,0.0,20000.000000001164,20000.0,0.5175082683563232,100.0,,0.0,0.0,0.0,0.0,0.0,0.0,0.0,1.6006999999999998,0.0,-1.6007000000000033,0.0,0.0,0.0,20000.0
1134,T50PQT_20000_29,S2A_MSIL2A_20230701T021541_R003_T50PQU_20230701T082618,20,,0.0,0.0,0.0,0.0,0.0,0.0,0.0,68.5088,0.0365,31.4547,0.0,1000000,0,0.0,20000.000000001164,20000.0,0.6922285556793213,100.0,,0.0,0.0,0.0,0.0,0.0,0.0,0.0,0.0,0.0,0.0,0.0,0.0,0.0,20000.0
1141,T50PQT_20000_29,S2A_MSIL2A_20230701T021541_R003_T50PQU_20230701T082618,50,,0.0,0.0,0.0,0.0,0.0,0.0,0.0,68.401875,0.03875,31.559375,0.0,160000,0,0.0,20000.000000001164,20000.0,0.5262985229492188,100.0,,0.0,0.0,0.0,0.0,0.0,0.0,0.0,-0.10692499999998972,0.002250000000000002,0.1046750000000003,0.0,0.0,0.0,20000.0
1148,T50PQT_20000_29,S2A_MSIL2A_20230701T021541_R003_T50PQU_20230701T082618,100,,0.0,0.0,0.0,0.0,0.0,0.0,0.0,68.4275,0.0375,31.535,0.0,40000,0,0.0,20000.000000001164,20000.0,0.4976792335510254,99.99999999999999,,0.0,0.0,0.0,0.0,0.0,0.0,0.0,-0.08129999999999882,0.0010000000000000009,0.08030000000000115,0.0,-1.4210854715202004e-14,1.4210854715202004e-14,20000.0
1155,T50PQT_20000_29,S2A_MSIL2A_20230701T021541_R003_T50PQU_20230701T082618,200,,0.0,0.0,0.0,0.0,0.0,0.0,0.0,67.5,0.04,32.46,0.0,10000,0,0.0,20000.000000001164,20000.0,0.5990242958068848,100.0,,0.0,0.0,0.0,0.0,0.0,0.0,0.0,-1.0087999999999937,0.003500000000000003,1.0053000000000019,0.0,0.0,0.0,20000.0
1162,T50PQT_20000_29,S2A_MSIL2A_20230701T021541_R003_T50PQU_20230701T082618,500,,0.0,0.0,0.0,0.0,0.0,0.0,0.0,67.125,0.0,32.875,0.0,1600,0,0.0,20000.000000001164,20000.0,0.5035369396209717,100.0,,0.0,0.0,0.0,0.0,0.0,0.0,0.0,-1.3837999999999937,-0.0365,1.420300000000001,0.0,0.0,0.0,20000.0
1169,T50PQT_20000_29,S2A_MSIL2A_20230701T021541_R003_T50PQU_20230701T082618,1000,,0.0,0.0,0.0,0.0,0.0,0.0,0.0,63.0,0.0,37.0,0.0,400,0,0.0,20000.000000001164,20000.0,0.5175082683563232,100.0,,0.0,0.0,0.0,0.0,0.0,0.0,0.0,-5.508799999999994,-0.0365,5.545300000000001,0.0,0.0,0.0,20000.0
1129,T50PQT_20000_29,S2B_MSIL2A_20230606T021539_R003_T50PQU_20230606T073307,20,,0.0,0.0,0.0,0.0,0.0,35.5226,0.0,2.0718,0.0,62.4056,0.0,1000000,0,0.0,20000.000000001164,20000.0,0.6922285556793213,64.4774,,0.0,0.0,0.0,0.0,0.0,0.0,0.0,0.0,0.0,0.0,0.0,0.0,0.0,20000.0
1136,T50PQT_20000_29,S2B_MSIL2A_20230606T021539_R003_T50PQU_20230606T073307,50,,0.0,0.0,0.0,0.0,0.0,35.5575,0.0,2.080625,0.0,62.361875,0.0,160000,0,0.0,20000.000000001164,20000.0,0.5262985229492188,64.4425,,0.0,0.0,0.0,0.0,0.0,0.034900000000000375,0.0,0.00882499999999986,0.0,-0.04372500000000201,0.0,-0.03490000000000748,0.03490000000000748,20000.0
1143,T50PQT_20000_29,S2B_MSIL2A_20230606T021539_R003_T50PQU_20230606T073307,100,,0.0,0.0,0.0,0.0,0.0,35.5725,0.0,2.085,0.0,62.3425,0.0,40000,0,0.0,20000.000000001164,20000.0,0.4976792335510254,64.4275,,0.0,0.0,0.0,0.0,0.0,0.049900000000000944,0.0,0.013199999999999878,0.0,-0.0630999999999986,0.0,-0.04990000000000805,0.04990000000000805,20000.0
1150,T50PQT_20000_29,S2B_MSIL2A_20230606T021539_R003_T50PQU_20230606T073307,200,,0.0,0.0,0.0,0.0,0.0,36.29,0.0,2.0,0.0,61.71,0.0,10000,0,0.0,20000.000000001164,20000.0,0.5990242958068848,63.71,,0.0,0.0,0.0,0.0,0.0,0.7674000000000021,0.0,-0.07180000000000009,0.0,-0.6955999999999989,0.0,-0.7674000000000021,0.7674000000000021,20000.0
1157,T50PQT_20000_29,S2B_MSIL2A_20230606T021539_R003_T50PQU_20230606T073307,500,,0.0,0.0,0.0,0.0,0.0,37.0,0.0,2.0625,0.0,60.9375,0.0,1600,0,0.0,20000.000000001164,20000.0,0.5035369396209717,63.0,,0.0,0.0,0.0,0.0,0.0,1.477400000000003,0.0,-0.009300000000000086,0.0,-1.4680999999999997,0.0,-1.477400000000003,1.477400000000003,20000.0
1164,T50PQT_20000_29,S2B_MSIL2A_20230606T021539_R003_T50PQU_20230606T073307,1000,,0.0,0.0,0.0,0.0,0.0,39.75,0.0,2.0,0.0,58.25,0.0,400,0,0.0,20000.000000001164,20000.0,0.5175082683563232,60.25,,0.0,0.0,0.0,0.0,0.0,4.227400000000003,0.0,-0.07180000000000009,0.0,-4.1556,0.0,-4.227400000000003,4.227400000000003,20000.0
1131,T50PQT_20000_29,S2B_MSIL2A_20230616T021539_R003_T50PQU_20230616T083253,20,,0.0,0.0,0.0,0.0,0.0,31.6286,0.0,0.0004,0.0,68.371,0.0,1000000,0,0.0,20000.000000001164,20000.0,0.6922285556793213,68.3714,,0.0,0.0,0.0,0.0,0.0,0.0,0.0,0.0,0.0,0.0,0.0,0.0,0.0,20000.0
1138,T50PQT_20000_29,S2B_MSIL2A_20230616T021539_R003_T50PQU_20230616T083253,50,,0.0,0.0,0.0,0.0,0.0,31.5725,0.0,0.000625,0.0,68.426875,0.0,160000,0,0.0,20000.000000001164,20000.0,0.5262985229492188,68.4275,,0.0,0.0,0.0,0.0,0.0,-0.05609999999999715,0.0,0.000225,0.0,0.05587500000000034,0.0,0.056100000000000705,0.056100000000000705,20000.0
1145,T50PQT_20000_29,S2B_MSIL2A_20230616T021539_R003_T50PQU_20230616T083253,100,,0.0,0.0,0.0,0.0,0.0,31.5675,0.0,0.0,0.0,68.4325,0.0,40000,0,0.0,20000.000000001164,20000.0,0.4976792335510254,68.4325,,0.0,0.0,0.0,0.0,0.0,-0.06109999999999971,0.0,-0.0004,0.0,0.061500000000009436,0.0,0.06110000000001037,0.06110000000001037,20000.0
1152,T50PQT_20000_29,S2B_MSIL2A_20230616T021539_R003_T50PQU_20230616T083253,200,,0.0,0.0,0.0,0.0,0.0,31.0,0.0,0.0,0.0,69.0,0.0,10000,0,0.0,20000.000000001164,20000.0,0.5990242958068848,69.0,,0.0,0.0,0.0,0.0,0.0,-0.6285999999999987,0.0,-0.0004,0.0,0.6290000000000049,0.0,0.6286000000000058,0.6286000000000058,20000.0
1159,T50PQT_20000_29,S2B_MSIL2A_20230616T021539_R003_T50PQU_20230616T083253,500,,0.0,0.0,0.0,0.0,0.0,31.1875,0.0,0.0,0.0,68.8125,0.0,1600,0,0.0,20000.000000001164,20000.0,0.5035369396209717,68.8125,,0.0,0.0,0.0,0.0,0.0,-0.4410999999999987,0.0,-0.0004,0.0,0.4415000000000049,0.0,0.4411000000000058,0.4411000000000058,20000.0
1166,T50PQT_20000_29,S2B_MSIL2A_20230616T021539_R003_T50PQU_20230616T083253,1000,,0.0,0.0,0.0,0.0,0.0,28.25,0.0,0.0,0.0,71.75,0.0,400,0,0.0,20000.000000001164,20000.0,0.5175082683563232,71.75,,0.0,0.0,0.0,0.0,0.0,-3.3785999999999987,0.0,-0.0004,0.0,3.379000000000005,0.0,3.378600000000006,3.378600000000006,20000.0
1133,T50PQT_20000_29,S2B_MSIL2A_20230626T021539_R003_T50PQU_20230626T073529,20,,0.0,0.0,0.0,0.0,0.0,50.7054,0.0,10.8894,13.8302,24.575,0.0,1000000,0,0.0,20000.000000001164,20000.0,0.6922285556793213,49.2946,,0.0,0.0,0.0,0.0,0.0,0.0,0.0,0.0,0.0,0.0,0.0,0.0,0.0,20000.0
1140,T50PQT_20000_29,S2B_MSIL2A_20230626T021539_R003_T50PQU_20230626T073529,50,,0.0,0.0,0.0,0.0,0.0,50.7275,0.0,10.90875,13.809375,24.554375,0.0,160000,0,0.0,20000.000000001164,20000.0,0.5262985229492188,49.2725,,0.0,0.0,0.0,0.0,0.0,0.022100000000001785,0.0,0.019349999999999312,-0.020825000000000315,-0.020624999999999005,0.0,-0.022100000000001785,0.022100000000001785,20000.0
1147,T50PQT_20000_29,S2B_MSIL2A_20230626T021539_R003_T50PQU_20230626T073529,100,,0.0,0.0,0.0,0.0,0.0,50.745,0.0,10.905,13.745,24.605,0.0,40000,0,0.0,20000.000000001164,20000.0,0.4976792335510254,49.254999999999995,,0.0,0.0,0.0,0.0,0.0,0.03960000000000008,0.0,0.01559999999999917,-0.08520000000000039,0.030000000000001137,0.0,-0.039600000000007185,0.039600000000007185,20000.0
1154,T50PQT_20000_29,S2B_MSIL2A_20230626T021539_R003_T50PQU_20230626T073529,200,,0.0,0.0,0.0,0.0,0.0,50.47,0.0,10.99,14.03,24.51,0.0,10000,0,0.0,20000.000000001164,20000.0,0.5990242958068848,49.53,,0.0,0.0,0.0,0.0,0.0,-0.2353999999999985,0.0,0.10060000000000002,0.19979999999999976,-0.06499999999999773,0.0,0.2353999999999985,0.2353999999999985,20000.0
1161,T50PQT_20000_29,S2B_MSIL2A_20230626T021539_R003_T50PQU_20230626T073529,500,,0.0,0.0,0.0,0.0,0.0,50.5625,0.0,10.6875,14.1875,24.5625,0.0,1600,0,0.0,20000.000000001164,20000.0,0.5035369396209717,49.4375,,0.0,0.0,0.0,0.0,0.0,-0.14289999999999736,0.0,-0.2019000000000002,0.3573000000000004,-0.01249999999999929,0.0,0.14289999999999736,0.14289999999999736,20000.0
1168,T50PQT_20000_29,S2B_MSIL2A_20230626T021539_R003_T50PQU_20230626T073529,1000,,0.0,0.0,0.0,0.0,0.0,51.25,0.0,11.0,15.5,22.25,0.0,400,0,0.0,20000.000000001164,20000.0,0.5175082683563232,48.75,,0.0,0.0,0.0,0.0,0.0,0.5446000000000026,0.0,0.11059999999999981,1.6698000000000004,-2.3249999999999993,0.0,-0.5446000000000026,0.5446000000000026,20000.0
108,T50PQT_20000_3,S2A_MSIL2A_20230604T022531_R046_T50PQT_20230604T082521,20,,0.0,0.0,0.0,0.0,0.0,1.3152,0.0,53.9043,19.8395,24.941,0.0,1000000,0,0.0,20000.0,19999.999999999767,0.5179667472839355,98.6848,,0.0,0.0,0.0,0.0,0.0,0.0,0.0,0.0,0.0,0.0,0.0,0.0,0.0,20000.0
114,T50PQT_20000_3,S2A_MSIL2A_20230604T022531_R046_T50PQT_20230604T082521,50,,0.0,0.0,0.0,0.0,0.0,1.31875,0.0,53.81125,19.83875,25.03125,0.0,160000,0,0.0,20000.0,19999.999999999767,0.3617429733276367,98.68125,,0.0,0.0,0.0,0.0,0.0,0.003550000000000164,0.0,-0.09304999999999808,-0.0007500000000000284,0.09025000000000105,0.0,-0.00354999999998995,0.003550000000000164,20000.0
120,T50PQT_20000_3,S2A_MSIL2A_20230604T022531_R046_T50PQT_20230604T082521,100,,0.0,0.0,0.0,0.0,0.0,1.3075,0.0,53.7875,19.8475,25.0575,0.0,40000,0,0.0,20000.0,19999.999999999767,0.38222217559814453,98.69250000000001,,0.0,0.0,0.0,0.0,0.0,-0.007699999999999818,0.0,-0.1167999999999978,0.007999999999999119,0.11650000000000205,0.0,0.007700000000014029,0.007700000000014029,20000.0
126,T50PQT_20000_3,S2A_MSIL2A_20230604T022531_R046_T50PQT_20230604T082521,200,,0.0,0.0,0.0,0.0,0.0,1.41,0.0,53.79,19.68,25.12,0.0,10000,0,0.0,20000.0,19999.999999999767,0.3441033363342285,98.59,,0.0,0.0,0.0,0.0,0.0,0.0948,0.0,-0.11430000000000007,-0.1595000000000013,0.17900000000000205,0.0,-0.09479999999999222,0.0948,20000.0
132,T50PQT_20000_3,S2A_MSIL2A_20230604T022531_R046_T50PQT_20230604T082521,500,,0.0,0.0,0.0,0.0,0.0,1.3125,0.0,53.75,19.5625,25.375,0.0,1600,0,0.0,20000.0,19999.999999999767,0.3603634834289551,98.6875,,0.0,0.0,0.0,0.0,0.0,-0.0026999999999999247,0.0,-0.15429999999999922,-0.277000000000001,0.43400000000000105,0.0,0.0027000000000043656,0.0027000000000043656,20000.0
138,T50PQT_20000_3,S2A_MSIL2A_20230604T022531_R046_T50PQT_20230604T082521,1000,,0.0,0.0,0.0,0.0,0.0,2.5,0.0,53.5,18.75,25.25,0.0,400,0,0.0,20000.0,19999.999999999767,0.3545074462890625,97.5,,0.0,0.0,0.0,0.0,0.0,1.1848,0.0,-0.4042999999999992,-1.089500000000001,0.30900000000000105,0.0,-1.1847999999999956,1.1848,20000.0
110,T50PQT_20000_3,S2A_MSIL2A_20230614T022541_R046_T50PQT_20230614T094130,20,,0.0,0.0,0.0,0.0,0.0,0.0,0.0,80.6014,0.0,19.3986,0.0,1000000,0,0.0,20000.0,19999.999999999767,0.5179667472839355,100.0,,0.0,0.0,0.0,0.0,0.0,0.0,0.0,0.0,0.0,0.0,0.0,0.0,0.0,20000.0
116,T50PQT_20000_3,S2A_MSIL2A_20230614T022541_R046_T50PQT_20230614T094130,50,,0.0,0.0,0.0,0.0,0.0,0.0,0.0,80.656875,0.0,19.343125,0.0,160000,0,0.0,20000.0,19999.999999999767,0.3617429733276367,100.0,,0.0,0.0,0.0,0.0,0.0,0.0,0.0,0.05547500000000127,0.0,-0.05547499999999772,0.0,0.0,0.0,20000.0
122,T50PQT_20000_3,S2A_MSIL2A_20230614T022541_R046_T50PQT_20230614T094130,100,,0.0,0.0,0.0,0.0,0.0,0.0,0.0,80.6375,0.0,19.3625,0.0,40000,0,0.0,20000.0,19999.999999999767,0.38222217559814453,100.0,,0.0,0.0,0.0,0.0,0.0,0.0,0.0,0.036100000000004684,0.0,-0.03609999999999758,0.0,0.0,0.0,20000.0
128,T50PQT_20000_3,S2A_MSIL2A_20230614T022541_R046_T50PQT_20230614T094130,200,,0.0,0.0,0.0,0.0,0.0,0.0,0.0,81.2,0.0,18.8,0.0,10000,0,0.0,20000.0,19999.999999999767,0.3441033363342285,100.0,,0.0,0.0,0.0,0.0,0.0,0.0,0.0,0.5986000000000047,0.0,-0.5985999999999976,0.0,0.0,0.0,20000.0
134,T50PQT_20000_3,S2A_MSIL2A_20230614T022541_R046_T50PQT_20230614T094130,500,,0.0,0.0,0.0,0.0,0.0,0.0,0.0,81.625,0.0,18.375,0.0,1600,0,0.0,20000.0,19999.999999999767,0.3603634834289551,100.0,,0.0,0.0,0.0,0.0,0.0,0.0,0.0,1.0236000000000018,0.0,-1.0235999999999983,0.0,0.0,0.0,20000.0
140,T50PQT_20000_3,S2A_MSIL2A_20230614T022541_R046_T50PQT_20230614T094130,1000,,0.0,0.0,0.0,0.0,0.0,0.0,0.0,83.5,0.0,16.5,0.0,400,0,0.0,20000.0,19999.999999999767,0.3545074462890625,100.0,,0.0,0.0,0.0,0.0,0.0,0.0,0.0,2.898600000000002,0.0,-2.8985999999999983,0.0,0.0,0.0,20000.0
112,T50PQT_20000_3,S2A_MSIL2A_20230624T022531_R046_T50PQT_20230624T082536,20,,0.0,0.0,0.0,0.0,0.0,0.0,0.0,92.0297,0.0977,7.8726,0.0,1000000,0,0.0,20000.0,19999.999999999767,0.5179667472839355,100.00000000000001,,0.0,0.0,0.0,0.0,0.0,0.0,0.0,0.0,0.0,0.0,0.0,0.0,0.0,20000.0
118,T50PQT_20000_3,S2A_MSIL2A_20230624T022531_R046_T50PQT_20230624T082536,50,,0.0,0.0,0.0,0.0,0.0,0.0,0.0,92.078125,0.09625,7.825625,0.0,160000,0,0.0,20000.0,19999.999999999767,0.3617429733276367,100.0,,0.0,0.0,0.0,0.0,0.0,0.0,0.0,0.04842499999999461,-0.001449999999999993,-0.046975000000000655,0.0,-1.4210854715202004e-14,1.4210854715202004e-14,20000.0
124,T50PQT_20000_3,S2A_MSIL2A_20230624T022531_R046_T50PQT_20230624T082536,100,,0.0,0.0,0.0,0.0,0.0,0.0,0.0,92.0925,0.0925,7.815,0.0,40000,0,0.0,20000.0,19999.999999999767,0.38222217559814453,100.0,,0.0,0.0,0.0,0.0,0.0,0.0,0.0,0.06279999999999575,-0.005199999999999996,-0.057599999999999874,0.0,-1.4210854715202004e-14,1.4210854715202004e-14,20000.0
130,T50PQT_20000_3,S2A_MSIL2A_20230624T022531_R046_T50PQT_20230624T082536,200,,0.0,0.0,0.0,0.0,0.0,0.0,0.0,92.48,0.12,7.4,0.0,10000,0,0.0,20000.0,19999.999999999767,0.3441033363342285,100.00000000000001,,0.0,0.0,0.0,0.0,0.0,0.0,0.0,0.4502999999999986,0.0223,-0.4725999999999999,0.0,0.0,0.0,20000.0
136,T50PQT_20000_3,S2A_MSIL2A_20230624T022531_R046_T50PQT_20230624T082536,500,,0.0,0.0,0.0,0.0,0.0,0.0,0.0,92.9375,0.125,6.9375,0.0,1600,0,0.0,20000.0,19999.999999999767,0.3603634834289551,100.0,,0.0,0.0,0.0,0.0,0.0,0.0,0.0,0.9077999999999946,0.027300000000000005,-0.9351000000000003,0.0,-1.4210854715202004e-14,1.4210854715202004e-14,20000.0
142,T50PQT_20000_3,S2A_MSIL2A_20230624T022531_R046_T50PQT_20230624T082536,1000,,0.0,0.0,0.0,0.0,0.0,0.0,0.0,94.5,0.0,5.5,0.0,400,0,0.0,20000.0,19999.999999999767,0.3545074462890625,100.0,,0.0,0.0,0.0,0.0,0.0,0.0,0.0,2.4702999999999946,-0.0977,-2.3726000000000003,0.0,-1.4210854715202004e-14,1.4210854715202004e-14,20000.0
109,T50PQT_20000_3,S2B_MSIL2A_20230609T022539_R046_T50PQT_20230609T075214,20,,0.0,0.0,0.0,0.0,0.0,0.4501,0.0,85.8688,8.8979,4.7832,0.0,1000000,0,0.0,20000.0,19999.999999999767,0.5179667472839355,99.54989999999998,,0.0,0.0,0.0,0.0,0.0,0.0,0.0,0.0,0.0,0.0,0.0,0.0,0.0,20000.0
115,T50PQT_20000_3,S2B_MSIL2A_20230609T022539_R046_T50PQT_20230609T075214,50,,0.0,0.0,0.0,0.0,0.0,0.446875,0.0,85.895,8.863125,4.795,0.0,160000,0,0.0,20000.0,19999.999999999767,0.3617429733276367,99.553125,,0.0,0.0,0.0,0.0,0.0,-0.003224999999999978,0.0,0.026200000000002888,-0.03477499999999978,0.011800000000000033,0.0,0.0032250000000146883,0.0032250000000146883,20000.0
121,T50PQT_20000_3,S2B_MSIL2A_20230609T022539_R046_T50PQT_20230609T075214,100,,0.0,0.0,0.0,0.0,0.0,0.4525,0.0,85.8425,8.87,4.835,0.0,40000,0,0.0,20000.0,19999.999999999767,0.38222217559814453,99.5475,,0.0,0.0,0.0,0.0,0.0,0.0024000000000000132,0.0,-0.026299999999991996,-0.027900000000000702,0.05180000000000007,0.0,-0.0023999999999801958,0.0024000000000000132,20000.0
127,T50PQT_20000_3,S2B_MSIL2A_20230609T022539_R046_T50PQT_20230609T075214,200,,0.0,0.0,0.0,0.0,0.0,0.44,0.0,85.99,8.65,4.92,0.0,10000,0,0.0,20000.0,19999.999999999767,0.3441033363342285,99.56,,0.0,0.0,0.0,0.0,0.0,-0.010099999999999998,0.0,0.12120000000000175,-0.24789999999999957,0.13680000000000003,0.0,0.010100000000022646,0.010100000000022646,20000.0
133,T50PQT_20000_3,S2B_MSIL2A_20230609T022539_R046_T50PQT_20230609T075214,500,,0.0,0.0,0.0,0.0,0.0,0.5,0.0,86.1875,8.75,4.5625,0.0,1600,0,0.0,20000.0,19999.999999999767,0.3603634834289551,99.5,,0.0,0.0,0.0,0.0,0.0,0.0499,0.0,0.31870000000000687,-0.14789999999999992,-0.2206999999999999,0.0,-0.04989999999997963,0.0499,20000.0
139,T50PQT_20000_3,S2B_MSIL2A_20230609T022539_R046_T50PQT_20230609T075214,1000,,0.0,0.0,0.0,0.0,0.0,0.5,0.0,86.5,7.5,5.5,0.0,400,0,0.0,20000.0,19999.999999999767,0.3545074462890625,99.5,,0.0,0.0,0.0,0.0,0.0,0.0499,0.0,0.6312000000000069,-1.3979,0.7168000000000001,0.0,-0.04989999999997963,0.0499,20000.0
111,T50PQT_20000_3,S2B_MSIL2A_20230619T022539_R046_T50PQT_20230619T074224,20,,0.0,0.0,0.0,0.0,0.0,39.9836,0.0,27.2562,1.7907,30.9695,0.0,1000000,0,0.0,20000.0,19999.999999999767,0.5179667472839355,60.016400000000004,,0.0,0.0,0.0,0.0,0.0,0.0,0.0,0.0,0.0,0.0,0.0,0.0,0.0,20000.0
117,T50PQT_20000_3,S2B_MSIL2A_20230619T022539_R046_T50PQT_20230619T074224,50,,0.0,0.0,0.0,0.0,0.0,39.964375,0.0,27.278125,1.78375,30.97375,0.0,160000,0,0.0,20000.0,19999.999999999767,0.3617429733276367,60.035624999999996,,0.0,0.0,0.0,0.0,0.0,-0.01922500000000582,0.0,0.021924999999999528,-0.006950000000000012,0.004249999999998977,0.0,0.01922499999999161,0.01922500000000582,20000.0
123,T50PQT_20000_3,S2B_MSIL2A_20230619T022539_R046_T50PQT_20230619T074224,100,,0.0,0.0,0.0,0.0,0.0,39.9625,0.0,27.3225,1.77,30.945,0.0,40000,0,0.0,20000.0,19999.999999999767,0.38222217559814453,60.0375,,0.0,0.0,0.0,0.0,0.0,-0.021100000000004115,0.0,0.0663000000000018,-0.02069999999999994,-0.024499999999999744,0.0,0.02109999999999701,0.021100000000004115,20000.0
129,T50PQT_20000_3,S2B_MSIL2A_20230619T022539_R046_T50PQT_20230619T074224,200,,0.0,0.0,0.0,0.0,0.0,39.24,0.0,27.84,1.9,31.02,0.0,10000,0,0.0,20000.0,19999.999999999767,0.3441033363342285,60.76,,0.0,0.0,0.0,0.0,0.0,-0.7436000000000007,0.0,0.5838000000000001,0.10929999999999995,0.050499999999999545,0.0,0.7435999999999936,0.7436000000000007,20000.0
135,T50PQT_20000_3,S2B_MSIL2A_20230619T022539_R046_T50PQT_20230619T074224,500,,0.0,0.0,0.0,0.0,0.0,39.25,0.0,28.25,1.875,30.625,0.0,1600,0,0.0,20000.0,19999.999999999767,0.3603634834289551,60.75,,0.0,0.0,0.0,0.0,0.0,-0.7336000000000027,0.0,0.9938000000000002,0.08430000000000004,-0.34450000000000003,0.0,0.7335999999999956,0.7336000000000027,20000.0
141,T50PQT_20000_3,S2B_MSIL2A_20230619T022539_R046_T50PQT_20230619T074224,1000,,0.0,0.0,0.0,0.0,0.0,36.0,0.0,30.75,1.5,31.75,0.0,400,0,0.0,20000.0,19999.999999999767,0.3545074462890625,64.0,,0.0,0.0,0.0,0.0,0.0,-3.9836000000000027,0.0,3.4938000000000002,-0.29069999999999996,0.7805,0.0,3.9835999999999956,3.9836000000000027,20000.0
113,T50PQT_20000_3,S2B_MSIL2A_20230629T022539_R046_T50PQT_20230629T115903,20,,0.0,0.0,0.0,0.0,0.0,0.0,0.0,27.6144,72.3856,0.0,0.0,1000000,0,0.0,20000.0,19999.999999999767,0.5179667472839355,100.0,,0.0,0.0,0.0,0.0,0.0,0.0,0.0,0.0,0.0,0.0,0.0,0.0,0.0,20000.0
119,T50PQT_20000_3,S2B_MSIL2A_20230629T022539_R046_T50PQT_20230629T115903,50,,0.0,0.0,0.0,0.0,0.0,0.0,0.0,27.6075,72.3925,0.0,0.0,160000,0,0.0,20000.0,19999.999999999767,0.3617429733276367,100.0,,0.0,0.0,0.0,0.0,0.0,0.0,0.0,-0.00689999999999813,0.0069000000000016826,0.0,0.0,0.0,0.0,20000.0
125,T50PQT_20000_3,S2B_MSIL2A_20230629T022539_R046_T50PQT_20230629T115903,100,,0.0,0.0,0.0,0.0,0.0,0.0,0.0,27.635,72.365,0.0,0.0,40000,0,0.0,20000.0,19999.999999999767,0.38222217559814453,100.0,,0.0,0.0,0.0,0.0,0.0,0.0,0.0,0.020600000000001728,-0.020600000000001728,0.0,0.0,0.0,0.0,20000.0
131,T50PQT_20000_3,S2B_MSIL2A_20230629T022539_R046_T50PQT_20230629T115903,200,,0.0,0.0,0.0,0.0,0.0,0.0,0.0,27.96,72.04,0.0,0.0,10000,0,0.0,20000.0,19999.999999999767,0.3441033363342285,100.0,,0.0,0.0,0.0,0.0,0.0,0.0,0.0,0.345600000000001,-0.34559999999999036,0.0,0.0,0.0,0.0,20000.0
137,T50PQT_20000_3,S2B_MSIL2A_20230629T022539_R046_T50PQT_20230629T115903,500,,0.0,0.0,0.0,0.0,0.0,0.0,0.0,28.25,71.75,0.0,0.0,1600,0,0.0,20000.0,19999.999999999767,0.3603634834289551,100.0,,0.0,0.0,0.0,0.0,0.0,0.0,0.0,0.6356000000000002,-0.6355999999999966,0.0,0.0,0.0,0.0,20000.0
143,T50PQT_20000_3,S2B_MSIL2A_20230629T022539_R046_T50PQT_20230629T115903,1000,,0.0,0.0,0.0,0.0,0.0,0.0,0.0,31.0,69.0,0.0,0.0,400,0,0.0,20000.0,19999.999999999767,0.3545074462890625,100.0,,0.0,0.0,0.0,0.0,0.0,0.0,0.0,3.3856,-3.3855999999999966,0.0,0.0,0.0,0.0,20000.0
1170,T50PQT_20000_30,S2A_MSIL2A_20230601T021611_R003_T50PRT_20230601T102331,20,,0.0,0.0,0.0,0.0,0.0,0.0,0.0,59.6815,39.9859,0.3326,0.0,1000000,0,0.0,20000.000000000116,20000.000000000233,0.7736978530883789,100.0,,0.0,0.0,0.0,0.0,0.0,0.0,0.0,0.0,0.0,0.0,0.0,0.0,0.0,20000.0
1177,T50PQT_20000_30,S2A_MSIL2A_20230601T021611_R003_T50PRT_20230601T102331,50,,0.0,0.0,0.0,0.0,0.0,0.0,0.0,59.60875,40.0575,0.33375,0.0,160000,0,0.0,20000.000000000116,20000.000000000233,0.5034315586090088,99.99999999999999,,0.0,0.0,0.0,0.0,0.0,0.0,0.0,-0.0727499999999992,0.07159999999999656,0.0011499999999999844,0.0,-1.4210854715202004e-14,1.4210854715202004e-14,20000.0
1184,T50PQT_20000_30,S2A_MSIL2A_20230601T021611_R003_T50PRT_20230601T102331,100,,0.0,0.0,0.0,0.0,0.0,0.0,0.0,59.6075,40.0625,0.33,0.0,40000,0,0.0,20000.000000000116,20000.000000000233,0.5006937980651855,100.0,,0.0,0.0,0.0,0.0,0.0,0.0,0.0,-0.07399999999999807,0.07659999999999911,-0.002599999999999991,0.0,0.0,0.0,20000.0
1191,T50PQT_20000_30,S2A_MSIL2A_20230601T021611_R003_T50PRT_20230601T102331,200,,0.0,0.0,0.0,0.0,0.0,0.0,0.0,59.24,40.46,0.3,0.0,10000,0,0.0,20000.000000000116,20000.000000000233,0.532160758972168,100.0,,0.0,0.0,0.0,0.0,0.0,0.0,0.0,-0.4414999999999978,0.47409999999999997,-0.03260000000000002,0.0,0.0,0.0,20000.0
1198,T50PQT_20000_30,S2A_MSIL2A_20230601T021611_R003_T50PRT_20230601T102331,500,,0.0,0.0,0.0,0.0,0.0,0.0,0.0,59.0,40.5625,0.4375,0.0,1600,0,0.0,20000.000000000116,20000.000000000233,0.6653997898101807,100.0,,0.0,0.0,0.0,0.0,0.0,0.0,0.0,-0.6814999999999998,0.5765999999999991,0.1049,0.0,0.0,0.0,20000.0
1205,T50PQT_20000_30,S2A_MSIL2A_20230601T021611_R003_T50PRT_20230601T102331,1000,,0.0,0.0,0.0,0.0,0.0,0.0,0.0,56.0,44.0,0.0,0.0,400,0,0.0,20000.000000000116,20000.000000000233,0.5417022705078125,100.0,,0.0,0.0,0.0,0.0,0.0,0.0,0.0,-3.6814999999999998,4.014099999999999,-0.3326,0.0,0.0,0.0,20000.0
1172,T50PQT_20000_30,S2A_MSIL2A_20230611T021541_R003_T50PRT_20230611T094531,20,,0.0,0.0,0.0,0.0,0.0,0.6395,0.0,0.7285,0.0,98.632,0.0,1000000,0,0.0,20000.000000000116,20000.000000000233,0.7736978530883789,99.3605,,0.0,0.0,0.0,0.0,0.0,0.0,0.0,0.0,0.0,0.0,0.0,0.0,0.0,20000.0
1179,T50PQT_20000_30,S2A_MSIL2A_20230611T021541_R003_T50PRT_20230611T094531,50,,0.0,0.0,0.0,0.0,0.0,0.639375,0.0,0.705,0.0,98.655625,0.0,160000,0,0.0,20000.000000000116,20000.000000000233,0.5034315586090088,99.360625,,0.0,0.0,0.0,0.0,0.0,-0.00012499999999993072,0.0,-0.023500000000000076,0.0,0.023624999999995566,0.0,0.00012499999999704414,0.00012499999999993072,20000.0
1186,T50PQT_20000_30,S2A_MSIL2A_20230611T021541_R003_T50PRT_20230611T094531,100,,0.0,0.0,0.0,0.0,0.0,0.6575,0.0,0.71,0.0,98.6325,0.0,40000,0,0.0,20000.000000000116,20000.000000000233,0.5006937980651855,99.34249999999999,,0.0,0.0,0.0,0.0,0.0,0.018000000000000016,0.0,-0.018500000000000072,0.0,0.0004999999999881766,0.0,-0.018000000000014893,0.018000000000014893,20000.0
1193,T50PQT_20000_30,S2A_MSIL2A_20230611T021541_R003_T50PRT_20230611T094531,200,,0.0,0.0,0.0,0.0,0.0,0.6,0.0,0.62,0.0,98.78,0.0,10000,0,0.0,20000.000000000116,20000.000000000233,0.532160758972168,99.4,,0.0,0.0,0.0,0.0,0.0,-0.03949999999999998,0.0,-0.10850000000000004,0.0,0.14799999999999613,0.0,0.039500000000003865,0.039500000000003865,20000.0
1200,T50PQT_20000_30,S2A_MSIL2A_20230611T021541_R003_T50PRT_20230611T094531,500,,0.0,0.0,0.0,0.0,0.0,0.5625,0.0,0.5625,0.0,98.875,0.0,1600,0,0.0,20000.000000000116,20000.000000000233,0.6653997898101807,99.4375,,0.0,0.0,0.0,0.0,0.0,-0.07699999999999996,0.0,-0.16600000000000004,0.0,0.242999999999995,0.0,0.07699999999999818,0.07699999999999996,20000.0
1207,T50PQT_20000_30,S2A_MSIL2A_20230611T021541_R003_T50PRT_20230611T094531,1000,,0.0,0.0,0.0,0.0,0.0,0.0,0.0,0.25,0.0,99.75,0.0,400,0,0.0,20000.000000000116,20000.000000000233,0.5417022705078125,100.0,,0.0,0.0,0.0,0.0,0.0,-0.6395,0.0,-0.47850000000000004,0.0,1.117999999999995,0.0,0.6394999999999982,0.6395,20000.0
1174,T50PQT_20000_30,S2A_MSIL2A_20230621T021541_R003_T50PRT_20230621T083225,20,,0.0,0.0,0.0,0.0,0.0,0.7306,0.0,75.0692,23.7353,0.4649,0.0,1000000,0,0.0,20000.000000000116,20000.000000000233,0.7736978530883789,99.26939999999999,,0.0,0.0,0.0,0.0,0.0,0.0,0.0,0.0,0.0,0.0,0.0,0.0,0.0,20000.0
1181,T50PQT_20000_30,S2A_MSIL2A_20230621T021541_R003_T50PRT_20230621T083225,50,,0.0,0.0,0.0,0.0,0.0,0.74875,0.0,75.060625,23.723125,0.4675,0.0,160000,0,0.0,20000.000000000116,20000.000000000233,0.5034315586090088,99.25125,,0.0,0.0,0.0,0.0,0.0,0.01815,0.0,-0.008574999999993338,-0.012174999999999159,0.0026000000000000467,0.0,-0.01814999999999145,0.01815,20000.0
1188,T50PQT_20000_30,S2A_MSIL2A_20230621T021541_R003_T50PRT_20230621T083225,100,,0.0,0.0,0.0,0.0,0.0,0.7825,0.0,75.0325,23.7375,0.4475,0.0,40000,0,0.0,20000.000000000116,20000.000000000233,0.5006937980651855,99.2175,,0.0,0.0,0.0,0.0,0.0,0.051899999999999946,0.0,-0.03669999999999618,0.002200000000001978,-0.01739999999999997,0.0,-0.05189999999998918,0.051899999999999946,20000.0
1195,T50PQT_20000_30,S2A_MSIL2A_20230621T021541_R003_T50PRT_20230621T083225,200,,0.0,0.0,0.0,0.0,0.0,0.74,0.0,75.15,23.48,0.63,0.0,10000,0,0.0,20000.000000000116,20000.000000000233,0.532160758972168,99.26,,0.0,0.0,0.0,0.0,0.0,0.009399999999999964,0.0,0.08080000000001064,-0.2552999999999983,0.16510000000000002,0.0,-0.009399999999985198,0.009399999999999964,20000.0
1202,T50PQT_20000_30,S2A_MSIL2A_20230621T021541_R003_T50PRT_20230621T083225,500,,0.0,0.0,0.0,0.0,0.0,0.9375,0.0,75.375,23.3125,0.375,0.0,1600,0,0.0,20000.000000000116,20000.000000000233,0.6653997898101807,99.0625,,0.0,0.0,0.0,0.0,0.0,0.20689999999999997,0.0,0.30580000000000496,-0.42279999999999873,-0.08989999999999998,0.0,-0.20689999999999031,0.20689999999999997,20000.0
1209,T50PQT_20000_30,S2A_MSIL2A_20230621T021541_R003_T50PRT_20230621T083225,1000,,0.0,0.0,0.0,0.0,0.0,1.25,0.0,76.5,21.25,1.0,0.0,400,0,0.0,20000.000000000116,20000.000000000233,0.5417022705078125,98.75,,0.0,0.0,0.0,0.0,0.0,0.5194,0.0,1.430800000000005,-2.4852999999999987,0.5351,0.0,-0.5193999999999903,0.5194,20000.0
1176,T50PQT_20000_30,S2A_MSIL2A_20230701T021541_R003_T50PRT_20230701T082446,20,,0.0,0.0,0.0,0.0,0.0,27.0359,0.0,26.0699,0.0107,46.8835,0.0,1000000,0,0.0,20000.000000000116,20000.000000000233,0.7736978530883789,72.9641,,0.0,0.0,0.0,0.0,0.0,0.0,0.0,0.0,0.0,0.0,0.0,0.0,0.0,20000.0
1183,T50PQT_20000_30,S2A_MSIL2A_20230701T021541_R003_T50PRT_20230701T082446,50,,0.0,0.0,0.0,0.0,0.0,26.96375,0.0,26.08,0.009375,46.946875,0.0,160000,0,0.0,20000.000000000116,20000.000000000233,0.5034315586090088,73.03625,,0.0,0.0,0.0,0.0,0.0,-0.0721500000000006,0.0,0.010099999999997777,-0.0013249999999999998,0.06337500000000063,0.0,0.0721499999999935,0.0721500000000006,20000.0
1190,T50PQT_20000_30,S2A_MSIL2A_20230701T021541_R003_T50PRT_20230701T082446,100,,0.0,0.0,0.0,0.0,0.0,26.96,0.0,26.04,0.005,46.995,0.0,40000,0,0.0,20000.000000000116,20000.000000000233,0.5006937980651855,73.03999999999999,,0.0,0.0,0.0,0.0,0.0,-0.07590000000000074,0.0,-0.02990000000000137,-0.005699999999999999,0.11149999999999949,0.0,0.07589999999999009,0.07590000000000074,20000.0
1197,T50PQT_20000_30,S2A_MSIL2A_20230701T021541_R003_T50PRT_20230701T082446,200,,0.0,0.0,0.0,0.0,0.0,26.35,0.0,26.2,0.0,47.45,0.0,10000,0,0.0,20000.000000000116,20000.000000000233,0.532160758972168,73.65,,0.0,0.0,0.0,0.0,0.0,-0.6859000000000002,0.0,0.13009999999999877,-0.0107,0.5665000000000049,0.0,0.6859000000000037,0.6859000000000037,20000.0
1204,T50PQT_20000_30,S2A_MSIL2A_20230701T021541_R003_T50PRT_20230701T082446,500,,0.0,0.0,0.0,0.0,0.0,26.1875,0.0,26.9375,0.0,46.875,0.0,1600,0,0.0,20000.000000000116,20000.000000000233,0.6653997898101807,73.8125,,0.0,0.0,0.0,0.0,0.0,-0.8484000000000016,0.0,0.8675999999999995,-0.0107,-0.008499999999997954,0.0,0.848399999999998,0.8484000000000016,20000.0
1211,T50PQT_20000_30,S2A_MSIL2A_20230701T021541_R003_T50PRT_20230701T082446,1000,,0.0,0.0,0.0,0.0,0.0,23.75,0.0,28.25,0.0,48.0,0.0,400,0,0.0,20000.000000000116,20000.000000000233,0.5417022705078125,76.25,,0.0,0.0,0.0,0.0,0.0,-3.2859000000000016,0.0,2.1800999999999995,-0.0107,1.116500000000002,0.0,3.285899999999998,3.2859000000000016,20000.0
1171,T50PQT_20000_30,S2B_MSIL2A_20230606T021539_R003_T50PRT_20230606T073518,20,,0.0,0.0,0.0,0.0,0.0,88.6106,0.0,0.0003,0.0,11.3891,0.0,1000000,0,0.0,20000.000000000116,20000.000000000233,0.7736978530883789,11.389399999999998,,0.0,0.0,0.0,0.0,0.0,0.0,0.0,0.0,0.0,0.0,0.0,0.0,0.0,20000.0
1178,T50PQT_20000_30,S2B_MSIL2A_20230606T021539_R003_T50PRT_20230606T073518,50,,0.0,0.0,0.0,0.0,0.0,88.591875,0.0,0.000625,0.0,11.4075,0.0,160000,0,0.0,20000.000000000116,20000.000000000233,0.5034315586090088,11.408125,,0.0,0.0,0.0,0.0,0.0,-0.018725000000003433,0.0,0.00032500000000000004,0.0,0.018400000000001526,0.0,0.018725000000001657,0.018725000000003433,20000.0
1185,T50PQT_20000_30,S2B_MSIL2A_20230606T021539_R003_T50PRT_20230606T073518,100,,0.0,0.0,0.0,0.0,0.0,88.62,0.0,0.0,0.0,11.38,0.0,40000,0,0.0,20000.000000000116,20000.000000000233,0.5006937980651855,11.38,,0.0,0.0,0.0,0.0,0.0,0.009399999999999409,0.0,-0.0003,0.0,-0.009099999999998332,0.0,-0.009399999999997632,0.009399999999999409,20000.0
1192,T50PQT_20000_30,S2B_MSIL2A_20230606T021539_R003_T50PRT_20230606T073518,200,,0.0,0.0,0.0,0.0,0.0,89.1,0.0,0.0,0.0,10.9,0.0,10000,0,0.0,20000.000000000116,20000.000000000233,0.532160758972168,10.9,,0.0,0.0,0.0,0.0,0.0,0.4893999999999892,0.0,-0.0003,0.0,-0.48909999999999876,0.0,-0.48939999999999806,0.48939999999999806,20000.0
1199,T50PQT_20000_30,S2B_MSIL2A_20230606T021539_R003_T50PRT_20230606T073518,500,,0.0,0.0,0.0,0.0,0.0,89.0625,0.0,0.0,0.0,10.9375,0.0,1600,0,0.0,20000.000000000116,20000.000000000233,0.6653997898101807,10.9375,,0.0,0.0,0.0,0.0,0.0,0.45189999999999486,0.0,-0.0003,0.0,-0.4515999999999991,0.0,-0.4518999999999984,0.4518999999999984,20000.0
1206,T50PQT_20000_30,S2B_MSIL2A_20230606T021539_R003_T50PRT_20230606T073518,1000,,0.0,0.0,0.0,0.0,0.0,91.5,0.0,0.0,0.0,8.5,0.0,400,0,0.0,20000.000000000116,20000.000000000233,0.5417022705078125,8.5,,0.0,0.0,0.0,0.0,0.0,2.889399999999995,0.0,-0.0003,0.0,-2.889099999999999,0.0,-2.8893999999999984,2.8893999999999984,20000.0
1173,T50PQT_20000_30,S2B_MSIL2A_20230616T021539_R003_T50PRT_20230616T083234,20,,0.0,0.0,0.0,0.0,0.0,0.0,0.0,0.0042,0.0,99.9958,0.0,1000000,0,0.0,20000.000000000116,20000.000000000233,0.7736978530883789,100.0,,0.0,0.0,0.0,0.0,0.0,0.0,0.0,0.0,0.0,0.0,0.0,0.0,0.0,20000.0
1180,T50PQT_20000_30,S2B_MSIL2A_20230616T021539_R003_T50PRT_20230616T083234,50,,0.0,0.0,0.0,0.0,0.0,0.0,0.0,0.004375,0.0,99.995625,0.0,160000,0,0.0,20000.000000000116,20000.000000000233,0.5034315586090088,100.0,,0.0,0.0,0.0,0.0,0.0,0.0,0.0,0.00017500000000000068,0.0,-0.00017499999999870397,0.0,0.0,0.0,20000.0
1187,T50PQT_20000_30,S2B_MSIL2A_20230616T021539_R003_T50PRT_20230616T083234,100,,0.0,0.0,0.0,0.0,0.0,0.0,0.0,0.0075,0.0,99.9925,0.0,40000,0,0.0,20000.000000000116,20000.000000000233,0.5006937980651855,100.0,,0.0,0.0,0.0,0.0,0.0,0.0,0.0,0.0033,0.0,-0.003299999999995862,0.0,0.0,0.0,20000.0
1194,T50PQT_20000_30,S2B_MSIL2A_20230616T021539_R003_T50PRT_20230616T083234,200,,0.0,0.0,0.0,0.0,0.0,0.0,0.0,0.0,0.0,100.0,0.0,10000,0,0.0,20000.000000000116,20000.000000000233,0.532160758972168,100.0,,0.0,0.0,0.0,0.0,0.0,0.0,0.0,-0.0042,0.0,0.004199999999997317,0.0,0.0,0.0,20000.0
1201,T50PQT_20000_30,S2B_MSIL2A_20230616T021539_R003_T50PRT_20230616T083234,500,,0.0,0.0,0.0,0.0,0.0,0.0,0.0,0.0,0.0,100.0,0.0,1600,0,0.0,20000.000000000116,20000.000000000233,0.6653997898101807,100.0,,0.0,0.0,0.0,0.0,0.0,0.0,0.0,-0.0042,0.0,0.004199999999997317,0.0,0.0,0.0,20000.0
1208,T50PQT_20000_30,S2B_MSIL2A_20230616T021539_R003_T50PRT_20230616T083234,1000,,0.0,0.0,0.0,0.0,0.0,0.0,0.0,0.0,0.0,100.0,0.0,400,0,0.0,20000.000000000116,20000.000000000233,0.5417022705078125,100.0,,0.0,0.0,0.0,0.0,0.0,0.0,0.0,-0.0042,0.0,0.004199999999997317,0.0,0.0,0.0,20000.0
1175,T50PQT_20000_30,S2B_MSIL2A_20230626T021539_R003_T50PRT_20230626T080421,20,,0.0,0.0,0.0,0.0,0.0,71.6739,0.0,1.0645,0.0,27.2616,0.0,1000000,0,0.0,20000.000000000116,20000.000000000233,0.7736978530883789,28.3261,,0.0,0.0,0.0,0.0,0.0,0.0,0.0,0.0,0.0,0.0,0.0,0.0,0.0,20000.0
1182,T50PQT_20000_30,S2B_MSIL2A_20230626T021539_R003_T50PRT_20230626T080421,50,,0.0,0.0,0.0,0.0,0.0,71.719375,0.0,1.063125,0.0,27.2175,0.0,160000,0,0.0,20000.000000000116,20000.000000000233,0.5034315586090088,28.280625,,0.0,0.0,0.0,0.0,0.0,0.04547499999999616,0.0,-0.001374999999999904,0.0,-0.04410000000000025,0.0,-0.04547499999999971,0.04547499999999971,20000.0
1189,T50PQT_20000_30,S2B_MSIL2A_20230626T021539_R003_T50PRT_20230626T080421,100,,0.0,0.0,0.0,0.0,0.0,71.6875,0.0,1.0525,0.0,27.26,0.0,40000,0,0.0,20000.000000000116,20000.000000000233,0.5006937980651855,28.3125,,0.0,0.0,0.0,0.0,0.0,0.013599999999996726,0.0,-0.01200000000000001,0.0,-0.0015999999999998238,0.0,-0.013600000000000279,0.013600000000000279,20000.0
1196,T50PQT_20000_30,S2B_MSIL2A_20230626T021539_R003_T50PRT_20230626T080421,200,,0.0,0.0,0.0,0.0,0.0,72.06,0.0,1.01,0.0,26.93,0.0,10000,0,0.0,20000.000000000116,20000.000000000233,0.532160758972168,27.94,,0.0,0.0,0.0,0.0,0.0,0.386099999999999,0.0,-0.05449999999999999,0.0,-0.33160000000000167,0.0,-0.386099999999999,0.386099999999999,20000.0
1203,T50PQT_20000_30,S2B_MSIL2A_20230626T021539_R003_T50PRT_20230626T080421,500,,0.0,0.0,0.0,0.0,0.0,71.9375,0.0,0.9375,0.0,27.125,0.0,1600,0,0.0,20000.000000000116,20000.000000000233,0.6653997898101807,28.0625,,0.0,0.0,0.0,0.0,0.0,0.2635999999999967,0.0,-0.127,0.0,-0.1366000000000014,0.0,-0.2636000000000003,0.2636000000000003,20000.0
1210,T50PQT_20000_30,S2B_MSIL2A_20230626T021539_R003_T50PRT_20230626T080421,1000,,0.0,0.0,0.0,0.0,0.0,74.5,0.0,0.75,0.0,24.75,0.0,400,0,0.0,20000.000000000116,20000.000000000233,0.5417022705078125,25.5,,0.0,0.0,0.0,0.0,0.0,2.8260999999999967,0.0,-0.3145,0.0,-2.5116000000000014,0.0,-2.8261000000000003,2.8261000000000003,20000.0
1212,T50PQT_20000_31,S2A_MSIL2A_20230601T021611_R003_T50PRT_20230601T102331,20,,0.0,0.0,0.0,0.0,0.0,0.0,0.0,90.0189,9.9811,0.0,0.0,1000000,0,0.0,19999.999999999884,20000.000000000233,0.6907057762145996,100.0,,0.0,0.0,0.0,0.0,0.0,0.0,0.0,0.0,0.0,0.0,0.0,0.0,0.0,20000.0
1219,T50PQT_20000_31,S2A_MSIL2A_20230601T021611_R003_T50PRT_20230601T102331,50,,0.0,0.0,0.0,0.0,0.0,0.0,0.0,89.915,10.085,0.0,0.0,160000,0,0.0,19999.999999999884,20000.000000000233,0.5803713798522949,100.0,,0.0,0.0,0.0,0.0,0.0,0.0,0.0,-0.10389999999999588,0.10390000000000121,0.0,0.0,0.0,0.0,20000.0
1226,T50PQT_20000_31,S2A_MSIL2A_20230601T021611_R003_T50PRT_20230601T102331,100,,0.0,0.0,0.0,0.0,0.0,0.0,0.0,89.9225,10.0775,0.0,0.0,40000,0,0.0,19999.999999999884,20000.000000000233,0.5394201278686523,100.0,,0.0,0.0,0.0,0.0,0.0,0.0,0.0,-0.0964000000000027,0.09640000000000093,0.0,0.0,0.0,0.0,20000.0
1233,T50PQT_20000_31,S2A_MSIL2A_20230601T021611_R003_T50PRT_20230601T102331,200,,0.0,0.0,0.0,0.0,0.0,0.0,0.0,89.33,10.67,0.0,0.0,10000,0,0.0,19999.999999999884,20000.000000000233,0.6495223045349121,100.0,,0.0,0.0,0.0,0.0,0.0,0.0,0.0,-0.6889000000000038,0.6889000000000003,0.0,0.0,0.0,0.0,20000.0
1240,T50PQT_20000_31,S2A_MSIL2A_20230601T021611_R003_T50PRT_20230601T102331,500,,0.0,0.0,0.0,0.0,0.0,0.0,0.0,88.6875,11.3125,0.0,0.0,1600,0,0.0,19999.999999999884,20000.000000000233,0.5345823764801025,100.0,,0.0,0.0,0.0,0.0,0.0,0.0,0.0,-1.3314000000000021,1.3314000000000004,0.0,0.0,0.0,0.0,20000.0
1247,T50PQT_20000_31,S2A_MSIL2A_20230601T021611_R003_T50PRT_20230601T102331,1000,,0.0,0.0,0.0,0.0,0.0,0.0,0.0,86.25,13.75,0.0,0.0,400,0,0.0,19999.999999999884,20000.000000000233,0.5483887195587158,100.0,,0.0,0.0,0.0,0.0,0.0,0.0,0.0,-3.768900000000002,3.7689000000000004,0.0,0.0,0.0,0.0,20000.0
1214,T50PQT_20000_31,S2A_MSIL2A_20230611T021541_R003_T50PRT_20230611T094531,20,,0.0,0.0,0.0,0.0,0.0,0.459,0.0,2.1039,0.0,97.4371,0.0,1000000,0,0.0,19999.999999999884,20000.000000000233,0.6907057762145996,99.541,,0.0,0.0,0.0,0.0,0.0,0.0,0.0,0.0,0.0,0.0,0.0,0.0,0.0,20000.0
1221,T50PQT_20000_31,S2A_MSIL2A_20230611T021541_R003_T50PRT_20230611T094531,50,,0.0,0.0,0.0,0.0,0.0,0.4575,0.0,2.08,0.0,97.4625,0.0,160000,0,0.0,19999.999999999884,20000.000000000233,0.5803713798522949,99.5425,,0.0,0.0,0.0,0.0,0.0,-0.0015000000000000013,0.0,-0.02389999999999981,0.0,0.025400000000004752,0.0,0.0015000000000071623,0.0015000000000071623,20000.0
1228,T50PQT_20000_31,S2A_MSIL2A_20230611T021541_R003_T50PRT_20230611T094531,100,,0.0,0.0,0.0,0.0,0.0,0.475,0.0,2.11,0.0,97.415,0.0,40000,0,0.0,19999.999999999884,20000.000000000233,0.5394201278686523,99.525,,0.0,0.0,0.0,0.0,0.0,0.01599999999999996,0.0,0.006099999999999994,0.0,-0.02209999999999468,0.0,-0.015999999999991132,0.01599999999999996,20000.0
1235,T50PQT_20000_31,S2A_MSIL2A_20230611T021541_R003_T50PRT_20230611T094531,200,,0.0,0.0,0.0,0.0,0.0,0.55,0.0,2.0,0.0,97.45,0.0,10000,0,0.0,19999.999999999884,20000.000000000233,0.6495223045349121,99.45,,0.0,0.0,0.0,0.0,0.0,0.09100000000000003,0.0,-0.10389999999999988,0.0,0.01290000000000191,0.0,-0.09099999999999397,0.09100000000000003,20000.0
1242,T50PQT_20000_31,S2A_MSIL2A_20230611T021541_R003_T50PRT_20230611T094531,500,,0.0,0.0,0.0,0.0,0.0,0.6875,0.0,1.875,0.0,97.4375,0.0,1600,0,0.0,19999.999999999884,20000.000000000233,0.5345823764801025,99.3125,,0.0,0.0,0.0,0.0,0.0,0.22849999999999998,0.0,-0.22889999999999988,0.0,0.00039999999999906777,0.0,-0.22849999999999682,0.22849999999999998,20000.0
1249,T50PQT_20000_31,S2A_MSIL2A_20230611T021541_R003_T50PRT_20230611T094531,1000,,0.0,0.0,0.0,0.0,0.0,0.75,0.0,1.5,0.0,97.75,0.0,400,0,0.0,19999.999999999884,20000.000000000233,0.5483887195587158,99.25,,0.0,0.0,0.0,0.0,0.0,0.291,0.0,-0.6038999999999999,0.0,0.31289999999999907,0.0,-0.2909999999999968,0.291,20000.0
1216,T50PQT_20000_31,S2A_MSIL2A_20230621T021541_R003_T50PRT_20230621T083225,20,,0.0,0.0,0.0,0.0,0.0,37.6386,0.0,6.2569,33.318,22.7865,0.0,1000000,0,0.0,19999.999999999884,20000.000000000233,0.6907057762145996,62.3614,,0.0,0.0,0.0,0.0,0.0,0.0,0.0,0.0,0.0,0.0,0.0,0.0,0.0,20000.0
1223,T50PQT_20000_31,S2A_MSIL2A_20230621T021541_R003_T50PRT_20230621T083225,50,,0.0,0.0,0.0,0.0,0.0,37.624375,0.0,6.246875,33.304375,22.824375,0.0,160000,0,0.0,19999.999999999884,20000.000000000233,0.5803713798522949,62.375625,,0.0,0.0,0.0,0.0,0.0,-0.014224999999996157,0.0,-0.010024999999999729,-0.013624999999997556,0.03787499999999966,0.0,0.014224999999996157,0.014224999999996157,20000.0
1230,T50PQT_20000_31,S2A_MSIL2A_20230621T021541_R003_T50PRT_20230621T083225,100,,0.0,0.0,0.0,0.0,0.0,37.635,0.0,6.2275,33.33,22.8075,0.0,40000,0,0.0,19999.999999999884,20000.000000000233,0.5394201278686523,62.364999999999995,,0.0,0.0,0.0,0.0,0.0,-0.0035999999999987153,0.0,-0.02939999999999987,0.012000000000000455,0.021000000000000796,0.0,0.00359999999999161,0.0035999999999987153,20000.0
1237,T50PQT_20000_31,S2A_MSIL2A_20230621T021541_R003_T50PRT_20230621T083225,200,,0.0,0.0,0.0,0.0,0.0,37.31,0.0,6.44,33.54,22.71,0.0,10000,0,0.0,19999.999999999884,20000.000000000233,0.6495223045349121,62.69,,0.0,0.0,0.0,0.0,0.0,-0.32859999999999445,0.0,0.18310000000000048,0.2220000000000013,-0.07649999999999935,0.0,0.32859999999999445,0.32859999999999445,20000.0
1244,T50PQT_20000_31,S2A_MSIL2A_20230621T021541_R003_T50PRT_20230621T083225,500,,0.0,0.0,0.0,0.0,0.0,37.0,0.0,6.6875,33.625,22.6875,0.0,1600,0,0.0,19999.999999999884,20000.000000000233,0.5345823764801025,63.0,,0.0,0.0,0.0,0.0,0.0,-0.6385999999999967,0.0,0.4306000000000001,0.30700000000000216,-0.0990000000000002,0.0,0.6385999999999967,0.6385999999999967,20000.0
1251,T50PQT_20000_31,S2A_MSIL2A_20230621T021541_R003_T50PRT_20230621T083225,1000,,0.0,0.0,0.0,0.0,0.0,36.75,0.0,7.0,34.25,22.0,0.0,400,0,0.0,19999.999999999884,20000.000000000233,0.5483887195587158,63.25,,0.0,0.0,0.0,0.0,0.0,-0.8885999999999967,0.0,0.7431000000000001,0.9320000000000022,-0.7865000000000002,0.0,0.8885999999999967,0.8885999999999967,20000.0
1218,T50PQT_20000_31,S2A_MSIL2A_20230701T021541_R003_T50PRT_20230701T082446,20,,0.0,0.0,0.0,0.0,0.0,46.117,0.0,3.6544,0.2099,50.0187,0.0,1000000,0,0.0,19999.999999999884,20000.000000000233,0.6907057762145996,53.883,,0.0,0.0,0.0,0.0,0.0,0.0,0.0,0.0,0.0,0.0,0.0,0.0,0.0,20000.0
1225,T50PQT_20000_31,S2A_MSIL2A_20230701T021541_R003_T50PRT_20230701T082446,50,,0.0,0.0,0.0,0.0,0.0,46.066875,0.0,3.67875,0.215625,50.03875,0.0,160000,0,0.0,19999.999999999884,20000.000000000233,0.5803713798522949,53.933125000000004,,0.0,0.0,0.0,0.0,0.0,-0.0501249999999942,0.0,0.024350000000000094,0.005725000000000008,0.02004999999999768,0.0,0.05012500000000131,0.05012500000000131,20000.0
1232,T50PQT_20000_31,S2A_MSIL2A_20230701T021541_R003_T50PRT_20230701T082446,100,,0.0,0.0,0.0,0.0,0.0,46.0825,0.0,3.685,0.225,50.0075,0.0,40000,0,0.0,19999.999999999884,20000.000000000233,0.5394201278686523,53.917500000000004,,0.0,0.0,0.0,0.0,0.0,-0.0344999999999942,0.0,0.030600000000000183,0.015100000000000002,-0.01120000000000232,0.0,0.03450000000000131,0.03450000000000131,20000.0
1239,T50PQT_20000_31,S2A_MSIL2A_20230701T021541_R003_T50PRT_20230701T082446,200,,0.0,0.0,0.0,0.0,0.0,45.62,0.0,3.78,0.18,50.42,0.0,10000,0,0.0,19999.999999999884,20000.000000000233,0.6495223045349121,54.38,,0.0,0.0,0.0,0.0,0.0,-0.4969999999999999,0.0,0.12559999999999993,-0.02990000000000001,0.4012999999999991,0.0,0.4969999999999999,0.4969999999999999,20000.0
1246,T50PQT_20000_31,S2A_MSIL2A_20230701T021541_R003_T50PRT_20230701T082446,500,,0.0,0.0,0.0,0.0,0.0,45.3125,0.0,3.8125,0.25,50.625,0.0,1600,0,0.0,19999.999999999884,20000.000000000233,0.5345823764801025,54.6875,,0.0,0.0,0.0,0.0,0.0,-0.8044999999999973,0.0,0.15810000000000013,0.0401,0.6062999999999974,0.0,0.8044999999999973,0.8044999999999973,20000.0
1253,T50PQT_20000_31,S2A_MSIL2A_20230701T021541_R003_T50PRT_20230701T082446,1000,,0.0,0.0,0.0,0.0,0.0,42.75,0.0,4.5,0.0,52.75,0.0,400,0,0.0,19999.999999999884,20000.000000000233,0.5483887195587158,57.25,,0.0,0.0,0.0,0.0,0.0,-3.3669999999999973,0.0,0.8456000000000001,-0.2099,2.7312999999999974,0.0,3.3669999999999973,3.3669999999999973,20000.0
1213,T50PQT_20000_31,S2B_MSIL2A_20230606T021539_R003_T50PRT_20230606T073518,20,,0.0,0.0,0.0,0.0,0.0,30.139,0.0,28.4473,0.2414,41.1723,0.0,1000000,0,0.0,19999.999999999884,20000.000000000233,0.6907057762145996,69.86099999999999,,0.0,0.0,0.0,0.0,0.0,0.0,0.0,0.0,0.0,0.0,0.0,0.0,0.0,20000.0
1220,T50PQT_20000_31,S2B_MSIL2A_20230606T021539_R003_T50PRT_20230606T073518,50,,0.0,0.0,0.0,0.0,0.0,30.058125,0.0,28.49,0.243125,41.20875,0.0,160000,0,0.0,19999.999999999884,20000.000000000233,0.5803713798522949,69.941875,,0.0,0.0,0.0,0.0,0.0,-0.08087499999999892,0.0,0.04269999999999996,0.0017250000000000043,0.03645000000000209,0.0,0.08087500000000603,0.08087500000000603,20000.0
1227,T50PQT_20000_31,S2B_MSIL2A_20230606T021539_R003_T50PRT_20230606T073518,100,,0.0,0.0,0.0,0.0,0.0,29.98,0.0,28.495,0.2425,41.2825,0.0,40000,0,0.0,19999.999999999884,20000.000000000233,0.5394201278686523,70.02,,0.0,0.0,0.0,0.0,0.0,-0.15899999999999892,0.0,0.04770000000000252,0.0010999999999999899,0.11019999999999897,0.0,0.15900000000000603,0.15900000000000603,20000.0
1234,T50PQT_20000_31,S2B_MSIL2A_20230606T021539_R003_T50PRT_20230606T073518,200,,0.0,0.0,0.0,0.0,0.0,29.79,0.0,28.22,0.26,41.73,0.0,10000,0,0.0,19999.999999999884,20000.000000000233,0.6495223045349121,70.21,,0.0,0.0,0.0,0.0,0.0,-0.3490000000000002,0.0,-0.2272999999999996,0.018600000000000005,0.557699999999997,0.0,0.34900000000000375,0.34900000000000375,20000.0
1241,T50PQT_20000_31,S2B_MSIL2A_20230606T021539_R003_T50PRT_20230606T073518,500,,0.0,0.0,0.0,0.0,0.0,29.0,0.0,28.125,0.1875,42.6875,0.0,1600,0,0.0,19999.999999999884,20000.000000000233,0.5345823764801025,71.0,,0.0,0.0,0.0,0.0,0.0,-1.1389999999999993,0.0,-0.3222999999999985,-0.0539,1.5152,0.0,1.13900000000001,1.13900000000001,20000.0
1248,T50PQT_20000_31,S2B_MSIL2A_20230606T021539_R003_T50PRT_20230606T073518,1000,,0.0,0.0,0.0,0.0,0.0,28.0,0.0,27.0,0.0,45.0,0.0,400,0,0.0,19999.999999999884,20000.000000000233,0.5483887195587158,72.0,,0.0,0.0,0.0,0.0,0.0,-2.1389999999999993,0.0,-1.4472999999999985,-0.2414,3.8277,0.0,2.13900000000001,2.13900000000001,20000.0
1215,T50PQT_20000_31,S2B_MSIL2A_20230616T021539_R003_T50PRT_20230616T083234,20,,0.0,0.0,0.0,0.0,0.0,0.0,0.0,0.5092,0.005,99.4858,0.0,1000000,0,0.0,19999.999999999884,20000.000000000233,0.6907057762145996,100.0,,0.0,0.0,0.0,0.0,0.0,0.0,0.0,0.0,0.0,0.0,0.0,0.0,0.0,20000.0
1222,T50PQT_20000_31,S2B_MSIL2A_20230616T021539_R003_T50PRT_20230616T083234,50,,0.0,0.0,0.0,0.0,0.0,0.0,0.0,0.505625,0.004375,99.49,0.0,160000,0,0.0,19999.999999999884,20000.000000000233,0.5803713798522949,100.0,,0.0,0.0,0.0,0.0,0.0,0.0,0.0,-0.003574999999999995,-0.0006249999999999997,0.004199999999997317,0.0,0.0,0.0,20000.0
1229,T50PQT_20000_31,S2B_MSIL2A_20230616T021539_R003_T50PRT_20230616T083234,100,,0.0,0.0,0.0,0.0,0.0,0.0,0.0,0.5125,0.0025,99.485,0.0,40000,0,0.0,19999.999999999884,20000.000000000233,0.5394201278686523,100.0,,0.0,0.0,0.0,0.0,0.0,0.0,0.0,0.0032999999999999696,-0.0025,-0.0007999999999981355,0.0,0.0,0.0,20000.0
1236,T50PQT_20000_31,S2B_MSIL2A_20230616T021539_R003_T50PRT_20230616T083234,200,,0.0,0.0,0.0,0.0,0.0,0.0,0.0,0.5,0.02,99.48,0.0,10000,0,0.0,19999.999999999884,20000.000000000233,0.6495223045349121,100.0,,0.0,0.0,0.0,0.0,0.0,0.0,0.0,-0.009199999999999986,0.015,-0.005799999999993588,0.0,0.0,0.0,20000.0
1243,T50PQT_20000_31,S2B_MSIL2A_20230616T021539_R003_T50PRT_20230616T083234,500,,0.0,0.0,0.0,0.0,0.0,0.0,0.0,0.4375,0.0,99.5625,0.0,1600,0,0.0,19999.999999999884,20000.000000000233,0.5345823764801025,100.0,,0.0,0.0,0.0,0.0,0.0,0.0,0.0,-0.07169999999999999,-0.005,0.07670000000000243,0.0,0.0,0.0,20000.0
1250,T50PQT_20000_31,S2B_MSIL2A_20230616T021539_R003_T50PRT_20230616T083234,1000,,0.0,0.0,0.0,0.0,0.0,0.0,0.0,0.25,0.0,99.75,0.0,400,0,0.0,19999.999999999884,20000.000000000233,0.5483887195587158,100.0,,0.0,0.0,0.0,0.0,0.0,0.0,0.0,-0.2592,-0.005,0.26420000000000243,0.0,0.0,0.0,20000.0
1217,T50PQT_20000_31,S2B_MSIL2A_20230626T021539_R003_T50PRT_20230626T080421,20,,0.0,0.0,0.0,0.0,0.0,6.957,0.0,44.763,0.0,48.28,0.0,1000000,0,0.0,19999.999999999884,20000.000000000233,0.6907057762145996,93.043,,0.0,0.0,0.0,0.0,0.0,0.0,0.0,0.0,0.0,0.0,0.0,0.0,0.0,20000.0
1224,T50PQT_20000_31,S2B_MSIL2A_20230626T021539_R003_T50PRT_20230626T080421,50,,0.0,0.0,0.0,0.0,0.0,6.96875,0.0,44.750625,0.0,48.280625,0.0,160000,0,0.0,19999.999999999884,20000.000000000233,0.5803713798522949,93.03125,,0.0,0.0,0.0,0.0,0.0,0.01175000000000015,0.0,-0.012374999999998693,0.0,0.0006249999999994316,0.0,-0.011750000000006366,0.011750000000006366,20000.0
1231,T50PQT_20000_31,S2B_MSIL2A_20230626T021539_R003_T50PRT_20230626T080421,100,,0.0,0.0,0.0,0.0,0.0,6.9875,0.0,44.7475,0.0,48.265,0.0,40000,0,0.0,19999.999999999884,20000.000000000233,0.5394201278686523,93.0125,,0.0,0.0,0.0,0.0,0.0,0.03049999999999997,0.0,-0.01549999999999585,0.0,-0.015000000000000568,0.0,-0.030500000000003524,0.030500000000003524,20000.0
1238,T50PQT_20000_31,S2B_MSIL2A_20230626T021539_R003_T50PRT_20230626T080421,200,,0.0,0.0,0.0,0.0,0.0,7.36,0.0,44.19,0.0,48.45,0.0,10000,0,0.0,19999.999999999884,20000.000000000233,0.6495223045349121,92.64,,0.0,0.0,0.0,0.0,0.0,0.40300000000000047,0.0,-0.5730000000000004,0.0,0.1700000000000017,0.0,-0.4030000000000058,0.4030000000000058,20000.0
1245,T50PQT_20000_31,S2B_MSIL2A_20230626T021539_R003_T50PRT_20230626T080421,500,,0.0,0.0,0.0,0.0,0.0,7.6875,0.0,43.75,0.0,48.5625,0.0,1600,0,0.0,19999.999999999884,20000.000000000233,0.5345823764801025,92.3125,,0.0,0.0,0.0,0.0,0.0,0.7305000000000001,0.0,-1.0129999999999981,0.0,0.28249999999999886,0.0,-0.7305000000000064,0.7305000000000064,20000.0
1252,T50PQT_20000_31,S2B_MSIL2A_20230626T021539_R003_T50PRT_20230626T080421,1000,,0.0,0.0,0.0,0.0,0.0,10.0,0.0,41.0,0.0,49.0,0.0,400,0,0.0,19999.999999999884,20000.000000000233,0.5483887195587158,90.0,,0.0,0.0,0.0,0.0,0.0,3.043,0.0,-3.762999999999998,0.0,0.7199999999999989,0.0,-3.0430000000000064,3.0430000000000064,20000.0
1254,T50PQT_20000_32,S2A_MSIL2A_20230601T021611_R003_T50PRT_20230601T102331,20,,0.0,0.0,0.0,0.0,0.0,0.0,0.0,91.9951,8.0049,0.0,0.0,1000000,0,0.0,20000.000000000233,19999.999999999767,0.8266849517822266,100.0,,0.0,0.0,0.0,0.0,0.0,0.0,0.0,0.0,0.0,0.0,0.0,0.0,0.0,20000.0
1261,T50PQT_20000_32,S2A_MSIL2A_20230601T021611_R003_T50PRT_20230601T102331,50,,0.0,0.0,0.0,0.0,0.0,0.0,0.0,91.933125,8.066875,0.0,0.0,160000,0,0.0,20000.000000000233,19999.999999999767,0.6036777496337891,100.0,,0.0,0.0,0.0,0.0,0.0,0.0,0.0,-0.06197499999998968,0.061975000000000335,0.0,0.0,0.0,0.0,20000.0
1268,T50PQT_20000_32,S2A_MSIL2A_20230601T021611_R003_T50PRT_20230601T102331,100,,0.0,0.0,0.0,0.0,0.0,0.0,0.0,91.9375,8.0625,0.0,0.0,40000,0,0.0,20000.000000000233,19999.999999999767,0.5684394836425781,100.0,,0.0,0.0,0.0,0.0,0.0,0.0,0.0,-0.057599999999993656,0.05760000000000076,0.0,0.0,0.0,0.0,20000.0
1275,T50PQT_20000_32,S2A_MSIL2A_20230601T021611_R003_T50PRT_20230601T102331,200,,0.0,0.0,0.0,0.0,0.0,0.0,0.0,91.49,8.51,0.0,0.0,10000,0,0.0,20000.000000000233,19999.999999999767,0.5489311218261719,100.0,,0.0,0.0,0.0,0.0,0.0,0.0,0.0,-0.5050999999999988,0.5051000000000005,0.0,0.0,0.0,0.0,20000.0
1282,T50PQT_20000_32,S2A_MSIL2A_20230601T021611_R003_T50PRT_20230601T102331,500,,0.0,0.0,0.0,0.0,0.0,0.0,0.0,90.9375,9.0625,0.0,0.0,1600,0,0.0,20000.000000000233,19999.999999999767,0.5136213302612305,100.0,,0.0,0.0,0.0,0.0,0.0,0.0,0.0,-1.0575999999999937,1.0576000000000008,0.0,0.0,0.0,0.0,20000.0
1289,T50PQT_20000_32,S2A_MSIL2A_20230601T021611_R003_T50PRT_20230601T102331,1000,,0.0,0.0,0.0,0.0,0.0,0.0,0.0,90.0,10.0,0.0,0.0,400,0,0.0,20000.000000000233,19999.999999999767,0.4931821823120117,100.0,,0.0,0.0,0.0,0.0,0.0,0.0,0.0,-1.9950999999999937,1.9951000000000008,0.0,0.0,0.0,0.0,20000.0
1256,T50PQT_20000_32,S2A_MSIL2A_20230611T021541_R003_T50PRT_20230611T094531,20,,0.0,0.0,0.0,0.0,0.0,0.0,0.0,55.3082,0.0041,44.6877,0.0,1000000,0,0.0,20000.000000000233,19999.999999999767,0.8266849517822266,100.0,,0.0,0.0,0.0,0.0,0.0,0.0,0.0,0.0,0.0,0.0,0.0,0.0,0.0,20000.0
1263,T50PQT_20000_32,S2A_MSIL2A_20230611T021541_R003_T50PRT_20230611T094531,50,,0.0,0.0,0.0,0.0,0.0,0.0,0.0,55.23375,0.004375,44.761875,0.0,160000,0,0.0,20000.000000000233,19999.999999999767,0.6036777496337891,100.0,,0.0,0.0,0.0,0.0,0.0,0.0,0.0,-0.0744499999999988,0.00027500000000000007,0.07417500000000388,0.0,0.0,0.0,20000.0
1270,T50PQT_20000_32,S2A_MSIL2A_20230611T021541_R003_T50PRT_20230611T094531,100,,0.0,0.0,0.0,0.0,0.0,0.0,0.0,55.295,0.0075,44.6975,0.0,40000,0,0.0,20000.000000000233,19999.999999999767,0.5684394836425781,100.0,,0.0,0.0,0.0,0.0,0.0,0.0,0.0,-0.013199999999997658,0.0033999999999999994,0.009799999999998477,0.0,0.0,0.0,20000.0
1277,T50PQT_20000_32,S2A_MSIL2A_20230611T021541_R003_T50PRT_20230611T094531,200,,0.0,0.0,0.0,0.0,0.0,0.0,0.0,54.47,0.01,45.52,0.0,10000,0,0.0,20000.000000000233,19999.999999999767,0.5489311218261719,100.0,,0.0,0.0,0.0,0.0,0.0,0.0,0.0,-0.8382000000000005,0.0059,0.8323000000000036,0.0,0.0,0.0,20000.0
1284,T50PQT_20000_32,S2A_MSIL2A_20230611T021541_R003_T50PRT_20230611T094531,500,,0.0,0.0,0.0,0.0,0.0,0.0,0.0,54.0625,0.0,45.9375,0.0,1600,0,0.0,20000.000000000233,19999.999999999767,0.5136213302612305,100.0,,0.0,0.0,0.0,0.0,0.0,0.0,0.0,-1.2456999999999994,-0.0041,1.2498000000000005,0.0,0.0,0.0,20000.0
1291,T50PQT_20000_32,S2A_MSIL2A_20230611T021541_R003_T50PRT_20230611T094531,1000,,0.0,0.0,0.0,0.0,0.0,0.0,0.0,49.75,0.0,50.25,0.0,400,0,0.0,20000.000000000233,19999.999999999767,0.4931821823120117,100.0,,0.0,0.0,0.0,0.0,0.0,0.0,0.0,-5.558199999999999,-0.0041,5.5623000000000005,0.0,0.0,0.0,20000.0
1258,T50PQT_20000_32,S2A_MSIL2A_20230621T021541_R003_T50PRT_20230621T083225,20,,0.0,0.0,0.0,0.0,0.0,25.9626,0.0,6.6971,3.1907,64.1496,0.0,1000000,0,0.0,20000.000000000233,19999.999999999767,0.8266849517822266,74.0374,,0.0,0.0,0.0,0.0,0.0,0.0,0.0,0.0,0.0,0.0,0.0,0.0,0.0,20000.0
1265,T50PQT_20000_32,S2A_MSIL2A_20230621T021541_R003_T50PRT_20230621T083225,50,,0.0,0.0,0.0,0.0,0.0,25.91125,0.0,6.723125,3.196875,64.16875,0.0,160000,0,0.0,20000.000000000233,19999.999999999767,0.6036777496337891,74.08875,,0.0,0.0,0.0,0.0,0.0,-0.05134999999999934,0.0,0.026024999999999743,0.0061749999999998195,0.019149999999996226,0.0,0.05134999999999934,0.05134999999999934,20000.0
1272,T50PQT_20000_32,S2A_MSIL2A_20230621T021541_R003_T50PRT_20230621T083225,100,,0.0,0.0,0.0,0.0,0.0,25.925,0.0,6.7225,3.2,64.1525,0.0,40000,0,0.0,20000.000000000233,19999.999999999767,0.5684394836425781,74.075,,0.0,0.0,0.0,0.0,0.0,-0.037599999999997635,0.0,0.02540000000000031,0.009300000000000086,0.002899999999996794,0.0,0.037599999999997635,0.037599999999997635,20000.0
1279,T50PQT_20000_32,S2A_MSIL2A_20230621T021541_R003_T50PRT_20230621T083225,200,,0.0,0.0,0.0,0.0,0.0,25.82,0.0,6.91,3.22,64.05,0.0,10000,0,0.0,20000.000000000233,19999.999999999767,0.5489311218261719,74.17999999999999,,0.0,0.0,0.0,0.0,0.0,-0.14259999999999806,0.0,0.2129000000000003,0.029300000000000104,-0.09960000000000946,0.0,0.1425999999999874,0.14259999999999806,20000.0
1286,T50PQT_20000_32,S2A_MSIL2A_20230621T021541_R003_T50PRT_20230621T083225,500,,0.0,0.0,0.0,0.0,0.0,25.875,0.0,7.3125,3.125,63.6875,0.0,1600,0,0.0,20000.000000000233,19999.999999999767,0.5136213302612305,74.125,,0.0,0.0,0.0,0.0,0.0,-0.08759999999999835,0.0,0.6154000000000002,-0.06570000000000009,-0.4621000000000066,0.0,0.0875999999999948,0.08759999999999835,20000.0
1293,T50PQT_20000_32,S2A_MSIL2A_20230621T021541_R003_T50PRT_20230621T083225,1000,,0.0,0.0,0.0,0.0,0.0,26.5,0.0,7.25,4.25,62.0,0.0,400,0,0.0,20000.000000000233,19999.999999999767,0.4931821823120117,73.5,,0.0,0.0,0.0,0.0,0.0,0.5374000000000017,0.0,0.5529000000000002,1.0593,-2.1496000000000066,0.0,-0.5374000000000052,0.5374000000000052,20000.0
1260,T50PQT_20000_32,S2A_MSIL2A_20230701T021541_R003_T50PRT_20230701T082446,20,,0.0,0.0,0.0,0.0,0.0,64.2857,0.0,3.1129,0.4495,32.1519,0.0,1000000,0,0.0,20000.000000000233,19999.999999999767,0.8266849517822266,35.714299999999994,,0.0,0.0,0.0,0.0,0.0,0.0,0.0,0.0,0.0,0.0,0.0,0.0,0.0,20000.0
1267,T50PQT_20000_32,S2A_MSIL2A_20230701T021541_R003_T50PRT_20230701T082446,50,,0.0,0.0,0.0,0.0,0.0,64.3475,0.0,3.086875,0.45375,32.111875,0.0,160000,0,0.0,20000.000000000233,19999.999999999767,0.6036777496337891,35.652499999999996,,0.0,0.0,0.0,0.0,0.0,0.06179999999999097,0.0,-0.026024999999999743,0.004249999999999976,-0.04002499999999998,0.0,-0.06179999999999808,0.06179999999999808,20000.0
1274,T50PQT_20000_32,S2A_MSIL2A_20230701T021541_R003_T50PRT_20230701T082446,100,,0.0,0.0,0.0,0.0,0.0,64.275,0.0,3.155,0.455,32.115,0.0,40000,0,0.0,20000.000000000233,19999.999999999767,0.5684394836425781,35.725,,0.0,0.0,0.0,0.0,0.0,-0.010699999999999932,0.0,0.042100000000000026,0.005500000000000005,-0.036899999999995714,0.0,0.010700000000007037,0.010700000000007037,20000.0
1281,T50PQT_20000_32,S2A_MSIL2A_20230701T021541_R003_T50PRT_20230701T082446,200,,0.0,0.0,0.0,0.0,0.0,64.66,0.0,3.12,0.42,31.8,0.0,10000,0,0.0,20000.000000000233,19999.999999999767,0.5489311218261719,35.34,,0.0,0.0,0.0,0.0,0.0,0.374299999999991,0.0,0.007100000000000328,-0.029500000000000026,-0.351899999999997,0.0,-0.374299999999991,0.374299999999991,20000.0
1288,T50PQT_20000_32,S2A_MSIL2A_20230701T021541_R003_T50PRT_20230701T082446,500,,0.0,0.0,0.0,0.0,0.0,64.25,0.0,3.125,0.375,32.25,0.0,1600,0,0.0,20000.000000000233,19999.999999999767,0.5136213302612305,35.75,,0.0,0.0,0.0,0.0,0.0,-0.035700000000005616,0.0,0.012100000000000222,-0.07450000000000001,0.0981000000000023,0.0,0.035700000000005616,0.035700000000005616,20000.0
1295,T50PQT_20000_32,S2A_MSIL2A_20230701T021541_R003_T50PRT_20230701T082446,1000,,0.0,0.0,0.0,0.0,0.0,67.0,0.0,1.5,0.0,31.5,0.0,400,0,0.0,20000.000000000233,19999.999999999767,0.4931821823120117,33.0,,0.0,0.0,0.0,0.0,0.0,2.7142999999999944,0.0,-1.6128999999999998,-0.4495,-0.6518999999999977,0.0,-2.7142999999999944,2.7142999999999944,20000.0
1255,T50PQT_20000_32,S2B_MSIL2A_20230606T021539_R003_T50PRT_20230606T073518,20,,0.0,0.0,0.0,0.0,0.0,12.3902,0.0,40.4302,0.7342,46.4454,0.0,1000000,0,0.0,20000.000000000233,19999.999999999767,0.8266849517822266,87.6098,,0.0,0.0,0.0,0.0,0.0,0.0,0.0,0.0,0.0,0.0,0.0,0.0,0.0,20000.0
1262,T50PQT_20000_32,S2B_MSIL2A_20230606T021539_R003_T50PRT_20230606T073518,50,,0.0,0.0,0.0,0.0,0.0,12.333125,0.0,40.518125,0.72625,46.4225,0.0,160000,0,0.0,20000.000000000233,19999.999999999767,0.6036777496337891,87.666875,,0.0,0.0,0.0,0.0,0.0,-0.05707499999999932,0.0,0.08792499999999848,-0.007950000000000013,-0.02289999999999992,0.0,0.057074999999997544,0.05707499999999932,20000.0
1269,T50PQT_20000_32,S2B_MSIL2A_20230606T021539_R003_T50PRT_20230606T073518,100,,0.0,0.0,0.0,0.0,0.0,12.34,0.0,40.48,0.735,46.445,0.0,40000,0,0.0,20000.000000000233,19999.999999999767,0.5684394836425781,87.66,,0.0,0.0,0.0,0.0,0.0,-0.050200000000000244,0.0,0.049799999999997624,0.0008000000000000229,-0.00039999999999906777,0.0,0.050199999999989586,0.050200000000000244,20000.0
1276,T50PQT_20000_32,S2B_MSIL2A_20230606T021539_R003_T50PRT_20230606T073518,200,,0.0,0.0,0.0,0.0,0.0,11.86,0.0,41.13,0.84,46.17,0.0,10000,0,0.0,20000.000000000233,19999.999999999767,0.5489311218261719,88.14000000000001,,0.0,0.0,0.0,0.0,0.0,-0.5302000000000007,0.0,0.6998000000000033,0.1058,-0.27539999999999765,0.0,0.5302000000000078,0.5302000000000078,20000.0
1283,T50PQT_20000_32,S2B_MSIL2A_20230606T021539_R003_T50PRT_20230606T073518,500,,0.0,0.0,0.0,0.0,0.0,12.125,0.0,41.5625,0.8125,45.5,0.0,1600,0,0.0,20000.000000000233,19999.999999999767,0.5136213302612305,87.875,,0.0,0.0,0.0,0.0,0.0,-0.2652000000000001,0.0,1.1323000000000008,0.07830000000000004,-0.9453999999999994,0.0,0.265199999999993,0.2652000000000001,20000.0
1290,T50PQT_20000_32,S2B_MSIL2A_20230606T021539_R003_T50PRT_20230606T073518,1000,,0.0,0.0,0.0,0.0,0.0,10.25,0.0,47.0,0.75,42.0,0.0,400,0,0.0,20000.000000000233,19999.999999999767,0.4931821823120117,89.75,,0.0,0.0,0.0,0.0,0.0,-2.1402,0.0,6.569800000000001,0.015800000000000036,-4.445399999999999,0.0,2.140199999999993,2.1402,20000.0
1257,T50PQT_20000_32,S2B_MSIL2A_20230616T021539_R003_T50PRT_20230616T083234,20,,0.0,0.0,0.0,0.0,0.0,48.5806,0.0,0.051,0.0185,51.3499,0.0,1000000,0,0.0,20000.000000000233,19999.999999999767,0.8266849517822266,51.419399999999996,,0.0,0.0,0.0,0.0,0.0,0.0,0.0,0.0,0.0,0.0,0.0,0.0,0.0,20000.0
1264,T50PQT_20000_32,S2B_MSIL2A_20230616T021539_R003_T50PRT_20230616T083234,50,,0.0,0.0,0.0,0.0,0.0,48.623125,0.0,0.05375,0.01875,51.304375,0.0,160000,0,0.0,20000.000000000233,19999.999999999767,0.6036777496337891,51.376875,,0.0,0.0,0.0,0.0,0.0,0.04252500000000481,0.0,0.0027500000000000024,0.0002500000000000002,-0.04552499999999782,0.0,-0.042524999999997704,0.04252500000000481,20000.0
1271,T50PQT_20000_32,S2B_MSIL2A_20230616T021539_R003_T50PRT_20230616T083234,100,,0.0,0.0,0.0,0.0,0.0,48.6075,0.0,0.06,0.0175,51.315,0.0,40000,0,0.0,20000.000000000233,19999.999999999767,0.5684394836425781,51.3925,,0.0,0.0,0.0,0.0,0.0,0.02690000000000481,0.0,0.009000000000000001,-0.0009999999999999974,-0.034900000000000375,0.0,-0.026899999999997704,0.02690000000000481,20000.0
1278,T50PQT_20000_32,S2B_MSIL2A_20230616T021539_R003_T50PRT_20230616T083234,200,,0.0,0.0,0.0,0.0,0.0,48.46,0.0,0.06,0.02,51.46,0.0,10000,0,0.0,20000.000000000233,19999.999999999767,0.5489311218261719,51.54,,0.0,0.0,0.0,0.0,0.0,-0.12059999999999604,0.0,0.009000000000000001,0.0015000000000000013,0.11010000000000275,0.0,0.12060000000000315,0.12060000000000315,20000.0
1285,T50PQT_20000_32,S2B_MSIL2A_20230616T021539_R003_T50PRT_20230616T083234,500,,0.0,0.0,0.0,0.0,0.0,48.375,0.0,0.0625,0.0,51.5625,0.0,1600,0,0.0,20000.000000000233,19999.999999999767,0.5136213302612305,51.625,,0.0,0.0,0.0,0.0,0.0,-0.2055999999999969,0.0,0.011500000000000003,-0.0185,0.2126000000000019,0.0,0.205600000000004,0.205600000000004,20000.0
1292,T50PQT_20000_32,S2B_MSIL2A_20230616T021539_R003_T50PRT_20230616T083234,1000,,0.0,0.0,0.0,0.0,0.0,47.0,0.0,0.25,0.0,52.75,0.0,400,0,0.0,20000.000000000233,19999.999999999767,0.4931821823120117,53.0,,0.0,0.0,0.0,0.0,0.0,-1.580599999999997,0.0,0.199,-0.0185,1.400100000000002,0.0,1.580600000000004,1.580600000000004,20000.0
1259,T50PQT_20000_32,S2B_MSIL2A_20230626T021539_R003_T50PRT_20230626T080421,20,,0.0,0.0,0.0,0.0,0.0,0.3884,0.0,73.147,13.2108,13.2538,0.0,1000000,0,0.0,20000.000000000233,19999.999999999767,0.8266849517822266,99.61160000000001,,0.0,0.0,0.0,0.0,0.0,0.0,0.0,0.0,0.0,0.0,0.0,0.0,0.0,20000.0
1266,T50PQT_20000_32,S2B_MSIL2A_20230626T021539_R003_T50PRT_20230626T080421,50,,0.0,0.0,0.0,0.0,0.0,0.38,0.0,73.168125,13.249375,13.2025,0.0,160000,0,0.0,20000.000000000233,19999.999999999767,0.6036777496337891,99.62,,0.0,0.0,0.0,0.0,0.0,-0.008400000000000019,0.0,0.02112499999999784,0.038574999999999804,-0.05129999999999946,0.0,0.008399999999994634,0.008400000000000019,20000.0
1273,T50PQT_20000_32,S2B_MSIL2A_20230626T021539_R003_T50PRT_20230626T080421,100,,0.0,0.0,0.0,0.0,0.0,0.3825,0.0,73.1125,13.305,13.2,0.0,40000,0,0.0,20000.000000000233,19999.999999999767,0.5684394836425781,99.61749999999999,,0.0,0.0,0.0,0.0,0.0,-0.005900000000000016,0.0,-0.03450000000000841,0.09419999999999895,-0.053800000000000736,0.0,0.005899999999982697,0.005900000000000016,20000.0
1280,T50PQT_20000_32,S2B_MSIL2A_20230626T021539_R003_T50PRT_20230626T080421,200,,0.0,0.0,0.0,0.0,0.0,0.38,0.0,73.44,13.39,12.79,0.0,10000,0,0.0,20000.000000000233,19999.999999999767,0.5489311218261719,99.62,,0.0,0.0,0.0,0.0,0.0,-0.008400000000000019,0.0,0.29299999999999216,0.1791999999999998,-0.4638000000000009,0.0,0.008399999999994634,0.008400000000000019,20000.0
1287,T50PQT_20000_32,S2B_MSIL2A_20230626T021539_R003_T50PRT_20230626T080421,500,,0.0,0.0,0.0,0.0,0.0,0.3125,0.0,73.4375,13.3125,12.9375,0.0,1600,0,0.0,20000.000000000233,19999.999999999767,0.5136213302612305,99.6875,,0.0,0.0,0.0,0.0,0.0,-0.07590000000000002,0.0,0.29049999999999443,0.10169999999999924,-0.3163,0.0,0.07589999999999009,0.07590000000000002,20000.0
1294,T50PQT_20000_32,S2B_MSIL2A_20230626T021539_R003_T50PRT_20230626T080421,1000,,0.0,0.0,0.0,0.0,0.0,0.25,0.0,72.0,16.75,11.0,0.0,400,0,0.0,20000.000000000233,19999.999999999767,0.4931821823120117,99.75,,0.0,0.0,0.0,0.0,0.0,-0.13840000000000002,0.0,-1.1470000000000056,3.5391999999999992,-2.2538,0.0,0.1383999999999901,0.13840000000000002,20000.0
1296,T50PQT_20000_33,S2A_MSIL2A_20230601T021611_R003_T50PRT_20230601T102331,20,,0.0,0.0,0.0,0.0,0.0,0.0,0.0,98.8494,1.1506,0.0,0.0,1000000,0,0.0,20000.000000001048,20000.0,0.7077369689941406,100.0,,0.0,0.0,0.0,0.0,0.0,0.0,0.0,0.0,0.0,0.0,0.0,0.0,0.0,20000.0
1303,T50PQT_20000_33,S2A_MSIL2A_20230601T021611_R003_T50PRT_20230601T102331,50,,0.0,0.0,0.0,0.0,0.0,0.0,0.0,98.84375,1.15625,0.0,0.0,160000,0,0.0,20000.000000001048,20000.0,0.5369019508361816,100.0,,0.0,0.0,0.0,0.0,0.0,0.0,0.0,-0.005650000000002819,0.005649999999999933,0.0,0.0,0.0,0.0,20000.0
1310,T50PQT_20000_33,S2A_MSIL2A_20230601T021611_R003_T50PRT_20230601T102331,100,,0.0,0.0,0.0,0.0,0.0,0.0,0.0,98.8525,1.1475,0.0,0.0,40000,0,0.0,20000.000000001048,20000.0,0.5295240879058838,100.0,,0.0,0.0,0.0,0.0,0.0,0.0,0.0,0.0031000000000034333,-0.0031000000000001027,0.0,0.0,0.0,0.0,20000.0
1317,T50PQT_20000_33,S2A_MSIL2A_20230601T021611_R003_T50PRT_20230601T102331,200,,0.0,0.0,0.0,0.0,0.0,0.0,0.0,98.75,1.25,0.0,0.0,10000,0,0.0,20000.000000001048,20000.0,0.489210844039917,100.0,,0.0,0.0,0.0,0.0,0.0,0.0,0.0,-0.09940000000000282,0.09939999999999993,0.0,0.0,0.0,0.0,20000.0
1324,T50PQT_20000_33,S2A_MSIL2A_20230601T021611_R003_T50PRT_20230601T102331,500,,0.0,0.0,0.0,0.0,0.0,0.0,0.0,99.0625,0.9375,0.0,0.0,1600,0,0.0,20000.000000001048,20000.0,0.5105845928192139,100.0,,0.0,0.0,0.0,0.0,0.0,0.0,0.0,0.21309999999999718,-0.21310000000000007,0.0,0.0,0.0,0.0,20000.0
1331,T50PQT_20000_33,S2A_MSIL2A_20230601T021611_R003_T50PRT_20230601T102331,1000,,0.0,0.0,0.0,0.0,0.0,0.0,0.0,99.25,0.75,0.0,0.0,400,0,0.0,20000.000000001048,20000.0,0.5535809993743896,100.0,,0.0,0.0,0.0,0.0,0.0,0.0,0.0,0.4005999999999972,-0.40060000000000007,0.0,0.0,0.0,0.0,20000.0
1298,T50PQT_20000_33,S2A_MSIL2A_20230611T021541_R003_T50PRT_20230611T094531,20,,0.0,0.0,0.0,0.0,0.0,0.0,0.0,70.838,4.0792,25.0828,0.0,1000000,0,0.0,20000.000000001048,20000.0,0.7077369689941406,100.0,,0.0,0.0,0.0,0.0,0.0,0.0,0.0,0.0,0.0,0.0,0.0,0.0,0.0,20000.0
1305,T50PQT_20000_33,S2A_MSIL2A_20230611T021541_R003_T50PRT_20230611T094531,50,,0.0,0.0,0.0,0.0,0.0,0.0,0.0,70.818125,4.085625,25.09625,0.0,160000,0,0.0,20000.000000001048,20000.0,0.5369019508361816,100.0,,0.0,0.0,0.0,0.0,0.0,0.0,0.0,-0.019874999999998977,0.006425000000000125,0.013450000000002404,0.0,0.0,0.0,20000.0
1312,T50PQT_20000_33,S2A_MSIL2A_20230611T021541_R003_T50PRT_20230611T094531,100,,0.0,0.0,0.0,0.0,0.0,0.0,0.0,70.94,4.02,25.04,0.0,40000,0,0.0,20000.000000001048,20000.0,0.5295240879058838,100.0,,0.0,0.0,0.0,0.0,0.0,0.0,0.0,0.10200000000000387,-0.059200000000000585,-0.04279999999999973,0.0,0.0,0.0,20000.0
1319,T50PQT_20000_33,S2A_MSIL2A_20230611T021541_R003_T50PRT_20230611T094531,200,,0.0,0.0,0.0,0.0,0.0,0.0,0.0,70.49,4.03,25.48,0.0,10000,0,0.0,20000.000000001048,20000.0,0.489210844039917,100.0,,0.0,0.0,0.0,0.0,0.0,0.0,0.0,-0.347999999999999,-0.04919999999999991,0.39720000000000155,0.0,0.0,0.0,20000.0
1326,T50PQT_20000_33,S2A_MSIL2A_20230611T021541_R003_T50PRT_20230611T094531,500,,0.0,0.0,0.0,0.0,0.0,0.0,0.0,71.1875,3.625,25.1875,0.0,1600,0,0.0,20000.000000001048,20000.0,0.5105845928192139,100.0,,0.0,0.0,0.0,0.0,0.0,0.0,0.0,0.34950000000000614,-0.45420000000000016,0.10470000000000113,0.0,0.0,0.0,20000.0
1333,T50PQT_20000_33,S2A_MSIL2A_20230611T021541_R003_T50PRT_20230611T094531,1000,,0.0,0.0,0.0,0.0,0.0,0.0,0.0,69.75,4.0,26.25,0.0,400,0,0.0,20000.000000001048,20000.0,0.5535809993743896,100.0,,0.0,0.0,0.0,0.0,0.0,0.0,0.0,-1.0879999999999939,-0.07920000000000016,1.1672000000000011,0.0,0.0,0.0,20000.0
1300,T50PQT_20000_33,S2A_MSIL2A_20230621T021541_R003_T50PRT_20230621T083225,20,,0.0,0.0,0.0007,0.0,0.0,0.0,0.0,46.8353,17.4794,35.6846,0.0,1000000,0,0.0,20000.000000001048,20000.0,0.7077369689941406,99.99929999999999,,0.0,0.0,0.0,0.0,0.0,0.0,0.0,0.0,0.0,0.0,0.0,0.0,0.0,20000.0
1307,T50PQT_20000_33,S2A_MSIL2A_20230621T021541_R003_T50PRT_20230621T083225,50,,0.0,0.0,0.0,0.0,0.0,0.0,0.0,46.84125,17.42875,35.73,0.0,160000,0,0.0,20000.000000001048,20000.0,0.5369019508361816,100.0,,0.0,0.0,-0.0007,0.0,0.0,0.0,0.0,0.005950000000005673,-0.05064999999999742,0.04539999999999367,0.0,0.0007000000000090267,0.0007000000000090267,20000.0
1314,T50PQT_20000_33,S2A_MSIL2A_20230621T021541_R003_T50PRT_20230621T083225,100,,0.0,0.0,0.0,0.0,0.0,0.0,0.0,46.8425,17.445,35.7125,0.0,40000,0,0.0,20000.000000001048,20000.0,0.5295240879058838,100.0,,0.0,0.0,-0.0007,0.0,0.0,0.0,0.0,0.007200000000004536,-0.03439999999999799,0.027899999999995373,0.0,0.0007000000000090267,0.0007000000000090267,20000.0
1321,T50PQT_20000_33,S2A_MSIL2A_20230621T021541_R003_T50PRT_20230621T083225,200,,0.0,0.0,0.0,0.0,0.0,0.0,0.0,46.2,17.31,36.49,0.0,10000,0,0.0,20000.000000001048,20000.0,0.489210844039917,100.0,,0.0,0.0,-0.0007,0.0,0.0,0.0,0.0,-0.6352999999999938,-0.16939999999999955,0.8053999999999988,0.0,0.0007000000000090267,0.0007000000000090267,20000.0
1328,T50PQT_20000_33,S2A_MSIL2A_20230621T021541_R003_T50PRT_20230621T083225,500,,0.0,0.0,0.0,0.0,0.0,0.0,0.0,45.125,17.5625,37.3125,0.0,1600,0,0.0,20000.000000001048,20000.0,0.5105845928192139,100.0,,0.0,0.0,-0.0007,0.0,0.0,0.0,0.0,-1.7102999999999966,0.08310000000000173,1.6278999999999968,0.0,0.0007000000000090267,0.0007000000000090267,20000.0
1335,T50PQT_20000_33,S2A_MSIL2A_20230621T021541_R003_T50PRT_20230621T083225,1000,,0.0,0.0,0.0,0.0,0.0,0.0,0.0,44.25,15.75,40.0,0.0,400,0,0.0,20000.000000001048,20000.0,0.5535809993743896,100.0,,0.0,0.0,-0.0007,0.0,0.0,0.0,0.0,-2.5852999999999966,-1.7293999999999983,4.315399999999997,0.0,0.0007000000000090267,0.0007000000000090267,20000.0
1302,T50PQT_20000_33,S2A_MSIL2A_20230701T021541_R003_T50PRT_20230701T082446,20,,0.0,0.0369,3.7741,6.4612,0.1717,55.989,0.0843,3.5276,4.3209,25.6343,0.0,1000000,0,0.0,20000.000000001048,20000.0,0.7077369689941406,33.4828,,0.0,0.0,0.0,0.0,0.0,0.0,0.0,0.0,0.0,0.0,0.0,0.0,0.0,20000.0
1309,T50PQT_20000_33,S2A_MSIL2A_20230701T021541_R003_T50PRT_20230701T082446,50,,0.0,0.038125,3.761875,6.455,0.16875,56.065625,0.08,3.5525,4.308125,25.57,0.0,160000,0,0.0,20000.000000001048,20000.0,0.5369019508361816,33.430625,,0.0,0.001224999999999997,-0.01222499999999993,-0.006199999999999761,-0.0029499999999999804,0.07662499999999994,-0.004299999999999998,0.024900000000000144,-0.012774999999999537,-0.06429999999999936,0.0,-0.052174999999998306,0.07662499999999994,20000.0
1316,T50PQT_20000_33,S2A_MSIL2A_20230701T021541_R003_T50PRT_20230701T082446,100,,0.0,0.035,3.725,6.475,0.1625,56.05,0.0875,3.56,4.345,25.56,0.0,40000,0,0.0,20000.000000001048,20000.0,0.5295240879058838,33.464999999999996,,0.0,-0.001899999999999999,-0.0490999999999997,0.013799999999999812,-0.009199999999999986,0.06099999999999994,0.0031999999999999945,0.032399999999999984,0.024099999999999788,-0.07430000000000092,0.0,-0.017800000000001148,0.06099999999999994,20000.0
1323,T50PQT_20000_33,S2A_MSIL2A_20230701T021541_R003_T50PRT_20230701T082446,200,,0.0,0.05,3.66,6.4,0.19,56.69,0.11,3.65,4.2,25.05,0.0,10000,0,0.0,20000.000000001048,20000.0,0.489210844039917,32.9,,0.0,0.0131,-0.11409999999999965,-0.06119999999999948,0.01830000000000001,0.7010000000000005,0.0257,0.12239999999999984,-0.12089999999999979,-0.5842999999999989,0.0,-0.5827999999999989,0.7010000000000005,20000.0
1330,T50PQT_20000_33,S2A_MSIL2A_20230701T021541_R003_T50PRT_20230701T082446,500,,0.0,0.0625,3.5625,6.375,0.0625,56.875,0.0625,3.4375,4.125,25.4375,0.0,1600,0,0.0,20000.000000001048,20000.0,0.5105845928192139,33.0,,0.0,0.025599999999999998,-0.2115999999999998,-0.08619999999999983,-0.10919999999999999,0.8860000000000028,-0.0218,-0.09010000000000007,-0.19589999999999996,-0.19679999999999964,0.0,-0.48279999999999745,0.8860000000000028,20000.0
1337,T50PQT_20000_33,S2A_MSIL2A_20230701T021541_R003_T50PRT_20230701T082446,1000,,0.0,0.0,3.75,5.5,0.25,58.5,0.0,3.75,3.25,25.0,0.0,400,0,0.0,20000.000000001048,20000.0,0.5535809993743896,32.0,,0.0,-0.0369,-0.024099999999999788,-0.9611999999999998,0.07830000000000001,2.511000000000003,-0.0843,0.22239999999999993,-1.0709,-0.6342999999999996,0.0,-1.4827999999999975,2.511000000000003,20000.0
1297,T50PQT_20000_33,S2B_MSIL2A_20230606T021539_R003_T50PRT_20230606T073518,20,,0.0,0.0,0.1271,0.0,0.0003,10.2408,0.0,45.8345,12.1824,31.6149,0.0,1000000,0,0.0,20000.000000001048,20000.0,0.7077369689941406,89.6318,,0.0,0.0,0.0,0.0,0.0,0.0,0.0,0.0,0.0,0.0,0.0,0.0,0.0,20000.0
1304,T50PQT_20000_33,S2B_MSIL2A_20230606T021539_R003_T50PRT_20230606T073518,50,,0.0,0.0,0.12375,0.0,0.000625,10.250625,0.0,45.8475,12.1775,31.6,0.0,160000,0,0.0,20000.000000001048,20000.0,0.5369019508361816,89.625,,0.0,0.0,-0.003349999999999992,0.0,0.00032500000000000004,0.009824999999999307,0.0,0.012999999999998124,-0.004899999999999238,-0.014899999999997249,0.0,-0.006799999999998363,0.009824999999999307,20000.0
1311,T50PQT_20000_33,S2B_MSIL2A_20230606T021539_R003_T50PRT_20230606T073518,100,,0.0,0.0,0.135,0.0,0.0,10.2375,0.0,45.89,12.15,31.5875,0.0,40000,0,0.0,20000.000000001048,20000.0,0.5295240879058838,89.6275,,0.0,0.0,0.007900000000000018,0.0,-0.0003,-0.0032999999999994145,0.0,0.0555000000000021,-0.032399999999999096,-0.02740000000000009,0.0,-0.004300000000000637,0.007900000000000018,20000.0
1318,T50PQT_20000_33,S2B_MSIL2A_20230606T021539_R003_T50PRT_20230606T073518,200,,0.0,0.0,0.09,0.0,0.0,10.42,0.0,45.97,11.86,31.66,0.0,10000,0,0.0,20000.000000001048,20000.0,0.489210844039917,89.49,,0.0,0.0,-0.037099999999999994,0.0,-0.0003,0.1791999999999998,0.0,0.1355000000000004,-0.3224,0.04510000000000147,0.0,-0.14180000000000348,0.1791999999999998,20000.0
1325,T50PQT_20000_33,S2B_MSIL2A_20230606T021539_R003_T50PRT_20230606T073518,500,,0.0,0.0,0.125,0.0,0.0,10.625,0.0,46.0625,12.0,31.1875,0.0,1600,0,0.0,20000.000000001048,20000.0,0.5105845928192139,89.25,,0.0,0.0,-0.0020999999999999908,0.0,-0.0003,0.3841999999999999,0.0,0.22800000000000153,-0.18239999999999945,-0.42739999999999867,0.0,-0.38179999999999836,0.3841999999999999,20000.0
1332,T50PQT_20000_33,S2B_MSIL2A_20230606T021539_R003_T50PRT_20230606T073518,1000,,0.0,0.0,0.0,0.0,0.0,10.5,0.0,48.0,9.0,32.5,0.0,400,0,0.0,20000.000000001048,20000.0,0.5535809993743896,89.5,,0.0,0.0,-0.1271,0.0,-0.0003,0.2591999999999999,0.0,2.1655000000000015,-3.1823999999999995,0.8851000000000013,0.0,-0.13179999999999836,0.2591999999999999,20000.0
1299,T50PQT_20000_33,S2B_MSIL2A_20230616T021539_R003_T50PRT_20230616T083234,20,,0.0,0.0111,3.1947,0.8026,0.0561,45.6453,0.1711,8.1014,14.0101,28.0076,0.0,1000000,0,0.0,20000.000000001048,20000.0,0.7077369689941406,50.1191,,0.0,0.0,0.0,0.0,0.0,0.0,0.0,0.0,0.0,0.0,0.0,0.0,0.0,20000.0
1306,T50PQT_20000_33,S2B_MSIL2A_20230616T021539_R003_T50PRT_20230616T083234,50,,0.0,0.01,3.18,0.818125,0.05625,45.689375,0.163125,8.11875,13.978125,27.98625,0.0,160000,0,0.0,20000.000000001048,20000.0,0.5369019508361816,50.083124999999995,,0.0,-0.0011000000000000003,-0.014699999999999935,0.015525000000000011,0.0001500000000000043,0.04407499999999942,-0.00797500000000001,0.01735000000000042,-0.0319749999999992,-0.021350000000001756,0.0,-0.03597500000000764,0.04407499999999942,20000.0
1313,T50PQT_20000_33,S2B_MSIL2A_20230616T021539_R003_T50PRT_20230616T083234,100,,0.0,0.01,3.2,0.805,0.045,45.66,0.175,8.17,13.965,27.97,0.0,40000,0,0.0,20000.000000001048,20000.0,0.5295240879058838,50.105,,0.0,-0.0011000000000000003,0.005300000000000082,0.0024000000000000687,-0.011099999999999999,0.014699999999997715,0.003899999999999987,0.0686,-0.045099999999999696,-0.03760000000000119,0.0,-0.014100000000006219,0.014699999999997715,20000.0
1320,T50PQT_20000_33,S2B_MSIL2A_20230616T021539_R003_T50PRT_20230616T083234,200,,0.0,0.04,3.08,0.76,0.07,46.09,0.16,7.99,13.55,28.26,0.0,10000,0,0.0,20000.000000001048,20000.0,0.489210844039917,49.8,,0.0,0.028900000000000002,-0.11470000000000002,-0.04259999999999997,0.01390000000000001,0.44470000000000454,-0.011099999999999999,-0.11139999999999972,-0.46009999999999884,0.2524000000000015,0.0,-0.31910000000000593,0.44470000000000454,20000.0
1327,T50PQT_20000_33,S2B_MSIL2A_20230616T021539_R003_T50PRT_20230616T083234,500,,0.0,0.0625,3.125,0.8125,0.0,46.6875,0.1875,8.5625,12.8125,27.75,0.0,1600,0,0.0,20000.000000001048,20000.0,0.5105845928192139,49.125,,0.0,0.0514,-0.0697000000000001,0.00990000000000002,-0.0561,1.0422000000000011,0.016399999999999998,0.46110000000000007,-1.1975999999999996,-0.25760000000000005,0.0,-0.9941000000000031,1.0422000000000011,20000.0
1334,T50PQT_20000_33,S2B_MSIL2A_20230616T021539_R003_T50PRT_20230616T083234,1000,,0.0,0.25,3.25,0.75,0.0,47.25,0.0,6.75,12.25,29.5,0.0,400,0,0.0,20000.000000001048,20000.0,0.5535809993743896,48.5,,0.0,0.2389,0.055299999999999905,-0.05259999999999998,-0.0561,1.6047000000000011,-0.1711,-1.3514,-1.7600999999999996,1.4924,0.0,-1.619100000000003,1.619100000000003,20000.0
1301,T50PQT_20000_33,S2B_MSIL2A_20230626T021539_R003_T50PRT_20230626T080421,20,,0.0,0.0,0.0,0.0,0.0,0.0,0.0,62.5335,27.8617,9.6048,0.0,1000000,0,0.0,20000.000000001048,20000.0,0.7077369689941406,99.99999999999999,,0.0,0.0,0.0,0.0,0.0,0.0,0.0,0.0,0.0,0.0,0.0,0.0,0.0,20000.0
1308,T50PQT_20000_33,S2B_MSIL2A_20230626T021539_R003_T50PRT_20230626T080421,50,,0.0,0.0,0.0,0.0,0.0,0.0,0.0,62.583125,27.840625,9.57625,0.0,160000,0,0.0,20000.000000001048,20000.0,0.5369019508361816,100.0,,0.0,0.0,0.0,0.0,0.0,0.0,0.0,0.049625000000006025,-0.021074999999999733,-0.028549999999999187,0.0,1.4210854715202004e-14,1.4210854715202004e-14,20000.0
1315,T50PQT_20000_33,S2B_MSIL2A_20230626T021539_R003_T50PRT_20230626T080421,100,,0.0,0.0,0.0,0.0,0.0,0.0,0.0,62.625,27.82,9.555,0.0,40000,0,0.0,20000.000000001048,20000.0,0.5295240879058838,100.0,,0.0,0.0,0.0,0.0,0.0,0.0,0.0,0.09150000000000347,-0.04169999999999874,-0.0497999999999994,0.0,1.4210854715202004e-14,1.4210854715202004e-14,20000.0
1322,T50PQT_20000_33,S2B_MSIL2A_20230626T021539_R003_T50PRT_20230626T080421,200,,0.0,0.0,0.0,0.0,0.0,0.0,0.0,62.9,27.78,9.32,0.0,10000,0,0.0,20000.000000001048,20000.0,0.489210844039917,100.0,,0.0,0.0,0.0,0.0,0.0,0.0,0.0,0.36650000000000205,-0.08169999999999789,-0.28479999999999883,0.0,1.4210854715202004e-14,1.4210854715202004e-14,20000.0
1329,T50PQT_20000_33,S2B_MSIL2A_20230626T021539_R003_T50PRT_20230626T080421,500,,0.0,0.0,0.0,0.0,0.0,0.0,0.0,63.125,27.875,9.0,0.0,1600,0,0.0,20000.000000001048,20000.0,0.5105845928192139,100.0,,0.0,0.0,0.0,0.0,0.0,0.0,0.0,0.5915000000000035,0.013300000000000978,-0.6047999999999991,0.0,1.4210854715202004e-14,1.4210854715202004e-14,20000.0
1336,T50PQT_20000_33,S2B_MSIL2A_20230626T021539_R003_T50PRT_20230626T080421,1000,,0.0,0.0,0.0,0.0,0.0,0.0,0.0,63.25,27.5,9.25,0.0,400,0,0.0,20000.000000001048,20000.0,0.5535809993743896,100.0,,0.0,0.0,0.0,0.0,0.0,0.0,0.0,0.7165000000000035,-0.361699999999999,-0.3547999999999991,0.0,1.4210854715202004e-14,1.4210854715202004e-14,20000.0
1338,T50PQT_20000_34,S2A_MSIL2A_20230601T021611_R003_T50PRT_20230601T102331,20,,0.0,0.0,0.0,0.0,0.0,0.0,0.0,100.0,0.0,0.0,0.0,1000000,0,0.0,20000.000000001746,20000.000000000233,0.6916801929473877,100.0,,0.0,0.0,0.0,0.0,0.0,0.0,0.0,0.0,0.0,0.0,0.0,0.0,0.0,20000.0
1345,T50PQT_20000_34,S2A_MSIL2A_20230601T021611_R003_T50PRT_20230601T102331,50,,0.0,0.0,0.0,0.0,0.0,0.0,0.0,100.0,0.0,0.0,0.0,160000,0,0.0,20000.000000001746,20000.000000000233,0.60935378074646,100.0,,0.0,0.0,0.0,0.0,0.0,0.0,0.0,0.0,0.0,0.0,0.0,0.0,0.0,20000.0
1352,T50PQT_20000_34,S2A_MSIL2A_20230601T021611_R003_T50PRT_20230601T102331,100,,0.0,0.0,0.0,0.0,0.0,0.0,0.0,100.0,0.0,0.0,0.0,40000,0,0.0,20000.000000001746,20000.000000000233,0.5060062408447266,100.0,,0.0,0.0,0.0,0.0,0.0,0.0,0.0,0.0,0.0,0.0,0.0,0.0,0.0,20000.0
1359,T50PQT_20000_34,S2A_MSIL2A_20230601T021611_R003_T50PRT_20230601T102331,200,,0.0,0.0,0.0,0.0,0.0,0.0,0.0,100.0,0.0,0.0,0.0,10000,0,0.0,20000.000000001746,20000.000000000233,0.5588979721069336,100.0,,0.0,0.0,0.0,0.0,0.0,0.0,0.0,0.0,0.0,0.0,0.0,0.0,0.0,20000.0
1366,T50PQT_20000_34,S2A_MSIL2A_20230601T021611_R003_T50PRT_20230601T102331,500,,0.0,0.0,0.0,0.0,0.0,0.0,0.0,100.0,0.0,0.0,0.0,1600,0,0.0,20000.000000001746,20000.000000000233,0.5279097557067871,100.0,,0.0,0.0,0.0,0.0,0.0,0.0,0.0,0.0,0.0,0.0,0.0,0.0,0.0,20000.0
1373,T50PQT_20000_34,S2A_MSIL2A_20230601T021611_R003_T50PRT_20230601T102331,1000,,0.0,0.0,0.0,0.0,0.0,0.0,0.0,100.0,0.0,0.0,0.0,400,0,0.0,20000.000000001746,20000.000000000233,0.5635993480682373,100.0,,0.0,0.0,0.0,0.0,0.0,0.0,0.0,0.0,0.0,0.0,0.0,0.0,0.0,20000.0
1340,T50PQT_20000_34,S2A_MSIL2A_20230611T021541_R003_T50PRT_20230611T094531,20,,0.0,0.0,0.0,0.0,0.0,0.0,0.0,82.1384,16.5889,1.2727,0.0,1000000,0,0.0,20000.000000001746,20000.000000000233,0.6916801929473877,100.0,,0.0,0.0,0.0,0.0,0.0,0.0,0.0,0.0,0.0,0.0,0.0,0.0,0.0,20000.0
1347,T50PQT_20000_34,S2A_MSIL2A_20230611T021541_R003_T50PRT_20230611T094531,50,,0.0,0.0,0.0,0.0,0.0,0.0,0.0,82.08625,16.639375,1.274375,0.0,160000,0,0.0,20000.000000001746,20000.000000000233,0.60935378074646,100.00000000000001,,0.0,0.0,0.0,0.0,0.0,0.0,0.0,-0.052149999999997476,0.05047500000000227,0.001675000000000093,0.0,1.4210854715202004e-14,1.4210854715202004e-14,20000.0
1354,T50PQT_20000_34,S2A_MSIL2A_20230611T021541_R003_T50PRT_20230611T094531,100,,0.0,0.0,0.0,0.0,0.0,0.0,0.0,82.125,16.6175,1.2575,0.0,40000,0,0.0,20000.000000001746,20000.000000000233,0.5060062408447266,100.0,,0.0,0.0,0.0,0.0,0.0,0.0,0.0,-0.013400000000004297,0.028600000000000847,-0.01519999999999988,0.0,0.0,0.0,20000.0
1361,T50PQT_20000_34,S2A_MSIL2A_20230611T021541_R003_T50PRT_20230611T094531,200,,0.0,0.0,0.0,0.0,0.0,0.0,0.0,81.7,16.95,1.35,0.0,10000,0,0.0,20000.000000001746,20000.000000000233,0.5588979721069336,100.0,,0.0,0.0,0.0,0.0,0.0,0.0,0.0,-0.43840000000000146,0.3611000000000004,0.07730000000000015,0.0,0.0,0.0,20000.0
1368,T50PQT_20000_34,S2A_MSIL2A_20230611T021541_R003_T50PRT_20230611T094531,500,,0.0,0.0,0.0,0.0,0.0,0.0,0.0,81.5,17.25,1.25,0.0,1600,0,0.0,20000.000000001746,20000.000000000233,0.5279097557067871,100.0,,0.0,0.0,0.0,0.0,0.0,0.0,0.0,-0.6384000000000043,0.6611000000000011,-0.022699999999999942,0.0,0.0,0.0,20000.0
1375,T50PQT_20000_34,S2A_MSIL2A_20230611T021541_R003_T50PRT_20230611T094531,1000,,0.0,0.0,0.0,0.0,0.0,0.0,0.0,80.25,18.0,1.75,0.0,400,0,0.0,20000.000000001746,20000.000000000233,0.5635993480682373,100.0,,0.0,0.0,0.0,0.0,0.0,0.0,0.0,-1.8884000000000043,1.4111000000000011,0.47730000000000006,0.0,0.0,0.0,20000.0
1342,T50PQT_20000_34,S2A_MSIL2A_20230621T021541_R003_T50PRT_20230621T083225,20,,0.0,0.0,0.0005,0.0,0.0,0.0,0.0,65.5464,3.0684,31.3847,0.0,1000000,0,0.0,20000.000000001746,20000.000000000233,0.6916801929473877,99.9995,,0.0,0.0,0.0,0.0,0.0,0.0,0.0,0.0,0.0,0.0,0.0,0.0,0.0,20000.0
1349,T50PQT_20000_34,S2A_MSIL2A_20230621T021541_R003_T50PRT_20230621T083225,50,,0.0,0.0,0.0,0.0,0.0,0.0,0.0,65.599375,3.055625,31.345,0.0,160000,0,0.0,20000.000000001746,20000.000000000233,0.60935378074646,100.0,,0.0,0.0,-0.0005,0.0,0.0,0.0,0.0,0.052974999999989336,-0.01277499999999998,-0.039699999999999847,0.0,0.0005000000000023874,0.0005000000000023874,20000.0
1356,T50PQT_20000_34,S2A_MSIL2A_20230621T021541_R003_T50PRT_20230621T083225,100,,0.0,0.0,0.0025,0.0,0.0,0.0,0.0,65.5925,3.07,31.335,0.0,40000,0,0.0,20000.000000001746,20000.000000000233,0.5060062408447266,99.9975,,0.0,0.0,0.002,0.0,0.0,0.0,0.0,0.04609999999999559,0.0015999999999998238,-0.04969999999999786,0.0,-0.001999999999995339,0.002,20000.0
1363,T50PQT_20000_34,S2A_MSIL2A_20230621T021541_R003_T50PRT_20230621T083225,200,,0.0,0.0,0.0,0.0,0.0,0.0,0.0,66.32,3.04,30.64,0.0,10000,0,0.0,20000.000000001746,20000.000000000233,0.5588979721069336,100.0,,0.0,0.0,-0.0005,0.0,0.0,0.0,0.0,0.7735999999999876,-0.02839999999999998,-0.7446999999999981,0.0,0.0005000000000023874,0.0005000000000023874,20000.0
1370,T50PQT_20000_34,S2A_MSIL2A_20230621T021541_R003_T50PRT_20230621T083225,500,,0.0,0.0,0.0,0.0,0.0,0.0,0.0,66.4375,3.125,30.4375,0.0,1600,0,0.0,20000.000000001746,20000.000000000233,0.5279097557067871,100.0,,0.0,0.0,-0.0005,0.0,0.0,0.0,0.0,0.8910999999999945,0.056599999999999984,-0.9471999999999987,0.0,0.0005000000000023874,0.0005000000000023874,20000.0
1377,T50PQT_20000_34,S2A_MSIL2A_20230621T021541_R003_T50PRT_20230621T083225,1000,,0.0,0.0,0.0,0.0,0.0,0.0,0.0,69.0,3.25,27.75,0.0,400,0,0.0,20000.000000001746,20000.000000000233,0.5635993480682373,100.0,,0.0,0.0,-0.0005,0.0,0.0,0.0,0.0,3.4535999999999945,0.18159999999999998,-3.6346999999999987,0.0,0.0005000000000023874,0.0005000000000023874,20000.0
1344,T50PQT_20000_34,S2A_MSIL2A_20230701T021541_R003_T50PRT_20230701T082446,20,,0.0,0.0322,1.2452,2.048,0.0927,49.3951,0.0379,1.2636,0.9596,44.9257,0.0,1000000,0,0.0,20000.000000001746,20000.000000000233,0.6916801929473877,47.1489,,0.0,0.0,0.0,0.0,0.0,0.0,0.0,0.0,0.0,0.0,0.0,0.0,0.0,20000.0
1351,T50PQT_20000_34,S2A_MSIL2A_20230701T021541_R003_T50PRT_20230701T082446,50,,0.0,0.029375,1.24625,2.056875,0.08875,49.473125,0.04,1.26125,0.95625,44.848125,0.0,160000,0,0.0,20000.000000001746,20000.000000000233,0.60935378074646,47.065625000000004,,0.0,-0.002825000000000001,0.0010499999999999954,0.008874999999999744,-0.003950000000000009,0.07802500000000379,0.0020999999999999977,-0.0023500000000000743,-0.003349999999999964,-0.07757499999999595,0.0,-0.08327499999999333,0.08327499999999333,20000.0
1358,T50PQT_20000_34,S2A_MSIL2A_20230701T021541_R003_T50PRT_20230701T082446,100,,0.0,0.035,1.2225,2.05,0.0975,49.48,0.055,1.27,0.965,44.825,0.0,40000,0,0.0,20000.000000001746,20000.000000000233,0.5060062408447266,47.06,,0.0,0.002800000000000004,-0.022700000000000164,0.0019999999999997797,0.004799999999999999,0.08489999999999753,0.017099999999999997,0.006399999999999961,0.00539999999999996,-0.10069999999999624,0.0,-0.08889999999999532,0.08889999999999532,20000.0
1365,T50PQT_20000_34,S2A_MSIL2A_20230701T021541_R003_T50PRT_20230701T082446,200,,0.0,0.04,1.35,2.14,0.08,49.95,0.03,1.39,0.99,44.03,0.0,10000,0,0.0,20000.000000001746,20000.000000000233,0.5588979721069336,46.410000000000004,,0.0,0.007800000000000001,0.1048,0.09200000000000008,-0.012700000000000003,0.5549000000000035,-0.007900000000000004,0.12639999999999985,0.030399999999999983,-0.8956999999999979,0.0,-0.7388999999999939,0.7388999999999939,20000.0
1372,T50PQT_20000_34,S2A_MSIL2A_20230701T021541_R003_T50PRT_20230701T082446,500,,0.0,0.0,1.3125,2.1875,0.0,50.6875,0.0,1.125,1.0625,43.625,0.0,1600,0,0.0,20000.000000001746,20000.000000000233,0.5279097557067871,45.8125,,0.0,-0.0322,0.06729999999999992,0.13949999999999996,-0.0927,1.2924000000000007,-0.0379,-0.13860000000000006,0.10289999999999999,-1.300699999999999,0.0,-1.3363999999999976,1.3363999999999976,20000.0
1379,T50PQT_20000_34,S2A_MSIL2A_20230701T021541_R003_T50PRT_20230701T082446,1000,,0.0,0.0,1.5,2.5,0.0,53.5,0.25,2.5,0.5,39.25,0.0,400,0,0.0,20000.000000001746,20000.000000000233,0.5635993480682373,42.25,,0.0,-0.0322,0.2547999999999999,0.45199999999999996,-0.0927,4.104900000000001,0.2121,1.2364,-0.4596,-5.675699999999999,0.0,-4.898899999999998,4.898899999999998,20000.0
1339,T50PQT_20000_34,S2B_MSIL2A_20230606T021539_R003_T50PRT_20230606T073518,20,,0.0,0.0119,1.3667,0.3861,0.0057,42.058,0.0014,11.3043,21.8999,22.966,0.0,1000000,0,0.0,20000.000000001746,20000.000000000233,0.6916801929473877,56.1702,,0.0,0.0,0.0,0.0,0.0,0.0,0.0,0.0,0.0,0.0,0.0,0.0,0.0,20000.0
1346,T50PQT_20000_34,S2B_MSIL2A_20230606T021539_R003_T50PRT_20230606T073518,50,,0.0,0.01125,1.37375,0.389375,0.008125,42.05625,0.000625,11.301875,21.901875,22.956875,0.0,160000,0,0.0,20000.000000001746,20000.000000000233,0.60935378074646,56.160624999999996,,0.0,-0.0006500000000000013,0.007050000000000001,0.003275000000000028,0.002425,-0.0017500000000012506,-0.000775,-0.0024249999999987892,0.0019750000000016144,-0.009125000000000938,0.0,-0.009575000000005218,0.009575000000005218,20000.0
1353,T50PQT_20000_34,S2B_MSIL2A_20230606T021539_R003_T50PRT_20230606T073518,100,,0.0,0.015,1.3975,0.3675,0.0075,42.0375,0.005,11.27,21.8875,23.0125,0.0,40000,0,0.0,20000.000000001746,20000.000000000233,0.5060062408447266,56.17,,0.0,0.0030999999999999986,0.03079999999999994,-0.018600000000000005,0.0017999999999999995,-0.02049999999999841,0.0036,-0.0343,-0.012399999999999523,0.04649999999999821,0.0,-0.00019999999999953388,0.03079999999999994,20000.0
1360,T50PQT_20000_34,S2B_MSIL2A_20230606T021539_R003_T50PRT_20230606T073518,200,,0.0,0.02,1.39,0.37,0.01,41.28,0.0,11.48,22.21,23.24,0.0,10000,0,0.0,20000.000000001746,20000.000000000233,0.5588979721069336,56.92999999999999,,0.0,0.0081,0.023299999999999876,-0.016100000000000003,0.0043,-0.7779999999999987,-0.0014,0.17570000000000086,0.31010000000000204,0.27399999999999736,0.0,0.7597999999999914,0.7779999999999987,20000.0
1367,T50PQT_20000_34,S2B_MSIL2A_20230606T021539_R003_T50PRT_20230606T073518,500,,0.0,0.0,1.4375,0.3125,0.0,40.75,0.0,11.6875,22.25,23.5625,0.0,1600,0,0.0,20000.000000001746,20000.000000000233,0.5279097557067871,57.5,,0.0,-0.0119,0.07079999999999997,-0.0736,-0.0057,-1.3079999999999998,-0.0014,0.38320000000000043,0.3501000000000012,0.5964999999999989,0.0,1.3297999999999988,1.3297999999999988,20000.0
1374,T50PQT_20000_34,S2B_MSIL2A_20230606T021539_R003_T50PRT_20230606T073518,1000,,0.0,0.0,0.75,0.25,0.0,38.75,0.0,15.0,22.0,23.25,0.0,400,0,0.0,20000.000000001746,20000.000000000233,0.5635993480682373,60.25,,0.0,-0.0119,-0.6167,-0.1361,-0.0057,-3.308,-0.0014,3.6957000000000004,0.10010000000000119,0.2839999999999989,0.0,4.079799999999999,4.079799999999999,20000.0
1341,T50PQT_20000_34,S2B_MSIL2A_20230616T021539_R003_T50PRT_20230616T083234,20,,0.0,0.0225,1.8705,0.9185,0.033,75.6939,0.1117,10.6441,10.1075,0.5983,0.0,1000000,0,0.0,20000.000000001746,20000.000000000233,0.6916801929473877,21.349899999999998,,0.0,0.0,0.0,0.0,0.0,0.0,0.0,0.0,0.0,0.0,0.0,0.0,0.0,20000.0
1348,T50PQT_20000_34,S2B_MSIL2A_20230616T021539_R003_T50PRT_20230616T083234,50,,0.0,0.02,1.875,0.92375,0.034375,75.681875,0.110625,10.626875,10.1275,0.6,0.0,160000,0,0.0,20000.000000001746,20000.000000000233,0.60935378074646,21.354375,,0.0,-0.0024999999999999988,0.0044999999999999485,0.005249999999999977,0.0013750000000000012,-0.01202499999999418,-0.0010749999999999926,-0.017224999999999824,0.019999999999999574,0.0016999999999999238,0.0,0.004475000000002893,0.01202499999999418,20000.0
1355,T50PQT_20000_34,S2B_MSIL2A_20230616T021539_R003_T50PRT_20230616T083234,100,,0.0,0.025,1.8725,0.91,0.0325,75.7325,0.1175,10.67,10.04,0.6,0.0,40000,0,0.0,20000.000000001746,20000.000000000233,0.5060062408447266,21.310000000000002,,0.0,0.0025000000000000022,0.0020000000000000018,-0.008499999999999952,-0.0005000000000000004,0.03860000000000241,0.0058,0.025900000000000034,-0.06750000000000078,0.0016999999999999238,0.0,-0.03989999999999583,0.03989999999999583,20000.0
1362,T50PQT_20000_34,S2B_MSIL2A_20230616T021539_R003_T50PRT_20230616T083234,200,,0.0,0.02,1.91,1.0,0.03,75.43,0.13,10.74,10.23,0.51,0.0,10000,0,0.0,20000.000000001746,20000.000000000233,0.5588979721069336,21.48,,0.0,-0.0024999999999999988,0.03949999999999987,0.08150000000000002,-0.0030000000000000027,-0.2638999999999925,0.01830000000000001,0.09590000000000032,0.1225000000000005,-0.08830000000000005,0.0,0.13010000000000232,0.2638999999999925,20000.0
1369,T50PQT_20000_34,S2B_MSIL2A_20230616T021539_R003_T50PRT_20230616T083234,500,,0.0,0.0,1.5625,1.3125,0.0,75.875,0.1875,9.875,10.8125,0.375,0.0,1600,0,0.0,20000.000000001746,20000.000000000233,0.5279097557067871,21.0625,,0.0,-0.0225,-0.30800000000000005,0.394,-0.033,0.1811000000000007,0.0758,-0.7690999999999999,0.7050000000000001,-0.22330000000000005,0.0,-0.2873999999999981,0.394,20000.0
1376,T50PQT_20000_34,S2B_MSIL2A_20230616T021539_R003_T50PRT_20230616T083234,1000,,0.0,0.0,3.0,0.75,0.0,73.75,0.25,12.0,10.25,0.0,0.0,400,0,0.0,20000.000000001746,20000.000000000233,0.5635993480682373,22.25,,0.0,-0.0225,1.1295,-0.16849999999999998,-0.033,-1.9438999999999993,0.1383,1.3559,0.14250000000000007,-0.5983,0.0,0.9001000000000019,1.9438999999999993,20000.0
1343,T50PQT_20000_34,S2B_MSIL2A_20230626T021539_R003_T50PRT_20230626T080421,20,,0.0,0.0071,0.2982,0.2922,0.0242,18.4998,0.0392,11.2652,13.3286,56.2455,0.0,1000000,0,0.0,20000.000000001746,20000.000000000233,0.6916801929473877,80.83930000000001,,0.0,0.0,0.0,0.0,0.0,0.0,0.0,0.0,0.0,0.0,0.0,0.0,0.0,20000.0
1350,T50PQT_20000_34,S2B_MSIL2A_20230626T021539_R003_T50PRT_20230626T080421,50,,0.0,0.0075,0.295625,0.283125,0.02625,18.4675,0.03625,11.26375,13.329375,56.290625,0.0,160000,0,0.0,20000.000000001746,20000.000000000233,0.60935378074646,80.88374999999999,,0.0,0.0003999999999999993,-0.002574999999999994,-0.009075,0.0020499999999999997,-0.03229999999999933,-0.0029500000000000012,-0.0014500000000001734,0.0007750000000008583,0.04512499999999875,0.0,0.04444999999998345,0.04444999999998345,20000.0
1357,T50PQT_20000_34,S2B_MSIL2A_20230626T021539_R003_T50PRT_20230626T080421,100,,0.0,0.0075,0.3025,0.28,0.0275,18.48,0.045,11.2125,13.355,56.29,0.0,40000,0,0.0,20000.000000001746,20000.000000000233,0.5060062408447266,80.8575,,0.0,0.0003999999999999993,0.0042999999999999705,-0.012199999999999989,0.003300000000000001,-0.01980000000000004,0.0058,-0.05269999999999975,0.026400000000000645,0.04449999999999932,0.0,0.01819999999999311,0.01980000000000004,20000.0
1364,T50PQT_20000_34,S2B_MSIL2A_20230626T021539_R003_T50PRT_20230626T080421,200,,0.0,0.01,0.26,0.3,0.02,18.08,0.06,11.51,13.24,56.52,0.0,10000,0,0.0,20000.000000001746,20000.000000000233,0.5588979721069336,81.27000000000001,,0.0,0.0029,-0.03820000000000001,0.007799999999999974,-0.004199999999999999,-0.41980000000000217,0.0208,0.24479999999999968,-0.08859999999999957,0.2745000000000033,0.0,0.43070000000000164,0.43070000000000164,20000.0
1371,T50PQT_20000_34,S2B_MSIL2A_20230626T021539_R003_T50PRT_20230626T080421,500,,0.0,0.0,0.3125,0.1875,0.0,18.3125,0.0,11.0,13.75,56.4375,0.0,1600,0,0.0,20000.000000001746,20000.000000000233,0.5279097557067871,81.1875,,0.0,-0.0071,0.01429999999999998,-0.10470000000000002,-0.0242,-0.18730000000000047,-0.0392,-0.2652000000000001,0.4214000000000002,0.19200000000000017,0.0,0.3481999999999914,0.3481999999999914,20000.0
1378,T50PQT_20000_34,S2B_MSIL2A_20230626T021539_R003_T50PRT_20230626T080421,1000,,0.0,0.0,0.25,0.25,0.0,19.25,0.25,11.5,13.25,55.25,0.0,400,0,0.0,20000.000000001746,20000.000000000233,0.5635993480682373,80.0,,0.0,-0.0071,-0.04820000000000002,-0.042200000000000015,-0.0242,0.7501999999999995,0.2108,0.2347999999999999,-0.07859999999999978,-0.9954999999999998,0.0,-0.8393000000000086,0.8393000000000086,20000.0
1380,T50PQT_20000_35,S2A_MSIL2A_20230601T021611_R003_T50PRU_20230601T102914,20,,0.0,0.0,0.0,0.0,0.0,0.0,0.0,100.0,0.0,0.0,0.0,1000000,0,0.0,20000.000000001863,20000.0,0.7792937755584717,100.0,,0.0,0.0,0.0,0.0,0.0,0.0,0.0,0.0,0.0,0.0,0.0,0.0,0.0,20000.0
1387,T50PQT_20000_35,S2A_MSIL2A_20230601T021611_R003_T50PRU_20230601T102914,50,,0.0,0.0,0.0,0.0,0.0,0.0,0.0,100.0,0.0,0.0,0.0,160000,0,0.0,20000.000000001863,20000.0,0.5517947673797607,100.0,,0.0,0.0,0.0,0.0,0.0,0.0,0.0,0.0,0.0,0.0,0.0,0.0,0.0,20000.0
1394,T50PQT_20000_35,S2A_MSIL2A_20230601T021611_R003_T50PRU_20230601T102914,100,,0.0,0.0,0.0,0.0,0.0,0.0,0.0,100.0,0.0,0.0,0.0,40000,0,0.0,20000.000000001863,20000.0,0.49953508377075195,100.0,,0.0,0.0,0.0,0.0,0.0,0.0,0.0,0.0,0.0,0.0,0.0,0.0,0.0,20000.0
1401,T50PQT_20000_35,S2A_MSIL2A_20230601T021611_R003_T50PRU_20230601T102914,200,,0.0,0.0,0.0,0.0,0.0,0.0,0.0,100.0,0.0,0.0,0.0,10000,0,0.0,20000.000000001863,20000.0,0.5211524963378906,100.0,,0.0,0.0,0.0,0.0,0.0,0.0,0.0,0.0,0.0,0.0,0.0,0.0,0.0,20000.0
1408,T50PQT_20000_35,S2A_MSIL2A_20230601T021611_R003_T50PRU_20230601T102914,500,,0.0,0.0,0.0,0.0,0.0,0.0,0.0,100.0,0.0,0.0,0.0,1600,0,0.0,20000.000000001863,20000.0,0.5114822387695312,100.0,,0.0,0.0,0.0,0.0,0.0,0.0,0.0,0.0,0.0,0.0,0.0,0.0,0.0,20000.0
1415,T50PQT_20000_35,S2A_MSIL2A_20230601T021611_R003_T50PRU_20230601T102914,1000,,0.0,0.0,0.0,0.0,0.0,0.0,0.0,100.0,0.0,0.0,0.0,400,0,0.0,20000.000000001863,20000.0,0.5361850261688232,100.0,,0.0,0.0,0.0,0.0,0.0,0.0,0.0,0.0,0.0,0.0,0.0,0.0,0.0,20000.0
1382,T50PQT_20000_35,S2A_MSIL2A_20230611T021541_R003_T50PRU_20230611T094530,20,,0.0,0.0,0.0,0.0,0.0,0.0,0.0,38.4687,61.5313,0.0,0.0,1000000,0,0.0,20000.000000001863,20000.0,0.7792937755584717,100.0,,0.0,0.0,0.0,0.0,0.0,0.0,0.0,0.0,0.0,0.0,0.0,0.0,0.0,20000.0
1389,T50PQT_20000_35,S2A_MSIL2A_20230611T021541_R003_T50PRU_20230611T094530,50,,0.0,0.0,0.0,0.0,0.0,0.0,0.0,38.4725,61.5275,0.0,0.0,160000,0,0.0,20000.000000001863,20000.0,0.5517947673797607,100.0,,0.0,0.0,0.0,0.0,0.0,0.0,0.0,0.0037999999999982492,-0.0037999999999982492,0.0,0.0,0.0,0.0,20000.0
1396,T50PQT_20000_35,S2A_MSIL2A_20230611T021541_R003_T50PRU_20230611T094530,100,,0.0,0.0,0.0,0.0,0.0,0.0,0.0,38.4275,61.5725,0.0,0.0,40000,0,0.0,20000.000000001863,20000.0,0.49953508377075195,100.0,,0.0,0.0,0.0,0.0,0.0,0.0,0.0,-0.04119999999999635,0.04119999999999635,0.0,0.0,0.0,0.0,20000.0
1403,T50PQT_20000_35,S2A_MSIL2A_20230611T021541_R003_T50PRU_20230611T094530,200,,0.0,0.0,0.0,0.0,0.0,0.0,0.0,38.6,61.4,0.0,0.0,10000,0,0.0,20000.000000001863,20000.0,0.5211524963378906,100.0,,0.0,0.0,0.0,0.0,0.0,0.0,0.0,0.13130000000000308,-0.13130000000000308,0.0,0.0,0.0,0.0,20000.0
1410,T50PQT_20000_35,S2A_MSIL2A_20230611T021541_R003_T50PRU_20230611T094530,500,,0.0,0.0,0.0,0.0,0.0,0.0,0.0,38.3125,61.6875,0.0,0.0,1600,0,0.0,20000.000000001863,20000.0,0.5114822387695312,100.0,,0.0,0.0,0.0,0.0,0.0,0.0,0.0,-0.15619999999999834,0.15619999999999834,0.0,0.0,0.0,0.0,20000.0
1417,T50PQT_20000_35,S2A_MSIL2A_20230611T021541_R003_T50PRU_20230611T094530,1000,,0.0,0.0,0.0,0.0,0.0,0.0,0.0,39.25,60.75,0.0,0.0,400,0,0.0,20000.000000001863,20000.0,0.5361850261688232,100.0,,0.0,0.0,0.0,0.0,0.0,0.0,0.0,0.7813000000000017,-0.7813000000000017,0.0,0.0,0.0,0.0,20000.0
1384,T50PQT_20000_35,S2A_MSIL2A_20230621T021541_R003_T50PRU_20230621T090347,20,,0.0,0.0,0.016,0.0,0.0,0.0,0.0,16.1313,15.5488,68.3039,0.0,1000000,0,0.0,20000.000000001863,20000.0,0.7792937755584717,99.984,,0.0,0.0,0.0,0.0,0.0,0.0,0.0,0.0,0.0,0.0,0.0,0.0,0.0,20000.0
1391,T50PQT_20000_35,S2A_MSIL2A_20230621T021541_R003_T50PRU_20230621T090347,50,,0.0,0.0,0.016875,0.0,0.0,0.0,0.0,16.16875,15.615625,68.19875,0.0,160000,0,0.0,20000.000000001863,20000.0,0.5517947673797607,99.983125,,0.0,0.0,0.0008750000000000008,0.0,0.0,0.0,0.0,0.03744999999999976,0.06682499999999969,-0.10514999999999475,0.0,-0.0008749999999935199,0.0008750000000000008,20000.0
1398,T50PQT_20000_35,S2A_MSIL2A_20230621T021541_R003_T50PRU_20230621T090347,100,,0.0,0.0,0.0175,0.0,0.0,0.0,0.0,16.1675,15.575,68.24,0.0,40000,0,0.0,20000.000000001863,20000.0,0.49953508377075195,99.98249999999999,,0.0,0.0,0.0015000000000000013,0.0,0.0,0.0,0.0,0.0362000000000009,0.026199999999999335,-0.06390000000000384,0.0,-0.0015000000000071623,0.0015000000000071623,20000.0
1405,T50PQT_20000_35,S2A_MSIL2A_20230621T021541_R003_T50PRU_20230621T090347,200,,0.0,0.0,0.01,0.0,0.0,0.0,0.0,16.68,15.66,67.65,0.0,10000,0,0.0,20000.000000001863,20000.0,0.5211524963378906,99.99000000000001,,0.0,0.0,-0.006,0.0,0.0,0.0,0.0,0.5487000000000002,0.11120000000000019,-0.653899999999993,0.0,0.006000000000014438,0.006000000000014438,20000.0
1412,T50PQT_20000_35,S2A_MSIL2A_20230621T021541_R003_T50PRU_20230621T090347,500,,0.0,0.0,0.0625,0.0,0.0,0.0,0.0,16.625,15.875,67.4375,0.0,1600,0,0.0,20000.000000001863,20000.0,0.5114822387695312,99.9375,,0.0,0.0,0.0465,0.0,0.0,0.0,0.0,0.49370000000000047,0.32620000000000005,-0.8663999999999987,0.0,-0.04649999999999466,0.0465,20000.0
1419,T50PQT_20000_35,S2A_MSIL2A_20230621T021541_R003_T50PRU_20230621T090347,1000,,0.0,0.0,0.0,0.0,0.0,0.0,0.0,19.75,16.25,64.0,0.0,400,0,0.0,20000.000000001863,20000.0,0.5361850261688232,100.0,,0.0,0.0,-0.016,0.0,0.0,0.0,0.0,3.6187000000000005,0.7012,-4.303899999999999,0.0,0.016000000000005343,0.016000000000005343,20000.0
1386,T50PQT_20000_35,S2A_MSIL2A_20230701T021541_R003_T50PRU_20230701T082445,20,,0.0,0.0106,7.7127,1.3766,0.0104,5.0931,0.0164,3.6605,3.6406,78.4791,0.0,1000000,0,0.0,20000.000000001863,20000.0,0.7792937755584717,85.78020000000001,,0.0,0.0,0.0,0.0,0.0,0.0,0.0,0.0,0.0,0.0,0.0,0.0,0.0,20000.0
1393,T50PQT_20000_35,S2A_MSIL2A_20230701T021541_R003_T50PRU_20230701T082445,50,,0.0,0.01125,7.74125,1.37625,0.01,5.0975,0.0175,3.69625,3.66625,78.38375,0.0,160000,0,0.0,20000.000000001863,20000.0,0.5517947673797607,85.74625,,0.0,0.0006499999999999995,0.028550000000000075,-0.0003500000000000725,-0.0003999999999999993,0.004400000000000404,0.0011000000000000003,0.03575000000000017,0.02564999999999973,-0.09534999999999627,0.0,-0.033950000000004366,0.033950000000004366,20000.0
1400,T50PQT_20000_35,S2A_MSIL2A_20230701T021541_R003_T50PRU_20230701T082445,100,,0.0,0.01,7.7175,1.4075,0.01,5.0975,0.0125,3.795,3.61,78.34,0.0,40000,0,0.0,20000.000000001863,20000.0,0.49953508377075195,85.745,,0.0,-0.0005999999999999998,0.0048000000000003595,0.030899999999999928,-0.0003999999999999993,0.004400000000000404,-0.0039000000000000007,0.13450000000000006,-0.030600000000000183,-0.1390999999999991,0.0,-0.03520000000000323,0.03520000000000323,20000.0
1407,T50PQT_20000_35,S2A_MSIL2A_20230701T021541_R003_T50PRU_20230701T082445,200,,0.0,0.0,7.99,1.48,0.0,5.22,0.01,3.53,3.72,78.05,0.0,10000,0,0.0,20000.000000001863,20000.0,0.5211524963378906,85.3,,0.0,-0.0106,0.2773000000000003,0.10339999999999994,-0.0104,0.1269,-0.006400000000000001,-0.13050000000000006,0.07940000000000014,-0.42910000000000537,0.0,-0.4802000000000106,0.4802000000000106,20000.0
1414,T50PQT_20000_35,S2A_MSIL2A_20230701T021541_R003_T50PRU_20230701T082445,500,,0.0,0.0,8.125,1.5,0.0,5.625,0.0,3.875,3.5,77.375,0.0,1600,0,0.0,20000.000000001863,20000.0,0.5114822387695312,84.75,,0.0,-0.0106,0.4123000000000001,0.12339999999999995,-0.0104,0.5319000000000003,-0.0164,0.21450000000000014,-0.14060000000000006,-1.1041000000000025,0.0,-1.0302000000000078,1.0302000000000078,20000.0
1421,T50PQT_20000_35,S2A_MSIL2A_20230701T021541_R003_T50PRU_20230701T082445,1000,,0.0,0.0,9.0,1.25,0.25,6.5,0.0,2.75,4.0,76.25,0.0,400,0,0.0,20000.000000001863,20000.0,0.5361850261688232,83.0,,0.0,-0.0106,1.2873,-0.12660000000000005,0.2396,1.4069000000000003,-0.0164,-0.9104999999999999,0.35939999999999994,-2.2291000000000025,0.0,-2.7802000000000078,2.7802000000000078,20000.0
1381,T50PQT_20000_35,S2B_MSIL2A_20230606T021539_R003_T50PRU_20230606T075220,20,,0.0,0.0767,2.4727,1.7783,0.0301,40.4253,0.0183,12.3051,2.8797,40.0138,0.0,1000000,0,0.0,20000.000000001863,20000.0,0.7792937755584717,55.1986,,0.0,0.0,0.0,0.0,0.0,0.0,0.0,0.0,0.0,0.0,0.0,0.0,0.0,20000.0
1388,T50PQT_20000_35,S2B_MSIL2A_20230606T021539_R003_T50PRU_20230606T075220,50,,0.0,0.085,2.495,1.780625,0.028125,40.37625,0.015,12.306875,2.9,40.013125,0.0,160000,0,0.0,20000.000000001863,20000.0,0.5517947673797607,55.22,,0.0,0.008300000000000002,0.022299999999999986,0.0023249999999999105,-0.0019749999999999976,-0.04905000000000115,-0.003300000000000001,0.0017750000000003041,0.020299999999999763,-0.0006750000000010914,0.0,0.021399999999999864,0.04905000000000115,20000.0
1395,T50PQT_20000_35,S2B_MSIL2A_20230606T021539_R003_T50PRU_20230606T075220,100,,0.0,0.0825,2.505,1.7675,0.0275,40.39,0.01,12.37,2.895,39.9525,0.0,40000,0,0.0,20000.000000001863,20000.0,0.49953508377075195,55.2175,,0.0,0.0058,0.03229999999999977,-0.01079999999999992,-0.002599999999999998,-0.03529999999999944,-0.0083,0.06489999999999974,0.01529999999999987,-0.0613000000000028,0.0,0.018900000000002137,0.03529999999999944,20000.0
1402,T50PQT_20000_35,S2B_MSIL2A_20230606T021539_R003_T50PRU_20230606T075220,200,,0.0,0.03,2.67,1.82,0.03,40.34,0.03,12.76,2.81,39.51,0.0,10000,0,0.0,20000.000000001863,20000.0,0.5211524963378906,55.08,,0.0,-0.046700000000000005,0.1972999999999998,0.04170000000000007,-9.99999999999994e-05,-0.0852999999999966,0.011699999999999999,0.4549000000000003,-0.0697000000000001,-0.5038000000000054,0.0,-0.1186000000000007,0.1972999999999998,20000.0
1409,T50PQT_20000_35,S2B_MSIL2A_20230606T021539_R003_T50PRU_20230606T075220,500,,0.0,0.0,2.9375,1.75,0.0,40.6875,0.0,13.0625,2.75,38.8125,0.0,1600,0,0.0,20000.000000001863,20000.0,0.5114822387695312,54.625,,0.0,-0.0767,0.4647999999999999,-0.028299999999999992,-0.0301,0.2622,-0.0183,0.7574000000000005,-0.12970000000000015,-1.2013000000000034,0.0,-0.573599999999999,0.573599999999999,20000.0
1416,T50PQT_20000_35,S2B_MSIL2A_20230606T021539_R003_T50PRU_20230606T075220,1000,,0.0,0.0,3.0,2.25,0.0,42.25,0.0,13.0,3.25,36.25,0.0,400,0,0.0,20000.000000001863,20000.0,0.5361850261688232,52.5,,0.0,-0.0767,0.5272999999999999,0.4717,-0.0301,1.8247,-0.0183,0.6949000000000005,0.37029999999999985,-3.7638000000000034,0.0,-2.698599999999999,2.698599999999999,20000.0
1383,T50PQT_20000_35,S2B_MSIL2A_20230616T021539_R003_T50PRU_20230616T083233,20,,0.0,0.0,3.8791,0.0019,0.0011,66.8549,0.0029,8.1418,18.8316,2.2867,0.0,1000000,0,0.0,20000.000000001863,20000.0,0.7792937755584717,29.2601,,0.0,0.0,0.0,0.0,0.0,0.0,0.0,0.0,0.0,0.0,0.0,0.0,0.0,20000.0
1390,T50PQT_20000_35,S2B_MSIL2A_20230616T021539_R003_T50PRU_20230616T083233,50,,0.0,0.0,3.869375,0.001875,0.001875,66.785,0.001875,8.1625,18.88375,2.29375,0.0,160000,0,0.0,20000.000000001863,20000.0,0.5517947673797607,29.34,,0.0,0.0,-0.009725000000000428,-2.5000000000000066e-05,0.0007749999999999999,-0.06990000000000407,-0.0010249999999999999,0.02069999999999972,0.052149999999997476,0.007050000000000001,0.0,0.07989999999999853,0.07989999999999853,20000.0
1397,T50PQT_20000_35,S2B_MSIL2A_20230616T021539_R003_T50PRU_20230616T083233,100,,0.0,0.0,3.9025,0.0025,0.0,66.7625,0.0025,8.05,19.0025,2.2775,0.0,40000,0,0.0,20000.000000001863,20000.0,0.49953508377075195,29.330000000000002,,0.0,0.0,0.023399999999999643,0.0006000000000000001,-0.0011,-0.09239999999999782,-0.00039999999999999975,-0.09179999999999922,0.1708999999999996,-0.009200000000000319,0.0,0.06990000000000052,0.09239999999999782,20000.0
1404,T50PQT_20000_35,S2B_MSIL2A_20230616T021539_R003_T50PRU_20230616T083233,200,,0.0,0.0,4.01,0.02,0.0,66.36,0.0,8.22,18.99,2.4,0.0,10000,0,0.0,20000.000000001863,20000.0,0.5211524963378906,29.61,,0.0,0.0,0.13089999999999957,0.0181,-0.0011,-0.49490000000000123,-0.0029,0.07820000000000071,0.15839999999999677,0.11329999999999973,0.0,0.3498999999999981,0.49490000000000123,20000.0
1411,T50PQT_20000_35,S2B_MSIL2A_20230616T021539_R003_T50PRU_20230616T083233,500,,0.0,0.0,4.0,0.0,0.0,66.0625,0.0,8.625,18.9375,2.375,0.0,1600,0,0.0,20000.000000001863,20000.0,0.5114822387695312,29.9375,,0.0,0.0,0.12089999999999979,-0.0019,-0.0011,-0.7924000000000007,-0.0029,0.4832000000000001,0.10589999999999833,0.08829999999999982,0.0,0.6773999999999987,0.7924000000000007,20000.0
1418,T50PQT_20000_35,S2B_MSIL2A_20230616T021539_R003_T50PRU_20230616T083233,1000,,0.0,0.0,4.0,0.25,0.0,64.5,0.0,9.0,19.75,2.5,0.0,400,0,0.0,20000.000000001863,20000.0,0.5361850261688232,31.25,,0.0,0.0,0.12089999999999979,0.2481,-0.0011,-2.3549000000000007,-0.0029,0.8582000000000001,0.9183999999999983,0.21329999999999982,0.0,1.9898999999999987,2.3549000000000007,20000.0
1385,T50PQT_20000_35,S2B_MSIL2A_20230626T021539_R003_T50PRU_20230626T075606,20,,0.0,0.0,0.4142,0.0,0.0051,19.9626,0.0,24.7304,32.6106,22.2771,0.0,1000000,0,0.0,20000.000000001863,20000.0,0.7792937755584717,79.6181,,0.0,0.0,0.0,0.0,0.0,0.0,0.0,0.0,0.0,0.0,0.0,0.0,0.0,20000.0
1392,T50PQT_20000_35,S2B_MSIL2A_20230626T021539_R003_T50PRU_20230626T075606,50,,0.0,0.0,0.409375,0.0,0.004375,19.911875,0.0,24.75875,32.6725,22.243125,0.0,160000,0,0.0,20000.000000001863,20000.0,0.5517947673797607,79.674375,,0.0,0.0,-0.004825000000000024,0.0,-0.000725,-0.05072499999999991,0.0,0.028349999999999653,0.0619000000000014,-0.03397500000000164,0.0,0.05627499999999941,0.05627499999999941,20000.0
1399,T50PQT_20000_35,S2B_MSIL2A_20230626T021539_R003_T50PRU_20230626T075606,100,,0.0,0.0,0.4125,0.0,0.005,19.95,0.0,24.665,32.7175,22.25,0.0,40000,0,0.0,20000.000000001863,20000.0,0.49953508377075195,79.6325,,0.0,0.0,-0.0017000000000000348,0.0,-0.00010000000000000026,-0.012599999999999056,0.0,-0.06540000000000035,0.1069000000000031,-0.02710000000000079,0.0,0.014399999999994861,0.014399999999994861,20000.0
1406,T50PQT_20000_35,S2B_MSIL2A_20230626T021539_R003_T50PRU_20230626T075606,200,,0.0,0.0,0.49,0.0,0.0,19.91,0.0,24.23,33.14,22.23,0.0,10000,0,0.0,20000.000000001863,20000.0,0.5211524963378906,79.60000000000001,,0.0,0.0,0.07579999999999998,0.0,-0.0051,-0.052599999999998204,0.0,-0.5003999999999991,0.5294000000000025,-0.047100000000000364,0.0,-0.01809999999998979,0.07579999999999998,20000.0
1413,T50PQT_20000_35,S2B_MSIL2A_20230626T021539_R003_T50PRU_20230626T075606,500,,0.0,0.0,0.3125,0.0,0.0625,19.375,0.0,24.8125,33.8125,21.625,0.0,1600,0,0.0,20000.000000001863,20000.0,0.5114822387695312,80.25,,0.0,0.0,-0.10170000000000001,0.0,0.0574,-0.5875999999999983,0.0,0.0821000000000005,1.201900000000002,-0.6521000000000008,0.0,0.6319000000000017,0.6319000000000017,20000.0
1420,T50PQT_20000_35,S2B_MSIL2A_20230626T021539_R003_T50PRU_20230626T075606,1000,,0.0,0.0,1.0,0.0,0.0,17.75,0.0,25.5,35.75,20.0,0.0,400,0,0.0,20000.000000001863,20000.0,0.5361850261688232,81.25,,0.0,0.0,0.5858,0.0,-0.0051,-2.2125999999999983,0.0,0.7696000000000005,3.139400000000002,-2.277100000000001,0.0,1.6319000000000017,2.2125999999999983,20000.0
144,T50PQT_20000_4,S2A_MSIL2A_20230604T022531_R046_T50PQT_20230604T082521,20,,0.0,0.0,0.0,0.0,0.0,1.9058,0.0,28.6104,13.511,55.9728,0.0,1000000,0,0.0,20000.000000000582,20000.000000000233,0.4882991313934326,98.0942,,0.0,0.0,0.0,0.0,0.0,0.0,0.0,0.0,0.0,0.0,0.0,0.0,0.0,20000.0
150,T50PQT_20000_4,S2A_MSIL2A_20230604T022531_R046_T50PQT_20230604T082521,50,,0.0,0.0,0.0,0.0,0.0,1.903125,0.0,28.6475,13.433125,56.01625,0.0,160000,0,0.0,20000.000000000582,20000.000000000233,0.36760616302490234,98.096875,,0.0,0.0,0.0,0.0,0.0,-0.002674999999999983,0.0,0.03710000000000235,-0.0778749999999988,0.04344999999999999,0.0,0.0026749999999964302,0.002674999999999983,20000.0
156,T50PQT_20000_4,S2A_MSIL2A_20230604T022531_R046_T50PQT_20230604T082521,100,,0.0,0.0,0.0,0.0,0.0,1.89,0.0,28.54,13.4825,56.0875,0.0,40000,0,0.0,20000.000000000582,20000.000000000233,0.3485679626464844,98.11,,0.0,0.0,0.0,0.0,0.0,-0.015800000000000036,0.0,-0.07039999999999935,-0.028499999999999304,0.11469999999999914,0.0,0.015799999999998704,0.015800000000000036,20000.0
162,T50PQT_20000_4,S2A_MSIL2A_20230604T022531_R046_T50PQT_20230604T082521,200,,0.0,0.0,0.0,0.0,0.0,2.05,0.0,28.56,13.23,56.16,0.0,10000,0,0.0,20000.000000000582,20000.000000000233,0.319155216217041,97.94999999999999,,0.0,0.0,0.0,0.0,0.0,0.14419999999999988,0.0,-0.05039999999999978,-0.2809999999999988,0.18719999999999715,0.0,-0.1442000000000121,0.1442000000000121,20000.0
168,T50PQT_20000_4,S2A_MSIL2A_20230604T022531_R046_T50PQT_20230604T082521,500,,0.0,0.0,0.0,0.0,0.0,2.125,0.0,28.5625,13.0,56.3125,0.0,1600,0,0.0,20000.000000000582,20000.000000000233,0.3451106548309326,97.875,,0.0,0.0,0.0,0.0,0.0,0.21920000000000006,0.0,-0.0478999999999985,-0.5109999999999992,0.33970000000000056,0.0,-0.21920000000000073,0.21920000000000073,20000.0
174,T50PQT_20000_4,S2A_MSIL2A_20230604T022531_R046_T50PQT_20230604T082521,1000,,0.0,0.0,0.0,0.0,0.0,2.5,0.0,31.75,10.0,55.75,0.0,400,0,0.0,20000.000000000582,20000.000000000233,0.3890666961669922,97.5,,0.0,0.0,0.0,0.0,0.0,0.5942000000000001,0.0,3.1396000000000015,-3.5109999999999992,-0.22279999999999944,0.0,-0.5942000000000007,0.5942000000000007,20000.0
146,T50PQT_20000_4,S2A_MSIL2A_20230614T022541_R046_T50PQT_20230614T094130,20,,0.0,0.0,0.0,0.0,0.0,0.0,0.0,70.7734,0.2694,28.9572,0.0,1000000,0,0.0,20000.000000000582,20000.000000000233,0.4882991313934326,100.0,,0.0,0.0,0.0,0.0,0.0,0.0,0.0,0.0,0.0,0.0,0.0,0.0,0.0,20000.0
152,T50PQT_20000_4,S2A_MSIL2A_20230614T022541_R046_T50PQT_20230614T094130,50,,0.0,0.0,0.0,0.0,0.0,0.0,0.0,70.775625,0.273125,28.95125,0.0,160000,0,0.0,20000.000000000582,20000.000000000233,0.36760616302490234,100.0,,0.0,0.0,0.0,0.0,0.0,0.0,0.0,0.0022250000000099135,0.003725000000000034,-0.0059499999999985675,0.0,0.0,0.0,20000.0
158,T50PQT_20000_4,S2A_MSIL2A_20230614T022541_R046_T50PQT_20230614T094130,100,,0.0,0.0,0.0,0.0,0.0,0.0,0.0,70.77,0.265,28.965,0.0,40000,0,0.0,20000.000000000582,20000.000000000233,0.3485679626464844,100.0,,0.0,0.0,0.0,0.0,0.0,0.0,0.0,-0.0033999999999991815,-0.0043999999999999595,0.007799999999999585,0.0,0.0,0.0,20000.0
164,T50PQT_20000_4,S2A_MSIL2A_20230614T022541_R046_T50PQT_20230614T094130,200,,0.0,0.0,0.0,0.0,0.0,0.0,0.0,70.57,0.25,29.18,0.0,10000,0,0.0,20000.000000000582,20000.000000000233,0.319155216217041,100.0,,0.0,0.0,0.0,0.0,0.0,0.0,0.0,-0.20340000000000202,-0.019399999999999973,0.22279999999999944,0.0,0.0,0.0,20000.0
170,T50PQT_20000_4,S2A_MSIL2A_20230614T022541_R046_T50PQT_20230614T094130,500,,0.0,0.0,0.0,0.0,0.0,0.0,0.0,70.5625,0.1875,29.25,0.0,1600,0,0.0,20000.000000000582,20000.000000000233,0.3451106548309326,100.0,,0.0,0.0,0.0,0.0,0.0,0.0,0.0,-0.2108999999999952,-0.08189999999999997,0.2927999999999997,0.0,0.0,0.0,20000.0
176,T50PQT_20000_4,S2A_MSIL2A_20230614T022541_R046_T50PQT_20230614T094130,1000,,0.0,0.0,0.0,0.0,0.0,0.0,0.0,70.25,0.25,29.5,0.0,400,0,0.0,20000.000000000582,20000.000000000233,0.3890666961669922,100.0,,0.0,0.0,0.0,0.0,0.0,0.0,0.0,-0.5233999999999952,-0.019399999999999973,0.5427999999999997,0.0,0.0,0.0,20000.0
148,T50PQT_20000_4,S2A_MSIL2A_20230624T022531_R046_T50PQT_20230624T082536,20,,0.0,0.0,0.0,0.0,0.0,29.9769,0.0,30.88,0.758,38.3851,0.0,1000000,0,0.0,20000.000000000582,20000.000000000233,0.4882991313934326,70.0231,,0.0,0.0,0.0,0.0,0.0,0.0,0.0,0.0,0.0,0.0,0.0,0.0,0.0,20000.0
154,T50PQT_20000_4,S2A_MSIL2A_20230624T022531_R046_T50PQT_20230624T082536,50,,0.0,0.0,0.0,0.0,0.0,29.885625,0.0,30.96125,0.755625,38.3975,0.0,160000,0,0.0,20000.000000000582,20000.000000000233,0.36760616302490234,70.114375,,0.0,0.0,0.0,0.0,0.0,-0.09127499999999955,0.0,0.08125000000000071,-0.002375000000000016,0.012399999999999523,0.0,0.091274999999996,0.09127499999999955,20000.0
160,T50PQT_20000_4,S2A_MSIL2A_20230624T022531_R046_T50PQT_20230624T082536,100,,0.0,0.0,0.0,0.0,0.0,29.875,0.0,30.945,0.7475,38.4325,0.0,40000,0,0.0,20000.000000000582,20000.000000000233,0.3485679626464844,70.125,,0.0,0.0,0.0,0.0,0.0,-0.10190000000000055,0.0,0.06500000000000128,-0.010499999999999954,0.04739999999999611,0.0,0.10190000000000055,0.10190000000000055,20000.0
166,T50PQT_20000_4,S2A_MSIL2A_20230624T022531_R046_T50PQT_20230624T082536,200,,0.0,0.0,0.0,0.0,0.0,29.01,0.0,31.6,0.77,38.62,0.0,10000,0,0.0,20000.000000000582,20000.000000000233,0.319155216217041,70.99000000000001,,0.0,0.0,0.0,0.0,0.0,-0.966899999999999,0.0,0.7200000000000024,0.01200000000000001,0.2348999999999961,0.0,0.9669000000000096,0.9669000000000096,20000.0
172,T50PQT_20000_4,S2A_MSIL2A_20230624T022531_R046_T50PQT_20230624T082536,500,,0.0,0.0,0.0,0.0,0.0,28.0,0.0,31.9375,0.9375,39.125,0.0,1600,0,0.0,20000.000000000582,20000.000000000233,0.3451106548309326,72.0,,0.0,0.0,0.0,0.0,0.0,-1.9769000000000005,0.0,1.057500000000001,0.1795,0.7398999999999987,0.0,1.9769000000000005,1.9769000000000005,20000.0
178,T50PQT_20000_4,S2A_MSIL2A_20230624T022531_R046_T50PQT_20230624T082536,1000,,0.0,0.0,0.0,0.0,0.0,22.5,0.0,37.25,0.5,39.75,0.0,400,0,0.0,20000.000000000582,20000.000000000233,0.3890666961669922,77.5,,0.0,0.0,0.0,0.0,0.0,-7.4769000000000005,0.0,6.370000000000001,-0.258,1.3648999999999987,0.0,7.4769000000000005,7.4769000000000005,20000.0
145,T50PQT_20000_4,S2B_MSIL2A_20230609T022539_R046_T50PQT_20230609T075214,20,,0.0,0.0,0.0,0.0,0.0,0.0,0.0,100.0,0.0,0.0,0.0,1000000,0,0.0,20000.000000000582,20000.000000000233,0.4882991313934326,100.0,,0.0,0.0,0.0,0.0,0.0,0.0,0.0,0.0,0.0,0.0,0.0,0.0,0.0,20000.0
151,T50PQT_20000_4,S2B_MSIL2A_20230609T022539_R046_T50PQT_20230609T075214,50,,0.0,0.0,0.0,0.0,0.0,0.0,0.0,100.0,0.0,0.0,0.0,160000,0,0.0,20000.000000000582,20000.000000000233,0.36760616302490234,100.0,,0.0,0.0,0.0,0.0,0.0,0.0,0.0,0.0,0.0,0.0,0.0,0.0,0.0,20000.0
157,T50PQT_20000_4,S2B_MSIL2A_20230609T022539_R046_T50PQT_20230609T075214,100,,0.0,0.0,0.0,0.0,0.0,0.0,0.0,100.0,0.0,0.0,0.0,40000,0,0.0,20000.000000000582,20000.000000000233,0.3485679626464844,100.0,,0.0,0.0,0.0,0.0,0.0,0.0,0.0,0.0,0.0,0.0,0.0,0.0,0.0,20000.0
163,T50PQT_20000_4,S2B_MSIL2A_20230609T022539_R046_T50PQT_20230609T075214,200,,0.0,0.0,0.0,0.0,0.0,0.0,0.0,100.0,0.0,0.0,0.0,10000,0,0.0,20000.000000000582,20000.000000000233,0.319155216217041,100.0,,0.0,0.0,0.0,0.0,0.0,0.0,0.0,0.0,0.0,0.0,0.0,0.0,0.0,20000.0
169,T50PQT_20000_4,S2B_MSIL2A_20230609T022539_R046_T50PQT_20230609T075214,500,,0.0,0.0,0.0,0.0,0.0,0.0,0.0,100.0,0.0,0.0,0.0,1600,0,0.0,20000.000000000582,20000.000000000233,0.3451106548309326,100.0,,0.0,0.0,0.0,0.0,0.0,0.0,0.0,0.0,0.0,0.0,0.0,0.0,0.0,20000.0
175,T50PQT_20000_4,S2B_MSIL2A_20230609T022539_R046_T50PQT_20230609T075214,1000,,0.0,0.0,0.0,0.0,0.0,0.0,0.0,100.0,0.0,0.0,0.0,400,0,0.0,20000.000000000582,20000.000000000233,0.3890666961669922,100.0,,0.0,0.0,0.0,0.0,0.0,0.0,0.0,0.0,0.0,0.0,0.0,0.0,0.0,20000.0
147,T50PQT_20000_4,S2B_MSIL2A_20230619T022539_R046_T50PQT_20230619T074224,20,,0.0,0.0,0.0,0.0,0.0,93.50658051974156,0.0,3.576010728032184,2.8888086664259993,0.0286000858002574,0.0,1000000,3,0.0003,20000.000000000582,20000.000000000233,0.4882991313934326,6.493419480258441,,0.0,0.0,0.0,0.0,0.0,0.0,0.0,0.0,0.0,0.0,0.0,0.0,0.0,20000.0
153,T50PQT_20000_4,S2B_MSIL2A_20230619T022539_R046_T50PQT_20230619T074224,50,,0.0,0.0,0.0,0.0,0.0,93.50375,0.0,3.574375,2.893125,0.02875,0.0,160000,0,0.0,20000.000000000582,20000.000000000233,0.36760616302490234,6.496249999999999,,0.0,0.0,0.0,0.0,0.0,-0.0028305197415647854,0.0,-0.0016357280321841472,0.00431633357400063,0.00014991419974260192,0.0,0.00283051974155768,0.0028305197415647854,20000.0
159,T50PQT_20000_4,S2B_MSIL2A_20230619T022539_R046_T50PQT_20230619T074224,100,,0.0,0.0,0.0,0.0,0.0,93.485,0.0,3.615,2.8725,0.0275,0.0,40000,0,0.0,20000.000000000582,20000.000000000233,0.3485679626464844,6.515000000000001,,0.0,0.0,0.0,0.0,0.0,-0.021580519741561943,0.0,0.03898927196781621,-0.016308666425999263,-0.0011000858002573992,0.0,0.02158051974155928,0.021580519741561943,20000.0
165,T50PQT_20000_4,S2B_MSIL2A_20230619T022539_R046_T50PQT_20230619T074224,200,,0.0,0.0,0.0,0.0,0.0,93.6,0.0,3.65,2.72,0.03,0.0,10000,0,0.0,20000.000000000582,20000.000000000233,0.319155216217041,6.4,,0.0,0.0,0.0,0.0,0.0,0.09341948025843294,0.0,0.0739892719678159,-0.16880866642599912,0.0013999141997425996,0.0,-0.09341948025844093,0.09341948025844093,20000.0
171,T50PQT_20000_4,S2B_MSIL2A_20230619T022539_R046_T50PQT_20230619T074224,500,,0.0,0.0,0.0,0.0,0.0,93.625,0.0,3.75,2.5625,0.0625,0.0,1600,0,0.0,20000.000000000582,20000.000000000233,0.3451106548309326,6.375,,0.0,0.0,0.0,0.0,0.0,0.11841948025843863,0.0,0.173989271967816,-0.3263086664259993,0.0338999141997426,0.0,-0.11841948025844129,0.11841948025844129,20000.0
177,T50PQT_20000_4,S2B_MSIL2A_20230619T022539_R046_T50PQT_20230619T074224,1000,,0.0,0.0,0.0,0.0,0.0,94.0,0.0,3.5,2.5,0.0,0.0,400,0,0.0,20000.000000000582,20000.000000000233,0.3890666961669922,6.0,,0.0,0.0,0.0,0.0,0.0,0.4934194802584386,0.0,-0.076010728032184,-0.3888086664259993,-0.0286000858002574,0.0,-0.4934194802584413,0.4934194802584413,20000.0
149,T50PQT_20000_4,S2B_MSIL2A_20230629T022539_R046_T50PQT_20230629T115903,20,,0.0,0.0,0.0,0.0,0.0,0.0,0.0,11.7052,88.2948,0.0,0.0,1000000,0,0.0,20000.000000000582,20000.000000000233,0.4882991313934326,100.0,,0.0,0.0,0.0,0.0,0.0,0.0,0.0,0.0,0.0,0.0,0.0,0.0,0.0,20000.0
155,T50PQT_20000_4,S2B_MSIL2A_20230629T022539_R046_T50PQT_20230629T115903,50,,0.0,0.0,0.0,0.0,0.0,0.0,0.0,11.676875,88.323125,0.0,0.0,160000,0,0.0,20000.000000000582,20000.000000000233,0.36760616302490234,100.0,,0.0,0.0,0.0,0.0,0.0,0.0,0.0,-0.028324999999998823,0.02832500000000948,0.0,0.0,0.0,0.0,20000.0
161,T50PQT_20000_4,S2B_MSIL2A_20230629T022539_R046_T50PQT_20230629T115903,100,,0.0,0.0,0.0,0.0,0.0,0.0,0.0,11.67,88.33,0.0,0.0,40000,0,0.0,20000.000000000582,20000.000000000233,0.3485679626464844,100.0,,0.0,0.0,0.0,0.0,0.0,0.0,0.0,-0.035199999999999676,0.03520000000000323,0.0,0.0,0.0,0.0,20000.0
167,T50PQT_20000_4,S2B_MSIL2A_20230629T022539_R046_T50PQT_20230629T115903,200,,0.0,0.0,0.0,0.0,0.0,0.0,0.0,11.14,88.86,0.0,0.0,10000,0,0.0,20000.000000000582,20000.000000000233,0.319155216217041,100.0,,0.0,0.0,0.0,0.0,0.0,0.0,0.0,-0.565199999999999,0.5652000000000044,0.0,0.0,0.0,0.0,20000.0
173,T50PQT_20000_4,S2B_MSIL2A_20230629T022539_R046_T50PQT_20230629T115903,500,,0.0,0.0,0.0,0.0,0.0,0.0,0.0,10.8125,89.1875,0.0,0.0,1600,0,0.0,20000.000000000582,20000.000000000233,0.3451106548309326,100.0,,0.0,0.0,0.0,0.0,0.0,0.0,0.0,-0.8926999999999996,0.8927000000000049,0.0,0.0,0.0,0.0,20000.0
179,T50PQT_20000_4,S2B_MSIL2A_20230629T022539_R046_T50PQT_20230629T115903,1000,,0.0,0.0,0.0,0.0,0.0,0.0,0.0,8.75,91.25,0.0,0.0,400,0,0.0,20000.000000000582,20000.000000000233,0.3890666961669922,100.0,,0.0,0.0,0.0,0.0,0.0,0.0,0.0,-2.9551999999999996,2.955200000000005,0.0,0.0,0.0,0.0,20000.0
180,T50PQT_20000_5,S2A_MSIL2A_20230604T022531_R046_T50PQU_20230604T092752,20,,0.0,0.0,0.0,0.0,0.0,0.0008,0.0,29.8244,31.7184,38.4564,0.0,1000000,0,0.0,20000.000000000815,20000.0,0.535240650177002,99.9992,,0.0,0.0,0.0,0.0,0.0,0.0,0.0,0.0,0.0,0.0,0.0,0.0,0.0,20000.0
186,T50PQT_20000_5,S2A_MSIL2A_20230604T022531_R046_T50PQU_20230604T092752,50,,0.0,0.0,0.0,0.0,0.0,0.000625,0.0,29.879375,31.63,38.49,0.0,160000,0,0.0,20000.000000000815,20000.0,0.3387448787689209,99.999375,,0.0,0.0,0.0,0.0,0.0,-0.00017500000000000003,0.0,0.054974999999998886,-0.08840000000000003,0.03359999999999985,0.0,0.00017499999999870397,0.00017500000000000003,20000.0
192,T50PQT_20000_5,S2A_MSIL2A_20230604T022531_R046_T50PQU_20230604T092752,100,,0.0,0.0,0.0,0.0,0.0,0.0025,0.0,29.7825,31.6475,38.5675,0.0,40000,0,0.0,20000.000000000815,20000.0,0.3868272304534912,99.9975,,0.0,0.0,0.0,0.0,0.0,0.0017000000000000001,0.0,-0.041900000000001825,-0.07089999999999819,0.11110000000000042,0.0,-0.0016999999999995907,0.0017000000000000001,20000.0
198,T50PQT_20000_5,S2A_MSIL2A_20230604T022531_R046_T50PQU_20230604T092752,200,,0.0,0.0,0.0,0.0,0.0,0.0,0.0,30.06,31.13,38.81,0.0,10000,0,0.0,20000.000000000815,20000.0,0.34940457344055176,100.0,,0.0,0.0,0.0,0.0,0.0,-0.0008,0.0,0.23559999999999803,-0.5884,0.35360000000000014,0.0,0.0007999999999981355,0.0008,20000.0
204,T50PQT_20000_5,S2A_MSIL2A_20230604T022531_R046_T50PQU_20230604T092752,500,,0.0,0.0,0.0,0.0,0.0,0.0,0.0,29.4375,30.9375,39.625,0.0,1600,0,0.0,20000.000000000815,20000.0,0.3451688289642334,100.0,,0.0,0.0,0.0,0.0,0.0,-0.0008,0.0,-0.3869000000000007,-0.780899999999999,1.1685999999999979,0.0,0.0007999999999981355,0.0008,20000.0
210,T50PQT_20000_5,S2A_MSIL2A_20230604T022531_R046_T50PQU_20230604T092752,1000,,0.0,0.0,0.0,0.0,0.0,0.0,0.0,31.5,28.0,40.5,0.0,400,0,0.0,20000.000000000815,20000.0,0.3485417366027832,100.0,,0.0,0.0,0.0,0.0,0.0,-0.0008,0.0,1.6755999999999993,-3.718399999999999,2.043599999999998,0.0,0.0007999999999981355,0.0008,20000.0
182,T50PQT_20000_5,S2A_MSIL2A_20230614T022541_R046_T50PQU_20230614T094136,20,,0.0,0.0,0.0,0.0,0.0,0.0,0.0,99.67,0.33,0.0,0.0,1000000,0,0.0,20000.000000000815,20000.0,0.535240650177002,100.0,,0.0,0.0,0.0,0.0,0.0,0.0,0.0,0.0,0.0,0.0,0.0,0.0,0.0,20000.0
188,T50PQT_20000_5,S2A_MSIL2A_20230614T022541_R046_T50PQU_20230614T094136,50,,0.0,0.0,0.0,0.0,0.0,0.0,0.0,99.6675,0.3325,0.0,0.0,160000,0,0.0,20000.000000000815,20000.0,0.3387448787689209,100.0,,0.0,0.0,0.0,0.0,0.0,0.0,0.0,-0.0024999999999977263,0.0025000000000000022,0.0,0.0,0.0,0.0,20000.0
194,T50PQT_20000_5,S2A_MSIL2A_20230614T022541_R046_T50PQU_20230614T094136,100,,0.0,0.0,0.0,0.0,0.0,0.0,0.0,99.6575,0.3425,0.0,0.0,40000,0,0.0,20000.000000000815,20000.0,0.3868272304534912,100.0,,0.0,0.0,0.0,0.0,0.0,0.0,0.0,-0.012500000000002842,0.012500000000000011,0.0,0.0,0.0,0.0,20000.0
200,T50PQT_20000_5,S2A_MSIL2A_20230614T022541_R046_T50PQU_20230614T094136,200,,0.0,0.0,0.0,0.0,0.0,0.0,0.0,99.65,0.35,0.0,0.0,10000,0,0.0,20000.000000000815,20000.0,0.34940457344055176,100.0,,0.0,0.0,0.0,0.0,0.0,0.0,0.0,-0.01999999999999602,0.019999999999999962,0.0,0.0,0.0,0.0,20000.0
206,T50PQT_20000_5,S2A_MSIL2A_20230614T022541_R046_T50PQU_20230614T094136,500,,0.0,0.0,0.0,0.0,0.0,0.0,0.0,99.5625,0.4375,0.0,0.0,1600,0,0.0,20000.000000000815,20000.0,0.3451688289642334,100.0,,0.0,0.0,0.0,0.0,0.0,0.0,0.0,-0.1075000000000017,0.10749999999999998,0.0,0.0,0.0,0.0,20000.0
212,T50PQT_20000_5,S2A_MSIL2A_20230614T022541_R046_T50PQU_20230614T094136,1000,,0.0,0.0,0.0,0.0,0.0,0.0,0.0,99.75,0.25,0.0,0.0,400,0,0.0,20000.000000000815,20000.0,0.3485417366027832,100.0,,0.0,0.0,0.0,0.0,0.0,0.0,0.0,0.0799999999999983,-0.08000000000000002,0.0,0.0,0.0,0.0,20000.0
184,T50PQT_20000_5,S2A_MSIL2A_20230624T022531_R046_T50PQU_20230624T082514,20,,0.0,0.0,0.0,0.0,0.0,82.7604,0.0,7.6828,9.5037,0.0531,0.0,1000000,0,0.0,20000.000000000815,20000.0,0.535240650177002,17.239600000000003,,0.0,0.0,0.0,0.0,0.0,0.0,0.0,0.0,0.0,0.0,0.0,0.0,0.0,20000.0
190,T50PQT_20000_5,S2A_MSIL2A_20230624T022531_R046_T50PQU_20230624T082514,50,,0.0,0.0,0.0,0.0,0.0,82.791875,0.0,7.68125,9.4725,0.054375,0.0,160000,0,0.0,20000.000000000815,20000.0,0.3387448787689209,17.208125000000003,,0.0,0.0,0.0,0.0,0.0,0.031475000000000364,0.0,-0.0015499999999999403,-0.031200000000000117,0.0012749999999999984,0.0,-0.031475000000000364,0.031475000000000364,20000.0
196,T50PQT_20000_5,S2A_MSIL2A_20230624T022531_R046_T50PQU_20230624T082514,100,,0.0,0.0,0.0,0.0,0.0,82.7975,0.0,7.6675,9.4775,0.0575,0.0,40000,0,0.0,20000.000000000815,20000.0,0.3868272304534912,17.2025,,0.0,0.0,0.0,0.0,0.0,0.03709999999999525,0.0,-0.01529999999999987,-0.02620000000000111,0.004400000000000001,0.0,-0.03710000000000235,0.03710000000000235,20000.0
202,T50PQT_20000_5,S2A_MSIL2A_20230624T022531_R046_T50PQU_20230624T082514,200,,0.0,0.0,0.0,0.0,0.0,83.39,0.0,7.34,9.17,0.1,0.0,10000,0,0.0,20000.000000000815,20000.0,0.34940457344055176,16.61,,0.0,0.0,0.0,0.0,0.0,0.6295999999999964,0.0,-0.34280000000000044,-0.33370000000000033,0.046900000000000004,0.0,-0.6296000000000035,0.6296000000000035,20000.0
208,T50PQT_20000_5,S2A_MSIL2A_20230624T022531_R046_T50PQU_20230624T082514,500,,0.0,0.0,0.0,0.0,0.0,83.625,0.0,7.125,9.0625,0.1875,0.0,1600,0,0.0,20000.000000000815,20000.0,0.3451688289642334,16.375,,0.0,0.0,0.0,0.0,0.0,0.8645999999999958,0.0,-0.5578000000000003,-0.44120000000000026,0.1344,0.0,-0.8646000000000029,0.8646000000000029,20000.0
214,T50PQT_20000_5,S2A_MSIL2A_20230624T022531_R046_T50PQU_20230624T082514,1000,,0.0,0.0,0.0,0.0,0.0,87.0,0.0,5.5,7.0,0.5,0.0,400,0,0.0,20000.000000000815,20000.0,0.3485417366027832,13.0,,0.0,0.0,0.0,0.0,0.0,4.239599999999996,0.0,-2.1828000000000003,-2.5037000000000003,0.4469,0.0,-4.239600000000003,4.239600000000003,20000.0
181,T50PQT_20000_5,S2B_MSIL2A_20230609T022539_R046_T50PQU_20230609T073530,20,,0.0,0.0,0.0,0.0,0.0,0.0,0.0,99.9988,0.0012,0.0,0.0,1000000,0,0.0,20000.000000000815,20000.0,0.535240650177002,100.0,,0.0,0.0,0.0,0.0,0.0,0.0,0.0,0.0,0.0,0.0,0.0,0.0,0.0,20000.0
187,T50PQT_20000_5,S2B_MSIL2A_20230609T022539_R046_T50PQU_20230609T073530,50,,0.0,0.0,0.0,0.0,0.0,0.0,0.0,99.999375,0.000625,0.0,0.0,160000,0,0.0,20000.000000000815,20000.0,0.3387448787689209,100.0,,0.0,0.0,0.0,0.0,0.0,0.0,0.0,0.0005749999999977717,-0.0005749999999999999,0.0,0.0,0.0,0.0,20000.0
193,T50PQT_20000_5,S2B_MSIL2A_20230609T022539_R046_T50PQU_20230609T073530,100,,0.0,0.0,0.0,0.0,0.0,0.0,0.0,100.0,0.0,0.0,0.0,40000,0,0.0,20000.000000000815,20000.0,0.3868272304534912,100.0,,0.0,0.0,0.0,0.0,0.0,0.0,0.0,0.0011999999999972033,-0.0012,0.0,0.0,0.0,0.0,20000.0
199,T50PQT_20000_5,S2B_MSIL2A_20230609T022539_R046_T50PQU_20230609T073530,200,,0.0,0.0,0.0,0.0,0.0,0.0,0.0,100.0,0.0,0.0,0.0,10000,0,0.0,20000.000000000815,20000.0,0.34940457344055176,100.0,,0.0,0.0,0.0,0.0,0.0,0.0,0.0,0.0011999999999972033,-0.0012,0.0,0.0,0.0,0.0,20000.0
205,T50PQT_20000_5,S2B_MSIL2A_20230609T022539_R046_T50PQU_20230609T073530,500,,0.0,0.0,0.0,0.0,0.0,0.0,0.0,100.0,0.0,0.0,0.0,1600,0,0.0,20000.000000000815,20000.0,0.3451688289642334,100.0,,0.0,0.0,0.0,0.0,0.0,0.0,0.0,0.0011999999999972033,-0.0012,0.0,0.0,0.0,0.0,20000.0
211,T50PQT_20000_5,S2B_MSIL2A_20230609T022539_R046_T50PQU_20230609T073530,1000,,0.0,0.0,0.0,0.0,0.0,0.0,0.0,100.0,0.0,0.0,0.0,400,0,0.0,20000.000000000815,20000.0,0.3485417366027832,100.0,,0.0,0.0,0.0,0.0,0.0,0.0,0.0,0.0011999999999972033,-0.0012,0.0,0.0,0.0,0.0,20000.0
183,T50PQT_20000_5,S2B_MSIL2A_20230619T022539_R046_T50PQU_20230619T131736,20,,0.0,0.0,0.0,0.00010000310009610298,0.0,91.34903181998642,0.0,2.4602762685643254,6.190591908349159,0.0,0.0,1000000,31,0.0031,20000.000000000815,20000.0,0.535240650177002,8.650868176913484,,0.0,0.0,0.0,0.0,0.0,0.0,0.0,0.0,0.0,0.0,0.0,0.0,0.0,20000.0
189,T50PQT_20000_5,S2B_MSIL2A_20230619T022539_R046_T50PQU_20230619T131736,50,,0.0,0.0,0.0,0.0,0.0,91.36598018688083,0.0,2.44507640863777,6.18894340448139,0.0,0.0,160000,5,0.003125,20000.000000000815,20000.0,0.3387448787689209,8.63401981311916,,0.0,0.0,0.0,-0.00010000310009610298,0.0,0.016948366894411038,0.0,-0.01519985992655526,-0.0016485038677691577,0.0,0.0,-0.016848363794323973,0.016948366894411038,20000.0
195,T50PQT_20000_5,S2B_MSIL2A_20230619T022539_R046_T50PQU_20230619T131736,100,,0.0,0.0,0.0,0.0,0.0,91.38,0.0,2.4075,6.2125,0.0,0.0,40000,0,0.0,20000.000000000815,20000.0,0.3868272304534912,8.620000000000001,,0.0,0.0,0.0,-0.00010000310009610298,0.0,0.030968180013573487,0.0,-0.05277626856432516,0.0219080916508414,0.0,0.0,-0.03086817691348287,0.030968180013573487,20000.0
201,T50PQT_20000_5,S2B_MSIL2A_20230619T022539_R046_T50PQU_20230619T131736,200,,0.0,0.0,0.0,0.0,0.0,91.37,0.0,2.41,6.22,0.0,0.0,10000,0,0.0,20000.000000000815,20000.0,0.34940457344055176,8.629999999999999,,0.0,0.0,0.0,-0.00010000310009610298,0.0,0.020968180013582582,0.0,-0.05027626856432521,0.029408091650840795,0.0,0.0,-0.02086817691348486,0.020968180013582582,20000.0
207,T50PQT_20000_5,S2B_MSIL2A_20230619T022539_R046_T50PQU_20230619T131736,500,,0.0,0.0,0.0,0.0,0.0,91.8125,0.0,1.8125,6.375,0.0,0.0,1600,0,0.0,20000.000000000815,20000.0,0.3451688289642334,8.1875,,0.0,0.0,0.0,-0.00010000310009610298,0.0,0.46346818001357803,0.0,-0.6477762685643254,0.18440809165084104,0.0,0.0,-0.46336817691348386,0.46346818001357803,20000.0
213,T50PQT_20000_5,S2B_MSIL2A_20230619T022539_R046_T50PQU_20230619T131736,1000,,0.0,0.0,0.0,0.0,0.0,91.75,0.0,2.0,6.25,0.0,0.0,400,0,0.0,20000.000000000815,20000.0,0.3485417366027832,8.25,,0.0,0.0,0.0,-0.00010000310009610298,0.0,0.40096818001357803,0.0,-0.46027626856432535,0.059408091650841044,0.0,0.0,-0.40086817691348386,0.40096818001357803,20000.0
185,T50PQT_20000_5,S2B_MSIL2A_20230629T022539_R046_T50PQU_20230629T120235,20,,0.0,0.0,0.0,0.0,0.0,0.0,0.0,0.0,100.0,0.0,0.0,1000000,0,0.0,20000.000000000815,20000.0,0.535240650177002,100.0,,0.0,0.0,0.0,0.0,0.0,0.0,0.0,0.0,0.0,0.0,0.0,0.0,0.0,20000.0
191,T50PQT_20000_5,S2B_MSIL2A_20230629T022539_R046_T50PQU_20230629T120235,50,,0.0,0.0,0.0,0.0,0.0,0.0,0.0,0.0,100.0,0.0,0.0,160000,0,0.0,20000.000000000815,20000.0,0.3387448787689209,100.0,,0.0,0.0,0.0,0.0,0.0,0.0,0.0,0.0,0.0,0.0,0.0,0.0,0.0,20000.0
197,T50PQT_20000_5,S2B_MSIL2A_20230629T022539_R046_T50PQU_20230629T120235,100,,0.0,0.0,0.0,0.0,0.0,0.0,0.0,0.0,100.0,0.0,0.0,40000,0,0.0,20000.000000000815,20000.0,0.3868272304534912,100.0,,0.0,0.0,0.0,0.0,0.0,0.0,0.0,0.0,0.0,0.0,0.0,0.0,0.0,20000.0
203,T50PQT_20000_5,S2B_MSIL2A_20230629T022539_R046_T50PQU_20230629T120235,200,,0.0,0.0,0.0,0.0,0.0,0.0,0.0,0.0,100.0,0.0,0.0,10000,0,0.0,20000.000000000815,20000.0,0.34940457344055176,100.0,,0.0,0.0,0.0,0.0,0.0,0.0,0.0,0.0,0.0,0.0,0.0,0.0,0.0,20000.0
209,T50PQT_20000_5,S2B_MSIL2A_20230629T022539_R046_T50PQU_20230629T120235,500,,0.0,0.0,0.0,0.0,0.0,0.0,0.0,0.0,100.0,0.0,0.0,1600,0,0.0,20000.000000000815,20000.0,0.3451688289642334,100.0,,0.0,0.0,0.0,0.0,0.0,0.0,0.0,0.0,0.0,0.0,0.0,0.0,0.0,20000.0
215,T50PQT_20000_5,S2B_MSIL2A_20230629T022539_R046_T50PQU_20230629T120235,1000,,0.0,0.0,0.0,0.0,0.0,0.0,0.0,0.0,100.0,0.0,0.0,400,0,0.0,20000.000000000815,20000.0,0.3485417366027832,100.0,,0.0,0.0,0.0,0.0,0.0,0.0,0.0,0.0,0.0,0.0,0.0,0.0,0.0,20000.0
216,T50PQT_20000_6,S2A_MSIL2A_20230604T022531_R046_T50PQT_20230604T082521,20,,0.0,0.0,0.0,0.0,0.0,0.0,0.0,100.0,0.0,0.0,0.0,1000000,0,0.0,20000.000000001746,20000.0,0.46595072746276855,100.0,,0.0,0.0,0.0,0.0,0.0,0.0,0.0,0.0,0.0,0.0,0.0,0.0,0.0,20000.0
222,T50PQT_20000_6,S2A_MSIL2A_20230604T022531_R046_T50PQT_20230604T082521,50,,0.0,0.0,0.0,0.0,0.0,0.0,0.0,100.0,0.0,0.0,0.0,160000,0,0.0,20000.000000001746,20000.0,0.36005234718322754,100.0,,0.0,0.0,0.0,0.0,0.0,0.0,0.0,0.0,0.0,0.0,0.0,0.0,0.0,20000.0
228,T50PQT_20000_6,S2A_MSIL2A_20230604T022531_R046_T50PQT_20230604T082521,100,,0.0,0.0,0.0,0.0,0.0,0.0,0.0,100.0,0.0,0.0,0.0,40000,0,0.0,20000.000000001746,20000.0,0.3180699348449707,100.0,,0.0,0.0,0.0,0.0,0.0,0.0,0.0,0.0,0.0,0.0,0.0,0.0,0.0,20000.0
234,T50PQT_20000_6,S2A_MSIL2A_20230604T022531_R046_T50PQT_20230604T082521,200,,0.0,0.0,0.0,0.0,0.0,0.0,0.0,100.0,0.0,0.0,0.0,10000,0,0.0,20000.000000001746,20000.0,0.3248755931854248,100.0,,0.0,0.0,0.0,0.0,0.0,0.0,0.0,0.0,0.0,0.0,0.0,0.0,0.0,20000.0
240,T50PQT_20000_6,S2A_MSIL2A_20230604T022531_R046_T50PQT_20230604T082521,500,,0.0,0.0,0.0,0.0,0.0,0.0,0.0,100.0,0.0,0.0,0.0,1600,0,0.0,20000.000000001746,20000.0,0.31514525413513184,100.0,,0.0,0.0,0.0,0.0,0.0,0.0,0.0,0.0,0.0,0.0,0.0,0.0,0.0,20000.0
246,T50PQT_20000_6,S2A_MSIL2A_20230604T022531_R046_T50PQT_20230604T082521,1000,,0.0,0.0,0.0,0.0,0.0,0.0,0.0,100.0,0.0,0.0,0.0,400,0,0.0,20000.000000001746,20000.0,0.3277313709259033,100.0,,0.0,0.0,0.0,0.0,0.0,0.0,0.0,0.0,0.0,0.0,0.0,0.0,0.0,20000.0
218,T50PQT_20000_6,S2A_MSIL2A_20230614T022541_R046_T50PQT_20230614T094130,20,,0.0,0.0,0.0,0.0,0.0,0.0,0.0,98.2585,0.0,1.7415,0.0,1000000,0,0.0,20000.000000001746,20000.0,0.46595072746276855,100.0,,0.0,0.0,0.0,0.0,0.0,0.0,0.0,0.0,0.0,0.0,0.0,0.0,0.0,20000.0
224,T50PQT_20000_6,S2A_MSIL2A_20230614T022541_R046_T50PQT_20230614T094130,50,,0.0,0.0,0.0,0.0,0.0,0.0,0.0,98.235,0.0,1.765,0.0,160000,0,0.0,20000.000000001746,20000.0,0.36005234718322754,100.0,,0.0,0.0,0.0,0.0,0.0,0.0,0.0,-0.023499999999998522,0.0,0.023499999999999854,0.0,0.0,0.0,20000.0
230,T50PQT_20000_6,S2A_MSIL2A_20230614T022541_R046_T50PQT_20230614T094130,100,,0.0,0.0,0.0,0.0,0.0,0.0,0.0,98.2425,0.0,1.7575,0.0,40000,0,0.0,20000.000000001746,20000.0,0.3180699348449707,100.0,,0.0,0.0,0.0,0.0,0.0,0.0,0.0,-0.015999999999991132,0.0,0.016000000000000014,0.0,0.0,0.0,20000.0
236,T50PQT_20000_6,S2A_MSIL2A_20230614T022541_R046_T50PQT_20230614T094130,200,,0.0,0.0,0.0,0.0,0.0,0.0,0.0,98.02,0.0,1.98,0.0,10000,0,0.0,20000.000000001746,20000.0,0.3248755931854248,100.0,,0.0,0.0,0.0,0.0,0.0,0.0,0.0,-0.23850000000000193,0.0,0.23849999999999993,0.0,0.0,0.0,20000.0
242,T50PQT_20000_6,S2A_MSIL2A_20230614T022541_R046_T50PQT_20230614T094130,500,,0.0,0.0,0.0,0.0,0.0,0.0,0.0,98.0,0.0,2.0,0.0,1600,0,0.0,20000.000000001746,20000.0,0.31514525413513184,100.0,,0.0,0.0,0.0,0.0,0.0,0.0,0.0,-0.25849999999999795,0.0,0.25849999999999995,0.0,0.0,0.0,20000.0
248,T50PQT_20000_6,S2A_MSIL2A_20230614T022541_R046_T50PQT_20230614T094130,1000,,0.0,0.0,0.0,0.0,0.0,0.0,0.0,96.5,0.0,3.5,0.0,400,0,0.0,20000.000000001746,20000.0,0.3277313709259033,100.0,,0.0,0.0,0.0,0.0,0.0,0.0,0.0,-1.758499999999998,0.0,1.7585,0.0,0.0,0.0,20000.0
220,T50PQT_20000_6,S2A_MSIL2A_20230624T022531_R046_T50PQT_20230624T082536,20,,0.0,0.0,0.0,0.0,0.0,0.0,0.0,78.9721,21.0279,0.0,0.0,1000000,0,0.0,20000.000000001746,20000.0,0.46595072746276855,100.0,,0.0,0.0,0.0,0.0,0.0,0.0,0.0,0.0,0.0,0.0,0.0,0.0,0.0,20000.0
226,T50PQT_20000_6,S2A_MSIL2A_20230624T022531_R046_T50PQT_20230624T082536,50,,0.0,0.0,0.0,0.0,0.0,0.0,0.0,78.888125,21.111875,0.0,0.0,160000,0,0.0,20000.000000001746,20000.0,0.36005234718322754,100.0,,0.0,0.0,0.0,0.0,0.0,0.0,0.0,-0.08397499999999525,0.08397500000000235,0.0,0.0,0.0,0.0,20000.0
232,T50PQT_20000_6,S2A_MSIL2A_20230624T022531_R046_T50PQT_20230624T082536,100,,0.0,0.0,0.0,0.0,0.0,0.0,0.0,78.925,21.075,0.0,0.0,40000,0,0.0,20000.000000001746,20000.0,0.3180699348449707,100.0,,0.0,0.0,0.0,0.0,0.0,0.0,0.0,-0.047100000000000364,0.047100000000000364,0.0,0.0,0.0,0.0,20000.0
238,T50PQT_20000_6,S2A_MSIL2A_20230624T022531_R046_T50PQT_20230624T082536,200,,0.0,0.0,0.0,0.0,0.0,0.0,0.0,78.2,21.8,0.0,0.0,10000,0,0.0,20000.000000001746,20000.0,0.3248755931854248,100.0,,0.0,0.0,0.0,0.0,0.0,0.0,0.0,-0.7720999999999947,0.7721000000000018,0.0,0.0,0.0,0.0,20000.0
244,T50PQT_20000_6,S2A_MSIL2A_20230624T022531_R046_T50PQT_20230624T082536,500,,0.0,0.0,0.0,0.0,0.0,0.0,0.0,77.6875,22.3125,0.0,0.0,1600,0,0.0,20000.000000001746,20000.0,0.31514525413513184,100.0,,0.0,0.0,0.0,0.0,0.0,0.0,0.0,-1.2845999999999975,1.284600000000001,0.0,0.0,0.0,0.0,20000.0
250,T50PQT_20000_6,S2A_MSIL2A_20230624T022531_R046_T50PQT_20230624T082536,1000,,0.0,0.0,0.0,0.0,0.0,0.0,0.0,74.5,25.5,0.0,0.0,400,0,0.0,20000.000000001746,20000.0,0.3277313709259033,100.0,,0.0,0.0,0.0,0.0,0.0,0.0,0.0,-4.4720999999999975,4.472100000000001,0.0,0.0,0.0,0.0,20000.0
217,T50PQT_20000_6,S2B_MSIL2A_20230609T022539_R046_T50PQT_20230609T075214,20,,0.0,0.0,0.0,0.0,0.0,0.0,0.0,100.0,0.0,0.0,0.0,1000000,0,0.0,20000.000000001746,20000.0,0.46595072746276855,100.0,,0.0,0.0,0.0,0.0,0.0,0.0,0.0,0.0,0.0,0.0,0.0,0.0,0.0,20000.0
223,T50PQT_20000_6,S2B_MSIL2A_20230609T022539_R046_T50PQT_20230609T075214,50,,0.0,0.0,0.0,0.0,0.0,0.0,0.0,100.0,0.0,0.0,0.0,160000,0,0.0,20000.000000001746,20000.0,0.36005234718322754,100.0,,0.0,0.0,0.0,0.0,0.0,0.0,0.0,0.0,0.0,0.0,0.0,0.0,0.0,20000.0
229,T50PQT_20000_6,S2B_MSIL2A_20230609T022539_R046_T50PQT_20230609T075214,100,,0.0,0.0,0.0,0.0,0.0,0.0,0.0,100.0,0.0,0.0,0.0,40000,0,0.0,20000.000000001746,20000.0,0.3180699348449707,100.0,,0.0,0.0,0.0,0.0,0.0,0.0,0.0,0.0,0.0,0.0,0.0,0.0,0.0,20000.0
235,T50PQT_20000_6,S2B_MSIL2A_20230609T022539_R046_T50PQT_20230609T075214,200,,0.0,0.0,0.0,0.0,0.0,0.0,0.0,100.0,0.0,0.0,0.0,10000,0,0.0,20000.000000001746,20000.0,0.3248755931854248,100.0,,0.0,0.0,0.0,0.0,0.0,0.0,0.0,0.0,0.0,0.0,0.0,0.0,0.0,20000.0
241,T50PQT_20000_6,S2B_MSIL2A_20230609T022539_R046_T50PQT_20230609T075214,500,,0.0,0.0,0.0,0.0,0.0,0.0,0.0,100.0,0.0,0.0,0.0,1600,0,0.0,20000.000000001746,20000.0,0.31514525413513184,100.0,,0.0,0.0,0.0,0.0,0.0,0.0,0.0,0.0,0.0,0.0,0.0,0.0,0.0,20000.0
247,T50PQT_20000_6,S2B_MSIL2A_20230609T022539_R046_T50PQT_20230609T075214,1000,,0.0,0.0,0.0,0.0,0.0,0.0,0.0,100.0,0.0,0.0,0.0,400,0,0.0,20000.000000001746,20000.0,0.3277313709259033,100.0,,0.0,0.0,0.0,0.0,0.0,0.0,0.0,0.0,0.0,0.0,0.0,0.0,0.0,20000.0
219,T50PQT_20000_6,S2B_MSIL2A_20230619T022539_R046_T50PQT_20230619T074224,20,,0.0,0.0152,0.5482,0.1994,0.0022,18.6027,0.0065,8.1297,0.2538,72.2423,0.0,1000000,0,0.0,20000.000000001746,20000.0,0.46595072746276855,80.6258,,0.0,0.0,0.0,0.0,0.0,0.0,0.0,0.0,0.0,0.0,0.0,0.0,0.0,20000.0
225,T50PQT_20000_6,S2B_MSIL2A_20230619T022539_R046_T50PQT_20230619T074224,50,,0.0,0.014375,0.558125,0.201875,0.003125,18.625,0.004375,8.145,0.26375,72.184375,0.0,160000,0,0.0,20000.000000001746,20000.0,0.36005234718322754,80.593125,,0.0,-0.0008249999999999993,0.009924999999999962,0.002475000000000005,0.000925,0.02230000000000132,-0.0021249999999999993,0.01529999999999987,0.009949999999999959,-0.05792499999999734,0.0,-0.03267499999999757,0.03267499999999757,20000.0
231,T50PQT_20000_6,S2B_MSIL2A_20230619T022539_R046_T50PQT_20230619T074224,100,,0.0,0.01,0.5625,0.2075,0.0025,18.62,0.005,8.155,0.265,72.1725,0.0,40000,0,0.0,20000.000000001746,20000.0,0.3180699348449707,80.5925,,0.0,-0.0052,0.01429999999999998,0.008099999999999996,0.0002999999999999999,0.017300000000002314,-0.0014999999999999996,0.025299999999999656,0.011199999999999988,-0.06980000000000075,0.0,-0.033299999999997,0.033299999999997,20000.0
237,T50PQT_20000_6,S2B_MSIL2A_20230619T022539_R046_T50PQT_20230619T074224,200,,0.0,0.01,0.63,0.21,0.0,18.85,0.01,8.07,0.27,71.95,0.0,10000,0,0.0,20000.000000001746,20000.0,0.3248755931854248,80.29,,0.0,-0.0052,0.08179999999999998,0.010599999999999998,-0.0022,0.24730000000000274,0.0035000000000000005,-0.05969999999999942,0.016199999999999992,-0.29229999999999734,0.0,-0.3357999999999919,0.3357999999999919,20000.0
243,T50PQT_20000_6,S2B_MSIL2A_20230619T022539_R046_T50PQT_20230619T074224,500,,0.0,0.0625,0.75,0.1875,0.0,18.75,0.0,7.5625,0.3125,72.375,0.0,1600,0,0.0,20000.000000001746,20000.0,0.31514525413513184,80.25,,0.0,0.0473,0.20179999999999998,-0.011899999999999994,-0.0022,0.14730000000000132,-0.0065,-0.5671999999999997,0.058699999999999974,0.13269999999999982,0.0,-0.37579999999999814,0.37579999999999814,20000.0
249,T50PQT_20000_6,S2B_MSIL2A_20230619T022539_R046_T50PQT_20230619T074224,1000,,0.0,0.0,1.0,0.0,0.0,19.75,0.0,7.5,0.5,71.25,0.0,400,0,0.0,20000.000000001746,20000.0,0.3277313709259033,79.25,,0.0,-0.0152,0.4518,-0.1994,-0.0022,1.1473000000000013,-0.0065,-0.6296999999999997,0.24619999999999997,-0.9923000000000002,0.0,-1.3757999999999981,1.3757999999999981,20000.0
221,T50PQT_20000_6,S2B_MSIL2A_20230629T022539_R046_T50PQT_20230629T115903,20,,0.0,0.0,0.0,0.0,0.0,0.0,0.0,95.445,4.2265,0.3285,0.0,1000000,0,0.0,20000.000000001746,20000.0,0.46595072746276855,100.0,,0.0,0.0,0.0,0.0,0.0,0.0,0.0,0.0,0.0,0.0,0.0,0.0,0.0,20000.0
227,T50PQT_20000_6,S2B_MSIL2A_20230629T022539_R046_T50PQT_20230629T115903,50,,0.0,0.0,0.0,0.0,0.0,0.0,0.0,95.43125,4.245625,0.323125,0.0,160000,0,0.0,20000.000000001746,20000.0,0.36005234718322754,100.00000000000001,,0.0,0.0,0.0,0.0,0.0,0.0,0.0,-0.013749999999987494,0.019125000000000725,-0.005375000000000019,0.0,1.4210854715202004e-14,1.4210854715202004e-14,20000.0
233,T50PQT_20000_6,S2B_MSIL2A_20230629T022539_R046_T50PQT_20230629T115903,100,,0.0,0.0,0.0,0.0,0.0,0.0,0.0,95.4475,4.21,0.3425,0.0,40000,0,0.0,20000.000000001746,20000.0,0.3180699348449707,100.0,,0.0,0.0,0.0,0.0,0.0,0.0,0.0,0.002500000000011937,-0.016499999999999737,0.014000000000000012,0.0,0.0,0.0,20000.0
239,T50PQT_20000_6,S2B_MSIL2A_20230629T022539_R046_T50PQT_20230629T115903,200,,0.0,0.0,0.0,0.0,0.0,0.0,0.0,95.52,4.17,0.31,0.0,10000,0,0.0,20000.000000001746,20000.0,0.3248755931854248,100.0,,0.0,0.0,0.0,0.0,0.0,0.0,0.0,0.07500000000000284,-0.05649999999999977,-0.018500000000000016,0.0,0.0,0.0,20000.0
245,T50PQT_20000_6,S2B_MSIL2A_20230629T022539_R046_T50PQT_20230629T115903,500,,0.0,0.0,0.0,0.0,0.0,0.0,0.0,94.875,4.5625,0.5625,0.0,1600,0,0.0,20000.000000001746,20000.0,0.31514525413513184,100.0,,0.0,0.0,0.0,0.0,0.0,0.0,0.0,-0.5699999999999932,0.3360000000000003,0.23399999999999999,0.0,0.0,0.0,20000.0
251,T50PQT_20000_6,S2B_MSIL2A_20230629T022539_R046_T50PQT_20230629T115903,1000,,0.0,0.0,0.0,0.0,0.0,0.0,0.0,95.5,4.5,0.0,0.0,400,0,0.0,20000.000000001746,20000.0,0.3277313709259033,100.0,,0.0,0.0,0.0,0.0,0.0,0.0,0.0,0.05500000000000682,0.2735000000000003,-0.3285,0.0,0.0,0.0,20000.0
252,T50PQT_20000_7,S2A_MSIL2A_20230604T022531_R046_T50PQT_20230604T082521,20,,0.0,0.0,0.0,0.0,0.0,0.0,0.0,100.0,0.0,0.0,0.0,1000000,0,0.0,20000.000000002095,20000.000000000233,0.47289609909057617,100.0,,0.0,0.0,0.0,0.0,0.0,0.0,0.0,0.0,0.0,0.0,0.0,0.0,0.0,20000.0
258,T50PQT_20000_7,S2A_MSIL2A_20230604T022531_R046_T50PQT_20230604T082521,50,,0.0,0.0,0.0,0.0,0.0,0.0,0.0,100.0,0.0,0.0,0.0,160000,0,0.0,20000.000000002095,20000.000000000233,0.3983922004699707,100.0,,0.0,0.0,0.0,0.0,0.0,0.0,0.0,0.0,0.0,0.0,0.0,0.0,0.0,20000.0
264,T50PQT_20000_7,S2A_MSIL2A_20230604T022531_R046_T50PQT_20230604T082521,100,,0.0,0.0,0.0,0.0,0.0,0.0,0.0,100.0,0.0,0.0,0.0,40000,0,0.0,20000.000000002095,20000.000000000233,0.381664514541626,100.0,,0.0,0.0,0.0,0.0,0.0,0.0,0.0,0.0,0.0,0.0,0.0,0.0,0.0,20000.0
270,T50PQT_20000_7,S2A_MSIL2A_20230604T022531_R046_T50PQT_20230604T082521,200,,0.0,0.0,0.0,0.0,0.0,0.0,0.0,100.0,0.0,0.0,0.0,10000,0,0.0,20000.000000002095,20000.000000000233,0.3296229839324951,100.0,,0.0,0.0,0.0,0.0,0.0,0.0,0.0,0.0,0.0,0.0,0.0,0.0,0.0,20000.0
276,T50PQT_20000_7,S2A_MSIL2A_20230604T022531_R046_T50PQT_20230604T082521,500,,0.0,0.0,0.0,0.0,0.0,0.0,0.0,100.0,0.0,0.0,0.0,1600,0,0.0,20000.000000002095,20000.000000000233,0.4061300754547119,100.0,,0.0,0.0,0.0,0.0,0.0,0.0,0.0,0.0,0.0,0.0,0.0,0.0,0.0,20000.0
282,T50PQT_20000_7,S2A_MSIL2A_20230604T022531_R046_T50PQT_20230604T082521,1000,,0.0,0.0,0.0,0.0,0.0,0.0,0.0,100.0,0.0,0.0,0.0,400,0,0.0,20000.000000002095,20000.000000000233,0.3344273567199707,100.0,,0.0,0.0,0.0,0.0,0.0,0.0,0.0,0.0,0.0,0.0,0.0,0.0,0.0,20000.0
254,T50PQT_20000_7,S2A_MSIL2A_20230614T022541_R046_T50PQT_20230614T094130,20,,0.0,0.0,0.0,0.0,0.0,0.0,0.0,100.0,0.0,0.0,0.0,1000000,0,0.0,20000.000000002095,20000.000000000233,0.47289609909057617,100.0,,0.0,0.0,0.0,0.0,0.0,0.0,0.0,0.0,0.0,0.0,0.0,0.0,0.0,20000.0
260,T50PQT_20000_7,S2A_MSIL2A_20230614T022541_R046_T50PQT_20230614T094130,50,,0.0,0.0,0.0,0.0,0.0,0.0,0.0,100.0,0.0,0.0,0.0,160000,0,0.0,20000.000000002095,20000.000000000233,0.3983922004699707,100.0,,0.0,0.0,0.0,0.0,0.0,0.0,0.0,0.0,0.0,0.0,0.0,0.0,0.0,20000.0
266,T50PQT_20000_7,S2A_MSIL2A_20230614T022541_R046_T50PQT_20230614T094130,100,,0.0,0.0,0.0,0.0,0.0,0.0,0.0,100.0,0.0,0.0,0.0,40000,0,0.0,20000.000000002095,20000.000000000233,0.381664514541626,100.0,,0.0,0.0,0.0,0.0,0.0,0.0,0.0,0.0,0.0,0.0,0.0,0.0,0.0,20000.0
272,T50PQT_20000_7,S2A_MSIL2A_20230614T022541_R046_T50PQT_20230614T094130,200,,0.0,0.0,0.0,0.0,0.0,0.0,0.0,100.0,0.0,0.0,0.0,10000,0,0.0,20000.000000002095,20000.000000000233,0.3296229839324951,100.0,,0.0,0.0,0.0,0.0,0.0,0.0,0.0,0.0,0.0,0.0,0.0,0.0,0.0,20000.0
278,T50PQT_20000_7,S2A_MSIL2A_20230614T022541_R046_T50PQT_20230614T094130,500,,0.0,0.0,0.0,0.0,0.0,0.0,0.0,100.0,0.0,0.0,0.0,1600,0,0.0,20000.000000002095,20000.000000000233,0.4061300754547119,100.0,,0.0,0.0,0.0,0.0,0.0,0.0,0.0,0.0,0.0,0.0,0.0,0.0,0.0,20000.0
284,T50PQT_20000_7,S2A_MSIL2A_20230614T022541_R046_T50PQT_20230614T094130,1000,,0.0,0.0,0.0,0.0,0.0,0.0,0.0,100.0,0.0,0.0,0.0,400,0,0.0,20000.000000002095,20000.000000000233,0.3344273567199707,100.0,,0.0,0.0,0.0,0.0,0.0,0.0,0.0,0.0,0.0,0.0,0.0,0.0,0.0,20000.0
256,T50PQT_20000_7,S2A_MSIL2A_20230624T022531_R046_T50PQT_20230624T082536,20,,0.0,0.0,0.0,0.0,0.0,0.0,0.0,89.658,4.0702,6.2718,0.0,1000000,0,0.0,20000.000000002095,20000.000000000233,0.47289609909057617,100.0,,0.0,0.0,0.0,0.0,0.0,0.0,0.0,0.0,0.0,0.0,0.0,0.0,0.0,20000.0
262,T50PQT_20000_7,S2A_MSIL2A_20230624T022531_R046_T50PQT_20230624T082536,50,,0.0,0.0,0.0,0.0,0.0,0.0,0.0,89.670625,4.06125,6.268125,0.0,160000,0,0.0,20000.000000002095,20000.000000000233,0.3983922004699707,100.0,,0.0,0.0,0.0,0.0,0.0,0.0,0.0,0.012624999999999886,-0.00894999999999957,-0.0036749999999994287,0.0,0.0,0.0,20000.0
268,T50PQT_20000_7,S2A_MSIL2A_20230624T022531_R046_T50PQT_20230624T082536,100,,0.0,0.0,0.0,0.0,0.0,0.0,0.0,89.6525,4.0825,6.265,0.0,40000,0,0.0,20000.000000002095,20000.000000000233,0.381664514541626,100.0,,0.0,0.0,0.0,0.0,0.0,0.0,0.0,-0.00549999999999784,0.012299999999999756,-0.006800000000000139,0.0,0.0,0.0,20000.0
274,T50PQT_20000_7,S2A_MSIL2A_20230624T022531_R046_T50PQT_20230624T082536,200,,0.0,0.0,0.0,0.0,0.0,0.0,0.0,89.89,3.84,6.27,0.0,10000,0,0.0,20000.000000002095,20000.000000000233,0.3296229839324951,100.0,,0.0,0.0,0.0,0.0,0.0,0.0,0.0,0.23199999999999932,-0.23019999999999996,-0.0018000000000002458,0.0,0.0,0.0,20000.0
280,T50PQT_20000_7,S2A_MSIL2A_20230624T022531_R046_T50PQT_20230624T082536,500,,0.0,0.0,0.0,0.0,0.0,0.0,0.0,89.9375,4.0,6.0625,0.0,1600,0,0.0,20000.000000002095,20000.000000000233,0.4061300754547119,100.0,,0.0,0.0,0.0,0.0,0.0,0.0,0.0,0.27949999999999875,-0.07019999999999982,-0.20929999999999982,0.0,0.0,0.0,20000.0
286,T50PQT_20000_7,S2A_MSIL2A_20230624T022531_R046_T50PQT_20230624T082536,1000,,0.0,0.0,0.0,0.0,0.0,0.0,0.0,89.5,3.5,7.0,0.0,400,0,0.0,20000.000000002095,20000.000000000233,0.3344273567199707,100.0,,0.0,0.0,0.0,0.0,0.0,0.0,0.0,-0.15800000000000125,-0.5701999999999998,0.7282000000000002,0.0,0.0,0.0,20000.0
253,T50PQT_20000_7,S2B_MSIL2A_20230609T022539_R046_T50PQT_20230609T075214,20,,0.0,0.0,0.0,0.0,0.0,0.0251,0.0,95.572,1.8529,2.55,0.0,1000000,0,0.0,20000.000000002095,20000.000000000233,0.47289609909057617,99.9749,,0.0,0.0,0.0,0.0,0.0,0.0,0.0,0.0,0.0,0.0,0.0,0.0,0.0,20000.0
259,T50PQT_20000_7,S2B_MSIL2A_20230609T022539_R046_T50PQT_20230609T075214,50,,0.0,0.0,0.0,0.0,0.0,0.026875,0.0,95.560625,1.849375,2.563125,0.0,160000,0,0.0,20000.000000002095,20000.000000000233,0.3983922004699707,99.973125,,0.0,0.0,0.0,0.0,0.0,0.0017749999999999988,0.0,-0.011375000000001023,-0.0035250000000000004,0.013125000000000053,0.0,-0.001775000000009186,0.001775000000009186,20000.0
265,T50PQT_20000_7,S2B_MSIL2A_20230609T022539_R046_T50PQT_20230609T075214,100,,0.0,0.0,0.0,0.0,0.0,0.0325,0.0,95.5525,1.8475,2.5675,0.0,40000,0,0.0,20000.000000002095,20000.000000000233,0.381664514541626,99.96749999999999,,0.0,0.0,0.0,0.0,0.0,0.0074,0.0,-0.019500000000007844,-0.005400000000000071,0.01750000000000007,0.0,-0.007400000000018281,0.007400000000018281,20000.0
271,T50PQT_20000_7,S2B_MSIL2A_20230609T022539_R046_T50PQT_20230609T075214,200,,0.0,0.0,0.0,0.0,0.0,0.02,0.0,95.57,1.8,2.61,0.0,10000,0,0.0,20000.000000002095,20000.000000000233,0.3296229839324951,99.97999999999999,,0.0,0.0,0.0,0.0,0.0,-0.0051,0.0,-0.0020000000000095497,-0.05289999999999995,0.06000000000000005,0.0,0.005099999999984561,0.0051,20000.0
277,T50PQT_20000_7,S2B_MSIL2A_20230609T022539_R046_T50PQT_20230609T075214,500,,0.0,0.0,0.0,0.0,0.0,0.125,0.0,95.5625,1.8125,2.5,0.0,1600,0,0.0,20000.000000002095,20000.000000000233,0.4061300754547119,99.875,,0.0,0.0,0.0,0.0,0.0,0.0999,0.0,-0.009500000000002728,-0.04039999999999999,-0.04999999999999982,0.0,-0.0999000000000052,0.0999000000000052,20000.0
283,T50PQT_20000_7,S2B_MSIL2A_20230609T022539_R046_T50PQT_20230609T075214,1000,,0.0,0.0,0.0,0.0,0.0,0.0,0.0,94.75,2.0,3.25,0.0,400,0,0.0,20000.000000002095,20000.000000000233,0.3344273567199707,100.0,,0.0,0.0,0.0,0.0,0.0,-0.0251,0.0,-0.8220000000000027,0.1471,0.7000000000000002,0.0,0.025099999999994793,0.0251,20000.0
255,T50PQT_20000_7,S2B_MSIL2A_20230619T022539_R046_T50PQT_20230619T074224,20,,0.0,0.0,0.0,0.0,0.0,0.0666,0.0,66.4956,7.167,26.2708,0.0,1000000,0,0.0,20000.000000002095,20000.000000000233,0.47289609909057617,99.9334,,0.0,0.0,0.0,0.0,0.0,0.0,0.0,0.0,0.0,0.0,0.0,0.0,0.0,20000.0
261,T50PQT_20000_7,S2B_MSIL2A_20230619T022539_R046_T50PQT_20230619T074224,50,,0.0,0.0,0.0,0.0,0.0,0.06875,0.0,66.5125,7.168125,26.250625,0.0,160000,0,0.0,20000.000000002095,20000.000000000233,0.3983922004699707,99.93125,,0.0,0.0,0.0,0.0,0.0,0.002149999999999999,0.0,0.0169000000000068,0.0011250000000000426,-0.02017500000000183,0.0,-0.0021500000000003183,0.0021500000000003183,20000.0
267,T50PQT_20000_7,S2B_MSIL2A_20230619T022539_R046_T50PQT_20230619T074224,100,,0.0,0.0,0.0,0.0,0.0,0.065,0.0,66.5225,7.15,26.2625,0.0,40000,0,0.0,20000.000000002095,20000.000000000233,0.381664514541626,99.935,,0.0,0.0,0.0,0.0,0.0,-0.0016000000000000042,0.0,0.026899999999997704,-0.01699999999999946,-0.008300000000001972,0.0,0.001599999999996271,0.0016000000000000042,20000.0
273,T50PQT_20000_7,S2B_MSIL2A_20230619T022539_R046_T50PQT_20230619T074224,200,,0.0,0.0,0.0,0.0,0.0,0.06,0.0,66.44,7.19,26.31,0.0,10000,0,0.0,20000.000000002095,20000.000000000233,0.3296229839324951,99.94,,0.0,0.0,0.0,0.0,0.0,-0.006600000000000009,0.0,-0.05559999999999832,0.023000000000000576,0.03919999999999746,0.0,0.006599999999991724,0.006600000000000009,20000.0
279,T50PQT_20000_7,S2B_MSIL2A_20230619T022539_R046_T50PQT_20230619T074224,500,,0.0,0.0,0.0,0.0,0.0,0.0625,0.0,66.0,7.5625,26.375,0.0,1600,0,0.0,20000.000000002095,20000.000000000233,0.4061300754547119,99.9375,,0.0,0.0,0.0,0.0,0.0,-0.004100000000000006,0.0,-0.49559999999999604,0.3955000000000002,0.10419999999999874,0.0,0.004099999999993997,0.004100000000000006,20000.0
285,T50PQT_20000_7,S2B_MSIL2A_20230619T022539_R046_T50PQT_20230619T074224,1000,,0.0,0.0,0.0,0.0,0.0,0.0,0.0,65.25,7.25,27.5,0.0,400,0,0.0,20000.000000002095,20000.000000000233,0.3344273567199707,100.0,,0.0,0.0,0.0,0.0,0.0,-0.0666,0.0,-1.245599999999996,0.08300000000000018,1.2291999999999987,0.0,0.066599999999994,0.0666,20000.0
257,T50PQT_20000_7,S2B_MSIL2A_20230629T022539_R046_T50PQT_20230629T115903,20,,0.0,0.0,0.0,0.0,0.0,0.0,0.0,40.2394,57.3328,2.4278,0.0,1000000,0,0.0,20000.000000002095,20000.000000000233,0.47289609909057617,100.00000000000001,,0.0,0.0,0.0,0.0,0.0,0.0,0.0,0.0,0.0,0.0,0.0,0.0,0.0,20000.0
263,T50PQT_20000_7,S2B_MSIL2A_20230629T022539_R046_T50PQT_20230629T115903,50,,0.0,0.0,0.0,0.0,0.0,0.0,0.0,40.17125,57.39625,2.4325,0.0,160000,0,0.0,20000.000000002095,20000.000000000233,0.3983922004699707,100.0,,0.0,0.0,0.0,0.0,0.0,0.0,0.0,-0.06815000000000282,0.06345000000000312,0.0047000000000001485,0.0,-1.4210854715202004e-14,1.4210854715202004e-14,20000.0
269,T50PQT_20000_7,S2B_MSIL2A_20230629T022539_R046_T50PQT_20230629T115903,100,,0.0,0.0,0.0,0.0,0.0,0.0,0.0,40.1875,57.4,2.4125,0.0,40000,0,0.0,20000.000000002095,20000.000000000233,0.381664514541626,100.0,,0.0,0.0,0.0,0.0,0.0,0.0,0.0,-0.05190000000000339,0.0671999999999997,-0.01529999999999987,0.0,-1.4210854715202004e-14,1.4210854715202004e-14,20000.0
275,T50PQT_20000_7,S2B_MSIL2A_20230629T022539_R046_T50PQT_20230629T115903,200,,0.0,0.0,0.0,0.0,0.0,0.0,0.0,39.99,57.68,2.33,0.0,10000,0,0.0,20000.000000002095,20000.000000000233,0.3296229839324951,100.0,,0.0,0.0,0.0,0.0,0.0,0.0,0.0,-0.2494000000000014,0.34720000000000084,-0.09779999999999989,0.0,-1.4210854715202004e-14,1.4210854715202004e-14,20000.0
281,T50PQT_20000_7,S2B_MSIL2A_20230629T022539_R046_T50PQT_20230629T115903,500,,0.0,0.0,0.0,0.0,0.0,0.0,0.0,39.8125,57.6875,2.5,0.0,1600,0,0.0,20000.000000002095,20000.000000000233,0.4061300754547119,100.0,,0.0,0.0,0.0,0.0,0.0,0.0,0.0,-0.4269000000000034,0.3547000000000011,0.07220000000000004,0.0,-1.4210854715202004e-14,1.4210854715202004e-14,20000.0
287,T50PQT_20000_7,S2B_MSIL2A_20230629T022539_R046_T50PQT_20230629T115903,1000,,0.0,0.0,0.0,0.0,0.0,0.0,0.0,40.25,58.0,1.75,0.0,400,0,0.0,20000.000000002095,20000.000000000233,0.3344273567199707,100.0,,0.0,0.0,0.0,0.0,0.0,0.0,0.0,0.010599999999996612,0.6672000000000011,-0.6778,0.0,-1.4210854715202004e-14,1.4210854715202004e-14,20000.0
288,T50PQT_20000_8,S2A_MSIL2A_20230604T022531_R046_T50PQT_20230604T082521,20,,0.0,0.0,0.0,0.0,0.0,0.0,0.0,89.1815,0.5221,10.2964,0.0,1000000,0,0.0,20000.000000001746,20000.000000000233,0.498410701751709,100.0,,0.0,0.0,0.0,0.0,0.0,0.0,0.0,0.0,0.0,0.0,0.0,0.0,0.0,20000.0
294,T50PQT_20000_8,S2A_MSIL2A_20230604T022531_R046_T50PQT_20230604T082521,50,,0.0,0.0,0.0,0.0,0.0,0.0,0.0,89.195625,0.521875,10.2825,0.0,160000,0,0.0,20000.000000001746,20000.000000000233,0.3662540912628174,100.0,,0.0,0.0,0.0,0.0,0.0,0.0,0.0,0.014125000000007049,-0.00022500000000003073,-0.01389999999999958,0.0,0.0,0.0,20000.0
300,T50PQT_20000_8,S2A_MSIL2A_20230604T022531_R046_T50PQT_20230604T082521,100,,0.0,0.0,0.0,0.0,0.0,0.0,0.0,89.2025,0.5175,10.28,0.0,40000,0,0.0,20000.000000001746,20000.000000000233,0.32758522033691406,100.0,,0.0,0.0,0.0,0.0,0.0,0.0,0.0,0.021000000000000796,-0.0046000000000000485,-0.01640000000000086,0.0,0.0,0.0,20000.0
306,T50PQT_20000_8,S2A_MSIL2A_20230604T022531_R046_T50PQT_20230604T082521,200,,0.0,0.0,0.0,0.0,0.0,0.0,0.0,89.62,0.5,9.88,0.0,10000,0,0.0,20000.000000001746,20000.000000000233,0.33383631706237793,100.0,,0.0,0.0,0.0,0.0,0.0,0.0,0.0,0.4385000000000048,-0.02210000000000001,-0.41639999999999944,0.0,0.0,0.0,20000.0
312,T50PQT_20000_8,S2A_MSIL2A_20230604T022531_R046_T50PQT_20230604T082521,500,,0.0,0.0,0.0,0.0,0.0,0.0,0.0,89.9375,0.5,9.5625,0.0,1600,0,0.0,20000.000000001746,20000.000000000233,0.3333895206451416,100.0,,0.0,0.0,0.0,0.0,0.0,0.0,0.0,0.7560000000000002,-0.02210000000000001,-0.7339000000000002,0.0,0.0,0.0,20000.0
318,T50PQT_20000_8,S2A_MSIL2A_20230604T022531_R046_T50PQT_20230604T082521,1000,,0.0,0.0,0.0,0.0,0.0,0.0,0.0,92.25,0.25,7.5,0.0,400,0,0.0,20000.000000001746,20000.000000000233,0.32112669944763184,100.0,,0.0,0.0,0.0,0.0,0.0,0.0,0.0,3.0685000000000002,-0.2721,-2.7964,0.0,0.0,0.0,20000.0
290,T50PQT_20000_8,S2A_MSIL2A_20230614T022541_R046_T50PQT_20230614T094130,20,,0.0,0.0,0.0,0.0,0.0,0.0,0.0,99.4841,0.5159,0.0,0.0,1000000,0,0.0,20000.000000001746,20000.000000000233,0.498410701751709,100.0,,0.0,0.0,0.0,0.0,0.0,0.0,0.0,0.0,0.0,0.0,0.0,0.0,0.0,20000.0
296,T50PQT_20000_8,S2A_MSIL2A_20230614T022541_R046_T50PQT_20230614T094130,50,,0.0,0.0,0.0,0.0,0.0,0.0,0.0,99.47875,0.52125,0.0,0.0,160000,0,0.0,20000.000000001746,20000.000000000233,0.3662540912628174,100.0,,0.0,0.0,0.0,0.0,0.0,0.0,0.0,-0.0053499999999928605,0.005349999999999966,0.0,0.0,0.0,0.0,20000.0
302,T50PQT_20000_8,S2A_MSIL2A_20230614T022541_R046_T50PQT_20230614T094130,100,,0.0,0.0,0.0,0.0,0.0,0.0,0.0,99.48,0.52,0.0,0.0,40000,0,0.0,20000.000000001746,20000.000000000233,0.32758522033691406,100.0,,0.0,0.0,0.0,0.0,0.0,0.0,0.0,-0.004099999999993997,0.0040999999999999925,0.0,0.0,0.0,0.0,20000.0
308,T50PQT_20000_8,S2A_MSIL2A_20230614T022541_R046_T50PQT_20230614T094130,200,,0.0,0.0,0.0,0.0,0.0,0.0,0.0,99.49,0.51,0.0,0.0,10000,0,0.0,20000.000000001746,20000.000000000233,0.33383631706237793,100.0,,0.0,0.0,0.0,0.0,0.0,0.0,0.0,0.005899999999996908,-0.005900000000000016,0.0,0.0,0.0,0.0,20000.0
314,T50PQT_20000_8,S2A_MSIL2A_20230614T022541_R046_T50PQT_20230614T094130,500,,0.0,0.0,0.0,0.0,0.0,0.0,0.0,99.6875,0.3125,0.0,0.0,1600,0,0.0,20000.000000001746,20000.000000000233,0.3333895206451416,100.0,,0.0,0.0,0.0,0.0,0.0,0.0,0.0,0.20340000000000202,-0.20340000000000003,0.0,0.0,0.0,0.0,20000.0
320,T50PQT_20000_8,S2A_MSIL2A_20230614T022541_R046_T50PQT_20230614T094130,1000,,0.0,0.0,0.0,0.0,0.0,0.0,0.0,99.75,0.25,0.0,0.0,400,0,0.0,20000.000000001746,20000.000000000233,0.32112669944763184,100.0,,0.0,0.0,0.0,0.0,0.0,0.0,0.0,0.265900000000002,-0.2659,0.0,0.0,0.0,0.0,20000.0
292,T50PQT_20000_8,S2A_MSIL2A_20230624T022531_R046_T50PQT_20230624T082536,20,,0.0,0.0,0.0,0.0,0.0,0.0,0.0,39.9737,60.0263,0.0,0.0,1000000,0,0.0,20000.000000001746,20000.000000000233,0.498410701751709,100.0,,0.0,0.0,0.0,0.0,0.0,0.0,0.0,0.0,0.0,0.0,0.0,0.0,0.0,20000.0
298,T50PQT_20000_8,S2A_MSIL2A_20230624T022531_R046_T50PQT_20230624T082536,50,,0.0,0.0,0.0,0.0,0.0,0.0,0.0,39.97,60.03,0.0,0.0,160000,0,0.0,20000.000000001746,20000.000000000233,0.3662540912628174,100.0,,0.0,0.0,0.0,0.0,0.0,0.0,0.0,-0.003700000000002035,0.003700000000002035,0.0,0.0,0.0,0.0,20000.0
304,T50PQT_20000_8,S2A_MSIL2A_20230624T022531_R046_T50PQT_20230624T082536,100,,0.0,0.0,0.0,0.0,0.0,0.0,0.0,39.9575,60.0425,0.0,0.0,40000,0,0.0,20000.000000001746,20000.000000000233,0.32758522033691406,100.0,,0.0,0.0,0.0,0.0,0.0,0.0,0.0,-0.016199999999997772,0.016199999999997772,0.0,0.0,0.0,0.0,20000.0
310,T50PQT_20000_8,S2A_MSIL2A_20230624T022531_R046_T50PQT_20230624T082536,200,,0.0,0.0,0.0,0.0,0.0,0.0,0.0,39.93,60.07,0.0,0.0,10000,0,0.0,20000.000000001746,20000.000000000233,0.33383631706237793,100.0,,0.0,0.0,0.0,0.0,0.0,0.0,0.0,-0.04370000000000118,0.04370000000000118,0.0,0.0,0.0,0.0,20000.0
316,T50PQT_20000_8,S2A_MSIL2A_20230624T022531_R046_T50PQT_20230624T082536,500,,0.0,0.0,0.0,0.0,0.0,0.0,0.0,39.8125,60.1875,0.0,0.0,1600,0,0.0,20000.000000001746,20000.000000000233,0.3333895206451416,100.0,,0.0,0.0,0.0,0.0,0.0,0.0,0.0,-0.1612000000000009,0.1612000000000009,0.0,0.0,0.0,0.0,20000.0
322,T50PQT_20000_8,S2A_MSIL2A_20230624T022531_R046_T50PQT_20230624T082536,1000,,0.0,0.0,0.0,0.0,0.0,0.0,0.0,40.25,59.75,0.0,0.0,400,0,0.0,20000.000000001746,20000.000000000233,0.32112669944763184,100.0,,0.0,0.0,0.0,0.0,0.0,0.0,0.0,0.2762999999999991,-0.2762999999999991,0.0,0.0,0.0,0.0,20000.0
289,T50PQT_20000_8,S2B_MSIL2A_20230609T022539_R046_T50PQT_20230609T075214,20,,0.0,0.0,0.0,0.0,0.0,0.0022,0.0,74.2269,25.2092,0.5617,0.0,1000000,0,0.0,20000.000000001746,20000.000000000233,0.498410701751709,99.9978,,0.0,0.0,0.0,0.0,0.0,0.0,0.0,0.0,0.0,0.0,0.0,0.0,0.0,20000.0
295,T50PQT_20000_8,S2B_MSIL2A_20230609T022539_R046_T50PQT_20230609T075214,50,,0.0,0.0,0.0,0.0,0.0,0.0025,0.0,74.140625,25.289375,0.5675,0.0,160000,0,0.0,20000.000000001746,20000.000000000233,0.3662540912628174,99.9975,,0.0,0.0,0.0,0.0,0.0,0.0002999999999999999,0.0,-0.08627500000000055,0.08017500000000055,0.005800000000000027,0.0,-0.0002999999999957481,0.0002999999999999999,20000.0
301,T50PQT_20000_8,S2B_MSIL2A_20230609T022539_R046_T50PQT_20230609T075214,100,,0.0,0.0,0.0,0.0,0.0,0.0,0.0,74.0975,25.325,0.5775,0.0,40000,0,0.0,20000.000000001746,20000.000000000233,0.32758522033691406,100.0,,0.0,0.0,0.0,0.0,0.0,-0.0022,0.0,-0.12940000000000396,0.11580000000000013,0.015800000000000036,0.0,0.002200000000001978,0.002200000000001978,20000.0
307,T50PQT_20000_8,S2B_MSIL2A_20230609T022539_R046_T50PQT_20230609T075214,200,,0.0,0.0,0.0,0.0,0.0,0.0,0.0,73.83,25.6,0.57,0.0,10000,0,0.0,20000.000000001746,20000.000000000233,0.33383631706237793,100.0,,0.0,0.0,0.0,0.0,0.0,-0.0022,0.0,-0.39690000000000225,0.39080000000000226,0.008299999999999974,0.0,0.002200000000001978,0.002200000000001978,20000.0
313,T50PQT_20000_8,S2B_MSIL2A_20230609T022539_R046_T50PQT_20230609T075214,500,,0.0,0.0,0.0,0.0,0.0,0.0,0.0,73.5625,25.8125,0.625,0.0,1600,0,0.0,20000.000000001746,20000.000000000233,0.3333895206451416,100.0,,0.0,0.0,0.0,0.0,0.0,-0.0022,0.0,-0.6644000000000005,0.6033000000000008,0.06330000000000002,0.0,0.002200000000001978,0.002200000000001978,20000.0
319,T50PQT_20000_8,S2B_MSIL2A_20230609T022539_R046_T50PQT_20230609T075214,1000,,0.0,0.0,0.0,0.0,0.0,0.0,0.0,72.0,27.5,0.5,0.0,400,0,0.0,20000.000000001746,20000.000000000233,0.32112669944763184,100.0,,0.0,0.0,0.0,0.0,0.0,-0.0022,0.0,-2.2269000000000005,2.290800000000001,-0.06169999999999998,0.0,0.002200000000001978,0.002200000000001978,20000.0
291,T50PQT_20000_8,S2B_MSIL2A_20230619T022539_R046_T50PQT_20230619T074224,20,,0.0,0.0,0.0,0.0,0.0,0.0,0.0,95.0418,0.0001,4.9581,0.0,1000000,0,0.0,20000.000000001746,20000.000000000233,0.498410701751709,100.0,,0.0,0.0,0.0,0.0,0.0,0.0,0.0,0.0,0.0,0.0,0.0,0.0,0.0,20000.0
297,T50PQT_20000_8,S2B_MSIL2A_20230619T022539_R046_T50PQT_20230619T074224,50,,0.0,0.0,0.0,0.0,0.0,0.0,0.0,95.050625,0.000625,4.94875,0.0,160000,0,0.0,20000.000000001746,20000.000000000233,0.3662540912628174,100.0,,0.0,0.0,0.0,0.0,0.0,0.0,0.0,0.008825000000001637,0.000525,-0.009349999999999525,0.0,0.0,0.0,20000.0
303,T50PQT_20000_8,S2B_MSIL2A_20230619T022539_R046_T50PQT_20230619T074224,100,,0.0,0.0,0.0,0.0,0.0,0.0,0.0,95.06,0.0,4.94,0.0,40000,0,0.0,20000.000000001746,20000.000000000233,0.32758522033691406,100.0,,0.0,0.0,0.0,0.0,0.0,0.0,0.0,0.01820000000000732,-0.0001,-0.01809999999999956,0.0,0.0,0.0,20000.0
309,T50PQT_20000_8,S2B_MSIL2A_20230619T022539_R046_T50PQT_20230619T074224,200,,0.0,0.0,0.0,0.0,0.0,0.0,0.0,95.2,0.0,4.8,0.0,10000,0,0.0,20000.000000001746,20000.000000000233,0.33383631706237793,100.0,,0.0,0.0,0.0,0.0,0.0,0.0,0.0,0.1582000000000079,-0.0001,-0.15810000000000013,0.0,0.0,0.0,20000.0
315,T50PQT_20000_8,S2B_MSIL2A_20230619T022539_R046_T50PQT_20230619T074224,500,,0.0,0.0,0.0,0.0,0.0,0.0,0.0,95.25,0.0,4.75,0.0,1600,0,0.0,20000.000000001746,20000.000000000233,0.3333895206451416,100.0,,0.0,0.0,0.0,0.0,0.0,0.0,0.0,0.20820000000000505,-0.0001,-0.20809999999999995,0.0,0.0,0.0,20000.0
321,T50PQT_20000_8,S2B_MSIL2A_20230619T022539_R046_T50PQT_20230619T074224,1000,,0.0,0.0,0.0,0.0,0.0,0.0,0.0,95.25,0.0,4.75,0.0,400,0,0.0,20000.000000001746,20000.000000000233,0.32112669944763184,100.0,,0.0,0.0,0.0,0.0,0.0,0.0,0.0,0.20820000000000505,-0.0001,-0.20809999999999995,0.0,0.0,0.0,20000.0
293,T50PQT_20000_8,S2B_MSIL2A_20230629T022539_R046_T50PQT_20230629T115903,20,,0.0,0.0,0.0,0.0,0.0,0.0,0.0,25.8997,37.5475,36.5528,0.0,1000000,0,0.0,20000.000000001746,20000.000000000233,0.498410701751709,100.0,,0.0,0.0,0.0,0.0,0.0,0.0,0.0,0.0,0.0,0.0,0.0,0.0,0.0,20000.0
299,T50PQT_20000_8,S2B_MSIL2A_20230629T022539_R046_T50PQT_20230629T115903,50,,0.0,0.0,0.0,0.0,0.0,0.0,0.0,25.800625,37.63875,36.560625,0.0,160000,0,0.0,20000.000000001746,20000.000000000233,0.3662540912628174,100.0,,0.0,0.0,0.0,0.0,0.0,0.0,0.0,-0.09907499999999914,0.09125000000000227,0.007825000000003968,0.0,0.0,0.0,20000.0
305,T50PQT_20000_8,S2B_MSIL2A_20230629T022539_R046_T50PQT_20230629T115903,100,,0.0,0.0,0.0,0.0,0.0,0.0,0.0,25.7925,37.65,36.5575,0.0,40000,0,0.0,20000.000000001746,20000.000000000233,0.32758522033691406,100.0,,0.0,0.0,0.0,0.0,0.0,0.0,0.0,-0.10719999999999885,0.10249999999999915,0.004699999999999704,0.0,0.0,0.0,20000.0
311,T50PQT_20000_8,S2B_MSIL2A_20230629T022539_R046_T50PQT_20230629T115903,200,,0.0,0.0,0.0,0.0,0.0,0.0,0.0,25.53,38.14,36.33,0.0,10000,0,0.0,20000.000000001746,20000.000000000233,0.33383631706237793,100.0,,0.0,0.0,0.0,0.0,0.0,0.0,0.0,-0.36969999999999814,0.5925000000000011,-0.22279999999999944,0.0,0.0,0.0,20000.0
317,T50PQT_20000_8,S2B_MSIL2A_20230629T022539_R046_T50PQT_20230629T115903,500,,0.0,0.0,0.0,0.0,0.0,0.0,0.0,25.5,38.25,36.25,0.0,1600,0,0.0,20000.000000001746,20000.000000000233,0.3333895206451416,100.0,,0.0,0.0,0.0,0.0,0.0,0.0,0.0,-0.3996999999999993,0.7025000000000006,-0.30279999999999774,0.0,0.0,0.0,20000.0
323,T50PQT_20000_8,S2B_MSIL2A_20230629T022539_R046_T50PQT_20230629T115903,1000,,0.0,0.0,0.0,0.0,0.0,0.0,0.0,23.25,41.75,35.0,0.0,400,0,0.0,20000.000000001746,20000.000000000233,0.32112669944763184,100.0,,0.0,0.0,0.0,0.0,0.0,0.0,0.0,-2.6496999999999993,4.202500000000001,-1.5527999999999977,0.0,0.0,0.0,20000.0
324,T50PQT_20000_9,S2A_MSIL2A_20230604T022531_R046_T50PQT_20230604T082521,20,,0.0,0.0,0.0,0.0,0.0,18.2691,0.0,35.7998,11.5452,34.3859,0.0,1000000,0,0.0,20000.000000001863,20000.000000000233,0.6773049831390381,81.73089999999999,,0.0,0.0,0.0,0.0,0.0,0.0,0.0,0.0,0.0,0.0,0.0,0.0,0.0,20000.0
330,T50PQT_20000_9,S2A_MSIL2A_20230604T022531_R046_T50PQT_20230604T082521,50,,0.0,0.0,0.0,0.0,0.0,18.26625,0.0,35.88125,11.556875,34.295625,0.0,160000,0,0.0,20000.000000001863,20000.000000000233,0.36012959480285645,81.73375,,0.0,0.0,0.0,0.0,0.0,-0.0028500000000022396,0.0,0.0814500000000038,0.011675000000000324,-0.09027499999999833,0.0,0.002850000000009345,0.002850000000009345,20000.0
336,T50PQT_20000_9,S2A_MSIL2A_20230604T022531_R046_T50PQT_20230604T082521,100,,0.0,0.0,0.0,0.0,0.0,18.245,0.0,35.8775,11.54,34.3375,0.0,40000,0,0.0,20000.000000001863,20000.000000000233,0.3289320468902588,81.755,,0.0,0.0,0.0,0.0,0.0,-0.024100000000000676,0.0,0.0777000000000001,-0.0052000000000003155,-0.04840000000000089,0.0,0.02410000000000423,0.02410000000000423,20000.0
342,T50PQT_20000_9,S2A_MSIL2A_20230604T022531_R046_T50PQT_20230604T082521,200,,0.0,0.0,0.0,0.0,0.0,18.15,0.0,36.3,11.61,33.94,0.0,10000,0,0.0,20000.000000001863,20000.000000000233,0.3500180244445801,81.85,,0.0,0.0,0.0,0.0,0.0,-0.11910000000000309,0.0,0.5001999999999995,0.06479999999999997,-0.44590000000000174,0.0,0.11910000000000309,0.11910000000000309,20000.0
348,T50PQT_20000_9,S2A_MSIL2A_20230604T022531_R046_T50PQT_20230604T082521,500,,0.0,0.0,0.0,0.0,0.0,18.0625,0.0,35.9375,11.5,34.5,0.0,1600,0,0.0,20000.000000001863,20000.000000000233,0.36589884757995605,81.9375,,0.0,0.0,0.0,0.0,0.0,-0.20660000000000167,0.0,0.13770000000000238,-0.04519999999999946,0.11410000000000053,0.0,0.20660000000000878,0.20660000000000878,20000.0
354,T50PQT_20000_9,S2A_MSIL2A_20230604T022531_R046_T50PQT_20230604T082521,1000,,0.0,0.0,0.0,0.0,0.0,16.75,0.0,38.0,11.75,33.5,0.0,400,0,0.0,20000.000000001863,20000.000000000233,0.32254910469055176,83.25,,0.0,0.0,0.0,0.0,0.0,-1.5191000000000017,0.0,2.2002000000000024,0.20480000000000054,-0.8858999999999995,0.0,1.5191000000000088,1.5191000000000088,20000.0
326,T50PQT_20000_9,S2A_MSIL2A_20230614T022541_R046_T50PQT_20230614T094130,20,,0.0,0.0,0.0,0.0,0.0,0.0,0.0,99.916,0.084,0.0,0.0,1000000,0,0.0,20000.000000001863,20000.000000000233,0.6773049831390381,100.0,,0.0,0.0,0.0,0.0,0.0,0.0,0.0,0.0,0.0,0.0,0.0,0.0,0.0,20000.0
332,T50PQT_20000_9,S2A_MSIL2A_20230614T022541_R046_T50PQT_20230614T094130,50,,0.0,0.0,0.0,0.0,0.0,0.0,0.0,99.918125,0.081875,0.0,0.0,160000,0,0.0,20000.000000001863,20000.000000000233,0.36012959480285645,100.0,,0.0,0.0,0.0,0.0,0.0,0.0,0.0,0.002125000000006594,-0.002125000000000002,0.0,0.0,0.0,0.0,20000.0
338,T50PQT_20000_9,S2A_MSIL2A_20230614T022541_R046_T50PQT_20230614T094130,100,,0.0,0.0,0.0,0.0,0.0,0.0,0.0,99.9125,0.0875,0.0,0.0,40000,0,0.0,20000.000000001863,20000.000000000233,0.3289320468902588,100.0,,0.0,0.0,0.0,0.0,0.0,0.0,0.0,-0.003500000000002501,0.0034999999999999892,0.0,0.0,0.0,0.0,20000.0
344,T50PQT_20000_9,S2A_MSIL2A_20230614T022541_R046_T50PQT_20230614T094130,200,,0.0,0.0,0.0,0.0,0.0,0.0,0.0,99.9,0.1,0.0,0.0,10000,0,0.0,20000.000000001863,20000.000000000233,0.3500180244445801,100.0,,0.0,0.0,0.0,0.0,0.0,0.0,0.0,-0.015999999999991132,0.016,0.0,0.0,0.0,0.0,20000.0
350,T50PQT_20000_9,S2A_MSIL2A_20230614T022541_R046_T50PQT_20230614T094130,500,,0.0,0.0,0.0,0.0,0.0,0.0,0.0,99.9375,0.0625,0.0,0.0,1600,0,0.0,20000.000000001863,20000.000000000233,0.36589884757995605,100.0,,0.0,0.0,0.0,0.0,0.0,0.0,0.0,0.021500000000003183,-0.021500000000000005,0.0,0.0,0.0,0.0,20000.0
356,T50PQT_20000_9,S2A_MSIL2A_20230614T022541_R046_T50PQT_20230614T094130,1000,,0.0,0.0,0.0,0.0,0.0,0.0,0.0,100.0,0.0,0.0,0.0,400,0,0.0,20000.000000001863,20000.000000000233,0.32254910469055176,100.0,,0.0,0.0,0.0,0.0,0.0,0.0,0.0,0.08400000000000318,-0.084,0.0,0.0,0.0,0.0,20000.0
328,T50PQT_20000_9,S2A_MSIL2A_20230624T022531_R046_T50PQT_20230624T082536,20,,0.0,0.0,0.0,0.0,0.0,0.0,0.0,47.4128,52.5872,0.0,0.0,1000000,0,0.0,20000.000000001863,20000.000000000233,0.6773049831390381,100.0,,0.0,0.0,0.0,0.0,0.0,0.0,0.0,0.0,0.0,0.0,0.0,0.0,0.0,20000.0
334,T50PQT_20000_9,S2A_MSIL2A_20230624T022531_R046_T50PQT_20230624T082536,50,,0.0,0.0,0.0,0.0,0.0,0.0,0.0,47.299375,52.700625,0.0,0.0,160000,0,0.0,20000.000000001863,20000.000000000233,0.36012959480285645,100.0,,0.0,0.0,0.0,0.0,0.0,0.0,0.0,-0.11342499999999944,0.11342499999999944,0.0,0.0,0.0,0.0,20000.0
340,T50PQT_20000_9,S2A_MSIL2A_20230624T022531_R046_T50PQT_20230624T082536,100,,0.0,0.0,0.0,0.0,0.0,0.0,0.0,47.3275,52.6725,0.0,0.0,40000,0,0.0,20000.000000001863,20000.000000000233,0.3289320468902588,100.0,,0.0,0.0,0.0,0.0,0.0,0.0,0.0,-0.0852999999999966,0.0852999999999966,0.0,0.0,0.0,0.0,20000.0
346,T50PQT_20000_9,S2A_MSIL2A_20230624T022531_R046_T50PQT_20230624T082536,200,,0.0,0.0,0.0,0.0,0.0,0.0,0.0,46.51,53.49,0.0,0.0,10000,0,0.0,20000.000000001863,20000.000000000233,0.3500180244445801,100.0,,0.0,0.0,0.0,0.0,0.0,0.0,0.0,-0.9027999999999992,0.9027999999999992,0.0,0.0,0.0,0.0,20000.0
352,T50PQT_20000_9,S2A_MSIL2A_20230624T022531_R046_T50PQT_20230624T082536,500,,0.0,0.0,0.0,0.0,0.0,0.0,0.0,46.375,53.625,0.0,0.0,1600,0,0.0,20000.000000001863,20000.000000000233,0.36589884757995605,100.0,,0.0,0.0,0.0,0.0,0.0,0.0,0.0,-1.0377999999999972,1.0377999999999972,0.0,0.0,0.0,0.0,20000.0
358,T50PQT_20000_9,S2A_MSIL2A_20230624T022531_R046_T50PQT_20230624T082536,1000,,0.0,0.0,0.0,0.0,0.0,0.0,0.0,43.0,57.0,0.0,0.0,400,0,0.0,20000.000000001863,20000.000000000233,0.32254910469055176,100.0,,0.0,0.0,0.0,0.0,0.0,0.0,0.0,-4.412799999999997,4.412799999999997,0.0,0.0,0.0,0.0,20000.0
325,T50PQT_20000_9,S2B_MSIL2A_20230609T022539_R046_T50PQT_20230609T075214,20,,0.0,0.0,0.0,0.0,0.0,0.0645,0.0,93.596,4.7064,1.6331,0.0,1000000,0,0.0,20000.000000001863,20000.000000000233,0.6773049831390381,99.9355,,0.0,0.0,0.0,0.0,0.0,0.0,0.0,0.0,0.0,0.0,0.0,0.0,0.0,20000.0
331,T50PQT_20000_9,S2B_MSIL2A_20230609T022539_R046_T50PQT_20230609T075214,50,,0.0,0.0,0.0,0.0,0.0,0.06125,0.0,93.574375,4.734375,1.63,0.0,160000,0,0.0,20000.000000001863,20000.000000000233,0.36012959480285645,99.93875,,0.0,0.0,0.0,0.0,0.0,-0.003250000000000003,0.0,-0.021625000000000227,0.02797499999999964,-0.0031000000000001027,0.0,0.003249999999994202,0.003250000000000003,20000.0
337,T50PQT_20000_9,S2B_MSIL2A_20230609T022539_R046_T50PQT_20230609T075214,100,,0.0,0.0,0.0,0.0,0.0,0.0725,0.0,93.5975,4.6925,1.6375,0.0,40000,0,0.0,20000.000000001863,20000.000000000233,0.3289320468902588,99.9275,,0.0,0.0,0.0,0.0,0.0,0.007999999999999993,0.0,0.0014999999999929514,-0.013900000000000468,0.0043999999999999595,0.0,-0.008000000000009777,0.008000000000009777,20000.0
343,T50PQT_20000_9,S2B_MSIL2A_20230609T022539_R046_T50PQT_20230609T075214,200,,0.0,0.0,0.0,0.0,0.0,0.07,0.0,93.17,5.14,1.62,0.0,10000,0,0.0,20000.000000001863,20000.000000000233,0.3500180244445801,99.93,,0.0,0.0,0.0,0.0,0.0,0.005500000000000005,0.0,-0.42600000000000193,0.4335999999999993,-0.01309999999999989,0.0,-0.00549999999999784,0.005500000000000005,20000.0
349,T50PQT_20000_9,S2B_MSIL2A_20230609T022539_R046_T50PQT_20230609T075214,500,,0.0,0.0,0.0,0.0,0.0,0.0625,0.0,93.0,4.875,2.0625,0.0,1600,0,0.0,20000.000000001863,20000.000000000233,0.36589884757995605,99.9375,,0.0,0.0,0.0,0.0,0.0,-0.0020000000000000018,0.0,-0.5960000000000036,0.16859999999999964,0.4294,0.0,0.001999999999995339,0.0020000000000000018,20000.0
355,T50PQT_20000_9,S2B_MSIL2A_20230609T022539_R046_T50PQT_20230609T075214,1000,,0.0,0.0,0.0,0.0,0.0,0.0,0.0,92.25,6.75,1.0,0.0,400,0,0.0,20000.000000001863,20000.000000000233,0.32254910469055176,100.0,,0.0,0.0,0.0,0.0,0.0,-0.0645,0.0,-1.3460000000000036,2.0435999999999996,-0.6331,0.0,0.06449999999999534,0.0645,20000.0
327,T50PQT_20000_9,S2B_MSIL2A_20230619T022539_R046_T50PQT_20230619T074224,20,,0.0,0.0,0.0,0.0,0.0,8.6576,0.0,36.72,5.8075,48.8149,0.0,1000000,0,0.0,20000.000000001863,20000.000000000233,0.6773049831390381,91.3424,,0.0,0.0,0.0,0.0,0.0,0.0,0.0,0.0,0.0,0.0,0.0,0.0,0.0,20000.0
333,T50PQT_20000_9,S2B_MSIL2A_20230619T022539_R046_T50PQT_20230619T074224,50,,0.0,0.0,0.0,0.0,0.0,8.636875,0.0,36.7825,5.7975,48.783125,0.0,160000,0,0.0,20000.000000001863,20000.000000000233,0.36012959480285645,91.363125,,0.0,0.0,0.0,0.0,0.0,-0.02072500000000055,0.0,0.0625,-0.009999999999999787,-0.03177500000000322,0.0,0.020724999999998772,0.02072500000000055,20000.0
339,T50PQT_20000_9,S2B_MSIL2A_20230619T022539_R046_T50PQT_20230619T074224,100,,0.0,0.0,0.0,0.0,0.0,8.6275,0.0,36.82,5.795,48.7575,0.0,40000,0,0.0,20000.000000001863,20000.000000000233,0.3289320468902588,91.3725,,0.0,0.0,0.0,0.0,0.0,-0.030100000000000904,0.0,0.10000000000000142,-0.012500000000000178,-0.05740000000000123,0.0,0.030100000000004457,0.030100000000004457,20000.0
345,T50PQT_20000_9,S2B_MSIL2A_20230619T022539_R046_T50PQT_20230619T074224,200,,0.0,0.0,0.0,0.0,0.0,8.18,0.0,37.16,5.83,48.83,0.0,10000,0,0.0,20000.000000001863,20000.000000000233,0.3500180244445801,91.82,,0.0,0.0,0.0,0.0,0.0,-0.4776000000000007,0.0,0.4399999999999977,0.022499999999999964,0.015099999999996783,0.0,0.47759999999999536,0.4776000000000007,20000.0
351,T50PQT_20000_9,S2B_MSIL2A_20230619T022539_R046_T50PQT_20230619T074224,500,,0.0,0.0,0.0,0.0,0.0,7.5625,0.0,36.9375,6.0625,49.4375,0.0,1600,0,0.0,20000.000000001863,20000.000000000233,0.36589884757995605,92.4375,,0.0,0.0,0.0,0.0,0.0,-1.0951000000000004,0.0,0.21750000000000114,0.2549999999999999,0.6225999999999985,0.0,1.0951000000000022,1.0951000000000022,20000.0
357,T50PQT_20000_9,S2B_MSIL2A_20230619T022539_R046_T50PQT_20230619T074224,1000,,0.0,0.0,0.0,0.0,0.0,6.5,0.0,41.0,6.25,46.25,0.0,400,0,0.0,20000.000000001863,20000.000000000233,0.32254910469055176,93.5,,0.0,0.0,0.0,0.0,0.0,-2.1576000000000004,0.0,4.280000000000001,0.4424999999999999,-2.5649000000000015,0.0,2.157600000000002,2.157600000000002,20000.0
329,T50PQT_20000_9,S2B_MSIL2A_20230629T022539_R046_T50PQT_20230629T115903,20,,0.0,0.0,0.0,0.0,0.0,0.0,0.0,23.5201,71.9179,4.562,0.0,1000000,0,0.0,20000.000000001863,20000.000000000233,0.6773049831390381,100.0,,0.0,0.0,0.0,0.0,0.0,0.0,0.0,0.0,0.0,0.0,0.0,0.0,0.0,20000.0
335,T50PQT_20000_9,S2B_MSIL2A_20230629T022539_R046_T50PQT_20230629T115903,50,,0.0,0.0,0.0,0.0,0.0,0.0,0.0,23.470625,71.960625,4.56875,0.0,160000,0,0.0,20000.000000001863,20000.000000000233,0.36012959480285645,99.99999999999999,,0.0,0.0,0.0,0.0,0.0,0.0,0.0,-0.049475000000001046,0.04272499999999013,0.006749999999999368,0.0,-1.4210854715202004e-14,1.4210854715202004e-14,20000.0
341,T50PQT_20000_9,S2B_MSIL2A_20230629T022539_R046_T50PQT_20230629T115903,100,,0.0,0.0,0.0,0.0,0.0,0.0,0.0,23.4175,71.9925,4.59,0.0,40000,0,0.0,20000.000000001863,20000.000000000233,0.3289320468902588,100.00000000000001,,0.0,0.0,0.0,0.0,0.0,0.0,0.0,-0.10259999999999891,0.07460000000000377,0.02799999999999958,0.0,1.4210854715202004e-14,1.4210854715202004e-14,20000.0
347,T50PQT_20000_9,S2B_MSIL2A_20230629T022539_R046_T50PQT_20230629T115903,200,,0.0,0.0,0.0,0.0,0.0,0.0,0.0,23.57,71.75,4.68,0.0,10000,0,0.0,20000.000000001863,20000.000000000233,0.3500180244445801,100.0,,0.0,0.0,0.0,0.0,0.0,0.0,0.0,0.049900000000000944,-0.16790000000000305,0.11799999999999944,0.0,0.0,0.0,20000.0
353,T50PQT_20000_9,S2B_MSIL2A_20230629T022539_R046_T50PQT_20230629T115903,500,,0.0,0.0,0.0,0.0,0.0,0.0,0.0,23.375,71.75,4.875,0.0,1600,0,0.0,20000.000000001863,20000.000000000233,0.36589884757995605,100.0,,0.0,0.0,0.0,0.0,0.0,0.0,0.0,-0.14509999999999934,-0.16790000000000305,0.3129999999999997,0.0,0.0,0.0,20000.0
359,T50PQT_20000_9,S2B_MSIL2A_20230629T022539_R046_T50PQT_20230629T115903,1000,,0.0,0.0,0.0,0.0,0.0,0.0,0.0,22.75,71.0,6.25,0.0,400,0,0.0,20000.000000001863,20000.000000000233,0.32254910469055176,100.0,,0.0,0.0,0.0,0.0,0.0,0.0,0.0,-0.7700999999999993,-0.917900000000003,1.6879999999999997,0.0,0.0,0.0,20000.0
1422,T50PQT_40000_0,S2A_MSIL2A_20230604T022531_R046_T50PQT_20230604T082521,20,,0.0,0.0,0.0,0.0,0.0,0.0,0.0,99.77145,0.22855,0.0,0.0,4000000,0,0.0,40000.00000000093,39999.99999999977,1.570021152496338,100.0,,0.0,0.0,0.0,0.0,0.0,0.0,0.0,0.0,0.0,0.0,0.0,0.0,0.0,40000.0
1428,T50PQT_40000_0,S2A_MSIL2A_20230604T022531_R046_T50PQT_20230604T082521,50,,0.0,0.0,0.0,0.0,0.0,0.0,0.0,99.7703125,0.2296875,0.0,0.0,640000,0,0.0,40000.00000000093,39999.99999999977,0.6931664943695068,100.0,,0.0,0.0,0.0,0.0,0.0,0.0,0.0,-0.0011374999999986812,0.0011374999999999857,0.0,0.0,0.0,0.0,40000.0
1434,T50PQT_40000_0,S2A_MSIL2A_20230604T022531_R046_T50PQT_20230604T082521,100,,0.0,0.0,0.0,0.0,0.0,0.0,0.0,99.76875,0.23125,0.0,0.0,160000,0,0.0,40000.00000000093,39999.99999999977,0.7153439521789551,100.0,,0.0,0.0,0.0,0.0,0.0,0.0,0.0,-0.0027000000000043656,0.002700000000000008,0.0,0.0,0.0,0.0,40000.0
1440,T50PQT_40000_0,S2A_MSIL2A_20230604T022531_R046_T50PQT_20230604T082521,200,,0.0,0.0,0.0,0.0,0.0,0.0,0.0,99.7775,0.2225,0.0,0.0,40000,0,0.0,40000.00000000093,39999.99999999977,0.5829143524169922,100.0,,0.0,0.0,0.0,0.0,0.0,0.0,0.0,0.006050000000001887,-0.00605,0.0,0.0,0.0,0.0,40000.0
1446,T50PQT_40000_0,S2A_MSIL2A_20230604T022531_R046_T50PQT_20230604T082521,500,,0.0,0.0,0.0,0.0,0.0,0.0,0.0,99.765625,0.234375,0.0,0.0,6400,0,0.0,40000.00000000093,39999.99999999977,0.5552072525024414,100.0,,0.0,0.0,0.0,0.0,0.0,0.0,0.0,-0.005825000000001523,0.005824999999999997,0.0,0.0,0.0,0.0,40000.0
1452,T50PQT_40000_0,S2A_MSIL2A_20230604T022531_R046_T50PQT_20230604T082521,1000,,0.0,0.0,0.0,0.0,0.0,0.0,0.0,99.875,0.125,0.0,0.0,1600,0,0.0,40000.00000000093,39999.99999999977,0.6643831729888916,100.0,,0.0,0.0,0.0,0.0,0.0,0.0,0.0,0.10354999999999848,-0.10355,0.0,0.0,0.0,0.0,40000.0
1424,T50PQT_40000_0,S2A_MSIL2A_20230614T022541_R046_T50PQT_20230614T094130,20,,0.0,0.0,0.0,0.0,0.0,0.0,0.0,99.564625,0.0,0.435375,0.0,4000000,0,0.0,40000.00000000093,39999.99999999977,1.570021152496338,100.0,,0.0,0.0,0.0,0.0,0.0,0.0,0.0,0.0,0.0,0.0,0.0,0.0,0.0,40000.0
1430,T50PQT_40000_0,S2A_MSIL2A_20230614T022541_R046_T50PQT_20230614T094130,50,,0.0,0.0,0.0,0.0,0.0,0.0,0.0,99.55875,0.0,0.44125,0.0,640000,0,0.0,40000.00000000093,39999.99999999977,0.6931664943695068,100.0,,0.0,0.0,0.0,0.0,0.0,0.0,0.0,-0.005875000000003183,0.0,0.005874999999999964,0.0,0.0,0.0,40000.0
1436,T50PQT_40000_0,S2A_MSIL2A_20230614T022541_R046_T50PQT_20230614T094130,100,,0.0,0.0,0.0,0.0,0.0,0.0,0.0,99.560625,0.0,0.439375,0.0,160000,0,0.0,40000.00000000093,39999.99999999977,0.7153439521789551,100.0,,0.0,0.0,0.0,0.0,0.0,0.0,0.0,-0.0040000000000048885,0.0,0.0040000000000000036,0.0,0.0,0.0,40000.0
1442,T50PQT_40000_0,S2A_MSIL2A_20230614T022541_R046_T50PQT_20230614T094130,200,,0.0,0.0,0.0,0.0,0.0,0.0,0.0,99.505,0.0,0.495,0.0,40000,0,0.0,40000.00000000093,39999.99999999977,0.5829143524169922,100.0,,0.0,0.0,0.0,0.0,0.0,0.0,0.0,-0.05962500000001114,0.0,0.059624999999999984,0.0,0.0,0.0,40000.0
1448,T50PQT_40000_0,S2A_MSIL2A_20230614T022541_R046_T50PQT_20230614T094130,500,,0.0,0.0,0.0,0.0,0.0,0.0,0.0,99.5,0.0,0.5,0.0,6400,0,0.0,40000.00000000093,39999.99999999977,0.5552072525024414,100.0,,0.0,0.0,0.0,0.0,0.0,0.0,0.0,-0.0646250000000066,0.0,0.06462499999999999,0.0,0.0,0.0,40000.0
1454,T50PQT_40000_0,S2A_MSIL2A_20230614T022541_R046_T50PQT_20230614T094130,1000,,0.0,0.0,0.0,0.0,0.0,0.0,0.0,99.125,0.0,0.875,0.0,1600,0,0.0,40000.00000000093,39999.99999999977,0.6643831729888916,100.0,,0.0,0.0,0.0,0.0,0.0,0.0,0.0,-0.4396250000000066,0.0,0.439625,0.0,0.0,0.0,40000.0
1426,T50PQT_40000_0,S2A_MSIL2A_20230624T022531_R046_T50PQT_20230624T082536,20,,0.0,0.0,0.0,0.0,0.0,0.0,0.0,78.2613,20.144725,1.593975,0.0,4000000,0,0.0,40000.00000000093,39999.99999999977,1.570021152496338,100.0,,0.0,0.0,0.0,0.0,0.0,0.0,0.0,0.0,0.0,0.0,0.0,0.0,0.0,40000.0
1432,T50PQT_40000_0,S2A_MSIL2A_20230624T022531_R046_T50PQT_20230624T082536,50,,0.0,0.0,0.0,0.0,0.0,0.0,0.0,78.25484375,20.1540625,1.59109375,0.0,640000,0,0.0,40000.00000000093,39999.99999999977,0.6931664943695068,100.0,,0.0,0.0,0.0,0.0,0.0,0.0,0.0,-0.006456249999999386,0.009337499999997334,-0.0028812499999999464,0.0,0.0,0.0,40000.0
1438,T50PQT_40000_0,S2A_MSIL2A_20230624T022531_R046_T50PQT_20230624T082536,100,,0.0,0.0,0.0,0.0,0.0,0.0,0.0,78.273125,20.135625,1.59125,0.0,160000,0,0.0,40000.00000000093,39999.99999999977,0.7153439521789551,100.0,,0.0,0.0,0.0,0.0,0.0,0.0,0.0,0.01182499999998754,-0.009100000000000108,-0.0027249999999998664,0.0,0.0,0.0,40000.0
1444,T50PQT_40000_0,S2A_MSIL2A_20230624T022531_R046_T50PQT_20230624T082536,200,,0.0,0.0,0.0,0.0,0.0,0.0,0.0,78.2775,20.1325,1.59,0.0,40000,0,0.0,40000.00000000093,39999.99999999977,0.5829143524169922,100.0,,0.0,0.0,0.0,0.0,0.0,0.0,0.0,0.016199999999997772,-0.012225000000000819,-0.00397499999999984,0.0,0.0,0.0,40000.0
1450,T50PQT_40000_0,S2A_MSIL2A_20230624T022531_R046_T50PQT_20230624T082536,500,,0.0,0.0,0.0,0.0,0.0,0.0,0.0,78.0625,20.390625,1.546875,0.0,6400,0,0.0,40000.00000000093,39999.99999999977,0.5552072525024414,100.0,,0.0,0.0,0.0,0.0,0.0,0.0,0.0,-0.19880000000000564,0.2458999999999989,-0.04709999999999992,0.0,0.0,0.0,40000.0
1456,T50PQT_40000_0,S2A_MSIL2A_20230624T022531_R046_T50PQT_20230624T082536,1000,,0.0,0.0,0.0,0.0,0.0,0.0,0.0,78.0625,20.1875,1.75,0.0,1600,0,0.0,40000.00000000093,39999.99999999977,0.6643831729888916,100.0,,0.0,0.0,0.0,0.0,0.0,0.0,0.0,-0.19880000000000564,0.0427749999999989,0.15602500000000008,0.0,0.0,0.0,40000.0
1423,T50PQT_40000_0,S2B_MSIL2A_20230609T022539_R046_T50PQT_20230609T075214,20,,0.0,0.0,0.0,0.0,0.0,0.006275,0.0,98.8899,0.463225,0.6406,0.0,4000000,0,0.0,40000.00000000093,39999.99999999977,1.570021152496338,99.993725,,0.0,0.0,0.0,0.0,0.0,0.0,0.0,0.0,0.0,0.0,0.0,0.0,0.0,40000.0
1429,T50PQT_40000_0,S2B_MSIL2A_20230609T022539_R046_T50PQT_20230609T075214,50,,0.0,0.0,0.0,0.0,0.0,0.00671875,0.0,98.88703125,0.46234375,0.64390625,0.0,640000,0,0.0,40000.00000000093,39999.99999999977,0.6931664943695068,99.99328125000001,,0.0,0.0,0.0,0.0,0.0,0.0004437499999999997,0.0,-0.0028687499999904276,-0.0008812500000000001,0.003306250000000066,0.0,-0.0004437499999880856,0.0004437499999999997,40000.0
1435,T50PQT_40000_0,S2B_MSIL2A_20230609T022539_R046_T50PQT_20230609T075214,100,,0.0,0.0,0.0,0.0,0.0,0.008125,0.0,98.885625,0.461875,0.644375,0.0,160000,0,0.0,40000.00000000093,39999.99999999977,0.7153439521789551,99.99187500000001,,0.0,0.0,0.0,0.0,0.0,0.00185,0.0,-0.004274999999992701,-0.0013500000000000179,0.003775000000000084,0.0,-0.0018499999999903594,0.00185,40000.0
1441,T50PQT_40000_0,S2B_MSIL2A_20230609T022539_R046_T50PQT_20230609T075214,200,,0.0,0.0,0.0,0.0,0.0,0.005,0.0,98.89,0.45,0.655,0.0,40000,0,0.0,40000.00000000093,39999.99999999977,0.5829143524169922,99.995,,0.0,0.0,0.0,0.0,0.0,-0.001275,0.0,0.00010000000000331966,-0.013224999999999987,0.01440000000000008,0.0,0.0012750000000067985,0.0012750000000067985,40000.0
1447,T50PQT_40000_0,S2B_MSIL2A_20230609T022539_R046_T50PQT_20230609T075214,500,,0.0,0.0,0.0,0.0,0.0,0.03125,0.0,98.890625,0.453125,0.625,0.0,6400,0,0.0,40000.00000000093,39999.99999999977,0.5552072525024414,99.96875,,0.0,0.0,0.0,0.0,0.0,0.024975,0.0,0.0007250000000027512,-0.010099999999999998,-0.015599999999999947,0.0,-0.02497499999999775,0.024975,40000.0
1453,T50PQT_40000_0,S2B_MSIL2A_20230609T022539_R046_T50PQT_20230609T075214,1000,,0.0,0.0,0.0,0.0,0.0,0.0,0.0,98.6875,0.5,0.8125,0.0,1600,0,0.0,40000.00000000093,39999.99999999977,0.6643831729888916,100.0,,0.0,0.0,0.0,0.0,0.0,-0.006275,0.0,-0.20239999999999725,0.036775,0.17190000000000005,0.0,0.006275000000002251,0.006275000000002251,40000.0
1425,T50PQT_40000_0,S2B_MSIL2A_20230619T022539_R046_T50PQT_20230619T074224,20,,0.0,0.0038,0.13705,0.04985,0.00055,9.171675,0.001625,31.67215,3.3296,55.6337,0.0,4000000,0,0.0,40000.00000000093,39999.99999999977,1.570021152496338,90.63544999999999,,0.0,0.0,0.0,0.0,0.0,0.0,0.0,0.0,0.0,0.0,0.0,0.0,0.0,40000.0
1431,T50PQT_40000_0,S2B_MSIL2A_20230619T022539_R046_T50PQT_20230619T074224,50,,0.0,0.00359375,0.13953125,0.05046875,0.00078125,9.17125,0.00109375,31.705625,3.320625,55.60703125,0.0,640000,0,0.0,40000.00000000093,39999.99999999977,0.6931664943695068,90.63328125000001,,0.0,-0.00020624999999999984,0.0024812499999999904,0.0006187500000000012,0.00023125,-0.0004249999999998977,-0.0005312499999999998,0.03347500000000281,-0.008974999999999955,-0.02666874999999891,0.0,-0.002168749999981401,0.0024812499999999904,40000.0
1437,T50PQT_40000_0,S2B_MSIL2A_20230619T022539_R046_T50PQT_20230619T074224,100,,0.0,0.0025,0.140625,0.051875,0.000625,9.1625,0.00125,31.7025,3.315625,55.6225,0.0,160000,0,0.0,40000.00000000093,39999.99999999977,0.7153439521789551,90.640625,,0.0,-0.0013,0.003574999999999995,0.002024999999999999,7.499999999999998e-05,-0.009175000000000821,-0.0003749999999999999,0.030350000000002098,-0.013975000000000293,-0.011199999999995214,0.0,0.005175000000008367,0.009175000000000821,40000.0
1443,T50PQT_40000_0,S2B_MSIL2A_20230619T022539_R046_T50PQT_20230619T074224,200,,0.0,0.0025,0.1575,0.0525,0.0,9.1875,0.0025,31.6625,3.295,55.64,0.0,40000,0,0.0,40000.00000000093,39999.99999999977,0.5829143524169922,90.5975,,0.0,-0.0013,0.020449999999999996,0.0026499999999999996,-0.00055,0.015824999999999534,0.0008750000000000001,-0.00964999999999705,-0.034600000000000186,0.006300000000003081,0.0,-0.03794999999999504,0.03794999999999504,40000.0
1449,T50PQT_40000_0,S2B_MSIL2A_20230619T022539_R046_T50PQT_20230619T074224,500,,0.0,0.015625,0.1875,0.046875,0.0,9.1875,0.0,31.515625,3.359375,55.6875,0.0,6400,0,0.0,40000.00000000093,39999.99999999977,0.5552072525024414,90.5625,,0.0,0.011825,0.050449999999999995,-0.0029749999999999985,-0.00055,0.015824999999999534,-0.001625,-0.15652499999999847,0.029774999999999885,0.05380000000000251,0.0,-0.07294999999999163,0.07294999999999163,40000.0
1455,T50PQT_40000_0,S2B_MSIL2A_20230619T022539_R046_T50PQT_20230619T074224,1000,,0.0,0.0,0.25,0.0,0.0,9.1875,0.0,30.375,3.4375,56.75,0.0,1600,0,0.0,40000.00000000093,39999.99999999977,0.6643831729888916,90.5625,,0.0,-0.0038,0.11295,-0.04985,-0.00055,0.015824999999999534,-0.001625,-1.2971499999999985,0.10789999999999988,1.1163000000000025,0.0,-0.07294999999999163,0.11295,40000.0
1427,T50PQT_40000_0,S2B_MSIL2A_20230629T022539_R046_T50PQT_20230629T115903,20,,0.0,0.0,0.0,0.0,0.0,0.0,0.0,79.044775,20.214875,0.74035,0.0,4000000,0,0.0,40000.00000000093,39999.99999999977,1.570021152496338,100.0,,0.0,0.0,0.0,0.0,0.0,0.0,0.0,0.0,0.0,0.0,0.0,0.0,0.0,40000.0
1433,T50PQT_40000_0,S2B_MSIL2A_20230629T022539_R046_T50PQT_20230629T115903,50,,0.0,0.0,0.0,0.0,0.0,0.0,0.0,79.02203125,20.23859375,0.739375,0.0,640000,0,0.0,40000.00000000093,39999.99999999977,0.6931664943695068,100.0,,0.0,0.0,0.0,0.0,0.0,0.0,0.0,-0.022743750000003615,0.023718750000000455,-0.0009749999999999481,0.0,0.0,0.0,40000.0
1439,T50PQT_40000_0,S2B_MSIL2A_20230629T022539_R046_T50PQT_20230629T115903,100,,0.0,0.0,0.0,0.0,0.0,0.0,0.0,79.036875,20.220625,0.7425,0.0,160000,0,0.0,40000.00000000093,39999.99999999977,0.7153439521789551,100.0,,0.0,0.0,0.0,0.0,0.0,0.0,0.0,-0.007900000000006457,0.005749999999999034,0.0021500000000000963,0.0,0.0,0.0,40000.0
1445,T50PQT_40000_0,S2B_MSIL2A_20230629T022539_R046_T50PQT_20230629T115903,200,,0.0,0.0,0.0,0.0,0.0,0.0,0.0,79.0025,20.29,0.7075,0.0,40000,0,0.0,40000.00000000093,39999.99999999977,0.5829143524169922,99.99999999999999,,0.0,0.0,0.0,0.0,0.0,0.0,0.0,-0.042275000000003615,0.07512499999999989,-0.032849999999999935,0.0,-1.4210854715202004e-14,1.4210854715202004e-14,40000.0
1451,T50PQT_40000_0,S2B_MSIL2A_20230629T022539_R046_T50PQT_20230629T115903,500,,0.0,0.0,0.0,0.0,0.0,0.0,0.0,78.796875,20.375,0.828125,0.0,6400,0,0.0,40000.00000000093,39999.99999999977,0.5552072525024414,100.0,,0.0,0.0,0.0,0.0,0.0,0.0,0.0,-0.24790000000000134,0.16012500000000074,0.08777500000000005,0.0,0.0,0.0,40000.0
1457,T50PQT_40000_0,S2B_MSIL2A_20230629T022539_R046_T50PQT_20230629T115903,1000,,0.0,0.0,0.0,0.0,0.0,0.0,0.0,78.8125,20.6875,0.5,0.0,1600,0,0.0,40000.00000000093,39999.99999999977,0.6643831729888916,100.0,,0.0,0.0,0.0,0.0,0.0,0.0,0.0,-0.23227500000000134,0.47262500000000074,-0.24034999999999995,0.0,0.0,0.0,40000.0
1458,T50PQT_40000_1,S2A_MSIL2A_20230604T022531_R046_T50PQT_20230604T082521,20,,0.0,0.0,0.0,0.0,0.0,4.896075,0.0,66.235875,11.087475,17.780575,0.0,4000000,0,0.0,40000.000000000815,40000.00000000023,1.6865944862365723,95.10392499999999,,0.0,0.0,0.0,0.0,0.0,0.0,0.0,0.0,0.0,0.0,0.0,0.0,0.0,40000.0
1464,T50PQT_40000_1,S2A_MSIL2A_20230604T022531_R046_T50PQT_20230604T082521,50,,0.0,0.0,0.0,0.0,0.0,4.89625,0.0,66.226875,11.095625,17.78125,0.0,640000,0,0.0,40000.000000000815,40000.00000000023,0.5862646102905273,95.10375,,0.0,0.0,0.0,0.0,0.0,0.00017500000000048033,0.0,-0.00899999999998613,0.008150000000000546,0.0006750000000010914,0.0,-0.00017499999998449312,0.00017500000000048033,40000.0
1470,T50PQT_40000_1,S2A_MSIL2A_20230604T022531_R046_T50PQT_20230604T082521,100,,0.0,0.0,0.0,0.0,0.0,4.888125,0.0,66.208125,11.109375,17.794375,0.0,160000,0,0.0,40000.000000000815,40000.00000000023,0.5226342678070068,95.111875,,0.0,0.0,0.0,0.0,0.0,-0.007950000000000124,0.0,-0.0277499999999975,0.021900000000000475,0.013799999999999812,0.0,0.007950000000008117,0.007950000000008117,40000.0
1476,T50PQT_40000_1,S2A_MSIL2A_20230604T022531_R046_T50PQT_20230604T082521,200,,0.0,0.0,0.0,0.0,0.0,4.89,0.0,66.435,11.0475,17.6275,0.0,40000,0,0.0,40000.000000000815,40000.00000000023,0.6303079128265381,95.11,,0.0,0.0,0.0,0.0,0.0,-0.006075000000000053,0.0,0.19912500000000932,-0.039975000000000094,-0.15307499999999763,0.0,0.0060750000000098225,0.0060750000000098225,40000.0
1482,T50PQT_40000_1,S2A_MSIL2A_20230604T022531_R046_T50PQT_20230604T082521,500,,0.0,0.0,0.0,0.0,0.0,4.84375,0.0,66.5,10.9375,17.71875,0.0,6400,0,0.0,40000.000000000815,40000.00000000023,0.5552675724029541,95.15625,,0.0,0.0,0.0,0.0,0.0,-0.05232499999999973,0.0,0.26412500000000705,-0.14997499999999953,-0.06182499999999891,0.0,0.05232500000001039,0.05232500000001039,40000.0
1488,T50PQT_40000_1,S2A_MSIL2A_20230604T022531_R046_T50PQT_20230604T082521,1000,,0.0,0.0,0.0,0.0,0.0,4.8125,0.0,67.6875,10.375,17.125,0.0,1600,0,0.0,40000.000000000815,40000.00000000023,0.5503883361816406,95.1875,,0.0,0.0,0.0,0.0,0.0,-0.08357499999999973,0.0,1.451625000000007,-0.7124749999999995,-0.6555749999999989,0.0,0.08357500000001039,0.08357500000001039,40000.0
1460,T50PQT_40000_1,S2A_MSIL2A_20230614T022541_R046_T50PQT_20230614T094130,20,,0.0,0.0,0.0,0.0,0.0,0.0,0.0,95.000375,0.149975,4.84965,0.0,4000000,0,0.0,40000.000000000815,40000.00000000023,1.6865944862365723,100.0,,0.0,0.0,0.0,0.0,0.0,0.0,0.0,0.0,0.0,0.0,0.0,0.0,0.0,40000.0
1466,T50PQT_40000_1,S2A_MSIL2A_20230614T022541_R046_T50PQT_20230614T094130,50,,0.0,0.0,0.0,0.0,0.0,0.0,0.0,95.0134375,0.15078125,4.83578125,0.0,640000,0,0.0,40000.000000000815,40000.00000000023,0.5862646102905273,99.99999999999999,,0.0,0.0,0.0,0.0,0.0,0.0,0.0,0.01306249999998954,0.0008062500000000083,-0.01386874999999943,0.0,-1.4210854715202004e-14,1.4210854715202004e-14,40000.0
1472,T50PQT_40000_1,S2A_MSIL2A_20230614T022541_R046_T50PQT_20230614T094130,100,,0.0,0.0,0.0,0.0,0.0,0.0,0.0,95.0075,0.151875,4.840625,0.0,160000,0,0.0,40000.000000000815,40000.00000000023,0.5226342678070068,100.0,,0.0,0.0,0.0,0.0,0.0,0.0,0.0,0.0071249999999878355,0.0019000000000000128,-0.009024999999999395,0.0,0.0,0.0,40000.0
1478,T50PQT_40000_1,S2A_MSIL2A_20230614T022541_R046_T50PQT_20230614T094130,200,,0.0,0.0,0.0,0.0,0.0,0.0,0.0,95.1475,0.1525,4.7,0.0,40000,0,0.0,40000.000000000815,40000.00000000023,0.6303079128265381,100.0,,0.0,0.0,0.0,0.0,0.0,0.0,0.0,0.1471249999999884,0.0025249999999999995,-0.1496499999999994,0.0,0.0,0.0,40000.0
1484,T50PQT_40000_1,S2A_MSIL2A_20230614T022541_R046_T50PQT_20230614T094130,500,,0.0,0.0,0.0,0.0,0.0,0.0,0.0,95.3125,0.09375,4.59375,0.0,6400,0,0.0,40000.000000000815,40000.00000000023,0.5552675724029541,100.0,,0.0,0.0,0.0,0.0,0.0,0.0,0.0,0.31212499999999466,-0.056225,-0.2558999999999996,0.0,0.0,0.0,40000.0
1490,T50PQT_40000_1,S2A_MSIL2A_20230614T022541_R046_T50PQT_20230614T094130,1000,,0.0,0.0,0.0,0.0,0.0,0.0,0.0,95.8125,0.0625,4.125,0.0,1600,0,0.0,40000.000000000815,40000.00000000023,0.5503883361816406,100.0,,0.0,0.0,0.0,0.0,0.0,0.0,0.0,0.8121249999999947,-0.087475,-0.7246499999999996,0.0,0.0,0.0,40000.0
1462,T50PQT_40000_1,S2A_MSIL2A_20230624T022531_R046_T50PQT_20230624T082536,20,,0.0,0.0,0.0,0.0,0.0,0.0,0.0,69.3188,28.71305,1.96815,0.0,4000000,0,0.0,40000.000000000815,40000.00000000023,1.6865944862365723,99.99999999999999,,0.0,0.0,0.0,0.0,0.0,0.0,0.0,0.0,0.0,0.0,0.0,0.0,0.0,40000.0
1468,T50PQT_40000_1,S2A_MSIL2A_20230624T022531_R046_T50PQT_20230624T082536,50,,0.0,0.0,0.0,0.0,0.0,0.0,0.0,69.30359375,28.74,1.95640625,0.0,640000,0,0.0,40000.000000000815,40000.00000000023,0.5862646102905273,100.0,,0.0,0.0,0.0,0.0,0.0,0.0,0.0,-0.015206249999991428,0.026949999999999363,-0.011743750000000164,0.0,1.4210854715202004e-14,1.4210854715202004e-14,40000.0
1474,T50PQT_40000_1,S2A_MSIL2A_20230624T022531_R046_T50PQT_20230624T082536,100,,0.0,0.0,0.0,0.0,0.0,0.0,0.0,69.309375,28.736875,1.95375,0.0,160000,0,0.0,40000.000000000815,40000.00000000023,0.5226342678070068,100.0,,0.0,0.0,0.0,0.0,0.0,0.0,0.0,-0.009424999999993133,0.023825000000002206,-0.014399999999999968,0.0,1.4210854715202004e-14,1.4210854715202004e-14,40000.0
1480,T50PQT_40000_1,S2A_MSIL2A_20230624T022531_R046_T50PQT_20230624T082536,200,,0.0,0.0,0.0,0.0,0.0,0.0,0.0,69.1175,29.0325,1.85,0.0,40000,0,0.0,40000.000000000815,40000.00000000023,0.6303079128265381,100.0,,0.0,0.0,0.0,0.0,0.0,0.0,0.0,-0.20129999999998915,0.3194499999999998,-0.11814999999999998,0.0,1.4210854715202004e-14,1.4210854715202004e-14,40000.0
1486,T50PQT_40000_1,S2A_MSIL2A_20230624T022531_R046_T50PQT_20230624T082536,500,,0.0,0.0,0.0,0.0,0.0,0.0,0.0,69.046875,29.21875,1.734375,0.0,6400,0,0.0,40000.000000000815,40000.00000000023,0.5552675724029541,100.0,,0.0,0.0,0.0,0.0,0.0,0.0,0.0,-0.271924999999996,0.5057000000000009,-0.23377500000000007,0.0,1.4210854715202004e-14,1.4210854715202004e-14,40000.0
1492,T50PQT_40000_1,S2A_MSIL2A_20230624T022531_R046_T50PQT_20230624T082536,1000,,0.0,0.0,0.0,0.0,0.0,0.0,0.0,68.1875,30.4375,1.375,0.0,1600,0,0.0,40000.000000000815,40000.00000000023,0.5503883361816406,100.0,,0.0,0.0,0.0,0.0,0.0,0.0,0.0,-1.131299999999996,1.724450000000001,-0.5931500000000001,0.0,1.4210854715202004e-14,1.4210854715202004e-14,40000.0
1459,T50PQT_40000_1,S2B_MSIL2A_20230609T022539_R046_T50PQT_20230609T075214,20,,0.0,0.0,0.0,0.0,0.0,0.1292,0.0,88.422925,9.703375,1.7445,0.0,4000000,0,0.0,40000.000000000815,40000.00000000023,1.6865944862365723,99.8708,,0.0,0.0,0.0,0.0,0.0,0.0,0.0,0.0,0.0,0.0,0.0,0.0,0.0,40000.0
1465,T50PQT_40000_1,S2B_MSIL2A_20230609T022539_R046_T50PQT_20230609T075214,50,,0.0,0.0,0.0,0.0,0.0,0.12765625,0.0,88.4025,9.72171875,1.748125,0.0,640000,0,0.0,40000.000000000815,40000.00000000023,0.5862646102905273,99.87234375000001,,0.0,0.0,0.0,0.0,0.0,-0.0015437500000000104,0.0,-0.020425000000003024,0.018343750000001435,0.0036249999999999893,0.0,0.001543750000010391,0.001543750000010391,40000.0
1471,T50PQT_40000_1,S2B_MSIL2A_20230609T022539_R046_T50PQT_20230609T075214,100,,0.0,0.0,0.0,0.0,0.0,0.13125,0.0,88.384375,9.721875,1.7625,0.0,160000,0,0.0,40000.000000000815,40000.00000000023,0.5226342678070068,99.86875,,0.0,0.0,0.0,0.0,0.0,0.0020499999999999963,0.0,-0.03855000000000075,0.018500000000001293,0.018000000000000016,0.0,-0.0020499999999969987,0.0020499999999999963,40000.0
1477,T50PQT_40000_1,S2B_MSIL2A_20230609T022539_R046_T50PQT_20230609T075214,200,,0.0,0.0,0.0,0.0,0.0,0.1275,0.0,88.2475,9.8475,1.7775,0.0,40000,0,0.0,40000.000000000815,40000.00000000023,0.6303079128265381,99.8725,,0.0,0.0,0.0,0.0,0.0,-0.001700000000000007,0.0,-0.17542500000000416,0.14412500000000072,0.03300000000000014,0.0,0.0016999999999995907,0.001700000000000007,40000.0
1483,T50PQT_40000_1,S2B_MSIL2A_20230609T022539_R046_T50PQT_20230609T075214,500,,0.0,0.0,0.0,0.0,0.0,0.140625,0.0,88.1875,9.859375,1.8125,0.0,6400,0,0.0,40000.000000000815,40000.00000000023,0.5552675724029541,99.859375,,0.0,0.0,0.0,0.0,0.0,0.01142499999999999,0.0,-0.23542500000000643,0.15600000000000058,0.06800000000000006,0.0,-0.011425000000002683,0.011425000000002683,40000.0
1489,T50PQT_40000_1,S2B_MSIL2A_20230609T022539_R046_T50PQT_20230609T075214,1000,,0.0,0.0,0.0,0.0,0.0,0.125,0.0,87.6875,10.4375,1.75,0.0,1600,0,0.0,40000.000000000815,40000.00000000023,0.5503883361816406,99.875,,0.0,0.0,0.0,0.0,0.0,-0.004200000000000009,0.0,-0.7354250000000064,0.7341250000000006,0.00550000000000006,0.0,0.004199999999997317,0.004200000000000009,40000.0
1461,T50PQT_40000_1,S2B_MSIL2A_20230619T022539_R046_T50PQT_20230619T074224,20,,0.0,0.0,0.0,0.0,0.0,12.1603,0.0,58.63595,3.147025,26.056725,0.0,4000000,0,0.0,40000.000000000815,40000.00000000023,1.6865944862365723,87.8397,,0.0,0.0,0.0,0.0,0.0,0.0,0.0,0.0,0.0,0.0,0.0,0.0,0.0,40000.0
1467,T50PQT_40000_1,S2B_MSIL2A_20230619T022539_R046_T50PQT_20230619T074224,50,,0.0,0.0,0.0,0.0,0.0,12.1503125,0.0,58.66375,3.14578125,26.04015625,0.0,640000,0,0.0,40000.000000000815,40000.00000000023,0.5862646102905273,87.8496875,,0.0,0.0,0.0,0.0,0.0,-0.009987499999999372,0.0,0.02779999999999916,-0.001243749999999988,-0.01656875000000113,0.0,0.009987500000008254,0.009987500000008254,40000.0
1473,T50PQT_40000_1,S2B_MSIL2A_20230619T022539_R046_T50PQT_20230619T074224,100,,0.0,0.0,0.0,0.0,0.0,12.1475,0.0,58.675625,3.15375,26.023125,0.0,160000,0,0.0,40000.000000000815,40000.00000000023,0.5226342678070068,87.85249999999999,,0.0,0.0,0.0,0.0,0.0,-0.01279999999999859,0.0,0.039674999999995464,0.00672499999999987,-0.03359999999999985,0.0,0.01279999999999859,0.01279999999999859,40000.0
1479,T50PQT_40000_1,S2B_MSIL2A_20230619T022539_R046_T50PQT_20230619T074224,200,,0.0,0.0,0.0,0.0,0.0,11.855,0.0,58.9425,3.205,25.9975,0.0,40000,0,0.0,40000.000000000815,40000.00000000023,0.6303079128265381,88.145,,0.0,0.0,0.0,0.0,0.0,-0.305299999999999,0.0,0.30655000000000143,0.05797499999999989,-0.059225000000001415,0.0,0.30530000000000257,0.30530000000000257,40000.0
1485,T50PQT_40000_1,S2B_MSIL2A_20230619T022539_R046_T50PQT_20230619T074224,500,,0.0,0.0,0.0,0.0,0.0,11.703125,0.0,59.109375,3.234375,25.953125,0.0,6400,0,0.0,40000.000000000815,40000.00000000023,0.5552675724029541,88.296875,,0.0,0.0,0.0,0.0,0.0,-0.45717499999999944,0.0,0.4734249999999989,0.08734999999999982,-0.10360000000000014,0.0,0.45717500000000655,0.45717500000000655,40000.0
1491,T50PQT_40000_1,S2B_MSIL2A_20230619T022539_R046_T50PQT_20230619T074224,1000,,0.0,0.0,0.0,0.0,0.0,10.625,0.0,61.0,3.0625,25.3125,0.0,1600,0,0.0,40000.000000000815,40000.00000000023,0.5503883361816406,89.375,,0.0,0.0,0.0,0.0,0.0,-1.5352999999999994,0.0,2.364049999999999,-0.08452500000000018,-0.7442250000000001,0.0,1.5353000000000065,1.5353000000000065,40000.0
1463,T50PQT_40000_1,S2B_MSIL2A_20230629T022539_R046_T50PQT_20230629T115903,20,,0.0,0.0,0.0,0.0,0.0,0.0,0.0,41.344025,48.237475,10.4185,0.0,4000000,0,0.0,40000.000000000815,40000.00000000023,1.6865944862365723,100.0,,0.0,0.0,0.0,0.0,0.0,0.0,0.0,0.0,0.0,0.0,0.0,0.0,0.0,40000.0
1469,T50PQT_40000_1,S2B_MSIL2A_20230629T022539_R046_T50PQT_20230629T115903,50,,0.0,0.0,0.0,0.0,0.0,0.0,0.0,41.2996875,48.27203125,10.42828125,0.0,640000,0,0.0,40000.000000000815,40000.00000000023,0.5862646102905273,100.0,,0.0,0.0,0.0,0.0,0.0,0.0,0.0,-0.04433750000000458,0.03455624999999429,0.00978124999999963,0.0,0.0,0.0,40000.0
1475,T50PQT_40000_1,S2B_MSIL2A_20230629T022539_R046_T50PQT_20230629T115903,100,,0.0,0.0,0.0,0.0,0.0,0.0,0.0,41.2925,48.270625,10.436875,0.0,160000,0,0.0,40000.000000000815,40000.00000000023,0.5226342678070068,100.0,,0.0,0.0,0.0,0.0,0.0,0.0,0.0,-0.05152500000000515,0.033149999999999125,0.018375000000000696,0.0,0.0,0.0,40000.0
1481,T50PQT_40000_1,S2B_MSIL2A_20230629T022539_R046_T50PQT_20230629T115903,200,,0.0,0.0,0.0,0.0,0.0,0.0,0.0,41.3175,48.245,10.4375,0.0,40000,0,0.0,40000.000000000815,40000.00000000023,0.6303079128265381,100.0,,0.0,0.0,0.0,0.0,0.0,0.0,0.0,-0.026524999999999466,0.007524999999994009,0.019000000000000128,0.0,0.0,0.0,40000.0
1487,T50PQT_40000_1,S2B_MSIL2A_20230629T022539_R046_T50PQT_20230629T115903,500,,0.0,0.0,0.0,0.0,0.0,0.0,0.0,41.375,48.09375,10.53125,0.0,6400,0,0.0,40000.000000000815,40000.00000000023,0.5552675724029541,100.0,,0.0,0.0,0.0,0.0,0.0,0.0,0.0,0.030974999999997976,-0.14372500000000343,0.11275000000000013,0.0,0.0,0.0,40000.0
1493,T50PQT_40000_1,S2B_MSIL2A_20230629T022539_R046_T50PQT_20230629T115903,1000,,0.0,0.0,0.0,0.0,0.0,0.0,0.0,41.0,48.25,10.75,0.0,1600,0,0.0,40000.000000000815,40000.00000000023,0.5503883361816406,100.0,,0.0,0.0,0.0,0.0,0.0,0.0,0.0,-0.344025000000002,0.012524999999996567,0.33150000000000013,0.0,0.0,0.0,40000.0
1494,T50PQT_40000_3,S2A_MSIL2A_20230601T021611_R003_T50PQT_20230601T103139,20,,0.0,0.00055,0.0,0.0,0.0,0.0,0.0,99.99935,0.0001,0.0,0.0,4000000,0,0.0,40000.00000000058,40000.0000000007,2.1084861755371094,99.99945000000001,,0.0,0.0,0.0,0.0,0.0,0.0,0.0,0.0,0.0,0.0,0.0,0.0,0.0,40000.0
1501,T50PQT_40000_3,S2A_MSIL2A_20230601T021611_R003_T50PQT_20230601T103139,50,,0.0,0.000625,0.0,0.0,0.0,0.0,0.0,99.999375,0.0,0.0,0.0,640000,0,0.0,40000.00000000058,40000.0000000007,1.0394346714019775,99.999375,,0.0,7.499999999999998e-05,0.0,0.0,0.0,0.0,0.0,2.4999999993724487e-05,-0.0001,0.0,0.0,-7.500000000959517e-05,7.500000000959517e-05,40000.0
1508,T50PQT_40000_3,S2A_MSIL2A_20230601T021611_R003_T50PQT_20230601T103139,100,,0.0,0.000625,0.0,0.0,0.0,0.0,0.0,99.999375,0.0,0.0,0.0,160000,0,0.0,40000.00000000058,40000.0000000007,1.132613182067871,99.999375,,0.0,7.499999999999998e-05,0.0,0.0,0.0,0.0,0.0,2.4999999993724487e-05,-0.0001,0.0,0.0,-7.500000000959517e-05,7.500000000959517e-05,40000.0
1515,T50PQT_40000_3,S2A_MSIL2A_20230601T021611_R003_T50PQT_20230601T103139,200,,0.0,0.0,0.0,0.0,0.0,0.0,0.0,100.0,0.0,0.0,0.0,40000,0,0.0,40000.00000000058,40000.0000000007,0.9881637096405029,100.0,,0.0,-0.00055,0.0,0.0,0.0,0.0,0.0,0.000649999999993156,-0.0001,0.0,0.0,0.0005499999999898364,0.00055,40000.0
1522,T50PQT_40000_3,S2A_MSIL2A_20230601T021611_R003_T50PQT_20230601T103139,500,,0.0,0.0,0.0,0.0,0.0,0.0,0.0,100.0,0.0,0.0,0.0,6400,0,0.0,40000.00000000058,40000.0000000007,0.9996318817138672,100.0,,0.0,-0.00055,0.0,0.0,0.0,0.0,0.0,0.000649999999993156,-0.0001,0.0,0.0,0.0005499999999898364,0.00055,40000.0
1529,T50PQT_40000_3,S2A_MSIL2A_20230601T021611_R003_T50PQT_20230601T103139,1000,,0.0,0.0,0.0,0.0,0.0,0.0,0.0,100.0,0.0,0.0,0.0,1600,0,0.0,40000.00000000058,40000.0000000007,0.9962546825408936,100.0,,0.0,-0.00055,0.0,0.0,0.0,0.0,0.0,0.000649999999993156,-0.0001,0.0,0.0,0.0005499999999898364,0.00055,40000.0
1496,T50PQT_40000_3,S2A_MSIL2A_20230611T021541_R003_T50PQT_20230611T092421,20,,0.0,2.5e-05,0.1094,0.0896,0.002175,0.312825,0.0058,35.9958,32.88235,30.602025,0.0,4000000,0,0.0,40000.00000000058,40000.0000000007,2.1084861755371094,99.480175,,0.0,0.0,0.0,0.0,0.0,0.0,0.0,0.0,0.0,0.0,0.0,0.0,0.0,40000.0
1503,T50PQT_40000_3,S2A_MSIL2A_20230611T021541_R003_T50PQT_20230611T092421,50,,0.0,0.0,0.109375,0.090625,0.00203125,0.3128125,0.00515625,35.9865625,32.8771875,30.61625,0.0,640000,0,0.0,40000.00000000058,40000.0000000007,1.0394346714019775,99.47999999999999,,0.0,-2.5e-05,-2.4999999999997247e-05,0.0010249999999999981,-0.00014374999999999978,-1.2500000000026379e-05,-0.0006437499999999994,-0.009237500000004673,-0.0051625000000044,0.01422499999999971,0.0,-0.00017500000001291482,0.0010249999999999981,40000.0
1510,T50PQT_40000_3,S2A_MSIL2A_20230611T021541_R003_T50PQT_20230611T092421,100,,0.0,0.0,0.11375,0.08875,0.0025,0.31875,0.005,36.00875,32.874375,30.588125,0.0,160000,0,0.0,40000.00000000058,40000.0000000007,1.132613182067871,99.47125000000001,,0.0,-2.5e-05,0.004350000000000007,-0.0008500000000000035,0.0003250000000000002,0.005924999999999958,-0.0007999999999999995,0.012949999999996464,-0.007975000000001842,-0.01389999999999958,0.0,-0.008924999999990746,0.008924999999990746,40000.0
1517,T50PQT_40000_3,S2A_MSIL2A_20230611T021541_R003_T50PQT_20230611T092421,200,,0.0,0.0,0.105,0.09,0.005,0.3,0.005,36.09,32.545,30.86,0.0,40000,0,0.0,40000.00000000058,40000.0000000007,0.9881637096405029,99.495,,0.0,-2.5e-05,-0.004400000000000001,0.0003999999999999976,0.0028250000000000003,-0.01282500000000003,-0.0007999999999999995,0.09420000000000073,-0.3373500000000007,0.2579749999999983,0.0,0.014825000000001864,0.014825000000001864,40000.0
1524,T50PQT_40000_3,S2A_MSIL2A_20230611T021541_R003_T50PQT_20230611T092421,500,,0.0,0.0,0.109375,0.09375,0.0,0.296875,0.0,35.953125,32.53125,31.015625,0.0,6400,0,0.0,40000.00000000058,40000.0000000007,0.9996318817138672,99.5,,0.0,-2.5e-05,-2.4999999999997247e-05,0.004150000000000001,-0.002175,-0.01595000000000002,-0.0058,-0.04267500000000268,-0.3511000000000024,0.41359999999999886,0.0,0.019824999999997317,0.019824999999997317,40000.0
1531,T50PQT_40000_3,S2A_MSIL2A_20230611T021541_R003_T50PQT_20230611T092421,1000,,0.0,0.0,0.125,0.0,0.0,0.3125,0.0625,37.4375,31.3125,30.75,0.0,1600,0,0.0,40000.00000000058,40000.0000000007,0.9962546825408936,99.5,,0.0,-2.5e-05,0.015600000000000003,-0.0896,-0.002175,-0.0003250000000000197,0.0567,1.4416999999999973,-1.5698500000000024,0.14797499999999886,0.0,0.019824999999997317,0.0896,40000.0
1498,T50PQT_40000_3,S2A_MSIL2A_20230621T021541_R003_T50PQT_20230621T085836,20,,0.0,0.03045,7.181275,2.8496,0.10815,21.95725,0.100325,34.090275,28.08855,5.594125,0.0,4000000,0,0.0,40000.00000000058,40000.0000000007,2.1084861755371094,67.77295000000001,,0.0,0.0,0.0,0.0,0.0,0.0,0.0,0.0,0.0,0.0,0.0,0.0,0.0,40000.0
1505,T50PQT_40000_3,S2A_MSIL2A_20230621T021541_R003_T50PQT_20230621T085836,50,,0.0,0.02953125,7.17578125,2.8509375,0.10828125,21.9334375,0.1009375,34.110625,28.10671875,5.58375,0.0,640000,0,0.0,40000.00000000058,40000.0000000007,1.0394346714019775,67.80109374999999,,0.0,-0.0009187500000000029,-0.005493750000000297,0.0013374999999999915,0.00013124999999999942,-0.023812499999998238,0.0006125000000000019,0.020350000000000534,0.018168749999997402,-0.010374999999999801,0.0,0.028143749999983925,0.028143749999983925,40000.0
1512,T50PQT_40000_3,S2A_MSIL2A_20230621T021541_R003_T50PQT_20230621T085836,100,,0.0,0.030625,7.19125,2.841875,0.1175,21.928125,0.1025,34.0775,28.12,5.590625,0.0,160000,0,0.0,40000.00000000058,40000.0000000007,1.132613182067871,67.78812500000001,,0.0,0.00017499999999999807,0.009974999999999845,-0.007725000000000204,0.009349999999999997,-0.02912499999999696,0.0021749999999999964,-0.01277499999999776,0.031449999999999534,-0.0034999999999998366,0.0,0.015174999999999272,0.02912499999999696,40000.0
1519,T50PQT_40000_3,S2A_MSIL2A_20230621T021541_R003_T50PQT_20230621T085836,200,,0.0,0.025,7.135,2.8425,0.0925,21.635,0.1,34.3725,28.195,5.6025,0.0,40000,0,0.0,40000.00000000058,40000.0000000007,0.9881637096405029,68.17,,0.0,-0.00545,-0.04627500000000051,-0.007100000000000328,-0.015649999999999997,-0.3222499999999968,-0.00032499999999999196,0.28222500000000394,0.10644999999999882,0.008375000000000021,0.0,0.397049999999993,0.397049999999993,40000.0
1526,T50PQT_40000_3,S2A_MSIL2A_20230621T021541_R003_T50PQT_20230621T085836,500,,0.0,0.03125,7.34375,2.984375,0.125,21.46875,0.09375,34.140625,28.234375,5.578125,0.0,6400,0,0.0,40000.00000000058,40000.0000000007,0.9996318817138672,67.953125,,0.0,0.0007999999999999986,0.1624749999999997,0.13477499999999987,0.016850000000000004,-0.4884999999999984,-0.0065749999999999975,0.05035000000000167,0.14582499999999854,-0.016000000000000014,0.0,0.18017499999999131,0.4884999999999984,40000.0
1533,T50PQT_40000_3,S2A_MSIL2A_20230621T021541_R003_T50PQT_20230621T085836,1000,,0.0,0.0,7.0,2.9375,0.125,20.3125,0.0625,36.25,28.0625,5.25,0.0,1600,0,0.0,40000.00000000058,40000.0000000007,0.9962546825408936,69.5625,,0.0,-0.03045,-0.1812750000000003,0.08789999999999987,0.016850000000000004,-1.6447499999999984,-0.037825,2.1597250000000017,-0.02605000000000146,-0.344125,0.0,1.7895499999999913,1.7895499999999913,40000.0
1500,T50PQT_40000_3,S2A_MSIL2A_20230701T021541_R003_T50PQT_20230701T082624,20,,0.0,0.032475,2.6092,24.132725,0.55665,24.8386,0.2096,19.093875,5.722325,22.80455,0.0,4000000,0,0.0,40000.00000000058,40000.0000000007,2.1084861755371094,47.62075,,0.0,0.0,0.0,0.0,0.0,0.0,0.0,0.0,0.0,0.0,0.0,0.0,0.0,40000.0
1507,T50PQT_40000_3,S2A_MSIL2A_20230701T021541_R003_T50PQT_20230701T082624,50,,0.0,0.03109375,2.60515625,24.15171875,0.54515625,24.86859375,0.2134375,19.0378125,5.7396875,22.80734375,0.0,640000,0,0.0,40000.00000000058,40000.0000000007,1.0394346714019775,47.584843750000005,,0.0,-0.001381249999999997,-0.004043750000000124,0.01899374999999992,-0.01149374999999997,0.029993749999999153,0.0038374999999999937,-0.05606249999999946,0.017362499999999947,0.0027937500000021487,0.0,-0.035906249999996476,0.035906249999996476,40000.0
1514,T50PQT_40000_3,S2A_MSIL2A_20230701T021541_R003_T50PQT_20230701T082624,100,,0.0,0.03,2.589375,24.138125,0.570625,24.864375,0.20125,19.06875,5.715,22.8225,0.0,160000,0,0.0,40000.00000000058,40000.0000000007,1.132613182067871,47.60625,,0.0,-0.002474999999999998,-0.01982499999999998,0.005399999999998073,0.01397500000000007,0.025774999999999437,-0.008349999999999996,-0.025124999999999176,-0.007324999999999804,0.017950000000002575,0.0,-0.014499999999998181,0.025774999999999437,40000.0
1521,T50PQT_40000_3,S2A_MSIL2A_20230701T021541_R003_T50PQT_20230701T082624,200,,0.0,0.02,2.58,24.19,0.59,25.01,0.185,18.7825,5.7325,22.91,0.0,40000,0,0.0,40000.00000000058,40000.0000000007,0.9881637096405029,47.425,,0.0,-0.012474999999999997,-0.029199999999999893,0.05727500000000063,0.03334999999999999,0.171400000000002,-0.02460000000000001,-0.31137500000000173,0.010175000000000267,0.10545000000000115,0.0,-0.19575000000000387,0.19575000000000387,40000.0
1528,T50PQT_40000_3,S2A_MSIL2A_20230701T021541_R003_T50PQT_20230701T082624,500,,0.0,0.046875,2.5625,24.34375,0.53125,24.984375,0.265625,18.609375,5.75,22.90625,0.0,6400,0,0.0,40000.00000000058,40000.0000000007,0.9996318817138672,47.265625,,0.0,0.014400000000000003,-0.046699999999999964,0.21102499999999935,-0.025399999999999978,0.14577500000000043,0.05602499999999999,-0.4845000000000006,0.027675000000000338,0.10170000000000101,0.0,-0.355125000000001,0.355125000000001,40000.0
1535,T50PQT_40000_3,S2A_MSIL2A_20230701T021541_R003_T50PQT_20230701T082624,1000,,0.0,0.0,2.8125,24.875,0.625,25.25,0.3125,16.8125,5.9375,23.375,0.0,1600,0,0.0,40000.00000000058,40000.0000000007,0.9962546825408936,46.125,,0.0,-0.032475,0.20330000000000004,0.7422749999999994,0.06835000000000002,0.41140000000000043,0.10289999999999999,-2.2813750000000006,0.21517500000000034,0.570450000000001,0.0,-1.495750000000001,1.495750000000001,40000.0
1495,T50PQT_40000_3,S2B_MSIL2A_20230606T021539_R003_T50PQT_20230606T073506,20,,0.0,0.013175,1.816125,15.32455,0.305575,16.839475,0.215825,18.747425,9.965125,36.772725,0.0,4000000,0,0.0,40000.00000000058,40000.0000000007,2.1084861755371094,65.485275,,0.0,0.0,0.0,0.0,0.0,0.0,0.0,0.0,0.0,0.0,0.0,0.0,0.0,40000.0
1502,T50PQT_40000_3,S2B_MSIL2A_20230606T021539_R003_T50PQT_20230606T073506,50,,0.0,0.01328125,1.81421875,15.3365625,0.3015625,16.86953125,0.210625,18.733125,9.97375,36.74734375,0.0,640000,0,0.0,40000.00000000058,40000.0000000007,1.0394346714019775,65.45421875,,0.0,0.00010625000000000044,-0.0019062499999999982,0.012012499999999093,-0.004012499999999974,0.030056250000001228,-0.005199999999999982,-0.014299999999998647,0.008625000000000327,-0.025381250000002353,0.0,-0.031056250000006003,0.031056250000006003,40000.0
1509,T50PQT_40000_3,S2B_MSIL2A_20230606T021539_R003_T50PQT_20230606T073506,100,,0.0,0.015625,1.825,15.335,0.315,16.890625,0.21875,18.738125,9.965,36.696875,0.0,160000,0,0.0,40000.00000000058,40000.0000000007,1.132613182067871,65.4,,0.0,0.002450000000000001,0.008874999999999966,0.010450000000000514,0.009425000000000017,0.05114999999999981,0.002925000000000011,-0.009299999999999642,-0.00012500000000059686,-0.07585000000000264,0.0,-0.08527499999999577,0.08527499999999577,40000.0
1516,T50PQT_40000_3,S2B_MSIL2A_20230606T021539_R003_T50PQT_20230606T073506,200,,0.0,0.015,1.77,15.4425,0.2675,16.945,0.21,18.58,9.985,36.785,0.0,40000,0,0.0,40000.00000000058,40000.0000000007,0.9881637096405029,65.35,,0.0,0.0018250000000000002,-0.04612499999999997,0.11795000000000044,-0.03807499999999997,0.10552500000000009,-0.005824999999999997,-0.1674250000000015,0.019874999999998977,0.012274999999995373,0.0,-0.13527500000000714,0.13527500000000714,40000.0
1523,T50PQT_40000_3,S2B_MSIL2A_20230606T021539_R003_T50PQT_20230606T073506,500,,0.0,0.03125,1.953125,15.453125,0.21875,17.296875,0.21875,18.0,10.25,36.578125,0.0,6400,0,0.0,40000.00000000058,40000.0000000007,0.9996318817138672,64.828125,,0.0,0.018075,0.137,0.12857499999999966,-0.08682499999999999,0.4573999999999998,0.002925000000000011,-0.7474249999999998,0.28487499999999955,-0.19460000000000122,0.0,-0.6571500000000015,0.6571500000000015,40000.0
1530,T50PQT_40000_3,S2B_MSIL2A_20230606T021539_R003_T50PQT_20230606T073506,1000,,0.0,0.0,1.0625,16.0625,0.0625,17.875,0.125,18.125,9.5,37.1875,0.0,1600,0,0.0,40000.00000000058,40000.0000000007,0.9962546825408936,64.8125,,0.0,-0.013175,-0.753625,0.7379499999999997,-0.24307499999999999,1.0355249999999998,-0.09082499999999999,-0.6224249999999998,-0.46512500000000045,0.4147749999999988,0.0,-0.6727750000000015,1.0355249999999998,40000.0
1497,T50PQT_40000_3,S2B_MSIL2A_20230616T021539_R003_T50PQT_20230616T083239,20,,0.0,0.0,0.015475,0.0,0.00045,0.000125,0.0,12.4807,18.4502,69.05305,0.0,4000000,0,0.0,40000.00000000058,40000.0000000007,2.1084861755371094,99.98395,,0.0,0.0,0.0,0.0,0.0,0.0,0.0,0.0,0.0,0.0,0.0,0.0,0.0,40000.0
1504,T50PQT_40000_3,S2B_MSIL2A_20230616T021539_R003_T50PQT_20230616T083239,50,,0.0,0.0,0.015625,0.0,0.00015625,0.0,0.0,12.46921875,18.45484375,69.06015625,0.0,640000,0,0.0,40000.00000000058,40000.0000000007,1.0394346714019775,99.98421875,,0.0,0.0,0.00015000000000000083,0.0,-0.00029374999999999996,-0.000125,0.0,-0.011481250000000998,0.0046437499999996135,0.007106250000006753,0.0,0.0002687500000035925,0.00029374999999999996,40000.0
1511,T50PQT_40000_3,S2B_MSIL2A_20230616T021539_R003_T50PQT_20230616T083239,100,,0.0,0.0,0.015625,0.0,0.000625,0.0,0.0,12.458125,18.445,69.080625,0.0,160000,0,0.0,40000.00000000058,40000.0000000007,1.132613182067871,99.98375,,0.0,0.0,0.00015000000000000083,0.0,0.00017500000000000003,-0.000125,0.0,-0.02257499999999979,-0.005199999999998539,0.027574999999998795,0.0,-0.00019999999999242846,0.00019999999999242846,40000.0
1518,T50PQT_40000_3,S2B_MSIL2A_20230616T021539_R003_T50PQT_20230616T083239,200,,0.0,0.0,0.0125,0.0,0.0,0.0,0.0,12.52,18.48,68.9875,0.0,40000,0,0.0,40000.00000000058,40000.0000000007,0.9881637096405029,99.9875,,0.0,0.0,-0.0029749999999999985,0.0,-0.00045,-0.000125,0.0,0.039299999999999,0.029800000000001603,-0.06555000000000177,0.0,0.003550000000004161,0.003550000000004161,40000.0
1525,T50PQT_40000_3,S2B_MSIL2A_20230616T021539_R003_T50PQT_20230616T083239,500,,0.0,0.0,0.03125,0.0,0.0,0.0,0.0,12.53125,18.390625,69.046875,0.0,6400,0,0.0,40000.00000000058,40000.0000000007,0.9996318817138672,99.96875,,0.0,0.0,0.015775,0.0,-0.00045,-0.000125,0.0,0.05054999999999943,-0.05957499999999882,-0.006174999999998931,0.0,-0.015199999999992997,0.015775,40000.0
1532,T50PQT_40000_3,S2B_MSIL2A_20230616T021539_R003_T50PQT_20230616T083239,1000,,0.0,0.0,0.0,0.0,0.0,0.0,0.0,12.5,18.3125,69.1875,0.0,1600,0,0.0,40000.00000000058,40000.0000000007,0.9962546825408936,100.0,,0.0,0.0,-0.015475,0.0,-0.00045,-0.000125,0.0,0.01929999999999943,-0.13769999999999882,0.13445000000000107,0.0,0.016050000000007003,0.016050000000007003,40000.0
1499,T50PQT_40000_3,S2B_MSIL2A_20230626T021539_R003_T50PQT_20230626T074054,20,,0.0,0.0,0.48905,0.010875,0.0006,0.233725,0.002275,52.57125,32.495325,14.1969,0.0,4000000,0,0.0,40000.00000000058,40000.0000000007,2.1084861755371094,99.263475,,0.0,0.0,0.0,0.0,0.0,0.0,0.0,0.0,0.0,0.0,0.0,0.0,0.0,40000.0
1506,T50PQT_40000_3,S2B_MSIL2A_20230626T021539_R003_T50PQT_20230626T074054,50,,0.0,0.0,0.489375,0.01109375,0.0003125,0.23390625,0.0021875,52.57828125,32.49546875,14.189375,0.0,640000,0,0.0,40000.00000000058,40000.0000000007,1.0394346714019775,99.263125,,0.0,0.0,0.0003250000000000197,0.0002187500000000002,-0.00028749999999999994,0.00018125000000002167,-8.74999999999999e-05,0.007031250000004263,0.00014374999999944293,-0.007524999999999338,0.0,-0.00034999999999740794,0.00034999999999740794,40000.0
1513,T50PQT_40000_3,S2B_MSIL2A_20230626T021539_R003_T50PQT_20230626T074054,100,,0.0,0.0,0.49125,0.010625,0.000625,0.235625,0.001875,52.590625,32.48375,14.185625,0.0,160000,0,0.0,40000.00000000058,40000.0000000007,1.132613182067871,99.26,,0.0,0.0,0.0022000000000000353,-0.0002499999999999985,2.5000000000000066e-05,0.0019000000000000128,-0.0004000000000000002,0.019375000000003695,-0.011575000000000557,-0.01127499999999948,0.0,-0.0034749999999945658,0.0034749999999945658,40000.0
1520,T50PQT_40000_3,S2B_MSIL2A_20230626T021539_R003_T50PQT_20230626T074054,200,,0.0,0.0,0.4825,0.02,0.0,0.2475,0.0025,52.4975,32.47,14.28,0.0,40000,0,0.0,40000.00000000058,40000.0000000007,0.9881637096405029,99.2475,,0.0,0.0,-0.00655,0.009125000000000001,-0.0006,0.01377500000000001,0.00022499999999999994,-0.07374999999999687,-0.025325000000002262,0.08309999999999995,0.0,-0.015974999999997408,0.015974999999997408,40000.0
1527,T50PQT_40000_3,S2B_MSIL2A_20230626T021539_R003_T50PQT_20230626T074054,500,,0.0,0.0,0.53125,0.03125,0.0,0.234375,0.0,52.421875,32.546875,14.234375,0.0,6400,0,0.0,40000.00000000058,40000.0000000007,0.9996318817138672,99.203125,,0.0,0.0,0.042200000000000015,0.020375,-0.0006,0.0006500000000000117,-0.002275,-0.14937499999999915,0.051549999999998875,0.03747500000000059,0.0,-0.06034999999999968,0.06034999999999968,40000.0
1534,T50PQT_40000_3,S2B_MSIL2A_20230626T021539_R003_T50PQT_20230626T074054,1000,,0.0,0.0,0.5,0.125,0.0,0.25,0.0,52.0,32.375,14.75,0.0,1600,0,0.0,40000.00000000058,40000.0000000007,0.9962546825408936,99.125,,0.0,0.0,0.010950000000000015,0.114125,-0.0006,0.01627500000000001,-0.002275,-0.5712499999999991,-0.12032500000000113,0.5531000000000006,0.0,-0.13847499999999968,0.13847499999999968,40000.0
